DOI,Source,Latitude,Longitude,Province,Pollution_Type,SoilpH,pH,OC_pct,Cd_mgkg,Pb_mgkg,As_mgkg,Cr_mgkg,Hg_mgkg,Cu_mgkg,Zn_mgkg,Ni_mgkg,Sum_PAH_ngg,BaP_ngg,SumOCP_ngg,SumDDTs_ngg,SumPCB_ngg,SumHCHs_ngg,SumPAE_ugkg,SumPBDE_ngg,SumPFAS_ngg,TPH_ngg,HMWPAH_ngg,LMWPAH_ngg,标签_生产,标签_生态,标签,id_DOI,id_Source,split_source,is_synthetic
10.3390/toxics14010049,Pollution and Health Risk Evaluation at an Abandoned Industrial Site in China,,,河南,HM+OP,6.5,,,0.19,14.03,11.11,,0.052,26.92,71.19,44.33,475000.0,4000.0,,,,,,,,,,,1,1,1,10.3390/toxics14010049,Pollution and Health Risk Evaluation at an Abandoned Industrial Site in China,real_model_ready,False
10.1016/j.scitotenv.2019.05.291,Spatial assessment of farmland soil pollution and its potential human health risks in China,,,,HM+OP,,,,0.55,39.27,,68.45,,33.77,97.01,,390.0,30.0,,50.0,,20.0,,,,,,,1,0,1,10.1016/j.scitotenv.2019.05.291,Spatial assessment of farmland soil pollution and its potential human health risks in China,real_model_ready,False
10.1038/s41598-017-02999-0,SI_sheet:Sheet1,,,,HM+OP,,,27.20761775970459,,,,,,,,,,3.531153834366086,,,,,,,,,,,0,0,0,10.1038/s41598-017-02999-0,SI_sheet:Sheet1,real_model_ready,False
10.1038/s41598-017-02999-0,SI_sheet:Sheet1,24.502605555555554,100.99224166666669,,HM+OP,,,6.873751401901245,,,,,,,,,,0.6180403909377244,,,,,,,,,,,0,0,0,10.1038/s41598-017-02999-0,SI_sheet:Sheet1,real_model_ready,False
10.1038/s41598-017-02999-0,SI_sheet:Sheet1,,,,HM+OP,,,18.785144805908203,,,,,,,,,,3.1167842463006012,,,,,,,,,,,0,0,0,10.1038/s41598-017-02999-0,SI_sheet:Sheet1,real_model_ready,False
10.1038/s41598-017-02999-0,SI_sheet:Sheet1,,,,HM+OP,,,24.018115043640137,,,,,,,,,,20.208920270034863,,,,,,,,,,,0,0,0,10.1038/s41598-017-02999-0,SI_sheet:Sheet1,real_model_ready,False
10.1038/s41598-017-02999-0,SI_sheet:Sheet1,,,,HM+OP,,,33.11628532409668,,,,,,,,,,10.013447656088331,,,,,,,,,,,0,0,0,10.1038/s41598-017-02999-0,SI_sheet:Sheet1,real_model_ready,False
10.1038/s41598-017-02999-0,SI_sheet:Sheet1,,,,HM+OP,,,23.530420303344727,,,,,,,,,,22.138049208192857,,,,,,,,,,,0,0,0,10.1038/s41598-017-02999-0,SI_sheet:Sheet1,real_model_ready,False
10.1038/s41598-017-02999-0,SI_sheet:Sheet1,,,,HM+OP,,,31.62697410583496,,,,,,,,,,14.522874083077957,,,,,,,,,,,0,0,0,10.1038/s41598-017-02999-0,SI_sheet:Sheet1,real_model_ready,False
10.1038/s41598-017-02999-0,SI_sheet:Sheet1,40.828388888888895,117.60952777777776,,HM+OP,,,11.590449810028076,,,,,,,,,,0.1338027618948792,,,,,,,,,,,0,0,0,10.1038/s41598-017-02999-0,SI_sheet:Sheet1,real_model_ready,False
10.1038/s41598-017-02999-0,SI_sheet:Sheet1,,,,HM+OP,,,41.886587142944336,,,,,,,,,,10.002157423709711,,,,,,,,,,,0,0,0,10.1038/s41598-017-02999-0,SI_sheet:Sheet1,real_model_ready,False
10.1038/s41598-017-02999-0,SI_sheet:Sheet1,,,,HM+OP,,,28.08459758758545,,,,,,,,,,14.530892712623473,,,,,,,,,,,0,0,0,10.1038/s41598-017-02999-0,SI_sheet:Sheet1,real_model_ready,False
10.1038/s41598-017-02999-0,SI_sheet:Sheet1,,,,HM+OP,,,17.170090436935425,,,,,,,,,,9.821417963296192,,,,,,,,,,,0,0,0,10.1038/s41598-017-02999-0,SI_sheet:Sheet1,real_model_ready,False
10.1038/s41598-017-02999-0,SI_sheet:Sheet1,,,,HM+OP,,,27.96712875366211,,,,,,,,,,19.986682840939267,,,,,,,,,,,0,0,0,10.1038/s41598-017-02999-0,SI_sheet:Sheet1,real_model_ready,False
10.1038/s41598-017-02999-0,SI_sheet:Sheet1,,,,HM+OP,,,25.015448570251465,,,,,,,,,,14.231864308480471,,,,,,,,,,,0,0,0,10.1038/s41598-017-02999-0,SI_sheet:Sheet1,real_model_ready,False
10.1038/s41598-017-02999-0,SI_sheet:Sheet1,42.25655555555556,127.88697222222224,,HM+OP,,,12.673405170440674,,,,,,,,,,5.160029544970821,,,,,,,,,,,0,0,0,10.1038/s41598-017-02999-0,SI_sheet:Sheet1,real_model_ready,False
10.1038/s41598-017-02999-0,SI_sheet:Sheet1,,,,HM+OP,,,28.97359848022461,,,,,,,,,,9.452790925109596,,,,,,,,,,,0,0,0,10.1038/s41598-017-02999-0,SI_sheet:Sheet1,real_model_ready,False
10.1038/s41598-017-02999-0,SI_sheet:Sheet1,,,,HM+OP,,,7.400262117385864,,,,,,,,,,3.012258714162619,,,,,,,,,,,0,0,0,10.1038/s41598-017-02999-0,SI_sheet:Sheet1,real_model_ready,False
10.1038/s41598-017-02999-0,SI_sheet:Sheet1,31.085483333333332,115.77723333333331,,HM+OP,,,3.571417450904846,,,,,,,,,,1.2532430864500017,,,,,,,,,,,0,0,0,10.1038/s41598-017-02999-0,SI_sheet:Sheet1,real_model_ready,False
10.1038/s41598-017-02999-0,SI_sheet:Sheet1,,,,HM+OP,,,4.343012094497681,,,,,,,,,,1.065255971317178,,,,,,,,,,,0,0,0,10.1038/s41598-017-02999-0,SI_sheet:Sheet1,real_model_ready,False
10.1038/s41598-017-02999-0,SI_sheet:Sheet1,,,,HM+OP,,,6.948652744293213,,,,,,,,,,1.7251748869944437,,,,,,,,,,,0,0,0,10.1038/s41598-017-02999-0,SI_sheet:Sheet1,real_model_ready,False
10.1038/s41598-017-02999-0,SI_sheet:Sheet1,23.177246666666665,112.52394166666669,,HM+OP,,,3.222737669944763,,,,,,,,,,0.8507005850329198,,,,,,,,,,,0,0,0,10.1038/s41598-017-02999-0,SI_sheet:Sheet1,real_model_ready,False
10.1038/s41598-017-02999-0,SI_sheet:Sheet1,,,,HM+OP,,,6.31030011177063,,,,,,,,,,2.0467740354374904,,,,,,,,,,,0,0,0,10.1038/s41598-017-02999-0,SI_sheet:Sheet1,real_model_ready,False
10.1038/s41598-017-02999-0,SI_sheet:Sheet1,,,,HM+OP,,,37.28255653381348,,,,,,,,,,3.293994922831331,,,,,,,,,,,0,0,0,10.1038/s41598-017-02999-0,SI_sheet:Sheet1,real_model_ready,False
10.1038/s41598-017-02999-0,SI_sheet:Sheet1,,,,HM+OP,,,32.6507625579834,,,,,,,,,,1.820342740213326,,,,,,,,,,,0,0,0,10.1038/s41598-017-02999-0,SI_sheet:Sheet1,real_model_ready,False
10.1038/s41598-017-02999-0,SI_sheet:Sheet1,25.649413888888887,118.22413888888887,,HM+OP,,,11.584070682525637,,,,,,,,,,1.6867896933127964,,,,,,,,,,,0,0,0,10.1038/s41598-017-02999-0,SI_sheet:Sheet1,real_model_ready,False
10.1038/s41598-017-02999-0,SI_sheet:Sheet1,,,,HM+OP,,,42.117393493652344,,,,,,,,,,0.9369670340750188,,,,,,,,,,,0,0,0,10.1038/s41598-017-02999-0,SI_sheet:Sheet1,real_model_ready,False
10.1038/s41598-017-02999-0,SI_sheet:Sheet1,,,,HM+OP,,,39.30778694152832,,,,,,,,,,5.01187764690814,,,,,,,,,,,0,0,0,10.1038/s41598-017-02999-0,SI_sheet:Sheet1,real_model_ready,False
10.1038/s41598-017-02999-0,SI_sheet:Sheet1,27.895516666666666,108.71501944444444,,HM+OP,,,24.700450897216797,,,,,,,,,,12.609474333053225,,,,,,,,,,,0,0,0,10.1038/s41598-017-02999-0,SI_sheet:Sheet1,real_model_ready,False
10.1038/s41598-017-02999-0,SI_sheet:Sheet1,,,,HM+OP,,,42.79267692565918,,,,,,,,,,22.534553096400497,,,,,,,,,,,0,0,0,10.1038/s41598-017-02999-0,SI_sheet:Sheet1,real_model_ready,False
10.1038/s41598-017-02999-0,SI_sheet:Sheet1,,,,HM+OP,,,28.09895420074463,,,,,,,,,,24.364772668641148,,,,,,,,,,,0,0,0,10.1038/s41598-017-02999-0,SI_sheet:Sheet1,real_model_ready,False
10.1038/s41598-017-02999-0,SI_sheet:Sheet1,,,,HM+OP,,,33.11587333679199,,,,,,,,,,9.552270633439663,,,,,,,,,,,0,0,0,10.1038/s41598-017-02999-0,SI_sheet:Sheet1,real_model_ready,False
10.1038/s41598-017-02999-0,SI_sheet:Sheet1,,,,HM+OP,,,29.57033348083496,,,,,,,,,,20.87401995799994,,,,,,,,,,,0,0,0,10.1038/s41598-017-02999-0,SI_sheet:Sheet1,real_model_ready,False
10.1038/s41598-017-02999-0,SI_sheet:Sheet1,,,,HM+OP,,,25.277749061584473,,,,,,,,,,3.432563430298033,,,,,,,,,,,0,0,0,10.1038/s41598-017-02999-0,SI_sheet:Sheet1,real_model_ready,False
10.1038/s41598-017-02999-0,SI_sheet:Sheet1,,,,HM+OP,,,30.13501262664795,,,,,,,,,,5.3807076101710285,,,,,,,,,,,0,0,0,10.1038/s41598-017-02999-0,SI_sheet:Sheet1,real_model_ready,False
10.1038/s41598-017-02999-0,SI_sheet:Sheet1,,,,HM+OP,,,25.943413734436035,,,,,,,,,,2.3032667439848953,,,,,,,,,,,0,0,0,10.1038/s41598-017-02999-0,SI_sheet:Sheet1,real_model_ready,False
10.1038/s41598-017-02999-0,SI_sheet:Sheet1,,,,HM+OP,,,9.503305435180664,,,,,,,,,,1.0193631274418995,,,,,,,,,,,0,0,0,10.1038/s41598-017-02999-0,SI_sheet:Sheet1,real_model_ready,False
10.1038/s41598-017-02999-0,SI_sheet:Sheet1,,,,HM+OP,,,31.241416931152344,,,,,,,,,,5.250293739763063,,,,,,,,,,,0,0,0,10.1038/s41598-017-02999-0,SI_sheet:Sheet1,real_model_ready,False
10.1038/s41598-017-02999-0,SI_sheet:Sheet1,44.19725,118.71813888888887,,HM+OP,,,6.335536956787109,,,,,,,,,,0.4595235250414046,,,,,,,,,,,0,0,0,10.1038/s41598-017-02999-0,SI_sheet:Sheet1,real_model_ready,False
10.1038/s41598-017-02999-0,SI_sheet:Sheet1,,,,HM+OP,,,26.676735877990723,,,,,,,,,,3.251531412016213,,,,,,,,,,,0,0,0,10.1038/s41598-017-02999-0,SI_sheet:Sheet1,real_model_ready,False
10.1038/s41598-017-02999-0,SI_sheet:Sheet1,44.26869444444444,118.41411111111113,,HM+OP,,,3.5711525678634644,,,,,,,,,,2.078222916997803,,,,,,,,,,,0,0,0,10.1038/s41598-017-02999-0,SI_sheet:Sheet1,real_model_ready,False
10.1038/s41598-017-02999-0,SI_sheet:Sheet1,,,,HM+OP,,,24.182852745056152,,,,,,,,,,14.909222804188142,,,,,,,,,,,0,0,0,10.1038/s41598-017-02999-0,SI_sheet:Sheet1,real_model_ready,False
10.1038/s41598-017-02999-0,SI_sheet:Sheet1,33.68697222222222,105.68211111111113,,HM+OP,,,17.317130088806152,,,,,,,,,,3.3633786546729016,,,,,,,,,,,0,0,0,10.1038/s41598-017-02999-0,SI_sheet:Sheet1,real_model_ready,False
10.1038/s41598-017-02999-0,SI_sheet:Sheet1,,,,HM+OP,,,36.3618049621582,,,,,,,,,,45.032268081671496,,,,,,,,,,,0,0,0,10.1038/s41598-017-02999-0,SI_sheet:Sheet1,real_model_ready,False
10.1038/s41598-017-02999-0,SI_sheet:Sheet1,,,,HM+OP,,,15.96159553527832,,,,,,,,,,2.438942473972307,,,,,,,,,,,0,0,0,10.1038/s41598-017-02999-0,SI_sheet:Sheet1,real_model_ready,False
10.1038/s41598-017-02999-0,SI_sheet:Sheet1,26.577491666666667,114.14164722222225,,HM+OP,,,8.379902362823486,,,,,,,,,,1.6942218585213251,,,,,,,,,,,0,0,0,10.1038/s41598-017-02999-0,SI_sheet:Sheet1,real_model_ready,False
10.1038/s41598-017-02999-0,SI_sheet:Sheet1,,,,HM+OP,,,21.141716815531257,,,,,,,,,,1.9363765255902128,,,,,,,,,,,0,0,0,10.1038/s41598-017-02999-0,SI_sheet:Sheet1,real_model_ready,False
10.1038/s41598-017-02999-0,SI_sheet:Sheet1,,,,HM+OP,,,29.651397705078125,,,,,,,,,,4.34337225490437,,,,,,,,,,,0,0,0,10.1038/s41598-017-02999-0,SI_sheet:Sheet1,real_model_ready,False
10.1038/s41598-017-02999-0,SI_sheet:Sheet1,,,,HM+OP,,,37.17579078674317,,,,,,,,,,6.837929878361897,,,,,,,,,,,0,0,0,10.1038/s41598-017-02999-0,SI_sheet:Sheet1,real_model_ready,False
10.1038/s41598-017-02999-0,SI_sheet:Sheet1,26.370841666666667,108.18102222222224,,HM+OP,,,10.86256504058838,,,,,,,,,,4.388522846171662,,,,,,,,,,,0,0,0,10.1038/s41598-017-02999-0,SI_sheet:Sheet1,real_model_ready,False
10.1038/s41598-017-02999-0,SI_sheet:Sheet1,,,,HM+OP,,,44.610948944091795,,,,,,,,,,5.1920239935910795,,,,,,,,,,,0,0,0,10.1038/s41598-017-02999-0,SI_sheet:Sheet1,real_model_ready,False
10.1038/s41598-017-02999-0,SI_sheet:Sheet1,27.583022222222223,102.39274722222224,,HM+OP,,,17.16531467437744,,,,,,,,,,25.588230851906097,,,,,,,,,,,0,0,0,10.1038/s41598-017-02999-0,SI_sheet:Sheet1,real_model_ready,False
10.1038/s41598-017-02999-0,SI_sheet:Sheet1,,,,HM+OP,,,38.14200973510742,,,,,,,,,,49.32576488118908,,,,,,,,,,,0,0,0,10.1038/s41598-017-02999-0,SI_sheet:Sheet1,real_model_ready,False
10.1038/s41598-017-02999-0,SI_sheet:Sheet1,27.572325,102.36735555555556,,HM+OP,,,43.64612579345703,,,,,,,,,,22.360972331081303,,,,,,,,,,,0,0,0,10.1038/s41598-017-02999-0,SI_sheet:Sheet1,real_model_ready,False
10.1038/s41598-017-02999-0,SI_sheet:Sheet1,,,,HM+OP,,,44.237430572509766,,,,,,,,,,0.5521273042602107,,,,,,,,,,,0,0,0,10.1038/s41598-017-02999-0,SI_sheet:Sheet1,real_model_ready,False
10.1038/s41598-017-02999-0,SI_sheet:Sheet1,,,,HM+OP,,,2.39222800731659,,,,,,,,,,0.4818040371392019,,,,,,,,,,,0,0,0,10.1038/s41598-017-02999-0,SI_sheet:Sheet1,real_model_ready,False
10.1038/s41598-017-02999-0,SI_sheet:Sheet1,,,,HM+OP,,,3.994364857673645,,,,,,,,,,0.848622951081479,,,,,,,,,,,0,0,0,10.1038/s41598-017-02999-0,SI_sheet:Sheet1,real_model_ready,False
10.1038/s41598-017-02999-0,SI_sheet:Sheet1,27.86938888888889,119.18666666666668,,HM+OP,,,5.993229389190674,,,,,,,,,,1.2734822974072515,,,,,,,,,,,0,0,0,10.1038/s41598-017-02999-0,SI_sheet:Sheet1,real_model_ready,False
10.1038/s41598-017-02999-0,SI_sheet:Sheet1,,,,HM+OP,,,5.229257345199585,,,,,,,,,,3.1818882503251413,,,,,,,,,,,0,0,0,10.1038/s41598-017-02999-0,SI_sheet:Sheet1,real_model_ready,False
10.1038/s41598-017-02999-0,SI_sheet:Sheet1,45.389694444444444,127.68025,,HM+OP,,,16.06713628768921,,,,,,,,,,24.45601708217131,,,,,,,,,,,0,0,0,10.1038/s41598-017-02999-0,SI_sheet:Sheet1,real_model_ready,False
10.1038/s41598-017-02999-0,SI_sheet:Sheet1,,,,HM+OP,,,21.48506259918213,,,,,,,,,,11.579150457374704,,,,,,,,,,,0,0,0,10.1038/s41598-017-02999-0,SI_sheet:Sheet1,real_model_ready,False
10.1038/s41598-017-02999-0,SI_sheet:Sheet1,,,,HM+OP,,,42.578376388549806,,,,,,,,,,1.2046986027178983,,,,,,,,,,,0,0,0,10.1038/s41598-017-02999-0,SI_sheet:Sheet1,real_model_ready,False
10.1038/s41598-017-02999-0,SI_sheet:Sheet1,,,,HM+OP,,,38.70761489868164,,,,,,,,,,1.0672966206416412,,,,,,,,,,,0,0,0,10.1038/s41598-017-02999-0,SI_sheet:Sheet1,real_model_ready,False
10.1038/s41598-017-02999-0,SI_sheet:Sheet1,42.44033333333333,117.51197222222224,,HM+OP,,,10.317627429962158,,,,,,,,,,5.98818559828821,,,,,,,,,,,0,0,0,10.1038/s41598-017-02999-0,SI_sheet:Sheet1,real_model_ready,False
10.1038/s41598-017-02999-0,SI_sheet:Sheet1,,,,HM+OP,,,32.174593925476074,,,,,,,,,,5.782126214173028,,,,,,,,,,,0,0,0,10.1038/s41598-017-02999-0,SI_sheet:Sheet1,real_model_ready,False
10.1038/s41598-017-02999-0,SI_sheet:Sheet1,,,,HM+OP,,,19.61052417755127,,,,,,,,,,18.94776638777021,,,,,,,,,,,0,0,0,10.1038/s41598-017-02999-0,SI_sheet:Sheet1,real_model_ready,False
10.1038/s41598-017-02999-0,SI_sheet:Sheet1,,,,HM+OP,,,24.401999473571777,,,,,,,,,,13.392005841904018,,,,,,,,,,,0,0,0,10.1038/s41598-017-02999-0,SI_sheet:Sheet1,real_model_ready,False
10.1038/s41598-017-02999-0,SI_sheet:Sheet1,31.763716666666667,110.48833333333332,,HM+OP,,,9.27437448501587,,,,,,,,,,1.942456501192653,,,,,,,,,,,0,0,0,10.1038/s41598-017-02999-0,SI_sheet:Sheet1,real_model_ready,False
10.1038/s41598-017-02999-0,SI_sheet:Sheet1,,,,HM+OP,,,37.67722129821777,,,,,,,,,,10.94256354758854,,,,,,,,,,,0,0,0,10.1038/s41598-017-02999-0,SI_sheet:Sheet1,real_model_ready,False
10.1038/s41598-017-02999-0,SI_sheet:Sheet1,,,,HM+OP,,,31.15252113342285,,,,,,,,,,24.256279703944816,,,,,,,,,,,0,0,0,10.1038/s41598-017-02999-0,SI_sheet:Sheet1,real_model_ready,False
10.1038/s41598-017-02999-0,SI_sheet:Sheet1,31.441666666666666,110.2983,,HM+OP,,,14.773986339569092,,,,,,,,,,2.3420629617913855,,,,,,,,,,,0,0,0,10.1038/s41598-017-02999-0,SI_sheet:Sheet1,real_model_ready,False
10.1038/s41598-017-02999-0,SI_sheet:Sheet1,,,,HM+OP,,,34.65235614776611,,,,,,,,,,3.937347563389061,,,,,,,,,,,0,0,0,10.1038/s41598-017-02999-0,SI_sheet:Sheet1,real_model_ready,False
10.1038/s41598-017-02999-0,SI_sheet:Sheet1,21.87996111111111,107.9184027777778,,HM+OP,,,6.9564409255981445,,,,,,,,,,1.395739506838387,,,,,,,,,,,0,0,0,10.1038/s41598-017-02999-0,SI_sheet:Sheet1,real_model_ready,False
10.1038/s41598-017-02999-0,SI_sheet:Sheet1,,,,HM+OP,,,16.144585609436035,,,,,,,,,,4.251878081832356,,,,,,,,,,,0,0,0,10.1038/s41598-017-02999-0,SI_sheet:Sheet1,real_model_ready,False
10.1038/s41598-017-02999-0,SI_sheet:Sheet1,,,,HM+OP,,,40.95779609680176,,,,,,,,,,2.9397856069858017,,,,,,,,,,,0,0,0,10.1038/s41598-017-02999-0,SI_sheet:Sheet1,real_model_ready,False
10.1038/s41598-017-02999-0,SI_sheet:Sheet1,,,,HM+OP,,,15.526678085327148,,,,,,,,,,1.3977624626219405,,,,,,,,,,,0,0,0,10.1038/s41598-017-02999-0,SI_sheet:Sheet1,real_model_ready,False
10.1038/s41598-017-02999-0,SI_sheet:Sheet1,38.73469444444444,105.91241666666669,,HM+OP,,,11.719676971435549,,,,,,,,,,13.227575264653632,,,,,,,,,,,0,0,0,10.1038/s41598-017-02999-0,SI_sheet:Sheet1,real_model_ready,False
10.1038/s41598-017-02999-0,SI_sheet:Sheet1,,,,HM+OP,,,18.46900749206543,,,,,,,,,,11.096771218527063,,,,,,,,,,,0,0,0,10.1038/s41598-017-02999-0,SI_sheet:Sheet1,real_model_ready,False
10.1038/s41598-017-02999-0,SI_sheet:Sheet1,,,,HM+OP,,,12.694390773773192,,,,,,,,,,17.043761355501225,,,,,,,,,,,0,0,0,10.1038/s41598-017-02999-0,SI_sheet:Sheet1,real_model_ready,False
10.1038/s41598-017-02999-0,SI_sheet:Sheet1,,,,HM+OP,,,5.164010286331177,,,,,,,,,,3.404845357161733,,,,,,,,,,,0,0,0,10.1038/s41598-017-02999-0,SI_sheet:Sheet1,real_model_ready,False
10.1038/s41598-017-02999-0,SI_sheet:Sheet1,,,,HM+OP,,,10.051438331604004,,,,,,,,,,3.4757639310030104,,,,,,,,,,,0,0,0,10.1038/s41598-017-02999-0,SI_sheet:Sheet1,real_model_ready,False
10.1038/s41598-017-02999-0,SI_sheet:Sheet1,,,,HM+OP,,,27.41338703632355,,,,,,,,,,4.75949783958391,,,,,,,,,,,0,0,0,10.1038/s41598-017-02999-0,SI_sheet:Sheet1,real_model_ready,False
10.1038/s41598-017-02999-0,SI_sheet:Sheet1,,,,HM+OP,,,19.05,,,,,,,,,,2.32521292007922,,,,,,,,,,,0,0,0,10.1038/s41598-017-02999-0,SI_sheet:Sheet1,real_model_ready,False
10.1038/s41598-017-02999-0,SI_sheet:Sheet1,,,,HM+OP,,,28.023051261901855,,,,,,,,,,19.71793682304887,,,,,,,,,,,0,0,0,10.1038/s41598-017-02999-0,SI_sheet:Sheet1,real_model_ready,False
10.1038/s41598-017-02999-0,SI_sheet:Sheet1,,,,HM+OP,,,30.400588989257812,,,,,,,,,,23.687741379592712,,,,,,,,,,,0,0,0,10.1038/s41598-017-02999-0,SI_sheet:Sheet1,real_model_ready,False
10.1038/s41598-017-02999-0,SI_sheet:Sheet1,,,,HM+OP,,,37.40334510803223,,,,,,,,,,27.63426521435173,,,,,,,,,,,0,0,0,10.1038/s41598-017-02999-0,SI_sheet:Sheet1,real_model_ready,False
10.1038/s41598-017-02999-0,SI_sheet:Sheet1,,,,HM+OP,,,37.14273643493652,,,,,,,,,,19.409298291186147,,,,,,,,,,,0,0,0,10.1038/s41598-017-02999-0,SI_sheet:Sheet1,real_model_ready,False
10.1038/s41598-017-02999-0,SI_sheet:Sheet1,,,,HM+OP,,,36.256059646606445,,,,,,,,,,16.63741753038574,,,,,,,,,,,0,0,0,10.1038/s41598-017-02999-0,SI_sheet:Sheet1,real_model_ready,False
10.1038/s41598-017-02999-0,SI_sheet:Sheet1,,,,HM+OP,,,19.05,,,,,,,,,,0.03,,,,,,,,,,,0,0,0,10.1038/s41598-017-02999-0,SI_sheet:Sheet1,real_model_ready,False
10.1016/j.scitotenv.2019.05.291,SI_table:1,32.7026,118.3505,,HM+OP,,,,,,,,,,,,,0.0039,,,,,,,,,,,0,0,0,10.1016/j.scitotenv.2019.05.291,SI_table:1,real_model_ready,False
10.1016/j.scitotenv.2019.05.291,SI_table:1,32.6196,116.606,,HM+OP,,,,,,,,,,,,,0.00084,,,,,,,,,,,0,0,0,10.1016/j.scitotenv.2019.05.291,SI_table:1,real_model_ready,False
10.1016/j.scitotenv.2019.05.291,SI_table:1,40.0021,116.4018,,HM+OP,,,,,,,,,,,,,0.0743,,,,,,,,,,,0,0,0,10.1016/j.scitotenv.2019.05.291,SI_table:1,real_model_ready,False
10.1016/j.scitotenv.2019.05.291,SI_table:1,40.1343,116.5393,,HM+OP,,,,,,,,,,,,,0.0231,,,,,,,,,,,0,0,0,10.1016/j.scitotenv.2019.05.291,SI_table:1,real_model_ready,False
10.1016/j.scitotenv.2019.05.291,SI_table:1,39.5647,116.524,,HM+OP,,,,,,,,,,,,,0.00019,,,,,,,,,,,0,0,0,10.1016/j.scitotenv.2019.05.291,SI_table:1,real_model_ready,False
10.1016/j.scitotenv.2019.05.291,SI_table:1,39.7595,116.7249,,HM+OP,,,,,,,,,,,,,5.5e-05,,,,,,,,,,,0,0,0,10.1016/j.scitotenv.2019.05.291,SI_table:1,real_model_ready,False
10.1016/j.scitotenv.2019.05.291,SI_table:1,24.8933,118.6111,,HM+OP,,,,,,,,,,,,,0.0202,,,,,,,,,,,0,0,0,10.1016/j.scitotenv.2019.05.291,SI_table:1,real_model_ready,False
10.1016/j.scitotenv.2019.05.291,SI_table:1,24.5203,118.1063,,HM+OP,,,,,,,,,,,,,0.0094,,,,,,,,,,,0,0,0,10.1016/j.scitotenv.2019.05.291,SI_table:1,real_model_ready,False
10.1016/j.scitotenv.2019.05.291,SI_table:1,24.7955,118.2318,,HM+OP,,,,,,,,,,,,,0.0031,,,,,,,,,,,0,0,0,10.1016/j.scitotenv.2019.05.291,SI_table:1,real_model_ready,False
10.1016/j.scitotenv.2019.05.291,SI_table:1,23.5525,112.988,,HM+OP,,,,,,,,,,,,,0.053,,,,,,,,,,,0,0,0,10.1016/j.scitotenv.2019.05.291,SI_table:1,real_model_ready,False
10.1016/j.scitotenv.2019.05.291,SI_table:1,23.471,116.7636,,HM+OP,,,,,,,,,,,,,0.0265,,,,,,,,,,,0,0,0,10.1016/j.scitotenv.2019.05.291,SI_table:1,real_model_ready,False
10.1016/j.scitotenv.2019.05.291,SI_table:1,23.578,116.8801,,HM+OP,,,,,,,,,,,,,0.0072,,,,,,,,,,,0,0,0,10.1016/j.scitotenv.2019.05.291,SI_table:1,real_model_ready,False
10.1016/j.scitotenv.2019.05.291,SI_table:1,23.0344,113.7456,,HM+OP,,,,,,,,,,,,,0.01634,,,,,,,,,,,0,0,0,10.1016/j.scitotenv.2019.05.291,SI_table:1,real_model_ready,False
10.1016/j.scitotenv.2019.05.291,SI_table:1,22.9922,113.3161,,HM+OP,,,,,,,,,,,,,0.007,,,,,,,,,,,0,0,0,10.1016/j.scitotenv.2019.05.291,SI_table:1,real_model_ready,False
10.1016/j.scitotenv.2019.05.291,SI_table:1,38.96,116.7316,,HM+OP,,,,,,,,,,,,,0.0052,,,,,,,,,,,0,0,0,10.1016/j.scitotenv.2019.05.291,SI_table:1,real_model_ready,False
10.1016/j.scitotenv.2019.05.291,SI_table:1,22.6002,113.9553,,HM+OP,,,,,,,,,,,,,0.0034,,,,,,,,,,,0,0,0,10.1016/j.scitotenv.2019.05.291,SI_table:1,real_model_ready,False
10.1016/j.scitotenv.2019.05.291,SI_table:1,22.7652,113.9592,,HM+OP,,,,,,,,,,,,,0.0084,,,,,,,,,,,0,0,0,10.1016/j.scitotenv.2019.05.291,SI_table:1,real_model_ready,False
10.1016/j.scitotenv.2019.05.291,SI_table:1,22.5234,114.0984,,HM+OP,,,,,,,,,,,,,0.015,,,,,,,,,,,0,0,0,10.1016/j.scitotenv.2019.05.291,SI_table:1,real_model_ready,False
10.1016/j.scitotenv.2019.05.291,SI_table:1,22.7652,113.9592,,HM+OP,,,,,,,,,,,,,0.00836,,,,,,,,,,,0,0,0,10.1016/j.scitotenv.2019.05.291,SI_table:1,real_model_ready,False
10.1016/j.scitotenv.2019.05.291,SI_table:1,22.3571,113.5108,,HM+OP,,,,,,,,,,,,,0.0124,,,,,,,,,,,0,0,0,10.1016/j.scitotenv.2019.05.291,SI_table:1,real_model_ready,False
10.1016/j.scitotenv.2019.05.291,SI_table:1,22.5597,113.3994,,HM+OP,,,,,,,,,,,,,0.0026,,,,,,,,,,,0,0,0,10.1016/j.scitotenv.2019.05.291,SI_table:1,real_model_ready,False
10.1016/j.scitotenv.2019.05.291,SI_table:1,24.8176,106.4562,,HM+OP,,,,,,,,,,,,,0.002,,,,,,,,,,,0,0,0,10.1016/j.scitotenv.2019.05.291,SI_table:1,real_model_ready,False
10.1016/j.scitotenv.2019.05.291,SI_table:1,24.9038,105.2146,,HM+OP,,,,,,,,,,,,,0.00084,,,,,,,,,,,0,0,0,10.1016/j.scitotenv.2019.05.291,SI_table:1,real_model_ready,False
10.1016/j.scitotenv.2019.05.291,SI_table:1,26.9773,104.5538,,HM+OP,,,,,,,,,,,,,0.0164,,,,,,,,,,,0,0,0,10.1016/j.scitotenv.2019.05.291,SI_table:1,real_model_ready,False
10.1016/j.scitotenv.2019.05.291,SI_table:1,27.1252,104.7227,,HM+OP,,,,,,,,,,,,,0.0104,,,,,,,,,,,0,0,0,10.1016/j.scitotenv.2019.05.291,SI_table:1,real_model_ready,False
10.1016/j.scitotenv.2019.05.291,SI_table:1,26.0276,106.4499,,HM+OP,,,,,,,,,,,,,0.0014,,,,,,,,,,,0,0,0,10.1016/j.scitotenv.2019.05.291,SI_table:1,real_model_ready,False
10.1016/j.scitotenv.2019.05.291,SI_table:1,25.8255,107.5427,,HM+OP,,,,,,,,,,,,,0.0014,,,,,,,,,,,0,0,0,10.1016/j.scitotenv.2019.05.291,SI_table:1,real_model_ready,False
10.1016/j.scitotenv.2019.05.291,SI_table:1,26.264,107.5107,,HM+OP,,,,,,,,,,,,,0.0014,,,,,,,,,,,0,0,0,10.1016/j.scitotenv.2019.05.291,SI_table:1,real_model_ready,False
10.1016/j.scitotenv.2019.05.291,SI_table:1,26.6926,107.5157,,HM+OP,,,,,,,,,,,,,0.0014,,,,,,,,,,,0,0,0,10.1016/j.scitotenv.2019.05.291,SI_table:1,real_model_ready,False
10.1016/j.scitotenv.2019.05.291,SI_table:1,26.5873,107.2321,,HM+OP,,,,,,,,,,,,,0.0014,,,,,,,,,,,0,0,0,10.1016/j.scitotenv.2019.05.291,SI_table:1,real_model_ready,False
10.1016/j.scitotenv.2019.05.291,SI_table:1,26.1399,106.6562,,HM+OP,,,,,,,,,,,,,0.0014,,,,,,,,,,,0,0,0,10.1016/j.scitotenv.2019.05.291,SI_table:1,real_model_ready,False
10.1016/j.scitotenv.2019.05.291,SI_table:1,25.4154,107.8859,,HM+OP,,,,,,,,,,,,,0.0014,,,,,,,,,,,0,0,0,10.1016/j.scitotenv.2019.05.291,SI_table:1,real_model_ready,False
10.1016/j.scitotenv.2019.05.291,SI_table:1,26.4585,106.9801,,HM+OP,,,,,,,,,,,,,0.0014,,,,,,,,,,,0,0,0,10.1016/j.scitotenv.2019.05.291,SI_table:1,real_model_ready,False
10.1016/j.scitotenv.2019.05.291,SI_table:1,25.4327,106.7534,,HM+OP,,,,,,,,,,,,,0.0014,,,,,,,,,,,0,0,0,10.1016/j.scitotenv.2019.05.291,SI_table:1,real_model_ready,False
10.1016/j.scitotenv.2019.05.291,SI_table:1,25.8264,107.3176,,HM+OP,,,,,,,,,,,,,0.0014,,,,,,,,,,,0,0,0,10.1016/j.scitotenv.2019.05.291,SI_table:1,real_model_ready,False
10.1016/j.scitotenv.2019.05.291,SI_table:1,26.2404,107.5306,,HM+OP,,,,,,,,,,,,,0.0049,,,,,,,,,,,0,0,0,10.1016/j.scitotenv.2019.05.291,SI_table:1,real_model_ready,False
10.1016/j.scitotenv.2019.05.291,SI_table:1,25.9741,107.8608,,HM+OP,,,,,,,,,,,,,0.0014,,,,,,,,,,,0,0,0,10.1016/j.scitotenv.2019.05.291,SI_table:1,real_model_ready,False
10.1016/j.scitotenv.2019.05.291,SI_table:1,27.0846,107.4621,,HM+OP,,,,,,,,,,,,,0.0014,,,,,,,,,,,0,0,0,10.1016/j.scitotenv.2019.05.291,SI_table:1,real_model_ready,False
10.1016/j.scitotenv.2019.05.291,SI_table:1,34.8332,113.7176,,HM+OP,,,,,,,,,,,,,0.0035,,,,,,,,,,,0,0,0,10.1016/j.scitotenv.2019.05.291,SI_table:1,real_model_ready,False
10.1016/j.scitotenv.2019.05.291,SI_table:1,34.9057,113.7241,,HM+OP,,,,,,,,,,,,,0.00146,,,,,,,,,,,0,0,0,10.1016/j.scitotenv.2019.05.291,SI_table:1,real_model_ready,False
10.1016/j.scitotenv.2019.05.291,SI_table:1,34.0801,114.8646,,HM+OP,,,,,,,,,,,,,0.00124,,,,,,,,,,,0,0,0,10.1016/j.scitotenv.2019.05.291,SI_table:1,real_model_ready,False
10.1016/j.scitotenv.2019.05.291,SI_table:1,35.0446,114.4104,,HM+OP,,,,,,,,,,,,,0.00163,,,,,,,,,,,0,0,0,10.1016/j.scitotenv.2019.05.291,SI_table:1,real_model_ready,False
10.1016/j.scitotenv.2019.05.291,SI_table:1,34.7002,113.9719,,HM+OP,,,,,,,,,,,,,0.00321,,,,,,,,,,,0,0,0,10.1016/j.scitotenv.2019.05.291,SI_table:1,real_model_ready,False
10.1016/j.scitotenv.2019.05.291,SI_table:1,34.7997,113.607,,HM+OP,,,,,,,,,,,,,0.00497,,,,,,,,,,,0,0,0,10.1016/j.scitotenv.2019.05.291,SI_table:1,real_model_ready,False
10.1016/j.scitotenv.2019.05.291,SI_table:1,22.4064,114.2398,,HM+OP,,,,,,,,,,,,,0.0009,,,,,,,,,,,0,0,0,10.1016/j.scitotenv.2019.05.291,SI_table:1,real_model_ready,False
10.1016/j.scitotenv.2019.05.291,SI_table:1,30.3978,114.6142,,HM+OP,,,,,,,,,,,,,0.03414,,,,,,,,,,,0,0,0,10.1016/j.scitotenv.2019.05.291,SI_table:1,real_model_ready,False
10.1016/j.scitotenv.2019.05.291,SI_table:1,33.6101,119.0203,,HM+OP,,,,,,,,,,,,,0.0351,,,,,,,,,,,0,0,0,10.1016/j.scitotenv.2019.05.291,SI_table:1,real_model_ready,False
10.1016/j.scitotenv.2019.05.291,SI_table:1,30.9714,120.5007,,HM+OP,,,,,,,,,,,,,0.0063,,,,,,,,,,,0,0,0,10.1016/j.scitotenv.2019.05.291,SI_table:1,real_model_ready,False
10.1016/j.scitotenv.2019.05.291,SI_table:1,31.1208,120.6381,,HM+OP,,,,,,,,,,,,,0.0051,,,,,,,,,,,0,0,0,10.1016/j.scitotenv.2019.05.291,SI_table:1,real_model_ready,False
10.1016/j.scitotenv.2019.05.291,SI_table:1,31.0976,120.7891,,HM+OP,,,,,,,,,,,,,0.0217,,,,,,,,,,,0,0,0,10.1016/j.scitotenv.2019.05.291,SI_table:1,real_model_ready,False
10.1016/j.scitotenv.2019.05.291,SI_table:1,31.7869,118.8527,,HM+OP,,,,,,,,,,,,,0.0985,,,,,,,,,,,0,0,0,10.1016/j.scitotenv.2019.05.291,SI_table:1,real_model_ready,False
10.1016/j.scitotenv.2019.05.291,SI_table:1,32.1065,118.8287,,HM+OP,,,,,,,,,,,,,0.0535,,,,,,,,,,,0,0,0,10.1016/j.scitotenv.2019.05.291,SI_table:1,real_model_ready,False
10.1016/j.scitotenv.2019.05.291,SI_table:1,32.1632,118.9493,,HM+OP,,,,,,,,,,,,,0.05,,,,,,,,,,,0,0,0,10.1016/j.scitotenv.2019.05.291,SI_table:1,real_model_ready,False
10.1016/j.scitotenv.2019.05.291,SI_table:1,32.1066,118.8287,,HM+OP,,,,,,,,,,,,,0.0479,,,,,,,,,,,0,0,0,10.1016/j.scitotenv.2019.05.291,SI_table:1,real_model_ready,False
10.1016/j.scitotenv.2019.05.291,SI_table:1,32.0751,118.814,,HM+OP,,,,,,,,,,,,,0.0302,,,,,,,,,,,0,0,0,10.1016/j.scitotenv.2019.05.291,SI_table:1,real_model_ready,False
10.1016/j.scitotenv.2019.05.291,SI_table:1,32.1465,118.9241,,HM+OP,,,,,,,,,,,,,0.0209,,,,,,,,,,,0,0,0,10.1016/j.scitotenv.2019.05.291,SI_table:1,real_model_ready,False
10.1016/j.scitotenv.2019.05.291,SI_table:1,32.2753,118.85,,HM+OP,,,,,,,,,,,,,0.0138,,,,,,,,,,,0,0,0,10.1016/j.scitotenv.2019.05.291,SI_table:1,real_model_ready,False
10.1016/j.scitotenv.2019.05.291,SI_table:1,32.3237,118.8232,,HM+OP,,,,,,,,,,,,,0.0081,,,,,,,,,,,0,0,0,10.1016/j.scitotenv.2019.05.291,SI_table:1,real_model_ready,False
10.1016/j.scitotenv.2019.05.291,SI_table:1,31.9875,118.9158,,HM+OP,,,,,,,,,,,,,0.00535,,,,,,,,,,,0,0,0,10.1016/j.scitotenv.2019.05.291,SI_table:1,real_model_ready,False
10.1016/j.scitotenv.2019.05.291,SI_table:1,31.6279,121.1965,,HM+OP,,,,,,,,,,,,,0.012,,,,,,,,,,,0,0,0,10.1016/j.scitotenv.2019.05.291,SI_table:1,real_model_ready,False
10.1016/j.scitotenv.2019.05.291,SI_table:1,31.1447,120.6296,,HM+OP,,,,,,,,,,,,,0.0549,,,,,,,,,,,0,0,0,10.1016/j.scitotenv.2019.05.291,SI_table:1,real_model_ready,False
10.1016/j.scitotenv.2019.05.291,SI_table:1,32.2131,118.7451,,HM+OP,,,,,,,,,,,,,0.5523,,,,,,,,,,,0,0,0,10.1016/j.scitotenv.2019.05.291,SI_table:1,real_model_ready,False
10.1016/j.scitotenv.2019.05.291,SI_table:1,31.1488,120.6788,,HM+OP,,,,,,,,,,,,,0.0257,,,,,,,,,,,0,0,0,10.1016/j.scitotenv.2019.05.291,SI_table:1,real_model_ready,False
10.1016/j.scitotenv.2019.05.291,SI_table:1,31.1463,120.4507,,HM+OP,,,,,,,,,,,,,0.0214,,,,,,,,,,,0,0,0,10.1016/j.scitotenv.2019.05.291,SI_table:1,real_model_ready,False
10.1016/j.scitotenv.2019.05.291,SI_table:1,32.4598,119.8985,,HM+OP,,,,,,,,,,,,,0.0354,,,,,,,,,,,0,0,0,10.1016/j.scitotenv.2019.05.291,SI_table:1,real_model_ready,False
10.1016/j.scitotenv.2019.05.291,SI_table:1,32.9149,119.8526,,HM+OP,,,,,,,,,,,,,0.0088,,,,,,,,,,,0,0,0,10.1016/j.scitotenv.2019.05.291,SI_table:1,real_model_ready,False
10.1016/j.scitotenv.2019.05.291,SI_table:1,31.3407,119.8181,,HM+OP,,,,,,,,,,,,,0.0257,,,,,,,,,,,0,0,0,10.1016/j.scitotenv.2019.05.291,SI_table:1,real_model_ready,False
10.1016/j.scitotenv.2019.05.291,SI_table:1,30.9249,120.5138,,HM+OP,,,,,,,,,,,,,0.0171,,,,,,,,,,,0,0,0,10.1016/j.scitotenv.2019.05.291,SI_table:1,real_model_ready,False
10.1016/j.scitotenv.2019.05.291,SI_table:1,30.9211,120.5156,,HM+OP,,,,,,,,,,,,,0.0114,,,,,,,,,,,0,0,0,10.1016/j.scitotenv.2019.05.291,SI_table:1,real_model_ready,False
10.1016/j.scitotenv.2019.05.291,SI_table:1,28.7866,115.8771,,HM+OP,,,,,,,,,,,,,0.00367,,,,,,,,,,,0,0,0,10.1016/j.scitotenv.2019.05.291,SI_table:1,real_model_ready,False
10.1016/j.scitotenv.2019.05.291,SI_table:1,32.0695,118.9685,,HM+OP,,,,,,,,,,,,,0.0024,,,,,,,,,,,0,0,0,10.1016/j.scitotenv.2019.05.291,SI_table:1,real_model_ready,False
10.1016/j.scitotenv.2019.05.291,SI_table:1,28.6398,115.8657,,HM+OP,,,,,,,,,,,,,0.00231,,,,,,,,,,,0,0,0,10.1016/j.scitotenv.2019.05.291,SI_table:1,real_model_ready,False
10.1016/j.scitotenv.2019.05.291,SI_table:1,28.8948,116.0436,,HM+OP,,,,,,,,,,,,,0.00231,,,,,,,,,,,0,0,0,10.1016/j.scitotenv.2019.05.291,SI_table:1,real_model_ready,False
10.1016/j.scitotenv.2019.05.291,SI_table:1,43.8412,125.7663,,HM+OP,,,,,,,,,,,,,0.01727,,,,,,,,,,,0,0,0,10.1016/j.scitotenv.2019.05.291,SI_table:1,real_model_ready,False
10.1016/j.scitotenv.2019.05.291,SI_table:1,41.2083,123.4281,,HM+OP,,,,,,,,,,,,,0.19,,,,,,,,,,,0,0,0,10.1016/j.scitotenv.2019.05.291,SI_table:1,real_model_ready,False
10.1016/j.scitotenv.2019.05.291,SI_table:1,41.1805,123.5496,,HM+OP,,,,,,,,,,,,,0.16,,,,,,,,,,,0,0,0,10.1016/j.scitotenv.2019.05.291,SI_table:1,real_model_ready,False
10.1016/j.scitotenv.2019.05.291,SI_table:1,41.2117,123.6051,,HM+OP,,,,,,,,,,,,,0.13,,,,,,,,,,,0,0,0,10.1016/j.scitotenv.2019.05.291,SI_table:1,real_model_ready,False
10.1016/j.scitotenv.2019.05.291,SI_table:1,41.1686,123.5262,,HM+OP,,,,,,,,,,,,,0.11,,,,,,,,,,,0,0,0,10.1016/j.scitotenv.2019.05.291,SI_table:1,real_model_ready,False
10.1016/j.scitotenv.2019.05.291,SI_table:1,41.2362,123.3426,,HM+OP,,,,,,,,,,,,,0.1,,,,,,,,,,,0,0,0,10.1016/j.scitotenv.2019.05.291,SI_table:1,real_model_ready,False
10.1016/j.scitotenv.2019.05.291,SI_table:1,41.8271,123.4402,,HM+OP,,,,,,,,,,,,,0.061,,,,,,,,,,,0,0,0,10.1016/j.scitotenv.2019.05.291,SI_table:1,real_model_ready,False
10.1016/j.scitotenv.2019.05.291,SI_table:1,42.1555,123.6914,,HM+OP,,,,,,,,,,,,,0.03,,,,,,,,,,,0,0,0,10.1016/j.scitotenv.2019.05.291,SI_table:1,real_model_ready,False
10.1016/j.scitotenv.2019.05.291,SI_table:1,23.3223,116.3072,,HM+OP,,,,,,,,,,,,,0.0066,,,,,,,,,,,0,0,0,10.1016/j.scitotenv.2019.05.291,SI_table:1,real_model_ready,False
10.1016/j.scitotenv.2019.05.291,SI_table:1,41.5509,122.8646,,HM+OP,,,,,,,,,,,,,0.099,,,,,,,,,,,0,0,0,10.1016/j.scitotenv.2019.05.291,SI_table:1,real_model_ready,False
10.1016/j.scitotenv.2019.05.291,SI_table:1,41.9155,123.3806,,HM+OP,,,,,,,,,,,,,0.0052,,,,,,,,,,,0,0,0,10.1016/j.scitotenv.2019.05.291,SI_table:1,real_model_ready,False
10.1016/j.scitotenv.2019.05.291,SI_table:1,42.0845,123.5278,,HM+OP,,,,,,,,,,,,,0.0027,,,,,,,,,,,0,0,0,10.1016/j.scitotenv.2019.05.291,SI_table:1,real_model_ready,False
10.1016/j.scitotenv.2019.05.291,SI_table:1,41.8141,123.6216,,HM+OP,,,,,,,,,,,,,0.00011,,,,,,,,,,,0,0,0,10.1016/j.scitotenv.2019.05.291,SI_table:1,real_model_ready,False
10.1016/j.scitotenv.2019.05.291,SI_table:1,41.5132,122.7034,,HM+OP,,,,,,,,,,,,,0.34446,,,,,,,,,,,0,0,0,10.1016/j.scitotenv.2019.05.291,SI_table:1,real_model_ready,False
10.1016/j.scitotenv.2019.05.291,SI_table:1,41.9696,124.0104,,HM+OP,,,,,,,,,,,,,0.3301,,,,,,,,,,,0,0,0,10.1016/j.scitotenv.2019.05.291,SI_table:1,real_model_ready,False
10.1016/j.scitotenv.2019.05.291,SI_table:1,41.9269,123.9255,,HM+OP,,,,,,,,,,,,,0.2852,,,,,,,,,,,0,0,0,10.1016/j.scitotenv.2019.05.291,SI_table:1,real_model_ready,False
10.1016/j.scitotenv.2019.05.291,SI_table:1,41.6793,123.638,,HM+OP,,,,,,,,,,,,,0.0596,,,,,,,,,,,0,0,0,10.1016/j.scitotenv.2019.05.291,SI_table:1,real_model_ready,False
10.1016/j.scitotenv.2019.05.291,SI_table:1,41.8908,123.8496,,HM+OP,,,,,,,,,,,,,0.0365,,,,,,,,,,,0,0,0,10.1016/j.scitotenv.2019.05.291,SI_table:1,real_model_ready,False
10.1016/j.scitotenv.2019.05.291,SI_table:1,41.8169,123.8773,,HM+OP,,,,,,,,,,,,,0.0323,,,,,,,,,,,0,0,0,10.1016/j.scitotenv.2019.05.291,SI_table:1,real_model_ready,False
10.1016/j.scitotenv.2019.05.291,SI_table:1,41.8134,123.7735,,HM+OP,,,,,,,,,,,,,0.0303,,,,,,,,,,,0,0,0,10.1016/j.scitotenv.2019.05.291,SI_table:1,real_model_ready,False
10.1016/j.scitotenv.2019.05.291,SI_table:1,41.6283,123.058,,HM+OP,,,,,,,,,,,,,0.08,,,,,,,,,,,0,0,0,10.1016/j.scitotenv.2019.05.291,SI_table:1,real_model_ready,False
10.1016/j.scitotenv.2019.05.291,SI_table:1,41.6575,123.1005,,HM+OP,,,,,,,,,,,,,0.06,,,,,,,,,,,0,0,0,10.1016/j.scitotenv.2019.05.291,SI_table:1,real_model_ready,False
10.1016/j.scitotenv.2019.05.291,SI_table:1,41.6403,123.093,,HM+OP,,,,,,,,,,,,,0.05,,,,,,,,,,,0,0,0,10.1016/j.scitotenv.2019.05.291,SI_table:1,real_model_ready,False
10.1016/j.scitotenv.2019.05.291,SI_table:1,41.6591,123.0824,,HM+OP,,,,,,,,,,,,,0.05,,,,,,,,,,,0,0,0,10.1016/j.scitotenv.2019.05.291,SI_table:1,real_model_ready,False
10.1016/j.scitotenv.2019.05.291,SI_table:1,41.6651,123.1175,,HM+OP,,,,,,,,,,,,,0.05,,,,,,,,,,,0,0,0,10.1016/j.scitotenv.2019.05.291,SI_table:1,real_model_ready,False
10.1016/j.scitotenv.2019.05.291,SI_table:1,41.6968,123.1445,,HM+OP,,,,,,,,,,,,,0.05,,,,,,,,,,,0,0,0,10.1016/j.scitotenv.2019.05.291,SI_table:1,real_model_ready,False
10.1016/j.scitotenv.2019.05.291,SI_table:1,35.8756,111.4431,,HM+OP,,,,,,,,,,,,,0.05296,,,,,,,,,,,0,0,0,10.1016/j.scitotenv.2019.05.291,SI_table:1,real_model_ready,False
10.1016/j.scitotenv.2019.05.291,SI_table:1,36.4964,113.2798,,HM+OP,,,,,,,,,,,,,0.01809,,,,,,,,,,,0,0,0,10.1016/j.scitotenv.2019.05.291,SI_table:1,real_model_ready,False
10.1016/j.scitotenv.2019.05.291,SI_table:1,33.8761,108.2066,,HM+OP,,,,,,,,,,,,,0.001863,,,,,,,,,,,0,0,0,10.1016/j.scitotenv.2019.05.291,SI_table:1,real_model_ready,False
10.1016/j.scitotenv.2019.05.291,SI_table:1,36.7003,109.7754,,HM+OP,,,,,,,,,,,,,0.0038,,,,,,,,,,,0,0,0,10.1016/j.scitotenv.2019.05.291,SI_table:1,real_model_ready,False
10.1016/j.scitotenv.2019.05.291,SI_table:1,36.9469,119.2259,,HM+OP,,,,,,,,,,,,,0.0255,,,,,,,,,,,0,0,0,10.1016/j.scitotenv.2019.05.291,SI_table:1,real_model_ready,False
10.1016/j.scitotenv.2019.05.291,SI_table:1,36.9976,117.3381,,HM+OP,,,,,,,,,,,,,0.0105,,,,,,,,,,,0,0,0,10.1016/j.scitotenv.2019.05.291,SI_table:1,real_model_ready,False
10.1016/j.scitotenv.2019.05.291,SI_table:1,36.5078,117.2248,,HM+OP,,,,,,,,,,,,,0.0022,,,,,,,,,,,0,0,0,10.1016/j.scitotenv.2019.05.291,SI_table:1,real_model_ready,False
10.1016/j.scitotenv.2019.05.291,SI_table:1,31.3702,121.4389,,HM+OP,,,,,,,,,,,,,0.1084,,,,,,,,,,,0,0,0,10.1016/j.scitotenv.2019.05.291,SI_table:1,real_model_ready,False
10.1016/j.scitotenv.2019.05.291,SI_table:1,31.2488,121.2473,,HM+OP,,,,,,,,,,,,,0.0562,,,,,,,,,,,0,0,0,10.1016/j.scitotenv.2019.05.291,SI_table:1,real_model_ready,False
10.1016/j.scitotenv.2019.05.291,SI_table:1,31.4061,121.3003,,HM+OP,,,,,,,,,,,,,0.0506,,,,,,,,,,,0,0,0,10.1016/j.scitotenv.2019.05.291,SI_table:1,real_model_ready,False
10.1016/j.scitotenv.2019.05.291,SI_table:1,39.0887,117.1995,,HM+OP,,,,,,,,,,,,,0.087,,,,,,,,,,,0,0,0,10.1016/j.scitotenv.2019.05.291,SI_table:1,real_model_ready,False
10.1016/j.scitotenv.2019.05.291,SI_table:1,38.9205,116.91,,HM+OP,,,,,,,,,,,,,0.00656,,,,,,,,,,,0,0,0,10.1016/j.scitotenv.2019.05.291,SI_table:1,real_model_ready,False
10.1016/j.scitotenv.2019.05.291,SI_table:1,38.96,116.7316,,HM+OP,,,,,,,,,,,,,0.00656,,,,,,,,,,,0,0,0,10.1016/j.scitotenv.2019.05.291,SI_table:1,real_model_ready,False
10.1016/j.scitotenv.2019.05.291,SI_table:1,39.0075,117.0382,,HM+OP,,,,,,,,,,,,,0.00656,,,,,,,,,,,0,0,0,10.1016/j.scitotenv.2019.05.291,SI_table:1,real_model_ready,False
10.1016/j.scitotenv.2019.05.291,SI_table:1,40.0995,117.4067,,HM+OP,,,,,,,,,,,,,0.00076,,,,,,,,,,,0,0,0,10.1016/j.scitotenv.2019.05.291,SI_table:1,real_model_ready,False
10.1016/j.scitotenv.2019.05.291,SI_table:1,39.1644,117.2524,,HM+OP,,,,,,,,,,,,,0.000459,,,,,,,,,,,0,0,0,10.1016/j.scitotenv.2019.05.291,SI_table:1,real_model_ready,False
10.1016/j.scitotenv.2019.05.291,SI_table:1,43.9861,87.549,,HM+OP,,,,,,,,,,,,,0.0067,,,,,,,,,,,0,0,0,10.1016/j.scitotenv.2019.05.291,SI_table:1,real_model_ready,False
10.1016/j.scitotenv.2019.05.291,SI_table:1,29.9395,119.9148,,HM+OP,,,,,,,,,,,,,0.00751,,,,,,,,,,,0,0,0,10.1016/j.scitotenv.2019.05.291,SI_table:1,real_model_ready,False
10.1016/j.scitotenv.2019.05.291,SI_table:1,29.9039,121.8401,,HM+OP,,,,,,,,,,,,,0.0274,,,,,,,,,,,0,0,0,10.1016/j.scitotenv.2019.05.291,SI_table:1,real_model_ready,False
10.1016/j.scitotenv.2019.05.291,SI_table:1,30.1908,121.3007,,HM+OP,,,,,,,,,,,,,0.0274,,,,,,,,,,,0,0,0,10.1016/j.scitotenv.2019.05.291,SI_table:1,real_model_ready,False
10.1016/j.scitotenv.2019.05.291,SI_table:1,29.6661,121.4008,,HM+OP,,,,,,,,,,,,,0.0274,,,,,,,,,,,0,0,0,10.1016/j.scitotenv.2019.05.291,SI_table:1,real_model_ready,False
10.1016/j.scitotenv.2019.05.291,SI_table:1,29.8885,121.5446,,HM+OP,,,,,,,,,,,,,0.0274,,,,,,,,,,,0,0,0,10.1016/j.scitotenv.2019.05.291,SI_table:1,real_model_ready,False
10.1016/j.scitotenv.2019.05.291,SI_table:1,30.6963,120.917,,HM+OP,,,,,,,,,,,,,0.0051,,,,,,,,,,,0,0,0,10.1016/j.scitotenv.2019.05.291,SI_table:1,real_model_ready,False
10.1016/j.scitotenv.2019.05.291,SI_table:1,28.6845,121.2597,,HM+OP,,,,,,,,,,,,,0.088,,,,,,,,,,,0,0,0,10.1016/j.scitotenv.2019.05.291,SI_table:1,real_model_ready,False
10.1016/j.scitotenv.2019.05.291,SI_table:1,28.6856,121.2586,,HM+OP,,,,,,,,,,,,,0.073,,,,,,,,,,,0,0,0,10.1016/j.scitotenv.2019.05.291,SI_table:1,real_model_ready,False
10.1016/j.scitotenv.2019.05.291,SI_table:1,28.6853,121.2592,,HM+OP,,,,,,,,,,,,,0.071,,,,,,,,,,,0,0,0,10.1016/j.scitotenv.2019.05.291,SI_table:1,real_model_ready,False
10.1016/j.scitotenv.2019.05.291,SI_table:1,28.6857,121.2587,,HM+OP,,,,,,,,,,,,,0.063,,,,,,,,,,,0,0,0,10.1016/j.scitotenv.2019.05.291,SI_table:1,real_model_ready,False
10.1016/j.scitotenv.2019.05.291,SI_table:1,28.6848,121.258,,HM+OP,,,,,,,,,,,,,0.058,,,,,,,,,,,0,0,0,10.1016/j.scitotenv.2019.05.291,SI_table:1,real_model_ready,False
10.1016/j.scitotenv.2019.05.291,SI_table:1,28.6865,121.2601,,HM+OP,,,,,,,,,,,,,0.041,,,,,,,,,,,0,0,0,10.1016/j.scitotenv.2019.05.291,SI_table:1,real_model_ready,False
10.1016/j.scitotenv.2019.05.291,SI_table:1,28.6863,121.2582,,HM+OP,,,,,,,,,,,,,0.039,,,,,,,,,,,0,0,0,10.1016/j.scitotenv.2019.05.291,SI_table:1,real_model_ready,False
10.1016/j.scitotenv.2019.05.291,SI_table:1,28.6853,121.2589,,HM+OP,,,,,,,,,,,,,0.036,,,,,,,,,,,0,0,0,10.1016/j.scitotenv.2019.05.291,SI_table:1,real_model_ready,False
10.1016/j.scitotenv.2019.05.291,SI_table:1,28.6858,121.2588,,HM+OP,,,,,,,,,,,,,0.032,,,,,,,,,,,0,0,0,10.1016/j.scitotenv.2019.05.291,SI_table:1,real_model_ready,False
10.1016/j.scitotenv.2019.05.291,SI_table:1,28.6855,121.2589,,HM+OP,,,,,,,,,,,,,0.055,,,,,,,,,,,0,0,0,10.1016/j.scitotenv.2019.05.291,SI_table:1,real_model_ready,False
10.1016/j.scitotenv.2019.05.291,SI_table:1,28.5851,121.3537,,HM+OP,,,,,,,,,,,,,0.0035,,,,,,,,,,,0,0,0,10.1016/j.scitotenv.2019.05.291,SI_table:1,real_model_ready,False
10.1016/j.scitotenv.2019.05.291,SI_table:1,28.4958,121.3543,,HM+OP,,,,,,,,,,,,,0.0034,,,,,,,,,,,0,0,0,10.1016/j.scitotenv.2019.05.291,SI_table:1,real_model_ready,False
10.1016/j.scitotenv.2019.05.291,SI_table:1,28.5136,121.519,,HM+OP,,,,,,,,,,,,,0.0019,,,,,,,,,,,0,0,0,10.1016/j.scitotenv.2019.05.291,SI_table:1,real_model_ready,False
10.1016/j.scitotenv.2019.05.291,SI_table:1,28.5671,121.1975,,HM+OP,,,,,,,,,,,,,0.0038,,,,,,,,,,,0,0,0,10.1016/j.scitotenv.2019.05.291,SI_table:1,real_model_ready,False
10.1016/j.scitotenv.2019.05.291,SI_table:1,29.866,121.6197,,HM+OP,,,,,,,,,,,,,0.0274,,,,,,,,,,,0,0,0,10.1016/j.scitotenv.2019.05.291,SI_table:1,real_model_ready,False
10.1016/j.scitotenv.2019.05.291,SI_table:1,29.2924,121.4295,,HM+OP,,,,,,,,,,,,,0.0274,,,,,,,,,,,0,0,0,10.1016/j.scitotenv.2019.05.291,SI_table:1,real_model_ready,False
10.1016/j.scitotenv.2019.05.291,SI_table:1,28.3259,121.6123,,HM+OP,,,,,,,,,,,,,0.01986,,,,,,,,,,,0,0,0,10.1016/j.scitotenv.2019.05.291,SI_table:1,real_model_ready,False
10.1016/j.scitotenv.2019.05.291,SI_table:1,29.4837,121.8663,,HM+OP,,,,,,,,,,,,,0.0274,,,,,,,,,,,0,0,0,10.1016/j.scitotenv.2019.05.291,SI_table:1,real_model_ready,False
10.1016/j.scitotenv.2019.05.291,SI_table:1,30.0414,121.1461,,HM+OP,,,,,,,,,,,,,0.0274,,,,,,,,,,,0,0,0,10.1016/j.scitotenv.2019.05.291,SI_table:1,real_model_ready,False
10.1016/j.scitotenv.2019.05.291,SI_table:1,29.8192,121.5413,,HM+OP,,,,,,,,,,,,,0.0274,,,,,,,,,,,0,0,0,10.1016/j.scitotenv.2019.05.291,SI_table:1,real_model_ready,False
10.1016/j.scitotenv.2019.05.291,SI_table:1,29.9516,121.7095,,HM+OP,,,,,,,,,,,,,0.0274,,,,,,,,,,,0,0,0,10.1016/j.scitotenv.2019.05.291,SI_table:1,real_model_ready,False
10.1016/j.scitotenv.2019.05.291,SI_table:1,40.2464,116.7196,,HM+OP,,,,,,,,,,,,,0.049,,,,,,,,,,,0,0,0,10.1016/j.scitotenv.2019.05.291,SI_table:1,real_model_ready,False
10.1016/j.scitotenv.2019.05.291,SI_table:1,40.0702,116.43,,HM+OP,,,,,,,,,,,,,0.0072,,,,,,,,,,,0,0,0,10.1016/j.scitotenv.2019.05.291,SI_table:1,real_model_ready,False
10.1016/j.scitotenv.2019.05.291,SI_table:1,40.1511,116.4277,,HM+OP,,,,,,,,,,,,,0.0003,,,,,,,,,,,0,0,0,10.1016/j.scitotenv.2019.05.291,SI_table:1,real_model_ready,False
10.1016/j.scitotenv.2019.05.291,SI_table:1,39.8628,116.7274,,HM+OP,,,,,,,,,,,,,0.0144,,,,,,,,,,,0,0,0,10.1016/j.scitotenv.2019.05.291,SI_table:1,real_model_ready,False
10.1016/j.scitotenv.2019.05.291,SI_table:1,26.100464,119.3514,,HM+OP,,,,,,,,,,,,,0.127,,,,,,,,,,,0,0,0,10.1016/j.scitotenv.2019.05.291,SI_table:1,real_model_ready,False
10.1016/j.scitotenv.2019.05.291,SI_table:1,26.102975,119.3537,,HM+OP,,,,,,,,,,,,,0.0151,,,,,,,,,,,0,0,0,10.1016/j.scitotenv.2019.05.291,SI_table:1,real_model_ready,False
10.1016/j.scitotenv.2019.05.291,SI_table:1,25.9553,119.3336,,HM+OP,,,,,,,,,,,,,0.0143,,,,,,,,,,,0,0,0,10.1016/j.scitotenv.2019.05.291,SI_table:1,real_model_ready,False
10.1016/j.scitotenv.2019.05.291,SI_table:1,26.043373,119.3496,,HM+OP,,,,,,,,,,,,,0.033,,,,,,,,,,,0,0,0,10.1016/j.scitotenv.2019.05.291,SI_table:1,real_model_ready,False
10.1016/j.scitotenv.2019.05.291,SI_table:1,25.996466,119.2935,,HM+OP,,,,,,,,,,,,,0.0151,,,,,,,,,,,0,0,0,10.1016/j.scitotenv.2019.05.291,SI_table:1,real_model_ready,False
10.1016/j.scitotenv.2019.05.291,SI_table:1,26.031822,119.3125,,HM+OP,,,,,,,,,,,,,0.047,,,,,,,,,,,0,0,0,10.1016/j.scitotenv.2019.05.291,SI_table:1,real_model_ready,False
10.1016/j.scitotenv.2019.05.291,SI_table:1,26.121771,119.3251,,HM+OP,,,,,,,,,,,,,0.0195,,,,,,,,,,,0,0,0,10.1016/j.scitotenv.2019.05.291,SI_table:1,real_model_ready,False
10.1016/j.scitotenv.2019.05.291,SI_table:1,26.0493,119.3457,,HM+OP,,,,,,,,,,,,,0.0294,,,,,,,,,,,0,0,0,10.1016/j.scitotenv.2019.05.291,SI_table:1,real_model_ready,False
10.1016/j.scitotenv.2019.05.291,SI_table:1,26.096877,119.3454,,HM+OP,,,,,,,,,,,,,0.0644,,,,,,,,,,,0,0,0,10.1016/j.scitotenv.2019.05.291,SI_table:1,real_model_ready,False
10.1016/j.scitotenv.2019.05.291,SI_table:1,23.2581,116.4326,,HM+OP,,,,,,,,,,,,,0.0129,,,,,,,,,,,0,0,0,10.1016/j.scitotenv.2019.05.291,SI_table:1,real_model_ready,False
10.1016/j.scitotenv.2019.05.291,SI_table:1,23.5751,112.9924,,HM+OP,,,,,,,,,,,,,0.0092,,,,,,,,,,,0,0,0,10.1016/j.scitotenv.2019.05.291,SI_table:1,real_model_ready,False
10.1016/j.scitotenv.2019.05.291,SI_table:1,23.1538,113.244,,HM+OP,,,,,,,,,,,,,0.009,,,,,,,,,,,0,0,0,10.1016/j.scitotenv.2019.05.291,SI_table:1,real_model_ready,False
10.1016/j.scitotenv.2019.05.291,SI_table:1,23.1748,113.2334,,HM+OP,,,,,,,,,,,,,0.003,,,,,,,,,,,0,0,0,10.1016/j.scitotenv.2019.05.291,SI_table:1,real_model_ready,False
10.1016/j.scitotenv.2019.05.291,SI_table:1,23.1559,113.2647,,HM+OP,,,,,,,,,,,,,0.003,,,,,,,,,,,0,0,0,10.1016/j.scitotenv.2019.05.291,SI_table:1,real_model_ready,False
10.1016/j.scitotenv.2019.05.291,SI_table:1,23.1785,113.263,,HM+OP,,,,,,,,,,,,,0.003,,,,,,,,,,,0,0,0,10.1016/j.scitotenv.2019.05.291,SI_table:1,real_model_ready,False
10.1016/j.scitotenv.2019.05.291,SI_table:1,23.1569,113.2716,,HM+OP,,,,,,,,,,,,,0.002,,,,,,,,,,,0,0,0,10.1016/j.scitotenv.2019.05.291,SI_table:1,real_model_ready,False
10.1016/j.scitotenv.2019.05.291,SI_table:1,23.0825,113.8756,,HM+OP,,,,,,,,,,,,,0.099,,,,,,,,,,,0,0,0,10.1016/j.scitotenv.2019.05.291,SI_table:1,real_model_ready,False
10.1016/j.scitotenv.2019.05.291,SI_table:1,23.0235,113.655,,HM+OP,,,,,,,,,,,,,0.0,,,,,,,,,,,0,0,0,10.1016/j.scitotenv.2019.05.291,SI_table:1,real_model_ready,False
10.1016/j.scitotenv.2019.05.291,SI_table:1,22.9984,113.7967,,HM+OP,,,,,,,,,,,,,0.0,,,,,,,,,,,0,0,0,10.1016/j.scitotenv.2019.05.291,SI_table:1,real_model_ready,False
10.1016/j.scitotenv.2019.05.291,SI_table:1,23.0339,113.7474,,HM+OP,,,,,,,,,,,,,0.0028,,,,,,,,,,,0,0,0,10.1016/j.scitotenv.2019.05.291,SI_table:1,real_model_ready,False
10.1016/j.scitotenv.2019.05.291,SI_table:1,23.0307,113.8593,,HM+OP,,,,,,,,,,,,,0.0028,,,,,,,,,,,0,0,0,10.1016/j.scitotenv.2019.05.291,SI_table:1,real_model_ready,False
10.1016/j.scitotenv.2019.05.291,SI_table:1,23.109,113.2279,,HM+OP,,,,,,,,,,,,,0.136,,,,,,,,,,,0,0,0,10.1016/j.scitotenv.2019.05.291,SI_table:1,real_model_ready,False
10.1016/j.scitotenv.2019.05.291,SI_table:1,23.0954,113.2224,,HM+OP,,,,,,,,,,,,,0.031,,,,,,,,,,,0,0,0,10.1016/j.scitotenv.2019.05.291,SI_table:1,real_model_ready,False
10.1016/j.scitotenv.2019.05.291,SI_table:1,23.097,113.2339,,HM+OP,,,,,,,,,,,,,0.029,,,,,,,,,,,0,0,0,10.1016/j.scitotenv.2019.05.291,SI_table:1,real_model_ready,False
10.1016/j.scitotenv.2019.05.291,SI_table:1,23.0997,113.2457,,HM+OP,,,,,,,,,,,,,0.008,,,,,,,,,,,0,0,0,10.1016/j.scitotenv.2019.05.291,SI_table:1,real_model_ready,False
10.1016/j.scitotenv.2019.05.291,SI_table:1,23.1013,113.2138,,HM+OP,,,,,,,,,,,,,0.007,,,,,,,,,,,0,0,0,10.1016/j.scitotenv.2019.05.291,SI_table:1,real_model_ready,False
10.1016/j.scitotenv.2019.05.291,SI_table:1,23.0608,113.155,,HM+OP,,,,,,,,,,,,,0.0148,,,,,,,,,,,0,0,0,10.1016/j.scitotenv.2019.05.291,SI_table:1,real_model_ready,False
10.1016/j.scitotenv.2019.05.291,SI_table:1,23.0353,113.1176,,HM+OP,,,,,,,,,,,,,0.0049,,,,,,,,,,,0,0,0,10.1016/j.scitotenv.2019.05.291,SI_table:1,real_model_ready,False
10.1016/j.scitotenv.2019.05.291,SI_table:1,23.1176,113.3704,,HM+OP,,,,,,,,,,,,,0.1466,,,,,,,,,,,0,0,0,10.1016/j.scitotenv.2019.05.291,SI_table:1,real_model_ready,False
10.1016/j.scitotenv.2019.05.291,SI_table:1,23.1128,113.4371,,HM+OP,,,,,,,,,,,,,0.0808,,,,,,,,,,,0,0,0,10.1016/j.scitotenv.2019.05.291,SI_table:1,real_model_ready,False
10.1016/j.scitotenv.2019.05.291,SI_table:1,23.0549,113.3497,,HM+OP,,,,,,,,,,,,,0.0738,,,,,,,,,,,0,0,0,10.1016/j.scitotenv.2019.05.291,SI_table:1,real_model_ready,False
10.1016/j.scitotenv.2019.05.291,SI_table:1,23.0603,113.3296,,HM+OP,,,,,,,,,,,,,0.0688,,,,,,,,,,,0,0,0,10.1016/j.scitotenv.2019.05.291,SI_table:1,real_model_ready,False
10.1016/j.scitotenv.2019.05.291,SI_table:1,23.1426,113.3876,,HM+OP,,,,,,,,,,,,,0.031,,,,,,,,,,,0,0,0,10.1016/j.scitotenv.2019.05.291,SI_table:1,real_model_ready,False
10.1016/j.scitotenv.2019.05.291,SI_table:1,23.0782,113.4227,,HM+OP,,,,,,,,,,,,,0.0272,,,,,,,,,,,0,0,0,10.1016/j.scitotenv.2019.05.291,SI_table:1,real_model_ready,False
10.1016/j.scitotenv.2019.05.291,SI_table:1,23.3017,113.1686,,HM+OP,,,,,,,,,,,,,0.023,,,,,,,,,,,0,0,0,10.1016/j.scitotenv.2019.05.291,SI_table:1,real_model_ready,False
10.1016/j.scitotenv.2019.05.291,SI_table:1,23.1181,113.4365,,HM+OP,,,,,,,,,,,,,0.0208,,,,,,,,,,,0,0,0,10.1016/j.scitotenv.2019.05.291,SI_table:1,real_model_ready,False
10.1016/j.scitotenv.2019.05.291,SI_table:1,23.1383,113.4279,,HM+OP,,,,,,,,,,,,,0.0206,,,,,,,,,,,0,0,0,10.1016/j.scitotenv.2019.05.291,SI_table:1,real_model_ready,False
10.1016/j.scitotenv.2019.05.291,SI_table:1,23.1572,113.2377,,HM+OP,,,,,,,,,,,,,0.0148,,,,,,,,,,,0,0,0,10.1016/j.scitotenv.2019.05.291,SI_table:1,real_model_ready,False
10.1016/j.scitotenv.2019.05.291,SI_table:1,23.1383,113.4619,,HM+OP,,,,,,,,,,,,,0.008,,,,,,,,,,,0,0,0,10.1016/j.scitotenv.2019.05.291,SI_table:1,real_model_ready,False
10.1016/j.scitotenv.2019.05.291,SI_table:1,23.2012,113.2655,,HM+OP,,,,,,,,,,,,,0.0049,,,,,,,,,,,0,0,0,10.1016/j.scitotenv.2019.05.291,SI_table:1,real_model_ready,False
10.1016/j.scitotenv.2019.05.291,SI_table:1,23.3441,113.2975,,HM+OP,,,,,,,,,,,,,0.0048,,,,,,,,,,,0,0,0,10.1016/j.scitotenv.2019.05.291,SI_table:1,real_model_ready,False
10.1016/j.scitotenv.2019.05.291,SI_table:1,23.1119,113.2984,,HM+OP,,,,,,,,,,,,,0.023,,,,,,,,,,,0,0,0,10.1016/j.scitotenv.2019.05.291,SI_table:1,real_model_ready,False
10.1016/j.scitotenv.2019.05.291,SI_table:1,23.0811,113.2927,,HM+OP,,,,,,,,,,,,,0.01,,,,,,,,,,,0,0,0,10.1016/j.scitotenv.2019.05.291,SI_table:1,real_model_ready,False
10.1016/j.scitotenv.2019.05.291,SI_table:1,23.1134,113.3305,,HM+OP,,,,,,,,,,,,,0.009,,,,,,,,,,,0,0,0,10.1016/j.scitotenv.2019.05.291,SI_table:1,real_model_ready,False
10.1016/j.scitotenv.2019.05.291,SI_table:1,23.0682,113.3311,,HM+OP,,,,,,,,,,,,,0.006,,,,,,,,,,,0,0,0,10.1016/j.scitotenv.2019.05.291,SI_table:1,real_model_ready,False
10.1016/j.scitotenv.2019.05.291,SI_table:1,23.3653,113.3204,,HM+OP,,,,,,,,,,,,,0.37,,,,,,,,,,,0,0,0,10.1016/j.scitotenv.2019.05.291,SI_table:1,real_model_ready,False
10.1016/j.scitotenv.2019.05.291,SI_table:1,23.4418,113.1594,,HM+OP,,,,,,,,,,,,,0.022,,,,,,,,,,,0,0,0,10.1016/j.scitotenv.2019.05.291,SI_table:1,real_model_ready,False
10.1016/j.scitotenv.2019.05.291,SI_table:1,23.5054,113.2699,,HM+OP,,,,,,,,,,,,,0.0,,,,,,,,,,,0,0,0,10.1016/j.scitotenv.2019.05.291,SI_table:1,real_model_ready,False
10.1016/j.scitotenv.2019.05.291,SI_table:1,23.1611,113.5132,,HM+OP,,,,,,,,,,,,,0.028,,,,,,,,,,,0,0,0,10.1016/j.scitotenv.2019.05.291,SI_table:1,real_model_ready,False
10.1016/j.scitotenv.2019.05.291,SI_table:1,23.1495,113.5755,,HM+OP,,,,,,,,,,,,,0.018,,,,,,,,,,,0,0,0,10.1016/j.scitotenv.2019.05.291,SI_table:1,real_model_ready,False
10.1016/j.scitotenv.2019.05.291,SI_table:1,23.1766,113.5513,,HM+OP,,,,,,,,,,,,,0.017,,,,,,,,,,,0,0,0,10.1016/j.scitotenv.2019.05.291,SI_table:1,real_model_ready,False
10.1016/j.scitotenv.2019.05.291,SI_table:1,23.1621,113.4757,,HM+OP,,,,,,,,,,,,,0.016,,,,,,,,,,,0,0,0,10.1016/j.scitotenv.2019.05.291,SI_table:1,real_model_ready,False
10.1016/j.scitotenv.2019.05.291,SI_table:1,23.1813,113.512,,HM+OP,,,,,,,,,,,,,0.015,,,,,,,,,,,0,0,0,10.1016/j.scitotenv.2019.05.291,SI_table:1,real_model_ready,False
10.1016/j.scitotenv.2019.05.291,SI_table:1,23.1543,113.5922,,HM+OP,,,,,,,,,,,,,0.011,,,,,,,,,,,0,0,0,10.1016/j.scitotenv.2019.05.291,SI_table:1,real_model_ready,False
10.1016/j.scitotenv.2019.05.291,SI_table:1,23.1558,113.4936,,HM+OP,,,,,,,,,,,,,0.01,,,,,,,,,,,0,0,0,10.1016/j.scitotenv.2019.05.291,SI_table:1,real_model_ready,False
10.1016/j.scitotenv.2019.05.291,SI_table:1,23.1463,113.5536,,HM+OP,,,,,,,,,,,,,0.009,,,,,,,,,,,0,0,0,10.1016/j.scitotenv.2019.05.291,SI_table:1,real_model_ready,False
10.1016/j.scitotenv.2019.05.291,SI_table:1,23.1718,113.5184,,HM+OP,,,,,,,,,,,,,0.006,,,,,,,,,,,0,0,0,10.1016/j.scitotenv.2019.05.291,SI_table:1,real_model_ready,False
10.1016/j.scitotenv.2019.05.291,SI_table:1,23.1834,113.5069,,HM+OP,,,,,,,,,,,,,0.005,,,,,,,,,,,0,0,0,10.1016/j.scitotenv.2019.05.291,SI_table:1,real_model_ready,False
10.1016/j.scitotenv.2019.05.291,SI_table:1,23.1713,113.5605,,HM+OP,,,,,,,,,,,,,0.005,,,,,,,,,,,0,0,0,10.1016/j.scitotenv.2019.05.291,SI_table:1,real_model_ready,False
10.1016/j.scitotenv.2019.05.291,SI_table:1,23.1362,113.5611,,HM+OP,,,,,,,,,,,,,0.0,,,,,,,,,,,0,0,0,10.1016/j.scitotenv.2019.05.291,SI_table:1,real_model_ready,False
10.1016/j.scitotenv.2019.05.291,SI_table:1,23.168,113.519,,HM+OP,,,,,,,,,,,,,0.0,,,,,,,,,,,0,0,0,10.1016/j.scitotenv.2019.05.291,SI_table:1,real_model_ready,False
10.1016/j.scitotenv.2019.05.291,SI_table:1,23.0163,113.7005,,HM+OP,,,,,,,,,,,,,0.008,,,,,,,,,,,0,0,0,10.1016/j.scitotenv.2019.05.291,SI_table:1,real_model_ready,False
10.1016/j.scitotenv.2019.05.291,SI_table:1,23.03,114.1095,,HM+OP,,,,,,,,,,,,,0.0,,,,,,,,,,,0,0,0,10.1016/j.scitotenv.2019.05.291,SI_table:1,real_model_ready,False
10.1016/j.scitotenv.2019.05.291,SI_table:1,22.6628,113.8683,,HM+OP,,,,,,,,,,,,,0.37,,,,,,,,,,,0,0,0,10.1016/j.scitotenv.2019.05.291,SI_table:1,real_model_ready,False
10.1016/j.scitotenv.2019.05.291,SI_table:1,22.5858,113.9603,,HM+OP,,,,,,,,,,,,,0.038,,,,,,,,,,,0,0,0,10.1016/j.scitotenv.2019.05.291,SI_table:1,real_model_ready,False
10.1016/j.scitotenv.2019.05.291,SI_table:1,22.5427,114.0616,,HM+OP,,,,,,,,,,,,,0.013,,,,,,,,,,,0,0,0,10.1016/j.scitotenv.2019.05.291,SI_table:1,real_model_ready,False
10.1016/j.scitotenv.2019.05.291,SI_table:1,23.105,113.8198,,HM+OP,,,,,,,,,,,,,0.0,,,,,,,,,,,0,0,0,10.1016/j.scitotenv.2019.05.291,SI_table:1,real_model_ready,False
10.1016/j.scitotenv.2019.05.291,SI_table:1,22.8003,113.2964,,HM+OP,,,,,,,,,,,,,0.0061,,,,,,,,,,,0,0,0,10.1016/j.scitotenv.2019.05.291,SI_table:1,real_model_ready,False
10.1016/j.scitotenv.2019.05.291,SI_table:1,22.8096,113.2912,,HM+OP,,,,,,,,,,,,,0.0034,,,,,,,,,,,0,0,0,10.1016/j.scitotenv.2019.05.291,SI_table:1,real_model_ready,False
10.1016/j.scitotenv.2019.05.291,SI_table:1,23.3317,113.3852,,HM+OP,,,,,,,,,,,,,0.006,,,,,,,,,,,0,0,0,10.1016/j.scitotenv.2019.05.291,SI_table:1,real_model_ready,False
10.1016/j.scitotenv.2019.05.291,SI_table:1,23.2682,113.2635,,HM+OP,,,,,,,,,,,,,0.005,,,,,,,,,,,0,0,0,10.1016/j.scitotenv.2019.05.291,SI_table:1,real_model_ready,False
10.1016/j.scitotenv.2019.05.291,SI_table:1,22.8131,114.0755,,HM+OP,,,,,,,,,,,,,0.0,,,,,,,,,,,0,0,0,10.1016/j.scitotenv.2019.05.291,SI_table:1,real_model_ready,False
10.1016/j.scitotenv.2019.05.291,SI_table:1,23.051,113.8732,,HM+OP,,,,,,,,,,,,,0.0,,,,,,,,,,,0,0,0,10.1016/j.scitotenv.2019.05.291,SI_table:1,real_model_ready,False
10.1016/j.scitotenv.2019.05.291,SI_table:1,23.0163,113.7005,,HM+OP,,,,,,,,,,,,,0.009,,,,,,,,,,,0,0,0,10.1016/j.scitotenv.2019.05.291,SI_table:1,real_model_ready,False
10.1016/j.scitotenv.2019.05.291,SI_table:1,22.8503,108.2906,,HM+OP,,,,,,,,,,,,,0.0,,,,,,,,,,,0,0,0,10.1016/j.scitotenv.2019.05.291,SI_table:1,real_model_ready,False
10.1016/j.scitotenv.2019.05.291,SI_table:1,22.9198,108.6079,,HM+OP,,,,,,,,,,,,,0.0,,,,,,,,,,,0,0,0,10.1016/j.scitotenv.2019.05.291,SI_table:1,real_model_ready,False
10.1016/j.scitotenv.2019.05.291,SI_table:1,23.1038,108.2816,,HM+OP,,,,,,,,,,,,,0.0,,,,,,,,,,,0,0,0,10.1016/j.scitotenv.2019.05.291,SI_table:1,real_model_ready,False
10.1016/j.scitotenv.2019.05.291,SI_table:1,31.0362,114.4269,,HM+OP,,,,,,,,,,,,,0.0079,,,,,,,,,,,0,0,0,10.1016/j.scitotenv.2019.05.291,SI_table:1,real_model_ready,False
10.1016/j.scitotenv.2019.05.291,SI_table:1,30.3454,113.913,,HM+OP,,,,,,,,,,,,,0.00307,,,,,,,,,,,0,0,0,10.1016/j.scitotenv.2019.05.291,SI_table:1,real_model_ready,False
10.1016/j.scitotenv.2019.05.291,SI_table:1,32.1303,112.3482,,HM+OP,,,,,,,,,,,,,0.00795,,,,,,,,,,,0,0,0,10.1016/j.scitotenv.2019.05.291,SI_table:1,real_model_ready,False
10.1016/j.scitotenv.2019.05.291,SI_table:1,30.9886,111.4197,,HM+OP,,,,,,,,,,,,,0.0018,,,,,,,,,,,0,0,0,10.1016/j.scitotenv.2019.05.291,SI_table:1,real_model_ready,False
10.1016/j.scitotenv.2019.05.291,SI_table:1,30.2936,112.3651,,HM+OP,,,,,,,,,,,,,0.00217,,,,,,,,,,,0,0,0,10.1016/j.scitotenv.2019.05.291,SI_table:1,real_model_ready,False
10.1016/j.scitotenv.2019.05.291,SI_table:1,32.0007,118.7314,,HM+OP,,,,,,,,,,,,,0.002,,,,,,,,,,,0,0,0,10.1016/j.scitotenv.2019.05.291,SI_table:1,real_model_ready,False
10.1016/j.scitotenv.2019.05.291,SI_table:1,32.3168,118.8019,,HM+OP,,,,,,,,,,,,,0.01057,,,,,,,,,,,0,0,0,10.1016/j.scitotenv.2019.05.291,SI_table:1,real_model_ready,False
10.1016/j.scitotenv.2019.05.291,SI_table:1,32.0586,118.5949,,HM+OP,,,,,,,,,,,,,0.0046,,,,,,,,,,,0,0,0,10.1016/j.scitotenv.2019.05.291,SI_table:1,real_model_ready,False
10.1016/j.scitotenv.2019.05.291,SI_table:1,32.0889,118.9222,,HM+OP,,,,,,,,,,,,,0.00052,,,,,,,,,,,0,0,0,10.1016/j.scitotenv.2019.05.291,SI_table:1,real_model_ready,False
10.1016/j.scitotenv.2019.05.291,SI_table:1,31.9071,118.6787,,HM+OP,,,,,,,,,,,,,0.00186,,,,,,,,,,,0,0,0,10.1016/j.scitotenv.2019.05.291,SI_table:1,real_model_ready,False
10.1016/j.scitotenv.2019.05.291,SI_table:1,43.8,125.3333,,HM+OP,,,,,,,,,,,,,0.45844,,,,,,,,,,,0,0,0,10.1016/j.scitotenv.2019.05.291,SI_table:1,real_model_ready,False
10.1016/j.scitotenv.2019.05.291,SI_table:1,41.2199,122.826,,HM+OP,,,,,,,,,,,,,0.0546,,,,,,,,,,,0,0,0,10.1016/j.scitotenv.2019.05.291,SI_table:1,real_model_ready,False
10.1016/j.scitotenv.2019.05.291,SI_table:1,41.336,123.0274,,HM+OP,,,,,,,,,,,,,0.0216,,,,,,,,,,,0,0,0,10.1016/j.scitotenv.2019.05.291,SI_table:1,real_model_ready,False
10.1016/j.scitotenv.2019.05.291,SI_table:1,42.0613,123.3652,,HM+OP,,,,,,,,,,,,,0.0076,,,,,,,,,,,0,0,0,10.1016/j.scitotenv.2019.05.291,SI_table:1,real_model_ready,False
10.1016/j.scitotenv.2019.05.291,SI_table:1,36.3489,113.1995,,HM+OP,,,,,,,,,,,,,0.298,,,,,,,,,,,0,0,0,10.1016/j.scitotenv.2019.05.291,SI_table:1,real_model_ready,False
10.1016/j.scitotenv.2019.05.291,SI_table:1,34.4988,108.1127,,HM+OP,,,,,,,,,,,,,0.06558,,,,,,,,,,,0,0,0,10.1016/j.scitotenv.2019.05.291,SI_table:1,real_model_ready,False
10.1016/j.scitotenv.2019.05.291,SI_table:1,34.2974,108.6798,,HM+OP,,,,,,,,,,,,,0.00177,,,,,,,,,,,0,0,0,10.1016/j.scitotenv.2019.05.291,SI_table:1,real_model_ready,False
10.1016/j.scitotenv.2019.05.291,SI_table:1,34.2914,108.7135,,HM+OP,,,,,,,,,,,,,0.00192,,,,,,,,,,,0,0,0,10.1016/j.scitotenv.2019.05.291,SI_table:1,real_model_ready,False
10.1016/j.scitotenv.2019.05.291,SI_table:1,34.312,108.7312,,HM+OP,,,,,,,,,,,,,0.00672,,,,,,,,,,,0,0,0,10.1016/j.scitotenv.2019.05.291,SI_table:1,real_model_ready,False
10.1016/j.scitotenv.2019.05.291,SI_table:1,34.4828,108.0978,,HM+OP,,,,,,,,,,,,,0.01944,,,,,,,,,,,0,0,0,10.1016/j.scitotenv.2019.05.291,SI_table:1,real_model_ready,False
10.1016/j.scitotenv.2019.05.291,SI_table:1,36.2457,119.9843,,HM+OP,,,,,,,,,,,,,0.0151,,,,,,,,,,,0,0,0,10.1016/j.scitotenv.2019.05.291,SI_table:1,real_model_ready,False
10.1016/j.scitotenv.2019.05.291,SI_table:1,31.39,121.42,,HM+OP,,,,,,,,,,,,,0.02481,,,,,,,,,,,0,0,0,10.1016/j.scitotenv.2019.05.291,SI_table:1,real_model_ready,False
10.1016/j.scitotenv.2019.05.291,SI_table:1,30.98,121.46,,HM+OP,,,,,,,,,,,,,0.01565,,,,,,,,,,,0,0,0,10.1016/j.scitotenv.2019.05.291,SI_table:1,real_model_ready,False
10.1016/j.scitotenv.2019.05.291,SI_table:1,31.04,121.5,,HM+OP,,,,,,,,,,,,,0.01525,,,,,,,,,,,0,0,0,10.1016/j.scitotenv.2019.05.291,SI_table:1,real_model_ready,False
10.1016/j.scitotenv.2019.05.291,SI_table:1,31.05,121.45,,HM+OP,,,,,,,,,,,,,0.01538,,,,,,,,,,,0,0,0,10.1016/j.scitotenv.2019.05.291,SI_table:1,real_model_ready,False
10.1016/j.scitotenv.2019.05.291,SI_table:1,31.26,121.14,,HM+OP,,,,,,,,,,,,,0.01513,,,,,,,,,,,0,0,0,10.1016/j.scitotenv.2019.05.291,SI_table:1,real_model_ready,False
10.1016/j.scitotenv.2019.05.291,SI_table:1,31.07,121.34,,HM+OP,,,,,,,,,,,,,0.02475,,,,,,,,,,,0,0,0,10.1016/j.scitotenv.2019.05.291,SI_table:1,real_model_ready,False
10.1016/j.scitotenv.2019.05.291,SI_table:1,31.15,121.54,,HM+OP,,,,,,,,,,,,,0.02158,,,,,,,,,,,0,0,0,10.1016/j.scitotenv.2019.05.291,SI_table:1,real_model_ready,False
10.1016/j.scitotenv.2019.05.291,SI_table:1,31.03,121.46,,HM+OP,,,,,,,,,,,,,0.02412,,,,,,,,,,,0,0,0,10.1016/j.scitotenv.2019.05.291,SI_table:1,real_model_ready,False
10.1016/j.scitotenv.2019.05.291,SI_table:1,23.6403,108.3955,,HM+OP,,,,,,,,,,,,,0.37948,,,,,,,,,,,0,0,0,10.1016/j.scitotenv.2019.05.291,SI_table:1,real_model_ready,False
10.1016/j.scitotenv.2019.05.291,SI_table:1,39.0412,117.1329,,HM+OP,,,,,,,,,,,,,0.336,,,,,,,,,,,0,0,0,10.1016/j.scitotenv.2019.05.291,SI_table:1,real_model_ready,False
10.1016/j.scitotenv.2019.05.291,SI_table:1,38.9597,117.2648,,HM+OP,,,,,,,,,,,,,0.02341,,,,,,,,,,,0,0,0,10.1016/j.scitotenv.2019.05.291,SI_table:1,real_model_ready,False
10.1016/j.scitotenv.2019.05.291,SI_table:1,22.9031,113.4725,,HM+OP,,,,,,,,,,,,,0.0111,,,,,,,,,,,0,0,0,10.1016/j.scitotenv.2019.05.291,SI_table:1,real_model_ready,False
10.1016/j.scitotenv.2019.05.291,SI_table:1,39.2673,117.3727,,HM+OP,,,,,,,,,,,,,0.0072,,,,,,,,,,,0,0,0,10.1016/j.scitotenv.2019.05.291,SI_table:1,real_model_ready,False
10.1016/j.scitotenv.2019.05.291,SI_table:1,39.0867,116.9283,,HM+OP,,,,,,,,,,,,,0.0,,,,,,,,,,,0,0,0,10.1016/j.scitotenv.2019.05.291,SI_table:1,real_model_ready,False
10.1016/j.scitotenv.2019.05.291,SI_table:1,30.3986,120.129,,HM+OP,,,,,,,,,,,,,0.1383,,,,,,,,,,,0,0,0,10.1016/j.scitotenv.2019.05.291,SI_table:1,real_model_ready,False
10.1016/j.scitotenv.2019.05.291,SI_table:1,22.7743,113.9603,,HM+OP,,,,,,,,,,,,,0.0007,,,,,,,,,,,0,0,0,10.1016/j.scitotenv.2019.05.291,SI_table:1,real_model_ready,False
10.1016/j.scitotenv.2019.05.291,SI_table:1,22.7728,114.2747,,HM+OP,,,,,,,,,,,,,0.00065,,,,,,,,,,,0,0,0,10.1016/j.scitotenv.2019.05.291,SI_table:1,real_model_ready,False
10.1016/j.scitotenv.2019.05.291,SI_table:1,25.0281,117.9147,,HM+OP,,,,,,,,,,,,,0.00119,,,,,,,,,,,0,0,0,10.1016/j.scitotenv.2019.05.291,SI_table:1,real_model_ready,False
10.1016/j.scitotenv.2019.05.291,SI_table:2,,,安徽,HM+OP,,,,0.8,45,,123.56,,77.38,130.3,,,0.0024,,,,,,,,,,,1,0,1,10.1016/j.scitotenv.2019.05.291,SI_table:2,real_model_ready,False
10.1016/j.scitotenv.2019.05.291,SI_table:2,,,北京,HM+OP,,,,0.25,28.03,,41.84,,35.46,94.29,,,0.0211,,,,,,,,,,,0,0,0,10.1016/j.scitotenv.2019.05.291,SI_table:2,real_model_ready,False
10.1016/j.scitotenv.2019.05.291,SI_table:2,,,重庆,HM+OP,,,,0.47,36.42,,208.02,,62.8,214.59,,,,,,,,,,,,,,1,0,1,10.1016/j.scitotenv.2019.05.291,SI_table:2,real_model_ready,False
10.1016/j.scitotenv.2019.05.291,SI_table:2,,,福建,HM+OP,,,,0.18,70.45,,64.41,,36.65,95.06,,,0.0307,,,,,,,,,,,0,0,0,10.1016/j.scitotenv.2019.05.291,SI_table:2,real_model_ready,False
10.1016/j.scitotenv.2019.05.291,SI_table:2,,,甘肃,HM+OP,,,,1.17,19.63,,32.51,,32.14,79.5,,,,,,,,,,,,,,1,0,1,10.1016/j.scitotenv.2019.05.291,SI_table:2,real_model_ready,False
10.1016/j.scitotenv.2019.05.291,SI_table:2,,,广东,HM+OP,,,,0.19,71.08,,37.09,,20.21,88.47,,,0.0267,,,,,,,,,,,0,0,0,10.1016/j.scitotenv.2019.05.291,SI_table:2,real_model_ready,False
10.1016/j.scitotenv.2019.05.291,SI_table:2,,,广西,HM+OP,,,,0.84,62.58,,86.92,,27.32,155.01,,,0.0637,,,,,,,,,,,1,0,1,10.1016/j.scitotenv.2019.05.291,SI_table:2,real_model_ready,False
10.1016/j.scitotenv.2019.05.291,SI_table:2,,,贵州,HM+OP,,,,0.52,60.9,,92.66,,28.39,88.06,,,0.0032,,,,,,,,,,,1,0,1,10.1016/j.scitotenv.2019.05.291,SI_table:2,real_model_ready,False
10.1016/j.scitotenv.2019.05.291,SI_table:2,,,海南,HM+OP,,,,0.24,52.59,,91.08,,26.44,70.66,,,,,,,,,,,,,,0,0,0,10.1016/j.scitotenv.2019.05.291,SI_table:2,real_model_ready,False
10.1016/j.scitotenv.2019.05.291,SI_table:2,,,河北,HM+OP,,,,0.26,24.15,,70.29,,31.46,80.77,,,,,,,,,,,,,,0,0,0,10.1016/j.scitotenv.2019.05.291,SI_table:2,real_model_ready,False
10.1016/j.scitotenv.2019.05.291,SI_table:2,,,黑龙江,HM+OP,,,,0.19,33.77,,56.3,,23.47,74.07,,,,,,,,,,,,,,0,0,0,10.1016/j.scitotenv.2019.05.291,SI_table:2,real_model_ready,False
10.1016/j.scitotenv.2019.05.291,SI_table:2,,,河南,HM+OP,,,,1.04,23.86,,73.14,,25.63,111.71,,,0.0027,,,,,,,,,,,1,0,1,10.1016/j.scitotenv.2019.05.291,SI_table:2,real_model_ready,False
10.1016/j.scitotenv.2019.05.291,SI_table:2,,,香港,HM+OP,,,,,,,,,,,,,0.0009,,,,,,,,,,,0,0,0,10.1016/j.scitotenv.2019.05.291,SI_table:2,real_model_ready,False
10.1016/j.scitotenv.2019.05.291,SI_table:2,,,湖北,HM+OP,,,,1.33,43.71,,91.96,,40.75,120.18,,,0.0095,,,,,,,,,,,1,0,1,10.1016/j.scitotenv.2019.05.291,SI_table:2,real_model_ready,False
10.1016/j.scitotenv.2019.05.291,SI_table:2,,,湖南,HM+OP,,,,4.18,155.81,,80.59,,53.02,316.76,,,,,,,,,,,,,,1,0,1,10.1016/j.scitotenv.2019.05.291,SI_table:2,real_model_ready,False
10.1016/j.scitotenv.2019.05.291,SI_table:2,,,内蒙古,HM+OP,,,,0.23,21.19,,51.66,,27.29,81.6,,,,,,,,,,,,,,0,0,0,10.1016/j.scitotenv.2019.05.291,SI_table:2,real_model_ready,False
10.1016/j.scitotenv.2019.05.291,SI_table:2,,,江苏,HM+OP,,,,0.16,32.8,,66.61,,32.25,81.21,,,0.0422,,,,,,,,,,,0,0,0,10.1016/j.scitotenv.2019.05.291,SI_table:2,real_model_ready,False
10.1016/j.scitotenv.2019.05.291,SI_table:2,,,江西,HM+OP,,,,0.28,46.38,,41.54,,77.27,85.16,,,0.0027,,,,,,,,,,,0,0,0,10.1016/j.scitotenv.2019.05.291,SI_table:2,real_model_ready,False
10.1016/j.scitotenv.2019.05.291,SI_table:2,,,吉林,HM+OP,,,,0.4,21.72,,36.72,,26.81,80.25,,,0.2379,,,,,,,,,,,1,0,1,10.1016/j.scitotenv.2019.05.291,SI_table:2,real_model_ready,False
10.1016/j.scitotenv.2019.05.291,SI_table:2,,,辽宁,HM+OP,,,,2.71,93.89,,85.38,,45.19,105.02,,,0.087,,,,,,,,,,,1,0,1,10.1016/j.scitotenv.2019.05.291,SI_table:2,real_model_ready,False
10.1016/j.scitotenv.2019.05.291,SI_table:2,,,宁夏,HM+OP,,,,0.15,18.35,,54.15,,22,66.08,,,,,,,,,,,,,,0,0,0,10.1016/j.scitotenv.2019.05.291,SI_table:2,real_model_ready,False
10.1016/j.scitotenv.2019.05.291,SI_table:2,,,青海,HM+OP,,,,0.18,21.32,,50.58,,20.27,57.34,,,,,,,,,,,,,,0,0,0,10.1016/j.scitotenv.2019.05.291,SI_table:2,real_model_ready,False
10.1016/j.scitotenv.2019.05.291,SI_table:2,,,陕西,HM+OP,,,,0.24,32.46,,61.48,,19.69,60.18,,,0.047,,,,,,,,,,,0,0,0,10.1016/j.scitotenv.2019.05.291,SI_table:2,real_model_ready,False
10.1016/j.scitotenv.2019.05.291,SI_table:2,,,山东,HM+OP,,,,0.14,20.78,,56.5,,21.23,54.76,,,0.0133,,,,,,,,,,,0,0,0,10.1016/j.scitotenv.2019.05.291,SI_table:2,real_model_ready,False
10.1016/j.scitotenv.2019.05.291,SI_table:2,,,上海,HM+OP,,,,0.21,34.32,,70.01,,32.78,131.18,,,0.0338,,,,,,,,,,,0,0,0,10.1016/j.scitotenv.2019.05.291,SI_table:2,real_model_ready,False
10.1016/j.scitotenv.2019.05.291,SI_table:2,,,四川,HM+OP,,,,0.14,22,,45.18,,16.88,78.72,,,,,,,,,,,,,,0,0,0,10.1016/j.scitotenv.2019.05.291,SI_table:2,real_model_ready,False
10.1016/j.scitotenv.2019.05.291,SI_table:2,,,天津,HM+OP,,,,0.4,36.01,,77.42,,34.66,125.57,,,0.0441,,,,,,,,,,,1,0,1,10.1016/j.scitotenv.2019.05.291,SI_table:2,real_model_ready,False
10.1016/j.scitotenv.2019.05.291,SI_table:2,,,西藏,HM+OP,,,,0.1,25.08,,51.0,,23.46,66.74,,,,,,,,,,,,,,0,0,0,10.1016/j.scitotenv.2019.05.291,SI_table:2,real_model_ready,False
10.1016/j.scitotenv.2019.05.291,SI_table:2,,,新疆,HM+OP,,,,0.43,25.02,,68.13,,22.56,84.57,,,0.0067,,,,,,,,,,,1,0,1,10.1016/j.scitotenv.2019.05.291,SI_table:2,real_model_ready,False
10.1016/j.scitotenv.2019.05.291,SI_table:2,,,云南,HM+OP,,,,2.64,134.61,,121.61,,119.92,430.45,,,,,,,,,,,,,,1,0,1,10.1016/j.scitotenv.2019.05.291,SI_table:2,real_model_ready,False
10.1016/j.scitotenv.2019.05.291,SI_table:2,,,浙江,HM+OP,,,,0.27,35.65,,82.36,,33.63,111.59,,,0.0362,,,,,,,,,,,0,0,0,10.1016/j.scitotenv.2019.05.291,SI_table:2,real_model_ready,False
10.1016/j.scitotenv.2019.05.291,SI_table:7,,,,HM+OP,,,,0,0.84,,2.36,,898.57,0.71,,,0.0001,,,,,,,,,,,1,0,1,10.1016/j.scitotenv.2019.05.291,SI_table:7,real_model_ready,False
10.1016/j.scitotenv.2019.05.291,SI_table:7,,,,HM+OP,,,,24,1772.78,,397.83,,1.77,1995.11,,,0.5523,,,,,,,,,,,1,1,1,10.1016/j.scitotenv.2019.05.291,SI_table:7,real_model_ready,False
10.1016/j.scitotenv.2019.05.291,SI_table:7,,,,HM+OP,,,,0.74,59.34,,81.7,,38.36,128.96,,,0.0368,,,,,,,,,,,1,0,1,10.1016/j.scitotenv.2019.05.291,SI_table:7,real_model_ready,False
10.1016/j.scitotenv.2019.05.291,SI_table:7,,,,HM+OP,,,,0.01,0.36,,0.0,,9.25,11,,,0.0,,,,,,,,,,,0,0,0,10.1016/j.scitotenv.2019.05.291,SI_table:7,real_model_ready,False
10.1016/j.scitotenv.2019.05.291,SI_table:7,,,,HM+OP,,,,72.81,1061.6,,992.38,,1247.82,1834.3,,,0.4584,,,,,,,,,,,1,1,1,10.1016/j.scitotenv.2019.05.291,SI_table:7,real_model_ready,False
10.1016/j.scitotenv.2019.05.291,SI_table:7,,,,HM+OP,,,,2.46,62.38,,71.31,,49.84,143.58,,,0.0378,,,,,,,,,,,1,0,1,10.1016/j.scitotenv.2019.05.291,SI_table:7,real_model_ready,False
10.1016/j.scitotenv.2019.05.291,SI_table:7,,,,HM+OP,,,,0.01,0.9,,6.53,,1.3,26.99,,,0.0007,,,,,,,,,,,0,0,0,10.1016/j.scitotenv.2019.05.291,SI_table:7,real_model_ready,False
10.1016/j.scitotenv.2019.05.291,SI_table:7,,,,HM+OP,,,,3.02,173.71,,142.502,,140.244,172.5,,,0.0007,,,,,,,,,,,1,0,1,10.1016/j.scitotenv.2019.05.291,SI_table:7,real_model_ready,False
10.1016/j.scitotenv.2019.05.291,SI_table:7,,,,HM+OP,,,,0.26,34.74,,54.06,,25.62,73.17,,,0.0007,,,,,,,,,,,0,0,0,10.1016/j.scitotenv.2019.05.291,SI_table:7,real_model_ready,False
10.1016/j.scitotenv.2019.05.291,SI_table:7,,,,HM+OP,,,,0.021,0.027,,5.16,,0.118,41.22,,,0.0012,,,,,,,,,,,0,0,0,10.1016/j.scitotenv.2019.05.291,SI_table:7,real_model_ready,False
10.1016/j.scitotenv.2019.05.291,SI_table:7,,,,HM+OP,,,,0.8,426,,119.67,,66.13,202.63,,,0.0012,,,,,,,,,,,1,0,1,10.1016/j.scitotenv.2019.05.291,SI_table:7,real_model_ready,False
10.1016/j.scitotenv.2019.05.291,SI_table:7,,,,HM+OP,,,,0.17,26.62,,44.37,,15.34,84.38,,,0.0012,,,,,,,,,,,0,0,0,10.1016/j.scitotenv.2019.05.291,SI_table:7,real_model_ready,False
10.1016/j.scitotenv.2019.05.291,SI_table:7,,,,HM+OP,,,,0.022,0.47,,0.33,,3.21,4.49,,,,,,,,,,,,,,0,0,0,10.1016/j.scitotenv.2019.05.291,SI_table:7,real_model_ready,False
10.1016/j.scitotenv.2019.05.291,SI_table:7,,,,HM+OP,,,,1.68,64.34,,190.6,,125.4,341,,,,,,,,,,,,,,1,0,1,10.1016/j.scitotenv.2019.05.291,SI_table:7,real_model_ready,False
10.1016/j.scitotenv.2019.05.291,SI_table:7,,,,HM+OP,,,,0.36,23.26,,55.05,,29.12,93.08,,,,,,,,,,,,,,1,0,1,10.1016/j.scitotenv.2019.05.291,SI_table:7,real_model_ready,False
10.1016/j.scitotenv.2019.05.291,SI_table:7,,,,HM+OP,,,,0,4.99,,4.2,,9.06,21.42,,,,,,,,,,,,,,0,0,0,10.1016/j.scitotenv.2019.05.291,SI_table:7,real_model_ready,False
10.1016/j.scitotenv.2019.05.291,SI_table:7,,,,HM+OP,,,,4.05,532.6,,83.62,,180.74,182.5,,,,,,,,,,,,,,1,0,1,10.1016/j.scitotenv.2019.05.291,SI_table:7,real_model_ready,False
10.1016/j.scitotenv.2019.05.291,SI_table:7,,,,HM+OP,,,,0.18,31.37,,45.27,,24.69,69.09,,,,,,,,,,,,,,0,0,0,10.1016/j.scitotenv.2019.05.291,SI_table:7,real_model_ready,False
10.1007/s00267-008-9268-2,"Diversity of Soil Nematodes in Areas Polluted with Heavy Metals and Polycyclic Aromatic Hydrocarbons (PAHs) in Lanzhou, China",,,甘肃,HM+OP,7.84,,,8.07,67,,62.12,,98.56,240.11,,,,,,,,,,,,,,1,0,1,10.1007/s00267-008-9268-2,"Diversity of Soil Nematodes in Areas Polluted with Heavy Metals and Polycyclic Aromatic Hydrocarbons (PAHs) in Lanzhou, China",real_model_ready,False
10.1007/s00267-008-9268-2,"Diversity of Soil Nematodes in Areas Polluted with Heavy Metals and Polycyclic Aromatic Hydrocarbons (PAHs) in Lanzhou, China",,,甘肃,HM+OP,7.96,,,0.23,18.68,,57.24,,18.78,190,,,,,,,,,,,,,,0,0,0,10.1007/s00267-008-9268-2,"Diversity of Soil Nematodes in Areas Polluted with Heavy Metals and Polycyclic Aromatic Hydrocarbons (PAHs) in Lanzhou, China",real_model_ready,False
10.1007/s00267-008-9268-2,"Diversity of Soil Nematodes in Areas Polluted with Heavy Metals and Polycyclic Aromatic Hydrocarbons (PAHs) in Lanzhou, China",,,甘肃,HM+OP,7.7,,,2.8,38.9,,62.11,,39.36,93.15,,,,,,,,,,,,,,1,0,1,10.1007/s00267-008-9268-2,"Diversity of Soil Nematodes in Areas Polluted with Heavy Metals and Polycyclic Aromatic Hydrocarbons (PAHs) in Lanzhou, China",real_model_ready,False
10.1007/s00267-008-9268-2,"Diversity of Soil Nematodes in Areas Polluted with Heavy Metals and Polycyclic Aromatic Hydrocarbons (PAHs) in Lanzhou, China",,,甘肃,HM+OP,7.86,,,0.21,27.9,,58.21,,22.15,88.05,,,,,,,,,,,,,,0,0,0,10.1007/s00267-008-9268-2,"Diversity of Soil Nematodes in Areas Polluted with Heavy Metals and Polycyclic Aromatic Hydrocarbons (PAHs) in Lanzhou, China",real_model_ready,False
10.1007/s00267-008-9268-2,"Diversity of Soil Nematodes in Areas Polluted with Heavy Metals and Polycyclic Aromatic Hydrocarbons (PAHs) in Lanzhou, China",,,甘肃,HM+OP,7.96,,,,16.54,,49.13,,15.07,55.1,,,,,,,,,,,,,,0,0,0,10.1007/s00267-008-9268-2,"Diversity of Soil Nematodes in Areas Polluted with Heavy Metals and Polycyclic Aromatic Hydrocarbons (PAHs) in Lanzhou, China",real_model_ready,False
10.1007/s11356-014-2995-4,"Heavy metals and polycyclic aromatic hydrocarbons in sediments from the Shenzhen River, South China",22.5302,114.114,广东,HM+OP,,,,0.81,102,11.8,129.0,0.2,162,659,107,1140.0,,,,,,,,,,,,1,1,1,10.1007/s11356-014-2995-4,"Heavy metals and polycyclic aromatic hydrocarbons in sediments from the Shenzhen River, South China",real_model_ready,False
10.1007/s11356-014-2995-4,"Heavy metals and polycyclic aromatic hydrocarbons in sediments from the Shenzhen River, South China",22.5042,114.0563,广东,HM+OP,,,,0.88,82,12.2,139.0,0.3,194,723,133,828.0,,,,,,,,,,,,1,1,1,10.1007/s11356-014-2995-4,"Heavy metals and polycyclic aromatic hydrocarbons in sediments from the Shenzhen River, South China",real_model_ready,False
10.1007/s11356-014-2995-4,"Heavy metals and polycyclic aromatic hydrocarbons in sediments from the Shenzhen River, South China",,,广东,HM+OP,,,,0.82,92,12.3,134.0,0.25,178.2,692.2,120,1028.0,,,,,,,,,,,,1,1,1,10.1007/s11356-014-2995-4,"Heavy metals and polycyclic aromatic hydrocarbons in sediments from the Shenzhen River, South China",real_model_ready,False
10.1016/j.chemosphere.2005.08.037,Simultaneous removal of organic compounds and heavy metals from soils by electrokinetic remediation with a modified cyclodextrin,,,,HM+OP,5.9,,0,,,,,,,,500,500000.0,,,,,,,,,,,,1,1,1,10.1016/j.chemosphere.2005.08.037,Simultaneous removal of organic compounds and heavy metals from soils by electrokinetic remediation with a modified cyclodextrin,real_model_ready,False
10.1016/j.chemosphere.2005.08.037,Simultaneous removal of organic compounds and heavy metals from soils by electrokinetic remediation with a modified cyclodextrin,,,,HM+OP,5.9,,0,,,,,,,,500,500000.0,,,,,,,,,,,,1,1,1,10.1016/j.chemosphere.2005.08.037,Simultaneous removal of organic compounds and heavy metals from soils by electrokinetic remediation with a modified cyclodextrin,real_model_ready,False
10.1016/j.chemosphere.2005.08.037,Simultaneous removal of organic compounds and heavy metals from soils by electrokinetic remediation with a modified cyclodextrin,,,,HM+OP,5.9,,0,,,,,,,,500,500000.0,,,,,,,,,,,,1,1,1,10.1016/j.chemosphere.2005.08.037,Simultaneous removal of organic compounds and heavy metals from soils by electrokinetic remediation with a modified cyclodextrin,real_model_ready,False
10.1016/j.chemosphere.2005.08.037,Simultaneous removal of organic compounds and heavy metals from soils by electrokinetic remediation with a modified cyclodextrin,,,,HM+OP,,,,,,,,,,,,448000.0,,,,,,,,,,,,1,1,1,10.1016/j.chemosphere.2005.08.037,Simultaneous removal of organic compounds and heavy metals from soils by electrokinetic remediation with a modified cyclodextrin,real_model_ready,False
10.1016/j.chemosphere.2005.08.037,Simultaneous removal of organic compounds and heavy metals from soils by electrokinetic remediation with a modified cyclodextrin,,,,HM+OP,,,,,,,,,,,,499000.0,,,,,,,,,,,,1,1,1,10.1016/j.chemosphere.2005.08.037,Simultaneous removal of organic compounds and heavy metals from soils by electrokinetic remediation with a modified cyclodextrin,real_model_ready,False
10.1016/j.chemosphere.2005.08.037,Simultaneous removal of organic compounds and heavy metals from soils by electrokinetic remediation with a modified cyclodextrin,,,,HM+OP,,,,,,,,,,,,492000.0,,,,,,,,,,,,1,1,1,10.1016/j.chemosphere.2005.08.037,Simultaneous removal of organic compounds and heavy metals from soils by electrokinetic remediation with a modified cyclodextrin,real_model_ready,False
10.1016/j.jhazmat.2026.141922,Fungal communities dominate ecosystem multifunctionality in heavy metal-polycyclic aromatic hydrocarbons co-polluted soils: Regulatory role of microbial biomass carbon,,,,HM+OP,,,,,,,,0.54,,,,,,,,,,,,,,,,0,0,0,10.1016/j.jhazmat.2026.141922,Fungal communities dominate ecosystem multifunctionality in heavy metal-polycyclic aromatic hydrocarbons co-polluted soils: Regulatory role of microbial biomass carbon,real_model_ready,False
10.1016/j.jhazmat.2026.141922,Fungal communities dominate ecosystem multifunctionality in heavy metal-polycyclic aromatic hydrocarbons co-polluted soils: Regulatory role of microbial biomass carbon,,,,HM+OP,,,,,,,,0.54,,,,,,,,,,,,,,,,0,0,0,10.1016/j.jhazmat.2026.141922,Fungal communities dominate ecosystem multifunctionality in heavy metal-polycyclic aromatic hydrocarbons co-polluted soils: Regulatory role of microbial biomass carbon,real_model_ready,False
10.1016/j.jhazmat.2026.141922,Fungal communities dominate ecosystem multifunctionality in heavy metal-polycyclic aromatic hydrocarbons co-polluted soils: Regulatory role of microbial biomass carbon,,,,HM+OP,,,,,,,,0.54,,,,,,,,,,,,,,,,0,0,0,10.1016/j.jhazmat.2026.141922,Fungal communities dominate ecosystem multifunctionality in heavy metal-polycyclic aromatic hydrocarbons co-polluted soils: Regulatory role of microbial biomass carbon,real_model_ready,False
10.1016/j.jhazmat.2026.141922,Fungal communities dominate ecosystem multifunctionality in heavy metal-polycyclic aromatic hydrocarbons co-polluted soils: Regulatory role of microbial biomass carbon,,,,HM+OP,,,,,,,,0.54,,,,,,,,,,,,,,,,0,0,0,10.1016/j.jhazmat.2026.141922,Fungal communities dominate ecosystem multifunctionality in heavy metal-polycyclic aromatic hydrocarbons co-polluted soils: Regulatory role of microbial biomass carbon,real_model_ready,False
10.3390/toxics11020143,Microbial Removal of Petroleum Hydrocarbons from Contaminated Soil under Arsenic Stress,,,湖北,HM+OP,8.24,,,,,8.6,,,,,,,,,,,,,,,,,,0,0,0,10.3390/toxics11020143,Microbial Removal of Petroleum Hydrocarbons from Contaminated Soil under Arsenic Stress,real_model_ready,False
10.1007/s11356-014-3171-6,Evaluation of heavy metal and polycyclic aromatic hydrocarbons accumulation in plants from typical industrial sites: potential candidate in phytoremediation for co-contamination,,,湖南,HM+OP,,,,0.079,27.3,13.6,,,25.4,88.6,,1000.0,,,,,,,,,,,,1,1,1,10.1007/s11356-014-3171-6,Evaluation of heavy metal and polycyclic aromatic hydrocarbons accumulation in plants from typical industrial sites: potential candidate in phytoremediation for co-contamination,real_model_ready,False
10.1007/s11356-014-3171-6,Evaluation of heavy metal and polycyclic aromatic hydrocarbons accumulation in plants from typical industrial sites: potential candidate in phytoremediation for co-contamination,,,湖南,HM+OP,,,,,55.5,41.3,,,32.4,161,,4692.0,,,,,,,,,,,,1,1,1,10.1007/s11356-014-3171-6,Evaluation of heavy metal and polycyclic aromatic hydrocarbons accumulation in plants from typical industrial sites: potential candidate in phytoremediation for co-contamination,real_model_ready,False
10.1007/s11356-014-3171-6,Evaluation of heavy metal and polycyclic aromatic hydrocarbons accumulation in plants from typical industrial sites: potential candidate in phytoremediation for co-contamination,,,湖南,HM+OP,,,,34.9,2315,251,,,851,4610,,1091.0,,,,,,,,,,,,1,1,1,10.1007/s11356-014-3171-6,Evaluation of heavy metal and polycyclic aromatic hydrocarbons accumulation in plants from typical industrial sites: potential candidate in phytoremediation for co-contamination,real_model_ready,False
10.1007/s11356-014-3171-6,Evaluation of heavy metal and polycyclic aromatic hydrocarbons accumulation in plants from typical industrial sites: potential candidate in phytoremediation for co-contamination,,,湖南,HM+OP,,,,,53.4,105.4,,,33.8,111,,1097.0,,,,,,,,,,,,1,1,1,10.1007/s11356-014-3171-6,Evaluation of heavy metal and polycyclic aromatic hydrocarbons accumulation in plants from typical industrial sites: potential candidate in phytoremediation for co-contamination,real_model_ready,False
10.1016/j.jhazmat.2009.08.134,"Heavy metal and persistent organic compound contamination in soil from Wenling: An emerging e-waste recycling city in Taizhou area, China",,,浙江,HM+OP,,6.3,2.615,2.6,501.9,,269.1,1,296.3,432.7,48,719400.0,5100.0,,,364300.0,,,,,,,,1,1,1,10.1016/j.jhazmat.2009.08.134,"Heavy metal and persistent organic compound contamination in soil from Wenling: An emerging e-waste recycling city in Taizhou area, China",real_model_ready,False
10.1016/j.jhazmat.2009.08.134,"Heavy metal and persistent organic compound contamination in soil from Wenling: An emerging e-waste recycling city in Taizhou area, China",,,浙江,HM+OP,,5.2,2.365,1.7,170.3,,21.0,0.2,77.9,210.4,14.3,715500.0,5100.0,,,77400.0,,,,,,,,1,1,1,10.1016/j.jhazmat.2009.08.134,"Heavy metal and persistent organic compound contamination in soil from Wenling: An emerging e-waste recycling city in Taizhou area, China",real_model_ready,False
10.1016/j.jhazmat.2009.08.134,"Heavy metal and persistent organic compound contamination in soil from Wenling: An emerging e-waste recycling city in Taizhou area, China",,,浙江,HM+OP,,5.3,2.15,1.9,173.7,,16.4,0.2,155.7,177.7,11.7,607200.0,1100.0,,,123000.0,,,,,,,,1,1,1,10.1016/j.jhazmat.2009.08.134,"Heavy metal and persistent organic compound contamination in soil from Wenling: An emerging e-waste recycling city in Taizhou area, China",real_model_ready,False
10.1016/j.jhazmat.2009.08.134,"Heavy metal and persistent organic compound contamination in soil from Wenling: An emerging e-waste recycling city in Taizhou area, China",,,浙江,HM+OP,,6.2,2.675,2.4,177.2,,95.6,0.9,205.2,399.9,52.6,764000.0,7100.0,,,265700.0,,,,,,,,1,1,1,10.1016/j.jhazmat.2009.08.134,"Heavy metal and persistent organic compound contamination in soil from Wenling: An emerging e-waste recycling city in Taizhou area, China",real_model_ready,False
10.1016/j.jhazmat.2009.08.134,"Heavy metal and persistent organic compound contamination in soil from Wenling: An emerging e-waste recycling city in Taizhou area, China",,,浙江,HM+OP,,5.6,0.765,7.4,81.3,,112.7,0.3,140.8,660.8,66.3,672200.0,1100.0,,,73800.0,,,,,,,,1,1,1,10.1016/j.jhazmat.2009.08.134,"Heavy metal and persistent organic compound contamination in soil from Wenling: An emerging e-waste recycling city in Taizhou area, China",real_model_ready,False
10.1016/j.jhazmat.2009.08.134,"Heavy metal and persistent organic compound contamination in soil from Wenling: An emerging e-waste recycling city in Taizhou area, China",,,浙江,HM+OP,,6,2.665,1.7,91.5,,91.3,0.4,227.3,283.5,83.8,488000.0,1200.0,,,52000.0,,,,,,,,1,1,1,10.1016/j.jhazmat.2009.08.134,"Heavy metal and persistent organic compound contamination in soil from Wenling: An emerging e-waste recycling city in Taizhou area, China",real_model_ready,False
10.1016/j.jhazmat.2009.08.134,"Heavy metal and persistent organic compound contamination in soil from Wenling: An emerging e-waste recycling city in Taizhou area, China",,,浙江,HM+OP,,6.6,2.465,3.3,115.2,,102.9,0.3,161.4,237.2,66.1,684600.0,3100.0,,,96500.0,,,,,,,,1,1,1,10.1016/j.jhazmat.2009.08.134,"Heavy metal and persistent organic compound contamination in soil from Wenling: An emerging e-waste recycling city in Taizhou area, China",real_model_ready,False
10.1016/j.jhazmat.2009.08.134,"Heavy metal and persistent organic compound contamination in soil from Wenling: An emerging e-waste recycling city in Taizhou area, China",,,浙江,HM+OP,,4.2,2.715,9.6,184.4,,91.3,3.2,576.7,263,120.4,850700.0,3900.0,,,84700.0,,,,,,,,1,1,1,10.1016/j.jhazmat.2009.08.134,"Heavy metal and persistent organic compound contamination in soil from Wenling: An emerging e-waste recycling city in Taizhou area, China",real_model_ready,False
10.1016/j.jhazmat.2009.08.134,"Heavy metal and persistent organic compound contamination in soil from Wenling: An emerging e-waste recycling city in Taizhou area, China",,,浙江,HM+OP,,5.7,1.285,0.6,102.8,,88.6,0.4,272.3,143.8,107.4,371800.0,3300.0,,,102200.0,,,,,,,,1,1,1,10.1016/j.jhazmat.2009.08.134,"Heavy metal and persistent organic compound contamination in soil from Wenling: An emerging e-waste recycling city in Taizhou area, China",real_model_ready,False
10.1016/j.jhazmat.2009.08.134,"Heavy metal and persistent organic compound contamination in soil from Wenling: An emerging e-waste recycling city in Taizhou area, China",,,浙江,HM+OP,,6.2,2.65,2.8,200.1,,125.9,1.7,222.5,221.2,71,730500.0,7000.0,,,552300.0,,,,,,,,1,1,1,10.1016/j.jhazmat.2009.08.134,"Heavy metal and persistent organic compound contamination in soil from Wenling: An emerging e-waste recycling city in Taizhou area, China",real_model_ready,False
10.1016/j.jhazmat.2009.08.134,"Heavy metal and persistent organic compound contamination in soil from Wenling: An emerging e-waste recycling city in Taizhou area, China",,,浙江,HM+OP,,6,2.46,7.9,295.2,,65.9,654.1,361.7,437.3,53.3,1231200.0,25600.0,,,5789500.0,,,,,,,,1,1,1,10.1016/j.jhazmat.2009.08.134,"Heavy metal and persistent organic compound contamination in soil from Wenling: An emerging e-waste recycling city in Taizhou area, China",real_model_ready,False
10.1016/j.jhazmat.2009.08.134,"Heavy metal and persistent organic compound contamination in soil from Wenling: An emerging e-waste recycling city in Taizhou area, China",,,浙江,HM+OP,,5.9,3.455,12.5,2374.1,,40.5,9.3,1641.3,518.7,68.6,787300.0,,,,826000.0,,,,,,,,1,1,1,10.1016/j.jhazmat.2009.08.134,"Heavy metal and persistent organic compound contamination in soil from Wenling: An emerging e-waste recycling city in Taizhou area, China",real_model_ready,False
10.1016/j.jhazmat.2009.08.134,"Heavy metal and persistent organic compound contamination in soil from Wenling: An emerging e-waste recycling city in Taizhou area, China",,,浙江,HM+OP,,6.8,2.27,0.04,33,,56.5,,32.3,157.8,,105000.0,5100.0,,,24900.0,,,,,,,,1,1,1,10.1016/j.jhazmat.2009.08.134,"Heavy metal and persistent organic compound contamination in soil from Wenling: An emerging e-waste recycling city in Taizhou area, China",real_model_ready,False
10.1080/10934520903213087,folder_Wang_2009_,,,,HM+OP,,,,1.58,30.6,0.07,3.05,3.29,7.56,2220,,0.0115,,,,,,,,,,,,1,1,1,10.1080/10934520903213087,folder_Wang_2009_,real_model_ready,False
10.1080/10934520903213087,folder_Wang_2009_,,,,HM+OP,,,,0.00258,0.198,0.00333,0.0569,0.000448,0.908,43.5,,269.0,,,,,,,,,,,,0,0,0,10.1080/10934520903213087,folder_Wang_2009_,real_model_ready,False
10.1080/10934520903213087,folder_Wang_2009_,,,,HM+OP,,,,0.00288,0.381,0.0039,0.116,0.000773,1.69,40.4,,251.0,,,,,,,,,,,,0,0,0,10.1080/10934520903213087,folder_Wang_2009_,real_model_ready,False
10.1080/10934520903213087,folder_Wang_2009_,,,,HM+OP,,,,0.376,16.6,0.118,4.47,,1.73,1612,,17700.0,,,,,,,,,,,,1,1,1,10.1080/10934520903213087,folder_Wang_2009_,real_model_ready,False
10.1080/10934520903213087,folder_Wang_2009_,,,,HM+OP,,,,0.072,8.72,0.0727,1.79,,5.98,108,,145.0,,,,,,,,,,,,0,0,0,10.1080/10934520903213087,folder_Wang_2009_,real_model_ready,False
10.1016/j.ecoenv.2024.116965,"Spatial interaction and risk zoning of compound pollutants in farmland soils: Insights from heavy metals and polycyclic aromatic hydrocarbons in Hezhang County, China",26.76,104.1,贵州,HM+OP,,,,3.3,632,194,112.0,0.21,164,1110,64,267000.0,,,,,,,,,,,,1,1,1,10.1016/j.ecoenv.2024.116965,"Spatial interaction and risk zoning of compound pollutants in farmland soils: Insights from heavy metals and polycyclic aromatic hydrocarbons in Hezhang County, China",real_model_ready,False
10.1016/j.jhazmat.2021.128096,Amendments and bioaugmentation enhanced phytoremediation and micro-ecology for PAHs and heavy metals co-contaminated soils,36.72,117.17,山东,HM+OP,7.3,,6.66,8.6,441.4,,,,,326.5,,22000000.0,,,,,,,,,,,,1,1,1,10.1016/j.jhazmat.2021.128096,Amendments and bioaugmentation enhanced phytoremediation and micro-ecology for PAHs and heavy metals co-contaminated soils,real_model_ready,False
10.1016/j.jhazmat.2021.128096,Amendments and bioaugmentation enhanced phytoremediation and micro-ecology for PAHs and heavy metals co-contaminated soils,36.72,117.17,山东,HM+OP,7.3,,4.69,6.5,201.6,,,,,153.1,,18400000.0,,,,,,,,,,,,1,1,1,10.1016/j.jhazmat.2021.128096,Amendments and bioaugmentation enhanced phytoremediation and micro-ecology for PAHs and heavy metals co-contaminated soils,real_model_ready,False
10.1016/j.chemosphere.2022.133734,"Emission of PAHs, PCBs, PBDEs and heavy metals in air, water and soil around a waste plastic recycling factory in an industrial park, Eastern China",,,,HM+OP,,,,,,,,,,,,200000.0,,,,,,,,,,,,1,1,1,10.1016/j.chemosphere.2022.133734,"Emission of PAHs, PCBs, PBDEs and heavy metals in air, water and soil around a waste plastic recycling factory in an industrial park, Eastern China",real_model_ready,False
10.1016/j.envpol.2022.118925,"Spatial clustering and source-specific risk of combined pollutants in soils from an industrial area in Shanxi Province, China",,,山西,HM+OP,,,0.75,0.03,16.1,9,54.3,0,20.5,64.4,26,51.91,,,,,,,,,,,,0,0,0,10.1016/j.envpol.2022.118925,"Spatial clustering and source-specific risk of combined pollutants in soils from an industrial area in Shanxi Province, China",real_model_ready,False
10.1016/j.jclepro.2022.135380,Co-planting improves the phytoremediation efficiency of combined phenanthrene and copper co-contaminated soils,35.08861111,117.0683333,山东,HM+OP,6.56,,,,,,68.0,,33,,,,,,,,,,,,,,,0,0,0,10.1016/j.jclepro.2022.135380,Co-planting improves the phytoremediation efficiency of combined phenanthrene and copper co-contaminated soils,real_model_ready,False
10.1016/j.jclepro.2022.135380,Co-planting improves the phytoremediation efficiency of combined phenanthrene and copper co-contaminated soils,,,山东,HM+OP,,,,,,,,,222.7,,,70500.0,,,,,,,,,,,,1,1,1,10.1016/j.jclepro.2022.135380,Co-planting improves the phytoremediation efficiency of combined phenanthrene and copper co-contaminated soils,real_model_ready,False
10.13292/j.1000-4890.202409.030,表面活性剂强化生物修复重金属和多环芳烃污染土壤研究进展,,,,HM+OP,,,,0.4,60,,,,17,105,,3967000.0,,,,,,,,,,,,1,1,1,10.13292/j.1000-4890.202409.030,表面活性剂强化生物修复重金属和多环芳烃污染土壤研究进展,real_model_ready,False
10.13292/j.1000-4890.202409.030,表面活性剂强化生物修复重金属和多环芳烃污染土壤研究进展,,,,HM+OP,,,,1.3,1127,93.6,41.3,,289,402,,414100.0,,,,,,,,,,,,1,1,1,10.13292/j.1000-4890.202409.030,表面活性剂强化生物修复重金属和多环芳烃污染土壤研究进展,real_model_ready,False
10.13292/j.1000-4890.202409.030,表面活性剂强化生物修复重金属和多环芳烃污染土壤研究进展,,,,HM+OP,,,,,357,,541.0,1.39,171,3373,,917000.0,,,,,,,,,,,,1,1,1,10.13292/j.1000-4890.202409.030,表面活性剂强化生物修复重金属和多环芳烃污染土壤研究进展,real_model_ready,False
10.13292/j.1000-4890.202409.030,表面活性剂强化生物修复重金属和多环芳烃污染土壤研究进展,,,,HM+OP,,,,,703.2,123.6,,,,,,63000.0,,,,,,,,,,,,1,1,1,10.13292/j.1000-4890.202409.030,表面活性剂强化生物修复重金属和多环芳烃污染土壤研究进展,real_model_ready,False
10.13292/j.1000-4890.202409.030,表面活性剂强化生物修复重金属和多环芳烃污染土壤研究进展,,,,HM+OP,,,,,,105,14.0,,,96,,46400.0,,,,,,,,,,,,1,1,1,10.13292/j.1000-4890.202409.030,表面活性剂强化生物修复重金属和多环芳烃污染土壤研究进展,real_model_ready,False
10.13292/j.1000-4890.202409.030,表面活性剂强化生物修复重金属和多环芳烃污染土壤研究进展,,,,HM+OP,,,,0.6,55,16,21.3,,45.5,147,,19100.0,,,,,,,,,,,,1,1,1,10.13292/j.1000-4890.202409.030,表面活性剂强化生物修复重金属和多环芳烃污染土壤研究进展,real_model_ready,False
10.13292/j.1000-4890.202409.030,表面活性剂强化生物修复重金属和多环芳烃污染土壤研究进展,,,,HM+OP,,,,,300,,490.0,,360,5200,,2700.0,,,,,,,,,,,,1,1,1,10.13292/j.1000-4890.202409.030,表面活性剂强化生物修复重金属和多环芳烃污染土壤研究进展,real_model_ready,False
10.13292/j.1000-4890.202409.030,表面活性剂强化生物修复重金属和多环芳烃污染土壤研究进展,,,,HM+OP,,,,6.7,66.8,,93.2,,78.6,460,,55200.0,,,,,,,,,,,,1,1,1,10.13292/j.1000-4890.202409.030,表面活性剂强化生物修复重金属和多环芳烃污染土壤研究进展,real_model_ready,False
10.13292/j.1000-4890.202409.030,表面活性剂强化生物修复重金属和多环芳烃污染土壤研究进展,,,,HM+OP,,,,0.21,25.85,7.38,51.56,0.19,20.75,57.21,,,,,,,,,,,,,,0,0,0,10.13292/j.1000-4890.202409.030,表面活性剂强化生物修复重金属和多环芳烃污染土壤研究进展,real_model_ready,False
10.13338/j.issn.1674-649x.2025.03.012,黄河流域土壤中微塑料、重金属、多环芳烃的分布特征及生态风险评价,35.85,102.8,青海,HM+OP,,,,,,,,,,,,3837.0,,,,,,,,,,,,1,1,1,10.13338/j.issn.1674-649x.2025.03.012,黄河流域土壤中微塑料、重金属、多环芳烃的分布特征及生态风险评价,real_model_ready,False
10.13338/j.issn.1674-649x.2025.03.012,黄河流域土壤中微塑料、重金属、多环芳烃的分布特征及生态风险评价,36.4167,119.2167,山东,HM+OP,,,,,,,,,,,,6309.0,510.0,,,,,,,,,,,1,1,1,10.13338/j.issn.1674-649x.2025.03.012,黄河流域土壤中微塑料、重金属、多环芳烃的分布特征及生态风险评价,real_model_ready,False
10.13671/j.hjkxxb.2008.12.004,污泥中重金属和多环芳烃（PAHs）的存在特性及其相互关系,,,浙江,HM+OP,7.16,,24.25,3.94,215.8,18.03,95.32,,309.77,2822.58,35.81,15772.0,0.058,,,,,,,,,,,1,1,1,10.13671/j.hjkxxb.2008.12.004,污泥中重金属和多环芳烃（PAHs）的存在特性及其相互关系,real_model_ready,False
10.13671/j.hjkxxb.2008.12.004,污泥中重金属和多环芳烃（PAHs）的存在特性及其相互关系,,,浙江,HM+OP,6.02,,23.49,39.91,370.04,61.77,175.06,,2867.4,1618.94,352.83,3209.0,0.01,,,,,,,,,,,1,1,1,10.13671/j.hjkxxb.2008.12.004,污泥中重金属和多环芳烃（PAHs）的存在特性及其相互关系,real_model_ready,False
10.13671/j.hjkxxb.2008.12.004,污泥中重金属和多环芳烃（PAHs）的存在特性及其相互关系,,,浙江,HM+OP,6.77,,37.06,5.38,83.22,29.03,47.41,,361.23,1484.52,29.9,20253.0,0.126,,,,,,,,,,,1,1,1,10.13671/j.hjkxxb.2008.12.004,污泥中重金属和多环芳烃（PAHs）的存在特性及其相互关系,real_model_ready,False
10.13671/j.hjkxxb.2008.12.004,污泥中重金属和多环芳烃（PAHs）的存在特性及其相互关系,,,江苏,HM+OP,6.09,,31.67,8.98,98.44,24.83,242.38,,439.73,1150.26,132.09,15729.0,0.265,,,,,,,,,,,1,1,1,10.13671/j.hjkxxb.2008.12.004,污泥中重金属和多环芳烃（PAHs）的存在特性及其相互关系,real_model_ready,False
10.13671/j.hjkxxb.2008.12.004,污泥中重金属和多环芳烃（PAHs）的存在特性及其相互关系,,,浙江,HM+OP,6.51,,14.44,3.4,135.38,30.35,59.86,,71.33,913.49,55.07,8178.0,0.11,,,,,,,,,,,1,1,1,10.13671/j.hjkxxb.2008.12.004,污泥中重金属和多环芳烃（PAHs）的存在特性及其相互关系,real_model_ready,False
10.13671/j.hjkxxb.2008.12.004,污泥中重金属和多环芳烃（PAHs）的存在特性及其相互关系,,,江苏,HM+OP,8.25,,25.93,14.68,52.7,13.24,205.58,,238.34,796.54,23.74,23270.0,0.085,,,,,,,,,,,1,1,1,10.13671/j.hjkxxb.2008.12.004,污泥中重金属和多环芳烃（PAHs）的存在特性及其相互关系,real_model_ready,False
10.13671/j.hjkxxb.2008.12.004,污泥中重金属和多环芳烃（PAHs）的存在特性及其相互关系,,,江苏,HM+OP,7.92,,30.45,3.46,205.42,4.3,1088.52,,75.64,246.26,9.4,10826.0,0.051,,,,,,,,,,,1,1,1,10.13671/j.hjkxxb.2008.12.004,污泥中重金属和多环芳烃（PAHs）的存在特性及其相互关系,real_model_ready,False
10.13671/j.hjkxxb.2008.12.004,污泥中重金属和多环芳烃（PAHs）的存在特性及其相互关系,,,江苏,HM+OP,7.11,,3.18,0.51,4.62,6.26,5.49,,5.16,24.42,86.56,12645.0,0.011,,,,,,,,,,,1,1,1,10.13671/j.hjkxxb.2008.12.004,污泥中重金属和多环芳烃（PAHs）的存在特性及其相互关系,real_model_ready,False
10.13671/j.hjkxxb.2008.12.004,污泥中重金属和多环芳烃（PAHs）的存在特性及其相互关系,,,浙江,HM+OP,7.64,,37.76,2.81,480.25,6.38,15060.66,,91,430.9,8.27,14809.0,0.043,,,,,,,,,,,1,1,1,10.13671/j.hjkxxb.2008.12.004,污泥中重金属和多环芳烃（PAHs）的存在特性及其相互关系,real_model_ready,False
10.13671/j.hjkxxb.2017.0404,一株苯并［a］芘降解菌-紫茉莉联合修复污染土壤的研究,,,辽宁,HM+OP,6.9,,1.795,2.71,,,,,,,,569000.0,41000.0,,,,,,,,,,,1,1,1,10.13671/j.hjkxxb.2017.0404,一株苯并［a］芘降解菌-紫茉莉联合修复污染土壤的研究,real_model_ready,False
10.13671/j.hjkxxb.2020.0218,增温和锌复合作用对菠菜富集多环芳烃的影响,39.431667,115.698889,河北,HM+OP,8.17,,1.61,,,,,,,0,,0.0,,,,,,,,,,,,0,0,0,10.13671/j.hjkxxb.2020.0218,增温和锌复合作用对菠菜富集多环芳烃的影响,real_model_ready,False
10.13671/j.hjkxxb.2020.0218,增温和锌复合作用对菠菜富集多环芳烃的影响,39.431667,115.698889,河北,HM+OP,8.17,,1.61,,,,,,,100,,0.0,,,,,,,,,,,,0,0,0,10.13671/j.hjkxxb.2020.0218,增温和锌复合作用对菠菜富集多环芳烃的影响,real_model_ready,False
10.13671/j.hjkxxb.2020.0218,增温和锌复合作用对菠菜富集多环芳烃的影响,39.431667,115.698889,河北,HM+OP,8.17,,1.61,,,,,,,200,,0.0,,,,,,,,,,,,0,0,0,10.13671/j.hjkxxb.2020.0218,增温和锌复合作用对菠菜富集多环芳烃的影响,real_model_ready,False
10.13671/j.hjkxxb.2020.0218,增温和锌复合作用对菠菜富集多环芳烃的影响,39.431667,115.698889,河北,HM+OP,8.17,,1.61,,,,,,,400,,0.0,,,,,,,,,,,,1,0,1,10.13671/j.hjkxxb.2020.0218,增温和锌复合作用对菠菜富集多环芳烃的影响,real_model_ready,False
10.13671/j.hjkxxb.2020.0218,增温和锌复合作用对菠菜富集多环芳烃的影响,39.431667,115.698889,河北,HM+OP,8.17,,1.61,,,,,,,600,,0.0,,,,,,,,,,,,1,0,1,10.13671/j.hjkxxb.2020.0218,增温和锌复合作用对菠菜富集多环芳烃的影响,real_model_ready,False
10.13961/j.cnki.stbctb.2012.05.022,腐殖酸与活性污泥对污染土壤联合修复研究,,,浙江,HM+OP,6.8,,1.013,0.85,400,,,,800,600,,600000.0,300000.0,,,,,,,,,,,1,1,1,10.13961/j.cnki.stbctb.2012.05.022,腐殖酸与活性污泥对污染土壤联合修复研究,real_model_ready,False
10.13989/j.cnki.0517-6611.2013.26.029,重金属－有机物复合污染农田土壤修复策略研究,,,广东,HM+OP,,,,,,,,,,,,,,,68.5,,16.2,,,,,,,0,0,0,10.13989/j.cnki.0517-6611.2013.26.029,重金属－有机物复合污染农田土壤修复策略研究,real_model_ready,False
10.16258/j.cnki.1674-5906.2007.03.012,玉米根系形态对土壤 Cd 和芘复合污染的响应 / Response of maize (Zea mays L.) root morphology to Cd and pyrene contamination in soil,,,广东,HM+OP,4.63,,1.738,25,,,,,,,,750000.0,,,,,,,,,,,,1,1,1,10.16258/j.cnki.1674-5906.2007.03.012,玉米根系形态对土壤 Cd 和芘复合污染的响应 / Response of maize (Zea mays L.) root morphology to Cd and pyrene contamination in soil,real_model_ready,False
10.16258/j.cnki.1674-5906.2024.12.011,伴矿景天对重金属-多环芳烃复合污染土壤有机污染物消减及微生物的影响,23.5875,113.0397,广东,HM+OP,5.91,,1.42,0.83,68.1,,91.8,,327,116,,2280000.0,,,,600000.0,,,,,,,,1,1,1,10.16258/j.cnki.1674-5906.2024.12.011,伴矿景天对重金属-多环芳烃复合污染土壤有机污染物消减及微生物的影响,real_model_ready,False
10.16258/j.cnki.1674-5906.2024.12.011,伴矿景天对重金属-多环芳烃复合污染土壤有机污染物消减及微生物的影响,23.5875,113.0397,广东,HM+OP,,,,0.83,,,,,,,,,,,,,,,,,,,,1,0,1,10.16258/j.cnki.1674-5906.2024.12.011,伴矿景天对重金属-多环芳烃复合污染土壤有机污染物消减及微生物的影响,real_model_ready,False
10.16258/j.cnki.1674-5906.2024.12.011,伴矿景天对重金属-多环芳烃复合污染土壤有机污染物消减及微生物的影响,23.5875,113.0397,广东,HM+OP,,,,0.59,,,,,,,,,,,,,,,,,,,,1,0,1,10.16258/j.cnki.1674-5906.2024.12.011,伴矿景天对重金属-多环芳烃复合污染土壤有机污染物消减及微生物的影响,real_model_ready,False
10.16258/j.cnki.1674-5906.2024.12.011,伴矿景天对重金属-多环芳烃复合污染土壤有机污染物消减及微生物的影响,23.5875,113.0397,广东,HM+OP,,,,1.83,,,,,,,,,,,,,,,,,,,,1,0,1,10.16258/j.cnki.1674-5906.2024.12.011,伴矿景天对重金属-多环芳烃复合污染土壤有机污染物消减及微生物的影响,real_model_ready,False
10.16258/j.cnki.1674-5906.2024.12.011,伴矿景天对重金属-多环芳烃复合污染土壤有机污染物消减及微生物的影响,23.5875,113.0397,广东,HM+OP,,,,1.63,,,,,,,,,,,,,,,,,,,,1,0,1,10.16258/j.cnki.1674-5906.2024.12.011,伴矿景天对重金属-多环芳烃复合污染土壤有机污染物消减及微生物的影响,real_model_ready,False
10.16258/j.cnki.1674-5906.2024.12.011,伴矿景天对重金属-多环芳烃复合污染土壤有机污染物消减及微生物的影响,23.5875,113.0397,广东,HM+OP,,,,5.83,,,,,,,,,,,,,,,,,,,,1,0,1,10.16258/j.cnki.1674-5906.2024.12.011,伴矿景天对重金属-多环芳烃复合污染土壤有机污染物消减及微生物的影响,real_model_ready,False
10.16258/j.cnki.1674-5906.2024.12.011,伴矿景天对重金属-多环芳烃复合污染土壤有机污染物消减及微生物的影响,23.5875,113.0397,广东,HM+OP,,,,5.63,,,,,,,,,,,,,,,,,,,,1,0,1,10.16258/j.cnki.1674-5906.2024.12.011,伴矿景天对重金属-多环芳烃复合污染土壤有机污染物消减及微生物的影响,real_model_ready,False
10.16258/j.cnki.1674-5906.2024.12.011,伴矿景天对重金属-多环芳烃复合污染土壤有机污染物消减及微生物的影响,23.5875,113.0397,广东,HM+OP,,,,10.83,,,,,,,,,,,,,,,,,,,,1,0,1,10.16258/j.cnki.1674-5906.2024.12.011,伴矿景天对重金属-多环芳烃复合污染土壤有机污染物消减及微生物的影响,real_model_ready,False
10.16258/j.cnki.1674-5906.2024.12.011,伴矿景天对重金属-多环芳烃复合污染土壤有机污染物消减及微生物的影响,23.5875,113.0397,广东,HM+OP,,,,8.94,,,,,,,,,,,,,,,,,,,,1,0,1,10.16258/j.cnki.1674-5906.2024.12.011,伴矿景天对重金属-多环芳烃复合污染土壤有机污染物消减及微生物的影响,real_model_ready,False
10.16606/j.cnki.issn0253-4320.2023.07.043,陶粒窑、异位化学氧化技术联用的某修复工程实例研究,,,浙江,HM+OP,,,,,,,,,,15017,284,,0.55,,,,,,,,,,,1,1,1,10.16606/j.cnki.issn0253-4320.2023.07.043,陶粒窑、异位化学氧化技术联用的某修复工程实例研究,real_model_ready,False
10.19672/j.cnki.1003-6504.0346.23.338,Content and risk of heavy metals and polycyclic aromatic hydrocarbons in biochar-based fertilizer,,,,HM+OP,,,,648,648,648,648.0,,648,648,648,2827280.0,100000.0,,,,,,,,,,,1,1,1,10.19672/j.cnki.1003-6504.0346.23.338,Content and risk of heavy metals and polycyclic aromatic hydrocarbons in biochar-based fertilizer,real_model_ready,False
10.19672/j.cnki.1003-6504.0346.23.338,Content and risk of heavy metals and polycyclic aromatic hydrocarbons in biochar-based fertilizer,,,,HM+OP,,,,270,270,270,270.0,,270,270,270,2171630.0,,,,,,,,,,,,1,1,1,10.19672/j.cnki.1003-6504.0346.23.338,Content and risk of heavy metals and polycyclic aromatic hydrocarbons in biochar-based fertilizer,real_model_ready,False
10.19672/j.cnki.1003-6504.0346.23.338,Content and risk of heavy metals and polycyclic aromatic hydrocarbons in biochar-based fertilizer,,,,HM+OP,,,,270,270,270,270.0,,270,270,270,4206080.0,,,,,,,,,,,,1,1,1,10.19672/j.cnki.1003-6504.0346.23.338,Content and risk of heavy metals and polycyclic aromatic hydrocarbons in biochar-based fertilizer,real_model_ready,False
10.19672/j.cnki.1003-6504.0346.23.338,Content and risk of heavy metals and polycyclic aromatic hydrocarbons in biochar-based fertilizer,,,,HM+OP,,,,270,270,270,270.0,,270,270,270,3474450.0,,,,,,,,,,,,1,1,1,10.19672/j.cnki.1003-6504.0346.23.338,Content and risk of heavy metals and polycyclic aromatic hydrocarbons in biochar-based fertilizer,real_model_ready,False
10.19672/j.cnki.1003-6504.0346.23.338,Content and risk of heavy metals and polycyclic aromatic hydrocarbons in biochar-based fertilizer,,,,HM+OP,,,,270,270,270,270.0,,270,270,270,2866900.0,,,,,,,,,,,,1,1,1,10.19672/j.cnki.1003-6504.0346.23.338,Content and risk of heavy metals and polycyclic aromatic hydrocarbons in biochar-based fertilizer,real_model_ready,False
10.19672/j.cnki.1003-6504.0346.23.338,Content and risk of heavy metals and polycyclic aromatic hydrocarbons in biochar-based fertilizer,,,,HM+OP,,,,270,270,270,270.0,,270,270,270,2706690.0,,,,,,,,,,,,1,1,1,10.19672/j.cnki.1003-6504.0346.23.338,Content and risk of heavy metals and polycyclic aromatic hydrocarbons in biochar-based fertilizer,real_model_ready,False
10.19672/j.cnki.1003-6504.0346.23.338,Content and risk of heavy metals and polycyclic aromatic hydrocarbons in biochar-based fertilizer,,,,HM+OP,,,,270,270,270,270.0,,270,270,270,3403350.0,,,,,,,,,,,,1,1,1,10.19672/j.cnki.1003-6504.0346.23.338,Content and risk of heavy metals and polycyclic aromatic hydrocarbons in biochar-based fertilizer,real_model_ready,False
10.19672/j.cnki.1003-6504.2021.S1.019,变电站场地土壤环境调查与评价,,,河北,HM+OP,,,,0.15,93.06,10.07,232.94,0.04,89,,83.14,899450.0,79390.0,,,,,,,,,,,1,1,1,10.19672/j.cnki.1003-6504.2021.S1.019,变电站场地土壤环境调查与评价,real_model_ready,False
10.19672/j.cnki.1003-6504.2021.S1.019,变电站场地土壤环境调查与评价,,,河北,HM+OP,,,,0.075,105.01,11.75,88.64,0.03,39.6,,56.35,316350.0,28610.0,,,,,,,,,,,1,1,1,10.19672/j.cnki.1003-6504.2021.S1.019,变电站场地土壤环境调查与评价,real_model_ready,False
10.19741/j.issn.1673-4831.2018.0669,重金属与多环芳烃复合污染土壤的分布特征及修复技术研究进展,,,,HM+OP,,,,,506,,,,115,704,,,187.0,,,,,,,,,,,1,0,1,10.19741/j.issn.1673-4831.2018.0669,重金属与多环芳烃复合污染土壤的分布特征及修复技术研究进展,real_model_ready,False
10.19741/j.issn.1673-4831.2018.0669,重金属与多环芳烃复合污染土壤的分布特征及修复技术研究进展,,,,HM+OP,,,,,,105,,,,,,46000.0,,,,,,,,,,,,1,1,1,10.19741/j.issn.1673-4831.2018.0669,重金属与多环芳烃复合污染土壤的分布特征及修复技术研究进展,real_model_ready,False
10.19741/j.issn.1673-4831.2018.0669,重金属与多环芳烃复合污染土壤的分布特征及修复技术研究进展,,,,HM+OP,,,,,379.65,,206.0,,,276.45,120.2,,,,,,,,,,,,,1,0,1,10.19741/j.issn.1673-4831.2018.0669,重金属与多环芳烃复合污染土壤的分布特征及修复技术研究进展,real_model_ready,False
10.19741/j.issn.1673-4831.2018.0669,重金属与多环芳烃复合污染土壤的分布特征及修复技术研究进展,,,,HM+OP,,,,,52.4,10.35,61.35,,92.5,228.8,33.9,,,,,,,,,,,,,0,0,0,10.19741/j.issn.1673-4831.2018.0669,重金属与多环芳烃复合污染土壤的分布特征及修复技术研究进展,real_model_ready,False
10.19741/j.issn.1673-4831.2018.0669,重金属与多环芳烃复合污染土壤的分布特征及修复技术研究进展,,,,HM+OP,,,,0.386,35.9,13.8,77.05,,,,,1964.5,,,,,,,,,,,,1,1,1,10.19741/j.issn.1673-4831.2018.0669,重金属与多环芳烃复合污染土壤的分布特征及修复技术研究进展,real_model_ready,False
10.19741/j.issn.1673-4831.2018.0669,重金属与多环芳烃复合污染土壤的分布特征及修复技术研究进展,,,,HM+OP,,,,14.08,200.21,,,2.64,,,,94500.0,,,,,,,,,,,,1,1,1,10.19741/j.issn.1673-4831.2018.0669,重金属与多环芳烃复合污染土壤的分布特征及修复技术研究进展,real_model_ready,False
10.19741/j.issn.1673-4831.2018.0669,重金属与多环芳烃复合污染土壤的分布特征及修复技术研究进展,,,,HM+OP,,,,0.6,55,16,21.3,,45.5,147,,1081.5,,,,,,,,,,,,1,1,1,10.19741/j.issn.1673-4831.2018.0669,重金属与多环芳烃复合污染土壤的分布特征及修复技术研究进展,real_model_ready,False
10.19902/j.cnki.zgyz.1003-7969.2021.07.015,油菜籽皮仁中重金属、多环芳烃和硫苷含量分布,,,青海,HM+OP,,,,0.01963,0.35562,0.20128,,,,,,4.61,0.61,,,,,,,,,,,0,0,0,10.19902/j.cnki.zgyz.1003-7969.2021.07.015,油菜籽皮仁中重金属、多环芳烃和硫苷含量分布,real_model_ready,False
10.19902/j.cnki.zgyz.1003-7969.2021.07.015,油菜籽皮仁中重金属、多环芳烃和硫苷含量分布,,,青海,HM+OP,,,,0.01322,0.11675,0.05218,,,,,,3.4,0.48,,,,,,,,,,,0,0,0,10.19902/j.cnki.zgyz.1003-7969.2021.07.015,油菜籽皮仁中重金属、多环芳烃和硫苷含量分布,real_model_ready,False
10.19902/j.cnki.zgyz.1003-7969.2021.07.015,油菜籽皮仁中重金属、多环芳烃和硫苷含量分布,,,青海,HM+OP,,,,0.06951,0.0525,0.16717,,,,,,1.62,0.41,,,,,,,,,,,0,0,0,10.19902/j.cnki.zgyz.1003-7969.2021.07.015,油菜籽皮仁中重金属、多环芳烃和硫苷含量分布,real_model_ready,False
10.19902/j.cnki.zgyz.1003-7969.2021.07.015,油菜籽皮仁中重金属、多环芳烃和硫苷含量分布,,,青海,HM+OP,,,,0.03754,0.11797,0,,,,,,1.49,0.41,,,,,,,,,,,0,0,0,10.19902/j.cnki.zgyz.1003-7969.2021.07.015,油菜籽皮仁中重金属、多环芳烃和硫苷含量分布,real_model_ready,False
10.19902/j.cnki.zgyz.1003-7969.2021.07.015,油菜籽皮仁中重金属、多环芳烃和硫苷含量分布,,,湖北,HM+OP,,,,0.02814,0,0,,,,,,2.72,1.03,,,,,,,,,,,0,0,0,10.19902/j.cnki.zgyz.1003-7969.2021.07.015,油菜籽皮仁中重金属、多环芳烃和硫苷含量分布,real_model_ready,False
10.19902/j.cnki.zgyz.1003-7969.2021.07.015,油菜籽皮仁中重金属、多环芳烃和硫苷含量分布,,,湖北,HM+OP,,,,0.01449,0.06742,0,,,,,,1.83,0.48,,,,,,,,,,,0,0,0,10.19902/j.cnki.zgyz.1003-7969.2021.07.015,油菜籽皮仁中重金属、多环芳烃和硫苷含量分布,real_model_ready,False
10.19902/j.cnki.zgyz.1003-7969.2021.07.015,油菜籽皮仁中重金属、多环芳烃和硫苷含量分布,,,湖北,HM+OP,,,,0.02636,0.15308,0.01686,,,,,,1.6,0.42,,,,,,,,,,,0,0,0,10.19902/j.cnki.zgyz.1003-7969.2021.07.015,油菜籽皮仁中重金属、多环芳烃和硫苷含量分布,real_model_ready,False
10.19902/j.cnki.zgyz.1003-7969.2021.07.015,油菜籽皮仁中重金属、多环芳烃和硫苷含量分布,,,湖北,HM+OP,,,,0.02077,0.20419,0,,,,,,1.06,0.28,,,,,,,,,,,0,0,0,10.19902/j.cnki.zgyz.1003-7969.2021.07.015,油菜籽皮仁中重金属、多环芳烃和硫苷含量分布,real_model_ready,False
10.19902/j.cnki.zgyz.1003-7969.2021.07.015,油菜籽皮仁中重金属、多环芳烃和硫苷含量分布,,,湖北,HM+OP,,,,0.00874,0.38152,0,,,,,,1.15,0.36,,,,,,,,,,,0,0,0,10.19902/j.cnki.zgyz.1003-7969.2021.07.015,油菜籽皮仁中重金属、多环芳烃和硫苷含量分布,real_model_ready,False
10.19902/j.cnki.zgyz.1003-7969.2021.07.015,油菜籽皮仁中重金属、多环芳烃和硫苷含量分布,,,湖北,HM+OP,,,,0.00764,0,0,,,,,,0.56,0.18,,,,,,,,,,,0,0,0,10.19902/j.cnki.zgyz.1003-7969.2021.07.015,油菜籽皮仁中重金属、多环芳烃和硫苷含量分布,real_model_ready,False
10.19902/j.cnki.zgyz.1003-7969.2021.07.015,油菜籽皮仁中重金属、多环芳烃和硫苷含量分布,,,甘肃,HM+OP,,,,0.04336,0.21211,0.04257,,,,,,4.54,0.67,,,,,,,,,,,0,0,0,10.19902/j.cnki.zgyz.1003-7969.2021.07.015,油菜籽皮仁中重金属、多环芳烃和硫苷含量分布,real_model_ready,False
10.19902/j.cnki.zgyz.1003-7969.2021.07.015,油菜籽皮仁中重金属、多环芳烃和硫苷含量分布,,,甘肃,HM+OP,,,,0.0357,0.26998,0.03667,,,,,,1.48,0.45,,,,,,,,,,,0,0,0,10.19902/j.cnki.zgyz.1003-7969.2021.07.015,油菜籽皮仁中重金属、多环芳烃和硫苷含量分布,real_model_ready,False
10.19902/j.cnki.zgyz.1003-7969.2021.07.015,油菜籽皮仁中重金属、多环芳烃和硫苷含量分布,,,甘肃,HM+OP,,,,0.04094,0.05584,0.00652,,,,,,4.48,0.38,,,,,,,,,,,0,0,0,10.19902/j.cnki.zgyz.1003-7969.2021.07.015,油菜籽皮仁中重金属、多环芳烃和硫苷含量分布,real_model_ready,False
10.19902/j.cnki.zgyz.1003-7969.2021.07.015,油菜籽皮仁中重金属、多环芳烃和硫苷含量分布,,,甘肃,HM+OP,,,,0.03335,0.02575,0,,,,,,2.88,0.39,,,,,,,,,,,0,0,0,10.19902/j.cnki.zgyz.1003-7969.2021.07.015,油菜籽皮仁中重金属、多环芳烃和硫苷含量分布,real_model_ready,False
10.19902/j.cnki.zgyz.1003-7969.2021.07.015,油菜籽皮仁中重金属、多环芳烃和硫苷含量分布,,,甘肃,HM+OP,,,,0.02034,0.25625,0.12475,,,,,,7.87,0.45,,,,,,,,,,,0,0,0,10.19902/j.cnki.zgyz.1003-7969.2021.07.015,油菜籽皮仁中重金属、多环芳烃和硫苷含量分布,real_model_ready,False
10.19902/j.cnki.zgyz.1003-7969.2021.07.015,油菜籽皮仁中重金属、多环芳烃和硫苷含量分布,,,甘肃,HM+OP,,,,0.0145,0.1246,0.05207,,,,,,4.02,0.38,,,,,,,,,,,0,0,0,10.19902/j.cnki.zgyz.1003-7969.2021.07.015,油菜籽皮仁中重金属、多环芳烃和硫苷含量分布,real_model_ready,False
10.19902/j.cnki.zgyz.1003-7969.2021.07.015,油菜籽皮仁中重金属、多环芳烃和硫苷含量分布,,,四川,HM+OP,,,,0.0788,0.08858,0.02783,,,,,,10.54,2.31,,,,,,,,,,,0,0,0,10.19902/j.cnki.zgyz.1003-7969.2021.07.015,油菜籽皮仁中重金属、多环芳烃和硫苷含量分布,real_model_ready,False
10.19902/j.cnki.zgyz.1003-7969.2021.07.015,油菜籽皮仁中重金属、多环芳烃和硫苷含量分布,,,四川,HM+OP,,,,0.07047,0.33456,0,,,,,,4.82,0.76,,,,,,,,,,,0,0,0,10.19902/j.cnki.zgyz.1003-7969.2021.07.015,油菜籽皮仁中重金属、多环芳烃和硫苷含量分布,real_model_ready,False
10.19902/j.cnki.zgyz.1003-7969.2021.07.015,油菜籽皮仁中重金属、多环芳烃和硫苷含量分布,,,四川,HM+OP,,,,0.06752,0.26725,0.0316,,,,,,6.22,1.42,,,,,,,,,,,0,0,0,10.19902/j.cnki.zgyz.1003-7969.2021.07.015,油菜籽皮仁中重金属、多环芳烃和硫苷含量分布,real_model_ready,False
10.19902/j.cnki.zgyz.1003-7969.2021.07.015,油菜籽皮仁中重金属、多环芳烃和硫苷含量分布,,,四川,HM+OP,,,,0.0628,0.52516,0,,,,,,1.56,0.77,,,,,,,,,,,0,0,0,10.19902/j.cnki.zgyz.1003-7969.2021.07.015,油菜籽皮仁中重金属、多环芳烃和硫苷含量分布,real_model_ready,False
10.19902/j.cnki.zgyz.1003-7969.2021.07.015,油菜籽皮仁中重金属、多环芳烃和硫苷含量分布,,,四川,HM+OP,,,,0.03239,0.17542,0.02143,,,,,,3.96,0.61,,,,,,,,,,,0,0,0,10.19902/j.cnki.zgyz.1003-7969.2021.07.015,油菜籽皮仁中重金属、多环芳烃和硫苷含量分布,real_model_ready,False
10.19902/j.cnki.zgyz.1003-7969.2021.07.015,油菜籽皮仁中重金属、多环芳烃和硫苷含量分布,,,四川,HM+OP,,,,0.02746,0.05292,0,,,,,,2.07,0.5,,,,,,,,,,,0,0,0,10.19902/j.cnki.zgyz.1003-7969.2021.07.015,油菜籽皮仁中重金属、多环芳烃和硫苷含量分布,real_model_ready,False
10.19902/j.cnki.zgyz.1003-7969.2021.07.015,油菜籽皮仁中重金属、多环芳烃和硫苷含量分布,,,山东,HM+OP,,,,0.02322,0.39517,0.02718,,,,,,3.63,0.8,,,,,,,,,,,0,0,0,10.19902/j.cnki.zgyz.1003-7969.2021.07.015,油菜籽皮仁中重金属、多环芳烃和硫苷含量分布,real_model_ready,False
10.19902/j.cnki.zgyz.1003-7969.2021.07.015,油菜籽皮仁中重金属、多环芳烃和硫苷含量分布,,,山东,HM+OP,,,,0.01934,0.10318,0,,,,,,2.57,0.75,,,,,,,,,,,0,0,0,10.19902/j.cnki.zgyz.1003-7969.2021.07.015,油菜籽皮仁中重金属、多环芳烃和硫苷含量分布,real_model_ready,False
10.20025/j.cnki.CN10-1679.2024-22-42,重金属-有机物复合污染场地的修复技术研究,,,,HM+OP,,,,,395.6,,34.3,,,,1797.1,,,,,,,,,,,,,1,1,1,10.20025/j.cnki.CN10-1679.2024-22-42,重金属-有机物复合污染场地的修复技术研究,real_model_ready,False
10.20025/j.cnki.CN10-1679.2024-22-42,重金属-有机物复合污染场地的修复技术研究,,,,HM+OP,,,,,190.7,,11.6,,,,815.9,,,,,,,,,,,,,1,0,1,10.20025/j.cnki.CN10-1679.2024-22-42,重金属-有机物复合污染场地的修复技术研究,real_model_ready,False
10.20025/j.cnki.CN10-1679.2024-22-42,重金属-有机物复合污染场地的修复技术研究,,,,HM+OP,,,,,173,,8.14,,,,692.7,,,,,,,,,,,,,1,0,1,10.20025/j.cnki.CN10-1679.2024-22-42,重金属-有机物复合污染场地的修复技术研究,real_model_ready,False
10.27009/d.cnki.gdblu.2023.001451,多环芳烃和砷复合污染土壤的强化微生物修复机制研究,,,,HM+OP,,,,,647,1270,,,,,,131600000.0,,,,,,,,,,,,1,1,1,10.27009/d.cnki.gdblu.2023.001451,多环芳烃和砷复合污染土壤的强化微生物修复机制研究,real_model_ready,False
10.27009/d.cnki.gdblu.2023.001451,多环芳烃和砷复合污染土壤的强化微生物修复机制研究,,,,HM+OP,,,,,,23.39,,,,,,,,,,,,,,,,,,0,0,0,10.27009/d.cnki.gdblu.2023.001451,多环芳烃和砷复合污染土壤的强化微生物修复机制研究,real_model_ready,False
10.27009/d.cnki.gdblu.2023.001451,多环芳烃和砷复合污染土壤的强化微生物修复机制研究,,,,HM+OP,,,,,,22.97,,,,,,,,,,,,,,,,,,0,0,0,10.27009/d.cnki.gdblu.2023.001451,多环芳烃和砷复合污染土壤的强化微生物修复机制研究,real_model_ready,False
10.27009/d.cnki.gdblu.2023.001451,多环芳烃和砷复合污染土壤的强化微生物修复机制研究,,,,HM+OP,,,,,,21.45,,,,,,,,,,,,,,,,,,0,0,0,10.27009/d.cnki.gdblu.2023.001451,多环芳烃和砷复合污染土壤的强化微生物修复机制研究,real_model_ready,False
10.27009/d.cnki.gdblu.2023.001451,多环芳烃和砷复合污染土壤的强化微生物修复机制研究,,,,HM+OP,,,,,,21.42,,,,,,,,,,,,,,,,,,0,0,0,10.27009/d.cnki.gdblu.2023.001451,多环芳烃和砷复合污染土壤的强化微生物修复机制研究,real_model_ready,False
10.27009/d.cnki.gdblu.2023.001451,多环芳烃和砷复合污染土壤的强化微生物修复机制研究,,,,HM+OP,,,,,,21.94,,,,,,,,,,,,,,,,,,0,0,0,10.27009/d.cnki.gdblu.2023.001451,多环芳烃和砷复合污染土壤的强化微生物修复机制研究,real_model_ready,False
10.27009/d.cnki.gdblu.2023.001451,多环芳烃和砷复合污染土壤的强化微生物修复机制研究,,,,HM+OP,,,,,,20.94,,,,,,,,,,,,,,,,,,0,0,0,10.27009/d.cnki.gdblu.2023.001451,多环芳烃和砷复合污染土壤的强化微生物修复机制研究,real_model_ready,False
10.27009/d.cnki.gdblu.2023.001451,多环芳烃和砷复合污染土壤的强化微生物修复机制研究,,,,HM+OP,,,,,,20.92,,,,,,,,,,,,,,,,,,0,0,0,10.27009/d.cnki.gdblu.2023.001451,多环芳烃和砷复合污染土壤的强化微生物修复机制研究,real_model_ready,False
10.27148/d.cnki.ghagu.2021.000038,夹带剂和螯合剂协同超临界CO₂萃取土壤中多环芳烃和镉的研究,,,湖南,HM+OP,,,,,5,3.03,2.8,,,,,4520.0,,,,,,,,,,,,1,1,1,10.27148/d.cnki.ghagu.2021.000038,夹带剂和螯合剂协同超临界CO₂萃取土壤中多环芳烃和镉的研究,real_model_ready,False
10.27148/d.cnki.ghagu.2021.000038,夹带剂和螯合剂协同超临界CO₂萃取土壤中多环芳烃和镉的研究,,,广东,HM+OP,,,,2.8,118.4,,,,223,,,567.0,,,,,,,,,,,,1,1,1,10.27148/d.cnki.ghagu.2021.000038,夹带剂和螯合剂协同超临界CO₂萃取土壤中多环芳烃和镉的研究,real_model_ready,False
10.27461/d.cnki.gzjdx.2024.000757,Response mechanism of soil microorganisms to combined contamination of arsenic and polycyclic aromatic hydrocarbons,,,,HM+OP,,,,,,600,,,,,,30000.0,,,,,,,,,,,,1,1,1,10.27461/d.cnki.gzjdx.2024.000757,Response mechanism of soil microorganisms to combined contamination of arsenic and polycyclic aromatic hydrocarbons,real_model_ready,False
10.27466/d.cnki.gzzdu.2023.002589,Distribution Characteristics and Risk Assessment of Polycyclic Aromatic Hydrocarbons and Microplastics in Typical Petrochemical Urban Soils,,,黑龙江,HM+OP,,,,,,,,,,,,12243980.0,,,,,,,,,,,,1,1,1,10.27466/d.cnki.gzzdu.2023.002589,Distribution Characteristics and Risk Assessment of Polycyclic Aromatic Hydrocarbons and Microplastics in Typical Petrochemical Urban Soils,real_model_ready,False
10.27623/d.cnki.gzkyu.2025.002884,固定化溶磷降解菌系修复芘和Cr(VI)污染土壤 / Remediation of Pyrene and Cr(VI) in Soil by Immobilized Phosphate-Solubilizing Degrading Consortium,,,,HM+OP,7.48,,0.71,,,,530.0,,,,,50000000.0,,,,,,,,,,,,1,1,1,10.27623/d.cnki.gzkyu.2025.002884,固定化溶磷降解菌系修复芘和Cr(VI)污染土壤 / Remediation of Pyrene and Cr(VI) in Soil by Immobilized Phosphate-Solubilizing Degrading Consortium,real_model_ready,False
10.27624/d.cnki.gzkbu.2022.000174,重金属-多环芳烃复合污染土壤植物微生物联合修复机理,,,,HM+OP,,,,,,,,,,,,190200000.0,,,,,,,,,,,,1,1,1,10.27624/d.cnki.gzkbu.2022.000174,重金属-多环芳烃复合污染土壤植物微生物联合修复机理,real_model_ready,False
10.27624/d.cnki.gzkbu.2022.000174,重金属-多环芳烃复合污染土壤植物微生物联合修复机理,,,,HM+OP,,,,,245.83,19.65,169.6,,,,,,,,,,,,,,,,,1,0,1,10.27624/d.cnki.gzkbu.2022.000174,重金属-多环芳烃复合污染土壤植物微生物联合修复机理,real_model_ready,False
10.27721/d.cnki.gyzjc.2020.000412,化学淋洗去除焦化废弃地污染土壤中多环芳烃和重金属研究 / Studies of Chemical Washing on Removal of PAHs and Heavy Metals from Abandoned Coking Plant Contaminated Soil,,,山西,HM+OP,7.54,,0.84,18.34,68.54,36.72,60.41,0.65,54.31,152.37,39.87,12866000.0,,,,,,,,,,,,1,1,1,10.27721/d.cnki.gyzjc.2020.000412,化学淋洗去除焦化废弃地污染土壤中多环芳烃和重金属研究 / Studies of Chemical Washing on Removal of PAHs and Heavy Metals from Abandoned Coking Plant Contaminated Soil,real_model_ready,False
10.27809/d.cnki.gsjgc.2022.000124,多环芳烃-重金属复合污染土壤热脱附-稳定化联合修复工艺研究 PAHs-heavy Metal Compound polluted soil Study on Combined Repair Process of Thermal Desorption and Stabilization,,,辽宁,HM+OP,7.95,,0.28,21.8,,,,,,,,110300.0,10300.0,,,,,,,,,,,1,1,1,10.27809/d.cnki.gsjgc.2022.000124,多环芳烃-重金属复合污染土壤热脱附-稳定化联合修复工艺研究 PAHs-heavy Metal Compound polluted soil Study on Combined Repair Process of Thermal Desorption and Stabilization,real_model_ready,False
10.1007/s10646-020-02320-2,"Risk assessment and ecotoxicological diagnosis of soil from a chemical industry park in Nanjing, China",32.270833,118.793611,江苏,HM+OP,7.53,,0.76,,22.2,,67.6,,20.2,79,28.7,2390.0,100.0,,,,,,,,,,,1,1,1,10.1007/s10646-020-02320-2,"Risk assessment and ecotoxicological diagnosis of soil from a chemical industry park in Nanjing, China",real_model_ready,False
10.1007/s10646-020-02320-2,"Risk assessment and ecotoxicological diagnosis of soil from a chemical industry park in Nanjing, China",32.270833,118.793611,江苏,HM+OP,8.1,,5.58,,154.5,,284.0,,64.4,849.5,43.1,25600.0,1530.0,,,,,,,,,,,1,1,1,10.1007/s10646-020-02320-2,"Risk assessment and ecotoxicological diagnosis of soil from a chemical industry park in Nanjing, China",real_model_ready,False
10.1007/s10646-020-02320-2,"Risk assessment and ecotoxicological diagnosis of soil from a chemical industry park in Nanjing, China",32.270833,118.793611,江苏,HM+OP,7.53,,0.76,,394,,188.6,,466,1729,69.3,99020.0,6300.0,,,,,,,,,,,1,1,1,10.1007/s10646-020-02320-2,"Risk assessment and ecotoxicological diagnosis of soil from a chemical industry park in Nanjing, China",real_model_ready,False
10.1007/s10646-020-02320-2,"Risk assessment and ecotoxicological diagnosis of soil from a chemical industry park in Nanjing, China",32.270833,118.793611,江苏,HM+OP,8.1,,5.58,,120.8,,195.8,,104.8,631.2,58.9,9020.0,350.0,,,,,,,,,,,1,1,1,10.1007/s10646-020-02320-2,"Risk assessment and ecotoxicological diagnosis of soil from a chemical industry park in Nanjing, China",real_model_ready,False
10.1007/s10646-020-02320-2,"Risk assessment and ecotoxicological diagnosis of soil from a chemical industry park in Nanjing, China",32.270833,118.793611,江苏,HM+OP,7.53,,0.76,,67.9,,85.0,,33.4,136.2,32,3160.0,140.0,,,,,,,,,,,1,1,1,10.1007/s10646-020-02320-2,"Risk assessment and ecotoxicological diagnosis of soil from a chemical industry park in Nanjing, China",real_model_ready,False
10.1007/s10646-020-02320-2,"Risk assessment and ecotoxicological diagnosis of soil from a chemical industry park in Nanjing, China",32.270833,118.793611,江苏,HM+OP,7.53,,0.76,,62.7,,67.9,,43.2,145.1,29.8,5590.0,200.0,,,,,,,,,,,1,1,1,10.1007/s10646-020-02320-2,"Risk assessment and ecotoxicological diagnosis of soil from a chemical industry park in Nanjing, China",real_model_ready,False
10.1007/s10646-020-02320-2,"Risk assessment and ecotoxicological diagnosis of soil from a chemical industry park in Nanjing, China",32.270833,118.793611,江苏,HM+OP,7.53,,0.76,,64.3,,97.9,,46.8,180.3,38.1,8850.0,430.0,,,,,,,,,,,1,1,1,10.1007/s10646-020-02320-2,"Risk assessment and ecotoxicological diagnosis of soil from a chemical industry park in Nanjing, China",real_model_ready,False
10.1007/s10646-020-02320-2,"Risk assessment and ecotoxicological diagnosis of soil from a chemical industry park in Nanjing, China",32.270833,118.793611,江苏,HM+OP,7.53,,0.76,,57.2,,92.7,,43.1,162.2,40.8,6530.0,260.0,,,,,,,,,,,1,1,1,10.1007/s10646-020-02320-2,"Risk assessment and ecotoxicological diagnosis of soil from a chemical industry park in Nanjing, China",real_model_ready,False
10.1007/s10646-020-02320-2,"Risk assessment and ecotoxicological diagnosis of soil from a chemical industry park in Nanjing, China",32.270833,118.793611,江苏,HM+OP,7.53,,0.76,,44.3,,73.8,,36.3,132.8,33.4,2930.0,130.0,,,,,,,,,,,1,1,1,10.1007/s10646-020-02320-2,"Risk assessment and ecotoxicological diagnosis of soil from a chemical industry park in Nanjing, China",real_model_ready,False
10.1007/s10646-020-02320-2,"Risk assessment and ecotoxicological diagnosis of soil from a chemical industry park in Nanjing, China",32.270833,118.793611,江苏,HM+OP,7.53,,0.76,,45.1,,96.2,,32.2,175,27.4,5130.0,200.0,,,,,,,,,,,1,1,1,10.1007/s10646-020-02320-2,"Risk assessment and ecotoxicological diagnosis of soil from a chemical industry park in Nanjing, China",real_model_ready,False
10.3390/toxics13010011,"Design, Implementation and Environmental Impact of Cutoff Wall for Pollution Control in an Industrial Legacy Site",28.54,121.36,浙江,HM+OP,7.73,,5.63,8,100,,17.0,,35,60,12,,,,,1866.67,,,3178.33,,,,,1,1,1,10.3390/toxics13010011,"Design, Implementation and Environmental Impact of Cutoff Wall for Pollution Control in an Industrial Legacy Site",real_model_ready,False
10.3390/toxics13010011,"Design, Implementation and Environmental Impact of Cutoff Wall for Pollution Control in an Industrial Legacy Site",28.49,121.36,浙江,HM+OP,7.7,,4.08,8,1000,,17.0,,35,60,12,,,,,39120.0,,,35360.0,,,,,1,1,1,10.3390/toxics13010011,"Design, Implementation and Environmental Impact of Cutoff Wall for Pollution Control in an Industrial Legacy Site",real_model_ready,False
10.3390/toxics13010011,"Design, Implementation and Environmental Impact of Cutoff Wall for Pollution Control in an Industrial Legacy Site",28.49,121.36,浙江,HM+OP,7.67,,6.12,8,1000,,17.0,,35,60,12,,,,,39120.0,,,35360.0,,,,,1,1,1,10.3390/toxics13010011,"Design, Implementation and Environmental Impact of Cutoff Wall for Pollution Control in an Industrial Legacy Site",real_model_ready,False
10.1080/10406638.2013.812126,"Polycyclic Aromatic Hydrocarbons, Heavy Metals, and Genotoxicity of the Suburban Soils from Guangzhou, China",,,广东,HM+OP,,,,0.1178,26.962,7.3358,18.396,0.5492,24.705,,,655.4,80.8,,,,,,,,,,,1,1,1,10.1080/10406638.2013.812126,"Polycyclic Aromatic Hydrocarbons, Heavy Metals, and Genotoxicity of the Suburban Soils from Guangzhou, China",real_model_ready,False
10.1080/10406638.2013.812126,"Polycyclic Aromatic Hydrocarbons, Heavy Metals, and Genotoxicity of the Suburban Soils from Guangzhou, China",,,广东,HM+OP,,,,0.8473,15.812,9.3405,18.443,0.2503,10.026,,,325.2,20.8,,,,,,,,,,,1,0,1,10.1080/10406638.2013.812126,"Polycyclic Aromatic Hydrocarbons, Heavy Metals, and Genotoxicity of the Suburban Soils from Guangzhou, China",real_model_ready,False
10.1080/10406638.2013.812126,"Polycyclic Aromatic Hydrocarbons, Heavy Metals, and Genotoxicity of the Suburban Soils from Guangzhou, China",,,广东,HM+OP,,,,0.0415,37.871,2.2826,17.976,0.1639,12.315,,,321.4,20.6,,,,,,,,,,,0,0,0,10.1080/10406638.2013.812126,"Polycyclic Aromatic Hydrocarbons, Heavy Metals, and Genotoxicity of the Suburban Soils from Guangzhou, China",real_model_ready,False
10.1080/10406638.2013.812126,"Polycyclic Aromatic Hydrocarbons, Heavy Metals, and Genotoxicity of the Suburban Soils from Guangzhou, China",,,广东,HM+OP,,,,0.1178,50.187,2.5453,9.9656,0.3813,21.121,,,230.6,8.0,,,,,,,,,,,0,0,0,10.1080/10406638.2013.812126,"Polycyclic Aromatic Hydrocarbons, Heavy Metals, and Genotoxicity of the Suburban Soils from Guangzhou, China",real_model_ready,False
10.1080/10406638.2013.812126,"Polycyclic Aromatic Hydrocarbons, Heavy Metals, and Genotoxicity of the Suburban Soils from Guangzhou, China",,,广东,HM+OP,,,,0.1265,46.315,5.5374,13.678,0.3448,23.259,,,851.8,27.2,,,,,,,,,,,1,1,1,10.1080/10406638.2013.812126,"Polycyclic Aromatic Hydrocarbons, Heavy Metals, and Genotoxicity of the Suburban Soils from Guangzhou, China",real_model_ready,False
10.1080/10406638.2013.812126,"Polycyclic Aromatic Hydrocarbons, Heavy Metals, and Genotoxicity of the Suburban Soils from Guangzhou, China",,,广东,HM+OP,,,,0.0779,32.848,3.5046,7.1091,0.0859,5.838,,,1176.2,146.6,,,,,,,,,,,1,1,1,10.1080/10406638.2013.812126,"Polycyclic Aromatic Hydrocarbons, Heavy Metals, and Genotoxicity of the Suburban Soils from Guangzhou, China",real_model_ready,False
10.1080/10406638.2013.812126,"Polycyclic Aromatic Hydrocarbons, Heavy Metals, and Genotoxicity of the Suburban Soils from Guangzhou, China",,,广东,HM+OP,,,,0.0685,9.6759,5.6395,11.678,0.092,7.047,,,582.6,31.0,,,,,,,,,,,1,1,1,10.1080/10406638.2013.812126,"Polycyclic Aromatic Hydrocarbons, Heavy Metals, and Genotoxicity of the Suburban Soils from Guangzhou, China",real_model_ready,False
10.1080/10406638.2013.812126,"Polycyclic Aromatic Hydrocarbons, Heavy Metals, and Genotoxicity of the Suburban Soils from Guangzhou, China",,,广东,HM+OP,,,,0.5816,93.739,24.069,64.699,0.2415,56.388,,,855.2,68.8,,,,,,,,,,,1,1,1,10.1080/10406638.2013.812126,"Polycyclic Aromatic Hydrocarbons, Heavy Metals, and Genotoxicity of the Suburban Soils from Guangzhou, China",real_model_ready,False
10.1080/10406638.2013.812126,"Polycyclic Aromatic Hydrocarbons, Heavy Metals, and Genotoxicity of the Suburban Soils from Guangzhou, China",,,广东,HM+OP,,,,0.5137,86.475,36.064,54.984,0.2037,52.449,,,1263.0,73.8,,,,,,,,,,,1,1,1,10.1080/10406638.2013.812126,"Polycyclic Aromatic Hydrocarbons, Heavy Metals, and Genotoxicity of the Suburban Soils from Guangzhou, China",real_model_ready,False
10.1007/s10661-019-7476-2,"Distribution characteristics and health risk assessment of heavy metals and PAHs in the soils of green spaces in Shanghai, China",,,上海,HM+OP,,,8.51-42.1,0.362,36.3,17.7,2.5,0.17,38.5,144,35.4,,,,,,,,,,,,,1,0,1,10.1007/s10661-019-7476-2,"Distribution characteristics and health risk assessment of heavy metals and PAHs in the soils of green spaces in Shanghai, China",real_model_ready,False
10.1007/s10661-019-7476-2,"Distribution characteristics and health risk assessment of heavy metals and PAHs in the soils of green spaces in Shanghai, China",,,上海,HM+OP,,,9.00-34.3,0.342,30.7,15.6,2.37,0.117,34.8,130,31.3,,,,,,,,,,,,,1,0,1,10.1007/s10661-019-7476-2,"Distribution characteristics and health risk assessment of heavy metals and PAHs in the soils of green spaces in Shanghai, China",real_model_ready,False
10.1016/j.jhazmat.2015.09.068,Efficient remediation of PAH-metal co-contaminated soil using microbial-plant combination: A greenhouse study,,,江苏,HM+OP,7.15,,,6.7,66.8,,93.2,,78.6,460,,55.16,4.64,,,,,,,,,,,1,0,1,10.1016/j.jhazmat.2015.09.068,Efficient remediation of PAH-metal co-contaminated soil using microbial-plant combination: A greenhouse study,real_model_ready,False
10.1016/j.ecoenv.2005.01.009,Combined effect of heavy metals and polycyclic aromatic hydrocarbons on urease activity in soil,,,,HM+OP,8.18,,16.7,0,8.725,,,,,12.5,,140.0,3.2,,,,,,,,,,,0,0,0,10.1016/j.ecoenv.2005.01.009,Combined effect of heavy metals and polycyclic aromatic hydrocarbons on urease activity in soil,real_model_ready,False
10.1016/j.ecoenv.2005.01.009,Combined effect of heavy metals and polycyclic aromatic hydrocarbons on urease activity in soil,,,,HM+OP,8.18,,16.7,0.03125,70,,,,,50,,16.125,1.6,,,,,,,,,,,0,0,0,10.1016/j.ecoenv.2005.01.009,Combined effect of heavy metals and polycyclic aromatic hydrocarbons on urease activity in soil,real_model_ready,False
10.1016/j.ecoenv.2005.01.009,Combined effect of heavy metals and polycyclic aromatic hydrocarbons on urease activity in soil,,,,HM+OP,8.18,,16.7,0.0125,560,,,,,200,,16.005,800.0,,,,,,,,,,,1,1,1,10.1016/j.ecoenv.2005.01.009,Combined effect of heavy metals and polycyclic aromatic hydrocarbons on urease activity in soil,real_model_ready,False
10.1016/j.ecoenv.2005.01.009,Combined effect of heavy metals and polycyclic aromatic hydrocarbons on urease activity in soil,,,,HM+OP,8.18,,16.7,0.05,0,,,,,800,,600.0,400.0,,,,,,,,,,,1,1,1,10.1016/j.ecoenv.2005.01.009,Combined effect of heavy metals and polycyclic aromatic hydrocarbons on urease activity in soil,real_model_ready,False
10.1016/j.ecoenv.2005.01.009,Combined effect of heavy metals and polycyclic aromatic hydrocarbons on urease activity in soil,,,,HM+OP,8.18,,16.7,0.2,17.5,,,,,3200,,2.5,200.0,,,,,,,,,,,1,1,1,10.1016/j.ecoenv.2005.01.009,Combined effect of heavy metals and polycyclic aromatic hydrocarbons on urease activity in soil,real_model_ready,False
10.1016/j.ecoenv.2005.01.009,Combined effect of heavy metals and polycyclic aromatic hydrocarbons on urease activity in soil,,,,HM+OP,8.18,,16.7,0.8,140,,,,,0,,16.0,100.0,,,,,,,,,,,1,0,1,10.1016/j.ecoenv.2005.01.009,Combined effect of heavy metals and polycyclic aromatic hydrocarbons on urease activity in soil,real_model_ready,False
10.1016/j.ecoenv.2005.01.009,Combined effect of heavy metals and polycyclic aromatic hydrocarbons on urease activity in soil,,,,HM+OP,8.18,,16.7,3.2,1120,,,,,25,,0.15,5.0,,,,,,,,,,,1,1,1,10.1016/j.ecoenv.2005.01.009,Combined effect of heavy metals and polycyclic aromatic hydrocarbons on urease activity in soil,real_model_ready,False
10.1016/j.ecoenv.2005.01.009,Combined effect of heavy metals and polycyclic aromatic hydrocarbons on urease activity in soil,,,,HM+OP,8.18,,16.7,12.8,4.3625,,,,,100,,0.4,25.0,,,,,,,,,,,1,0,1,10.1016/j.ecoenv.2005.01.009,Combined effect of heavy metals and polycyclic aromatic hydrocarbons on urease activity in soil,real_model_ready,False
10.1016/j.ecoenv.2005.01.009,Combined effect of heavy metals and polycyclic aromatic hydrocarbons on urease activity in soil,,,,HM+OP,8.18,,16.7,51.2,35,,,,,400,,0.8,12.5,,,,,,,,,,,1,0,1,10.1016/j.ecoenv.2005.01.009,Combined effect of heavy metals and polycyclic aromatic hydrocarbons on urease activity in soil,real_model_ready,False
10.1016/j.ecoenv.2005.01.009,Combined effect of heavy metals and polycyclic aromatic hydrocarbons on urease activity in soil,,,,HM+OP,8.18,,16.7,204.8,280,,,,,1600,,0.005,0.0,,,,,,,,,,,1,1,1,10.1016/j.ecoenv.2005.01.009,Combined effect of heavy metals and polycyclic aromatic hydrocarbons on urease activity in soil,real_model_ready,False
10.1016/j.jhazmat.2012.07.040,phase4_files_13013_j.jhazmat.2012.07.040.pdf,,,,HM+OP,,,,,3.8,110.2,,0.4,730.1,4333.8,,,,,,,,,,,,,,1,1,1,10.1016/j.jhazmat.2012.07.040,phase4_files_13013_j.jhazmat.2012.07.040.pdf,real_model_ready,False
10.1016/j.jhazmat.2012.07.040,phase4_files_13013_j.jhazmat.2012.07.040.pdf,,,,HM+OP,,,,,40,30.2,59.2,0.1887,37,75.9,,,,,,,,,,,,,,1,0,1,10.1016/j.jhazmat.2012.07.040,phase4_files_13013_j.jhazmat.2012.07.040.pdf,real_model_ready,False
10.1016/j.jhazmat.2012.07.040,phase4_files_13013_j.jhazmat.2012.07.040.pdf,,,,HM+OP,,,,,44.6,27.7,53.5,0.1217,32.3,83.8,,,,,,,,,,,,,,0,0,0,10.1016/j.jhazmat.2012.07.040,phase4_files_13013_j.jhazmat.2012.07.040.pdf,real_model_ready,False
10.1016/j.jhazmat.2012.07.040,phase4_files_13013_j.jhazmat.2012.07.040.pdf,,,,HM+OP,,,,,2.7,69.5,,0.3213,481.5,2713,,,,,,,,,,,,,,1,1,1,10.1016/j.jhazmat.2012.07.040,phase4_files_13013_j.jhazmat.2012.07.040.pdf,real_model_ready,False
10.1016/j.jhazmat.2012.07.040,phase4_files_13013_j.jhazmat.2012.07.040.pdf,,,,HM+OP,,,,,50,617.2,56.9,0.18,39,262.5,,,,,,,,,,,,,,1,1,1,10.1016/j.jhazmat.2012.07.040,phase4_files_13013_j.jhazmat.2012.07.040.pdf,real_model_ready,False
10.1016/j.jhazmat.2012.07.040,phase4_files_13013_j.jhazmat.2012.07.040.pdf,,,,HM+OP,,,,,9.2,2.6,3.6,0.2727,129.8,152.5,,,,,,,,,,,,,,1,0,1,10.1016/j.jhazmat.2012.07.040,phase4_files_13013_j.jhazmat.2012.07.040.pdf,real_model_ready,False
10.1016/j.jhazmat.2012.07.040,phase4_files_13013_j.jhazmat.2012.07.040.pdf,,,,HM+OP,,,,,45.7,28.2,70.4,0.2513,50.3,96.4,,,,,,,,,,,,,,0,0,0,10.1016/j.jhazmat.2012.07.040,phase4_files_13013_j.jhazmat.2012.07.040.pdf,real_model_ready,False
10.1016/j.envpol.2013.03.058,Assessing the combined risks of PAHs and metals in urban soils by urbanization indicators,,,Beijing,HM+OP,7.93,,1.33,0.11,18.82,6.97,59.84,,25.64,88.54,23.39,,,,,,,,,,,707.0,158.0,0,0,0,10.1016/j.envpol.2013.03.058,Assessing the combined risks of PAHs and metals in urban soils by urbanization indicators,real_model_ready,False
10.1016/j.envpol.2018.09.112,"Comparison of greenhouse and open field cultivations across China: Soil characteristics, contamination and microbial diversity",,,,HM+OP,6.85,,2.99,,,,,,,,,537.0,,136.0,,,,1880.0,,,,,,0,0,0,10.1016/j.envpol.2018.09.112,"Comparison of greenhouse and open field cultivations across China: Soil characteristics, contamination and microbial diversity",real_model_ready,False
10.1016/j.envpol.2018.09.112,"Comparison of greenhouse and open field cultivations across China: Soil characteristics, contamination and microbial diversity",,,,HM+OP,7.34,,2.09,,,,,,,,,,,77.2,,,,858.0,,,,,,0,0,0,10.1016/j.envpol.2018.09.112,"Comparison of greenhouse and open field cultivations across China: Soil characteristics, contamination and microbial diversity",real_model_ready,False
10.1234/placeholder,EVALUATION OF DISSIPATION MECHANISMS FOR PYRENE BY MAIZE (ZEA MAYS L.) IN CADMIUM CO-CONTAMINATED SOIL,,,Guangdong,HM+OP,6.42,,,0.13,,,,,,,,,,,,,,,,,,,,0,0,0,10.1234/placeholder,EVALUATION OF DISSIPATION MECHANISMS FOR PYRENE BY MAIZE (ZEA MAYS L.) IN CADMIUM CO-CONTAMINATED SOIL,real_model_ready,False
10.1007/BF03327627,Remediation of soil co-contaminated with pyrene and cadmium by growing maize (Zea mays L.),,,Guangdong,HM+OP,6.42,,1.63,0.13,,,,,,,,,,,,,,,,,,,,0,0,0,10.1007/BF03327627,Remediation of soil co-contaminated with pyrene and cadmium by growing maize (Zea mays L.),real_model_ready,False
10.1016/S1001-0742(10)60517-7,Eco-toxicity of petroleum hydrocarbon contaminated soil,,,Shandong,HM+OP,7.9,,,0.5,0.5,,12.0,,16.5,,6.5,,,,,,,,,,,,,0,0,0,10.1016/S1001-0742(10)60517-7,Eco-toxicity of petroleum hydrocarbon contaminated soil,real_model_ready,False
10.3390/ijerph15081731,Using Calcination Remediation to Stabilize Heavy Metals and Simultaneously Remove Polycyclic Aromatic Hydrocarbons in Soil,,,Jiangsu,HM+OP,6.43,,1.51,,,,,,770.19,808.73,,,,,,,,,,,,,,1,1,1,10.3390/ijerph15081731,Using Calcination Remediation to Stabilize Heavy Metals and Simultaneously Remove Polycyclic Aromatic Hydrocarbons in Soil,real_model_ready,False
10.1038/s41598-022-07577-7,Improved remediation of co‑contaminated soils by heavy metals and PAHs with biosurfactant‑enhanced soil washing,,,,HM+OP,,,,40,,,,,,,,200000.0,,,,,,,,,,,,1,1,1,10.1038/s41598-022-07577-7,Improved remediation of co‑contaminated soils by heavy metals and PAHs with biosurfactant‑enhanced soil washing,real_model_ready,False
10.1038/s41598-022-07577-7,Improved remediation of co‑contaminated soils by heavy metals and PAHs with biosurfactant‑enhanced soil washing,,,,HM+OP,,,,200,,,,,,,,200000.0,,,,,,,,,,,,1,1,1,10.1038/s41598-022-07577-7,Improved remediation of co‑contaminated soils by heavy metals and PAHs with biosurfactant‑enhanced soil washing,real_model_ready,False
10.1038/s41598-022-07577-7,Improved remediation of co‑contaminated soils by heavy metals and PAHs with biosurfactant‑enhanced soil washing,,,,HM+OP,,,,200,,,,,,,,40000.0,,,,,,,,,,,,1,1,1,10.1038/s41598-022-07577-7,Improved remediation of co‑contaminated soils by heavy metals and PAHs with biosurfactant‑enhanced soil washing,real_model_ready,False
10.3390/ijerph110303118,Influence of Heavy Metals and PCBs Pollution on the Enzyme Activity and Microbial Community of Paddy Soils around an E-Waste Recycling Workshop,,,Zhejiang,HM+OP,6.3,,5.3,1.83,87.22,,60.17,,37.17,95.44,30.77,,,,,,,,,,,,,1,0,1,10.3390/ijerph110303118,Influence of Heavy Metals and PCBs Pollution on the Enzyme Activity and Microbial Community of Paddy Soils around an E-Waste Recycling Workshop,real_model_ready,False
10.3390/ijerph110303118,Influence of Heavy Metals and PCBs Pollution on the Enzyme Activity and Microbial Community of Paddy Soils around an E-Waste Recycling Workshop,,,Zhejiang,HM+OP,5.7,,5.1,2.08,92.16,,68.17,,81.14,126.53,32.7,,,,,,,,,,,,,1,0,1,10.3390/ijerph110303118,Influence of Heavy Metals and PCBs Pollution on the Enzyme Activity and Microbial Community of Paddy Soils around an E-Waste Recycling Workshop,real_model_ready,False
10.3390/ijerph110303118,Influence of Heavy Metals and PCBs Pollution on the Enzyme Activity and Microbial Community of Paddy Soils around an E-Waste Recycling Workshop,,,Zhejiang,HM+OP,5.3,,5.8,2.56,107.1,,74.18,,78.26,134.5,35.58,,,,,,,,,,,,,1,0,1,10.3390/ijerph110303118,Influence of Heavy Metals and PCBs Pollution on the Enzyme Activity and Microbial Community of Paddy Soils around an E-Waste Recycling Workshop,real_model_ready,False
10.3390/ijerph110303118,Influence of Heavy Metals and PCBs Pollution on the Enzyme Activity and Microbial Community of Paddy Soils around an E-Waste Recycling Workshop,,,Zhejiang,HM+OP,6.1,,5.6,2.57,99.54,,69.04,,71.36,129,35.37,,,,,,,,,,,,,1,0,1,10.3390/ijerph110303118,Influence of Heavy Metals and PCBs Pollution on the Enzyme Activity and Microbial Community of Paddy Soils around an E-Waste Recycling Workshop,real_model_ready,False
10.3390/ijerph110303118,Influence of Heavy Metals and PCBs Pollution on the Enzyme Activity and Microbial Community of Paddy Soils around an E-Waste Recycling Workshop,,,Zhejiang,HM+OP,5.3,,6.7,1.71,92.22,,71.11,,68.59,131.34,34.89,,,,,,,,,,,,,1,0,1,10.3390/ijerph110303118,Influence of Heavy Metals and PCBs Pollution on the Enzyme Activity and Microbial Community of Paddy Soils around an E-Waste Recycling Workshop,real_model_ready,False
10.3390/ijerph110303118,Influence of Heavy Metals and PCBs Pollution on the Enzyme Activity and Microbial Community of Paddy Soils around an E-Waste Recycling Workshop,,,Zhejiang,HM+OP,5.5,,6.5,2.23,103.98,,73.53,,78.94,142,38.93,,,,,,,,,,,,,1,0,1,10.3390/ijerph110303118,Influence of Heavy Metals and PCBs Pollution on the Enzyme Activity and Microbial Community of Paddy Soils around an E-Waste Recycling Workshop,real_model_ready,False
10.3390/ijerph15112595,"Remediating Potentially Toxic Metal and Organic Co-Contamination of Soil by Combining In Situ Solidification/Stabilization and Chemical Oxidation: Efficacy, Mechanism, and Evaluation",,,Beijing,HM+OP,8.22,,1.18,10,,,,,,,,,,,,,,,,,,,,1,0,1,10.3390/ijerph15112595,"Remediating Potentially Toxic Metal and Organic Co-Contamination of Soil by Combining In Situ Solidification/Stabilization and Chemical Oxidation: Efficacy, Mechanism, and Evaluation",real_model_ready,False
10.3390/ijerph15112595,"Remediating Potentially Toxic Metal and Organic Co-Contamination of Soil by Combining In Situ Solidification/Stabilization and Chemical Oxidation: Efficacy, Mechanism, and Evaluation",,,Beijing,HM+OP,12.44,,1.13,10,,,,,,,,,,,,,,,,,,,,1,0,1,10.3390/ijerph15112595,"Remediating Potentially Toxic Metal and Organic Co-Contamination of Soil by Combining In Situ Solidification/Stabilization and Chemical Oxidation: Efficacy, Mechanism, and Evaluation",real_model_ready,False
10.3390/ijerph15112595,"Remediating Potentially Toxic Metal and Organic Co-Contamination of Soil by Combining In Situ Solidification/Stabilization and Chemical Oxidation: Efficacy, Mechanism, and Evaluation",,,Beijing,HM+OP,11.07,,0.61,10,,,,,,,,,,,,,,,,,,,,1,0,1,10.3390/ijerph15112595,"Remediating Potentially Toxic Metal and Organic Co-Contamination of Soil by Combining In Situ Solidification/Stabilization and Chemical Oxidation: Efficacy, Mechanism, and Evaluation",real_model_ready,False
10.11949/j.issn.0438-1157.20161805,土壤、地下水中重金属和多环芳烃复合污染及修复研究进展 / Research progress on co-contamination and remediation of heavy metals and polycyclic aromatic hydrocarbons in soil and groundwater,,,Liaoning,HM+OP,,,,1.7,326.25,,41.95,,,,,,,,,,,,,,,,,1,0,1,10.11949/j.issn.0438-1157.20161805,土壤、地下水中重金属和多环芳烃复合污染及修复研究进展 / Research progress on co-contamination and remediation of heavy metals and polycyclic aromatic hydrocarbons in soil and groundwater,real_model_ready,False
10.11949/j.issn.0438-1157.20161805,土壤、地下水中重金属和多环芳烃复合污染及修复研究进展 / Research progress on co-contamination and remediation of heavy metals and polycyclic aromatic hydrocarbons in soil and groundwater,,,Guangdong,HM+OP,,,,9.675,408.925,,,,1466.2,,,,,,,,,,,,,,,1,0,1,10.11949/j.issn.0438-1157.20161805,土壤、地下水中重金属和多环芳烃复合污染及修复研究进展 / Research progress on co-contamination and remediation of heavy metals and polycyclic aromatic hydrocarbons in soil and groundwater,real_model_ready,False
10.11949/j.issn.0438-1157.20161805,土壤、地下水中重金属和多环芳烃复合污染及修复研究进展 / Research progress on co-contamination and remediation of heavy metals and polycyclic aromatic hydrocarbons in soil and groundwater,,,Hunan,HM+OP,,,,,65.55,15.565,59.0,,,,,,,,,,,,,,,,,0,0,0,10.11949/j.issn.0438-1157.20161805,土壤、地下水中重金属和多环芳烃复合污染及修复研究进展 / Research progress on co-contamination and remediation of heavy metals and polycyclic aromatic hydrocarbons in soil and groundwater,real_model_ready,False
10.11949/j.issn.0438-1157.20161805,土壤、地下水中重金属和多环芳烃复合污染及修复研究进展 / Research progress on co-contamination and remediation of heavy metals and polycyclic aromatic hydrocarbons in soil and groundwater,,,Shanxi,HM+OP,,,,0.702,,24.1,,,,,,,,,,,,,,,,,,1,0,1,10.11949/j.issn.0438-1157.20161805,土壤、地下水中重金属和多环芳烃复合污染及修复研究进展 / Research progress on co-contamination and remediation of heavy metals and polycyclic aromatic hydrocarbons in soil and groundwater,real_model_ready,False
10.11949/j.issn.0438-1157.20161805,土壤、地下水中重金属和多环芳烃复合污染及修复研究进展 / Research progress on co-contamination and remediation of heavy metals and polycyclic aromatic hydrocarbons in soil and groundwater,,,Shaanxi,HM+OP,,,,26,539.5,115,1892.605,6.355,1000.74,1751.33,,,,,,,,,,,,,,1,1,1,10.11949/j.issn.0438-1157.20161805,土壤、地下水中重金属和多环芳烃复合污染及修复研究进展 / Research progress on co-contamination and remediation of heavy metals and polycyclic aromatic hydrocarbons in soil and groundwater,real_model_ready,False
10.3390/ijerph15040698,"Effects of Co-Processing Sewage Sludge in the Cement Kiln on PAHs, Heavy Metals Emissions and the Surrounding Environment",,,,HM+OP,,,,1.2,9.3,8.4,12.5,,217,46.8,14.1,,,,,,,,,,,,,1,0,1,10.3390/ijerph15040698,"Effects of Co-Processing Sewage Sludge in the Cement Kiln on PAHs, Heavy Metals Emissions and the Surrounding Environment",real_model_ready,False
10.3390/ijerph15040698,"Effects of Co-Processing Sewage Sludge in the Cement Kiln on PAHs, Heavy Metals Emissions and the Surrounding Environment",,,,HM+OP,,,,2.4,16.5,7,27.3,,262.1,83.2,19.3,,,,,,,,,,,,,1,0,1,10.3390/ijerph15040698,"Effects of Co-Processing Sewage Sludge in the Cement Kiln on PAHs, Heavy Metals Emissions and the Surrounding Environment",real_model_ready,False
10.3390/ijerph15040698,"Effects of Co-Processing Sewage Sludge in the Cement Kiln on PAHs, Heavy Metals Emissions and the Surrounding Environment",,,,HM+OP,,,,13.4,83.4,24.8,178.2,,318.1,172.3,35.8,,,,,,,,,,,,,1,0,1,10.3390/ijerph15040698,"Effects of Co-Processing Sewage Sludge in the Cement Kiln on PAHs, Heavy Metals Emissions and the Surrounding Environment",real_model_ready,False
10.1016/j.scitotenv.2021.146263,"The application of urban anthropogenic background to pollution evaluation and source identification of soil contaminants in Macau, China",,,Macau Special Administrative Region,HM+OP,,,,0.03,21.3,,,0.009,6.54,17,,,0.321,,,,,,,,,,,0,0,0,10.1016/j.scitotenv.2021.146263,"The application of urban anthropogenic background to pollution evaluation and source identification of soil contaminants in Macau, China",real_model_ready,False
10.1016/j.scitotenv.2021.146263,"The application of urban anthropogenic background to pollution evaluation and source identification of soil contaminants in Macau, China",,,Macau Special Administrative Region,HM+OP,,,,0.62,576,,,1.74,60.5,318,,,121.0,,,,,,,,,,,1,0,1,10.1016/j.scitotenv.2021.146263,"The application of urban anthropogenic background to pollution evaluation and source identification of soil contaminants in Macau, China",real_model_ready,False
10.1016/j.scitotenv.2021.146263,"The application of urban anthropogenic background to pollution evaluation and source identification of soil contaminants in Macau, China",,,Macau Special Administrative Region,HM+OP,,,,0.22,108,,,0.267,21.9,113,,,24.6,,,,,,,,,,,0,0,0,10.1016/j.scitotenv.2021.146263,"The application of urban anthropogenic background to pollution evaluation and source identification of soil contaminants in Macau, China",real_model_ready,False
10.1016/j.scitotenv.2021.146263,"The application of urban anthropogenic background to pollution evaluation and source identification of soil contaminants in Macau, China",,,Macau Special Administrative Region,HM+OP,,,,0.17,95.6,,,0.1,18.8,97.28,,,15.4,,,,,,,,,,,0,0,0,10.1016/j.scitotenv.2021.146263,"The application of urban anthropogenic background to pollution evaluation and source identification of soil contaminants in Macau, China",real_model_ready,False
10.1007/s00128-018-2494-2,In-Situ Remediation of Cadmium and Atrazine Contaminated Acid Red Soil of South China Using Sepiolite and Biochar,,,Hunan,HM+OP,6.21,,2.01,2.16,,,,,,,,,,,,,,,,,,,,1,0,1,10.1007/s00128-018-2494-2,In-Situ Remediation of Cadmium and Atrazine Contaminated Acid Red Soil of South China Using Sepiolite and Biochar,real_model_ready,False
10.1016/j.ecoenv.2020.110651,SI_phase6_10.1016_j.ecoenv.2020.110651,,,Guangdong,HM+OP,,,,,74.3,,32.4,,61.6,94.2,17.1,,,,,,,,,,,,,0,0,0,10.1016/j.ecoenv.2020.110651,SI_phase6_10.1016_j.ecoenv.2020.110651,real_model_ready,False
10.1016/j.ecoenv.2020.110651,SI_phase6_10.1016_j.ecoenv.2020.110651,,,Guangdong,HM+OP,,,,,63.5,,53.0,,70.5,60,13.95,,,,,,,,,,,,,0,0,0,10.1016/j.ecoenv.2020.110651,SI_phase6_10.1016_j.ecoenv.2020.110651,real_model_ready,False
10.1016/j.ecoenv.2020.110651,SI_phase6_10.1016_j.ecoenv.2020.110651,,,Guangdong,HM+OP,,,,,82.5,,2.46,,71,30,17.2,,,,,,,,,,,,,0,0,0,10.1016/j.ecoenv.2020.110651,SI_phase6_10.1016_j.ecoenv.2020.110651,real_model_ready,False
10.1016/j.ecoenv.2020.110651,SI_phase6_10.1016_j.ecoenv.2020.110651,,,Guangdong,HM+OP,,,,,106.8,,62.1,,254,84.7,55.55,,,,,,,,,,,,,1,0,1,10.1016/j.ecoenv.2020.110651,SI_phase6_10.1016_j.ecoenv.2020.110651,real_model_ready,False
10.1016/j.ecoenv.2020.110651,SI_phase6_10.1016_j.ecoenv.2020.110651,,,Guangdong,HM+OP,,,,,123.5,,93.5,,241,69,76.5,,,,,,,,,,,,,1,0,1,10.1016/j.ecoenv.2020.110651,SI_phase6_10.1016_j.ecoenv.2020.110651,real_model_ready,False
10.1016/j.ecoenv.2020.110651,SI_phase6_10.1016_j.ecoenv.2020.110651,,,Guangdong,HM+OP,,,,,169.5,,110.0,,287,34.5,89.5,,,,,,,,,,,,,1,0,1,10.1016/j.ecoenv.2020.110651,SI_phase6_10.1016_j.ecoenv.2020.110651,real_model_ready,False
10.1016/j.ecoenv.2020.110651,SI_phase6_10.1016_j.ecoenv.2020.110651,,,Guangdong,HM+OP,,,,,920.8,,66.6,,956,444.2,61.05,,,,,,,,,,,,,1,1,1,10.1016/j.ecoenv.2020.110651,SI_phase6_10.1016_j.ecoenv.2020.110651,real_model_ready,False
10.1016/j.ecoenv.2020.110651,SI_phase6_10.1016_j.ecoenv.2020.110651,,,Guangdong,HM+OP,,,,,1395,,493.0,,1245,607.1,46.35,,,,,,,,,,,,,1,1,1,10.1016/j.ecoenv.2020.110651,SI_phase6_10.1016_j.ecoenv.2020.110651,real_model_ready,False
10.1016/j.ecoenv.2020.110651,SI_phase6_10.1016_j.ecoenv.2020.110651,,,Guangdong,HM+OP,,,,,1355,,343.0,,875,432.6,251.3,,,,,,,,,,,,,1,1,1,10.1016/j.ecoenv.2020.110651,SI_phase6_10.1016_j.ecoenv.2020.110651,real_model_ready,False
10.1016/j.ecoenv.2020.110651,SI_phase6_10.1016_j.ecoenv.2020.110651,,,Guangdong,HM+OP,,,,,87.3,,41.1,,129,88.2,45.6,,,,,,,,,,,,,1,0,1,10.1016/j.ecoenv.2020.110651,SI_phase6_10.1016_j.ecoenv.2020.110651,real_model_ready,False
10.1016/j.ecoenv.2020.110651,SI_phase6_10.1016_j.ecoenv.2020.110651,,,Guangdong,HM+OP,,,,,35.6,,77.5,,104,131.3,224,,,,,,,,,,,,,1,0,1,10.1016/j.ecoenv.2020.110651,SI_phase6_10.1016_j.ecoenv.2020.110651,real_model_ready,False
10.1016/j.ecoenv.2020.110651,SI_phase6_10.1016_j.ecoenv.2020.110651,,,Guangdong,HM+OP,,,,,38.2,,94.5,,105,131.7,191,,,,,,,,,,,,,1,0,1,10.1016/j.ecoenv.2020.110651,SI_phase6_10.1016_j.ecoenv.2020.110651,real_model_ready,False
10.1016/j.ecoenv.2020.110651,SI_phase6_10.1016_j.ecoenv.2020.110651,,,Guangdong,HM+OP,,,,,193,,44.0,,981,841,48,,,,,,,,,,,,,1,1,1,10.1016/j.ecoenv.2020.110651,SI_phase6_10.1016_j.ecoenv.2020.110651,real_model_ready,False
10.1016/j.ecoenv.2020.110651,SI_phase6_10.1016_j.ecoenv.2020.110651,,,Guangdong,HM+OP,,,,,87.8,,43.1,,60.6,94.7,22,,,,,,,,,,,,,0,0,0,10.1016/j.ecoenv.2020.110651,SI_phase6_10.1016_j.ecoenv.2020.110651,real_model_ready,False
10.1016/j.ecoenv.2020.110651,SI_phase6_10.1016_j.ecoenv.2020.110651,,,Guangdong,HM+OP,,,,,32.15,,132.5,,37.6,150.2,2,,,,,,,,,,,,,0,0,0,10.1016/j.ecoenv.2020.110651,SI_phase6_10.1016_j.ecoenv.2020.110651,real_model_ready,False
10.1016/j.ecoenv.2020.110651,SI_phase6_10.1016_j.ecoenv.2020.110651,,,Guangdong,HM+OP,,,,,20.8,,102.5,,24.9,136.1,0.5,,,,,,,,,,,,,0,0,0,10.1016/j.ecoenv.2020.110651,SI_phase6_10.1016_j.ecoenv.2020.110651,real_model_ready,False
10.1016/j.ecoenv.2020.110651,SI_phase6_10.1016_j.ecoenv.2020.110651,,,Guangdong,HM+OP,,,,,79.8,,44.1,,60.6,88.7,30.6,,,,,,,,,,,,,0,0,0,10.1016/j.ecoenv.2020.110651,SI_phase6_10.1016_j.ecoenv.2020.110651,real_model_ready,False
10.1016/j.ecoenv.2020.110651,SI_phase6_10.1016_j.ecoenv.2020.110651,,,Guangdong,HM+OP,,,,,12.4,,99.0,,28.9,119.5,6.1,,,,,,,,,,,,,0,0,0,10.1016/j.ecoenv.2020.110651,SI_phase6_10.1016_j.ecoenv.2020.110651,real_model_ready,False
10.1016/j.ecoenv.2020.110651,SI_phase6_10.1016_j.ecoenv.2020.110651,,,Guangdong,HM+OP,,,,,6.65,,50.0,,22.1,110.5,1.5,,,,,,,,,,,,,0,0,0,10.1016/j.ecoenv.2020.110651,SI_phase6_10.1016_j.ecoenv.2020.110651,real_model_ready,False
10.1016/j.ecoenv.2020.110651,SI_phase6_10.1016_j.ecoenv.2020.110651,,,Guangdong,HM+OP,,,,,90.8,,45.1,,57.1,91.7,21.15,,,,,,,,,,,,,0,0,0,10.1016/j.ecoenv.2020.110651,SI_phase6_10.1016_j.ecoenv.2020.110651,real_model_ready,False
10.1016/j.ecoenv.2020.110651,SI_phase6_10.1016_j.ecoenv.2020.110651,,,Guangdong,HM+OP,,,,,30,,190.0,,184,137.9,4.65,,,,,,,,,,,,,1,0,1,10.1016/j.ecoenv.2020.110651,SI_phase6_10.1016_j.ecoenv.2020.110651,real_model_ready,False
10.1016/j.ecoenv.2020.110651,SI_phase6_10.1016_j.ecoenv.2020.110651,,,Guangdong,HM+OP,,,,,22.3,,113.0,,147,129.1,1.6,,,,,,,,,,,,,1,0,1,10.1016/j.ecoenv.2020.110651,SI_phase6_10.1016_j.ecoenv.2020.110651,real_model_ready,False
10.1016/j.jhazmat.2025.138421,SI_phase6_10.1016_j.jhazmat.2025.138421,,,,HM+OP,6.51,,5.17,0.005,,,,,30.14,95.62,,,,,,,,,,,,,,0,0,0,10.1016/j.jhazmat.2025.138421,SI_phase6_10.1016_j.jhazmat.2025.138421,real_model_ready,False
10.1016/j.jhazmat.2025.138421,SI_phase6_10.1016_j.jhazmat.2025.138421,,,,HM+OP,,,,0.12,,,,,,,,,,,,,,,,,,,,0,0,0,10.1016/j.jhazmat.2025.138421,SI_phase6_10.1016_j.jhazmat.2025.138421,real_model_ready,False
10.1016/j.jhazmat.2025.138421,SI_phase6_10.1016_j.jhazmat.2025.138421,,,,HM+OP,,,,1.29,,,,,,,,,,,,,,,,,,,,1,0,1,10.1016/j.jhazmat.2025.138421,SI_phase6_10.1016_j.jhazmat.2025.138421,real_model_ready,False
10.1016/j.jhazmat.2025.138421,SI_phase6_10.1016_j.jhazmat.2025.138421,,,,HM+OP,,,,5.16,,,,,,,,,,,,,,,,,,,,1,0,1,10.1016/j.jhazmat.2025.138421,SI_phase6_10.1016_j.jhazmat.2025.138421,real_model_ready,False
10.1016/j.jhazmat.2025.138421,SI_phase6_10.1016_j.jhazmat.2025.138421,,,,HM+OP,,,,0.15,,,,,,,,,,,,,,,,,,,,0,0,0,10.1016/j.jhazmat.2025.138421,SI_phase6_10.1016_j.jhazmat.2025.138421,real_model_ready,False
10.1016/j.jhazmat.2025.138421,SI_phase6_10.1016_j.jhazmat.2025.138421,,,,HM+OP,,,,0.11,,,,,,,,,,,,,,,,,,,,0,0,0,10.1016/j.jhazmat.2025.138421,SI_phase6_10.1016_j.jhazmat.2025.138421,real_model_ready,False
10.1016/j.jhazmat.2025.138421,SI_phase6_10.1016_j.jhazmat.2025.138421,,,,HM+OP,,,,1.18,,,,,,,,,,,,,,,,,,,,1,0,1,10.1016/j.jhazmat.2025.138421,SI_phase6_10.1016_j.jhazmat.2025.138421,real_model_ready,False
10.1016/j.jhazmat.2025.138421,SI_phase6_10.1016_j.jhazmat.2025.138421,,,,HM+OP,,,,1.19,,,,,,,,,,,,,,,,,,,,1,0,1,10.1016/j.jhazmat.2025.138421,SI_phase6_10.1016_j.jhazmat.2025.138421,real_model_ready,False
10.1016/j.jhazmat.2025.138421,SI_phase6_10.1016_j.jhazmat.2025.138421,,,,HM+OP,,,,5.06,,,,,,,,,,,,,,,,,,,,1,0,1,10.1016/j.jhazmat.2025.138421,SI_phase6_10.1016_j.jhazmat.2025.138421,real_model_ready,False
10.1016/j.jhazmat.2025.138421,SI_phase6_10.1016_j.jhazmat.2025.138421,,,,HM+OP,,,,5.11,,,,,,,,,,,,,,,,,,,,1,0,1,10.1016/j.jhazmat.2025.138421,SI_phase6_10.1016_j.jhazmat.2025.138421,real_model_ready,False
10.1016/j.chemosphere.2022.133654,Effect of nitrilotriacetic acid and tea saponin on the phytoremediation of Ni by Sudan grass (Sorghum sudanense (Piper) Stapf.) in Ni-pyrene contaminated soil,31.533,121.667,Shanghai,HM+OP,8.3,,1.96,,,,,,,,252.09,,,,,,,,,,,,,1,0,1,10.1016/j.chemosphere.2022.133654,Effect of nitrilotriacetic acid and tea saponin on the phytoremediation of Ni by Sudan grass (Sorghum sudanense (Piper) Stapf.) in Ni-pyrene contaminated soil,real_model_ready,False
10.1016/j.chemosphere.2022.133654,Effect of nitrilotriacetic acid and tea saponin on the phytoremediation of Ni by Sudan grass (Sorghum sudanense (Piper) Stapf.) in Ni-pyrene contaminated soil,31.533,121.667,Shanghai,HM+OP,8.3,,1.96,,,,,,,,239.79,,,,,,,,,,,,,1,0,1,10.1016/j.chemosphere.2022.133654,Effect of nitrilotriacetic acid and tea saponin on the phytoremediation of Ni by Sudan grass (Sorghum sudanense (Piper) Stapf.) in Ni-pyrene contaminated soil,real_model_ready,False
10.1016/j.jece.2024.113145,phase6_10.1016_j.jece.2024.113145,,,Zhejiang,HM+OP,,,,,,20,,,,,,,550.0,,,,,,,,,,,0,0,0,10.1016/j.jece.2024.113145,phase6_10.1016_j.jece.2024.113145,real_model_ready,False
10.1016/j.jece.2024.113145,phase6_10.1016_j.jece.2024.113145,,,Zhejiang,HM+OP,,,,,,20,,,,,,,550.0,,,,,,,,,,,0,0,0,10.1016/j.jece.2024.113145,phase6_10.1016_j.jece.2024.113145,real_model_ready,False
10.1016/j.jes.2022.04.038,phase6_10.1016_j.jes.2022.04.038,,,Jiangxi,HM+OP,,,30,,,,2132.92,,,1823.98,278.96,,,,,,,,,,,,,1,1,1,10.1016/j.jes.2022.04.038,phase6_10.1016_j.jes.2022.04.038,real_model_ready,False
10.1016/j.jhazmat.2007.07.014,phase6_10.1016_j.jhazmat.2007.07.014,,,Tianjin,HM+OP,7.83,,,2.58,35,,77.5,,41.5,,38.5,,94600.0,,,,,,,,,,,1,1,1,10.1016/j.jhazmat.2007.07.014,phase6_10.1016_j.jhazmat.2007.07.014,real_model_ready,False
10.1016/j.jhazmat.2007.07.014,phase6_10.1016_j.jhazmat.2007.07.014,,,Tianjin,HM+OP,8.28,,,1.24,38.4,,75.5,,36,,35.8,,49200.0,,,,,,,,,,,1,1,1,10.1016/j.jhazmat.2007.07.014,phase6_10.1016_j.jhazmat.2007.07.014,real_model_ready,False
10.1016/j.jhazmat.2007.07.014,phase6_10.1016_j.jhazmat.2007.07.014,,,Tianjin,HM+OP,8.25,,,1.35,97.9,,76.6,,61.8,,33.8,,,,,,,,,,,,,1,0,1,10.1016/j.jhazmat.2007.07.014,phase6_10.1016_j.jhazmat.2007.07.014,real_model_ready,False
10.1016/j.jhazmat.2007.07.014,phase6_10.1016_j.jhazmat.2007.07.014,,,Tianjin,HM+OP,7.95,,,1.28,52.1,,67.6,,25.3,,33,,69300.0,,,,,,,,,,,1,1,1,10.1016/j.jhazmat.2007.07.014,phase6_10.1016_j.jhazmat.2007.07.014,real_model_ready,False
10.1016/j.jhazmat.2007.07.014,phase6_10.1016_j.jhazmat.2007.07.014,,,Tianjin,HM+OP,8.15,,,0.8,29.7,,64.2,,22.8,,28.1,,70500.0,,,,,,,,,,,1,1,1,10.1016/j.jhazmat.2007.07.014,phase6_10.1016_j.jhazmat.2007.07.014,real_model_ready,False
10.1016/j.pedsph.2023.06.001,phase6_10.1016_j.pedsph.2023.06.001,,,Zhejiang,HM+OP,,,,0.01,18,4.4,,,,,,,,,,,,,,6.55,,,,0,0,0,10.1016/j.pedsph.2023.06.001,phase6_10.1016_j.pedsph.2023.06.001,real_model_ready,False
10.1016/j.pedsph.2023.06.001,phase6_10.1016_j.pedsph.2023.06.001,,,Zhejiang,HM+OP,,,,4.34,332.5,637.2,,,,,,,,,,,,,,13.17,,,,1,1,1,10.1016/j.pedsph.2023.06.001,phase6_10.1016_j.pedsph.2023.06.001,real_model_ready,False
10.1016/j.pedsph.2023.06.001,phase6_10.1016_j.pedsph.2023.06.001,,,Zhejiang,HM+OP,,,,8.67,647,1270,,,,,,,,,,,,,,19.79,,,,1,1,1,10.1016/j.pedsph.2023.06.001,phase6_10.1016_j.pedsph.2023.06.001,real_model_ready,False
10.1038/s41598-017-12437-w,Uptake and translocation of polycyclic aromatic hydrocarbons (PAHs) and heavy metals by maize from soil irrigated with wastewater,,,Inner Mongolia,HM+OP,8.09-8.90,,1.558,,,,,,,,,103.28,,,,,,,,,,,,0,0,0,10.1038/s41598-017-12437-w,Uptake and translocation of polycyclic aromatic hydrocarbons (PAHs) and heavy metals by maize from soil irrigated with wastewater,real_model_ready,False
10.1038/s41598-017-12437-w,Uptake and translocation of polycyclic aromatic hydrocarbons (PAHs) and heavy metals by maize from soil irrigated with wastewater,,,Inner Mongolia,HM+OP,8.09-8.90,,2.003,,,,,,,,,140.46,,,,,,,,,,,,0,0,0,10.1038/s41598-017-12437-w,Uptake and translocation of polycyclic aromatic hydrocarbons (PAHs) and heavy metals by maize from soil irrigated with wastewater,real_model_ready,False
10.1039/d4ra06060a,phase6_10.1039_d4ra06060a,,,,HM+OP,,,,,38.383,14.352,,,,,31.839,,,,,,,,,,,,,0,0,0,10.1039/d4ra06060a,phase6_10.1039_d4ra06060a,real_model_ready,False
10.1039/d4ra06060a,phase6_10.1039_d4ra06060a,,,,HM+OP,,,,,34.464,14.218,,,,,27.957,,,,,,,,,,,,,0,0,0,10.1039/d4ra06060a,phase6_10.1039_d4ra06060a,real_model_ready,False
10.1039/d4ra06060a,phase6_10.1039_d4ra06060a,,,,HM+OP,,,,,30.798,13.65,,,,,27.547,,,,,,,,,,,,,0,0,0,10.1039/d4ra06060a,phase6_10.1039_d4ra06060a,real_model_ready,False
10.1039/d4ra06060a,phase6_10.1039_d4ra06060a,,,,HM+OP,,,,,34.197,14.361,,,,,28.639,,,,,,,,,,,,,0,0,0,10.1039/d4ra06060a,phase6_10.1039_d4ra06060a,real_model_ready,False
10.3390/agriculture10020047,Ecological Risk Assessment of Soil Heavy Metals and Pesticide Residues in Tea Plantations,30.085,94.9033,Tibet,HM+OP,5.56,,,0.076,30.6,14.1,51.4,0.07,17.1,76.3,21.5,,,,,,1.1,,,,,,,0,0,0,10.3390/agriculture10020047,Ecological Risk Assessment of Soil Heavy Metals and Pesticide Residues in Tea Plantations,real_model_ready,False
10.3390/agriculture10020047,Ecological Risk Assessment of Soil Heavy Metals and Pesticide Residues in Tea Plantations,21.1697,110.1378,Guangdong,HM+OP,5.15,,,0.084,11,10.6,216.7,0.074,70.7,89.9,106,,,,,,,,,,,,,1,0,1,10.3390/agriculture10020047,Ecological Risk Assessment of Soil Heavy Metals and Pesticide Residues in Tea Plantations,real_model_ready,False
10.3390/agriculture10020047,Ecological Risk Assessment of Soil Heavy Metals and Pesticide Residues in Tea Plantations,27.7139,118.0017,Fujian,HM+OP,6.82,,,0.158,72.5,5.66,31.7,0.073,86,151.3,21.5,,,,,,0.0,,,,,,,0,0,0,10.3390/agriculture10020047,Ecological Risk Assessment of Soil Heavy Metals and Pesticide Residues in Tea Plantations,real_model_ready,False
10.3390/agriculture10020047,Ecological Risk Assessment of Soil Heavy Metals and Pesticide Residues in Tea Plantations,25.0014,117.8719,Fujian,HM+OP,3.33,,,0.037,49.2,3.99,15.8,0.069,15.7,76.9,6.5,,,,,,0.0,,,,,,,0,0,0,10.3390/agriculture10020047,Ecological Risk Assessment of Soil Heavy Metals and Pesticide Residues in Tea Plantations,real_model_ready,False
10.3390/agriculture10020047,Ecological Risk Assessment of Soil Heavy Metals and Pesticide Residues in Tea Plantations,24.9983,117.8725,Fujian,HM+OP,3.63,,,0.015,35.3,4.01,15.7,0.054,5.7,40.4,5.8,,,,,,0.4,,,,,,,0,0,0,10.3390/agriculture10020047,Ecological Risk Assessment of Soil Heavy Metals and Pesticide Residues in Tea Plantations,real_model_ready,False
10.3390/ijerph15071422,Occurrence and Toxicological Risk Assessment of Polycyclic Aromatic Hydrocarbons and Heavy Metals in Drinking Water Resources of Southern China,,,Hainan,HM+OP,,,,7e-06,0.0006,0.00143,0.00044,0.00112,0.00062,0.00076,0.00069,,,,,,,,,,,,,0,0,0,10.3390/ijerph15071422,Occurrence and Toxicological Risk Assessment of Polycyclic Aromatic Hydrocarbons and Heavy Metals in Drinking Water Resources of Southern China,real_model_ready,False
10.3390/ijerph15071422,Occurrence and Toxicological Risk Assessment of Polycyclic Aromatic Hydrocarbons and Heavy Metals in Drinking Water Resources of Southern China,,,Guangdong,HM+OP,,,,,,0.00119,,,,,,,,,,,,,,,,,,0,0,0,10.3390/ijerph15071422,Occurrence and Toxicological Risk Assessment of Polycyclic Aromatic Hydrocarbons and Heavy Metals in Drinking Water Resources of Southern China,real_model_ready,False
10.3390/ijerph15071422,Occurrence and Toxicological Risk Assessment of Polycyclic Aromatic Hydrocarbons and Heavy Metals in Drinking Water Resources of Southern China,,,Guangdong,HM+OP,,,,,,,,,0.00062,,0.00132,,,,,,,,,,,,,0,0,0,10.3390/ijerph15071422,Occurrence and Toxicological Risk Assessment of Polycyclic Aromatic Hydrocarbons and Heavy Metals in Drinking Water Resources of Southern China,real_model_ready,False
10.3390/ijerph15071422,Occurrence and Toxicological Risk Assessment of Polycyclic Aromatic Hydrocarbons and Heavy Metals in Drinking Water Resources of Southern China,,,Guangxi,HM+OP,,,,7e-06,,,,,,,,,,,,,,,,,,,,0,0,0,10.3390/ijerph15071422,Occurrence and Toxicological Risk Assessment of Polycyclic Aromatic Hydrocarbons and Heavy Metals in Drinking Water Resources of Southern China,real_model_ready,False
10.3390/ijerph16071155,Enhancement of Detoxification of Petroleum Hydrocarbons and Heavy Metals in Oil-Contaminated Soil by Using Glycine-β-Cyclodextrin,,,Henan,HM+OP,6.3,,1,,10.792,,,,9.204,,,,,,,,,,,,,,,0,0,0,10.3390/ijerph16071155,Enhancement of Detoxification of Petroleum Hydrocarbons and Heavy Metals in Oil-Contaminated Soil by Using Glycine-β-Cyclodextrin,real_model_ready,False
10.1016/j.scitotenv.2012.01.056,phase6_1-s2.0-S0048969712001374-main,,,Guangdong,HM+OP,,,,31.96,1431,,153.6,,787.7,,114.2,145180000.0,6270000.0,,,,,,44360000.0,,,34030000.0,111150000.0,1,1,1,10.1016/j.scitotenv.2012.01.056,phase6_1-s2.0-S0048969712001374-main,real_model_ready,False
10.1016/j.scitotenv.2012.01.056,phase6_1-s2.0-S0048969712001374-main,,,Guangdong,HM+OP,,,,5.84,540.9,,12.21,,683.8,,26.85,5700000.0,40000.0,,,,,,71840000.0,,,460000.0,5240000.0,1,1,1,10.1016/j.scitotenv.2012.01.056,phase6_1-s2.0-S0048969712001374-main,real_model_ready,False
10.1016/j.scitotenv.2012.01.056,phase6_1-s2.0-S0048969712001374-main,,,Guangdong,HM+OP,,,,,,,,,,,,6000.0,1000.0,,,,,,2000.0,,,3000.0,3000.0,1,1,1,10.1016/j.scitotenv.2012.01.056,phase6_1-s2.0-S0048969712001374-main,real_model_ready,False
10.1016/j.scitotenv.2012.01.056,phase6_1-s2.0-S0048969712001374-main,,,Guangdong,HM+OP,,,,2.92,11.41,,2.66,,28.98,,13.35,2530000.0,,,,,,,1390000.0,,,200000.0,2330000.0,1,1,1,10.1016/j.scitotenv.2012.01.056,phase6_1-s2.0-S0048969712001374-main,real_model_ready,False
10.1016/j.scitotenv.2012.01.056,phase6_1-s2.0-S0048969712001374-main,,,Guangdong,HM+OP,,,,0.9,18.74,,1.92,,32.61,,2.49,4380000.0,10000.0,,,,,,920000.0,,,100000.0,4280000.0,1,1,1,10.1016/j.scitotenv.2012.01.056,phase6_1-s2.0-S0048969712001374-main,real_model_ready,False
10.1002/ep.70148,Comparative study on pollution characteristics of heavy metals and polycyclic aromatic hydrocarbons in coking solid wastes,,,Shanxi,HM+OP,,,,1.25,,36.22,14.47,,19.96,131,13.51,,,,,,,,,,,,,1,0,1,10.1002/ep.70148,Comparative study on pollution characteristics of heavy metals and polycyclic aromatic hydrocarbons in coking solid wastes,real_model_ready,False
10.1002/ep.70148,Comparative study on pollution characteristics of heavy metals and polycyclic aromatic hydrocarbons in coking solid wastes,,,Shanxi,HM+OP,,,,6.87,,20.44,15.2,,12.08,465,7.34,,,,,,,,,,,,,1,0,1,10.1002/ep.70148,Comparative study on pollution characteristics of heavy metals and polycyclic aromatic hydrocarbons in coking solid wastes,real_model_ready,False
10.1002/ep.70148,Comparative study on pollution characteristics of heavy metals and polycyclic aromatic hydrocarbons in coking solid wastes,,,Shanxi,HM+OP,,,,0.65,,19.79,7.68,,3.13,68.57,6.56,,,,,,,,,,,,,1,0,1,10.1002/ep.70148,Comparative study on pollution characteristics of heavy metals and polycyclic aromatic hydrocarbons in coking solid wastes,real_model_ready,False
10.1002/ep.70148,Comparative study on pollution characteristics of heavy metals and polycyclic aromatic hydrocarbons in coking solid wastes,,,Shanxi,HM+OP,,,,2.8,,32.65,337.0,,92.27,1171,91.89,,,,,,,,,,,,,1,1,1,10.1002/ep.70148,Comparative study on pollution characteristics of heavy metals and polycyclic aromatic hydrocarbons in coking solid wastes,real_model_ready,False
10.1016/j.jhazmat.2019.121216,phase6_10.1016_j.jhazmat.2019.121216,43.517,124.8,Jilin,HM+OP,,,,,,,,,,,,,,,,,,,,,,,,0,0,0,10.1016/j.jhazmat.2019.121216,phase6_10.1016_j.jhazmat.2019.121216,real_model_ready,False
10.1016/j.jhazmat.2019.121216,phase6_10.1016_j.jhazmat.2019.121216,45.833,126.85,Heilongjiang,HM+OP,,,,,,,,,,,,,,,,,,,,,,,,0,0,0,10.1016/j.jhazmat.2019.121216,phase6_10.1016_j.jhazmat.2019.121216,real_model_ready,False
10.1016/j.jhazmat.2019.121216,phase6_10.1016_j.jhazmat.2019.121216,47.883,153.55,Heilongjiang,HM+OP,,,,,,,,,,,,,,,,,,,,,,,,0,0,0,10.1016/j.jhazmat.2019.121216,phase6_10.1016_j.jhazmat.2019.121216,real_model_ready,False
10.1016/j.jhazmat.2019.121216,phase6_10.1016_j.jhazmat.2019.121216,50.25,127.45,Heilongjiang,HM+OP,,,,,,,,,,,,,,,,,,,,,,,,0,0,0,10.1016/j.jhazmat.2019.121216,phase6_10.1016_j.jhazmat.2019.121216,real_model_ready,False
10.1016/j.jhazmat.2019.121216,phase6_10.1016_j.jhazmat.2019.121216,45.367,126.067,Heilongjiang,HM+OP,,,,,,,,,,,,,,,,,,,,,,,,0,0,0,10.1016/j.jhazmat.2019.121216,phase6_10.1016_j.jhazmat.2019.121216,real_model_ready,False
10.1016/j.jhazmat.2019.121216,phase6_10.1016_j.jhazmat.2019.121216,46.05,126.517,Heilongjiang,HM+OP,,,,,,,,,,,,,,,,,,,,,,,,0,0,0,10.1016/j.jhazmat.2019.121216,phase6_10.1016_j.jhazmat.2019.121216,real_model_ready,False
10.3390/ijerph192013171,phase6_10.3390_ijerph192013171,,,Beijing,HM+OP,,,,0.25,24.9,9.59,62.9,0.3,26.4,78.8,33.2,,,,20.0,,50.0,,,,,,,0,0,0,10.3390/ijerph192013171,phase6_10.3390_ijerph192013171,real_model_ready,False
10.3390/ijerph192013171,phase6_10.3390_ijerph192013171,,,Liaoning,HM+OP,,,,3.46,50.2,8.46,54.8,0.15,35.8,303.1,23.5,,,,20.0,,10.0,,,,,,,1,0,1,10.3390/ijerph192013171,phase6_10.3390_ijerph192013171,real_model_ready,False
10.3390/ijerph192013171,phase6_10.3390_ijerph192013171,,,Shanghai,HM+OP,,,,0.39,43.9,14.4,56.9,0.25,35.9,98.6,29.4,,,,50.0,,10.0,,,,,,,1,0,1,10.3390/ijerph192013171,phase6_10.3390_ijerph192013171,real_model_ready,False
10.3390/ijerph192013171,phase6_10.3390_ijerph192013171,,,Henan,HM+OP,,,,1.96,75.4,11.2,74.5,0.75,33.7,218.5,43.3,,,,10.0,,20.0,,,,,,,1,0,1,10.3390/ijerph192013171,phase6_10.3390_ijerph192013171,real_model_ready,False
10.3390/ijerph192013171,phase6_10.3390_ijerph192013171,,,Chongqing,HM+OP,,,,0.43,38.6,18.3,66.4,0.16,47.7,119.5,25.2,,,,0.0,,0.0,,,,,,,1,0,1,10.3390/ijerph192013171,phase6_10.3390_ijerph192013171,real_model_ready,False
10.3390/ijerph192013171,phase6_10.3390_ijerph192013171,,,Shaanxi,HM+OP,,,,0.41,39.5,13.6,64.5,0.72,32.1,94.5,40.6,,,,0.0,,0.0,,,,,,,1,0,1,10.3390/ijerph192013171,phase6_10.3390_ijerph192013171,real_model_ready,False
10.1016/j.envint.2020.106162,Source-specific risks of synchronous heavy metals and PAHs in inhalable particles at different pollution levels: Variations and health risks during heavy pollution,30.58,104.07,Sichuan,HM+OP,,,,2.3e-06,2.3e-06,2.3e-06,2.3e-06,,2.3e-06,2.3e-06,2.3e-06,81.0,,,,,,,,,,,,0,0,0,10.1016/j.envint.2020.106162,Source-specific risks of synchronous heavy metals and PAHs in inhalable particles at different pollution levels: Variations and health risks during heavy pollution,real_model_ready,False
10.1039/D4RA90000A,Migration of Total Petroleum Hydrocarbons and heavy metals Contaminants in the Soil-Groundwater Interface of Petrochemical Site using machine learning: Impacts of Convection and Diffusion,,,Sichuan,HM+OP,,,,,38.383,14.352,,,,,31.839,,,,,,,,,,,,,0,0,0,10.1039/D4RA90000A,Migration of Total Petroleum Hydrocarbons and heavy metals Contaminants in the Soil-Groundwater Interface of Petrochemical Site using machine learning: Impacts of Convection and Diffusion,real_model_ready,False
10.1039/D4RA90000A,Migration of Total Petroleum Hydrocarbons and heavy metals Contaminants in the Soil-Groundwater Interface of Petrochemical Site using machine learning: Impacts of Convection and Diffusion,,,Sichuan,HM+OP,,,,,34.464,14.218,,,,,27.957,,,,,,,,,,,,,0,0,0,10.1039/D4RA90000A,Migration of Total Petroleum Hydrocarbons and heavy metals Contaminants in the Soil-Groundwater Interface of Petrochemical Site using machine learning: Impacts of Convection and Diffusion,real_model_ready,False
10.1039/D4RA90000A,Migration of Total Petroleum Hydrocarbons and heavy metals Contaminants in the Soil-Groundwater Interface of Petrochemical Site using machine learning: Impacts of Convection and Diffusion,,,Sichuan,HM+OP,,,,,30.798,13.65,,,,,27.547,,,,,,,,,,,,,0,0,0,10.1039/D4RA90000A,Migration of Total Petroleum Hydrocarbons and heavy metals Contaminants in the Soil-Groundwater Interface of Petrochemical Site using machine learning: Impacts of Convection and Diffusion,real_model_ready,False
10.1039/D4RA90000A,Migration of Total Petroleum Hydrocarbons and heavy metals Contaminants in the Soil-Groundwater Interface of Petrochemical Site using machine learning: Impacts of Convection and Diffusion,,,Sichuan,HM+OP,,,,,34.197,14.361,,,,,28.639,,,,,,,,,,,,,0,0,0,10.1039/D4RA90000A,Migration of Total Petroleum Hydrocarbons and heavy metals Contaminants in the Soil-Groundwater Interface of Petrochemical Site using machine learning: Impacts of Convection and Diffusion,real_model_ready,False
10.3389/fmicb.2023.1143742,phase6_fmicb-14-1143742,39.6703,118.3656,Hebei,HM+OP,,,,,,,,,,,,,,,,,,,,,,,,0,0,0,10.3389/fmicb.2023.1143742,phase6_fmicb-14-1143742,real_model_ready,False
10.3389/fmicb.2023.1143742,phase6_fmicb-14-1143742,39.6703,118.3656,Hebei,HM+OP,,,,,,,,,,,,,,,,,,,,,,,,0,0,0,10.3389/fmicb.2023.1143742,phase6_fmicb-14-1143742,real_model_ready,False
10.13343/j.cnki.wsxb.20240556,phase6_黄河三角洲典型植被下真菌群落结构组成-张婷,37.48,118.83,Shandong,HM+OP,8.28,8.28,0.307,,,,,,,,,,,,,,,,,,,,,0,0,0,10.13343/j.cnki.wsxb.20240556,phase6_黄河三角洲典型植被下真菌群落结构组成-张婷,real_model_ready,False
10.13343/j.cnki.wsxb.20240556,phase6_黄河三角洲典型植被下真菌群落结构组成-张婷,37.48,118.83,Shandong,HM+OP,8.39,8.39,0.569,,,,,,,,,,,,,,,,,,,,,0,0,0,10.13343/j.cnki.wsxb.20240556,phase6_黄河三角洲典型植被下真菌群落结构组成-张婷,real_model_ready,False
10.13343/j.cnki.wsxb.20240556,phase6_黄河三角洲典型植被下真菌群落结构组成-张婷,37.48,118.83,Shandong,HM+OP,8.01,8.01,0.311,,,,,,,,,,,,,,,,,,,,,0,0,0,10.13343/j.cnki.wsxb.20240556,phase6_黄河三角洲典型植被下真菌群落结构组成-张婷,real_model_ready,False
10.13343/j.cnki.wsxb.20240556,phase6_黄河三角洲典型植被下真菌群落结构组成-张婷,37.48,118.83,Shandong,HM+OP,8,8,0.227,,,,,,,,,,,,,,,,,,,,,0,0,0,10.13343/j.cnki.wsxb.20240556,phase6_黄河三角洲典型植被下真菌群落结构组成-张婷,real_model_ready,False
10.13343/j.cnki.wsxb.20240556,phase6_黄河三角洲典型植被下真菌群落结构组成-张婷,37.48,118.83,Shandong,HM+OP,8.06,8.06,0.259,,,,,,,,,,,,,,,,,,,,,0,0,0,10.13343/j.cnki.wsxb.20240556,phase6_黄河三角洲典型植被下真菌群落结构组成-张婷,real_model_ready,False
10.13343/j.cnki.wsxb.20240556,phase6_黄河三角洲典型植被下真菌群落结构组成-张婷,37.48,118.83,Shandong,HM+OP,8.33,8.33,0.293,,,,,,,,,,,,,,,,,,,,,0,0,0,10.13343/j.cnki.wsxb.20240556,phase6_黄河三角洲典型植被下真菌群落结构组成-张婷,real_model_ready,False
10.13343/j.cnki.wsxb.20240556,phase6_黄河三角洲典型植被下真菌群落结构组成-张婷,37.48,118.83,Shandong,HM+OP,8.1,8.1,0.31,,,,,,,,,,,,,,,,,,,,,0,0,0,10.13343/j.cnki.wsxb.20240556,phase6_黄河三角洲典型植被下真菌群落结构组成-张婷,real_model_ready,False
10.13343/j.cnki.wsxb.20240556,phase6_黄河三角洲典型植被下真菌群落结构组成-张婷,37.48,118.83,Shandong,HM+OP,8.01,8.01,0.358,,,,,,,,,,,,,,,,,,,,,0,0,0,10.13343/j.cnki.wsxb.20240556,phase6_黄河三角洲典型植被下真菌群落结构组成-张婷,real_model_ready,False
10.1016/j.ecoenv.2024.116965/78,SI_new_phase7_10.1016_j.ecoenv.2024.116965_78,,,Guizhou,HM+OP,,,,3.3,632,194,164.0,0.21,112,1110,64,267.0,34.8,,,,,,,,,172.4,94.1,1,1,1,10.1016/j.ecoenv.2024.116965/78,SI_new_phase7_10.1016_j.ecoenv.2024.116965_78,real_model_ready,False
10.1016/j.ecoenv.2025.117734/14,SI_new_phase7_10.1016_j.ecoenv.2025.117734_14,,,Guangdong,HM+OP,,,,,,,,,,,,,,,,,,,,,,,,0,0,0,10.1016/j.ecoenv.2025.117734/14,SI_new_phase7_10.1016_j.ecoenv.2025.117734_14,real_model_ready,False
10.1016/j.ecoenv.2025.117734/14,SI_new_phase7_10.1016_j.ecoenv.2025.117734_14,,,Guangdong,HM+OP,,,,,,,,,,,,,,,,,,,,,,,,0,0,0,10.1016/j.ecoenv.2025.117734/14,SI_new_phase7_10.1016_j.ecoenv.2025.117734_14,real_model_ready,False
10.1016/j.ecoenv.2025.117734/14,SI_new_phase7_10.1016_j.ecoenv.2025.117734_14,,,Guangdong,HM+OP,,,,,,,,,,,,,,,,,,,,,,,,0,0,0,10.1016/j.ecoenv.2025.117734/14,SI_new_phase7_10.1016_j.ecoenv.2025.117734_14,real_model_ready,False
10.1016/j.ecoenv.2025.117734/14,SI_new_phase7_10.1016_j.ecoenv.2025.117734_14,,,Guangdong,HM+OP,,,,,,,,,,,,,,,,,,,,,,,,0,0,0,10.1016/j.ecoenv.2025.117734/14,SI_new_phase7_10.1016_j.ecoenv.2025.117734_14,real_model_ready,False
10.1016/j.ecoenv.2025.117734/14,SI_new_phase7_10.1016_j.ecoenv.2025.117734_14,,,Guangdong,HM+OP,,,,,,,,,,,,,,,,,,,,,,,,0,0,0,10.1016/j.ecoenv.2025.117734/14,SI_new_phase7_10.1016_j.ecoenv.2025.117734_14,real_model_ready,False
10.1016/j.ecoenv.2025.117734/14,SI_new_phase7_10.1016_j.ecoenv.2025.117734_14,,,Guangdong,HM+OP,,,,,,,,,,,,,,,,,,,,,,,,0,0,0,10.1016/j.ecoenv.2025.117734/14,SI_new_phase7_10.1016_j.ecoenv.2025.117734_14,real_model_ready,False
10.1016/j.ecoenv.2025.117734/14,SI_new_phase7_10.1016_j.ecoenv.2025.117734_14,,,Guangdong,HM+OP,,,,,,,,,,,,,,,,,,,,,,,,0,0,0,10.1016/j.ecoenv.2025.117734/14,SI_new_phase7_10.1016_j.ecoenv.2025.117734_14,real_model_ready,False
10.1016/j.ecoenv.2025.117734/14,SI_new_phase7_10.1016_j.ecoenv.2025.117734_14,,,Guangdong,HM+OP,,,,,,,,,,,,,,,,,,,,,,,,0,0,0,10.1016/j.ecoenv.2025.117734/14,SI_new_phase7_10.1016_j.ecoenv.2025.117734_14,real_model_ready,False
10.1016/j.ecoenv.2025.117734/14,SI_new_phase7_10.1016_j.ecoenv.2025.117734_14,,,Guangdong,HM+OP,,,,,,,,,,,,,,,,,,,,,,,,0,0,0,10.1016/j.ecoenv.2025.117734/14,SI_new_phase7_10.1016_j.ecoenv.2025.117734_14,real_model_ready,False
10.1016/j.ecoenv.2025.117734/14,SI_new_phase7_10.1016_j.ecoenv.2025.117734_14,,,Guangdong,HM+OP,,,,,,,,,,,,,,,,,,,,,,,,0,0,0,10.1016/j.ecoenv.2025.117734/14,SI_new_phase7_10.1016_j.ecoenv.2025.117734_14,real_model_ready,False
10.1016/j.ecoenv.2025.117734/14,SI_new_phase7_10.1016_j.ecoenv.2025.117734_14,,,Guangdong,HM+OP,,,,,,,,,,,,,,,,,,,,,,,,0,0,0,10.1016/j.ecoenv.2025.117734/14,SI_new_phase7_10.1016_j.ecoenv.2025.117734_14,real_model_ready,False
10.1016/j.ecoenv.2025.117734/14,SI_new_phase7_10.1016_j.ecoenv.2025.117734_14,,,Guangdong,HM+OP,,,,,,,,,,,,,,,,,,,,,,,,0,0,0,10.1016/j.ecoenv.2025.117734/14,SI_new_phase7_10.1016_j.ecoenv.2025.117734_14,real_model_ready,False
10.1016/j.ecoenv.2025.117734/14,SI_new_phase7_10.1016_j.ecoenv.2025.117734_14,,,Guangdong,HM+OP,,,,,,,,,,,,,,,,,,,,,,,,0,0,0,10.1016/j.ecoenv.2025.117734/14,SI_new_phase7_10.1016_j.ecoenv.2025.117734_14,real_model_ready,False
10.1016/j.ecoenv.2025.117734/14,SI_new_phase7_10.1016_j.ecoenv.2025.117734_14,,,Guangdong,HM+OP,,,,,,,,,,,,,,,,,,,,,,,,0,0,0,10.1016/j.ecoenv.2025.117734/14,SI_new_phase7_10.1016_j.ecoenv.2025.117734_14,real_model_ready,False
10.1016/j.ecoenv.2025.117734/14,SI_new_phase7_10.1016_j.ecoenv.2025.117734_14,,,Guangdong,HM+OP,,,,,,,,,,,,,,,,,,,,,,,,0,0,0,10.1016/j.ecoenv.2025.117734/14,SI_new_phase7_10.1016_j.ecoenv.2025.117734_14,real_model_ready,False
10.1016/j.ecoenv.2025.117734/14,SI_new_phase7_10.1016_j.ecoenv.2025.117734_14,,,Guangdong,HM+OP,,,,,,,,,,,,,,,,,,,,,,,,0,0,0,10.1016/j.ecoenv.2025.117734/14,SI_new_phase7_10.1016_j.ecoenv.2025.117734_14,real_model_ready,False
10.1016/j.envpol.2021.117191/64,SI_new_phase7_10.1016_j.envpol.2021.117191_64,,,Beijing,HM+OP,,,,0.49,36.43,,63.57,,35.49,145.68,,472.37,29.56,,,,,,,,,376.91,95.46,1,0,1,10.1016/j.envpol.2021.117191/64,SI_new_phase7_10.1016_j.envpol.2021.117191_64,real_model_ready,False
10.1016/j.envpol.2022.118925,"Spatial cluster distribution and source-specific risk of combined pollutants in soils from a typical area in Shanxi province, China",,,Shanxi,HM+OP,,,,0.2,23.92,14.02,71.42,0.13,30.11,82.64,32.4,792.59,52.96,,,,,,,,,575.14,147.2,1,1,1,10.1016/j.envpol.2022.118925,"Spatial cluster distribution and source-specific risk of combined pollutants in soils from a typical area in Shanxi province, China",real_model_ready,False
10.1016/j.envpol.2022.118925,"Spatial cluster distribution and source-specific risk of combined pollutants in soils from a typical area in Shanxi province, China",,,Shanxi,HM+OP,,,,0.21,24.85,14.16,72.67,0.12,30.18,86.14,32.7,,37.93,,,,,,,,,,,0,0,0,10.1016/j.envpol.2022.118925,"Spatial cluster distribution and source-specific risk of combined pollutants in soils from a typical area in Shanxi province, China",real_model_ready,False
10.1016/j.envpol.2022.118925,"Spatial cluster distribution and source-specific risk of combined pollutants in soils from a typical area in Shanxi province, China",,,Shanxi,HM+OP,,,,0.19,23.05,13.89,70.23,0.13,30.04,79.36,32.11,,67.09,,,,,,,,,,,0,0,0,10.1016/j.envpol.2022.118925,"Spatial cluster distribution and source-specific risk of combined pollutants in soils from a typical area in Shanxi province, China",real_model_ready,False
10.1016/j.envres.2025.122748/50,SI_new_phase7_10.1016_j.envres.2025.122748_50,,,,HM+OP,8.19,,,0.24,19.22,10.96,104.01,,95.09,728.01,,44.3733,3.65,,,,,,,,,,,1,0,1,10.1016/j.envres.2025.122748/50,SI_new_phase7_10.1016_j.envres.2025.122748_50,real_model_ready,False
10.1016/j.jhazmat.2018.09.094/467,SI_new_phase7_10.1016_j.jhazmat.2018.09.094_467,,,,HM+OP,,,,0.12,41.49,11.44,73.29,0.12,38.17,110.06,33.03,2592.89,212.91,,,,,,,,,,,1,1,1,10.1016/j.jhazmat.2018.09.094/467,SI_new_phase7_10.1016_j.jhazmat.2018.09.094_467,real_model_ready,False
10.1016/j.jhazmat.2021.128096/189,SI_new_phase7_10.1016_j.jhazmat.2021.128096_189,,,Shandong,HM+OP,7.5,,2.72,8.6,441.4,8.7,51.4,0.1,21,326.5,27.3,,,,,,,,,,,,,1,0,1,10.1016/j.jhazmat.2021.128096/189,SI_new_phase7_10.1016_j.jhazmat.2021.128096_189,real_model_ready,False
10.1016/j.jhazmat.2021.128096/189,SI_new_phase7_10.1016_j.jhazmat.2021.128096_189,,,Shandong,HM+OP,7.1,,3.86,6.5,201.6,9.1,47.6,0.03,49.2,153.1,27.1,,,,,,,,,,,,,1,0,1,10.1016/j.jhazmat.2021.128096/189,SI_new_phase7_10.1016_j.jhazmat.2021.128096_189,real_model_ready,False
10.1016/j.jhazmat.2024.136500/35,SI_new_phase7_10.1016_j.jhazmat.2024.136500_35,,,Guangdong,HM+OP,,,,1.46,68.6,18.2,98.3,0.44,64.2,257.3,26.5,,,,,,,,,,,396.6,129.1,1,0,1,10.1016/j.jhazmat.2024.136500/35,SI_new_phase7_10.1016_j.jhazmat.2024.136500_35,real_model_ready,False
10.1016/j.jhazmat.2025.138421,"Synergistic toxicity of DBDPE and Cd in a microcosm agrosystem: Insights into physiological, biochemical, nutrient elements and amino acid metabolic responses",,,,HM+OP,6.51,,,0.12,,,,,30.14,95.62,,,,,,,,,,,,,,0,0,0,10.1016/j.jhazmat.2025.138421,"Synergistic toxicity of DBDPE and Cd in a microcosm agrosystem: Insights into physiological, biochemical, nutrient elements and amino acid metabolic responses",real_model_ready,False
10.1016/j.jhazmat.2025.138421,"Synergistic toxicity of DBDPE and Cd in a microcosm agrosystem: Insights into physiological, biochemical, nutrient elements and amino acid metabolic responses",,,,HM+OP,6.51,,,1.29,,,,,30.14,95.62,,,,,,,,,,,,,,1,0,1,10.1016/j.jhazmat.2025.138421,"Synergistic toxicity of DBDPE and Cd in a microcosm agrosystem: Insights into physiological, biochemical, nutrient elements and amino acid metabolic responses",real_model_ready,False
10.1016/j.jhazmat.2025.138421,"Synergistic toxicity of DBDPE and Cd in a microcosm agrosystem: Insights into physiological, biochemical, nutrient elements and amino acid metabolic responses",,,,HM+OP,6.51,,,5.16,,,,,30.14,95.62,,,,,,,,,,,,,,1,0,1,10.1016/j.jhazmat.2025.138421,"Synergistic toxicity of DBDPE and Cd in a microcosm agrosystem: Insights into physiological, biochemical, nutrient elements and amino acid metabolic responses",real_model_ready,False
10.1016/j.jhazmat.2025.138421,"Synergistic toxicity of DBDPE and Cd in a microcosm agrosystem: Insights into physiological, biochemical, nutrient elements and amino acid metabolic responses",,,,HM+OP,6.51,,,0.15,,,,,30.14,95.62,,,,,,,,,,,,,,0,0,0,10.1016/j.jhazmat.2025.138421,"Synergistic toxicity of DBDPE and Cd in a microcosm agrosystem: Insights into physiological, biochemical, nutrient elements and amino acid metabolic responses",real_model_ready,False
10.1016/j.jhazmat.2025.138421,"Synergistic toxicity of DBDPE and Cd in a microcosm agrosystem: Insights into physiological, biochemical, nutrient elements and amino acid metabolic responses",,,,HM+OP,6.51,,,0.11,,,,,30.14,95.62,,,,,,,,,,,,,,0,0,0,10.1016/j.jhazmat.2025.138421,"Synergistic toxicity of DBDPE and Cd in a microcosm agrosystem: Insights into physiological, biochemical, nutrient elements and amino acid metabolic responses",real_model_ready,False
10.1016/j.jhazmat.2025.138421,"Synergistic toxicity of DBDPE and Cd in a microcosm agrosystem: Insights into physiological, biochemical, nutrient elements and amino acid metabolic responses",,,,HM+OP,6.51,,,1.18,,,,,30.14,95.62,,,,,,,,,,,,,,1,0,1,10.1016/j.jhazmat.2025.138421,"Synergistic toxicity of DBDPE and Cd in a microcosm agrosystem: Insights into physiological, biochemical, nutrient elements and amino acid metabolic responses",real_model_ready,False
10.1016/j.jhazmat.2025.138421,"Synergistic toxicity of DBDPE and Cd in a microcosm agrosystem: Insights into physiological, biochemical, nutrient elements and amino acid metabolic responses",,,,HM+OP,6.51,,,1.19,,,,,30.14,95.62,,,,,,,,,,,,,,1,0,1,10.1016/j.jhazmat.2025.138421,"Synergistic toxicity of DBDPE and Cd in a microcosm agrosystem: Insights into physiological, biochemical, nutrient elements and amino acid metabolic responses",real_model_ready,False
10.1016/j.jhazmat.2025.138421,"Synergistic toxicity of DBDPE and Cd in a microcosm agrosystem: Insights into physiological, biochemical, nutrient elements and amino acid metabolic responses",,,,HM+OP,6.51,,,5.06,,,,,30.14,95.62,,,,,,,,,,,,,,1,0,1,10.1016/j.jhazmat.2025.138421,"Synergistic toxicity of DBDPE and Cd in a microcosm agrosystem: Insights into physiological, biochemical, nutrient elements and amino acid metabolic responses",real_model_ready,False
10.1016/j.jhazmat.2025.138421,"Synergistic toxicity of DBDPE and Cd in a microcosm agrosystem: Insights into physiological, biochemical, nutrient elements and amino acid metabolic responses",,,,HM+OP,6.51,,,5.11,,,,,30.14,95.62,,,,,,,,,,,,,,1,0,1,10.1016/j.jhazmat.2025.138421,"Synergistic toxicity of DBDPE and Cd in a microcosm agrosystem: Insights into physiological, biochemical, nutrient elements and amino acid metabolic responses",real_model_ready,False
10.1016/j.jhazmat.2025.140371,Metallurgical organic pollutants assisted source apportionment of mobile heavy metals on artisanal non-ferrous metal processing contamination,,,Guizhou,HM+OP,,,,15.931,,,,21.517,,917.249,,61.471,0.716,,,,,,,,,,,1,1,1,10.1016/j.jhazmat.2025.140371,Metallurgical organic pollutants assisted source apportionment of mobile heavy metals on artisanal non-ferrous metal processing contamination,real_model_ready,False
10.1016/j.jhazmat.2025.140371/259,SI_new_phase7_10.1016_j.jhazmat.2025.140371_259,,,Guizhou,HM+OP,,,,14.459,,,,6.462,,807.772,,49.467,0.716,,,,,,,,,,,1,1,1,10.1016/j.jhazmat.2025.140371/259,SI_new_phase7_10.1016_j.jhazmat.2025.140371_259,real_model_ready,False
10.1016/j.scitotenv.2021.145959/127,SI_new_phase7_10.1016_j.scitotenv.2021.145959_127,,,Guangdong,HM+OP,6.87,,,,,,,,5.32,,,,,,,,,,,,,,,0,0,0,10.1016/j.scitotenv.2021.145959/127,SI_new_phase7_10.1016_j.scitotenv.2021.145959_127,real_model_ready,False
10.1016/j.scitotenv.2021.145959/127,SI_new_phase7_10.1016_j.scitotenv.2021.145959_127,,,Guangdong,HM+OP,7.1,,,,,,,,6.37,,,,,,,,,,,,,,,0,0,0,10.1016/j.scitotenv.2021.145959/127,SI_new_phase7_10.1016_j.scitotenv.2021.145959_127,real_model_ready,False
10.1016/j.scitotenv.2021.145959/127,SI_new_phase7_10.1016_j.scitotenv.2021.145959_127,,,Guangdong,HM+OP,5.82,,,,,,,,1.21,,,,,,,,,,,,,,,0,0,0,10.1016/j.scitotenv.2021.145959/127,SI_new_phase7_10.1016_j.scitotenv.2021.145959_127,real_model_ready,False
10.1016/j.scitotenv.2021.145959/127,SI_new_phase7_10.1016_j.scitotenv.2021.145959_127,,,Guangdong,HM+OP,4.76,,,,,,,,1.49,,,,,,,,,,,,,,,0,0,0,10.1016/j.scitotenv.2021.145959/127,SI_new_phase7_10.1016_j.scitotenv.2021.145959_127,real_model_ready,False
10.1016/j.scitotenv.2021.145959/127,SI_new_phase7_10.1016_j.scitotenv.2021.145959_127,,,Guangdong,HM+OP,5.61,,,,,,,,1.83,,,,,,,,,,,,,,,0,0,0,10.1016/j.scitotenv.2021.145959/127,SI_new_phase7_10.1016_j.scitotenv.2021.145959_127,real_model_ready,False
10.1016/j.scitotenv.2021.145959/127,SI_new_phase7_10.1016_j.scitotenv.2021.145959_127,,,Guangdong,HM+OP,6,,,,,,,,2.18,,,,,,,,,,,,,,,0,0,0,10.1016/j.scitotenv.2021.145959/127,SI_new_phase7_10.1016_j.scitotenv.2021.145959_127,real_model_ready,False
10.1016/j.scitotenv.2021.145959/127,SI_new_phase7_10.1016_j.scitotenv.2021.145959_127,,,Guangdong,HM+OP,6.16,,,,,,,,4.09,,,,,,,,,,,,,,,0,0,0,10.1016/j.scitotenv.2021.145959/127,SI_new_phase7_10.1016_j.scitotenv.2021.145959_127,real_model_ready,False
10.1016/j.scitotenv.2021.145959/127,SI_new_phase7_10.1016_j.scitotenv.2021.145959_127,,,Guangdong,HM+OP,4.93,,,,,,,,1.15,,,,,,,,,,,,,,,0,0,0,10.1016/j.scitotenv.2021.145959/127,SI_new_phase7_10.1016_j.scitotenv.2021.145959_127,real_model_ready,False
10.1016/j.scitotenv.2021.145959/127,SI_new_phase7_10.1016_j.scitotenv.2021.145959_127,,,,HM+OP,,,,,,,,,,,,,,,,,,,,,,,,0,0,0,10.1016/j.scitotenv.2021.145959/127,SI_new_phase7_10.1016_j.scitotenv.2021.145959_127,real_model_ready,False
10.1038/s41598-017-12437-w,Uptake and translocation of polycyclic aromatic hydrocarbons (PAHs) and heavy metals by maize from soil irrigated with wastewater,,,Inner Mongolia,HM+OP,8.5,,,,,,,,,,,291.3,,,,,,,,,,,,0,0,0,10.1038/s41598-017-12437-w,Uptake and translocation of polycyclic aromatic hydrocarbons (PAHs) and heavy metals by maize from soil irrigated with wastewater,real_model_ready,False
10.1038/s41598-017-12437-w,Uptake and translocation of polycyclic aromatic hydrocarbons (PAHs) and heavy metals by maize from soil irrigated with wastewater,,,Inner Mongolia,HM+OP,8.5,,,,,,,,,,,279.39,,,,,,,,,,,,0,0,0,10.1038/s41598-017-12437-w,Uptake and translocation of polycyclic aromatic hydrocarbons (PAHs) and heavy metals by maize from soil irrigated with wastewater,real_model_ready,False
10.1038/s41598-017-12437-w,Uptake and translocation of polycyclic aromatic hydrocarbons (PAHs) and heavy metals by maize from soil irrigated with wastewater,,,Inner Mongolia,HM+OP,8.5,,,,,,,,,,,1414.81,,,,,,,,,,,,1,1,1,10.1038/s41598-017-12437-w,Uptake and translocation of polycyclic aromatic hydrocarbons (PAHs) and heavy metals by maize from soil irrigated with wastewater,real_model_ready,False
10.1038/s41598-017-12437-w,Uptake and translocation of polycyclic aromatic hydrocarbons (PAHs) and heavy metals by maize from soil irrigated with wastewater,,,Inner Mongolia,HM+OP,8.5,,,,,,,,,,,1016.85,,,,,,,,,,,,1,1,1,10.1038/s41598-017-12437-w,Uptake and translocation of polycyclic aromatic hydrocarbons (PAHs) and heavy metals by maize from soil irrigated with wastewater,real_model_ready,False
10.1038/s41598-017-12437-w,Uptake and translocation of polycyclic aromatic hydrocarbons (PAHs) and heavy metals by maize from soil irrigated with wastewater,,,Inner Mongolia,HM+OP,8.5,,,,3.225,,12.265,,4.985,53.27,,336.29,,,,,,,,,,,,0,0,0,10.1038/s41598-017-12437-w,Uptake and translocation of polycyclic aromatic hydrocarbons (PAHs) and heavy metals by maize from soil irrigated with wastewater,real_model_ready,False
10.1038/s41598-017-12437-w/207,SI_new_phase7_10.1038_s41598-017-12437-w_207,,,Inner Mongolia,HM+OP,,8.43,,,10.5,,37.14,,12.55,52.18,14.67,294.03,,,,,,,,,,,,0,0,0,10.1038/s41598-017-12437-w/207,SI_new_phase7_10.1038_s41598-017-12437-w_207,real_model_ready,False
10.1038/s41598-017-12437-w/207,SI_new_phase7_10.1038_s41598-017-12437-w_207,,,Inner Mongolia,HM+OP,,8.44,,,12.38,,35.23,,13.96,55.47,15.32,262.52,,,,,,,,,,,,0,0,0,10.1038/s41598-017-12437-w/207,SI_new_phase7_10.1038_s41598-017-12437-w_207,real_model_ready,False
10.1039/d4ra06060a,Migration of Total Petroleum Hydrocarbons and heavy metals Contaminants in the Soil-Groundwater Interface of Petrochemical Site using machine learning: Impacts of Convection and Diffusion,,,Sichuan,HM+OP,,,,,38.383,14.352,,,,,31.839,,,,,,,,,,,,,0,0,0,10.1039/d4ra06060a,Migration of Total Petroleum Hydrocarbons and heavy metals Contaminants in the Soil-Groundwater Interface of Petrochemical Site using machine learning: Impacts of Convection and Diffusion,real_model_ready,False
10.1039/d4ra06060a,Migration of Total Petroleum Hydrocarbons and heavy metals Contaminants in the Soil-Groundwater Interface of Petrochemical Site using machine learning: Impacts of Convection and Diffusion,,,Sichuan,HM+OP,,,,,34.464,14.218,,,,,27.957,,,,,,,,,,,,,0,0,0,10.1039/d4ra06060a,Migration of Total Petroleum Hydrocarbons and heavy metals Contaminants in the Soil-Groundwater Interface of Petrochemical Site using machine learning: Impacts of Convection and Diffusion,real_model_ready,False
10.1039/d4ra06060a,Migration of Total Petroleum Hydrocarbons and heavy metals Contaminants in the Soil-Groundwater Interface of Petrochemical Site using machine learning: Impacts of Convection and Diffusion,,,Sichuan,HM+OP,,,,,30.798,13.65,,,,,27.547,,,,,,,,,,,,,0,0,0,10.1039/d4ra06060a,Migration of Total Petroleum Hydrocarbons and heavy metals Contaminants in the Soil-Groundwater Interface of Petrochemical Site using machine learning: Impacts of Convection and Diffusion,real_model_ready,False
10.1039/d4ra06060a,Migration of Total Petroleum Hydrocarbons and heavy metals Contaminants in the Soil-Groundwater Interface of Petrochemical Site using machine learning: Impacts of Convection and Diffusion,,,Sichuan,HM+OP,,,,,34.197,14.361,,,,,28.639,,,,,,,,,,,,,0,0,0,10.1039/d4ra06060a,Migration of Total Petroleum Hydrocarbons and heavy metals Contaminants in the Soil-Groundwater Interface of Petrochemical Site using machine learning: Impacts of Convection and Diffusion,real_model_ready,False
10.3390/agriculture10020047,Ecological Risk Assessment of Soil Heavy Metals and Pesticide Residues in Tea Plantations,24.0542,121.0533,Taiwan,HM+OP,4.01,,,0.037,33.2,8.1,75.0,0.06,20,66.7,21.9,,,,,,,,,,,,,0,0,0,10.3390/agriculture10020047,Ecological Risk Assessment of Soil Heavy Metals and Pesticide Residues in Tea Plantations,real_model_ready,False
10.3390/agriculture10020047,Ecological Risk Assessment of Soil Heavy Metals and Pesticide Residues in Tea Plantations,30.1806,94.9033,Tibet,HM+OP,5.56,,,0.076,30.6,14.1,51.4,0.07,17.1,76.3,21.5,,,,,,1.1,,,,,,,0,0,0,10.3390/agriculture10020047,Ecological Risk Assessment of Soil Heavy Metals and Pesticide Residues in Tea Plantations,real_model_ready,False
10.3390/agriculture10020047,Ecological Risk Assessment of Soil Heavy Metals and Pesticide Residues in Tea Plantations,20.5195,110.2489,Guangdong,HM+OP,5.15,,,0.084,11,10.6,216.7,0.074,70.7,89.9,106,,,,,,,,,,,,,1,0,1,10.3390/agriculture10020047,Ecological Risk Assessment of Soil Heavy Metals and Pesticide Residues in Tea Plantations,real_model_ready,False
10.3390/agriculture10020047,Ecological Risk Assessment of Soil Heavy Metals and Pesticide Residues in Tea Plantations,27.7139,118.0017,Fujian,HM+OP,6.82,,,0.158,73.5,5.66,31.7,0.073,86,151.3,17.8,,,,,,,,,,,,,0,0,0,10.3390/agriculture10020047,Ecological Risk Assessment of Soil Heavy Metals and Pesticide Residues in Tea Plantations,real_model_ready,False
10.3390/agriculture10020047,Ecological Risk Assessment of Soil Heavy Metals and Pesticide Residues in Tea Plantations,25.0014,117.872,Fujian,HM+OP,3.33,,,0.037,49.2,3.99,15.8,0.069,15.7,76.9,6.5,,,,,,,,,,,,,0,0,0,10.3390/agriculture10020047,Ecological Risk Assessment of Soil Heavy Metals and Pesticide Residues in Tea Plantations,real_model_ready,False
10.3390/agriculture10020047,Ecological Risk Assessment of Soil Heavy Metals and Pesticide Residues in Tea Plantations,25,117.8725,Fujian,HM+OP,3.63,,,0.015,35.3,4.01,15.7,0.054,5.7,40.4,5.8,,,,,,0.4,,,,,,,0,0,0,10.3390/agriculture10020047,Ecological Risk Assessment of Soil Heavy Metals and Pesticide Residues in Tea Plantations,real_model_ready,False
10.3390/molecules26082169/191,SI_new_phase7_10.3390_molecules26082169_191,,,Shandong,HM+OP,,,,0.12,33.4,20,104.0,0.04,27.9,54,38.9,,,,,,,,9.23,,,,,0,0,0,10.3390/molecules26082169/191,SI_new_phase7_10.3390_molecules26082169_191,real_model_ready,False
10.3390/molecules26082169/191,SI_new_phase7_10.3390_molecules26082169_191,,,Shandong,HM+OP,,,,0.42,62.3,12,144.0,0.76,41.6,223,40.7,,,,,,,,11.6,,,,,1,0,1,10.3390/molecules26082169/191,SI_new_phase7_10.3390_molecules26082169_191,real_model_ready,False
10.3390/molecules26082169/191,SI_new_phase7_10.3390_molecules26082169_191,,,Shandong,HM+OP,,,,0.14,3.94,0.95,5.49,0.17,9.99,42.2,3.39,,,,,,,,,,,,,0,0,0,10.3390/molecules26082169/191,SI_new_phase7_10.3390_molecules26082169_191,real_model_ready,False
10.1007/s10661-019-7476-2,"Distribution characteristics and health risk assessment of heavy metals and PAHs in the soils of green spaces in Shanghai, China",,,Shanghai,HM+OP,,,,0.362,36.3,17.7,75.1,0.17,38.5,144,35.4,,,,,,,,,,,,,1,0,1,10.1007/s10661-019-7476-2,"Distribution characteristics and health risk assessment of heavy metals and PAHs in the soils of green spaces in Shanghai, China",real_model_ready,False
10.1007/s10661-019-7476-2,"Distribution characteristics and health risk assessment of heavy metals and PAHs in the soils of green spaces in Shanghai, China",,,Shanghai,HM+OP,,,,0.342,30.7,15.6,68.3,0.117,34.8,130,31.3,,,,,,,,,,,,,1,0,1,10.1007/s10661-019-7476-2,"Distribution characteristics and health risk assessment of heavy metals and PAHs in the soils of green spaces in Shanghai, China",real_model_ready,False
10.1016/j.jhazmat.2025.140371/mmc1,SI_phase7_10.1016_j.jhazmat.2025.140371_mmc1,,,Guizhou,HM+OP,,,,14.459,,,,6.462,,807.772,,49.467,0.716,,,,,,,,,,,1,1,1,10.1016/j.jhazmat.2025.140371/mmc1,SI_phase7_10.1016_j.jhazmat.2025.140371_mmc1,real_model_ready,False
10.1016/j.chemosphere.2023.140288,"Effects of single and combined contamination of total petroleum hydrocarbons and heavy metals on soil microecosystems: Insights into bacterial diversity, assembly, and ecological function",,,Hunan,HM+OP,7.24,,,,16.92,,84.88,,27.38,64.15,23.14,,,,,,,,,,,,,0,0,0,10.1016/j.chemosphere.2023.140288,"Effects of single and combined contamination of total petroleum hydrocarbons and heavy metals on soil microecosystems: Insights into bacterial diversity, assembly, and ecological function",real_model_ready,False
10.1016/j.chemosphere.2023.140288,"Effects of single and combined contamination of total petroleum hydrocarbons and heavy metals on soil microecosystems: Insights into bacterial diversity, assembly, and ecological function",,,Hunan,HM+OP,8.66,,,,254.54,,1356.46,,201.46,240.11,43.88,,,,,,,,,,,,,1,1,1,10.1016/j.chemosphere.2023.140288,"Effects of single and combined contamination of total petroleum hydrocarbons and heavy metals on soil microecosystems: Insights into bacterial diversity, assembly, and ecological function",real_model_ready,False
10.1016/j.scitotenv.2012.01.056,Comparative evaluation of environmental contamination and DNA damage induced by electronic-waste in Nigeria and China,,,Guangdong,HM+OP,,,,31.96,1431,,153.6,,787.7,,114.2,,,,,5302.0,,,44360.0,,,,,1,1,1,10.1016/j.scitotenv.2012.01.056,Comparative evaluation of environmental contamination and DNA damage induced by electronic-waste in Nigeria and China,real_model_ready,False
10.1016/j.scitotenv.2012.01.056,Comparative evaluation of environmental contamination and DNA damage induced by electronic-waste in Nigeria and China,,,Guangdong,HM+OP,,,,5.84,540.9,,12.21,,683.8,,26.85,,,,,5129.0,,,71840.0,,,,,1,1,1,10.1016/j.scitotenv.2012.01.056,Comparative evaluation of environmental contamination and DNA damage induced by electronic-waste in Nigeria and China,real_model_ready,False
10.1016/j.scitotenv.2012.01.056,Comparative evaluation of environmental contamination and DNA damage induced by electronic-waste in Nigeria and China,,,Guangdong,HM+OP,,,,,,,,,,,,,,,,0.092,,,2.0,,,,,0,0,0,10.1016/j.scitotenv.2012.01.056,Comparative evaluation of environmental contamination and DNA damage induced by electronic-waste in Nigeria and China,real_model_ready,False
10.1002/ep.70148,Comparative study on pollution characteristics of heavy metals and polycyclic aromatic hydrocarbons in coking solid wastes,,,Shanxi,HM+OP,,,,1.25,,36.22,14.47,,19.96,131,13.51,,,,,,,,,,,,,1,0,1,10.1002/ep.70148,Comparative study on pollution characteristics of heavy metals and polycyclic aromatic hydrocarbons in coking solid wastes,real_model_ready,False
10.1002/ep.70148,Comparative study on pollution characteristics of heavy metals and polycyclic aromatic hydrocarbons in coking solid wastes,,,Shanxi,HM+OP,,,,6.87,,20.44,15.2,,12.08,465,7.34,,,,,,,,,,,,,1,0,1,10.1002/ep.70148,Comparative study on pollution characteristics of heavy metals and polycyclic aromatic hydrocarbons in coking solid wastes,real_model_ready,False
10.1002/ep.70148,Comparative study on pollution characteristics of heavy metals and polycyclic aromatic hydrocarbons in coking solid wastes,,,Shanxi,HM+OP,,,,0.65,,19.79,7.68,,3.13,68.57,6.56,,,,,,,,,,,,,1,0,1,10.1002/ep.70148,Comparative study on pollution characteristics of heavy metals and polycyclic aromatic hydrocarbons in coking solid wastes,real_model_ready,False
10.1002/ep.70148,Comparative study on pollution characteristics of heavy metals and polycyclic aromatic hydrocarbons in coking solid wastes,,,Shanxi,HM+OP,,,,2.8,,32.65,337.0,,92.27,1171,91.89,,,,,,,,,,,,,1,1,1,10.1002/ep.70148,Comparative study on pollution characteristics of heavy metals and polycyclic aromatic hydrocarbons in coking solid wastes,real_model_ready,False
10.3390/agriculture10020047,Ecological Risk Assessment of Soil Heavy Metals and Pesticide Residues in Tea Plantations,,,Taiwan,HM+OP,4.01,,,0.037,33.2,8.1,75.0,0.06,20,66.7,21.9,,,,,,0.0,,,,,,,0,0,0,10.3390/agriculture10020047,Ecological Risk Assessment of Soil Heavy Metals and Pesticide Residues in Tea Plantations,real_model_ready,False
10.3390/agriculture10020047,Ecological Risk Assessment of Soil Heavy Metals and Pesticide Residues in Tea Plantations,30.1806,94.9033,Tibet,HM+OP,5.56,,,0.076,30.6,14.1,51.4,0.07,17.1,76.3,21.5,,,,,,1.1,,,,,,,0,0,0,10.3390/agriculture10020047,Ecological Risk Assessment of Soil Heavy Metals and Pesticide Residues in Tea Plantations,real_model_ready,False
10.3390/agriculture10020047,Ecological Risk Assessment of Soil Heavy Metals and Pesticide Residues in Tea Plantations,20.5194,110.2489,Guangdong,HM+OP,5.15,,,0.084,11,10.6,216.7,0.074,70.7,89.9,106,,,,,,0.0,,,,,,,1,0,1,10.3390/agriculture10020047,Ecological Risk Assessment of Soil Heavy Metals and Pesticide Residues in Tea Plantations,real_model_ready,False
10.3390/agriculture10020047,Ecological Risk Assessment of Soil Heavy Metals and Pesticide Residues in Tea Plantations,27.7139,118.0017,Fujian,HM+OP,6.82,,,0.158,73.5,5.66,31.7,0.073,86,151.3,17.8,,,,,,0.0,,,,,,,0,0,0,10.3390/agriculture10020047,Ecological Risk Assessment of Soil Heavy Metals and Pesticide Residues in Tea Plantations,real_model_ready,False
10.3390/agriculture10020047,Ecological Risk Assessment of Soil Heavy Metals and Pesticide Residues in Tea Plantations,25.0014,117.8719,Fujian,HM+OP,3.33,,,0.037,49.2,3.99,15.8,0.069,15.7,76.9,6.5,,,,,,0.0,,,,,,,0,0,0,10.3390/agriculture10020047,Ecological Risk Assessment of Soil Heavy Metals and Pesticide Residues in Tea Plantations,real_model_ready,False
10.3390/agriculture10020047,Ecological Risk Assessment of Soil Heavy Metals and Pesticide Residues in Tea Plantations,25,117.8725,Fujian,HM+OP,3.63,,,0.015,35.3,4.01,15.7,0.054,5.7,40.4,5.8,,,,,,0.4,,,,,,,0,0,0,10.3390/agriculture10020047,Ecological Risk Assessment of Soil Heavy Metals and Pesticide Residues in Tea Plantations,real_model_ready,False
10.3390/agriculture10020047,phase7_agriculture-10-00047-v2__dup2,,,Taiwan,HM+OP,4.01,,,0.037,33.2,8.1,75.0,0.06,20,66.7,21.9,,,,,,,,,,,,,0,0,0,10.3390/agriculture10020047,phase7_agriculture-10-00047-v2__dup2,real_model_ready,False
10.3390/agriculture10020047,phase7_agriculture-10-00047-v2__dup2,,,Tibet,HM+OP,5.56,,,0.076,30.6,14.1,51.4,0.07,17.1,76.3,21.5,,,,,,,,,,,,,0,0,0,10.3390/agriculture10020047,phase7_agriculture-10-00047-v2__dup2,real_model_ready,False
10.3390/agriculture10020047,phase7_agriculture-10-00047-v2__dup2,,,Guangdong,HM+OP,5.15,,,0.084,11,10.6,216.7,0.074,70.7,89.9,106,,,,,,,,,,,,,1,0,1,10.3390/agriculture10020047,phase7_agriculture-10-00047-v2__dup2,real_model_ready,False
10.3390/agriculture10020047,phase7_agriculture-10-00047-v2__dup2,,,Fujian,HM+OP,6.82,,,0.158,73.5,5.66,31.7,0.073,86,151.3,17.8,,,,,,,,,,,,,0,0,0,10.3390/agriculture10020047,phase7_agriculture-10-00047-v2__dup2,real_model_ready,False
10.3390/agriculture10020047,phase7_agriculture-10-00047-v2__dup2,,,Fujian,HM+OP,3.33,,,0.037,49.2,3.99,15.8,0.069,15.7,76.9,6.5,,,,,,,,,,,,,0,0,0,10.3390/agriculture10020047,phase7_agriculture-10-00047-v2__dup2,real_model_ready,False
10.3390/agriculture10020047,phase7_agriculture-10-00047-v2__dup2,,,Fujian,HM+OP,3.63,,,0.015,35.3,4.01,15.7,0.054,5.7,40.4,5.8,,,,,,,,,,,,,0,0,0,10.3390/agriculture10020047,phase7_agriculture-10-00047-v2__dup2,real_model_ready,False
10.1039/d4ra06060,phase7_d4ra06060a2__2_,,,Sichuan,HM+OP,,,,,38.383,14.352,,,,,31.839,,,,,,,,,,,,,0,0,0,10.1039/d4ra06060,phase7_d4ra06060a2__2_,real_model_ready,False
10.1039/d4ra06060,phase7_d4ra06060a2__2_,,,Sichuan,HM+OP,,,,,34.464,14.218,,,,,27.957,,,,,,,,,,,,,0,0,0,10.1039/d4ra06060,phase7_d4ra06060a2__2_,real_model_ready,False
10.1039/d4ra06060,phase7_d4ra06060a2__2_,,,Sichuan,HM+OP,,,,,30.798,13.65,,,,,27.547,,,,,,,,,,,,,0,0,0,10.1039/d4ra06060,phase7_d4ra06060a2__2_,real_model_ready,False
10.1039/d4ra06060,phase7_d4ra06060a2__2_,,,Sichuan,HM+OP,,,,,34.197,14.361,,,,,28.639,,,,,,,,,,,,,0,0,0,10.1039/d4ra06060,phase7_d4ra06060a2__2_,real_model_ready,False
10.1039/d4ra06060a,Migration of total petroleum hydrocarbon and heavy metal contaminants in the soil–groundwater interface of a petrochemical site using machine learning: impacts of convection and diffusion,30.8439,106.125,,HM+OP,,,,,33.901,14.162,,,,,29.59,,,,,,,,,,,,,0,0,0,10.1039/d4ra06060a,Migration of total petroleum hydrocarbon and heavy metal contaminants in the soil–groundwater interface of a petrochemical site using machine learning: impacts of convection and diffusion,real_model_ready,False
10.1039/d4ra06060a,Migration of total petroleum hydrocarbon and heavy metal contaminants in the soil–groundwater interface of a petrochemical site using machine learning: impacts of convection and diffusion,30.8439,106.125,Sichuan,HM+OP,,,,,33.901,14.162,,,,,29.59,,,,,,,,,,,,,0,0,0,10.1039/d4ra06060a,Migration of total petroleum hydrocarbon and heavy metal contaminants in the soil–groundwater interface of a petrochemical site using machine learning: impacts of convection and diffusion,real_model_ready,False
10.3390/ijerph110303118,Influence of Heavy Metals and PCBs Pollution on the Enzyme Activity and Microbial Community of Paddy Soils around an E-Waste Recycling Workshop,,,Zhejiang,HM+OP,6.3,,3.074,1.83,87.22,,60.17,,37.17,95.44,30.77,,,,,12.1,,,,,,,,1,0,1,10.3390/ijerph110303118,Influence of Heavy Metals and PCBs Pollution on the Enzyme Activity and Microbial Community of Paddy Soils around an E-Waste Recycling Workshop,real_model_ready,False
10.3390/ijerph110303118,Influence of Heavy Metals and PCBs Pollution on the Enzyme Activity and Microbial Community of Paddy Soils around an E-Waste Recycling Workshop,,,Zhejiang,HM+OP,5.7,,2.958,2.08,92.16,,68.17,,81.14,126.53,32.7,,,,,21.6,,,,,,,,1,0,1,10.3390/ijerph110303118,Influence of Heavy Metals and PCBs Pollution on the Enzyme Activity and Microbial Community of Paddy Soils around an E-Waste Recycling Workshop,real_model_ready,False
10.3390/ijerph110303118,Influence of Heavy Metals and PCBs Pollution on the Enzyme Activity and Microbial Community of Paddy Soils around an E-Waste Recycling Workshop,,,Zhejiang,HM+OP,5.3,,3.364,2.56,107.1,,74.18,,78.26,134.5,35.58,,,,,,,,,,,,,1,0,1,10.3390/ijerph110303118,Influence of Heavy Metals and PCBs Pollution on the Enzyme Activity and Microbial Community of Paddy Soils around an E-Waste Recycling Workshop,real_model_ready,False
10.3390/ijerph110303118,Influence of Heavy Metals and PCBs Pollution on the Enzyme Activity and Microbial Community of Paddy Soils around an E-Waste Recycling Workshop,,,Zhejiang,HM+OP,6.1,,3.248,2.57,99.54,,69.04,,71.36,129,35.37,,,,,,,,,,,,,1,0,1,10.3390/ijerph110303118,Influence of Heavy Metals and PCBs Pollution on the Enzyme Activity and Microbial Community of Paddy Soils around an E-Waste Recycling Workshop,real_model_ready,False
10.3390/ijerph110303118,Influence of Heavy Metals and PCBs Pollution on the Enzyme Activity and Microbial Community of Paddy Soils around an E-Waste Recycling Workshop,,,Zhejiang,HM+OP,5.3,,3.886,1.71,92.22,,71.11,,68.59,131.34,34.89,,,,,,,,,,,,,1,0,1,10.3390/ijerph110303118,Influence of Heavy Metals and PCBs Pollution on the Enzyme Activity and Microbial Community of Paddy Soils around an E-Waste Recycling Workshop,real_model_ready,False
10.3390/ijerph110303118,Influence of Heavy Metals and PCBs Pollution on the Enzyme Activity and Microbial Community of Paddy Soils around an E-Waste Recycling Workshop,,,Zhejiang,HM+OP,5.5,,3.77,2.23,103.98,,73.53,,78.94,142,38.93,,,,,,,,,,,,,1,0,1,10.3390/ijerph110303118,Influence of Heavy Metals and PCBs Pollution on the Enzyme Activity and Microbial Community of Paddy Soils around an E-Waste Recycling Workshop,real_model_ready,False
10.3390/ijerph16071155,Enhancement of Detoxification of Petroleum Hydrocarbons and Heavy Metals in Oil-Contaminated Soil by Using Glycine-β-Cyclodextrin,,,Henan,HM+OP,6.3,,,,10.792,,,,9.204,,,,,,,,,,,,,,,0,0,0,10.3390/ijerph16071155,Enhancement of Detoxification of Petroleum Hydrocarbons and Heavy Metals in Oil-Contaminated Soil by Using Glycine-β-Cyclodextrin,real_model_ready,False
10.1038/s41598-017-12437-w,Uptake and translocation of polycyclic aromatic hydrocarbons (PAHs) and heavy metals by maize from soil irrigated with wastewater,,,Inner Mongolia,HM+OP,8.49,,1.03,,,,,,,,,,,,,,,,,,,,,0,0,0,10.1038/s41598-017-12437-w,Uptake and translocation of polycyclic aromatic hydrocarbons (PAHs) and heavy metals by maize from soil irrigated with wastewater,real_model_ready,False
10.1038/s41598-017-12437-w,Uptake and translocation of polycyclic aromatic hydrocarbons (PAHs) and heavy metals by maize from soil irrigated with wastewater,,,Inner Mongolia,HM+OP,8.49,,1.558,,7.71,,391.69,,6.14,68.85,71.06,479.32,,,,,,,,,,,,1,0,1,10.1038/s41598-017-12437-w,Uptake and translocation of polycyclic aromatic hydrocarbons (PAHs) and heavy metals by maize from soil irrigated with wastewater,real_model_ready,False
10.1038/s41598-017-12437-w,Uptake and translocation of polycyclic aromatic hydrocarbons (PAHs) and heavy metals by maize from soil irrigated with wastewater,,,Inner Mongolia,HM+OP,8.49,,2.003,,,,,,,,,418.32,,,,,,,,,,,,0,0,0,10.1038/s41598-017-12437-w,Uptake and translocation of polycyclic aromatic hydrocarbons (PAHs) and heavy metals by maize from soil irrigated with wastewater,real_model_ready,False
10.17221/211/2017-SWR,Pollution Status of Agricultural Land in China: Impact of Land Use and Geographical Position,,,,HM+OP,,,,0.69,44.2,13.99,61.66,0.27,32.03,149,31.6,,,,40.0,,4.0,,,,,,,1,0,1,10.17221/211/2017-SWR,Pollution Status of Agricultural Land in China: Impact of Land Use and Geographical Position,real_model_ready,False
10.17221/211/2017-SWR,Pollution Status of Agricultural Land in China: Impact of Land Use and Geographical Position,,,,HM+OP,,,,0.75,45.3,13.8,65.7,0.2,33.3,178.3,32.2,,,,70.0,,30.0,,,,,,,1,0,1,10.17221/211/2017-SWR,Pollution Status of Agricultural Land in China: Impact of Land Use and Geographical Position,real_model_ready,False
10.17221/211/2017-SWR,Pollution Status of Agricultural Land in China: Impact of Land Use and Geographical Position,,,,HM+OP,,,,0.58,56.2,19.1,58.6,0.68,35.3,117.6,35.7,,,,30.0,,10.0,,,,,,,1,0,1,10.17221/211/2017-SWR,Pollution Status of Agricultural Land in China: Impact of Land Use and Geographical Position,real_model_ready,False
10.17221/211/2017-SWR,Pollution Status of Agricultural Land in China: Impact of Land Use and Geographical Position,,,,HM+OP,,,,0.94,35.8,18.6,76.6,0.26,28.6,76.5,37.6,,,,0.0,,10.0,,,,,,,1,0,1,10.17221/211/2017-SWR,Pollution Status of Agricultural Land in China: Impact of Land Use and Geographical Position,real_model_ready,False
10.17221/211/2017-SWR,Pollution Status of Agricultural Land in China: Impact of Land Use and Geographical Position,,,,HM+OP,,,,0.75,20.2,9.47,32.3,0.1,28.9,89.2,16.9,,,,1.0,,3.0,,,,,,,1,0,1,10.17221/211/2017-SWR,Pollution Status of Agricultural Land in China: Impact of Land Use and Geographical Position,real_model_ready,False
10.17221/211/2017-SWR,Pollution Status of Agricultural Land in China: Impact of Land Use and Geographical Position,,,,HM+OP,,,,0.25,24.9,9.59,62.9,0.3,26.4,78.8,33.2,,,,20.0,,50.0,,,,,,,0,0,0,10.17221/211/2017-SWR,Pollution Status of Agricultural Land in China: Impact of Land Use and Geographical Position,real_model_ready,False
10.17221/211/2017-SWR,Pollution Status of Agricultural Land in China: Impact of Land Use and Geographical Position,,,,HM+OP,,,,3.46,50.2,8.46,54.8,0.15,35.8,303.1,23.5,,,,20.0,,10.0,,,,,,,1,0,1,10.17221/211/2017-SWR,Pollution Status of Agricultural Land in China: Impact of Land Use and Geographical Position,real_model_ready,False
10.17221/211/2017-SWR,Pollution Status of Agricultural Land in China: Impact of Land Use and Geographical Position,,,,HM+OP,,,,0.39,43.9,14.4,56.9,0.25,35.9,98.6,29.4,,,,50.0,,10.0,,,,,,,1,0,1,10.17221/211/2017-SWR,Pollution Status of Agricultural Land in China: Impact of Land Use and Geographical Position,real_model_ready,False
10.17221/211/2017-SWR,Pollution Status of Agricultural Land in China: Impact of Land Use and Geographical Position,,,,HM+OP,,,,1.96,75.4,11.2,74.5,0.75,33.7,218.5,43.3,,,,10.0,,20.0,,,,,,,1,0,1,10.17221/211/2017-SWR,Pollution Status of Agricultural Land in China: Impact of Land Use and Geographical Position,real_model_ready,False
10.17221/211/2017-SWR,Pollution Status of Agricultural Land in China: Impact of Land Use and Geographical Position,,,,HM+OP,,,,0.43,38.6,18.3,66.4,0.16,47.7,119.5,25.2,,,,0.0,,0.0,,,,,,,1,0,1,10.17221/211/2017-SWR,Pollution Status of Agricultural Land in China: Impact of Land Use and Geographical Position,real_model_ready,False
10.17221/211/2017-SWR,Pollution Status of Agricultural Land in China: Impact of Land Use and Geographical Position,,,,HM+OP,,,,0.41,39.5,13.6,64.5,0.72,32.1,94.5,40.6,,,,0.0,,0.0,,,,,,,1,0,1,10.17221/211/2017-SWR,Pollution Status of Agricultural Land in China: Impact of Land Use and Geographical Position,real_model_ready,False
10.1016/j.jhazmat.2024.xxxxxx,p7new_1-s2.0-S0304389425032911-mmc1,,,Guizhou,HM+OP,,,,15.931,,,,21.517,,917.249,,61.471,0.716,,,,,,,,,,,1,1,1,10.1016/j.jhazmat.2024.xxxxxx,p7new_1-s2.0-S0304389425032911-mmc1,real_model_ready,False
10.15244/pjoes/155966,p7new_10.15244_pjoes_155966,,,Shaanxi,HM+OP,,,,,,,,,,,,,,,,,,,,,,,,0,0,0,10.15244/pjoes/155966,p7new_10.15244_pjoes_155966,real_model_ready,False
10.15244/pjoes/155966,p7new_10.15244_pjoes_155966,,,Shaanxi,HM+OP,,,,,,,,,,,,,,,,,,,,,,,,0,0,0,10.15244/pjoes/155966,p7new_10.15244_pjoes_155966,real_model_ready,False
10.15244/pjoes/155966,p7new_10.15244_pjoes_155966,,,Shaanxi,HM+OP,,,,,,,,,,,,,,,,,,,,,,,,0,0,0,10.15244/pjoes/155966,p7new_10.15244_pjoes_155966,real_model_ready,False
10.15244/pjoes/155966,p7new_10.15244_pjoes_155966,,,Shaanxi,HM+OP,,,,,,,,,,,,,,,,,,,,,,,,0,0,0,10.15244/pjoes/155966,p7new_10.15244_pjoes_155966,real_model_ready,False
10.15244/pjoes/155966,p7new_10.15244_pjoes_155966,,,Shaanxi,HM+OP,,,,,,,,,,,,,,,,,,,,,,,,0,0,0,10.15244/pjoes/155966,p7new_10.15244_pjoes_155966,real_model_ready,False
10.15244/pjoes/155966,p7new_10.15244_pjoes_155966,,,Shaanxi,HM+OP,,,,,,,,,,,,,,,,,,,,,,,,0,0,0,10.15244/pjoes/155966,p7new_10.15244_pjoes_155966,real_model_ready,False
10.15666/aeer/1501/141152,p7new_10.15666_aeer_1501_141152,,,Beijing,HM+OP,6.7,,,,33.96,,,,,103.38,,,,,,,,,,,,,,0,0,0,10.15666/aeer/1501/141152,p7new_10.15666_aeer_1501_141152,real_model_ready,False
10.15666/aeer/1501/141152,p7new_10.15666_aeer_1501_141152,,,Beijing,HM+OP,6.68,,,,260.33,,,,,301.29,,,,,,,,,,,,,,1,0,1,10.15666/aeer/1501/141152,p7new_10.15666_aeer_1501_141152,real_model_ready,False
10.15666/aeer/1501/141152,p7new_10.15666_aeer_1501_141152,,,Beijing,HM+OP,6.54,,,,570.02,,,,,605.02,,,,,,,,,,,,,,1,0,1,10.15666/aeer/1501/141152,p7new_10.15666_aeer_1501_141152,real_model_ready,False
10.30955/gnj.000599,p7new_10.30955_gnj.000599,,,Guangdong,HM+OP,6.42,,,,,,,,,,,,,,,,,,,,,,,0,0,0,10.30955/gnj.000599,p7new_10.30955_gnj.000599,real_model_ready,False
10.30955/gnj.000599,p7new_10.30955_gnj.000599,,,Guangdong,HM+OP,6.42,,,,,,,,,,,,,,,,,,,,,,,0,0,0,10.30955/gnj.000599,p7new_10.30955_gnj.000599,real_model_ready,False
10.30955/gnj.000599,p7new_10.30955_gnj.000599,,,Guangdong,HM+OP,6.42,,,,,,,,,,,,,,,,,,,,,,,0,0,0,10.30955/gnj.000599,p7new_10.30955_gnj.000599,real_model_ready,False
10.30955/gnj.000599,p7new_10.30955_gnj.000599,,,Guangdong,HM+OP,6.42,,,,,,,,,,,,,,,,,,,,,,,0,0,0,10.30955/gnj.000599,p7new_10.30955_gnj.000599,real_model_ready,False
10.30955/gnj.000599,p7new_10.30955_gnj.000599,,,Guangdong,HM+OP,6.42,,,,,,,,,,,,,,,,,,,,,,,0,0,0,10.30955/gnj.000599,p7new_10.30955_gnj.000599,real_model_ready,False
10.30955/gnj.000599,p7new_10.30955_gnj.000599,,,Guangdong,HM+OP,6.42,,,,,,,,,,,,,,,,,,,,,,,0,0,0,10.30955/gnj.000599,p7new_10.30955_gnj.000599,real_model_ready,False
10.1080/15320383.2016.1088507,p7new_15320383.2016.1088507.pdf,,,Gansu,HM+OP,7.28,,,,,,,,1000,,,,,,,,,,,,,,,1,0,1,10.1080/15320383.2016.1088507,p7new_15320383.2016.1088507.pdf,real_model_ready,False
10.1155/2018/7861805,p7new_2018_252F7861805.pdf,,,Shandong,HM+OP,8.55,,0.05,,,,111.46,,47.93,93.81,,,,,,,,,,,,,,0,0,0,10.1155/2018/7861805,p7new_2018_252F7861805.pdf,real_model_ready,False
10.1155/2018/7861805,p7new_2018_252F7861805.pdf,,,Shandong,HM+OP,8.44,,0.41,,,,74.55,,76.6,131.63,,,,,,,,,,,,,,0,0,0,10.1155/2018/7861805,p7new_2018_252F7861805.pdf,real_model_ready,False
10.1155/2018/7861805,p7new_2018_252F7861805.pdf,,,Shandong,HM+OP,8.11,,0.22,,,,34.07,,12.2,15.68,,,,,,,,,,,,,,0,0,0,10.1155/2018/7861805,p7new_2018_252F7861805.pdf,real_model_ready,False
10.1007/s13762-009-0249-4,p7new_BF03327629.pdf,,,Guangdong,HM+OP,6.42,,0.945,0.13,,,,,,,,,,,,,,,,,,,,0,0,0,10.1007/s13762-009-0249-4,p7new_BF03327629.pdf,real_model_ready,False
10.1007/s13762-009-0249-4,p7new_BF03327629.pdf,,,Guangdong,HM+OP,6.42,,0.945,0.13,,,,,,,,,,,,,,,,,,,,0,0,0,10.1007/s13762-009-0249-4,p7new_BF03327629.pdf,real_model_ready,False
10.1007/s13762-009-0249-4,p7new_BF03327629.pdf,,,Guangdong,HM+OP,6.42,,0.945,0.13,,,,,,,,,,,,,,,,,,,,0,0,0,10.1007/s13762-009-0249-4,p7new_BF03327629.pdf,real_model_ready,False
10.1007/s13762-009-0249-4,p7new_BF03327629.pdf,,,Guangdong,HM+OP,6.42,,0.945,2.13,,,,,,,,,,,,,,,,,,,,1,0,1,10.1007/s13762-009-0249-4,p7new_BF03327629.pdf,real_model_ready,False
10.1007/s13762-009-0249-4,p7new_BF03327629.pdf,,,Guangdong,HM+OP,6.42,,0.945,2.13,,,,,,,,,,,,,,,,,,,,1,0,1,10.1007/s13762-009-0249-4,p7new_BF03327629.pdf,real_model_ready,False
10.1007/s13762-009-0249-4,p7new_BF03327629.pdf,,,Guangdong,HM+OP,6.42,,0.945,2.13,,,,,,,,,,,,,,,,,,,,1,0,1,10.1007/s13762-009-0249-4,p7new_BF03327629.pdf,real_model_ready,False
10.1007/s13762-009-0249-4,p7new_BF03327629.pdf,,,Guangdong,HM+OP,6.42,,0.945,4.63,,,,,,,,,,,,,,,,,,,,1,0,1,10.1007/s13762-009-0249-4,p7new_BF03327629.pdf,real_model_ready,False
10.1007/s13762-009-0249-4,p7new_BF03327629.pdf,,,Guangdong,HM+OP,6.42,,0.945,4.63,,,,,,,,,,,,,,,,,,,,1,0,1,10.1007/s13762-009-0249-4,p7new_BF03327629.pdf,real_model_ready,False
10.1007/s13762-009-0249-4,p7new_BF03327629.pdf,,,Guangdong,HM+OP,6.42,,0.945,4.63,,,,,,,,,,,,,,,,,,,,1,0,1,10.1007/s13762-009-0249-4,p7new_BF03327629.pdf,real_model_ready,False
10.1016/j.apsoil.2019.103472,p7new_Meiyu_Yang_等_-_2019_-_Effect_of_cadmium_on_pyrene_biodegradation_in_solution_and,,,Fujian,HM+OP,8.24,,5.76,,,,,,,,,,,,,,,,,,,,,0,0,0,10.1016/j.apsoil.2019.103472,p7new_Meiyu_Yang_等_-_2019_-_Effect_of_cadmium_on_pyrene_biodegradation_in_solution_and,real_model_ready,False
10.1016/j.apsoil.2019.103472,p7new_Meiyu_Yang_等_-_2019_-_Effect_of_cadmium_on_pyrene_biodegradation_in_solution_and,,,Fujian,HM+OP,8.24,,5.76,,,,,,,,,,,,,,,,,,,,,0,0,0,10.1016/j.apsoil.2019.103472,p7new_Meiyu_Yang_等_-_2019_-_Effect_of_cadmium_on_pyrene_biodegradation_in_solution_and,real_model_ready,False
10.1016/j.apsoil.2019.103472,p7new_Meiyu_Yang_等_-_2019_-_Effect_of_cadmium_on_pyrene_biodegradation_in_solution_and,,,Fujian,HM+OP,8.24,,5.76,,,,,,,,,,,,,,,,,,,,,0,0,0,10.1016/j.apsoil.2019.103472,p7new_Meiyu_Yang_等_-_2019_-_Effect_of_cadmium_on_pyrene_biodegradation_in_solution_and,real_model_ready,False
10.1016/j.apsoil.2019.103472,p7new_Meiyu_Yang_等_-_2019_-_Effect_of_cadmium_on_pyrene_biodegradation_in_solution_and,,,Fujian,HM+OP,8.24,,5.76,,,,,,,,,,,,,,,,,,,,,0,0,0,10.1016/j.apsoil.2019.103472,p7new_Meiyu_Yang_等_-_2019_-_Effect_of_cadmium_on_pyrene_biodegradation_in_solution_and,real_model_ready,False
10.1016/j.apsoil.2019.103472,p7new_Meiyu_Yang_等_-_2019_-_Effect_of_cadmium_on_pyrene_biodegradation_in_solution_and,,,Fujian,HM+OP,8.24,,5.76,,,,,,,,,,,,,,,,,,,,,0,0,0,10.1016/j.apsoil.2019.103472,p7new_Meiyu_Yang_等_-_2019_-_Effect_of_cadmium_on_pyrene_biodegradation_in_solution_and,real_model_ready,False
10.3390/pr12061157,p7new_P_2024_Screening_and_Optimization_of_Soil_Remediation_Strategies_Assisted_by_Mac,,,Guangdong,HM+OP,,,,,,105.9,,,,,,,,,,,,,,,,,,1,1,1,10.3390/pr12061157,p7new_P_2024_Screening_and_Optimization_of_Soil_Remediation_Strategies_Assisted_by_Mac,real_model_ready,False
10.1016/j.chemosphere.2015.12.050,p7new_Restoration_of_manufactured_gas_plant_site_soil_through_combined_ultrasound-assi,,,Jiangsu,HM+OP,7.3,,3.51,45.4,565,13.5,75.2,,44.3,376,85.6,,,,,,,,,,,,,1,0,1,10.1016/j.chemosphere.2015.12.050,p7new_Restoration_of_manufactured_gas_plant_site_soil_through_combined_ultrasound-assi,real_model_ready,False
10.3389/fmicb.2019.02263,Adaptive Evolution of Sphingobium hydrophobicum C1 in Electronic Waste Contaminated River Sediment,,,Guangdong,HM+OP,,,,,,,,,528,249,120,3034.0,,,,743.0,,,9054.0,,,,,1,1,1,10.3389/fmicb.2019.02263,Adaptive Evolution of Sphingobium hydrophobicum C1 in Electronic Waste Contaminated River Sediment,real_model_ready,False
10.1016/j.scitotenv.2019.04.417,Effect of biochars on the bioavailability of cadmium and di-(2-ethylhexyl) phthalate to Brassica chinensis L. in contaminated soils,30.319,119.583,Zhejiang,HM+OP,5.14,,3.08,1,,,,,,,,,,,,,,,,,,,,1,0,1,10.1016/j.scitotenv.2019.04.417,Effect of biochars on the bioavailability of cadmium and di-(2-ethylhexyl) phthalate to Brassica chinensis L. in contaminated soils,real_model_ready,False
10.1016/j.scitotenv.2019.04.417,Effect of biochars on the bioavailability of cadmium and di-(2-ethylhexyl) phthalate to Brassica chinensis L. in contaminated soils,30.319,119.583,Zhejiang,HM+OP,4.89,,0.75,1,,,,,,,,,,,,,,,,,,,,1,0,1,10.1016/j.scitotenv.2019.04.417,Effect of biochars on the bioavailability of cadmium and di-(2-ethylhexyl) phthalate to Brassica chinensis L. in contaminated soils,real_model_ready,False
10.1007/s11069-014-1520-x,"Levels and environmental impact of PAHs and trace element in fly ash from a miscellaneous solid waste by rotary kiln incinerator, China",,,,HM+OP,,,,0.00294,35.038,0.0049,0.2607,,2.919,,0.0241,,0.0,,,,,,,,,,,0,0,0,10.1007/s11069-014-1520-x,"Levels and environmental impact of PAHs and trace element in fly ash from a miscellaneous solid waste by rotary kiln incinerator, China",real_model_ready,False
10.1007/s11783-010-0271-5,"Stabilization treatment of contaminated soil: a field-scale application in Shanghai, China",,,Shanghai,HM+OP,7.235,,1.9,20.635,68.8,63.05,50.45,5.02,64.45,154.05,41.2,,,,,,,,,,,,,1,1,1,10.1007/s11783-010-0271-5,"Stabilization treatment of contaminated soil: a field-scale application in Shanghai, China",real_model_ready,False
10.1007/s11783-010-0271-5,"Stabilization treatment of contaminated soil: a field-scale application in Shanghai, China",,,Shanghai,HM+OP,7.235,,1.9,,,27.35,,,,,,,,,,,,,,,,,,0,0,0,10.1007/s11783-010-0271-5,"Stabilization treatment of contaminated soil: a field-scale application in Shanghai, China",real_model_ready,False
10.1007/s11783-010-0271-5,"Stabilization treatment of contaminated soil: a field-scale application in Shanghai, China",,,Shanghai,HM+OP,7.235,,1.9,,,7.5,,,,,,,,,,,,,,,,,,0,0,0,10.1007/s11783-010-0271-5,"Stabilization treatment of contaminated soil: a field-scale application in Shanghai, China",real_model_ready,False
10.1186/s12302-019-0279-9,Characterization of residential household dust from Shanghai by particle size and analysis of organophosphorus flame retardants and metals,,,Shanghai,HM+OP,,,,2.15,63.1,3.5,16.0,,175,695,41.1,,,,,,,,,,,,,1,0,1,10.1186/s12302-019-0279-9,Characterization of residential household dust from Shanghai by particle size and analysis of organophosphorus flame retardants and metals,real_model_ready,False
10.1186/s12302-019-0279-9,Characterization of residential household dust from Shanghai by particle size and analysis of organophosphorus flame retardants and metals,,,Shanghai,HM+OP,,,,2.8,146,5.6,20.9,,181,701,54.1,,,,,,,,,,,,,1,0,1,10.1186/s12302-019-0279-9,Characterization of residential household dust from Shanghai by particle size and analysis of organophosphorus flame retardants and metals,real_model_ready,False
10.1186/s12302-019-0279-9,Characterization of residential household dust from Shanghai by particle size and analysis of organophosphorus flame retardants and metals,,,Shanghai,HM+OP,,,,2.7,143,8.28,23.0,,206,840,39,,,,,,,,,,,,,1,1,1,10.1186/s12302-019-0279-9,Characterization of residential household dust from Shanghai by particle size and analysis of organophosphorus flame retardants and metals,real_model_ready,False
10.1186/s12302-019-0279-9,Characterization of residential household dust from Shanghai by particle size and analysis of organophosphorus flame retardants and metals,,,Shanghai,HM+OP,,,,1.01,134,9.47,26.2,,269,955,42,,,,,,,,,,,,,1,1,1,10.1186/s12302-019-0279-9,Characterization of residential household dust from Shanghai by particle size and analysis of organophosphorus flame retardants and metals,real_model_ready,False
10.1234/example,多环芳烃-重金属复合污染土壤热脱附-稳定化联合修复工艺研究,,,Liaoning,HM+OP,,,,183,,,,,,,,2255.0,,,,,,,,,,,,1,1,1,10.1234/example,多环芳烃-重金属复合污染土壤热脱附-稳定化联合修复工艺研究,real_model_ready,False
10.1007/978-3-030-68140-1/7,p8_10.1007_978-3-030-68140-1_7,,,,HM+OP,,,,,93,17,45.0,,89,714,30,,,,,,,,,,,,,1,0,1,10.1007/978-3-030-68140-1/7,p8_10.1007_978-3-030-68140-1_7,real_model_ready,False
10.1007/978-3-030-68140-1/7,p8_10.1007_978-3-030-68140-1_7,,,,HM+OP,,,,50,500,,400.0,,,,,,,,,,,,,,,,,1,0,1,10.1007/978-3-030-68140-1/7,p8_10.1007_978-3-030-68140-1_7,real_model_ready,False
10.1016/j.apsoil.2022.104467,p8_10.1016_j.apsoil.2022.104467,,,Chongqing,HM+OP,,,1.474,0.19,,,,,,,,,,,,,,6450.0,,,,,,0,0,0,10.1016/j.apsoil.2022.104467,p8_10.1016_j.apsoil.2022.104467,real_model_ready,False
10.1016/j.cej.2018.07.131,p8_10.1016_j.cej.2018.07.131,,,,HM+OP,,,,,,,,,,,446.6,,,,,,,,,,,,,1,0,1,10.1016/j.cej.2018.07.131,p8_10.1016_j.cej.2018.07.131,real_model_ready,False
10.1016/j.ecoenv.2015.06.028,Combined remediation of Cd–phenanthrene co-contaminated soil by Pleurotus cornucopiae and Bacillus thuringiensis FQ1 and the antioxidant responses in Pleurotus cornucopiae,,,Sichuan,HM+OP,7.42,,1.825,0,,,,,,,,,,,,,,,,,,,,0,0,0,10.1016/j.ecoenv.2015.06.028,Combined remediation of Cd–phenanthrene co-contaminated soil by Pleurotus cornucopiae and Bacillus thuringiensis FQ1 and the antioxidant responses in Pleurotus cornucopiae,real_model_ready,False
10.1016/j.ecoenv.2015.06.028,Combined remediation of Cd–phenanthrene co-contaminated soil by Pleurotus cornucopiae and Bacillus thuringiensis FQ1 and the antioxidant responses in Pleurotus cornucopiae,,,Sichuan,HM+OP,7.42,,1.825,5,,,,,,,,,,,,,,,,,,,,1,0,1,10.1016/j.ecoenv.2015.06.028,Combined remediation of Cd–phenanthrene co-contaminated soil by Pleurotus cornucopiae and Bacillus thuringiensis FQ1 and the antioxidant responses in Pleurotus cornucopiae,real_model_ready,False
10.1016/j.ecoenv.2015.06.028,Combined remediation of Cd–phenanthrene co-contaminated soil by Pleurotus cornucopiae and Bacillus thuringiensis FQ1 and the antioxidant responses in Pleurotus cornucopiae,,,Sichuan,HM+OP,7.42,,1.825,10,,,,,,,,,,,,,,,,,,,,1,0,1,10.1016/j.ecoenv.2015.06.028,Combined remediation of Cd–phenanthrene co-contaminated soil by Pleurotus cornucopiae and Bacillus thuringiensis FQ1 and the antioxidant responses in Pleurotus cornucopiae,real_model_ready,False
10.1016/j.ecoenv.2015.06.028,Combined remediation of Cd–phenanthrene co-contaminated soil by Pleurotus cornucopiae and Bacillus thuringiensis FQ1 and the antioxidant responses in Pleurotus cornucopiae,,,Sichuan,HM+OP,7.42,,1.825,20,,,,,,,,,,,,,,,,,,,,1,0,1,10.1016/j.ecoenv.2015.06.028,Combined remediation of Cd–phenanthrene co-contaminated soil by Pleurotus cornucopiae and Bacillus thuringiensis FQ1 and the antioxidant responses in Pleurotus cornucopiae,real_model_ready,False
10.1016/j.ecoenv.2015.06.028,Combined remediation of Cd–phenanthrene co-contaminated soil by Pleurotus cornucopiae and Bacillus thuringiensis FQ1 and the antioxidant responses in Pleurotus cornucopiae,,,Sichuan,HM+OP,7.42,,1.825,0,,,,,,,,,,,,,,,,,,,,0,0,0,10.1016/j.ecoenv.2015.06.028,Combined remediation of Cd–phenanthrene co-contaminated soil by Pleurotus cornucopiae and Bacillus thuringiensis FQ1 and the antioxidant responses in Pleurotus cornucopiae,real_model_ready,False
10.1016/j.ecoenv.2015.06.028,Combined remediation of Cd–phenanthrene co-contaminated soil by Pleurotus cornucopiae and Bacillus thuringiensis FQ1 and the antioxidant responses in Pleurotus cornucopiae,,,Sichuan,HM+OP,7.42,,1.825,5,,,,,,,,,,,,,,,,,,,,1,0,1,10.1016/j.ecoenv.2015.06.028,Combined remediation of Cd–phenanthrene co-contaminated soil by Pleurotus cornucopiae and Bacillus thuringiensis FQ1 and the antioxidant responses in Pleurotus cornucopiae,real_model_ready,False
10.1016/j.ecoenv.2015.06.028,Combined remediation of Cd–phenanthrene co-contaminated soil by Pleurotus cornucopiae and Bacillus thuringiensis FQ1 and the antioxidant responses in Pleurotus cornucopiae,,,Sichuan,HM+OP,7.42,,1.825,10,,,,,,,,,,,,,,,,,,,,1,0,1,10.1016/j.ecoenv.2015.06.028,Combined remediation of Cd–phenanthrene co-contaminated soil by Pleurotus cornucopiae and Bacillus thuringiensis FQ1 and the antioxidant responses in Pleurotus cornucopiae,real_model_ready,False
10.1016/j.ecoenv.2015.06.028,Combined remediation of Cd–phenanthrene co-contaminated soil by Pleurotus cornucopiae and Bacillus thuringiensis FQ1 and the antioxidant responses in Pleurotus cornucopiae,,,Sichuan,HM+OP,7.42,,1.825,20,,,,,,,,,,,,,,,,,,,,1,0,1,10.1016/j.ecoenv.2015.06.028,Combined remediation of Cd–phenanthrene co-contaminated soil by Pleurotus cornucopiae and Bacillus thuringiensis FQ1 and the antioxidant responses in Pleurotus cornucopiae,real_model_ready,False
10.1016/j.ecoenv.2015.06.028,Combined remediation of Cd–phenanthrene co-contaminated soil by Pleurotus cornucopiae and Bacillus thuringiensis FQ1 and the antioxidant responses in Pleurotus cornucopiae,,,Sichuan,HM+OP,7.42,,1.825,0,,,,,,,,,,,,,,,,,,,,0,0,0,10.1016/j.ecoenv.2015.06.028,Combined remediation of Cd–phenanthrene co-contaminated soil by Pleurotus cornucopiae and Bacillus thuringiensis FQ1 and the antioxidant responses in Pleurotus cornucopiae,real_model_ready,False
10.1016/j.ecoenv.2015.06.028,Combined remediation of Cd–phenanthrene co-contaminated soil by Pleurotus cornucopiae and Bacillus thuringiensis FQ1 and the antioxidant responses in Pleurotus cornucopiae,,,Sichuan,HM+OP,7.42,,1.825,5,,,,,,,,,,,,,,,,,,,,1,0,1,10.1016/j.ecoenv.2015.06.028,Combined remediation of Cd–phenanthrene co-contaminated soil by Pleurotus cornucopiae and Bacillus thuringiensis FQ1 and the antioxidant responses in Pleurotus cornucopiae,real_model_ready,False
10.1016/j.ecoenv.2015.06.028,Combined remediation of Cd–phenanthrene co-contaminated soil by Pleurotus cornucopiae and Bacillus thuringiensis FQ1 and the antioxidant responses in Pleurotus cornucopiae,,,Sichuan,HM+OP,7.42,,1.825,10,,,,,,,,,,,,,,,,,,,,1,0,1,10.1016/j.ecoenv.2015.06.028,Combined remediation of Cd–phenanthrene co-contaminated soil by Pleurotus cornucopiae and Bacillus thuringiensis FQ1 and the antioxidant responses in Pleurotus cornucopiae,real_model_ready,False
10.1016/j.ecoenv.2015.06.028,Combined remediation of Cd–phenanthrene co-contaminated soil by Pleurotus cornucopiae and Bacillus thuringiensis FQ1 and the antioxidant responses in Pleurotus cornucopiae,,,Sichuan,HM+OP,7.42,,1.825,20,,,,,,,,,,,,,,,,,,,,1,0,1,10.1016/j.ecoenv.2015.06.028,Combined remediation of Cd–phenanthrene co-contaminated soil by Pleurotus cornucopiae and Bacillus thuringiensis FQ1 and the antioxidant responses in Pleurotus cornucopiae,real_model_ready,False
10.1016/j.ecoenv.2015.06.028,Combined remediation of Cd–phenanthrene co-contaminated soil by Pleurotus cornucopiae and Bacillus thuringiensis FQ1 and the antioxidant responses in Pleurotus cornucopiae,,,Sichuan,HM+OP,7.42,,1.825,0,,,,,,,,,,,,,,,,,,,,0,0,0,10.1016/j.ecoenv.2015.06.028,Combined remediation of Cd–phenanthrene co-contaminated soil by Pleurotus cornucopiae and Bacillus thuringiensis FQ1 and the antioxidant responses in Pleurotus cornucopiae,real_model_ready,False
10.1016/j.ecoenv.2015.06.028,Combined remediation of Cd–phenanthrene co-contaminated soil by Pleurotus cornucopiae and Bacillus thuringiensis FQ1 and the antioxidant responses in Pleurotus cornucopiae,,,Sichuan,HM+OP,7.42,,1.825,5,,,,,,,,,,,,,,,,,,,,1,0,1,10.1016/j.ecoenv.2015.06.028,Combined remediation of Cd–phenanthrene co-contaminated soil by Pleurotus cornucopiae and Bacillus thuringiensis FQ1 and the antioxidant responses in Pleurotus cornucopiae,real_model_ready,False
10.1016/j.ecoenv.2015.06.028,Combined remediation of Cd–phenanthrene co-contaminated soil by Pleurotus cornucopiae and Bacillus thuringiensis FQ1 and the antioxidant responses in Pleurotus cornucopiae,,,Sichuan,HM+OP,7.42,,1.825,10,,,,,,,,,,,,,,,,,,,,1,0,1,10.1016/j.ecoenv.2015.06.028,Combined remediation of Cd–phenanthrene co-contaminated soil by Pleurotus cornucopiae and Bacillus thuringiensis FQ1 and the antioxidant responses in Pleurotus cornucopiae,real_model_ready,False
10.1016/j.ecoenv.2015.06.028,Combined remediation of Cd–phenanthrene co-contaminated soil by Pleurotus cornucopiae and Bacillus thuringiensis FQ1 and the antioxidant responses in Pleurotus cornucopiae,,,Sichuan,HM+OP,7.42,,1.825,20,,,,,,,,,,,,,,,,,,,,1,0,1,10.1016/j.ecoenv.2015.06.028,Combined remediation of Cd–phenanthrene co-contaminated soil by Pleurotus cornucopiae and Bacillus thuringiensis FQ1 and the antioxidant responses in Pleurotus cornucopiae,real_model_ready,False
10.1016/j.ecoenv.2015.06.028,Combined remediation of Cd–phenanthrene co-contaminated soil by Pleurotus cornucopiae and Bacillus thuringiensis FQ1 and the antioxidant responses in Pleurotus cornucopiae,,,Sichuan,HM+OP,7.42,,1.825,0,,,,,,,,,,,,,,,,,,,,0,0,0,10.1016/j.ecoenv.2015.06.028,Combined remediation of Cd–phenanthrene co-contaminated soil by Pleurotus cornucopiae and Bacillus thuringiensis FQ1 and the antioxidant responses in Pleurotus cornucopiae,real_model_ready,False
10.1016/j.ecoenv.2015.06.028,Combined remediation of Cd–phenanthrene co-contaminated soil by Pleurotus cornucopiae and Bacillus thuringiensis FQ1 and the antioxidant responses in Pleurotus cornucopiae,,,Sichuan,HM+OP,7.42,,1.825,5,,,,,,,,,,,,,,,,,,,,1,0,1,10.1016/j.ecoenv.2015.06.028,Combined remediation of Cd–phenanthrene co-contaminated soil by Pleurotus cornucopiae and Bacillus thuringiensis FQ1 and the antioxidant responses in Pleurotus cornucopiae,real_model_ready,False
10.1016/j.ecoenv.2015.06.028,Combined remediation of Cd–phenanthrene co-contaminated soil by Pleurotus cornucopiae and Bacillus thuringiensis FQ1 and the antioxidant responses in Pleurotus cornucopiae,,,Sichuan,HM+OP,7.42,,1.825,10,,,,,,,,,,,,,,,,,,,,1,0,1,10.1016/j.ecoenv.2015.06.028,Combined remediation of Cd–phenanthrene co-contaminated soil by Pleurotus cornucopiae and Bacillus thuringiensis FQ1 and the antioxidant responses in Pleurotus cornucopiae,real_model_ready,False
10.1016/j.ecoenv.2015.06.028,Combined remediation of Cd–phenanthrene co-contaminated soil by Pleurotus cornucopiae and Bacillus thuringiensis FQ1 and the antioxidant responses in Pleurotus cornucopiae,,,Sichuan,HM+OP,7.42,,1.825,20,,,,,,,,,,,,,,,,,,,,1,0,1,10.1016/j.ecoenv.2015.06.028,Combined remediation of Cd–phenanthrene co-contaminated soil by Pleurotus cornucopiae and Bacillus thuringiensis FQ1 and the antioxidant responses in Pleurotus cornucopiae,real_model_ready,False
10.1016/j.ecoenv.2015.06.028,Combined remediation of Cd–phenanthrene co-contaminated soil by Pleurotus cornucopiae and Bacillus thuringiensis FQ1 and the antioxidant responses in Pleurotus cornucopiae,,,Sichuan,HM+OP,7.42,,1.825,0,,,,,,,,,,,,,,,,,,,,0,0,0,10.1016/j.ecoenv.2015.06.028,Combined remediation of Cd–phenanthrene co-contaminated soil by Pleurotus cornucopiae and Bacillus thuringiensis FQ1 and the antioxidant responses in Pleurotus cornucopiae,real_model_ready,False
10.1016/j.ecoenv.2015.06.028,Combined remediation of Cd–phenanthrene co-contaminated soil by Pleurotus cornucopiae and Bacillus thuringiensis FQ1 and the antioxidant responses in Pleurotus cornucopiae,,,Sichuan,HM+OP,7.42,,1.825,5,,,,,,,,,,,,,,,,,,,,1,0,1,10.1016/j.ecoenv.2015.06.028,Combined remediation of Cd–phenanthrene co-contaminated soil by Pleurotus cornucopiae and Bacillus thuringiensis FQ1 and the antioxidant responses in Pleurotus cornucopiae,real_model_ready,False
10.1016/j.ecoenv.2015.06.028,Combined remediation of Cd–phenanthrene co-contaminated soil by Pleurotus cornucopiae and Bacillus thuringiensis FQ1 and the antioxidant responses in Pleurotus cornucopiae,,,Sichuan,HM+OP,7.42,,1.825,10,,,,,,,,,,,,,,,,,,,,1,0,1,10.1016/j.ecoenv.2015.06.028,Combined remediation of Cd–phenanthrene co-contaminated soil by Pleurotus cornucopiae and Bacillus thuringiensis FQ1 and the antioxidant responses in Pleurotus cornucopiae,real_model_ready,False
10.1016/j.ecoenv.2015.06.028,Combined remediation of Cd–phenanthrene co-contaminated soil by Pleurotus cornucopiae and Bacillus thuringiensis FQ1 and the antioxidant responses in Pleurotus cornucopiae,,,Sichuan,HM+OP,7.42,,1.825,20,,,,,,,,,,,,,,,,,,,,1,0,1,10.1016/j.ecoenv.2015.06.028,Combined remediation of Cd–phenanthrene co-contaminated soil by Pleurotus cornucopiae and Bacillus thuringiensis FQ1 and the antioxidant responses in Pleurotus cornucopiae,real_model_ready,False
10.1016/j.ecoenv.2015.06.028,Combined remediation of Cd–phenanthrene co-contaminated soil by Pleurotus cornucopiae and Bacillus thuringiensis FQ1 and the antioxidant responses in Pleurotus cornucopiae,,,Sichuan,HM+OP,7.42,,1.825,0,,,,,,,,,,,,,,,,,,,,0,0,0,10.1016/j.ecoenv.2015.06.028,Combined remediation of Cd–phenanthrene co-contaminated soil by Pleurotus cornucopiae and Bacillus thuringiensis FQ1 and the antioxidant responses in Pleurotus cornucopiae,real_model_ready,False
10.1016/j.ecoenv.2015.06.028,Combined remediation of Cd–phenanthrene co-contaminated soil by Pleurotus cornucopiae and Bacillus thuringiensis FQ1 and the antioxidant responses in Pleurotus cornucopiae,,,Sichuan,HM+OP,7.42,,1.825,5,,,,,,,,,,,,,,,,,,,,1,0,1,10.1016/j.ecoenv.2015.06.028,Combined remediation of Cd–phenanthrene co-contaminated soil by Pleurotus cornucopiae and Bacillus thuringiensis FQ1 and the antioxidant responses in Pleurotus cornucopiae,real_model_ready,False
10.1016/j.ecoenv.2015.06.028,Combined remediation of Cd–phenanthrene co-contaminated soil by Pleurotus cornucopiae and Bacillus thuringiensis FQ1 and the antioxidant responses in Pleurotus cornucopiae,,,Sichuan,HM+OP,7.42,,1.825,10,,,,,,,,,,,,,,,,,,,,1,0,1,10.1016/j.ecoenv.2015.06.028,Combined remediation of Cd–phenanthrene co-contaminated soil by Pleurotus cornucopiae and Bacillus thuringiensis FQ1 and the antioxidant responses in Pleurotus cornucopiae,real_model_ready,False
10.1016/j.ecoenv.2015.06.028,Combined remediation of Cd–phenanthrene co-contaminated soil by Pleurotus cornucopiae and Bacillus thuringiensis FQ1 and the antioxidant responses in Pleurotus cornucopiae,,,Sichuan,HM+OP,7.42,,1.825,20,,,,,,,,,,,,,,,,,,,,1,0,1,10.1016/j.ecoenv.2015.06.028,Combined remediation of Cd–phenanthrene co-contaminated soil by Pleurotus cornucopiae and Bacillus thuringiensis FQ1 and the antioxidant responses in Pleurotus cornucopiae,real_model_ready,False
10.1016/j.ecoenv.2015.06.028,Combined remediation of Cd–phenanthrene co-contaminated soil by Pleurotus cornucopiae and Bacillus thuringiensis FQ1 and the antioxidant responses in Pleurotus cornucopiae,,,Sichuan,HM+OP,7.42,,1.825,0,,,,,,,,,,,,,,,,,,,,0,0,0,10.1016/j.ecoenv.2015.06.028,Combined remediation of Cd–phenanthrene co-contaminated soil by Pleurotus cornucopiae and Bacillus thuringiensis FQ1 and the antioxidant responses in Pleurotus cornucopiae,real_model_ready,False
10.1016/j.ecoenv.2015.06.028,Combined remediation of Cd–phenanthrene co-contaminated soil by Pleurotus cornucopiae and Bacillus thuringiensis FQ1 and the antioxidant responses in Pleurotus cornucopiae,,,Sichuan,HM+OP,7.42,,1.825,5,,,,,,,,,,,,,,,,,,,,1,0,1,10.1016/j.ecoenv.2015.06.028,Combined remediation of Cd–phenanthrene co-contaminated soil by Pleurotus cornucopiae and Bacillus thuringiensis FQ1 and the antioxidant responses in Pleurotus cornucopiae,real_model_ready,False
10.1016/j.ecoenv.2015.06.028,Combined remediation of Cd–phenanthrene co-contaminated soil by Pleurotus cornucopiae and Bacillus thuringiensis FQ1 and the antioxidant responses in Pleurotus cornucopiae,,,Sichuan,HM+OP,7.42,,1.825,10,,,,,,,,,,,,,,,,,,,,1,0,1,10.1016/j.ecoenv.2015.06.028,Combined remediation of Cd–phenanthrene co-contaminated soil by Pleurotus cornucopiae and Bacillus thuringiensis FQ1 and the antioxidant responses in Pleurotus cornucopiae,real_model_ready,False
10.1016/j.ecoenv.2015.06.028,Combined remediation of Cd–phenanthrene co-contaminated soil by Pleurotus cornucopiae and Bacillus thuringiensis FQ1 and the antioxidant responses in Pleurotus cornucopiae,,,Sichuan,HM+OP,7.42,,1.825,20,,,,,,,,,,,,,,,,,,,,1,0,1,10.1016/j.ecoenv.2015.06.028,Combined remediation of Cd–phenanthrene co-contaminated soil by Pleurotus cornucopiae and Bacillus thuringiensis FQ1 and the antioxidant responses in Pleurotus cornucopiae,real_model_ready,False
10.1016/j.envint.2005.07.003,Characteristics of soil organic matter (SOM) extracted using base with subsequent pH lowering and sequential pH extraction,,,,HM+OP,4.64,,,,,,,,,,,,,,,,,,,,,,,0,0,0,10.1016/j.envint.2005.07.003,Characteristics of soil organic matter (SOM) extracted using base with subsequent pH lowering and sequential pH extraction,real_model_ready,False
10.1016/j.envint.2005.07.003,Characteristics of soil organic matter (SOM) extracted using base with subsequent pH lowering and sequential pH extraction,,,,HM+OP,5.32,,,,,,,,,,,,,,,,,,,,,,,0,0,0,10.1016/j.envint.2005.07.003,Characteristics of soil organic matter (SOM) extracted using base with subsequent pH lowering and sequential pH extraction,real_model_ready,False
10.1016/j.envint.2005.07.003,Characteristics of soil organic matter (SOM) extracted using base with subsequent pH lowering and sequential pH extraction,,,,HM+OP,5.36,,,,,,,,,,,,,,,,,,,,,,,0,0,0,10.1016/j.envint.2005.07.003,Characteristics of soil organic matter (SOM) extracted using base with subsequent pH lowering and sequential pH extraction,real_model_ready,False
10.1016/j.envint.2005.07.003,Characteristics of soil organic matter (SOM) extracted using base with subsequent pH lowering and sequential pH extraction,,,,HM+OP,6.35,,,,,,,,,,,,,,,,,,,,,,,0,0,0,10.1016/j.envint.2005.07.003,Characteristics of soil organic matter (SOM) extracted using base with subsequent pH lowering and sequential pH extraction,real_model_ready,False
10.3389/fmicb.2025.1624164,p8_Li2025_Synergistic,23.13,113.26,Guangdong,HM+OP,5.9,,4.7,13.23,,,,,,,,,,,,,,,,,,,,1,0,1,10.3389/fmicb.2025.1624164,p8_Li2025_Synergistic,real_model_ready,False
10.3389/fmicb.2025.1624164,p8_Li2025_Synergistic,23.13,113.26,Guangdong,HM+OP,5.9,,4.7,13.71,,,,,,,,,,,,,,,,,,,,1,0,1,10.3389/fmicb.2025.1624164,p8_Li2025_Synergistic,real_model_ready,False
10.3389/fmicb.2025.1624164,p8_Li2025_Synergistic,23.13,113.26,Guangdong,HM+OP,5.9,,4.7,13.25,,,,,,,,,,,,,,,,,,,,1,0,1,10.3389/fmicb.2025.1624164,p8_Li2025_Synergistic,real_model_ready,False
10.3389/fmicb.2025.1624164,p8_Li2025_Synergistic,23.13,113.26,Guangdong,HM+OP,5.9,,4.7,12.93,,,,,,,,,,,,,,,,,,,,1,0,1,10.3389/fmicb.2025.1624164,p8_Li2025_Synergistic,real_model_ready,False
10.1080/15320383.2013.770444,p8_Liu2013_Alkyl,,,Shanghai,HM+OP,8.3,,,,500,,,,,,,,,,,,,,,,,,,1,0,1,10.1080/15320383.2013.770444,p8_Liu2013_Alkyl,real_model_ready,False
10.1080/15226514.2011.619227,p8_Unknown_Unknown_2011_10.1080-15226514.2011.619227,,,Zhejiang,HM+OP,4.56,,3.65,7.67,,,,,179,369,,,,,,323.0,,,,,,,,1,1,1,10.1080/15226514.2011.619227,p8_Unknown_Unknown_2011_10.1080-15226514.2011.619227,real_model_ready,False
10.1080/15226514.2011.619227,p8_Unknown_Unknown_2011_10.1080-15226514.2011.619227,,,Zhejiang,HM+OP,4.56,,3.65,8.46,,,,,468,159,,,,,,323.0,,,,,,,,1,1,1,10.1080/15226514.2011.619227,p8_Unknown_Unknown_2011_10.1080-15226514.2011.619227,real_model_ready,False
10.1080/15226514.2011.619227,p8_Unknown_Unknown_2011_10.1080-15226514.2011.619227,,,Zhejiang,HM+OP,4.56,,,,,,,,,,,,,,,49.1,,,,,,,,0,0,0,10.1080/15226514.2011.619227,p8_Unknown_Unknown_2011_10.1080-15226514.2011.619227,real_model_ready,False
10.1080/15226514.2011.619227,p8_Unknown_Unknown_2011_10.1080-15226514.2011.619227,,,Zhejiang,HM+OP,5.86,,,,,,,,,,,,,,,33.6,,,,,,,,0,0,0,10.1080/15226514.2011.619227,p8_Unknown_Unknown_2011_10.1080-15226514.2011.619227,real_model_ready,False
10.1080/15226514.2011.619227,p8_Unknown_Unknown_2011_10.1080-15226514.2011.619227,,,Zhejiang,HM+OP,5.86,,,,,,,,,,,,,,,34.9,,,,,,,,0,0,0,10.1080/15226514.2011.619227,p8_Unknown_Unknown_2011_10.1080-15226514.2011.619227,real_model_ready,False
10.1080/15226514.2011.619227,p8_Unknown_Unknown_2011_10.1080-15226514.2011.619227,,,Zhejiang,HM+OP,4.56,,,,,,,,,,,,,,,49.7,,,,,,,,0,0,0,10.1080/15226514.2011.619227,p8_Unknown_Unknown_2011_10.1080-15226514.2011.619227,real_model_ready,False
10.1080/15226514.2011.619227,p8_Unknown_Unknown_2011_10.1080-15226514.2011.619227,,,Zhejiang,HM+OP,4.56,,,,,,,,,,,,,,,57.5,,,,,,,,0,0,0,10.1080/15226514.2011.619227,p8_Unknown_Unknown_2011_10.1080-15226514.2011.619227,real_model_ready,False
10.1080/15226514.2011.619227,p8_Unknown_Unknown_2011_10.1080-15226514.2011.619227,,,Zhejiang,HM+OP,4.56,,,,,,,,,,,,,,,46.2,,,,,,,,0,0,0,10.1080/15226514.2011.619227,p8_Unknown_Unknown_2011_10.1080-15226514.2011.619227,real_model_ready,False
10.1080/15226514.2011.619227,p8_Unknown_Unknown_2011_10.1080-15226514.2011.619227,,,Zhejiang,HM+OP,4.56,,,,,,,,,,,,,,,159.0,,,,,,,,0,0,0,10.1080/15226514.2011.619227,p8_Unknown_Unknown_2011_10.1080-15226514.2011.619227,real_model_ready,False
10.1080/15226514.2011.619227,p8_Unknown_Unknown_2011_10.1080-15226514.2011.619227,,,Zhejiang,HM+OP,5.66,,,,,,,,,,,,,,,119.0,,,,,,,,0,0,0,10.1080/15226514.2011.619227,p8_Unknown_Unknown_2011_10.1080-15226514.2011.619227,real_model_ready,False
10.1080/15226514.2011.619227,p8_Unknown_Unknown_2011_10.1080-15226514.2011.619227,,,Zhejiang,HM+OP,5.66,,,,,,,,,,,,,,,110.0,,,,,,,,0,0,0,10.1080/15226514.2011.619227,p8_Unknown_Unknown_2011_10.1080-15226514.2011.619227,real_model_ready,False
10.1080/15226514.2011.619227,p8_Unknown_Unknown_2011_10.1080-15226514.2011.619227,,,Zhejiang,HM+OP,5.66,,,,,,,,,,,,,,,95.1,,,,,,,,0,0,0,10.1080/15226514.2011.619227,p8_Unknown_Unknown_2011_10.1080-15226514.2011.619227,real_model_ready,False
10.1080/15226514.2011.619227,p8_Unknown_Unknown_2011_10.1080-15226514.2011.619227,,,Zhejiang,HM+OP,5.66,,,,,,,,,,,,,,,68.1,,,,,,,,0,0,0,10.1080/15226514.2011.619227,p8_Unknown_Unknown_2011_10.1080-15226514.2011.619227,real_model_ready,False
10.1080/15226514.2011.619227,p8_Unknown_Unknown_2011_10.1080-15226514.2011.619227,,,Zhejiang,HM+OP,5.66,,,,,,,,,,,,,,,62.2,,,,,,,,0,0,0,10.1080/15226514.2011.619227,p8_Unknown_Unknown_2011_10.1080-15226514.2011.619227,real_model_ready,False
10.1016/j.chemosphere.2005.01.011,"Contents and sources of polycyclic aromatic hydrocarbons and organochlorine pesticides in vegetable soils of Guangzhou, China",,,Guangdong,HM+OP,,,,,,,,,,,,,,,,,,,,,,,,0,0,0,10.1016/j.chemosphere.2005.01.011,"Contents and sources of polycyclic aromatic hydrocarbons and organochlorine pesticides in vegetable soils of Guangzhou, China",real_model_ready,False
10.1016/j.envpol.2025.126365//1-s2.0-S0269749125007389-mmc1,SI_10.1016_j.envpol.2025.126365__1-s2.0-S0269749125007389-mmc1,,,,HM+OP,7.38,,,,,23.84,,,,,,,,,,,,,,,,,,0,0,0,10.1016/j.envpol.2025.126365//1-s2.0-S0269749125007389-mmc1,SI_10.1016_j.envpol.2025.126365__1-s2.0-S0269749125007389-mmc1,real_model_ready,False
10.1016/j.jhazmat.2025.140371//1-s2.0-S0304389425032911-mmc1,SI_10.1016_j.jhazmat.2025.140371__1-s2.0-S0304389425032911-mmc1,,,Guizhou,HM+OP,,,,14.459,,,,6.462,,807.772,,49.467,0.716,,,,,,,,,,,1,1,1,10.1016/j.jhazmat.2025.140371//1-s2.0-S0304389425032911-mmc1,SI_10.1016_j.jhazmat.2025.140371__1-s2.0-S0304389425032911-mmc1,real_model_ready,False
10.3390/agriculture10020047//He,SI_10.3390_agriculture10020047__He H Shi L Yang G et al_Agriculture_2020_10_3390-agriculture10020047,24.9997,117.8725,Fujian,HM+OP,3.63,,,0.015,35.3,4.01,15.7,0.054,5.7,40.4,5.8,,,,,,0.4,,,,,,,0,0,0,10.3390/agriculture10020047//He,SI_10.3390_agriculture10020047__He H Shi L Yang G et al_Agriculture_2020_10_3390-agriculture10020047,real_model_ready,False
10.3390/molecules26082169//Yin,SI_10.3390_molecules26082169__Yin H Ma J Li Z et al_Molecules_2021_10_3390-molecules26082169,,,Shandong,HM+OP,,,,0.12,33.4,20,104.0,0.04,27.9,54,38.9,,,,,,,,9.23,,,,,0,0,0,10.3390/molecules26082169//Yin,SI_10.3390_molecules26082169__Yin H Ma J Li Z et al_Molecules_2021_10_3390-molecules26082169,real_model_ready,False
10.3390/molecules26082169//Yin,SI_10.3390_molecules26082169__Yin H Ma J Li Z et al_Molecules_2021_10_3390-molecules26082169,,,Shandong,HM+OP,,,,0.42,62.3,12,144.0,0.76,41.6,223,40.7,,,,,,,,11.6,,,,,1,0,1,10.3390/molecules26082169//Yin,SI_10.3390_molecules26082169__Yin H Ma J Li Z et al_Molecules_2021_10_3390-molecules26082169,real_model_ready,False
10.1016/j.envpol.2021.118614/mmc1,SI_elsevier_10.1016_j.envpol.2021.118614_mmc1,18.2958,109.4808,Hainan,HM+OP,,,,,12.46,0.4,20.06,,2.81,40.37,3.39,265.0,,,,10.449,,,,,,,,0,0,0,10.1016/j.envpol.2021.118614/mmc1,SI_elsevier_10.1016_j.envpol.2021.118614_mmc1,real_model_ready,False
10.1016/j.envpol.2021.118614/mmc1,SI_elsevier_10.1016_j.envpol.2021.118614_mmc1,18.2886,109.4836,Hainan,HM+OP,,,,,7.14,2.77,17.33,,0.11,25.63,0.84,6487.0,,,,18.368,,,,,,,,1,1,1,10.1016/j.envpol.2021.118614/mmc1,SI_elsevier_10.1016_j.envpol.2021.118614_mmc1,real_model_ready,False
10.1016/j.envpol.2021.118614/mmc1,SI_elsevier_10.1016_j.envpol.2021.118614_mmc1,18.2811,109.4872,Hainan,HM+OP,,,,,11.63,1.87,13.04,,1.62,32.06,0.2,6735.0,,,,40.622,,,,,,,,1,1,1,10.1016/j.envpol.2021.118614/mmc1,SI_elsevier_10.1016_j.envpol.2021.118614_mmc1,real_model_ready,False
10.1016/j.envpol.2021.118614/mmc1,SI_elsevier_10.1016_j.envpol.2021.118614_mmc1,18.265,109.4961,Hainan,HM+OP,,,,,17.14,2.86,14.43,,2.04,43.31,0.1,4794.0,,,,49.844,,,,,,,,1,1,1,10.1016/j.envpol.2021.118614/mmc1,SI_elsevier_10.1016_j.envpol.2021.118614_mmc1,real_model_ready,False
10.1016/j.envpol.2021.118614/mmc1,SI_elsevier_10.1016_j.envpol.2021.118614_mmc1,18.2564,109.5069,Hainan,HM+OP,,,,,15.05,6.76,89.09,,16.9,64.31,28.5,2296.0,,,,51.827,,,,,,,,1,1,1,10.1016/j.envpol.2021.118614/mmc1,SI_elsevier_10.1016_j.envpol.2021.118614_mmc1,real_model_ready,False
10.1016/j.envpol.2021.118614/mmc1,SI_elsevier_10.1016_j.envpol.2021.118614_mmc1,18.2564,109.5047,Hainan,HM+OP,,,,,19.32,2.91,42.17,,17.42,84.62,13.01,1655.0,,,,57.928,,,,,,,,1,1,1,10.1016/j.envpol.2021.118614/mmc1,SI_elsevier_10.1016_j.envpol.2021.118614_mmc1,real_model_ready,False
10.1016/j.envpol.2021.118614/mmc1,SI_elsevier_10.1016_j.envpol.2021.118614_mmc1,18.2456,109.5056,Hainan,HM+OP,,,,,16.38,3.68,59.56,,19.23,92.5,13.16,1659.0,,,,46.564,,,,,,,,1,1,1,10.1016/j.envpol.2021.118614/mmc1,SI_elsevier_10.1016_j.envpol.2021.118614_mmc1,real_model_ready,False
10.1016/j.envpol.2021.118614/mmc1,SI_elsevier_10.1016_j.envpol.2021.118614_mmc1,18.2361,109.5078,Hainan,HM+OP,,,,,21.1,4.71,229.59,,21.96,67.54,62.64,1474.0,,,,66.205,,,,,,,,1,1,1,10.1016/j.envpol.2021.118614/mmc1,SI_elsevier_10.1016_j.envpol.2021.118614_mmc1,real_model_ready,False
10.1016/j.envpol.2021.118614/mmc1,SI_elsevier_10.1016_j.envpol.2021.118614_mmc1,18.2969,109.5356,Hainan,HM+OP,,,,,16.72,1.56,191.42,,21.17,90.75,55.32,2776.0,,,,35.746,,,,,,,,1,1,1,10.1016/j.envpol.2021.118614/mmc1,SI_elsevier_10.1016_j.envpol.2021.118614_mmc1,real_model_ready,False
10.1016/j.envpol.2021.118614/mmc1,SI_elsevier_10.1016_j.envpol.2021.118614_mmc1,18.2919,109.5353,Hainan,HM+OP,,,,,26.11,1.03,50.35,,20.74,135.59,14.44,1862.0,,,,92.746,,,,,,,,1,1,1,10.1016/j.envpol.2021.118614/mmc1,SI_elsevier_10.1016_j.envpol.2021.118614_mmc1,real_model_ready,False
10.1016/j.envpol.2021.118614/mmc1,SI_elsevier_10.1016_j.envpol.2021.118614_mmc1,18.2842,109.5211,Hainan,HM+OP,,,,,26.82,5.3,19.32,,11.13,81.09,3.52,1590.0,,,,88.25,,,,,,,,1,1,1,10.1016/j.envpol.2021.118614/mmc1,SI_elsevier_10.1016_j.envpol.2021.118614_mmc1,real_model_ready,False
10.1016/j.envpol.2021.118614/mmc1,SI_elsevier_10.1016_j.envpol.2021.118614_mmc1,18.2825,109.5208,Hainan,HM+OP,,,,,32.57,5.25,23.19,,15.5,84.85,10.6,1949.0,,,,61.937,,,,,,,,1,1,1,10.1016/j.envpol.2021.118614/mmc1,SI_elsevier_10.1016_j.envpol.2021.118614_mmc1,real_model_ready,False
10.1016/j.envpol.2021.118614/mmc1,SI_elsevier_10.1016_j.envpol.2021.118614_mmc1,18.28,109.5178,Hainan,HM+OP,,,,,35.21,7.69,64.99,,18.57,109.65,12.51,2931.0,,,,53.178,,,,,,,,1,1,1,10.1016/j.envpol.2021.118614/mmc1,SI_elsevier_10.1016_j.envpol.2021.118614_mmc1,real_model_ready,False
10.1016/j.envpol.2021.118614/mmc1,SI_elsevier_10.1016_j.envpol.2021.118614_mmc1,18.2742,109.5158,Hainan,HM+OP,,,,,22.61,6.1,8.5,,7.47,103.54,0.1,2042.0,,,,12.175,,,,,,,,1,1,1,10.1016/j.envpol.2021.118614/mmc1,SI_elsevier_10.1016_j.envpol.2021.118614_mmc1,real_model_ready,False
10.1016/j.envpol.2021.118614/mmc1,SI_elsevier_10.1016_j.envpol.2021.118614_mmc1,18.2708,109.5303,Hainan,HM+OP,,,,,23.7,1.56,71.07,,31.73,59.28,24.15,3841.0,,,,7.241,,,,,,,,1,1,1,10.1016/j.envpol.2021.118614/mmc1,SI_elsevier_10.1016_j.envpol.2021.118614_mmc1,real_model_ready,False
10.1016/j.envpol.2021.118614/mmc1,SI_elsevier_10.1016_j.envpol.2021.118614_mmc1,18.2633,109.5064,Hainan,HM+OP,,,,,17.33,0.81,9.36,,10.2,73.53,0.1,1435.0,,,,4.545,,,,,,,,1,1,1,10.1016/j.envpol.2021.118614/mmc1,SI_elsevier_10.1016_j.envpol.2021.118614_mmc1,real_model_ready,False
10.1016/j.envpol.2021.118614/mmc1,SI_elsevier_10.1016_j.envpol.2021.118614_mmc1,18.2606,109.5064,Hainan,HM+OP,,,,,23.37,3.35,85.55,,15.94,90.64,19.55,4252.0,,,,4.119,,,,,,,,1,1,1,10.1016/j.envpol.2021.118614/mmc1,SI_elsevier_10.1016_j.envpol.2021.118614_mmc1,real_model_ready,False
10.1016/j.envpol.2021.118614/mmc1,SI_elsevier_10.1016_j.envpol.2021.118614_mmc1,18.255,109.5136,Hainan,HM+OP,,,,,27.99,5.22,44.77,,19.53,153.81,6.07,2233.0,,,,2.978,,,,,,,,1,1,1,10.1016/j.envpol.2021.118614/mmc1,SI_elsevier_10.1016_j.envpol.2021.118614_mmc1,real_model_ready,False
10.1016/j.envpol.2021.118614/mmc1,SI_elsevier_10.1016_j.envpol.2021.118614_mmc1,18.2469,109.5131,Hainan,HM+OP,,,,,6.56,1.31,41.97,,7.46,353.86,7.62,2275.0,,,,2.084,,,,,,,,1,1,1,10.1016/j.envpol.2021.118614/mmc1,SI_elsevier_10.1016_j.envpol.2021.118614_mmc1,real_model_ready,False
10.1016/j.envpol.2021.118614/mmc1,SI_elsevier_10.1016_j.envpol.2021.118614_mmc1,18.235,109.5117,Hainan,HM+OP,,,,,11.99,1.84,9.06,,11.15,76.82,0.13,1393.0,,,,1.748,,,,,,,,1,1,1,10.1016/j.envpol.2021.118614/mmc1,SI_elsevier_10.1016_j.envpol.2021.118614_mmc1,real_model_ready,False
10.1016/j.jhazmat.2025.140371/mmc1,SI_elsevier_10.1016_j.jhazmat.2025.140371_mmc1,,,Guizhou,HM+OP,,,,15.931,,,,21.517,,917.249,,61.471,0.716,,,,,,,,,,,1,1,1,10.1016/j.jhazmat.2025.140371/mmc1,SI_elsevier_10.1016_j.jhazmat.2025.140371_mmc1,real_model_ready,False
10.1016/j.envpol.2022.118925/1-s2.0-S0269749122001397-mmc1,SI_fullpdf_10.1016_j.envpol.2022.118925_1-s2.0-S0269749122001397-mmc1,,,Shanxi,HM+OP,,,,0.21,24.85,14.16,72.67,0.12,30.18,86.14,32.7,,37.93,,,,,,,,,,,0,0,0,10.1016/j.envpol.2022.118925/1-s2.0-S0269749122001397-mmc1,SI_fullpdf_10.1016_j.envpol.2022.118925_1-s2.0-S0269749122001397-mmc1,real_model_ready,False
10.1016/j.envpol.2022.118925/1-s2.0-S0269749122001397-mmc1,SI_fullpdf_10.1016_j.envpol.2022.118925_1-s2.0-S0269749122001397-mmc1,,,Shanxi,HM+OP,,,,0.19,23.05,13.89,70.23,0.13,30.04,79.36,32.11,,67.09,,,,,,,,,,,0,0,0,10.1016/j.envpol.2022.118925/1-s2.0-S0269749122001397-mmc1,SI_fullpdf_10.1016_j.envpol.2022.118925_1-s2.0-S0269749122001397-mmc1,real_model_ready,False
10.1016/j.envres.2025.122748/1-s2.0-S0013935125020006-mmc1,SI_fullpdf_10.1016_j.envres.2025.122748_1-s2.0-S0013935125020006-mmc1,,,,HM+OP,8.19,,,0.24,19.22,10.96,104.01,,95.09,728.01,,44.3733,3.65,,,,,,,,,,,1,0,1,10.1016/j.envres.2025.122748/1-s2.0-S0013935125020006-mmc1,SI_fullpdf_10.1016_j.envres.2025.122748_1-s2.0-S0013935125020006-mmc1,real_model_ready,False
10.1016/j.scitotenv.2019.03.178/1-s2.0-S0048969719311660-mmc1,SI_fullpdf_10.1016_j.scitotenv.2019.03.178_1-s2.0-S0048969719311660-mmc1,,,Guangdong,HM+OP,6.32,,,5.3,1001.33,70.35,276.75,,1207.33,,294.83,,,,,,,,10354.07,,,,,1,1,1,10.1016/j.scitotenv.2019.03.178/1-s2.0-S0048969719311660-mmc1,SI_fullpdf_10.1016_j.scitotenv.2019.03.178_1-s2.0-S0048969719311660-mmc1,real_model_ready,False
10.1016/j.scitotenv.2019.03.178/1-s2.0-S0048969719311660-mmc1,SI_fullpdf_10.1016_j.scitotenv.2019.03.178_1-s2.0-S0048969719311660-mmc1,,,Guangdong,HM+OP,5.78,,,2.89,389.55,10.13,46.75,,158.71,,22.22,,,,,,,,1604.53,,,,,1,0,1,10.1016/j.scitotenv.2019.03.178/1-s2.0-S0048969719311660-mmc1,SI_fullpdf_10.1016_j.scitotenv.2019.03.178_1-s2.0-S0048969719311660-mmc1,real_model_ready,False
10.1016/j.scitotenv.2019.03.178/1-s2.0-S0048969719311660-mmc1,SI_fullpdf_10.1016_j.scitotenv.2019.03.178_1-s2.0-S0048969719311660-mmc1,,,Guangdong,HM+OP,6.41,,,1.5,231.8,10.37,48.33,,527.25,,51.3,,,,,,,,36248.69,,,,,1,0,1,10.1016/j.scitotenv.2019.03.178/1-s2.0-S0048969719311660-mmc1,SI_fullpdf_10.1016_j.scitotenv.2019.03.178_1-s2.0-S0048969719311660-mmc1,real_model_ready,False
10.1016/j.pedsph.2023.06.001,"Co-occurrence of per- and polyfluoroalkyl substances, heavy metals and polycyclic aromatic hydrocarbons and their composite impacts on microbial consortium in soil: A field study",,,Zhejiang,HM+OP,,,,,,,,,,,,,,,,,,,,19.79,,,,0,0,0,10.1016/j.pedsph.2023.06.001,"Co-occurrence of per- and polyfluoroalkyl substances, heavy metals and polycyclic aromatic hydrocarbons and their composite impacts on microbial consortium in soil: A field study",real_model_ready,False
10.1016/j.jclepro.2022.135417,"Impact of co-contamination by PAHs and heavy metals on micro-ecosystem in bioretention systems with soil, sand, and water treatment residuals",,,Shaanxi,HM+OP,,,,,,,,,,,,,,,,,,,,,,,,0,0,0,10.1016/j.jclepro.2022.135417,"Impact of co-contamination by PAHs and heavy metals on micro-ecosystem in bioretention systems with soil, sand, and water treatment residuals",real_model_ready,False
10.1016/j.jclepro.2022.135417,"Impact of co-contamination by PAHs and heavy metals on micro-ecosystem in bioretention systems with soil, sand, and water treatment residuals",,,Shaanxi,HM+OP,,,,,,,,,,,,,,,,,,,,,,,,0,0,0,10.1016/j.jclepro.2022.135417,"Impact of co-contamination by PAHs and heavy metals on micro-ecosystem in bioretention systems with soil, sand, and water treatment residuals",real_model_ready,False
10.1016/j.jclepro.2022.135417,"Impact of co-contamination by PAHs and heavy metals on micro-ecosystem in bioretention systems with soil, sand, and water treatment residuals",,,Shaanxi,HM+OP,,,,,,,,,,,,,,,,,,,,,,,,0,0,0,10.1016/j.jclepro.2022.135417,"Impact of co-contamination by PAHs and heavy metals on micro-ecosystem in bioretention systems with soil, sand, and water treatment residuals",real_model_ready,False
10.1016/j.jclepro.2022.135417,"Impact of co-contamination by PAHs and heavy metals on micro-ecosystem in bioretention systems with soil, sand, and water treatment residuals",,,Shaanxi,HM+OP,,,,,,,,,,,,,,,,,,,,,,,,0,0,0,10.1016/j.jclepro.2022.135417,"Impact of co-contamination by PAHs and heavy metals on micro-ecosystem in bioretention systems with soil, sand, and water treatment residuals",real_model_ready,False
10.1016/j.jclepro.2022.135417,"Impact of co-contamination by PAHs and heavy metals on micro-ecosystem in bioretention systems with soil, sand, and water treatment residuals",,,Shaanxi,HM+OP,,,,,,,,,,,,,,,,,,,,,,,,0,0,0,10.1016/j.jclepro.2022.135417,"Impact of co-contamination by PAHs and heavy metals on micro-ecosystem in bioretention systems with soil, sand, and water treatment residuals",real_model_ready,False
10.1016/j.jclepro.2022.135417,"Impact of co-contamination by PAHs and heavy metals on micro-ecosystem in bioretention systems with soil, sand, and water treatment residuals",,,Shaanxi,HM+OP,,,,,,,,,,,,,,,,,,,,,,,,0,0,0,10.1016/j.jclepro.2022.135417,"Impact of co-contamination by PAHs and heavy metals on micro-ecosystem in bioretention systems with soil, sand, and water treatment residuals",real_model_ready,False
10.1016/j.jclepro.2022.135417,"Impact of co-contamination by PAHs and heavy metals on micro-ecosystem in bioretention systems with soil, sand, and water treatment residuals",,,Shaanxi,HM+OP,,,,0.155,,,,,,,,,,,,,,,,,,,,0,0,0,10.1016/j.jclepro.2022.135417,"Impact of co-contamination by PAHs and heavy metals on micro-ecosystem in bioretention systems with soil, sand, and water treatment residuals",real_model_ready,False
10.1016/j.jclepro.2022.135417,"Impact of co-contamination by PAHs and heavy metals on micro-ecosystem in bioretention systems with soil, sand, and water treatment residuals",,,Shaanxi,HM+OP,,,,0.155,,,,,,,,,,,,,,,,,,,,0,0,0,10.1016/j.jclepro.2022.135417,"Impact of co-contamination by PAHs and heavy metals on micro-ecosystem in bioretention systems with soil, sand, and water treatment residuals",real_model_ready,False
10.1016/j.jhazmat.2021.128096,Amendments and bioaugmentation enhanced phytoremediation and micro-ecology for PAHs and heavy metals co-contaminated soils,36.7167,117.1667,Shandong,HM+OP,7.3,,3.29,8.6,441.4,,,,,326.5,,,,,,,,,,,,,,1,0,1,10.1016/j.jhazmat.2021.128096,Amendments and bioaugmentation enhanced phytoremediation and micro-ecology for PAHs and heavy metals co-contaminated soils,real_model_ready,False
10.1016/j.jhazmat.2021.128096,Amendments and bioaugmentation enhanced phytoremediation and micro-ecology for PAHs and heavy metals co-contaminated soils,36.7167,117.1667,Shandong,HM+OP,7.3,,3.29,6.5,201.6,,,,,153.1,,,,,,,,,,,,,,1,0,1,10.1016/j.jhazmat.2021.128096,Amendments and bioaugmentation enhanced phytoremediation and micro-ecology for PAHs and heavy metals co-contaminated soils,real_model_ready,False
10.1016/j.chemosphere.2022.133654,Effect of nitrilotriacetic acid and tea saponin on the phytoremediation of Ni by Sudan grass (Sorghum sudanense (Piper) Stapf.) in Ni-pyrene contaminated soil,31.5333,121.6667,Shanghai,HM+OP,8.3,,,,,,,,,,252.09,,,,,,,,,,,,,1,0,1,10.1016/j.chemosphere.2022.133654,Effect of nitrilotriacetic acid and tea saponin on the phytoremediation of Ni by Sudan grass (Sorghum sudanense (Piper) Stapf.) in Ni-pyrene contaminated soil,real_model_ready,False
10.1016/j.chemosphere.2022.133654,Effect of nitrilotriacetic acid and tea saponin on the phytoremediation of Ni by Sudan grass (Sorghum sudanense (Piper) Stapf.) in Ni-pyrene contaminated soil,31.5333,121.6667,Shanghai,HM+OP,8.3,,,,,,,,,,239.79,,,,,,,,,,,,,1,0,1,10.1016/j.chemosphere.2022.133654,Effect of nitrilotriacetic acid and tea saponin on the phytoremediation of Ni by Sudan grass (Sorghum sudanense (Piper) Stapf.) in Ni-pyrene contaminated soil,real_model_ready,False
10.1016/j.chemosphere.2022.136788,"The characteristics of polycyclic aromatic hydrocarbons and heavy metals in water and sediment of dajiuhu subalpine wetland, shennongjia, central China, 2018–2020: Insights for sources, sediment-water exchange, and ecological risk",,,Hubei,HM+OP,,,,,,,,,,,,,,,,,,,,,,,,0,0,0,10.1016/j.chemosphere.2022.136788,"The characteristics of polycyclic aromatic hydrocarbons and heavy metals in water and sediment of dajiuhu subalpine wetland, shennongjia, central China, 2018–2020: Insights for sources, sediment-water exchange, and ecological risk",real_model_ready,False
10.1016/j.chemosphere.2022.136788,"The characteristics of polycyclic aromatic hydrocarbons and heavy metals in water and sediment of dajiuhu subalpine wetland, shennongjia, central China, 2018–2020: Insights for sources, sediment-water exchange, and ecological risk",,,Hubei,HM+OP,,,,,,,,,,,,,,,,,,,,,,,,0,0,0,10.1016/j.chemosphere.2022.136788,"The characteristics of polycyclic aromatic hydrocarbons and heavy metals in water and sediment of dajiuhu subalpine wetland, shennongjia, central China, 2018–2020: Insights for sources, sediment-water exchange, and ecological risk",real_model_ready,False
10.1016/j.chemosphere.2022.136788,"The characteristics of polycyclic aromatic hydrocarbons and heavy metals in water and sediment of dajiuhu subalpine wetland, shennongjia, central China, 2018–2020: Insights for sources, sediment-water exchange, and ecological risk",,,Hubei,HM+OP,,,,,,,,,,,,,,,,,,,,,,,,0,0,0,10.1016/j.chemosphere.2022.136788,"The characteristics of polycyclic aromatic hydrocarbons and heavy metals in water and sediment of dajiuhu subalpine wetland, shennongjia, central China, 2018–2020: Insights for sources, sediment-water exchange, and ecological risk",real_model_ready,False
10.1016/j.chemosphere.2022.136788,"The characteristics of polycyclic aromatic hydrocarbons and heavy metals in water and sediment of dajiuhu subalpine wetland, shennongjia, central China, 2018–2020: Insights for sources, sediment-water exchange, and ecological risk",,,Hubei,HM+OP,,,,,,,,,,,,,,,,,,,,,,,,0,0,0,10.1016/j.chemosphere.2022.136788,"The characteristics of polycyclic aromatic hydrocarbons and heavy metals in water and sediment of dajiuhu subalpine wetland, shennongjia, central China, 2018–2020: Insights for sources, sediment-water exchange, and ecological risk",real_model_ready,False
10.1016/j.chemosphere.2022.136788,"The characteristics of polycyclic aromatic hydrocarbons and heavy metals in water and sediment of dajiuhu subalpine wetland, shennongjia, central China, 2018–2020: Insights for sources, sediment-water exchange, and ecological risk",,,Hubei,HM+OP,,,,,,,,,,,,,,,,,,,,,,,,0,0,0,10.1016/j.chemosphere.2022.136788,"The characteristics of polycyclic aromatic hydrocarbons and heavy metals in water and sediment of dajiuhu subalpine wetland, shennongjia, central China, 2018–2020: Insights for sources, sediment-water exchange, and ecological risk",real_model_ready,False
10.1016/j.chemosphere.2022.136788,"The characteristics of polycyclic aromatic hydrocarbons and heavy metals in water and sediment of dajiuhu subalpine wetland, shennongjia, central China, 2018–2020: Insights for sources, sediment-water exchange, and ecological risk",,,Hubei,HM+OP,,,,,,,,,,,,,,,,,,,,,,,,0,0,0,10.1016/j.chemosphere.2022.136788,"The characteristics of polycyclic aromatic hydrocarbons and heavy metals in water and sediment of dajiuhu subalpine wetland, shennongjia, central China, 2018–2020: Insights for sources, sediment-water exchange, and ecological risk",real_model_ready,False
10.1016/j.ecoenv.2024.116965,"Spatial interaction and risk zoning of compound pollutants in farmland soils: Insights from heavy metals and polycyclic aromatic hydrocarbons in Hezhang County, China",,,Guizhou,HM+OP,,,,3.3,632,194,112.0,0.21,164,1110,64,267.0,,,,,,,,,,172.4,94.1,1,1,1,10.1016/j.ecoenv.2024.116965,"Spatial interaction and risk zoning of compound pollutants in farmland soils: Insights from heavy metals and polycyclic aromatic hydrocarbons in Hezhang County, China",real_model_ready,False
10.1016/j.envpol.2013.11.003,p7new_10.1016_j.envpol.2013.11.003,28.5254,121.3681,Zhejiang,HM+OP,,,,42.3,6082.9,36.6,771.5,4.1,2364.2,5995.6,,,,,,,,,,,,,,1,1,1,10.1016/j.envpol.2013.11.003,p7new_10.1016_j.envpol.2013.11.003,real_model_ready,False
10.1016/j.envpol.2013.11.003,p7new_10.1016_j.envpol.2013.11.003,28.5254,121.3681,Zhejiang,HM+OP,,,,2.2,167.4,5.3,69.5,0.8,157.3,275.5,,,,,,,,,,,,,,1,0,1,10.1016/j.envpol.2013.11.003,p7new_10.1016_j.envpol.2013.11.003,real_model_ready,False
10.1016/j.envpol.2022.118925,"Spatial clustering and source-specific risk of combined pollutants in soils from an industrial area in Shanxi Province, China",,,Shanxi,HM+OP,,,,,,,,,,,,,,,,,,,,,,631.0,161.59,0,0,0,10.1016/j.envpol.2022.118925,"Spatial clustering and source-specific risk of combined pollutants in soils from an industrial area in Shanxi Province, China",real_model_ready,False
10.1016/j.jhazmat.2022.129727,Effects of combined pollution of organic pollutants and heavy metals on biodiversity and soil multifunctionality in e-waste contaminated soil,,,Zhejiang,HM+OP,,,,7.45,362.7,,,,863.6,1153.75,,,,,,460.8,,,,,,,,1,1,1,10.1016/j.jhazmat.2022.129727,Effects of combined pollution of organic pollutants and heavy metals on biodiversity and soil multifunctionality in e-waste contaminated soil,real_model_ready,False
10.1016/j.jhazmat.2023.130934,p7new_10.1016_j.jhazmat.2023.130934,,,,HM+OP,,,,0.93,44.46,9.81,,,,,,,,,,,,,,,,,,1,0,1,10.1016/j.jhazmat.2023.130934,p7new_10.1016_j.jhazmat.2023.130934,real_model_ready,False
10.1016/j.jhazmat.2024.136500,"A spatial source-oriented and probability-based risk-assessment framework for heavy metal and PAH contamination of urban soils in Guangzhou, China",,,Guangdong,HM+OP,,,,1.46,68.6,18.2,98.3,0.44,64.2,257.3,26.5,,,,,,,,,,,,,1,0,1,10.1016/j.jhazmat.2024.136500,"A spatial source-oriented and probability-based risk-assessment framework for heavy metal and PAH contamination of urban soils in Guangzhou, China",real_model_ready,False
10.1038/s41598-017-12437-w,p7new_10.1038_s41598-017-12437-w,43.678133,122.405617,Inner Mongolia,HM+OP,8.43,,,,10.5,,37.14,,12.55,52.18,14.67,294.03,,,,,,,,,,,,0,0,0,10.1038/s41598-017-12437-w,p7new_10.1038_s41598-017-12437-w,real_model_ready,False
10.1038/s41598-017-12437-w,p7new_10.1038_s41598-017-12437-w,43.678483,122.408617,Inner Mongolia,HM+OP,8.43,,,,10.5,,37.14,,12.55,52.18,14.67,294.03,,,,,,,,,,,,0,0,0,10.1038/s41598-017-12437-w,p7new_10.1038_s41598-017-12437-w,real_model_ready,False
10.1038/s41598-017-12437-w,p7new_10.1038_s41598-017-12437-w,43.678583,122.4112,Inner Mongolia,HM+OP,8.43,,,,10.5,,37.14,,12.55,52.18,14.67,294.03,,,,,,,,,,,,0,0,0,10.1038/s41598-017-12437-w,p7new_10.1038_s41598-017-12437-w,real_model_ready,False
10.1038/s41598-017-12437-w,p7new_10.1038_s41598-017-12437-w,43.68445,122.275183,Inner Mongolia,HM+OP,8.43,,,,10.5,,37.14,,12.55,52.18,14.67,294.03,,,,,,,,,,,,0,0,0,10.1038/s41598-017-12437-w,p7new_10.1038_s41598-017-12437-w,real_model_ready,False
10.1038/s41598-017-12437-w,p7new_10.1038_s41598-017-12437-w,43.681983,122.274933,Inner Mongolia,HM+OP,8.43,,,,10.5,,37.14,,12.55,52.18,14.67,294.03,,,,,,,,,,,,0,0,0,10.1038/s41598-017-12437-w,p7new_10.1038_s41598-017-12437-w,real_model_ready,False
10.1038/s41598-017-12437-w,p7new_10.1038_s41598-017-12437-w,43.682233,122.277467,Inner Mongolia,HM+OP,8.43,,,,10.5,,37.14,,12.55,52.18,14.67,294.03,,,,,,,,,,,,0,0,0,10.1038/s41598-017-12437-w,p7new_10.1038_s41598-017-12437-w,real_model_ready,False
10.1038/s41598-017-12437-w,p7new_10.1038_s41598-017-12437-w,43.508767,122.391717,Inner Mongolia,HM+OP,8.43,,,,10.5,,37.14,,12.55,52.18,14.67,294.03,,,,,,,,,,,,0,0,0,10.1038/s41598-017-12437-w,p7new_10.1038_s41598-017-12437-w,real_model_ready,False
10.1038/s41598-017-12437-w,p7new_10.1038_s41598-017-12437-w,43.667267,122.406017,Inner Mongolia,HM+OP,8.44,,,,12.38,,35.23,,13.96,55.47,15.32,262.52,,,,,,,,,,,,0,0,0,10.1038/s41598-017-12437-w,p7new_10.1038_s41598-017-12437-w,real_model_ready,False
10.1038/s41598-017-12437-w,p7new_10.1038_s41598-017-12437-w,43.6672,122.406517,Inner Mongolia,HM+OP,8.44,,,,12.38,,35.23,,13.96,55.47,15.32,262.52,,,,,,,,,,,,0,0,0,10.1038/s41598-017-12437-w,p7new_10.1038_s41598-017-12437-w,real_model_ready,False
10.1038/s41598-017-12437-w,p7new_10.1038_s41598-017-12437-w,43.667683,122.406117,Inner Mongolia,HM+OP,8.44,,,,12.38,,35.23,,13.96,55.47,15.32,262.52,,,,,,,,,,,,0,0,0,10.1038/s41598-017-12437-w,p7new_10.1038_s41598-017-12437-w,real_model_ready,False
10.1038/s41598-017-12437-w,p7new_10.1038_s41598-017-12437-w,43.6847,122.269717,Inner Mongolia,HM+OP,8.44,,,,12.38,,35.23,,13.96,55.47,15.32,262.52,,,,,,,,,,,,0,0,0,10.1038/s41598-017-12437-w,p7new_10.1038_s41598-017-12437-w,real_model_ready,False
10.1038/s41598-017-12437-w,p7new_10.1038_s41598-017-12437-w,43.66695,122.267717,Inner Mongolia,HM+OP,8.44,,,,12.38,,35.23,,13.96,55.47,15.32,262.52,,,,,,,,,,,,0,0,0,10.1038/s41598-017-12437-w,p7new_10.1038_s41598-017-12437-w,real_model_ready,False
10.1038/s41598-017-12437-w,p7new_10.1038_s41598-017-12437-w,43.684217,122.998533,Inner Mongolia,HM+OP,8.44,,,,12.38,,35.23,,13.96,55.47,15.32,262.52,,,,,,,,,,,,0,0,0,10.1038/s41598-017-12437-w,p7new_10.1038_s41598-017-12437-w,real_model_ready,False
10.1038/s41598-017-12437-w,p7new_10.1038_s41598-017-12437-w,43.507733,122.389133,Inner Mongolia,HM+OP,8.44,,,,12.38,,35.23,,13.96,55.47,15.32,262.52,,,,,,,,,,,,0,0,0,10.1038/s41598-017-12437-w,p7new_10.1038_s41598-017-12437-w,real_model_ready,False
10.1038/s41598-017-12437-w,p7new_10.1038_s41598-017-12437-w,43.508433,122.384533,Inner Mongolia,HM+OP,8.44,,,,12.38,,35.23,,13.96,55.47,15.32,262.52,,,,,,,,,,,,0,0,0,10.1038/s41598-017-12437-w,p7new_10.1038_s41598-017-12437-w,real_model_ready,False
10.1038/s41598-022-07577-7,Improved remediation of co-contaminated soils by heavy metals and PAHs with biosurfactant-enhanced soil washing,,,Shandong,HM+OP,,,,40,,,,,,,,,,,,,,,,,,,,1,0,1,10.1038/s41598-022-07577-7,Improved remediation of co-contaminated soils by heavy metals and PAHs with biosurfactant-enhanced soil washing,real_model_ready,False
10.1038/s41598-022-07577-7,Improved remediation of co-contaminated soils by heavy metals and PAHs with biosurfactant-enhanced soil washing,,,Shandong,HM+OP,,,,200,,,,,,,,,,,,,,,,,,,,1,1,1,10.1038/s41598-022-07577-7,Improved remediation of co-contaminated soils by heavy metals and PAHs with biosurfactant-enhanced soil washing,real_model_ready,False
10.1038/s41598-022-07577-7,Improved remediation of co-contaminated soils by heavy metals and PAHs with biosurfactant-enhanced soil washing,,,Shandong,HM+OP,,,,200,,,,,,,,,,,,,,,,,,,,1,1,1,10.1038/s41598-022-07577-7,Improved remediation of co-contaminated soils by heavy metals and PAHs with biosurfactant-enhanced soil washing,real_model_ready,False
10.17221/211/2017-swr,p7new_10.17221_211_2017-swr,,,,HM+OP,,,,0.69,44.2,13.9,61.7,0.27,32,149,31.6,,,,40.0,,4.0,,,,,,,1,0,1,10.17221/211/2017-swr,p7new_10.17221_211_2017-swr,real_model_ready,False
10.3390/ijerph15071422,p7new_10.3390_ijerph15071422,,,Guangdong,HM+OP,,,,,,0.00119,,,,,,0.01659,,,,,,,,,,,,0,0,0,10.3390/ijerph15071422,p7new_10.3390_ijerph15071422,real_model_ready,False
10.3390/ijerph15071422,p7new_10.3390_ijerph15071422,,,Guangdong,HM+OP,,,,,,,,,0.00062,,0.00132,0.10178,,,,,,,,,,,,0,0,0,10.3390/ijerph15071422,p7new_10.3390_ijerph15071422,real_model_ready,False
10.3390/ijerph15071422,p7new_10.3390_ijerph15071422,,,Guangxi,HM+OP,,,,,,,,,,,,0.0988,,,,,,,,,,,,0,0,0,10.3390/ijerph15071422,p7new_10.3390_ijerph15071422,real_model_ready,False
10.3390/ijerph15071422,p7new_10.3390_ijerph15071422,,,Guangxi,HM+OP,,,,7e-06,,,,,,,,0.10891,,,,,,,,,,,,0,0,0,10.3390/ijerph15071422,p7new_10.3390_ijerph15071422,real_model_ready,False
10.5194/bg-7-3961-2010,p7new_10.5194_bg-7-3961-2010,,,Shandong,HM+OP,7.9,,,0.05,0.05,,12.0,,16.5,666,6.5,,,,,,,,,,,,,1,0,1,10.5194/bg-7-3961-2010,p7new_10.5194_bg-7-3961-2010,real_model_ready,False
10.17221/211/2017-SWR,p7new_211_252F2017-swr.pdf,,,,HM+OP,,,,0.69,44.2,13.9,61.7,0.27,32,149,31.6,,,,4.0,,4.0,,,,,,,1,0,1,10.17221/211/2017-SWR,p7new_211_252F2017-swr.pdf,real_model_ready,False
10.1016/j.envpol.2018.09.112,p7new_Comparison_of_greenhouse_and_open_field_cultivations_across_china_soil_character,,,"Multiple provinces (20 provinces, municipalities, autonomous regions)",HM+OP,6.85,,2.99,,,,,,,,,,,136.0,,,,,,,,,,0,0,0,10.1016/j.envpol.2018.09.112,p7new_Comparison_of_greenhouse_and_open_field_cultivations_across_china_soil_character,real_model_ready,False
10.1016/j.envpol.2018.09.112,p7new_Comparison_of_greenhouse_and_open_field_cultivations_across_china_soil_character,,,"Multiple provinces (20 provinces, municipalities, autonomous regions)",HM+OP,7.34,,2.09,,,,,,,,,,,77.2,,,,,,,,,,0,0,0,10.1016/j.envpol.2018.09.112,p7new_Comparison_of_greenhouse_and_open_field_cultivations_across_china_soil_character,real_model_ready,False
10.1016/j.ecoenv.2018.02.028,p7new_Effect_of_bacillus_subtilis_and_NTA-APG_on_pyrene_dissipation_in_phytoremediatio,31.3,121.7,Shanghai,HM+OP,8.3,,,,,,,,,,296,,,,,,,,,,,,,1,0,1,10.1016/j.ecoenv.2018.02.028,p7new_Effect_of_bacillus_subtilis_and_NTA-APG_on_pyrene_dissipation_in_phytoremediatio,real_model_ready,False
10.1002/ep.70148,p7new_Env_Prog_and_Sustain_Energy_-_2025_-_Yan_-_Comparative_study_on_pollution_charac,,,Shanxi,HM+OP,,,,1.25,,36.22,14.47,,19.96,131,13.51,,,,,,,,,,,,,1,0,1,10.1002/ep.70148,p7new_Env_Prog_and_Sustain_Energy_-_2025_-_Yan_-_Comparative_study_on_pollution_charac,real_model_ready,False
10.1002/ep.70148,p7new_Env_Prog_and_Sustain_Energy_-_2025_-_Yan_-_Comparative_study_on_pollution_charac,,,Shanxi,HM+OP,,,,6.87,,20.44,15.2,,12.08,465,7.34,,,,,,,,,,,,,1,0,1,10.1002/ep.70148,p7new_Env_Prog_and_Sustain_Energy_-_2025_-_Yan_-_Comparative_study_on_pollution_charac,real_model_ready,False
10.1002/ep.70148,p7new_Env_Prog_and_Sustain_Energy_-_2025_-_Yan_-_Comparative_study_on_pollution_charac,,,Shanxi,HM+OP,,,,0.65,,19.79,7.68,,3.13,68.57,6.56,,,,,,,,,,,,,1,0,1,10.1002/ep.70148,p7new_Env_Prog_and_Sustain_Energy_-_2025_-_Yan_-_Comparative_study_on_pollution_charac,real_model_ready,False
10.1002/ep.70148,p7new_Env_Prog_and_Sustain_Energy_-_2025_-_Yan_-_Comparative_study_on_pollution_charac,,,Shanxi,HM+OP,,,,2.8,,32.65,337.0,,92.27,1171,91.89,,,,,,,,,,,,,1,1,1,10.1002/ep.70148,p7new_Env_Prog_and_Sustain_Energy_-_2025_-_Yan_-_Comparative_study_on_pollution_charac,real_model_ready,False
10.1016/j.jhazmat.2015.09.068,p7new_Fu_Chen_等_-_2016_-_Efficient_remediation_of_PAH-metal_co-contaminated_soil_using,,,Jiangsu,HM+OP,7.15,,,6.7,66.8,,93.2,,78.6,460,,,,,,,,,,,,,,1,0,1,10.1016/j.jhazmat.2015.09.068,p7new_Fu_Chen_等_-_2016_-_Efficient_remediation_of_PAH-metal_co-contaminated_soil_using,real_model_ready,False
10.1007/s11356-014-2995-4,p7new_Heavy_metals_and_polycyclic_aromatic_hydrocarbons_in_sediments_from_the_shenzhen,22.5302,114.114,Guangdong,HM+OP,,,,0.81,102,11.8,129.0,0.2,162,659,107,,10.0,,,,,,,,,,,1,0,1,10.1007/s11356-014-2995-4,p7new_Heavy_metals_and_polycyclic_aromatic_hydrocarbons_in_sediments_from_the_shenzhen,real_model_ready,False
10.1007/s11356-014-2995-4,p7new_Heavy_metals_and_polycyclic_aromatic_hydrocarbons_in_sediments_from_the_shenzhen,22.5042,114.0563,Guangdong,HM+OP,,,,0.88,82,12.2,139.0,0.3,194,723,133,,10.0,,,,,,,,,,,1,0,1,10.1007/s11356-014-2995-4,p7new_Heavy_metals_and_polycyclic_aromatic_hydrocarbons_in_sediments_from_the_shenzhen,real_model_ready,False
10.1016/j.jhazmat.2026.141372,p7new_Jin_T_Wang_J_Huang_S_et_al_JHazardMater_2026_10_1016-j_jhazmat_2026_141372,34.2167,117.1333,Jiangsu,HM+OP,8.12,,,,,,527.08,,,,,,,,,,,,,,,,,1,1,1,10.1016/j.jhazmat.2026.141372,p7new_Jin_T_Wang_J_Huang_S_et_al_JHazardMater_2026_10_1016-j_jhazmat_2026_141372,real_model_ready,False
10.1016/j.jhazmat.2026.141372,p7new_Jin_T_Wang_J_Huang_S_et_al_JHazardMater_2026_10_1016-j_jhazmat_2026_141372,34.2167,117.1333,Jiangsu,HM+OP,7.92,,,,,,,,,,,,,,,,,,,,,,,0,0,0,10.1016/j.jhazmat.2026.141372,p7new_Jin_T_Wang_J_Huang_S_et_al_JHazardMater_2026_10_1016-j_jhazmat_2026_141372,real_model_ready,False
10.1016/j.jhazmat.2007.07.014,p7new_Khan_S_Lin_A_Zhang_S_et_al_JHazardMater_2008_null,,,Tianjin,HM+OP,7.83,,,2.58,35,,77.5,,41.5,,38.5,,94.6,,,,,,,,,,,1,0,1,10.1016/j.jhazmat.2007.07.014,p7new_Khan_S_Lin_A_Zhang_S_et_al_JHazardMater_2008_null,real_model_ready,False
10.1016/j.jhazmat.2007.07.014,p7new_Khan_S_Lin_A_Zhang_S_et_al_JHazardMater_2008_null,,,Tianjin,HM+OP,8.28,,,1.24,38.4,,75.5,,36,,35.8,,49.2,,,,,,,,,,,1,0,1,10.1016/j.jhazmat.2007.07.014,p7new_Khan_S_Lin_A_Zhang_S_et_al_JHazardMater_2008_null,real_model_ready,False
10.1016/j.jhazmat.2007.07.014,p7new_Khan_S_Lin_A_Zhang_S_et_al_JHazardMater_2008_null,,,Tianjin,HM+OP,8.25,,,1.35,97.9,,76.6,,61.8,,33.8,,,,,,,,,,,,,1,0,1,10.1016/j.jhazmat.2007.07.014,p7new_Khan_S_Lin_A_Zhang_S_et_al_JHazardMater_2008_null,real_model_ready,False
10.1016/j.jhazmat.2007.07.014,p7new_Khan_S_Lin_A_Zhang_S_et_al_JHazardMater_2008_null,,,Tianjin,HM+OP,7.95,,,1.28,52.1,,67.6,,25.3,,33,,69.3,,,,,,,,,,,1,0,1,10.1016/j.jhazmat.2007.07.014,p7new_Khan_S_Lin_A_Zhang_S_et_al_JHazardMater_2008_null,real_model_ready,False
10.1016/j.jhazmat.2007.07.014,p7new_Khan_S_Lin_A_Zhang_S_et_al_JHazardMater_2008_null,,,Tianjin,HM+OP,8.15,,,0.8,29.7,,64.2,,22.8,,28.1,,70.5,,,,,,,,,,,1,0,1,10.1016/j.jhazmat.2007.07.014,p7new_Khan_S_Lin_A_Zhang_S_et_al_JHazardMater_2008_null,real_model_ready,False
10.1007/s10661-019-7476-2,p7new_Liang_等_-_2019_-_Distribution_characteristics_and_health_risk_assessment_of_heav,,,Shanghai,HM+OP,,,,0.362,36.3,17.7,75.1,0.17,38.5,144,35.4,,,,,,,,,,,,,1,0,1,10.1007/s10661-019-7476-2,p7new_Liang_等_-_2019_-_Distribution_characteristics_and_health_risk_assessment_of_heav,real_model_ready,False
10.1007/s10661-019-7476-2,p7new_Liang_等_-_2019_-_Distribution_characteristics_and_health_risk_assessment_of_heav,,,Shanghai,HM+OP,,,,0.342,30.7,15.6,68.3,0.117,34.8,130,31.3,,,,,,,,,,,,,1,0,1,10.1007/s10661-019-7476-2,p7new_Liang_等_-_2019_-_Distribution_characteristics_and_health_risk_assessment_of_heav,real_model_ready,False
10.1016/j.envpol.2022.118925,p7new_Liu_Q_Zhao_W_Ma_J_et_al_EnvironPollut_2022_null,35.86,111.32,Shanxi,HM+OP,,,,0.34,40.8,20,83.65,1.64,42.15,101.7,34.3,792.59,,,,,,,,,,631.0,161.59,1,1,1,10.1016/j.envpol.2022.118925,p7new_Liu_Q_Zhao_W_Ma_J_et_al_EnvironPollut_2022_null,real_model_ready,False
10.1021/es5049804,p7new_Liu_等_-_2015_-_Ecological_effects_of_combined_pollution_associated_with_E-waste_,,,Guangdong,HM+OP,3.83,,,,,,,,,,,,,,,726.0,,,4892.0,,,,,1,1,1,10.1021/es5049804,p7new_Liu_等_-_2015_-_Ecological_effects_of_combined_pollution_associated_with_E-waste_,real_model_ready,False
10.1021/es5049804,p7new_Liu_等_-_2015_-_Ecological_effects_of_combined_pollution_associated_with_E-waste_,,,Guangdong,HM+OP,,,,,,,,,,,,,,,,23.9,,,98.6,,,,,0,0,0,10.1021/es5049804,p7new_Liu_等_-_2015_-_Ecological_effects_of_combined_pollution_associated_with_E-waste_,real_model_ready,False
10.1016/j.envpol.2013.03.058,p7new_Peng_等_-_2013_-_Assessing_the_combined_risks_of_PAHs_and_metals_in_urban_soils_b,,,Beijing,HM+OP,7.93,,1.33,0.11,18.82,6.97,59.84,,25.64,88.54,23.39,,,,,,,,,,,,,0,0,0,10.1016/j.envpol.2013.03.058,p7new_Peng_等_-_2013_-_Assessing_the_combined_risks_of_PAHs_and_metals_in_urban_soils_b,real_model_ready,False
10.1016/j.ecoenv.2020.110651,p7new_Shi_J_Xiang_L_Wang_X_et_al_EcotoxicolEnvironSaf_2020_null,,,Guangdong,HM+OP,,,,,194,,,,230,,,,,,37.7,,16.1,,,,,,,1,0,1,10.1016/j.ecoenv.2020.110651,p7new_Shi_J_Xiang_L_Wang_X_et_al_EcotoxicolEnvironSaf_2020_null,real_model_ready,False
10.1016/j.ecoenv.2020.110651,p7new_Shi_J_Xiang_L_Wang_X_et_al_EcotoxicolEnvironSaf_2020_null,,,Guangdong,HM+OP,,,,,87,,,,147,,,,,,3.63,,3.33,,,,,,,1,0,1,10.1016/j.ecoenv.2020.110651,p7new_Shi_J_Xiang_L_Wang_X_et_al_EcotoxicolEnvironSaf_2020_null,real_model_ready,False
10.1016/j.ecoenv.2020.110651,p7new_Shi_J_Xiang_L_Wang_X_et_al_EcotoxicolEnvironSaf_2020_null,,,Guangdong,HM+OP,,,,,1224,,,,1025,,,,,,110.0,,95.8,,,,,,,1,1,1,10.1016/j.ecoenv.2020.110651,p7new_Shi_J_Xiang_L_Wang_X_et_al_EcotoxicolEnvironSaf_2020_null,real_model_ready,False
10.1016/j.ecoenv.2020.110651,p7new_Shi_J_Xiang_L_Wang_X_et_al_EcotoxicolEnvironSaf_2020_null,,,Guangdong,HM+OP,,,,,42.5,,,,69,,,,,,15.3,,6.07,,,,,,,0,0,0,10.1016/j.ecoenv.2020.110651,p7new_Shi_J_Xiang_L_Wang_X_et_al_EcotoxicolEnvironSaf_2020_null,real_model_ready,False
10.1016/j.scitotenv.2021.146263,"The application of urban anthropogenic background to pollution evaluation and source identification of soil contaminants in Macau, China",,,Macau Special Administrative Region,HM+OP,,,,0.22,108,,,0.267,21.9,113,,,24.6,,,,,,,,,,,0,0,0,10.1016/j.scitotenv.2021.146263,"The application of urban anthropogenic background to pollution evaluation and source identification of soil contaminants in Macau, China",real_model_ready,False
10.1016/j.envpol.2017.08.003,The influence of e-waste recycling on the molecular ecological network of soil microbial communities in Pakistan and China,23.9333,113.4833,Guangdong,HM+OP,5.03,,3.6,,81,,,,156,117,,308.0,,,,23.0,,,85.0,,,,,1,0,1,10.1016/j.envpol.2017.08.003,The influence of e-waste recycling on the molecular ecological network of soil microbial communities in Pakistan and China,real_model_ready,False
10.1016/j.envpol.2017.08.003,The influence of e-waste recycling on the molecular ecological network of soil microbial communities in Pakistan and China,23.55,113.6667,Guangdong,HM+OP,4.46,,2.08,,52,,,,178,104,,469.0,,,,101.0,,,708.0,,,,,1,0,1,10.1016/j.envpol.2017.08.003,The influence of e-waste recycling on the molecular ecological network of soil microbial communities in Pakistan and China,real_model_ready,False
10.1016/j.envpol.2017.08.003,The influence of e-waste recycling on the molecular ecological network of soil microbial communities in Pakistan and China,23.3167,116.3333,Guangdong,HM+OP,7.38,,0.94,,165,,,,187,503,,307.0,,,,38.0,,,1080.0,,,,,1,0,1,10.1016/j.envpol.2017.08.003,The influence of e-waste recycling on the molecular ecological network of soil microbial communities in Pakistan and China,real_model_ready,False
10.1016/j.envpol.2017.08.003,The influence of e-waste recycling on the molecular ecological network of soil microbial communities in Pakistan and China,28.5333,121.3833,Zhejiang,HM+OP,5.69,,1.95,,482,,,,371,2110,,680.0,,,,310.0,,,225.0,,,,,1,1,1,10.1016/j.envpol.2017.08.003,The influence of e-waste recycling on the molecular ecological network of soil microbial communities in Pakistan and China,real_model_ready,False
10.1016/j.envpol.2017.08.003,The influence of e-waste recycling on the molecular ecological network of soil microbial communities in Pakistan and China,28.5333,121.4167,Zhejiang,HM+OP,4.75,,1.12,,122,,,,151,562,,1010.0,,,,30.0,,,13.0,,,,,1,1,1,10.1016/j.envpol.2017.08.003,The influence of e-waste recycling on the molecular ecological network of soil microbial communities in Pakistan and China,real_model_ready,False
10.1016/j.envpol.2013.11.003,Risk assessment of polychlorinated biphenyls and heavy metals in soils of an abandoned e-waste site in China,28.52537,121.3681,Zhejiang,HM+OP,,,,42.3,6082.9,36.6,771.5,4.1,2364.2,5995.6,,,,,,,,,,,,,,1,1,1,10.1016/j.envpol.2013.11.003,Risk assessment of polychlorinated biphenyls and heavy metals in soils of an abandoned e-waste site in China,real_model_ready,False
10.1016/j.envpol.2013.11.003,Risk assessment of polychlorinated biphenyls and heavy metals in soils of an abandoned e-waste site in China,28.52537,121.3681,Zhejiang,HM+OP,,,,2.2,167.4,5.3,69.5,0.8,157.3,275.5,,,,,,,,,,,,,,1,0,1,10.1016/j.envpol.2013.11.003,Risk assessment of polychlorinated biphenyls and heavy metals in soils of an abandoned e-waste site in China,real_model_ready,False
10.1039/d4ra06060a,Migration of total petroleum hydrocarbon and heavy metal contaminants in the soil–groundwater interface of a petrochemical site using machine learning: impacts of convection and diffusion,,,,HM+OP,,,,,33.901,14.162,,,,,29.59,,,,,,,,,,,,,0,0,0,10.1039/d4ra06060a,Migration of total petroleum hydrocarbon and heavy metal contaminants in the soil–groundwater interface of a petrochemical site using machine learning: impacts of convection and diffusion,real_model_ready,False
10.3389/fmicb.2023.1143742,Community response of soil microorganisms to combined contamination of polycyclic aromatic hydrocarbons and potentially toxic elements in a typical coking plant,39.6703,118.3656,Hebei,HM+OP,,,,,,,,,,,,,,,,,,,,,,,,0,0,0,10.3389/fmicb.2023.1143742,Community response of soil microorganisms to combined contamination of polycyclic aromatic hydrocarbons and potentially toxic elements in a typical coking plant,real_model_ready,False
10.3389/fmicb.2023.1143742,Community response of soil microorganisms to combined contamination of polycyclic aromatic hydrocarbons and potentially toxic elements in a typical coking plant,39.6703,118.3656,Hebei,HM+OP,,,,,,,,,,,,,,,,,,,,,,,,0,0,0,10.3389/fmicb.2023.1143742,Community response of soil microorganisms to combined contamination of polycyclic aromatic hydrocarbons and potentially toxic elements in a typical coking plant,real_model_ready,False
10.3390/ijerph16071155,Enhancement of Detoxification of Petroleum Hydrocarbons and Heavy Metals in Oil-Contaminated Soil by Using Glycine-β-Cyclodextrin,,,Henan,HM+OP,6.3,,,,10.792,,,,9.204,,,,,,,,,,,,,,,0,0,0,10.3390/ijerph16071155,Enhancement of Detoxification of Petroleum Hydrocarbons and Heavy Metals in Oil-Contaminated Soil by Using Glycine-β-Cyclodextrin,real_model_ready,False
10.1016/j.ecoenv.2005.01.009,Combined effect of heavy metals and polycyclic aromatic hydrocarbons on urease activity in soil,,,Shanghai,HM+OP,8.18,,,0,8.725,,,,,12.5,,,,,,,,,,,,,,0,0,0,10.1016/j.ecoenv.2005.01.009,Combined effect of heavy metals and polycyclic aromatic hydrocarbons on urease activity in soil,real_model_ready,False
10.1016/j.ecoenv.2005.01.009,Combined effect of heavy metals and polycyclic aromatic hydrocarbons on urease activity in soil,,,Shanghai,HM+OP,8.18,,,0.03125,70,,,,,50,,,,,,,,,,,,,,0,0,0,10.1016/j.ecoenv.2005.01.009,Combined effect of heavy metals and polycyclic aromatic hydrocarbons on urease activity in soil,real_model_ready,False
10.1016/j.ecoenv.2005.01.009,Combined effect of heavy metals and polycyclic aromatic hydrocarbons on urease activity in soil,,,Shanghai,HM+OP,8.18,,,0.0125,560,,,,,200,,,,,,,,,,,,,,1,0,1,10.1016/j.ecoenv.2005.01.009,Combined effect of heavy metals and polycyclic aromatic hydrocarbons on urease activity in soil,real_model_ready,False
10.1016/j.ecoenv.2005.01.009,Combined effect of heavy metals and polycyclic aromatic hydrocarbons on urease activity in soil,,,Shanghai,HM+OP,8.18,,,0.05,0,,,,,800,,,,,,,,,,,,,,1,0,1,10.1016/j.ecoenv.2005.01.009,Combined effect of heavy metals and polycyclic aromatic hydrocarbons on urease activity in soil,real_model_ready,False
10.1016/j.ecoenv.2005.01.009,Combined effect of heavy metals and polycyclic aromatic hydrocarbons on urease activity in soil,,,Shanghai,HM+OP,8.18,,,0.2,17.5,,,,,3200,,,,,,,,,,,,,,1,1,1,10.1016/j.ecoenv.2005.01.009,Combined effect of heavy metals and polycyclic aromatic hydrocarbons on urease activity in soil,real_model_ready,False
10.1016/j.ecoenv.2005.01.009,Combined effect of heavy metals and polycyclic aromatic hydrocarbons on urease activity in soil,,,Shanghai,HM+OP,8.18,,,0.8,140,,,,,0,,,,,,,,,,,,,,1,0,1,10.1016/j.ecoenv.2005.01.009,Combined effect of heavy metals and polycyclic aromatic hydrocarbons on urease activity in soil,real_model_ready,False
10.1016/j.ecoenv.2005.01.009,Combined effect of heavy metals and polycyclic aromatic hydrocarbons on urease activity in soil,,,Shanghai,HM+OP,8.18,,,3.2,1120,,,,,25,,,,,,,,,,,,,,1,1,1,10.1016/j.ecoenv.2005.01.009,Combined effect of heavy metals and polycyclic aromatic hydrocarbons on urease activity in soil,real_model_ready,False
10.1016/j.ecoenv.2005.01.009,Combined effect of heavy metals and polycyclic aromatic hydrocarbons on urease activity in soil,,,Shanghai,HM+OP,8.18,,,12.8,4.3625,,,,,100,,,,,,,,,,,,,,1,0,1,10.1016/j.ecoenv.2005.01.009,Combined effect of heavy metals and polycyclic aromatic hydrocarbons on urease activity in soil,real_model_ready,False
10.1016/j.ecoenv.2005.01.009,Combined effect of heavy metals and polycyclic aromatic hydrocarbons on urease activity in soil,,,Shanghai,HM+OP,8.18,,,51.2,35,,,,,400,,,,,,,,,,,,,,1,0,1,10.1016/j.ecoenv.2005.01.009,Combined effect of heavy metals and polycyclic aromatic hydrocarbons on urease activity in soil,real_model_ready,False
10.1016/j.ecoenv.2005.01.009,Combined effect of heavy metals and polycyclic aromatic hydrocarbons on urease activity in soil,,,Shanghai,HM+OP,8.18,,,204.8,280,,,,,1600,,,,,,,,,,,,,,1,1,1,10.1016/j.ecoenv.2005.01.009,Combined effect of heavy metals and polycyclic aromatic hydrocarbons on urease activity in soil,real_model_ready,False
10.1016/j.scitotenv.2019.05.291,Spatial assessment of farmland soil pollution and its potential human health risks in China,,,,HM+OP,,,,0.55,39.27,,68.45,,33.77,97.01,,390.0,30.0,,50.0,,20.0,,,,,,,1,0,1,10.1016/j.scitotenv.2019.05.291,Spatial assessment of farmland soil pollution and its potential human health risks in China,real_model_ready,False
10.1007/s00244-010-9590-6,Major Pollutants in Soils of Abandoned Agricultural Land Contaminated by e-Waste Activities in Hong Kong,,,Hong Kong,HM+OP,5.83,,,1.34,144.8,,12.2,,28.4,121.5,,,7.12,,,6.7,,,27.5,,,89.7,38.3,1,0,1,10.1007/s00244-010-9590-6,Major Pollutants in Soils of Abandoned Agricultural Land Contaminated by e-Waste Activities in Hong Kong,real_model_ready,False
10.1007/s00244-010-9590-6,Major Pollutants in Soils of Abandoned Agricultural Land Contaminated by e-Waste Activities in Hong Kong,,,Hong Kong,HM+OP,4.78,,,0.08,232,,22.93,,11.5,114.6,,,5.82,,,9.5,,,50.5,,,78.2,29.1,1,0,1,10.1007/s00244-010-9590-6,Major Pollutants in Soils of Abandoned Agricultural Land Contaminated by e-Waste Activities in Hong Kong,real_model_ready,False
10.1007/s00244-010-9590-6,Major Pollutants in Soils of Abandoned Agricultural Land Contaminated by e-Waste Activities in Hong Kong,,,Hong Kong,HM+OP,7.11,,,4.72,1380,,1717.0,,755.6,1717,,,202.3,,,16.6,,,6875.0,,,1930.0,375.4,1,1,1,10.1007/s00244-010-9590-6,Major Pollutants in Soils of Abandoned Agricultural Land Contaminated by e-Waste Activities in Hong Kong,real_model_ready,False
10.1007/s00244-010-9590-6,Major Pollutants in Soils of Abandoned Agricultural Land Contaminated by e-Waste Activities in Hong Kong,,,Hong Kong,HM+OP,7.75,,,11.4,3254,,272.0,,533,920,,,48.44,,,143.8,,,32340.0,,,505.0,503.0,1,1,1,10.1007/s00244-010-9590-6,Major Pollutants in Soils of Abandoned Agricultural Land Contaminated by e-Waste Activities in Hong Kong,real_model_ready,False
10.1038/s41598-017-12437-w,Uptake and translocation of polycyclic aromatic hydrocarbons (PAHs) and heavy metals by maize from soil irrigated with wastewater,,,Inner Mongolia,HM+OP,8.5,,,,,,,,,,,291.3,,,,,,,,,,,,0,0,0,10.1038/s41598-017-12437-w,Uptake and translocation of polycyclic aromatic hydrocarbons (PAHs) and heavy metals by maize from soil irrigated with wastewater,real_model_ready,False
10.1038/s41598-017-12437-w,Uptake and translocation of polycyclic aromatic hydrocarbons (PAHs) and heavy metals by maize from soil irrigated with wastewater,,,Inner Mongolia,HM+OP,8.5,,,,,,,,,,,279.39,,,,,,,,,,,,0,0,0,10.1038/s41598-017-12437-w,Uptake and translocation of polycyclic aromatic hydrocarbons (PAHs) and heavy metals by maize from soil irrigated with wastewater,real_model_ready,False
10.13671/j.hjkxxb.2017.0404,一株苯并［a］芘降解菌-紫茉莉联合修复污染土壤的研究,,,Liaoning,HM+OP,6.9,,1.04,2.71,,,,,,,,,41.0,,,,,,,,,106.0,462.0,1,0,1,10.13671/j.hjkxxb.2017.0404,一株苯并［a］芘降解菌-紫茉莉联合修复污染土壤的研究,real_model_ready,False
10.20284/j.cnki.swhg.2025.06.033,上海某电子制造企业地块污染土壤修复效果评估,,,Shanghai,HM+OP,,,,,,,,,,,,,,,,,,,,,,,,0,0,0,10.20284/j.cnki.swhg.2025.06.033,上海某电子制造企业地块污染土壤修复效果评估,real_model_ready,False
10.16258/j.cnki.1674-5906.2024.12.011,伴矿景天对重金属-多环芳烃复合污染土壤有机污染物消减及微生物的影响,23.5875,113.0397,Guangdong,HM+OP,5.91,,1.6,0.83,68.1,,91.8,,327,116,,,,,,600.0,,,,,,,,1,1,1,10.16258/j.cnki.1674-5906.2024.12.011,伴矿景天对重金属-多环芳烃复合污染土壤有机污染物消减及微生物的影响,real_model_ready,False
10.16258/j.cnki.1674-5906.2024.12.011,伴矿景天对重金属-多环芳烃复合污染土壤有机污染物消减及微生物的影响,23.5875,113.0397,Guangdong,HM+OP,5.91,,1.6,0.83,68.1,,91.8,,327,116,,,,,,600.0,,,,,,,,1,1,1,10.16258/j.cnki.1674-5906.2024.12.011,伴矿景天对重金属-多环芳烃复合污染土壤有机污染物消减及微生物的影响,real_model_ready,False
10.19672/j.cnki.1003-6504.2021.S1.019,变电站场地土壤环境调查与评价,,,Hebei,HM+OP,,,,0.21,93.06,10.07,232.94,0.04,89,,83.14,,79.39,,,,,,,,,,,1,0,1,10.19672/j.cnki.1003-6504.2021.S1.019,变电站场地土壤环境调查与评价,real_model_ready,False
10.19672/j.cnki.1003-6504.2021.S1.019,变电站场地土壤环境调查与评价,,,Hebei,HM+OP,,,,0.15,105.01,11.75,88.64,0.03,39.6,,56.35,,28.61,,,,,,,,,,,0,0,0,10.19672/j.cnki.1003-6504.2021.S1.019,变电站场地土壤环境调查与评价,real_model_ready,False
10.19672/j.cnki.1003-6504.2021.S1.019,变电站场地土壤环境调查与评价,,,Hebei,HM+OP,,,,,,,,,,,,,,,,,,,,,,,,0,0,0,10.19672/j.cnki.1003-6504.2021.S1.019,变电站场地土壤环境调查与评价,real_model_ready,False
10.19672/j.cnki.1003-6504.2021.S1.019,变电站场地土壤环境调查与评价,,,Hebei,HM+OP,,,,,,,,,,,,,,,,,,,,,,,,0,0,0,10.19672/j.cnki.1003-6504.2021.S1.019,变电站场地土壤环境调查与评价,real_model_ready,False
10.19672/j.cnki.1003-6504.2021.S1.019,变电站场地土壤环境调查与评价,,,Hebei,HM+OP,,,,,,,,,,,,,,,,,,,,,,,,0,0,0,10.19672/j.cnki.1003-6504.2021.S1.019,变电站场地土壤环境调查与评价,real_model_ready,False
10.19672/j.cnki.1003-6504.2021.S1.019,变电站场地土壤环境调查与评价,,,Hebei,HM+OP,,,,,,,,,,,,,,,,,,,,,,,,0,0,0,10.19672/j.cnki.1003-6504.2021.S1.019,变电站场地土壤环境调查与评价,real_model_ready,False
10.19672/j.cnki.1003-6504.2021.S1.019,变电站场地土壤环境调查与评价,,,Hebei,HM+OP,,,,,,,,,,,,,,,,,,,,,,,,0,0,0,10.19672/j.cnki.1003-6504.2021.S1.019,变电站场地土壤环境调查与评价,real_model_ready,False
10.19672/j.cnki.1003-6504.2021.S1.019,变电站场地土壤环境调查与评价,,,Hebei,HM+OP,,,,,,,,,,,,,,,,,,,,,,,,0,0,0,10.19672/j.cnki.1003-6504.2021.S1.019,变电站场地土壤环境调查与评价,real_model_ready,False
10.19672/j.cnki.1003-6504.2021.S1.019,变电站场地土壤环境调查与评价,,,Hebei,HM+OP,,,,,,,,,,,,,,,,,,,,,,,,0,0,0,10.19672/j.cnki.1003-6504.2021.S1.019,变电站场地土壤环境调查与评价,real_model_ready,False
10.19672/j.cnki.1003-6504.2021.S1.019,变电站场地土壤环境调查与评价,,,Hebei,HM+OP,,,,,,,,,,,,,,,,,,,,,,,,0,0,0,10.19672/j.cnki.1003-6504.2021.S1.019,变电站场地土壤环境调查与评价,real_model_ready,False
10.19672/j.cnki.1003-6504.2021.S1.019,变电站场地土壤环境调查与评价,,,Hebei,HM+OP,,,,,,,,,,,,,,,,,,,,,,,,0,0,0,10.19672/j.cnki.1003-6504.2021.S1.019,变电站场地土壤环境调查与评价,real_model_ready,False
10.19672/j.cnki.1003-6504.2021.S1.019,变电站场地土壤环境调查与评价,,,Hebei,HM+OP,,,,,,,,,,,,,,,,,,,,,,,,0,0,0,10.19672/j.cnki.1003-6504.2021.S1.019,变电站场地土壤环境调查与评价,real_model_ready,False
10.19672/j.cnki.1003-6504.2021.S1.019,变电站场地土壤环境调查与评价,,,河北,HM+OP,,,,0.21,93.06,10.07,232.94,0.04,89,,83.14,,79.39,,,,,,,,,,,1,0,1,10.19672/j.cnki.1003-6504.2021.S1.019,变电站场地土壤环境调查与评价,real_model_ready,False
10.19672/j.cnki.1003-6504.2021.S1.019,变电站场地土壤环境调查与评价,,,河北,HM+OP,,,,0.15,105.01,11.75,88.64,0.03,39.6,,56.35,,28.61,,,,,,,,,,,0,0,0,10.19672/j.cnki.1003-6504.2021.S1.019,变电站场地土壤环境调查与评价,real_model_ready,False
10.19902/j.cnki.zgyz.1003-7969.2021.07.015,油菜籽皮仁中重金属、多环芳烃和硫苷含量分布,,,Qinghai,HM+OP,,,,0.01963,0.35562,0.20128,,,,,,,0.61,,,,,,,,,,,0,0,0,10.19902/j.cnki.zgyz.1003-7969.2021.07.015,油菜籽皮仁中重金属、多环芳烃和硫苷含量分布,real_model_ready,False
10.19902/j.cnki.zgyz.1003-7969.2021.07.015,油菜籽皮仁中重金属、多环芳烃和硫苷含量分布,,,Qinghai,HM+OP,,,,0.01322,0.11675,0.05218,,,,,,,0.48,,,,,,,,,,,0,0,0,10.19902/j.cnki.zgyz.1003-7969.2021.07.015,油菜籽皮仁中重金属、多环芳烃和硫苷含量分布,real_model_ready,False
10.19902/j.cnki.zgyz.1003-7969.2021.07.015,油菜籽皮仁中重金属、多环芳烃和硫苷含量分布,,,Qinghai,HM+OP,,,,0.06951,0.0525,0.16717,,,,,,,0.41,,,,,,,,,,,0,0,0,10.19902/j.cnki.zgyz.1003-7969.2021.07.015,油菜籽皮仁中重金属、多环芳烃和硫苷含量分布,real_model_ready,False
10.19902/j.cnki.zgyz.1003-7969.2021.07.015,油菜籽皮仁中重金属、多环芳烃和硫苷含量分布,,,Qinghai,HM+OP,,,,0.03754,0.11797,,,,,,,,0.41,,,,,,,,,,,0,0,0,10.19902/j.cnki.zgyz.1003-7969.2021.07.015,油菜籽皮仁中重金属、多环芳烃和硫苷含量分布,real_model_ready,False
10.19902/j.cnki.zgyz.1003-7969.2021.07.015,油菜籽皮仁中重金属、多环芳烃和硫苷含量分布,,,Hubei,HM+OP,,,,0.02814,,,,,,,,,1.03,,,,,,,,,,,0,0,0,10.19902/j.cnki.zgyz.1003-7969.2021.07.015,油菜籽皮仁中重金属、多环芳烃和硫苷含量分布,real_model_ready,False
10.19902/j.cnki.zgyz.1003-7969.2021.07.015,油菜籽皮仁中重金属、多环芳烃和硫苷含量分布,,,Hubei,HM+OP,,,,0.01449,0.06742,,,,,,,,0.48,,,,,,,,,,,0,0,0,10.19902/j.cnki.zgyz.1003-7969.2021.07.015,油菜籽皮仁中重金属、多环芳烃和硫苷含量分布,real_model_ready,False
10.19902/j.cnki.zgyz.1003-7969.2021.07.015,油菜籽皮仁中重金属、多环芳烃和硫苷含量分布,,,Hubei,HM+OP,,,,0.02636,0.15308,0.01686,,,,,,,0.42,,,,,,,,,,,0,0,0,10.19902/j.cnki.zgyz.1003-7969.2021.07.015,油菜籽皮仁中重金属、多环芳烃和硫苷含量分布,real_model_ready,False
10.19902/j.cnki.zgyz.1003-7969.2021.07.015,油菜籽皮仁中重金属、多环芳烃和硫苷含量分布,,,Hubei,HM+OP,,,,0.02077,0.20419,,,,,,,,0.28,,,,,,,,,,,0,0,0,10.19902/j.cnki.zgyz.1003-7969.2021.07.015,油菜籽皮仁中重金属、多环芳烃和硫苷含量分布,real_model_ready,False
10.19902/j.cnki.zgyz.1003-7969.2021.07.015,油菜籽皮仁中重金属、多环芳烃和硫苷含量分布,,,Hubei,HM+OP,,,,0.00874,0.38152,,,,,,,,0.36,,,,,,,,,,,0,0,0,10.19902/j.cnki.zgyz.1003-7969.2021.07.015,油菜籽皮仁中重金属、多环芳烃和硫苷含量分布,real_model_ready,False
10.19902/j.cnki.zgyz.1003-7969.2021.07.015,油菜籽皮仁中重金属、多环芳烃和硫苷含量分布,,,Hubei,HM+OP,,,,0.00764,,,,,,,,,0.18,,,,,,,,,,,0,0,0,10.19902/j.cnki.zgyz.1003-7969.2021.07.015,油菜籽皮仁中重金属、多环芳烃和硫苷含量分布,real_model_ready,False
10.19902/j.cnki.zgyz.1003-7969.2021.07.015,油菜籽皮仁中重金属、多环芳烃和硫苷含量分布,,,Gansu,HM+OP,,,,0.04336,0.21211,0.04257,,,,,,,0.67,,,,,,,,,,,0,0,0,10.19902/j.cnki.zgyz.1003-7969.2021.07.015,油菜籽皮仁中重金属、多环芳烃和硫苷含量分布,real_model_ready,False
10.19902/j.cnki.zgyz.1003-7969.2021.07.015,油菜籽皮仁中重金属、多环芳烃和硫苷含量分布,,,Gansu,HM+OP,,,,0.0357,0.26998,0.03667,,,,,,,0.45,,,,,,,,,,,0,0,0,10.19902/j.cnki.zgyz.1003-7969.2021.07.015,油菜籽皮仁中重金属、多环芳烃和硫苷含量分布,real_model_ready,False
10.19902/j.cnki.zgyz.1003-7969.2021.07.015,油菜籽皮仁中重金属、多环芳烃和硫苷含量分布,,,Gansu,HM+OP,,,,0.04094,0.05584,0.00652,,,,,,,0.38,,,,,,,,,,,0,0,0,10.19902/j.cnki.zgyz.1003-7969.2021.07.015,油菜籽皮仁中重金属、多环芳烃和硫苷含量分布,real_model_ready,False
10.19902/j.cnki.zgyz.1003-7969.2021.07.015,油菜籽皮仁中重金属、多环芳烃和硫苷含量分布,,,Gansu,HM+OP,,,,0.03335,0.02575,,,,,,,,0.39,,,,,,,,,,,0,0,0,10.19902/j.cnki.zgyz.1003-7969.2021.07.015,油菜籽皮仁中重金属、多环芳烃和硫苷含量分布,real_model_ready,False
10.19902/j.cnki.zgyz.1003-7969.2021.07.015,油菜籽皮仁中重金属、多环芳烃和硫苷含量分布,,,Gansu,HM+OP,,,,0.02034,0.25625,0.12475,,,,,,,0.45,,,,,,,,,,,0,0,0,10.19902/j.cnki.zgyz.1003-7969.2021.07.015,油菜籽皮仁中重金属、多环芳烃和硫苷含量分布,real_model_ready,False
10.19902/j.cnki.zgyz.1003-7969.2021.07.015,油菜籽皮仁中重金属、多环芳烃和硫苷含量分布,,,Gansu,HM+OP,,,,0.0145,0.1246,0.05207,,,,,,,0.38,,,,,,,,,,,0,0,0,10.19902/j.cnki.zgyz.1003-7969.2021.07.015,油菜籽皮仁中重金属、多环芳烃和硫苷含量分布,real_model_ready,False
10.19902/j.cnki.zgyz.1003-7969.2021.07.015,油菜籽皮仁中重金属、多环芳烃和硫苷含量分布,,,Sichuan,HM+OP,,,,0.0788,0.08858,0.02783,,,,,,,2.31,,,,,,,,,,,0,0,0,10.19902/j.cnki.zgyz.1003-7969.2021.07.015,油菜籽皮仁中重金属、多环芳烃和硫苷含量分布,real_model_ready,False
10.19902/j.cnki.zgyz.1003-7969.2021.07.015,油菜籽皮仁中重金属、多环芳烃和硫苷含量分布,,,Sichuan,HM+OP,,,,0.07047,0.33456,,,,,,,,0.76,,,,,,,,,,,0,0,0,10.19902/j.cnki.zgyz.1003-7969.2021.07.015,油菜籽皮仁中重金属、多环芳烃和硫苷含量分布,real_model_ready,False
10.19902/j.cnki.zgyz.1003-7969.2021.07.015,油菜籽皮仁中重金属、多环芳烃和硫苷含量分布,,,Sichuan,HM+OP,,,,0.06752,0.26725,0.0316,,,,,,,1.42,,,,,,,,,,,0,0,0,10.19902/j.cnki.zgyz.1003-7969.2021.07.015,油菜籽皮仁中重金属、多环芳烃和硫苷含量分布,real_model_ready,False
10.19902/j.cnki.zgyz.1003-7969.2021.07.015,油菜籽皮仁中重金属、多环芳烃和硫苷含量分布,,,Sichuan,HM+OP,,,,0.0628,0.52516,,,,,,,,0.77,,,,,,,,,,,0,0,0,10.19902/j.cnki.zgyz.1003-7969.2021.07.015,油菜籽皮仁中重金属、多环芳烃和硫苷含量分布,real_model_ready,False
10.19902/j.cnki.zgyz.1003-7969.2021.07.015,油菜籽皮仁中重金属、多环芳烃和硫苷含量分布,,,Sichuan,HM+OP,,,,0.03239,0.17542,0.02143,,,,,,,0.61,,,,,,,,,,,0,0,0,10.19902/j.cnki.zgyz.1003-7969.2021.07.015,油菜籽皮仁中重金属、多环芳烃和硫苷含量分布,real_model_ready,False
10.19902/j.cnki.zgyz.1003-7969.2021.07.015,油菜籽皮仁中重金属、多环芳烃和硫苷含量分布,,,Sichuan,HM+OP,,,,0.02746,0.05292,,,,,,,,0.5,,,,,,,,,,,0,0,0,10.19902/j.cnki.zgyz.1003-7969.2021.07.015,油菜籽皮仁中重金属、多环芳烃和硫苷含量分布,real_model_ready,False
10.19902/j.cnki.zgyz.1003-7969.2021.07.015,油菜籽皮仁中重金属、多环芳烃和硫苷含量分布,,,Shandong,HM+OP,,,,0.02322,0.39517,0.02718,,,,,,,0.8,,,,,,,,,,,0,0,0,10.19902/j.cnki.zgyz.1003-7969.2021.07.015,油菜籽皮仁中重金属、多环芳烃和硫苷含量分布,real_model_ready,False
10.19902/j.cnki.zgyz.1003-7969.2021.07.015,油菜籽皮仁中重金属、多环芳烃和硫苷含量分布,,,Shandong,HM+OP,,,,0.01934,0.10318,,,,,,,,0.75,,,,,,,,,,,0,0,0,10.19902/j.cnki.zgyz.1003-7969.2021.07.015,油菜籽皮仁中重金属、多环芳烃和硫苷含量分布,real_model_ready,False
10.19672/j.cnki.1003-6504.0346.23.338,生物炭基肥中重金属、多环芳烃的含量及风险,,,,HM+OP,,,,,,,,,,447,37.4,2827.28,,,,,,,,,,,,1,1,1,10.19672/j.cnki.1003-6504.0346.23.338,生物炭基肥中重金属、多环芳烃的含量及风险,real_model_ready,False
10.19672/j.cnki.1003-6504.0346.23.338,生物炭基肥中重金属、多环芳烃的含量及风险,,,,HM+OP,,,,,,,,,,,,2171.63,,,,,,,,,,,,1,1,1,10.19672/j.cnki.1003-6504.0346.23.338,生物炭基肥中重金属、多环芳烃的含量及风险,real_model_ready,False
10.19672/j.cnki.1003-6504.0346.23.338,生物炭基肥中重金属、多环芳烃的含量及风险,,,,HM+OP,,,,,,,,,,,,4206.08,,,,,,,,,,,,1,1,1,10.19672/j.cnki.1003-6504.0346.23.338,生物炭基肥中重金属、多环芳烃的含量及风险,real_model_ready,False
10.19672/j.cnki.1003-6504.0346.23.338,生物炭基肥中重金属、多环芳烃的含量及风险,,,,HM+OP,,,,,,,,,,,,3474.45,,,,,,,,,,,,1,1,1,10.19672/j.cnki.1003-6504.0346.23.338,生物炭基肥中重金属、多环芳烃的含量及风险,real_model_ready,False
10.19672/j.cnki.1003-6504.0346.23.338,生物炭基肥中重金属、多环芳烃的含量及风险,,,,HM+OP,,,,,,,,,,,,2866.9,,,,,,,,,,,,1,1,1,10.19672/j.cnki.1003-6504.0346.23.338,生物炭基肥中重金属、多环芳烃的含量及风险,real_model_ready,False
10.19672/j.cnki.1003-6504.0346.23.338,生物炭基肥中重金属、多环芳烃的含量及风险,,,,HM+OP,,,,,,,,,,,,2706.69,,,,,,,,,,,,1,1,1,10.19672/j.cnki.1003-6504.0346.23.338,生物炭基肥中重金属、多环芳烃的含量及风险,real_model_ready,False
10.19672/j.cnki.1003-6504.0346.23.338,生物炭基肥中重金属、多环芳烃的含量及风险,,,,HM+OP,,,,,,,,,,,,3403.35,,,,,,,,,,,,1,1,1,10.19672/j.cnki.1003-6504.0346.23.338,生物炭基肥中重金属、多环芳烃的含量及风险,real_model_ready,False
10.13961/j.cnki.stbctb.2012.05.022,腐殖酸与活性污泥对污染土壤联合修复研究,,,Zhejiang,HM+OP,6.8,,,,400,,,,800,600,,,,,,,,,,,,,,1,0,1,10.13961/j.cnki.stbctb.2012.05.022,腐殖酸与活性污泥对污染土壤联合修复研究,real_model_ready,False
10.13292/j.1000-4890.202409.030,表面活性剂强化生物修复重金属和多环芳烃污染土壤研究进展,,,,HM+OP,,,,0.4,60,,,,17,105,,,,,,,,,,,,,,1,0,1,10.13292/j.1000-4890.202409.030,表面活性剂强化生物修复重金属和多环芳烃污染土壤研究进展,real_model_ready,False
10.13292/j.1000-4890.202409.030,表面活性剂强化生物修复重金属和多环芳烃污染土壤研究进展,,,,HM+OP,,,,1.3,1127,93.6,41.3,,289,402,,,,,,,,,,,,,,1,1,1,10.13292/j.1000-4890.202409.030,表面活性剂强化生物修复重金属和多环芳烃污染土壤研究进展,real_model_ready,False
10.13292/j.1000-4890.202409.030,表面活性剂强化生物修复重金属和多环芳烃污染土壤研究进展,,,,HM+OP,,,,,357,,541.0,1.39,171,3373,,,,,,,,,,,,,,1,1,1,10.13292/j.1000-4890.202409.030,表面活性剂强化生物修复重金属和多环芳烃污染土壤研究进展,real_model_ready,False
10.13292/j.1000-4890.202409.030,表面活性剂强化生物修复重金属和多环芳烃污染土壤研究进展,,,,HM+OP,,,,,703.2,123.6,,,,,,,,,,,,,,,,,,1,1,1,10.13292/j.1000-4890.202409.030,表面活性剂强化生物修复重金属和多环芳烃污染土壤研究进展,real_model_ready,False
10.13292/j.1000-4890.202409.030,表面活性剂强化生物修复重金属和多环芳烃污染土壤研究进展,,,,HM+OP,,,,,,105,14.0,,,96,,,,,,,,,,,,,,1,1,1,10.13292/j.1000-4890.202409.030,表面活性剂强化生物修复重金属和多环芳烃污染土壤研究进展,real_model_ready,False
10.13292/j.1000-4890.202409.030,表面活性剂强化生物修复重金属和多环芳烃污染土壤研究进展,,,,HM+OP,,,,0.6,55,16,21.3,,45.5,147,,,,,,,,,,,,,,1,0,1,10.13292/j.1000-4890.202409.030,表面活性剂强化生物修复重金属和多环芳烃污染土壤研究进展,real_model_ready,False
10.13292/j.1000-4890.202409.030,表面活性剂强化生物修复重金属和多环芳烃污染土壤研究进展,,,,HM+OP,,,,,300,,490.0,,360,5200,,,,,,,,,,,,,,1,1,1,10.13292/j.1000-4890.202409.030,表面活性剂强化生物修复重金属和多环芳烃污染土壤研究进展,real_model_ready,False
10.13292/j.1000-4890.202409.030,表面活性剂强化生物修复重金属和多环芳烃污染土壤研究进展,,,,HM+OP,,,,6.7,66.8,,93.2,,78.6,460,,,,,,,,,,,,,,1,0,1,10.13292/j.1000-4890.202409.030,表面活性剂强化生物修复重金属和多环芳烃污染土壤研究进展,real_model_ready,False
10.13292/j.1000-4890.202409.030,表面活性剂强化生物修复重金属和多环芳烃污染土壤研究进展,,,,HM+OP,,,,0.21,25.85,7.38,51.56,0.19,20.75,57.21,,,,,,,,,,,,,,0,0,0,10.13292/j.1000-4890.202409.030,表面活性剂强化生物修复重金属和多环芳烃污染土壤研究进展,real_model_ready,False
10.20025/j.cnki.CN10-1679.2024-22-42,重金属-有机物复合污染场地的修复技术研究,,,,HM+OP,,,,,395.6,,,,,,1797.1,,,,,,,,,,,,,1,1,1,10.20025/j.cnki.CN10-1679.2024-22-42,重金属-有机物复合污染场地的修复技术研究,real_model_ready,False
10.19741/j.issn.1673-4831.2018.0669,重金属与多环芳烃复合污染土壤的分布特征及修复技术研究进展,,,辽宁省,HM+OP,,,,,52.4,10.35,61.35,,92.5,228.8,33.9,,,,,,,,,,,,,0,0,0,10.19741/j.issn.1673-4831.2018.0669,重金属与多环芳烃复合污染土壤的分布特征及修复技术研究进展,real_model_ready,False
10.19741/j.issn.1673-4831.2018.0669,重金属与多环芳烃复合污染土壤的分布特征及修复技术研究进展,,,山西省,HM+OP,,,,0.386,35.9,13.8,77.05,,,,,,,,,,,,,,,,,1,0,1,10.19741/j.issn.1673-4831.2018.0669,重金属与多环芳烃复合污染土壤的分布特征及修复技术研究进展,real_model_ready,False
10.19741/j.issn.1673-4831.2018.0669,重金属与多环芳烃复合污染土壤的分布特征及修复技术研究进展,,,陕西省,HM+OP,,,,14.08,200.21,,,2.64,,,,,,,,,,,,,,,,1,0,1,10.19741/j.issn.1673-4831.2018.0669,重金属与多环芳烃复合污染土壤的分布特征及修复技术研究进展,real_model_ready,False
10.19741/j.issn.1673-4831.2018.0669,重金属与多环芳烃复合污染土壤的分布特征及修复技术研究进展,,,福建省,HM+OP,,,,0.6,55,16,21.3,,45.5,147,,,,,,,,,,,,,,1,0,1,10.19741/j.issn.1673-4831.2018.0669,重金属与多环芳烃复合污染土壤的分布特征及修复技术研究进展,real_model_ready,False
10.19741/j.issn.1673-4831.2018.0669,重金属与多环芳烃复合污染土壤的分布特征及修复技术研究进展,,,未知,HM+OP,,,,,,20,,,,,,,,,,,,,,,,,,0,0,0,10.19741/j.issn.1673-4831.2018.0669,重金属与多环芳烃复合污染土壤的分布特征及修复技术研究进展,real_model_ready,False
10.1016/J.JCLEPRO.2022.135417,p8_10.1016_J.JCLEPRO.2022.135417,,,Shaanxi,HM+OP,,,,0.155,,,,,,,,,,,,,,,,,,,,0,0,0,10.1016/J.JCLEPRO.2022.135417,p8_10.1016_J.JCLEPRO.2022.135417,real_model_ready,False
10.1016/J.JCLEPRO.2022.135417,p8_10.1016_J.JCLEPRO.2022.135417,,,Shaanxi,HM+OP,,,,0.155,,,,,,,,,,,,,,,,,,,,0,0,0,10.1016/J.JCLEPRO.2022.135417,p8_10.1016_J.JCLEPRO.2022.135417,real_model_ready,False
10.1016/J.JCLEPRO.2022.135417,p8_10.1016_J.JCLEPRO.2022.135417,,,Shaanxi,HM+OP,,,,0.155,,,,,,,,,,,,,,,,,,,,0,0,0,10.1016/J.JCLEPRO.2022.135417,p8_10.1016_J.JCLEPRO.2022.135417,real_model_ready,False
10.1016/J.JCLEPRO.2022.135417,p8_10.1016_J.JCLEPRO.2022.135417,,,Shaanxi,HM+OP,,,,0.155,,,,,,,,,,,,,,,,,,,,0,0,0,10.1016/J.JCLEPRO.2022.135417,p8_10.1016_J.JCLEPRO.2022.135417,real_model_ready,False
10.1016/J.JCLEPRO.2022.135417,p8_10.1016_J.JCLEPRO.2022.135417,,,Shaanxi,HM+OP,,,,0.155,,,,,,,,,,,,,,,,,,,,0,0,0,10.1016/J.JCLEPRO.2022.135417,p8_10.1016_J.JCLEPRO.2022.135417,real_model_ready,False
10.1016/J.JCLEPRO.2022.135417,p8_10.1016_J.JCLEPRO.2022.135417,,,Shaanxi,HM+OP,,,,0.155,,,,,,,,,,,,,,,,,,,,0,0,0,10.1016/J.JCLEPRO.2022.135417,p8_10.1016_J.JCLEPRO.2022.135417,real_model_ready,False
10.1016/J.JCLEPRO.2022.135417,p8_10.1016_J.JCLEPRO.2022.135417,,,Shaanxi,HM+OP,,,,0.155,,,,,,,,,,,,,,,,,,,,0,0,0,10.1016/J.JCLEPRO.2022.135417,p8_10.1016_J.JCLEPRO.2022.135417,real_model_ready,False
10.1016/J.JHAZMAT.2021.128096,p8_10.1016_J.JHAZMAT.2021.128096,36.7167,117.1667,Shandong,HM+OP,7.3,,,8.6,441.4,,,,,326.5,,,,,,,,,,,,,,1,0,1,10.1016/J.JHAZMAT.2021.128096,p8_10.1016_J.JHAZMAT.2021.128096,real_model_ready,False
10.1016/J.JHAZMAT.2021.128096,p8_10.1016_J.JHAZMAT.2021.128096,36.7167,117.1667,Shandong,HM+OP,7.3,,,6.5,201.6,,,,,153.1,,,,,,,,,,,,,,1,0,1,10.1016/J.JHAZMAT.2021.128096,p8_10.1016_J.JHAZMAT.2021.128096,real_model_ready,False
10.1016/j.chemosphere.2015.12.050,p8_10.1016_j.chemosphere.2015.12.050,,,Jiangsu,HM+OP,7.3,,3.51,45.4,565,13.5,75.2,,44.3,376,85.6,,,,,,,,,,,,,1,0,1,10.1016/j.chemosphere.2015.12.050,p8_10.1016_j.chemosphere.2015.12.050,real_model_ready,False
10.1016/j.ecoenv.2018.02.028,Effect of Bacillus subtilis and NTA-APG on pyrene dissipation in phytoremediation of nickel co-contaminated wetlands by Scirpus triqueter,31.3,121.7,Shanghai,HM+OP,8.3,,1.14,,,,,,,,296,,,,,,,,,,,,,1,0,1,10.1016/j.ecoenv.2018.02.028,Effect of Bacillus subtilis and NTA-APG on pyrene dissipation in phytoremediation of nickel co-contaminated wetlands by Scirpus triqueter,real_model_ready,False
10.1016/j.ecoenv.2018.02.028,Effect of Bacillus subtilis and NTA-APG on pyrene dissipation in phytoremediation of nickel co-contaminated wetlands by Scirpus triqueter,31.3,121.7,Shanghai,HM+OP,8.3,,1.14,,,,,,,,,,,,,,,,,,,,,0,0,0,10.1016/j.ecoenv.2018.02.028,Effect of Bacillus subtilis and NTA-APG on pyrene dissipation in phytoremediation of nickel co-contaminated wetlands by Scirpus triqueter,real_model_ready,False
10.1016/j.ecoenv.2018.02.028,Effect of Bacillus subtilis and NTA-APG on pyrene dissipation in phytoremediation of nickel co-contaminated wetlands by Scirpus triqueter,31.3,121.7,Shanghai,HM+OP,8.3,,1.14,,,,,,,,,,,,,,,,,,,,,0,0,0,10.1016/j.ecoenv.2018.02.028,Effect of Bacillus subtilis and NTA-APG on pyrene dissipation in phytoremediation of nickel co-contaminated wetlands by Scirpus triqueter,real_model_ready,False
10.1016/j.ecoenv.2018.02.028,Effect of Bacillus subtilis and NTA-APG on pyrene dissipation in phytoremediation of nickel co-contaminated wetlands by Scirpus triqueter,31.3,121.7,Shanghai,HM+OP,8.3,,1.14,,,,,,,,,,,,,,,,,,,,,0,0,0,10.1016/j.ecoenv.2018.02.028,Effect of Bacillus subtilis and NTA-APG on pyrene dissipation in phytoremediation of nickel co-contaminated wetlands by Scirpus triqueter,real_model_ready,False
10.1016/j.ecoenv.2020.110651,Residual effects of organochlorine pesticides (OCPs) in an e-waste recycling area compared with heavy metal pollution,,,Guangdong,HM+OP,,,,,194,,,,230,,,,,,37.7,,16.1,,,,,,,1,0,1,10.1016/j.ecoenv.2020.110651,Residual effects of organochlorine pesticides (OCPs) in an e-waste recycling area compared with heavy metal pollution,real_model_ready,False
10.1016/j.ecoenv.2020.110651,Residual effects of organochlorine pesticides (OCPs) in an e-waste recycling area compared with heavy metal pollution,,,Guangdong,HM+OP,,,,,87,,,,147,,,,,8.4,3.63,,3.33,,,,,,,1,0,1,10.1016/j.ecoenv.2020.110651,Residual effects of organochlorine pesticides (OCPs) in an e-waste recycling area compared with heavy metal pollution,real_model_ready,False
10.1016/j.ecoenv.2020.110651,Residual effects of organochlorine pesticides (OCPs) in an e-waste recycling area compared with heavy metal pollution,,,Guangdong,HM+OP,,,,,1224,,,,1025,,,,,295.0,110.0,,95.8,,,,,,,1,1,1,10.1016/j.ecoenv.2020.110651,Residual effects of organochlorine pesticides (OCPs) in an e-waste recycling area compared with heavy metal pollution,real_model_ready,False
10.1016/j.ecoenv.2020.110651,Residual effects of organochlorine pesticides (OCPs) in an e-waste recycling area compared with heavy metal pollution,,,Guangdong,HM+OP,,,,,42.5,,,,69,,,,,24.1,15.3,,6.07,,,,,,,0,0,0,10.1016/j.ecoenv.2020.110651,Residual effects of organochlorine pesticides (OCPs) in an e-waste recycling area compared with heavy metal pollution,real_model_ready,False
10.1016/j.ecoenv.2024.116965,"Spatial interaction and risk zoning of compound pollutants in farmland soils: Insights from heavy metals and polycyclic aromatic hydrocarbons in Hezhang County, China",,,Guizhou,HM+OP,,,,3.3,632,194,112.0,0.21,164,1110,64,267.0,,,,,,,,,,172.4,94.1,1,1,1,10.1016/j.ecoenv.2024.116965,"Spatial interaction and risk zoning of compound pollutants in farmland soils: Insights from heavy metals and polycyclic aromatic hydrocarbons in Hezhang County, China",real_model_ready,False
10.1016/j.envpol.2022.118925,"Spatial clustering and source-specific risk of combined pollutants in soils from an industrial area in Shanxi Province, China",,,Shanxi,HM+OP,,,1.305,,,,,,,,,,,,,,,,,,,,,0,0,0,10.1016/j.envpol.2022.118925,"Spatial clustering and source-specific risk of combined pollutants in soils from an industrial area in Shanxi Province, China",real_model_ready,False
10.1016/j.jhazmat.2024.136500,"A spatial source-oriented and probability-based risk-assessment framework for heavy metal and PAH contamination of urban soils in Guangzhou, China",,,Guangdong,HM+OP,,,,1.46,68.6,18.2,98.3,0.44,64.2,257.3,26.5,,,,,,,,,,,,,1,0,1,10.1016/j.jhazmat.2024.136500,"A spatial source-oriented and probability-based risk-assessment framework for heavy metal and PAH contamination of urban soils in Guangzhou, China",real_model_ready,False
10.1016/j.marpolbul.2025.118163,p8_Jin_W_Song_K_Zhai_C_et_al_MarPollutBull_2025_null,34.7447,119.7197,Jiangsu,HM+OP,,,,,,,,,,,,,,,,,,,,,0.0227,,,0,0,0,10.1016/j.marpolbul.2025.118163,p8_Jin_W_Song_K_Zhai_C_et_al_MarPollutBull_2025_null,real_model_ready,False
10.1016/j.marpolbul.2025.118163,p8_Jin_W_Song_K_Zhai_C_et_al_MarPollutBull_2025_null,34.7447,119.7197,Jiangsu,HM+OP,,,,,,,,,,,,,,,,,,,,,0.00574,,,0,0,0,10.1016/j.marpolbul.2025.118163,p8_Jin_W_Song_K_Zhai_C_et_al_MarPollutBull_2025_null,real_model_ready,False
10.1016/j.marpolbul.2025.118163,p8_Jin_W_Song_K_Zhai_C_et_al_MarPollutBull_2025_null,34.7447,119.7197,Jiangsu,HM+OP,,,,,,,,,,,,,,,,,,,,,0.0093,,,0,0,0,10.1016/j.marpolbul.2025.118163,p8_Jin_W_Song_K_Zhai_C_et_al_MarPollutBull_2025_null,real_model_ready,False
10.1016/j.marpolbul.2025.118163,p8_Jin_W_Song_K_Zhai_C_et_al_MarPollutBull_2025_null,34.7447,119.7197,Jiangsu,HM+OP,,,,,,,,,,,,,,,,,,,,,0.00615,,,0,0,0,10.1016/j.marpolbul.2025.118163,p8_Jin_W_Song_K_Zhai_C_et_al_MarPollutBull_2025_null,real_model_ready,False
10.1016/j.marpolbul.2025.118163,p8_Jin_W_Song_K_Zhai_C_et_al_MarPollutBull_2025_null,34.7447,119.7197,Jiangsu,HM+OP,,,,,,,,,,,,,,,,,,,,,0.00576,,,0,0,0,10.1016/j.marpolbul.2025.118163,p8_Jin_W_Song_K_Zhai_C_et_al_MarPollutBull_2025_null,real_model_ready,False
10.1016/j.marpolbul.2025.118163,p8_Jin_W_Song_K_Zhai_C_et_al_MarPollutBull_2025_null,34.7447,119.7197,Jiangsu,HM+OP,,,,,,,,,,,,,,,,,,,,,0.0063,,,0,0,0,10.1016/j.marpolbul.2025.118163,p8_Jin_W_Song_K_Zhai_C_et_al_MarPollutBull_2025_null,real_model_ready,False
10.1016/j.marpolbul.2025.118163,p8_Jin_W_Song_K_Zhai_C_et_al_MarPollutBull_2025_null,34.7447,119.7197,Jiangsu,HM+OP,,,,,,,,,,,,,,,,,,,,,0.00484,,,0,0,0,10.1016/j.marpolbul.2025.118163,p8_Jin_W_Song_K_Zhai_C_et_al_MarPollutBull_2025_null,real_model_ready,False
10.1016/j.marpolbul.2025.118163,p8_Jin_W_Song_K_Zhai_C_et_al_MarPollutBull_2025_null,34.7447,119.7197,Jiangsu,HM+OP,,,,,,,,,,,,,,,,,,,,,0.00522,,,0,0,0,10.1016/j.marpolbul.2025.118163,p8_Jin_W_Song_K_Zhai_C_et_al_MarPollutBull_2025_null,real_model_ready,False
10.1016/j.marpolbul.2025.118163,p8_Jin_W_Song_K_Zhai_C_et_al_MarPollutBull_2025_null,34.7447,119.7197,Jiangsu,HM+OP,,,,,,,,,,,,,,,,,,,,,0.01488,,,0,0,0,10.1016/j.marpolbul.2025.118163,p8_Jin_W_Song_K_Zhai_C_et_al_MarPollutBull_2025_null,real_model_ready,False
10.1016/j.marpolbul.2025.118163,p8_Jin_W_Song_K_Zhai_C_et_al_MarPollutBull_2025_null,34.7447,119.7197,Jiangsu,HM+OP,,,,,,,,,,,,,,,,,,,,,0.00683,,,0,0,0,10.1016/j.marpolbul.2025.118163,p8_Jin_W_Song_K_Zhai_C_et_al_MarPollutBull_2025_null,real_model_ready,False
10.1016/j.jhazmat.2007.07.014,p8_Khan_S_Lin_A_Zhang_S_et_al_JHazardMater_2008_null,,,Tianjin,HM+OP,7.83,,,2.58,35,,77.5,,41.5,,38.5,,94.6,,,,,,,,,,,1,0,1,10.1016/j.jhazmat.2007.07.014,p8_Khan_S_Lin_A_Zhang_S_et_al_JHazardMater_2008_null,real_model_ready,False
10.1016/j.jhazmat.2007.07.014,p8_Khan_S_Lin_A_Zhang_S_et_al_JHazardMater_2008_null,,,Tianjin,HM+OP,8.28,,,1.24,38.4,,75.5,,36,,35.8,,49.2,,,,,,,,,,,1,0,1,10.1016/j.jhazmat.2007.07.014,p8_Khan_S_Lin_A_Zhang_S_et_al_JHazardMater_2008_null,real_model_ready,False
10.1016/j.jhazmat.2007.07.014,p8_Khan_S_Lin_A_Zhang_S_et_al_JHazardMater_2008_null,,,Tianjin,HM+OP,8.25,,,1.35,97.9,,76.6,,61.8,,33.8,,0.0,,,,,,,,,,,1,0,1,10.1016/j.jhazmat.2007.07.014,p8_Khan_S_Lin_A_Zhang_S_et_al_JHazardMater_2008_null,real_model_ready,False
10.1016/j.jhazmat.2007.07.014,p8_Khan_S_Lin_A_Zhang_S_et_al_JHazardMater_2008_null,,,Tianjin,HM+OP,7.95,,,1.28,52.1,,67.6,,25.3,,33,,69.3,,,,,,,,,,,1,0,1,10.1016/j.jhazmat.2007.07.014,p8_Khan_S_Lin_A_Zhang_S_et_al_JHazardMater_2008_null,real_model_ready,False
10.1016/j.jhazmat.2007.07.014,p8_Khan_S_Lin_A_Zhang_S_et_al_JHazardMater_2008_null,,,Tianjin,HM+OP,8.15,,,0.8,29.7,,64.2,,22.8,,28.1,,70.5,,,,,,,,,,,1,0,1,10.1016/j.jhazmat.2007.07.014,p8_Khan_S_Lin_A_Zhang_S_et_al_JHazardMater_2008_null,real_model_ready,False
10.1016/j.eti.2021.101963,p8_Li_G_Wang_Z_Lv_Y_et_al_EnvironTechnolInnov_2021_10_1016-j_eti_2021_101963,34.87,113.82,Henan,HM+OP,7.43,,,16.8,,,,,,,,,,,,,,,,,,,,1,0,1,10.1016/j.eti.2021.101963,p8_Li_G_Wang_Z_Lv_Y_et_al_EnvironTechnolInnov_2021_10_1016-j_eti_2021_101963,real_model_ready,False
10.1016/j.envpol.2022.118925,p8_Liu_Q_Zhao_W_Ma_J_et_al_EnvironPollut_2022_null,35.85,111.38,Shanxi,HM+OP,,,,0.34,40.8,20,83.65,1.64,42.15,101.7,29.25,792.59,,,,,,,,,,,,1,1,1,10.1016/j.envpol.2022.118925,p8_Liu_Q_Zhao_W_Ma_J_et_al_EnvironPollut_2022_null,real_model_ready,False
10.1016/j.jece.2024.113145,p8_Nie_J_Wang_Q-m_Han_L-j_et_al_JEnvironChemEng_2024_null,,,,HM+OP,,,,,,,,,524,,,,,,,,,,,,,,,1,0,1,10.1016/j.jece.2024.113145,p8_Nie_J_Wang_Q-m_Han_L-j_et_al_JEnvironChemEng_2024_null,real_model_ready,False
10.1016/j.jece.2024.113145,p8_Nie_J_Wang_Q-m_Han_L-j_et_al_JEnvironChemEng_2024_null,,,,HM+OP,,,,19.2,,,,,,,,,,,,,,,,,,,,1,0,1,10.1016/j.jece.2024.113145,p8_Nie_J_Wang_Q-m_Han_L-j_et_al_JEnvironChemEng_2024_null,real_model_ready,False
10.1016/j.jece.2024.113145,p8_Nie_J_Wang_Q-m_Han_L-j_et_al_JEnvironChemEng_2024_null,,,,HM+OP,,,,,450,,,,,,,,,,,,,,,,,,,1,0,1,10.1016/j.jece.2024.113145,p8_Nie_J_Wang_Q-m_Han_L-j_et_al_JEnvironChemEng_2024_null,real_model_ready,False
10.1016/j.jece.2024.113145,p8_Nie_J_Wang_Q-m_Han_L-j_et_al_JEnvironChemEng_2024_null,,,,HM+OP,,,,,184.4,,,,122.3,,,,,,,,,,,,,,,1,0,1,10.1016/j.jece.2024.113145,p8_Nie_J_Wang_Q-m_Han_L-j_et_al_JEnvironChemEng_2024_null,real_model_ready,False
10.1016/j.jece.2024.113145,p8_Nie_J_Wang_Q-m_Han_L-j_et_al_JEnvironChemEng_2024_null,,,,HM+OP,,,,,230,,,,450,,,,,,,,,,,,,,,1,0,1,10.1016/j.jece.2024.113145,p8_Nie_J_Wang_Q-m_Han_L-j_et_al_JEnvironChemEng_2024_null,real_model_ready,False
10.1016/j.jece.2024.113145,p8_Nie_J_Wang_Q-m_Han_L-j_et_al_JEnvironChemEng_2024_null,,,,HM+OP,,,,600,,,,,600,,,,,,,,,,,,,,,1,1,1,10.1016/j.jece.2024.113145,p8_Nie_J_Wang_Q-m_Han_L-j_et_al_JEnvironChemEng_2024_null,real_model_ready,False
10.1016/j.jece.2024.113145,p8_Nie_J_Wang_Q-m_Han_L-j_et_al_JEnvironChemEng_2024_null,,,,HM+OP,,,,,,,,,,,446.6,,,,,,,,,,,,,1,0,1,10.1016/j.jece.2024.113145,p8_Nie_J_Wang_Q-m_Han_L-j_et_al_JEnvironChemEng_2024_null,real_model_ready,False
10.1016/j.jece.2024.113145,p8_Nie_J_Wang_Q-m_Han_L-j_et_al_JEnvironChemEng_2024_null,,,,HM+OP,,,,,,20,,,,,,,,,,,,,,,,,,0,0,0,10.1016/j.jece.2024.113145,p8_Nie_J_Wang_Q-m_Han_L-j_et_al_JEnvironChemEng_2024_null,real_model_ready,False
10.1016/j.jhazmat.2024.135547,p8_Ouyang_K_Lu_X_Meng_J_et_al_JHazardMater_2024_10_1016-j_jhazmat_2024_135547,,,,HM+OP,,,,,,,,,,,,,,,,,,,,,,,,0,0,0,10.1016/j.jhazmat.2024.135547,p8_Ouyang_K_Lu_X_Meng_J_et_al_JHazardMater_2024_10_1016-j_jhazmat_2024_135547,real_model_ready,False
10.1016/j.jhazmat.2024.135547,p8_Ouyang_K_Lu_X_Meng_J_et_al_JHazardMater_2024_10_1016-j_jhazmat_2024_135547,,,,HM+OP,,,,,,,,,,,,,,,,,,,,13.8,,,,0,0,0,10.1016/j.jhazmat.2024.135547,p8_Ouyang_K_Lu_X_Meng_J_et_al_JHazardMater_2024_10_1016-j_jhazmat_2024_135547,real_model_ready,False
10.1016/j.jhazmat.2024.135547,p8_Ouyang_K_Lu_X_Meng_J_et_al_JHazardMater_2024_10_1016-j_jhazmat_2024_135547,,,,HM+OP,,,,,,,,,,,,,,,,,,,,5.55,,,,0,0,0,10.1016/j.jhazmat.2024.135547,p8_Ouyang_K_Lu_X_Meng_J_et_al_JHazardMater_2024_10_1016-j_jhazmat_2024_135547,real_model_ready,False
10.1016/j.ecoenv.2020.110651,p8_Shi_J_Xiang_L_Wang_X_et_al_EcotoxicolEnvironSaf_2020_null,,,Guangdong,HM+OP,,,,,194,,,,230,,,,,,37.7,,16.1,,,,,,,1,0,1,10.1016/j.ecoenv.2020.110651,p8_Shi_J_Xiang_L_Wang_X_et_al_EcotoxicolEnvironSaf_2020_null,real_model_ready,False
10.1016/j.ecoenv.2020.110651,p8_Shi_J_Xiang_L_Wang_X_et_al_EcotoxicolEnvironSaf_2020_null,,,Guangdong,HM+OP,,,,,87,,,,147,,,,,,3.63,,3.33,,,,,,,1,0,1,10.1016/j.ecoenv.2020.110651,p8_Shi_J_Xiang_L_Wang_X_et_al_EcotoxicolEnvironSaf_2020_null,real_model_ready,False
10.1016/j.ecoenv.2020.110651,p8_Shi_J_Xiang_L_Wang_X_et_al_EcotoxicolEnvironSaf_2020_null,,,Guangdong,HM+OP,,,,,1224,,,,1025,,,,,295.0,110.0,,95.8,,,,,,,1,1,1,10.1016/j.ecoenv.2020.110651,p8_Shi_J_Xiang_L_Wang_X_et_al_EcotoxicolEnvironSaf_2020_null,real_model_ready,False
10.1016/j.ecoenv.2020.110651,p8_Shi_J_Xiang_L_Wang_X_et_al_EcotoxicolEnvironSaf_2020_null,,,Guangdong,HM+OP,,,,,42.5,,,,69,,,,,24.1,15.3,,6.07,,,,,,,0,0,0,10.1016/j.ecoenv.2020.110651,p8_Shi_J_Xiang_L_Wang_X_et_al_EcotoxicolEnvironSaf_2020_null,real_model_ready,False
10.1016/j.jhazmat.2009.08.134,p8_batch_08_10.1016_j.jhazmat.2009.08.134,,,Zhejiang,HM+OP,6.3,,,2.6,501.9,,269.1,1,296.3,432.7,48,719.4,5.1,,,364.3,,,,,,249.0,470.4,1,1,1,10.1016/j.jhazmat.2009.08.134,p8_batch_08_10.1016_j.jhazmat.2009.08.134,real_model_ready,False
10.1016/j.jhazmat.2009.08.134,p8_batch_08_10.1016_j.jhazmat.2009.08.134,,,Zhejiang,HM+OP,5.2,,,1.7,170.3,,21.0,0.2,77.9,210.4,14.3,715.5,5.1,,,77.4,,,,,,216.6,498.9,1,1,1,10.1016/j.jhazmat.2009.08.134,p8_batch_08_10.1016_j.jhazmat.2009.08.134,real_model_ready,False
10.1016/j.jhazmat.2009.08.134,p8_batch_08_10.1016_j.jhazmat.2009.08.134,,,Zhejiang,HM+OP,5.3,,,1.9,173.7,,16.4,0.2,155.7,177.7,11.7,607.2,1.1,,,123.0,,,,,,168.5,438.7,1,1,1,10.1016/j.jhazmat.2009.08.134,p8_batch_08_10.1016_j.jhazmat.2009.08.134,real_model_ready,False
10.1016/j.jhazmat.2009.08.134,p8_batch_08_10.1016_j.jhazmat.2009.08.134,,,Zhejiang,HM+OP,6.2,,,2.4,177.2,,95.6,0.9,205.2,399.9,52.6,764.0,7.1,,,265.7,,,,,,361.4,402.6,1,1,1,10.1016/j.jhazmat.2009.08.134,p8_batch_08_10.1016_j.jhazmat.2009.08.134,real_model_ready,False
10.1016/j.jhazmat.2009.08.134,p8_batch_08_10.1016_j.jhazmat.2009.08.134,,,Zhejiang,HM+OP,5.6,,,7.4,81.3,,112.7,0.3,140.8,660.8,66.3,672.2,1.1,,,73.8,,,,,,195.7,476.5,1,1,1,10.1016/j.jhazmat.2009.08.134,p8_batch_08_10.1016_j.jhazmat.2009.08.134,real_model_ready,False
10.1016/j.jhazmat.2009.08.134,p8_batch_08_10.1016_j.jhazmat.2009.08.134,,,Zhejiang,HM+OP,6,,,1.7,91.5,,91.3,0.4,227.3,283.5,83.8,488.0,1.2,,,52.0,,,,,,197.8,290.2,1,0,1,10.1016/j.jhazmat.2009.08.134,p8_batch_08_10.1016_j.jhazmat.2009.08.134,real_model_ready,False
10.1016/j.jhazmat.2009.08.134,p8_batch_08_10.1016_j.jhazmat.2009.08.134,,,Zhejiang,HM+OP,6.6,,,3.3,115.2,,102.9,0.3,161.4,237.2,66.1,684.6,3.1,,,96.5,,,,,,256.2,428.4,1,1,1,10.1016/j.jhazmat.2009.08.134,p8_batch_08_10.1016_j.jhazmat.2009.08.134,real_model_ready,False
10.1016/j.jhazmat.2009.08.134,p8_batch_08_10.1016_j.jhazmat.2009.08.134,,,Zhejiang,HM+OP,4.2,,,9.6,184.4,,91.3,3.2,576.7,263,120.4,850.7,3.9,,,84.7,,,,,,413.0,437.7,1,1,1,10.1016/j.jhazmat.2009.08.134,p8_batch_08_10.1016_j.jhazmat.2009.08.134,real_model_ready,False
10.1016/j.jhazmat.2009.08.134,p8_batch_08_10.1016_j.jhazmat.2009.08.134,,,Zhejiang,HM+OP,5.7,,,0.6,102.8,,88.6,0.4,272.3,143.8,107.4,371.8,3.3,,,102.2,,,,,,209.2,162.6,1,0,1,10.1016/j.jhazmat.2009.08.134,p8_batch_08_10.1016_j.jhazmat.2009.08.134,real_model_ready,False
10.1016/j.jhazmat.2009.08.134,p8_batch_08_10.1016_j.jhazmat.2009.08.134,,,Zhejiang,HM+OP,6.2,,,2.8,200.1,,125.9,1.7,222.5,221.2,71,730.5,7.0,,,552.3,,,,,,412.7,317.8,1,1,1,10.1016/j.jhazmat.2009.08.134,p8_batch_08_10.1016_j.jhazmat.2009.08.134,real_model_ready,False
10.1016/j.jhazmat.2009.08.134,p8_batch_08_10.1016_j.jhazmat.2009.08.134,,,Zhejiang,HM+OP,6,,,7.9,295.2,,65.9,654.1,361.7,437.3,53.3,1231.2,25.6,,,5789.5,,,,,,854.4,376.8,1,1,1,10.1016/j.jhazmat.2009.08.134,p8_batch_08_10.1016_j.jhazmat.2009.08.134,real_model_ready,False
10.1016/j.jhazmat.2009.08.134,p8_batch_08_10.1016_j.jhazmat.2009.08.134,,,Zhejiang,HM+OP,5.9,,,12.5,2374.1,,40.5,9.3,1641.3,518.7,68.6,787.3,6.7,,,826.0,,,,,,447.0,340.3,1,1,1,10.1016/j.jhazmat.2009.08.134,p8_batch_08_10.1016_j.jhazmat.2009.08.134,real_model_ready,False
10.1016/j.jhazmat.2009.08.134,p8_batch_08_10.1016_j.jhazmat.2009.08.134,,,Zhejiang,HM+OP,6.8,,,0.04,33,,56.5,,32.3,157.8,,105.0,5.1,,,24.9,,,,,,57.3,47.7,0,0,0,10.1016/j.jhazmat.2009.08.134,p8_batch_08_10.1016_j.jhazmat.2009.08.134,real_model_ready,False
10.1016/j.jhazmat.2009.08.134,p8_batch_08_10.1016_j.jhazmat.2009.08.134,,,Zhejiang,HM+OP,6,,,,,,,,,,,,,,,7914.1,,,,,,,,1,1,1,10.1016/j.jhazmat.2009.08.134,p8_batch_08_10.1016_j.jhazmat.2009.08.134,real_model_ready,False
10.1016/j.jhazmat.2009.08.134,p8_batch_08_10.1016_j.jhazmat.2009.08.134,,,Zhejiang,HM+OP,6,,,,,,,,,,,,,,,1664.4,,,,,,,,1,1,1,10.1016/j.jhazmat.2009.08.134,p8_batch_08_10.1016_j.jhazmat.2009.08.134,real_model_ready,False
10.1016/j.jhazmat.2009.08.134,p8_batch_08_10.1016_j.jhazmat.2009.08.134,,,Zhejiang,HM+OP,6,,,,,,,,,,,,,,,6042.3,,,,,,,,1,1,1,10.1016/j.jhazmat.2009.08.134,p8_batch_08_10.1016_j.jhazmat.2009.08.134,real_model_ready,False
10.1016/j.jhazmat.2009.08.134,p8_batch_08_10.1016_j.jhazmat.2009.08.134,,,Zhejiang,HM+OP,6,,,,,,,,,,,,,,,7537.1,,,,,,,,1,1,1,10.1016/j.jhazmat.2009.08.134,p8_batch_08_10.1016_j.jhazmat.2009.08.134,real_model_ready,False
10.1016/j.jhazmat.2009.08.134,p8_batch_08_10.1016_j.jhazmat.2009.08.134,,,Zhejiang,HM+OP,6,,,,,,,,,,,,,,,484500.0,,,,,,,,1,1,1,10.1016/j.jhazmat.2009.08.134,p8_batch_08_10.1016_j.jhazmat.2009.08.134,real_model_ready,False
10.1016/J.JHAZMAT.2021.127514,Synergistic leaching of heavy metal-polycyclic aromatic hydrocarbon in co-contaminated soil by hydroxamate siderophore: Role of cation-π and chelation,,,Hunan,HM+OP,,,,27.5,110.4,,,6.9,477.7,10606.9,137.4,90200.0,,,,,,,,,,,,1,1,1,10.1016/J.JHAZMAT.2021.127514,Synergistic leaching of heavy metal-polycyclic aromatic hydrocarbon in co-contaminated soil by hydroxamate siderophore: Role of cation-π and chelation,real_model_ready,False
10.1016/j.jhazmat.2022.129727,Effects of combined pollution of organic pollutants and heavy metals on biodiversity and soil multifunctionality in e-waste contaminated soil,,,Zhejiang,HM+OP,,,,0.1,54.1,,,,22,42.6,,34.4,,,,16.2,,,15.2,,,,,0,0,0,10.1016/j.jhazmat.2022.129727,Effects of combined pollution of organic pollutants and heavy metals on biodiversity and soil multifunctionality in e-waste contaminated soil,real_model_ready,False
10.1016/j.jhazmat.2022.129727,Effects of combined pollution of organic pollutants and heavy metals on biodiversity and soil multifunctionality in e-waste contaminated soil,,,Zhejiang,HM+OP,,,,14.8,671.3,,,,1705.2,2264.9,,2825.5,,,,905.4,,,1914.7,,,,,1,1,1,10.1016/j.jhazmat.2022.129727,Effects of combined pollution of organic pollutants and heavy metals on biodiversity and soil multifunctionality in e-waste contaminated soil,real_model_ready,False
10.1016/j.jhazmat.2023.130934,Three-dimensional distribution characteristics of multiple pollutants in the soil at a steelworks mega-site based on multi-source information,,,,HM+OP,,,,0.15,25.85,8.905,,,,,,25580.0,,,,,,,,,,,,1,1,1,10.1016/j.jhazmat.2023.130934,Three-dimensional distribution characteristics of multiple pollutants in the soil at a steelworks mega-site based on multi-source information,real_model_ready,False
10.1016/j.jhazmat.2023.130934,Three-dimensional distribution characteristics of multiple pollutants in the soil at a steelworks mega-site based on multi-source information,,,,HM+OP,,,,0.93,44.46,9.81,,,,,,25580.0,,,,,,,,,,,,1,1,1,10.1016/j.jhazmat.2023.130934,Three-dimensional distribution characteristics of multiple pollutants in the soil at a steelworks mega-site based on multi-source information,real_model_ready,False
10.13338/j.issn.1674-649x.2025.03.012,黄河流域土壤中微塑料、重金属、多环芳烃的分布特征及生态风险评价,35.85,102.8,青海省,HM+OP,,,,,,,,,,,,3837000.0,,,,,,,,,,,,1,1,1,10.13338/j.issn.1674-649x.2025.03.012,黄河流域土壤中微塑料、重金属、多环芳烃的分布特征及生态风险评价,real_model_ready,False
10.13338/j.issn.1674-649x.2025.03.012,黄河流域土壤中微塑料、重金属、多环芳烃的分布特征及生态风险评价,36.4167,119.2167,山东省,HM+OP,,,,,,,,,,,,6309000.0,510.0,,,,,,,,,,,1,1,1,10.13338/j.issn.1674-649x.2025.03.012,黄河流域土壤中微塑料、重金属、多环芳烃的分布特征及生态风险评价,real_model_ready,False
10.27461/d.cnki.gzjdx.2024.000757,Response mechanism of soil microorganisms to combined contamination of arsenic and polycyclic aromatic hydrocarbons,,,,HM+OP,,,,,,600,,,,,,15000.0,,,,,,,,,,,,1,1,1,10.27461/d.cnki.gzjdx.2024.000757,Response mechanism of soil microorganisms to combined contamination of arsenic and polycyclic aromatic hydrocarbons,real_model_ready,False
10.27461/d.cnki.gzjdx.2024.000757,Response mechanism of soil microorganisms to combined contamination of arsenic and polycyclic aromatic hydrocarbons,,,,HM+OP,,,,,,300,,,,,,30000.0,,,,,,,,,,,,1,1,1,10.27461/d.cnki.gzjdx.2024.000757,Response mechanism of soil microorganisms to combined contamination of arsenic and polycyclic aromatic hydrocarbons,real_model_ready,False
10.27466/d.cnki.gzzdu.2023.002589,Distribution Characteristics and Risk Assessment of Polycyclic Aromatic Hydrocarbons and Microplastics in Typical Petrochemical Urban Soils,,,Heilongjiang,HM+OP,,,,,,,,,,,,242970.0,,,,,,,,,,,,1,1,1,10.27466/d.cnki.gzzdu.2023.002589,Distribution Characteristics and Risk Assessment of Polycyclic Aromatic Hydrocarbons and Microplastics in Typical Petrochemical Urban Soils,real_model_ready,False
10.27466/d.cnki.gzzdu.2023.002589,Distribution Characteristics and Risk Assessment of Polycyclic Aromatic Hydrocarbons and Microplastics in Typical Petrochemical Urban Soils,,,Heilongjiang,HM+OP,,,,,,,,,,,,1413590.0,,,,,,,,,,,,1,1,1,10.27466/d.cnki.gzzdu.2023.002589,Distribution Characteristics and Risk Assessment of Polycyclic Aromatic Hydrocarbons and Microplastics in Typical Petrochemical Urban Soils,real_model_ready,False
10.27624/d.cnki.gzkbu.2022.000174,重金属-多环芳烃复合污染土壤植物微生物联合修复机理,,,,HM+OP,,,,,,,,,,,,1207000000.0,,,,,,,,,,,,1,1,1,10.27624/d.cnki.gzkbu.2022.000174,重金属-多环芳烃复合污染土壤植物微生物联合修复机理,real_model_ready,False
10.1007/s10646-020-02320-2,"Risk assessment and ecotoxicological diagnosis of soil from a chemical industry park in Nanjing, China",32.270833,118.793611,Jiangsu,HM+OP,7.53,,0.76,,22.2,,67.6,,20.2,79,28.7,2390000.0,100000.0,,,,,,,,,,,1,1,1,10.1007/s10646-020-02320-2,"Risk assessment and ecotoxicological diagnosis of soil from a chemical industry park in Nanjing, China",real_model_ready,False
10.1007/s10646-020-02320-2,"Risk assessment and ecotoxicological diagnosis of soil from a chemical industry park in Nanjing, China",32.270833,118.793611,Jiangsu,HM+OP,8.1,,5.58,,154.5,,284.0,,64.4,849.5,43.1,25600000.0,1530000.0,,,,,,,,,,,1,1,1,10.1007/s10646-020-02320-2,"Risk assessment and ecotoxicological diagnosis of soil from a chemical industry park in Nanjing, China",real_model_ready,False
10.1007/s10646-020-02320-2,"Risk assessment and ecotoxicological diagnosis of soil from a chemical industry park in Nanjing, China",32.270833,118.793611,Jiangsu,HM+OP,7.53,,0.76,,394,,188.6,,466,1729,69.3,99020000.0,6300000.0,,,,,,,,,,,1,1,1,10.1007/s10646-020-02320-2,"Risk assessment and ecotoxicological diagnosis of soil from a chemical industry park in Nanjing, China",real_model_ready,False
10.1007/s10646-020-02320-2,"Risk assessment and ecotoxicological diagnosis of soil from a chemical industry park in Nanjing, China",32.270833,118.793611,Jiangsu,HM+OP,8.1,,5.58,,120.8,,195.8,,104.8,631.2,58.9,9020000.0,350000.0,,,,,,,,,,,1,1,1,10.1007/s10646-020-02320-2,"Risk assessment and ecotoxicological diagnosis of soil from a chemical industry park in Nanjing, China",real_model_ready,False
10.1007/s10646-020-02320-2,"Risk assessment and ecotoxicological diagnosis of soil from a chemical industry park in Nanjing, China",32.270833,118.793611,Jiangsu,HM+OP,7.53,,0.76,,67.9,,85.0,,33.4,136.2,32,3160000.0,140000.0,,,,,,,,,,,1,1,1,10.1007/s10646-020-02320-2,"Risk assessment and ecotoxicological diagnosis of soil from a chemical industry park in Nanjing, China",real_model_ready,False
10.1007/s10646-020-02320-2,"Risk assessment and ecotoxicological diagnosis of soil from a chemical industry park in Nanjing, China",32.270833,118.793611,Jiangsu,HM+OP,7.53,,0.76,,62.7,,67.9,,43.2,145.1,29.8,5590000.0,200000.0,,,,,,,,,,,1,1,1,10.1007/s10646-020-02320-2,"Risk assessment and ecotoxicological diagnosis of soil from a chemical industry park in Nanjing, China",real_model_ready,False
10.1007/s10646-020-02320-2,"Risk assessment and ecotoxicological diagnosis of soil from a chemical industry park in Nanjing, China",32.270833,118.793611,Jiangsu,HM+OP,7.53,,0.76,,64.3,,97.9,,46.8,180.3,38.1,8850000.0,430000.0,,,,,,,,,,,1,1,1,10.1007/s10646-020-02320-2,"Risk assessment and ecotoxicological diagnosis of soil from a chemical industry park in Nanjing, China",real_model_ready,False
10.1007/s10646-020-02320-2,"Risk assessment and ecotoxicological diagnosis of soil from a chemical industry park in Nanjing, China",32.270833,118.793611,Jiangsu,HM+OP,7.53,,0.76,,57.2,,92.7,,43.1,162.2,40.8,6530000.0,260000.0,,,,,,,,,,,1,1,1,10.1007/s10646-020-02320-2,"Risk assessment and ecotoxicological diagnosis of soil from a chemical industry park in Nanjing, China",real_model_ready,False
10.1007/s10646-020-02320-2,"Risk assessment and ecotoxicological diagnosis of soil from a chemical industry park in Nanjing, China",32.270833,118.793611,Jiangsu,HM+OP,7.53,,0.76,,44.3,,73.8,,36.3,132.8,33.4,2930000.0,130000.0,,,,,,,,,,,1,1,1,10.1007/s10646-020-02320-2,"Risk assessment and ecotoxicological diagnosis of soil from a chemical industry park in Nanjing, China",real_model_ready,False
10.1007/s10646-020-02320-2,"Risk assessment and ecotoxicological diagnosis of soil from a chemical industry park in Nanjing, China",32.270833,118.793611,Jiangsu,HM+OP,7.53,,0.76,,45.1,,96.2,,32.2,175,27.4,5130000.0,200000.0,,,,,,,,,,,1,1,1,10.1007/s10646-020-02320-2,"Risk assessment and ecotoxicological diagnosis of soil from a chemical industry park in Nanjing, China",real_model_ready,False
10.1016/j.jhazmat.2015.09.068,Efficient remediation of PAH-metal co-contaminated soil using microbial-plant combination: A greenhouse study,,,Jiangsu,HM+OP,7.15,,,6.7,66.8,,93.2,,78.6,460,,55160.0,4640.0,,,,,,,,,,,1,1,1,10.1016/j.jhazmat.2015.09.068,Efficient remediation of PAH-metal co-contaminated soil using microbial-plant combination: A greenhouse study,real_model_ready,False
10.1016/j.ecoenv.2005.01.009,Combined effect of heavy metals and polycyclic aromatic hydrocarbons on urease activity in soil,,,,HM+OP,8.18,,16.7,0,8.725,,,,,12.5,,140000.0,3200.0,,,,,,,,,,,1,1,1,10.1016/j.ecoenv.2005.01.009,Combined effect of heavy metals and polycyclic aromatic hydrocarbons on urease activity in soil,real_model_ready,False
10.1016/j.ecoenv.2005.01.009,Combined effect of heavy metals and polycyclic aromatic hydrocarbons on urease activity in soil,,,,HM+OP,8.18,,16.7,0.03125,70,,,,,50,,16125.0,1600.0,,,,,,,,,,,1,1,1,10.1016/j.ecoenv.2005.01.009,Combined effect of heavy metals and polycyclic aromatic hydrocarbons on urease activity in soil,real_model_ready,False
10.1016/j.ecoenv.2005.01.009,Combined effect of heavy metals and polycyclic aromatic hydrocarbons on urease activity in soil,,,,HM+OP,8.18,,16.7,0.0125,560,,,,,200,,16005.0,800.0,,,,,,,,,,,1,1,1,10.1016/j.ecoenv.2005.01.009,Combined effect of heavy metals and polycyclic aromatic hydrocarbons on urease activity in soil,real_model_ready,False
10.1007/s10646-020-02320-2,"Risk assessment and ecotoxicological diagnosis of soil from a chemical industry park in Nanjing, China",32.2708,118.7936,Jiangsu,HM+OP,7.53,,0.76,,22.2,,105.86,,20.2,79,28.7,2390.0,100.0,,,,,,,,,,,1,1,1,10.1007/s10646-020-02320-2,"Risk assessment and ecotoxicological diagnosis of soil from a chemical industry park in Nanjing, China",real_model_ready,False
10.1007/s10646-020-02320-2,"Risk assessment and ecotoxicological diagnosis of soil from a chemical industry park in Nanjing, China",32.2708,118.7936,Jiangsu,HM+OP,,,,,172.6,,445.29,,109.1,926.6,67.63,25600.0,1530.0,,,,,,,,,,,1,1,1,10.1007/s10646-020-02320-2,"Risk assessment and ecotoxicological diagnosis of soil from a chemical industry park in Nanjing, China",real_model_ready,False
10.1007/s10646-020-02320-2,"Risk assessment and ecotoxicological diagnosis of soil from a chemical industry park in Nanjing, China",32.2708,118.7936,Jiangsu,HM+OP,,,,,338.9,,293.5,,466,1729,96.08,99020.0,6300.0,,,,,,,,,,,1,1,1,10.1007/s10646-020-02320-2,"Risk assessment and ecotoxicological diagnosis of soil from a chemical industry park in Nanjing, China",real_model_ready,False
10.1007/s10646-020-02320-2,"Risk assessment and ecotoxicological diagnosis of soil from a chemical industry park in Nanjing, China",32.2708,118.7936,Jiangsu,HM+OP,,,,,123.31,,305.88,,111.59,704.28,69.3,9020.0,350.0,,,,,,,,,,,1,1,1,10.1007/s10646-020-02320-2,"Risk assessment and ecotoxicological diagnosis of soil from a chemical industry park in Nanjing, China",real_model_ready,False
10.1007/s10646-020-02320-2,"Risk assessment and ecotoxicological diagnosis of soil from a chemical industry park in Nanjing, China",32.2708,118.7936,Jiangsu,HM+OP,,,,,54.66,,161.15,,54.17,409.27,44.03,3160.0,140.0,,,,,,,,,,,1,1,1,10.1007/s10646-020-02320-2,"Risk assessment and ecotoxicological diagnosis of soil from a chemical industry park in Nanjing, China",real_model_ready,False
10.1007/s10646-020-02320-2,"Risk assessment and ecotoxicological diagnosis of soil from a chemical industry park in Nanjing, China",32.2708,118.7936,Jiangsu,HM+OP,,,,,84.18,,491.29,,54.72,676.45,63.32,5590.0,200.0,,,,,,,,,,,1,1,1,10.1007/s10646-020-02320-2,"Risk assessment and ecotoxicological diagnosis of soil from a chemical industry park in Nanjing, China",real_model_ready,False
10.1007/s10646-020-02320-2,"Risk assessment and ecotoxicological diagnosis of soil from a chemical industry park in Nanjing, China",32.2708,118.7936,Jiangsu,HM+OP,,,,,84,,67.6,,54.06,377.8,73.27,8850.0,430.0,,,,,,,,,,,1,1,1,10.1007/s10646-020-02320-2,"Risk assessment and ecotoxicological diagnosis of soil from a chemical industry park in Nanjing, China",real_model_ready,False
10.1007/s10646-020-02320-2,"Risk assessment and ecotoxicological diagnosis of soil from a chemical industry park in Nanjing, China",32.2708,118.7936,Jiangsu,HM+OP,,,,,202,,489.26,,22.05,249.57,73.04,6530.0,260.0,,,,,,,,,,,1,1,1,10.1007/s10646-020-02320-2,"Risk assessment and ecotoxicological diagnosis of soil from a chemical industry park in Nanjing, China",real_model_ready,False
10.1007/s10646-020-02320-2,"Risk assessment and ecotoxicological diagnosis of soil from a chemical industry park in Nanjing, China",32.2708,118.7936,Jiangsu,HM+OP,,,,,43.06,,301.28,,62.16,228.22,82.06,2930.0,130.0,,,,,,,,,,,1,1,1,10.1007/s10646-020-02320-2,"Risk assessment and ecotoxicological diagnosis of soil from a chemical industry park in Nanjing, China",real_model_ready,False
10.1007/s10646-020-02320-2,"Risk assessment and ecotoxicological diagnosis of soil from a chemical industry park in Nanjing, China",32.2708,118.7936,Jiangsu,HM+OP,8.1,,5.58,,62.16,,165.0,,22.09,295,62,5130.0,200.0,,,,,,,,,,,1,1,1,10.1007/s10646-020-02320-2,"Risk assessment and ecotoxicological diagnosis of soil from a chemical industry park in Nanjing, China",real_model_ready,False
10.1016/j.chemosphere.2005.01.011,"Contents and sources of polycyclic aromatic hydrocarbons and organochlorine pesticides in vegetable soils of Guangzhou, China",,,Guangdong,HM+OP,,,,,,,,,,,,,,,,,,,,,,,,0,0,0,10.1016/j.chemosphere.2005.01.011,"Contents and sources of polycyclic aromatic hydrocarbons and organochlorine pesticides in vegetable soils of Guangzhou, China",real_model_ready,False
10.1016/j.envpol.2017.08.003,phase5_10.1016_j.envpol.2017.08.003,23.933333,113.483333,Guangdong,HM+OP,5.03,,3.6,,81,,,,156,117,,308.0,,,,23.0,,,85.0,,,,,1,0,1,10.1016/j.envpol.2017.08.003,phase5_10.1016_j.envpol.2017.08.003,real_model_ready,False
10.1016/j.envpol.2017.08.003,phase5_10.1016_j.envpol.2017.08.003,23.55,113.666667,Guangdong,HM+OP,4.46,,2.08,,52,,,,178,104,,469.0,,,,101.0,,,708.0,,,,,1,0,1,10.1016/j.envpol.2017.08.003,phase5_10.1016_j.envpol.2017.08.003,real_model_ready,False
10.1016/j.envpol.2017.08.003,phase5_10.1016_j.envpol.2017.08.003,23.316667,116.333333,Guangdong,HM+OP,7.38,,0.94,,165,,,,187,503,,307.0,,,,38.0,,,1080.0,,,,,1,0,1,10.1016/j.envpol.2017.08.003,phase5_10.1016_j.envpol.2017.08.003,real_model_ready,False
10.1016/j.envpol.2017.08.003,phase5_10.1016_j.envpol.2017.08.003,28.533333,121.383333,Zhejiang,HM+OP,5.69,,1.95,,482,,,,371,2110,,680.0,,,,310.0,,,225.0,,,,,1,1,1,10.1016/j.envpol.2017.08.003,phase5_10.1016_j.envpol.2017.08.003,real_model_ready,False
10.1016/j.envpol.2017.08.003,phase5_10.1016_j.envpol.2017.08.003,28.533333,121.416667,Zhejiang,HM+OP,4.75,,1.12,,122,,,,151,562,,1010.0,,,,30.0,,,13.0,,,,,1,1,1,10.1016/j.envpol.2017.08.003,phase5_10.1016_j.envpol.2017.08.003,real_model_ready,False
10.1016/j.pedsph.2023.06.001,"Co-occurrence of per- and polyfluoroalkyl substances, heavy metals and polycyclic aromatic hydrocarbons and their composite impacts on microbial consortium in soil: A field study",,,Zhejiang,HM+OP,,,,0.15,25,5.2,,,,,,,,,,,,,,8.5,,,,0,0,0,10.1016/j.pedsph.2023.06.001,"Co-occurrence of per- and polyfluoroalkyl substances, heavy metals and polycyclic aromatic hydrocarbons and their composite impacts on microbial consortium in soil: A field study",real_model_ready,False
10.1016/j.pedsph.2023.06.001,"Co-occurrence of per- and polyfluoroalkyl substances, heavy metals and polycyclic aromatic hydrocarbons and their composite impacts on microbial consortium in soil: A field study",,,Zhejiang,HM+OP,,,,0.1,20,4.4,,,,,,,,,,,,,,12.3,,,,0,0,0,10.1016/j.pedsph.2023.06.001,"Co-occurrence of per- and polyfluoroalkyl substances, heavy metals and polycyclic aromatic hydrocarbons and their composite impacts on microbial consortium in soil: A field study",real_model_ready,False
10.1016/j.pedsph.2023.06.001,"Co-occurrence of per- and polyfluoroalkyl substances, heavy metals and polycyclic aromatic hydrocarbons and their composite impacts on microbial consortium in soil: A field study",,,Zhejiang,HM+OP,,,,0.12,22,5,,,,,,,,,,,,,,15.8,,,,0,0,0,10.1016/j.pedsph.2023.06.001,"Co-occurrence of per- and polyfluoroalkyl substances, heavy metals and polycyclic aromatic hydrocarbons and their composite impacts on microbial consortium in soil: A field study",real_model_ready,False
10.1016/j.pedsph.2023.06.001,"Co-occurrence of per- and polyfluoroalkyl substances, heavy metals and polycyclic aromatic hydrocarbons and their composite impacts on microbial consortium in soil: A field study",,,Zhejiang,HM+OP,,,,2.1,180,45,,,,,,,,,,,,,,15.45,,,,1,0,1,10.1016/j.pedsph.2023.06.001,"Co-occurrence of per- and polyfluoroalkyl substances, heavy metals and polycyclic aromatic hydrocarbons and their composite impacts on microbial consortium in soil: A field study",real_model_ready,False
10.1016/j.pedsph.2023.06.001,"Co-occurrence of per- and polyfluoroalkyl substances, heavy metals and polycyclic aromatic hydrocarbons and their composite impacts on microbial consortium in soil: A field study",,,Zhejiang,HM+OP,,,,8.67,647,1270,,,,,,,,,,,,,,19.79,,,,1,1,1,10.1016/j.pedsph.2023.06.001,"Co-occurrence of per- and polyfluoroalkyl substances, heavy metals and polycyclic aromatic hydrocarbons and their composite impacts on microbial consortium in soil: A field study",real_model_ready,False
10.1016/j.pedsph.2023.06.001,"Co-occurrence of per- and polyfluoroalkyl substances, heavy metals and polycyclic aromatic hydrocarbons and their composite impacts on microbial consortium in soil: A field study",,,Zhejiang,HM+OP,,,,0.3,35,8,,,,,,,,,,,,,,10.2,,,,0,0,0,10.1016/j.pedsph.2023.06.001,"Co-occurrence of per- and polyfluoroalkyl substances, heavy metals and polycyclic aromatic hydrocarbons and their composite impacts on microbial consortium in soil: A field study",real_model_ready,False
10.1016/j.pedsph.2023.06.001,"Co-occurrence of per- and polyfluoroalkyl substances, heavy metals and polycyclic aromatic hydrocarbons and their composite impacts on microbial consortium in soil: A field study",,,Zhejiang,HM+OP,,,,0.6,75,15,,,,,,,,,,,,,,9.75,,,,1,0,1,10.1016/j.pedsph.2023.06.001,"Co-occurrence of per- and polyfluoroalkyl substances, heavy metals and polycyclic aromatic hydrocarbons and their composite impacts on microbial consortium in soil: A field study",real_model_ready,False
10.1016/j.pedsph.2023.06.001,"Co-occurrence of per- and polyfluoroalkyl substances, heavy metals and polycyclic aromatic hydrocarbons and their composite impacts on microbial consortium in soil: A field study",,,Zhejiang,HM+OP,,,,1.5,120,25,,,,,,,,,,,,,,14.2,,,,1,0,1,10.1016/j.pedsph.2023.06.001,"Co-occurrence of per- and polyfluoroalkyl substances, heavy metals and polycyclic aromatic hydrocarbons and their composite impacts on microbial consortium in soil: A field study",real_model_ready,False
10.1016/j.pedsph.2023.06.001,"Co-occurrence of per- and polyfluoroalkyl substances, heavy metals and polycyclic aromatic hydrocarbons and their composite impacts on microbial consortium in soil: A field study",,,Zhejiang,HM+OP,,,,0.01,18,6,,,,,,,,,,,,,,6.55,,,,0,0,0,10.1016/j.pedsph.2023.06.001,"Co-occurrence of per- and polyfluoroalkyl substances, heavy metals and polycyclic aromatic hydrocarbons and their composite impacts on microbial consortium in soil: A field study",real_model_ready,False
10.1016/j.pedsph.2023.06.001,"Co-occurrence of per- and polyfluoroalkyl substances, heavy metals and polycyclic aromatic hydrocarbons and their composite impacts on microbial consortium in soil: A field study",,,Zhejiang,HM+OP,,,,0.0425,128.5,5.35,,,,,,,,,,,,,,6.55,,,,1,0,1,10.1016/j.pedsph.2023.06.001,"Co-occurrence of per- and polyfluoroalkyl substances, heavy metals and polycyclic aromatic hydrocarbons and their composite impacts on microbial consortium in soil: A field study",real_model_ready,False
10.1016/j.pedsph.2023.06.001,"Co-occurrence of per- and polyfluoroalkyl substances, heavy metals and polycyclic aromatic hydrocarbons and their composite impacts on microbial consortium in soil: A field study",,,Zhejiang,HM+OP,,,,4.44,545.5,651.2,,,,,,,,,,,,,,14.12,,,,1,1,1,10.1016/j.pedsph.2023.06.001,"Co-occurrence of per- and polyfluoroalkyl substances, heavy metals and polycyclic aromatic hydrocarbons and their composite impacts on microbial consortium in soil: A field study",real_model_ready,False
10.1016/J.JHAZMAT.2021.128096,phase6_10.1016_J.JHAZMAT.2021.128096,36.7167,117.1667,Shandong,HM+OP,7.3,,,8.6,441.4,,,,,326.5,,,,,,,,,,,,,,1,0,1,10.1016/J.JHAZMAT.2021.128096,phase6_10.1016_J.JHAZMAT.2021.128096,real_model_ready,False
10.1016/J.JHAZMAT.2021.128096,phase6_10.1016_J.JHAZMAT.2021.128096,36.7167,117.1667,Shandong,HM+OP,7.3,,,6.5,201.6,,,,,153.1,,,,,,,,,,,,,,1,0,1,10.1016/J.JHAZMAT.2021.128096,phase6_10.1016_J.JHAZMAT.2021.128096,real_model_ready,False
10.1016/j.ecoenv.2024.116965,"Spatial interaction and risk zoning of compound pollutants in farmland soils: Insights from heavy metals and polycyclic aromatic hydrocarbons in Hezhang County, China",,,Guizhou,HM+OP,,,,3.3,632,194,112.0,0.21,164,1110,64,267.0,,,,,,,,,,172.4,94.1,1,1,1,10.1016/j.ecoenv.2024.116965,"Spatial interaction and risk zoning of compound pollutants in farmland soils: Insights from heavy metals and polycyclic aromatic hydrocarbons in Hezhang County, China",real_model_ready,False
10.1016/j.envpol.2022.118925,phase6_10.1016_j.envpol.2022.118925,35.67,111.1,Shanxi,HM+OP,,,,0.03,16.1,9,54.3,0,20.5,64.4,26,51.91,,,,,,,,,,,,0,0,0,10.1016/j.envpol.2022.118925,phase6_10.1016_j.envpol.2022.118925,real_model_ready,False
10.1016/j.envpol.2022.118925,phase6_10.1016_j.envpol.2022.118925,35.67,111.1,Shanxi,HM+OP,,,,0.65,65.5,31,113.0,3.28,63.8,139,42.5,10523.58,,,,,,,,,,,,1,1,1,10.1016/j.envpol.2022.118925,phase6_10.1016_j.envpol.2022.118925,real_model_ready,False
10.1016/j.envpol.2022.118925,phase6_10.1016_j.envpol.2022.118925,35.67,111.1,Shanxi,HM+OP,,,,,,,,,,,,792.59,,,,,,,,,,,,1,1,1,10.1016/j.envpol.2022.118925,phase6_10.1016_j.envpol.2022.118925,real_model_ready,False
10.1016/j.envpol.2022.118925,phase6_10.1016_j.envpol.2022.118925,35.67,111.1,Shanxi,HM+OP,,,,,,,,,,,,741.73,,,,,,,,,,,,1,1,1,10.1016/j.envpol.2022.118925,phase6_10.1016_j.envpol.2022.118925,real_model_ready,False
10.1016/j.jhazmat.2009.08.134,"Heavy metal and persistent organic compound contamination in soil from Wenling: An emerging e-waste recycling city in Taizhou area, China",,,Zhejiang,HM+OP,,,,,,,,,,,,24.9,,,,,,,,,,,,0,0,0,10.1016/j.jhazmat.2009.08.134,"Heavy metal and persistent organic compound contamination in soil from Wenling: An emerging e-waste recycling city in Taizhou area, China",real_model_ready,False
10.1016/j.jhazmat.2023.132408,phase6_10.1016_j.jhazmat.2023.132408,23.55,113.05,Guangdong,HM+OP,5.2,,1.89,,382.3,,,,206.4,,,,,,,,,,0.71,,,,,1,0,1,10.1016/j.jhazmat.2023.132408,phase6_10.1016_j.jhazmat.2023.132408,real_model_ready,False
10.1016/j.pedsph.2023.06.001,phase6_10.1016_j.pedsph.2023.06.001,,,Zhejiang,HM+OP,,,,0.01,18,4.4,,,,,,,,,,,,,,6.55,,,,0,0,0,10.1016/j.pedsph.2023.06.001,phase6_10.1016_j.pedsph.2023.06.001,real_model_ready,False
10.1016/j.pedsph.2023.06.001,phase6_10.1016_j.pedsph.2023.06.001,,,Zhejiang,HM+OP,,,,0.01,18,4.4,,,,,,,,,,,,,,6.55,,,,0,0,0,10.1016/j.pedsph.2023.06.001,phase6_10.1016_j.pedsph.2023.06.001,real_model_ready,False
10.3390/ijerph110303118,Influence of Heavy Metals and PCBs Pollution on the Enzyme Activity and Microbial Community of Paddy Soils around an E-Waste Recycling Workshop,,,Zhejiang,HM+OP,6.3,,5.3,1.83,87.22,,60.17,,37.17,95.44,30.77,,,,,12100.0,,,,,,,,1,1,1,10.3390/ijerph110303118,Influence of Heavy Metals and PCBs Pollution on the Enzyme Activity and Microbial Community of Paddy Soils around an E-Waste Recycling Workshop,real_model_ready,False
10.3390/ijerph110303118,Influence of Heavy Metals and PCBs Pollution on the Enzyme Activity and Microbial Community of Paddy Soils around an E-Waste Recycling Workshop,,,Zhejiang,HM+OP,5.7,,5.1,2.08,92.16,,68.17,,81.14,126.53,32.7,,,,,21600.0,,,,,,,,1,1,1,10.3390/ijerph110303118,Influence of Heavy Metals and PCBs Pollution on the Enzyme Activity and Microbial Community of Paddy Soils around an E-Waste Recycling Workshop,real_model_ready,False
10.1002/ep.70148,Comparative study on pollution characteristics of heavy metals and polycyclic aromatic hydrocarbons in coking solid wastes,,,Shanxi,HM+OP,,,,1.25,,36.22,14.47,,19.96,131,13.51,360000.0,,,,,,,,,,,,1,1,1,10.1002/ep.70148,Comparative study on pollution characteristics of heavy metals and polycyclic aromatic hydrocarbons in coking solid wastes,real_model_ready,False
10.1002/ep.70148,Comparative study on pollution characteristics of heavy metals and polycyclic aromatic hydrocarbons in coking solid wastes,,,Shanxi,HM+OP,,,,6.87,,20.44,15.2,,12.08,464.87,7.34,11460000.0,,,,,,,,,,,,1,1,1,10.1002/ep.70148,Comparative study on pollution characteristics of heavy metals and polycyclic aromatic hydrocarbons in coking solid wastes,real_model_ready,False
10.1002/ep.70148,Comparative study on pollution characteristics of heavy metals and polycyclic aromatic hydrocarbons in coking solid wastes,,,Shanxi,HM+OP,,,,0.65,,19.79,7.68,,3.13,68.57,6.56,10620000.0,,,,,,,,,,,,1,1,1,10.1002/ep.70148,Comparative study on pollution characteristics of heavy metals and polycyclic aromatic hydrocarbons in coking solid wastes,real_model_ready,False
10.1002/ep.70148,Comparative study on pollution characteristics of heavy metals and polycyclic aromatic hydrocarbons in coking solid wastes,,,Shanxi,HM+OP,,,,2.8,,32.65,336.91,,92.27,1171,91.89,6847000.0,,,,,,,,,,,,1,1,1,10.1002/ep.70148,Comparative study on pollution characteristics of heavy metals and polycyclic aromatic hydrocarbons in coking solid wastes,real_model_ready,False
10.1039/d4ra06060a,Migration of total petroleum hydrocarbon and heavy metal contaminants in the soil–groundwater interface of a petrochemical site using machine learning: impacts of convection and diffusion,30.5038,106.703,Sichuan,HM+OP,,,,,1204.567,95.89,,,,,714.864,,,,,,,,,,,,,1,1,1,10.1039/d4ra06060a,Migration of total petroleum hydrocarbon and heavy metal contaminants in the soil–groundwater interface of a petrochemical site using machine learning: impacts of convection and diffusion,real_model_ready,False
10.3390/ijerph110303118,Influence of Heavy Metals and PCBs Pollution on the Enzyme Activity and Microbial Community of Paddy Soils around an E-Waste Recycling Workshop,,,Zhejiang,HM+OP,6.3,,5.3,1.83,87.22,,60.17,,37.17,95.44,30.77,,,,,12.1,,,,,,,,1,0,1,10.3390/ijerph110303118,Influence of Heavy Metals and PCBs Pollution on the Enzyme Activity and Microbial Community of Paddy Soils around an E-Waste Recycling Workshop,real_model_ready,False
10.3390/ijerph110303118,Influence of Heavy Metals and PCBs Pollution on the Enzyme Activity and Microbial Community of Paddy Soils around an E-Waste Recycling Workshop,,,Zhejiang,HM+OP,5.7,,5.1,2.08,92.16,,68.17,,81.14,126.53,32.7,,,,,21.6,,,,,,,,1,0,1,10.3390/ijerph110303118,Influence of Heavy Metals and PCBs Pollution on the Enzyme Activity and Microbial Community of Paddy Soils around an E-Waste Recycling Workshop,real_model_ready,False
10.3390/ijerph110303118,Influence of Heavy Metals and PCBs Pollution on the Enzyme Activity and Microbial Community of Paddy Soils around an E-Waste Recycling Workshop,,,Zhejiang,HM+OP,5.3,,5.8,2.56,107.1,,74.18,,78.26,134.5,35.58,,,,,6.159,,,,,,,,1,0,1,10.3390/ijerph110303118,Influence of Heavy Metals and PCBs Pollution on the Enzyme Activity and Microbial Community of Paddy Soils around an E-Waste Recycling Workshop,real_model_ready,False
10.3390/ijerph110303118,Influence of Heavy Metals and PCBs Pollution on the Enzyme Activity and Microbial Community of Paddy Soils around an E-Waste Recycling Workshop,,,Zhejiang,HM+OP,6.1,,5.6,2.57,99.54,,69.04,,71.36,129,35.37,,,,,4.9,,,,,,,,1,0,1,10.3390/ijerph110303118,Influence of Heavy Metals and PCBs Pollution on the Enzyme Activity and Microbial Community of Paddy Soils around an E-Waste Recycling Workshop,real_model_ready,False
10.3390/ijerph110303118,Influence of Heavy Metals and PCBs Pollution on the Enzyme Activity and Microbial Community of Paddy Soils around an E-Waste Recycling Workshop,,,Zhejiang,HM+OP,5.3,,6.7,1.71,92.22,,71.11,,68.59,131.34,34.89,,,,,6.514,,,,,,,,1,0,1,10.3390/ijerph110303118,Influence of Heavy Metals and PCBs Pollution on the Enzyme Activity and Microbial Community of Paddy Soils around an E-Waste Recycling Workshop,real_model_ready,False
10.3390/ijerph110303118,Influence of Heavy Metals and PCBs Pollution on the Enzyme Activity and Microbial Community of Paddy Soils around an E-Waste Recycling Workshop,,,Zhejiang,HM+OP,5.5,,6.5,2.23,103.98,,73.53,,78.94,142,38.93,,,,,6.869,,,,,,,,1,0,1,10.3390/ijerph110303118,Influence of Heavy Metals and PCBs Pollution on the Enzyme Activity and Microbial Community of Paddy Soils around an E-Waste Recycling Workshop,real_model_ready,False
10.3390/ijerph15071422,Occurrence and Toxicological Risk Assessment of Polycyclic Aromatic Hydrocarbons and Heavy Metals in Drinking Water Resources of Southern China,,,Hainan,HM+OP,,,,7e-06,0.0006,0.00119,0.00044,0.00112,0.00062,0.003053,0.00132,,16.59,,,,,,,,,,,0,0,0,10.3390/ijerph15071422,Occurrence and Toxicological Risk Assessment of Polycyclic Aromatic Hydrocarbons and Heavy Metals in Drinking Water Resources of Southern China,real_model_ready,False
10.3390/ijerph15071422,Occurrence and Toxicological Risk Assessment of Polycyclic Aromatic Hydrocarbons and Heavy Metals in Drinking Water Resources of Southern China,,,Hainan,HM+OP,,,,7e-06,0.0001,0.00097,0.000436,0.00032,0.0001,0.00426,0.00036,,16.59,,,,,,,,,,,0,0,0,10.3390/ijerph15071422,Occurrence and Toxicological Risk Assessment of Polycyclic Aromatic Hydrocarbons and Heavy Metals in Drinking Water Resources of Southern China,real_model_ready,False
10.3390/ijerph15071422,Occurrence and Toxicological Risk Assessment of Polycyclic Aromatic Hydrocarbons and Heavy Metals in Drinking Water Resources of Southern China,,,Guangdong,HM+OP,,,,7e-06,0.0001,0.00119,0.000436,0.00032,0.0001,0.00426,0.00036,,16.59,,,,,,,,,,,0,0,0,10.3390/ijerph15071422,Occurrence and Toxicological Risk Assessment of Polycyclic Aromatic Hydrocarbons and Heavy Metals in Drinking Water Resources of Southern China,real_model_ready,False
10.3390/ijerph15071422,Occurrence and Toxicological Risk Assessment of Polycyclic Aromatic Hydrocarbons and Heavy Metals in Drinking Water Resources of Southern China,,,Guangdong,HM+OP,,,,7e-06,0.0001,0.00097,0.000436,0.00032,0.00062,0.00426,0.00132,,16.59,,,,,,,,,,,0,0,0,10.3390/ijerph15071422,Occurrence and Toxicological Risk Assessment of Polycyclic Aromatic Hydrocarbons and Heavy Metals in Drinking Water Resources of Southern China,real_model_ready,False
10.3390/ijerph15071422,Occurrence and Toxicological Risk Assessment of Polycyclic Aromatic Hydrocarbons and Heavy Metals in Drinking Water Resources of Southern China,,,Guangxi,HM+OP,,,,7e-06,0.0001,0.00097,0.000436,0.00032,0.0001,0.00426,0.00036,,16.59,,,,,,,,,,,0,0,0,10.3390/ijerph15071422,Occurrence and Toxicological Risk Assessment of Polycyclic Aromatic Hydrocarbons and Heavy Metals in Drinking Water Resources of Southern China,real_model_ready,False
10.3390/ijerph15071422,Occurrence and Toxicological Risk Assessment of Polycyclic Aromatic Hydrocarbons and Heavy Metals in Drinking Water Resources of Southern China,,,Guangxi,HM+OP,,,,7e-06,0.0001,0.00097,0.000436,0.00032,0.0001,0.00426,0.00036,,16.59,,,,,,,,,,,0,0,0,10.3390/ijerph15071422,Occurrence and Toxicological Risk Assessment of Polycyclic Aromatic Hydrocarbons and Heavy Metals in Drinking Water Resources of Southern China,real_model_ready,False
10.3390/ijerph15071422,Occurrence and Toxicological Risk Assessment of Polycyclic Aromatic Hydrocarbons and Heavy Metals in Drinking Water Resources of Southern China,,,Guangxi,HM+OP,,,,7e-06,0.0001,0.00097,0.000436,0.00032,0.0001,0.00426,0.00036,,16.59,,,,,,,,,,,0,0,0,10.3390/ijerph15071422,Occurrence and Toxicological Risk Assessment of Polycyclic Aromatic Hydrocarbons and Heavy Metals in Drinking Water Resources of Southern China,real_model_ready,False
10.3390/ijerph15071422,Occurrence and Toxicological Risk Assessment of Polycyclic Aromatic Hydrocarbons and Heavy Metals in Drinking Water Resources of Southern China,,,Guangxi,HM+OP,,,,7e-06,0.0001,0.00097,0.000436,0.00032,0.0001,0.00426,0.00036,,16.59,,,,,,,,,,,0,0,0,10.3390/ijerph15071422,Occurrence and Toxicological Risk Assessment of Polycyclic Aromatic Hydrocarbons and Heavy Metals in Drinking Water Resources of Southern China,real_model_ready,False
10.3390/ijerph15071422,Occurrence and Toxicological Risk Assessment of Polycyclic Aromatic Hydrocarbons and Heavy Metals in Drinking Water Resources of Southern China,,,Guangxi,HM+OP,,,,7e-06,0.0001,0.00097,0.000436,0.00032,0.0001,0.00426,0.00036,,16.59,,,,,,,,,,,0,0,0,10.3390/ijerph15071422,Occurrence and Toxicological Risk Assessment of Polycyclic Aromatic Hydrocarbons and Heavy Metals in Drinking Water Resources of Southern China,real_model_ready,False
10.3390/ijerph16071155,Enhancement of Detoxification of Petroleum Hydrocarbons and Heavy Metals in Oil-Contaminated Soil by Using Glycine-β-Cyclodextrin,,,Henan,HM+OP,6.3,,1,,10.792,,,,9.204,,,,,,,,,,,,,,,0,0,0,10.3390/ijerph16071155,Enhancement of Detoxification of Petroleum Hydrocarbons and Heavy Metals in Oil-Contaminated Soil by Using Glycine-β-Cyclodextrin,real_model_ready,False
10.1038/s41598-017-12437-w,Uptake and translocation of polycyclic aromatic hydrocarbons (PAHs) and heavy metals by maize from soil irrigated with wastewater,,,Inner Mongolia,HM+OP,,8.34,1.558,,,,,,,,,103.28,,,,,,,,,,,,0,0,0,10.1038/s41598-017-12437-w,Uptake and translocation of polycyclic aromatic hydrocarbons (PAHs) and heavy metals by maize from soil irrigated with wastewater,real_model_ready,False
10.1038/s41598-017-12437-w,Uptake and translocation of polycyclic aromatic hydrocarbons (PAHs) and heavy metals by maize from soil irrigated with wastewater,,,Inner Mongolia,HM+OP,,8.34,1.558,,,,,,,,,479.32,,,,,,,,,,,,0,0,0,10.1038/s41598-017-12437-w,Uptake and translocation of polycyclic aromatic hydrocarbons (PAHs) and heavy metals by maize from soil irrigated with wastewater,real_model_ready,False
10.1038/s41598-017-12437-w,Uptake and translocation of polycyclic aromatic hydrocarbons (PAHs) and heavy metals by maize from soil irrigated with wastewater,,,Inner Mongolia,HM+OP,,8.34,2.003,,,,,,,,,140.46,,,,,,,,,,,,0,0,0,10.1038/s41598-017-12437-w,Uptake and translocation of polycyclic aromatic hydrocarbons (PAHs) and heavy metals by maize from soil irrigated with wastewater,real_model_ready,False
10.1038/s41598-017-12437-w,Uptake and translocation of polycyclic aromatic hydrocarbons (PAHs) and heavy metals by maize from soil irrigated with wastewater,,,Inner Mongolia,HM+OP,,8.34,2.003,,,,,,,,,418.32,,,,,,,,,,,,0,0,0,10.1038/s41598-017-12437-w,Uptake and translocation of polycyclic aromatic hydrocarbons (PAHs) and heavy metals by maize from soil irrigated with wastewater,real_model_ready,False
10.17221/211/2017-SWR,phase6_swr_swr-201804-0008,,,,HM+OP,,,,0.69,44.2,13.99,61.66,0.27,32,149,31.6,,,,4.0,,4.0,,,,,,,1,0,1,10.17221/211/2017-SWR,phase6_swr_swr-201804-0008,real_model_ready,False
10.17221/211/2017-SWR,phase6_swr_swr-201804-0008,,,,HM+OP,,,,0.75,45.3,13.8,65.7,0.2,33.3,178.3,32.2,,,,70.0,,30.0,,,,,,,1,0,1,10.17221/211/2017-SWR,phase6_swr_swr-201804-0008,real_model_ready,False
10.17221/211/2017-SWR,phase6_swr_swr-201804-0008,,,,HM+OP,,,,0.58,56.2,19.1,58.6,0.68,35.3,117.6,35.7,,,,30.0,,10.0,,,,,,,1,0,1,10.17221/211/2017-SWR,phase6_swr_swr-201804-0008,real_model_ready,False
10.17221/211/2017-SWR,phase6_swr_swr-201804-0008,,,,HM+OP,,,,0.94,35.8,18.6,76.6,0.26,28.6,76.5,37.6,,,,0.0,,10.0,,,,,,,1,0,1,10.17221/211/2017-SWR,phase6_swr_swr-201804-0008,real_model_ready,False
10.17221/211/2017-SWR,phase6_swr_swr-201804-0008,,,,HM+OP,,,,0.75,20.2,9.47,32.3,0.1,28.9,89.2,16.9,,,,1.0,,3.0,,,,,,,1,0,1,10.17221/211/2017-SWR,phase6_swr_swr-201804-0008,real_model_ready,False
10.17221/211/2017-SWR,phase6_swr_swr-201804-0008,,,"Beijing, Tianjin, Hebei, Shanxi, Inner Mongolia",HM+OP,,,,0.25,24.9,9.59,62.9,0.3,26.4,78.8,33.2,,,,20.0,,50.0,,,,,,,0,0,0,10.17221/211/2017-SWR,phase6_swr_swr-201804-0008,real_model_ready,False
10.17221/211/2017-SWR,phase6_swr_swr-201804-0008,,,"Liaoning, Jilin, Heilongjiang",HM+OP,,,,3.46,50.2,8.46,54.8,0.15,35.8,303.1,23.5,,,,20.0,,10.0,,,,,,,1,0,1,10.17221/211/2017-SWR,phase6_swr_swr-201804-0008,real_model_ready,False
10.17221/211/2017-SWR,phase6_swr_swr-201804-0008,,,"Shanghai, Jiangsu, Zhejiang, Anhui, Fujian, Jiangxi, Shandong",HM+OP,,,,0.39,43.9,14.4,56.9,0.25,35.9,98.6,29.4,,,,50.0,,10.0,,,,,,,1,0,1,10.17221/211/2017-SWR,phase6_swr_swr-201804-0008,real_model_ready,False
10.17221/211/2017-SWR,phase6_swr_swr-201804-0008,,,"Henan, Hubei, Hunan, Guangdong, Hainan, Guangxi",HM+OP,,,,1.96,75.4,11.2,74.5,0.75,33.7,218.5,43.3,,,,10.0,,20.0,,,,,,,1,0,1,10.17221/211/2017-SWR,phase6_swr_swr-201804-0008,real_model_ready,False
10.17221/211/2017-SWR,phase6_swr_swr-201804-0008,,,"Chongqing, Sichuan, Guizhou, Yunnan, Tibet",HM+OP,,,,0.43,38.6,18.3,66.4,0.16,47.7,119.5,25.2,,,,0.0,,0.0,,,,,,,1,0,1,10.17221/211/2017-SWR,phase6_swr_swr-201804-0008,real_model_ready,False
10.17221/211/2017-SWR,phase6_swr_swr-201804-0008,,,"Shaanxi, Gansu, Qinghai, Xinjiang",HM+OP,,,,0.41,39.5,13.6,64.5,0.72,32.1,94.5,40.6,,,,0.0,,0.0,,,,,,,1,0,1,10.17221/211/2017-SWR,phase6_swr_swr-201804-0008,real_model_ready,False
10.3390/toxics10010032,Potential Risks of PM2.5-Bound Polycyclic Aromatic Hydrocarbons and Heavy Metals from Inland and Marine Directions for a Marine Background Site in North China,38.19,120.75,Shandong,HM+OP,,,,,0.0217,0.00498,0.0571,,,,0.00564,28.1,28.1,,,,,,,,,,,0,0,0,10.3390/toxics10010032,Potential Risks of PM2.5-Bound Polycyclic Aromatic Hydrocarbons and Heavy Metals from Inland and Marine Directions for a Marine Background Site in North China,real_model_ready,False
10.3390/toxics10010032,Potential Risks of PM2.5-Bound Polycyclic Aromatic Hydrocarbons and Heavy Metals from Inland and Marine Directions for a Marine Background Site in North China,38.19,120.75,Shandong,HM+OP,,,,,0.00741,0.00188,0.00705,,,,0.00749,5.6,5.6,,,,,,,,,,,0,0,0,10.3390/toxics10010032,Potential Risks of PM2.5-Bound Polycyclic Aromatic Hydrocarbons and Heavy Metals from Inland and Marine Directions for a Marine Background Site in North China,real_model_ready,False
10.16258/j.cnki.1674-5906.2024.12.011,gap_2024_官国庆等_EcolEnvironSci_10.16258-j.cnki.1674-5906.2024.12.011_1,23.5875,113.0397,Guangdong,HM+OP,5.91,,1.6,0.579,68.1,,91.8,,327,116,,,,,,,,,,,,,,1,0,1,10.16258/j.cnki.1674-5906.2024.12.011,gap_2024_官国庆等_EcolEnvironSci_10.16258-j.cnki.1674-5906.2024.12.011_1,real_model_ready,False
10.16258/j.cnki.1674-5906.2024.12.011,gap_2024_官国庆等_EcolEnvironSci_10.16258-j.cnki.1674-5906.2024.12.011_1,23.5875,113.0397,Guangdong,HM+OP,5.91,,1.6,1.65,68.1,,91.8,,327,116,,,,,,,,,,,,,,1,0,1,10.16258/j.cnki.1674-5906.2024.12.011,gap_2024_官国庆等_EcolEnvironSci_10.16258-j.cnki.1674-5906.2024.12.011_1,real_model_ready,False
10.16258/j.cnki.1674-5906.2024.12.011,gap_2024_官国庆等_EcolEnvironSci_10.16258-j.cnki.1674-5906.2024.12.011_1,23.5875,113.0397,Guangdong,HM+OP,5.91,,1.6,5.63,68.1,,91.8,,327,116,,,,,,,,,,,,,,1,0,1,10.16258/j.cnki.1674-5906.2024.12.011,gap_2024_官国庆等_EcolEnvironSci_10.16258-j.cnki.1674-5906.2024.12.011_1,real_model_ready,False
10.16258/j.cnki.1674-5906.2024.12.011,gap_2024_官国庆等_EcolEnvironSci_10.16258-j.cnki.1674-5906.2024.12.011_1,23.5875,113.0397,Guangdong,HM+OP,5.91,,1.6,9.85,68.1,,91.8,,327,116,,,,,,,,,,,,,,1,0,1,10.16258/j.cnki.1674-5906.2024.12.011,gap_2024_官国庆等_EcolEnvironSci_10.16258-j.cnki.1674-5906.2024.12.011_1,real_model_ready,False
10.16258/j.cnki.1674-5906.2024.12.011,gap_2024_官国庆等_EcolEnvironSci_10.16258-j.cnki.1674-5906.2024.12.011_1,23.5875,113.0397,Guangdong,HM+OP,5.91,,1.6,0.819,68.1,,91.8,,327,116,,,,,,,,,,,,,,1,0,1,10.16258/j.cnki.1674-5906.2024.12.011,gap_2024_官国庆等_EcolEnvironSci_10.16258-j.cnki.1674-5906.2024.12.011_1,real_model_ready,False
10.16258/j.cnki.1674-5906.2024.12.011,gap_2024_官国庆等_EcolEnvironSci_10.16258-j.cnki.1674-5906.2024.12.011_1,23.5875,113.0397,Guangdong,HM+OP,5.91,,1.6,1.85,68.1,,91.8,,327,116,,,,,,,,,,,,,,1,0,1,10.16258/j.cnki.1674-5906.2024.12.011,gap_2024_官国庆等_EcolEnvironSci_10.16258-j.cnki.1674-5906.2024.12.011_1,real_model_ready,False
10.16258/j.cnki.1674-5906.2024.12.011,gap_2024_官国庆等_EcolEnvironSci_10.16258-j.cnki.1674-5906.2024.12.011_1,23.5875,113.0397,Guangdong,HM+OP,5.91,,1.6,6.16,68.1,,91.8,,327,116,,,,,,,,,,,,,,1,0,1,10.16258/j.cnki.1674-5906.2024.12.011,gap_2024_官国庆等_EcolEnvironSci_10.16258-j.cnki.1674-5906.2024.12.011_1,real_model_ready,False
10.16258/j.cnki.1674-5906.2024.12.011,gap_2024_官国庆等_EcolEnvironSci_10.16258-j.cnki.1674-5906.2024.12.011_1,23.5875,113.0397,Guangdong,HM+OP,5.91,,1.6,11.74,68.1,,91.8,,327,116,,,,,,,,,,,,,,1,0,1,10.16258/j.cnki.1674-5906.2024.12.011,gap_2024_官国庆等_EcolEnvironSci_10.16258-j.cnki.1674-5906.2024.12.011_1,real_model_ready,False
10.1016/j.envpol.2020.114328,p7new_1-s2.0-S0269749119377905-mmc1,,,Guangdong,HM+OP,8.6,,,5.93,139,4.96,7.0,0.032,,,,,,,,,,,,,,,,1,0,1,10.1016/j.envpol.2020.114328,p7new_1-s2.0-S0269749119377905-mmc1,real_model_ready,False
https://scholar.google.com/scholar?q=Jiang+等+-+2017+-+The+influence+of+e-waste+recycling+on+the+molecular+ecological+network+of+soil+micr,Jiang 等 - 2017 - The influence of e-waste recycling on the molecular ecological network of soil microbial communities,,,Guangdong,HM+OP,4.75,,,,,,,,151,,,0.307,,,,,,,,,,,,1,0,1,https://scholar.google.com/scholar?q=Jiang+等+-+2017+-+The+influence+of+e-waste+recycling+on+the+molecular+ecological+network+of+soil+micr,Jiang 等 - 2017 - The influence of e-waste recycling on the molecular ecological network of soil microbial communities,real_model_ready,False
https://scholar.google.com/scholar?q=Jiang+等+-+2017+-+The+influence+of+e-waste+recycling+on+the+molecular+ecological+network+of+soil+micr,Jiang 等 - 2017 - The influence of e-waste recycling on the molecular ecological network of soil microbial communities,,,Zhejiang,HM+OP,12.55,,,,,,,,3003,,,2940.0,,,,,,,,,,,,1,1,1,https://scholar.google.com/scholar?q=Jiang+等+-+2017+-+The+influence+of+e-waste+recycling+on+the+molecular+ecological+network+of+soil+micr,Jiang 等 - 2017 - The influence of e-waste recycling on the molecular ecological network of soil microbial communities,real_model_ready,False
10.1016/j.scitotenv.2019.03.178,p7new_1-s2.0-S0048969719311660-mmc1,,,Guangdong,HM+OP,6.32,,,5.3,1001.33,70.35,276.75,,1207.33,,294.83,,,,,,,,,,,,,1,1,1,10.1016/j.scitotenv.2019.03.178,p7new_1-s2.0-S0048969719311660-mmc1,real_model_ready,False
10.1016/j.scitotenv.2019.03.178,p7new_1-s2.0-S0048969719311660-mmc1,,,Guangdong,HM+OP,5.78,,,2.89,389.55,10.13,46.75,,158.71,,22.22,,,,,,,,,,,,,1,0,1,10.1016/j.scitotenv.2019.03.178,p7new_1-s2.0-S0048969719311660-mmc1,real_model_ready,False
10.1016/j.scitotenv.2019.03.178,p7new_1-s2.0-S0048969719311660-mmc1,,,Guangdong,HM+OP,6.41,,,1.5,231.8,10.37,48.33,,527.25,,51.3,,,,,,,,,,,,,1,0,1,10.1016/j.scitotenv.2019.03.178,p7new_1-s2.0-S0048969719311660-mmc1,real_model_ready,False
10.1016/j.envpol.2022.118925,p7new_1-s2.0-S0269749122001397-mmc1,,,Shanxi,HM+OP,,,,0.2,23.92,14.02,71.42,0.13,30.11,82.64,32.4,792.59,52.96,,,,,,,,,575.14,147.2,1,1,1,10.1016/j.envpol.2022.118925,p7new_1-s2.0-S0269749122001397-mmc1,real_model_ready,False
10.1016/j.envpol.2022.118925,p7new_1-s2.0-S0269749122001397-mmc1,,,Shanxi,HM+OP,,,,0.21,24.85,14.16,72.67,0.12,30.18,86.14,32.7,,37.93,,,,,,,,,,,0,0,0,10.1016/j.envpol.2022.118925,p7new_1-s2.0-S0269749122001397-mmc1,real_model_ready,False
10.1016/j.envpol.2022.118925,p7new_1-s2.0-S0269749122001397-mmc1,,,Shanxi,HM+OP,,,,0.19,23.05,13.89,70.23,0.13,30.04,79.36,32.11,,67.09,,,,,,,,,,,0,0,0,10.1016/j.envpol.2022.118925,p7new_1-s2.0-S0269749122001397-mmc1,real_model_ready,False
"https://scholar.google.com/scholar?q=Master's+Thesis,+Sichuan+Agricultural+University+2019+Bioaccumulation+and+health+risk+assessment+of+PAHs+and+Hg+in",Bioaccumulation and health risk assessment of PAHs and Hg in the housefly of kitchen waste culturing system,,,Sichuan,HM+OP,,,,,,,,0.06779,,,,51.58,,,,,,,,,,,,0,0,0,"https://scholar.google.com/scholar?q=Master's+Thesis,+Sichuan+Agricultural+University+2019+Bioaccumulation+and+health+risk+assessment+of+PAHs+and+Hg+in",Bioaccumulation and health risk assessment of PAHs and Hg in the housefly of kitchen waste culturing system,real_model_ready,False
"https://scholar.google.com/scholar?q=Master's+Thesis,+Sichuan+Agricultural+University+2019+Bioaccumulation+and+health+risk+assessment+of+PAHs+and+Hg+in",Bioaccumulation and health risk assessment of PAHs and Hg in the housefly of kitchen waste culturing system,,,Sichuan,HM+OP,,,,,,,,0.1157,,,,180.4,,,,,,,,,,,,0,0,0,"https://scholar.google.com/scholar?q=Master's+Thesis,+Sichuan+Agricultural+University+2019+Bioaccumulation+and+health+risk+assessment+of+PAHs+and+Hg+in",Bioaccumulation and health risk assessment of PAHs and Hg in the housefly of kitchen waste culturing system,real_model_ready,False
"https://scholar.google.com/scholar?q=Master's+Thesis,+Sichuan+Agricultural+University+2019+Bioaccumulation+and+health+risk+assessment+of+PAHs+and+Hg+in",Bioaccumulation and health risk assessment of PAHs and Hg in the housefly of kitchen waste culturing system,,,Sichuan,HM+OP,,,,,,,,,,,,234.5,,,,,,,,,,,,0,0,0,"https://scholar.google.com/scholar?q=Master's+Thesis,+Sichuan+Agricultural+University+2019+Bioaccumulation+and+health+risk+assessment+of+PAHs+and+Hg+in",Bioaccumulation and health risk assessment of PAHs and Hg in the housefly of kitchen waste culturing system,real_model_ready,False
"https://scholar.google.com/scholar?q=Master's+Thesis,+Sichuan+Agricultural+University+2019+Bioaccumulation+and+health+risk+assessment+of+PAHs+and+Hg+in",Bioaccumulation and health risk assessment of PAHs and Hg in the housefly of kitchen waste culturing system,,,Sichuan,HM+OP,,,,,,,,0.2437,,,,,,,,,,,,,,,,0,0,0,"https://scholar.google.com/scholar?q=Master's+Thesis,+Sichuan+Agricultural+University+2019+Bioaccumulation+and+health+risk+assessment+of+PAHs+and+Hg+in",Bioaccumulation and health risk assessment of PAHs and Hg in the housefly of kitchen waste culturing system,real_model_ready,False
"https://scholar.google.com/scholar?q=Master's+Thesis,+Sichuan+Agricultural+University+2019+Bioaccumulation+and+health+risk+assessment+of+PAHs+and+Hg+in",Bioaccumulation and health risk assessment of PAHs and Hg in the housefly of kitchen waste culturing system,,,Sichuan,HM+OP,,,,,,,,0.9253,,,,67.79,25.68,,,,,,,,,,,0,0,0,"https://scholar.google.com/scholar?q=Master's+Thesis,+Sichuan+Agricultural+University+2019+Bioaccumulation+and+health+risk+assessment+of+PAHs+and+Hg+in",Bioaccumulation and health risk assessment of PAHs and Hg in the housefly of kitchen waste culturing system,real_model_ready,False
"https://scholar.google.com/scholar?q=Master's+Thesis,+Sichuan+Agricultural+University+2019+Bioaccumulation+and+health+risk+assessment+of+PAHs+and+Hg+in",Bioaccumulation and health risk assessment of PAHs and Hg in the housefly of kitchen waste culturing system,,,Sichuan,HM+OP,,,,,,,,,,,,1248.0,,,,,,,,,,,,1,1,1,"https://scholar.google.com/scholar?q=Master's+Thesis,+Sichuan+Agricultural+University+2019+Bioaccumulation+and+health+risk+assessment+of+PAHs+and+Hg+in",Bioaccumulation and health risk assessment of PAHs and Hg in the housefly of kitchen waste culturing system,real_model_ready,False
10.1016/j.ecoenv.2024.116965,Spatial Interaction and Risk Zoning of Compound Pollutants in Farmland Soils: Insights from Heavy Metals and Polycyclic Aromatic Hydrocarbons in Hezhang County,,,Guizhou,HM+OP,,,,3.3,632,194,164.0,0.21,112,1110,64,267.0,34.8,,,,,,,,,172.4,94.1,1,1,1,10.1016/j.ecoenv.2024.116965,Spatial Interaction and Risk Zoning of Compound Pollutants in Farmland Soils: Insights from Heavy Metals and Polycyclic Aromatic Hydrocarbons in Hezhang County,real_model_ready,False
https://scholar.google.com/scholar?q=Soil+Microbiomes+Divergently+Respond+to+Heavy+Metals+and+Polycyclic+Aromatic+Hydrocarbons+in+Contami,Soil Microbiomes Divergently Respond to Heavy Metals and Polycyclic Aromatic Hydrocarbons in Contaminated Industrial Sites,,,,HM+OP,5.96,,1.328,,43.18,7.12,57.0,,96.34,307.7,33.49,,,,,,,,,,,,,1,0,1,https://scholar.google.com/scholar?q=Soil+Microbiomes+Divergently+Respond+to+Heavy+Metals+and+Polycyclic+Aromatic+Hydrocarbons+in+Contami,Soil Microbiomes Divergently Respond to Heavy Metals and Polycyclic Aromatic Hydrocarbons in Contaminated Industrial Sites,real_model_ready,False
https://scholar.google.com/scholar?q=Soil+Microbiomes+Divergently+Respond+to+Heavy+Metals+and+Polycyclic+Aromatic+Hydrocarbons+in+Contami,Soil Microbiomes Divergently Respond to Heavy Metals and Polycyclic Aromatic Hydrocarbons in Contaminated Industrial Sites,,,,HM+OP,7.82,,1.737,27.39,1314.33,65.57,194.28,,5947.58,4961.38,516.04,,,,,,,,,,,,,1,1,1,https://scholar.google.com/scholar?q=Soil+Microbiomes+Divergently+Respond+to+Heavy+Metals+and+Polycyclic+Aromatic+Hydrocarbons+in+Contami,Soil Microbiomes Divergently Respond to Heavy Metals and Polycyclic Aromatic Hydrocarbons in Contaminated Industrial Sites,real_model_ready,False
https://scholar.google.com/scholar?q=Soil+Microbiomes+Divergently+Respond+to+Heavy+Metals+and+Polycyclic+Aromatic+Hydrocarbons+in+Contami,Soil Microbiomes Divergently Respond to Heavy Metals and Polycyclic Aromatic Hydrocarbons in Contaminated Industrial Sites,,,,HM+OP,8.56,,1.338,,37.5,41.25,74.1,,62.28,430.7,36.47,,,,,,,,,,,,,1,0,1,https://scholar.google.com/scholar?q=Soil+Microbiomes+Divergently+Respond+to+Heavy+Metals+and+Polycyclic+Aromatic+Hydrocarbons+in+Contami,Soil Microbiomes Divergently Respond to Heavy Metals and Polycyclic Aromatic Hydrocarbons in Contaminated Industrial Sites,real_model_ready,False
https://scholar.google.com/scholar?q=Soil+Microbiomes+Divergently+Respond+to+Heavy+Metals+and+Polycyclic+Aromatic+Hydrocarbons+in+Contami,Soil Microbiomes Divergently Respond to Heavy Metals and Polycyclic Aromatic Hydrocarbons in Contaminated Industrial Sites,,,,HM+OP,7.92,,5.193,,79.95,99.51,348.61,,143.64,451.5,251.93,,,,,,,,,,,,,1,1,1,https://scholar.google.com/scholar?q=Soil+Microbiomes+Divergently+Respond+to+Heavy+Metals+and+Polycyclic+Aromatic+Hydrocarbons+in+Contami,Soil Microbiomes Divergently Respond to Heavy Metals and Polycyclic Aromatic Hydrocarbons in Contaminated Industrial Sites,real_model_ready,False
https://scholar.google.com/scholar?q=Soil+Microbiomes+Divergently+Respond+to+Heavy+Metals+and+Polycyclic+Aromatic+Hydrocarbons+in+Contami,Soil Microbiomes Divergently Respond to Heavy Metals and Polycyclic Aromatic Hydrocarbons in Contaminated Industrial Sites,,,,HM+OP,6.78,,3.159,,66.64,23.03,66.85,,65.19,496.97,31.05,,,,,,,,,,,,,1,0,1,https://scholar.google.com/scholar?q=Soil+Microbiomes+Divergently+Respond+to+Heavy+Metals+and+Polycyclic+Aromatic+Hydrocarbons+in+Contami,Soil Microbiomes Divergently Respond to Heavy Metals and Polycyclic Aromatic Hydrocarbons in Contaminated Industrial Sites,real_model_ready,False
10.1016/j.jhazmat.2026.141922,p8_1-s2.0-S0304389426009003-mmc1__1_,,,Shanxi,HM+OP,5.796,,,0.183,33.668,13.269,67.702,0.065,27.829,105.214,35.375,,151.209,,,,,,,,,,,0,0,0,10.1016/j.jhazmat.2026.141922,p8_1-s2.0-S0304389426009003-mmc1__1_,real_model_ready,False
10.1016/j.jhazmat.2026.141922,p8_1-s2.0-S0304389426009003-mmc1__1_,,,Shanxi,HM+OP,4.606,,,0.194,25.878,11.261,59.891,0.055,26.793,93.556,37.952,,5.779,,,,,,,,,,,0,0,0,10.1016/j.jhazmat.2026.141922,p8_1-s2.0-S0304389426009003-mmc1__1_,real_model_ready,False
10.1016/j.jhazmat.2026.141922,p8_1-s2.0-S0304389426009003-mmc1__1_,,,Shanxi,HM+OP,5.69,,,0.188,34.171,8.722,76.692,0.538,32.359,142.889,30.932,,963.475,,,,,,,,,,,1,1,1,10.1016/j.jhazmat.2026.141922,p8_1-s2.0-S0304389426009003-mmc1__1_,real_model_ready,False
10.1016/j.jhazmat.2026.141922,p8_1-s2.0-S0304389426009003-mmc1__1_,,,Shanxi,HM+OP,5.66,,,0.155,24.789,12.433,64.498,0.042,23.627,69.511,30.906,,10.66,,,,,,,,,,,0,0,0,10.1016/j.jhazmat.2026.141922,p8_1-s2.0-S0304389426009003-mmc1__1_,real_model_ready,False
10.1016/j.jhazmat.2026.141922,p8_1-s2.0-S0304389426009003-mmc1__1_,,,Shanxi,HM+OP,7.634,,,0.102,21.291,13.031,64.773,0.107,23.834,68.171,34.405,,143.051,,,,,,,,,,,0,0,0,10.1016/j.jhazmat.2026.141922,p8_1-s2.0-S0304389426009003-mmc1__1_,real_model_ready,False
https://scholar.google.com/scholar?q=土壤生产生态功能污染诊断报告,土壤生产生态功能污染诊断报告,,,,HM+OP,7.6,,1.28,23,5,45,24.0,11,45,6,6,,,,,,,,,,,,,1,0,1,https://scholar.google.com/scholar?q=土壤生产生态功能污染诊断报告,土壤生产生态功能污染诊断报告,real_model_ready,False
,p9_1-s2.0-S0147651325008723-mmc1,,,Hebei,HM+OP,,,,0.1236,26.0097,7.7327,,0.0422,,,21.3553,,,,,,,,,,,,,0,0,0,,p9_1-s2.0-S0147651325008723-mmc1,real_model_ready,False
Not provided,p9_1-s2.0-S0304389422009141-mmc1,,,,HM+OP,,,,,,0.0305,,,,,0.386,,10.6,,,,,,,,,,,0,0,0,Not provided,p9_1-s2.0-S0304389422009141-mmc1,real_model_ready,False
10.3390/toxics14010049,Pollution and Health Risk Evaluation at an Abandoned Industrial Site,,,Henan,HM+OP,,,,0.19,14.03,11.11,,0.052,26.92,71.19,44.33,,,,,,,,,,,,,0,0,0,10.3390/toxics14010049,Pollution and Health Risk Evaluation at an Abandoned Industrial Site,real_model_ready,False
