序号,英文标题,中文标题,中文摘要
P00113,"Dam Operation Alters Nutrient Dynamics and Intensifies Heavy Metal Pollution in Riparian Soils: A 15-Year Study of the Three Gorges Reservoir Area, China",大坝运行改变了养分动态并加剧了河岸土壤重金属污染：中国三峡库区15年研究,"三峡大坝（TGD）的运行深刻改变了河岸生态系统，而河岸生态系统是维持河流水质的关键过渡区。尽管已有许多研究 examining 了河岸区土壤养分和重金属的动态，但其长期轨迹仍不清楚。本研究建立了一个长期监测点，并汇编了覆盖大坝运行15年（2007-2021）期间15个区域河岸土壤的文献数据。采用广义线性混合模型（GLMMs）评估影响河岸水库区（RRZ）土壤性质的关键因素的贡献。与相邻的高地土壤相比，RRZ土壤具有更高的土壤有机碳（SOC）和重金属浓度（Cd, Cr, Cu, Zn）。年间洪水频率是主导因素，解释了大多数土壤属性超过50%的变异性。具体而言，pH值、总养分（SOC, TP TK）和重金属浓度（Cd, Cr, Cu, Pb, Zn）均随年间洪水频率显著增加，而土壤有效养分（AN, AP, AK）则显著下降。海拔也起着关键作用，145-155 m的土壤显示出更高的SOC和重金属浓度，而165-175 m的土壤具有更高的TN, TK, AN和AK水平。为了减轻这些影响，迫切需要包括植被恢复在内的生态管理策略。本研究为三峡水库河岸区的保护和恢复提供了重要见解，为未来的管理工作奠定"
P00175,"Quantifying and tracing urban soil pollution sources by coupling magnetic and geochemical methods: A case study from Hangzhou, China",通过耦合磁学和地球化学方法量化与追踪城市土壤污染源：以中国杭州为例,城市土壤污染本质上是复杂的，将环境磁学与地球化学相结合为精确的源解析和针对性的修复提供了有效的策略。本研究系统地表征了杭州表层土壤的磁学和地球化学污染，采用相关分析、主成分分析（PCA）和绝对主成分得分-多元线性回归（APCS–MLR）模型来追踪和量化磁性颗粒和重金属污染物的来源。结果表明，表土磁学主要由低矫顽力准单畴（PSD）和多畴（MD）铁磁性矿物主导，并在工业区和交通拥堵区域显著富集。地球化学元素的空间分布格局显示出明显的人为-自然复合特征，Ca、Cu、Pb 和 Zn 的高浓度主要出现在拱墅、西湖和上城区，而 Al、Fe、Ti、Ce 和 V 主要受自然背景控制。χlf、χARM、SIRM、SOFT 与 Ca、Zn、Cr 之间的显著相关性证实了磁学参数作为重金属监测指标的实用性。APCS–MLR 分析确定了五个主要土壤污染源：工业排放（28.29%）、自然背景（25.29%）、交通排放（18.03%）、建筑扬尘（17.48%）和农业投入（10.91%）。磁性颗粒主要来源于工业活动，而重金属则来自多种组合源。值得注意的是，杭州表土重金属污染已从传统的“工业+交通”模式转变为更复杂的“
P00963,Disentangling Anthropogenic Inputs from Natural Heterogeneity: An Adaptive Machine Learning-Geostatistics Workflow for Soil Heavy Metal Risk Assessment,从自然异质性中解耦人为输入：一种用于土壤重金属风险评估的自适应机器学习-地质统计学工作流程,背景值对于确定土壤重金属的人为输入和风险水平至关重要。然而，重金属的空间异质性经常导致背景值计算产生误差，从而导致低估或误判潜在的环境风险。在此，我们开发了一种利用期望最大化 (EM) 和高斯过程回归 (GPR) 的顺序自适应工作流程，以消除空间异质性并提高重金属风险评估的质量。该工作流程通过顺序诊断和应用阶段运行。它首先进行空间变化驱动因素分析，然后指导背景值的空间异质性识别。该工作流程整合了用于风险评估的空间变化驱动因素分析和背景值的空间异质性识别。空间变化驱动因素分析基于源解析和多尺度地理加权回归。空间异质性识别基于重金属背景值与土壤化学成分之间的相关性。方法学研究使用了 3916 个密集采样数据点，涉及 28 个组分的元素浓度数据集。该工作流程提高了从数据集中区分重金属背景值和人为输入的能力，并将背景值应用于风险识别和环境承载力评估。为了验证所提出的方法，将其与传统方法进行了比较。比较结果表明，所提出的方法通过消除重金属背景值的空间异质性，更有效地提高了区域环境风险评估的准确性和可靠性。适用性分析表明，如果能够获得足够的样本数量和分析项目，该工作流程可应用于地质复杂的区域。这些
P00964,"Unveiling the fate of heavy metals along the soil–rice–human pathway: Source–sink quantification, rhizospheric processes, and health implications",土壤-水稻-人体途径中重金属的归趋解析：源汇量化、根际过程与健康影响,
P00965,An integrated framework coupling process driven model and machine learning to simulate soil heavy metal(loid)s accumulation and predict regional risk,耦合过程驱动模型与机器学习模拟土壤重金属累积及预测区域性风险的综合框架,现有评估区域尺度土壤重金属累积的方法在持续链接时空输入输出过程以及在不依赖广泛环境监测数据的情况下准确量化通量方面仍然存在局限性。为解决这些限制，我们开发了一个综合建模框架，该框架耦合了自下而上的多源排放清单、AERMOD大气扩散模型和基于HYDRUS的水溶质运移模块，并进一步结合既定的经验方法来量化输出过程，从而实现了土壤重金属动力学的长期、空间明确的模拟，并引入了机器学习模块来校准过程衍生的净重金属通量。该框架应用于中国东部沿海浙江省的一个工业聚集区。结果表明，随着工业化和城市化的快速发展，大气沉降输入稳步增加，而农业输入有所下降，高沉降区集中在距离点源10公里范围内。输出过程的模拟显示，淋溶和土壤侵蚀是重金属流失的主要途径，而地表径流通量随着不透水地面的增加呈现逐渐增加的趋势。预测50年后，土壤环境承载力将显著下降，超载区域大幅扩大，特别是砷(30.82%)、铜(31.04%)、镉(19.96%)和铅。
P00968,Novel soil health assessment framework and microbial community characterization for paddy field by interpretable machine learning,基于可解释机器学习的稻田土壤健康评估框架及微生物群落特征,"在稻作系统中，长期集约化管理会导致土壤微生物功能下降和潜在有毒金属的迁移，严重损害稻田土壤健康。然而，土壤健康评估往往倾向于强调以肥力为导向的指标，经常忽视与污染相关的安全信号以及土壤微生物的贡献。此外，微生物多样性指数在区分土壤健康等级方面的能力有限，导致缺乏针对特定健康水平的微生物特征的明确定义。本研究提出了一种新的土壤健康评估方法，利用树结构机器学习和Shapley加性解释(SHAP)模型来评估和预测大量土壤和微生物指标对不同土壤健康水平的敏感性。该框架已系统应用于县级稻田调查。结果表明，在测试集上，极限梯度提升(XGBoost)模型的判定系数(R2)为0.844，相对百分位(RPQ)为45.218，优于随机森林(R2, 0.816)和轻梯度提升机器(R2, 0.839)。SHAP模型确定了7个关键土壤指标(AN, MBC, CBH, EC, AP, NO3, 和 pH)，它们与选定的最小数据集重叠。此外，SHAP模型强调Tremellodendropsidales、Phialoparvum、Cystofilobasidium、Setoseptoria和Tausonia为突出的真"
P00974,Watershed-scale risk assessment of cadmium contamination in Chinese cropland soils: Dual pathways of irrigation input and flood-driven transport,流域尺度中国农田土壤镉污染风险评估：灌溉输入与洪水驱动的双重途径,
P00976,A multi-task deep learning framework integrating land-use types for synchronous prediction of soil properties,一种整合土地利用类型用于土壤属性同步预测的多任务深度学习框架,目前的土壤光谱估算模型往往忽略了不同土地利用类型（LUT）下土壤在可见光和近红外（Vis-NIR）光谱特征上的差异。为了解决这一局限性，我们提出了一种土地利用类型—多门混合专家（LUT-MMoE）模型，能够实现多种土壤属性的同时、高精度预测。具体而言，我们比较了八种建模方法——偏最小二乘回归（PLSR）、随机森林（RF）、卷积神经网络（CNN）、长短期记忆网络（LSTM）、多任务卷积神经网络（Multi-CNN）、多任务长短期记忆网络（Multi-LSTM）、多门混合专家（MMoE）模型以及本文提出的LUT-MMoE——在七种土壤属性（土壤pH、阳离子交换量（CEC）、有机碳（OC）、碳酸钙（CaCO₃）、全氮（TN）、全磷（TP）和全钾（TK））上的预测性能。本研究基于公开的土地利用与覆盖区域框架调查数据集。我们进一步结合五种光谱预处理方法和五种特征选择技术，系统地评估并提升了模型性能。最优的LUT-MMoE配置在pH、CEC、OC、CaCO₃、TN、TP和TK上的决定系数（R²）分别达到了0.943、0.714、0.925、0.941、0.886、0.511和0.530。与其他模型
P00977,An innovative mapping framework for soil erodibility integrating spatial association dimensions and machine learning,整合空间关联维度与机器学习的土壤可蚀性创新制图框架,准确的土壤可蚀性（K）空间制图对于评估侵蚀风险和制定保护策略至关重要。然而，现有的经验模型和空间预测面临挑战，包括低估空间变异性、静态局部环境关联以及区域适应性有限。本研究提出了一种创新框架，整合了经验模型、空间关联的第二维度（SDA，结合多尺度邻域特征）和机器学习，以选择最佳的K值制图方法。首先，基于中国东北黑土区（Mollisols）的土壤调查和实验室分析，使用了三种经验模型：侵蚀生产力影响计算器（K_EPIC）、Shirazi（K_Shirazi）和Torri（K_Torri）来计算K值。其次，SDA通过在半径定义的邻域（100–3000 m）内提取分位数特征（0− 1）来重建环境协变量，从而捕捉多尺度空间动态。第三，采用随机森林（RF）和梯度提升决策树（GBDT）进行数字制图，每种配置生成40个集成模型（10个随机种子 × 4折交叉验证）以增强模型鲁棒性。结果表明，与传统的静态局部关联模型相比，基于SDA的模型将R2提高了12–89%。综合考虑数据分布、模型精度和空间预测，K_Shirazi在SDA-GBDT中表现出最佳的区域代表性（R2 = 0.4562）。此外，气候和景观是
P01013,"Sources, flux, and potential risks of heavy metals in soils around the smelting and mining area",冶炼和矿区周围土壤中重金属的来源、通量及潜在风险,本研究联合采用野外采样和通量监测的方法，评估了集约化冶炼和采矿活动对中国水口山地区土壤重金属（HM）迁移的影响。采矿和冶炼导致了重金属含量及其环境有效性的增加。在距离冶炼和采矿中心8.0公里范围内，距离越近，重金属积累越明显。冶炼和采矿还导致了土壤酸化。成土母质、农业活动、采矿相关活动和冶炼活动是土壤重金属的主要来源。采矿和冶炼是表层土壤中Cd (86.7%)、As (46.5%)、Cu (56.4%)、Pb (88.8%) 和 Zn (60.8%) 的主要来源。成土母质和历史采矿贡献了深层土壤中约70%的重金属。含砷肥料的农业使用也是土壤砷的重要来源。受冶炼和采矿影响的大气沉降已成为重金属输入土壤的主要途径。由于长期暴露于土壤重金属，30.8%的当地成年人可能面临不可接受水平的致癌风险（10^-4）。Cd和As是两个主要的风险因子。结果表明，在当前的监管政策下，冶炼和采矿会持续增加土壤中重金属的积累和环境有效性。有必要进一步研究量化这些负面影响，并制定有效的对策以降低土壤重金属含量。
P01043,Cascade effects of plant diversity on soil multifunctionality in antimony-arsenic contaminated sites: The pivotal role of microbial network complexity,锑砷污染地区植物多样性对土壤多功能性的级联效应：微生物网络复杂性的关键作用,虽然土壤微生物被广泛认为是维持生态系统功能必不可少的，但在金属矿区植被恢复过程中，细菌和真菌演替对功能的具体贡献仍然知之甚少。先前的研究主要强调单变量多样性，往往忽略了生态系统过程是由微生物类群之间复杂的相互作用驱动的。在这里，我们在一个锑砷污染地点建立了不同组成的本土植物群落（草本单作、草本混作、灌木-草本混作和乔-灌-草本混作），以人工模拟演替阶段，并评估了两个深度（0–10 和 10–30 厘米）下土壤多功能性、微生物多样性和网络复杂性之间的关系。这些功能包括与营养状况、碳-氮-磷循环和土壤结构稳定性有关的 17 个变量。结果表明，增加植物多样性提高了植被生产力，加速了植物修复效率，并改善了土壤多功能性，且这种积极作用在不同深度表现一致。细菌α多样性以及细菌-真菌网络拓扑和复杂性随植物多样性增加而增加，而真菌群落表现出较慢的演替和更稳定的组成。土壤多功能性与细菌多样性及网络复杂性均呈正相关，但网络复杂性具有更多的正相关关系，且解释的方差比多样性更大。在考虑了植物多样性、土壤深度和跨界微生物多样性等混杂驱动因素后，这些关系仍然稳健。这种持续性揭示了网络复杂性在维持土壤多功能性方面的
P01406,Cadmium adsorption-desorption synergy drives spatial heterogeneity of grain cadmium enrichment in a subtropical limestone paddy region,亚热带石灰岩水稻区镉吸附-解吸协同作用驱动籽粒镉富集的空间异质性,传统风险评价方法经常忽视镉在固液界面的动态吸附-解吸过程，未能充分利用易测土壤指标的综合预测潜力。本研究整合了文献、田间实验和区域调查数据，建立了亚热带水稻土Cd吸附-解吸数据库，并引入一种基于机器学习的方法来推断土壤Cd吸附-解吸能力（一种由易获取的土壤性质预测的、作为替代指标的Cd滞留-释放潜力综合指标），将其与土壤全Cd结合，评估区域水稻籽粒Cd富集的空间异质性。随后，将吸附-解吸能力的应用聚焦于一个典型的以石灰岩为主、土壤-水稻Cd关系复杂的地区。对336个土壤-水稻对的分析表明，水稻籽粒Cd含量保持较低水平（中位数0.04 mg kg-1），而土壤全Cd显示出显著的积累（中位数0.82 mg kg-1），突显了两者之间存在明显的空间解耦现象。土壤Cd吸附能力与水稻Cd呈负相关，而解吸能力则呈正相关。应用多尺度地理加权回归（MGWR）分析，获得了较高的拟合优度（R2 = 0.73），证实了在MGWR框架下，吸附-解吸能力结合土壤全Cd可以有效预测水稻Cd的空间异质性。MGWR分析进一步揭示了多尺度的影响模式：解吸能力的调节作用大约是吸附能力的两倍。研究区74.7%区域的水稻Cd
P01425,Cross-regional assessment of heavy metal contamination and Cd exceedance risk in specialty vegetable-producing soils across China,中国特菜产地土壤重金属污染与镉超标风险的跨区域评估,特色蔬菜产区土壤重金属污染日益受到关注，但在统一框架下的跨区域证据仍然有限。本研究从中国六个农业区域的七个蔬菜生产系统中采集了348份土壤样品，旨在表征砷、镉、铬、汞和铅的分布，评估污染和生态风险，并识别与镉超标相关的关键因素。重金属污染在不同农业区域和蔬菜生产系统均表现出显著的空间异质性。镉的超标率最高（12.93%），其次是铬（4.30%）、砷（2.59%）、铅（0.57%）和汞（0.00%），且在地累积指数、污染指数和超标评估中始终是主要污染物。平均潜在生态风险指数（RI）为173.04，表明整体生态风险中等，其中汞和镉对综合风险贡献最大。相关性和排序分析确定全氮（TN）、有机质（OM）、全磷（TP）和pH值是与重金属分布相关的关键土壤性质。XGBoost在镉超标筛选中表现最佳，SHAP分析确定OM和pH值是最具影响力的预测因子。高镉超标概率主要集中在西南地区，中南地区的部分区域也是热点区。这些结果表明，特色蔬菜产区土壤重金属污染具有显著的区域和生产系统差异，支持在风险筛选和监测中优先考虑镉。
P01647,Estimation of spatial distribution of heavy metals in soils of mining areas based on ensemble learning and multi-source environmental variables: Application of LGGWR model,基于集成学习和多源环境变量的矿区土壤重金属空间分布估算：LGGWR模型的应用,准确预测矿区流域土壤重金属浓度对环境管理至关重要。传统机器学习模型无法完全捕捉土壤污染的空间异质性。本研究提出了一种新的轻量级梯度提升机-地理加权回归（LGGWR）模型，该模型结合了轻量级梯度提升机（LightGBM）和地理加权回归（GWR）。该模型使用了七个环境协变量，并结合了土壤风险指数（RFSI）技术来预测重金属浓度。LGGWR通过考虑空间异异质性和非线性关系提高了预测精度。结果显示，交叉验证后，五种重金属（铅Pb、锌Zn、铜Cu、镍Ni和镉Cd）的决定系数（R²）分别为0.84、0.71、0.76、0.86和0.84。与随机森林（RF）、极端梯度提升（XGBoost）、普通克里金（OK）、GWR和LightGBM模型相比，LGGWR将R²提高了30.95%-42.09%。本研究在中国甘肃白银矿区进行，使用了来自矿山和农业用地的227个样本以及14个对照样本。本研究为环境管理和针对性土壤修复策略提供了基础数据来源。
P01649,Machine learning-assisted laser-induced breakdown spectroscopy method for the detection of Pb and Cr in soils from different regions,机器学习辅助激光诱导击穿光谱法检测不同地区土壤中的铅和铬,激光诱导击穿光谱(LIBS)是一种先进的元素分析技术，能够对多种土壤元素进行快速、原位和同步检测，从而支持环境监测和数据驱动的农业管理。铬和铅等重金属在土壤中通常以痕量水平存在，由于土壤成分复杂且区域间基质变化显著，LIBS对其进行准确检测是一项具有挑战性的工作。本研究开发了一种机器学习辅助的LIBS方法，以实现对不同土壤中Pb和Cr的高灵敏度和准确检测。在优化了基于压片测量的仪器参数后，Cr和Pb的检出限分别达到9.08 mg/kg和4.15 mg/kg。为了减轻土壤基质变化对LIBS检测精度的影响，采用竞争性自适应重加权采样(CARS)和卷积神经网络(CNN)算法进行特征波长选择和建模。与信号-浓度校准模型相比，CARS-CNN模型对Cr和Pb表现出更高的检测精度，Rv2值大于0.99，并将检测误差降低了5倍以上。最后，利用来自中国11个省份的51个真实土壤样品进行了外部验证，Cr和Pb的R²值分别为0.773和0.877，相对均方根误差分别为24.36%和29.35%。研究结果表明，该机器学习辅助LIBS方法对跨区域土壤中的重金属具有高灵敏度和稳健的检测性能。
P01650,"Risk identification and tracing of heavy metals in rice fields: An integrated framework of machine learning, Google Earth Engine, geochemical modeling, and pollution fingerprinting for regional-scale risk assessment",水稻田重金属风险识别与示踪：一种集成机器学习、Google Earth Engine、地球化学模拟和污染指纹的区域风险评估框架,稻米中的重金属因健康危害而引起了公众关注。为了在区域范围内有效识别和示踪水稻田中的重金属风险，本研究创新性地整合了机器学习、Google Earth Engine (GEE)、地球化学模拟和污染指纹分析，旨在提高重金属风险评估中的目标田块识别、形态预测和源解析精度。GEE结合随机森林(RF)模型准确识别了水稻田（总体精度0.98），便于进行风险评估分区。结合RF模型的多表面形态模型(MSM)进一步识别了水稻田中重金属的形态分布、生物有效性和淋失风险，并模拟了重金属随土壤pH变化的吸附-解吸行为。富里酸(FA)可促进水稻对重金属的吸收，而土壤中的溶解有机质(DOM)则有助于重金属（尤其是Pb和Cu）的淋失潜力。PMF-RF整合方法识别出重金属主要来源于成土母质、肥料施用、交通污染和工业废气，相对贡献率分别为27.8%、24.5%、26.2%和21.5%。本研究提出的风险识别和示踪综合框架可为区域农业污染管理提供参考。
P01651,A machine learning framework bridging heavy metal contamination and human health risks in agricultural soils of the Yangtze River Delta (2001–2030),长江三角洲农田土壤重金属污染与人体健康风险的机器学习框架 (2001–2030),"土壤重金属污染已成为一个关键的全球环境问题，可能对人体健康构成风险，特别是在经济快速发展的地区。本研究建立了一个结合多源环境数据和机器学习方法的综合评估框架，以评估长江三角洲地区8种重金属在20年期间（2001-2020）的时空演变和健康风险。在重金属中，铜、铬、镍和锌的浓度总体呈下降趋势，而铅、砷和汞呈现波动趋势。镉 emerged as a primary pollutant, with soil concentrations showing a marked increase from 2001 to 2020. 特征重要性分析确定工业（23.39%）、交通（21.08%）和农业活动（19.79%）是土壤镉积累的主要贡献者。通过构建和比较九个机器学习模型，我们确定优化的极限梯度提升（XGB）模型在预测镉浓度方面提供了最佳性能。它成功预测了2024年的土壤镉浓度，这与随后的实地测量结果非常吻合。结合XGB模型和蒙特卡洛模拟的健康风险评估显示，未来五年儿童面临镉的致癌风险增加，主要风险源从交通（51.3%）转向农业活动（38.5%）。路径分析证实了交通（路径系数=0.55）和农业源（"
P01652,An integrated framework coupling process driven model and machine learning to simulate soil heavy metal(loid)s accumulation and predict regional risk,An integrated framework coupling process driven model and machine learning to simulate soil heavy metal(loid)s accumulation and predict regional risk,现有的区域尺度土壤重金属累积评估方法在持续链接时空输入输出过程以及在无需广泛环境监测数据的情况下准确量化通量的能力方面仍然有限。为了解决这些限制，我们开发了一个综合建模框架，该框架耦合了自下而上的多源排放清单、AERMOD大气扩散模型和基于HYDRUS的水溶质输运模块，并进一步扩展了既有的经验方法来量化输出过程，从而实现对土壤重金属动态的长期、空间明确模拟，并引入了一个机器学习模块来校准过程推导的净重金属通量。该框架应用于中国东部沿海浙江省的一个工业集聚区。结果表明，随着工业化和城市化的快速发展，大气沉降输入稳步增加，而农业投入有所下降，高沉降区集中在距离点源10公里范围内。输出过程的模拟表明，淋溶和土壤侵蚀是重金属流失的主要途径，而随着不透水地面的增加，径流通量逐渐增加。预测显示，50年后土壤环境承载力将显著下降，超载区大幅扩展，特别是As(30.82%)、Cu(31.04%)、Cd(19.96%)、Pb(28.48%)和Hg(32.66%)。由于高生态毒性，林地的风险主要由As和Cu主导，而由于受体敏感性和密集的人类活动，耕地和居住用地的承载力急剧下降。该框架为追溯排放源、阐明输运
P01653,"Unveiling the fate of heavy metals along the soil–rice–human pathway: Source–sink quantification, rhizospheric processes, and health implications",揭示土壤-水稻-人体途径中重金属的归趋：源-汇量化、根际过程及健康影响,快速的工业和农业集约化导致多源重金属输入农田，加剧了对土壤-作物系统安全和人类健康的风险。有限的源汇通量数据和不准确的暴露估计阻碍了对土壤-作物-人体系统中重金属污染的精确评估。本研究考察了快速工业和农业集约化对农田重金属污染的影响，重点关注镉对人体健康的风险。结合重金属通量监测、镉生物可及性、社会经济和地理数据以及健康风险模型，我们在一个典型的人口密集、受人类活动影响的流域评估了膳食镉暴露。土壤呈弱碱性（平均 pH 7.75）且存在镉污染，15.5% 的土壤样本超过了中国的风险阈值。镉同位素分析和通量数据识别出大气沉降和作物收获是主要的镉源和汇，分别贡献了 81% 和 64%，土壤镉的年净积累量为 -0.44 μg/kg。机器学习 识别出水稻镉生物富集因子、土壤 pH、有机质 (SOM) 和阳离子交换量 (CEC) 是非致癌风险和致癌风险的关键预测因子。人口密度、距离主干河流的距离、增强植被指数和大气沉积物对致癌风险也有不可忽视的贡献。两阶段回归证实，土壤 pH、CEC 和 SOM 调节 CdB，而根表铁膜中的铁、磷、钾含量通过氧化还原敏感途径控制镉的吸收。这项研究通过将源解析、根际
P01666,Spatial variability of soil geochemical elements using a novel ecological factor-incorporated interpretable machine learning model in China's coastal saline-alkali farmlands,中国滨海盐碱农田中结合新型生态因子的可解释机器学习模型的土壤地球化学元素空间变异研究,"农田土壤地球化学元素的快速监测对于沿海农业的可持续发展至关重要。传统环境因子在区域尺度上相对均一，导致检测地球化学变化的敏感度和准确性较低。我们开发了新型生态因子（生态质量和土壤侵蚀）结合树结构帕金估计器梯度提升（TPE-XGBoost）模型，以预测中国滨海盐碱地中SGEs（即Co, Mn, Sr, V, Zr）的空间变异性。TPE优化的结果显示，关键超参数（包括lambda, gamma, colsample_bynode和colsample_bytree）显著影响XGBoost模型的性能，且在使用生态因子时，所有五种地球化学元素的预测精度（R2）均超过0.6。Co、V和Zr的高浓度主要分布在东南部，而Sr分布在该区域之外。Mn主要集中在黄河附近。Shapley加性解释（SHAP）分析表明，气候和生态因子是SGEs空间变异的最强驱动力。结构方程模型（SEM）结果显示了间接路径：生态质量影响温度和降水，而土壤侵蚀影响温度，这两者都显著影响地球化学元素（Co, Sr, V, Zr）的浓度。此外，生态和气候因子的协同效应促进了作物对地球化学元素的吸收或分解，从而改变了土壤中地球化学元素的浓"
P01955,Aridity Modulates Warming Impacts on Microbial Carbon Use Efficiency,干旱度调节变暖对微生物碳利用效率的影响,微生物碳利用效率 (CUE) 调节有机碳在微生物生物量和 CO2 排放之间的分配，但其对气候变暖的响应仍然知之甚少，特别是在弃耕地等自然再生生态系统中。我们在中国跨越干旱到湿润气候带的 12 个弃耕地进行了为期 3 年的实地变暖实验 (+1.6 °C)。通过 18O−H2O 方法和分子表征，我们发现变暖显著降低了湿润地区 (干旱指数 >0.65) 的微生物 CUE，但在干旱地区 (干旱指数 <0.65) 影响不大。在湿润地区，变暖引起的 CUE 降低是由真菌生物量 (特别是致病腐生真菌) 的增加以及溶解性有机碳 (DOC) 组成向更多芳香和难降解化合物转变所驱动的。此外，变暖下 CUE 的变化与 DOC 的变化呈显著正相关，而与土壤有机碳 (SOC) 的变化无关，这表明存在时间不同步性，并强调了在评估变暖对 SOC 的影响时考虑活性碳池的必要性。我们的研究结果揭示了一种气候依赖性的微生物机制，可能会削弱未来变暖下湿润弃耕地的碳固存潜力，强调了区域性土壤碳管理策略的重要性。
P02037,Identification of key areas for soil conservation service and driving factors under ecological restoration projects in South China Karst,南方喀斯特地区生态修复工程下土壤保持服务关键区识别及驱动因素,
P02204,Characterizing surface soil heavy metal contamination and source attribution in the Qinghai Lake Basin,青海湖流域表层土壤重金属污染特征及源解析,青海湖流域的主要土壤类型为草甸土和灰钙土。本研究旨在阐明该区域表层土壤重金属的特征、空间分布及来源。我们在流域内不同的沉积景观中采集了227个表层土壤样品，并对As、Ba、Co、Cr、Cu、Mn、Nb、Ni、Pb、V、Zn和Zr等12种重金属进行了分析。采用富集因子（EF）、地累积指数（Igeo）、内梅罗指数（PN）和绝对主成分得分-多元线性回归（APCS-MLR）模型定量评估污染水平并确定这些金属的潜在来源。研究结果表明：1. 青海湖流域重金属含量总体与地壳（UCC）相似。但与可可西里自然保护区相比，Ba、Cr、Mn、Zn和Zr的浓度显著较高，暗示可能存在点源污染。2. EF、Igeo和PN分析表明Cr呈中等富集，可能指向局地污染源。所有Igeo值均低于零，表明流域内未存在广泛的重金属污染。PN值强调了极端值在环境评估中的影响。3. APCS-MLR分析确定了自然因素和交通运输是表层土壤重金属污染的主要来源，并详细说明了受每种源影响的特定金属。4. 建议在关键区域建立长期监测并加强生态管理以防止潜在污染。未来研究应解决高寒生态系统中的重金属-微塑料复合污染问题。总体而言，目前的土壤污
P02206,"Integrating multi-spectral remote sensing and machine learning for quantifying and mapping heavy metal contamination in the Tarim River Basin, China",多光谱遥感与机器学习相结合量化并绘制中国塔里木盆地重金属污染,随着经济发展，干旱内陆盆地的重金属污染日益加剧，对生态环境和公共健康构成长期风险。传统监测受限于景观异质性和有限的实地数据，阻碍了流域尺度的时空分析。本研究整合了多光谱哨兵2A影像、随机森林回归和协调的地面观测数据，量化并绘制了中国塔里木盆地土壤和水体中砷、镉、铜、铅和锌的分布，并利用美国环保局模型评估了相关的健康风险。实地数据显示土壤重金属总含量平均为 118.71 mg kg⁻¹，河流重金属总含量平均为 3.89 μg L⁻¹，其中镉和砷超过背景水平。随机森林模型初步揭示了空间分布模式（土壤 R² = 0.741 - 0.999，RMSE = 0.12–0.38 mg kg⁻¹；水体 RMSE = 0.21 - 0.57 μg L⁻¹）。空间模式显示阿克苏地区存在砷和镉的热点，中部和东南部子盆地富集铜和铅，东部以锌为主。皮尔逊相关和主成分分析将铅-铜-锌主要归因于自然源，砷-镉归因于农业，河流金属归因于大气沉降和水文作用。口服摄入是主要暴露途径；约10%的土壤样品超过了儿童的非致癌危害指数，而砷和镉构成了大于 1×10⁻⁴ 的致癌风险。和田、喀什和阿克苏的地质累积指数（I_geo 
P02334,Optimization in machine learning: application to soil organic carbon distribution prediction in China,优化机器学习：应用于中国土壤有机碳分布预测,背景。准确预测土壤有机碳（SOC）并量化其影响因素对全球生态可持续发展至关重要。目的。本研究基于191个土壤样本（100个来自喀斯特地区，91个来自非喀斯特地区），使用机器学习方法——随机森林、支持向量机（SVM）和深度神经网络——开发了SOC预测模型。应用变量选择和超参数优化来提高模型性能并阐明不同环境因素对SOC的影响机制。方法。采用粒子群优化（PSO）算法进行超参数调整以选择最佳模型参数，并测试不同的变量组合以增强模型性能。使用平均绝对误差（MAE）、均方根误差（RMSE）和决定系数（R2）评估模型精度。进一步应用SHAP方法分析喀斯特和非喀斯特地区环境变量对SOC的差异贡献。关键结果。超参数调整和变量选择显著提高了预测精度。当使用包含海拔、坡度、坡向余弦、坡向正弦、平均曲率、全氮、土层深度和pH的变量组合时，超参数优化的SVM模型实现了最佳性能（R2 = 0.7533，MAE = 5.8018，RMSE = 12.3503）。然而，统一建模框架未能充分捕捉喀斯特和非喀斯特地区环境因素对SOC的差异影响。SHAP分析显示，非喀斯特地区的主导因素是海拔、土层深度和坡度，而在喀斯特地
P02685,"Heavy Metal Contamination and Health Risks in Soil and Vegetables Near a Pyrite Mine in Tongling, Anhui Province, China",中国安徽铜陵黄铁矿附近土壤和蔬菜中的重金属污染与健康风险,蔬菜中重金属的积累已成为影响居民健康的关键因素。本研究采集了中国铜陵黄铁矿周边的土壤和蔬菜样品，以调查重金属的污染特征。测量了多种元素以评估污染风险。结果表明，土壤中Cr、Ni、Cu、Zn、Pb和Cd的浓度分别为80.84、22.39、149.75、234.21、135.70和3.86 mg kg−1。Cd对综合污染指数的贡献最大，其次是Cu、Pb和Zn。在蔬菜方面，Cd污染在茄子和青大豆样品中最为明显；土豆和萝卜样品中没有重金属水平超过污染物限值。本研究揭示了土壤和蔬菜之间重金属关系的复杂性；在我们的案例中，未观察到蔬菜中的重金属与土壤之间存在显著相关性。基于蔬菜摄入量的健康风险评估和敏感性分析表明，在所考虑的污染物中，蔬菜中的Cd对当地人的健康影响最为显著：它对成人和儿童具有致癌风险，对儿童具有非致癌风险。由于该矿区周边土壤和蔬菜中的重金属污染威胁到生态环境和居民健康，因此必须采取缓解措施。
P03061,Bibliometric analysis of hotspots and frontiers on remediation materials for heavy metal contaminated soils,基于文献计量的重金属污染土壤修复材料研究热点和前沿分析,基于 Web of Science（WoS）核心合集数据库和中国知网（CNKI），采用文献计量学方法和可视化分析软件揭示国内外重金属污染土壤修复材料研究领域近 20 年来的发展脉络、研究热点及发展方向。结果显示，相较于 2001—2004 年，2013—2016 年和 2017—2020 年重金属污染土壤修复材料研究领域发文量显著增加，增长率分别为 1 302% 和 2 201%。我国在该领域研究起步较晚，但发展迅速。关键词热点分析显示，当前污染修复研究侧重于农田土壤修复治理，重金属镉、铅及钝化材料应用。关键词聚类分析显示，钝化材料筛选和应用是当前热点主题，其中钝化材料修复机理和效果评估是该主题的重点和难点。当前农田土壤重金属污染修复材料研究正处于快速发展时期，钝化材料的功能化改性及其在农田应用中的研究有望取得较好的修复成效，绿色无污染和安全可持续的修复材料研发和应用是当下及未来的研究热点。
P03088,Spatial Distribution Prediction and Influencing Factors of Soil Surface pH Based on Interpretable Ensemble Machine Learning,基于可解释集成机器学习的土壤表层 pH 值空间分布预测及影响因素,科学测度土壤表层pH值的空间分布与影响因素，对于识别土地利用的潜在问题，促进土壤生态环境恢复与平衡具有重要的实践意义。选取川南丘陵地区的1795个土壤观测点，通过比较4类基模型及2种集成机器学习算法的精度，并通过夏普利加性解释对影响因素的贡献率与交互作用进行探究。结果表明，集成机器学习表现出更为优越的预测精度。研究区内土壤pH值整体呈“北高南低”条块状递减的空间分布格局。影响因素贡献率大小前4依次为土壤全钾含量、土壤容重、土壤有机碳含量及年均降雨量。
P03092,Spatial Distribution and Source Analysis of Heavy Metals in Multiple Environmental Media Around a Waste Incineration Plant in Jiangxi， China,江西某垃圾焚烧厂周边多介质环境重金属空间分布及 来源解析,垃圾焚烧厂周边重金属在土-水系统中发生跨介质迁移与富集，引发土壤理化性质系统性劣化，对生态环境和人体健康构成潜在危害. 以江西省某垃圾焚烧厂周边土壤、沉积物、地表水和地下水中的重金属为研究对象，对多介质中重金属的含量（或浓度）进行描述性统计分析，分析土-水系统中重金属的空间分布特征，综合相关性分析和绝对主成分分析-多元线性回归（ - ）模型解析土壤重金属的来源
P03316,Health Risk Assessment of Soil Heavy Metal Pollution Take an Ecological Park and Rural Farmland for Example,土壤重金属污染及健康风险评价以生态园区和乡村农田为例,"通过对比园区和乡村农田土壤 Hg、Cd、Pb、As、Cr 的污染状况及对人体的健康风险，以期为该区域的农业种植方式以及土地利用方式提供参考。 因此采集并测定了 10 个乡村农田和园区土壤中 Hg, Cd, Pb, As, Cr 的含量，并通过人为影响倍数、地质累积指数、健康风险评价模型对样区进行分析。 结果表明: 乡村农田土壤 As、Hg 污染较重; 园区土壤中 Cr 和 Pb 变异最大，可能存在点源污染; 园区土壤污染次序: Hg＞Cd＞Pb＞As =Cr; 农田土壤的 HQ 次序: As＞Pb＞Cr＞Hg＞Cd，致癌风险指数 CRCr，As＞风险阈值， TCR > 10^-6 ~ 10^-4 ，表明 Cr 和 As对人群存在较大致癌风险。"
P03648,First-principles calculation of Zn isotope fractionation during internal adsorption of soil organic matter,基于第一性原理计算土壤有机质内吸附过程中锌同位素的分馏,锌是一种主要的成矿元素，具有重要的经济价值。然而，作为一种重金属元素，过量排放会造成严重的环境污染。同时，锌是生命活动所需的微量元素，是生物体内多种酶或辅酶的重要成分，对生物生命活动具有重要意义。但在高浓度下它会变得有毒并影响生物体的健康。本研究基于密度泛函理论（DFT）的第一性原理计算方法，准确量化了有机质形成过程中锌同位素的平衡分馏。计算结果如下：在25°C时，Δ66/64Zn=-0.232~-3.036‰。给体原子中存在的N和S原子越多，平衡分馏越大，轻锌同位素的富集程度越高。
P04912,Mapping key soil micronutrients across the Tibetan Plateau,青藏高原关键土壤微量元素制图,
P05237,"Spatial variation, health risk assessment and transfer model of heavy metals in a soil-rice system: A case study in the typical production field of Southeastern China",中国东南部典型生产区土壤-水稻系统重金属的空间变异、健康风险评估及迁移模型,土壤-水稻系统中重金属（HMs）的空间变异和迁移特征对于揭示水稻产区重金属污染及保障稻米安全至关重要。本研究采集了中国东南部某生产区95对表层土壤（0-20cm）及其对应的水稻样品。利用地质统计分析、健康风险评估和主成分分析研究了污染状况、空间变异特征及重金属迁移模型。结果表明，镉、铜、铅、锌和镍的平均总浓度分别为0.21、28.65、27.02、38.50和98.75 mg/kg。尽管区域总体风险处于中等水平，但镉构成了最高的潜在生态风险。稻米中镉的最大浓度超过了国家食品安全标准（GB2762-2017）的三倍，表明当地消费者面临镉积累及相关健康影响的切实风险。儿童对重金属的暴露风险高于成人，特别是镉和铜。水稻中重金属的空间分布与土壤相似，反映了土壤中重金属浓度影响水稻对重金属的积累。富集指数的空间分布模式显示，西部地区的镍、锌和镉具有更强的迁移能力，而在北部中心区域识别出了多种重金属的污染热点。土壤理化性质被证明显著支配着重金属的迁移。
P05291,Multi-indicator assessment and probabilistic human health risks of heavy metals in rice and soils system in Eastern China,华东地区水稻和土壤系统中重金属的多指标评估及概率性人体健康风险,重金属对农业土壤的污染对食品安全和公众健康构成严重风险，特别是在中国的集约化农业区。本研究全面评估了安徽省主要农业区土壤和水稻籽粒中的重金属浓度。结果显示，镉和汞是土壤和水稻籽粒样品中的主要污染物，地累积指数和潜在生态风险指数值表明存在中度至相当程度的污染和生态风险。利用正定矩阵因子分解和主成分分析进行的源解析表明，大部分重金属输入归因于人类活动，特别是工业排放和集约化农业实践。采用蒙特卡洛模拟进行的健康风险评估表明，成年人的致癌和非致癌风险通常在可接受的阈值范围内。然而，儿童表现出较高的脆弱性，超过非致癌和致癌风险阈值的概率分别为 0.23% 和 7.29%。这些发现为制定针对性的修复策略以减轻农业土壤中的重金属污染并保障食品安全提供了重要见解。
P09507,Mapping key soil micronutrients across the Tibetan Plateau,青藏高原关键土壤微量元素制图,"土壤微量元素供应维持着关键的生态功能，但在高海拔生态系统中其分布模式量化较差。本研究通过在青藏高原进行的大规模调查填补了这一知识空白，该地区是一个寒冷干旱区域，冰冻风化、干旱和受抑制的成土相互作用共同调节着微量元素的循环。我们汇编了来自青藏高原526个地点的数据集，每个地点包含三个重复的表层土壤（0-10 cm）（n = 1660）。所有样品均通过实验室X射线荧光（XRF）测量了四种微量元素（Fe, Mn, Zn, 和 V），并针对部分样品用电感耦合等离子体质谱（ICP-MS）进行了校准和验证。将这四种微量元素与多源预测因子（气候、植被、土壤协变量、地形、放牧干扰和风化代理）配对。元素含量范围很广，站点级汇总（平均值 ± 标准差，mg kg−1）为：Fe 22 864.30 ± 7589.01，Mn 576.74 ± 206.44，Zn 27.24 ± 8.55，V 56.99 ± 19.33。采用随机森林模型量化控制因素并生成高分辨率空间分布图。关键结果显示，明显的区域异质性主要由风化强度驱动，并受气候和地形协变量的次级调节。观察到了元素特异性的空间格局：Fe在高原东南部/南部富集，"
P09536,Enhancing soil organic matter prediction via deep transfer learning from mid-infrared soil spectral library to in-situ field,基于深度迁移学习的土壤有机质预测：从中红外土壤光谱库到实地应用,利用大型土壤光谱库（SSL）开发的光谱模型的实际应用应遵循“全局考虑，局部适用”的原则，特别是在实地条件下的原位土壤光谱测量。本研究探讨了深度迁移学习（DTL）作为一种稳健的校准传递策略，使基于SSL的模型能够有效地利用原位光谱预测土壤有机质（SOM）。使用从中国11个省份收集的3259个表层土壤样品组成的中红外（MIR）SSL，开发了偏最小二乘回归（PLSR）和一维卷积神经网络（1D-CNN）校准模型。SSL-PLSR和SSL-1D-CNN模型表现出较高的预测精度（R² ≥ 0.95，RPD ≥ 4.66，RMSE ≤ 2.23 g/kg），但直接应用于原位光谱时性能显著下降。此外，源自原位MIR测量的SOM预测精度仍然较低，即使在使用直接标准化（DS）和结合自适应迭代重加权惩罚最小二乘法（DS-airPLS）之后，传递后的原位光谱仍无法达到实验室MIR测量的精度。为解决这一问题，评估了四种迁移学习方法：DS、DS-airPLS、半监督无参数校准增强（SS-PFCE）和DTL。与DS（RPD < 2.0）、DS-airPLS（RPD < 2.0）和SS-PFCE（RPD < 1.4）
P09541,"Effects of iron, manganese, and aluminum oxides on soil cadmium distribution coefficient: A multi-scale analysis based on explainable machine learning",铁、锰、铝氧化物对土壤镉分配系数的影响：基于可解释机器学习的多尺度分析,"土壤中镉的迁移受活性矿物相和环境化学的控制。然而，金属氧化物对土壤镉吸附的影响以及氧化物之间、氧化物与环境因子之间的相互作用尚不清楚。我们编译了一个跨区域数据集，开发了一个带有SHAP归因的可解释梯度提升模型（XGBoost），以量化铁、锰和铝氧化物（Fe_ox, Mn_ox, Al_ox）对土壤-水分配系数（ln K_d）的主要和交互影响。我们发现： XGBoost模型表现良好（R^2 = 0.737, RMSE = 0.930）； Fe_ox, Mn_ox, Al_ox, 土壤pH（pH_soil）, 阳离子交换量（CEC）和初始浓度（C_0）是影响土壤镉吸附的关键因素； Mn_ox 具有持续的单调贡献； Fe_ox 呈驼峰状——在低中水平呈正相关，在高含量时收益递减/负相关； Al_ox 通常抑制镉的分配； 进一步的交互作用研究表明，在高含量下存在 Mn-Fe 协同作用，而 Fe-Al 存在拮抗作用。 pH_soil, CEC 和 C_0 的条件调节表现出区间依赖性。这些结果强调了活性位点质量、可及性和饱和度在镉固定中的作用，并为针对氧化物的修复策略提供了信息。"
P09542,"Risk identification and tracing of heavy metals in rice fields: An integrated framework of machine learning, Google Earth Engine, geochemical modeling, and pollution fingerprinting for regional-scale risk assessment",稻田重金属的风险识别与追踪：基于机器学习、Google Earth Engine、地球化学建模和污染指纹识别的综合框架用于区域尺度风险评估,稻米中的重金属因对健康构成危害而引起公众关注。为了在区域尺度上有效识别和追踪稻田中的重金属风险，本研究创新性地整合了机器学习、Google Earth Engine (GEE)、地球化学建模和污染指纹分析，旨在改善重金属风险评估中的目标田块识别、形态预测和源解析。GEE结合随机森林（RF）模型准确识别了稻田（总体精度0.98），便于风险分区。多表面形态模型（MSM）结合RF模型进一步识别了稻田中重金属的形态分布、生物有效性和淋溶风险，并模拟了随土壤pH变化的重金属吸附-解吸行为。富里酸（FA）可促进水稻对重金属的吸收，而土壤中的溶解有机质（DOM）有助于重金属的淋溶，特别是Pb和Cu。正定矩阵因子分解（PMF）-RF综合方法识别了来源
P09546,Variations in microbial community characteristics driven by peri-urban land-use patterns and their relationship with soil health,城乡结合部土地利用模式驱动的微生物群落特征变化及其与土壤健康的关系,
P09872,Machine learning-based assessment of soil organic carbon dynamics in soybean–wheat rotations in eastern China,基于机器学习的中国东部大豆-小麦轮作中土壤有机碳动态评估,
P11642,"Dam Operation Alters Nutrient Dynamics and Intensifies Heavy Metal Pollution in Riparian Soils: A 15-Year Study of the Three Gorges Reservoir Area, China",大坝运作改变了养分动态并加剧了消落带土壤的重金属污染：三峡库区15年研究,三峡大坝（TGD）的运行深刻改变了河岸生态系统，它是维持河流水质的关键过渡区。尽管已有许多研究检查了河岸区土壤养分和重金属的动态，但其长期轨迹仍知之甚少。本研究建立了一个长期监测点，并汇编了涵盖大坝运行15年（2007-2021）期间15个区域河岸土壤的文献数据。采用广义线性混合模型（GLMMs）评估影响河岸水库区（RRZ）土壤性质的关键因素。与相邻的旱地土壤相比，RRZ土壤表现出更高的土壤有机碳（SOC）和重金属浓度（Cd、Cr、Cu、Zn）。年间淹没频率是主导因素，解释了大多数土壤性质超过50%的变异性。具体而言，pH值、总养分（SOC、TP、TK）和重金属浓度（Cd、Cr、Cu、Pb、Zn）均随年间淹没频率显著增加，而土壤有效养分（AN、AP、AK）则显著下降。高程也发挥了关键作用，145-155米高程的土壤具有更高的SOC和重金属浓度，而165-175米高程的土壤具有更高的TN、TK、AN和AK水平。为缓解这些影响，迫切需要包括植被恢复在内的生态管理策略。本研究为三峡库区河岸带的保护和恢复提供了重要见解，为未来的管理工作奠定了基础。
P11649,"Geographical patterns, sources, and ecological risks of short- and medium-chain chlorinated paraffins in mulching cultivated soils across China",中国地膜覆盖农田土壤中短链和中链氯化石蜡的地理分布、来源及生态风险,氯化石蜡（CPs）作为增塑剂的广泛使用已造成了可测量的土壤污染。然而，地膜作为农田土壤CPs潜在来源的贡献尚无定论。这项研究揭示了中国29个省份地膜覆盖农田土壤中短链和中链CP（SCCP和MCCP）的浓度，范围分别为19至750 ng/g和24至1580 ng/g（干重）。不同地区地膜覆盖农田土壤中的CP浓度各不相同，但其同系物组分布谱均以C10-11Cl7-8（SCCPs）和C14Cl7-8（MCCPs）为主。地膜覆盖年限、种植作物类型和当地降雨量可能会影响农业土壤中SCCP和MCCP的浓度。此外，研究发现地膜中CP含量很高，其中生物降解膜的浓度（SCCPs: 20400 ng/g; MCCPs: 4410 ng/g）高于聚乙烯膜（SCCPs: 11000 ng/g; MCCPs: 2350 ng/g）。生物降解膜覆盖土壤中的CP浓度也高于聚乙烯膜覆盖的土壤。地膜被确定为农业土壤中CPs的重要来源。虽然风险评估表明，目前地膜覆盖农田土壤中的SCCP和MCCP浓度对中国居民造成的直接健康风险相对较低，但地膜和土壤中的CPs不容忽视，需要进一步关注。
P11650,"Short- and medium-chained chlorinated paraffins in soils and sediments in China: Spatiotemporal distributions, ecological risks, and driving mechanisms",中国土壤和沉积物中的短链和中链氯化石蜡：时空分布、生态风险及驱动机制,对土壤和沉积物中的短链氯化石蜡（SCCPs）和中链氯化石蜡（MCCPs）的时空分布、同系物模式、生态风险和驱动机制进行综合分析，对于污染识别和风险控制至关重要。本研究收集并分析了2011年至2024年间发表的文献，包括中国32个省份约130个城市的土壤和沉积物中的SCCPs和MCCPs信息。结果显示，土壤中SCCP和MCCP污染主要为低风险。相比之下，沉积物结果主要为中等风险，中高风险点位主要分布在中国东部和中部省份。从2006年到2022年，中国研究案例中土壤和沉积物中CPs的含量总体上呈逐渐上升趋势，而SCCPs的积累从2015年左右呈现稳定或下降趋势。在中国土壤和沉积物中，较短碳链的CP同系物比例更为显著，其中C10和C14分别是SCCPs和MCCPs的主要碳同系物。根据地理探测器分析，SCCPs和MCCPs的积累受污染源、扩散途径和受体属性的组合影响，其中人口密度、归一化植被指数（NDVI）和土壤类型是主要驱动因素。这些结果为全国范围内土壤和沉积物中SCCP和MCCP污染的变化特征和影响因素提供了参考。
P11656,"Nationwide distribution, transformation, and risks of p-Phenylenediamines and their quinone transformation products in Chinese agricultural soils",中国农田土壤中对苯二胺及其醌类转化产物的全国分布、转化与风险,对苯二胺类抗氧化剂广泛用于轮胎配方，并通过轮胎磨损释放到环境中，转化为毒性更强的对苯二胺醌类衍生物。本研究采集了中国农业区122个表层土壤样品，定量分析了6种PPDs和5种PPD-Qs，探讨了其空间分布、来源、转化驱动因子及潜在风险。结果显示，所有样品中均检出PPD及其醌类转化产物，全国平均浓度分别为1.02 ng/g和0.28 ng/g。6PPD和6PPD-Q为主要同系物，表明母体向转化产物的强烈继承性。源解析表明，来源包括农业橡胶材料的直接输入和工业橡胶排放的大气传输。日照时长和土壤总有机碳是影响其组成和转化的关键因素。风险评估显示，目前的非致癌人体和生态风险均在可接受范围内。
P00370,Risk assessment of heavy metals in typical karst soils and analysis of potential infuencing factors,典型喀斯特土壤重金属风险评估及潜在影响因素分析,中国云南省西南地区以典型的喀斯特地貌为特征，该地区土壤重金属浓度升高对当地环境产生了重大影响。本研究的目的是利用地理探测器和空间插值技术，调查目标区域土壤重金属（Cu、Zn、Pb、Cd 和 Cr）的空间分布并识别其影响因素。研究区铬（Cr）的平均浓度超过了云南省土壤元素的背景水平，是背景值的 1.35 倍。其他重金属的浓度未超过背景水平，尽管个别采样点的数值高于标准。在空间分布上，这五种重金属的高浓度区域主要位于研究区的中部。地理探测器分析表明，土壤 pH 值、土壤有机质、GDP、蒸散发、降雨量和土地利用类型是影响土壤重金属的主要因素。交互作用探测分析显示，因子相互作用的结果导致非线性增强或双因子增强。在 Cu、Zn 和 Cd 中，pH 值和有机碳（OC）之间的相互作用最强。这项研究阐明了影响喀斯特地区土壤重金属浓度的因素，并为具有高背景值的类似地区提供了科学评价方法和决策支持。这些发现具有重要的科学价值和实践意义。
P00579,"Vertical Distribution, Source Identification and Risk Assessment of Heavy Metals in the Soil from Langdu-Wetland in Northwest China",中国西北郎杜湿地土壤重金属的垂直分布、源识别及风险评估,"黄河上游的郎渡（LD）湿地是一个生态敏感区，农业和畜牧业活动突出，需要提高土壤质量。尽管如此，关于该区域重金属分布和风险的研究仍然有限。本研究评估了重金属的垂直分布、来源和污染状况，以评估LD湿地的生态风险。根据理化性质将土壤剖面分为三层。土壤从0–15 cm层的还原环境（-16.7 mV）转变为30–65 cm层的氧化条件（8.6 mV），土壤含水量（SWC）、pH值和总有机碳（TOC）随深度降低。Cd浓度随深度降低，而其他重金属（Cr, Cu, Ni, Pb, Zn）在25 cm左右达到峰值，可能是由于0–30 cm层的高TOC、碱性条件和雨水淋滤导致重金属固定。植物中的重金属显著高于土壤，归因于较高的SWC、电导率（EC）及其不可降解性质。源分析表明，重金属来源于人为和自然源。风险评估显示，表层土壤（0–5 cm）中Cd为中度污染，Pb和Zn在整个剖面中为轻度污染。Cd（0–50 cm）和Pb（0–15 cm）被确定为生态风险的主要贡献者，突显了有效管理人类活动以保护环境和公共卫生的必要性。"
P00842,Enhanced prediction of occurrence forms of heavy metals in tailings: A systematic comparison of machine learning methods and model integration,尾矿中重金属存在形态的增强预测：机器学习方法的系统比较与模型集成,采矿和矿石冶炼产生的尾矿是土壤污染的主要来源。了解尾矿中重金属（HMs）的形态对于土壤修复和可持续发展至关重要。鉴于传统的实验室连续提取方法确定尾矿中重金属形态的过程复杂且耗时，迫切需要一种快速、精确的识别方法。针对这一问题，本研究利用机器学习（ML）开发了一种通用的重金属存在形态经验预测方法。以尾矿的成分信息、重金属的性质和连续提取步骤作为输入，计算七种重金属形态的百分比。经过模型调优和比较，发现极限梯度提升、梯度提升决策树和分类提升方法是表现最好的三种ML模型，其在测试集上的决定系数（R2）值超过0.859。对这三种最优模型的特征重要性分析表明，电负性是影响重金属存在的最重要因素，平均特征重要性为0.4522。随后使用堆叠作为模型集成方法，进一步提高了ML模型预测重金属存在形态的能力，使R2增加到0.879。总体而言，本研究开发了一种预测尾矿中重金属存在形态的稳健技术，为尾矿的环境评估和回收利用提供了重要参考。
P00951,Biodegradable microplastics coupled with biochar enhance Cd chelation and reduce Cd accumulation in Chinese cabbage,生物降解微塑料联合生物炭增强镉螯合并降低镉在白菜中的积累,微塑料对生物炭修复镉污染土壤的影响尚不清楚。因此，本研究旨在探讨不同生物炭与聚乳酸（PLA）微塑料联合施用对镉污染土壤中白菜生长、根际土壤代谢组学、细菌群落结构及镉积累的影响。与单独施用生物炭相比，添加PLA抑制了植物生长，但也使白菜中的镉积累减少了8–42%；其中甘蔗渣生物炭（SBC）-PLA处理效果最为显著。与单独使用SBC相比，SBC–PLA使根和地上部分的镉积累分别减少了47%和22%（p < 0.05）。添加PLA提高了土壤有机质、溶解性有机碳和全氮含量，但降低了有效磷和速效钾含量，对有效镉含量无显著影响。根际代谢物分析表明，PLA加生物炭促进了环己烯类萜类化合物和螯合剂的形成、尿素循环以及与镉离子的螯合，从而减少了白菜根系对镉的吸收。微生物结构分析表明，PLA加生物炭促进了有机碳、氮与镉之间的螯合。这项研究强调了微塑料在减轻植物镉积累和修复重金属污染土壤方面的潜力。
P00982,"Study on the migration pathway and isotopic composition of Zn in soil, plant and water in mining area",矿区土壤、植物和水中锌的迁移途径及同位素组成研究,同位素示踪已被广泛用于识别不同环境中锌的来源和迁移过程。然而，矿区迁移过程中锌同位素的分馏对同位素示踪的准确性构成了挑战。针对这一问题，鉴于中国西南喀斯特地区某典型的铅锌矿区具有长期的尾矿污染历史和广泛的锌迁移空间分布，本研究将其选为研究区域。系统采集了端元样品和环境介质（土壤、植物、河水和地下水），并分析了重金属浓度和同位素特征。全面调查了锌从端元到周边环境的迁移路径及相关的同位素分馏。结果表明，尾矿是锌的主要来源，ZnS风化是土壤中锌同位素变异的主要驱动力。淋溶过程（以富集重同位素的可溶性Zn2+的选择性输送为特征）被确定为控制土壤-植物-河流连续体中锌迁移的关键机制。滞留过程（有机质吸附、植物吸收和矿物相互作用）对土壤锌的影响最小。
P00994,Multi-source apportionment of soil heavy metals and spatial heterogeneity of associated risks in overlapping zones with high geological background and mining-smelting activities,高地质背景与冶炼活动重叠区土壤重金属多源解析及关联风险的空间异质性研究,了解自然地球化学异常与采矿冶炼活动对土壤重金属（HMs）污染及健康风险的综合影响，对于有效的区域风险管理至关重要。鉴于传统的土壤污染风险评估往往忽略了来自不同来源的重金属负荷以及多源污染的空间异质性。本研究在中国西南喀斯特地区的典型铅锌冶炼区采集了957个表层土壤样品，分析了重金属（Cd、Cr、Cu、Ni、Pb、Zn）的浓度。通过整合用于源解析的正定矩阵因子分解（PMF）模型和用于人体健康风险评估（HRA）的蒙特卡洛模拟，基于源导向方法定量分析了土壤重金属源的健康风险和空间异质性。结果显示，土壤重金属富集显著，Cd、Cr、Cu、Ni和Zn的平均浓度显著超过了中国农用地土壤的国家风险筛选值。整个研究区的潜在生态风险指数（PERI）处于中等风险水平，其中Cd的单体生态风险指数最高。高生态风险区主要集中在研究区域南部历史采冶活动附近。采矿和冶炼活动、农业实践、土壤母质和交通排放被确定为土壤中重金属的主要来源。PMF模型结果显示，与采冶活动相关的人为源贡献率为24.30%，而自然源贡献率为22.01%。HRA结果显示，没有显著的非致癌风险，但儿童表现出较高的总致癌风险（5.22E-05）。采冶
P01002,Deciphering heavy metal adsorption capacity of soil based on its physicochemical properties and adsorption reaction time using machine learning,基于理化性质和吸附反应时间利用机器学习解析土壤重金属吸附容量,土壤的理化性质在控制重金属在土壤环境中的地球化学行为方面起着关键作用。然而，确定对重金属结合能力影响最大的具体土壤性质仍然是一项具有挑战性的工作。为了解决这一知识空白，我们从中国各地收集了22种不同的土壤样品。利用这些样品，并基于包含2112个实验数据点的综合数据集，评估了12种机器学习模型在预测重金属吸附方面的性能。通过机器学习特征分析，我们确定了决定重金属（包括Cr、Pb、Cd和As）吸附能力的关键土壤性质。我们的研究结果表明，活性金属氧化物和土壤有机质在决定Cr和As等含氧阴离子的吸附能力方面起着关键作用。相反，阳离子（特别是Pb和Cd）的吸附能力主要受土壤pH值、土壤颗粒大小和土壤有机质的影响。值得注意的是，土壤容重和吸附时间被证明是重金属相对吸附能力的重要预测因子，这一点以往很少受到关注。通过84个数据点的实验验证，XGBoost模型表现出极高的可靠性，对Cr、Pb、Cd和As的R²分别达到0.927、0.766、0.783和0.866。XGBoost模型整合了多种土壤性质和时间因素，为吸附能力随时间的动态变化提供了重要见解，是战略设施规划和土壤修复的有力工具。
P01004,Disentangling natural and anthropogenic influences on the spatial variability of soil cadmium contamination,区分自然和人为影响对土壤镉污染空间变异性的作用,土壤镉污染由自然过程和人为活动共同驱动，对耕地利用构成严重环境风险。传统的单因子分析往往难以捕捉其空间异质性及影响因素间的相互作用。为此，我们提出了一种结合地理探测器（GD）、随机森林（RF）和结构方程模型（SEM）的综合框架，以系统识别镉污染的关键驱动因素并量化其直接和间接效应。这种混合方法通过将数据驱动分析与因果推理相结合，推进了空间建模。结果显示镉浓度具有显著的空间变异性，变异系数达103.70%，强调了污染景观的非均匀性。地积累指数（Igeo）和超标率（ES）两种污染指数一致表明污染程度从西北向东南递增，且矿区附近存在热点。GD和RF模型结果表明，主要贡献因素包括到矿区的距离、土壤有机碳（SOC）、pH值、地形海拔（DEM）和周边居住区。交互作用分析表明，矿区邻近性与土壤pH值的综合效应会加剧镉的积累，这一模式进一步得到SEM的证实。SEM还表明，到矿区的距离是镉污染最显著的直接驱动因素，而DEM通过影响采矿相关的空间格局间接影响镉水平。这一综合框架为理解土壤镉污染的空间动力学提供了全面的方法，并为自然和人为驱动因素之间的相互作用提供了新的见解。
P01007,A novel method for achieving ecological indicator based on vertical soil bacterial communities coupled with machine learning: A case study of a typical tropical site in China,基于垂直土壤细菌群落结合机器学习构建生态指示剂的新方法：中国典型热带区域案例研究,全球工业化导致土壤受到重金属的严重污染。然而，目前尚不清楚这是否影响深度的细菌群落。在此，我们从一个典型的重金属污染站点采集了不同深度的土壤样品，使用扩增子测序确定了深度分辨细菌群落差异，并评估了重金属的阈值和生态影响。结果表明，重金属水平随土壤深度显著降低。上层土壤的细菌表现出更高的群落多样性和更复杂、更稳定的生态网络结构。随着深度的增加，负面相互作用的比例逐渐增加，表明种间竞争行为加剧。基于机器学习的阈值分析显示，砷和铜对生态系统具有非线性影响。铜表现出低阈值效应，其生态后果在极低浓度下显现。我们的结果突出了微生物监测在评估重金属对土壤健康的不利影响方面的效用，以支持环境管理和生态恢复。
P01008,Integrating heavy metal concentration and slope gradient for ecological risk assessment in mountainous regions: Insights from China’s Dabie Mountain region,整合重金属浓度与坡度梯度用于山区生态风险评估：来自中国大别山地区的见解,"土壤重金属污染已成为一个紧迫的全球生态问题。本研究调查了中国大别山地区（中国严重土壤侵蚀的热点地区）土壤中10种重金属（Cu, Pb, Zn, Cr, Ni, Co, Cd, As, Hg, Mn）的分布和生态风险。结果表明，坡度梯度影响重金属的空间分布，陡坡（>10◦）的Pb和Cd浓度高于缓坡（<5◦）和中坡（5–10◦）。虽然坡度梯度被认为是影响重金属重分布的因素之一，但生态风险的主要决定因素仍然是实际的重金属含量。随机森林分析强调了将重金属浓度、土壤性质（如有机质）和坡度动力学整合到风险评估框架中的重要性。这些发现强调需要制定区域特定的管理策略，在优先考虑直接重金属测量的同时，承认地貌因素在塑造污染模式中的作用。"
P01017,Assessing the transfer of Cd and As from co-contaminated soil to peanut (Arachis hypogaea L.): prediction models and soil thresholds,评估镉和砷从复合污染土壤向花生 (Arachis hypogaea L.) 的转移：预测模型与土壤阈值,在中国，土壤中镉和砷的复合污染是最严重的复合污染形式之一。目前对于模拟镉和砷从复合污染土壤向作物的转移研究尚不充分。本研究选取了理化性质差异显著的五种土壤，通过外源添加镉和砷来模拟复合污染条件，并深入研究了这两种元素的生物积累和转运行为。研究利用机器学习方法和逐步线性回归建立了花生植株中镉和砷积累的预测模型，并据此推导了基于食品质量标准的土壤安全阈值。结果表明，与砷相比，花生对镉的积累能力显著更高，镉的生物富集系数（BCF）范围在0.77到36.55之间，而砷在0.006到0.449之间。镉主要向地上部转运并集中在花生地上部分，而砷主要积累在根部。与单一镉污染相比，砷的存在使根、茎、壳和仁中的镉浓度分别最高增加了87.5%、71.3%、120.2%和48.9%。相反，镉的存在使根、壳和仁中的砷含量分别最高降低了38.3%、45.5%和38.1%。利用XGBoost和逐步线性回归模型，识别了影响植物中镉和砷积累的关键因素，并建立了相应的回归预测方程，这些方程解释了花生各部分金属积累超过0.66的方差。我们推导的土壤安全阈值表明，在复合污染情况下，应更严格控制污染物浓度以降低健康风险。这项
P01246,Fate of microplastics in soil-water systems: View from free radicals driven by global climate change,气候变化驱动的自由基视角下的土壤-水系统中微塑料的归趋,微塑料在土壤-水系统中无处不在且持久存在，在全球范围内构成潜在的生态与健康风险。自由基在土壤-水系统中具有高度反应活性，特别是在土壤-水-气界面。对环境条件敏感的自由基的动态变化可能会极大影响微塑料的环境归趋。然而，土壤-水系统中自由基降解微塑料的途径、反应动力学或转化产物仍不清楚。气候变化改变了土壤-水系统的物理化学环境，这种转化可直接影响微塑料的降解，或通过改变自由基的产生和种类间接影响降解。在此，我们总结并分析了土壤-水系统中自由基（如超氧阴离子自由基(superoxide radicals)、过氧化氢(hydrogen peroxide)、过氧自由基(peroxyl radicals)和羟基自由基(hydroxyl radicals)）的波动对微塑料及其衍生物降解的影响。我们还讨论了由气候变化驱动的自由基变化如何影响微塑料的归趋。通过整合气候变化、自由基化学和微塑料污染等方面，本研究描绘了环境条件变化加剧微塑料污染的关键问题。针对现有挑战和当前研究的不足，提出了可行的对策。这项工作为未来预测和控制与全球气候变化相关的微塑料所引起的生态毒性和健康风险提供了有价值的见解。
P01402,Geographically weighted random forest fusing multi-source environmental covariates for spatial prediction of soil heavy metals,融合多源环境协变量的地理加权随机森林在土壤重金属空间预测中的应用,高效的土壤重金属空间预测模型对于维持土壤生态系统健康、促进区域优质农业和国家粮食安全至关重要。传统的机器学习（ML）模型往往忽视空间自相关性，从而降低了预测精度。本研究采用了地理加权随机森林（GWRF，随机森林RF的空间扩展），融合地形、空气质量、植被、土壤性质、人类活动和协光谱协变量，预测中国东部某城市Cr、Pb、As和Hg的分布。我们将GWRF与地理加权回归（GWR）和优化的全局RF进行了比较。GWRF模型表现最佳，测试集R2值分别达到0.303 (Cr)、0.419 (Pb)、0.428 (As)和0.561 (Hg)。这比GWR（高达209.18%）和全局RF（高达53.28%）有显著提升。此外，本研究还调查了不同带宽和权重参数对GWRF性能的影响。结果表明，选择合适的带宽以及适当地整合局部GWRF和全局RF模型结果可以提高预测精度。可解释的ML分析（MDI和SHAP）确定空气质量（特别是O3）、地形、距矿山距离和降雨量是关键影响因素。GWRF生成的空间分布图显示，高浓度区域主要位于西北平原和中南地区，且不同金属的分布模式不同。这项研究证实了GWRF用于高精度、可解释的土壤重金
P01419,Integrating heavy metal concentration and slope gradient for ecological risk assessment in mountainous regions: Insights from China’s Dabie Mountain region,融合重金属浓度与坡度梯度的山区生态风险评价：来自中国大别山地区的启示,土壤重金属（HM）污染已成为一个关键的全球生态问题。本研究调查了中国大别山地区（土壤侵蚀严重的热点区域）土壤中10种重金属（Cu、Pb、Zn、Cr、Ni、Co、Cd、As、Hg 和 Mn）的分布和生态风险。结果表明，坡度梯度影响重金属的空间分布，与缓坡（<5°）和中坡（5-10°）相比，陡坡（>10°）表现出更高的 Pb 和 Cd 浓度。虽然坡度梯度被确定为影响重金属重新分配的因素之一，但生态风险的主要决定因素仍然是实际的重金属含量。随机森林分析强调将重金属浓度、土壤性质（如有机质）和坡度动力学整合到风险评估框架中的重要性。这些发现强调了对特定区域管理策略的需求，即在承认地貌因素在污染模式形成中的作用的同时，优先考虑直接的重金属测量。
P01426,Multi-element amendment reshaped rhizosphere microbiome: A microbially driven Fe/Mn/S synergistic action for Cd immobilization,多元素改良剂重塑根际微生物组：用于镉固定的微生物驱动的铁/锰/硫协同作用,土壤中的镉污染威胁水稻安全，需要有效的修复策略。虽然硅-钙-镁改良剂（FSY）已知可降低镉的生物有效性，但其确切的微生物机制仍未被充分探索。本研究结合了宏基因组学和机器学习，调查了FSY对水稻根际微生物组的影响，并阐明了镉固定的生物驱动因素。FSY施用和水稻生长阶段是重塑细菌和古菌群结构的核心因素，使古菌群落组装转向确定性过程，而真菌群落保持相对稳定。共现网络分析显示，FSY增强了微生物相互作用的复杂性和稳定性，加强了关键功能类群的作用。至关重要的是，功能谱分析显示FSY显著上调了与多屏障系统相关的基因：（1）铁/锰氧化（如feoB）：与铁锰膜（IP）形成有关；（2）硫酸盐还原（如dsrA）：与硫化镉沉淀有关；以及（3）微生物镉抗性（如czcA基因）。机器学习确定了14个核心物种，包括弯曲菌门和热变形菌门中的关键类群，是协同Fe/Mn/S-Cd相互作用的关键驱动因素。这些发现证实了通过三个相互关联的机制实现镉固定的微生物驱动Fe/Mn/S协同模型：增强微生物介导的矿物固定（IP增厚和CdS沉淀）以及增强群落水平的镉抗性。本研究深入了解了化学改良剂如何诱导微生物功能以减轻重金属风险，从而
P01503,Combining biochar and lime amendments for remediation of Cd-contaminated paddy soil around e-waste dismantling site: a study from laboratory to field,生物炭与石灰改良剂联合修复电子废弃物拆卸区周围镉污染稻田土壤：从实验室到田间的研究,非正规电子废弃物拆解产生的镉（Cd）污染对周边稻田的农业安全和人类健康构成了重大威胁，因此需要开发有效的修复策略。生物炭和石灰基材料分别被公认为修复重金属污染土壤的代表性有机和无机吸附剂。然而，单独或联合使用生物炭修复Cd污染稻田土壤的适用性和机制尚不清楚。在此，我们通过实验室培养、温室盆栽实验和田间试验相结合的多尺度方法，研究了中国电子废弃物拆解区典型稻田土壤中生物炭（花生秸秆生物炭PB、玉米秸秆生物炭CB）、石灰（石灰石LS、碱性炉渣AS）及其组合在改善土壤酸度和修复Cd污染方面的有效性和机制。在生物炭中，PB降低土壤酸度的效果优于CB；在无机改良剂中，LS优于AS。单独施用PB可以固定Cd并降低酸度，但需要不切实际的高施用量；剂量 <= 3.84 t ha^-1 时无显著效果。以目前的成本效益水平，单独使用生物炭进行Cd修复在大规模田间应用中在经济上是不可行的。在田间条件下，联合使用生物炭和石灰石（2.64 t ha^-1 LS + 1.92 t ha^-1 PB）或单独施用LS（5.26 t ha^-1）可使土壤生物有效性Cd降低约90%，使稻米中Cd浓度降低约50%，使谷粒C
P01512,Predicting the efficiency of arsenic immobilization in soils by biochar using machine learning,利用机器学习预测生物炭对土壤中砷的固定效率,土壤砷污染是一个普遍存在的环境问题。生物炭固定化技术为解决土壤砷污染提供了一种有前景的解决方案。生物炭在土壤中固定砷的效率主要取决于土壤和生物炭的特性。然而，特定属性对砷固定化的影响在不同研究中有所差异，且基于生物炭的砷钝化材料的开发和应用往往依赖于经验知识。为了提高固定效率并降低人力和时间成本，本研究在生物炭应用前采用机器学习（ML）模型来预测砷的固定效率。在这项研究中，我们从17篇出版物中收集了包含182个砷固定效率数据点的数据集，构建了三个ML模型。结果表明，随机森林（RF）模型在预测性能上优于梯度提升回归树和支持向量回归模型。基于RF模型的相对重要性分析和部分依赖图用于识别影响砷固定化的最关键因素。这些发现强调了生物炭施用时间和生物炭pH值在土壤砷固定效率中的重要作用。此外，研究揭示铁改性生物炭在砷固定方面表现出显著改善。这些见解有助于针对特定生物炭属性设计并优化生物炭施用条件，从而提高砷固定效率。
P01627,Revealing the synergistic spatial effects in soil heavy metal pollution with explainable machine learning models,利用可解释机器学习模型揭示土壤重金属污染的协同空间效应,识别影响土壤重金属含量变化的因素是减少或预防土壤重金属污染的基础。本研究选择了16个环境因素，利用地理探测器（GD）和极端梯度提升（XGBoost）-Shapley加性解释（SHAP）模型评估了土壤重金属空间分布因素的影响以及空间因素之间的协同作用。研究区域检测了三种重金属元素，即Cd、Cu和Pb。获得如下结果：(1) XGBoost在预测土壤重金属的空间分布方面表现出高精度，每种重金属的R2值均超过0.6。(2) 在GD和XGBoost-SHAP模型中，地质类型图和企业密度显著影响了土壤中Cd、Cu和Pb的浓度。此外，交叉检测显示，当自然因素和人为因素结合时，具有很强的解释力。(3) 在相同的地质背景下，国内生产总值（GDP）对重金属影响的不同趋势表明，污染控制措施在经济发达地区是有效的，经济与环境可以平衡。同时，归一化植被指数与企业密度之间的相互作用表明，植被可以缓解该地区的重金属污染。本研究支持战略决策，为全球土壤重金属污染管理、可持续生态发展以及保障人类健康和福祉提供参考。
P01632,Neonicotinoid metabolites in farmland surface soils in China based on multiple agricultural influencing factors: A national survey,基于多种农业影响因素的中国农田表层土壤中新烟碱类代谢物：一项全国调查,某些新烟碱类代谢物因其毒性与母体化合物相当甚至更强而引起广泛关注。目前关于代谢物在土壤中分布的信息有限。特别是地膜覆盖、耕作、灌溉和施肥等农业因素对mNEOs的影响尚不明确。本研究首次揭示了中国农田表层土壤中普遍存在mNEOs，ΣmNEOs的几何平均浓度为0.298 μg/kg。在中国大陆31个省份中，福建省mNEO残留量最高，上海市最低。在不同作物类型的表层土壤中，果蔬地的mNEO残留量最高。此外，地膜覆盖水平越高，mNEO残留量越高。微塑料作为污染载体，在田间条件下与mNEOs呈正相关，这与微塑料的吸附能力及其对土壤条件和地膜覆盖年限的影响有关。此外，本研究首次表明灌溉水和粪肥可能是土壤中mNEO的输入源，耕作频率也可能影响mNEOs。
P01633,Accurate prediction of spatial distribution of soil heavy metal in complex mining terrain using an improved machine learning method,改进机器学习方法在复杂矿区土壤重金属空间分布准确预测中的应用,矿区重金属（HMs）空间分布的准确预测对污染管理至关重要。然而，在具有复杂地形和多变污染物传输路径的矿区，预测HMs的空间分布仍然是一个重大挑战。本研究旨在通过将机器学习模型、克里金插值和特征选择技术相结合，优化亚洲最大的石门雄黄矿区砷（As）分布的空间预测。结果表明，随机森林（RF）模型在预测土壤As浓度方面表现最佳，测试数据的R2达到0.84。引入环境变量提高了空间预测精度，其中RF（R2 = 0.76，RMSE = 24.68 mg/kg）和随机森林回归克里金（RFRK）（R2 = 0.78，RMSE = 23.46 mg/kg）的表现优于普通克里金和地理加权回归克里金。重要性分析和递归特征消除进一步优化了模型，使AR2增加了5%，RMSE降低了8%–12.4%。优化后的RFRK模型准确捕捉了矿区As的空间分布，揭示了As从冶炼厂向外扩散的规律。这些发现强调了特征选择在提高高度污染和复杂地形区域预测精度方面的关键作用，这一点在以往的研究中经常被忽视。
P01634,Advanced three-dimensional prediction model based on stable machine learning for soil pollution: A case study from a contaminated site in Southern China,基于稳定机器学习的土壤污染先进三维预测模型：中国南方某污染场地案例研究,全球有超过500万个污染场地，准确表征土壤污染的三维（3D）分布对于有效的风险评估和场地修复至关重要。然而，目前的3D插值方法往往无法同时考虑空间相关性和空间异质性，而这对于捕获地下污染的复杂空间结构至关重要。本研究开发了一种精细的3D插值模型，该模型整合了场地特征、空间位置、空间相关性和空间异质性，以模拟场地污染并量化预测不确定性。所提出的机器学习（ML）模型实现了较高的预测性能，四种重金属的判定系数（R2）值均高于0.73。为了增强模型的通用性，本研究开发了一个稳定性分析框架，并提出了一种基于随机数据集划分和输入协变量随机排序的新型模型选择策略，1000次随机模拟可以为模型筛选提供可靠依据。本研究介绍了一种新的、精确的3D空间插值方法。
P01637,Diffusive gradient in thin films combined with machine learning to discern the accumulation characteristics and driving factors of Cd and Cu in soil-rice systems,薄膜扩散梯度技术结合机器学习识别土壤-水稻系统中镉和铜的积累特征及驱动因素,大米中镉（Cd）的膳食暴露风险显著高于铜（Cu），而土壤-作物系统中Cd和Cu的共迁移可能会增强污染物的生物有效性，因此快速准确预测其在作物中的积累对于评估耕地风险至关重要。然而，以往基于土壤重金属总量或单一形态的预测方法存在一定的局限性。我们从中国湖南省采集了82对土壤和水稻样品，使用薄膜扩散梯度（DGT）技术结合化学提取（超纯水、酸性草酸铵、氯化钙）方法探讨了Cd和Cu的生物有效性特征，同时整合土壤理化参数和重金属形态建立了水稻中Cd和Cu积累的机器学习（ML）模型。结果表明，当pH超过7时，CaCl2对Cd的提取效率（CaCl2-Cd/总Cd）从43.5%急剧下降到7.8%，而Cu的提取不受影响。DGT与化学提取的差异揭示
P01638,Application of a PMF+BMR hybrid model for source apportionment and ecological risk assessment of soil heavy metal(loid)s,PMF+BMR混合模型在土壤重金属源解析及生态风险评估中的应用,土壤重金属带来的生态风险引起了广泛关注。识别污染源并量化其贡献对于有效管理至关重要。本研究从中国崇明岛采集了229个表层土壤样品，研究了8种重金属的污染水平、来源和生态风险。结果表明，除As和Hg外，六种重金属的浓度超过了其背景值，风险商（RQ）分析表明Ni具有最高的生态风险。与单一PMF模型相比，PMF+BMR混合受体模型将源解析的平均R²值从0.45提高到0.70（增加了约55.6%），显著改善了Zn、Pb和Cu的拟合度。该混合模型确定了三个主要来源：大气沉降（22.2%）、河流冲刷和沉积物沉积（46.8%）以及农业污染（31.0%），其中河流冲刷和沉积物沉积对高风险区域的贡献率为54.6%。此外，Getis-Ord Gi*热点分析在西北部划定了四个高风险区域。总体而言，本研究通过将PMF提取的因子作为先验嵌入到BMR中，改进了传统的PMF方法，为更准确地分析土壤重金属来源和评估风险提供了新的参考。
P01639,The spatial distribution pattern and influencing factors of chromium (Cr) in topsoil of eastern and central China,中国中东部地区表层土壤铬的空间分布格局及影响因素,"铬是一种潜在的有害重金属，识别其空间驱动因素对于有效的土壤管理至关重要。然而，中国幅员辽阔，土壤Cr的空间分布受地质背景和环境条件差异以及人类活动叠加的影响，这给准确识别影响Cr分布的因素及其相互作用带来了重大挑战。本研究利用包含376,743个样本的大规模地球化学数据，调查了中国东部和中东部地区区域尺度上表层土壤Cr的空间分布格局。此外，通过结合地理探测器和可解释机器学习模型的方法，量化了各种因素对Cr分布的贡献，并阐明了它们之间的相互关系。结果表明，TFe2O3浓度和母岩是控制Cr分布的主要因素。在发育自基性岩的表层土壤中，土壤性质、气候、人类活动和地形对Cr浓度分布的贡献分别为41.9%、31.6%、13.5%和13.0%。偏最小二乘路径模型揭示，无论影响是直接还是间接，气候和地形因素始终以同一方向影响土壤Cr浓度。工业和农业活动直接增加了土壤Cr水平，而土壤性质间接降低了Cr浓度"
P01640,A transfer learning–enhanced deep learning framework for efficient and interpretable soil heavy metal pollution prediction under data scarcity and spatial heterogeneity,数据稀缺和空间异质性条件下高效且可解释的土壤重金属污染预测迁移学习增强深度学习框架,由于数据稀缺和空间异质性，大尺度土壤重金属污染风险评估仍然具有挑战性。虽然传统的机器学习（ML）方法提供了显著的预测能力，但它们往往难以处理高维、异构数据、有限的标记样本以及解释性不足的问题。在本研究中，我们提出了一种基于迁移学习（TL）的深度学习（DL）框架，该框架集成了卷积神经网络（CNN），称为TL-CNN，并结合基于遥感（RSs）、基于网络（WBs）和实地采样的数据集（包括空间区域化特征，SRs），以高效预测土壤重金属污染。通过将分层特征提取与GradSHAP可解释性模块相结合，该方法
P01667,"Nitrogen transformation and N2O production pathways under arsenic and cadmium stress in Chongming Island, China",中国崇明岛砷镉胁迫下的氮转化与N2O产生途径,重金属污染会对土壤生态系统中的微生物多样性产生不利影响，从而深刻影响土壤氮循环和氧化亚氮（N2O）排放。本研究基于培养实验，利用18O-15N标记技术，调查了水稻土和滨海湿地中砷和镉水平在中度、重度和极度污染下的氮转化和N2O产生途径的响应。在水稻土中，氨化速率（PAT）和硝化速率（PNT）分别下降了15.57%–48.75%和19.62%–30.13%。从对照（CK）处理到极度污染处理，水稻土中的反硝化速率（DEN）分别增加了34.07%、59.81%和74.82%。在滨海湿地中，从CK处理到极度污染处理，DEN分别下降了13.60%、19.30%和27.25%，但PAT和PNT速率分别增加了0.71%–51.05%和73.27%–119.81%。砷和镉的添加改变了土壤性质，从而改变了DEN的动力学，并增加了由异养反硝化（HD）和硝化耦合反硝化（NCD）途径产生的N2O。由硝化细菌硝化（NN）和硝化细菌反硝化（ND）途径产生的N2O产量的变化分别与PNT速率和NO2-动力学有关。As和Cd添加影响下的PAT、PNT和DEN变化结果表明，重金属污染促进了滨海湿地的活性氮产生但抑制了氮去
P01867,Machine learning combined with geodetector to predict the spatial distribution of soil heavy metals in mining areas,机器学习结合地理探测器预测矿区土壤重金属的空间分布,准确理解土壤重金属的空间分布对于有效预防土壤污染和制定修复策略至关重要。传统的机器学习模型往往忽视环境数据内在的空间分层异质性，从而影响预测精度。因此，我们将地理探测器模型（GDM）与机器学习模型相结合。利用因子探测结果筛选协变量以考虑模型特征的局部空间异质性。利用交互探测结果构建空间分层协变量以考虑模型特征的空间分层异质性。结果表明，协变量筛选在很大程度上避免了冗余特征的引入。构建的空间分层协变量提高了模型的预测性能（不同模型的R平方（R2）和均方根误差（RMSE）均得到优化）。其中，XGB模型表现最佳。对影响Pb和Cr的因素分析表明，pH与NDVI的相互作用是Pb空间分布的主要决定因素（q = 0.3516，XGB重要性得分=93）。相比之下，DEM与pH的相互作用（q = 0.7156，XGB重要性得分=121）以及距废石堆的距离（q = 0.6390，XGB重要性得分=66）是Cr空间分布的主要驱动因素。这项工作为研究土壤中重金属分布的影响因素提供了一种改进的方法。本研究为土壤重金属的空间分布提供了有价值的见解。提出的方法可应用于未来的土壤污染评估和环境管理策略，从而有助于更精
P01869,Machine learning unveils the role of biochar application in enhancing tea yield by mitigating soil acidification in tea plantations,机器学习揭示生物炭在缓解茶园土壤酸化以提高茶叶产量中的作用,生物炭是一种广泛用于环境应用的土壤改良剂，已被用于促进茶叶种植。本研究利用三种机器学习模型调查了生物炭对茶叶生长和产量的影响，其中随机森林（RF）模型表现出优越的性能（R² = 0.8768，均方根误差 = 6.1537）。特征重要性分析表明，生物炭特性和实验条件是影响输出的关键因素，分别占39.2%和38.6%。具体而言，生物炭的钙含量（权重0.274）、生物炭施用量（权重0.206）和土壤的钙含量（权重0.120）是影响茶叶产量的三个最重要因素。总之，本研究建立的机器学习模型阐明了生物炭施用对茶叶产量的多因素影响，为茶叶生产中实用的生物炭施用策略提供了理论和方法学支持。
P01871,"Assessment of ecological risks and spatiotemporal monitoring of heavy metal contamination in cultivated soils of the Liaohe River Basin, Jilin Province, China",吉林省辽河流域耕层土壤重金属污染的生态风险评估与时空监测,确保土壤质量与安全对于实现生态可持续性至关重要。本研究采用多种指数模型、环境容量预测模型和时空立方体模型等方法，系统分析和评估了吉林省辽河流域重金属的生态风险、预警机制及缓解策略。结果表明，当地土壤重金属处于无污染至中度污染之间（0.5–1），其中 Cr、Cd 和 Ni 表现出相对较高的风险。预警结果显示 Cr 处于低容量状态（容量指数 = 0.67），且土壤重金属的环境容量预计在未来 15 年内下降。值得注意的是，15 年后 As 和 Cd 的环境容量预计将分别降至 4.579 kg/hm2 和 0.198 kg/hm2。基于这些发现，包括分级管理和土地利用在内的系统缓解建议
P01949,Heuristic Topological Graph Convolutional Network for Risk Prediction of Potentially Toxic Elements in Cultivated Soils,基于启发式拓扑图卷积网络的耕地土壤潜在有毒元素风险预测,耕地土壤中潜在有毒元素(PTEs)的污染对全球粮食安全构成日益严重的威胁。虽然现有的风险评估已经检查了PTE的积累和毒性，但它们与多维驱动因素的动态相互作用仍未得到充分表征。在此，通过将自适应图拓扑与量化的定向反馈优化相结合，引入了一种创新的启发式图卷积网络(GCN)模型，以提高生态风险预测的准确性。利用中国长江流域典型稻产区466个空间分辨土壤样本和28个环境驱动因素，启发式GCN模型的预测准确率比传统方法提高了23.1%。三阶段启发式算法修剪了拓扑图中85.5%的虚假边，GCN自适应地量化了环境驱动因素与生态风险之间的定向反馈。拓扑网络和特征重要性分析共同确定pH值、盐基饱和度、碳酸钙、交换性盐基和土壤有机碳是与地质因素一起起作用的关键调节因子。通过将机理土壤化学与基于机器学习的因果推断联系起来，我们的模型支持简化、定向量化和动态适应的生态风险预测。这使得筛选最有效的风险管理途径成为可能，并为农业生态系统中的生态风险控制提供了更精确和综合的策略。
P02076,Stabilization of acidification in China’s cropland soils,中国农田土壤酸化的稳定性,
P02181,Prediction of heavy metal spatial distribution in soils of typical industrial zones utilizing 3D convolutional neural networks,利用3D卷积神经网络预测典型工业区土壤重金属的空间分布,
P02200,Heavy metal synergistic pollution risk assessment in the soil-crop system of the nanyang basin,南阳盆地土壤-作物系统重金属协同污染风险评估,土壤-作物系统中重金属的富集规律及污染评估已成为环境污染问题研究的焦点。评估南阳盆地土壤-作物系统中重金属的协同污染风险，对食品安全和区域重金属环境污染治理具有重要意义。本研究在南阳盆地采集了5778个表层土壤样品、185个小麦样品、75个玉米样品、114个花生样品以及每种作物对应的374个根际土壤样品。测定了砷、镉、铬、汞和铅的浓度。利用污染指数和潜在生态风险评价方法评估土壤重金属污染。采用生物浓缩系数（BCF）方法分析金属转移动态。利用土壤-作物综合质量指数（IICQ）评估土壤-作物系统中重金属的协同风险。结果显示，大多数研究区域土壤污染水平较低，以未污染和轻度污染区域为主。研究区的小麦、玉米和花生作物总体处于安全水平，作物污染指数小于1，而其他一些点的作物污染指数大于1。小麦、花生和玉米对镉表现出较强的生物富集能力，其中花生的富集能力最高。最大比例的采样点被归类为未污染的土壤和作物，其中花生受影响最为严重。
P02203,Heavy metal accumulation risk and source analysis in soils of antimony mining areas,锑矿区土壤重金属积累风险及源解析,本研究通过结合正定矩阵因子分解（PMF）、蒙特卡洛模拟（MCS）及多种风险评价指标的综合方法，对中国西南地区一个典型的锑矿区进行了调查。结果表明，锑的平均浓度为125.61 mg·kg−1，是区域背景值的50倍。PMF分析揭示了三个主要来源：区域混合源（36.8%）、自然地质源（30.1%）和工业点源（33.1%）。MCS结果表明Cd和Sb具有很高的生态风险。儿童的非致癌风险（HI > 1）概率达到85.61%，所有人的总致癌风险（TCR）均超过可接受阈值。自然地质源是这些风险的主要贡献者。
P02211,Crop rotation increases Tibetan barley yield and soil quality on the Tibetan Plateau,轮作提高青藏高原青稞产量和土壤质量,青稞占青藏高原粮食总产量的70%以上。然而，青稞的连续耕作导致土壤退化，降低土壤质量并导致产量下降。本文探讨了与小麦和油菜轮作以提高作物产量和土壤质量的好处。我们在青藏高原进行了39项田间实验，比较了短期、5-10年和长期连作与青稞-小麦或青稞-油菜轮作的效果。结果表明，与长期连作相比，青稞-小麦和青稞-油菜轮作分别使产量提高了17%和12%，同时土壤质量指数分别提高了11%和21%。这两种轮作方式主要通过增加土壤微生物量氮和微生物量碳并降低pH值来改善土壤质量进而提高产量。相反，长期连作导致土壤有机质减少，微生物量氮降低，pH值升高，从而导致产量下降。轮作对作物产量和土壤质量的益处随时间增加。因此，实施与小麦或油菜的轮作为提高青藏高原的粮食安全提供了一种可持续的农业策略。
P02686,"Characteristics and Sources of Soil Contamination in a Lead–Zinc Mining Region in Gansu Province, China",甘肃省某铅锌矿区土壤污染特征及来源,矿物开采对环境和人类健康有深远影响。本研究以甘肃省某铅锌矿周边土壤生态系统为对象。量化了土壤中8种重金属（砷、汞、镉、铬、铜、铅、锌、镍）的含量。现场重金属平均浓度分别超过甘肃省背景值4.27、29.50、19.08、0.01、1.43、24.07、19.08和1.05倍。地累积指数显示土壤受到As的轻度污染和Cd、Zn、Hg的严重污染。内梅罗指数评估现场土壤整体为严重污染。潜在生态风险指数表明Hg和Cr具有极高的生态危险，Pb具有中等生态风险。研究区主要生态风险因子为汞（Hg），贡献率达60.60%。土壤重金属污染来源于铅锌开采、交通运输、自然源、农业和混合源，分别占总量的20.81%、12.38%、30.73%、18.80%和17.28%。本研究为矿区土壤污染控制提供了数据支持。
P03450,Estimating soil profile salinity under vegetation cover based on UAV multi-source remote sensing,基于无人机多源遥感的植被覆盖下土壤盐渍化剖面估算,土壤盐渍化是中国干旱、半干旱和沿海地区最常见的土地退化问题，严重影响当地作物产量、经济发展和环境可持续性。目前关于植被覆盖下不同深度土壤盐分估算的研究较少。本研究采用田间土壤控制试验，收集大麦生长条件下的多源遥感数据和不同深度的土壤含盐量（SSC）。基于图像构建了三种类型的特征变量，并使用提升决策树（BDT）方法进行筛选。此外，结合四种机器学习算法和七种变量组合组，综合建立了土壤盐分估算模型。最后，评估了不同作物覆盖度下估算模型的性能。结果表明，基于全变量组的高斯过程回归（GPR）模型在0~10 cm和30~40 cm深度比其他模型更准确，验证R2分别为0.774和0.705，RMSE分别为0.185%和0.31%；基于光谱指数和纹理数据的随机森林（RF）模型在10~20 cm和20~30 cm深度更准确，R2分别为0.666和0.714。基于多源遥感的机器学习模型可以定量反演不同深度的SSC，为监测土壤盐渍化提供了指导。
P03465,Study on Soil Improvement and Microbial Diversity Restoration in Heavy Metal-contaminated Mining Areas,重金属污染矿区土壤改良与微生物多样性恢复研究,富含金属地区无序开采造成的生态环境问题引起了极大关注，特别是土壤污染、侵蚀和植被恢复受阻。本研究系统评估了石灰、蚯蚓粪和鸡粪单独及联合施用对铅锌污染矿区土壤养分动态、酶谱、重金属迁移性和细菌菌群的影响。结果表明，改良剂显著改善了土壤性质：pH、阳离子交换量、总交换性盐基、有机质和养分水平（如全氮、磷、钾）增加了41.3%−2370.7%。QY处理（蚯蚓粪）最有效地提高了脲酶（618.2%）和蔗糖酶（274.1%）活性，而QYJF（蚯蚓粪+鸡粪）和QYJFSH（蚯蚓粪+鸡粪+石灰）促进了硝酸还原酶和过氧化氢酶活性。虽然总重金属减少有限，但QY使汞、镍和砷减少了12.1%−26.6%，而QYJFSH和QYSH（蚯蚓粪+石灰）最佳地降低了铅和锌。QYSH还增加了细菌多样性。相关分析将土壤pH、有机质、关键养分和酶活性与优势门联系起来。总之，改良剂有效地恢复了土壤质量和微生物群落，为矿区生态修复提供了科学依据。
P03482,Unlocking Soil Selenium: Indigenous Microorganisms Facilitate Speciation Shifts to Enhance Plant Bioavailability,解锁土壤硒：土著微生物促进形态转化以增强植物生物有效性,背景与目的 硒缺乏和毒性对健康构成重大风险，其溶解度和生物有效性受化学形态和土壤环境因素调节。然而，土著微生物在介导土壤硒循环和转化中的作用尚不充分了解。方法 使用萝卜进行盆栽实验，评估土壤-根部微生物群落对硒转化和植物硒积累的作用。定期采集土壤样本分析硒形态和微生物群落组成。分别收获根和 Shoot 以确定总硒并表征内生微生物。结果 土壤灭菌使pH增加0.10单位，有机质增加5%，同时减少了<0.05 mm颗粒的比例和EXC-Se含量(P < 0.05)。在前7天，RES-Se是所有硒处理土壤中的优势形态。到第14天，OM-Se和SOL-Se分别成为亚硒酸盐和硒酸盐处理土壤中的主要形态。随着培养时间的延长，SOL-Se增加，而FMO-Se和RES-Se组分减少。同时，两种变形菌门物种 Massilia sp000745265 和 Massilia sp001412595 的相对丰度在第14天显著增加(P < 0.05)。值得注意的是，Massilia sp001412595的相对丰度与土壤中SOL-Se和EXC-Se含量呈正相关(P < 0.05)。结论 外源施用亚硒酸盐或硒酸盐并未
P03675,Biochar remediation of heavy metal-contaminated soils in a coal gangue-affected area,煤矸石影响区重金属污染土壤的生物炭修复研究,本研究以黑麦草为供试材料，探讨了煤矸石影响区重金属污染土壤的生物炭修复效果。实验设置了五个生物炭添加水平：0%（CK）、1%（B1）、2%（B2）、3%（B3）和5%（B4），分析了生物炭对土壤理化性质、重金属形态、植物生物量及重金属积累的影响。结果表明，随着生物炭添加量的增加，土壤pH值、有机碳含量和植物生物量均显著增加（P<0.05）。低添加水平（1%）促进了铁、锰、锌和镉在黑麦草根部的富集，而较高添加水平（>2%）则显著（P<0.05）抑制了重金属向植物地上部的迁移。随着生物炭添加量的增加，煤矸石污染土壤中可交换态铁、铅和镉的浓度显著（P<0.05）降低，而可还原态锰的浓度也降低。风险评估显示，当生物炭添加量超过2%时，铁、锌、铅和镉的潜在生态风险从中等降至轻微。在实验条件下，超过2%的生物炭添加量通过增强固定机制，有效降低了煤矸石污染土壤中重金属的生物有效性，并显著抑制了黑麦草对重金属的富集和转运。建议在实际修复工程中应用2−3%的生物炭添加量。
P03741,Soil Heavy Metal Contamination and Microbial Ecological Risk Assessment- A Case Study,土壤重金属污染与微生物生态风险评价-案例研究,
P03785,Assessment of heavy metal pollution sources and environmental capacity of typical farmland soils in northwestern Zhejiang based on the geological background of black rock series,基于黑岩系地质背景的浙西北典型农田土壤重金属污染源及环境容量评价,
P03819,Microbial diversity and community assembly in heavy metal-contaminated soils: insights from selenium-impacted mining areas,重金属污染土壤中的微生物多样性和群落组装：来自硒影响矿区的研究,
P03821,"Impact of agronomic practices on microbial diversity in brown-desert soil: insights from the Aksu region, Xinjiang",农艺措施对新疆阿克苏地区棕漠土微生物多样性的影响,本研究强调了不同的农艺措施如何重塑新疆阿克苏地区棕漠土的微生物群落结构，旨在为可持续土壤管理和农业战略提供信息。采用L9 (34) 正交阵列，我们评估了不同种植密度、灌溉水平和施肥策略对土壤理化性质、酶活性和微生物群落组成的影响。我们的结果突出了施肥的双重作用：虽然这是短期内提高低肥力土壤农业生产力的最佳策略，但过度施肥可能产生潜在的有害影响。(1) 它触发盐分积累并加剧盐渍化，(2) 它导致C/N代谢失衡从而抑制微生物生物活性。通过高通量测序，我们确定了土壤细菌和真菌种群（例如变形菌门和子囊菌门）对农业干预的显著变化，施肥的类型和程度是微生物多样性的关键。冗余分析揭示了土壤微生物组合与潜在理化属性之间的显著相互作用。这项研究强调了审慎农艺措施的必要性，以保持土壤内微生物生命的微妙平衡，为新疆农田的可持续土壤管理提供了关键见解。
P03854,Sources and health risks of heavy metal(loid) contamination in farmland near Shanxi coal mines,山西煤矿区附近农田重金属污染的来源及健康风险,煤矿区周边农田的重金属（类金属）污染严重威胁生态系统稳定性和人类健康。本研究使用绝对主成分得分-多元线性回归（APCS-MLR）模型评估了山西煤矿区附近农田重金属（类金属）污染的程度和来源。此外，基于蒙特卡洛模拟建立了概率健康风险评估模型，以确定当地居民面临的健康风险。土壤中 Pb、Hg、Mn 和 Zn 的平均浓度分别为 28.56mg/kg、0.17mg/kg、666.29mg/kg 和 83.49mg/kg。在玉米中，Pb、Zn 和 Cr 的浓度超过了各自的安全阈值，超标率分别为 16.67%、95.83% 和 100%。其中，Cr 表现出最高的生物富集系数（BCF），在玉米中达到 0.55。确定了土壤重金属（类金属）污染的五个主要来源：煤炭开采活动、空气污染、农业实践、自然来源和煤炭燃烧。概率健康风险评估显示，土壤介质重金属（类金属）暴露的平均非致癌危害指数（HI）对儿童和成人均低于 1，尽管儿童的平均 HI 比成人高 2.96 倍。然而，玉米介质重金属（类金属）暴露的平均 HI 超过了风险阈值，儿童为 1.44，成人为 1.27。相比之下，成人通过玉米介质暴露的重金属（类金属）
P03921,"Pollution Assessment and Source Apportionment of Heavy Metals in Farmland Soil Under Different Land Use Types: A Case Study of Dehui City, Northeastern China",不同土地利用方式下农田土壤重金属污染评价与源解析：以中国东北德惠市为例,农田土壤重金属污染已成为一个关键的环境问题，威胁着粮食安全和生态可持续性。然而，不同土地利用方式下的污染特征及相关潜在生态风险尚不清楚。本研究结合空间分析、污染指数和受体模型，对三种截然不同的农业土地利用系统（城郊菜地、水田和玉米地）的重金属污染进行了系统比较。选择中国东北主要产粮区德惠市作为研究区域，系统采集了73个表层土壤样品。分析了重金属（Cd、Cr、Cu、Hg、Ni、Pb、Zn和As）的浓度和空间分布。利用主成分分析（PCA）和正定矩阵因子分解（PMF）对土壤重金属进行源解析，采用地质累积指数、内梅罗综合污染指数（NIPI）和潜在生态风险指数（PERI）进行污染评价。结果显示，所有重金属的平均浓度均超过了吉林省的土壤背景值。Hg、Pb和Cu的富集因子分别为3.51、1.32和1.31，但所有金属均低于农用地土壤风险筛选值（GB 15618-2018，中国）。重金属积累存在明显的土地利用特定模式。城郊菜地中Ni、As和Cr含量较高，水田中Cd、Hg和As含量较高，玉米地中Hg和Pb含量较高。源解析显示，农业施肥、交通排放、工业及燃煤活动以及自然源是主要贡献者。值得注意的是，工业和
P04358,Bio-Organic Fertilizer Application Enhances Silage Maize Yield by Regulating Soil Physicochemical and Microbial Properties,生物有机肥施用通过调节土壤理化性质和微生物特性提高青贮玉米产量,青贮玉米对中国北方的畜牧业发展至关重要，但集约化的化肥施用导致了土壤退化和生产力下降。虽然生物有机肥提供了一种可持续的替代方案，但其对土壤多功能性的影响尚未得到充分探索。本研究评估了将分解牛粪、解淀粉芽孢杆菌和矿物钾腐植酸与化肥（NPK）结合使用对青贮玉米产量、土壤微生物多样性和生态系统多功能性（EMF）的影响。田间试验表明，与单施化肥相比，生物有机肥使青贮玉米产量提高了10.23%，这主要归功于活性有机碳和土壤酶活性的提升。它还增强了细菌的丰富度和多样性，但对真菌群落的影响微乎其微。微生物网络分析显示，在生物有机肥处理下，细菌网络更加复杂和稳定，表明微生物相互作用得到了加强。随机森林和结构方程模型（SEM）确定土壤碳储存和细菌多样性是EMF的关键驱动因素，EMF整合了养分循环、分解、酶活性和微生物多样性等土壤功能。这些发现表明，土壤细菌多样性及其与土壤性质的相互作用对于作物生产力和土壤健康都至关重要。该地区青贮玉米的最佳施肥策略包括联合使用牛粪、解淀粉芽孢杆菌、矿物钾腐植酸和氮磷钾化肥。这种方法提高了产量、微生物多样性和土壤多功能性。未来的研究应考虑不同地区的环境变量和作物品种，以支
P04914,"Unveiling China's Forest Soil properties: High-Resolution, Multi-Depth Mapping of Soil Bulk Density and pH Using Machine Learning Methods",中国森林土壤属性揭示：使用机器学习方法的土壤容重和pH值高分辨率多深度制图,"对关键森林土壤属性的精确监测对于解决碳固存和土壤酸化等全球挑战至关重要。然而，现有的全国土壤地图主要来源于综合生态系统样本，不足以代表中国广阔多样的森林生态系统的独特特征和高空间异质性。为了弥补这一差距，我们提出了首张中国森林专用的高分辨率（90米）土壤容重（BD）和pH值地图。利用通过广泛野外调查收集的4356个森林土壤剖面和41个环境协变量，在结合前向递归特征选择（FRFS）的优化分位数回归森林（QRF）框架内，我们针对五个标准化深度间隔（0–5, 5–15, 15–30, 30–60, 60–100 cm）生成了全覆盖预测。通过10折交叉验证（CV）和独立验证（IV）评估的模型性能，容重（BD）的模型效率系数（MEC）在0.78到0.89（CV）和0.60到0.66（IV）之间，pH值的MEC在0.83到0.87（CV）和0.71到0.81（IV）之间，表明该产品具有很强捕捉中国森林土壤属性空间变异的能力。这些90米分辨率的BD和pH地图有助于GlobalSoilMap计划，并为区域地球系统和地表模型提供森林特定的输入。这些产品推进了土壤酸化过程的量化，并为估算中国森林土壤碳储量"
P05197,Elevated contaminations and risks of novel organophosphate esters and their transformation products in paddy soils,稻田土壤中新型有机磷酸酯及其转化产物的升高污染与风险,"传统有机磷酸酯、新型有机磷酸酯及其转化产物（二酯和羟基衍生物）的污染特征和 associated 风险在产粮区仍然知之甚少。本研究调查了中国最大水稻产区洞庭湖盆地稻田土壤中 OPEs 的发生和分布。结果表明，所有测量的 OPEs (Σ34OPEs) 的中值浓度为 783 ng/g。其中，Σ3NOPEs 的中值浓度 (434 ng/g) 明显高于 Σ15TOPEs (166 ng/g) (p < 0.05)。此外，Σ7OH-OPEs 和 Σ9di-OPEs 的中值浓度分别为 0.112 ng/g 和 184 ng/g，表明活跃的原位转化过程。值得注意的是，NOPE 化合物三 (2,4-二-叔丁基苯基) 磷酸酯 (AO168=O) 及其转化产物双 (2,4-二-叔丁基苯基) 磷酸酯 (B2,4DtBPP) 被确定为这些稻田土壤中的主要污染物。空间分析揭示了明显的区域分布，洞庭湖西盆地的 Σ34OPEs 中值浓度最高 (1090 ng/g)，其次是东盆地 (750 ng/g) 和南盆地 (641 ng/g)。使用风险商数 (RQ) 和毒理学优先指数 (ToxPi) 方法进行的生态风险评估强调"
P05215,Rhizosphere fungal diversity and plant fungi interaction surpass bacteria in predicting soil multifunctionality during restoration in the Tengger desert,恢复过程中根际真菌多样性和植物-真菌相互作用在预测腾格里沙漠土壤多功能性方面超越细菌,为了遏制和逆转迅速扩张的沙漠化并增强生态系统功能，中国沙漠化地区采取了各种恢复策略。优化这些工作需要评估其对生物多样性和网络复杂性的影响。然而，在恢复过程中，植物与根际微生物之间的双边相互作用在驱动土壤多功能性方面的作用尚不清楚。我们检查了中国腾格里沙漠实施草方格沙障后，沿54年演替序列分布的14种植物相关的根际细菌和真菌多样性。我们还分析了双边相互作用网络的架构及其与土壤多功能性的关系。我们使用与碳、氮和磷循环有关的12个土壤功能来评估土壤多功能性。我们的研究结果显示，在恢复过程中，土壤多功能性和真菌多样性显著增加。相比之下，细菌多样性没有遵循这种模式，而是在恢复晚期急剧下降。植物-真菌双边网络属性显著增加，随后增强了土壤多功能性。此外，在功能多样性水平上，真菌腐生菌的OTU丰富度与土壤多功能性呈正相关。与多样性一致，植物-细菌双边网络的架构在恢复过程中没有显示出明显的方向性转变，并且与土壤多功能性的功能耦合极小。结构随机森林建模方法进一步证实了这些结果，解释了70.01%的变化，并确定真菌是土壤多功能性的关键驱动因素。我们的研究强调了人工草方格沙障在增强恢复期间由植物-真菌关联介导
P05233,A national soil organic carbon density dataset (2010-2024) in China,中国国家土壤有机碳密度数据集（2010-2024）,
P05421,Evaluating the Sustainability of Wheat–Maize System with a Long-Term Fertilization Experiment,长期施肥试验下小麦-玉米系统可持续性评价,"针对黄淮海平原普遍存在的施肥过量问题，本研究通过一项13年的长期定位试验，利用三角面积法评估了不同施肥策略下小麦-玉米轮作土壤系统的可持续性。旨在为黄淮海平原适宜施肥措施的制定和实施提供理论依据。在长期试验中，以单施化肥(F)为对照(CK)，设置了三个有机无机配合施用处理：化肥+秸秆覆盖(FS)、化肥+牛粪(FM)以及化肥+牛粪+秸秆覆盖(FMS)。2018至2019年间，在现有各施肥处理的基础上，平行增设了不施肥处理。结果表明，经过长期施肥，各有机肥处理的土壤养分含量、酶活性和作物产量均显著高于单施化肥处理，产量更为稳定。停止施肥两年后，各处理的土壤肥力指标均出现显著下降。然而，三种有机无机配合施肥处理的土壤肥力指标下降速率低于单施化肥处理，表明长期配施有机和无机肥料有助于更好地保持土壤肥力。通过对各处理下土壤系统可持续性的评估，结果显示在停止施肥两年后，三种长期有机无机配合施肥处理土壤的可持续性指数(1.26, 1.29 和 1.27)仍高于单施化肥处理(1.00)。这些发现进一步证明，有机无机肥料配施可以增强黄淮海平原小麦-玉米农田土壤系统的可持续生产能力。"
P05438,"Significant Changes in Soil Properties in Arid Regions Due to Semicentennial Tillage—A Case Study of Tarim River Oasis, China",半世纪耕作导致干旱地区土壤性质的显著变化——以中国塔里木河绿洲为例,量化土壤性质的变化极大地有助于我们理解土壤管理和可持续土地利用，特别是在强烈的人类活动和气候变化背景下。本研究调查了耕作历史超过50年的人工绿洲地区，长期开垦对土壤性质的影响。在77个地点测量了关键土壤性质，共采集了462个土壤样本，深度达1米，捕捉了地表和地下过程，这些对长期耕作效应至关重要。分析了13个关键土壤性质，其中四个性质——土壤有机碳（SOC）、全磷（TP）、pH和铵态氮（NH4+）——因其生态意义和低相互相关性而被选中进行详细分析。通过将耕作土壤与附近的沙漠土壤进行比较，本研究发现半个世纪的耕作导致土壤性质显著改善，包括SOC、NH4+和TP浓度增加，以及整个土壤剖面的pH值降低，表明肥力提高和碱性降低。进一步的分析表明，环境因素——包括温度、粘土含量、地表和地下层之间的蒸发差异、稀疏的植被覆盖、棉花根系分布，以及长期的灌溉和施肥——共同促进了SOC的分解和土壤碱性的降低。此外，进行了三维数字土壤制图，以研究长期耕作对未访问地点土壤性质分布的影响。分别拟合了土壤深度函数以模拟土壤性质的垂直变化，包括指数函数、幂函数、对数函数和三次多项式函数，并通过分位数回归森林（QRF）
P05600,A machine learning framework bridging heavy metal contamination and human health risks in agricultural soils of the Yangtze River Delta (2001-2030),一种耦合长江三角洲农业土壤重金属污染与人体健康风险的机器学习框架（2001-2030）,土壤重金属污染正成为一个严峻的全球环境问题，对人类健康构成潜在风险，尤其是在经济快速发展的地区。本研究开发了一个整合多源环境数据和机器学习方法的综合评估框架，以评估长三角地区20年（2001-2020年）间8种重金属的时空演变和健康风险。在这些重金属中，铜、铬、镍和锌的浓度总体呈下降趋势，而铅、砷和汞则呈现波动趋势。镉成为首要污染物，其土壤浓度在2001年至2020年间显著增加。特征重要性分析确定工业活动（23.39%）、交通活动（21.08%）和农业活动（19.79%）是土壤镉累积的主要贡献者。通过构建和比较九种机器学习模型，我们确定优化的极限梯度提升模型提供了最佳的预测性能。它成功预测了2024年的土壤镉浓度，该预测与后续的实地测量结果高度吻合。将XGB模型与蒙特卡洛模拟相结合的健康风险评估显示，未来五年内，儿童面临的镉致癌风险将增加，主要风险源已从交通源（51.3%）转变为农业源（38.5%）。路径分析证实了交通源（路径系数 = 0.55）和农业源（路径系数 = 0.26）对镉污染的显著直接影响。所建立的框架为快速发展地区土壤重金属污染的动态评估和主动管理提供了一种有效的方法。
P08992,Long-term organic farming improves the red soil quality and microbial diversity in subtropics,长期有机耕作改善亚热带红壤质量和微生物多样性,有机农业被认为是一种可持续的农业实践，可以增强土壤健康并减少环境污染。然而，有机农业对土壤质量、微生物结构及功能及其潜在机制的长期影响仍然不完整。在这里，我们调查了亚热带地区 5 年、15 年和 20 年的有机农业对 0-20 厘米（表层土壤）和 20-40 厘米（下层土壤）深度土壤化学和生物性质的影响，并与常规农业进行了比较。土壤质量指数（SQI）是使用土壤 nutrients（即 SOC、TN、TP 等）、酶活性（C 和 N 获取酶）和微生物多样性（真菌 chao1、细菌 chao1）的总数据集计算的。结果表明，有机农业使表层土壤的土壤质量显著提高了 53-103%，下层土壤提高了 25-142%。有机农业增加了土壤全量和有效养分、土壤含水量、C 和 N 获取酶活性以及微生物多样性。与常规农业相比，有机农业中 C 和 N 获取的酶活性分别增加了 3 倍和 2 倍，并随时间保持稳定。微生物群落分析表明，在长期有机管理下，网络丰富且复杂，节点和边数量显著增加（20 年后翻倍），标志着更具韧性的生态系统。总之，长期有机农业显著提高了土壤质量和微生物多样性，持续时间越长，改善最显著，从而支
P09328,Bacterial community assembly processes mediate soil functioning under cadmium stress in the agroecosystem,农业生态系统中细菌群落构建过程介导镉胁迫下的土壤功能,阐明群落构建过程对土壤功能的影响是理论生态学面临的一个关键挑战，特别是在镉胁迫下，我们的理解仍然有限。因此，在本研究中，我们使用扩增子测序和基于定量PCR的芯片分析了不同水平Cd胁迫下农业生态系统中细菌群落特征、土壤功能的变化及其相互关系。结果表明，Cd胁迫导致群落多样性（Z-score）、网络复杂性和稳定性下降，物种周转增加，并调节群落结构。Cd胁迫显著增加了扩散限制和同质选择的相对重要性，减少了群落漂变，使群落更具确定性。最后，Cd胁迫显著降低了土壤功能潜力和土壤功能稳定性（Z-score），损害了土壤碳、氮、磷和硫循环。值得注意的是，相关性和随机森林分析揭示了特定的群落构建过程（包括扩散限制、同质选择、漂变）的显著效应。
P09331,Data-driven intelligent modeling of unconfined compressive strength of heavy metal-contaminated soil,重金属污染土无侧限抗压强度的数据驱动智能建模,本研究专注于利用机器学习工具对受重金属污染的城市土体强度特性进行经验建模，并利用普通波特兰水泥（OPC）对其进行后续固化。为了收集数据集，设计了广泛的实验程序来估算从住宅、工业和路边土壤等多种土地利用模式中收集的重金属污染土的无侧限抗压强度（Qu）。据此，对四种数据驱动模型（包括极限学习机（ELM）、基因表达编程（GEP）、随机森林（RF）和多元线性回归（MLR））的预测性能进行了稳健比较。为了完整性，建立了一个综合实验数据库，并将其分为80%用于训练和20%用于测试开发的模型。输入包括不同水平的重金属（如Cd、Cu、Cr、Pb和Zn）以及OPC。结果显示，GEP模型优于其他模型：在训练（R2 = 0.964）和测试阶段（R2 = 0.961）解释了大约96%的变异性，从而实现了最低的RMSE和MAE值。ELM表现出色，但准确性略低于GEP，而MLR的性能指标最低。GEP还提供了可追踪的数学方程的好处，增强了其不仅作为预测工具而且作为解释工具的适用性。尽管有其见解，但该研究仅限于特定的一组重金属和特定区域的城市土壤样品，这可能会影响研究结果对不同污染概况或环境条件的普遍性。该研究建议使
P09361,"Synergistic toxicity of DBDPE and Cd in a microcosm agrosystem: Insights into physiological, biochemical, nutrient elements and amino acid metabolic responses",DBDPE与Cd在微宇宙农田系统中的协同毒性：生理生化、营养元素及氨基酸代谢响应的启示,阻燃剂和重金属造成的农田土壤污染已成为环境问题，其中十溴二苯乙烷（DBDPE）和镉（Cd）在电子废物拆解区经常被检测到。虽然以前的研究主要集中在单生物系统或单一毒性上，但DBDPE和Cd对农业生态系统的综合影响仍然未知。本研究旨在通过检查该综合系统中的生理响应、氨基酸代谢、营养元素分布和DBDPE降解途径，揭示DBDPE和Cd的联合毒性机制。结果表明，与单一暴露相比，DBDPE和Cd的共同暴露加剧了毒性。在生菜中，DBDPE放大了Cd对植物生长的抑制作用（地上部分的高度和鲜重分别下降了3.8%和5.8%）。共同暴露抑制了叶绿素合成（特别是类胡萝卜素的产生，下降了53.33%），破坏了氨基酸代谢，并损害了营养元素的吸收，最终导致植物生长减少。在蚯蚓中，共同暴露改变了氨基酸谱，破坏了营养元素的吸收和运输，从而降低了它们的抗氧化防御能力。两种生物通过类似的脱溴途径降解DBDPE的能力都有限。这项研究揭示了DBDPE和Cd在农业系统中的协同毒理学影响，强调了它们共存带来的生态风险升高，并强调了对受污染农田土壤进行全面污染控制策略的必要性。
P09372,Rhizosphere fungal diversity and plant-fungi interaction surpass bacteria in predicting soil multifunctionality during restoration in the Tengger desert,根际真菌多样性和植物-真菌相互作用在预测腾格里沙漠恢复过程中的土壤多功能性方面超越细菌,目的 为了遏制和扭转迅速扩张的荒漠化并增强生态系统功能，中国在荒漠化地区采用了各种修复策略。优化这些工作需要评估其对生物多样性和网络复杂性的影响。然而，在恢复过程中，植物与根际微生物之间的双向相互作用在驱动土壤多功能性方面的作用尚不清楚。方法 我们检查了腾格里沙漠实施草方格沙障后，沿54年时间序列分布的14种植物相关的根际细菌和真菌多样性。我们还分析了双向相互作用网络的结构及其与土壤多功能性的关系。我们使用与碳、氮和磷循环相关的12个土壤功能来评估土壤多功能性。结果 我们的研究结果表明，在恢复过程中，土壤多功能性和真菌多样性显著增加。相比之下，细菌多样性并未遵循这种模式，而是在恢复后期急剧下降。植物-真菌双向网络属性显著增加，进而增强了土壤多功能性。此外，在功能多样性水平上，真菌腐生菌的OTU丰富度与土壤多功能性呈正相关。与多样性一致，植物-细菌双向网络的结构在恢复期间未显示出显著的方向性转变，并且与土壤多功能性的功能耦合极小。结构随机森林建模方法进一步证实了这些结果，解释了70.01%的变化，并确定真菌是土壤多功能性的关键驱动因素。结论 我们的研究强调了人工草方格沙障在恢复期间通过植
P09458,Deciphering heavy metal adsorption capacity of soil based on its physicochemical properties and adsorption reaction time using machine learning,基于土壤理化性质和吸附反应时间利用机器学习解密土壤重金属吸附能力,土壤的理化性质在控制土壤环境中重金属的地球化学行为方面起着关键作用。然而，确定对重金属结合能力影响最大的具体土壤性质仍然是一项具有挑战性的工作。为了解决这一知识空白，我们收集了来自中国不同地区的22种不同的土壤样品。利用这些样品，并在包含2112个实验数据点的综合数据集的基础上，评估了12种机器学习模型在预测重金属吸附方面的性能。通过机器学习特征分析，我们确定了决定重金属（包括Cr、Pb、Cd和As）吸附能力的关键土壤性质。研究结果表明，活性金属氧化物和土壤有机质在决定Cr和As等含氧阴离子的吸附能力方面起着关键作用。相反，阳离子（特别是Pb和Cd）的吸附能力主要受土壤pH值、土壤颗粒大小和土壤有机质的影响。值得注意的是，土壤容重和吸附时间被证明是重金属相对吸附能力的关键预测因子，这一点以往关注较少。通过84个数据点的实验验证，XGBoost模型显示出高可靠性，Cr、Pb、Cd和As的R²分别达到0.927、0.766、0.783和0.866。整合了多种土壤属性和时间因素的XGBoost模型为吸附能力随时间的动态变化提供了重要见解，是设施规划和土壤修复的有力工具。
P09471,Bacterial community composition is an important predictor of surface soil fertility across different land use types: a case study in the Three Gorges Reservoir area,细菌群落组成是不同土地利用类型下表层土壤肥力的重要预测因子：以三峡库区为例,背景：表层土壤是陆地生态系统的重要组成部分，对初级生产力具有重要意义。在中国中部的秭归县张家冲小流域，人类活动和侵蚀导致了广泛的表层土壤退化。目前尚不清楚人类活动对该地区土壤肥力和土壤微生物的影响程度。方法：在不同人类活动水平的一系列土地利用类型中，于春季和秋季收集土壤样品。使用16S rRNA基因测序和Biolog ECO板评估土壤肥力和微生物群落。结果：结果显示，较高水平的人类活动与较低的土壤肥力和微生物代谢活性以及较高的细菌多样性相关。此外，人类活动对变形菌门和酸杆菌门（表层土壤肥力的关键驱动因素）的相对丰度有负面影响。相反，较强的人类活动与放线菌丰度的降低有关。这项研究表明，人类活动对表层土壤肥力有负面影响，细菌群落组成可以作为表层土壤肥力的良好预测因子。
P09472,Spatial distribution characteristics and risk assessment of heavy metals in soils of Southern Xinjiang oases,南疆绿洲土壤重金属空间分布特征及风险评估,绿洲是极干旱区人地关系最重要的地域系统。随着社会经济的发展，绿洲出现了日益严重的环境问题。但目前的研究主要关注绿洲的土壤水平衡，而忽视了土壤重金属的空间特征和风险。因此，本研究以典型极干旱区南疆为例，采集了该地区15个主要绿洲的土壤样本，分析了8种重金属（Cr、Ni、Cu、Zn、As、Cd、Pb、Hg）的空间特征和风险。通过空间自相关分析、污染指数法、地累积指数法和风险评估方法，分析结果表明：(1)南疆绿洲土壤重金属总体浓度较低，分布相对均匀，存在小规模聚集。(2)研究区内8种重金属表现出显著的空间分布差异，浓度不同，但均未超过风险筛选值。南疆绿洲土壤中8种重金属含量范围为0.01～62.73 mg/kg，依次为Zn>Cr>Ni>Cu>Pb>As>Cd>Hg。其中Zn、Cr、Ni浓度最高，而Cd、As、Pb与背景值偏差显著。(3)除Cd和Hg外，南疆大部分绿洲土壤重金属不存在整体生态风险。(4)研究区内所有绿洲土壤均未显示出重金属的非致癌风险，但儿童存在一定的致癌风险，这与重金属的积累和儿童人群的特异性有关。
P09703,Response of Depth-Stratified Soil Quality to Land-Use Conversion and Its Limiting Factors in Tropical Ecosystems,热带生态系统中土地利用变化对分层土壤质量的响应及其限制因素,土地退化已知会改变土壤属性和质量，然而，在热带生态系统中，其对不同土地利用类型下的深度依赖性效应以及限制土壤恢复的关键因素仍未得到很好的量化。本研究在中国海南岛建立了一个森林退化梯度，包括成熟林、次生林、橡胶园和槟榔园。在三个深度（0-20厘米、20-40厘米和40-60厘米）测量了土壤物理（如容重、孔隙度、含水量、田间持水量）和化学（如有机质、氮、磷和钾组分）性质。利用主成分分析构建了土壤质量指数（SQI），并应用障碍度模型来识别主要限制因子。结果表明，无论后续土地利用类型如何，成熟森林的退化都显著降低了表层土壤（0-20厘米）的质量。相比之下，中层（20-40厘米）和深层（40-60厘米）土壤质量的变化取决于土地利用类型。转变为次生林和槟榔园的影响微乎其微，而转变为橡胶园则显著提高了中层和深层土壤的质量。障碍度分析确定有效磷而非氮是该地区土壤质量的主要限制因子，占所有土地利用类型限制因素的39.7%。这项研究表明，在热带环境中，热带森林退化对土壤质量的影响表现出对土壤深度和土地利用类型的双重依赖。此外，它强调了有效磷管理在指导这些脆弱生态系统中土壤恢复和可持续土地利用策略方面的重要
P09748,"Characteristics, source apportionment, and health risk assessment of heavy metal pollution in soil of jiangmen, China",江门土壤重金属污染的特征、源解析及健康风险评估,土壤中累积的重金属对土壤环境质量和人类健康构成了巨大威胁。准确识别污染源对于实施有针对性的防控策略至关重要。本研究从江门市采集了118个表层土壤样本，以检测土壤中重金属的浓度、空间分布、来源及健康风险。结果显示，Hg、Cd、Cu、Pb和As的平均浓度均超过了各自的背景值。通过整合皮尔逊相关分析和正定矩阵因子化模型，本研究确定了三个主要污染源：工业排放（50%）、陆运和航运排放（31%）以及成土母质和农业混合源（19%）。生态风险评估显示，江海区和蓬江区的潜在生态风险最高，生态风险指数为300。健康风险评估进一步表明，作为主要影响因素的工业排放对江门市的儿童和成人均具有潜在的致癌和非致癌风险。本研究为理解江门市土壤重金属污染提供了基础参考。研究结果为地方政府提供了针对长期工业污染问题的控制措施。
P09825,Effects of urbanization on soil heavy metal accumulation and improvement using Glomalinrelated soil protein,城市化对土壤重金属积累的影响及利用球囊霉素相关土壤蛋白的改良,
P09863,Deciphering heavy metal adsorption capacity of soil based on its physicochemical properties and adsorption reaction time using machine learning,基于土壤理化性质和吸附反应时间利用机器学习解析土壤重金属吸附能力,土壤的理化性质在控制重金属在土壤环境中的地球化学行为方面起着关键作用。然而，精确确定对重金属结合能力影响最显著的土壤性质仍然是一个挑战。为了填补这一知识空白，我们从中国不同地区收集了22种不同的土壤样本。利用这些样本，并基于2112个实验数据点的综合数据集，评估了12种机器学习（ML）模型在预测重金属吸附方面的性能。通过ML特征分析和SHAP分析，我们确定了决定Cr、Pb、Cd和As等重金属吸附能力的关键土壤性质。研究结果表明，活性金属氧化物和土壤有机质含量在决定Cr和As等含氧阴离子的吸附能力方面起着关键作用。相反，土壤pH值、土壤颗粒大小和土壤有机质含量主要影响阳离子（特别是Pb和Cd）的吸附能力。值得注意的是，土壤容重和吸附时间已成为重金属相对吸附能力的重要预测因子，这一点以往受到的关注较少。土壤的理化性质和吸附时间预计将成为预测土壤吸附重金属能力的两个关键环境变量。
P11574,Environmental and pedological factors governing soil phytolith carbon distribution in China: meta-analysis and machine learning,环境和土壤学因素支配中国土壤植硅体碳分布：荟萃分析与机器学习,植硅体封存碳（PhytOC）是植物吸收硅时产生的一种稳定的有机碳形式。它代表了一种被低估但具有巨大潜力的长期陆地生态系统碳汇。本研究采用荟萃分析、随机森林模型和Shapley加性解释技术，综合了60项研究中的940个数据集，重点探讨影响中国PhytOC含量的因素，并为全球陆地PhytOC治理提供参考。研究结果表明，海拔主要通过影响温度和湿度水平来影响PhytOC含量。较高的温度和增加的降水促进植物生长和蒸腾作用，从而提高植物生物量，并 subsequently 提高植硅体和PhytOC含量。PhytOC含量倾向于随着耕作持续时间和林分年龄的增加而增加，不同的植被类型受气候和土壤条件的影响不同。土壤pH值、速效钾、速效磷和土壤有机碳对PhytOC含量有显著的负面影响。研究表明，PhytOC含量在表土中最为丰富，并随着土壤深度的增加而逐渐减少，而酸性红壤表现出中国最高的PhytOC浓度。可持续的生态系统管理和添加养分等措施对土壤PhytOC有影响。未来应研究不同国家和生态系统（包括农田和湿地）中影响土壤PhytOC含量的因素机制，以增强陆地碳汇的潜力。
P11575,Combining random forest and XGBoost models for source apportionment and health risk assessments of heavy metals in suburban farmland soils,结合随机森林和XGBoost模型对郊区农田土壤重金属进行源解析及健康风险评估,随着工业的快速发展，农田土壤环境中的重金属污染已成为全球关注的焦点。为了探索农田的环境风险，对新疆乌鲁木齐市米东区代表性农田区域的232个表层土壤样品（0–20 cm）中的三种典型重金属（Hg、Pb和Cd）进行了全面调查。结果显示，土壤重金属含量以Pb最高（32.7 mg/kg），其次是Cd（0.74 mg/kg）和Hg（0.41 mg/kg）。水稻和红薯种植区的平均Hg和Cd浓度分别为0.071和0.21 mg/kg以及0.065和0.21 mg/kg，均超过了新疆背景值（分别为0.017和0.12 mg/kg）。棉花和玉米种植区三种重金属的平均浓度也超过了新疆背景值。通过污染负荷指数和内梅罗综合指数评估了土壤污染水平。结果表明，土壤Pb（轻度：65.52%）、Cd（中度：31.03%）和Hg（重度：1.72%）的污染水平各不相同。通过人体健康风险评估和蒙特卡洛模拟方法量化了土壤重金属的风险，从而计算土壤重金属对人体健康的风险。在人体健康风险评估中，成人和儿童的整体非致癌风险较低，而儿童的整体致癌风险大于成人。蒙特卡洛模拟结果显示，Pb对儿童和成人的总体癌症风险最低，而Cd对儿童的致
P11586,Opportunity for mitigating soil loss by water erosion in cropland through crop switching and improved management in China,通过作物转换和改良管理减轻中国农田水蚀造成的土壤流失的机遇,中国农田持续受水蚀造成的土壤流失影响，这造成了经济损失并威胁土壤健康。整合作物转换和改良管理为控制农田水蚀造成的土壤流失并促进可持续农业提供了一种有前景的策略。然而，用更少的投入优化作物组成涉及平衡农业资源利用与环境成本。为了探索作物转换作为减轻农田土壤侵蚀策略的潜力，我们开发了一个空间优化模型，根据现有资源可用性重新分配每个地级市不同作物的播种面积。我们从模拟中得出的发现表明，仅在中国进行作物转换就可以使农田土壤侵蚀总量估计减少13%。此外，将作物转换与改良的农业管理实践相结合，可以进一步使农田土壤侵蚀减少约25%。包括玉米、小麦和水稻在内的谷物显示出减少农田土壤侵蚀的巨大潜力。将主要玉米产区向北转移可能会导致土壤侵蚀的大幅减少，占农田历史土壤侵蚀的10%至19%。这些结果为制定区域战略以减轻中国土壤侵蚀挑战同时最大化现有农业资源收益提供了启示。
P11591,"Synergistic toxicity of DBDPE and Cd in a microcosm agrosystem: Insights into physiological, biochemical, nutrient elements and amino acid metabolic responses",微宇宙农业系统中DBDPE与镉的协同毒性：生理生化、营养元素及氨基酸代谢响应的见解,阻燃剂和重金属造成的农业土壤污染已成为一个环境问题，其中十溴二苯乙烷（DBDPE）和镉（Cd）在电子废物拆解区经常被检测到。虽然以前的研究主要集中在单一生物系统或单一毒性上，但DBDPE和Cd对农业生态系统的综合影响仍然很大程度上未知。本研究旨在通过检查该综合系统中的生理响应、氨基酸代谢、营养元素分布和DBDPE降解途径，揭示DBDPE和Cd的联合毒性机制。结果表明，与单一暴露相比，DBDPE和Cd共同暴露加剧了毒性。在生菜中，DBDPE放大了Cd对植物生长的抑制作用（地上部分的高度和鲜重分别下降了3.8%和5.8%）。共同暴露抑制了叶绿素合成（特别是类胡萝卜素的产生下降了53.33%），破坏了氨基酸代谢，并损害了营养元素的吸收，最终导致植物生长减少。在蚯蚓体内，共同暴露改变了氨基酸谱，破坏了营养元素的吸收和运输，从而降低了它们的抗氧化防御能力。两种生物通过类似的脱溴途径降解DBDPE的能力都有限。这项研究揭示了DBDPE和Cd在农业系统中的协同毒理影响，强调了它们共存带来的生态风险升高，并强调了对受污染农业土壤进行综合污染控制策略的必要性。
P11605,Identification of human pathogens in soil by virulence gene-based machine learning method,基于毒力基因机器学习方法的土壤人类病原菌识别,"土壤是人类病原菌的重要储库，可通过多种途径传播给人类。宏基因组学通过将测序读段映射到已知病原菌基因组来实现高通量病原菌识别。然而，这种方法存在一些局限性，例如序列组装耗时，且依赖参考数据库可能会忽略缺乏近缘基因组匹配的潜在病原体。在此，我们开发了一种新颖的基于毒力因子 (VF) 的机器学习方法，使用K近邻模型 (VF-KNN) 从土壤宏基因组中识别人类病原菌。通过学习致病菌和非致病菌的VF特征，VF-KNN在土壤病原菌识别中实现了理想的性能 (AUC: 0.95, Accuracy: 0.85)。使用从土壤中分离的61种病原菌株进一步验证了模型预测准确性 (0.95)。对于前15种最频繁出现的土壤病原菌，在0.4X–1.0X基因组覆盖度下的预测准确性 >0.90。对病原菌识别贡献显著的VF与调节、效应子递送、运动性等有关。通过使用VF-KNN，中国表层土壤中潜在病原菌的平均丰度为0.44% (n = 336)，主要集中在东部沿海省份。与基于预定义病原菌列表的传统方法相比，VF-KNN多识别出28%的潜在病原菌物种，包括一些新报道但未列入预定义列表的物种 (如 Mycolicibacte"
P11615,"Bioavailability, migration and driving factors of As, Cd and Pb in calcareous soil amended with organic fertilizer and manganese oxidizing bacteria in arid northwest China",中国西北干旱区施用有机肥和锰氧化菌对石灰性土壤中砷、镉、铅的生物有效性、迁移及驱动因素研究,有机质作为微生物活动驱动土壤中锰氧化的碳源和能量提供者，在生物锰氧化物（BMO）形成背后的生物地球化学过程以及调节土壤剖面中重金属（HMs）迁移方面发挥着重要作用。然而，BMO与有机质的相互作用、其环境行为及实际田间应用仍知之甚少。在本研究中，评估了有机肥（OF）和锰氧化细菌（B）对土壤中砷、镉和铅复合污染的修复效果，以及土壤剖面中元素迁移、玉米吸收和修复后土壤健康状况的结果。一项为期400天的田间实验表明，与对照组相比，1.0%的有机肥处理促进了HMs化学形态从相对活性向稳定态的转化，显著控制了玉米根部对Cd和Pb的积累（p < 0.05）。相反，细菌处理使As的生物有效性降低了23.9%，但使Cd和Pb的生物有效性分别增加了10.9%和20.2%。因此，它显著增加了叶片中的Pb含量，应特别注意其饲料和食品安全风险
P11626,Advancing Provincial Cropland Soil Mapping With Temporal Satellite Data Integration,利用时序卫星数据推进省级耕地土壤制图,了解土壤酸化、退化等限制因素的时空分布对于评估土壤生产力和保障生态系统健康至关重要。数字土壤制图（DSM）整合环境协变量，在提供跨尺度详细土壤信息方面具有显著优势。然而，现有的DSM方法往往未能充分代表农田上的农业管理实践，限制了其准确表征土壤性质的能力。本研究在DSM框架内采用了随机森林（RF）、Cubist、XGBoost和人工神经网络（ANN）模型，结合作物生长动态、种植模式和卫星时序光谱数据来预测土壤有机质（SOM）和pH值。结果表明，整合了时序信息的RF模型在SOM预测方面优于其他模型，R2达到0.42，RMSE为9.67 g kg−1，与没有时序信息的基线模型相比，R2提高了13.51%，RMSE降低了3.21%。在土壤pH值预测方面，结合时序信息的XGBoost模型表现最佳，R2为0.61，RMSE为0.63，与基线模型相比，R2提高了12.96%，RMSE降低了5.97%。本研究证明，整合作物生长和管理动态等时序信息可显著提高土壤性质预测的准确性。这些发现为高分辨率土壤制图提供了一种有前景的方法，在农业和环境管理中具有广泛适用性。
P11635,Fate of microplastics in soil-water systems: View from free radicals driven by global climate change,土壤-水系统中微塑料的归趋：基于全球气候变化驱动自由基的视角,微塑料在土壤-水系统中普遍存在且持久存在，对全球生态和健康构成潜在风险。自由基在土壤-水系统中具有高反应性，特别是在土壤-水-气界面。自由基对环境条件敏感的动态变化可能会极大地影响微塑料的归趋。然而，土壤-水系统中自由基降解微塑料的途径、反应动力学或转化产物仍不清楚。气候变化改变了土壤-水系统的物理化学环境，这种转化可以直接影响微塑料的降解，也可以通过改变自由基的产生和种类间接影响它。在此，我们总结并分析了土壤-水系统中自由基（如超氧化物自由基、过氧化氢、过氧自由基和羟基自由基）的波动对微塑料及其衍生物降解的影响。我们还讨论了由气候变化驱动的自由基变化如何影响微塑料的归趋。通过整合气候变化、自由基化学和微塑料污染等方面，本工作描绘了环境条件变化加剧的微塑料污染的关键问题。针对当前研究中存在的挑战和不足，提出了可行的对策。这项工作为未来预测和控制与全球气候变化相关的微塑料造成的生态毒性和健康风险的研究提供了有价值的见解。
P00121,"The application of biochar improves the nutrient supply efficiency of organic fertilizer, sustains soil quality and promotes sustainable crop production",生物炭的应用提高了有机肥的养分供应效率，维持了土壤质量并促进了可持续作物生产,菜籽饼是一种营养丰富的有机肥（OF），有助于改善土壤环境和作物生产力。然而，也存在肥效缓慢和生长季养分利用率低等问题。这项为期2年的田间试验旨在通过在水稻-油菜轮作条件下比较不同生物炭施用量，探讨添加生物char对提高OF养分有效性的影响。结果显示，与单独施用化肥（CF）相比，单独施用OF使2019/2020年的水稻产量降低了2%/2%，油菜产量降低了6%/10%。与OF相比，将生物char（15 t ha−1）与OF结合（OF + B15）在第一年/第二年显著提高了水稻产量（17%/10%）和油菜产量（25%/20%）。此外，与CF相比，OF + B15在连续两年中仍使水稻产量提高了14%/7%，油菜产量提高了12%/13%。生物char与OF的共同施用对土壤理化性质和酶产生了积极影响。与OF相比，OF + B15在水稻季使土壤有机碳（SOC）提高了57%–81%，土壤过氧化氢酶提高了19%，转化酶提高了14%–20%，脲酶提高了17%–19%，磷酸酶提高了13%–17%；在油菜季使SOC提高了77%–90%，土壤过氧化氢酶提高了14%–16%，转化酶提高了14%–20%，脲酶提高了
P00123,"A georeferenced dataset of heavy metals occurrence in the soils of the Yangtze River Basin, China",中国长江流域土壤重金属出现的地理参考数据集,"了解重金属污染的细尺度空间分布对于有效的环境容量控制和污染区域的针对性治理至关重要。本文介绍了长江流域土壤中常见重金属出现的最新数据集。该数据集是通过回顾2000年至2020年间发表的同行评审文献编制而成的。采用了严格的质量控制程序来确保数据的准确性，包括提取详细的地理位置和重金属浓度。该数据集包含长江流域土壤中7867条重金属出现记录（Zn: 1045, Cu: 1140, Pb: 1261, Cr: 980, Cd: 1242, Ni: 649, As: 821, Hg: 729），分布在省、地市、县和乡镇或更细的四个尺度级别。结果表明，重金属浓度的分布相对分散，在工业和农业发达的城市和地区浓度较高。Cd的超标率最高（33.90%），表明存在显著的局部污染。Zn（11.96%）、Ni（12.63%）和As（9.74%）等重金属在某些采样点也超过了标准水平。Cr的超标率最低，为1.33%。这个更新的数据集提供了关于长江流域土壤重金属污染现状的基本信息。可用于进一步的生态和健康风险评估，并制定该地区修复和预防重金属污染的策略。"
P00132,Rhizosphere microbial community assembly as influenced by reductive soil disinfestation to resist successive cropping obstacle,还原性土壤消毒影响根际微生物群落组装以抵御连作障碍,背景：还原性土壤消毒（RSD）通过创造厌氧条件并施入大量有机物料，已被确定为减轻连作系统中土传病害的可靠策略。然而，关于在不同类型有机物料施用下土壤微生物组成与植物病害之间联系的研究仍然有限。本研究旨在评估不同RSD策略（不进行土壤改良的对照；RSD施入1500 kg ha−1糖蜜粉；RSD施入3000 kg ha−1糖蜜粉；RSD施入3000 kg ha−1糖蜜粉和37.5–41.3 kg ha−1微生物制剂）对植物病害指数、根际土壤细菌群落组成和网络结构的影响。结果：RSD处理显著降低了烟草黑胫病的发生率，并增加了土壤细菌多样性。RSD处理中大量的糖蜜粉进一步增强了病害抑制作用，并降低了真菌丰度和Shannon指数。RSD增加了根际土壤中厚壁菌门和子囊菌门的相对丰度，同时降低了绿弯菌门和酸杆菌门以及担子菌门的相对丰度。多元回归模型确定细菌正凝聚作用是影响植物病害指数的主要因素，其影响大于细菌负凝聚作用和群落稳定性。有益细菌之间为创造健康根际环境而产生的竞争，很可能是RSD成功降低植物病害风险的关键因素。结论：RSD，尤其是高用量的糖蜜粉，是控制烟草黑胫病并通过促进有益微生物群落来改
P00279,"Heavy metal pollution status, children health risk assessment and source apportionment in farmland soils in a typical polluted area, Northwest China",中国西北典型污染区农田土壤重金属污染状况、儿童健康风险评估及源解析,污水灌溉解决了农村缺水问题，但废水中的污染物滞留在农业土壤中，并通过作物进入人体，危害人体健康。本文系统地调查了东大沟流域农业土壤的污染特征、源解析及其相关的健康风险。根据描述性统计和重金属评价，东大沟流域主要受到 Cd、Cu、Pb、Zn 和 As 不同程度的污染。健康风险评估结果显示，学龄前儿童的总危害指数（THI）为 3.20–4.11，总致癌风险（TCR）为 9.09 × 10–5 至 1.38 × 10–4。蒙特卡洛模拟表明，83.16–92.87% 的儿童 THI 值 > 1，4.36–13.69% 的儿童 TCR 值超过 10–4，这表明学龄前儿童的 HI 风险是不可接受的，致癌风险也不容忽视。正定矩阵因子分析表明，土壤中的 Cd、Zn 和 Cu 主要来自污水灌溉等工业活动（75.6%）；Pb 主要来自大气沉降；Mn、Ni 和 Hg 主要 derived from 自然历史污染源。源导向的健康风险评估表明，污水灌溉是儿童最重要的人为健康风险源。
P00360,Risk assessment and source identifcation of soil heavy metals: a case study of farmland soil along a river in the southeast of a mining area in Southwest China,西南某矿区东南部沿河流农田土壤重金属风险评估及源解析,为研究中国西南某矿区东南部沿河农田表层土壤重金属（HMs）污染状况并识别污染源，本研究采集了54个表层土壤样品，利用电感耦合等离子体发射光谱（ICP-OES）和原子荧光光谱（AFS）测定了7种元素（Zn、Ni、Pb、Cu、Hg、Cr和Co）的浓度。采用地累积指数（Igeo）和综合潜在生态风险指数（RI）分析HMs的污染程度及研究区的风险水平。同时，结合正定矩阵因子分解（PMF）模型和多种统计方法确定HMs的来源。为探讨流经矿区的河流对农田土壤HMs浓度的影响，采集了15个水样并测定了上述7种元素的浓度。结果显示，土壤中Pb、Cu、Zn的含量均超过风险筛选值，部分采样点的土壤Pb含量超过了《农用地土壤污染风险管控标准》的管制值。Igeo显示Pb为重度污染，Cu和Zn为中度污染。RI显示研究区处于中等风险水平。PMF及各种统计方法表明，HMs的主要来源是工业源。短期内，流经矿区的河流对土壤中HMs的浓度无显著影响。研究结果为当地政府控制污染和识别HMs来源提供了参考。
P00364,Pollution and mobility of heavy metals in the soils of a typical agricultural zone in eastern China,中国东部典型农业区土壤重金属污染及迁移性,农业土壤中的重金属(HMs)污染严重威胁国家粮食安全，其迁移性和环境行为与作物安全密切相关。本文评估了中国东部主要作物产区三种不同土地利用方式下十种重金属的污染水平和迁移性，并探讨了其环境行为。农田土壤中重金属浓度高于林地和荒地，与其他金属相比，Cd表现出较高的污染和生态风险水平。镉主要以可还原态(41%)和可交换态(23%)为主，其余重金属主要以残渣态(>60%)存在。可交换态Cd与DGT有效态Cd之间的显著相关性表明其在土壤中具有较高的迁移性。土壤pH值、有机质和矿物元素与大多数重金属(如Cd、Co、Mn、Ni、Pb和V)的可交换和可还原分数显著相关(p < 0.05)，表明它们是重金属迁移性的良好预测因子。然而，DGT有效态分数并非如此，这表明重金属迁移性与潜在生物有效性的控制机制存在显著差异。本研究的结果表明，在有效评估农业土壤安全性时，需要同时考虑化学提取分数和生物有效分数。
P00365,"Accumulation and risk assessment of mercury in soil as influenced by mercury mining/smelting in Tongren, Southwest China",中国西南铜仁汞矿开采/冶炼对土壤汞积累及风险评估的影响,"为了研究汞矿开采/冶炼对周围土壤环境的影响，研究组在中国西南贵州省铜仁市汞矿开采/冶炼区周围采集了90个土壤样品。评估了土壤中总汞、甲基汞、生物有效性和汞的形态及其潜在风险。结果表明，汞矿开采/冶炼显著提高了土壤pH值并降低了土壤有机质含量（p < 0.05）。周围土壤中的总汞含量远高于对照点，几乎所有样品都超过了中国国家标准（3.4 mg/kg, GB15618-2018）。同样，这些土壤样品中的甲基汞浓度（0.09–2.74 μg/kg）和生物有效汞（0.64–62.94 μg/kg）也显著高于对照点。然而，与对照土壤（0.60–3.72%）相比，受开采/冶炼影响的土壤中MeHg/THg比率显著降低（0.01–0.68%）。形态分析表明，残渣态汞和有机质结合汞占总汞的50%以上。生态风险评估显示，大多数受汞矿开采/冶炼影响的土壤（30.16 ≤ E ≤ 2280.02）的潜在生态风险高于对照点（15.12 ≤ E ≤ 27.1）。此外，这些受影响的土壤对成年人构成可接受的非致癌风险（除两个土壤样品外），危害指数（HI）范围为0.04至1.11，平均HI为0.44。然而，儿童面临严重"
P00366,"Spatial distribution, chemical fractionation and risk assessment of Cr in soil from a typical industry smelting site in Hunan Province, China",湖南省典型工业冶炼场地土壤中铬的空间分布、化学形态及风险评估,许多工业企业的关闭或搬迁导致了大量富含重金属的废弃污染场地，引发了一系列环境问题。因此，对工业废弃场地土壤中的重金属污染进行研究至关重要。本研究在中国湖南省的一个冶炼场地采集了不同深度的土壤，以了解铬的分布、形态及潜在风险。结果表明，高含量的铬和Cr(VI)污染中心主要集中在S1(采样点1)和S5附近。铬的纵向迁移规律较为复杂，并未表现出随深度逐渐递减的简单均匀趋势，而是呈现一定的波动性。铬和Cr(VI)污染的垂直分布特征表明，需要关注铬渣对地下水和深层土壤的污染。改进的欧洲共同体参考物质局(BCR)方法提取的不同形态铬的结果显示，铬主要以残渣态(F4)存在，在弱酸提取态(F1)中的含量相对较低。相关性分析表明，在纵向迁移过程中，铬受总铬、pH值、有机质和总碳的影响。RSP结果显示，该冶炼场地整体处于中度污染水平。2~5 m深度的土壤比其他土层污染更严重。因此，有必要对场地土壤进行整体处理，特别是亚表层土壤(2~5 m)。健康风险评估表明，土壤铬污染对成人和儿童均有危害，且后者的致癌和非致癌风险概率相对较高。因此，在铬污染土壤的评估和修复中，儿童应成为特别关注的群体。本研究可为污染土壤
P00368,"Heavy metal spatial distribution, source analysis, and ecological risks in the central hilly area of Hainan Island, China: results from a high-density soil survey",海南岛中部丘陵地区重金属空间分布、源解析及生态风险：基于高密度土壤调查的结果,土壤中重金属的存在因其对生态系统和人类健康的潜在风险而引起了相当大的关注。在本研究中，对海南中部丘陵地区进行了彻底的土壤调查，该地区以前被认为是生态环境质量最高的地区。在大范围内系统地采集了总共7094个高密度土壤样品。同时，对每个采样点的周围环境进行了详细调查，包括土壤、土地利用和作物类型等环境因素。对土壤样品中的重金属、pH值、有机质等参数进行了分析。采用地质累积指数和潜在生态风险指数评价了土壤重金属污染水平、生态风险和健康风险。研究结果表明，土壤中重金属As、Cd、Cr、Cu、Hg、Ni、Pb和Zn的平均含量分别为1.68、0.042、24.2、6.49、0.0319、7.06、29.6和49.8 mg·kg−1。除Hg外，其他重金属的平均值均低于或类似于海南的背景值。此外，只有少数局部地区显示重金属污染。通过正定矩阵因子分解模型识别出的重金属主要来源可分为四种类型：与酸性侵入岩（如花岗岩）成土过程有关的自然源；主要受大气沉降影响的自然源；与农业活动有关的人为源；与中性镁铁质侵入岩和黑色页岩成土过程有关的自然源。相关分析和方差分析结果表明，土壤中重金属含量主要与母岩有关。研究区总
P00369,"Ecological, environmental risks and sources of arsenic and other elements in soils of Tuotuo River region, Qinghai-Tibet Plateau",青藏高原沱沱河流域土壤中砷及其他元素的生态、环境风险与来源,摘要：在全球变暖的背景下，曾经“临时储存”在永久冻土中的污染物正逐渐释放，对环境造成重大影响，这已成为国际关注的热点。本研究测定了青藏高原长江源头沱沱河冻融区128个采样点土壤中As、Ti、Cd、Cr、Co、Mn、Cu、Pb、Ni、Zn和V等11种元素的含量，评估了这些元素的可能来源、污染状况以及生态、环境和健康风险。As、Cd、Pb和Zn的平均值高于相应的西藏土壤背景值。在14种潜在毒性元素（PTE）中，As、Cd和Pb的富集因子和污染指数平均值最高，表明冻融区土壤受到As、Cd和Pb的中度富集和污染。Cd的平均生态风险因子（ER）为109，其他PTEs的平均ER值<40，而所有PTEs的生态风险指数（RI）值在59.5到880之间，平均RI值为152，表明研究区域存在中等生态风险。地理探测器的分析显示，全硫（TS）含量的解释力q值为0.217，表明TS是RI的最显著贡献因子。相关分析和PCA分析显示，Cr、Cu、Ni、Co、Mn、Ti、V主要源于自然源，Cd、Pb和Zn源于交通活动，As源于长距离迁移-冻融过程。
P00779,"Soil heavy metal pollution and health risk assessment around Wangchun Industrial Park, Ningbo, China",宁波汪春工业园周边土壤重金属污染及健康风险评估,"目的 探讨汪春工业园周边土壤重金属污染及其对不同人群的健康影响。方法 本研究采用了地累积指数和内梅罗综合污染指数等污染评估方法，对汪春工业园采集的32个土壤样品中的Cd、Ni、Pb、Cu、Hg和As六种重金属的污染状况进行了评估。结果 观察到四种重金属（As、Ni、Cu和Hg）的平均浓度超过了宁绍平原的背景值，但均未超过建设用地的筛选值。根据局部累积指数和内梅罗指数的分析，土壤污染和重金属浓度的顺序为：As > Ni > Cu > Pb > Cd > Hg。人体健康风险评估结果显示，成年男性、女性和儿童因摄入途径暴露于重金属而非致癌风险较高，儿童是As致癌风险最高的人群。结论 研究区域内As、Ni和Cu的污染主要受附近工业活动和其他人为活动混合的影响。As、Ni和Cu的适宜浓度范围分别为：As: 5.4–6 mg/kg, Ni: 21.51–32 mg/kg, Cu: 20.98–31.62 mg/kg，对人体健康影响较小。"
P00937,Response of Soil Microbial Communities and Nutrient Stoichiometry to Stand Age in Chinese Fir Plantations: Insights at the Aggregate Scale,杉木人工林林龄对土壤微生物群落和养分化学计量的响应：团聚体尺度的洞察,"造林通常被认为是缓解土壤退化的有效解决方案；然而，不合理的杉木连作导致贫瘠土壤系统中土壤养分进一步流失。为了确定土壤的营养缺乏类型，阐明土壤微生物与土壤养分之间的相互作用至关重要，因为微生物生物量的营养需求受到特定养分的限制。因此，评价这种相互作用可以进一步反映土壤养分水平的情况。2019年在中国广西的杉木人工林中，沿着时间序列（对照、9年、17年和26年）采集了土壤样品，测定了土壤团聚体（> 2 mm, 2–1 mm, 1–0.25 mm, 和 < 0.25 mm）内的养分化学计量和微生物群落。所有土壤微生物分类群（总微生物生物量、一般细菌、真菌、革兰氏阳性细菌、革兰氏阴性细菌和放线菌）在微团聚体（< 0.25 mm）中显示出最高的浓度，与土壤碳氮比（C:N）、碳磷比（C:P）和氮磷比（N:P）的趋势一致。与对照（CK）相比，17年生林分的土壤C:N、C:P比值和所有微生物分类群显著升高，分别升高了91–108%、23–53%和31–204%。相比之下，与CK相比，9–26年林分的N:P比显著降低了30–65%。这些结果表明，杉木造林有助于土壤养分和微生物生物量的积累。在该地区，土壤"
P00953,"Responses of soil microbial metabolism, function and soil quality to long-term addition of organic materials with diferent carbon sources",长期添加不同碳源有机物料对土壤微生物代谢、功能及土壤质量的影响,生物炭和绿肥已广泛应用于农业生产中，是实现可持续农业的重要手段。然而，目前缺乏系统全面的研究来探讨土壤微生物群落对添加两种不同碳源改良剂的响应，以及土壤代谢组学在添加后的变化，两者之间土壤代谢组学的差异机制尚不清楚。本研究进行了一项长期田间试验（始于2019年），旨在研究生物炭和绿肥施用对土壤微生物驱动的土壤养分和土壤功能的影响。与纯施肥处理相比，生物炭使土壤全碳增加了14.54%至27.04%，速效钾增加了4.67%至27.46%。黑麦草显著提高了土壤有效磷和有机质含量。在不同的施肥制度下，土壤微生物的生态位发生了显著变化。网络分析显示，长期还田黑麦草降低了土壤微生物网络的复杂性。黑麦草和生物炭增加了真菌群落的扩散限制（分别达到93.33%和86.67%），其中生物炭特别增强了细菌群落的可变选择（占53.33%）。基于冗余分析的变异划分分析表明，腐殖质对微生物群落变化的解释力最高，腐殖质分别解释了38.49%的细菌和52.19%的真菌变化。黑麦草处理主要改变了碳水化合物（CH）、胺类（AM）、化合物（AH）和脂类（LP）的丰度，而生物炭处理主要改变了有机酸（AC）、胺类（AM）和碳水
P00972,"Risk identification and tracing of heavy metals in rice fields: An integrated framework of machine learning, Google Earth Engine, geochemical modeling, and pollution fingerprinting for regional-scale risk assessment",稻田重金属风险识别与示踪：整合机器学习、Google Earth Engine、地球化学模型和污染指纹的区域尺度风险评估框架,稻米中的重金属因健康危害而引起公众关注。为了在区域范围内有效识别和示踪稻田重金属的风险，本研究创新性地整合了机器学习、Google Earth Engine (GEE)、地球化学建模和污染指纹分析，旨在提高重金属风险评估中的目标地块识别、形态预测和源解析。GEE结合随机森林（RF）模型准确识别了稻田（总体准确率0.98），促进了风险分区。多表面形态模型（MSM）结合RF模型进一步识别了稻田重金属的形态分布、生物有效性和淋失风险，并模拟了重金属随土壤pH变化的吸附-解吸行为。富里酸（FA）可能促进水稻对重金属的吸收，而土壤中的溶解有机质（DOM）有助于重金属（特别是Pb和Cu）的淋溶潜力。正矩阵因子分解（PMF）-RF整合方法实现了对重金属源的有效解析。
P00984,Deciphering heavy metal adsorption capacity of soil based on its physicochemical properties and adsorption reaction time using machine learning,基于土壤理化性质和吸附反应时间的土壤重金属吸附能力机器学习解析,"土壤的物理化学性质在控制土壤环境中重金属的地球化学行为方面起着关键作用。然而，确定对重金属结合能力影响最大的具体土壤性质仍然是一项具有挑战性的工作。为了解决这一知识空白，我们采集了中国各地22种不同的土壤样品。利用这些样品，并基于2112个实验数据点的综合数据集，评估了12种机器学习模型在预测重金属吸附方面的性能。通过机器学习特征分析，我们确定了决定重金属（Cr, Pb, Cd, As）吸附能力的关键土壤性质。研究结果表明，活性金属氧化物和土壤有机质在决定Cr和As等含氧阴离子的吸附能力方面起着关键作用。相反，阳离子（特别是Pb和Cd）的吸附能力主要受土壤pH值、土壤颗粒大小和土壤有机质的影响。值得注意的是，土壤容重和吸附时间是重金属相对吸附能力的关键预测因子，这一点此前很少受到关注。通过84个数据点的实验验证，XGBoost模型表现出极高的可靠性，对Cr, Pb, Cd, As的R²分别达到0.927, 0.766, 0.783和0.866。集成多种土壤性质和时间因素的XGBoost模型为吸附能力随时间的动态变化提供了重要见解，它是战略设施规划和土壤修复的有力工具。"
P00990,Spatial distribution of surface soil selenium and its influencing factors in China: A literature-based analysis,中国表层土壤硒的空间分布及其影响因素：基于文献的分析,基于过去40年（1980-2024）发表的448项研究，对中国1047个地点的表层土壤硒分布及其关键影响因素进行了全国评估。该国各地的硒分布差异很大，浓度范围从0.007到25.42 mg/kg。所有采样点中有39.92%超过了硒丰富阈值，2.48%的站点超过了硒毒性筛选水平。根据降水模式，我们将采样地点分为三个区域，平均土壤硒含量依次为：湿润东南区（0.7294 mg/kg）>干旱西北区（0.2785 mg/kg）>半湿润中部区（0.2745 mg/kg）。影响硒分布的关键因素在这三个区域各不相同。富硒母质和东南季风被确定为湿润东部地区的重要因素。在半湿润中部地区，缺乏富硒母质和季风气候限制了富硒土壤的分布，陡峭的地形进一步加剧了硒缺乏。相比之下，干旱西北地区低土壤有机质含量和温度有助于形成缺硒土壤。然而，在该地区的小面积发现了富硒土壤，可能是由于西北季风和富硒母质的影响。我们的研究结果揭示了中国表层土壤硒的空间分布和关键影响因素，为制定和修订区域环境健康基准和发展富硒农业提供了科学依据。
P00995,"Risk identification and tracing of heavy metals in rice fields: An integrated framework of machine learning, Google Earth Engine, geochemical modeling, and pollution fingerprinting for regional-scale risk assessment",稻田重金属的风险识别与示踪：集成机器学习、Google Earth Engine、地球化学建模和污染指纹识别的区域尺度风险评估框架,稻米中的重金属因健康危害而引起了公众关注。为了在区域尺度上有效识别和示踪稻田中的重金属，本研究创新性地集成了机器学习、Google Earth Engine (GEE)、地球化学建模和污染指纹分析，旨在提高重金属风险评估中的目标田块识别、形态预测和源解析。GEE耦合随机森林(RF)模型准确识别了稻田(总体精度0.98)，便于风险评估分区。多表面形态模型(MSM)耦合RF模型进一步识别了稻田中重金属的形态分布、生物有效性和淋溶风险，并模拟了随土壤pH变化的重金属吸附-解吸行为。富里酸(FA)可促进水稻对重金属的吸收，而土壤中的溶解有机质(DOM)有助于重金属的淋溶潜力，特别是Pb和Cu。正定矩阵因子分解(PMF)-RF集成方法确定了重金属的来源
P01185,Performance and mechanistic study of biochar and magnesium-enhanced phytoremediation in cadmium-contaminated soil by alfalfa,生物炭和镁增强紫花苜蓿对镉污染土壤的植物修复性能及机理研究,近年来，植物修复被认为是一种处理金属污染土壤的绿色环保技术。因此，本研究设计盆栽实验，以研究生物炭和镁联用对紫花苜蓿净化镉污染土壤的综合效应。结果表明，生物炭和镁的联合使用显著增加了紫花苜蓿对镉的积累，并促进了镉从根系到地上部分的转运。重要的是，联合使用使紫花苜蓿地上部分和整株植物的镉积累量分别提高了59.1%和23.1%。此外，可以从几个方面分析其增强机制。首先，光合作用得到增强，有利于植物生长。光合作用的产物为镉的吸收和转运提供了能量。同时，镉在韧皮部中的运输促进了镉的转运。其次，紫花苜蓿抗氧化能力的增强有效保护了紫花苜蓿的膜结构，表明镉可以通过细胞膜上的通道进入紫花苜蓿。最后，土壤中镉的化学形态和微生物群落结构发生了变化。总的来说，这些变化降低了土壤中镉的毒性，增强了紫花苜蓿的抵抗力，增加了紫花苜蓿对镉的吸收并促进了
P01188,Effect of biodegradable microplastics and Cd co-pollution on Cd bioavailability and plastisphere in soil-plant system,可降解微塑料与镉复合污染对土壤-植物系统中镉生物有效性和塑成圈的影响,生物降解塑料（BPs）被视为生态材料，正成为传统不可降解塑料的替代品。然而，关于农业土壤中生物降解微塑料与镉相互作用的 information 仍然有限。本研究将生菜在 BMPs（聚乳酸 PLA MPs 和聚对苯二甲酸-己二酸丁二酯 PBAT MPs）和 Cd 复合污染的土壤中培养 35 天。结果表明，DGT 技术而非 DTPA 提取法显著提高了 BMPs 处理的非根际土壤中 Cd 生物有效性的预测可靠性 (R² = 0.902)。BMPs 通过降低土壤 pH、阳离子交换量（CEC）和溶解性有机碳（DOC）间接增加了非根际土壤中 Cd 的生物有效性，而非通过直接相互作用。
P01456,"Spatial distribution, sources apportionment and risk assessment of heavy metals in the Changchun black soil area, China",中国长春黑土区重金属的空间分布、源解析及风险评估,农田重金属污染对人类健康和粮食安全构成重大威胁。黑土具有有机质含量高、谷物产量高的特点，特别容易积累重金属。本研究从吉林省长春黑土区采集了99个表层土壤样品，旨在确定7种有毒元素的空间分布、来源、污染及风险。Cu、Ni、Cr和Cd的平均浓度分别是相应背景值的1.15、1.08、1.22和1.19倍。七种重金属的空间变异表明，Cu、Cd和As在研究区域表现出显著的空间异质性。通过空间分布和多元统计分析，有毒元素Pb、Zn和Ni主要来源于自然源，而Cd、Cr和As主要来源于人为源，农业生产和工业交通运输是主要因素。通过地累积指数和单因子指数分析，表明Cu、Cr和Cd在土壤中的积累相对较高。潜在生态风险和人体健康风险总体处于低水平，但在公主岭市仍有一些点处于中等生态风险水平。
P01604,Optimizing the development of contaminated land in China: Exploring machine-learning to identify risk markers,优化中国污染土地的开发：利用机器学习识别风险标志物,"通过利用来自352个污染场地的297,275个土壤样本数据集，采用机器学习改进了中国土地再开发方法。我们的方法结合了七个国家的土壤质量标准，以识别建立成本效益评估框架的模式。研究结果表明，在与国际土壤标准保持一致的同时（预测精度=90-98%），检测成本可以降低60%。"
P01605,Is Cr(III) re-oxidation occurring in Cr-contaminated soils after remediation: Meta-analysis and machine learning prediction,修复后铬污染土壤中三价铬是否会再氧化：Meta分析与机器学习预测,在Cr(VI)还原和稳定化修复后形成的含Cr(III)场地中的Cr(III)是否会再次氧化并再次构成毒性风险，一直是人们日益关注的问题。本研究收集了1030个数据进行Meta分析，以阐明各种因素（氧化剂类型、土壤和Cr(III)固体化合物性质、老化条件和测试方法）对Cr(III)氧化的影响。我们观察到，粘土、pH≥8、较低CEC容量、易还原Mn含量和Cr(III)含量以及较高的Eh值和Fe含量等土壤性质可促进Cr(III)的再氧化。发表偏倚和敏感性分析证实了Meta分析的稳定性和可靠性。随后，我们使用五种机器学习算法来构建和优化模型。具有良好算法性能的RF模型（RMSE <1.36，R2 > 0.71）的预测结果显示，修复十年后，土壤中可提取的Cr(VI)浓度为0.0087 mg/L，表明Cr(III)再氧化的二次污染风险可以忽略不计。本研究为Cr(VI)土壤修复后的后续风险管理和控制提供了理论支持，并为Cr(III)再氧化的定量预测提供了解决方案。
P01608,Improving prediction of soil heavy metal(loid) concentration by developing a combined Co-kriging and geographically and temporally weighted regression (GTWR) model,基于协同克里金和时空加权回归组合模型改进土壤重金属浓度预测,利用已发表文献获取的大量数据研究土壤重金属污染是一种经济便捷的方法。然而，这些数据在时间和空间上分布不均限制了其直接应用。因此，基于2000年至2020年发表文献中的浓度数据，我们调查了土壤重金属积累与各种人为活动之间的关系，开发了一种混合模型来预测土壤重金属浓度，并评估了其生态风险。结果表明，使用时空地理加权回归（GTWR）模型，各种人为活动是土壤重金属积累的主要原因。结合两个最具影响力的辅助变量的混合协同克里金+GTWR模型可以提高预测重金属浓度的准确性和可靠性。预测的8种重金属浓度均超过了背景值。
P01611,Contaminated soil remediation with nano-FeS loaded lignin hydrogel: A novel strategy to produce safe rice grains while reducing cadmium in paddy field,负载纳米FeS的木质素水凝胶修复污染土壤：一种在降低稻田镉的同时生产安全大米的新策略,农业土壤中的镉污染引起了极大的关注，因为通过土壤-食物链转移带来很高的健康风险，特别是对于大米而言。近年来，关于使用纳米颗粒负载材料修复重金属污染土壤的研究层出不穷，并取得了良好的效果。然而，关于田间应用和回收的研究还比较有限。本研究旨在验证纳米FeS负载木质素水凝胶复合材料(FHC)在轻度污染稻田中的降镉效果，并提出一种田间应用方法。因此，在中国南部进行了一次多点田间试验。在施用94-103天后，FHC表现出高完整性和弹性，回收率为91.90%。单轮修复使土壤镉含量降低了0.42-31.72%，谷粒镉含量降低了1.52-49.11%。此外，这种修复技术没有对水稻生产产生不利影响。因此，在田间施用FHC被证明是一种
P01613,Driving factors for distribution and transformation of heavy metals speciation in a zinc smelting site,锌冶炼场地重金属形态分布与转化的驱动因素,废弃冶炼厂的重金属污染对环境健康构成重大风险。然而，由于缺乏关于此类场地多金属分布、形态分布模式和转化因素的知识，修复策略受到限制。本研究探讨了土壤矿物、重金属存在形式及环境因素对重金属迁移行为和形态转化的影响。X射线衍射分析表明，与重金属相关的矿物主要为赤铁矿、锌铁尖晶石、闪锌矿和方铅矿。连续提取结果表明，铅和锌主要存在于土壤的有机物-硫化物组分（F4）和残渣态（F5）中，占重金属总含量的70%以上。锌在碳酸盐结合态（16%）和可交换态（2%）中表现出较大的不稳定性。通过活性态重金属的模拟，直观展示了重金属在地下环境中的迁移和扩散模式，与地下水污染分布模式高度一致。通过整合随机森林模型和冗余分析，评估了影响重金属稳定态（F4和F5）的关键环境因素。促进铅转化为稳定态的主要因素是有效磷、粘土含量、深度和土壤有机质。
P01615,Machine learning-driven source identification and ecological risk prediction of heavy metal pollution in cultivated soils,基于机器学习的农田土壤重金属污染源解析及生态风险预测,为了克服因综合数据有限而在评估环境因素对土壤重金属积累影响方面的挑战，本研究在中国湖北省阳新县结合海量大数据分析了577个土壤样品。我们利用机器学习技术、潜在生态风险指数和双变量局部莫兰指数（BLMI）预测农田土壤中Cr、Pb、Cd、As和Hg的浓度，以评估生态风险并识别污染源。随机森林模型在多种机器学习模型中因性能优越而被选中，结果表明，重金属积累受气候、海拔、工业活动、土壤性质、铁路和人口等环境因素的显著影响。我们的生态风险评估强调了需要关注的区域，其中Cd和Hg被确定为主要威胁。利用BLMI分析了生态风险与环境因素之间的空间聚类和自相关模式，指出了需要针对性干预的区域。此外，冗余分析揭示了重金属向作物转移的动态。这种详细的方法绘制了重金属的空间分布，强调了生态风险，确定了其来源，并为有效的土地管理和污染缓解提供了基本数据。
P01616,Optimal biochar selection for cadmium pollution remediation in Chinese agricultural soils via optimized machine learning,基于优化机器学习的中国农业土壤镉污染修复生物炭优选,生物炭在缓解重金属污染方面是有效的，而镉是农田中的主要污染物。然而，由于土壤、生物炭和镉污染条件的多样性，传统的试错方法确定最佳生物炭修复效率既耗时又低效。本研究采用机器学习方法预测生物炭在土壤中对镉的固定效率。随机森林（RF）模型的预测准确性优于其他常见的线性和非线性模型。此外，为了提高RF模型的可靠性和准确性，采用基于均方根误差的试错方法对其进行了优化。在优化模型的辅助下，土壤镉固定效率的经验类别为生物炭特性（60.96%）> 实验条件（19.6%）≈ 土壤特性（19.44%）。最后，本研究确定了促进中国不同地区农业土壤镉修复的最佳生物炭特性，这有利于在全国范围内使用生物炭进行农业土壤修复的决策。碱性生物炭在有机质相对较高的酸性土壤中的固定效果显著。本研究为固定机制及农业土壤镉固定的生物炭选择提供了见解和方法。
P01617,In vitro tungsten bioaccessibility in Chinese residential soils: Implications for human health risk assessments and soil screening level derivation,中国居住区土壤中钨的体外生物可给性：对人体健康风险评估和土壤筛选值推导的启示,钨（W）污染带来了新兴的环境挑战，有必要建立土壤筛选值，特别是对于居住区土壤。本研究结合机器学习预测的体外土壤 W 生物可给性，评估了中国居住区土壤中 W 的健康暴露风险，并推导了国家级和区域级居住区土壤筛选值。我们分析了来自 24 个省份的 204 个居住区土壤样本，记录了广泛的 W 浓度范围（0.01–3063.2 mg/kg）。基于同步辐射的 X 射线荧光光谱、化学提取和随机森林模型表明，土壤 W 生物可给性的关键决定因素是土壤 pH 值、阳离子交换量、有机质和粘土含量。蒙特卡洛模拟表明，土壤 W 污染主要通过口腔暴露对居民造成非致癌健康风险，特别是在受采矿影响的地区。建立的国家居住区土壤筛选值（NRSSL）为 35.5 mg/kg，区域居住区土壤筛选值（RRSSL）为 34.5–49.2 mg/kg。结合预测的生物可给性，将 NRSSL 提高到 73.8 mg/kg，RRSSL 提高到 69.8–112.5 mg/kg。富产钨矿的华南地区 RRSSL 较低，强调需要加强安全管理。我们的框架和发现为未来的土壤污染风险评估研究提供了坚实的科学基础，并提出了可以指导针对性 W 风险控
P01618,Accurate prediction of spatial distribution of soil potentially toxic elements using machine learning and associated key influencing factors identification: A case study in mining and smelting area in southwestern China,基于机器学习的土壤潜在毒性元素空间分布精准预测及关键影响因子识别：中国西南矿区案例研究,潜在毒性元素（PTE）空间分布的准确预测对于土壤污染防控和风险管理至关重要。本研究利用机器学习模型（人工神经网络ANN、随机森林RF和极限梯度提升XGB），在中国云南省某冶炼矿区预测了土壤PTEs的空间分布并识别了关键影响因子。研究设置了三种情景：(1) 自然+社会经济+空间数据集(NS)，(2) NS+灌溉污染指数(IPI)数据集，(3) NS+IPI+沉降(DEPO)数据集。结果表明，NS+IPI+DEPO的组合在所有ML模型中预测精度最高。XGB在预测As、Cd、Cu、Pb和Zn污染方面表现最佳，而RF在预测Ni污染方面表现最好。特征重要性和SHAP分析揭示，DEPO和IPI是影响土壤PTEs分布的关键因素。研究结果强调了DEPO在土壤PTEs空间分布预测中的重要作用，而这一点在以往的研究中常被忽视。
P01620,"Heavy metals in homestead soil: Metal fraction contents, bioaccessibility, and risk assessment",宅基地土壤中的重金属：金属形态含量、生物可及性及风险评估,中国快速的城镇化导致了无数村庄的消失，宅基地转变为耕地或草地。宅基地土壤（HS）的质量在土地利用转换和再利用策略中起着关键作用，因此HS中重金属污染的现状值得关注。本研究通过将HS与耕地土壤（CS）、草地土壤（GS）、宅基地转换的耕地（HCS）和宅基地转换的草地（HGS）进行比较，测定了HS中Hg、As、Cd、Pb、Cu和Zn的形态含量、生物可及性、风险及其影响因素。结果表明，六种金属的含量均超过背景值，尤其是Cd和Hg，导致了显著的污染和升高的生态风险。与其他金属以残渣态为主不同，Cd的可提取态比例最高，这也导致了HS、GS和CS中风险评估代码的高值和极端污染状况。此外，pH值与有效态和潜在有效态含量主要呈负相关，而有机碳组分的影响则显著相反。进一步表明，CS和GS的非致癌和致癌风险高于转换后的土壤。
P01621,Environment-compatible heavy metal risk prediction method created with multilevel ensemble learning,基于多层次集成学习的环境兼容性重金属风险预测方法,准确的健康风险预测（HRP）是减少重金属（HM）暴露危害的有效手段。它可以解决健康风险评估面临的滞后性和被动性等缺点。本研究基于多层次集成学习（MEL）技术和环境兼容性，创新性地提出了一种HRP方法MEL-HR。我们使用涵盖17个环境因子的490组数据对健康风险进行了点预测和区间预测实验。点预测结果表明，当模型预测HI和TCR时，R2值分别为0.707和0.619。在区间预测的P5、P50和P95中，模型对HI的R2值分别为0.706、0.703和0.672，对TCR的R2值分别为0.620、0.607和0.616。特征重要性分析表明，除HM因子外，经度、矿区系数和土壤有机质是影响MEL-HR模型的关键环境因子。对比实验表明，与基于土壤HM的MEL-HR相比，基于环境兼容性的MEL-HR在点预测中将HI和TCR的准确度分别提高了19.83%和40.36%，在区间预测中分别提高了22.06%和40.01%
P01622,Evaluating heavy metals-related risk in staple crops and making financing strategy for corresponding soil remediation across China,中国主要作物重金属相关风险评估及相应土壤修复的融资策略制定,中国的主要作物面临重金属污染，这是一个缺乏全国评估的普遍问题。我们使用机器学习（ML）评估了水稻、小麦和玉米中8种重金属的风险，并通过线性规划和可计算一般均衡（CGE）估算土壤修复的融资策略。作物中重金属的积累取决于土壤重金属、气候、土壤性质和作物类型。镉和汞构成主要的土壤污染风险，而铬、铅和镉则是作物中最具威胁性的金属。高风险区位于暖温带和亚热带，小麦最易受影响。超过四分之一（26.77%）的农田被归类为高风险，60.89%属于中等风险，仅有12.34%的农业用地处于安全状态。预计修复成本为58596.73亿元。
P01623,Spatial distribution and risk assessment of heavy metal pollution from enterprises in China,中国企业重金属污染空间分布与风险评估,重金属污染（HMP）直接影响农产品的安全性，进而影响人类健康。作为中国土壤重金属污染的主要来源，工业排放的污染风险需要深入研究。基于全国重金属（HM）企业数据，本文分析了全国范围内涉及重金属污染的关键企业的空间分布特征。基于重金属污染的“源-途径-受体”（SPR）过程，构建了企业重金属污染风险评估指标体系，并对全国企业重金属污染的风险进行了评估和分区。
P01837,"The occurrence and distributions characteristics of microplastics in soils of different land use patterns in Karst Plateau, Southwest China",中国西南喀斯特高原不同土地利用方式下土壤中微塑料的发生及分布特征,微塑料作为一种新型污染物在土壤环境中日益受到关注，但在喀斯特地区不同土地利用方式下微塑料的丰度和形态特征研究较少。本研究对中国西南喀斯特山地五种不同土地利用方式（工业仓储用地 IW、耕地 CL、林地 FL、草地 GL 和园地 GP）下的土壤微塑料分布特征进行了调查。结果表明，贵州省喀斯特高原不同土地利用方式下的土壤均已受到微塑料污染。IW、CL、FL、GL 和 GP 的微塑料平均丰度分别为 3114、2948、2770、2718 和 4200 items kg⁻¹。在 GP 和 GL 土壤中，泡沫状微塑料占主导地位（分别为 47.53% 和 45.92%），颗粒状微塑料比例最小；而在 IW、CL 和 FL 土壤中结果相反。所有土壤样品中的微塑料均以小颗粒（0–0.5 mm）为主，主要成分为 PE、PP、PVC 和 PET。同时，CL 土壤中微塑料的特征随种植作物的不同而变化。种植玉米、辣椒、卷心菜、西瓜和其他作物的农田土壤微塑料平均丰度分别为 2504、2792、2987、2370 和 3655 items kg⁻¹。研究认为，土地利用方式和作物类型可能影响喀斯特土壤微塑料污染状况。本
P01838,Source-specific probabilistic contamination risk and health risk assessment of soil heavy metals in a typical ancient mining area,典型古矿区土壤重金属源特异性概率污染风险与健康风险评估,采矿作业产生的重金属污染（HMP）严重威胁土壤生态系统和人类健康。识别土壤重金属（HMs）的来源并评估源特异性风险对于制定有效的风险缓解策略至关重要。本研究结合PMF、蒙特卡洛分析、土壤污染风险指数和人体健康风险评估模型，对中国大冶市典型古矿区的土壤HM风险进行了调查，考虑了环境污染和人类健康影响。铜是最显著的土壤污染风险，而砷的健康风险最高。约48.44%的多元素综合土壤污染风险已升级为重度水平。此外，约22.42%的非致癌风险（NCR）和9.53%的致癌风险（CR）超过了不可接受的阈值（NCR的THI > 1，CR的TCR > 1E-4）。PMF模型确定了四个不同的来源：冶金工业、交通排放、农业和自然因素的组合以及采矿活动。混合的农业和自然源对健康风险影响显著，贡献了42.17%的NCR和53.88%的CR，其次是采矿源，贡献了31.67%的NCR和24.07%的CR。有趣的是，采矿源对土壤污染风险的贡献最高，为42.45%，而混合农业和自然源的贡献最低，为16.33%。此外，本研究通过评估不同来源对特定元素的贡献，探讨了源特异性风险成分。采矿源被确定为研究区需要控制的最重要来源。
P01839,Transfer of heavy metals from soil to tea and the potential human health risk in a regional high geochemical background area in southwest China,西南地区高地球化学背景下重金属从土壤向茶叶的迁移及潜在人体健康风险,茶是消费量最大的非酒精饮料之一。协同分析重金属从土壤向茶叶的迁移及其对人类健康的潜在风险具有重要意义。本研究对中国云南六个主要茶区（凤庆、临翔、永德、芒市、龙陵和云龙）的144组配套土壤和茶叶样品中的砷、镉、铅和铬进行了调查。数据显示，茶园土壤存在酸化（pH = 4.77-5.17）现象，影响了重金属的生物有效性，进而影响其向茶叶的迁移。土壤中全量及生物有效态As、Cd、Pb和Cr的浓度分别为1.45–117、0.025–0.67、15.2–153、3.8–409 mg kg^-1和0.03–0.22、0.011–0.38、0.59–17、0.013–0.47 mg kg^-1。具体而言，20.8%的土壤样品中As浓度超过了40 mg kg^-1的标准值，而Cr的超标率较低，为9%。此外，Cd表现出较高的生物有效性（44–56.1%），而Cr较低（0.12–0.34%）。茶叶中的As、Cd和Pb含量均在标准值（2、1和5 mg kg^-1）范围内。然而，尽管土壤Cr的超标率和生物有效性较低，但Cr在茶叶中的累积表现出较高的超标率（72.2%）。这表明土壤重金属浓度和生物有效性不一定能预
P01840,Tartaric acid coupled with gibberellin improves remediation efficiency and ensures safe production of crops: A new strategy for phytoremediation,酒石酸联合赤霉素提高修复效率并确保作物安全生产：一种植物修复新策略,植物修复是直接利用活的绿色植物，它是一种有效、廉价、无创且环保的技术，用于转移或稳定污染土壤或地下水中的所有有毒金属和环境污染物。为了研究酒石酸、赤霉素以及酒石酸联合赤霉素对油菜-红麻或油菜-甜高粱轮作的影响，在中国湖南省东部Cd和Pb复合污染的农田上进行了一项田间试验。结果表明，这两种轮作系统结合叠加措施具有提高油菜、红麻和甜高粱产量和生物量的潜力，并能增加三种作物对Cd和Pb的吸收，从而加速植物提取。在不同处理下，油菜-红麻轮作一年对Cd和Pb的年去除量分别为269-438和112-149 g⋅hm-2。在不同处理下，油菜-甜高粱轮作一年对Cd和Pb的年去除量分别为68.0-111和43.8-92.3 g⋅hm-2。在这两种轮作系统下，这些综合管理措施每年可去除高达438 g⋅hm-2的Cd和149 g⋅hm-2的Pb。油菜籽或甜高粱茎叶中的Cd和Pb含量低于食品或饲料标准，表明我们可以使用
P01841,Would it be better for partition prediction of heavy metal concentration in soils based on the fusion of XRF and Vis-NIR data?,基于XRF和Vis-NIR数据融合的分区预测能否更好地预测土壤重金属浓度？,土壤重金属（HM）污染需要有效的方法来诊断疑似污染区域并控制修复过程。近地传感器的协同使用通过大规模和高采样密度的土壤重金属污染精确调查，展示了快速检测的巨大潜力，并且需要选择合适的数据挖掘和建模方法进行土壤污染的早期诊断。本研究旨在评估基于地理分区的子区域模型和基于高精度能量色散X射线荧光（HD-XRF）和可见近红外（vis-NIR）光谱的全局模型在使用随机森林模型预测土壤Cu和Pb浓度时的性能。从中国甘肃省白银市的一个污染地块采集了共166个土壤样品。土壤样品在实验室进行重金属分析和近地传感器扫描。Vis-NIR光谱数据使用Savitzky Golay（SG）和Savitzky Golay一阶导数（SGFD）方法进行预处理。结果表明，对于预测土壤中的Cu和Pb浓度，仅基于单独的HD-XRF数据时，子区域模型在定量预测方面优于全局模型。对于子区域模型和全局模型，R2值分别为0.961和0.981；RMSE值分别为27.8和79.6；RPD值分别为4.96和7.38。然而，利用由HD-XRF和vis-NIR传感器获得的数据融合训练的随机森林算法，全局模型通过HD-XRF + vis-N
P01842,Surge of native rare taxa in tailings soil induced by peat bacterial invasion,泥炭细菌入侵引起尾矿土壤中本地稀有类群的激增,本土细菌群落（特别是在退化尾矿环境中）在维持土壤健康方面的关键作用往往被忽视。本研究利用富含微生物的泥炭，调查其对铜尾矿土壤功能及本土细菌反应的影响。通过16S rRNA基因测序，评估了泥炭修复一年后养分循环、有机物分解和微生物活性的变化。FEAST和聚类分析结果表明，泥炭来源的物种不成比例地影响了尾矿微生物群落的修复，这得到了微生物入侵理论的支持。尾矿对这些物种反应积极，在5%泥炭剂量下达到最佳功能。泥炭生物标志物（放线菌门、拟杆菌门、绿弯菌门和厚壁菌门）在重金属去除和养分固定中发挥了关键作用。随机森林模型和共现网络强调了由泥炭添加激活的本土稀有物种（Dependentiae和Latescibacterota）的贡献。这些见解强调了稀有类群的恢复力，并为尾矿区的土壤健康恢复奠定了基础。通过强调泥炭作为激活本土微生物功能的潜在外源解决方案的重要性，这些发现为在采矿影响地区制定有效和可持续的修复策略提供了宝贵的见解。
P01843,"Occurrence characteristics and risk assessment of microplastics in agricultural soils in the loess hilly gully area of Yan’ an, China",延安黄土丘陵沟壑区农田土壤中微塑料的发生特征及风险评估,"随着地膜农业的快速发展，大量微塑料积累在农田土壤中。微塑料的富集危及作物生长和粮食安全，同时也带来生态风险。本研究调查了中国延安黄土丘陵沟壑区典型农业区土壤中的微塑料。利用激光直接红外光谱仪测定了微塑料的丰度、粒径和类型特征。分析了微塑料的潜在来源并评估了土壤微塑料污染的风险。结果表明，土壤、水和肥料中微塑料的平均丰度分别为 4505 ± 435 n·kg^-1、91 ± 27 n·L^-1 和 39,629 ± 10,114 n·kg^-1。粒径小于 100 μm 的微塑料占比超过 90%，粒径越小，微塑料含量越高。含量最高的三种聚合物分别为聚乙烯（PE，37.4%）、聚对苯二甲酸乙二醇酯（PET，15.0%）和乙烯-醋酸乙烯共聚物（EVA，8.9%）。农用膜、塑料薄膜、生活垃圾、地表水灌溉和有机堆肥可能是土壤微塑料的潜在来源。生态风险评估显示，基于丰度来看，所有采样点的微塑料污染整体生态风险较低，但聚合物类型显示出相对较高的生态风险。聚氯乙烯（PVC）和聚甲基丙烯酸甲酯（PMMA）对生态风险贡献较大，应严格限制其进入农田环境。对人体无显著致癌风险。本研究为中国黄土丘陵沟壑区农田土壤"
P01846,Heavy metal pollution in agricultural soils from surrounding industries with low emissions: Assessing contamination levels and sources,低排放行业周边农业土壤重金属污染：评估污染水平与来源,虽然高排放行业周边农业土壤的重金属污染潜力已被长期关注，但氧化铝冶炼和玻璃生产等相对低排放行业仍可能通过持续的低水平排放导致周边农业土壤污染。本研究旨在评估氧化铝冶炼厂和玻璃生产厂周边农业土壤的重金属污染程度，通过输入通量、同位素指纹和受体模型分析识别污染水平和潜在来源。结果表明，表层土壤存在中度镉污染，超标率为86.36%。大气沉降是镉输入的主要途径（稻田89.20%，旱地91.61%）。土壤δ114/110Cd值表明，粉尘影响了远距离表层土壤的镉水平，而原材料和炉渣是工厂附近的主要来源。根据PMF和APCS-MLR模型，工业源被认为是土壤中镉的主要贡献者，分别约占73.38%和82.67%。
P01847,Identifying interactive effects of spatial drivers in soil heavy metal pollutants using interpretable machine learning models,利用可解释机器学习模型识别土壤重金属污染物的空间驱动因子交互效应,准确识别空间驱动因子对于有效管理土壤重金属(SHM)至关重要。然而，理解土壤重金属复杂多样的空间驱动因子及其交互效应仍然是一个重大挑战。在这项研究中，我们提出了一个综合分析框架，整合了地理探测器、CatBoost和SHAP(SHapley Additive exPlanations)技术，以识别和阐明中国珠江三角洲(PRD)地区土壤重金属空间驱动因子的交互效应。我们的调查纳入了十四个环境因素，并重点关注了三种主要重金属汞、镉和锌的污染水平。这些发现提供了几个关键见解：(1) 土壤重金属的分布受源-流-汇过程中各种个体因子和相互作用综合效应的影响。(2) 与个体因子的空间解释相比，汞和镉之间的交互作用表现出增强的空间解释力。同样，涉及锌的交互作用主要显示出增加的空间解释力，但也观察到减弱的例外情况。(3) 空间异质性在决定环境因子对土壤重金属浓度的贡献方面起着至关重要的作用。虽然个体因子通常促进金属积累，但考虑相互作用时，其效应会波动。(4) SHAP可解释方法通过提供对重金属污染的可理解见解，有效地解决了与机器学习模型相关的局限性。这使得能够比较重要性。
P01849,Towards interpretable machine learning for observational quantification of soil heavy metal concentrations under environmental constraints,环境约束下土壤重金属含量观测量化的可解释机器学习研究,"监测土壤重金属浓度对于评估农业生产安全至关重要。卫星观测允许通过光谱推断浓度，从而有助于预防和控制土壤重金属污染。然而，重金属表现出较弱的光谱响应，特别是在低浓度和中浓度下，并且主要受其他土壤成分的影响。机器学习（ML）驱动的建模可以产生预测，但缺乏可解释性。在此，我们提出了一个可解释的ML框架用于浓度量化建模，并通过SHAP（SHapley加性解释）数据分析，研究了光谱和环境因素（pH和有机碳）对多种浓度梯度金属估算的贡献，这些数据来自四个基于学习的场景。结果表明，场景SHC（光谱、pH和有机碳）和SH（光谱和pH）对于铬[RPD=1.42, Adj R2=0.62]和镉[RPD=1.80, Adj R2=0.80]是最优的。在环境约束下，Cr和Cd的光谱预测能力分别提高了67%和87%。我们得出结论，利用光谱和土壤环境因子的可解释建模，在估算跨浓度梯度的重金属方面具有巨大潜力。建议选择有机碳含量较高且pH值较低的样本，以提高Cr和Cd的预测精度。对可解释预测的深入掌握有助于重金属污染的早期预警，并指导制定稳健的采样策略。"
P01852,"Effects of atmospheric deposition on heavy metal contamination in paddy field systems under different functional areas in ChangZhuTan, Hunan Province, China",大气沉降对长株潭不同功能区稻田系统重金属污染的影响,近几十年来，稻田重金属污染问题引起了广泛关注。然而，大多数关于稻田重金属污染的研究偏向于土壤和/或水稻植株，而忽略了大气沉降的影响。本研究从长株潭地区的三个功能区（邻近工厂区、道路沿线和郊区）采集了大气沉降、稻田土和水稻样品，重新评估了重金属的污染特征、迁移转化和健康风险。研究结果表明，研究区土壤中Cd和As污染较为严重，点位超标率分别达到70%和35.9%。道路沿线大气沉降中As、Ni、Cd和Pb的浓度最高，分别为1.42 μg/m2 /day、3.21 μg/m2 /day、0.34 μg/m2 /day和8.28 μg/m2 /day。邻近工厂区大气沉降中As和Ni浓度最低，而郊区Cd和Pb浓度最低。此外，邻近工厂区稻米中Cd和Pb的积累显著高于其他区域。人体健康风险评估表明，邻近工厂区稻米摄入引起的健康风险最高（危险商HQ值达3.19），需要引起关注，主要由Cd积累引起。相关性测试表明，大气沉降对稻米重金属富集有正向影响。进一步的随机森林分析显示，大气沉降中重金属向叶片和稻壳的转运是影响稻米中As、Cd、Ni和Mg积累的重要因素。因此，应更多关注大气沉降对稻田重金属积累的影响，
P01856,Identifying interactive effects of spatial drivers in soil heavy metal pollutants using interpretable machine learning models,基于可解释机器学习模型的土壤重金属污染物空间驱动因子交互效应识别,准确识别空间驱动因子对于有效管理土壤重金属（SHM）至关重要。然而，理解SHM复杂多样的空间驱动因子及其交互效应仍然是一个重大挑战。在这项研究中，我们提出了一个综合分析框架，整合了地理探测器、CatBoost和SHAP（SHapley Additive exPlanations）技术，以识别和阐明中国珠江三角洲（PRD）地区SHM空间驱动因子的交互效应。我们的调查纳入了十四个环境因素，并专注于三种主要重金属的污染水平：Hg、Cd和Zn。这些发现提供了几个关键见解：（1）SHM的分布受源-流-汇过程中各种个体因子及其交互作用的影响。（2）与个体因子的空间解释相比，Hg和Cd之间的交互作用表现出增强的空间解释力。同样，涉及Zn的交互作用主要表现出增加的空间解释力，但也观察到一个例外，即解释力减弱。（3）空间异质性在决定环境因子对土壤重金属浓度的贡献方面起着至关重要的作用。尽管个体因子通常促进金属积累，但当考虑交互作用时，其效应会发生变化。（4）SHAP可解释方法有效地解决了与机器学习模型相关的局限性，为重金属污染提供了可理解的见解。这使得能够比较环境因子的重要性并阐明其方向性影响，从而有助
P01857,Soil environmental carrying capacity and its spatial high-precision accounting framework,土壤环境承载力及其空间高精度核算框架,人类活动强度应控制在土壤单元的承载能力范围内，这对环境可持续性至关重要。然而，现有的土壤环境承载力（SECC）评估方法很少考虑人类活动强度与污染物排放之间的关系，难以对人类活动强度提供有效的早期预警。此外，还缺乏SECC的空间高精度核算方法。本研究首先基于特定保护目标对应的污染物阈值，建立了空间土壤环境容量（SEC）模型。其次，基于土壤污染物的输入/输出通量，提出了空间净输入通量模型。然后，建立了人类活动强度与污染物排放之间的定量关系，并进一步将其纳入SECC模型。最后，提出了SECC的空间高精度核算框架。该方法被用于评估中国典型铜冶炼区铜生产能力的SECC。
P01860,Risk hotspots and influencing factors identification of heavy metal(loid)s in agricultural soils using spatial bivariate analysis and random forest,利用空间双变量分析和随机森林识别农业土壤中重金属的风险热点及影响因素,"农业土壤中的重金属不仅影响土壤功能和作物安全，还 posing 健康风险 to 居民。然而，以往的关切通常只集中在一个方面，而忽略了另一方面。这种缺乏综合方法的方法挑战了有效管理的热点识别和因素优先级排序。为了解决这一差距，提出了一种结合空间双变量分析和随机森林的新方法，以识别高风险热点和关键影响因素。从中国中部河南省获取了包含 2995 个土壤样品和土壤重金属 (As, Cd, Cr, Cu, Mn, Ni, Pb, Sb 和 Zn) 的大规模数据集。健康风险和生态风险的空间双变量分析揭示了风险热点。正定矩阵因子化模型最初用于调查潜在来源。选择了二十二个环境变量并将其输入随机森林，以进一步识别影响土壤积累的关键影响因素。局部 Moran's I 指数的结果表明，在省西部和北部边缘存在高-高重金属聚集。由于乡镇企业普遍存在污染控制措施落后，许昌和南阳主要观察到高生态和健康风险热点。As 浓度和暴露频率 dominated 非致癌和致癌风险。人为活动，特别是交通（贡献了重金属总积累的 ~37.8 %），是农业土壤中重金属的主要来源。随机森林建模表明，土壤类型和 PM2.5 浓度分别是最有"
P01861,A novel spatial prediction method for soil heavy metal based on unbiased conditional kernel density estimation,一种基于无偏条件核密度估计的土壤重金属空间预测方法,重金属土壤污染已成为一个重大的全球性问题。准确绘制土壤重金属污染物浓度的空间分布对于有效的农业和环境管理至关重要。然而，由于测量设备能力的限制及相关资金成本，在所有目标地点获取全面数据面临着挑战。为了高效、准确地获取土壤重金属分布图，本文提出了一种基于无偏条件核密度估计（UCKDE）的非参数空间预测方法。该方法融合了地统计学和机器学习的优势，包括稳定性、适应性以及能够处理多种类型的辅助信息。此外，它可以直接基于采样数据预测目标地点土壤重金属含量的概率密度函数（PDF），而无需复杂的参数设置，同时提供确定性的单一值和概率性的预测区间。本研究将该方法与普通克里金（OK）应用于中国重庆市青溪镇六种变异系数最大的重金属（As、Cd、Cu、Hg、Mn 和 Sb，变异系数 CV 分别为 0.53、1.14、0.66、1.05、0.81 和 0.74）的空间预测。结果表明，所提方法的预测能力（均方根误差 RMSE 分别为 5.82、0.61、14.76、0.15、383.84 和 0.85）优于 OK（均方根误差 RMSE 分别为
P01863,"Characterization of microplastic contamination and influencing factors in different environmental compartments of a coal mining subsidence area in northern Anhui, China",中国安徽北部某煤矿沉陷区不同环境介质中微塑料污染特征及影响因素,"微塑料造成的环境污染已引起全球关注，然而关于矿区各种环境介质中微塑料污染的研究仍然有限。本研究旨在调查中国安徽省淮南市潘集矿区土壤、地表水和沉积物中微塑料的发生和分布，以及影响微塑料分布的因素。研究结果表明，研究区内土壤和地表水中的微塑料污染严重。土壤、地表水和沉积物中微塑料的平均丰度分别为 1860.8 n·kg⁻¹、11,323.7 n·m⁻³ 和 384.0 n·kg⁻¹。优势微塑料为小于 0.1 mm 的透明纤维状颗粒，土壤中常见聚乙烯（PE），地表水和沉积物中普遍存在聚丙烯（PP）。观察到微塑料与 pH、总磷（TP）和总有机碳（TOC）等环境因子显著相关（p < 0.05），土壤中呈正相关；在沉积物中，微塑料丰度与 pH 和 TOC 呈正相关。此外，在地表水中，微塑料丰度与 pH、总氮（TN）和硝态氮（NO₃⁻-N）呈正相关。这项研究提供了对矿区微塑料特征、分布和环境风险的见解，为制定控制和减轻微塑料污染的策略奠定了基础。"
P01865,"Heavy metals in roadside soil along an expressway connecting two megacities in China: Accumulation characteristics, sources and influencing factors",中国连接两个特大城市的公路沿线路边土壤中的重金属：积累特征、来源及影响因素,交通被广泛认为是路边土壤重金属污染的重要来源。更好地了解高速公路附近土壤中的重金属污染至关重要，特别是考虑到近年来中国高速公路交通的快速发展。在这项研究中，沿连接中国两个特大城市的京津高速公路采集了 329 个路边表层土壤样品。化学分析表明，土壤样品中的重金属浓度通常低于国家标准。As、Cr、Cu、Ni、Pb 和 Zn 的平均污染指数 值在 0.94 到 1.01 之间，而 Cd 和 Hg 的平均 Pi 值略高，分别为 1.19 和 1.13。所有样品的 Nemerow 综合污染指数值范围为 0.71 至 4.97，平均为 1.26。这表明重金属相对于自然背景水平略有富集，特别是 Cd 和 Hg。使用正定矩阵因子分解的源解析显示，自然来源对土壤重金属的贡献最大 (64.51%)，其次是农业来源 (19.15%)、交通来源 (9.77%) 和工业来源 (6.57%)。基于随机森林模型的 Shapley 加性解释分析确定，土壤有机碳、深层土壤重金属含量、海拔高度、土壤全 K2O、城市化综合影响指数和土壤全 P 是主要影响因素。这表明交通对京津高速公路沿线路边土壤的影响目前相对有限。
P02065,Spatial patterns and environmental functions of dissolved organic matter in grassland soils of China,中国草地土壤中溶解性有机质的空间分布格局与环境功能,土壤溶解性有机质（DOM）对大气、陆地和水生环境以及人类生命至关重要。本文通过表征中国全境89个草地土壤样品的DOM，揭示了旱季DOM地球化学特征与年生态系统交换及癌症病例的空间关联。类腐殖质和高分子量（3.4-25 kDa）组分生物降解性较低，其含量从中国北部向南部递减，且在大陆尺度上与较低的土壤呼吸和净生态系统生产力相关。<1.2 kDa和蛋白质组分可作为鼻咽癌发病率和死亡率的地理指标，而3.4-25 kDa和腐殖化组分则可能与胰腺癌病例相关（< 0.05）。研究结果强调了开发利用土壤DOM的环境功能并减轻其负面影响是必要的，且需要针对当地土壤DOM条件采取行动。
P02182,"Contamination and health risk assessment of heavy metals in soil surrounding an electroplating factory in JiaXing, China",中国嘉兴某电镀厂周边土壤重金属污染及健康风险评估,共采集了嘉兴某电镀公司下风向方向的30个分层样品，分析其重金属含量。利用地累积指数法和人体健康风险评估方法，从生态和人体健康风险角度对土壤风险进行了评估。结果显示，所有样品中，镉和砷远超过土壤背景值，平均超标倍数分别为14.31倍和64.42倍，超标率100%。经地累积指数评价，在这六种重金属中，砷和镉属于极严重污染水平。
P02183,Spatial distribution characteristics and pollution evaluation of soil heavy metals in Wulongdong National Forest Park,武隆洞国家森林公园土壤重金属空间分布特征及污染评价,
P02184,"Risk assessment and source analysis of heavy metals in soil around an asbestos mine in an arid plateau region, China",中国干旱高原区某石棉矿周边土壤重金属风险评估及源解析,石棉广泛应用于建筑、制造和其他常见工业领域。采矿、加工和运输等人类活动可将石棉中的重金属释放到周围的土壤环境中，对矿区环境及周边居民构成健康危害。本研究旨在通过检查中国某大型石棉矿及其周边土壤，确定石棉污染造成的生态和人体健康损害程度以及污染的主要来源。采用地累积指数、潜在生态风险指数和正定矩阵因子分解模型等方法，分析了土壤重金属污染水平及来源。采用基于蒙特卡洛模拟的健康风险模型评估了研究区土壤重金属对人体的健康风险。结果显示，土壤中As、Pb、Cr、Cu和Ni的浓度分别是当地土壤背景值的1.74、0.13、13.31、0.33和33.37倍。Igeo评价表明Ni、Cr和As具有显著的累积效应。RI评价显示，废渣堆和选矿区附近存在极高的综合生态风险（RI >= 444），Ni表现出强个体潜在生态风险（Eir >= 320）。土壤健康风险评估表明，As和Cr对成人具有致癌风险，平均致癌指数（CR）分别为1.56E-05和4.14E-06；As、Cr和Cd对儿童具有致癌风险，平均CR分别为1.08E-04、1.61E-05和2.68E-06；Cr对成人和儿童均具有一定的非致癌风险。PMF模
P02186,"Source identification and driving factor apportionment for soil potentially toxic elements via combining APCS-MLR, UNMIX, PMF and GDM",结合 APCS‑MLR、UNMIX、PMF 和 GDM 进行土壤潜在有毒元素的源识别及驱动因子归因,本研究以四川成都国家农业公园的788个土壤样品为对象，利用污染因子和污染负荷指数评价土壤潜在有毒元素（PTEs）的污染程度。采用正定矩阵分解（PMF）、边缘分析（UNMIX）和绝对主成分得分-多元线性回归（APCS-MLR）进行源识别，并利用地理探测器（GDM）分析驱动因子。结果表明，研究区土壤Cu、Pb、Zn、Cr、Ni、Cd、As和Hg的平均含量除As外均高于四川省土壤背景值。APCS-MLR模型表现最佳，结果显示大部分重金属来源于交通工业排放。GDM结果表明，距一级公路距离、人口、土地利用和全钾含量是影响这些污染源的主要驱动因子。
P02187,"Geochemical baseline establishment and accumulation characteristics of soil heavy metals in Sabaochaqu watershed at the source of Yangtze River, Qinghai-Tibet Plateau",青藏高原长江源萨鲍查奎河流域土壤重金属地球化学基线建立及累积特征,在青藏高原建立土壤地球化学基线并进行重金属污染评价，对于指导高寒高海拔地区的环境管理具有重要意义。研究在青藏高原长江源头沱沱河萨鲍查奎流域采集了126个表层土壤样品（0–20 cm），并测定了Cu、Pb、Zn、Ni、Cr、Cd、As和Hg的含量。利用数理统计、迭代2倍标准差法、累积频率和参考元素标准化等方法确定了8种重金属的基线值，并采用富集因子法和污染指数法评估了研究区的土壤重金属污染状况。结果显示，As、Cd、Cr、Cu、Hg、Ni、Pb和Zn的平均含量分别为31.84、0.29、66.07、17.35、0.021、27.86、49.35和88.56 mg/kg。基线值分别为22.24、0.217、64.16、15.69、0.0191、26.46、34.91和68.62 mg/kg。研究区土壤重金属的基线值与西藏土壤背景值存在较大差异，特别是Cd的基线值是其背景值的2.68倍。基于基线值的污染评价结果表明，8种重金属均略有富集，总体污染状况为轻度污染，应采取措施进行控制和管理。该研究结果可为长江源区土壤重金属污染评价提供参考价值，也为类似高寒高海拔地区土壤重金属基线值的建立提供了理
P02190,Exploration of the utilization of a new land degradation index in Lake Ebinur Basin in China,利用新的土地退化指数在中国艾比湖盆地的应用探索,
P02191,"Innovative graph neural network approach for predicting soil heavy metal pollution in the Pearl River Basin, China",中国珠江流域土壤重金属污染预测的创新图神经网络方法,预测土壤重金属（HM）含量对于监测土壤质量和确保生态健康至关重要。然而，现有方法往往忽视数据的空间依赖性。为了解决这一差距，我们的研究引入了一种新的图神经网络（GNN）模型，即用于重金属预测的多尺度注意力图神经网络（MSA-GNN-HMP）。该模型集成了多尺度图卷积网络（MS-GCN）和基于注意力的GNN（AGNN）来捕捉空间关系。利用珠江流域的表层土壤样品，我们评估了MSA-GNN-HMP模型与其他四种模型的对比。实验结果表明，MSA-GNN-HMP模型对Cd和Pb具有最佳的预测性能，Cd的决定系数（R2）为0.841，Pb为0.886，Cd的平均绝对误差（MAE）最低为0.403 mg kg-1，Pb为0.670 mg kg-1，以及Cd的均方根误差（RMSE）最低为0.563 mg kg-1，Pb为0.898 mg kg-1。在特征重要性分析中，经纬度成为影响重金属含量的关键因素。不同预测方法对重金属元素的空间分布预测趋势基本一致，Cd和Pb的高值区分别分布在流域中心的西北部和东北部。然而，MSA-GNN-HMP模型在空间预测中显示出更优越的细节表现。MSA-GNN-HMP模型具
P02192,"Assessment of heavy metal(oid) pollution and related health risks in agricultural soils surrounding a coal gangue dump from an abandoned coal mine in Chongqing, Southwest China",重庆西南某废弃煤矿矸石堆周边农业土壤重金属污染评估及健康风险,"煤矸石堆可能会将重金属引入周围农业土壤，给附近社区居民带来潜在的健康风险。本研究评估了中国西南重庆某废弃煤矿矸石堆周边农业土壤中的重金属污染。使用ICP-MS定量分析了HMs（As, Cd, Cr, Cu, Ni, Pb和Zn）的浓度，并利用地质累积指数、污染因子、污染负荷指数和潜在生态风险指数评估了污染状况。在0-30 cm深度的土壤中检测到了重金属污染，在表层土壤（0-10 cm和10-20 cm深度）尤为显著。Cu是所有检测深度中的主要污染物，三个深度的平均Igeo值分别为1.20、1.21和1.16，表明中度污染。Cu的CF值分别为3.55、3.55和3.50，归类为相当程度的污染。PLI值在1.61到2.50之间，平均值为2.12，表明总体污染。生态风险评估显示，所有深度的土壤生态风险均较低。Cd是RI的主要贡献者，在三个深度分别占48%、47%和42%。健康风险评估显示，儿童面临显著的非致癌风险（平均HI = 1.30），成人和儿童均面临不可接受的致癌风险（平均TCR分别为3.26 x 10^-4和1.53 x 10^-3）。这项研究强调了使用多种指标进行综合风险评估以优先"
P02193,Metal(loid) uptake and physiological response of Coix lacryma-jobi L. to soil potentially toxic elements in a polluted metal-mining area,金属(类金属)在污染金属矿区土壤中的吸收及薏苕的生理响应,
P02194,Microplastics occurrence and distribution characteristics in mulched agricultural soils of Guizhou province,贵州省覆膜农田土壤中微塑料的发生与分布特征,"农业土壤中的微塑料污染日益受到重视，但其具体情况随地理、气候条件和耕作方式而异。中国的喀斯特地貌是一种典型的地貌，需要更深入地了解该地区的微塑料污染情况。本研究以贵州省（以喀斯特地貌闻名）为焦点，从十个县市采集覆膜耕作层土壤样本。研究采用金相显微镜、扫描电子显微镜（SEM-EDS）和傅里叶变换红外光谱（FT-IR）分析微塑料的存在和分布。结果表明，聚乙烯是贵州覆膜农田土壤中微塑料的主要成分，主要以黑色、透明和半透明的不规则碎片形式存在，直径为40~120 μm，表面粗糙且有显著侵蚀。微塑料浓度在143.28至3,283.46个/kg之间变化，平均为1,150.60±647.86个/kg。占64.79%的大部分颗粒尺寸在10~100 μm之间。地膜覆盖年限与微塑料浓度之间存在极显著的正相关（p < 0.001），表明长期覆盖会增加农田中微塑料的积累。此外，作物类型、灌溉方法和土壤类型也会影响微塑料浓度。本研究强调了中国喀斯特地区微塑料污染日益严重的问题，亟需引起关注。"
P02195,The advantage of aforestation using native tree species to enhance soil quality in degraded forest ecosystems,利用乡土树种进行造林以提高退化森林生态系统土壤质量的优势,不同的植被恢复方法在不同程度上改善了土壤质量。本研究聚焦于河北-内蒙古边境地区的森林-草原-沙漠过渡带，采用系统网格采样法在塞罕坝机械林场和乌兰布统草原建立了固定监测样地。分析了在相同气候和土壤历史条件下，不同植被恢复方式下土壤质量演化的差异，阐明了这些植被恢复方式在退化森林生态系统中的作用，旨在为类似土地条件下的生态恢复提供参考。本研究采用网格法在森林-草原-沙漠过渡带建立样点，评估了五种植被恢复点：人工落叶松林（FL，乡土树种）、人工樟子松林（FP，外来树种）、天然次生阔叶林（FN）、开放草地（GO）和封闭草地（GC）。通过方差分析比较了不同植被恢复点土壤有机碳（SOC）、全氮（TN）、全磷（TP）、全钾（TK）、碱解氮（AN）、速效磷（AP）和速效钾（AK）的差异，并计算了土壤质量指数（SQI）以评估样点的土壤质量。森林土壤的SOC、TN和AN含量显著高于草地，FL、FN和GC的TN、TP、AN、AK和SOC含量显著高于FP和GO。其中，FL的TN、TP和SOC含量最高，分别达到2.74、0.39和47.27 g kg-1。在生态化学计量特征方面，研究区的平均N:P比为6.68，
P02201,"Contamination characteristics of heavy metals and enrichment capacity of native plants in soils around typical coal mining areas in Gansu, China",甘肃典型煤矿区周边土壤重金属污染特征及本土植物富集能力,
P02212,Escalating arsenic contamination throughout Chinese soils,中国土壤中不断升级的砷污染,中国面临着由加剧的工业和农业活动引起的广泛土壤砷污染，然而其影响从未在国家层面进行过评估。在这项研究中，我们开发了一个基于3524项调查（代表超过一百万个土壤样品）的机器学习模型，以生成2000-2040年中国地表土壤砷浓度的年度地图。该模型揭示了砷浓度上升的令人担忧的趋势，从2000年的平均11.9 mg kg-1上升到2020年的12.6 mg kg-1，预计到2040年将进一步增加到13.6 mg kg-1。主要的人为原因被确定为有色金属开采活动（68.0%），其次是能源消耗（15.8%）、冶炼（13.2%）和农业实践（3.0%）。此外，模型预测，在2000年、2020年和2040年，分别有13.0%、17.1%和18.3%的水稻产量以及10.0%、13.9%和15.9%的人口将位于砷浓度超过20 mg kg-1的土壤上。尽管中国政府制定了《土壤污染防治行动计划》等倡议来抑制这种激增的砷污染，但我们的研究结果强调迫切需要采取更有力的措施来阻止或逆转这一令人不安的趋势。
P02216,Soil microbial biodiversity supports the delivery of multiple ecosystem functions under elevated CO2 and warming,土壤微生物生物多样性支持在升高的二氧化碳和温度下提供多种生态系统功能,目前对全球变化下土壤微生物对农业生态系统多功能性的贡献仍知之甚少。在此，基于涉及稻麦农业生态系统中二氧化碳(CO2)升高和变暖的田间实验数据，我们发现土壤微生物影响了气候变化对农业生态系统功能的影响。在水稻季节，升高的CO2增加了粮食生产的稳定性，而变暖则降低了稳定性，小麦季节没有显著变化。发现CO2升高和变暖对农业生态系统多功能性的交互影响很小。土壤真菌和线虫的丰度分别与水稻和小麦季节的农业生态系统稳定性相关。土壤古菌多样性和细菌丰度分别与水稻和小麦季节的农业生态系统多功能性相关。我们的工作证明了土壤微生物对农业生态系统功能的积极作用，并强调了在气候变化下维持微生物多样性对农业生态系统健康的意义。
P02816,Multifunctional soil health assessment of long-term manure application to ferric acrisol,长期施用粪肥对红壤的多功能土壤健康评估,土壤健康是指土壤维持生态系统功能并为土壤生物和植物提供有利环境的能力。然而，通过评估生态系统功能来定量确定土壤健康具有挑战性。在此，我们基于植物生产力、水分调节、养分循环、碳储存和生物多样性保护这五个土壤功能，构建了一种多功能土壤健康评估方法，并以土壤酸化速率和土壤侵蚀因子作为限制性指标。采用熵权系数法计算指标权重，并利用随机森林建模建立最小数据集（MDS）。利用长期施肥试验计算了有机肥处理对五种土壤功能和土壤健康指数（SHI）的影响。结果表明，施用粪肥显著促进了五种土壤功能和SHI，且SHI与土壤肥力指数（SFI）和土壤质量指数（SQI）呈显著正相关。随机森林模型显示，五种土壤功能对SHI变化的贡献比例相似。基于总数据集和最小数据集的SHI与玉米特征（包括根重、茎重和籽粒产量）呈正相关。总之，这种多功能土壤健康评估方法对于阐明管理措施与土壤健康及作物产量之间的关系至关重要，从而能够实现红壤农田的健康管理和可持续发展。
P03002,Soil application of FeCl3 and Fe2(SO4)3 reduced grain cadmium concentration in Polish wheat (Triticum polonicum L.),土壤施用氯化铁和硫酸铁降低了波兰小麦籽粒镉浓度,小麦是人类摄入镉的主要来源之一。为确保粮食安全和人类健康，亟需降低小麦籽粒中的镉浓度。本研究在四川农业大学温江试验田（中国成都）进行了田间试验，旨在揭示FeCl3和Fe2(SO4)3降低矮杆波兰小麦籽粒镉浓度的效果。结果表明，土壤施用FeCl3和Fe2(SO4)3 (0.04 M Fe3+ / m2) 使成熟期DPW籽粒镉浓度分别显著降低了19.04%和33.33%。它们并未减少镉的吸收或根到茎的镉转运，而是增加了镉在下位叶、下位节和颖壳中的分布。同时，FeCl3和Fe2(SO4)3的施用上调了根中TpNRAMP5、TpNRAMP2和TpYSL15以及 shoots 中TpYSL15和TpZIP3的表达；下调了根中TpZIP1和TpZIP3以及 shoots 中TpIRT1和TpNRAMP5的表达。结论：FeCl3和Fe2(SO4)3施用引起的籽粒镉浓度降低是通过调节部分金属转运蛋白基因的表达来改变 shoots 中镉分布而实现的。本研究报道了土壤施用铁肥对小麦籽粒镉浓度影响的生理途径，提出了一种通过改变地上部镉分布来降低籽粒镉浓度的策略。
P03023,Influence of soil properties on selenium concentration in paddy soil and rice grains in the hilly regions of southern China,土壤性质对中国南方丘陵地区稻田土壤和稻谷硒含量的影响,"背景 硒对人体健康至关重要，主要来源于饮食，特别是中国南方主要产粮区湖南省的稻米。调查稻田土壤和稻谷中硒含量之间的关系及相关影响因素，对加强富硒食品安全具有重要意义。结果 分析2019年至2022年间采集的128,992个样本显示，湖南省土壤硒含量超过了全球平均水平，稻谷显示出巨大的富硒潜力。利用统计分析、共现网络和相关热图等多种分析方法对海量数据进行了详细审查。此外，偏最小二乘路径分析阐明了影响因素对土壤硒浓度、稻谷硒浓度和硒生物富集因子（BCF）的交互影响。成土母质显著影响土壤硒浓度、稻谷硒浓度和硒BCF（p < 0.01）。土壤阳离子交换量、土壤有机质、坡度以及土壤中Cu、Mn、Zn的浓度等因素与土壤硒浓度呈正相关。同样，这些因素与稻谷硒浓度也呈正相关。相反，某些因素与硒BCF呈负相关。结果，建立了土壤硒、稻谷硒浓度和硒BCF的预测模型。结论 本研究为制定富硒食品生产政策和确保区域营养平衡提供了有价值的见解。建议在硒含量过高的地区保持谨慎，以防止潜在的毒害风险。"
P03039,Mechanism of composite passivators to reduce cadmium absorption and accumulation in Chinese cabbage on cadmium-polluted soil,复合钝化剂降低镉污染土壤中白菜镉吸收和积累的机制,背景 土壤中重金属（包括镉）的累积危及农产品质量并可能损害人体健康。目前，施用钝化剂是解决这一问题的一种相对高效、快速且经济的方法。在本研究的实验点，调查了不同复合钝化剂（赤泥+石灰+磷矿粉、赤泥+石灰+生物炭、石灰+腐殖酸+海泡石、海泡石+生物炭+赤泥、海泡石+生物炭+磷矿粉）对大白菜生理和生化的影响。结果 施用钝化剂后，土壤的有效态镉含量降低，大白菜叶片和叶柄中的镉含量、生物富集系数（BCF）、转运系数（TF）、氧化应激和抗氧化酶活性水平均有不同程度降低。活性氧含量的降低主要归因于钝化剂的应用，这降低了氧化应激程度，增加了渗透调节物质含量、抗氧化酶活性以及清除羟基自由基的能力。大白菜可溶性蛋白含量的增加主要归因于渗透调节物质和非酶抗氧化物质含量的增加以及蛋白质合成抑制的减轻。结论 我们的研究结果表明，活性氧的减少是叶片中镉积累、转运和毒性降低的主要原因。可溶性蛋白的增加是叶柄中镉积累、转运和毒性降低的主要原因。
P03041,A study on hyperspectral soil total nitrogen inversion using a hybrid deep learning model CBiResNet-BiLSTM,基于混合深度学习模型CBiResNet-BiLSTM的高光谱土壤全氮反演研究,"快速、准确、无损地获取黑土区土壤全氮（TN）含量对于实现精准施肥具有重要意义。本研究选取中国吉林农业大学玉米和大豆田的土壤类型为研究区。采用五点混合采样法采集了162个土壤样品。然后获取光谱数据并初步消除噪声边缘。随后，使用Savitzky-Golay (SG)方法对去噪后的光谱数据进行平滑。对数据进行一阶差分(FD)和二阶差分(SD)变换后，将其输入模型。本研究设计了一种混合深度学习模型CBiResNet-BiLSTM，用于精确预测土壤TN含量。该模型基于ResNet34进行优化，并通过在残差模块中引入CBAM来增强额外的特征值提取能力。此外，集成了双向长短期记忆网络(BiLSTM)以提高模型精度。此外，偏最小二乘回归(PLSR)、随机森林回归(RFR)、支持向量机回归(SVR)和反向传播神经网络(BP)以及ResNet(18, 34, 50, 101, 152)模型被用于对比实验。结果表明，传统机器学习模型PLSR表现良好，R ^ { 2 }为0.883，混合深度学习模型CBiResNet-BiLSTM具有最佳的反演能力，R ^ { 2 }为0.937，与PLSR模型相比，R ^ "
P03058,Soil health evaluation in the intensive vineyard based on minimum data set,基于最小数据集的集约化葡萄园土壤健康评价,
P03089,Distribution Prediction of Soil Heavy Metals Based on Remote Sensing Temporal-Spatial-Spectral Features and Random Forest Model,基于遥感时⁃空⁃谱特征及随机森林模型的土壤重金属空间分布预测,获取土壤重金属的含量特征及空间分布是预防土壤污染和制定环保政策的关键。选取济南市长清区为研究区，系统采集处表层土壤样品（304个，0-20cm），利用多源遥感数据构建土壤重金属的光谱特征、时间特征和空间特征；进一步采用相关分析法选择出与土壤重金属密切相关的时-空-谱特征，并将其作为输入自变量，实测土壤砷含量值为因变量，建立基于随机森林（RF）算法的空间预测模型，完成土壤重金属的含量估算和空间分布预测。结果表明：①As含量均值超出背景值43.17%，低于农用地土壤污染风险规定的筛选值和管控值，表明As在土壤中出现富集，但处于可管控范围内。②在单个遥感特征构建的土壤重金属空间预测模型中，精度由高到低依次为：空间特征（RPIQ = 3. 87）>时间特征（RPIQ = 2. 57）>光谱特征（RPIQ = 2. 50），空间特征对土壤重金属空间预测最为重要。③基于“时间-空间”、“时间-光谱”和“空间-光谱”组合特征的土壤重金属空间预测模型均优于单个特征构建的模型，其精度系数RPIQ值分别为4. 81、4. 21和4. 70。④利用“时间-空间-光谱”特征组合输入的随机森林模型达到最佳的空间
P03200,"Spatial variability and source analysis of soil heavy metals: A case study of the key planting area of special agricultural products in Cangxi County, China",土壤重金属的空间变异性及源解析：以中国苍溪县特色农产品重点种植区为例,农田土壤重金属污染对生态系统和人类健康构成重大风险，是全球关注的问题。本文以苍溪县特色农产品重点种植区为研究对象，采集了228个表层土壤样品。我们分析了土壤中六种重金属（Cr、Cu、Pb、Ni、Zn和Hg）的浓度、空间分布和污染水平。此外，利用主成分分析/绝对主成分得分（PCA/APCS）和正定矩阵因子分解（PMF）模型研究了这些重金属的来源和贡献率。研究结果表明，这六种金属均未超过农田土壤的污染阈值。然而，Cr和Ni的平均浓度超过了四川省的背景水平。Pb和Ni之间存在中等的空间相关性，归因于自然和人为因素，而Zn、Cu、Hg和Cr显示出强烈的空间相关性，主要归因于自然因素。Cr、Cu、Zn、Pb和Ni的空间模式相似，北部和东部地区浓度较高，中心地区较低。Hg的空间分布不同，表现出更广泛的低值范围。单项污染指数评价显示，Cr和Ni为低污染，其他元素为无污染。综合污染指数平均值为0.994，污染程度接近轻度污染。主要是北部和东部地区污染水平较高，水库周围较低。PCA/APCS模型确定了两个主要污染源：农业交通混合源（65.2%）和自然母源（17.2%）。PMF模型划分了三个来源：农业活动
P03247,"Assessment of Soil Heavy Metals and Intake Risk in Typical Se-Rich Areas, Xianyushan Area, China",中国仙寓山典型富硒区土壤重金属及摄入风险评估,通过从仙寓山地区采集154个土壤样本和6种食物类型，评估了重金属（HM）浓度及其相关的污染风险和膳食暴露风险。土壤中Zn、Cd和As的浓度分别是背景值的1.2、3.4和2.8倍，超过背景值的样本百分比分别为47%、65%和96%。Cd、Cr和As的浓度在三种土地利用类型之间表现出显著差异，这可能归因于土壤性质、农业改良措施和其他因素。基于空间分布分析、相关性分析（CA）和主成分分析（PCA）的综合结果，可以推断这些重金属主要来源于土壤母质。污染风险评估表明，Cd和As是主要的土壤污染物。尽管不同食物类型的HM含量低于中国国家标准规定的限值，但Cd和As的总估计每日摄入量（EDIs）超过了允许的每日耐受摄入量（PTDI）值以及参考剂量（RfD）。目标危害商数（THQ）值表明，与其他重金属相比，Cd、As和Hg的膳食摄入风险较低，特别是由于谷物存在较高的重金属摄入风险，需要进一步关注。
P03269,Preparation of Immobilized Microbial Agents of Different Solid Waste-Based Carrier Materials and Comparison of Their Remediation Effects on Composite Contaminated Soils,不同固废基载体材料固定化菌剂的制备及其对复合污染土壤的修复效果比较,
P03277,Quality evaluation and obstacle diagnosis of soil planted with tobacco based on minimum data set in Baoshan city,基于最小数据集的保山市植烟土壤质量评价与障碍诊断,【目的】通过分析保山市5个县（市、区）植烟土壤质量特征，明确制约土壤质量的主要障碍因子，为区域性植烟土壤障碍治理技术研发、养分管理和优质烤烟生产提供科学依据。【方法】采集保山市5县（市、区）24个乡（镇）72个村的植烟土壤样品，选取pH、有机质、全氮、全磷、全钾、碱解氮、有效磷、速效钾、土壤容重、田间持水量、蔗糖酶和脲酶等12项指标作为总数据集（TDS），通过构建评价指标最小数据集（MDS），计算土壤质量指数；采用障碍因子诊断模型，分析主要障碍因子。【结果】12项指标经K-S检验，均服从正态分布，进入总数据集（TDS）。经主成分分析筛选，有机质、全磷、碱解氮、有效磷、土壤容重和蔗糖酶等6项指标进入最小数据集（MDS）。土壤质量指数（SQI）的MDS-SQI与TDS-SQI呈极显著正相关关系，最小数据集可代替总数据集对保山市植烟区土壤质量进行评价。施甸县、昌宁县、隆阳区、龙陵县和腾冲市的土壤质量指数分别为0.681、0.668、0.665、0.626和0.579。障碍度分析表明，保山市各县（市、区）植烟土壤主要障碍因子为田间持水量（平均障碍度0.251）、碱解氮（平均障碍度0.196）、
P03326,Soil Pollution Prevention and Control Methods and Corresponding Countermeasures from the Perspective of New Environmental Protection Law,新环保法视野下的土壤污染防治方法及相应对策,随着人们对土地资源的不断开发，土地需求量也随之增多，然而从土地的实际使用情况来看，使用效率较低，而且由于人们使用土地的方式不当，对土地资源造成了不同程度的损害，并引发了环境污染问题。因此，土壤防治工作是十分必要的。基于此，本文首先介绍了土壤污染物质的种类，之后围绕土壤防治工作存在的问题，提出了具体的防治管理方法，以供参考。
P03409,"Status, influence factor and health risks of heavy metal(loids) in soil: A case study in Jiangmen, China",土壤中重金属的态势、影响因素及健康风险：中国江门案例研究,富集在土壤中的重金属会对土壤环境质量和人类健康构成威胁。鉴于粤港澳大湾区的快速发展，土壤污染不容忽视。为了有效解决这一问题并确保精准的防控措施，准确识别污染源变得不可或缺。本研究在江门市采集了118个表层土壤样品，重点调查了土壤中重金属的浓度、空间分布特征、来源及健康风险。结果表明，As、Cd、Cu、Pb和Hg的平均浓度超过了背景值，其中环境As浓度的升高尤为明显。重金属的高浓度主要集中在蓬江和江海区等城区。通过耦合Pearson相关性和PMF模型识别出的土壤污染源的定性和定量分配表明，车辆和船舶排放、工业排放以及母质和农业活动是土壤污染的主要贡献者。此外，观察到船舶排放对江门土壤Pb的来源有显著影响。此外，基于生态风险评估，江海和蓬江地区的潜在生态风险最高，RI值为300。与不同来源相关的健康风险表明，工业排放对江门成人和儿童的致癌和非致癌风险影响最为显著。这项研究为江门市土壤重金属污染提供了基础参考。考虑到大湾区的未来发展，地方管理部门应加强对江门工业生产产生的长期污染的关注，并根据污染源实施针对性的控制措施。
P03412,Response of soil nitrogen pool to nitrogen and phosphorus addition in the wet meadow of the Qinghai-Tibet Plateau,氮磷添加对青藏高原湿甸土壤氮库的响应,土壤氮转化过程是湿地生态系统氮循环的重要组成部分。本研究在青藏高原湿地进行了为期两年的实验，分析了氮磷添加对土壤氮库（空白对照、氮添加、磷添加及氮磷共添加）的影响，并讨论了主要驱动因子。结果表明，氮磷添加显著增加了0-40cm土层的全氮（TN）和铵态氮含量，降低了土壤溶解有机氮（DON）含量，但对土壤微生物量氮（MBN）含量无显著影响。冗余分析（RDA）显示，土壤有机碳、土壤密度和碳氮比是影响氮磷添加下各形态氮含量的主要环境因子。
P03423,Rapid Estimation of Soil Arsenic Concentration Based on Spectral Feature Selection,基于光谱特征选择的土壤砷含量快速估算,高光谱技术为调查土壤砷污染提供了一种有前景的替代方法。然而，土壤砷含量与光谱之间的关系可能涉及复杂的非线性和数据冗余。因此，选择光谱特征并构建模型以进行快速估算已成为当前研究的焦点。本研究以废弃的有色金属厂区为研究对象采集土壤样本，并获取了可见光/近红外（400-1000 nm）范围内的高光谱数据。原始光谱数据经过Savitzky-Golay平滑（SG）、多重散射校正（MSC）和一阶导数变换（FD）进行预处理。随后使用SPXY算法划分数据集，并通过Spearman相关性分析识别与重金属砷含量相关的波段。然后将各种特征选择算法与扩展特征算法（EFA）结合以确定相关波段。最后，通过构建改进的粒子群优化-支持向量机回归模型（IPSO-SVMR），以所选波段为自变量，砷含量为因变量进行回归预测。根据模型评价标准，ICO-SPA特征选择算法结合EFA的波段组合在验证集上的R2为0.87435，RMSE为22.374，RPD为2.8211，表明其作为构建的最佳模型具有优越性。本研究为重金属砷含量的快速估算提供了一种有效方法。
P03425,"Spatial-temporal variation and source analysis of heavy metal in urban and peri-urban soils: The case study of Beilun District (Ningbo, China) from 2015 to 2022",城市和近郊区土壤重金属时空变化及源分析：以2015-2022年中国宁波北仑区为例,土壤环境在城市生态系统中起着重要作用。为了研究宁波北仑区土壤的重金属污染情况，我们在北仑区的城市和近郊区采集了60个点的土壤样品，并分析了不同土地利用类型下重金属污染的时空变化和来源。2022年绿化带和林地中的重金属含量高于2015年，而农田没有显著变化。两年的重金属含量主要顺序为绿化带 > 农田 > 林地。时空分析显示，北仑区的重金属污染集中在五个工业区，且高污染点有消失的趋势。单因子污染指数、污染负荷指数（PLI）和地累积指数表明，北仑区没有明显的重金属污染，特定点的个别元素显示出轻微污染。源分析结果表明，Hg的主要来源是化工，As主要来自农业，Cr、Ni和Cu主要来自自然源，Zn和Cd的主要来源是电镀和机械活动，Pb的主要来源是交通。
P03432,Aridity and soil properties drive the shrub-herb interactions along drought gradient in desert grassland in Inner Mongolia,干旱和土壤性质驱动内蒙古荒漠草原沿干旱梯度的灌木-草本相互作用,
