序号,英文标题,中文标题,中文摘要
P01457,"A regional soil and river sediment geochemical study in Baoshan area, Yunnan province, southwest China",中国西南云南省保山地区区域土壤与河流沉积物地球化学研究,本研究旨在更好地从区域尺度理解中国西南云南省保山地区地表环境中选定化学元素的浓度和分布，以及自然因素（地质背景、地貌）和人为因素（采矿活动、土地利用、农业施肥）对其分布的影响。该地区的矿产资源（如铜、铅、锌、汞、金、银）以及碳酸盐和玄武岩成土母质往往导致潜在毒性金属（PTM）含量升高，这些金属广泛分布在过去20-30年间采矿活动快速发展的地区。本研究利用了国家土地质量地球化学调查项目（NGSLQ）的1574个表层土壤数据和425个深层土壤数据，以及区域地球化学国家勘测计划（RGNR）收集和分析的1585个存档河流沉积物数据。在对数比转换后，利用成分数据分析、主成分分析和空间分析对这些数据进行了研究。在保山地区，与中国土壤地球化学基准计划（CGB）和RGNR数据集相比，元素As、B、(Br)、Co、Cr、Cu、Hg、(I)、Mn、(N)、Ni、Sb、(Sc)、(Se)、V、Fe2O3Total和COrganic富集；而元素Sr和Na2O较CGB和RGNR数据集贫化。揭示了研究区表层土壤、深层土壤和河流沉积物成分的影响因素。表层土壤、深层土壤和河流沉积物中大多数元素的分布受自然因素影响：C
P01475,"Dynamic capacity modelling of soil environment carrying capacity, and developing a soil quality early warning framework for development land in China",中国建设用地土壤环境承载力动态建模及土壤质量预警框架的建立,了解土壤环境质量及其变化趋势对于土地的安全和可持续利用至关重要。然而，涉及环境、经济和社会压力的土壤环境承载力的综合信息相对较少。本研究提出了一种改进的动态承载力模型，通过综合考虑土壤环境容量、累积输入/输出速率和风险特征来估算土壤环境承载力。基于提出的方法，本文展示了北京市城区目前的污染状况和剩余土壤容量，并建立了一个概念性的土壤环境质量“早期预警”模型，以预测不同积累情景下土壤污染物随时间的变化模式。结果表明，北京市土壤环境承载力随土地利用类型和污染物种类而变化。与Cu、Zn和Pb相比，Cd对居民区和绿公园的土壤环境承载力构成了最大威胁。目前北京建成区土壤重金属承载力尚未超载，在假设的“减少输入”情景下，中短期内也不会显著恶化。所提出的方法为绘制土壤质量水平以及评估中国及其他地区风险管理措施的需求提供了一种简单、经济有效且定量的工具。
P01479,"Impact of irrigation and fertilization regimes on greenhouse gas emissions from soil of mulching cultivated maize (Zea mays L.) field in the upper reaches of Yellow River, China",黄河上游覆膜玉米田灌溉与施肥制度对土壤温室气体排放的影响,农业土壤的温室气体排放受施肥、灌溉和耕作方式等田间措施的强烈影响。理解土壤温室气体排放的机制及其影响因素对于清洁农业生产和全球温室气体减排至关重要。本文研究了黄河上游覆膜种植玉米（Zea mays L.）田在不同灌溉和施肥制度下的土壤温室气体排放。实施了大田灌溉和滴灌两种方式及其不同调度方案。大田灌溉包括三个不同的灌溉深度（180、315 和 450 mm），滴灌由张力计在三个不同的基质势（-15、-25 和 -35 kPa）下触发。在基质势为 -25 kPa 的滴灌处理中施用了三个氮肥水平（350、250 和 150 kg ha-1）。在干旱地区，无论灌溉和氮肥施用如何，土壤都充当了 CH4 的汇。在两种灌溉方法中，N2O 排放量与灌水量呈显著正相关，但灌溉调度对 CO2 排放的影响不显著。在相同水和氮肥水平下，滴灌相比大田灌溉的 CO2 累积排放量增加了 24.7%，但 N2O 累积排放量减少了 23.5%。高氮肥处理（350 kg ha-1）的 CO2 累积排放量比滴灌地块中的中低氮水平增加了 19.3%。滴灌中 N2O 排放量与氮肥施用量呈显著正相关。通过对产量、水和肥料生产力
P01483,"Machine learning-based source identification and spatial prediction of heavy metals in soil in a rapid urbanization area, eastern China",基于机器学习的中国东部快速城市化地区土壤重金属源识别与空间预测,
P01552,"Geographic distribution of heavy metals and identification of their sources in soils near large, open-pit coal mines using positive matrix factorization",大型露天煤矿周边土壤中重金属的地理分布及基于正定矩阵因子分析的污染源识别,"采矿活动被认为是导致表层土壤重金属积累的最重要因素，了解典型草原中重金属的空间分布和来源至关重要。本研究通过地质统计分析、多元统计分析以及正定矩阵因子分析（PMF）模型，确定了在胜利煤炭基地附近草原采集的152个土壤样品中重金属的含量、空间分布及来源。结果表明，重金属的平均浓度较低，不会威胁当地土壤质量。然而，八种重金属（Cu 15.04 mg·kg-1, Zn 49.30 mg·kg-1, Cd 0.11 mg·kg-1, Pb 20.00 mg·kg-1, Se 0.12 mg·kg-1, Ge 1.45 mg·kg-1, As 9.06 mg·kg-1, 和 Sn 2.52 mg·kg-1）的浓度高于内蒙古土壤中的平均背景值。重金属的高变异系数，特别是Ge（1.03）和As（0.56），表明元素浓度受到露天矿存在的影响。多元统计和地质统计分析显示Ge和As高度相关（R2=0.67，P<0.01），表明它们具有相同的来源。使用地质统计和PMF模型，我们在研究区域确定了五个潜在的污染源：1）工业污染（21.2%），包括冶炼活动和露天煤矿，由Zn、Cd、Ge和Cu水平升高表明；2）锗矿"
P01553,Estimation the spatial distribution of heavy metal in agricultural soils using airborne hyperspectral imaging and random forest,利用机载高光谱成像和随机森林估算农田土壤重金属的空间分布,"具有数百个波段和高光谱分辨率的高光谱成像技术为估算农业土壤中的重金属浓度提供了一种有希望的方法。利用大范围的机载图像进行快速反演对环境监测和进一步的决策支持具有重要意义。然而，很少有研究专注于利用机载高光谱成像估算土壤重金属浓度。在这项研究中，我们利用在中国柳新矿区获取的机载高光谱数据（来自 HySpex VNIR-1600 和 HySpex SWIR-384 传感器）建立了基于光谱分析的重金属浓度反演模型。首先，在现场采集了60个土壤样品，并通过电感耦合等离子体质谱分析测定了它们的重金属浓度（Cr, Cu, Pb）。由于混合像素在机载高光谱图像中普遍存在，因此进行了光谱解混以获得更纯净的土壤光谱并提高估算精度。本文介绍了十种估算模型，包括四种不同的随机森林（RF）模型——标准随机森林（SRF）、正则化随机森林（RRF）、引导随机森林（GRF）和引导正则化随机森林（GRRF）。比较估算结果，Cr、Cu 和 Pb 的最佳精度由 RF 获得。结果表明，在该区域 RF 可以比其他模型更好地预测这三种重金属。对于 Cr、Cu、Pb，RF 的最佳模型的 R2p 值分别为 0.75、0.68 和 "
P01554,A partition computing-based positive matrix factorization (PC-PMF) approach for the source apportionment of agricultural soil heavy metal contents and associated health risks,一种基于分区计算的正定矩阵因子分解(PC-PMF)方法用于农业土壤重金属含量源解析及相关的健康风险评估,在大尺度区域解析土壤重金属来源是一项具有挑战性的任务。本研究开发了一种改进的受体模型，用于在大尺度上估算各种源对土壤重金属的贡献及相关健康风险。采用了一种基于分区计算方法的正定矩阵因子分解模型；整个研究区域被划分为若干区域进行源解析，然后统称为分区计算-PMF (PC-PMF)。选取中国天津的农业土壤作为案例研究。PC-PMF结果显示，灌溉、大气沉降和污泥施用是主要的人为来源，贡献率分别为26.60%、19.56%和2.86%。随后，我们将PC-PMF与人体健康风险评估模型(HHRA)相结合，以获取每个源类别的人体健康风险。自然背景被认为是影响该地区人体健康的主要因素，对非致癌风险和致癌风险的贡献率分别为38.03%和28.68%。结果表明，PC-PMF在土壤重金属源解析方面的表现优于PMF。本研究提供了一个很好的例子，说明如何利用空间变异性来减少源解析的不确定性。
P01557,Remediation of cadmium and lead polluted soil using thiol-modified biochar,利用巯基改性生物炭修复镉和铅污染土壤,通过β-巯基乙醇酯化反应制备了巯基改性稻秸生物炭(RS)，用于修复镉和铅污染的土壤。通过元素分析、BET分析、FE-SEM、FT-IR和XPS对改性生物炭进行了表征。分析结果表明，巯基已成功接枝到生物炭表面并参与了金属离子的络合。批处理吸附实验表明，RS对Cd2+和Pb2+的吸附很好地符合准二级动力学模型和Langmuir等温线。在单金属系统中，Cd2+和Pb2+的最大吸附容量分别为45.1 mg/g和61.4 mg/g。在二元金属系统中，RS选择性吸附Cd2+而非Pb2+。Cd2+和Pb2+主要通过表面络合去除。在土壤培养实验(28天)中，RS将有效Cd降低了34.8-39.2%；同时，RS将有效Pb降低了8.6-11.1%。这项研究证明了RS是修复重金属污染土壤的潜在有效改良剂。
P01558,Quantitative Source Apportionment of Heavy Metal(loid)s in the Agricultural Soils of an Industrializing Region and Associated Model Uncertainty,工业化区域农业土壤中重金属的定量源解析及相关模型不确定性,"重金属是地壳的天然成分，对其在表层土壤中的来源进行分配是一项具有挑战性的任务。本研究评估了正定矩阵因子分解（PMF）模型在邯郸（面积>12,000平方公里）农业土壤重金属定量源解析中的应用，该模型辅助以回归模型和地理空间映射。研究发现表层土壤中As、Cd、Cu、Pb和Zn明显富集，仅Cd就占总潜在生态风险的73%。PMF模型揭示，该地区农业土壤中的Cd（56.9%）和Pb（47.8%）主要来自工业源，Fe（71.8%）、Cr（60.0%）、V（52.9%）、Cu（50.7%）、Ni（42.2%）和Mn（41.4%）主要源自成岩母质，而Co（54.1%）、As（42.9%）和Zn（40.0%）主要来自自然背景、农业源和车辆排放的混合源。不确定性分析显示，PMF模型估算的污染源对土壤重金属的贡献具有相当大的变化。虽然基于空间分布可以用PMF实现土壤重金属的定量源解析，但结合排放清单和反应性迁移可能有助于获得更准确的结果。"
P01565,Assessment of heavy metal(loid)s contamination risk and grain nutritional quality in organic waste-amended soil,有机废物改良土壤中重金属(loid)污染风险及谷物营养品质评估,在中国黄土高原的有机废物改良土壤中，评估重金属污染对人体健康风险的研究尚未广泛开展。鉴于此，我们进行了一项为期3年的田间试验，旨在估算常规化肥(CF)、传统中药渣(TCMR)和羊粪(SM)处理下土壤和玉米的重金属污染状况、玉米籽粒的营养品质以及由此带来的健康风险。我们发现，与SM施用相比，TCMR处理下玉米籽粒中的蛋白质、氨基酸和赖氨酸含量分别增加了12.3%、11.3%和5.88%。同时，该处理降低了土壤和玉米籽粒中Cr、Pb、Cd、As和Hg的水平。所有施肥方案均导致儿童面临更高的健康风险，HI值在1.06至1.52之间，且Cr和As的致癌风险(CR)水平 > 1.0 x 10^-4，在SM处理中尤其高。这表明TCMR比SM更有益。基于荟萃分析和蒙特卡洛模拟对羊粪中毒性金属水平及其应用风险的进一步调查表明，Cd、Hg和Pb是最值得警惕的重金属，且中国西南地区的污染风险更大。
P01567,Factors Influencing Heavy Metal Availability and Risk Assessment of Soils at Typical Metal Mines in Eastern China,中国东部典型金属矿区土壤重金属有效性影响因素及风险评估,采矿活动产生的土壤重金属污染在中国具有严重性和广泛性。本研究在中国东部收集了来自58个金属矿山的420个土壤样品。测定并收集了重金属总量和有效态含量、土壤理化性质及地质指标。进行了风险评估，并进行了连续多元统计分析以深入了解重金属污染特征及其有效性的环境驱动因素。结果表明，虽然不同矿山类型的污染程度不同，但总体上它们在不同区域具有相似的污染特征。在中国南方和东北地区，总量的主要污染物是Cd和As。南方地区Zn和Cd的有效性相对较高。土壤理化性质对重金属有效性有主要影响，其中土壤pH是最重要的因素。在大陆尺度上，土壤pH和EC受当地气候模式影响，进而影响重金属有效性。本研究表明，未来的修复策略应侧重于稳定提高土壤pH，并建立适应性和可持续的生态系统，以维持矿山土壤中较低的金属有效性。
P01751,An integrated approach to quantifying ecological and human health risks from different sources of soil heavy metals,不同来源土壤重金属生态与人体健康风险量化的综合方法,土壤中的重金属（HM）对生态系统和人体健康造成不利影响。量化来自不同源的生态风险和人体健康风险（HHR）可以确定优先源并有助于缓解风险。本研究利用地质统计学和正定矩阵因子分解模型（PMF）识别和量化土壤重金属的来源；并结合潜在生态风险指数（RI）和HHR评估模型与PMF模型，定量计算了林地、建设用地和农用地不同来源的生态风险和HHR。以揭东区为例，定量解析了四个来源：农业实践（23.08%）、工业活动（29.10%）、自然源（22.87%）和交通排放（24.95%）。对于生态风险，工业活动是最大的贡献者，在建设用地、林地和农用地中分别约占49.71%、48.11%和47.15%。对于非致癌风险，林地和农用地的最大来源是农业实践，而建设用地的最大来源是工业活动。关于致癌风险，无论何种土地利用方式，农业实践都是最大来源。此外，儿童的健康风险（包括非致癌和致癌风险）高于成人，且儿童和成人的健康风险趋势相似。这种综合方法对于评估不同土地利用下源自污染源的生态风险和HHR非常有用，从而为减少污染和保护人体健康提供了有价值的建议。
P01753,Spatial Distribution and Source Analysis of Heavy Metals in Soils Influenced by Industrial Enterprise Distribution: Case Study in Jiangsu Province,受工业企业分布影响的土壤重金属空间分布及源分析：以江苏省为例,重金属污染在中国很常见，并受到全球越来越多的关注。本研究调查了中国工业化和城市化对土壤环境质量的影响。采集了江苏省的土壤样品，测量了Cd、Pb、Cr、Cu、Zn、Hg和As的含量，并分析了其空间变异结构、空间分布格局和污染程度。Hg、Cd、Pb、Cr、Cu和As的平均值均高于江苏省的背景值。Cr和As水平代表中度污染，Cu、Zn、Cd和Pb代表轻度污染，Cr和As代表轻微污染，Hg不是污染物。空间分布格局既有地带性又有集中性。重金属的高浓度分布在长江沿线的发达城市和工业园区。土壤重金属污染呈现由南向北递减的趋势，与经济梯度一致。工业化对重金属污染的空间异质性影响最大。Cr、Cu、Zn和As受自然和人为源的双重影响，而Cd和Pb主要受后者影响。Hg主要来源于石化生产等工业活动。工业企业分布与土壤重金属污染之间存在空间一致性，且行业周围土壤中多种元素复合污染的倾向。
P01756,"Tropospheric ozone and cadmium do not have interactive effects on growth, photosynthesis and mineral nutrients of Catalpa ovata seedlings in the urban areas of Northeast China",对流层臭氧与镉对中国东北地区城市灰楸苗木的生长、光合作用及矿物质营养无交互影响,重金属污染和对流层臭氧(O3)污染往往在重工业城市地区共存，对城市植物健康产生不利影响。关于在土壤Cd污染和升高O3暴露组合下，城市树木的生长、生理代谢、镉生物累积和矿物质营养特征知之甚少。在这项研究中，将一年生的行道树灰楸幼苗暴露于镉污染的土壤(0、100、500 mg/kg土壤)中，并置于40 μg/m³ O3(环境空气)和120 μg/m³ O3(升高的O3暴露)条件下处理4周。结果表明，单独添加500 mg/kg土壤Cd降低了灰楸叶片的净光合速率、气孔导度、过氧化物酶活性，并增加了脱落酸含量和氧化损伤。此外，土壤Cd污染降低了叶、茎、根和总生物量，并影响了叶片中Cd、Mg、Fe和Zn的含量(P < 0.01)，但不影响根部Mg、Fe和Zn的含量。O3暴露未影响灰楸的生长、净光合速率、Cd积累和矿物质营养含量。在生长、氧化损伤、光合速率以及植物组织中Cd、Mg、Fe和Zn含量方面，未发现Cd与O3之间存在交互效应(P > 0.05)。研究结果表明，灰楸是中国东北高O3污染的重工业城市地区城市绿化和造林的适宜树种。为了确保重工业地区的造林成功，需要进行长期大规模的研究，以促进对极端
P01759,Impacts of agricultural land use change on soil aggregate stability and physical protection of organic C,农业土地利用变化对土壤团聚体稳定性和有机碳物理保护的影响,土壤团聚体稳定性和土壤有机碳(SOC)物理固存对于调节人为气候变化至关重要。然而，相关的相对认识仍然缺乏。本研究分析了稻麦轮作(RW)、稻菜轮作(RV)和林地(AL)下SOC总储量、团聚体稳定性、物理保护碳的能力、大团聚体结构及铝/铁氧化物。我们选择1-2 mm的大团聚体进行低温灰化(LTA)处理，以模拟自然氧化，从而评估物理保护碳的能力。利用扫描电子显微镜、N吸附法和能谱技术，我们探讨了不同土地利用方式下大团聚体的内部结构。所有土地利用类型均可物理保护超过50%的SOC。AL表现出最强的碳固存能力，其次是RW，它们分别保留了67.1%和59.6%的SOC。经过5小时的LTA处理后，农田(RW和RV)大孔中去除的SOC量高于AL。在进一步氧化的微孔中，AL和RW都仅损失了5%的SOC。铁氧化物与碳动态的相关性高于铝氧化物。游离铁氧化物与易氧化有机质有关。土壤团聚体稳定性与Al/Fe氧化物显著相关(p<0.05)。由于Al/Fe氧化物含量相对较高，RW和AL的土壤团聚体稳定性高于RV。综上所述，RW向RV的转化降低了土壤团聚体的机械稳定性和碳物理固存能力，而RW向AL的转化则提高了这两种
P01764,"Environmental and human health risks from cadmium exposure near an active lead-zinc mine and a copper smelter, China",中国铅锌矿和铜冶炼厂附近镉暴露的环境与人体健康风险,采矿和冶炼作业产生的镉污染引起了日益增长的环境健康问题。本研究在某活性铅锌矿和铜冶炼厂附近采集了土壤、地表水、饮用水、大米、蔬菜以及生物标志物（头发和尿液）样本。旨在确定有色金属采矿和冶炼活动如何影响当地居民的健康。研究发现，大多数土壤和大米样品中的镉浓度超过了中国的国家限值。大米和蔬菜的膳食摄入是当地居民镉暴露的两个主要途径，占每日总摄入量的97%以上。过量的镉日摄入量导致当地居民（特别是生活在矿区周围的儿童）面临潜在的非致癌风险。矿区头发和尿液的平均镉浓度分别为$0.098 \pm 0.10$ mg kg-1和$5.7 \pm 3.1 \mu g L^{-1}$，而冶炼区分别为$0.30 \pm 0.21$ mg kg-1和$5.5 \pm 3.5 \mu g L^{-1}$。头发镉浓度与大米摄入危害商数（HQ）之间显著的正相关关系表明，大米污染对当地居民产生了最关键的不利影响。由于环境镉污染水平较高，冶炼区居民的镉暴露程度远高于矿区居民。结果表明，有色金属采矿和冶炼不应与农业活动共存。应制定并实施有效的污染缓解策略和环境修复措施，以改善当地居民的健康。
P01767,Impact of biochar on greenhouse gas emissions and soil carbon sequestration in corn grown under drip irrigation with mulching,滴灌覆膜条件下生物炭对玉米温室气体排放与土壤固碳的影响,生物炭被广泛用作土壤改良剂，通过抑制温室气体产生和增加农田土壤碳汇来应对气候变化，但在滴灌覆膜条件下的效果尚不明确。本研究在内蒙古进行了为期两年的田间试验，探究了玉米秸秆源生物炭对温室气体（GHG）、土壤有机碳（SOC）和全球增温潜势（GWP）的影响。试验设置了0 (B0)、15 (B15)、30 (B30) 和 45 (B45) t ha-1 四个生物炭施用量水平，将其撒施于地表并在第一个生长季混入30 cm土层中，种植覆膜滴灌玉米。采用密闭静态箱法测量了土壤CO2、N2O和CH4的排放。结果表明，与对照相比，生物炭处理在第一和第二生长季分别使CO2总排放量减少了18~25%和19~41%。第一年CH4排放量最高和最低的分别为B45和B15处理，第二年分别为B45和B30处理。平均两年数据，B15和B30处理较对照分别减少了124%和132%的CH4排放。生物炭使第一年和第二年的总N2O排放量分别减少了71~110%和39~47%。其中，B30处理在两年中均最能限制N2O和CH4的全球增温潜势。B30和B45处理在第一季显著增加了0-15 cm土层的SOC固存量，分别增加19%和37
P01768,"Distribution and mobilization of heavy metals at an acid mine drainage affected region in South China, a post-remediation study",华南酸性矿山排水影响区重金属的分布与迁移：一项修复后研究,大宝山矿区（DMS）是中国南方最大的多金属矿。流经DMS的横石河接收来自尾矿渗滤的酸性矿山废物和处理厂的径流，并汇入翁江。本研究重点关注横石河、地下水、河流沉积物和土壤中As、Cd、Pb和Zn的时空分布和迁移，特别是由于其高毒性且采矿是主要污染源之一，重点关注砷。进行了地球化学分析（重金属、粒度、X射线衍射、有机碳和硫含量），随后进行了地球化学建模（PHREEQC）和统计评估，以确定重金属的物理化学特征、毒性风险和行为。在尾矿库附近，地表水中的重金属浓度是中国农业地表水标准的2-100倍。尽管自废水处理厂启动以来，旱季的水质有所改善，但雨季的重金属浓度仍然很高。地下水中重金属浓度较低，风险很小。沿横石河的土壤受到扰动，没有显示出特定的趋势。沉积物中重金属的潜在生态风险等级为Cd > As > Cu > Pb > Zn，土壤中为Cd > Cu > Pb > As > Zn，表明存在多种金属污染和毒性。在旱季，地表水中As(III)是主要形态，而在雨季，As(V)占主导地位。大多数站点的砷含量超过了中国土壤标准。虽然认为砷在沉积物中具有中等生态风险，在土壤中风险较低，但采矿和土地用途变化等
P01769,"Geochemical behavior and potential health risk of heavy metals in basalt-derived agricultural soil and crops: A case study from Xuyi County, eastern China",玄武岩衍生的农业土壤和作物中重金属的地球化学行为及潜在健康风险：中国东部盱眙县案例研究,玄武岩衍生的农业土壤广泛分布于世界各地，并被广泛用作种植多种作物的介质。玄武岩的风化会将重金属释放到土壤中，并可能通过食物链引起健康风险。然而，在这些农业系统中，重金属的地球化学行为及其对人类健康的潜在风险仍知之甚少。在本研究中，从位于中国东部盱眙县的玄武岩地区采集了玄武岩基岩、配套表土和作物（小麦和水稻）样品。测量了玄武岩-表土-作物系统中重金属的浓度和生物有效性，以确定其在风化和转移过程中的地球化学行为及其对人类健康的潜在风险。结果表明，玄武岩和表土中的Ni、Cr和Zn含量较高。表土和作物籽粒受到Ni的高度污染，且Ni在水稻籽粒中的积累比小麦籽粒更容易。表土中这种高风险金属Ni主要来源于玄武岩基岩，其在表土中的富集与土壤中的Fe氧化物含量显著相关。作物籽粒中Ni的积累主要受土壤pH控制，0.01 M CaCl2提取态Ni是预测作物籽粒中Ni积累的良好指标。风险分析表明，如果居民摄入受重金属污染的水稻籽粒，将面临重大的健康风险。据我们所知，这是第一项调查重金属流动的研究
P01771,A novel extracellular enzyme stoichiometry method to evaluate soil heavy metal contamination: Evidence derived from microbial metabolic limitation,一种评价土壤重金属污染的新型胞外酶化学计量学方法：来自微生物代谢限制的证据,由于重金属在土壤中的持久性和普遍性，其已成为土壤生态系统的重大威胁。土壤微生物代谢在生物地球化学循环和土壤功能中起着至关重要的作用。然而，尽管微生物代谢对重金属污染的响应可能为了解污染条件下土壤生态系统的健康和生态后果提供重要见解，但其机制尚不清楚。本研究利用胞外酶化学计量模型识别了微生物代谢对各种重金属污染物的响应，同时揭示了重金属污染物在土壤生态系统中的潜在影响。结果表明，在中国西北部重金属污染区内，微生物代谢受到土壤碳（C）和磷（P）的限制。重金属胁迫显著增加了微生物的碳限制，同时降低了微生物的磷限制。然而，微生物碳和磷限制对不同重金属（即Cd、Pb、Zn和Cu）的响应是一致的。与其他土壤性质相比，重金属对微生物碳限制的影响最大（即总效应的0.720），重金属浓度最低的土壤显示出最低的微生物碳限制，反之亦然。这些结果表明，微生物代谢限制能够稳健且敏感地反映土壤重金属污染的程度。此外，由重金属污染物引起的微生物碳限制增加，可能会通过促进土壤碳分解以及增加酶产生投资和代谢过程的维持，从而加剧碳的释放。因此，重金属污染对土壤生态系统造成的潜在碳损失可能是广泛且显著的。总的来说，我们的结
P01772,Soil migration of antimony and arsenic facilitated by colloids in lysimeter studies, lysimeter 研究中胶体促进锑和砷在土壤中的迁移,锑和砷在不同土壤中的迁移行为及其影响因素尚未被很好地理解。在本研究中，我们使用 lysimeter 实验调查了来自中国的四种代表性土壤材料中锑与砷的迁移行为。所有的实验过程和管理措施都是为了模拟实际的自然环境条件。结果表明，经过两年的淋溶，土壤表层锑和砷的浓度降低，而深层土壤剖面中的浓度增加。在污染土壤材料中，分别有 28.5%-39.2% 的锑和 0.4%-1.3% 的砷存在于稳定组分中。砷和锑的含量在表层土壤层较高，并随不同土壤剖面的深度降低。在土壤淋出液中，锑主要存在于小于 0.45 μm 的有机胶体中，在春季和夏季达到峰值。相反，砷主要存在于大于 0.45 μm 的无机胶体（如铁和铝氧化物）中。Pearson 相关性结果表明，土壤淋溶液和 0.45 μm 过滤溶液中锑的浓度均与铁和铝呈正相关。结果证实，锑在溶液中与铁和铝结合，而在淋溶过程中砷比锑构成更大的环境风险。这项研究将帮助我们描述和预测土壤环境中的砷和锑污染，为管理受这些污染物污染的土壤提供依据。
P01773,Transfer learning method for plastic pollution evaluation in soil using NIR sensor,利用近红外传感器的土壤塑料污染评价迁移学习方法,塑料碎片在土壤中普遍存在，对环境和生态系统带来严重威胁。广泛调查土壤中的塑料污染水平具有重要意义。本文使用超便携式近红外（NIR）传感器检测土壤中的塑料污染水平。从三个不同地区采集土壤样品，并进行两种程度的人工污染（10-1.5%和0.7-0.15%）。在此，没有为特定土壤区域构建检测模型，而是探索了迁移学习方法以建立能够同时评估不同土壤区域塑料污染水平的分类模型。采用了流形嵌入分布对齐（MEDA）和转移成分分析（TCA）迁移学习算法进行模型构建。校准了支持向量机（SVM）模型用于可迁移性分析和比较。MEDA迁移模型在源土壤区域的平均分类准确率达到97.78%，在目标土壤区域达到79.52%。基于TCA的模型和常规SVM模型的平均准确率彼此相当，且低于MEDA模型。此外，MEDA方法的平均运行时间（0.70秒）远低于基于TCA的方法（21.90秒）和常规SVM模型（41.38秒）。总体而言，结果表明迁移学习方法（特别是MEDA方法）比常规多元分析方法工作更高效。超便携式NIR传感器与MEDA迁移学习算法相结合，为低成本、高效的土壤塑料污染水平现场检测提供了一种有前景的解决方案。
P01775,Health risks of metal(loid)s in maize (Zea mays L.) in an artisanal zinc smelting zone and source fingerprinting by lead isotope,土法炼锌区玉米中金属的健康风险及铅同位素源解析,"工业活动造成的农业土壤金属(类金属)污染已成为一个普遍的环境和食品安全问题。这项研究揭示了中国西南地区受长期历史土法炼锌活动影响的不同居住区玉米和土壤中金属（如铅Pb、锌Zn和镉Cd）的污染、途径和来源贡献。结果表明，土壤受到Pb、Zn和Cd等金属的严重污染，含量分别为40–14,280、150–47,020和1.28–61.7 mg/kg。玉米籽粒中Pb、Cd和Cr的食物摄入危害商数对居民（尤其是儿童）极高。为了追溯金属健康风险的来源，应用了铅同位素指纹分析和二元混合模型。结果表明，人为活动对玉米籽粒中Pb污染的贡献超过80%。研究结果强调了历史土法Pb-Zn冶炼区居民食用玉米的健康风险处于警戒水平。因此，必须采取包括污染源控制和修复措施在内的有效策略，以提高土壤质量并保证历史冶炼区周边的食品安全。"
P01778,Contamination assessment and source apportionment of heavy metals in agricultural soil through the synthesis of PMF and GeogDetector models,结合PMF和GeogDetector模型的农田土壤重金属污染评价及源解析,近几十年来，土壤重金属污染受到全球广泛关注。本研究以杭州为研究区域，提出结合正定矩阵因子分解(PMF)和地理探测器模型对污染源进行定量分析，这是后续土壤污染防治和修复的基础。研究区共采集2150个表层土壤样品。虽然土壤中As、Cd、Cr、Hg和Pb的平均浓度低于中国土壤环境质量标准，但As和Cd的平均含量分别比相应的本地背景值高约1.31倍和1.59倍，表明重金属在表土中富集。农业活动、工业活动和土壤成土母质是土壤重金属污染的主要来源，分别占重金属总积累量的63.4%、19.8%和16.8%。Cr主要来源于成土母质(80.72%)。Cd与农业活动(73.68%，如污水灌溉和施肥)密切相关。汞主要归因于工业活动(92.38%，如煤炭开采和冶炼)。As与农业(57.83%)和自然(35.56%)来源有关，Pb与工业(42.42%)和自然(41.83%)来源有关。这种新综合模型对于估算土壤中重金属的源解析非常有用。
P01779,"Interactions of arsenic, copper, and zinc in soil-plant system: partition, uptake and phytotoxicity",土壤-植物系统中砷、铜和锌的相互作用：分配、吸收及植物毒性,砷、铜和锌是污染土壤中的常见元素，但人们对它们同时存在时对植物的综合效应知之甚少。本研究以小麦为模式生物，系统地研究了As、Cu和Zn的二元及三元混合物在土壤-植物系统中的植物毒性和吸收机制。结合浓度加法(CA)和反应加法(RA)参考模型以及不同的暴露指标（土壤总浓度、土壤溶液中的自由离子活度、植物根内的内部浓度），评估了As-Cu、As-Zn和Cu-Zn二元混合物的相互作用机制。从土壤溶液-固相分配、根吸收和根伸长效应方面估算了土壤中金属的相互作用。通常情况下，另一种金属的存在会抑制一种金属在土壤溶液和固相之间的分配。在吸收方面，根据混合组合和使用的剂量指标，观察到As、Cu和Zn的混合物具有抑制效应或无效应。在毒性方面，根据所选的剂量指标和参考模型，二元混合物表现出简单的（拮抗或协同）或更复杂的（剂量比依赖或剂量水平依赖）相互作用模式。对于三元混合物，无论剂量描述符和参考模型如何，均观察到近乎相加的效应。本研究中观察到的相互作用有助于理解和预测土壤-植物系统中金属混合物的联合毒性。应将混合相互作用和生物有效性纳入监管框架，以准确评估多金属污染场地的风险。
P01875,An increasing Cr recovery from soil with catholyte-enhanced electrokinetic remediation: Effects on voltage redistribution throughout soil sections,阴极液增强电动修复提高土壤中Cr回收率：对土壤截面电压重分布的影响,该研究探讨了电动修复（EK）中不同土壤截面电势梯度的演化对铬迁移差异的影响。研究在恒定电位下使用了四种阴极液进行Cr和电压的重分布实验。结果表明，使用腐殖酸（HA）作为阴极液时，土壤基质中溶解态Cr的总去除率达到51.7%，而使用KCl、柠檬酸（CA）和H2O时分别为40.4%、36.5%和31.9%。辅助阴极液增强了土壤电池上的电压降，从而促进了Cr更快地从土壤中迁移出来。在EK-H2O中，由于极化作用，电压向阴极电极显著偏移（12天内超过17V），这可能成为驱动Cr迁移的限制因素。在EK-CA中，由孔隙水电导率控制的最后两个土壤切片的电压占比很大（4.3-5.2 V，1.08-1.4 V cm-1），这与最高的Cr去除率（64.3-85.6%）相一致。而在EK-HA中，集中在与持水能力相关的第一个和中间土壤切片的电压达到了3.3-5.6 V（0.83-1.40 V cm-1），导致Cr去除率显著增加（49.3-58.7%）。此外，HA可以抑制Ca和 S离子的转化和迁移。此外，更高的Cr迁移电位表明，在EK-HA中电压被有效消耗在Cr的去除上。这表明HA是实现最高Cr回收率和较低能耗
P01876,Rare microbial taxa as the major drivers of ecosystem multifunctionality in long-term fertilized soils,稀有微生物类群是长期施肥土壤生态系统多功能性的主要驱动力,土壤微生物群落在驱动全球生物地球化学循环相关的多种功能（即多功能性）方面发挥着关键作用。长期施肥已被报道会降低土壤微生物多样性，然而，施肥对多功能性的影响及其与土壤微生物多样性的关系仍知之甚少。我们在具有多种无机和有机施肥处理措施的长期实验站利用扩增子测序和高通量定量PCR阵列表征了微生物群落组成和70个功能基因。与无机施肥相比，有机肥的应用提高了土壤多功能性，这与细菌和真菌多样性呈正相关。随机森林回归分析表明，稀有微生物类群（如蓝藻门和球囊霉门）而不是优势类群（如变形菌门和子囊菌门）是多功能性的主要驱动力，这表明稀有类群在生物过程中具有超比例的作用。因此，保护土壤微生物群落特别是稀有微生物类群的多样性，对于未来生态系统功能的可持续提供至关重要。
P01881,Soil phosphorus availability modifies the relationship between AM fungal diversity and mycorrhizal benefits to maize in an agricultural soil,土壤磷有效性改变了农业土壤中AM真菌多样性与菌根对玉米益处之间的关系,丛枝菌根（AM）真菌在许多农业土壤中非常丰富，对于增加和维持农业系统的可持续性很重要。然而，高土壤肥力，特别是高有效磷（P）状态，通常限制集约化农业系统中AM真菌的发展，并导致宿主植物的碳成本超过AM殖民带来的任何好处。一些有前景的方法可以最大限度地减少对土壤生物体的负面影响，同时提供所需的农业效益（例如减少土壤耕作和有机改良剂）。然而，这些农业做法对根部共生益处的影响仍然知之甚少。在这里，我们从具有不同牛粪施用率的长期田间试验中收集了土著AM真菌，并进行了具有不同土壤磷水平的盆栽试验。通过高通量测序，我们表明增加牛粪的施用改变了田间AM真菌的群落组成并降低了群落多样性。在生物测定实验中添加磷产生了菌根生长反应（MGR），菌根磷反应（MPR）从正转变为负，无论接种物的来源如何。在低（不添加磷）和中度（添加20 mg P kg^-1 土壤）磷水平下，根内和根外AM真菌结构的增加增强了玉米的生物量和磷吸收，但在高磷水平（添加250 mg P kg^-1 土壤）下出现了相反的情况。在中等磷水平下，较高群落多样性的处理中MGR更高，但在检查的其他两个磷水平下没有显著相关性。我们得出结论，土壤有
P01892,Soil microplastic pollution in an e-waste dismantling zone of China,中国某电子垃圾拆解区土壤微塑料污染,"微塑料污染普遍存在，已成为一个严重的全球环境问题。近期关于微塑料污染的研究主要集中在水生生态系统，而对陆地环境中微塑料的认识仍然存在空白。在本研究中，我们建立了一种使用FTIR光谱表征复杂土壤基质中微塑料的新方法。在不去除土壤有机质的情况下通过密度分离微塑料，以保护微塑料免受损坏。采用Wizards功能自动、直接、连续地表征微米级塑料。此外，在中国广东省著名的电子垃圾拆解区贵屿，在不同土地利用方式下采集了33个土壤样品。结果显示，30个样品中检出了微塑料，且不同土壤中微塑料的丰度差异显著，范围从0到34,100 n/kg^-1，这表明电子垃圾拆解点已成为微塑料的热点区域。检测到60种微塑料，具有6种不同形状和10种颜色，其中大部分为次生微塑料。它们主要由工程塑料和改性塑料组成，88.61%的尺寸范围小于1毫米，表明贵屿的大部分微塑料源自电子垃圾。微塑料的表面形态显示出老化和降解的迹象，这可能是由于原始的拆解方法和长期暴露在土壤中造成的。微塑料中Pb、Cd、Cr、Ba、Cu、Co、As的平均浓度分别为20.94、0.67、11.82、308.78、4.11、1.26、3.06 lg·g^"
P01924,Microbial Remediation of a Pentachloronitrobenzene-Contaminated Soil Planted with Panaxnotoginseng: a Field Experiment,三七种植土壤中五氯硝基苯污染的微生物修复：田间实验,进行了为期一年的短期田间实验，以探索五氯硝基苯（PCNB）降解细菌分离株Cupriavidus sp. YNS-85在种植三七的PCNB污染土壤修复中的潜在作用。设置了三个处理：（1）不接种YNS-85的对照土壤，（2）含有0.15 kg m-2固体细菌接种剂（A）的土壤，以及（3）含有0.3 kg m-2固体细菌接种剂（B）的土壤。使用气相色谱监测微生物修复过程中土壤PCNB的降解。通过分光光度法测定了包括过氧化氢酶和荧光素二乙酸酯（FDA）酯酶活性在内的土壤酶活性。此外，通过连续稀释平板涂布进行了可培养细菌、真菌和放线菌的计数，并通过BIOLOG分析研究了土壤的微生物生物多样性。经过一年的原位修复，与对照组相比，处理A和处理B中的土壤PCNB浓度分别显著降低了50.3%和74.2%。在细菌分离株存在的情况下，土壤过氧化氢酶活性降低。处理A中的FDA酯酶活性降低，但处理B中的活性增加。对照组和接种分离株组之间，植物生物量、土壤微生物群落多样性或土壤理化性质没有显著变化 (p < 0.05)。结果表明，Cupriavidus sp. YNS-85是利用三七修复PCNB污染土壤的潜在候选
P02050,Novel phosphate-solubilizing bacteria enhance soil phosphorus cycling following ecological restoration of land degraded by mining,新型解磷细菌增强了矿区退化土地生态修复后的土壤磷循环,尽管大量研究旨在增强土壤磷循环，但在陆地生态系统管理和修复过程中，土壤微生物磷循环潜力的变化仍知之甚少。本文使用宏基因组测序分析了中国南方一个缺磷退化矿山修复区（使用两种土壤改良剂和八种植物物种实施生态修复）的18个土壤微生物群落。结果表明，修复区控制土壤微生物磷循环潜力的关键基因的相对丰度高于未修复区，表明修复后土壤磷循环得到了增强。gcd基因（介导无机磷溶解的酶）在所有土壤样本中占主导地位，是生物有效土壤磷的主要决定因素。我们重建了39个含有gcd的近乎完整的细菌基因组，代表了多样化的新型解磷微生物类群。这些基因组的相对丰度与生物有效土壤磷之间存在强相关性，表明它们有助于增强土壤磷循环。此外，在39个基因组的含有gcd的支架中检测到84个移动遗传元件，为噬菌体相关的水平基因转移在协助土壤微生物获取与磷循环相关的新代谢潜力中的作用提供了证据。
P02132,Characterizing pollution and source identifcation of heavy metals in soils using geochemical baseline and PMF approach,利用地球化学基线和PMF方法表征土壤重金属污染及源解析,由于研究区域缺乏区域背景值或其不适用，因此有必要建立局部地球化学基线浓度（GBCs）。建立土壤重金属（HM）的GBCs有助于准确评估污染，从而为污染控制提供依据。基于此，选取中国广东省揭东区作为案例研究进行GBCs研究。本研究利用累积频率分布曲线确定下层土壤的局部GBCs。确定的Cr、Hg、As、Pb、Ni、Cd、Cu、Zn、Co和V的GBCs分别为39.91、0.072、11.48、47.62、12.70、0.17、14.22、64.54、6.31和68.14mg/kg。表层土壤中Hg、As、Pb、Cd、Cu和Zn的平均浓度超过了相应的基线浓度。特别是Cd和Hg的含量分别是GBCs的1.53倍和2.22倍。根据该基线标准，应用富集因子（EF）、污染负荷指数（PLI）和生态风险指数（RI）评估HM污染。EF和PLI表明大部分地区处于中度污染状态，而Hg和Cd污染较为严重。RI值显示研究区域大部分地区的潜在生态风险较低。通过结合正定矩阵因子分解（PMF）、EF和地统计学识别了HMs的可能来源。综合分析表明，Hg和Cd与工业活动有关，如纺织服装加工、塑料橡胶生产和金属制造。As和部分Cu主
P02133,"Soil heavy metal contamination assessment in the Hun-Taizi River watershed, China",中国浑太河流域土壤重金属污染评估,浑太河流域涵盖了辽宁中部城市群的主体部分，该城市群包含六个拥有80年工业历史的城市。在研究区域内不同土地利用地区共采集了272个样品，利用地理信息系统（GIS）、主成分分析（PCA）和典型对应分析（CCA）估算砷、镉、铬、铜、汞、镍、铅和锌的浓度水平、空间分布及潜在来源。仅Cd的浓度超过了国家标准值（GB 15618-2018）。然而，在采样点中，分别有24.54%、71.43%、63.37%、85.71%、70.33%、53.11%和72.16%的样品的As、Cd、Cr、Cu、Hg、Ni、Pb和Zn含量高于当地土壤背景值（本研究中用作标准值）。Cd的最大值（比背景值高16.61倍）和Hg的最大值（比背景值高12.18倍）浓度较高，且Cd在研究区的含量高于中国其他一些流域。由于其浓度和潜在生态风险贡献，Cd是该地区的主要污染物。潜在生态风险指数（RI）计算结果表明，土壤整体重金属污染水平相当高。通过PCA识别出了三组具有相似分布和来源的重金属。CCA结果显示，矿山的分布是影响Ni、As、Zn、Pb和Cd分布的最强因素。然而，Cu受距离最近河流距离的强烈影响。这些发现可以为土壤污染控制和
P02137,"Variation of soil organic carbon and physical properties in relation to land uses in the Yellow River Delta, China",黄河三角洲土地利用与土壤有机碳及物理性质的变化关系,"土壤物理性质和土壤有机碳(SOC)被视为土壤质量的重要因子。在中国黄河三角洲(YRD)盐碱复垦区，耕地、草地和林地并存。这种不同的土地利用方式强烈影响生态系统服务，导致土壤退化和碳流失。本研究旨在评估受土地利用方式影响的土壤质地、团聚体稳定性及土壤碳的变化。针对每种土地利用单元，我们以“S”形剖面在五个重复样点中采集了深度达 50 cm 的土壤样品（0–5, 5–10, 10–20, 20–30 和 30–50 cm）。结果显示，在 0–50 cm 土壤剖面中，草地的整体砂粒含量最低（39.98–59.34%）。草地的>0.25 mm 土壤团聚体含量(R0.25)、平均重量直径和几何平均直径显著高于耕地和林地。在 0–30 cm 土层，耕地的 R0.25 和团聚体稳定性高于林地，但在 20 cm 以下土层则较低，这可能是由于根系分布和农业措施不同所致。碳管理指数(CMI)被认为是土壤质量最有效的指标。耕地整体 SOC 含量和 CMI 在三种土地利用类型中几乎均为最低。结合 SOC、CMI 和土壤物理性质，我们认为与耕地和林地相比，紫花苜蓿草地具有促进土壤质量的优势。"
P02138,Health risk assessment of heavy metal pollution in a soil‑rice system: a case study in the Jin‑Qu Basin of China,土壤-水稻系统中重金属污染的健康风险评价：以中国金衢盆地为例,通过对金衢盆地109组土壤和水稻样品的区域性实地调查，评估了重金属对当地居民的健康风险。研究土壤呈酸性（平均pH 5.5），富含碳（平均土壤有机质33.6 g kg−1），主要受镉污染（42.2%的样本超过0.3 mg kg−1的标准值 (GB15618-2018)）。镉、铅和锌的空间分布表现出相似的地理趋势。34%和30%的水稻样品中镉和铅含量分别超过了0.2 mg kg−1的阈值 (GB2762-2017)。膳食摄入风险估算显示，镉的目标危害商数为0.918，大米消费的危害指数为2.141。总体而言，镉和铅是造成当地居民非致癌性潜在健康风险的主要成分。
P02139,Impacts of parent material on distributions of potentially toxic elements in soils from Pearl River Delta in South China,成土母质对中国南方珠江三角洲土壤中潜在有毒元素分布的影响,评估成土母质对土壤中潜在有毒元素分布的影响，对于解析其来源具有重要意义。本研究调查了中国南方珠江三角洲（PRD）第四纪沉积物和花岗岩体发育土壤中PTEs的地球化学分布及来源。结果表明，这两种母质发育的土壤中氧化物和PTEs的浓度存在系统性差异。母质主要决定了土壤中元素的分布。发育在第四纪沉积物中的深层土壤的PTEs主要源自镁铁质、长英质和碳酸盐源材料以及多金属矿床。对于发育在花岗岩体中的深层土壤，元素组合主要受其地球化学亲和力、行为以及花岗岩体矿物成分的控制。人类活动影响了PRD表层土壤中PTEs的特征。然而，研究发现，叠加的区域性污染并没有掩盖母质对表层土壤中PTEs分布的影响。
P02141,Anthropogenic Pb contribution in soils of Southeast China estimated by Pb isotopic ratios,基于铅同位素比值估算中国东南部土壤中人为来源的铅贡献,
P02209,Divergent responses of soil organic carbon to afforestation,造林对土壤有机碳的响应差异,
P02298,The detoxification mechanisms of lowaccumulating and non-low-accumulating medicinal plants under Cd and Pb stress,低积累和非低积累药用植物在镉和铅胁迫下的解毒机制,
P02306,Application of clay minerals in remediation of heavy metal pollution in soil,粘土矿物在土壤重金属污染修复中的应用,
P02310,Research on heavy metal pollution remediation technology in farmland soil,农田土壤重金属污染修复技术研究,土壤是农业可持续发展的基础。经过近40年的经济快速发展和高度集约化的农业生产，我国农田土壤正面临严重的土壤重金属污染问题。中国农田土壤重金属污染形势不容乐观，对农产品安全生产和食品安全构成威胁。因此，土壤重金属污染的治理和修复受到了广泛关注。根据我国土壤污染的实际情况，土壤重金属污染的预防、控制和修复已成为一项重大国家需求。本文讨论了我国土壤重金属污染控制的现状及主要修复技术。针对各种修复技术的特点和不足，提出了重金属污染土壤修复技术的改进和发展方向，为土壤修复技术研究提供参考。
P02312,Evaluation of Heavy Metal Level in Soil of Typical Alpine Grassland Communities,典型高寒草地群落土壤重金属水平评价,目的：通过对典型高寒草地群落土壤中重金属的调查、测定和分析，分析了玛多县5种不同退化程度的高寒草原、玛曲县2种高寒草原、青海湖沿岸高寒荒漠、黄南地区高山灌木丛、高山湿地、高寒草甸等群落的土壤重金属状况，为典型高寒草地群落的生态保护措施提供科学指导，为高寒草地的可持续利用提供依据。方法：采用ICP-MS测定土壤样品中各种重金属的含量，并利用Excel通过单因子污染指数法、内梅罗综合污染指数法和潜在生态风险指数法分析重金属的污染状况。结果：(1)玛多、玛曲、青海湖和黄南的Cd含量分别为土壤环境背景值的1.74、0.97、1.84和1.06倍，玛曲的Hg含量为土壤环境背景值的1.36倍。玛曲Hg和Pb的变异系数以及青海湖Cd的变异系数均超过100%，处于高度变异程度，受人为影响较大。(2)4个样点中污染总指数最高的是玛多地区，为1.33。其次是黄南样点，指数值为0.86。玛曲样点的内梅罗综合污染指数为0.77。青海湖样点的指数值最低，为0.61。(3)最高的潜在生态危害指数在玛多，在0-10、10-20、20-30cm三层土壤中分别为96.96、103.58、102.46，玛曲在0-10、1
P02649,"Speciation, Transformation, and Accumulation of Manure-derived Cu and Zn in the Soil–Rice System",土壤-水稻系统中粪源铜和锌的形态、转化及累积,在中国，猪粪已成功用作大田作物的有机肥。在本研究中，我们利用水泥池小区试验，探究了不同猪粪（新鲜猪粪 [FM1]、堆肥猪粪 [FM2] 和干发酵床猪粪 [FM3]）来源的 Cu 和 Zn 在土壤-水稻系统中的形态变化和生物有效性。结果表明，施用猪粪后土壤 pH 值和碳含量增加。土壤中的 Cu 和 Zn 含量也显著增加，但保持在安全标准之内（FM3 中的 Cu 含量除外）。随着时间的推移，可交换态和碳酸盐结合态的 Cu 和 Zn 均减少，而铁锰氧化物形态和有机结合态的 Cu 和 Zn 增加并成为土壤中的主要组成部分。猪粪（尤其是 FM2）提高了水稻的生物量和产量。然而，FM3 导致水稻中 Cu 和 Zn 的大量积累。此外，谷粒中的 Cu 含量超过了中国食品卫生标准，但 Zn 含量仍低于安全浓度。综上所述，评估源自猪粪的 Cu 和 Zn 的潜在风险势在必行。虽然 Zn 水平可能会随着连续施用粪肥而达到极限浓度，但 Cu 比锌更容易超过安全标准。
P02654,Toleration and Accumulation of Cotton to Heavy Metal - Potential Use for Phytoremediation,棉花对重金属的耐受与富集——植物修复的潜在应用,重金属污染已成为全球范围内的一个关键问题。采取可持续的方法缓解重金属污染极为重要。植物修复已被证明是一种成本效益高、环境友好且美观的土壤修复替代方案。本文简要阐述了棉花对重金属的耐受性、吸收及其相应机制，并讨论了重金属残留的风险和社会经济效益，以进一步评估棉花种植用于重金属污染土壤植物修复的潜力。棉花植株具有相对较大的生物量和庞大的根系，表现出对重金属优异的耐受性和富集能力。棉花中的重金属残留量较低，特别是在棉花主要产品纤维中，重金属含量微乎其微。简而言之，棉花作为一种纤维作物，可成为重金属污染土壤植物修复的有希望的候选作物，这能最大限度地降低人类食物链污染的风险，并在生态和社会经济方面带来益处。
P02658,Study on Remediation of Cd-Contaminated Soil by Thermally Modified Attapulgite Combined with Ryegrass,热改性凹凸棒石结合黑麦草修复镉污染土壤的研究,本研究通过高温改性制备了热改性凹凸棒石，并利用扫描电镜(SEM)、X射线衍射(XRD)、傅里叶变换红外光谱(FT-IR)和比表面积测试(BET)进行了分析。结果表明，热改性凹凸棒石的晶相结构相比原土未发生变化，但吸附水和沸石水的含量减少，表面晶束结构更明显，比表面积增加。热改性后凹凸棒石对Cd的吸附能力提高，吸附机制主要是通过羟基和硅羟基与Cd的配位作用。在低浓度和高浓度Cd污染土壤中添加不同剂量的热改性凹凸棒石结合黑麦草进行修复，结果显示热改性凹凸棒石可以减少Cd在土层的纵向迁移和地下水污染风险，同时增加黑麦草的生物量并降低其地上部分的Cd浓度。当热改性凹凸棒石添加量为20 g·kg−1时，能显著提高黑麦草在低浓度和高浓度污染土壤中对Cd的总提取量。热改性凹凸棒石结合黑麦草的修复机制主要是提高土壤pH值和热改性凹凸棒石对Cd的表面吸附，从而降低土壤中交换态Cd的含量，提高土壤脲酶和过氧化氢酶的活性及土壤微生物菌群多样性，进而降低黑麦草中的丙二醛(MAD)含量和Cd对黑麦草的胁迫，增加黑麦草生物量。添加热改性凹凸棒石能有效解决黑麦草在高Cd污染土壤中无法正常生长的问题，并通过增加单位面
P02659,Release Characteristics of Manganese in Soil under Ion-absorbed Rare Earth Mining Conditions,离子吸附型稀土开采条件下土壤中锰的释放特征,使用高浓度硫酸铵淋滤剂开采离子吸附型稀土矿会改变土壤环境性质，从而诱导伴生重金属的释放。稀土矿区环境中已观察到严重的锰污染，但原矿土壤中锰的环境化学过程尚未被充分认识。在本研究中，顺序提取实验表明土壤中的锰包括酸可提取态、可还原态、可氧化态和残渣态，其中残渣态和可还原态是主要形态。根据释放动力学实验，锰的释放过程包括快速释放和慢速释放，受多种扩散机制控制，且可用Elovich方程最佳拟合。硫酸铵淋滤剂的处理可以降低可还原态的比例并增加残渣态的比例，但其他形态没有显著变化。此外，批次释放实验表明淋滤因素（淋滤剂的初始浓度和初始pH值，以及温度）会影响锰的释放。较低的pH值和较高的温度不利于锰的稳定性，并显著加剧释放量。过量的初始浓度对释放量有一定的抑制作用，但效果较弱。考虑到初始pH值和温度对锰释放的显著影响，在离子吸附型稀土开采过程中，控制淋滤剂的初始pH值并减少夏季高温时的开采规模是管理锰释放风险的关键措施。
P02745,"Tebeigai Soil Conditioner Can Increase Eggplant Yield, Reduce Heavy Metal Content and Improve Soil Acidification",特贝佳土壤调节剂可提高茄子产量，降低重金属含量并改善土壤酸化,
P02752,Advances in bioremediation of cadmium-contaminated soils,镉污染土壤生物修复的研究进展,
P02756,Research Progress on Farmland Soil Heavy Metal Pollution and Remediation Technologies in the Yangtze River Basin,长江流域农田土壤重金属污染及修复技术研究进展,农田污染直接影响作物的经济效益和粮食安全。近年来，中国农田土壤状况不容乐观，污染物以重金属为主。土壤是生物生存的基本条件，也是污染物最终熔融和解体的场所。中国的土壤污染治理工作迫在眉睫，土壤污染控制形势严峻。在国家倡导的经济转型过程中，应加强污染治理，大力研究推广土壤生态修复技术，从而有效防止土壤污染，满足中国可持续发展的需要。本文研究了长江流域农田土壤重金属污染及修复技术的研究进展，分析了长江流域代表城市农田土壤污染的现状，总结了重金属污染物的主要修复方法，特别是农田土壤中的修复方法。
P02758,"Distributions, Source and Pollution Status of Heavy Metals of Urban Soil in Xining, China",中国西宁市城市土壤中重金属的分布、来源及污染状况,近年来，随着西宁市城市化和工业化的快速发展，表层土壤受到了严重的重金属污染。然而，关于西宁表层土壤重金属污染的详细研究较少。我们从土壤层上部5厘米处采集了40个土壤样品，利用电感耦合等离子体质谱仪（ICP-MS）检测了土壤中Pb、Cu、Zn、Cd、As、Sb、Cr、Ni的浓度，并利用汞检测仪测试了Hg的浓度。与中国其他地区的土壤相比，西宁市城市土壤中的重金属浓度显著较高，Zn、Cd、Sb、Pb和Hg的平均值分别是其对应背景值的9.13、72.96、5.30、6.13和8.23倍。基于相关性分析、主成分分析（PCA）、聚类分析（CA）、空间分布格局分析和重金属比值分析的结果，我们发现Hg、As、Cu、Sb、Pb、Cd和Zn具有相似的模式，其热点区域主要与西宁的三个工业区有关，尤其是位于西宁西南部的甘河工业区，而Cr和Ni主要来源于自然源（西宁周围的黄土）。重金属富集因子（EF）进一步证实了源识别和污染程度。此外，风向分析表明，西南风和西北风将大量污染物从工业区输送到城市区域。本文结果清楚地强调，所有西宁人迫切需要共同控制工业排放/场地，同时修复严重污染的城市土壤。
P02799,A Collaborative Compound Neural Network Model for Soil Heavy Metal Content Prediction,一种协同复合神经网络模型用于土壤重金属含量预测,土壤重金属含量的预测是土壤重金属污染治理的重要组成部分，但往往被忽视。目前，关于土壤重金属含量预测的研究较少，选择一种高效的方法进行土壤重金属含量预测是一个亟待解决的问题。本文提出了一种协同复合神经网络模型（CCNN）来预测土壤重金属含量，该模型以小波神经网络（WNN）为基本预测模型，同时提出了一种并行鸟群算法（PBSA）来解决WNN的参数优化问题。基于鸟群算法（BSA），PBSA不仅增加了个体的聚集行为，而且采用基于适应度差比的正弦变换来进行乞丐的跟随行为，以提高全局优化能力；此外，还采用接受准则来比较更新后个体的适应度，以避免陷入局部最优。利用中国宁夏银川市和武汉六个新城区的土壤重金属含量数据分别进行了预测实验，通过与支持向量机（SVM）、径向基函数神经网络（RBFNN）、WNN和鸟群算法优化小波神经网络（BSA-WNN）进行比较，实验结果表明，CCNN的预测值更接近实际值，具有更好的预测性能。
P02825,Effects of Long-Term Straw Return on Soil Organic Carbon Storage and Sequestration Rate in North China Upland Crops: A Meta-Analysis,长期秸秆还田对中国北方旱地土壤有机碳储量和固碳速率的影响：一项Meta分析,土壤有机碳（SOC）对土壤肥力和气候变化缓解至关重要，通过适当的土壤管理（包括秸秆还田）可以在土壤中固存碳。本研究针对中国北方旱地农田，量化了几种肥料和秸秆还田处理对SOC储量和作物产量的影响。我们的长期田间实验Meta分析显示，秸秆还田引起的SOC储量响应大于单纯施用化肥。秸秆还田处理的年土壤固碳速率与年秸秆碳输入呈显著正相关。
P02829,Dramatic loss of inorganic carbon by nitrogen-induced soil acidification in Chinese croplands,中国农田氮诱导土壤酸化导致无机碳的剧烈流失,全球集约化作物生产系统，特别是中国，严重依赖氮肥施用，但超过50%的氮素残留于环境中。氮肥（过量）施用和大气氮沉降引起土壤酸化，土壤无机碳（SIC；碳酸盐）对酸化进行中和，并向大气释放二氧化碳（CO2）。本研究首次估算了1980年至2020年中国农田氮诱导土壤酸化导致的SIC库损失，并预测至2100年。1980年农田表层40厘米SIC储量为2.16 Pg C（16.3 Mg C ha-1），其中7%（0.15 Pg C；1.1 Mg C ha-1）在1980年至2020年间流失。在这40年中，700万公顷农田变得不含碳酸盐。如果氮肥施用照常（BAU情景），到2100年中国可能进一步损失37%的SIC储量，使3000万公顷农田（37.8%）不含碳酸盐。与BAU情景相比，2020年后氮输入减少15%-30%（情景S1和S2）将使碳酸盐溶解减少18%-41%。如果氮输入保持在2020年水平（S3）或每年减少1%（S4），预计碳酸盐溶解量将比BAU减少52%-67%。土壤中CaCO3的存在对酸缓冲、团聚体形成与稳定、有机质稳定、微生物及酶活性、养分循环与有效性以及水分渗透和植物生产力等多种过程
P02861,Nickel contamination of laterite soil by hydraulic fracturing flowback water: geochemical behaviour and policy implications,水力压裂返排水导致的红壤镍污染：地球化学行为及政策启示,压裂返排水的意外泄漏会导致严重的土壤污染。镍是返排水中常见的重金属成分之一。然而，Ni 在白云石衍生的红壤中的行为和机制尚不清楚。本研究选取了中国寒武纪白云石地层的红壤，利用柱实验和合成返排水研究了Ni的迁移。结果表明，Ni的行为受离子强度和土壤碳酸盐含量的影响。在白云石含量较低的红壤中，随着溶液pH降低和离子强度增加，土壤表面的正电荷增加，氯络合和竞争吸附反应增强，最终促进了Ni的迁移。含3%白云石土壤的回收率从10%增加到61%。在白云石含量较高的红壤中，Ni-Ca碳酸盐复盐和Ni-Al层状双氢氧化物的形成严重抑制了Ni的迁移。最大回收率为13%。一个包含线性平衡、非线性动力学和不可逆动力学机制的多反应和迁移模型有效地描述了两个红壤柱的穿透曲线，并捕捉了溶液组成对Ni迁移的影响。这些结果有助于理解和预测返排水意外泄漏到周围红壤区域后Ni的归趋，并为页岩气开发下的土壤污染管理政策提供参考。
P02942,"Concentrations, Spatial Distributions, and Sources of Heavy Metals in Surface Soils of the Coal Mining City Wuhai, China",中国煤炭城市乌海表层土壤中重金属的浓度、空间分布及来源,研究表明，矿区周围的土壤受到重金属的严重污染。本研究在中国内蒙古的煤炭城市乌海系统地采集了58个表层土壤样品。测定并统计分析样品中As、Hg、Cr、Ni、Cu、Zn、Cd和Pb的浓度。所有重金属的平均浓度均低于《中国土壤质量标准》规定的一级标准值。然而，许多样品中单个重金属的平均浓度超过了其背景值。利用普通克里金插值法分析了重金属的空间分布。利用正定矩阵因子分解模型确定了8种重金属的污染源并归因了各源的贡献。污染最严重的区域是乌海乌达区的五虎山矿点。结果表明，煤炭开采强烈影响了当地土壤的重金属污染。源解析结果表明，工业活动、大气沉降、农业活动和自然来源的贡献率分别为31.3%、26.3%、21.9%和20.5%。这清楚地表明，人为活动对该地区土壤重金属污染的贡献率明显高于自然来源。
P02944,"Health Risk Assessment of Heavy Metals in Soils before Rice Sowing and at Harvesting in Southern Jiangsu Province, China",中国江苏省南部地区水稻播种前及收获期土壤重金属健康风险评估,大米是中国最重要的主食作物之一，容易受到工业发展带来的重金属污染。本研究系统调查了中国江苏南部地区稻田土壤和不同水稻组织中重金属（Cr、Cd、Pb、Zn 和 Cu）和类金属（Hg 和 As）的浓度。采用潜在生态危害指数法和体外模拟试验评估了重金属对当地居民健康的影响。结果显示，在水稻播种前和收获期，Er值的大小顺序为Er(Cd) > Er(Hg) > Er(As) > Er(Pb) > Er(Cu) > Er(Cr) > Er(Zn)。基于潜在生态危害指数，重金属的低风险指数值（分别为91.63和30.29）表明研究区域在这两个阶段处于低风险。根据Tessier五步连续提取法测定，重金属化学形态的比例为：残渣态 > 有机物结合态 > 铁锰氧化物结合态 > 碳酸盐结合态 > 可交换态。累积和转运因子值的顺序为Cd (3.16) > Cu (0.42) > Zn (0.28) > Pb (0.25) > As (0.07) > Cr (0.04) > Cr (0.03)，且部位分布为根 > 茎 > 叶。体外模拟试验表明，研究区成人和儿童通过土壤-口腔途径摄入的Pb和Cd的日摄入量均未超过W
P02954,Soil Microbial Biogeography: Recent Advances in China and Research Frontiers in the World,土壤微生物生物地理学：国内进展与国际前沿,土壤微生物生物地理学是研究土壤中微生物空间分布格局及其随时间变化的一门科学，是土壤微生物学和微生物生态学等领域的研究前沿。近年来，尽管土壤微生物生物地理学研究取得了巨大进展，目前仍面临诸多难题与挑战。本文简要回顾了土壤微生物生物地理学的发展历程，重点介绍近年来我国在森林、草地和农田生态系统中土壤微生物生物地理学研究的主要进展。同时进一步阐述了目前土壤微生物生物地理学研究的国际前沿方向，包括微生物群落空间分布及其驱动机制、群落构建过程与共存网络、微生物地理分布与生态系统功能的关联以及预测微生物群落对全球变化的响应。最后，对土壤微生物生物地理学未来的研究方向进行了展望，强调了清晰的微生物物种定义、微生物群落的时间动态、多组学与合成生物学技术以及高精度的预测模型在土壤微生物生物地理学研究中的重要性。
P02960,Evolution Characteristics of the Conversion Threshold of Different Potassium Forms in Two Typical Paddy Soils,两种典型水稻土在发生过程中不同形态钾转化阈值的演变特征和影响因素,【目的】在过去几十年里，土壤钾研究所受的关注要远低于氮和磷。由于作物需求量大而施用量相对较少，农田钾素流失是一个普遍问题。中国可溶性钾资源相对匮乏，自给率低且高度依赖进口，导致钾肥成本高昂。鉴于钾在作物生产中的重要性以及施用钾肥的成本和环境后果，未来农业生产中值得重视矿物钾。研究发现，水稻土中层状硅酸盐富钾矿物具有独特的释钾机制。然而，目前关于水稻土形成过程中不同形态钾转化阈值的变化及影响因素缺乏系统研究，这大大限制了水稻土钾转化模型的建立与发展。【方法】本研究选取“富钾”的紫色水稻土和“贫钾”的红壤性水稻土，通过时间序列分析，调查其形成过程中不同形态钾转化阈值的演变特征和影响因素，旨在为降低稻田对可溶性钾肥的依赖提供理论支持。【结果】对于“富钾”紫色水稻土，传统稻作在早期（0-20年内）显著降低了耕层水溶态钾和交换性钾的总量（约降低28%）。此后，水溶态钾与交换性钾之间、交换性钾与非交换性钾之间的转化阈值相对稳定，分别稳定在61±4 mg·kg⁻¹和106±9 mg·kg⁻¹之间。对于“贫钾”红壤性水稻土，在种稻早期（0-100年内），水溶态钾和交换性钾的总量也显著降低并达到很低水平
P03000,"Potentially toxic element (PTE) levels in maize, soil, and irrigation water and health risks through maize consumption in northern Ningxia, China",宁夏北部玉米、土壤和灌溉水中潜在有毒元素(PTE)水平及玉米消费的健康风险,背景：工农业活动导致当地环境中潜在有毒元素(PTEs)水平升高。PTEs可通过食物链进入人体，对居民构成严重健康风险。本研究检测了玉米、土壤和灌溉水中的PTE水平，并评估了通过食用玉米带来的健康风险。方法：在中国宁夏北部采集了玉米、土壤和灌溉水样品。应用电感耦合等离子体发射光谱法测定了六种PTEs的含量。使用生物富集因子反映金属从土壤向玉米的转移潜力。通过确定性和概率性评估评估了与玉米消费相关的健康风险。进行了敏感性分析以确定对健康风险结果影响最大的变量。结果：玉米中Pb和Cr的含量超标，而土壤和灌溉水中的PTE含量未超标。玉米中六种PTEs的生物富集因子值均低于1，顺序为Cd > Zn = As > Cr > Cu > Pb。所有居民的危害指数(0.0986)远低于1，表明没有明显的非致癌风险。致癌风险值为3.261x10^-5，低于美国环境保护署(USEPA)建议的1x10^-4的最大可接受水平。女性的风险高于男性，20岁以下年龄组在所有评估组中风险最大。约0.62%的居民超过了非致癌风险水平，而8.23%超过了致癌风险水平。As浓度和玉米日摄入量对非致癌风险结果的贡献分别为35.
P03067,Soil Organic Carbon and Its Influencing Factors,土壤有机碳及其影响因素,文章综述了土壤有机碳的赋存状态及其变化对地球碳汇的影响，重点分析了影响土壤有机碳的气候、土层深度、母质、地形、粘粒含量、时间、植被等因子的作用；提出了增强土壤有机碳库存的措施，主要有保护性耕作、提高土壤微生物的活性、施肥管理、退化土壤修复、灌溉等，预测了未来土壤有机碳研究的主要方向。
P03114,Soil Microbiome and Soil Health,土壤微生物组与土壤健康,"摘要 土壤健康在保障粮食安全和维持陆地生态系统功能方面起到举足轻重的作用, 是农业可持续发展之本. 土壤作为一个动态生命系统, 其健康与土壤微生物组息息相关. 土壤微生物组通过自身代谢参与元素循环和污染物降解等过程, 同时在增强根际免疫, 提高土壤肥力和作物产量方面扮演关键的角色, 对土壤健康乃至人类健康具有重要意义. 由于土壤生态系统的复杂性, 目前对土壤微生物组与土壤健康关系的认知仍比较缺乏, 不利于土壤健康的维持和提升. 因此, 本文围绕元素循环、污染消解和土传病害防控等三大土壤生态功能, 系统梳理了土壤微生物组在维持和提升土壤健康中的重要作用, 归纳了土壤微生物组作为评价土壤健康指标的研究进展, 提出了利用土壤微生物组调控土壤健康的新途径. 本文最后对土壤微生物组与土壤健康研究进行了展望, 以期对维护土壤健康, 改善土壤生态系统功能以及保障粮食安全提供科学依据."
P03193,"Spatial distribution, pollution, and health risk assessment of heavy metal in agricultural surface soil for the Guangzhou-Foshan urban zone, South China",中国广州-佛山都市圈农业表层土壤重金属的空间分布、污染及健康风险评价,在过去的几十年中，农业土壤中的重金属污染及其对人类健康的影响已成为最重要的全球环境问题之一。本研究测量了从广州-佛山都市圈农业区域采集的402个土壤样品中的重金属（Cu、Pb、Zn、Cr、Cd、Ni、As、Hg）浓度。使用地累积指数和潜在生态风险指数评估了土壤重金属污染。采用美国环保局（USEPA）提出的剂量反应模型估算农业土壤中重金属引起的潜在健康风险。结果表明：1）Cd和Hg是研究区农业土壤中的主要重金属污染物。分别有89.1%和93.3%的总土壤样品遭受由Cd和Hg引起的中度至重度潜在生态风险。2）THI和TCR分别大于1.0和1.0×10−4，表明农业土壤中的重金属可能会对研究区的公众构成非致癌和致癌风险，这两种风险主要由农产品摄入引起。非致癌风险主要由Cr和As引起，而致癌风险主要来自Cr、Cd和As。
P03195,"Heavy metal pollution and ecological risk assessment in brownfield soil from Xi’an, China: An integrated analysis of man-land interrelations",中国西安棕地土壤重金属污染及生态风险评价：人地关系的综合分析,城镇化的核心是土地利用变化，导致城市扩张和城市人口爆炸。土地资源短缺和生态环境破坏问题日益突出。土地利用变化和人类活动可直接导致城市土壤污染。本研究分析了西安氯碱化工厂原址（棕地）中Cd、Cr、Cu、Ni、Pb、Zn、Hg和As的浓度。结果显示，研究区内Hg、Pb和Zn的浓度明显高于土壤背景值。通过污染指数（PI）法和地累积指数法，将不同区域（A、B、C、D）的26个样点分为不同的污染等级。CPI结果显示9个样点受到重度污染，占总数的34.6%，其中6个位于A区。12个样点未受污染。单一重金属的平均Igeo值排序为Hg (1.83) > Zn (1.26) > Pb (0.33)。Hg污染相对严重且广泛，特别是在A区，主要由化工厂产生的历史污染造成。各点位Pb污染差异较大，受汽车相关活动影响，样点15和16的Igeo(Pb)均超过4.00。各区域的平均潜在生态风险（PER）排序为A (1428) > B (297) > D (249) > C (163)。生态风险同时由历史上的工业生产和当前的人类活动决定。人与地相互依存、相互作用。理解城市土地利用和生态环境中人地关系的机制，将促进城市
P03196,Contrast in soil microbial metabolic functional diversity to fertilization and crop rotation under rhizosphere and non-rhizosphere in the coal gangue landfill reclamation area of Loess Hills,黄土丘陵区煤矸石充填复垦区根际与非根际土壤微生物代谢功能多样性对施肥和作物轮作的响应对比,在黄土丘陵区的煤矸石充填复垦区，复垦土壤质量极差，微生物活性较弱。本研究对农田复垦后的第四年和第五年进行了研究，对比分析了中国山西省古交屯兰地区大豆（S）和玉米（M）轮作体系中，有机无机配施（OF）、单施无机肥（F）、单施有机肥（O）和对照（CK）处理下，根际（R）和非根际（S）土壤微生物的变化及碳源利用特征。利用Biolog-EcoPlate技术从土壤微生物代谢功能的角度分析了土壤特征变化的机制，为该地区的复垦和生态重建提供了理论依据。大豆和玉米根际微生物的平均颜色变化（AWCD）吸光度和Shannon-Wiener指数值均高于非根际微生物，且施肥处理的平均值高于CK。主成分分析显示，影响大豆根际和非根际土壤群落功能多样性的主要碳源是a-环糊精、a-D-乳糖、ß-甲基D-葡萄糖苷和葡萄糖-1-磷酸及L-苯丙氨酸，而影响玉米根际和非根际土壤群落的主要碳源是D-纤维二糖、葡萄糖-1-磷酸、ß-甲基D-葡萄糖苷、甲基丙酮酸、D-半乳糖酸内酯、D-甘露醇、N-乙酰-D-葡萄糖胺、D-半乳糖醛酸和L-丝氨酸。玉米季非根际土壤碳源的综合利用评分比大豆季有所提高，其中OF处理下的最大增幅为1.09
P03221,Effects of ageing on the surface characteristics and Cu(II) adsorption behaviour of rice husk biochar in soil,老化对土壤中稻壳生物炭表面特征及Cu(II)吸附行为的影响,评估了土壤中稻壳生物炭在老化过程中的性质及其对Cu(II)吸附容量的影响。将稻壳生物炭置于布袋中，埋入装满土壤的塑料培养箱中0-240天。然后对老化后的生物炭进行表征，并在批吸附实验中将其吸附能力与对照组（未老化）生物炭进行比较。基于元素组成、扫描电子显微镜（SEM）耦合能量色散X射线光谱（EDS）、漫反射红外傅里叶变换红外光谱（DRIFTS）和X射线光电子能谱（XPS），分析了老化前后生物炭的结构组成和形态。在老化过程中，生物炭表面的O浓度、原子O/C比以及羧基和羟基官能团增加，共同表明了氧化作用。在生物炭颗粒内部，O/C比向其外表面逐渐增加。此外，老化超过120天促进了Cu(II)的吸附，因为含氧基团能够发展。在土壤中老化240天后，生物炭的最大吸附容量增加了1.24至1.32倍。研究表明，生物炭表面性质在环境暴露期间逐渐改变，老化的稻壳生物炭在Cu(II)吸附方面表现出增强的性能。然而，作为土壤修复剂或调理剂的老化生物炭的性能将受到老化过程和不同土壤组分之间相互作用的影响。因此，需要进一步研究来评估这些复杂的影响。
P03223,"Source apportionment of soil contamination based on multivariate receptor and robust geostatistics in a typical rural–urban area, Wuhan city, middle China",基于多受体模型和稳健地统计学的中国中部武汉市典型城乡结合部土壤污染源解析,"本研究在中国典型的城乡结合地区东西湖区采集了57个表层土壤样品，分析了6种重金属（Ni, Pb, As, Cu, Cd, Hg）的成因和影响。采用富集因子、多元统计和地统计学方法研究了污染的空间格局，并识别了优先关注的污染物、区域及来源。研究根据城市发展和土地利用特征，将研究区域创新性地划分为中心城区、半城市化和农村地区。结果显示，潜在生态风险评价的污染程度为 Hg>Ni>Cu>As>Cd>Pb，且半城市化区域 > 城市中心 > 农村地区。基于提出的综合源识别方法的结果表明，As可能来源于农业源（33.99%），Pb与大气沉降有关（50.11%），Cu与工业源1相关（45.97%），Cd主要来自工业源2（42.97%），Hg主要来自工业源3（56.22%）。城市化过程中的半城市地区污染需要更多关注。"
P03227,Spatial distribution and risk assessment of toxic metals in agricultural soils from endemic nasopharyngeal carcinoma region in South China,华南鼻咽癌高发区农业土壤中有毒金属的空间分布及风险评估,四会市（华南）受鼻咽癌（NPC）影响较大。为了调查土壤中有毒金属与四会鼻咽癌发病率之间的关系，本研究从农田中采集并分析了119个表层土壤样品。龙江（高发区）的土壤砷-铬含量显著低于威正和江林（低发区），而龙江的土壤铅含量显著高于威正。土壤的内梅罗污染指数（PI_N）依次降低：江林 > 威正 > 龙江。镉的富集因子（EF）表明镉的富集是由人类活动造成的。潜在有毒金属相关的生态风险值依次降低：江林 > 威正 > 龙江。龙江的平均危害指数（HI）值低于威正和江林。研究区域的土壤有毒金属对成人没有不良的非致癌健康影响。砷和铬通过摄入和皮肤接触产生的致癌风险以及总致癌风险处于警告范围内（10^-6 到 10^-4）。因此，我们建议土壤中的有毒金属可能不是四会鼻咽癌高发的主要地球化学致癌因素。
P03232,"Human Health Risk Assessment of Organophosphate Esters in Urban Topsoils of Shenyang, China",中国沈阳城市表层土壤中有机磷酸酯的人体健康风险评估,本研究评估了中国沈阳城市表层土壤中有机磷酸酯（OPEs）的人体健康风险。共采集并分析了74个表层土壤样品，浓度范围为0.0387至0.9522 mg/kg。沈阳东部和西部的OPE浓度较高，而北部和南部较低。成人和儿童的致癌风险和非致癌风险均远低于可接受水平。TCEP是最重要的致癌物，而TCPP、EHDPP和TiBP是最重要的非致癌物。
P03233,"Heavy Metals Pollution Characteristics and Health Risk Assessment of Farmland Soils and Agricultural Products in a Mining Area of Henan Province, China",中国河南省某矿区农田土壤及农产品重金属污染特征与健康风险评估,本研究重点关注中国河南省某矿区周围的土壤污染及健康风险。分析了农田土壤和农产品中的重金属含量。结果表明，矿区土壤受到不同程度的重金属污染，农田土壤中重金属的平均浓度超过了河南省的背景值。镉是土壤中的主要污染物。矿区附近农田种植的农产品受到镉和铅的严重污染，并受到铬的轻微污染。此外，基于美国环境保护署（USEPA）健康风险评估模型，评估了当地居民通过食物摄入途径的健康风险。结果表明，当地居民通过食用这些蔬菜摄入镉和铅面临较高的潜在健康风险。无论是成人还是儿童，叶菜类蔬菜在所有农产品中的健康风险最高，表明食用受污染的农产品会带来很高的健康风险。此外，由于儿童对食物摄入中的重金属更为敏感，我们应更加重视对此类地区儿童健康的监测。
P03235,"Heavy Metals in Agricultural Soils from a Typical Mining City in China: Spatial Distribution, Source Apportionment, and Health Risk Assessment",中国典型矿业城市农田土壤中的重金属：空间分布、源解析及健康风险评估,本研究调查了中国阜新农业表层土壤中重金属（As、Cd、Cr、Cu、Hg、Ni、Pb 和 Zn）的空间分布、来源及健康风险。2017年8月从阜新采集了138个表层土壤样品。除 Cu、Hg 和 Pb 外，其他重金属的平均浓度均超过了各自的背景值。Cd 的平均浓度是背景值的9倍。对于大多数重金属，海州和细河地区以及阜蒙县南部的含量显著高于其他地区。地累积指数和潜在生态风险指数的结果表明 Cd 呈现中度污染。海州和细河地区是相当高的风险区域，而其他地区的重金属风险较低。健康风险评估结果显示，重金属引起的非致癌风险很小。Ni、Cr 和 As 引起的致癌风险超过了可接受水平。基于正定矩阵因子分解的源解析结果，农业来源贡献了重金属浓度的一半；工业和交通来源分别贡献了 32.12% 和 14.97%。
P03257,Strategies to manage the risk of heavy metal(loid) contamination in agricultural soils,农田土壤重金属(loid)污染的风险管理策略,
P03267,Combined Pollution and Health Risk Assessment of Heavy Metals in Soil-Crop System in Sewage Irrigation Area,污灌区农田土壤－作物体系重金属复合污染及健康风险评价,
P03318,"Evaluation of Soil Comprehensive Fertility of Jujube Plantation in the Southeastern Margin of the Tarim Basin, Xinjiang",新疆塔里木盆地东南缘红枣种植园土壤肥力评价,【目的】为探究新疆塔里木盆地东南缘红枣种植园土壤肥力情况及主控因素。【方法】采集表层土壤样品66组，测定土壤 pH值、阳离子交换量 (CEC)、有机质、全氮、全磷、全钾等指标，做相关分析，依据全国第二次土壤普查及专家经验，利用改进内梅罗综合指数法对研究区土壤肥力进行评价。【结果】研究区土壤均为强碱性土壤，土壤 CEC 处于较低水平，土壤有机质和全氮含量属于中下水平，土壤全磷和全钾含量较为适宜；研究区总体土壤 pH值呈弱变异性，总体土壤有机质、CEC、全氮、全磷和全钾为中等变异，其中土壤 CEC、全氮和全磷受外界影响比较相似；土壤 pH值与全磷成显著负相关，有机质、CEC与全氮的含量呈极显著正相关，有机质和 CEC也成极显著正相关；根据土壤综合肥力评价，研究区土壤肥力主要以Ⅲ级为主，评价未得到土壤 pH值、有机质、CEC和全氮的分肥力系数 (F)达到肥沃水平，其中全氮分肥力系数 (F)均为最小。【结论】依据改进内梅罗综合肥力评价结果得出塔里木盆地东南缘红枣种植园土壤综合肥力为中等水平，确定全氮是限制土壤综合肥力的主要因子，依据此结果选择合适的肥料、采取适宜的土壤养分管理，以提升土壤养分含
P03381,Trade-off between stochastic and deterministic processes shifts from soil to leaf microbiome of tea plant,随机过程与确定性过程在茶树土壤到叶际微生物组中的权衡转变,背景：植物微生物组被认为在促进植物健康和生产方面发挥重要作用。然而，尽管对各个部位的微生物组进行了广泛研究，但植物地上和地下部分之间的关联仍不清楚。茶因其风味和与次生代谢物相关的健康益处而成为全球流行的饮料；茶树（Camellia sinensis）的微生物组在这些次生代谢物的生产中起着重要作用。在此，我们研究了跨越2000多公里的茶园中收集的茶树的大土壤和根际土壤、根和叶的微生物组，以调查各部位微生物组的关联和驱动机制。结果：茶树微生物组在不同部位之间存在差异，α多样性从土壤到根和叶逐渐降低。核心叶际微生物组包括芽孢杆菌、鞘氨醇杆菌和α-变形菌，我们推测它们可能是从土壤向叶向上迁移的。微生物群落组装过程在大土壤和根际土壤中由确定性过程主导；而在根和叶中，这些组装过程由随机过程主导。老叶中的扩散限制比其他部位更强。氨基酸也是环境选择的关键驱动因素。茶树根和叶中的微生物组具有比大土壤和根际土壤更低的微生物关联强度和更多的负相关，表明微生物相互作用的贡献在不同部位存在差异。结论：总之，在茶树从土壤到叶的微生物组组装中，随机过程和确定性过程之间存在权衡。这些结果为理解茶树各部位微生物组的关联
P03805,Characterization of Acetamiprid Biodegradation by the Microbial Consortium ACE-3 Enriched From Contaminated Soil,受污染土壤富集的微生物菌群ACE-3对啶虫脒生物降解的表征,
P03810,Effects of plant and soil characteristics on phyllosphere and rhizosphere fungal communities during plant development in a copper tailings dam,铜尾矿库植物发育过程中植物和土壤特征对叶际和根际真菌群落的影响,植物与微生物之间的相互作用会影响生态系统功能，许多研究表明植物特性影响互利共生微生物。本研究利用高通量测序技术调查了不同植物发育阶段根际和叶际真菌群落。结果表明，在整个发育阶段，叶际和根际真菌群落结构是不同的，它们分别受植物碳和土壤硫的调节。相比之下，根系特性对叶际真菌多样性的影响大于土壤特性。此外，白羊草的根际真菌网络比叶际真菌网络更复杂。本研究表明，植物和土壤性状对叶际和根际真菌群落的影响可能很显著，这取决于适用的环境条件和植物发育阶段。虽然叶际和根际群落之间的联系已经建立，但在植物修复过程中需要对功能真菌群类进行进一步研究。本研究全面分析了污染环境中不同植物发育阶段叶际和根际真菌群落之间的动态关系。这些真菌群落被确定有助于不同发育阶段有益微生物群落的开发和利用，这可以更有效地帮助稳定和回收受污染的铜尾矿土壤。
P03859,Soil Quality Characteristics as Affected by Continuous Rice Cultivation and Changes in Cropping Systems in South China,华南地区连续水稻种植及耕作制度变化对土壤质量特征的影响,本研究旨在阐明1980年至2017年间，华南地区土壤质量关键指标的变化如何与连续水稻种植、耕作制度变化及施肥方式相关联。研究测定了2017年采集的土样pH值、土壤有机质（SOM）、全氮（TN）、有效磷（AP）和速效钾（AK），并将其与1980年采集的配对土样结果进行了比较，所有样本分为四种耕作制度：连续水田、由旱地新开发的水田、连续旱地以及由水稻土新开发的旱地。结果显示，所有耕作制度下的土壤pH、AP和AK均显著增加，然而伴随着较低的肥料利用率。此外，新水田的SOM显著增加，而连续水田的SOM积累很少，且TN与SOM的相关性显著减弱。低肥料利用率和退化的土壤固碳功能均表明连续水田处于亚健康状态。耕作制度和施肥的变化（主要由经济快速增长引起）应对碳氮动态变化及其对土壤质量的影响负责。建议开展更多关于平衡施肥与当地常用施肥对比的实验研究，以探讨水稻土碳氮动态的潜在机制。
P03877,Changes in Soil Physicochemical Properties and Maize Production Following Improvement of Salt-Affected Soils Using Coal Bio-Briquette Ash in Northeast China,中国东北利用煤生物型煤灰改良盐碱土壤后土壤理化性质及玉米生产的变化,由于盐碱化导致的土壤退化是农业生产最重要的障碍之一。由煤、生物质和脱硫剂制成的煤生物型煤（CBB）已被提议用于中国的脱硫以及煤和生物质可持续能源的利用。CBB灰含有硫酸钙、碳酸钙和粉煤灰等钙化合物。本研究在中国东北调查了使用由两种低品质煤和/或有机肥（OM）制成的CBB灰改良盐碱土壤的潜力。CBB灰的施用量分别为0公斤/平方米（对照），1.16公斤/平方米，2.32公斤/平方米，4.64公斤/平方米和6.96公斤/平方米。在施用CBB灰和/或联合施用有机肥后，与对照地块相比，玉米产量显著增加。此外，与仅施用CBB灰相比，联合施用有机肥导致玉米产量更高。从实验开始到收获时间，土壤pH值、钠吸附比（SAR）、交换性钠百分比（ESP）以及Na+、HCO3−和CO32−浓度降低，而Ca2+、Mg2+和SO42−浓度增加。玉米产量显示出随着CBB灰/OM施用量的增加而增加的趋势。随着时间的推移，施用地块中pH、ESP和HCO3−的降低以及Ca2+的增加尤为显著。此外，在轻微和中度盐碱土壤中，施用CBB灰后的饱和导水率（Ks）随着施用量的增加而增加。在最高施用量（6.96公斤/平方米）的情况下，使
P03878,"Effective Amendments on Cadmium, Arsenic, Chromium and Lead Contaminated Paddy Soil for Rice Safety",针对水稻安全生产的镉、砷、铬和铅污染水稻土的有效改良剂研究,重金属和类金属对水稻土的污染通过食物链对人类健康构成风险。为了在污染的水稻土中实现安全生产，研究了通过降低污染土壤中重金属有效性的原位修复方法，以开发针对复合重金属污染土壤的成本效益高且环保的方法。本研究通过盆栽试验和化学分析，调查了不同土壤改良剂的有效性，包括含硫材料（毛发或半胱氨酸）、作为拮抗剂和氧化剂的锰化合物、作为吸附剂的沸石和氧化铁，以及通过涂层或改性的组合。结果表明，改性毛发涂层氧化铁处理（X2）显著降低了土壤中砷、镉、铬和铅的生物有效性，其次是高锰酸钾涂层沸石处理（X2）。此外，在经氧化铁涂层改性毛发和高锰酸钾涂层沸石处理的花盆中，观察到最大的地上部生物量和叶面积。研究结果表明，利用改性毛发与氧化铁以及高锰酸钾涂层沸石作为土壤改良剂，具有开发针对砷、镉、铅和铬污染水稻土的成本效益高且高效的原位修复技术的潜力。
P03984,Short- and Long-Term Biochar Cadmium and Lead Immobilization Mechanisms,生物炭固定镉和铅的短期和长期机制,研究了在污染的稻田土壤中施用生物炭（BC，0 至 40 t ha-1，分别于 2009 年 [长期] 或 2016 年 [短期] 施用）后土壤镉 和铅 的变化和分布机制，以及随后的植物镉和铅组织分布随时间的变化。与对照组相比，施用生物炭使水溶性镉和铅的浓度降低了 6.7–76.0%（短期）和 10.3–88.1%（长期）。短期和长期生物炭改良降低了土壤交换态金属组分（即认为较易利用的），并增加了残留态金属组分（即认为较难利用的），后者可能是生物炭提高 pH 值并迫使镉和铅形成晶格关联的函数。生物炭施用减少了镉 (16.1–84.1%) 和铅 (4.1–40.0%) 从根到稻谷的转移，稻米镉和铅浓度降至接近中国国家食品安全标准。同时，随着生物炭施用率的增加，土壤有机质、pH 值和土壤含水量分别增加了 3.9–49.3%、0.05–0.35 个 pH 单位和 3.8–77.4%。施用生物炭后，土壤微生物多样性（香农指数）也增加了 0.8–46.2%，土壤酶活性得到增强。生物炭似乎在迫使镉和铅在污染的稻田土壤中隔离，减少重金属向稻谷的转移方面起着关键作用，并可能潜在地导致人类减少重金属的摄入
P03986,Effects of Elevated CO2 Concentration and Nitrogen Addition on Soil Respiration in a Cd-Contaminated Experimental Forest Microcosm,Cd污染森林微宇宙中CO2浓度升高和氮添加对土壤呼吸的影响,快速工业化和城市化地区附近的森林经常暴露于高CO2浓度、氮沉降增加和重金属污染中。迄今为止，在重金属污染下，CO2升高和/或氮沉降增加对土壤呼吸的影响尚不清楚。本研究首次在中国亚热带Cd污染森林模型中调查了CO2富集和氮添加对Rs的影响。结果显示，所有处理的Rs均表现出相似的明显季节性模式，土壤温度是主要控制因素。与对照组相比，Cd添加使累积土壤CO2通量显著降低了19%。N添加加剧了Cd添加对Rs的抑制作用（降低34%），而CO2升高部分抵消了这种作用（降低15%），且N添加与CO2升高联合处理对Rs无显著改变。土壤pH、微生物生物量碳、碳降解水解酶和细根生物量也受到各处理的显著改变。结构方程模型表明，Rs对Cd胁迫、CO2升高和N添加的响应主要通过土壤碳降解水解酶和细根生物量介导。总之，我们的研究结果表明，在CO2水平不断升高的情况下，氮沉降可能会加剧Cd对Cd污染森林Rs的负面影响，并有利于未来土壤碳的固存。
P04145,Effects of Biochar Application on Soil Organic Carbon Composition and Enzyme Activity in Paddy Soil under Water-Saving Irrigation,Effects of Biochar Application on Soil Organic Carbon Composition and Enzyme Activity in Paddy Soil under Water-Saving Irrigation,节水灌溉技术可在显著减少灌溉用水投入的同时维持高产；然而，该技术也可能加速稻田土壤有机质的分解。基于中国太湖地区的田间试验，分析了不同水碳调控情景下土壤有机碳(SOC)、水溶性有机碳(WSOC)和土壤微生物量碳(SMBC)的时空分布特征，以探究生物炭施用对节水灌溉稻田SOC及其组分的影响。明确了土壤过氧化氢酶(CAT)和转化酶(INV)对节水灌溉稻田中施用生物炭的响应。结果表明，与淹水灌溉相比，节水灌溉使SOC含量降低了5.7%至13.3%，但使WSOC和SMBC含量分别增加了13.8%至26.1%和0.9%至11.1%。非淹水管理促进了土壤有机质的氧化分解。秸秆生物炭施用两年后，节水灌溉条件下稻田土壤SOC含量增加了4.0%至26.7%。WSOC和SMBC含量也分别增加了4.0%至52.4%和7.0%至40.8%。高秸秆生物炭施用量对SOC影响显著。SOC、WSOC和SMBC之间存在显著相关性，表明秸秆生物炭的施用改善了WSOC和SMBC等土壤活性碳，从而促进了节水灌溉稻田土壤SOC的转化与稳定。土壤CAT和INV与SOC转化相关。综上所述，节水灌溉与秸秆生物炭施用相结合有利于改善稻
P04147,"Pollution Characteristics of Microplastics in Soils in Southeastern Suburbs of Baoding City, China",中国保定市东南郊土壤中微塑料的污染特征,微塑料是一种存在于不同环境介质中的新型污染物。由于其范围广且潜在环境危害大，近年来引起了广泛关注。目前，微塑料的研究主要集中在水生生态系统，对土壤生态系统的影响研究较少。本研究采集了保定市东南郊的12个典型土壤样品，利用飞行时间二次离子质谱（TOF-SIMS）结合高质量分辨率模式和正负离子成像模式进行了调查和表征。快速识别出了四种类型的微塑料：聚丙烯（PP）、聚氯乙烯（PVC）、聚对苯二甲酸乙二醇酯（PET）和聚酰胺6（PA6），其中PET和PA6占比最大，均高达30.2%；获得的微塑料粒径范围为0至35 µm，其中小于10 µm的微塑料占比超过26.3%，而20–25 µm和25–35 µm的微塑料占比相对较小（分别为17.83%和9.3%）。土壤中微塑料的风险评估结果表明，有色金属工业园区和小作坊集中区的微塑料风险水平相对较高，应引起重视。此外，该研究为陆域土壤、海滩和沉积物中微塑料的调查和风险评估提供了参考方法。
P04149,"Distribution of Potential Harmful Trace Elements and Potential Ecological Risk in the Jiulongchi Wetland of Fanjing Mountain, Southwest China",中国西南梵净山九龙池湿地潜在有害微量元素分布及潜在生态风险,"为了解梵净山世界自然遗产地高海拔地区潜在有害微量元素(PHTEs)的分布及生态风险，于2019年4月在位于梵净山新金顶与凤凰峰之间鞍部的九龙池湿地采集了包括土壤和植物在内的30个地表样品。测定了23种主量和微量元素的含量，并讨论了11种PHTEs（Mn, V, Zn, Cr, Co, Ni, Cu, As, Cd, Sb 和 Pb）的污染特征和潜在生态风险。元素含量在植物和土壤样品中显示出显著差异。富集因子和单因子污染指数表明，土壤中的Mn, Zn, Co, As和Cd处于清洁状态。潜在生态风险指数和污染负荷指数表明九龙池湿地整体生态状况良好，污染程度较弱。相关研究的对比表明，人类活动对梵净山PHTEs的污染状况有相当大的影响，且具有显著的空间差异。多元统计分析证明，Pb和Sb是九龙池湿地土壤的主要污染物，相邻地区汞、锰和铅锌矿等矿产的开采和冶炼可能是通过大气沉降造成污染的主要来源。这项研究可为该地的环境保护和管理提供针对性策略，并为中国的污染防控提供科学依据。"
P04153,Spatiotemporal Variation and Pollution Assessment of Pb/Zn from Smelting Activities in China,中国铅锌冶炼活动的时空变化与污染评价,有色金属冶炼是土壤重金属的重要来源，会导致不同程度的土壤污染，尤其是在铅锌冶炼区。本研究基于2000年至2015年间中国31个省份铅锌矿物冶炼过程中的铅锌环境释放数据，分析了国家尺度上铅锌环境释放的时空变化，并根据铅锌冶炼区土壤重金属含量评估了土壤污染程度和潜在生态风险。结果显示，2000年至2015年间，铅释放呈现离散趋势，由中东向西部转移，释放量较高的省份为河南、云南和湖南。然而，锌释放呈现空间聚集趋势，释放中心呈现由南向北的转移趋势；此外，湖南省的锌释放量最高。污染指数分析表明，株洲和葫芦岛的Cd、Pb、Cu和Zn均达到极重度污染水平，而潼关处于安全水平。在个旧、勉县、凤县、株洲、葫芦岛和韶关，存在极高的潜在生态风险，其中Cd在大多数冶炼区的潜在生态风险最高，其次是Pb。
P04154,Effect of Metal Oxide Nanoparticles on the Chemical Speciation of Heavy Metals and Micronutrient Bioavailability in Paddy Soil,金属氧化物纳米颗粒对水稻土重金属化学形态及微量元素生物有效性的影响,"工程纳米颗粒对重金属在农田土壤中的环境归趋和生物毒性的影响尚不明确。本研究通过干湿交替模拟实验，探讨了三种典型金属氧化物纳米颗粒（TiO2-NPs, ZnO-NPs和CuO-NPs）对水稻土中重金属化学形态和微量元素生物有效性的影响。结果显示，在90天的干湿交替处理后，添加ZnO-NPs和CuO-NPs导致土壤pH、Eh和EC显著升高。ZnO-NPs和CuO-NPs的添加使Zn和Cu在酸溶态、铁锰氧化物结合态及有机结合态中的含量明显增加，从而提高了其在土壤中的生物有效性。在最高纳米颗粒浓度处理（500 mg kg−1）中，DTPA提取态Zn和Cu含量分别增加至184.6 mg kg−1和145.3 mg kg−1。TiO2-NPs促进了Mn从铁锰氧化物结合态向酸溶态的转化。TiO2-NPs处理明显降低了土壤Cd的生物有效性，而ZnO-NPs和CuO-NPs处理则使其增加。"
P04157,Analysis of Heavy Metal Contamination of Agricultural Soils and Related Effect on Population Health—A Case Study for East River Basin in China,农业土壤重金属污染分析及其对人群健康的影响——中国东江流域案例研究,"为了解东江流域农业土壤重金属污染状况并评估其对当地居民的健康影响，本研究通过访谈和档案数据确定了受尾矿污染的研究区域。采集土壤样品检测重金属含量及综合污染指数（CPI），并利用基于GIS的空间分布图评估该区域农业土壤的污染程度及土壤重金属风险趋势。研究选取了东江附近的两个村庄（马田和朱堆）进行健康影响评估，共有193名15岁及以上居民接受了慢性病现状检查。同时采用方便抽样法采集了78名居民的血液样本以检测重金属浓度。结果显示，农业土壤中Pb、Cd、As、Zn和Cu的含量均超标，表现为中度至重度综合污染指数。其中Cd含量最高，其次是Pb，Cu最低。靠近河流的土壤中Pb、Cd、As和Zn含量较高。当地居民慢性病患病率超过30%，显著高于国家中部地区的报告数据（23.15%）。14岁以下儿童的平均血铅水平（BLL）为7.42 μg/dL。尽管马田村成年人的BLL显著高于朱堆村（χ2 = 8.70, p = 0.03），但两个村庄的慢性病患病率无显著差异（χ2 = 3.23, p = 0.09）。研究中儿童的平均BLL和BLL ≥ 10 μg/dL的比例相当于全国平均水平。成年人较高的BLL浓"
P04158,Cataloging of Cd Allocation in Late Rice Cultivars Grown in Polluted Gleysol: Implications for Selection of Cultivars with Minimal Risk to Human Health,污染水稻土中晚稻品种镉分配的编目：筛选对人体健康风险最小品种的启示,镉是一种有毒的微量金属，已污染了中国20%的农田，其浓度超过了中国农田的标准。植物能够积累镉和其他微量金属，但这种能力因物种和品种而异。水稻是占全球人口一半的主食。为了筛选适合在轻度污染土壤中种植的安全晚稻品种，进行了一项为期两年的田间试验，第一年有27个品种，第二年有9个晚稻品种。结果显示，植物镉浓度在品种之间存在差异，秸秆和籽粒中的变异幅度较大。LR-12、LR-17、LR-24、LR-25和LR-26这五个基因型在第一年被鉴定为低积累品种，而根据精米中的镉浓度（<0.02 mg kg-1 DW），LR-15和LR-17被鉴定为有希望的品种。此外，这些品种具有矿物质营养和谷物产量等有利性状。因此，应考虑在轻度或中度镉污染的土壤中种植这些基因型。
P04163,Influence of Mining and Vegetation Restoration on Soil Properties in the Eastern Margin of the Qinghai-Tibet Plateau,青藏高原东部边缘采矿与植被恢复对土壤性质的影响,"采矿造成地表形态和土壤结构的严重破坏，而矿区土地的植被恢复为水土保持提供了有效途径。为了确定采矿和植被恢复对青藏高原东部边缘土壤性质的影响，选取了四个样地，包括两个植被恢复样地（分别由垂穗披碱草和青海云杉恢复）、一个无植被矿场和一个原生草地样地。从这四个样地采集了52份表层土壤（0–10 cm）样品，分析了土壤性质、微量金属和土壤酶活性。结果显示，采矿后土壤pH值升高（>8.0），而与原生草地相比，植被恢复降低了土壤pH值；与青海云杉恢复样地相比，垂穗披碱草恢复样地的土壤有机质和全氮含量分别增加了48.8%和25.17%。采矿后土壤酶活性下降，恢复五年后脲酶、磷酸酶、β-葡萄糖苷酶和β-1,4-N-乙酰氨基葡萄糖苷酶活性均无显著增加。此外，采矿后土壤微量金属（镉、铬、汞、铅和锌）的含量低于中国阈值（GB 15618/2018），但无植被土壤和青海云杉恢复土壤中砷的含量分别超过阈值22.61倍和22.86倍。因此，应准确确定并及时处理砷污染土地区域以防止砷扩散，并应选择耐受碱性土壤的植物物种用于矿区废弃地的植被恢复。"
P04166,Risk Assessment and Source Apportionment of Soil Heavy Metals under Different Land Use in a Typical Estuary Alluvial Island,典型河口冲积岛不同土地利用方式下土壤重金属的风险评价与源解析,了解土壤重金属的环境风险并确定其主要来源是土壤污染防治和管理的前提。本研究基于对河口冲积岛不同土地利用类型（包括农业用地、建设用地、湿地和林地）中土壤重金属（Cu、Cr、Ni、Zn、Pb、Cd、As 和 Hg）的详细调查，研究了土壤重金属的环境风险和源解析。共在研究区采集了 117 个土壤样品，使用地累积指数、潜在生态风险指数（RI）和人体健康风险评估（HRA）评估土壤重金属的环境风险，并使用正定矩阵因子分解（PMF）模型识别其主要来源。除了 As 之外，土壤重金属的平均浓度均超过了中国的背景参考值。除了建设用地中的 Hg 浓度显著高于其他用地类型外，不同土地利用类型中重金属的平均浓度没有显著差异。地累积指数结果显示，Cd 污染处于无污染至中度污染水平，其他元素处于无污染水平。Cd 和 Hg 的潜在生态风险等级为“中等潜在风险”，而 Cu、Cr、Ni、Zn、Pb 和 As 为“低潜在风险”。较高污染分布在西部中心区域。HRA 结果表明，不同利用方式下人类遭受的重金属非致癌风险和致癌风险均不显著。为了更准确地识别土壤重金属的来源，应用了 PMF 模型结合 GIS 空间分析。结果表明，农业
P04168,The Availability and Accumulation of Heavy Metals in Greenhouse Soils Associated with Intensive Fertilizer Application,集约化施肥条件下温室土壤中重金属的有效性与积累,近几十年来，提供丰富蔬菜产品的中国温室农业发展迅速。温室土壤及产品中重金属的积累日益受到关注。因此，本研究分析了镉、铜、镍、铅和锌的生物有效性与积累及其与土壤pH、有机质、无机氮、全氮、有效磷和种植年限的关系。结果显示，有效Cd、Cu、Ni、Pb和Zn的平均浓度分别为17.25 µg/kg、2.89 mg/kg、0.18 mg/kg、0.36 mg/kg和5.33 mg/kg。Cd、Cu和Zn可能主要来源于肥料施用。较低的土壤pH显著增加了有效Cu、Ni和Zn的浓度，并降低了Cd、Cu、Ni和Zn的积累。较高的AP显著增加了有效Cu、Ni和Zn的比例，并提高了Cd、Cu和Zn的积累。Cd、Pb和Zn的有效性与TN呈强正相关，而IN与Cu和Zn的有效性和积累呈负相关。结论是，化肥施用增加了Cu、Ni、Pb和Zn的有效性以及Cd、Cu和Zn的积累。有机肥施用明显提高了温室土壤中Cd和Zn的积累和有效性。
P04169,Ecological Effects of Heavy Metal Pollution on Soil Microbial Community Structure and Diversity on Both Sides of a River around a Mining Area,矿区河流两侧土壤重金属污染对土壤微生物群落结构和多样性的生态影响,本研究旨在了解采矿活动对顺安河两岸重金属污染的特征，以及土壤微生物对不同污染水平和植被生境的响应。本文选取了安徽省铜陵市狮子山矿区附近的顺安河沿岸土壤样品。利用Illumina MiSeq 2500技术，我们分析了环境因素与微生物群落之间的关系。随着距矿区距离的增加，重金属综合污染和潜在风险值降低。此外，位于矿区左侧的左岸污染严重程度和风险值通常高于右岸。由于河流两岸对称采样点的种植类型相似，其环境因素和微生物群落结构相似且聚集。然而，在不同的植被下，稻田土壤往往比菜地或废弃地具有更高的养分含量和群落丰富度及多样性。研究发现，该地区的土壤微生物群落主要受pH值和内梅罗污染指数(PN)的影响。pH值显著影响大多数微生物的丰度和结构。此外，变形菌门、酸杆菌门和拟杆菌门对Zn、Pb和Cd具有显著的耐受性。通过探索这些耐受性微生物的潜在用途，我们旨在为重金属污染地区的生物修复提供菌株和理论依据。
P04170,"Soil from an Abandoned Manganese Mining Area (Hunan, China): Significance of Health Risk from Potentially Toxic Element Pollution and Its Spatial Context",湖南某废弃锰矿区土壤：潜在毒性元素污染的健康风险及其空间背景意义,本研究评估了中国湖南省湘潭市某废弃锰矿区表层土壤中潜在毒性元素（即Mn、Pb、Cu、Zn、Cr、Cd和Ni）污染对居民健康的显著性和潜在影响。通过一系列方案对风险进行了顺序评估，包括：地质累积指数、污染负荷指数（PLI）、潜在生态风险指数（RI），以及通过危害商（HQ）、危害指数（HI）和致癌风险（CR）评估外部暴露对人体健康的影响。结果显示，Mn和Cd是土壤样品中的主要污染物。生态风险评估确定存在中等风险，主要源于Cd（占82.91%）。健康风险评估结果显示，总体而言该区域的非致癌风险微不足道，致癌风险处于可接受水平。然而，由于局部空间波动，部分地点对儿童存在非致癌风险。经口摄入土壤途径是非致癌和致癌风险的主要暴露途径，其中Mn是非致癌风险的主要贡献者，Cr和Cd是致癌风险的主要贡献者。此外，通过皮尔逊相关系数和主成分分析（PCA）确定了三种污染源：a. 采矿活动及相关交通运输排放；b. 自然背景；c. 农业管理实践和城市污水排放。该研究为废弃矿区开发的空间变异影响提供了信息，并为优先考虑中国这些地区土壤的开发和利用位置提供了有用的方法。
P04172,"Level, Source, and Spatial Distribution of Potentially Toxic Elements in Agricultural Soil of Typical Mining Areas in Xiangjiang River Basin, Hunan Province",湖南省湘江流域典型矿区农田土壤中潜在有毒元素的水平、来源及空间分布,本文对湖南省湘江流域85个样点土壤中潜在有毒元素（PTEs）的浓度、化学有效性、分布及来源进行了研究。Cd、Cu、Zn、As和Pb的平均浓度最高值出现在衡阳，而Mn、Co和Hg的最高值出现在常德。污染指数排序为：Cd > Hg > Cu > Zn > As > Pb；地累积指数均值排序为：Cd > Hg > Pb > Cu > Zn > As > Co > Mn。Cd处于中度污染水平，Hg和Pb处于中度至无污染水平，而Cu、Zn、As、Co和Mn处于无污染水平。此外，64.5%的Cd具有水溶性和可交换态，其化学有效性对生态系统构成风险。利用空间分析、主成分分析和正定矩阵因子分解模型评估PTEs来源。四个主成分解释了8种PTEs浓度的88.8%。采矿、冶炼、工业和农业活动，以及污水灌溉、化肥施用和车辆排放是湘江流域可能的污染源，威胁农产品安全和人体健康。
P04173,"Pollution and Ecological Risk Evaluation of Heavy Metals in the Soil and Sediment around the HTM Tailings Pond, Northeastern China",中国东北HTM尾矿库周边土壤及沉积物重金属污染与生态风险评估,尾矿库是矿区重金属污染的主要来源。本研究利用地累积指数（Igeo）和潜在生态风险指数（RI）评估红透山（HTM）尾矿库对周边区域的环境影响。采集了HTM尾矿库周边浑河流域的农田土壤、地表水和沉积物样品，并利用电感耦合等离子体质谱仪（ICP-MS）分析了样品中的重金属含量。结果表明，浑河下游（HTM尾矿库河段）周边农田土壤和沉积物中的Cu、Zn和Cd含量明显高于上游。Igeo值显示，尾矿库出口附近的农田土壤是污染最严重的区域。Cu被归类为中-强污染，Zn为中度污染，Cd为强污染。Cd是农田土壤中的主要污染物，其单项生态风险（Eri）具有极高的潜在生态风险。枯水期沉积物的潜在生态风险比雨季更严重。在枯水期，Igeo指数显示浑河与来自HTM尾矿库的支流汇合处的Cu和Cd呈强污染，Zn呈中-强污染。而Eri指数显示H3点的Zn单项生态风险较低，Cu为中等。H3点的潜在生态风险较高，Cd是HTM尾矿库周边生态风险的主要来源。
P04179,Application of Geostatistical Analysis and Random Forest for Source Analysis and Human Health Risk Assessment of Potentially Toxic Elements (PTEs) in Arable Land Soil,地统计学分析与随机森林在耕地土壤潜在有毒元素源解析及健康风险评估中的应用,耕地土壤是地球上最珍贵的自然资源之一，为人类社会的发展提供了基本物质和大量资源。为了确定耕地表层土壤中潜在毒性因子的污染程度及其对人体健康的风险，2019年在中国襄州区采集的1109个土壤样本中检测了五种不同的潜在毒性元素（PTEs）的浓度。本研究中，健康风险评估用于判断研究区的污染程度，地理信息系统（GIS）的结果用于研究PTEs的空间分布特征，随机森林（RF）用于评估自然和人为影响因素。我们通过量化指标调查了PTEs的来源，这提供了进一步的见解。主要结果如下：（1）在耕地土壤中，PTEs的平均含量分别为镉0.14 mg/kg、汞0.05 mg/kg、砷12.89 mg/kg、铅29.23 mg/kg和铬78.58 mg/kg。As和Pb的含量超过了湖北土壤的背景值。（2）襄州的人体健康风险评估表明，最重要的暴露途径是土壤摄入，约占PTEs健康风险的99%；通过土壤暴露，儿童和成人接触As、Pb和Cr的非致癌风险高于限值（总潜在风险指数HI > 1）。此外，儿童和成人通过土壤暴露接触Cd、Cr和As的致癌风险高于限值（10^-4），表明土壤中的Cd、As、Pb和Cr通过暴露对人们的健
P04329,A Spatial-Temporal Analysis of the Effects of Households’ Land-Use Behaviors on Soil Available Potassium in Cropland: A Case Study from Urban Peripheral Region in Northeast China,农户土地利用行为对耕地土壤速效钾影响的时空分析：以中国东北城市边缘区为例,耕地土壤中的速效钾(AVK)是决定土壤质量和农业生产力的最重要因素之一。因此，了解AVK的变化及其影响因素对于维持土壤肥力和缓解土地退化至关重要。农户是最终的土地使用者，其土地利用行为在AVK的变化中不可避免地发挥着重要作用。因此，本文旨在从时空角度探讨农户土地利用行为对土壤AVK的影响。以中国东北地区城市边缘区为研究区域，我们首先利用地统计学(Kriging插值)和GIS工具，基于土壤采样数据点绘制了1980年、2000年和2010年的AVK空间分布图，然后利用计量经济模型评估土地利用行为对AVK的影响。结果显示，尽管研究区域的AVK含量在30年间总体呈下降趋势，但在不同阶段存在明显的趋势差异。这种趋势的差异可归因于农户土地利用行为随时间的变迁。AVK的空间变化也显著且有趣：越靠近城市地区，土壤AVK含量的下降幅度越大；而越远离城市地区，土壤AVK含量的上升幅度越大。这种空间差异也可以通过不同区域农户土地利用行为的明显差异来解释。
P04412,"Monitoring, Diffusion and Source Speculation Model of Urban Soil Pollution",城市土壤污染的监测、扩散及源推测模型,城市的快速工业化给资源和环境带来了许多挑战。工业废物、汽车尾气、煤烟等污染物在城市土壤中积累，改变了城市土壤的特性，导致污染物在城市土壤环境中积聚。重金属是土壤中存在的一类有毒有害污染物，无法生物降解或热降解，因此对环境质量和人类构成威胁。为了解决土壤重金属的环境污染问题，我们利用克里金插值法确定金属元素环境污染的地质分布，并分析土壤重金属污染的主要原因。接下来，深入分析了重金属污染物的传播特性和扩散过程；此外，建立了一维对流扩散模型和改进的大气沉降模型，并以实际城市土壤数据为例进行了拟合检验。结果表明，考虑更多因素的改进模型（如对流分散过程中的吸附或分解因素、作物根系的吸收和排出因素以及大气沉降过程中的地形和高度变化因素）是有效的。本文有助于区分土壤金属元素污染的主要污染源和迁移途径，为保护环境和减少重金属污染提供了一定的参考价值。
P04425,Predicting Soil Organic Carbon and Soil Nitrogen Stocks in Topsoil of Forest Ecosystems in Northeastern China Using Remote Sensing Data,利用遥感数据预测中国东北地区森林生态系统表层土壤有机碳和土壤氮储量,森林生态系统在区域碳氮循环中发挥着重要作用。准确有效地监测其土壤有机碳(SOC)和土壤全氮(STN)储量为土壤质量评估、可持续林业管理和气候变化政策制定提供了重要信息。本研究比较了地理加权回归(GWR)模型、多元逐步回归(MLSR)模型和提升回归树(BRT)模型，以获得中国东北地区森林生态系统SOC和STN储量的最佳预测。收集了513个表层土壤(0-30 cm)样本(SOC为10.32 kg m-2 (±0.53)，STN为1.21kg m-2 (±0.32))和9个遥感环境变量，用于模型开发和验证。通过与独立验证数据比较，最佳模型(BRT)在SOC储量上实现了R2= 0.56和均方根误差(RMSE) = 0.85 kg m-2，在STN储量上实现了R2= 0.51和RMSE= 0.22 kg m-2。在所有遥感环境变量中，土壤调整植被指数(SAVI)和归一化植被指数(NDVI)在预测SOC和STN储量方面具有最高的相对重要性。预测的SOC和STN储量的空间分布从东北向西南逐渐递减。这项研究为快速预测高植被覆盖区的SOC和STN储量提供了一种尝试。结果有助于帮助该地区政府评估土壤质量并
P04428,Detecting and Assessing Nondominant Farmland Area with Long-Term MODIS Time Series Images,利用长期MODIS时间序列影像探测和评估非优势农田区域,大多数土地利用和土地覆盖（LULC）研究集中在类或类别层面的建模、变化检测和驱动力上，很少关注子类别层面，特别是农田等类别内的质量变化。本研究提出了非优势农田区域（NAF）的概念，以评估类别内的变异性，并量化由于环境条件差、自然因素不适宜、自然灾害或不可持续的管理实践导致作物生长不良从而产量低的农田区域。使用了17年（2000-2016）的归一化植被指数（NDVI）时间序列开发了具有NDVI曲线异常特征的NAF提取模型，并应用于中国黑龙江省。从农业灾害、土壤类型和中低产田三个方面对NAF模型进行了分析和评估，以确定NAF模式的主导因素。结果表明：（1）NAF模型能够提取多种类型的NAF，总体准确率约为80%。在17年中累积超过8年的NAF面积为6.20千平方公里，占黑龙江省总耕地面积的3.75%；（2）NAF具有显著的空间聚类特征和时间变异性。17年中累积超过8年的NAF中有53.24%主要集中在黑龙江省西部。NAF的年际变化与气象变化、地形和土壤性质有关；（3）NAF的时空模式似乎反映了气象灾害、农田质量差和土壤退化对作物生长的累积影响。观察到的NAF模式的决定因素在不同地区有所不同
P04431,Improved Mapping of Potentially Toxic Elements in Soil via Integration of Multiple Data Sources and Various Geostatistical Methods,通过整合多数据源和多种地统计方法改进土壤潜在有毒元素制图,土壤潜在有毒元素（PTEs）污染已成为全球核心问题。了解土壤中PTEs的空间分布对于土壤修复至关重要。便携式X射线荧光光谱（p-XRF）为传统实验室分析土壤PTEs提供了一种节省成本的替代方案。在本研究中，我们从中国东南部的富阳县采集了293个土壤样品。随后，我们使用了多种地统计方法（如反距离加权（IDW）、普通克里金（OK）和经验贝叶斯克里金（EBK））来估计通过实验室和p-XRF方法测量的土壤PTEs的空间变异性。土壤PTEs的最终图是通过模型平均方法输出的，该方法结合了先前由IDW、OK和EBK使用实验室和p-XRF数据创建的多个地图。研究结果表明，实验室方法测量的平均PTEs含量如下：Zn (127.43 mg kg−1) > Cu (31.34 mg kg−1) > Ni (20.79 mg kg−1) > As (10.65 mg kg−1) > Cd (0.33 mg kg−1)。p-XRF测量显示土壤PTEs的空间预测准确性与实验室分析测量相似。模型平均方法输出的不同PTEs的空间预测准确性如下：Zn (R2 = 0.71) > Cd (R2 = 0.68) > Ni 
P04432,Field-Scale Characterization of Spatio-Temporal Variability of Soil Salinity in Three Dimensions,田间尺度土壤盐分时空变异的三维表征,田间和景观尺度上土壤盐分在空间、时间和深度上的变异性信息对于包括干旱半干旱地区灌溉在内的各种农业和环境问题至关重要。然而，在表征和监测土壤次生盐渍化方面仍然存在挑战，因为除了自然因素外，它还很大程度上受到灌溉和覆膜等管理措施的影响。本研究旨在评估以表观电导率(ECa)为指导的土壤采样，作为监测管理引起的土壤盐分三维时空变化的基础。2018年3月至11月期间，在中国阿拉尔农业科技园的一个18公顷盐碱田中进行了田间试验。在整个生长季节中使用电磁感应(EMI)传感器测量了四次土壤ECa，并使用EMI调查数据作为先验信息从18个位置（每次）采集了土壤核心样品。基于多元回归的ECa与实验室测量的电导率(ECe)之间的预测关系用于预测具有置信度的EC（R2在0.82和0.99之间）。三维反距离加权(3D-IDW)插值清楚地显示了研究区域内空间、时间和深度上的强烈变异性，这主要归因于人为管理因素（包括灌溉、覆膜和土壤揭膜）和自然因素（包括气温、蒸发和地下水位）。这项研究为干旱和半干旱地区农业土地的精准和可持续管理奠定了田间尺度表征次生盐渍化的基础。
P04435,"Integrating Remote Sensing and Landscape Characteristics to Estimate Soil Salinity Using Machine Learning Methods: A Case Study from Southern Xinjiang, China",利用遥感与景观特征结合机器学习方法估算土壤盐分：中国南疆案例研究,土壤盐渍化是全球最严重的土地退化问题之一，导致耕地减少和作物产量下降。监测盐渍化土壤的分布和盐渍化程度对于管理、修复和利用盐渍化土壤至关重要；然而，目前缺乏对包括遥感和景观特征在内的各种数据源用于估算干旱和半干旱地区土壤盐分的全面评估。本研究的总体目标是开发一个通过融合卫星图像、景观特征和适当的机器模型来估算不同景观中土壤盐分的框架。为了探索中国南疆土壤盐分的空间分布，我们进行了一次实地考察，采集了151个土壤样品，并在实验室分析了土壤电导率。共计算或推导了35个指数，包括遥感分类器（11个）、地形属性（3个）、植被光谱指数（8个）和盐分光谱指数（13个），并与土壤盐分进行了相关性分析。其中9个指数用于建模和估算土壤盐分，使用了四种预测建模方法：偏最小二乘回归（PLSR）、卷积神经网络（CNN）、支持向量机（SVM）学习和随机森林（RF）。测试数据集分为植被覆盖和裸土样品，用于精度评估。RF模型是本研究中最好的回归模型，$R ^ { 2 } = 0 . 7 5$，在揭示盐分分布的空间特征方面最为有效。自变量的重要性分析和路径建模表明，环境因子和土壤盐分指数，包括数字高程模型（DEM）、
P04478,Simultaneous Prediction of Soil Properties Using Multi_CNN Model,基于Multi_CNN模型的土壤属性同时预测,基于近红外光谱的土壤养分预测已成为快速获取土壤信息的主要研究方向。深度学习的发展极大地提高了传统建模方法的预测精度。针对当前土壤预测模型效率低、精度低的问题，本文提出了一种基于卷积神经网络的土壤多属性智能预测方法，通过构建结合一维卷积和二维卷积的双流卷积神经网络模型Multi_CNN，实现了土壤多属性的智能预测。该模型分别从光谱序列和频谱图中提取土壤属性的特征，通过特征融合可以同时预测多个属性。该模型基于两个不同尺度的土壤近红外光谱数据集进行多属性预测。实验结果表明，小数据集上全碳、全氮和碱解氮三个属性的R2P分别为0.94、0.95和0.87，而LUCAS数据集上有机碳、氮和粘土属性的$R _ { P } ^ { 2 }$分别为0.95、0.91和0.83。与土壤养分预测中常用的传统回归模型和新型预测方法相比，本文提出的多任务模型更加准确。
P04516,"Assessment of the Health Effects of Heavy Metals Pollution of Agricultural Soils in the Iron Ore Mining Area of the Northern Piedmont of Mount Wutai, Shanxi Province, China",山西五台山北麓铁矿区农业土壤重金属污染的健康效应评估,我们测定了中国山西省五台山北麓铁矿开采区29个农业土壤样品中有毒元素（镉、铅、砷和汞）的浓度。目的是基于美国环境保护署（USEPA）的健康风险评估模型评估对当地居民的潜在健康风险。结果显示，四种重金属的浓度均超过其背景值，尤其是汞。四种重金属的污染程度排序为：汞 > 镉 > 铅 > 砷。四种重金属浓度的空间分布不均：E河流域污染程度最低，以E河为中心，向西至Yukou河和向东至Yangyan河有增加趋势。就污染程度而言，趋势可总结为：Qingyang河 > Yangyan河 > Yukou河 > E河。金属摄入的主要途径是口鼻，儿童的风险高于成人。铁矿开采是砷和镉浓度增加的主要原因，这对人类构成了致癌风险。
P04519,Response of Bacterial Community Structure to Different Biochar Addition Dosages in Karst Yellow Soil Planted with Ryegrass and Daylily,生物炭不同添加量对种植黑麦草和萱草的岩溶黄壤细菌群落结构的影响,生物炭被广泛用于改善土壤质量和提高作物生产力，主要通过增强养分有效性和微生物群落来实现。中国岩溶黄壤由于养分淋溶强烈，土壤退化严重。然而，生物炭添加对岩溶黄壤变化的影响尚不明确，且该区域植物生长的最佳生物炭添加量仍知之甚少。本研究通过盆栽实验，利用高通量测序和生物信息学方法，检测了不同生物炭添加量（1%、3%、5%、7%和9%，对照组为0%）对种植黑麦草和萱草的岩溶黄壤中细菌丰度和群落结构的影响。添加生物炭188天后，土壤pH值、有机质、全养分含量和细菌丰度显著增加，但有效氮含量降低。与未添加生物炭的处理相比，添加生物炭改变了细菌群落结构。在种植黑麦草和萱草的土壤中，7%生物炭添加量下的土壤细菌丰度最高，对照组最低。分类学分析表明，微球菌科（Micrococcaceae，24.53%）、草酸杆菌科（Oxalobacteraceae，11.87%）和类诺卡氏菌科（Nocardioidaceae，7.89%）是黑麦草生长土壤中的优势菌科；而微球菌科（16.20%）、黄单胞菌科（Xanthomonadaceae，6.94%）和类诺卡氏菌科（6.41%）是萱草生长土壤中的优势菌科。典范对应分析
P04521,Assessing Soil Acidification of Croplands in the Poyang Lake Basin of China from 2012 to 2018,2012年至2018年中国鄱阳湖流域耕地土壤酸化评估,自20世纪80年代以来，由施肥加剧和酸沉降引起的土壤酸化已威胁到中国部分地区农业生态系统的可持续性和土壤质量。然而，关于大流域尺度上农田土壤pH值的时空变化知之甚少。本研究选取中国鄱阳湖流域为研究区，旨在识别农田pH值的时空变化并检测潜在的土壤酸化因素。分别于2012年和2018年采集了507和503个表层土壤样品，并应用了单因素方差分析(ANOVA)、皮尔逊相关分析和反距离加权(IDW)等方法。结果显示，2012年土壤pH值范围为3.96至7.95，2018年为3.34至8.19，两组数据中大多数样品呈酸性(pH < 7)。两组土壤数据显示，过去六年中pH值显著下降了0.1个单位(p < 0.05)，且pH < 4.5和4.5–5.0组的样品从2012年到2018年显示出明显的上升趋势。总体而言，两个采样日期的pH分布格局相似，但pH空间分布格局的局部细节存在差异。虽然我们发现土壤pH与坡向之间存在显著相关性(p < 0.05)，但海拔和坡度与pH无显著相关性。方差分析显示，水网密度在6.27–19.94范围内的pH值显著高于其他水网密度(p < 0.05)。大量低pH值的降水被发现
P04522,"Environmental Risk Evaluation and Source Identification of Heavy Metal(loid)s in Agricultural Soil of Shangdan Valley, Northwest China",中国西北商丹谷地农业土壤重金属的环境风险评价与源解析,为理解商丹谷地农田的环境质量及重金属污染，本研究通过X射线荧光法调查了常量元素和重金属的含量，并采用内梅罗综合污染指数、地累积指数和潜在生态风险指数评估了重金属的污染程度和生态风险，利用多元统计方法识别了其来源。结果表明，商丹谷地农田土壤中九种重金属的平均含量超过了相应的参考值。土壤未受到As、Cr、Mn和Ni的污染，但受到Co、Cu、Pb、V和Zn的轻微污染。综合污染等级为中等到严重。单项重金属的生态风险指数依次递减为As > Pb > Co > Cu > Ni > V > Zn > Cr > Mn。源分析结果表明，Cu、Pb、Zn和As主要受人为输入（如金属冶炼和农业活动）影响，而Mn、Ni、Cr和V主要来源于自然源。Co则受自然源、化石燃料燃烧和肥料的混合来源影响。
P04525,Adsorption of Heavy Metals on Soil Collected from Lixisol of Typical Karst Areas in the Presence of CaCO3 and Soil Clay and Their Competition Behavior,典型喀斯特地区淋溶土在碳酸钙和粘土存在下的重金属吸附及其竞争行为,作为重金属暴露高风险区的贵州省，其土壤重金属含量显著高于中国其他地区。因此，本研究旨在通过室内模拟方法评估碳酸钙和粘土在采自淋溶土的表层土样中富集重金属的能力。结果表明，土壤样品中Cu、Zn、Cd、Cr、Pb、Hg和As的含量分别为10.8、125、0.489、23.5、22.7、58.3和45.4 mg/kg。土壤pH值随土壤中CaCO3浓度的增加而增加，当CaCO3浓度达到100 g/kg后，土壤pH值的波动减弱。石灰性土壤的吸附能力平均增加约10 mg/kg，解吸能力平均降低约300 mg/kg。本研究中所有重金属的解吸均不随粘土含量的增加而变化。拟二级动力学模型更适合描述土壤物料对重金属的吸附动力学，因其具有较高的R2值。Freundlich模型能更好地描述石灰土对As的吸附过程。As、Cr、Cd和Hg在土壤样品上的吸附过程是自发的和熵驱动的。此外，Cu和Pb在土壤物料上的吸附过程是自发的和焓驱动的。总的来说，随着CaCO3含量的增加，污染土壤中重金属的吸附和解吸分别增加和减少。碳酸钙对土壤中重金属累积的影响大于粘土。综上所述，在受重金属污染的几个地区可以适当添加土壤中的CaC
P04526,"Contamination, Spatial Distribution and Source Analysis of Heavy Metals in Surface Soil of Anhui Chaohu Economic Development Zone, China",安徽巢湖经济开发区表层土壤重金属污染、空间分布及源解析,人类活动可能导致土壤中重金属的积累，特别是在工业活动频繁的经济开发区。因此，对经济开发区土壤重金属污染的调查和评估是土壤环境管理和可持续发展的重要措施之一。本研究采用尼梅罗评价法、克里金插值法、聚类分析和主成分分析，调查了中国华东安徽省巢湖经济开发区(ACED)表层重金属的污染程度、空间分布及成因。结果显示，不同的土地利用类型会导致不同类型和水平的土壤重金属污染。研究区内重金属的最大浓度均超过其背景值，但未超过指导值。平均浓度最高的是Zn，其次是Cr和Ni。土壤中As浓度的变异系数(CV)最大，为38%。不同功能区重金属浓度差异较大，Ni、As、Cd、Zn和Cr浓度较高的区域主要分布在温泉度假区(HSR)，Pb、Hg和Cu的相对较高浓度主要分布在综合区(IZ)，而除Ni外的所有重金属在华山工业区(HIZ)表层土壤中含量相对较高。源分析显示，HSR表层土壤中的As、Cd和Zn主要受农业活动影响，而Ni和Cr主要受母质控制。IZ表层土壤中的Pb和Hg主要来源于车辆和生活废气，而Cu主要受工业污染物控制。工业活动是HIZ土壤重金属的主要来源。虽然ACED表层土壤中的重金属未达到污染水平，但C
P04528,Assessment of Anthropogenic Sources of Potentially Toxic Elements in Soil from Arable Land Using Multivariate Statistical Analysis and Random Forest Analysis,基于多元统计分析与随机森林的耕地土壤潜在有毒元素人为源评估,为研究湘州潜在有毒元素的空间分布及人为来源，本研究采集了耕地土壤样品，并对镉、汞、砷、铅和铬五种潜在有毒元素进行了分析。采用反距离加权法（IDW）研究土壤中潜在有毒元素的空间分布，应用主成分分析（PCA）和随机森林分析（RFA）探究人为来源。结果表明，多种分析工具的结合是区分人为来源多种潜在有毒元素的有效方法。土壤中镉、汞、铬的平均含量低于湖北省背景值，而砷和铅的平均浓度高于背景值。通过PCA分析，认为湘州土壤中60%以上的砷、铅和铬浓度归因于人类活动，这一结论也得到了随机森林模拟方法的验证。通过随机森林分析发现，土壤中的铅、砷、铬来源于工矿企业、养殖场、矿区及交通；镉来源于矿山及矿物加工、人类生产建设活动及农业灌溉；汞来源于畜禽粪便、矿山及矿物加工以及人类工业生产。本研究结果可为通过特定工业治理和布局优化等预防措施更好地管理土壤污染提供支持。
P04679,Ecological and Human Health Risks of Heavy Metals in Shooting Range Soils: A Meta Assessment from China,射击场土壤重金属的生态与人体健康风险评估：来自中国的荟萃分析,重金属（特别是铅）对射击场的污染是一个引起全球关注的广泛环境问题。射击场土壤中污染物的积累会对射手和工作人员构成潜在的生态风险和健康风险。基于中国五个射击场重金属污染的已发表数据，本研究评估了这些射击场中几种金属（特别是铅）的潜在生态风险和人体健康风险。数据显示，各个射击场中铅、铜、汞、锑、镍和铬的平均浓度均高于当地土壤背景值，表明其积累是由射击活动诱导的。污染程度随地点和金属而变化，射击场1、2和5-1的铅污染非常高，而射击场3和5-2的铅污染为中度。相比之下，砷、锌和钴未显示污染。在受调查的金属中，射击场土壤中的铅、铜、汞和锑显示出相对较高的潜在生态风险。射击场1和2的总体潜在生态风险程度非常高，射击场4和5-1相当，射击场3和5-2较低。射击场2铅的平均危害指数（HI）以及射击场1和4的最大HI值高于1，表明这些地点存在铅污染的非致癌风险可能性。然而，所有五个射击场的其他土壤中的铅和其他金属均未表现出非致癌风险。四种致癌污染物（砷、钴、铬和镍）的致癌风险在所有射击场都是可接受的或可忽略不计的。总之，铅及其他金属（如铜、汞和锑）的污染在所有受调查的射击场都会引起各种潜在的生态风险，
P04680,"Environmental Health and Ecological Risk Assessment of Soil Heavy Metal Pollution in the Coastal Cities of Estuarine Bay—A Case Study of Hangzhou Bay, China",河口湾沿海城市土壤重金属污染的环境健康与生态风险评价——以中国杭州湾为例,上海是杭州湾北岸的主要城市，紧邻杭州湾的行政区划包括金山区、奉贤区和浦东新区（南汇区），这些地区是上海制造业、交通和农业的主要交汇区。本文从这三个行政区的六种不同功能区（农业区（19个）、路边区（10个）、工业区（19个）、居住区（14个）、教育区（6个）和林区（7个））共采集了75个表层土壤样品，并调查了每个样品中10种重金属（锰、锌、铬、镍、铅、钴、镉、汞、铜和砷）的存在情况。计算了内梅罗污染指数（NPI）、污染负荷指数（PLI）和潜在生态风险指数（PERI）以评估土壤污染水平。采用危害商数（HQ）和致癌风险（CR）评估模型评估重金属浓度对人体健康造成的风险。不同功能区成人和儿童的CR和HQ依次为：工业区 > 路边区 > 林区 > 居住区 > 教育区 > 农业区。工业区儿童的Mn HQ高于1，风险在可接受范围内。
P04691,"Heavy Metals Distribution, Sources, and Ecological Risk Assessment in Huixian Wetland, South China",中国南方会仙湿地重金属分布、来源及生态风险评估,本研究重点关注中国南方最大喀斯特湿地（会仙湿地）中八种重金属的源识别、浓度及生态风险评估。研究采集并检测了十个代表性土地利用类型的表土和沉积物样品，并使用多种方法进行分析。单因子污染指数结果由地累积指数法支撑，其中Cd被观察为该区域污染程度最高的优先污染物。通过应用内梅罗综合污染指数和潜在生态风险指数，河流和油菜田的生态风险最高，其余为中等。为了量化污染物的驱动因素，进行了主成分分析，发现流域母质碳酸盐岩的风化是主要可能来源，其次是农业肥料引起的人为来源。考虑到这些有毒元素对公众健康的影响，本研究结果对该地区的环境保护和可持续发展采取预防措施至关重要。
P04696,A Study on Heavy Metals in the Surface Soil of the Region around the Qinghai Lake in Tibet Plateau: Pollution Risk Evaluation and Pollution Source Analysis,青藏高原青海湖周边地区表层土壤重金属研究：污染风险评价与污染源分析,为了揭示青藏高原青海湖周边地区表层土壤重金属的污染特征和来源，提高当地居民的预防意识和措施，并敦促当地政府实施必要的防控措施，本研究采集并分析了青海湖周边地区表层土壤样品中的九种重金属（As、Cd、Co、Cr、Cu、Mn、Ni、Pb 和 Zn）。采用了统计方法、地累积指数法、内梅罗指数法、潜在生态风险指数法、人体健康风险评价法和正定矩阵因子分解模型（PMF）等方法来评价污染特征和潜在风险，并分析重金属的来源。结果表明：首先，土壤中重金属的平均含量分别为 As 11.73 ± 3.78、Cd 0.62 ± 1.40、Co 12.38 ± 3.68、Cr 41.35 ± 13.01、Cu 19.33 ± 8.92、Mn 546.96 ± 159.28、Ni 21.18 ± 7.04、Pb 21.86 ± 6.61 和 Zn 63.51 ± 19.71 mg·kg−1。与青海省土壤环境背景值相比，这些重金属均有不同程度的积累，其中 Cd、Co 和 Pb 的积累最为严重。其次，地累积指数和内梅罗指数分析表明，青海湖周边地区表层土壤重金属已达到重度污染水平，主要由 Cd 污染引起，且研究区北部、
P04847,"An assessment of spatial distribution and source identification of five toxic heavy metals in Nanjing, China",中国南京五种有毒重金属空间分布及源解析评估,"利用GIS分析了南京市菜地重金属的空间分布和浓度，以评估环境污染状况并进行源解析。与背景参考值相比，除Cu外，所有检测元素（Cu, Zn, Cd, As 和 Pb）的平均浓度均超过了土壤环境质量二级标准。变异系数从大到小依次为Cd > As > Zn > Pb > Cu。半方差函数表明，这五种元素在采样范围内具有密切的空间相关性。Cu和Zn、As和Pb的空间分布在某种程度上相似。多元统计分析表明，重金属含量与土壤养分呈正相关。有机质含量与Zn和Cd含量呈高度显著正相关，与As呈显著正相关。阳离子交换量（CEC）与Cu呈高度显著正相关，与Pb呈显著正相关。然而，pH值与重金属浓度无显著相关性。主成分分析表明，Pb和Zn具有自然地壳源；Cu主要来源于冶炼废弃物排放；Cd和As来源于农业污染。此外，相关分析表明Cd和As可能具有同源性。"
P04851,"Urban soil environmental quality in the Yangtze River Economic Zone, China",中国长江经济带城市土壤环境质量,
P04860,"Machine Learning Model for Revealing the Characteristics of Soil Nutrients and Aboveground Biomass of Northeast Forest, China",揭示中国东北森林土壤养分与地上生物量特征的机器学习模型,土壤质量下降和气候变化可能会影响未来许多温带地区的物种多样性和森林生物量生产力。我们的研究目标是揭示气候变化下中国东北森林土壤养分和生物量的特征。本研究旨在通过测定pH值、铵态氮、有机质(%)、碳氮比、有效磷、碱解氮、速效钾和铬等指标，确定吉林省长白山寒温带成熟阔叶林的土壤理化性质，分析物种多样性特征，并利用机器学习模型估算树种的地上生物量(AGB)。结果表明，随着土壤深度的增加，土壤理化参数呈下降趋势；随着土壤深度的增加，土壤养分含量下降；主要树种为色木槭(6937)、千金榆(6682)和假色槭(5447)等。总差异(SOR)在四个方向和中心点显示出相似的趋势；中心点、北、西、南和东方向的参考样本量分别为903、954、971、1005和1016；GRNN模型是模拟树木地上生物量的相对最佳模型。因此，东北森林的树种多样性受土壤养分影响，气候变化也对东北森林的地上生物量有显著影响，这为关于土壤理化性质和物种多样性的东北森林管理提供了理论依据。
P05164,Leaching behavior and potential ecological risk of heavy metals in Southwestern China soils applied with sewage sludge compost under acid precipitation based on lysimeter trials,基于渗滤计试验的西南地区土壤在污泥堆肥和酸雨影响下的重金属淋溶行为及潜在生态风险,通过渗滤计试验模拟了在酸雨影响下，将污泥堆肥(SSC)作为改良剂施用于花园土壤(FGS)和废弃磷矿土壤(APMS)所产生的重金属(HM)生态风险，并评估了潜在生态风险指数(PERI)。结果表明，在酸雨条件下，施用SSC确实增加了FGS和APMS中HM的迁移性和释放量。HM的淋溶动力学受土壤中铁/铝氧化物和有机质(OM)的影响。将SSC作为肥料施用于贫瘠的APMS时，由于颗粒有机质的保留作用，Cr、Cu和Pb的迁移率显著降低了51~56%；而由于OM与可利用Fe/Al氧化物的竞争(As)以及HM-OM络合物中发生的质子-金属交换反应(Cd和Ni)，As、Cd和Ni的淋溶量有所增加。HM迁移导致的FGS和APMS生态风险实际上较低(PERI=0.07~0.12)，但使用SSC导致的潜在生态风险增加被评估为中等(SSC改良FGS的PERI增加16.0~33.5%)或高(SSC改良APMS的PERI增加140%)。Ni、Cd和Cu被确定为增加细颗粒土壤生态风险的主要重金属，而Cd和As是粗颗粒土壤中的关键生态风险重金属。
P05199,"Microplastics in agricultural soils on the coastal plain of Hangzhou Bay, east China: multiple sources other than plastic mulching film",杭州湾沿海平原农业土壤中的微塑料：除地膜外的多种来源,农业生态系统中的微塑料污染引起了极大关注。本文研究了地膜覆盖和灌溉对作物土壤中微塑料积累的影响。共采集了60个覆盖地膜和未覆盖地膜的农田土壤样品以及45个灌溉水样品进行分析。利用连续气浮结合密度分离法从土壤中获取微塑料，并使用体视显微镜和显微傅里叶变换红外光谱（μ-FTIR）进行鉴定。地膜覆盖土壤中的微塑料含量高于未覆盖土壤，平均分别为571 pieces kg-1和263 pieces kg-1。地膜覆盖土壤中薄膜和纤维的丰度显著较高。土壤和水体中的微塑料分别以碎片和纤维为主。土壤中微塑料的粒径主要在1至3毫米之间，而水中主要在90微米至1毫米之间。土壤微塑料中发现的多种聚合物（如聚乙烯、聚丙烯、聚酯、人造丝、丙烯酸和聚酰胺）和形状表明，除了塑料地膜外，灌溉和塑料废物残留也有贡献。
P05208,Long-term effect of E-waste dismantling activities on the heavy metals pollution in paddy soils of southeastern China,电子废物拆解活动对中国东南部水稻土重金属污染的长期影响,土壤重金属污染已引起全球环境研究者的日益关注。来自电子废物拆解过程的重金属现已成为主要污染源之一。温岭市是中国大型电子废物拆解点之一，也是商品粮生产基地。本研究基于2006年（96个）和2016年（167个）采集的样品，测定了水稻土中Cd、Cu、Ni、Pb和Zn的浓度，以揭示过去十年的时空变化趋势。从2006年到2016年，土壤中Cd、Cu、Ni和Zn的平均浓度分别增加了0.11、11.81、1.01和6.82 mg/kg。土壤中Pb的平均浓度下降了14.06 mg/kg。这五种重金属均具有相似的空间分布模式，高值区位于研究区域的西北部。主成分分析（PCA）结果表明，电子废物是土壤中Cd、Cu、Pb和Zn的主要污染源。局部Moran's I揭示的空间模式表明，西北部被确定为土壤重金属修复的优先区域。在过去十年中，特定区域土壤重金属浓度持续增加，但在实施环保政策下，研究区域的其他部分重金属浓度呈明显下降趋势。因此，采取可持续的修复措施和电子废物拆解管理对于降低温岭特定区域的重金属浓度是必要的。
P05246,Trace elements in Gobi soils of the northeastern Qinghai-Tibet Plateau,青藏高原东北部戈壁土壤中的微量元素,本研究调查了青藏高原东北部戈壁土壤中微量元素的污染、潜在生态风险及可能来源。土壤中汞含量低于检出限。其余微量元素的平均含量在 0.21 (Cd) 到 2360.82 (As) mg/kg 之间。研究采用多种方法评估了该地区的土壤污染状况。基于地累积指数评价，铅的污染最严重；根据富集因子法，砷表现出最强的富集特征。与污染负荷指数和修正污染度相比，内梅罗污染指数得出的污染评价最为严重，分别有 10% 和 40% 的采样点存在中度和高度污染。20% 采样点的土壤微量元素构成高生态风险。皮尔逊相关矩阵和主成分分析表明，工矿活动等人为活动可能是几种微量元素的主要来源。这项研究将为青藏高原东北部特别是植被稀少地区的土壤质量控制提供重要信息。
P05251,"Soil biological characteristic, nutrient contents and stoichiometry as affected by different types of remediation in a smelter-impacted soil",冶炼厂影响土壤中不同修复方式对土壤生物学特性、养分含量及化学计量学的影响,为评估中国江西省贵溪冶炼厂影响农田（土壤含Cu约800 mg/kg，Cd 0.8 mg/kg）中铜和镉的生态风险降低及养分含量和化学计量学的变化，进行了为期三年的原位实验。田间试验采用完全随机区组设计，小区面积为4×5米。按10 g/kg加入羟基磷灰石，并种植伴矿景天、海州香薷和狼尾草。每年采集处理后的土壤和植物样品，分析Cu和Cd的生物可及性、土壤碳氮磷(C:N:P)以及土壤β-葡萄糖苷酶(BG)、N-乙酰氨基葡萄糖苷酶(NAG)和酸性磷酸酶(AP)活性的化学计量特征。结果表明，羟基磷灰石处理显著降低了Cu和Cd的生物可及性以及C:P和N:P比值。此外，BG、NAG和AP活性均相对于未处理土壤有所增加。植物也可能影响土壤BG、NAG和AP活性。研究表明，利用羟基磷灰石和植物提取进行原位Cu和Cd稳定化在生态上是安全的，并且可以改变土壤矿物养分的生态化学计量和酶活性。
P05257,Cadmium accumulation and migration of 3 peppers varieties in yellow and limestone soils under geochemical anomaly,地球化学异常区黄色土壤和石灰岩土壤中3种辣椒品种的镉积累与迁移,中国西南地区地球化学异常区重金属镉（Cd）的地质背景较高，且部分典型地区因采矿开发存在人为污染叠加效应，数十年来备受关注。Cd在农田土壤-作物系统中的积累与迁移值得探讨。本研究选取贵州省代表性的黄壤和石灰土，以及三种辣椒（Capsicum annuum L.），通过盆栽试验在不同Cd浓度水平下研究Cd从土壤到植物的积累和迁移规律。对于簇生椒、线椒和杂交椒，Cd在各部位的积累能力相似，规律为：Cd_root > Cd_stem ≈ Cd_leaf > Cd_fruit。不同辣椒品种间Cd浓度的差异如下：线椒根部的Cd高于簇生椒和杂交椒，但在叶片和果实中，簇生椒的Cd浓度高于其他品种。基于富集系数和转运系数的结果，黄壤中Cd的积累能力较高但转运能力较低，而石灰土中Cd的积累能力较低但转运能力较高。红椒的Cd浓度高于其他两种类型。黄壤中辣椒对Cd的积累与转化更为显著（p < 0.05），导致通过食物链迁移的风险较高。
P05284,"Spatial distribution, source identification, and risk assessment of heavy metals in the soils from a mining region: a case study of Bayan Obo in northwestern China",矿区土壤重金属的空间分布、源识别及风险评估：以中国西北白云鄂博为例,白云鄂博矿床是世界上最大的轻稀土矿床，在长期的采矿过程中向周围环境释放了大量重金属。为了制定有效的保护计划，有必要调查白云鄂博矿床周边重金属的浓度、空间分布、污染来源以及环境健康风险。共采集了矿区46个土壤样品。测定了每个土壤样品中Mn、Cu、Zn、Pb、Cd、As、Hg和Cr的浓度。利用ArcGIS空间插值分析研究了土壤重金属的空间分布特征。应用多元统计分析识别重金属的污染来源。通过计算地质累积指数、潜在生态风险指数(RI)、风险评估代码(RAC)、修正风险评估代码(mRAC)、潜在非致癌风险(HI)和致癌风险(CR)来评估重金属的环境健康风险。
P05308,Human Health Risk Assessment and Early Warning of Heavy Metal Pollution in Soil of a Coal Chemical Plant in Northwest China,中国西北某煤化工厂土壤重金属污染的人体健康风险评估与早期预警,本文以中国西北某煤化工厂为研究区域，采集了153个土壤重金属样品，参照“土壤环境容量模型”、“污染场地风险评估技术导则”和美国EPA推荐模型，预测并评估了2021年、2026年和2031年厂区土壤中砷、镉、铬、铅和汞的人体健康风险及其变化规律。此外，引入克里金插值法基于有限点的风险评估生成全厂风险评估图。评估研究表明：As、Cr(VI)和Cd的致癌风险将在2021年超过可接受风险限值1.00E-06，到2031年其平均风险水平将分别达到2.300E-05、4.878E-06和7.455E-05；As的非致癌风险已超过可接受限值1.0，而Cr(VI)、Cd、Pb和Hg的危害商数在限值范围内；厂区应重点关注As和Cd积累对人体危害，并防止Cr(VI)对地下水造成污染；健康风险地图显示，动力单元及其下风向（东南部空地）是整个厂区的核心高风险区，包括物流出口和输煤走廊。2031年核心区最高致癌风险值为8.572E-05，由Cr(VI)引起；口摄入是重金属污染的主要暴露途径。在动力单元、物流出口、输煤走廊及附近车辆走廊工作的人员应穿戴专用防护服和口罩，以减少或阻断潜在的健康风险。本研究对重金属变
P05309,Comparison of Chinese and Danish Soil Legislation Based on Soil Heavy Metal Values in Contaminated Sites: A Case Study in Sichuan,基于污染场地土壤重金属值的中国与丹麦土壤立法比较：以四川为例,我们在四川省泸县的两个污染场地对土壤中的八种重金属进行了快速检测和实验室检测，并比较了这两种方法的检测结果。同时，将实验室检测结果与区域背景值以及中国和丹麦的标准值进行了比较。本研究进一步讨论了中国和丹麦的法律、法规、监管政策和技术指导原则。快速检测方法方便且成本低，但会导致对污染的高估。快速检测方法在丹麦的土壤污染表征中被广泛使用，可以作为实验室分析前用于污染物快速筛选的辅助工具。虽然丹麦已经建立了全面的法律和技术指南，但中国正在完善立法并建立详细的指南。丹麦在土壤污染防治方面的法律体系、研究、探索和经验，可以为中国的土壤污染防治决策管理和法律体系建设提供有意义的参考。
P05317,Ecology of industrial pollution in China,中国工业污染的生态学,1978年改革开放以来，工业发展给中国带来了机遇和挑战。时空分析表明，快速工业化使中国东部地区承受了更严重的污染压力。工业污染的最严重影响体现在水生和土壤生态系统的退化，损害可从物种、种群和群落观察到生态系统水平。2004年以来，公众对污染场地的意识提高，导致生态修复、监测和风险治理的力度加大。在扩大监测的广度和深度方面仍需要相当大的努力，以探索最大的生态风险在哪里以及如何控制它们。工业污染生态学已成为中国的一门热门学科，并将进一步发展以帮助实现可持续发展目标。为了更好的生态风险管理，未来的研究应重点关注混合污染物的多介质迁移和效应、清洁能源和物质流动机制，以及生态风险与人类健康风险的整合。
P05326,"Heavy metal contamination and ecological risk assessment of the agricultural soil in Shanxi Province, China",山西省农业土壤重金属污染及生态风险评价,"为了评估中国山西省农业土壤中重金属的污染水平和生态风险，本研究从山西省11个城市共采集了33份表层土壤样品。土样使用硝酸和氢氟酸混合酸在微波消解系统中进行消解，然后使用电感耦合等离子体质谱仪分析八种重金属的水平。采用地累积指数评价土壤重金属的污染程度，并采用Hakanson方法计算的风险指数评估其生态风险。结果显示，重金属As、Cd、Cr、Cu、Hg、Ni、Pb和Zn的平均浓度分别为12.9 ± 4.8、0.35 ± 0.23、43 ± 14、27 ± 19、0.25 ± 0.14、21.7 ± 5.7、17 ± 13和89 ± 53 mg kg−1。与《中国土壤环境质量》（GB15618-2018）相比，只有9%的Cd样品和3%的Cu样品超过了相应的筛选标准。随后，地累积指数的结果表明，山西省的土壤受到Cd和Hg造成的中度至重度污染，风险指数也显示出类似趋势，即Cd和Hg是造成相当大至极高生态风险的主要贡献者。最后，方差分析表明，在11个城市中，Cd的平均水平显著出现在运城地区（n = 3, p < 0.05），但Hg浓度没有显著统计学差异。本研究表明，Cd和Hg对山西省农业土壤具有"
P05354,Assessing spatial variability of soil organic carbon and total nitrogen in eroded hilly region of subtropical China,亚热带中国侵蚀丘陵区土壤有机碳和全氮空间变异性的评估,中国南方丘陵红壤区遭受严重的土壤侵蚀，导致土壤退化和土壤养分流失。在多年的水土流失控制后，估算土壤有机碳(SOC)和土壤全氮(STN)的含量及空间变异性，并评估地形和土地利用类型对SOC和STN的影响，对于植被恢复和生态重建至关重要。从长汀县共采集了375个表层土壤样品，利用描述性统计和地统计学方法研究了其SOC和STN的分布。选取海拔、坡度、坡向和土地利用类型来调查自然和人为因素对SOC和STN空间异质性的影响。SOC和STN的平均浓度分别为15.85和0.98 g kg-1，具有中等的空间变异。SOC和STN表现出相对均匀的分布，从研究区外围向中心逐渐降低。经过多年的侵蚀控制，研究区的SOC和STN含量仍处于中低水平，这表明土壤养分改善是一个缓慢的过程。长汀县中部低海拔地区的SOC和STN值最低。结果表明，由于地形对区域自然环境和侵蚀丘陵区土壤侵蚀的影响，SOC和STN含量随海拔和坡度的增加最为显著。在不同坡向和土地利用类型之间未观察到显著差异。
P05355,The responses of soil bacterial communities and enzyme activities to the edaphic properties of coal mining areas in Central China,华中地区煤矿区土壤性质对土壤细菌群落和酶活性的响应,土壤理化性质、细菌群落和酶活性随煤炭开采导致的地面沉降而变化。然而，关于不同沉降程度地区细菌群落和酶活性对土壤性质响应的研究还很有限。因此，我们在中国中部的对照区（C区）、中度开采沉降区（M区）和重度开采沉降区（S区）采集了土壤样品。我们在每个采样区的 0-20 cm、20-40 cm 和 40-60 cm 深度测量了土壤性质，如 pH 值、全氮（TN）含量、全磷（TP）含量、有效磷（AP）含量、有机质（OM）含量以及土壤酶（脲酶、转化酶、过氧化氢酶和碱性磷酸酶）活性。结果表明，开采沉降区表层土壤（0-20 cm）的土壤理化性质、土壤脲酶活性、土壤碱性磷酸酶活性以及土壤细菌丰富度和多样性显著低于 C 区。然而，沉降区最深层的土壤酶活性显著高于 C 区。0-20 cm 深度的细菌群落主要由 RB41、假单胞菌、MND1、硝化螺旋菌、明串珠菌、鞘氨醇单胞菌和 Dongia 主导，而在 C 区和沉降区，RB41 和假单胞菌分别是优势种。通过相关性分析，我们发现土壤 pH 值、土壤 AP 含量和四种酶的活性是影响土壤细菌群落结构的主要因素。此外，随着沉降程度的增加（按煤矿沉降的地质灾害、地下水
P05400,Bacterial Communities Are More Sensitive to Water Addition Than Fungal Communities Due to Higher Soil K and Na in a Degraded Karst Ecosystem of Southwestern China,由于土壤钾钠含量较高，在中国西南喀斯特退化生态系统中，细菌群落比真菌群落对水分添加更敏感,
P05402,Soil Fungal Diversity Loss and Appearance of Specific Fungal Pathogenic Communities Associated With the Consecutive Replant Problem (CRP) in Lily,百合连作障碍中土壤真菌多样性丧失及特异性病原真菌群落的出现,食用百合（ Lilium davidii var. unicolor ）在中国，特别是甘肃省具有很高的经济价值，用于食品和园艺。食用百合通常采用长期连作模式，导致了所谓的连作障碍（CRP），这与严重的土壤退化和显著的产量及质量损失有关。本研究旨在利用宏条形码分析技术研究与百合连作障碍相关的真菌群落结构和特定的真菌成员。通过高通量DNA测序（Miseq）分析了种植0、3、6和9年（分别为L0、L3、L6和L9）的田间样品的根际土壤真菌多样性。结果表明，长期连作显著降低了土壤真菌的多样性和OTU水平的丰度。此外，连作改变了土壤微生物群落，4-5年的连作是真菌群落结构发生显著变化的关键过渡期，导致L6和L9的真菌群落结构不同于L0和L3。真菌多样性丧失和群落结构简化导致了百合连作的负面影响，连作6年后，高丰度病原真菌属的积累和潜在的植物有益真菌属的枯竭加剧了百合连作障碍。此外，土壤理化性质的变化强烈促成了新的真菌群落结构，属隐球菌和 Guehomyces 可被视为监测和管理百合种植系统中土壤健康的潜在指标。
P05409,Organic Fertilization Assembles Fungal Communities of Wheat Rhizosphere Soil and Suppresses the Population Growth of Heterodera avenae in the Field,有机肥通过调控小麦根际土壤真菌群落抑制田间禾谷孢囊线虫种群增长,
P05433,Estimation of Soil Arsenic Content with Hyperspectral Remote Sensing,基于高光谱遥感的土壤砷含量估算,随着含砷化学品的持续应用，土壤砷污染已成为全球性的严重问题。检测土壤中的砷污染对于土壤的保护和修复具有重要意义。高光谱遥感能够有效监测土壤中的重金属污染。然而，由于土壤砷含量与光谱之间可能存在复杂的非线性关系以及数据冗余问题，迫切需要建立一种高效、准确的估算模型。针对这种情况，分别在湖北省大冶市和洪湖市采集了62个和27个样本。在实验室进行光谱测量和理化分析以获取砷含量和光谱反射率。在进行连续谱去除（CR）后，采用稳定的竞争性自适应重加权采样算法耦合连续投影算法（sCARS-SPA）进行特征波段选择，有效解决了数据冗余和共线性问题。在特征波长处建立了偏最小二乘回归（PLSR）、径向基函数神经网络（RBFNN）和混合蛙跳算法优化的RBFNN（SFLA-RBFNN）以预测土壤砷含量。结果表明，sCARS-SPA-SFLA-RBFNN模型在不同土地利用类型中具有最佳的通用性和较高的预测精度，是一种估算土壤砷含量的科学有效方法。
P05441,"Heavy Metals Distribution, Sources, and Ecological Risk Assessment in Huixian Wetland, South China",中国南方会仙湿地重金属分布、来源及生态风险评价,本研究旨在识别中国南方最大喀斯特湿地（会仙湿地）中八种重金属的来源、浓度并进行生态风险评价。研究在十种代表性的土地利用类型中采集了大量表层土壤和沉积物样品，并采用多种方法进行了分析。单因子污染指数结果由地质累积指数法支撑，观察到镉是该地区污染程度最高的优先污染物。关于污染最严重的土地利用类型，通过应用内梅罗综合污染指数和潜在生态风险指数，河流和油菜田面临的生态风险最高，其余地区为中等。为量化污染物的驱动因素，进行了主成分分析（PCA），发现流域母质碳酸盐岩的风化是主要的可能来源，其次是由农业肥料引起的人为来源。考虑到这些潜在有毒元素对公众健康的影响，本研究的结果对于该地区环境保护和可持续发展的预防行动至关重要。
P05450,"Accumulation Characteristics and Risk Assessment of Potentially Toxic Elements for Major Crops and Farmland Around A High-arsenic Coal Mine in Xingren, Guizhou, Southwest China",中国西南贵州兴仁高砷煤矿周边主要作物及农田潜在毒害元素的富集特征与风险评估,
P05463,"Soil from an Abandoned Manganese Mining Area (Hunan, China): Significance of Health Risk from Potentially Toxic Element Pollution and Its Spatial Context",土壤来自一个废弃锰矿区（中国湖南）：潜在有毒元素污染的健康风险及其空间背景的重要性,本研究评估了中国湖南省湘潭市某废弃锰矿区表层土壤中潜在有毒元素（PTE，即Mn、Pb、Cu、Zn、Cr、Cd和Ni）污染对居民健康的重要性和潜在影响。研究依次采用了一系列方案进行风险评估：地累积指数、污染负荷指数（PLI）、潜在生态风险指数（RI），以及通过危害商（HQ）、危害指数（HI）和致癌风险（CR）评估外部暴露对人类健康的影响。结果表明，Mn和Cd是土壤样本中的主要污染物。生态风险评估识别出中度风险，主要来源于Cd（82.91%）。健康风险评估结果显示，总体而言该区域非致癌风险不显著，致癌风险处于可接受水平。然而，由于局部空间波动，部分点位对儿童存在非致癌风险。经口摄入土壤是非致癌和致癌风险的主要暴露途径，Mn是非致癌风险的主要贡献者，Cr和Cd是致癌风险的主要贡献者。此外，通过皮尔逊相关系数和主成分分析（PCA）识别出三个污染源：a. 采矿活动及相关交通运输排放；b. 自然背景；c. 农业管理实践和市政污水排放。
P06639,"Complete Genome Sequence of Enterobacter roggenkampii ED5, a Nitrogen Fixing Plant Growth Promoting Endophytic Bacterium With Biocontrol and Stress Tolerance Properties, Isolated From Sugarcane Root",从甘蔗根部分离的具有固氮、植物促生、生防和耐胁迫特性的内生肠杆菌Enterobacter roggenkampii ED5的全基因组序列,"甘蔗是中国的主要经济作物，在植物生长初期需要大量的氮。然而，大量使用氮肥增加了生产成本，并对环境造成有害影响，导致严重的土壤和水污染。在这项研究中，从甘蔗根中获得了175株内生菌株，属于五个不同的种。其中，基于固氮、PGP特性、水解酶产生和抗真菌活动，仅选择了23株肠杆菌。此外，所有选定的菌株在不同的胁迫条件下（如pH、温度和NaCl）显示出多样的生长范围，14株菌株确认了nifH阳性，12株菌株扩增出acdS基因，表明这些菌株可以固氮并具有耐胁迫特性。在23个选定的菌株中，Enterobacter roggenkampii ED5是最有效的菌株。因此，对该菌株进行了进一步的基因组分析，基因组大小为4,702,851 bp，平均G+C含量为56.05%。基因组注释估计有4349个蛋白编码基因，83个tRNA和25个rRNA基因。分配给KEGG、COG和GO数据库的CDS数量分别为2839、4028和2949。我们识别出一组可能与ACC脱氨酶活性、铁载体和植物激素产生、氮和磷代谢、共生、根定殖、生物膜形成、硫同化和代谢以及对一系列生物和非生物胁迫的抗性反应有关的基因。E. roggenk"
P06708,"Heavy Metals Distribution, Sources, and Ecological Risk Assessment in Huixian Wetland, South China",中国南方会仙湿地重金属分布、来源及生态风险评估,本研究重点关注中国南方最大喀斯特湿地（会仙湿地）中八种重金属的来源识别、浓度及生态风险评估。研究在十个代表性土地利用类型中采集了大量表层土壤和沉积物样品，并使用多种方法进行了检测和分析。单一污染指数结果由地累积指数法支持，观察到镉是该地区污染程度最高的优先污染物。通过应用内梅罗综合污染指数和潜在生态风险指数，河流和油菜田的生态风险最高，其余区域为中等风险。为了量化污染物的驱动因素，进行了主成分分析，发现流域母质碳酸盐岩的风化是主要可能来源，其次是农业肥料引起的人为来源。考虑到这些潜在有毒元素对公众健康的影响，本研究结果对于该地区的环境保护和可持续发展采取预防措施至关重要。
P07364,"Mercury accumulation in soil from atmospheric deposition in temperate steppe of Inner Mongolia, China",中国内蒙古温带草原大气沉降导致的土壤汞积累,汞是一种有毒且持久的污染物，对生态系统和人类健康具有长期影响。燃煤电厂是人为汞排放的主要来源，排放的大气汞沉降到周围环境中，导致土壤污染。为了评估中国燃煤电厂大气汞对温带草原的影响，研究人员分析了2012-2015年间从内蒙古中部80个地点采集的表层和下层土壤样品中的汞含量。表层和下层土壤中汞的平均含量分别为 14.9 ± 10.4 mg kg-1 和 8.9 ± 5.8 mg kg-1。主成分分析（PCA）表明，土壤有机质含量和大气沉降是决定内蒙古土壤汞含量的主要因素。研究人员使用电厂影响因子（PPIF）评估了周边燃煤电厂的影响。PPIF结果显示，在超过400公里的距离内，PPIF与表层土壤中的汞含量呈最显著的正相关，表明燃煤电厂排放汞的长距离输送贡献具有区域性尺度。考虑到汞在土壤中积累的潜力，应实施长期的区域性土壤汞监测和更严格的电厂排放限制标准，以控制中国的土壤汞污染。
P07638,Spatial distribution and source analysis of heavy metals in soils influenced by industrial enterprise distribution: Case study in Jiangsu Province,受工业企业分布影响的土壤重金属空间分布及来源分析：江苏省案例研究,中国的重金属污染频发，并受到全球越来越多的关注。本研究调查了中国的工业化和城市化对土壤环境质量的影响。研究采集了江苏省的土壤样品，测量了 Cd、Pb、Cr、Cu、Zn、Hg 和 As 的含量，并分析了其空间变异结构、空间分布格局和污染程度。Hg、Cd、Pb、Cr、Cu 和 As 的平均值均高于江苏省的背景值。Cr 和 As 水平代表中度污染，Cu、Zn、Cd 和 Pb 代表轻度污染，Cr 和 As 代表轻微污染，Hg 不是污染物。空间分布模式既有地带性又有集中性。重金属的高浓度区分布在长江沿线的发达城市和工业园区。土壤重金属污染呈现从南向北递减的趋势，与经济梯度一致。工业化对重金属污染的空间异质性影响最大。Cr、Cu、Zn 和 As 受自然和人为源的双重影响，而 Cd 和 Pb 主要受后者影响。Hg 主要来源于石化生产等工业活动。工业企业分布与土壤重金属污染之间存在空间一致性，且行业周边土壤中多种元素复合污染的趋势明显。
P07657,"Machine learning-based source identification and spatial prediction of heavy metals in soil in a rapid urbanization area, eastern China",基于机器学习的快速城市化地区土壤重金属源识别与空间预测——以中国东部某地区为例,加速的城市化导致城市土壤中积累了大量的重金属（HM）。识别城市化过程与土壤中重金属积累之间的相关性，并根据与城市扩张相关的变量预测土壤重金属的空间分布，以便制定城市土壤管理策略，这一点至关重要。然而，基于与城市化相关的预测因子对城市土壤重金属进行准确预测仍然缺乏。在这项研究中，使用网格采样法（2 km × 2 km）在快速城市化地区（中国合肥）收集了251个表层土壤样品（0-20 cm）。测定了土壤中As、Zn、Pb、Hg、Ni、Cu、Cr和Cd的浓度，以及受城市化影响的一些土壤属性。特定网格中不同土地利用类型的面积、城市化历史和现场土壤属性被用作预测因子。然后使用随机森林（RF）、人工神经网络（ANN）和支持向量机（SVM）模型预测了土壤重金属的整体分布。结果表明，As、Zn、Pb、Hg、Cu和Cd的浓度随城市化历史的增加而显著增加。然而，在二环路和三环路之间的土壤中观察到了Ni和Cr的最高浓度。根据RF模型，土壤CaO、OM、硫、磷和周围建成区被确定为土壤Zn、Pb、Cu和Cd的最重要因素，表明这些重金属主要受人为控制。由于城市化和周围建设区域（CA）在控制Hg空间分布中的重要性，
P07710,Response of soil enzyme activities and bacterial communities to the accumulation of microplastics in an acid cropped soil,酸性耕作土壤中微塑料积累对土壤酶活性和细菌群落的影响,农生态系统中微塑料污染的生态压力引起了全球关注。然而，很少有研究集中于微塑料暴露对土壤微生物群落的影响。通过在酸性土壤中添加1%和5% (w/w)的聚乙烯(PE)和聚氯乙烯(PVC)微塑料，测定了酶活性和细菌群落的变化。结果表明，PE和PVC的添加均抑制了荧光素二乙酸酯水解酶活性，并刺激了脲酶和酸性磷酸酶活性，降低了细菌群落的丰富度和多样性。总体而言，与PVC处理的土壤相比，PE处理的土壤观察到的更严重的影响。添加微塑料后，Burkholderiaceae科的相对丰度显著增加(p < .05)，表明与固氮相关的细菌受到微塑料输入的刺激。同时，添加5% PVC和1% PE微塑料后，鞘脂单胞菌科和黄杆菌科的丰度显著下降(p < .05)，表明微塑料可能抑制土壤中异生物质的生物降解。此外，PICRUSt分析表明，膜转运蛋白是土壤微塑料暴露的一个敏感预测功能基因。未来的研究可以集中在微塑料对土壤氮循环和有机化合物降解调节的作用上。
P07773,Development of a soil quality index for Camellia oleifera forestland yield under three different parent materials in Southern China,南方地区三种不同母质油茶林地土壤质量指数的建立,油茶用于生产茶油，也被称为“东方橄榄油”。中国南方的油茶林地单位面积产量低，严重阻碍了茶油的生产。产量下降主要归因于种植地点不当和缺乏科学指导。然而，在土壤质量评估中，仅从单一的土壤理化属性或特定地点选择土壤指标，导致实际指导意义不大。为了科学评估土壤质量，研究调查了中国南方三种母质类型（板岩、砂岩、第四纪红粘土）下的142个采样点，测定了代表土壤物理、化学和生物性质的23个指标。数据采用因子分析、判别分析和回归分析进行处理。板岩的土壤具有最高的全氮(TN)、速效钾(AK)、速效镁(AMg)、速效锰(AMn)、速效铜(ACu)、速效锌(AZn)、脲酶和蔗糖酶含量，而第四纪红粘土的细菌、放线菌和真菌浓度最高。容重(BD)、砂粒含量、土壤有机质(SOM)、速效磷(AP)、速效钾(AK)、速效铁(AFe)和酸性磷酸酶(ACP)七个指标被组合成一个最小数据集(MDS)，用于评估不同母质下的土壤质量。源自板岩、砂岩和第四纪红粘土的土壤质量指数(SQI)分别为0.71、0.62和0.54，这与基于所有23个指标的SQI (R^2 = 0.733) 和产油量 (R^2 = 0.694) 显著相关。由
P07974,Effect of mixed solutions of heavy metal eluents on soil fertility and microorganisms,重金属淋洗剂混合液对土壤肥力和微生物的影响,本研究分析了重金属淋洗剂（0.3 mol/L C6H8O7、5x10^-4 mol/L EDTA 和 0.01 mol/L Na2S2O3）对菜地土壤有机质、水解氮、有效磷和钾含量以及细菌和真菌种类组成的影响。结果表明，用淋洗剂混合液处理土壤（振荡样品）显著增加了土壤中有机质、水解氮、有效磷和有效钾的含量。淋洗剂混合液使土壤最大有效磷含量增加了 279.3%，水解氮增加了 30.7%。淋洗剂在一定程度上影响了土壤中的优势微生物种类，但并未增加所有土壤样品中的物种丰富度和均匀度。
P08061,A comprehensive analysis and source apportionment of metals in riverine sediments of a rural-urban watershed,城乡流域河流沉积物中金属的综合分析与源解析,沉积物中金属来源的定量评估对于实施源头控制和修复策略至关重要。本研究调查了温州瑞塘流域沉积物中的金属污染，以评估潜在的生态风险并量化金属（Cu、Zn、Pb、Cd、Cr、Co 和 Ni）的污染源。总量和形态分析表明金属污染水平较高。基于风险评价代码，Zn 和 Cd 构成了高生态风险，流域西南部的生态风险最高。正定矩阵因子（PMF）模型在预测总金属浓度方面非常有效，并确定了三个主要的金属来源。农业源（因子 1）对 Cu（74.1%）和 Zn（42.5%）的贡献较高，主要分布在流域的西部和南中部。Cd（93.5%）与工业源（因子 2）显示出较高的权重，热点位于西南部。因子 3 被识别为混合的自然源和交通源，对 Cr（65.2%）、Ni（63.9%）和 Pb（50.7%）的贡献较大。空间分析表明，PMF 识别的因子与流域尺度的可疑金属源之间具有一致的模式，证明了 PMF 建模方法在流域分析中的有效性。
P08157,Bacterial-induced mineralization (BIM) for soil solidification and heavy metal stabilization: A critical review,细菌诱导矿化（BIM）用于土壤固化和重金属稳定化：综述,基于水泥的固化/稳定化（S/S）处理在提高土壤强度和稳定污染土壤中的重金属方面是常见且有效的，但具有某些缺点，例如高化石能源消耗、碳足迹大、化学相容性差以及长期稳定性不明确。本文创新性地提出了细菌诱导矿化（BIM）作为一种环保高效的S/S方法。在BIM-S/S处理中，细菌的生命活动产生矿物以胶结土壤颗粒并固定重金属。该综述首先总结了BIM技术的基本理论，然后评估了土壤固化和重金属稳定化的修复效果及长期稳定性。接着回顾了BIM-S/S应用中的影响因素。重点比较了BIM-S/S效果与水泥基S/S技术的效果。结论是BIM-S/S技术在可持续性方面具有卓越表现。另一方面，指出了该技术目前的局限性和不足，从而指出了未来研究的方向，以推动BIM-S/S技术的重大进展。
P08158,Adsorption of Heavy Metals on Soil Collected from Lixisol of Typical Karst Areas in the Presence of CaCO3 and Soil Clay and Their Competition Behavior,典型岩溶地区淋溶土重金属在碳酸钙和粘土存在下的吸附及其竞争行为,贵州省作为重金属暴露的高风险区，其土壤重金属含量显著高于中国其他地区。因此，本研究旨在通过室内模拟方法评估碳酸钙（CaCO3）和粘土在淋溶土表层土样中积累重金属的能力。结果表明，土样中Cu、Zn、Cd、Cr、Pb、Hg和As的含量分别为10.8、125、0.489、23.5、22.7、58.3和45.4 mg/kg。土壤pH值随土壤中CaCO3浓度的增加而增加，当CaCO3浓度达到100 g/kg后，土壤pH值的波动减弱。石灰土的吸附能力平均增加了约10 mg/kg，解吸能力平均降低了约300 mg/kg。本研究中所有重金属的解吸并未随粘土含量的增加而变化。拟二级动力学模型更能描述重金属在土壤材料上的吸附动力学，具有较高的R2值。Freundlich模型能更好地描述As在石灰土上的吸附过程。As、Cr、Cd和Hg在土壤样品上的吸附过程是自发的并且是熵驱动的。此外，Cu和Pb在土壤材料上的吸附过程是自发的并且是焓驱动的。总体而言，随着CaCO3含量的增加，污染土壤中重金属的吸附和解吸分别增加和减少。碳酸钙对土壤中重金属积累的影响大于粘土。总之，在受重金属污染的某些地区可以适当添加CaCO
P08166,Modelling bioaccumulation of heavy metals in soil-crop ecosystems and identifying its controlling factors using machine learning,基于机器学习的土壤-作物系统重金属生物累积建模及控制因子识别,预测和控制重金属在土壤-作物系统中转移的因子识别至关重要。本研究基于13个协变量和1822对土壤-作物样本，比较了随机森林（RF）、梯度提升机（GBM）和广义线性模型（GLM），用于建模和识别影响中国长江三角洲土壤-作物系统中重金属转移的优先因子。所有作物的平均生物累积因子（BAF）顺序为 Cd > Zn > As > Cu > Ni > Hg > Cr > Pb。RF模型对土壤-作物生态系统中重金属BAF的预测能力最好，其次是GBM和GLM。RF模型对Zn、Cu、Cr、Ni、Hg、Cd、As和Pb的BAF的R2值分别为0.84、0.66、0.59、0.58、0.58、0.51、0.30和0.17。所有研究的重金属从土壤向作物转移的主要控制因子是植物类型，其次是土壤重金属含量和土壤有机质。本文使用的模型可用于辅助根据土壤重金属含量和其他协变量预测作物中的重金属含量，并显著减少实验室分析所需的成本、人力和时间。它还可用于量化变量的重要性并识别土壤-作物生态系统中重金属生物累积的潜在控制因子。
P08170,Seasonal Microbial Community Characteristic and Its Driving Factors in a Copper Tailings Dam in the Chinese Loess Plateau,中国黄土高原铜尾矿库微生物群落季节性特征及其驱动因素,
P08207,Changes in the Microbiome in the Soil of an American Ginseng Continuous Plantation,西洋参连作种植土壤微生物组的变化,西洋参是中国重要的药用作物。近年来，市场对西洋参的需求不断增加，但由于连作问题，种植面积却在减少。我们分析了土壤中的微生物组，以评估西洋参连作是否与土壤微生物组的变化有关，以及具体发生了哪些变化。与未种植的处女地相比，种植西洋参的土壤中真菌和细菌的α多样性显著降低。已知的植物根系病原菌（如镰刀菌属和Ilyonectria属）的相对丰度在种植西洋参的土壤中远高于未种植土壤。另一方面，具有生物降解功能的细菌（如甲基杆菌属、鞘氨醇单胞菌属、贪噬菌属和红长命菌属）在种植西洋参的土壤中丰度较低。此外，种植西洋参的地块的土壤pH值低于未种植地块。因此，真菌根部病原体的积累和土壤pH值的降低可能导致了西洋参连作障碍的问题。
P08208,"Substitution of manure for chemical fertilizer affects soil microbial community diversity, structure and function in greenhouse vegetable production systems",有机肥替代化肥对温室蔬菜生产系统中土壤微生物群落多样性、结构和功能的影响,土壤微生物群落和酶活性共同影响土壤的各种生态系统功能。施肥作为一种重要的农业管理措施，已知会改变土壤微生物特性，然而报道的结果并不一致。本研究旨在比较不同氮肥用量和类型（有机和无机）对中国天津温室蔬菜生产系统土壤理化性质、酶活性及微生物属性的影响。结果表明，有机肥替代化肥，尤其是高替代率，改善了土壤理化性质（较高的土壤有机碳和养分含量，较低的容重），促进了微生物生长（较高的总磷脂脂肪酸和微生物生物量碳含量）和活性（较高的土壤水解酶活性）。施用有机肥导致真菌/细菌比例升高，因为细菌生长的反应低于真菌。此外，施用有机肥显著增加了细菌胁迫指数以及微生物群落和功能多样性。主成分分析显示，有机肥对微生物群落和酶活性的影响比化肥更为显著。冗余分析表明，土壤有机碳和全氮强烈影响微生物组成，而土壤有机碳和铵态氮强烈影响微生物活性。总之，有机肥替代无机肥，尤其是在较高的替代率下，对于改善土壤质量和生物功能更为有效。
P08258,"Nutrients Recovery during Vermicomposting of Cow Dung, Pig Manure, and Biochar for Agricultural Sustainability with Gases Emissions",牛粪、猪粪和生物炭蚯蚓堆肥过程中的养分回收及气体排放与农业可持续性,在中国四川盆地的紫色土中建立了一个实验性蚯蚓堆肥系统。蚯蚓堆肥（VC）的目的是回收和管理有机废弃物，例如大量的动物粪便和作物残留物。利用蚯蚓进行VC是获取植物必需养分的一种有价值的方法。实验性蚯蚓堆肥及监测在夏季进行了两个月，间隔十五天。分别设置了四个处理组：COM（不含蚯蚓的堆肥）、VCM（使用牛粪）、VPM（通过猪粪）和VBC（使用生物炭），并结合油菜和小麦秸秆等农业废弃物与牛粪、猪粪和生物炭混合应用。使用单因素方差分析（ANOVA）统计分析和解释不同处理间的养分变化。事后分析采用Tukey检验。实验蚯蚓堆肥结果显示，VCM处理增加了植物养分，具有最低的碳氮比（从22.13降至14.38）和最大的氮浓度增加（1.77至29.15 g kg−1）。与COM相比，观察到氨挥发性显著减少的顺序为VCM > VBC > VPM。实验表明，蚯蚓堆肥是将有机废弃物转化为富含养分肥料且环境污染负荷最小的最适宜方法。
P08271,Host selection shapes crop microbiome assembly and network complexity,宿主选择塑造作物微生物组装配和网络复杂性,植物微生物组对宿主健康和生产力至关重要，但控制作物微生物组装配的生态过程尚不完全清楚。在此，我们检查了玉米-小麦/大麦轮作系统中，在不同施肥措施下，来自土壤（根际和土体）和多个区室生态位（根面、根内、叶面和叶内）的684个样本的细菌群落。我们的结果表明，微生物组的装配主要受区室生态位和宿主物种的影响，而不是地点或施肥措施。从土壤到附生植物再到内生植物，宿主选择压力依次增加，细菌多样性和网络复杂性随之降低，其中叶内生的宿主效应最强。源追踪表明，作物微生物组主要来源于土壤，并在不同的植物区室生态位中逐渐富集和过滤。此外，作物微生物组由少数优势类群（约0.5%的细菌谱系）主导，其中芽孢杆菌被鉴定为小麦和大麦的重要生物标志类群，甲基杆菌科为玉米的重要生物标志类群。我们的工作为宿主选择、作物微生物组装配的潜在来源和富集过程提供了全面的实证证据，并对未来的作物管理和操纵作物微生物组以实现可持续农业具有重要意义。
P08284,"Effect of Different Rates of Nitrogen Fertilization on Crop Yield, Soil Properties and Leaf Physiological Attributes in Banana Under Subtropical Regions of China",中国亚热带地区不同施氮量对香蕉产量、土壤性质及叶片生理属性的影响,中国南方普遍存在过量施用氮肥的现象。在热带红壤土中，氮肥对土壤性质和作物生理的影响尚不清楚。我们在亚热带地区进行了一项田间试验，评估不同施氮量对香蕉叶片生理属性（叶绿素、植物代谢酶、可溶性物质）、土壤性质（土壤酶、土壤有机质（SOM）、土壤有效养分）以及香蕉产量的影响。试验施氮量分别为每株0、145、248、352、414和455克氮。结果表明，与低施氮量相比，高施氮量（NFT和N455）显著降低了土壤有效钾（K）含量、有效磷（P）含量、谷氨酰胺合成酶（GS）活性以及可溶性蛋白和糖含量。N352处理的作物产量最高，其次是N455处理。然而，各施氮处理间的作物产量没有显著差异。因子分析表明，N352处理在土壤和叶片生理因子方面的综合得分最高。此外，N352处理在改善香蕉碳氮代谢方面最有效。作物产量与综合得分呈显著正相关。路径分析显示，转化酶、SOM和蔗糖合成酶（SS）对香蕉产量有强正相关作用。典范对应分析（CCA）表明，有效钾、转化酶、酸性磷酸酶和有效磷是影响叶片生理属性的最重要因子。聚类分析表明，不同施氮处理在土壤和叶片因子上存在明显差异。本研究表明，过量施氮对土壤肥力、作物生理和产量
P08291,"Effective Amendments on Cadmium, Arsenic, Chromium and Lead Contaminated Paddy Soil for Rice Safety",镉、砷、铬、铅污染稻田土壤的有效改良剂与水稻安全,稻田土壤中的重金属和类金属污染通过食物链对人体健康构成风险。为了在污染的稻田土壤中实现安全生产，本研究探讨了通过降低污染土壤中重金属的生物有效性来进行原位修复的方法，旨在为复合重金属(HMs)和类金属污染土壤开发具有成本效益和生态友好的方法。本研究通过盆栽实验和化学分析，研究了不同土壤改良剂的效果，包括含硫材料（毛发或半胱氨酸）、作为拮抗剂和氧化剂的锰化合物、沸石和氧化铁作为吸附剂，以及它们通过包覆或改化的组合效果。每个处理设置了两个水平，分别称为X1和X2，即单倍剂量和双倍剂量，同时在所有处理中使用CaCO3作为基础和pH提升改良剂，以确定上述处理在重金属和类金属原位修复中的最佳组合。水稻植株保持在淹水条件下。结果表明，氧化铁包覆改性毛发(T7X2)的双倍剂量(X2)显著降低了土壤中As、Cd、Cr和Pb的生物有效性，其次是KMnO4包覆沸石的双倍剂量(X2)。氧化铁包覆改性毛发(X2)使水稻植株中重金属和类金属的浓度按Pb > As > Cr > Cd的顺序分别降低了81%、80%、79%和46%，其次是KMnO4包覆沸石(X2)按Pb > As > Cr > Cd的顺序分别降低了
P08297,Effects of Soil Amendments on Heavy Metal Immobilization and Accumulation by Maize Grown in a Multiple-Metal-Contaminated Soil and Their Potential for Safe Crop Production,土壤改良剂对多重金属污染土壤中玉米重金属固化及累积的影响及其在安全生产中的潜力,本研究提出利用土壤改良剂固化金属污染物，从而减少植物对重金属的吸收。为了在污染土壤中安全种植作物，需要选择能够减轻重金属吸收并提高作物产量的合适改良剂。本研究比较了羟基磷灰石(HAP)、有机肥(OM)和生物炭(BC)三种改良剂对酸性Cd、Pb、Zn污染土壤中玉米生长和重金属积累的影响及其安全生产潜力。通过TCLP试验、EDS和XRD分析评估了改良剂对重金属固化的效果和机理。结果表明，HAP和1% OM显著增加了玉米的地上部和根部生物量。HAP显著降低了地上部和根部的Cd、Pb和Zn浓度。OM降低了地上部Cd和Pb浓度及根部Zn浓度。BC降低了地上部Cd和Pb浓度。HAP降低了Cd、Pb和Zn的转运系数(TFs)。总体而言，HAP和1% OM改善了植物的营养状况，并显著提高了土壤pH值。TCLP结果显示HAP显著降低了Cd、Pb和Zn的淋出水平，这归因于其石灰效应及形成难溶性含磷金属矿物。综合来看，HAP在稳定重金属、减少吸收和促进植物生长方面效果最佳，具有安全生产潜力。
P08301,Impacts of urbanization on soil organic carbon stocks in the northeast coastal agricultural areas of China,城市化对中国东北沿海农业区土壤有机碳储量的影响,土壤有机碳库的动态变化对区域和全球碳平衡具有重大影响。由于城市化的快速发展，土地利用方式发生了剧变，从而影响了表层土壤的有机碳（SOC）储量。本研究旨在记录中国东北某快速城市化地区城市化对SOC储量的影响。共选取了12个辅助变量作为SOC预测因子，包括海拔、坡向、坡度、地形湿度指数、Landsat TM波段3/4/5和归一化植被指数。同时考虑了城市特定变量，如人口（POP）、国内生产总值（GDP）、距社会经济中心的距离和距道路的距离。分别采集了1990年（523个）和2015年（847个）具有SOC测量数据的表层土样。建立了两个随机森林（RF）模型：一个不包含城市特定变量（MA），另一个包含所有辅助变量（MB），用于绘制两个时期SOC储量的空间分布。采用十折交叉验证评估RF模型的性能。研究发现，包含所有辅助变量的模型在两个时期均表现出更好的性能。POP和GDP是影响2015年SOC储量空间变异的关键辅助变量。在25年间，SOC储量从2.77 ± 1.09 kg m^-2下降到2.16 ± 0.93 kg m^-2，导致该区域损失了3.78 Tg SOC。快速城市化导致了剧烈的土地利用变
P08304,Development of Visible/Near-Infrared Hyperspectral Imaging for the Prediction of Total Arsenic Concentration in Soil,基于可见光/近红外高光谱成像技术的土壤全砷含量预测研究,人类活动（如采矿、冶炼和农业）造成的土壤全砷污染是全球关注的问题。可见光/近红外（VNIR）、X射线荧光光谱（XRF）和激光诱导击穿光谱（LIBS）无需过多的样品制备和化学试剂即可评估土壤中的全砷浓度。具有高光谱成像的VNIR具有预测土壤全砷浓度的潜力。本研究从中国大冶市矿区采集了59个土壤样品，并使用可见光/近红外高光谱成像系统（波长范围470–900 nm）对土壤样品进行了高光谱成像。光谱预处理包括标准正态变量（SNV）变换、多元散射校正（MSC）、一阶导数（FD）预处理和二阶导数（SD）预处理。然后基于斯皮尔曼秩相关系数识别特征波段。使用了四种回归模型进行建模预测：偏最小二乘回归（PLSR）、支持向量机回归（SVMR）、随机森林（RF）和极随机树回归（ETR）。预测结果与原子荧光光谱法的结果进行了比较。在模型的预测结果中，使用FD预处理的ETR精度最高。结果表明，结合斯皮尔曼秩相关系数与机器学习模型的高光谱成像可用于估算土壤全砷含量。
P08306,Health risks of metal(loid)s in maize (Zea mays L.) in an artisanal zinc smelting zone and source fingerprinting by lead isotope,土法炼锌区玉米中金属(类金属)的健康风险及铅同位素源解析,"工业活动引起的农田土壤金属（类金属）污染已成为一个普遍关注的环境和食品安全问题。本研究揭示了受中国西南地区长期土法炼锌活动影响的不同居住区玉米和土壤中铅、锌和镉等金属的污染状况、迁移途径及源贡献。结果表明，土壤受到Pb、Zn和Cd的严重污染，含量范围分别为40–14,280、150–47,020和1.28–61.7 mg/kg。当地居民通过摄入玉米谷物面临的Pb、Cd和Cr的风险商数极高，特别是对儿童而言。为追踪金属健康风险的来源，应用了铅同位素指纹和二元混合模型。结果表明，人为活动对玉米谷物中的铅污染贡献率超过80%。这一发现强调了居民在历史土法炼锌区食用玉米谷物面临的健康风险处于警告水平。因此，必须采取包括污染源控制和修复措施在内的有效策略，以改善土壤质量并保障类似历史冶炼区的食品安全。"
P08314,The Trends in Research on the Effects of Biochar on Soil,生物炭对土壤影响的研究趋势,本研究采用文献计量学方法分析了Web of Science核心集合数据库中关于生物炭对土壤影响的文献，量化了该领域的年发文量和文献分布。利用CiteSpace作为文献可视化分析软件，分析了学科类别分布、作者合作、机构合作、国际（地区）合作以及共被引和关键词聚类。结果展示了与生物炭对土壤影响相关的文献基本特征。此外，确定了该领域的主要研究力量。然后，我们识别了生物炭土壤效应领域的主要知识基础。同时，本文揭示了该领域的研究热点和趋势。此外，讨论了该领域未来研究的重点。本研究从文献计量角度定量且客观地描述了生物炭土壤效应的研究现状和趋势，以促进该领域的深入研究，并为相关领域的学者提供参考信息，以完善其研究方向，解决具体的科学问题，并帮助学者在其感兴趣的领域寻求/建立相关的合作。
P08318,Effects of Long-Term Repeated Freeze-Thaw Cycles on the Engineering Properties of Compound Solidified/Stabilized Pb-Contaminated Soil: Deterioration Characteristics and Mechanisms,长期反复冻融循环对复合固化/稳定化铅污染土壤工程性质的影响：劣化特征及机理,"在各项实验室测试中研究了长期反复冻融循环和污染水平对铅污染土壤工程性质（qu, E50, φ, c, k）的影响。这些土壤使用三种类型的水泥基复合粘结剂（C2.5S5F5, C5S2.5F2.5, 和 C5S5，即水泥、石灰和粉煤灰按不同比例混合；这些材料广泛用于固化/稳定化技术）进行了固化/稳定化（S/S）处理。基于无侧限抗压强度（UCS）、直剪和渗透性测量，确定了复合固化/稳定化铅污染土壤的强度和渗透系数。采用CT扫描、扫描电子显微镜（SEM）和傅里叶变换红外光谱（FTIR）测试来分析不同冻融循环次数下的劣化机理。结果表明，在反复冻融循环下，Pb-CSCSs的工程性质均有不同程度的退化，尽管退化在30天冻融循环后趋于稳定。研究还发现，污染物阻碍了土壤结构内的水化和其他有利反应（如离子交换、团聚和火山灰反应）。因此，冻融循环对水化反应的激活以及土壤颗粒的重排导致工程性质波动，且土壤随Pb2+含量的变化表现出不同的劣化特征。"
P08323,Towards Sustainable Management of Mineral Fertilizers in China: An Integrative Analysis and Review,中国矿物肥料的可持续管理：综合分析与综述,中国不仅利用全球9%的耕地成功养活了世界20%的人口，还成为了多种农产品的最大生产国。其中，矿物肥料的广泛应用在实现这一成就中发挥了关键作用。本研究从多个视角——国家和国际层面的国内生产、消费及国际贸易，以及区域层面的农业利用——对中国过去六十年的矿物肥料进行了整合分析。此外，我们定量估算了1987年至2018年间中国大陆30个省的肥料养分盈余，并将结果整合作为评估2020年肥料使用零增长行动方案实施情况的参考。结论显示，截至2019年，分别有83%和93%的省份在肥料使用量和肥料养分盈余方面已实现零增长。这表明中国有潜力在2020年前在全国范围内完成肥料零增长行动方案。
P08436,"Abundance and distribution characteristics of microplastic in plateau cultivated land of Yunnan Province, China",中国云南省高原农田土壤中微塑料的丰度与分布特征,农田土壤中的微塑料污染近来受到越来越多的关注。高原地区农田土壤中可能存在更严重的微塑料丰度，但相关研究较少。为了调查内陆农田土壤中微塑料的污染特征，通过密度分离和显微镜检查对从云南省10个县采集的100个土壤样品进行了研究。研究结果显示，微塑料丰度范围为0.9 × 103至40.8 × 103个/kg（干土），平均丰度为9.8 × 103个/kg。此外，与沉积物的研究相比，发现内陆土壤中的微塑料丰度比近海沉积物高一个数量级。塑料地膜的使用及其在农田土壤中的长期残留是微塑料污染的重要原因。在该调查中，存在各种形态的微塑料，包括碎片（78.3%）、透明/半透明（49.7%）和微尺寸微塑料（< 500 μm）（89.3%）。在紫外线辐射等环境因素的影响下，微塑料的形态发生了不同程度的老化现象。研究结果提供了农田土壤中微塑料的污染状况，应更多地关注内陆土壤的微塑料污染。
P08748,"Bioaccumulation characteristics, transfer model of heavy metals in soil-crop system and health assessment in plateau region, China",高原地区土壤-作物系统重金属的生物累积特征、迁移模型及健康评估,本研究调查了拉萨地区土壤-作物系统中重金属（包括Cd、Cr、Cu、Mn、Ni、Pb和Zn）的生物累积和转移情况，并评估了作物可食用部分的健康风险。结果表明，自然土壤中Cd、Cr、Cu、Mn、Ni、Pb和Zn的平均值分别为0.15、44.55、24.68、532.40、22.47、38.18和73.99 mg/kg，耕地土壤中分别为0.16、46.93、38.45、559.13、23.23、40.03和83.29 mg/kg。青稞和小麦在籽粒中积累Zn的能力最强，BCF值分别为0.24和0.27；作物根、茎、叶和籽粒中金属含量的分布存在显著差异。根对大多数金属表现出较大的积累能力，Zn和Cu在植物器官中容易转移，本研究中大多数金属难以从根部转移到籽粒。土壤-作物系统中大多数金属的转移峰值出现在从茎到叶的阶段。根据多元线性回归模型可以预测作物籽粒中Cr和Mn的浓度。青稞和小麦可食用部分中重金属的THQ和HI值均低于安全阈值1，表明对成人健康没有有害影响。本研究有助于理解高原地区土壤-作物系统中重金属的累积和转移。
P08896,Distribution and accumulation of cadmium in soil under wheat-cultivation system and human health risk assessment in coal mining area of China,中国煤矿区小麦种植体系下土壤中镉的分布、积累及人体健康风险评估,煤矿活动中镉的排放造成的土壤污染因对人体健康有害而引起了持续关注。本研究旨在探讨小麦种植体系下土壤中镉的分布特征及其在小麦籽粒中的积累，并进一步评估成人和儿童的健康风险。从安徽省临涣煤矿区采集并分析了58对土壤和小麦样品。结果表明，17.24%的土壤样品中镉含量超过了生态环境部规定的限值。普通克里金插值显示，土壤中镉浓度的空间变异性主要受煤矿活动影响。镉从土壤向小麦根部的转运能力大于从根部向籽粒的转运能力。多元线性回归模型阐明了土壤pH和土壤中可交换态镉是影响小麦籽粒镉积累的关键因素。研究小麦籽粒中镉水平的致癌风险令人担忧但仍处于可接受范围内，而非致癌危害对成人和儿童可以忽略不计。计算结果与基于蒙特卡洛模拟的不确定性分析结论一致。该研究有望促进减少尾矿排放的源头管理和控制策略，并为当前的土壤修复和土地退化防治提供科学参考。
P09266,Natural factor-based spatial prediction and source apportionment of typical heavy metals in Chinese surface soil: Application of machine learning models,基于自然因子的中国表层土壤典型重金属空间预测及源解析：机器学习模型的应用,预测土壤中重金属的自然分布对于理解污染的潜在风险至关重要。然而，由于巨大的空间异质性，目前仍缺乏适用于大范围的合适技术。在本研究中，我们开发了机器学习模型来预测土壤中五种典型重金属（As、Cd、Cr、Hg 和 Pb）的自然含量。研究发现，可选的随机森林（RF）模型表现最佳，R2 高达 0.64。基于该模型，对五种重金属的潜在分布进行了探索，发现高含量区域主要集中在中国的西南部和中南中部。特征分析表明，自然因子的重要性顺序为地质属性 > 土壤性质 > 气候条件 > 生态功能。特别是，母岩的岩性主导了金属的含量，贡献率为 18-25%。此外，由于不同重金属性质的变异性，土壤 pH 值、阳离子交换量、土壤剖面深度和植被覆盖度等土壤性质对重金属有不同的影响。本研究通过数据科学方法建立了自然因子与土壤重金属之间的映射关系，可为污染控制和规划决策提供指导性信息。
P09314,Global soil erosion rate 2000-2020-0.5degree_V2,全球土壤侵蚀速率数据集,该数据集提供了2000-2020年全球土壤侵蚀速率数据（0.5度精度），通过机器学习融合多源因子生成，用于评估土壤退化、指导土地可持续管理和制定水土保持政策。
P09678,"Contamination characteristics, source analysis, and ecological risk assessment of toxic metals and metalloid in agricultural soil in Yuzhong, China",中国榆中农业土壤中有毒金属和类金属的污染特征、来源分析及生态风险评价,人类活动对农业土壤造成了有毒金属污染和生态风险。本研究在中国榆中农业土壤系统采集了291个表层土壤样品，基于地统计学、污染指数和生态风险指数研究了有毒金属和类金属的污染特征、来源及生态风险。As主要分布在牧场附近，主要来源于畜牧业；Pb主要分布在煤矿工厂和黄河附近，来源于工业和交通；Cd与Pb相似，主要来源于工业、交通和农业；Cr发现于水泥厂附近，来源于工业和交通；Hg发现于城区附近，主要来源于工业和生活垃圾。这些元素超过土壤背景值的比例达到了99.9%。除部分样品中Cd和Hg过量外，Cr、Hg和As大多低于允许限值。此外，有毒金属的综合潜在生态风险主要为中等水平及以下，而Cd和Hg的风险较高。控制Cd和Hg对于预防土壤污染很重要。本研究解释了当前的污染状况、主要污染物及其来源，并为农业土壤修复提供了重点和方向。
P09679,An Uncertainty Assessment of Human Health Risk for Toxic Trace Elements Using a Sequential Indicator Simulation in Farmland Soils,农田土壤中有毒微量元素人体健康风险的顺序指示模拟不确定性评估,农田土壤中的有毒微量元素对人类健康构成潜在威胁。在本研究中，我们从广州南部的农田采集了土壤样品。我们使用顺序指示模拟（SIS）来处理样本数据偏态分布的问题。我们评估了五种有毒微量元素（砷、镉、铬、铅和汞）对人体健康的风险及其不确定性。结果如下：（1）镉和汞的风险指数低于标准阈值，这意味着研究区域内镉和汞没有人体健康风险。然而，砷、铬和铅的最大风险指数超过了标准阈值。特别是铅的最大风险指数是标准阈值的两倍；（2）在大多数地区，砷和铬的风险概率小于25%，只有少数农田地块具有100%的风险概率。铅的风险图用于识别研究区域中心高风险概率（即75%-100%）的连续区域。（3）当浓度高于阈值的样本数占总样本数的比例较大时，SIS方法的E型估计会高估风险。我们的结论如下：（1）模拟结果显示，高风险指数区域集中在番禺区，该区域靠近珠江和广州市核心城区；（2）除铅外，这些微量元素在广州南部不太可能构成健康风险；（3）本研究认为SIS方法发现的风险概率对于可视化区域风险更为可靠。
P09680,"Analysis of Soil Fertility Quality and Heavy Metal Pollution in the Dawen River Basin, China",中国大汶河流域土壤肥力质量与重金属污染分析,了解土壤肥力状况和重金属污染对流域针对性环境治理具有重要意义。本研究以中国黄河下游地区的子流域大汶河流域（DRB）为研究区。2019年10月在DRB采集了107个表层土壤样品，采样点主要位于大汶河干流10公里范围内。基于测量的土壤养分指标（有机质、全氮、全磷和全钾）和重金属含量（As、Hg、Cd、Cr和Pb），结合尼梅罗指数法、地累积指数法和普通克里格插值法，评价了DRB土壤肥力和重金属污染的状况及空间分布。结果表明，DRB土壤肥力总体处于正常水平或以下，而泰安市、新泰市和宁阳县部分地区的土壤养分含量相对较高。DRB土壤中重金属含量主要处于安全水平，但单项污染指数和地累积指数表明，个别样品存在轻度至中度重金属污染，且城市和工业集聚区的重金属含量相对较高。
P09681,"Assessment of Heavy Metal Pollution in Soil Around a plastic metal factory in Jiaxing, China",嘉兴某塑料金属厂周边土壤重金属污染评价,"本研究以嘉兴某塑料金属厂周边土壤为研究对象，测量了秋季西北风向下的风向。对不同水平距离和深度（0-30cm）土壤样品中的汞、镉、砷、镍、铅、铜和铬七种元素的含量，采用地累积指数法、内梅罗污染综合指数法和潜在生态风险指数评价法进行评价。内梅罗污染综合指数法计算出的严重污染等级样品数占总数的85.71%。利用潜在生态风险指数评价法得出，镉和铬的单项生态风险极强及以上，样品占总样本的100%。利用土壤累积指数法分析重金属污染程度为：Cd>Hg>Ni>Cu>As, Cr>Pb。结果表明，多种重金属联合作用下的生态风险评价结果不容乐观，潜在生态风险极重。"
P09682,Modeling and Predictive Mapping of Soil Organic Carbon Density in a Small-Scale Area Using Geographically Weighted Regression Kriging Approach,基于地理加权回归克里金方法的小尺度区域土壤有机碳密度建模与预测制图,不同的自然环境变量影响着土壤有机碳（SOC）的空间分布，SOC具有很强的空间异质性和非平稳性。此外，土壤有机碳密度（SOCD）与环境因素具有强烈的空间变化关系，且残差应保持独立。这是数字土壤制图研究中一项具有挑战性的工作。本研究旨在探索不同自然环境因素的影响，并在中国湖北省恩施市与宜都市交界区域（面积2130.37平方公里）构建SOC的空间预测模型。利用不同的自然环境变量（如地形、环境和人为因素）作为辅助变量，建立了逐步线性回归（STR）、地理加权回归（GWR）、回归克里金（RK）和地理加权回归克里金（GWRK）等多种空间插值模型。利用拟合优度（R2）、均方根误差和精度提高等指标评价空间插值模型的预测结果。Pearson相关系数分析和STR结果表明，SOCD与高程、地形位置指数（TPI）、地形湿度指数（TWI）、坡度和归一化植被指数（NDVI）呈强相关。GWRK的模拟精度最高，其次是RK，STR最弱。因此，为探索SOCD与相应环境变量之间的关系以及建模估算区域土壤碳库提供了科学依据。
P09684,"Arsenic biomineralization by iron oxidizing strain (Ochrobactrum sp.) isolated from a paddy soil in Hunan, China",湖南稻田土壤分离的铁氧化菌株(Ochrobactrum sp.)对砷的生物矿化作用,"铁的生物地球化学过程会影响砷的命运并改变其有效性。铁氧化细菌介导的Fe(II)氧化因生物矿物的形成而具有砷污染修复的潜力。然而，微生物Fe(II)氧化耦合砷的固定以及FeOB对土壤砷修复的影响尚未得到彻底研究。本研究从水稻土中分离出一株FeOB，鉴定为Ochrobactrum sp. EEELCW01。利用动力学反应研究了Fe(II)-NO3--FeOB体系中生物和化学反应的参与情况。研究了微生物Fe(II)氧化耦合砷矿化及其在砷污染水稻土中的应用。结果表明，生物途径促进了整个过程中的Fe(II)氧化和NO3-还原，其中涉及生物源性NO2-的化学Fe(II)氧化。同时，Fe(II)促进了NO2-的还原但抑制了NO3-的还原。添加2%或更多的细菌对水相砷具有显著的去除效果，导致纤铁矿和两种含砷矿物(angelellite, loellingite)的形成。在FeOB和NO3-同时应用的情况下，土壤中有效砷含量下降了37.6%，最终稳定在0.80 mg kg−1。此外，与单独添加Fe(II)或NO3-的处理相比，该固定化显示出长期效应。该研究证明分离的FeOB具有显著的砷矿化和固定能力，为"
P09686,"Concentration, Spatial Distribution, Contamination Degree and Human Health Risk Assessment of Heavy Metals in Urban Soils across China between 2003 and 2019—A Systematic Review",2003-2019年中国城市土壤重金属浓度、空间分布、污染程度及人体健康风险评估——系统综述,基于2003年至2019年间的在线文献数据，本研究概述了中国71个城市城市土壤中砷、镉、铬、汞、铅、铜、锌和镍重金属污染的研究。评估了城市土壤中重金属的浓度、空间分布、污染程度和健康风险。结果表明，八种重金属的平均值均超过了中国土壤背景值，克里金插值法显示，城市土壤重金属污染的热点城市主要集中在中国的西南、中南、东南沿海、华中和西北地区。地累积指数表明汞和镉处于中度污染水平，其他六种金属未显示污染。污染指数显示镉和汞达到了高污染水平，其他金属达到了中度污染水平。综合污染指数和潜在生态风险指数表明，研究区域的整体城市土壤分别属于高污染等级和中等生态风险程度，镉和汞应被标记为中国城市土壤中优先控制的金属。重金属的人体健康风险评估表明，摄入是产生不良人体健康影响的主要暴露途径。八种重金属的平均危险指数值均表明不太可能对人体健康产生不利影响，儿童和成人中砷、铬和镍的平均致癌风险值均表明对人类的致癌风险可接受。此外，与成人相比，接触这些重金属的儿童面临更严重的非致癌和致癌健康威胁。结果可为国家城市区域的环境监管机构更好地控制重金属污染和减轻对居民的不利影响提供有价值的信息。
P09688,Mapping the probability of exceeding environmental quality standards for Cd and Pb concentrations in soil of northern Tarim Basin using Bayesian geostatistical model,利用贝叶斯地统计学模型绘制塔里木盆地北部土壤中Cd和Pb浓度超过环境质量标准的概率图,镉(Cd)和铅(Pb)是生物圈中重要的有害痕量金属，被认为对环境健康构成巨大威胁。超过环境质量标准(EQS)的概率图可用于衡量土壤中Cd和Pb空间分布的不确定性，并为环境管理的决策提供有用信息。许多研究人员关注农业土壤中的Cd和Pb环境问题，而很少有研究调查中国西北干旱沙漠地区自然土壤中Cd和Pb含量超过EQS的情况。我们在新疆塔里木盆地北部的自然盐土中收集了150个样本，深度分别为0-0.05 m和0.05-0.1 m。0-0.05 m土层中Cd和Pb的平均浓度分别为0.45 mg/kg和42.13 mg/kg，0.05-0.1 m土层中分别为0.29 mg/kg和16.88 mg/kg。与环境背景值相比，土壤Cd和Pb浓度有所增加。此外，0-0.05 m土层的土壤Cd和Pb浓度显著高于0.05-0.1 m土层。我们利用贝叶斯地统计学模型预测Cd和Pb浓度的空间分布，并绘制土壤Cd和Pb超过EQS的概率图。这些概率图有望为塔里木盆地北部的土壤环境保护提供帮助。
P09689,Estimation of Organic Carbon in Anthropogenic Soil by VIS-NIR Spectroscopy: Effect of Variable Selection,基于VIS-NIR光谱的人为土有机碳估算：变量选择的影响,可见光-近红外（VIS-NIR）反射光谱被广泛应用于估算土壤有机碳（SOC）。强烈且多样化的人类活动增加了人为土壤中SOC与VIS-NIR光谱关系的异质性，导致SOC估算模型性能不佳。为了提高模型的准确性和简洁性，我们研究了竞争性自适应重加权采样（CARS）和随机蛙跳（RF）这两种变量选择算法结合五种光谱预处理方法的性能。共从中国江汉平原采集了108个样品，并在实验室测定了SOC含量和VIS-NIR光谱。结果表明，结合偏最小二乘回归（PLSR）的CARS和RF在模型精度更高和光谱变量更少方面均优于单独使用PLSR。这表明光谱变量选择可以识别出解释SOC与VIS-NIR光谱关系的重要光谱变量，从而提高人为土壤中PLSR模型的准确性和简洁性。我们的发现对于利用VIS-NIR光谱估算人为土壤SOC具有重要的实用价值。
P09691,Exploring Appropriate Preprocessing Techniques for Hyperspectral Soil Organic Matter Content Estimation in Black Soil Area,探索黑土区高光谱土壤有机质含量估算的适宜预处理技术,由于长期的耕作，中国东北的黑土逐渐退化，土壤有机质（SOM）含量以每年0.5%的速度减少。通过可见光和近红外（Vis–NIR）光谱技术可以快速获取SOM含量。通过Vis–NIR光谱估算SOM含量，选择合适的预处理技术至关重要。本研究探索了三类预处理技术，以提高黑土区SOM含量估算的准确性，共在中国东北黑龙江省海伦市典型黑土区采集了496个0-15厘米的地面样本。这三类预处理包括去噪、数据转换和降维。在去噪方面，将Svitzky-Golay滤波器（SGF）、小波包变换（WPT）、多元散射校正（MSC）和无处理（N）应用于地面样本的光谱。在数据转换方面，分数导数允许从0到2以0.2为增量变化。在降维方面，引入了多维标度（MDS）和局部线性嵌入（LLE），并与常用于土壤光谱降维的主成分分析（PCA）进行了比较。在光谱预处理后，共构建了132个偏最小二乘回归（PLSR）模型用于估算SOM含量。结果表明，SGF的表现优于其他三种去噪方法。低阶导数可以突显土壤的光谱特征以便更好地估算SOM含量；随着阶数从0.8开始增加，光谱更容易受到光谱噪声的干扰。在大多数情况下，0.2-0.8阶导数表现出最好的
P10897,"Geostatistical mapping and quantitative source apportionment of potentially toxic elements in top- and sub-soils: A case of suburban area in Beijing, China",北京城郊表层及下层土壤中有毒元素的地统计学制图与定量源解析,针对土壤（特别是来自特大城市的农业土壤）中潜在有毒元素（PTEs）的风险评估和源识别对环境保护和污染控制具有重要意义。本研究在北京顺义区（一个拥有广阔耕地且受到特大城市数十年影响的城郊地区）进行了密集采样（4127个表层土壤样品和994个下层土壤样品）。测定了8种PTEs（包括V、Cr、Ni、As、Cd、Zn、Pb和Hg）的浓度和分布，并通过主成分分析（PCA）、冗余分析（RDA）、正定矩阵因子分解（PMF）分析和人为贡献率方法对其可能来源进行了定量评估。在8种PTEs中，Zn、V和Cr在土壤中的浓度显著较高，平均值分别为68.29、68.19和52.13 mg/kg，其次是Pb（23.84 mg/kg）、Ni（22.91 mg/kg）、As（8.30 mg/kg）、Cd（0.15 mg/kg）和Hg（0.05 mg/kg）。RDA和PCA表明，岩石风化是V、Cr、Ni和As的重要来源，而当地排放和大气沉降分别贡献了大部分的Cd、Zn和Pb，以及Hg。该源类别得到了各PTEs人为贡献率空间变化的证实。PMF结果显示，当地排放贡献了土壤中96.3%的Cd、44.4%的Zn和32.0%的P
P11130,Effects of rice straw and rice straw ash on rice growth and α-diversity of bacterial community in rare earth mining soils,水稻秸秆和稻草灰对稀土矿区土壤水稻生长及细菌群落α多样性的影响,通过盆栽实验研究水稻秸秆(RS)和稻草灰(RSA)对中国赣南寻乌和信丰稀土矿区土壤早稻生长及细菌群落α多样性的影响。结果显示，稀土资源开发导致矿区周边土壤污染并影响水稻生长，水稻中稀土元素(REEs)含量与土壤中含量呈正相关，与水稻干重呈负相关。向矿区土壤添加RS会抑制早稻生长，与对照组相比，水稻籽粒、茎、根的干重较低，而REEs含量较高。土壤细菌的α多样性降低，促进了假红色黄杆菌等细菌的生长，抑制了有益菌的生长。向土壤中添加RSA对土壤细菌的α多样性没有显著影响，但促进了固氮螺菌等有益菌的生长，抑制了Bryobacter等细菌的生长，显著提高了早稻籽粒、茎和根的干重，并降低了这些部位REEs的含量。结论认为，RS不适宜添加到稀土矿区早稻种植土壤中，而RSA适宜。
P11152,Soil heavy metal lead pollution and its stabilization remediation technology,土壤重金属铅污染及其稳定化修复技术,在能源利用过程中，由于某些含重金属燃料的燃烧，重金属以烟气或炉渣的形式释放到环境中，并在大气、水和土壤之间迁移，造成各种环境污染，如化石燃料（如煤炭）、重油、含铅汽油、垃圾发电等。土壤是重金属污染物的最终受体。本文简要介绍了土壤中重金属的污染、危害及发展趋势。主要阐述了土壤中重金属铅形成磷氯铅矿的机理和途径。比较了磷氯铅矿自然形成与人工合成的异同。讨论了磷氯铅矿在水或土壤中的稳定性。通过实验获得了合成磷氯铅矿样品，并采用XRD分析方法对实验样品进行了分析和验证。结果表明，合成磷氯铅矿耗时短、成本低，且在水或土壤中稳定。因此，预计应用含磷和氯元素的肥料可作为未来修复重金属铅污染土壤的重要措施。
P11160,Influences of stormwater concentration infiltration on the heavy metal contents of soil in rain gardens,雨水径流集中入渗对雨水花园土壤重金属含量的影响,许多研究已经对雨水花园的水量减少和污染物净化进行了研究。然而，关于雨水花园中污染物变化的研究却很少。从2017年4月到2019年2月进行了7次土壤采样，以研究雨水径流集中入渗对两个雨水花园土壤重金属的影响。结果表明：(1) 雨水花园土壤中的Cu、Zn和Cd含量高于对照土壤。它们随季节变化并被截留在0-30 cm的表层；(2) Cu、Zn和Pb以铁锰氧化物结合态(S3)、有机结合态(S4)和残渣态(S5)存在。然而，Cd以可交换态(S1)和碳酸盐结合态(S2)存在，而Cr以S2、S3和S4形态存在。(3) 根据《中国土壤环境质量标准》，运行8-9年的雨水花园相对清洁，且在II级以内。然而，与陕西省的背景含量和世界相比，它们受到Cd和Zn的中度甚至重度污染，并受到Cu的轻微污染。这表明雨水花园存在雨水径流集中入渗带来的重金属污染风险。
P00005,Responses of soil carbon sequestration to climate smart agriculture practices: A meta-analysis,气候智能型农业措施对土壤碳固存的响应：一项荟萃分析,"气候智能型农业（CSA）管理措施（如免耕、覆盖作物和生物炭施用）被广泛用于在保证作物生产力的同时增强土壤有机碳（SOC）固存和减少温室气体排放。然而，目前关于CSA管理措施对SOC固存影响的测量结果差异很大，难以得出关于单一和综合CSA管理效果的结论，并在量化农业部门减缓气候变化的潜力方面带来很大不确定性。我们对417篇同行评审文章中的3,049组配对测量数据进行了荟萃分析，以检验三种常见CSA管理措施对SOC固存的影响及其环境控制因素。我们发现，平均而言，生物炭施用是增加SOC含量的最有效方法（39%），其次是覆盖作物（6%）和保护性耕作（5%）。进一步的分析表明，在气候相对较暖或氮肥投入较低的地区，CSA管理措施的效果更为明显。我们的荟萃分析表明，通过采用CSA措施，农田可以成为一个更好的碳汇。我们还强调了在确定适当的CSA措施以在确保作物生产力的同时减少温室气体排放时，考虑当地环境因素（如气候和土壤条件及其与其他管理措施的组合）的重要性。"
P00091,Soil Pollution Management in China: A Brief Introduction,中国土壤污染管理：简要介绍,在过去的几十年中，由于快速工业化和城市化，土壤污染已成为中国一个严重的环境问题。然而，传统上，中国很少有法律和法规关注土壤污染。为了应对这一新出现的威胁，近年来提出并实施了新的政策、法规和措施。本文总结了中国现有的有关土壤污染防治的法律、行动计划、法规和风险控制规则。此外，它还比较了中国与其他发达国家之间的土壤污染管理情况。中国现在已经建立了一个基于风险管控的综合土壤管理体系。已经针对农业用地、污染用地和工矿用地制定了法规。农业用地和开发用地存在单独的风险控制规则。根据土壤污染水平和农产品，农业用地可分为优先保护、安全利用和严格管理。开发用地的风险控制规则为敏感用地和非敏感用地设定了不同的标准。与发达国家的比较表明，它们的风险控制和“污染者付费”原则的经验已被中国采用。建议进行更多的科学研究和公众参与，以便未来更新这些政策。这项研究对新建立的中国土壤管理体系进行了全面的介绍。
P00257,Assessment of Potential Heavy Metal Contamination in the Peri-urban Agricultural Soils of 31 Provincial Capital Cities in China,中国31个省会城市城郊农业土壤重金属潜在污染评估,为了全面了解中国城郊农业土壤中的重金属污染状况，本研究调查了中国31个省会城市城郊农业土壤中8种重金属（即Cd、Pb、Zn、As、Cu、Cr、Hg和Ni）的浓度。数据是通过在Web of Science和中国知网（CNKI）上进行详尽的文献检索以及从中国出版的统计年鉴中获得的。为了评估每个城市的污染状况并识别各种潜在来源，基于城郊农业土壤数据集计算了各种污染指数，例如富集因子（EF）、地累积指数和综合污染指数（IPI）。重金属浓度、EF值和Igeo值的分析结果显示，城郊农业土壤中大多数重金属都有富集，Cd和Hg的浓度大大超过了中国环境保护局（CEPA）的指南。IPI结果显示，31个城市中有15个（即48%）表现出不同程度的重金属污染。虽然所有城市城郊农业土壤的平均IPI值（0.83）略低于城市土壤（0.9），但65%的城市的城郊农业土壤IPI值大于城市土壤，表明在这些大城市中，城郊农业土壤比城市土壤受到的污染更严重。这些结果对于指导未来中国扩张中城市的城郊农业土壤重金属污染研究具有重要意义。
P00332,Spatial distribution of heavy metals and their potential sources in the soil of Yellow River Delta: a traditional oil field in China,黄河三角洲传统油田土壤中重金属的空间分布及其潜在来源,本研究在中国北方的整个黄河三角洲（YERD）采集了不同深度的土壤样品。测定了砷(As)、镉(Cd)、铬(Cr)、铜(Cu)、汞、铅和锌的总浓度，以展示它们在整个YERD不同土壤层中的空间分布和污染状况。结果表明，通过污染因子（CF）和风险指数（RI）的评价，重金属污染程度相对较低。汞的潜在生态风险并不严重。此外，基于污染的广泛程度，最大的潜在威胁仅来自Cd而非Hg，这打破了石油生产加剧土壤中汞的传统观念。富集因子（EF）的值证明，受人类活动影响，表层土壤中重金属的富集程度高于深层土壤。人类活动仅轻微增加了As、Cd和Pb的浓度。在YERD中，As向下层迁移的能力最强，其次是Cd和Pb。重金属的来源主要来自天然沉积，其浓度受其与矿物结合性质的控制。总体而言，石油工业而非农业可被视为人为引入土壤重金属的重要来源。人类影响仅提高了与密集石油生产区域相对应的土壤中重金属的浓度。本研究还提出了一些措施，以避免和控制土壤污染以及重金属引起的健康风险。
P00334,Combining potassium chloride leaching with vertical electrokinetics to remediate cadmium-contaminated soils,结合氯化钾淋洗与垂直电动修复镉污染土壤,本研究评估了结合氯化钾（KCl）淋洗和电动（EK）处理修复受镉（Cd）及其他金属污染土壤的可行性。比较了三种浓度（0.2%、0.5%和1% KCl）的KCl淋洗效果。单独进行EK处理以将表层土壤中的金属迁移至下层土壤。比较了在EK处理之前或之后进行KCl淋洗的综合方法。对于单独的垂直EK处理，表层土壤（0-20 cm）中Cd、铅、铜和锌的去除率分别为9.38%、4.80%、0.95%和10.81%。1% KCl淋洗去除了表层土壤中84.06%的Cd、9.95%的Pb、4.34%的Cu和19.93%的Zn，去除率高于0.2%和0.5% KCl淋洗处理。通过结合KCl淋洗和EK处理，重金属的去除效率得到了提高，特别是对于1% KCl + EK处理，上层土壤中Cd、Pb、Cu和Zn的去除率分别达到97.79%、17.69%、14.37%和41.96%。相应地，土壤Cd含量从4 mg/kg降至0.21 mg/kg，低于中国标准限值0.3 mg/kg。结果表明，1% KCl + EK处理是缓解用于种植水稻和叶类蔬菜的土壤Cd污染的良好组合技术。
P00335,"Improving spatial prediction of health risk assessment for Hg, As, Cu, and Pb in soil based on land-use regression",基于土地利用回归的土壤汞、砷、铜、铅健康风险空间预测改进研究,重金属污染是中国快速工业化地区一个重大的健康和环境问题。污染物的空间制图精度是健康风险空间预测的主要制约因素。我们的研究探讨了提高风险评估空间预测准确性的可能性。基于表层土壤采样、土地利用数据和土壤性质，我们开发了Hg、As、Cu和Pb的土地利用回归（LUR）模型。回归结果表明，LUR比普通克里金法更准确。Hg、As、Cu和Pb的空间预测精度分别提高了15%、59%、36%和20%。然后，利用重金属和暴露参数的分布评估了健康风险的空间分布。儿童的慢性风险由Pb分布控制，致癌风险由As控制。结果表明，Pb和As是昆山儿童健康风险的主要来源。慢性和致癌风险地图可以清楚地显示我们应该注意和控制风险的地方。这项研究提供了一种简单的方法来绘制空间明确健康风险地图，这对污染控制和公共健康管理有用。
P00405,"Distribution characteristics of heavy metals in surface soils from the western area of Nansi Lake, China",中国南四湖西部地区表层土壤重金属分布特征,采集中国南四湖西部地区的表层土壤样品，对选定的重金属（包括As、Cd、Pb和Zn）进行分析，以确定其空间分布和环境效应。土壤中As、Cd、Pb和Zn的平均浓度分别为13.21 mg/kg、0.20 mg/kg、23.94 mg/kg和79.95 mg/kg。As、Cd和Zn的浓度分别比研究区背景值高约1.44倍、2.33倍和1.25倍。同时，重金属浓度在研究区内从东向西逐渐降低，呈阶梯状分布。重金属分布特征的差异可能是由湖水灌溉和施肥等农业活动引起的。OrgC、Al2O3和Fe2O3的值与重金属浓度之间存在显著的正相关关系。根据地质累积指数和潜在生态风险指数，与As、Pb和Zn相比，Cd在表层土壤中具有较高的潜在生态风险。这些结果可为评估中国南四湖附近表层土壤在自然和人为影响下的重金属分布提供科学依据。
P00406,"Heavy metal and soil nutrient accumulation and ecological risk assessment of vegetable fields in representative facilities in Shandong Province, China",山东省代表性设施菜地重金属与土壤养分累积及生态风险评价,山东是中国设施蔬菜种植的主要区域之一。88.5%的设施土壤样品pH值在7.0至8.4之间，表明大部分土壤呈碱性。全氮、有机质、电导率、有效磷和有效钾等关键性质随着种植年限的增加呈上升趋势。地累积指数表明Cd和Hg含量从未污染到中度污染，而潜在生态风险因子表明Hg和Cd达到了相当风险级别。Hakanson潜在生态风险指数（RI）的平均值为234.00，其中Hg的贡献最高（55.26%），其次是Cd（38.81%）。这表明调查区域处于中等风险水平，Hg具有最高的潜在生态风险因子，其次是Cd。
P00410,Random forest–based estimation of heavy metal concentration in agricultural soils with hyperspectral sensor data,基于随机森林的农田土壤重金属含量高光谱估算,复垦矿区农田土壤中的重金属会污染食物并危害人类健康。本研究旨在利用高光谱传感器数据和随机森林（RF）算法，在中国徐州研究区有效估算锌、铬、砷和铅等重金属的浓度。探讨了随机森林在土壤重金属估算中的内置特征选择能力和建模表达能力。在通过ASD野外光谱仪获取的光谱预处理后，执行随机森林算法，分别基于相关性选择特征和全光谱特征建立估算模型。将所有不同过程的结果与偏最小二乘（PLS）回归和支持向量机（SVM）等经典方法进行了比较。在所有实验结果中，从模型的角度来看，Zn的最佳估算模型（R2=0.9061，RMSE=6.5008）基于连续统去除（CR）预处理的全光谱数据，而Cr（R2=0.9110，RMSE=4.5683）、As（R2=0.9912，RMSE=0.5327）和Pb（R2=0.9756，RMSE=1.1694）的最佳模型均来源于相关性选择的特征。且这些重金属的最佳模型均由RF方法建立。本文实验表明，随机森林可以充分利用输入的光谱数据来估算四种重金属，且所得模型优于传统方法建立的模型。
P00413,An experimental study of the impacts of solar radiation and temperature on mercury emission from different natural soils across China,太阳辐射和温度对中国不同地区天然土壤汞排放影响的实验研究,天然土壤的汞排放是全球汞循环最重要的贡献者之一。中国已经开展了关于土壤向空气汞排放的研究。目前，大多数研究集中在中国的污染场地，而其他地区的研究很少。为了提供中国土壤向空气汞排放的更准确信息，并获得额外的实验室数据以验证太阳辐射和温度在这一过程中的作用，我们采集并测量了中国大陆各种天然土壤（范围 48–240 ng/g）在不同太阳辐射（0–900 W·m^-2）和温度（15–45 °C）条件下的汞排放通量。我们发现，在中国不同地区，当土壤汞浓度、温度和太阳辐射较高时，天然土壤的汞排放更容易发生，但由于土壤类型的不同，各地区的影响也不同。天然土壤的汞排放（0.071–24 ng·m^-2·h^-1）通常低于污染场地，这表明需要对天然土壤进行更多测量。本研究结果可为天然土壤向空气的汞排放提供更准确的信息，并有助于建立全国性的天然土壤汞排放清单。
P00431,Heavy metal pollution of soils from coal mines in China,中国煤矿区土壤重金属污染,采矿活动是环境中重金属污染的主要来源之一。为了分析中国煤矿土壤的重金属污染情况，我们评估了污染状况和潜在生态风险，比较了煤矿土壤与金属矿山土壤之间的重金属浓度差异，并在全国范围内识别了重金属之间的关系。从已发表的文献中收集了50个煤矿和35个金属矿山土壤的重金属浓度数据。本文涉及的煤矿分布在中国18个省份和4个气候带。利用地累积指数(Igeo)、内梅罗污染指数(P)、潜在生态风险指数及其他统计方法（皮尔逊相关法和ANOVA方差分析）进行了分析。与受金属矿山影响的土壤相比，煤矿土壤中的重金属浓度要低得多。对于重金属，观察到Cd、Pb和Ni的Igeo值较高。基于中国土壤标准（一级和二级）计算时，土壤受到污染或轻度污染，而基于省份背景值计算时，则为轻度或严重污染。大多数重金属（即As、Cr、Cu、Ni和Zn）显示出较低的潜在生态风险，而Cd、Pb和Hg显示出略高的生态风险潜力。统计发现As/Cr、As/Ni、As/Pb、As/Hg、Ni/Cr和Ni/Cu (P < 0.01) 以及Cu/Pb (P < 0.05) 之间存在显著的正相关关系。
P00582,Difference of Cadmium Bioaccumulation and Transportation in Two Ryegrass Varieties and the Correlation between Plant Cadmium Concentration and Soil Cadmium Chemical Forms,两种黑麦草品种镉生物富集和转运的差异及植物镉浓度与土壤镉化学形态的相关性,通过盆栽实验，研究了不同镉水平（0、75、150、300 和 600 mg kg-1）对两个黑麦草品种的生长、镉浓度和镉积累的影响，以及植物镉浓度与土壤镉化学形态之间的相关性。结果表明，随着土壤镉的增加，两个黑麦草品种的根干重、Aubade 的地上部分干重和植株干重先增加后减少。当土壤镉水平为 75 mg kg-1 时，Aubade 的地上部分干重和植株干重达到最大值（分别为 10.92 g/pot 和 12.03 g/pot），分别比对照高 11.13% 和 10.67%。两个黑麦草品种茎中的镉形态以氯化钠提取态（F-NaCl）为主，其次是去离子水提取态（F-W）和乙酸提取态（F-HAC）。土壤中的镉形态主要为可交换态（EXC-Cd），叶、茎和根中的镉浓度与根际土壤中可交换态镉含量呈显著正相关（P < 0.01）。Abbott 土壤中的 EXC-Cd 含量高于 Bond，这与 Abbott 对镉的吸收高于 Bond 相一致。两个黑麦草品种的镉转运因子均小于 1，而镉生物富集因子均大于 1。在比较两个黑麦草品种时，在 75–600 mg kg-1 Cd 胁迫下，Abbott 的地上部分
P00688,"Health risk assessment of heavy metals in the soil-water-rice system around the Xiazhuang uranium mine, China",中国下庄铀矿周边土壤-水-水稻系统中重金属的健康风险评价,"农业区的土壤和地表水中的重金属污染物会在水稻中积累，并可能对消费者的健康产生不利影响。在本研究中，我们使用沿尾矿附近河流的等距采样方法，测定了中国广东省北部下庄铀矿床周边农业区的重金属污染水平。测定了所有水样的pH值。测量了水、底泥和水稻中的重金属浓度。通过计算内梅罗污染指数、污染因子和危害商来评估污染程度。结果显示铀通过灌溉水从矿山转移到土壤和水稻中。土壤中的主要污染物及其污染指数为U (6.31), Th (4.02), Pb (2.52), Cd (2.36), Zn (1.52), 和 Mn (1.39)。稻米颗粒几乎不能富集U和Th，但容易受到Cr和Ni的影响。稻米颗粒中污染物的污染因子为Cr (1.98) 和 Ni (3.09)。危害商 (HQ) 表明，Cu (HQ > 1) 可能会对人类长期食用水稻构成潜在风险。"
P00695,"Distribution, source identification, and ecological-health risks of potentially toxic elements (PTEs) in soil of thallium mine area (southwestern Guizhou, China)",中国西南贵州铊矿区土壤中潜在毒性元素的分布、源识别及生态健康风险评估,由于铊的高毒性及其易被人体吸收的特性，通过开采铊资源对生态系统和人类健康构成了重大威胁。本文报道了中国西南贵州铊矿区潜在毒性元素的首次污染评估、空间分布、来源及生态健康风险评估。利用ArcGIS可视化PTEs的空间分布图以识别其分布趋势。利用富集因子、相关分析和主成分分析识别矿区7种潜在毒性元素的可能来源。利用地质累积指数、潜在生态风险指数、人体非致癌风险和致癌风险进行更广泛的风险评估。结果表明，研究区内PTEs含量识别出直接开采、金属生产和生活污染源。此外，PTEs的分布也受地形、雨水淋溶和河流输送的影响。主要关注的元素是Tl和As，而Cd、Cr、Cu、Pb和Zn尽管与矿床有关，但在该地区没有显著富集。风险评估识别出强烈的污染和生态风险，并对当地居民（尤其是儿童）构成了不可接受的人类健康风险。研究中的生态风险主要来自Tl（74.32%），其次是As（8.57%）和Cd（7.32%）。PTEs对研究区人类非致癌风险的贡献完全来自As和Tl，而致癌风险主要由As主导，其他元素对人类健康无显著风险。
P00696,"Heavy metal distribution, translocation, and human health risk assessment in the soil-rice system around Dongting Lake area, China",洞庭湖区土壤-水稻系统中重金属的分布、迁移及人体健康风险评估,本研究调查了中国洞庭湖区域89个水稻植株和稻田土壤中的重金属（铜、锌、镉、铬、铅、砷）含量。旨在评估整个土壤-水稻系统中的重金属污染和迁移情况，以及由此带来的居民健康风险。地积累指数表明，研究区域稻田土壤受镉中度污染，铅轻度污染，其他元素未污染。大部分重金属富集在根部，根到茎的转运系数较低（0.04-0.74）。镉、砷、锌的土壤到根部转运系数较高，表明生物有效性高。健康风险评估模型显示，镉和砷对成人和儿童均存在健康风险，铜也具有潜在风险。虽然铅是主要污染物之一，但由于其在系统中的转运系数低，通过大米摄入没有表现出健康风险。此外，利用中国稻田土壤标准（GB15618-2018）对砷的风险识别结果与健康风险评估结果不一致，表明中国需要特定地点的砷风险筛选值。
P00697,"Soil heavy metal contamination and health risk assessment associated with development zones in Shandong, China",中国山东省开发区土壤重金属污染与健康风险评估,开发区土壤重金属污染引起了广泛关注。本研究首次调查了山东省15个开发区的土壤重金属污染水平和健康风险。采用地质累积指数和潜在生态风险指数评估污染水平，并使用美国环保署模型评估健康风险。土壤受到多种重金属的污染，其中汞占主导地位。19%的监测点表现出中等生态风险水平，总体上风险水平较低。必须加强每个开发区汞和镉的污染控制。健康风险分析显示，成人和儿童的致癌和非致癌风险水平处于可接受或接近可接受的范围。正矩阵因子分解模型用于识别三种可能的重金属污染来源，即工业源、大气沉降和交通运输。应采取具体措施优先控制汞、砷和铬，以保护土壤环境和人类健康，特别是儿童等弱势群体。
P00698,"Metals in soils from a typical rapidly developing county, Southern China: levels, distribution, and source apportionment",来自中国南方典型快速发展县的土壤金属：含量、分布与源解析,本研究从中国南方广东省惠来县采集了321个表层土壤样品。测量了12种金属（Cr、Hg、As、Pb、Ni、Cd、Cu、Zn、Sb、Sn、Ti和V）的浓度。As、Pb、Cd、Zn、Sn和Ti的平均浓度高于其相应的土壤背景值，特别是As、Cd和Sn，分别是背景值的1.36、2.50和2.77倍。富集因子和污染负荷指数的结果表明，研究区的土壤金属受到中度污染，但As、Cd和Sn的污染相对严重。单因素方差分析表明，不同土地利用类型之间Hg、As、Pb、Cd、Zn和Sn的浓度存在显著差异，表明它们与人为输入有关。利用正定矩阵因子分解法对金属的潜在来源进行了定量解析，并结合相关性分析和地质统计学。结果表明，Cr、Ni、Ti和V主要来源于自然源。Pb、Zn和部分Cd主要来自交通排放。As、Cu和部分Sb归因于农业实践。Hg、Sn、部分Cd和Sb来源于工业活动。它们的贡献率分别为36.88%、22.14%、20.87%和20.11%。
