序号,英文标题,中文标题,中文摘要
P03777,Heavy metal pollution and risk assessment of farmland soil around abandoned domestic waste dump in Kaifeng City,开封市废弃生活垃圾堆场周边农田土壤重金属污染及风险评价,为了清晰了解开封市东部郊区垃圾堆场周边农田土壤的重金属污染及潜在生态风险，为农田土壤重金属修复提供科学依据，本文同时采用单因子污染指数法、内梅罗综合污染指数法和Hakanson潜在生态风险法评价该区域农田重金属污染状况及潜在生态风险程度。利用ArcGIS软件绘制重金属污染和潜在生态风险的空间分布图。结果表明，该区域重金属平均值高于开封市土壤背景值，土壤重金属超标问题显著。在41个表层土壤样品中，Cd的重度和中度污染率分别高达15%和38%，Cd元素引起的潜在生态风险相当严重，超过35%的土壤样品处于较高的潜在生态风险中。综合评价结果显示，38%的样品为重度污染，23%的样品土壤处于较高的潜在生态风险中。空间分布特征显示，大多数重金属水平和潜在生态风险程度在垃圾堆场中心较高，向外辐射区逐渐降低。这意味着垃圾堆场的粉尘和渗滤液是重金属污染和潜在生态风险的主要原因。此外，村民将垃圾场的堆土作为油菜的土壤肥料回收，在一定程度上也导致了堆体污染物的转移。
P03778,Heavy metal pollution characteristics and potential ecological risk assessment of soils around three typical antimony mining areas and watersheds in China,中国三个典型锑矿区及流域周边土壤重金属污染特征及潜在生态风险评估,中国是全球最大的锑资源国。锑的开采和冶炼必然对矿区周边及下游农田产生重大影响。因此，有必要了解锑的污染特征并评估其潜在环境风险。本文以三个典型锑矿区为研究区域，分析了矿区和流域土壤中的重金属含量。采用单因子污染指数法、内梅罗综合污染指数法、地累积指数法和潜在生态风险指数法，综合评价了矿区周边土壤的污染状况和生态风险。冷水江锡矿周边土壤受As、Cd、Zn和Sb污染，属重度污染土壤，处于高生态风险水平。南丹茶山锑矿周边耕地土壤受As、Cd、Cu、Pb、Sb和Zn污染，属重度污染土壤，处于极高风险水平。旬阳锑矿周边土壤主要受Sb污染，属中度污染土壤，处于中等生态风险水平。结果显示，冷水江和南丹矿区土壤重金属总体处于高风险状态，很可能是由于金属矿石的冶炼、开采以及矿化岩石的风化所致。本研究旨在为中国锑矿区及流域周边的农田安全利用和污染控制提供科学依据。
P03789,Revealing underlying mechanisms affecting electrokinetic remediation of an artificially Cu- and Pb-contaminated loess using the external regulatory system with adsorbent,利用吸附剂外调控系统揭示人工Cu和Pb污染黄土电动修复的潜在机理,
P03816,Individual and combined contamination of oxytetracycline and cadmium inhibited nitrification by inhibiting ammonia oxidizers,土霉素和镉的单独及复合污染通过抑制氨氧化微生物抑制硝化作用,
P03861,Contributions of Plant Litter Decomposition to Soil Nutrients in Ecological Tea Gardens,生态茶园植物枯落物分解对土壤养分的贡献,植物枯落物分解及其对土壤养分的影响是生态系统物质循环的重要组成部分，理解这些过程对于物种选择和配置以促进生态茶园枯落物的有效利用至关重要。本研究利用原位枯落物分解方法，研究了贵州九安生态茶园中樟树、光皮桦、杉木、马尾松和茶树修剪叶的分解特征及其对土壤养分的影响。结果表明，阔叶树种的枯落物分解率高于针叶树种，半衰期为1.11–1.75年，周转期为4.79–7.57年。枯落物养分释放有两种模式：直接释放和淋溶-富集-释放。不同的枯落物对土壤养分的贡献不同；光皮桦和樟树枯落物增加了土壤有机碳、土壤全氮和土壤水解氮的含量。光皮桦枯落物增加了土壤全磷、有效磷和有效钾的含量，马尾松枯落物增加了土壤全钾和有效钾的含量；因此得出结论，光皮桦枯落物的分解对土壤养分含量有积极影响。因此，光皮桦是纳入生态茶园以提高其养分归还能力、维持肥力并总体促进茶园生态发展的良好选择。
P03867,"Spatial Distribution, Pollution Characteristics, and Health Risk Assessment of Heavy Metals in Soils from a Typical Agricultural County, East China",中国东部典型农业县土壤重金属空间分布、污染特征及健康风险评估,本研究采集了中国东部莱阳市1135个耕地表层土壤样品，分析了重金属（As、Cd、Cu、Cr、Hg、Ni、Pb 和 Zn）的分布、污染及健康风险。结果表明：(1) 部分采样点的8种重金属含量高于中国风险筛选值，存在重金属污染。(2) 利用改进的地累积指数评价土壤污染，改进前后的平均 I_geo 值分别为 0.32（无污染至中度污染）和 -0.04（无污染）。(3) Hg 和 Cd 是本研究中生态风险的主要贡献者，累积生态风险贡献百分比 > 65%。潜在生态风险指数（PERI）结果显示，9.3% 的采样点被认为具有中度生态风险。(4) As、Pb、Ni 和 Cu 通过不同暴露途径对成人和儿童的非致癌风险贡献率 > 95%，且不同的土壤摄入途径对成人的非致癌风险均不构成威胁；存在一个采样点的 HQ_Children > 1，这与非致癌风险位点一致，表明该地区及周边地区的儿童更容易面临双重健康风险。因此，有必要在研究区推进重金属风险管理，以安全利用土壤资源。
P03888,Long-Term Effect of Tamarisk Plantation on Soil Physical Properties and Soil Salt Distribution in Coastal Saline Land,柽柳造林对滨海盐土土壤物理性质及盐分分布的长期影响,通过种植耐盐植物进行沿海土地生态恢复已被广泛用于植被建设。本研究旨在评估柽柳灌木对沿海土壤物理质量引起的变化及其对土壤盐分分布的相应影响。野外研究在中国北方的沿海盐地进行，分别建立了5年生（T-5yr）和11年生（T-11yr）的柽柳人工林，并以荒地作为对照（CK）。研究考察了定量的土壤物理性质、土壤物理质量指数、土壤盐分分布以及盐分淋溶情况。结果表明，种植柽柳改善了沿海土壤的性质，且表层的改善程度高于深层。柽柳造林显著增加了土壤有机碳含量和pH值。它还促进了土壤大团聚物的形成和孔隙度的增加；然而，表层土壤的容重和含盐量有所下降。土壤物理质量指数与柽柳的根重密度呈正相关，且T-11年生林分的土壤物理质量指数最高，促进了支持根系生长的土壤物理功能并增强了抗土壤退化能力。此外，柽柳引起的土壤物理变化增强了雨季的盐分淋溶，有助于盐分在土壤剖面中的均匀分布。因此，柽柳植被通过植物-土壤相互作用和土壤结构改善的生态效益将沿海盐碱地转变为肥沃的土地，从而通过加速柽柳恢复后的盐分淋溶来防止自然土壤积盐。这项研究为柽柳对沿海土壤恢复的机制及其对盐分分布的调节提供了一些见解。
P03891,Suitability Evaluation of Tea Cultivation Using Machine Learning Technique at Town and Village Scales,基于机器学习的镇村级茶叶种植适宜性评价,茶叶种植适宜性评价对于提高茶叶产量和质量非常重要，可以避免盲目扩张并实现可持续发展；然而，迄今为止，缺乏镇村级尺度上的相关研究。本研究选取安徽省黄山市新明乡为研究区，该区是中国十大名茶之一太平猴魁的主产区。我们提出了一种基于机器学习的茶叶种植适宜性评价模型，通过比较逻辑回归（LR）、极限梯度提升（XGBoost）、自适应提升（AdaBoost）、梯度提升决策树（GBDT）、随机森林（RF）、高斯朴素贝叶斯（GNB）和多层感知器（MLP）来计算评价因子的权重精度。然后，我们选取了包括气候、土壤、地形和生态经济因素在内的12个因子，使用精度最高的RF计算评价因子权重，并获得了适宜性评价结果。结果表明，茶叶种植的高度适宜区、中度适宜区、一般适宜区和不适宜区分别占14.13%、27.25%、32.46%和26.16%。结合实地调研，高度适宜区主要分布在新明镇西北部，这与新明镇级茶叶种植分布一致。研究结果为支持镇村级茶叶种植土地配置决策和可持续绿色农业发展提供了科学参考。
P03931,"Contamination Levels and the Ecological and Human Health Risks of Potentially Toxic Elements (PTEs) in Soil of Baoshan Area, Southwest China",中国西南宝山地区土壤中潜在毒性元素的污染水平及其生态与健康风险,"本研究的主要目标是揭示中国西南宝山地区潜在毒性元素的环境状况及其生态风险和相关的健康风险，该研究区已完成1:250,000比例尺的地球化学填图。基于PTE浓度与中国土壤环境质量的比较，以及富集因子(EF)、地累积指数、污染因子、潜在生态风险指数以及潜在非致癌危害指数和致癌风险指数的评估，得出以下结论：研究区采集的表层土壤样品中，PTE浓度超过中国农用地土壤污染风险筛选值的点位占1.65%。镉和汞比其他PTEs（砷、铬、铅、铜、镍和锌）构成更高的生态风险，这与其毒性响应因子一致。砷是研究区对人类具有非致癌风险（儿童19.57%的点位，成人0.25%的点位）的主要PTE，也是唯一具有致癌风险的PTE（儿童2.67%的点位，成人0.76%的点位）。由于行为和生理特征，儿童比成人更容易受到健康风险的影响。地质成因是导致研究区PTE高浓度、生态风险和健康风险分布格局的主要原因。尽管目前的研究突出了该研究区PTE污染的几个重要方面，但还需要进一步调查，特别是在矿区。"
P03932,"Assessment of Soil Heavy Metal Pollution and Its Ecological Risk for City Parks, Vicinity of a Landfill, and an Industrial Area within Guangzhou, South China",中国南方广州市城市公园、垃圾填埋场附近及工业区土壤重金属污染评价及其生态风险,作为污染物的主要汇，城市土壤重金属污染及其对城市居民和生态系统的影响已成为最重要的环境问题之一。本研究利用地累积指数、改进的内梅罗指数、污染程度和污染安全指数四种指数，以及潜在生态风险指数，对广州市城市公园、垃圾填埋场附近和工业区采集的土壤样品进行了单项或综合重金属污染及其生态风险的评估。结果表明，根据地累积指数计算的改进内梅罗指数（IMN）适用于填埋场和工业区内的土壤重金属污染评估。对于城市公园采集的土壤，污染程度（mCd）比IMN更适用。Cd、Hg、Zn和As是广州市城市土壤的主要污染元素。广州市城市土壤的潜在生态风险主要由Cd和Hg引起。城市公园和工业区附近采集的土壤样品受到中度到重度甚至极严重的重金属污染。与公众的传统认知不同，垃圾填埋场附近土壤中重金属的生态影响与城市公园相似甚至更好。
P03934,"Ecological and Health Risk Assessment of Heavy Metals in Farmland in the South of Zhangbei County, Hebei Province, China",河北省张北县南部农田重金属的生态与健康风险评估,该研究调查了中国河北省张北坝上草原附近畜牧业地区农田中重金属的分布，旨在为农村农田污染控制提供依据。研究收集了53个表层土壤样本（包括28个马铃薯土壤和25个燕麦土壤），并分析了Cd、Cu、Pb、Zn、Cr、As、Hg和Ni的分布。此外，采用单因子指数、内梅罗综合污染指数、地累积指数和潜在生态危害指数评估了土壤重金属污染的生态风险。结果显示，马铃薯种植土壤中八种重金属的含量均低于风险筛选值。裸燕麦种植土壤的单因子指数显示，Cd、Hg和Ni的浓度分别有8%、4%和8%超过了中国的筛选限值。根据地累积指数，4%的样本Cd达到中等生态风险水平。生态风险评估结果表明，研究区土壤总体呈现轻度污染。健康风险评估结果表明，致癌风险不可忽视。砷是该县对人类的主要致癌污染物。主要污染源是采矿和化肥施用。
P03935,Spatial Distribution Characteristics and Source Appointment of Heavy Metals in Soil in the Areas Affected by Non-Ferrous Metal Slag Field in the Dry-Hot Valley,干热河谷有色金属渣场影响区土壤重金属空间分布特征及源解析,本研究在中国四川省会理市一个典型有色金属渣场的影响区内采集了63个表层土壤样品，测定了6种金属元素（Pb、As、Cu、Zn、Ni、Cr）的含量及相关土壤性质。这6种金属的相关土壤性质包括铵态氮、硝态氮、有效磷、有效钾、电导率、阳离子交换量、土壤含水量和pH值。利用多元统计-空间分析-土壤污染综合评价方法量化了表层土壤重金属的环境污染程度，并根据污染程度对渣场进行了分区。利用皮尔逊相关分析和正定矩阵因子分解（PMF）识别并定量分析污染源及其贡献。结果表明，Pb、As、Cu、Zn、Ni和Cr的平均含量分别为13.27、19.87、6.91、50.55、25.06和77.71 mg·kg−1。内梅罗综合评价结果显示，轻污染和轻微污染点位分别占总采样点的26.98%和3.17%。研究区内约70%的采样点土壤没有重金属污染。无污染或轻微污染的点位主要分布在有植被覆盖的林地，而中度污染或重度污染的点位主要分布在农作物种植区和靠近渣场的区域。PMF模型揭示了四个污染源：自然源、混合工业与交通源、农业源和工业河流水。
P03991,Evaluation of Soil Pollution by Potential Toxic Elements in Cultivated Land in the Poyang Lake Region Based on an Improved Matter–Element Extension Model,基于改进物元可拓模型的鄱阳湖地区耕地土壤潜在毒性元素污染评价,本研究考察了中国江西省鄱阳湖地区耕地土壤中潜在毒性元素（PTEs）的污染状况。共采集了0-20 cm深度的251个表层土壤样品，以测定7种PTEs（Hg、As、Pb、Cd、Cu、Cr和Zn）的浓度。基于PTEs的浓度，构建了改进的物元可拓模型来评价土壤PTEs的污染水平。我们还应用Hakanson毒性响应因子修正了常规加权方法确定的PTEs权重。土壤样品中所有7种PTEs的平均浓度均超过了江西省的当地背景值。不同PTEs的超标率排序为 Cr > Cu > Cd > Hg > Zn > Pb > As (36.2–87.9%)。这些潜在的有害污染物主要来自周边的工农业区，可通过不同途径进入耕地土壤。都昌县、湖口县和共青城市的样品处于清洁状态，而其他地区的样品处于尚清洁状态或处于警戒限。评价结果与几种常规方法获得的结果一致。因此，改进的物元可拓模型可应用于耕地土壤PTEs污染的评价，并获得可靠的结果。
P03992,"Characteristics and Risk of Forest Soil Heavy Metal Pollution in Western Guangdong Province, China",中国粤西森林土壤重金属污染特征及风险,粤西是广东省重要的生态屏障，因此了解该地区森林土壤重金属污染的空间格局和源解析对生态保护具有重要意义。本研究测定了森林土壤中重金属（Cd、Pb、Cu、Zn 和 Ni）的浓度。利用地统计学、单因子污染指数（PI）、潜在生态风险指数（RI）、主成分分析（PCA）和 Pearson 相关分析对森林土壤重金属污染特征进行评价和分析。结果显示，平均浓度未超过临界值。Cd、Pb 和 Cu 在新兴县西南部富集，而 Zn 和 Ni 在郁南县和云城区大部分地区富集。PCA 和相关分析确定了两组来源不同的重金属。各自富集区中的 Cd、Pb 和 Cu 主要来自大理石和水泥生产，而 Zn 和 Ni 主要来自交通运输和化肥。研究区大部分区域安全或轻度污染，而重金属富集区为中重度污染。研究区的潜在生态风险处于较低水平，但在新兴县西南部处于中等水平。综上所述，人为因素影响森林土壤重金属的空间格局和生态风险。本研究为森林土壤污染控制和生态保护提供了科学依据。
P03993,Positive Effects of Reforestation on the Diversity and Abundance of Soil Fauna in a Landscape Degraded Red Soil Area in Subtropical China,亚热带中国退化红壤景观区再造林对土壤动物多样性和丰度的积极影响,亚热带中国地区人为干扰导致的严重土壤退化引发了一系列生态问题。土壤动物是森林土壤生态系统的重要组成部分，在维持土壤质量方面发挥着重要作用，并能敏感地反映人类活动造成的土壤干扰。本研究评估了再造林对土壤动物群落和地下食物网的长期影响。研究在30年的再造林定位试验样地采集了土壤动物。选择了中国南方泰和县的6种再造林模式（纯木荷林、纯枫香林、纯马尾松林、枫香与木荷混交林、马尾松与木荷混交林以及枫香与马尾松混交林）。结果表明，与其他再造林模式相比，枫香与马尾松的植被恢复显著提高了退化红壤区的土壤动物丰度和生物量。在该地区，蜱螨目和弹尾目分别占土壤动物总丰度的65.8%和23.3%。枫香与马尾松混交林对蜱螨目次级分解者和微型捕食者的丰度有积极影响。此外，在枫香与马尾松混交林中发现了弹尾目丰度的显著增加。土壤动物数量最高的林分类型也具有较高的土壤动物生物量。因此，在退化红壤区进行再造林对土壤动物群落具有积极影响。
P03994,The Coupling Relationship between Herb Communities and Soil in a Coal Mine Reclamation Area after Different Years of Restoration,煤矿复垦区不同恢复年限草本群落与土壤的耦合关系,在矿区完整的有机生态系统恢复中，土壤和植被互补并相互影响。评估土地复垦后草本群落与土壤理化性质的耦合协调关系，对于评价矿区生态恢复效果和生态系统稳定性具有重要意义。因此，本研究以内蒙古自治区鄂尔多斯市东胜区的聚鑫龙煤矿为研究区。选取恢复期为3至7年的林下草本植物群落和土壤因子为研究对象。此外，以人工草地和自然恢复草地为对照，调查不同地点草本群落组成和土壤理化性质。采用灰色关联耦合模型研究草本群落与土壤因子的关系，并探讨草本群落与土壤理化性质的耦合机制。结果包括：(1) 调查区共调查到51种草本植物，其中禾本科、菊科、豆科和藜科为主要物种，占总数的70%。(2) 随着恢复年限的增加，林下草本植物的多样性指数总体呈上升趋势，但不同恢复年限的林下草本植物多样性指数小于人工草地。(3) 灰色关联分析结果表明，研究区草本植物群落多样性与土壤有效氮和水分含量密切相关。(4) 研究区草本植物多样性与土壤的耦合协调度在恢复年限累积期间呈现先上升后下降的趋势。其中，5年恢复样地的林下草本植物多样性与土壤系统的耦合度最高(0.73)，属于中等协调。人工草地中草本多样性与土壤的耦合度最低(0.51)，属于轻
P04011,Sustainable Strategies for the Agricultural Development of Shaanxi Province Based on the Risk Assessment of Heavy Metal Pollution,基于重金属污染风险评估的陕西省农业可持续发展策略,农田土壤中的重金属元素会被作物吸收并危及食品安全。为了评估陕西省农田土壤中重金属元素对作物的风险，我们收集了693个土壤样本并分析了九种重金属（As、Hg、Pb、Cd、Cr、Mn、Cu、Zn 和 Ni）的浓度。根据《中华人民共和国国家标准》（GB 15619-2018），重金属浓度高于风险筛选值的土壤样本点比例为：Cd 2.02%、Cr 0.29%、Zn 0.29%、Cu 2.31%、Ni 1.15% 和 Pb 0.14%。重金属浓度高于背景值的区域比例从大到小依次为：Zn (53.20%) > Mn (49.86%) > Cd (29.51%) > Hg (26.77%) > As (26.58%) > Ni (14.95%) > Cu (13.90%) > Pb (6.49%) > Cr (1.40%)。通过重金属暴露风险评估（地质累积指数、污染负荷指数和潜在生态风险指数）确定，汞是陕西省农田土壤中最令人担忧的重金属。此外，11.56%的区域存在汞污染，主要分布在关中西部。关中地区农田土壤污染最为严重，其次是陕南地区，最后是陕北地区。造成大规模农田土壤污染的重金属污染主要来源是陕西
P04071,Heavy Metal Pollution and Health Risk Assessment of Vegetable–Soil Systems of Facilities Irrigated with Wastewater in Northern China,中国北方污水灌溉设施菜地土壤系统重金属污染与健康风险评估,土壤重金属污染是中国近年来备受关注的主要问题。旨在调查污水灌溉设施中土壤重金属污染状况及蔬菜安全性，本研究调查了中国北方沈阳市细河典型污水灌溉区设施蔬菜-土壤系统中重金属的分布和迁移特征。评估了接触设施蔬菜土壤中重金属及体内生长的蔬菜通过不同接触途径带来的健康风险。采用空间插值法和潜在生态风险评价来评价土壤质量。利用生物累积因子分析不同蔬菜不同部位对镉、铜、铅和锌的吸收和运输能力。结果表明，细河污水灌溉区设施土壤中，镉的平均浓度超过标准值1.82倍，累积达11倍，表明在这四种金属中，镉造成的污染最为严重。在该市，土壤中镉的显著累积具有不同的空间分布特征。在估算的潜在生态风险指数中，镉的贡献也最大，而其他三种金属的影响相对较小。重金属浓度大多低于相应中国标准设定的限值。四种金属的生物富集系数不同，顺序为 Cd > Zn > Cu > Pb。不同蔬菜也表现出不同的生物富集系数，顺序为叶菜类 > 根茎类 > 茄果类。对于所有三种接触途径，四种重金属的非致癌风险幅度均小于1，不会对人类造成显著的非致癌健康影响。然而，通过膳食摄入来自某些蔬菜的镉的致癌风险被认为较高。应采取保护措施，以实施更好的
P04202,"Spatial Identification and Redevelopment Evaluation of Brownfields in the Perspective of Urban Complex Ecosystems: A Case of Wuhu City, China",基于城市复合生态系统视角的棕地空间识别与再开发评价：以中国芜湖市为例,中国快速的工业化和城市化导致棕地数量迅速增加，然而缺乏对城市棕地空间范围的识别和棕地再开发的准确评估。基于棕地与城市复合生态系统的关系，本文定义了中国的棕地，并构建了包括社会、经济和生态子系统的综合评价指标体系。以芜湖市为例，利用遥感数据和实地调查识别了19个棕地。基于棕地土壤污染物检测，采用模糊综合评价方法对其再开发方向提出了建议。
P04204,Source Apportionment and Geographic Distribution of Heavy Metals and As in Soils and Vegetables Using Kriging Interpolation and Positive Matrix Factorization Analysis,利用克里金插值和正定矩阵因子分析法解析土壤及蔬菜中重金属和砷的源解析与地理分布,土壤重金属(HM)污染会严重影响粮食安全和耕地利用。因此，识别农田污染源是控制土壤污染和有效提高土壤质量的有效途径。本研究从中国天津市武清区采集了95个表层土壤样品、34个蔬菜样品、27个灌溉水样品和20个化肥样品，用于测定其重金属积累及潜在生态风险。然后，利用克里金插值和正定矩阵因子分析(PMF)识别土壤重金属的来源。结果表明，研究区土壤重金属污染处于中等水平，但Cd污染较为严重，且蔬菜中Cd含量略高于允许阈值(0.02 mg·kg−1)。此外，观察到污染物分布不均匀，重金属污染物浓度较高的区域集中在研究区西南部，那里有许多金属制造企业。我们的结果表明，Cd源自工业活动；As和Pb源自农业实践；Ni、Cu、Cr和As主要源自天然源；Zn和Cu源自有机肥；Pb和Cd主要源自交通排放；Cr、Ni和Pb源自污水灌溉。显然，研究区土壤重金属的积累主要归因于工业活动，这意味着政府需要实施战略以减少工业点源污染。
P04207,"Adsorption and pH Values Determine the Distribution of Cadmium in Terrestrial and Marine Soils in the Nansha Area, Pearl River Delta",吸附和pH值决定珠江三角洲南沙地区陆海土壤中镉的分布,镉是一种有毒元素，半衰期长达数十年，可通过食物链在人体内积累并严重危害健康。土壤中镉的吸附和解吸过程直接影响该元素在土壤-植物系统中的迁移、转化、生物有效性和生态毒性。沿海地带位于陆海过渡带，大量陆源物质输入对该生态系统有重要环境影响。在沉积环境中，pH值、水动力条件、土壤有机质(SOM)等定义海陆相互作用的因素与陆相环境显著不同。为了研究珠江三角洲南沙地区海陆交错带土壤中影响镉吸附的关键因素，对原状土柱进行了测试。结果表明，海洋土壤的吸附常数KF和Cd2+吸附量高于陆地土壤。然而，陆地沉积物中镉的饱和吸附量高于海洋沉积物。土壤pH是影响陆地和海洋沉积物镉吸附量的重要因素。中性及碱性表层土壤条件抑制了镉的垂直迁移，而酸性环境则促进了迁移。粘土和SOM含量越高，土壤对Cd2+的吸附能力越强。这些发现表明，海相和陆相沉积土壤中镉的分布不仅与吸附有关，还与不同沉积环境中发生的物理化学过程有关。
P04208,Effect Mechanism of Land Consolidation on Soil Bacterial Community: A Case Study in Eastern China,土地整理对土壤细菌群落的影响机制：中国东部案例研究,土地整理是改善农田基础设施、提高土壤质量、维持健康农田生态系统和农村人口的有效工具，为粮食安全和区域可持续发展做出贡献。先前的研究表明，土地整理调节了土壤的理化性质。土壤微生物在土壤健康和作物性能中也起着重要作用；然而，很少有研究报告土地整理如何影响土壤微生态。在这里，我们使用DNA测序技术比较了有和没有土地整理的农田中的细菌群落结构。DNA测序技术是世界上最先进的获取生物信息的技术，已被广泛应用于土壤微生态环境的研究中。2018年9月，我们在中国浙江省嘉善县采集了土壤样本，并使用DNA序列技术比较了有和没有土地整理的农田中的细菌群落结构。我们的结果发现：（1）土地整理对土壤微生物特征有显著影响，主要表现为微生物生物量、微生物多样性和群落结构的变化。土地整理可以增加三个优势细菌门和三个真菌优势门的相对丰度，但它也负面影响六个优势细菌门和三个真菌优势门的相对丰度。（2）土地整理通过调节土壤理化性质对土壤细菌群落结构产生间接影响。（3）在不同重金属污染水平的土地整理区域，重金属对细菌群落结构的影响差异显著。在低污染、轻污染、中污染和重污染耕地中，分别有6、3、3和5个细菌属与重金属含量显著
P04209,"Pollution Assessment and Source Apportionment of Soil Heavy Metals in a Coastal Industrial City, Zhejiang, Southeastern China",中国东南沿海工业城市浙江省土壤重金属污染评价及源解析,本研究选取中国东南部典型的工业城市宁波市为研究区，在248个采样点测定了12种重金属(Cd、Cr、Ni、Pb、Zn、Cu、Hg、As、Co、V、Se和Mn)的浓度。利用污染指数法评估土壤重金属污染状况，并结合正定矩阵因子化(PMF)模型和Unmix模型识别和解析重金属污染的来源。结果表明，研究区近70%的区域受到重金属污染，Ni、Cr和Zn是主要的富集重金属。PMF模型识别出五个来源：地质来源、大气沉降来源、交通排放来源、农业和工业混合来源以及地质和工业混合来源。Unmix模型识别出四个来源：地质、农业和工业混合来源(14.27%)；交通排放来源(4.76%)；地质来源(14.7%)；地质和工业混合来源(66.28%)。这些结果具有实际意义，有助于开展污染源风险评估并优先进行污染源控制管理。
P04210,"Ecological Risk, Input Flux, and Source of Heavy Metals in the Agricultural Plain of Hebei Province, China",中国河北省农业平原重金属的生态风险、输入通量及来源研究,"中国北部河北平原的农业区存在大量重金属输入。然而，这些地区重金属的潜在生态风险、来源和输入通量尚未得到充分研究。本研究采集了中国河北省农业区（约 74,111 平方公里）的大气沉降物、化肥、灌溉水和农业土壤样品。计算了八种重金属的地质累积指数和土壤潜在生态风险指数。利用输入通量和主成分得分-多元线性回归（PCS-MLR）方法预测了每种元素的来源和输入通量。结果表明，Cd 和 Hg 的 Igeo 值升高，且 As (29.5 mg/kg)、Cu (228.9 mg/kg)、Cd (4.52 mg/kg) 和 Zn (879.0 mg/kg) 的最大含量超过了中国土壤质量标准中的健康风险筛选值。Cd 的潜在生态风险因子显示出中度潜在生态风险，占总风险的 67.72%。分布图显示 Cd 主要集中在研究区保定东部地区。通过计算输入通量，结果表明大气干湿沉降对土壤污染的贡献超过了化肥或灌溉水的使用。贡献顺序为 Zn (94%) > Cu (92%) > Pb (89%) > Cr (86%) > Cd (72%) > Hg = Ni (71%) > As (59%)。主成分分析（PCA）结果表明"
P04212,"Heavy Metal Pollution and Soil Quality Assessment under Different Land Uses in the Red Soil Region, Southern China",南方红壤区不同利用方式下土壤重金属污染与土壤质量评价,与人类活动相关的不同土地利用方式对土壤质量及土壤中重金属再分配的影响一直受到广泛关注。采集了中国南方典型红壤区的表层土壤样品，结合重金属污染评价与肥力评价，综合评估了土壤质量。结果表明，研究区土壤肥力总体处于中下水平，少数区域土壤重金属污染风险已达警戒线和轻度污染线，存在潜在污染风险。TOPSIS评价结果显示，土壤综合质量主要为优质和中等质量，分别占总土地面积的31.7%和29.0%。正定矩阵因子分解（PMF）模型结果显示，交通源对Cd和Pb的贡献较大。对于Cr，自然源贡献了53.8%。对于Cu和Zn，农业源分别贡献了50.7%和38.7%。总之，南方红壤区土壤综合质量评价为土壤资源的科学管理和可持续利用提供了重要依据。
P04214,"Source Identification and Apportionment of Potential Toxic Elements in Soils in an Eastern Industrial City, China",中国东部某工业城市土壤中潜在有毒元素的来源识别与解析,经济增长的粗放模式对生态环境造成了不可估量的负面影响，导致土壤污染问题日益突出。为了提高区域土壤重金属污染防治的有效性和合理性，有必要了解污染现状，识别污染源并明确未来的污染风险。本文以中国东部某工业发达城市为研究区域。在评估土壤潜在有毒元素生态风险后，应用正定矩阵因子分解模型（PMF）和Unmix模型对土壤潜在有毒元素的污染源进行识别和解析。PMF模型识别出六个因子，包括单一源和复合源。Unmix模型也识别出六个来源，包括自然源、工业排放和交通排放。两个模型的比较表明，研究区域的Hg和Ni污染以及Cr的富集与企业和工厂的工业排放有关。Cd污染与交通排放源有关。Cu和Zn污染与成土母质、交通排放和电子企业工业排放混合而成的多种来源有关。Pb污染与自然源（如土壤pH值）有关，但也与工业源（如工业废物排放）有关。富集与成土母质和农业投入有关。我们的研究还表明，该区域土壤重金属污染或富集主要来源于人为源，自然源为辅。
P04215,Heavy-Metal Speciation Distribution and Adsorption Characteristics of Cr (VI) in the Soil within Sewage Irrigation Areas,污水灌溉区土壤中Cr(VI)的重金属形态分布与吸附特性,"虽然污水灌溉缓解了中国北方的水资源短缺，但其过度应用会引发一系列环境问题，如重金属污染。本研究选取中国河南省开封市惠济河(HJR)和化肥河(HFR)附近自1960年代以来就有污水灌溉活动报道的农田作为研究区，采集了污水灌溉区(SIA)的土壤剖面和河流沉积物剖面样品。本研究利用重金属(Cr, Cd, Pb, Mn, Zn 和 Ni)的总量以及采用改进BCR连续提取法的重金属形态分析，评估了废水对农业土壤的影响和潜在风险。此外，为了确定在长期污水灌溉条件下废水成分变化时土壤对重金属的环境容量，本研究选择了污染最轻的Cr(VI)进行吸附特性研究。结果表明：(1)土壤中重金属的浓度随深度持续降低，而沉积物中则相反，反映了历史时期水质的持续改善；(2)在表层土壤中，平均浓度(mg·kg^-1)的顺序为：Mn (588.68) > Zn (284.21) > Pb (99.76) > Cr (76.84) > Ni (34.71) > Cd (3.25)，其中HFR附近的Cd超过了控制值3.15倍，且沉积物样品中HFR的重金属浓度也高于HJR；(3)形态分布和风险评价代码(RAC)表明Mn和Cd处"
P04216,Apportionment and Spatial Pattern Analysis of Soil Heavy Metal Pollution Sources Related to Industries of Concern in a County in Southwestern China,中国西南某县重点行业相关土壤重金属污染源的解析与空间格局分析,重工业企业集中区周围土壤重金属污染频发。地统计学与化学计量学方法的结合已被用于识别土壤重金属的来源及其空间格局。本文以中国西南某县为例，分析了两个子区域。子区域R1主要包含有色金属开采，子区域R2受冶炼影响。通过正定矩阵因子分解（PMF）提取了R1中与行业相关的两个因子（R1F1和R1F2），得出其对土壤As（64.62%）、Cd（77.77%）、Cu（53.10%）、Pb（75.76%）、Zn（59.59%）和Sb（32.66%）的贡献率；同样提取了R2中与行业相关的两个因子（R2F1和R2F2），得出其对As（53.35%）、Cd（32.99%）、Cu（53.10%）、Pb（56.08%）、Zn（67.61%）和Sb（42.79%）的贡献率。结合PMF结果，应用了协同克里金插值（CK），由于重金属的同源性，z-score和均方根误差平均降低了11.04%。此外，基于局部加权回归（LWR）提出了重点行业约1800米的预防距离。结论认为，在不同行业区域进行源解析时有必要划分子区域，且CK和LWR分析可用于分析预防距离。
P04217,Are Iron Tailings Suitable for Constructing the Soil Profile Configuration of Reclaimed Farmland? A Soil Quality Evaluation Based on Chronosequences,铁尾矿是否适合用于构建复垦农田的土壤剖面构型？基于年代序列的土壤质量评价,铁尾矿作为土壤替代材料用于构建复垦农田土壤，可以有效实现铁尾矿的大规模资源利用并降低环境风险。了解影响复垦土壤质量的机制并确定铁尾矿复垦的适宜模式至关重要。因此，本研究开发了一种土壤质量指数（SQI），用于评估半干旱地区铁尾矿复垦农田的土壤质量。在中国辽宁西部，研究人员从两种复垦措施（20 cm心土+20 cm铁尾矿+30 cm表土和20 cm心土+20 cm铁尾矿+50 cm表土）中收集了复垦年限为3年（R3）、5年（R5）和10年（R10）的土壤样品，在三个土壤深度（0–10、10–20和20–30 cm）测量了13个土壤理化性质。相邻的正常农田（NF）作为参考。结果表明，铁尾矿适合用于构建复垦农田的土壤剖面构型。复垦土壤的SQI随复垦年限增加而增加，但3年后尚未达到NF水平，而5年后优于NF水平。复垦土壤的养分含量随复垦年限增加而增加，但10年后仍未达到NF水平。R10（50 cm表土）的SQI也优于NF，但略低于R5（30 cm表土）。对于土壤质地粘重的半干旱地区，复垦的表土厚度并非越厚越好，在辽西覆盖30 cm表土的复垦效果优于50 cm。
P04218,"Spatial Distribution of Soil Heavy Metals and Associated Environmental Risks near Major Roads in Southern Tibet, China",中国西藏南部主要道路附近土壤重金属的空间分布及相关环境风险,土壤重金属污染正日益成为一个严重的环境问题。本研究旨在调查青藏高原南部六条道路附近表层土壤重金属（Cu、Zn、Pb、Cd）的含量。利用多元统计、地累积指数、潜在生态风险和人体健康评估模型研究了空间污染格局，并识别了主要污染物和关注区域。平均 Igeo 排序为 Cd > Cu > Zn > Pb，Cd、Zn 和 Cu 的平均浓度分别超过其对应背景值的 4.36 倍、1.00 倍和 1.8 倍。在国道附近，土壤 Cd 水平被归类为具有相当大的潜在风险，而在非国道附近则具有较高的潜在风险，而土壤 Cu、Zn 和 Pb 对各类道路的潜在生态风险较低。此外，对于各类道路，成人和儿童在三种暴露途径下由土壤重金属引起的非致癌风险均在可接受风险水平内，但在 G318、G562 和 G219 国道附近儿童的土壤 Pb 致癌风险以及 G318 国道附近成人的致癌风险超过了阈值。我们的工作不仅强调了评估道路表面土壤重金属污染对生态和人体健康潜在威胁的重要性，而且为修复工作提供了定量指导。
P04219,Derivation of Soil Criteria of Cadmium for Safe Rice Production Applying Soil–Plant Transfer Model and Species Sensitivity Distribution,基于土壤-植物转移模型和物种敏感度分布推导水稻安全生产的镉土壤标准,广泛的土壤污染对农产品构成危害，并通过食物链对人体健康产生有害影响。在中国，镉是土壤中的主要污染物，容易在作为中国人主食的水稻中积累。因此，必须推导土壤标准，通过土壤-谷物-人体途径评估镉摄入风险，以保障大米产品的安全。基于为期2年的实地调查，在中国共采集了328组土壤-水稻籽粒配对样品，涵盖了土壤镉浓度和理化性质的广泛变化。用于推导土壤标准的两种概率方法是具有预测区间的土壤-植物转移模型（SPT）和由土壤类型特异性生物富集因子（BCF，稻米与土壤中镉的浓度比）组成的物种敏感度分布（SSD）。土壤标准是根据中国食品质量标准反推计算的。结果表明，具有适当镉浓度梯度的田间数据可以提高土壤-植物转移系统的模型准确性。基于土壤pH值推导的土壤标准分别为保护95%、50%和5%水稻安全的0.06–0.11、0.33–0.59和1.51–2.82 mg kg^(-1)。结合土壤pH值的土壤标准进一步验证了土壤对稻米的安全性。
P04222,Pollution Characteristics and Spatial Distribution of Heavy Metals in Coal-Bearing Sandstone Soil: A Case Study of Coal Mine Area in Southwest China,含煤砂岩土壤中重金属的污染特征及空间分布：中国西南某矿区案例研究,中国及其他地区的煤矿区土壤污染是一个严重的环境问题。本研究采集了中国西南大竹县某矿区的地表和垂直剖面土壤样品。利用显微观察、浓度分析、化学形态分析、统计分析、空间分布及风险评估等方法评估重金属污染。结果表明，含煤砂岩的风化和采矿活动显著导致了土壤污染。Fe、Ni、Cu、Zn、Mn、Cd、Hg 和 Pb 的浓度超过了其背景值。Cd 引起的污染最为强烈，且与重度至极重度污染土壤相关。除 Cd 和 Mn（可还原态占主导：Cd 为 55.17%，Mn 为 81.16%）外，大多数金属的残渣态占主导。Zn、Ni、Cd 和 Cu 呈现相似的分布模式，Hg 和 As 也具有相似的分布特征。因子 1 代表受采矿活动影响的人为和岩性来源；因子 2 代表人为来源，如化肥和交通污染；因子 3 代表成土母质对金属的贡献。研究区超过一半的区域具有较高的污染风险，不适合蔬菜种植。
P04226,"Source Identification and Health Risk Assessment of Heavy Metals in Soil: A Case Study of Lintancang Plain, Northeast China",东北中国林沣平原土壤重金属源识别与健康风险评估案例研究,"为了研究土壤重金属（V, Cr, Ni, Cu, Zn, Pb, Hg）的浓度、来源和潜在健康风险，本研究测定了中国山东省临沂市37个土壤样品中这七种金属的浓度。所测重金属的平均浓度依次为：Cr (76.2 mg/kg) > V (70.5 mg/kg) > Zn (70.1 mg/kg) > Ni (34.0 mg/kg) > Pb (31.4 mg/kg) > Cu (23.2 mg/kg) > Hg (1.7 mg/kg)。富集因子(EF)和地累积指数(Igeo)表明研究区域内Hg存在极度富集(EF > 10, Igeo > 4)，而其他金属略有富集。根据毒性风险指数(TRI)，Hg造成的土壤毒性最强(TRI = 8.07, 64.3%)。采用危害指数(HI)进行的风险评估表明，所有金属的健康风险均在可接受范围内，且成人的HI通常低于儿童。此外，利用主成分分析(PCA)计算出的两个主成分(PC)用于识别这些重金属的来源，其中PC1 (Pb, Cr, Zn, Ni, Hg, Cu 和 V) 占57.73%，PC2 (Hg, Cu 和 V) 占21.63%。此外，PC1主要受人为输入"
P04227,Accumulation Characteristics and Pollution Evaluation of Soil Heavy Metals in Different Land Use Types: Study on the Whole Region of Tianjin,不同土地利用类型下土壤重金属的累积特征及污染评价：以天津全境为例,近几十年来，土壤重金属污染备受关注。许多研究分析了特定土壤质量与土壤重金属污染之间的相互作用。然而，关于天津地区重金属污染状况、空间分布及污染源的信息仍较少。本文以天津全境表层土壤为研究对象，结合土地利用类型，利用多种数据分析和多元统计方法研究了土壤重金属的分布特征和污染源，并采用多种指数评估了污染水平。结果显示，7种重金属的平均含量顺序为 Cd < As < Cu = Pb < Ni < Cr < Zn。Cr 和 Ni 的中位数低于背景值且未超过筛选值，Cu、Zn 和 Pb 的中位数接近背景值，而 As 和 Cd 的中位数高于背景值。草地重金属累积最高，园地、工矿储备用地、住宅用地和交通用地重金属含量的变异系数较高，表明这些土地利用类型下的土壤重金属含量受人类因素干扰更显著。地累积指数评价结果显示，除 Cd 处于无污染至中度污染水平外，天津土壤基本无污染。内梅罗综合污染指数法和污染负荷指数法均显示天津土壤重金属综合污染处于无污染/安全水平。除 Cd 和 As 无相关外，其他重金属两两相关。Cd、Pb 和 Zn 主要来自交通、工业等人为因素；Cr 和 Ni 主要来自成土母质；Cu 主要
P04228,"Bi-Directional Pollution Characteristics and Ecological Health Risk Assessment of Heavy Metals in Soil and Crops in Wanjiang Economic Zone, Anhui Province, China",皖江经济带土壤与作物重金属双向污染特征及生态健康风险评估,理解土壤-作物系统中不同重金属的污染程度、来源以及各种致癌和非致癌风险对于预防重金属污染至关重要。这项调查旨在利用污染因子（CF）、地累积指数（Igeo）、富集系数和转移系数等各种指数，确定中国安徽省皖江经济带土壤-作物系统（水稻、小麦和玉米）中的重金属浓度和污染程度，并确定土壤重金属污染的来源。本研究共收集了308对土壤-作物样品，包括245对土壤-水稻样品，53对土壤-小麦样品和10对土壤-玉米样品。研究区域土壤中镉和镍的浓度超过了中国土壤重金属国家标准限值（GB 15618-2018，土壤环境质量：农用地土壤污染风险管控标准）。铜、锌和铅的浓度也在一定程度上超过了国家标准。研究区域所有八种重金属都超过了背景值。水稻、小麦和玉米对Cd、Cu和Zn的富集系数高于其他元素。基于Igeo，表明水稻根际土壤受到Cd和Hg的轻微污染，而其他重金属的浓度低于安全限值。CF和污染负荷指数（PLI）表明研究区域的土壤受到严重重金属污染。主成分分析确定了土壤重金属污染的不同来源，即Cu、Pb、Zn和Cd来自工业源，Cr和Ni来自自然源，As和Hg来自农业源。重金属的致癌风险与作物的摄入有关。研究区域
P04232,Distribution of Mercury and Methylmercury in Farmland Soils Affected by Manganese Mining and Smelting Activities,受锰矿开采和冶炼活动影响的农田土壤中汞和甲基汞的分布,锰相关活动会影响农田中汞的循环，但这尚未得到充分理解。本文选取中国最大的锰矿之一，研究锰相关活动对农田土壤中总汞（THg）和甲基汞积累与分布的影响。在矿区，0–10、10–20、20–30 和 30–40 cm 土层的土壤 THg 浓度分别为 0.56 ± 0.45、0.56 ± 0.45、0.53 ± 0.44 和 0.50 ± 0.46 mg kg−1，而在冶炼区则增加至 0.75 ± 0.75、0.72 ± 0.60、0.62 ± 0.46 和 0.52 ± 0.38 mg kg−1。同样，冶炼区的土壤 MeHg 浓度也比矿区提高了 1.04–1.34 倍。土壤中的 THg (0.59 ± 0.50 mg kg−1) 和 MeHg (0.64 ± 0.82 μg kg−1) 浓度高于区域背景值，但低于邻近汞矿区，而在冶炼区两条河流交汇处显著升高。显著的正 Mn-THg 关系 (p < 0.01) 和负 Mn-MeHg 关系 (p < 0.01) 支持了土壤 Mn 促进 Hg 积累但抑制 MeHg 生成的结论。约 70% 的土壤 Hg 分布在残渣相中，根据地球化学模型，环境危害并未
P04233,"Pollution Levels and Risk Assessment of Heavy Metals in the Soil of a Landfill Site: A Case Study in Lhasa, Tibet",垃圾填埋场土壤重金属污染水平及风险评估：以西藏拉萨为例,作为中国重要的生态安全屏障，西藏的生态环境在国内外引起了广泛关注。垃圾填埋是西藏主要的固体废物处理方式，但也造成了严重的环境污染。迄今为止，还没有关于西藏地区垃圾填埋场污染风险的研究。本研究调查了西藏拉萨某垃圾填埋场周围土壤中8种重金属的污染水平、生态风险、健康风险及可能的污染来源。结果表明，土壤中重金属浓度相对较低，只有镉、砷、铜、铬、锌、镍 和铅 的含量是相应背景值的1-2倍。单因子污染指数和地累积指数值显示，研究区受Cd和As污染最为严重。根据内梅罗污染指数和污染负荷指数，超过83.3%和8.33%的土壤采样点分别处于轻度和中度污染水平。根据潜在生态风险评价结果，土壤中重金属的潜在生态风险很低，72个采样点中只有1个表现出相当大的生态风险。Cd、As和汞 是主要的生态风险贡献者，分别贡献了超过45.0%、14.1%和18%的生态风险。健康风险评价结果显示，成年人的致癌风险较高 (1.73 × 10−5)，而非致癌风险较低。废物处置活动和建筑活动对土壤重金属浓度有显著影响，导致拉萨垃圾填埋场东南部的污染水平较高。
P04234,"Pollution Levels and Risk Assessment of Heavy Metals in the Soil of a Landfill Site: A Case Study in Lhasa, Tibet",拉萨某垃圾填埋场土壤重金属污染水平及风险评估：以西藏为例,"作为中国重要的生态安全屏障，西藏的生态环境引起了国内外的广泛关注。垃圾填埋是西藏主要的固体废物处理方式，但也造成了严重的环境污染。迄今为止，尚无关于西藏地区垃圾填埋场污染风险的研究。本研究调查了西藏拉萨某垃圾填埋场周边土壤中8种重金属的污染水平、生态风险、健康风险及可能的污染源。结果表明，土壤中重金属浓度相对较低，只有镉、砷、铜、铬、锌、镍和铅是相应背景值的1-2倍。单项污染指数和地累积指数值表明，研究区受Cd和As污染最严重。基于内梅罗污染指数和污染负荷指数，超过83.3%和8.33%的土壤采样点分别具有轻度和中度污染水平。根据潜在生态风险评价结果，土壤重金属的潜在生态风险非常低，72个采样点中只有一个表现出相当大的生态风险。Cd、As和汞是主要的生态风险贡献者，分别贡献了超过45.0%、14.1%和18%的生态风险。健康风险评价结果显示， adults have a higher risk of cancer, while the non-carcinogenic risk for adults was low.废物处置活动和建筑施工活动对土壤重金属浓度有显著影响，导致拉萨垃圾填埋"
P04236,"Source, Distribution, and Risk Estimation of Hazardous Elements in Farmland Soils in a Typical Alluvial–Lacustrine Transition Basin, Hunan Province",典型冲洪积-湖积过渡盆地农田土壤中有害元素的来源、分布及风险估算,人为活动导致的土壤重金属浓度增加对人类健康构成巨大威胁，需要持续关注。本研究调查了典型冲洪积-湖积过渡盆地中重金属（Cd、Pb、Zn、Sb）和类金属（As）的空间分布，并计算了构成直接威胁的元素生物有效态含量。采用定性和定量方法识别污染源，随后进行了生态风险评估。全量As、Pb和Zn随深度增加而减少，而Cd和Sb在表层（0-20 cm）土壤中增加。表层土壤中生物有效态Cd和Pb受pH值和有机质调节，而生物有效态Zn受土壤pH值调节。在深层土壤中，pH值、有机质和粘土含量的综合作用调节了生物有效态元素。多种方法和当地调查结果显示，TSb（65.3%）主要来源于采矿活动，TCd（53.2%）和TZn（53.7%）分别来源于工业生产和农业施肥的直接污染，TA（55.6%）主要来源于土壤母质。TPb与车辆尾气排放和工业活动的大气沉降有关。虽然该地区的潜在生态风险仍然相对较低，但有必要持续监测Cd和Sb的潜在生态风险。这项研究可作为冲洪积-湖积过渡盆地重金属污染预防和缓解的参考。
P04238,Soil Heavy Metal Content and Enzyme Activity in Uncaria rhynchophylla-Producing Areas under Different Land Use Patterns,不同土地利用方式下钩藤产区土壤重金属含量与酶活性研究,本研究以贵州省黔东南州剑河县钩藤种植基地、林地和荒地三种不同的土地利用方式为对象，调查了土壤重金属含量、重金属污染水平及土壤酶活性特征，旨在揭示钩藤产区不同土地利用方式下土壤酶活性与重金属含量之间的内在联系。结果表明，钩藤基地土壤Cd和Hg含量均超过国家土壤背景值。单因子污染指数表明Cd对综合污染指数(Pn)的贡献最大，且综合污染指数显示钩藤产区土壤未受到重金属污染。在不同土地利用方式下，酶活性表现为林地 > 荒地 > 钩藤基地，且过氧化氢酶和酸性磷酸酶活性呈现显著的空间差异(p < 0.05)。由于土地利用方式和重金属物种的变化，土壤酶活性与重金属含量之间的相关性具有不确定性。钩藤基地土壤酶活性与重金属的呈正相关和负相关的比例各占50%。在林地中，土壤酶活性与重金属呈正相关；而在荒地中，土壤酶活性与重金属呈负相关。本研究揭示了在不同土地利用方式下，应重点关注钩藤产区土壤质量变化中重金属含量的变化。研究结果为不同土地利用措施下钩藤产区土壤质量的改善提供了一定的基础理论参考。
P04241,"Assessment of Cd Pollution in Paddy Soil–Rice System in Silver Mining‐Affected Areas: Pollution Status, Transformation and Health Risk Assessment",银矿区影响下水稻土-水稻系统中镉污染评估：污染现状、转化及健康风险评估,采矿活动是土壤中镉污染的主要来源之一。然而，关于银矿开采对矿区土壤镉污染影响的信息有限。在本研究中，从中国江西省鹰潭市某银矿附近的泸溪河沿岸农田中采集了16组配套的土壤和水稻籽粒样品。利用电感耦合等离子体质谱法测定了土壤中总镉、有效态镉、形态镉以及水稻籽粒中的镉含量。同时评估了土壤-水稻系统中镉的转化以及食用这些水稻籽粒的潜在健康风险。结果表明，这些水稻土壤中的镉浓度在0.21至0.48 mg/kg之间，平均镉浓度（0.36 mg/kg）超过了中国的国家标准限值（0.3 mg/kg，GB 15618‐2018）。幸运的是，所有受污染的水稻土壤仅受到轻度污染，最高的单因子污染指数值为1.59。这些水稻土中DTPA和CaCl2提取态镉的范围分别为0.16至0.22 mg/kg和0.06至0.11 mg/kg，且酸溶性镉占总镉的40.40%至52.04%，是各形态中最高的。水稻籽粒中的镉浓度范围为0.03至0.39 mg/kg，平均镉浓度（0.16 mg/kg）在中国的国家限值范围内（0.2 mg/kg，GB 2762‐2017）。水稻籽粒中镉的生物富集因子范围为0.09至1.18，且与各种
P04242,Assessment of the Driving Pollution Factors of Soil Environmental Quality Based on China’s Risk Control Standard: Multiple Bigdata-Based Approaches with Intensive Sampling,基于中国风险控制标准的土壤环境质量驱动污染因子评估：基于密集采样的多种大数据方法,识别土壤环境质量的驱动因素对于制定高效精确的土壤环境管理对策至关重要。2018年，中国发布了风险控制标准，将土壤环境质量分为三类以满足环境管理需求。然而，目前对该新标准的认识尚显不足。本研究在中国中部湖北省的农业用地开展了密集的野外采样研究（分析了2598个表层土壤样品），旨在基于这一新标准找出污染物的驱动因子。根据该标准，1、2和3类在整体质量等级中的比例分别为57.3%、41.7%和1%。标准化指数显示，镉、砷、铅和铬的污染水平高于汞。主成分分析的第一主成分解释了总方差的56.4%，镉、砷和铅的载荷分别为-53.5%、-52.1%和-51.2%。广义线性模型发现，镉和砷对土壤环境质量分级结果呈现显著的正向效应（p < 0.001）。基于随机森林算法，镉对土壤环境质量的重要性最高（均方误差增加 = 32.5%）。总体而言，本研究揭示了镉、砷和铅是影响土壤环境质量等级的驱动污染物。大数据规模增加了研究结论的可靠性和稳健性，并为未来研究中国评估土壤环境质量的新标准提供了参考方法。
P04245,"Soil Quality Assessment in Farmland of a Rapidly Industrializing Area in the Yangtze Delta, China",中国长三角地区快速工业化区域的农田土壤质量评价,农田土壤的综合质量评价对农业生产和土壤生态保护至关重要。目前，尚无系统的方法进行农田土壤的综合质量评价；因此，作为中国最发达的经济区域，长江三角洲地区农田土壤的综合质量评价尚属空白。本研究以苏州市农田土壤为研究对象，利用隶属度函数和内梅罗指数计算了土壤肥力指数（SFI）和土壤环境指数（SEI）。最后，利用TOPSIS模型实现了土壤质量的综合评价。结果显示，土壤pH、SOM、TN、AHN、AP和AK的平均值分别为6.44（微酸性）、28.17 g/kg（中等）、1.63 g/kg（丰富）、118.16 mg/kg（中等）、38.31 mg/kg（丰富）和160.63 mg/kg（丰富）。在122个土壤样品中，重金属Cr、Ni、Cu、Zn、Cd和Pb的含量超过江苏省背景值的比例分别为5.74%、8.20%、8.20%、10.66%、86.07%和84.43%。Cd和Pb是农田土壤中的主要重金属污染物。SFI值低于中等水平（SFI < 0.6）的土壤样品占44.26%，SEI值低于中等水平（SEI < 0.6）的样品占13.12%。土壤质量指数（SQI）的值在0.171到0.996之间，平均
P04248,Geochemical Fractionation and Source Identification of Pb and Cd in Riparian Soils and River Sediments from Three Lower Reaches Located in the Pearl River Delta,珠江三角洲三下游河岸带土壤与河流沉积物中Pb和Cd的地球化学形态及源解析,由于Pb和Cd这两种微量金属具有持久性和生物累积性，其在流域河岸土壤和河流沉积物中的累积是一个具有挑战性的污染问题。了解这些金属的迁移特征和输入源是预防金属污染的关键。本研究旨在探讨位于粤港澳大湾区的珠江三角洲三个下游河段的河岸土壤和河流沉积物中Pb和Cd的含量、地球化学形态及输入源。所有Pb和Cd的总量均不同程度超过背景值，河岸土壤和河流沉积物中Cd的可交换态占比最大，而Pb则以残渣态为主。地累积指数计算表明，在河岸土壤中，北江(BJR)中Pb的平均累积程度(0.52)最高，而西江(XJR)中Cd的平均累积程度(2.04)最高。与河岸土壤不同，河流沉积物中Pb(0.76)和Cd(3.01)的最大累积均发生在BJR。此外，富集因子结果也显示，BJR沿岸河岸土壤和河流沉积物中的Pb和Cd高于XJR和东江(DJR)。富集因子与非残渣态之间的关系进一步证明，Cd的富集因子与Cd的非残渣态显著相关，这可能意味着三个河段中Cd存在各种人为来源。此外，基于主成分分析(PCA)和Pb同位素比值分析的源解析表明，河岸土壤和河流沉积物具有不一致的污染源结构。PCA结果显示，DJR中Pb和Cd为同源输入，
P04249,Pollution Risk Assessment and Sources Analysis of Heavy Metal in Soil from Bamboo Shoots,竹笋产地土壤重金属污染风险评估及源解析,为调查广东省竹笋产地土壤的重金属污染状况及来源，共在46个地点采集了175份土壤样品。利用原子荧光光度计和电感耦合等离子体质谱仪测定了铅、镉、砷、汞和铬五种重金属的含量。此外，通过单因子污染指数、内梅罗综合污染指数、地累积指数和潜在生态风险指数等不同方法对土壤环境质量进行了评价，并讨论了相关系数。结果表明，采集的土壤呈酸性或弱碱性。部分地区的Pb和As含量最大值超过了标准限值。六个地区的变异系数值超过100%。上述指数方法证实，研究区域内的土壤分为无污染、轻污染和中度污染三个等级。此外，pH值与Pb、Hg之间存在极显著的相关性；重金属As与Pb、Cr之间的相关性也达到了极显著水平。主成分分析结果显示，PC1解释了总方差的39.60%，主要包括Pb、Cd和As；PC2主要包括Hg和Cr。
P04250,"Source Analysis of Heavy Metal Pollution Using UNMIX and PMF Models in Soils along the Shuimo River in Urumqi, China",中国乌鲁木齐水磨河沿岸土壤重金属污染源解析（使用UNMIX和PMF模型）,本文利用X射线荧光光谱仪和国家标准检测方法，对乌鲁木齐水磨河沿岸0-2公里范围内的8种土壤重金属进行了分析。综合使用Unmix和PMF模型分析了潜在污染源及其贡献率。土壤样品分为0-20 cm、20-40 cm和40-60 cm三层采集，每层的样点分别距离河岸5 m、1 km和2 km。分析结果表明，仅各层土壤中Mn的平均浓度低于背景值，而其他重金属的平均浓度均超过背景值。40-60 cm土层中Ni的超标倍数最高，达1.92倍。Unmix和PMF模型分别用于分析污染源数量和贡献率。结果显示，这两种模型在三个土壤层中均能识别出两个污染源，且其贡献率相似，两个模型分析结果的各项指标均在模型可靠性要求的范围内。通过与表层土壤重金属浓度的皮尔逊相关系数和分布图进行比较，得出结论：Zn、Pb、Cr和Cu主要来自工业污水和燃煤造成的大气污染，而As、Mn、Ni和V主要来自农业污染和轻工业污染。未来的研究需要从时间维度详细调查重金属浓度的变化，以进一步定量计算潜在污染源和贡献率。
P04251,"Spatial Pattern, Sources Identification, and Risk Assessment of Heavy Metals in a Typical Soda Soil from Bayannur, Northwestern China",中国西北巴彦淖尔典型苏打土重金属的空间格局、源识别及风险评估,土壤是中国西北地区农业的重要自然资源。重金属浓度和生态风险评估对食品安全和人类健康至关重要。这项工作收集了35个表层土壤样本，重点关注中国北方重要粮食生产基地巴彦淖尔河套平原的典型苏打土质量。分析了表层土壤中重金属（砷、钴、铜、铅、镉、铬、汞、镍、锌）、可溶性盐、总有机碳（TOC）和矿物的浓度及组成，以评估该地区苏打土中重金属的生物毒性、生态风险、来源及影响因素。富集系数（EF）显示，土壤中的As、Co、Cu和Pb未受污染，而Cd、Cr、Hg、Ni和Zn轻度污染。苏打土的地累积指数表明Co和Pb未受污染，Cr、Cd、Ni、Zn、Hg、Cu和As轻度污染。潜在生态风险指数（RI）表明As、Co、Cr、Cu、Ni、Pb和Zn无或低风险。尽管土壤中Cd和Hg的浓度较低，但由于具有较高的生物毒性，这两种重金属表现出中高生态风险。巴彦淖尔河套平原土壤中的Cd主要以可交换态和可还原态存在。这些苏打土中的其他重金属主要以残渣态存在，意味着它们的迁移率低，不易被植物吸收利用。重金属形态分析、主成分分析（PCA）和相关性分析显示，As、Co、Cr、Cu和Pb主要来自自然源，而Ni、Cd和Zn主要来自人为
P04252,Spatio-Temporal Variation and Its Driving Forces of Soil Organic Carbon along an Urban–Rural Gradient: A Case Study of Beijing,城乡梯度上土壤有机碳的时空变化及其驱动力：以北京为例,快速的城市化重塑了土地覆盖和生态环境，可能改善或恶化土壤有机碳（SOC）。然而，SOC对城市化的响应尚未被充分研究。本文通过土地利用转移矩阵、Sen & Mann–Kendall检验、Hurst指数以及地理时空加权回归（GTWR）模型，并结合城乡梯度视角，评估了2001年至2015年北京SOC对城市化的动态响应，并确定了主要驱动因素。研究发现，研究期间SOC储量减少了7651.50吨碳。SOC密度沿城乡梯度变化显著，高值区主要位于偏远山区农村，低值区主要位于平原城市地区。城乡梯度间的SOC密度变化不均匀，郊区（距城市中心25-40公里）的SOC密度损失最大，而城市和农村地区保持相对不变。GTWR模型揭示了各种驱动力的时空非平稳性。降水、森林比例、草地比例、人口、距市中心距离、坡度和粉粒含量是与SOC储量变化相关的主要因素。因此，我们建议政策制定者重新审视城乡之间SOC的不均匀变化，将郊区作为控制SOC损失的目标区域，并在评估政策时考虑影响SOC储量的因素的空间和时间异质性。
P04253,"Preliminary Screening of Soils Natural Radioactivity and Metal Content in a Decommissioned Rare Earth Elements Processing Plant, Guangdong, China",中国广东某停运稀土加工厂土壤天然放射性与金属（类金属）含量的初步筛查,稀土元素（REE）加工活动中， seldom 同时研究 238U、232Th、226Ra、40K 的天然放射性以及潜在有毒金属（类金属）（PTM）的分布特征。本研究旨在调查中国广东某典型 REE 工厂的天然放射性、γ 辐射的空气吸收剂量率以及 PTMs 的分布水平。对 REE 加工设施周围的土壤进行了采样、测量和评估。样品中放射性核素的天然放射性使用高纯锗 γ 能谱仪测定，地面 1 米高处的 γ 辐射空气吸收剂量率使用便携式辐射探测器测量。PTM 含量通过电感耦合等离子体质谱法（ICP-MS）测量。结果显示，238U、226Ra、232Th 和 40K 的比活度范围分别为 80.8 至 1990.2、68.2 至 6935.0、78.4 至 14372.4 和 625.4 至 2698.4 Bq·kg-1， overwhelmingly 高于全球土壤平均天然放射性。大多数样品的镭当量活度和外危害指数分别超过了 370 Bq·kg-1 和 1 的限值。测量的 γ 辐射空气吸收剂量率范围为 113~4004 nGy·h-1，大多数站点的显示值高于其他一些 REE 相关工业场所的参考值。Cu
P04254,"Risk Assessment of Heavy Metal Pollution in Farmland Soils at the Northern Foot of the Qinling Mountains, China",秦岭北麓农田土壤重金属污染风险评价,为预防和控制重金属污染提供科学依据，对秦岭北麓农田土壤重金属含量进行了田间调查、采样和分析。在对比分析单因子污染指数法、内梅罗综合污染指数法、地累积指数法和潜在生态危害指数法的基础上，对土壤重金属污染风险进行了综合分析评价。结果表明，秦岭北麓农田土壤重金属污染严重，其中Hg和Cr污染较为明显。以农用地土壤筛选值为标准，秦岭北麓农业土壤中Hg元素的含量高于相关筛选值。在调查的两个样点中，Baoqizhai村重金属累积指数的强度为Hg > Cr > Cu > As > Pb，Dayangyu村为Cr > Cu > As > Pb。其中，Baoqizhai村显示出Hg造成的重度污染(Igeo=3.42)和两个区域Cr造成的轻度污染(Igeo<1)。Hg主要受采矿活动及其大气沉降的影响。同时，Cr主要来源于岩石母质的风化，也在一定程度上受到人为因素的影响。秦岭北麓周边农田土壤中重金属的累积量较高，对周边土壤环境构成威胁。因此，迫切需要控制农田土壤环境污染。
P04255,Ecological Risk Assessment and Source Apportionment of Heavy Metals in the Soil of an Opencast Mine in Xinjiang,新疆某露天矿土壤重金属生态风险评价及源解析,为研究露天煤矿开采对周围土壤环境和人体健康的影响，本研究选取新疆红沙泉煤矿为研究区，在矿区排土场和人工林地采集了31个土壤样品。分析了土壤中7种重金属（As、Cd、Cr、Cu、Ni、Pb 和 Zn）的含量。采用污染指数法、地累积指数法、潜在生态风险指数法、健康生态风险评估模型和主成分分析法（PCA）对土壤重金属污染、潜在生态风险和健康生态风险进行了评价和分析。结果表明，与新疆土壤背景值相比，除 Pb 外，其他重金属元素基本无污染，属于低生态风险区。健康风险评估模型显示，Pb 和 As 是非致癌风险的主要污染因子，暴露于 Ni、Pb 和 As 具有较低的致癌风险。PCA 显示，排土场中的 Cu、Cr、Ni、Pb、As 和 Zn 来自交通运输和工业活动，Cd 来自自然资源；人工林地中的 Cr、Zn、Ni、Cd 和 Pb 来自交通运输，Cu 来自工业源，As 来自土壤母质。排土场受人为因素的干扰比人工林地更严重。我们的研究为采矿引起的重金属污染和源分析提供了参考。
P04257,"Potential Risk, Spatial Distribution, and Soil Identification of Potentially Toxic Elements in Lycium barbarum L. (Wolfberry) Fruits and Soil System in Ningxia, China",宁夏枸杞果实与土壤系统中潜在有毒元素的风险、空间分布及土壤识别,分析了宁夏正品产区枸杞（Lycium barbarum L.）及其根际土壤中8种潜在有毒元素（PTEs，包括镍、铜、锌、砷、镉、铅、铬和汞）。测定了土壤中PTEs的潜在生态风险以及通过食用枸杞造成的健康风险。利用地质统计方法预测了枸杞和土壤中PTEs的浓度。应用正定矩阵因子分解（PMF）识别了土壤中PTEs的来源。土壤中的PTEs浓度在标准限值之内，只有一个站点的枸杞Cd含量超标。不同PTEs的生物浓缩系数（BCF）顺序为Cd > Cu > 1 > Zn > Cr > As > Ni > Pb，表明Cd和Cu在枸杞中高度富集。Ni、Cu、Zn、As、Pb和Cr在枸杞中的浓度的多元回归模型显示出良好的相关性（p < 0.1）。土壤中Hg的生态风险较高，而其余PTEs的风险多为中等或低。居民通过食用枸杞造成的健康风险不明显。土壤中PTEs的空间分布与枸杞中PTEs的浓度不同。源识别结果为自然源（48.2%）> 工业活动源（27.8%）> 农业活动源（14.5%）> 交通源（9.5%）。本研究可指导枸杞种植的选址，并在考虑PTE污染的情况下确保枸杞产品的安全。
P04259,Spatial Distribution and Estimation Model of Soil pH in Coastal Eastern China,中国东部沿海地区土壤pH空间分布与估算模型,土壤pH值是评估土壤质量和土壤健康的重要指标。在本研究中，基于中国农田土壤调查数据集和气象数据集，利用克里金插值分析了中国东部沿海地区土壤pH的空间分布特征。利用回归分析探讨了水热条件与土壤pH的关系，以年平均降水量（MAP）、年平均气温（MAT）、降水温度比（P/T）以及降水与温度的乘积（P*T）为主要解释变量。在此基础上，建立了一个可以快速估算土壤pH的模型。结果表明：（a）中国东部沿海地区土壤pH的空间异质性明显，数值由北向南逐渐降低，范围在4.5到8.5之间；（b）土壤pH与所有解释变量在0.01水平上均显著相关。总体而言，MAP是影响土壤pH的主要因子（r = -0.7244），其次是P/T（r = -0.6007）。在MAP < 800 mm的地区，土壤pH与MAP（r = -0.4631）和P/T（r = -0.7041）分别呈负相关，与MAT（r = 0.6093）和P*T（r = 0.3951）分别呈正相关。在MAP > 800 mm的地区，土壤pH与MAP（r = -0.6651）、MAT（r = -0.5047）、P/T（r = -0.3268）和P*T（r = 
P04262,"Characteristics and DGT Based Bioavailability of Cadmium in the Soil–Crop Systems from the East Edge of the Dongting Lake, China",洞庭湖东缘土壤-作物系统中镉的特征及基于DGT的生物有效性,包括镉在内的重金属在农业土壤中的污染日益严重，对农作物安全和人类健康构成威胁。为了评估洞庭湖东缘土壤-作物系统中镉的污染特征和生物有效性，研究采集并分析了四种典型农作物（水稻、花生、红薯和玉米）的农产品及相应的根际土壤中的镉浓度。应用薄膜扩散梯度技术（DGT）评估了根际土壤中镉的生物有效性。镉浓度范围为0.04至2.95 mg/kg（平均0.24 mg/kg），73.9%的采样点高于背景值，特别是稻田土壤。农产品中镉浓度范围为0.01至2.19 mg/kg（平均0.18 mg/kg），在花生样品中观察到镉富集。农产品中的镉浓度与根际土壤中总镉浓度之间没有明显的相关性（R2 < 0.25），这表明土壤中的总镉浓度无法预测作物农产品中的浓度。而DGT测量的镉浓度与大多数作物农产品中的浓度显示出良好的相关性（R2 = 0.64–0.90），这可能用于评估土壤的安全性以及农产品的进一步安全性。总体而言，DGT在预测土壤重金属生物有效性方面显示出良好的潜力，因为DGT技术可以模拟重金属从土壤固相到液相的持续供给。
P04309,Modeling Cadmium Contents in a Soil–Rice System and Identifying Potential Controls,土壤-水稻系统中镉含量的建模及潜在控制因子的识别,土壤-水稻系统中的镉污染与食品安全和重金属暴露健康风险等广泛关注的问题密切相关。因此，对土壤-水稻系统中的镉含量进行建模并识别相关控制因子，可以为确保食品安全和减少相关健康风险提供关键信息。为了实现这一目标，本研究在中国长江三角洲浙江省的三个子区域收集了217对土壤-水稻样品。所有样品经风干后进行化学分析。利用皮尔逊相关系数、方差分析、共现网络、多元回归模型和非线性主成分分析等方法，预测水稻中的镉含量并识别水稻镉积累的潜在控制因子。结果表明，虽然土壤样品中镉的平均总浓度高于浙江省的背景值，但水稻中镉的平均浓度高于国家监管值。此外，在不同母质发育的土壤组中种植的水稻，其镉含量存在显著差异。此外，土壤有机质和土壤中的总镉是预测水稻镉含量的关键因素。另外，通过非线性主成分分析识别出了导致不同子区域水稻镉积累的特定主导因子。我们的研究为决策者制定针对镉污染及相关健康风险的具体防控策略提供了新的见解和重要启示。
P04311,A Cooperative-Dominated Model of Conservation Tillage to Mitigate Soil Degradation on Cultivated Land and Its Effectiveness Evaluation,一种减缓耕地土壤退化的保护性耕作合作主导模型及其有效性评价,可持续农业生产系统对确保粮食安全至关重要。然而，由于传统耕作方式导致的土壤退化和碳排放严重威胁着这些系统。以合作为主导的保护性耕作模式试图缓解这些问题，但目前尚不清楚该模式的实施情况及其实际效果。本研究以中国吉林省梨树县为例，探讨了以合作为主导的保护性耕作（CDCT）模式的实施情况及其实际效果。与传统生产模式不同，该模式利用合作社作为耕地的直接管理者，并推动建立新的生产单元，以及大规模和机械化作业，以规范保护性耕作技术在农业生产中的应用。科研院所、政府和企业是合作社的支持者，为其在技术、资金、产品和服务方面提供支持。评价结果显示，与导致土壤有机碳含量下降的传统生产模式不同，在该模式下，经过9年的保护性耕作应用，耕地表层土壤的有机碳含量平均增加了6.17%。此外，耕地的土壤结构稳定性指数从3.35%上升到3.69%，表明土壤结构退化程度在一定程度上得到了缓解。CDCT模式有效地提高了运营效率和肥料利用效率，与传统生产模式相比，玉米生产的碳足迹也减少了15.65%。此外，由于产量提高和投入成本降低，平均生产成本降低了1449元/公顷，利润增加了2599元/公顷，表明在CDCT模式下经济回报
P04312,Distribution Characteristics and Risk Assessment of Heavy Metals in Soils of the Typical Karst and Non-Karst Areas,典型喀斯特与非喀斯特区土壤重金属分布特征及风险评估,为研究具有高重金属地质背景的喀斯特土壤中8种重金属（As、Cd、Cr、Cu、Hg、Ni、Pb、Zn）的分布特征及危害程度，在中国广西壮族自治区马山县北部采集了32个石灰岩区和40个碎屑岩区表层土壤样品。应用地统计学方法、Pearson相关性分析、地累积指数和潜在生态危害指数探讨了这些重金属的影响因素并评价其潜在污染风险。结果表明：(1) 喀斯特区表层土壤中8种重金属元素的含量均超过了马山县土壤背景值、中国土壤（A层）背景值和上地壳丰度值。根据《土壤环境质量 农用地土壤污染风险管控标准》规定的土壤污染风险筛选值，喀斯特区土壤中重金属的超标率排序为Cd (100%) > As (90.6%) > Cr (84.4%) > Zn (68.8%) > Ni (37.5%)。同时，非喀斯特区土壤重金属未超过马山县总体值，Ni、Pb和Zn未超过全国总体值。非喀斯特样品中有四分之一的Cd超过了风险筛选值。喀斯特区和非喀斯特区之间重金属元素含量存在高度变异和显著差异。(2) 喀斯特区As-Cd-Cu-Hg-Ni-Pb-Zn和Cr的元素组合特征受碳酸盐岩母质影响。非喀斯特区以Ni-Cu-Pb-Zn、As
P04345,Migration and Transformation of Multiple Heavy Metals in the Soil–Plant System of E-Waste Dismantling Site,电子废物拆解点土壤-植物系统中多种重金属的迁移与转化,"电子垃圾的产生已成为全球主要的环境问题。在不当的回收过程中，电子垃圾中的重金属（HMs）会被释放出来。虽然其污染特征已被研究，但电子废物拆解点土壤-植物系统中不同多金属组分的迁移和转化仍不清楚。本研究通过盆栽实验，利用两个中国白菜品种（重金属低积累品种Z1和非低积累品种Z2），并施加或不施加生物炭，研究了土壤-植物系统中不同多金属组分（Cu、Pb、Zn和Al）的迁移和转化。结果表明，与空白土壤（CK）相比，施用生物炭和植物后，土壤中Cu、Pb、Zn和Al的酸可提取态分别减少了5.5%、55.7%、7.8%和21.3%，但它们的残留态分别增加了48.5%、1.8%、30.9%和43.1%。此外，Pb主要以可还原态存在，而Cu主要以可氧化态存在。生物炭结合植物显著增加了多金属的残留态，从而降低了所有其他金属中Pb的迁移能力。Z1土壤中标记的13C相对量比Z2高25.4倍；其中，革兰氏阴性菌（18-1ω9c, 18-1ω7c）和真菌（18-2ω6c）在Z1处理的土壤中被显著标记，并与HM的迁移转化高度相关。此外，芽单胞菌门在HM的酸可提取态中呈显著正相关，而子囊菌门主要贡献于HM的固定。因此"
P04347,Divergent Changes in Bacterial Functionality as Affected by Root-Zone Ecological Restoration in an Aged Peach Orchard,衰老桃园根系生态修复对细菌功能多样性的影响,土壤修复是改善中国果园土壤退化、产量降低和果实品质下降从而提高植物生产力的重要途径。2020年，在北京的一个退化桃园中，采用了一种自主发明的根区生态修复措施（RERP），配合土壤调理剂或有机肥，以研究其对0-20厘米和20-40厘米土层土壤细菌组成和功能的影响。细菌多样性对RERP敏感，特别是在亚表层土壤中。使用土壤调理剂的RERP显著增加了细菌多样性，并影响了某些属的丰度，如表层土壤中的芽孢杆菌显著增加，亚表层土壤中的拟无枝酸菌、小兽形菌、类诺卡氏菌和鞘氨醇单胞菌显著增加。它还显著影响了亚表层土壤中与代谢有关的细菌功能丰度，特别是那些丰度较低的功能，如转录丰度降低和氨基酸代谢丰度增加。土壤细菌功能明显受到细菌多样性和组成的影响，特别是在深层土壤中。RERP通过细菌的反应和细菌介导的对土壤性质的改变来影响细菌功能。土壤性质、细菌分类和细菌功能之间的相关分析表明，RERP通过改变根区养分和水分供应充足的土壤微环境来影响细菌功能。因此，改变的细菌功能在果园生态服务中具有潜在的产量和品质前景。综上所述，RERP对土壤细菌多样性和功能具有显著的积极影响，并具有提高退化果园生态系统中植物生产力的
P04394,Prediction of Heavy Metal Concentrations in Contaminated Sites from Portable X-ray Fluorescence Spectrometer Data Using Machine Learning,基于便携式X射线荧光光谱仪数据利用机器学习预测污染场地重金属浓度,便携式X射线荧光（pXRF）光谱仪提供了一种简单、快速、无损且具有成本效益的土壤金属含量分析方法。目前提高pXRF测量精度的方法是土壤样品制备，这不可避免地需要消耗大量时间。为了消除样品制备对pXRF测量的影响，本研究通过机器学习算法线性回归（LR）和多元自适应回归样条（MARS）模型评估了pXRF测量在预测八种重金属含量方面的性能。从五个工业场地收集了土壤样品，并根据pXRF测量值高于或低于背景值将其分为高值和低值数据集。结果表明，对于Cu和Cr，MARS模型在预测方面优于LR模型（MARS-R2值分别为0.88和0.78；MARS-RPD值分别为2.89和2.11）。对于pXRF低值数据集，多元MARS模型提高了pXRF测量精度，R2值从0.032提高到0.39，RPD值增加了0.02到0.37。对于pXRF高值数据集，单变量MARS模型可以计算量更少地预测Cu和Cr的含量。我们的研究表明，机器学习方法可以更好地预测多个污染场地大样本中的Cu和Cr。
P04396,Speciation Distribution and Influencing Factors of Heavy Metals in Rhizosphere Soil of Miscanthus Floridulus in the Tailing Reservoir Area of Dabaoshan Iron Polymetallic Mine in Northern Guangdong,广东北部大宝山铁多金属矿尾矿库区芒草根际土壤中重金属的形态分布及影响因素,"通过野外调查和实验分析，研究了广东省大宝山铁龙尾矿库（样地1）、曹地坑尾矿库（样地2）、东华尾矿库（样地3）和小尾矿库（样地4）中生长的芒草根际和非根际土壤中重金属（Zn, Pb, Cu, Cd, Ni, Cr）的形态、含量和分布。结果表明，根际和非根际土壤中重金属的主要形态和分布基本相同，即矿物态含量占重金属总量的绝大部分，而交换态含量较低。与非根际土壤相比，根际土壤中可交换态和有机态重金属的比例显著增加，其中有机结合态Cu的比例增加了53.25%，有机结合态Cd和Pb的比例增加了17%以上，Zn的比例增加了5.67%。同时，碳酸盐结合态和铁锰氧化物结合态的含量降低。统计分析表明，根际土壤中Zn, Pb, Cu, Cd, Ni和Cr的形态分布与土壤pH值、有机质含量、植物生长等因素密切相关。本研究结果为利用芒草修复重金属污染场地提供了依据。"
P04397,"Vertical Distributions and Bioavailabilities of Heavy Metals in Soil in An-Tea Plantations in Qimen County, China",中国祁门县安吉茶园土壤重金属的垂直分布及生物有效性,重金属主要通过土壤进入茶叶。在本研究中，使用土钻在安吉茶园采集了0-60 cm深度的分层土壤样品。使用欧共体标准局连续提取法测定As、Cd、Cr、Cu、Ni、Pb和Zn的形态，并用电感耦合等离子体质谱法测定提取物中的重金属浓度。与其他土层相比，Cd、Cu、Pb和Zn的平均浓度在0-20 cm层最高，Ni浓度在20-40 cm层最高，As和Cr浓度在40-60 cm层最高。在平坦地区的所有深度土壤中，Cr、Cu和Ni的非残留部分（包括酸可溶、可还原和可氧化部分）对总浓度的平均贡献高于残留部分；同样，在倾斜地区的所有深度土壤中，Cd和Zn的非残留部分对总浓度的贡献也高于残留部分。在平坦地区0-20 cm深度的土壤和倾斜地区20-60 cm深度的土壤中，As和Pb的非残留部分对总浓度的贡献高于残留部分。在0-40 cm的土壤中，重金属总浓度与酸可溶部分和可还原部分浓度相关性良好。
P04399,"Human-Health and Environmental Risks of Heavy Metal Contamination in Soil and Groundwater at a Riverside Site, China",中国某河滨土壤及地下水重金属污染的人体健康与环境风险,该污染场地因工业废物和废水的堆积被视为高风险污染源，影响土壤和地下水环境。本研究通过土壤和地下水调查，概述了污染场地土壤和地下水中重金属污染的特征，评估了污染场地对人体的健康风险，并建立了数值模型以预测场地的生态环境风险。研究结果表明，土壤中污染物（铅、砷、镉）的最大浓度均超过中国环境标准（GB36600-2018，II类），地下水中最大污染浓度（镉，Cd）超过中国环境标准（GB14848-2017，IV类），重金属污染主要集中在场地的生产区和废渣堆场。场地土壤重金属污染物的总致癌风险和非致癌危害商数超过人体可接受限值，存在人体健康风险。然而，该场地所在区域的地下水禁止开采，污染物无挥发性且无地下水暴露途径，因此对人体健康无风险。模拟预测结果显示，随着时间的推移，场地地下水污染物整体由南向北迁移，约12年后影响北部地表水体，存在较高的生态环境风险。上述发现为河滨污染场地的土壤和地下水研究提供了科学依据。
P04401,A Computational Framework for Design and Optimization of Risk-Based Soil and Groundwater Remediation Strategies,基于风险的土壤与地下水修复策略设计与优化的计算框架,土壤和地下水系统由于生物地球化学过程具有降解或解毒污染物的自然衰减潜力。然而，这种潜力很少被纳入主动修复策略中，导致许多修复场地过度修复。在此，我们提出了一种框架，用于设计和搜索最优修复策略，该策略充分考虑了主动修复策略和自然衰减潜力的综合效应。该框架集成了机器学习和基于过程的模型，以加速优化过程，其适用性在一个砷污染场地得到了验证。框架中采用基于过程的模型，通过整合土壤和地下水系统在各种修复活动情景下的地球化学和生物地球化学过程，来模拟砷浓度的演变。砷浓度演变、修复活动及相关修复成本的模拟结果被用于训练机器学习模型（随机森林回归），目的是建立修复输入、结果及相关成本之间的关系。然后利用这种关系搜索满足修复约束的最优（低成本）修复策略。该策略已成功应用于该场地，该框架为在其他修复场地搜索最优修复策略提供了一种有效方法。
P04444,Multi-Temporal Landsat-8 Images for Retrieval and Broad Scale Mapping of Soil Copper Concentration Using Empirical Models,基于经验模型的多时相Landsat-8影像土壤铜浓度反演与大尺度制图,利用基于现成卫星遥感图像的机器学习模型绘制土壤重金属浓度图是非常理想的。精确的制图依赖于适当的数据、特征提取和模型选择。为此，本研究设计了一个用于土壤铜浓度估算的数据处理流程。首先，考虑利用同一地点随时间变化的多个Landsat场景，而不是单一场景。其次，为了生成作为回归模型输入的首选特征集，提出并比较了多种特征提取方法。第三，为了找到首选的回归模型，实施并比较了多种方法以提高精度。本研究使用了2013年至2017年间中国四川古蔺县的11幅Landsat-8图像，以及2015年在该区域采集的138个具有实验室测定铜浓度的土壤样品。使用交叉验证下的多种指标进行比较。结果表明，与单一Landsat图像相比，多时相图像提高了精度。首选的特征提取方法因所用的回归模型而异，但使用支持向量回归和原始数据获得了最佳结果。使用推荐的数据处理流程生成的最终土壤铜图与地面真实土地覆盖分类图显示出一致的空间格局。这些结果表明，机器学习有能力利用广泛可用的卫星遥感图像进行大规模土壤重金属制图。
P04445,Identification of Cultivated Land Quality Grade Using Fused Multi-Source Data and Multi-Temporal Crop Remote Sensing Information,基于多源数据融合和多时相作物遥感信息的耕地质量等级识别,为探索快速、准确、高效的耕地质量遥感识别方法，本研究以山东省为研究区，利用实测数据基于常规GIS进行土壤质量评价。在此基础上，以MODIS序列图像为遥感数据源，融合地形、气象和统计年鉴等多源数据。然后，根据压力-状态-响应框架，通过区分作物轮作类型和融合遥感数据构建了三种特征指标。最后，利用随机森林方法识别土壤质量等级，并进行了精度分析。结果表明，双季作物的NDVI峰值出现在4月中旬和8月中旬，一季作物出现在8月中旬。通过评价，土壤质量分为三类，共六个等级。通过主成分分析，每个土壤状态指标包含两到三个主成分，每个主成分包含五到八个时相作物遥感信息。区分作物轮作类型并融合遥感图像后，土壤质量识别精度显著提高。总体准确率分别为79.18%、86.12%和93.65%，Kappa系数分别为0.66、0.77和0.90。本研究开发了一种耕地质量等级自动识别方法，证明了区分作物轮作类型和多时相作物遥感信息融合是提高识别精度的有效途径。
P04447,"Estimation of Pb Content Using Reflectance Spectroscopy in Farmland Soil Near Metal Mines, Central China",中国中部金属矿区附近农田土壤铅含量的反射光谱估算,矿山开采产生的有害金属污染农田会威胁农产品安全。为了修复，绘制污染土壤的空间分布图至关重要。传统的基于采样的程序既耗时又费力。利用可见光、近红外和短波红外反射（VNIR-SWIR）光谱技术检测土壤重金属污染是一种替代方案。旨在研究一种利用VNIR-SWIR光谱检测最敏感波段以发现采矿活动附近农田土壤中铅（Pb）异常的方法，研究选择了小秦岭山脉下游的一系列活跃金矿区域，测试利用VNIR-SWIR光谱绘制土壤Pb分布图的可行性。共采集了115个土壤样本进行实验室Pb分析和光谱测量。采用偏最小二乘回归（PLSR）建立预测模型来估算土壤Pb含量，并通过寻找参与的最佳波段数量来优化模型。使用普通克里金（OK）插值法绘制Pb浓度的空间分布图。研究发现五个光谱波段（522 nm、1668 nm、2207 nm、2296 nm 和 2345 nm）对土壤Pb含量敏感。优化后的预测模型的决定系数（R2）、残差预测偏差（RPD）和均方根误差（RMSE）分别为0.711、1.860和0.711 ln(mg/kg)。此外，通过比较估算数据和地面数据绘制的地图，OK插值结果令人信服且准确（R2 = 0.775，
P04448,"Source Apportionment of Heavy Metal Contamination in Urban-Agricultural-Aquacultural Soils near the Bohai Bay Coast, Using Land-Use Classification and Google Satellite Tracing",基于土地利用分类和谷歌卫星追踪的渤海湾沿岸城市-农业-养殖土壤重金属污染源解析,本研究调查了中国渤海锦州附近86个土壤样品中镉、砷、铅、铜、铬和汞的重金属浓度，旨在确定人类活动如何影响其分布水平。利用普通协同克里金（OCK）并结合主要环境影响因子绘制了六种重金属的分布图。六个OCK制图模型的p值在0-2.78%之间，表明模型具有很好的统计显著性；相对平均绝对误差为4.82-12.53%，相对均方根误差为6.23-18.21%，表明浓度预测精度可接受。基于中国国家环境监测中心和环境保护总局的标准对OCK制图得到的污染分布进行了分级，结果显示该地区部分区域的铜和砷污染超过自然本底水平但未达到污染级别，铬污染在整个区域内普遍超过自然本底水平，甚至在部分区域达到污染级别。将分级污染图与土地利用图和谷歌卫星图叠加，并结合文献中的验证，能够建立砷、铜和铬的不同污染水平与人类活动之间的相关性。结果表明，超过自然本底水平的砷和铜污染可能与渤海沿岸的农业种植和养殖活动有关，污染物通过水道输送；超过自然本底水平的铬污染可能是由车辆排放造成的；而铬污染可能来源于钢铁制造和地球化学工厂。
P04450,Mapping the Levels of Soil Salination and Alkalization by Integrating Machining Learning Methods and Soil-Forming Factors,整合机器学习方法和土壤形成因子绘制土壤盐渍化与碱化程度图,基于遥感和机器学习方法准确更新土壤盐渍化和碱化分布图，在保障粮食安全、生物多样性和防治荒漠化方面发挥着重要作用。然而，目前关于利用机器学习（特别是一维卷积神经网络CNN）和土壤形成因子对盐渍化和碱化程度进行分类的研究仍较少。该研究以中国大安市为例，基于88个观测点和16个环境协变量，利用随机森林（RF）和CNN估算土壤盐渍化和碱化。结果表明：采用合成少数类过采样技术的RF模型（土壤盐渍化分类精度=0.67，精确度=0.67）表现优于CNN。盐分和植被光谱指数在松嫩平原土壤盐渍化和碱化估算中起最重要。RF模型得出的空间分布显示，从20世纪80年代到2021年，土壤盐渍化和碱化面积分别以每年1.40%和0.86%的速度增长，极高盐渍化和碱化区域规模正在扩大。不同土地利用类型下的土壤盐渍化和碱化程度及变化率遵循沼泽 > 盐碱土 > 草地 > 旱地和森林的规律。该研究为干旱地区土壤盐渍化和碱化的快速制图、评价和管理提供了参考。
P04451,Hyperspectral Remote Sensing Inversion and Monitoring of Organic Matter in Black Soil Based on Dynamic Fitness Inertia Weight Particle Swarm Optimization Neural Network,基于动态适应度惯性权重组群优化神经网络的高光谱黑土有机质反演与监测,黑土的长期退化导致土壤肥力和生态服务功能下降，严重威胁国家粮食安全和区域生态安全。本研究受联合国可持续发展目标（SDG）2（零饥饿）特别是SDG 2.4（可持续粮食生产系统）的驱动，旨在通过高光谱遥感反演监测黑土有机质（SOM）含量及其动态变化，这对黑土资源的有效利用和可持续发展具有重要意义。以中国东北典型黑土区为例，将地物的高光谱数据与实测土样SOM含量进行对比，建立SOM与光谱特征的相关关系。基于其定量关系，提出了一种动态适应度惯性权重粒子群优化（DPSO）算法，平衡粒子群算法的全局和局部搜索能力。将DPSO算法应用于人工神经网络（BPNN）的参数调整，代替传统的误差反向传播算法，构建DPSO-BPNN模型。从而获得高光谱反演的全局最优解析表达式，提高了遥感定量反演模型的泛化能力和稳定性。结果表明，DPSO-BPNN模型比多元逐步回归、偏最小二乘法和BP神经网络模型等现有模型更稳定、准确（调整后复相关系数=0.89，均方根误差=1.58，相对近期偏差=2.93）。DPSO-BPNN反演结果与地表地球化学勘探实测的SOM含量趋势基本一致。因此，本研究为黑土SOM含量的高光谱遥感反演和
P04453,"Desert Soil Salinity Inversion Models Based on Field In Situ Spectroscopy in Southern Xinjiang, China",基于野外原位光谱的中国南疆沙漠土壤盐分反演模型,土壤盐渍化是干旱和半干旱地区（如中国新疆）突出的环境问题。盐渍化严重限制了经济和农业发展，并会导致生态系统退化。找到一种快速准确测定土壤盐分（SS）的方法是盐分评价、盐土开发和利用的主要挑战之一。原位可见光和近红外（Vis-NIR）光谱已被证明是检测土壤性质的一种有前途的技术，因为它可以实现对SS的实时、快速检测。然而，由于野外环境中环境因素（如光照、水汽、太阳高度角等）对光谱的干扰，原位Vis-NIR光谱能否高精度反演SS仍然具有挑战性。为了填补这一知识空白，我们在中国南疆沙漠绿洲交错带的Kongterik牧场自然保护区（KPNR）采集了135个表层土壤样品的原位Vis-NIR光谱和实验室测量的SS数据。我们使用遗传算法（GA）、粒子群优化（PSO）和模拟退火（SA）算法来选择SS的特征波段。随后，我们结合极限学习机（ELM）、反向传播神经网络（BPNN）和卷积神经网络（CNN）构建了SS的反演模型。结果表明，不同的特征波段选择方法可以提高原位Vis-NIR光谱预测模型的精度。无论是使用全波段光谱数据还是特征波段光谱数据构建SS反演模型。与全波段（401–2400 nm）光谱建模相比
P04456,Using a Two-Stage Scheme to Map Toxic Metal Distributions Based on GF-5 Satellite Hyperspectral Images at a Northern Chinese Opencast Coal Mine,基于高分五号卫星高光谱影像的中国北方露天煤矿有毒金属分布两阶段制图研究,"有毒金属因其毒性和难分解性引起全球关注。虽然化学方法能准确获取金属浓度，但效率低、成本高，难以大范围制图，且易造成二次污染。本研究在中国北方某露天煤矿采集了110个表层土壤样，利用全球导航卫星系统(GNSS)定位，通过便携式X射线荧光光谱仪(XRF)测定金属含量，并利用高分五号(GF-5)卫星高光谱影像获取土壤光谱。采用Savitzky–Golay滤波和连续小波变换(CWT)平滑增强光谱反射率，利用竞争性自适应重加权采样(CARS)和Boruta算法识别特征波段。构建了由随机森林(RF)和普通克里金(OK)组成的最佳两阶段模型来推断金属浓度。结果表明：锌和镍含量均超过区域背景值；RF结合OK(RFOK)模型在估算土壤锌和镍含量时表现优于其他四种模型(RF, OK, IDW, RFIDW)；利用GF-5卫星高光谱影像结合最佳预测方法得到的土壤锌镍浓度分布符合实际情况。该方案证明卫星高光谱影像可直接用于估算金属分布，为较大尺度上绘制重金属空间分布提供了科学基础。"
P04490,Exploring Key Soil Parameters Relevant to Arsenic and Cadmium Accumulation in Rice Grain in Southern China,探索与中国南方稻米砷和镉积累相关的关键土壤参数,中国南方某些地区的稻田土壤受到砷和镉的污染，通过食用受砷和/或镉污染的大米威胁人类健康。迄今为止，对于田间条件下土壤特性如何控制水稻籽粒中砷和镉的积累，还缺乏定量的理解。基于在中国南方收集的31组配对的土壤-谷物样本，我们统计探讨了各种土壤分析中的哪种土壤参数或参数组合最能估算水稻中的砷和镉。我们发现，在水稻收获时采集的田间潮湿土壤的CaCl2提取提供了对谷物Cd的最佳估算（R2adj = 0.47 - 0.60），其次是干土CaCl2提取（R2adj = 0.38 - 0.49），其中来自潮湿或干燥土壤的CaCl2提取态Cd是主导土壤参数。与土壤全量相比，尽管干土抗坏血酸-柠檬酸盐提取或厌氧土壤孵育的参数与植物吸收砷时的土壤氧化还原条件相关性更密切，但它们都没有改善谷物As的模型性能（R2adj <= 0.44）。我们的模型表明，土壤有效硫在控制谷物As方面起着关键作用。我们的方法和结果可能有助于开发潜在的土壤改良策略，以降低土壤中砷和/或镉的积累。
P04546,Contamination Assessment and Source Apportionment of Metals and Metalloids Pollution in Agricultural Soil: A Comparison of the APCA-MLR and APCA-GWR Models,农业土壤中金属和类金属污染的污染评价与源解析：APCA-MLR与APCA-GWR模型的比较,金属和类金属在土壤中积累，不仅导致土壤退化和作物减产，还对人体健康构成危害。通常，源解析方法生成源与元素之间的整体关系，因此缺乏捕捉污染源重要地理变化的能力。本研究利用在上海研究区域密集采集的数据集（包含1848个表层土壤样品，含金属Cd、Hg、Cr、Pb和类金属As），提出了一种综合方法，通过结合绝对主成分得分和地理加权回归（APCA-GWR）来解决空间异质性（非平稳性）条件下的源解析问题。结果表明，APCA检测到三个主要来源，即自然来源（如冲积土壤物质）；农业活动，特别是磷肥的过度使用；以及工业燃煤和交通活动造成的大气沉降污染。APCA-GWR比主流的APCA-MLR提供了更准确和具体的污染源信息，这通过更高的R2、更低的AIC值和残差的空间非自相关性得到了验证。根据APCA-GWR，自然源负责大陆北部的As和Cr积累以及大陆南部和北部的Pb积累。大气沉降是整个研究区域Hg的主要来源，也是大陆东部和崇明岛Pb的主要来源。农业活动（尤其是磷肥的过度使用）是整个研究区域Cd的主要来源，也是大陆南部地区和崇明岛中部As和Cr的主要来源。综上所述，本研究强调了使用综合APCA-GWR模型有
P04549,Heavy Metal Pollution of Agricultural Soils and Health Risk Assessment of Consuming Soybean and Wheat in a Typical Non-Ferrous Metal Mine Area in Northeast China,中国东北典型有色金属矿区农田土壤重金属污染及食用大豆和小麦的健康风险评估,在采矿过程中，一些对植物或人体必需的金属类物质与非必需金属类物质一起被排放到环境中。研究采集了中国东北某典型有色金属矿区26个土壤样品和25个粮食作物（大豆和小麦）样品，分析了砷、镉、铬、铜、汞、铅、锌、硒、钼和锰的含量。结果表明，土壤中的镉、铜、锌、钼和锰显著受采矿活动影响。砷和锰的危害商数和危害指数均超过1，表明食用大豆和小麦对各类人群存在较高的潜在健康风险。
P04550,Priority Soil Pollution Management of Contaminated Site Based on Human Health Risk Assessment: A Case Study in Southwest China,基于人体健康风险评估的污染场地土壤污染优先管理：中国西南案例研究,人体风险评估模型可作为区域污染场地综合管理的工具。然而，基于场地的风险评估在中国很少作为风险管理决策的依据。本研究从中国西南地区的十个污染场地收集了共112个土壤样品。采用人体健康风险评估方法评估了镉、砷、铜、铅、铬、锌和汞的污染风险。研究结果显示，污染场地中砷、锌和铅的平均浓度显著高于铜、镉、铬和汞。进一步的研究 conclusively 表明，污染场地目前的土壤状况对潜在的未来受体构成人体健康风险。非致癌和致癌风险的主要贡献来自于偶然摄入的土壤和粉尘。场地优先修复顺序为 区域 VI > 区域 V > 区域 IV > 区域 III > 区域 VII > 区域 X > 区域 IX > 区域 VIII > 区域 I > 区域 II。最后，提出了管理建议，包括减少污染物摄入、实施严格的监测方案、利用生物修复以及加强相关法律的执行。本研究为中国污染场地土壤污染的综合评估提供了案例。
P04551,"Heavy Metal Pollution and Its Prior Pollution Source Identification in Agricultural Soil: A Case Study in the Qianguo Irrigation District, Northeast China",农业土壤重金属污染及其优先污染源识别：以中国东北前郭灌区为例,重金属是农业土壤中的主要污染物，阻碍了农业的可持续发展。为了控制重金属污染，识别农业土壤中的污染源，特别是优先污染源至关重要。在当前研究中，选择中国东北典型的农业区——前郭灌区，对土壤重金属进行源解析并识别优先污染源。结果表明，研究区域处于中度污染水平，具有相当大的生态风险，其中Hg和Cd是主要污染物。人体健康风险评估表明，所有人群的非致癌风险是可接受的（HI < 1），而致癌风险不可忽视（10−6 < TCR < 10−4）。主要污染源归结为成土母质来源（35.5%）、畜禽粪便（25.4%）、燃煤（21.5%）和化肥（17.7%）。燃煤被确定为优先污染源，占RI（风险指数）贡献的47.69%。这项研究可以为农业区域土壤重金属的环境管理和污染控制提供科学支持。
P04552,Ecological Risk Evaluation and Source Identification of Heavy Metal Pollution in Urban Village Soil Based on XRF Technique,基于XRF技术的城中村土壤重金属污染生态风险评价与源解析,中国快速的城镇化导致城乡之间产生了显著差异。在此背景下，城中村的出现不可避免，并带来了土地利用、工业管理和生态环境方面的复杂问题。本研究通过对典型城中村案例进行研究，评估了土壤中的重金属污染和生态风险。研究使用便携式X射线荧光（XRF）仪检测了80个基本单元。选取并实验室分析了25个高风险污染点进行确认。结果表明，土壤中Pb、Cu、Zn和Ni的平均浓度显著高于背景值。Pb、Zn和Ni表现出明显的成对相关性，高值区可归因于汽车交通和工业活动。此外，农业活动、不同功能区之间缺乏明确划分以及普遍缺乏环境意识使得污染问题复杂化。所有这些因素导致生态风险增加，并对公众健康构成严重威胁。
P04554,"Heavy Metal Concentrations of Soil, Rock, and Coal Gangue in the Geological Profile of a Large Open-Pit Coal Mine in China",中国某大型露天煤矿地质剖面中土壤、岩石和煤矸石的重金属浓度,"矿区重金属风险评估对确保区域生态系统可持续发展和保护人类健康至关重要。然而，几乎所有关于采矿活动对环境质量影响的研究都涉及地表土壤或土壤剖面的现场监测。本文旨在比较地质剖面中重金属浓度的多样性，在中国最大的露天煤矿平朔煤矿（安家岭煤矿、安太堡煤矿和东露天煤矿）地下数百米处采集并分析了39个样品（包括土壤、岩石和煤矸石）。土壤中Cd、Hg、As、Pb、Cr、Cu、Zn和Ni的平均重金属浓度分别为0.15 mg/kg、0.02 mg/kg、13.70 mg/kg、27.12 mg/kg、70.89 mg/kg、26.10 mg/kg、79.88 mg/kg和37.68 mg/kg；大多数金属在土壤样品中的浓度高于岩石和煤矸石样品。潜在生态风险评估表明，所有样品中的As、Pb、Cr、Cu、Zn和Ni均显示低风险，而Cd和Hg的生态风险程度较高，对总风险指数（RI）的贡献最大。岩石样品中Cd的最高E_r^i值（92.94）约为总RI的55.18%。对于Hg，四个岩石采样点的E_r^i值最高（427.70, 270.78, 198.96, 和 188.70），约占总RI的68.36%-88.07"
P04555,"Difference of Soil Aggregates Composition, Stability, and Organic Carbon Content between Eroded and Depositional Areas after Adding Exogenous Organic Materials",添加外源有机材料后侵蚀区和沉积区土壤团聚体组成、稳定性及有机碳含量的差异,"中国东北黑土由于长期耕作遭受了广泛的土壤退化，同时造成了侵蚀-沉积景观，导致土壤相关的碳重新分布。在农业系统中，向退化土壤添加外源有机材料是改善土壤团聚体稳定性和土壤质量的常用措施。然而，土壤性质的差异可能会改变团聚体中有机物的分解和周转。采用统一的方法修复侵蚀区(E)和沉积区(D)土壤效率较低。因此，设计了一个室内恒温恒湿培养实验，添加等碳量的三种有机材料：秸秆(S)、生物炭(B)和猪粪(M)。分析了侵蚀和沉积土壤的团聚体组成、稳定性和有机碳，以评估外源有机材料添加对土壤质量的改良效率。主要结果如下：添加秸秆和猪粪能有效促进>2 mm团聚体的形成(E: 7.1%, 8.8%; D: 17.3%, 8.6%)，并显著提高平均重量直径(MWD) (E: 0.45 mm, 0.52 mm; D: 0.96 mm, 0.54 mm)；而添加生物炭显著增加了0.25-2 mm团聚体的比例(E: 7.9%; D: 10.9%)，但改善MWD的效果不如秸秆和猪粪。三种有机材料均能显著提高侵蚀区土壤的总有机碳(TOC) (S, B and M: 1.95, 3.12 and 2.46 g.kg^-1"
P04556,Effects of Forest Vegetation Restoration on Soil Organic Carbon and Its Labile Fractions in the Danxia Landform of China,中国丹霞地貌森林植被恢复对土壤有机碳及其活性组分的影响,丹霞地貌是中国独特的红层地貌。目前对中国西南丹霞地貌区植被恢复对土壤有机碳(SOC)组分影响的认识仍较缺乏。本研究从选定的5种不同植被恢复类型[灌丛(SH)、针阔混交林(MCBF)、常绿阔叶林(EBF)、杉木林(CFF)和竹林(BF)]中采集0-30 cm深度的土样，探讨SOC及其活性有机碳(LOC)组分[溶解有机碳(DOC)、微生物量碳(MBC)和易氧化有机碳(EOC)]的浓度和储量及其与土壤理化性质和酶活性的关系。结果表明，五种植被恢复类型的SOC和LOC组分含量及SOC储量均随土层深度的增加而下降。在0-30 cm深度，BF和CFF的SOC和EOC平均浓度及总储量高于SH、EBF和MCBF。BF的平均DOC含量最高，但五种植被恢复类型之间的总DOC储量无显著差异。BF和EBF的平均MBC浓度和总MBC储量显著高于其他植被恢复类型。在五种植被恢复类型下，SOC及其LOC组分与土壤水分和三种酶活性呈不同程度的正相关，且与全氮(TN)和全磷(TP)密切相关(除CFF和BF的TP外)，并受pH(除CFF和MCBF的DOC和MBC外)和容重(BD)的负影响。总体而言，土壤TN、TP和蔗糖酶
P04557,"A Case Study: Arsenic, Cadmium and Copper Distribution in the Soil–Rice System in Two Main Rice-Producing Provinces in China",中国两个主要水稻生产省份土壤-水稻系统中砷、镉和铜分布的案例研究,"砷和镉对水稻植物和人类健康构成巨大风险。铜基农用化学品也日益受到关注。本研究调查了中国湖南和江西两个主要水稻生产省份土壤-水稻系统中砷、镉和铜的分布。湖南A点土壤中的砷含量达到47.95-60.25 mg/kg，均超过国家标准（GB15618-2018），但大米中的砷含量均低于人类安全限值（0.20 mg/kg, GB2762-2017）。相比之下，江西所有稻壳和5%的谷粒样品中的砷超过了安全限值，而土壤中的砷含量为3.40-9.92 mg/kg，均低于标准。湖南A点和B点土壤中的镉含量分别为3.96-5.11和1.83-2.77 mg/kg，均超过国家标准；60%的大米籽粒中镉超过安全限值（0.20 mg/kg, GB2762-2017）。尽管江西土壤中的镉含量低得多（0.20-0.34 mg/kg），但56%的大米籽粒中镉超过了安全限值。土壤-水稻系统中砷和镉的不同分布模式可能是由耕作实践期间的动态环境条件造成的。还应考虑由稻壳制成的膳食产品的风险。虽然大米中未受监管，但湖南土壤中的铜超过了国家标准。这项研究有助于了解稻田中砷和镉的污染及其对人类健康的风险，并建议限制铜基农用化学品"
P04558,Effects of Bentonite Addition on the Speciation and Mobility of Cu and Ni in Soils from Old Mine Tailings,膨润土添加对老尾矿土壤中铜镍形态和迁移性的影响,膨润土在遏制土壤重金属污染方面具有重要应用。金昌市是中国西部重要的工业城市，该地区的采矿活动不可避免地导致土壤重金属污染，特别是土壤中Ni和Cu的最高浓度分别超标30倍和25倍。本研究进行了土壤培养实验，研究了膨润土添加(BA)对金昌市老尾矿区重金属Ni和Cu形态的影响。采集表层土壤(0-20 cm)样品，采用Tessier连续提取法进行Ni和Cu的形态分析。结果表明，残渣态(R)是Ni和Cu的主要形态，分别占总量的53%和57%。有机结合态(BM)、铁锰氧化物结合态(BO)、碳酸盐结合态(BC)和可交换态(E)分别占20%和16%、18%和12%、6%和7%、3%和4%。其含量顺序为：R > BM > BO > BC > E。随着BA水平的增加，Ni和Cu的各形态含量均有所下降。BA显著降低了Ni和Cu中E的比例，而BO和R的比例显著增加。BA能显著降低Ni和Cu的迁移性。我们的研究结果表明，BA能显著降低污染土壤中重金属的生物毒性和迁移性，可作为土壤重金属污染的安全稳定剂推荐使用。
P04559,"Characteristics and Assessment of Soil Heavy Metals Pollution in the Xiaohe River Irrigation Area of the Loess Plateau, China",黄土高原小河灌区土壤重金属污染特征及评价,土壤中的重金属对生态系统和人类福祉构成潜在威胁。了解土壤重金属污染的特征并预测生态风险对于区域生态环境和农业发展至关重要，特别是对于灌溉区。本研究以黄土高原小河灌区为研究区，基于地质累积指数和Hakanson潜在生态风险指数法，探讨了土壤重金属的浓度、累积程度、生态风险及分布。结果表明，土壤重金属浓度均低于《中国土壤环境质量标准》二级标准。然而，Cu、Hg、Cd、Pb、Zn、Ni和As的平均浓度高于上述标准。与山西省土壤背景值相比，所有样品的8种重金属呈现出不同的累积程度，其中Hg的累积程度最高，其次是Cd，分别是背景值的11.3倍和4.0倍。在空间上，小河灌区土壤重金属的分布差异很大，产生了具有显著区域差异和复杂传输路径的多样化污染模式。小河灌区土壤重金属含量受土地利用类型影响很大。污染程度随距城市距离的变化而变化，从城市郊区到郊区农田，再到外郊区农田递减。在这些重金属中，Hg和Cd是主要的污染元素，交通运输、服务业和农业活动是主要的潜在污染源。土壤重金属的潜在生态风险依次为：Hg > Cd > Pb > Zn > Cu > As > Ni > Cr。根据Hakanson潜在生态风险
P04560,Diversity and Structure of Vegetation Rhizosphere Bacterial Community in Various Habitats of Liaohekou Coastal Wetlands,辽河口滨海湿地不同生境植被根际细菌群落多样性及结构,"滨海湿地是一类独特的生态系统，其中植被的根际微生物在整体生态中发挥着重要作用。本研究采集了中国东北辽河口滨海湿地（40°54′44′′ N, 121°47′51′′ E）七个生境（不同覆盖度的碱蓬和芦苇群落、养殖池塘和农田生物群落）的植被根际土壤样本，利用高通量测序技术评估细菌群落的多样性和结构。方差分析（ANOVA）测试发现，土壤理化性质和细菌群落受植被覆盖度的影响。RDA测试表明，砷和镍是影响细菌群落的主要重金属变量，而 NO3−-N 是重要的营养因子。变形菌门在所有土壤中均为优势菌门。 Gillisia 和 Woeseia 是碱蓬和芦苇群落中特有的两个最优势属。同时 SparCC 显示 Woeseia 在湿地根际细菌群落中起主导作用。 FAPROTAX 结果显示，化能异养功能在所有群落中占主导地位，而在湿地中，硫和氮的循环受植被类型和覆盖度的显著影响。综上所述，本研究揭示了不同植被类型和覆盖度下根际细菌群落的结构组成和多样性。这项研究有助于加深我们对湿地微生物生态学的理解，并为各种生境中的细菌群落提供信息。"
P04562,Effectiveness of Passivator Amendments and Optimized Fertilization for Ensuring the Food Safety of Rice and Wheat from Cadmium-Contaminated Farmland,钝化剂与优化施肥对确保镉污染农田稻麦食品安全的有效性,本研究从有效性、安全性、经济性和简便性等方面评估了不同土壤改良剂对镉污染农田的影响。实验于2020年5月在中国安徽铜陵的镉污染地块上进行。评估了优化施肥和重金属钝化剂（石膏、竹炭、石灰和复合钝化剂）作为改良剂降低水稻对镉吸收的效果。结果表明，所有处理都降低了镉污染土壤中镉的生物有效性，并使稻米中的镉积累符合国家食品安全标准。此外，水稻产量增加了4.80%至14.27%，稻米中的镉含量降低了23.53%至36.83%。水稻降镉效果依次为：优化施肥 > 石灰 > 复合钝化剂 > 竹炭 > 石膏粉。在水稻季之后种植小麦，以测试水稻季实施的土壤改良措施对下一季作物生长的影响。小麦产量提高了3.46%至10.96%，籽粒镉含量降低了6.47%至41.03%。小麦降镉效果依次为：石灰 > 复合钝化剂 > 优化施肥 > 石膏粉 > 竹炭。经过石灰处理后，小麦籽粒镉含量符合国家食品安全标准。对钝化剂和优化施肥的安全利用和经济效果进行了综合比较。结果显示，优化施肥是最有效的处理。本研究结果为长江流域轻度镉污染农田（0.3 mg/kg < Cd < 1.0 mg/kg）的稻麦轮作系统安全利用提供了科学依据
P04615,Research Progress on Heavy Metals Pollution in the Soil of Smelting Sites in China,中国冶炼场地土壤重金属污染研究进展,重金属污染是一个全球性的重大问题。近几十年来，中国的土壤重金属污染物对土壤质量产生了不利影响，威胁了食品安全和人类健康。人为输入主要产生中国的重金属污染。在本综述中，调查中使用的方法集中在地球化学策略和金属同位素方法上，这对于确定采矿和冶炼引起的土壤污染途径特别有用。研究结果表明，重金属分布对采矿和冶炼场地周围的表土有实质性影响，这些场地向环境中释放大量重金属。此外，Pb、Cd、As 和 Hg 造成的重金属污染及相关危害对植物、土壤生物和人类更为严重。值得注意的是，儿童特别容易受到 Pb 毒性的影响。本综述还提供了控制和减少重金属污染影响的新方法。湿法冶金提供了一种从废物中提取金属和去除潜在有害重金属以减少污染的潜在方法。然而，污染场地的环境友好修复仍然是一个重大挑战。本文还评估了污染土壤修复技术的当前进展，如稳定化/固化、自然衰减、电动修复、土壤淋洗和植物修复。生物方法（尤其是植物修复）的能力具有成本效益且有利于环境。
P04617,Ecological Health Risk Assessment and Source Identification of Heavy Metals in Surface Soil Based on a High Geochemical Background: A Case Study in Southwest China,基于高地球化学背景的表层土壤重金属生态健康风险评估及源解析——中国西南地区案例研究,在高自然背景区域共采集了28095个表层土壤样品；潜在生态风险总体较低，高风险区域较小且主要受铅锌矿影响。对潜在生态风险因子(RI)的贡献依次为：Hg > Cd > As > Pb > Cu > Ni > Cr > Zn，非致癌慢性风险为 Cr > As > Cd > Pb > Ni > Cu > Hg > Zn；此外，皮肤接触是引起健康风险的主要暴露途径。重金属引起的总致癌风险依次为：Cr > Cd > As > Pb；Cr、Cd 和 As 的风险高于阈值 (1.0 × 10⁻⁴)；镇雄、鲁甸、会泽、威信和昭阳人群面临更高的土壤重金属威胁。EPA PMF 模型评估结果显示，土壤重金属主要由五个来源组成，其中玄武岩、二叠纪和三叠纪碳酸盐岩母质构成自然背景源，而铅锌矿开采活动和居民燃煤排放构成人为源。贡献率排序为：铅锌矿开采 (26.7%) > 三叠纪碳酸盐 (23.7%) > 玄武岩 (20.9%) > 燃煤和汽车排放 (16.1%) > 二叠纪碳酸盐 (12.6%)。
P04618,"Assessment of Soil-Heavy Metal Pollution and the Health Risks in a Mining Area from Southern Shaanxi Province, China",陕南矿区土壤重金属污染及健康风险评估,矿区土壤重金属污染是土壤环境污染综合治理中的问题之一。为了探讨矿区土壤重金属污染程度和人体健康风险，测定了某废弃金矿区土壤中As、Cd、Cu、Cr、Hg、Ni、Pb和Cr(VI)的含量。利用地质累积指数、单因子污染指数（SPI）、内梅罗综合污染指数（NCPI）、潜在生态风险指数（PERI）和人体健康风险评估模型对土壤重金属污染的污染程度和风险进行了评估。最后，利用评估结果提供修复指导。结果显示：（1）矿区As、Cd、Cr、Cu、Hg和Ni的平均含量超过了土壤元素的背景值。（2）矿区受到不同程度的重金属污染，具有较强的潜在生态危害。（3）重金属的总致癌风险超过了健康风险标准。矿区的主要污染成分为As、Cd、Cr和Hg。这项研究的结果有望在污染处理和人与生态的平衡中发挥积极作用。
P04619,"Effects of an Arbuscular Mycorrhizal Fungus on the Growth of and Cadmium Uptake in Maize Grown on Polluted Wasteland, Farmland and Slopeland Soils in a Lead-Zinc Mining Area",丛枝菌根真菌对铅锌矿区污染废弃地、农田和坡地土壤上玉米生长及镉吸收的影响,丛枝菌根真菌（AMF）广泛存在于受重金属污染的土壤中，对植物生长和镉（Cd）吸收具有显著影响。中国西南部云南省某铅锌矿区废弃地、农田和坡地土壤中的Cd含量存在差异。通过根袋实验研究了AMF对玉米生长、根系形态、低分子量有机酸（LMWOA）浓度及Cd吸收的影响。结果表明，AMF增加了Cd污染土壤上玉米的生长，导致根长、表面积、体积和分枝数的增加，且在农田土壤中的效果强于废弃地和坡地土壤；使农田土壤上玉米根部的苹果酸和琥珀酸分泌分别增加了1.3倍和1.1倍；使农田土壤玉米根际中铁锰氧化态Cd浓度增加了22.6%，有机结合态Cd浓度降低了12.9%；使农田和坡地土壤上玉米地上部的Cd吸收分别增加了12.5倍和1.7倍，根部分别增加了25.7%和86.6%。此外，地上部Cd吸收量与根系表面积、体积及LMWOA浓度呈显著正相关。因此，这些结果表明AMF诱导的玉米Cd吸收增加可能与其对根系形态和LMWOA分泌的影响密切相关，且这种效应随Cd污染水平的不同而变化。
P04621,Contamination and Health Risk Assessment of Heavy Metals in Soil and Ditch Sediments in Long-Term Mine Wastes Area,长期矿山废弃地土壤及沟渠沉积物重金属污染与健康风险评估,采矿区排放的废弃物对环境和人类健康造成的生态和健康风险已引起关注。本研究从云南西北部长期矿山废弃地的九个区域采集了114个土壤样本，以评估重金属的污染特征、生态风险和健康风险。结果显示，地累积指数为 Cd (4.00) > Pb (3.18) > Zn (1.87) > Cu (0.25)。半方差分析显示，Cd和Cu表现出中等空间依赖性，而Pb和Zn表现出强空间依赖性。Cd构成了极端的潜在生态风险。斜坡和沟渠是极端的潜在生态风险区域。Pb对儿童的非致癌风险以及Cd对成人和儿童的致癌风险不可忽视，且直接摄入是主要来源。本研究为决策者制定管理和减少暴露策略提供了科学依据。
P04622,Effect of Low-Molecular Organic Acids on the Migration Characteristics of Nickel in Reclaimed Soil from The Panyi Mine Area in China,低分子有机酸对中国潘一矿区复垦土壤中镍迁移特性的影响,本研究调查了低分子量有机酸（柠檬酸和苹果酸）对土壤中镍迁移特性的影响。供试复垦土壤样品采自中国淮南市潘一矿。评估了添加不同浓度的镍、柠檬酸（CA）和苹果酸（MA）对土壤镍形态迁移和转化的影响。结果显示：（1）随着镍浓度的增加，土壤镍活性增加。（2）随着苹果酸和柠檬酸浓度的增加，土壤中可交换态镍的比例增加，有效促进了镍的迁移。此外，随着柠檬酸和苹果酸浓度的增加，复垦土壤中的活性镍组分显著增加。发现柠檬酸对镍的活化作用高于苹果酸。（3）随着老化时间的延长，有机酸对镍的活化作用减弱，表现出从松散结合态镍向强结合态镍的逐渐转化。本研究结果为提高Ni污染土壤植物修复技术的有效性和效率提供了理论依据。
P04624,Heavy Metal Pollution and Source Contributions in Agricultural Soils Developed from Karst Landform in the Southwestern Region of China,中国西南地区岩溶地貌发育的农业土壤重金属污染及源贡献,农业区域的土壤重金属污染是中国最突出的环境污染问题，严重影响人类健康和粮食安全。这已成为社会各界高度重视的环境问题之一。中国西南地区危险地质体风化区的土壤重金属具有天然的高背景属性。因此，对中国西南地区土壤重金属进行生态风险评估和潜在源分析，对土壤健康管理、土壤重金属污染修复和国土空间规划具有重要意义。本研究在中国宣威县采集了787个土壤样品（0-20 cm），分析了土壤中As、Cd、Cr、Cu、Hg、Ni、Pb和Zn的浓度。利用Igeo、RI、HI和CR计算污染水平、生态风险和人体健康风险。此外，利用PMF模型和单因素方差分析识别潜在来源并讨论影响重金属富集的因素。结果显示，表层土壤的平均含量分别为：Cd 1.190 mg/kg，Cr 139.4 mg/kg，Cu 96.74 mg/kg，Hg 0.081 mg/kg，Ni 56.97 mg/kg，Pb 46.66 mg/kg，Zn 130.1 mg/kg。所有重金属均超过了云南省A层土壤的背景值。Igeo显示Cd是研究区内危害最大的元素，其次是Cu、Cr、As、Ni和Pb。RI显示，低生态风险、中等生态风险、相当生态风险和强生态风险
P04625,Chromium Contamination and Health Risk Assessment of Soil and Agricultural Products in a Rural Area in Southern China,中国南部某农村地区土壤及农产品铬污染与健康风险评估,随着工业的快速发展，铬污染物在土壤中不断积累，造成严重的土壤铬污染问题。农田铬污染损害了农业生产的安全性，间接影响人体健康安全。然而，目前关于农田土壤和作物中铬污染的详细情况尚不足。本研究在一个受工业和历史污水灌溉影响的农村地区，对土壤-作物系统中铬的潜在风险进行了评估。从四个田块采集了十种不同的作物及其根际土壤。结果表明，农田土壤中的铬含量超过了中国国家标准阈值（>21.85%），部分农产品可食用部分的铬含量也超过了标准。根据PCA和相关性分析，可食用部分的铬积累与土壤铬含量和有效钾含量呈显著相关。除空心菜外，其他作物的目标危害商数（THQ）均低于1.0，但致癌健康风险均超过了限值。不同类型作物的致癌风险（CR）依次为：粮食作物 > 豆类作物 > 叶菜类和块茎类作物。综合评估显示，在该地区种植空心菜具有最高的铬污染潜在风险。本研究提供了一种科学可靠的方法，将土壤环境质量和农产品安全性相结合，有助于更高效地评估耕地中铬的潜在风险，并为当地农业生产安全制定技术指导。
P04705,Ecological Risk Assessment and Source Analysis of Heavy Metals in the Soils of a Lead-Zinc Mining Watershed Area,铅锌矿流域土壤重金属生态风险评价及源解析,本研究测定了中国广西北部某铅锌矿流域土壤中Cr、Mn、Pb、Cu、Zn、As、Cd、Sb和Fe的浓度，并进行生态风险评估和源解析。研究使用原子荧光光谱法和ICP-OES测定重金属浓度，结果表明Mn、Cu、Zn、As、Cd和Pb的总量超标。其中，Pb、Mn和Zn的弱酸可提取态（F1）占据了较高的生态风险。研究区域分为三个不同区域：重金属浓度最高的区域分布在四渡河山前和地下河入口处，其次是沿河区域和河流灌溉区，中部高地和西南部浓度较低。生态风险评价结果表明，Cd具有极高的生态风险，Pb和Mn具有中等或轻微的生态风险，Zn具有轻微的生态风险，其余元素对生态环境几乎没有影响。源解析结果显示，Cu、Zn、Cd、Sb和Pb主要受采矿等人类活动控制；Cr、Fe和As主要受成土母岩等自然过程影响；Mn则受采矿和成土母岩的共同控制。本研究可为矿区土壤风险管控或修复提供科学指导和技术支持。
P04759,Simultaneous Recovery of DNA and RNA from Soil Microbe,同时提取土壤微生物DNA和RNA方法的研究,获得高浓度 大片段 多样性程度高的土壤微生物总DNA是研究土壤微生物群落结构的分子生态学基础 研究采用PBS缓冲液洗涤土壤样品，结合SDS裂解微生物细胞的方法，同时提取分别添加小麦秸秆粉和油菜秸秆粉的两种土壤样品的微生物DNA和RNA对提取出的DNA和RNA进行酶切，基因组PCR和反转录PCR，实验结果表明该法提取的核酸不需要进一步处理，其纯度可以满足后续的分子生物学试验的研究，同时避免了由于纯化导致的核酸量的降低。 为研究土壤微生物多样性和土壤微生物的活性及在土壤环境中的功能等方面的研究奠定了基础。
P04909,A compiled soil respiration dataset at different time scales for forest ecosystems across China from 2000 to 2018,2000-2018年中国森林生态系统不同时间尺度的土壤呼吸数据集,中国森林面积位居世界第五，涵盖从寒温带到热带的广泛气候梯度，在全球碳循环中发挥着关键作用。过去二十年中，中国关于森林土壤呼吸的研究迅速增加，但产生的数据有待总结。本文汇编了截至2018年12月31日发表文献中中国未受干扰森林生态系统的土壤呼吸综合数据集，包括月度土壤呼吸及同时测量的土壤温度（N=8317）、平均月度土壤呼吸（N=5003）和年度土壤呼吸（N=634）。还记录了样地的详细信息，如地理位置、气候因素、林分特征和测量描述。我们检查了数据集的某些方面——用土壤温度拟合的土壤呼吸方程、温度敏感性（Q10）、寒温带、温带、亚热带和热带地区的月变化和年通量。我们希望该数据集能被科学界用于更好地理解中国森林生态系统的碳循环，并减少大尺度碳预算评估中的不确定性。
P04911,Daily soil moisture mapping at 1 km resolution based on SMAP data for desertification areas in northern China,基于SMAP数据的北方荒漠化地区1公里分辨率日土壤水分制图,"地表土壤水分（SM）在荒漠化地区的水文过程和陆地生态系统中起着关键作用。被动微波遥感产品如土壤水分主动被动（SMAP）卫星已被证明能很好地监测地表土壤水。然而，这些产品的空间分辨率粗疏且缺乏全覆盖，大大限制了其在荒漠化地区的应用。为了克服这些限制，结合多种机器学习方法，包括多元线性回归（MLR）、支持向量回归（SVR）、人工神经网络（ANN）、随机森林（RF）和极限梯度提升（XGB），基于相关地表变量（如植被指数和地表温度）应用于降尺度36公里的SMAP SM产品，并产生更高空间分辨率的SM数据。选择了对SM敏感的中国北方荒漠化地区作为研究区，生成了2015年至2020年分辨率为1公里的日尺度降尺度SM。结果显示，与原位观测的SM数据相比表现良好，平均无偏均方根误差值为0.057 m3 m-3。此外，其时间序列与降水一致，并且优于常见的网格化SM产品。该数据可用于评估土壤干旱，为逆转研究区的荒漠化提供参考。该数据集可在 https://doi.org/10.6084/m9.figshare.16430478.v6 (Rao et al., 2022) 免费获取。"
P05080,Isolation and diversity of soybean rhizobia from nickel mine soil and their potential as phytoremediation facilitators,镍矿土壤中大豆根瘤菌的分离、多样性及其作为植物修复促进剂的潜力,矿山土壤不仅贫瘠，而且被一些重金属污染。目前尚不清楚是否有某些根瘤菌能在镍矿土壤的极端条件下存活。因此，本研究试图从镍矿土壤中分离出一些有效的大豆促生和抗重金属根瘤菌，并分析其多样性。利用大豆植株从镍矿土壤中捕获根瘤菌。初步鉴定出21个分离株为根瘤菌，利用BOXA1R-PCR指纹技术在87%的相似度水平上聚类为8个组。在盆栽实验中，8个代表性分离株中有4个在大豆根部形成根瘤，具有有效的共生固氮和促生能力。基于16S rRNA、四个持家基因和nifH基因的系统发育分析将共生分离株YN5、YN8和YN10归为新疆慢生根瘤菌(YN11归为放射根瘤菌)。它们对镉、铬、铜、镍和锌等重金属表现出不同的耐受水平。结论是，存在一些促生和抗重金属的根瘤菌，具有促进镍矿土壤植物修复和减轻重金属对大豆种植影响的潜力，这为进一步探索镍矿土壤中的更多功能微生物提供了新的证据。
P05187,Molecular signatures of soil-derived dissolved organic matter constrained by mineral weathering,矿物风化约束下的土壤来源溶解性有机质分子特征,土壤中的溶解性有机质（DOM）根据其分子特征驱动生物地球化学循环和土壤功能。本研究解析了来自中国22种不同参考土壤的DOM分子特征，并将其与土壤有机质及风化相关的矿物性质联系起来。混合效应模型表明，DOM的产率由土壤有机碳含量决定，而DOM的分子特征主要受风化相关维度的约束。土壤风化指数对DOM的不稳定性有正面影响，而对DOM的芳香性有负面影响。这项研究强调了风化相关维度在约束广泛地理尺度上土壤中DOM分子特征和潜在功能方面的主导地位。
P05310,In Situ Remediation of TNT Red Water Contaminated Soil: Field Demonstration,TNT红水污染土壤的原位修复：田间示范,在中国，约有 $1 . 5 \times 1 0 ^ { 5 } \mathrm { m } ^ { 3 }$ 的土壤被 TNT 红水污染，其中主要含有二硝基甲苯磺酸盐 (DNTS)。这些硝基芳族炸药具有毒性，并具有人类致突变和致癌的潜在风险。急需一种能够清除这些污染场地并适用于大规模现场应用的生物技术。在 TNT 红水污染场地 (1000 m3) 进行为期两年的试点研究。场地采用“解吸-生物刺激和生物强化-植物修复”的综合处理技术进行处理。每六个月采集一次土壤样品，以测定硝基芳族化合物的浓度。进行急性毒性和荧光素二乙酸酯 (FDA) 水解活性测试以评估修复效果。经过 2 年的修复，硝基芳族化合物被有效去除，种植紫花苜蓿和芦苇的场地的平均去除率分别为 99.88% 和 90.47%。毒性显著降低。平均发光抑制率分别从 92.64% 降至 3.37% 和 29.16%。土壤微生物活性显著提高，表层土壤中的 FDA 水解酶活性最高。估计处理 1 立方米污染土壤的修复成本约为 126 美元。所使用的综合技术在净化弹药污染场地方面具有巨大潜力。
P05357,Assessment of soil quality for guided fertilization in 7 barley agro-ecological areas of China,中国7个大麦农业生态区用于指导施肥的土壤质量评价,土壤质量是可持续农业发展的基础，可用于评价土壤管理措施的可持续性。本研究利用13个土壤化学参数，分析了中国7个大麦农业生态区97个农田的土壤质量状况和综合土壤质量指数（SQI）。结果显示，六个主成分解释了13个参数72%的变异性，并确定了9个参数（包括pH、NH4+-N、NO3--N、有效磷、有效钾、交换性镁、DTPA-Fe、DTPA-Cu和Cl-）作为评估土壤质量的最小数据集（MDS）。所有农田的平均土壤质量为中等（SQI = 0.62）。7个农业生态区大麦农田的SQI顺序如下：内蒙古高原（0.75 ± 0.02）> 云贵高原（0.72 ± 0.06）> 青藏高原（0.63 ± 0.08）> 长江平原（0.62 ± 0.10）> 黄淮地区（0.58 ± 0.09）> 东北平原（0.56 ± 0.07）> 新疆（0.54 ± 0.07）。7个地区中共有29个农田的SQI水平较低（< 0.55）。因此，这些农田需要通过改良MDS中的土壤参数来引起对土壤质量改善的紧急关注。
P05373,Effect of Low-Molecular-Weight Organic Acids on Migration Characteristics of Pb in Reclaimed Soil,低分子量有机酸对复垦土壤中铅迁移特性的影响,本研究探讨了低分子量有机酸（柠檬酸和苹果酸）对污染土壤中铅（Pb）迁移特性的影响。复垦土壤采自中国淮南市潘一矿煤矸石山区域。通过向土壤样品中添加外源Pb并模拟Pb污染土壤，分析了柠檬酸和苹果酸对复垦土壤中Pb形态的影响。结果表明：1) 随着外源Pb浓度的增加，复垦土壤中Pb的活性得到有效提高。2) 添加柠檬酸和苹果酸均导致土壤中可交换态Pb比例增加，从而有效促进了活性Pb组分。随着柠檬酸和苹果酸浓度的增加，复垦土壤中的活性Pb组分相应增加。柠檬酸对Pb的活化效果优于苹果酸。3) 随着土壤老化时间的延长，有机酸对Pb的活化效应减弱，松散结合态Pb逐渐转化为强结合态Pb。螯合剂主要通过螯合剂与土壤溶液中的重金属离子结合形成可溶性金属螯合物来活化土壤中的重金属，从而增加重金属对植物根系的生物有效性。因此，由于Pb活化能力，添加柠檬酸可被视为一种提高复垦土壤修复效率的策略。
P05375,Characterization and risk assessment of soil around waste rock heaps affected by acid rock drainage in an abandoned pyrite mining area,受酸性岩排水影响的废弃黄铁矿开采区废石堆周边土壤特征及风险评估,
P05379,Concentration-Dependent Impacts of Microplastics on Soil Nematode Community in Bulk Soils of Maize: Evidence From a Pot Experiment,微塑料对玉米田土壤线虫群落的浓度依赖性影响：来自盆栽实验的证据,
P05381,Safe utilization of cultivated land in high-risk areas of soil heavy metal pollution based on soil resilience,基于土壤恢复力的土壤重金属污染高风险区耕地安全利用,为实现在重金属污染高风险区对耕地资源的安全利用，本研究提出了一种安全利用分类与管理方法。研究区域位于长江三角洲经济带工矿企业周边的典型农业区，以耕作土壤为研究对象，共使用了 1139 个地球化学调查采样点和土壤调查数据。首先，利用潜在生态风险指数评估耕地土壤重金属的潜在生态风险，并选择关键土壤理化指标评估土壤恢复力。其次，结合土壤重金属的潜在生态风险与土壤恢复力，对耕地进行了安全利用分类。然后，根据生态风险因子类型和作物类型制定了具体的分类管理策略。结果表明，研究区内工矿业企业的生产经营活动对土壤 Cd 和 Hg 污染贡献显著，周边土壤重金属的潜在生态风险较高。研究区耕地土壤恢复力总体不高。粘粒含量和阳离子交换量（CEC）是主要的强限制因子，而 CaO、土壤有机碳（SOC）和 pH 是主要的中等限制因子。地形、水文地质和成土母质等自然条件因区域而异，导致不同的限制因子。研究区内共有 16 种安全利用类型。基于不同的土壤潜在生态风险、土壤恢复力、生态风险因子类型和作物类型，提出了不同的管理策略。
P05382,Wheat straw- and maize straw-derived biochar effects on the soil cadmium fractions and bioaccumulation in the wheat–maize rotation system,小麦和玉米秸秆生物炭对小麦-玉米轮作体系中土壤镉形态及生物累积的影响,小麦-玉米轮作是中国华北地区最流行的种植制度之一，但部分地区的土壤受到镉污染。本研究将小麦和玉米秸秆衍生的生物炭施入镉污染土壤，以减少作物对镉的吸收。结果表明，施用生物炭显著降低了土壤中DTPA提取态镉的浓度（小麦生物炭降低12.7-26.0%，玉米生物炭降低13.1-20.5%）。连续提取分析显示，生物炭施用显著降低了土壤中镉的迁移性和生物有效性，促使可交换态和碳酸盐结合态镉向有机结合态和残渣态转化。生物炭施用增加了小麦和玉米的生长、产量和品质，提高了根系抗氧化酶活性并降低了MDA含量。小麦籽粒镉浓度降低了38.1-91.5%（小麦生物炭）和65.9-80%（玉米生物炭），玉米籽粒镉浓度分别降低了20.9-54.2%和30.8-44%。小麦源生物炭在降低土壤生物有效态镉和作物镉累积方面效果更佳。
P05387,Spatial distribution of soil iron across different plant communities along a hydrological gradient in the Yellow River Estuary wetland,黄河河口湿地不同植物群落土壤铁沿水文梯度的空间分布,
P05390,Research on the Regional Environmental Impact and Risk Assessment Affected by Mineral Resource Development: A Case Study of the Taojia River Watershed in Hunan,矿产资源开发对区域环境影响与风险评估研究：以湖南淘家河流域为例,"矿产资源的开采和生产会导致土壤和水体污染，对人类健康构成严重威胁。本研究选取湘江支流淘家河流域为研究区域。基于2013年和2021年该区域342个采样点采集的653个土壤/底物样品中的重金属（As、Cd、Pb和Zn）浓度数据，系统分析了该区域土壤重金属浓度的变化，以评估其环境风险及对区域环境质量的影响。结果显示，从2013年到2021年，区域土壤、尾砂和地表水中的As、Pb和Zn污染有所减少，但Cd污染有所增加。土壤As、Pb和Zn的平均浓度分别从3,750、2,340和1,180 mg/kg降至457、373和387 mg/kg，而Cd浓度从0.11 mg/kg增加到1.91 mg/kg；此外，重金属浓度的总体分布趋势为南高北低，并从上游到下游逐渐降低。重金属污染风险的单项评价指数显示，2013年土壤As、Pb和Zn的中重度污染点比例分别为84%、57%和28%，2021年这一指数分别降至38%、37%和25%。区域环境质量与矿产资源开发的强度密切相关。2000年至2010年，频繁的采矿开发活动导致该区域建设用地面积增加，耕地、草地和植被覆盖面积持续减少。2010-2020年间，建设"
P05391,Spatial distribution of soil quality under different vegetation types in the Yellow River Delta wetland,不同植被类型下黄河三角洲湿地土壤质量的空间分布,本研究选取了黄河三角洲四种典型自然湿地（芦苇、柽柳、碱蓬和潮滩）以及开垦湿地的土壤，用于评估黄河三角洲的土壤质量。采用了14个土壤理化性质指标构建了最小数据集（MDS）。结合植被类型和土壤深度，计算了土壤质量指数（SQI）。采用模糊逻辑模型进行数据归一化。进行了对比试验以验证MDS的准确性。结果表明，MDS由TOC、NO−-N、土壤盐度、TS、TP、Mg、C/N和pH组成。随着植被类型的变化，土壤质量从内陆到海岸线、从开垦湿地到潮滩逐渐下降。0-10 cm土层的土壤质量优于20-30 cm土层。在同一土层深度，开垦地的土壤质量显著优于自然湿地。相关性分析结果表明，农业开垦已成为研究区土壤质量变化的重要因素。MDS和全数据集（TDS）两种方法的比较结果证明，MDS方法对于该研究区的土壤质量评估是可信且准确的。我们的结果表明，沿海地区的湿地保护和农业开垦应保持合理的平衡。
P05406,Isolation and Nitrogen Removal Efficiency of the Heterotrophic Nitrifying-Aerobic Denitrifying Strain K17 From a Rare Earth Element Leaching Site,稀土浸出场地异养硝化-好氧反硝化菌株K17的分离及脱氮效率研究,K17是一种土著异养硝化-好氧反硝化细菌，分离自中国龙南县风化壳淋积型稀土矿浸出场地的土壤中。菌株K17被鉴定为莫氏假单胞菌。在本研究中，观察了菌株K17的形态特征，并利用单因素实验研究了该菌株的最佳氨氮去除条件。测定了关键酶活性，并探讨了菌株K17在稀土元素浸出场地模拟浸出液中的氨氮去除过程。基于氨氮去除和酶活的测定，发现菌株K17同时具有异养硝化和好氧反硝化活性。此外，单因素实验表明，菌株K17最合适的碳源是柠檬酸钠，C/N比为10，初始NH4+-N浓度为100mg/l。此外，最佳初始pH和转速分别为7和165 r/min。在最佳条件下，菌株K17的氨氮去除效率大于95%。作为一种土著细菌，菌株K17在处理稀土元素浸出场地残留铵浸出液方面具有巨大潜力。
P05416,Association between environmental lead/cadmium co-exposure in drinking water and soil and type 2 diabetes mellitus/obesity in Southern China,中国南方饮用水和土壤中环境铅/镉联合暴露与2型糖尿病/肥胖的关联研究,环境中的铅和镉可通过饮用水和土壤被人体直接吸收。然而，目前缺乏关于人类通过饮用水和土壤暴露于铅/镉及其对2型糖尿病（T2DM）和肥胖长期影响的数据。本研究旨在探讨中国南方两个城市中，饮用水和土壤中典型重金属联合暴露与社区居民T2DM和肥胖指标的关联。这项横断面研究共纳入1274名参与者，并在中国南方的两个社区采集了当地的水样和土样。计算重金属的平均日剂量（ADD）以评估暴露情况。肥胖指标包括体重指数（BMI）、腰臀比（WHR）和腰围（WC）。采用二元逻辑回归、多元逻辑回归和线性回归评估铅/镉暴露与T2DM和肥胖的关联。结果显示，社区居民的铅/镉 ADD 与 T2DM 之间均无显著相关性（所有 P>0.05）。与 18.5 ≤ BMI <24 的受试者相比，铅暴露每增加 1 µg/kg bw/d，超重的可能性降低 49.2–56.1%。此外，铅暴露的 ADD 每增加 1 µg/kg bw/d，WHR 降低 0.01–0.02，WC 降低 2.22–4.67 cm。我们推测铅导致体重减轻是因为它作为初始损伤损害了胃肠道的吸收功能。镉暴露的 ADD 每增加 1 µg/kg bw/d，在模型1
P05417,Visualizing Mineral-Associated Organic Matters in Long-Term Fertilization Treated Soils by NanoSIMS and SR-FTIR,利用NanoSIMS和SR-FTIR可视化长期施肥处理土壤中的矿物结合有机质,矿物结合有机质（MAOM）的形成对于长期土壤有机碳保存至关重要。然而，土壤中矿物结合有机质的调控途径在很大程度上仍不清楚，尤其是在亚微米尺度上。利用在中国江西省进贤市红壤研究所进行的为期32年的良好对照长期田间试验，我们发现与不施肥和化学施肥相比，长期施用农家肥显著（P < 0.05）提高了土壤水可分散胶体中有效铝和铁的浓度，提高了一个数量级以上。纳米二次离子质谱（NanoSIMS）图像和感兴趣区域（ROI）分析提供了直接证据，证明长期施用农家肥增加了27Al16O-/12C-、27Al16O-/12C14N-、56Fe16O-/12C-和56Fe16O-/12C14N-的比率，相较于不施肥和化学施肥。这一发现表明，长期施用农家肥可能会增强有机碳和氮的稳定性。基于同步辐射的傅里叶变换红外光谱分析进一步支持了这一发现，即长期施用农家肥中，次生矿物（< 950 cm-1）与胺类、脂类和蛋白质共定位，而在不施肥和化学施肥中，仅与蛋白质共定位。综上所述，我们的研究结果强调了农家肥输入在增加矿物结合有机质形成方面的重要性，从而可能增加土壤碳的持久性。
P05451,"Heavy Metal Characteristics and Comprehensive Quality Index Evaluation of Soil-Crop System in 11 Cities of Yunnan Province, China",云南省11个城市土壤-作物系统重金属特征及综合质量指数评价,中国云南省是土壤重金属高背景区，农业种植和工矿活动相对频繁，这加剧了土壤重金属污染。然而，目前关于云南省整体或大范围的土壤-作物污染及重金属风险评估的报道较少。本研究通过分析中国云南省11个城市农田土壤-作物系统中重金属铅、镉的含量及富集系数，并采用潜在生态危害指数法和综合质量指数法评估土壤-作物系统的重金属污染风险。结果显示，土壤重金属Cd和Pb的平均含量分别为1.31 mg/kg和64.17 mg/kg，高于云南省的背景值。作物可食用部分中Pb和Cd的平均含量分别为0.20 mg/kg和0.08 mg/kg。迪庆地区作物中的重金属平均含量最高（Pb为0.72 mg/kg），怒江地区次之（Cd为0.148 mg/kg）。作物可食用部分中重金属的富集系数在迪庆（Pb）和昭通（Cd）地区最大。土壤中Pb元素的生态风险指数平均值为2.79，表明研究区域处于轻微生态危害状态；土壤中Cd的生态风险指数平均值为126.43。综合质量影响指数（IICQ）的平均值为4.27，表明研究区域为中度污染。本研究测定了不同行政区域土壤和作物中重金属Cd和Pb的含量，并对中国云南省土壤-作物系统中的重金属Pb
P08647,Understanding trade-offs and synergies among soil functions to support decision-making for sustainable cultivated land use,理解土壤功能的权衡与协同以支持可持续耕地利用的决策制定,
P08670,Responses of soil fungal taxonomic attributes and enzyme activities to copper and cadmium co-contamination in paddy soils,铜镉复合污染对水稻土真菌分类属性及酶活性的响应,中国南方红壤丘陵地区水稻土中过量的重金属，特别是铜和镉很常见。微生物是土壤有机质积累和污染物转化的调节者。阐明铜和镉积累对微生物群落组成和功能的影响是水稻土污染生物修复的前提。然而，铜和镉污染如何影响水稻土中真菌分类属性和微生物介导的生物地球化学过程仍不清楚。本研究测定了中国南方典型矿区下游稻田的土壤重金属、真菌群落组成和土壤酶活性，并评估了铜镉复合污染对真菌群落多样性、共现网络的影响以及它们之间的关联。稻田土壤中铜和镉的浓度从河流上游到下游递减，与真菌群落的Shannon指数呈正相关。土壤铜和镉浓度对真菌群落的结构和组装比土壤一般性质有更大的影响。土壤铜和镉浓度的增加与真菌共现网络中生态簇的累积相对丰度的剧烈变化相关。土壤铜和镉浓度分别与Eurotiomycetes、Pezizomycetes、Ustilaginomycetes和Kickxellomycetes的相对丰度呈正相关，而与碳、氮、磷循环相关的水解酶活性呈负相关。这些结果在野外证实，长期铜镉富集显著改变了亚热带稻田土壤真菌群落的结构和多样性，从而影响土壤养分转化和有机质积累。这也为稻田土壤重金属污染的生物修复提供了依据。
P08680,Insights into the associations between soil quality and ecosystem multifunctionality driven by fertilization management: A case study from the North China Plain,施肥管理驱动的土壤质量与生态系统多功能性关联的见解：来自华北平原的案例研究,农 业 生 态 系 统 中 牲 畜 粪 便 的 循 环 利 用 已 被 证 明 能 提 高 粮 食 生 产 的 可 持 续 性， 并 减 少 集 约 化 种 养 结 合 系 统 的 不 利 环 境 后 果。然 而， 施 用 粪 便 对 土 壤 质 量 与 生 态 系 统 多 功 能 性 之 间 关 联 的 影 响 仍 然 知 之 甚 少。在 此， 我 们 利 为 期 五 年 的 田 间 试 验， 研 究 了 矿 质 肥 和 粪 肥 施 用 对 耕 层 和 底 层 土 壤（ 即 0-20 cm 和 20-40 cm） 土 壤 质 量、 酶 计 量 比 和 生 态 系 统 多 功 能 性 的 影 响。 与 不 施 肥 相 比， 单 独 施 用 粪 肥 以及 粪 肥 配 合 矿 质 肥 使 耕 层 土 壤 质 量 指 数 分 别 提 高 了 49.5% 和 70.1%， 底 层 土 壤 分 别 提 高 了 67.5% 和 26.6%。 此 外， 施 用 粪 肥 提 高 了 获 取 碳、 氮 和 磷 的 酶 活 性， 尤 其 是 碳 和 磷 循 环 相 关 的 酶。 施 肥 制 度 影 响 底
P08683,Heavy metal pollution in the soil of contaminated sites in China: Research status and pollution assessment over the past two decades,中国污染场地土壤重金属污染：过去二十年的研究现状与污染评估,污染场地因对生态环境和人体健康构成严重威胁而日益受到国际关注。尽管过去二十年关于污染场地土壤重金属污染的研究发展迅速，但缺乏系统的研究现状分析和污染评估。本文通过“首页过滤”脚本和连续筛选相关研究，综合分析了全球特别是中国污染场地土壤重金属污染的研究现状。结果表明，中国和美国是相关研究最活跃的国家，主要研究课题是污染场地的评估和修复方法。中国重金属污染场地的关键词共现网络分为三个聚类，分别关注不同环境介质、物理化学修复和植物修复技术。中国污染场地的类型主要包括矿区（比例最大）、工业区、污水灌溉和拆解场地等。镉(Cd)和铅(Pb)是中国研究最广泛的重金属。污染场地土壤中的重金属污染程度排序为：Cd > Pb > Cu/Zn/Hg > As/Cr > Ni，且中国东南地区的污染比西北地区更严重。
P08685,The Interactive Impact of Straw Mulch and Biochar Application Positively Enhanced the Growth Indexes of Maize (Zea mays L.) Crop,秸秆覆盖和生物炭应用的交互作用正向增强了玉米作物的生长指标,于2018年至2019年期间，在中国沈阳农业大学研究田间区域进行了为期两年的试验，旨在评估秸秆覆盖（0和8吨/公顷）和生物炭（0、4、12和36吨/公顷）联合应用对雨养玉米形态特征和籽粒发育的影响。结果表明，秸秆覆盖和不同的生物炭施用量显著影响了玉米生长指数。与未施用生物炭的土壤相比，引入秸秆覆盖提高了雨养玉米的株高、茎直径、叶面积指数（LAI）、叶片、茎、根系、作物生长率（CGR）以及干物质重量。据报道，当土壤施用高剂量生物炭（36吨/公顷）时，雨养玉米的株高、茎直径、叶面积指数、叶片、茎、根系生长率、作物生长率及干物质重量最高。生物炭增加了雨养玉米的籽粒灌浆速率，同时缩短了籽粒灌浆持续时间。我们的结果表明，基于秸秆覆盖和生物炭的土壤管理策略可以提高雨养玉米的生长，并具有缓解全球变暖的环境效益。然而，由于生物炭性质的广泛差异，应特别关注玉米种植系统中秸秆覆盖与生物炭之间的交互作用。
P08694,"Accumulation and source apportionment of heavy metal(loid)s in agricultural soils based on GIS, SOM and PMF: A case study in superposition areas of geochemical anomalies and zinc smelting, Southwest China",基于GIS、SOM和PMF的农业土壤重金属(类)累积及源解析：中国西南地化异常与锌冶炼叠加区案例研究,"中国西南地区土壤重金属(类)天然背景值较高，叠加强烈的人类活动，导致区域农业土壤重金属严重累积，对生态安全和农产品质量构成威胁。农业土壤中重金属的累积和源解析不仅是全球关注的焦点，也是世界范围内的一项具有挑战性的任务。在本研究中，从中国贵州西北部典型的土法炼锌区采集了395个表层土壤样品(0-20 cm)和19个深层土壤样品(150-180 cm)，基于富集因子(EF)、自组织映射(SOM)、地理信息系统(GIS)和正定矩阵因子分解(PMF)的组合方法，调查了重金属(As, Cr, Cu, Hg, Ni, Pb, Cd和Zn)的空间分布、累积及源解析。农业土壤中As, Cr, Cu, Hg, Ni, Pb, Cd和Zn的平均含量均超过相应的当地背景值，研究区表土中发现Cd的明显富集，其次是Pb, Cu和Zn。结合SOM和PMF分析，确定了五个潜在的重金属来源：Cd (74.58%), As (32.05%), Zn (30.57%), Hg (23.16%), 和 Pb (11.38%) 与土法炼锌活动有关；Cu (66.08%), Zn (18.12%), Ni (17.25%), "
P08698,Estimating the heavy metal contents in farmland soil from hyperspectral images based on Stacked AdaBoost ensemble learning,基于 Stacked AdaBoost 集成学习的农田土壤重金属含量高光谱估算,重金属污染对土壤环境构成了巨大挑战。随着污染水平的加剧，传统监测方法无法快速获取大面积污染信息。因此，迫切需要一种高精度的大规模制图方法来有效控制重金属污染。本研究探索了一种通过高光谱影像绘制土壤重金属浓度分布的方法。在此基础上，构建了一种新的 Stacked AdaBoost 集成学习算法来构建土壤重金属含量的反演模型。利用皮尔逊相关系数和连续投影算法提取重金属特征波段作为模型输入变量。利用三组重金属含量数据，比较了不同机器学习方法的预测精度和制图结果。此外，基于 Moran 指数分析了研究区重金属污染的潜在来源。结果表明，Stacked AdaBoost 模型相对稳定，且精度高于传统机器学习模型。对于 Cr、Cu 和 As，验证集的决定系数 (R^2) 分别为 0.66、0.61 和 0.74。随后，利用该模型的结果绘制了研究区的重金属浓度分布图。制图结果表明，甘河滩地区土壤的重金属状况是由自然和人类活动造成的。农业土壤中的 As 污染最为严重，超标率为 38.66%。工业区是研究区土壤重金属污染的潜在来源。综上所述，Stacked AdaBoost 集成学习模型为农业生态保护和工
P08702,Effects of Biochar With Inorganic and Organic Fertilizers on Agronomic Traits and Nutrient Absorption of Soybean and Fertility and Microbes in Purple Soil,无机和有机肥配施生物炭对大豆农艺性状及紫色土肥力与微生物的影响,
P08723,Estimation of the accumulation rates and health risks of heavy metals in residential soils of three metropolitan cities in China,中国三个特大城市居住区土壤重金属积累速率及健康风险估算,由于持续的城市化和重金属排放，城市土壤中的重金属浓度可能会随时间增加。为了估算城市土壤中重金属的积累速率，我们收集了中国上海、深圳和北京三个特大城市不同建筑年代的居住区土壤样品。不同城市土壤中的重金属浓度各不相同，主要受土壤母质和人为源强度的影响。回归分析显示，土壤中Cd和Cu的积累速率范围分别为0.0034至0.0039 mg/(kg•year)和0.343至0.391 mg/(kg•year)，在三个城市中相似，而上海Zn和Pb的积累速率高于深圳和北京。上海较高的Zn和Pb积累速率可归因于城市历史和工业结构的差异。重金属造成较高健康风险的居住区土壤主要采自上海老城区，因为这些地区Pb含量较高。尽管近期城市化导致居住区土壤中Cd、Cu、Zn和Pb浓度升高，但对居民暴露于土壤的总健康风险影响微乎其微。
P08730,Effects of long-term application of organic manure and chemical fertilizer on soil properties and microbial communities in the agro-pastoral ecotone of North China,长期施用有机肥和化肥对中国北方农牧交错带土壤性质及微生物群落的影响,长期不合理的肥料投入影响中国北方农牧交错带的土壤养分状况。然而，不同肥料类型如何影响生物和非生物因子的机制尚不清楚。为了探索在中国北方一个试验点土壤理化性质和微生物群落如何响应不同肥料类型，进行了一项为期16年的长期施肥试验。本研究还确定了驱动土壤微生物群落变化的关键环境因子。2019年9月，采集了四种施肥处理的土壤样品：1) 不施肥对照 (CK)，2) 单施化肥 (CF)，3) 单施有机肥 (M)，以及 4) 化肥配施有机肥 (CFM)。与CK相比，M和CFM处理的土壤有机质、全氮、有效氮、有效磷和有效钾含量较高，而CF处理的土壤pH值显著降低。与CK相比，M和CFM处理中主要土壤细菌门Proteobacteria、Bacteroidetes和Gemmatimonadetes的丰度较高。CFM处理中主要土壤真菌门Ascomycota的丰度低于其他处理。病原真菌Fusarium、Paramyrothecium、Cladosporium和Alternaria在CK和CF中的丰度最高，而有益真菌Mortierella在M和CFM中的丰度显著高于CF和CK。根据偏最小二乘路径模型分析，肥料类
P08734,Coupled Aerobic Methane Oxidation and Arsenate Reduction Contributes to Soil-Arsenic Mobilization in Agricultural Fields,好氧甲烷氧化与砷酸盐还原耦合促进农田土壤中砷的迁移,微生物氧化有机化合物可通过将土壤中结合的砷酸盐还原为迁移性更强的亚砷酸盐从而促进砷的释放。虽然厌氧甲烷氧化已被证实能还原砷酸盐，但好氧甲烷氧化是否以及在多大程度上能参与还原性砷的迁移尚不清楚。为了填补这一知识空白，我们利用来自中国砷污染农田的土壤样品及微生物实验室培养物进行了培养实验。实验室培养物的培养结果表明，好氧甲烷氧化可以与砷酸盐还原相耦合，其中前者由好氧甲烷氧化菌完成，后者由一种属于伯克氏菌科的新颖且未培养的非甲烷氧化菌完成。宏基因组分析结合代谢物测量表明，甲酸盐作为连接好氧甲烷氧化和砷酸盐还原的种间电子载体。这种耦合的生物过程在自然界中同样存在，天然稻田土的培养实验中表现出了一致的化学计量关系和基因活性，并且在有氧存在的土壤表层，这一过程对土壤砷向孔隙水中迁移的贡献率高达76.2%。综上所述，本研究揭示了好氧甲烷氧化对还原性砷迁移的一个此前被忽视但非常重要的贡献。
P08746,Mapping soil erodibility in southeast China at 250 m resolution: Using environmental variables and random forest regression with limited samples,利用环境变量和有限样本的随机森林回归绘制中国东南部250 m分辨率土壤可蚀性图,土壤可蚀性（K因子）制图主要通过土壤图链接或地质统计插值完成。然而，产生的地图通常在区域尺度上具有较粗的空间分辨率。本研究的目标是：a）利用一组环境变量和随机森林（RF）模型绘制K因子图，b）识别区域尺度上预测制图中的重要环境变量。2019年夏天，我们在中国东南部采集了101个表层土壤样品。对于每个样品，我们测量了粒径分布和有机质含量，并使用列线图方程计算了K因子。RF的超参数通过5折交叉验证进行优化（mtry=2，ntree=500，p=63），并生成了250 m分辨率的K因子数字地图。还产生了90%预测区间的下限和上限以进行不确定性分析。研究发现，K因子预测的重要环境变量是地形、气候、地表温度和植被指数。由于现有的K因子地图平均多边形面积为6.8平方公里，我们的方法将K因子的空间分辨率显著提高到0.0625平方公里。新方法捕捉了更明显的空间细节差异，且RF预测得出的K因子空间分布与克里金插值模式相似。这表明本研究提出的方法对于利用有限采样数据绘制K因子图是有效的。
P08752,Ginseng of different ages is affected by the accumulation of heavy metals in ginseng soil,不同年龄的人参受人参土壤中重金属积累的影响,重金属污染已被证实会影响人参质量。然而，这种影响在不同年龄的人参中尚不清楚，因此有必要研究土壤中重金属对人参生长的影响。本文测定了不同年龄（2至6年生）人参及其对应土壤样品中重金属（Cu、Cd、Pb、Hg和As）的含量。然后，评估了人参的总人参皂苷含量以及合成人参皂苷的限速酶（HMGR、SQE、CYP450）活性。对200株不同年龄中国人参的研究结果表明，3至5年生人参中人参皂苷含量的增加与人参及其土壤中重金属元素含量的增加相平行。限速酶的活性在人参生长的前四年增加，随后呈现稳定或下降趋势。进一步分析表明，土壤中的重金属元素可直接影响人参皂苷含量。此外，我们发现Cu显著影响限速酶CYP450的活性。进一步的主成分分析和相关性分析发现，重金属在第5年和第6年明显抑制人参生长。土壤重金属含量在预测人参皂苷、Cu和As含量方面具有巨大前景。这项研究为人参种植、质量研究和质量评估提供了支持。
P08755,Tea plantation intercropping green manure enhances soil functional microbial abundance and multifunctionality resistance to drying-rewetting cycles,茶园间作绿肥提高了土壤功能性微生物丰度及多功能性对干湿循环的抵抗力,气候变化导致更严重的干湿交替扰动，进而影响土壤生态系统功能和农业生产。间作绿肥作为一种古老的农业实践，可以提高茶园土壤的物理、化学和生物肥力。然而，关于间作绿肥对茶园土壤多功能性抵抗干湿扰动影响的研究尚未见报道。本研究调查了四年期间不同绿肥模式（茶树单作、茶树与大豆间作、茶树与大豆加紫云英间作）对土壤多功能性抵抗干湿循环的影响及关键影响因素。我们使用定量PCR阵列和多种酶活性分析分别表征功能基因丰度和生态系统多功能性。与茶树单作相比，茶树与大豆及大豆加紫云英间作显著提高了多功能性抵抗力，分别提高了12.07%和25.86%。随机森林分析表明，功能基因的丰度而非多样性是多功能性抵抗力的主要驱动力。结构方程模型进一步证明，茶园间作绿肥可以通过土壤性质介导提高碳循环相关功能基因的丰度，从而最终增加对干湿扰动的多功能性抵抗力。因此，茶园间作绿肥是维持多功能性抵抗力的有效方法，有利于在干湿交替扰动下保持土壤养分供应能力和茶叶产量。
P08760,Heavy metals in agricultural soil in China: A systematic review and meta-analysis,中国农业土壤中的重金属：系统综述与Meta分析,中国关于农田重金属/类金属污染的研究日益受到关注，然而主要产粮区重金属的时空演变和污染水平信息匮乏。我们提取并审查了2010年至2021年间涵盖中国五大粮食主产区的276篇出版物数据，通过Meta分析获得了主要重金属/类金属的时空演变特征。此外，进行了亚组分析以研究与污染物积累相关的初步相关性。镉在空间分布和时间积累上都是这些地区最主要的污染物。黄淮海平原污染最严重。与1990年背景数据相比，2010年至2015年间镉、汞和铜的积累增加。此外，2016年至2021年，五个地区的五种关键重金属（镉、铜、汞、铅和锌）水平均呈上升趋势。土壤pH值和年平均降水量对重金属积累有不同的影响。碱性土壤和降雨量较少的地区污染水平较高。种植混合物种的农田的重金属效应量小于单一种植旱作物的农田，表明混合农田利用模式可以降低土壤重金属水平。在各种土壤修复工作中，农田项目仅占很小的市场份额。这些发现对于支持风险评估、监管制定、污染预防、资金分配和修复行动的研究至关重要。
P08765,Chemical fertilizer reduction combined with bio-organic fertilizers increases cauliflower yield via regulation of soil biochemical properties and bacterial communities in Northwest China,化肥减量配施生物有机肥通过调节土壤生化性质和细菌群落提高西北地区花椰菜产量,"蔬菜种植中化学肥料的持续应用导致土壤环境恶化，产量和质量下降。本研究旨在评估化肥与生物有机肥配施对花椰菜产量、土壤生化性质及细菌群落的影响。研究设立了六个处理组：不施肥（CK，对照）、化肥（CF，当地常规用量）、平衡施肥（BF，化肥减量30%），以及平衡施肥配施 3,000、6,000 或 12,000 kg.ha-1 生物有机肥。在中国西北黄河灌区进行了为期两季的花椰菜田间试验。结果表明，生物有机肥处理下的产量、土壤有机质、全钾含量和酶活性普遍高于 CF 处理。与 CF 处理相比，BF 处理增加了土壤有机质含量、酶活性和土壤细菌相对丰度。此外，细菌的 alpha 多样性高于常规施肥。包括变形菌门、放线菌门、芽单胞菌门和绿弯菌门在内的优势门是微生物群落变化的主要贡献者，在 BF + OF 2 和 BF + OF 3 处理下的土壤中显著富集。进一步的分析表明，土壤有机质、有效磷、有效钾、电导率与潜在有益微生物群（如 Massilia、Bacillus、Lysobacter 和 Nitrosospira 属）的相对丰度之间存在显著相关性。总体而言，本研究表明平衡施肥和施用生物有机肥对于确保"
P08777,Urea hydrolysis in different farmland soils as affected by long-term biochar application,长期施用生物炭对不同农田土壤尿素水解的影响,尿素是一种常用的氮肥，有助于世界粮食生产，但人们对其相对较低的利用率越来越担忧。生物炭已被证实具有减少氮损失的潜力，但生物炭如何影响尿素水解及其潜在机制尚不清楚。本研究在中国东北海城市采集了长期施用生物炭的旱地、稻田和温室土壤的0–20 cm和20–40 cm土层样品。测定了土壤氮含量、尿素水解速率（UHR）以及总、胞内和胞外脲酶活性，并定量分析了总细菌和产脲酶微生物基因的丰度。结果显示，生物炭使旱地土壤的总脲酶活性提高了32.64–66.39%，稻田土壤提高了2.90–2.13倍。胞内和胞外脲酶均有助于总脲酶活性的增加。然而，在温室土壤中，胞外（+35.07–74.22%）和胞内（−40.14–77.68%）脲酶活性对生物炭施用的响应不一致。旱地和温室土壤中ureC基因拷贝数的增加（2.15–4.47倍，温室土壤为20.93%）表明，生物炭刺激了产生脲酶的微生物，且生物炭的石灰效应提高了土壤pH值（0.11–0.60个单位），优化了尿素水解反应，共同解释了脲酶活性的增加。研究发现，旱地和温室土壤中氮含量的减少伴随着较高的UHR，表明加速的UHR对土壤氮含量产生负面影响，这可能是由于过
P08781,Analysis and evaluation of soil fertility obstacle factors in Eucalyptus plantation in south subtropical region,南亚热带桉树人工林土壤肥力障碍因子评价,"长期经营条件下, 南亚热带区域桉树人工林土壤障碍问题频发。 按土壤类型对桉树主产区进行土壤肥力障碍因子识别与评价 并给林权业主们制定区域化相应的经营 施肥策略 可针对性为提升土壤肥力提供理论依据 对保障广西人工林产业高质量 可持续发展经营具有重要意义 本文采集并分析近 年桂北地区桉树人工林主要种植区红壤 黄壤、 赤红壤等土壤类型的典型样品共计 298 个, 运用聚类分析法结合主成分分析法, 从 15 个土壤肥力因子中筛选主要障碍因子, 同时引入障碍度模型对不同土壤类型的肥力障碍因子进行定量化分析。 结果表明: 不同土壤类型的主要障碍因子不相同。 红壤中, 重度障碍因子有4 个, 分别为pH、 全磷、 有效锰、 有效硼, 其中pH 障碍度最高(28.20%), 而土壤全氮为轻度障碍因子; 黄壤中, pH、 全氮、 有效锰、 有效锌为重度障碍因子, pH 障碍度最高(36.53%), 全钾为轻度障碍因子; 赤红壤中, 重度障碍因子有 3 个, 分别是全钾、 有效镁、 有效锌, 其中障碍度最高的因子为有效镁(40.72%), 轻度障碍因子为有机质、 有效锰。 由于广西短周期人工林经营普遍施用"
P09017,Machine learning and genetic algorithm for mapping soil available phosphorus in coastal provinces in Southeast China,利用机器学习和遗传算法绘制中国东南沿海省份土壤有效磷分布图,土壤有效磷（SAP）是维持植物生长的关键营养元素，准确预测其空间分布对于农业生产和环境管理至关重要。在此，我们综合整合了影响磷循环的多种环境变量，包括气候、遥感影像、植被指数、地形和人为因素。研究采用两种地质统计方法、三种机器学习算法，并结合遗传算法（GA），旨在精确预测SAP含量并生成空间分布图。GA成功识别出环境变量的最优指标，包括Band3、亮度指数、土地利用类型、距水距离和年平均降水量。在性能评估中，GA与梯度提升决策树的组合表现出最佳结果（R2 = 0.60，MAE = 2.79，RMSE = 3.64）。高SAP区域主要位于西部地区，显示出与土地利用模式的相关性。验证了该模型在中国东南沿海省份（包括福建、浙江和广东）的适用性，强调了本研究对SAP动态和地理相关性的深刻见解。我们的结果表明，GA在绘制SAP分布图方面表现出卓越的稳定性和性能，有助于更好地理解SAP动态，支持改进土壤管理实践和可持续农业。
P09058,Effects of disposable face mask microplastics on soil properties and microbial communities,一次性口罩微塑料对土壤性质和微生物群落的影响,不当处置用于限制流行病传播的一次性口罩(DFMs)会导致微塑料(MPs)释放到土壤中。然而，关于其对土壤理化性质以及微生物群落组成和结构影响的数据有限。本研究通过为期92天的土壤微宇宙实验，添加MP DFMs以探究其对农业土壤理化性质和微生物群落的影响。研究结果表明，5%的MP DFM添加量降低了土壤容重(BD)、平均重量直径(MWD)和阳离子交换量(CEC)，同时提高了pH值、溶解有机碳(DOC)和总有机碳(TOC)含量。细菌或真菌群落的α多样性未检测到显著变化。然而，在5% MP DFM添加水平下，Gp6、Rhabdothermincola和Metacordyceps细菌的丰度增加，而鞘氨醇单胞菌的丰度下降。此外，在5% MP DFM添加水平下，光合细菌以及氨化和硫酸盐还原细菌的丰度增加，可能会加速土壤中的碳转化过程、NH4+积累和SO42-消耗。这些结果为MP DFMs对土壤健康的影响提供了有价值的见解，同时也为有效的DFMs管理提供了科学基础。
P09073,Response of soil quality degradation to cultivation and soil erosion: A case study in a Mollisol region of Northeast China,耕作和土壤侵蚀对土壤质量退化的响应：中国东北黑土区案例研究,土壤退化正危及中国东北黑土区农业和生态可持续性。耕作和土壤侵蚀是导致土壤质量下降的主要驱动力。然而，很少有研究全面量化耕作和土壤侵蚀对黑土土壤质量退化的影响。因此，选择了三个具有相似景观、侵蚀环境和农业管理措施的采样点。利用时空替代方法确定耕作时间序列，包括：1）未耕作的林地（0年，阶段I），2）耕作年限较少的农田（< 20年，阶段II），以及3）耕作年限较长的农田（> 80年，阶段III）。使用铯-137（137Cs）和黑土厚度量化土壤侵蚀。分析了16个土壤理化指标，并分别利用综合土壤质量指数（SQI）和土壤退化指数（SDI）评价了土壤质量及其退化程度。结果表明，耕作深刻加速了土壤侵蚀。选择了土壤有机碳（SOC）、容重（BD）、平均重量直径（MWD）和土壤可蚀性（K）因子来构建SQI。阶段I的SQI（0.61±0.05）高于阶段II（0.49±0.06）和阶段III（0.52±0.03），且随土壤侵蚀速率的增加而降低，表明耕作和土壤侵蚀加剧了土壤质量的退化。此外，耕作和土壤侵蚀对土壤质量变化的贡献率分别为16.0–51.1%和2.0–18.4%，二者的结合进一步放大了影响（8.4–6
P09173,Non-linear memory-based learning for predicting soil properties using a regional vis-NIR spectral library,利用区域可见近红外光谱库预测土壤性质的非线性记忆学习,可见近红外(vis-NIR)光谱作为一种高效、可靠的土壤性质快速监测方法得到了广泛认可。该技术依赖于稳健的机器学习模型，将土壤光谱信息转化为土壤性质。特别是，基于记忆的学习(MBL)已成为一种强大的土壤光谱分析局部建模技术。然而，传统的MBL算法使用线性模型，忽视了土壤性质与vis-NIR光谱之间的非线性关系。因此，我们假设非线性记忆学习(N-MBL)模型可以提高预测精度。本研究利用中国广东省的红壤光谱库(LRSSL)开发并评估了N-MBL算法。该库包含742个vis-NIR光谱样本及相应的土壤性质，包括pH、土壤有机质(SOM)、全氮(TN)、全磷(TP)和全钾(TK)。作为对比，本研究将常用的监督学习方法(如偏最小二乘回归(PLSR)、Cubist、随机森林(RF)、支持向量机(SVM)、卷积神经网络(CNN))和局部模型(MBL)与提出的N-MBL进行了比较。结果表明，局部模型通常优于监督学习方法，特别是当应用于具有大量样本(超过500个)的大型土壤光谱库时。在比较两种局部模型时，随着选定最近邻数量(k)在30到250之间变化，MBL的模型性能波动比N-MBL更大。随着k的增加，
P09907,Soil temperature dynamics and freezing processes for biocrustal soils in frozen soil regions on the Qinghai–Tibet Plateau,青藏高原冻土区生物结皮土壤的温度动态与冻结过程,土壤温度及其随不同土地利用类型的变化对于理解气候变暖对青藏高原（QTP）等冻土区生态水文过程的影响至关重要。生物土壤结皮（生物结皮）覆盖了冻土区约40%的裸土表面，对土壤温度产生重大影响。然而，关于生物结皮对冻土区土壤温度特征、动态及冻结持续时间潜在影响的研究很少。为了更深入地了解这一问题，使用自动系统监测了中国青藏高原裸土和两种生物结皮土壤（覆盖有两种生物结皮的土壤）5、30、50和100厘米深度的土壤温度和动态。结果表明，生物结皮在控制土壤温度动态方面发挥着重要作用。生物结皮导致100厘米深度土壤的年平均温度降低了0.6–1°C。土壤温度降低的程度取决于生物结皮的类型，深色生物结皮比浅色生物结皮更能降低土壤温度。此外，生物结皮引起的土壤温度降低主要发生在融化期的白天，这使得顶部100厘米土层的冻结时间延长了约10-20天。本研究结果表明，生物结皮在融化期保持较低的温度，减缓了春季冻土的融化，这有助于维持冻土的稳定性。这一信息可能有助于理解全球变暖条件下生物结皮在冻土区的功能。
P10496,Distribution and Potential Ecological Risk Assessment of Soil Heavy Metals in Huzhou City,湖州市土壤重金属元素分布及潜在生态风险评价,
P11311,"Microplastics change soil properties, heavy metal availability and bacterial community in a Pb-Zn-contaminated soil",微塑料改变铅锌污染土壤的土壤性质、重金属有效性和细菌群落,微塑料与多种污染物在土壤中广泛共存。然而，关于它们对重金属污染土壤的化学和微生物性质影响的数据很少。我们首次调查了六种不同的微塑料（包括聚乙烯(PE)、聚苯乙烯(PS)、聚酰胺(PA)、聚乳酸(PLA)、聚丁二酸丁二醇酯(PBS)和聚羟基丁酸酯(PHB)）在两个剂量（0.2%和2%，w/w）下对铅锌污染土壤化学和微生物性质的影响。经过120天的土壤培养，土壤pH值、溶解性有机碳(DOC)、铵态氮、硝态氮、有效磷、锌和铅的有效性以及土壤酶活性均观察到显著变化。总体而言，微塑料（特别是在2%剂量下）降低了细菌群落的丰富度和多样性，改变了微生物群落组成，导致特定类群的特异性富集。微塑料增加了异生素生物降解和代谢相关的预测功能基因。一般来说，影响取决于微塑料的类型和剂量。土壤性质和重金属有效性的变化与细菌群落多样性和组成有显著相关性。我们的发现表明，与重金属共存的微塑料可能会改变金属的迁移性、土壤肥力以及微生物多样性和功能，从而对土壤生态系统多功能性构成潜在威胁。
P11313,Probabilistic risk assessment of heavy metals in urban farmland soils of a typical oasis city in northwest China,中国西北地区典型绿洲城市农田土壤重金属概率风险评估,Previous studies lacked quantitative evaluation studies of the probability of ecology and human health risks from soil heavy metals. This study assessed heavy metal risk level by collecting topsoil samples from a typical oasis city (Wuwei) in northwest China and then quantitatively evaluating the ecological risk from heavy metals by incorporating the uncertainty of health risk model parameters into the risk assessment. This study found that anthropogenic activities have influenced the accumulati
P11337,"Machine learning can identify the sources of heavy metals in agricultural soil: A case study in northern Guangdong Province, China",机器学习可以识别农田土壤中重金属的来源：中国粤北案例研究,农业土壤中重金属的源示踪对有效的污染控制和针对性政策至关重要。识别和解析复杂的土壤重金属污染来源是一项巨大的挑战。在本研究中，一种传统分析方法——正矩阵分解（PMF），以及三种机器学习方法——自组织映射（SOM）、条件推理树（CIT）和随机森林（RF），被用于识别和解析中国广东连州农田土壤中重金属的来源。基于PMF，大气沉降对土壤重金属总负荷的贡献为19.3%，人为和地质源为65.5%，成土母质为15.2%。基于SOM模型，As、Cd、Hg、Pb和Zn归因于采矿和地质来源；Cr、Cu和Ni源于地质来源。基于CIT结果，海拔对土壤Cr、Cu、Hg、Ni和Zn的影响，以及土壤pH对Cd的影响表明它们主要源于自然过程。而As和Pb分别与农业 practices 和交通排放有关。RF模型进一步量化了变量的重要性，并确定了重金属在土壤中积累的潜在控制因素（海拔、土壤pH、土壤有机碳）。这项研究为重金属源解析提供了一种综合方法，具有在未来其他类似地区应用的潜力，并为土壤重金属污染的管理和评估提供了理论基础。
P11338,Mapping soil erodibility in southeast China at 250 m resolution: Using environmental variables and random forest regression with limited samples,Mapping soil erodibility in southeast China at 250 m resolution: Using environmental variables and random forest regression with limited samples,"土壤可蚀性(K factor)制图主要通过土壤图关联或地统计学插值实现。然而，在区域尺度上，由此生成的地图通常具有较粗的空间分辨率。本研究的目标是 a) 利用一组环境变量和随机森林(RF)模型绘制K因子图，以及 b) 识别区域尺度上预测制图中重要的环境变量。我们于2019年夏季在中国东南部采集了101个表层土壤样品。对于每个样品，我们测量了颗粒粒径分布和有机质含量，并利用诺模图方程计算了K因子。RF的超参数通过5折交叉验证(mtry=2, ntree=500, p=63)进行了优化，并生成了分辨率为250 m的K因子数字地图。还生成了90%预测区间的下限和上限以用于不确定性分析。研究发现，对K因子预测重要的环境变量为地形起伏、气候、地表温度和植被指数。由于现有的K因子地图的平均多边形面积为6.8 km2，我们的方法将K因子的空间分辨率显著提高到了0.0625 km2。新方法捕捉到了更明显的空间细节差异，且源自RF预测的K因子空间分布与克里金插值的结果遵循相似的模式。这表明本研究提出的方法在采样数据有限的情况下对K因子制图是有效的。"
P11344,Spatial distribution and risk assessment of 11 organophosphate flame retardants in soils from different regions of agricultural farmlands in mainland China,中国大陆不同地区农田土壤中11种有机磷阻燃剂的空间分布及风险评估,中国大陆农田土壤中有机磷阻燃剂（OPFRs）的发生与分布很少被测量。本研究首次从中国大陆109个城市采集了325个农田土壤样品。测定了包括烷基-OPEs、Cl-OPEs和芳基-OPEs在内的十种有机磷酸酯（OPEs）以及一种有机磷中间体（TPPO）。结果表明，ΣOPFRs范围在2.41 ng/g至35.8 ng/g干重（dw）之间，且中国东北和南部的ΣOPFRs显著（p < 0.01）高于西北和中部地区。烷基-OPEs和Cl-OPEs是OPEs的主要成分，新型芳基-OPEs检出率最高（> 92%）。利用主成分分析（PCA）识别了OPEs的不同来源，其中大气沉降、灌溉或地膜的直接释放是农田土壤中的主要输入途径。通过土壤摄入暴露和生态毒理学影响评估了OPFRs的潜在风险。结果表明，直接接触农田土壤对人体和生态环境没有高风险。本研究为进一步了解OPFRs在中国大陆农田土壤中的空间分布和污染状况提供了新证据。
P11347,Health risk assessment of heavy metal(loid)s in the farmland of megalopolis in China by using APCS-MLR and PMF receptor models: Taking Huairou District of Beijing as an example,利用APCS-MLR和PMF受体模型评估中国特大城市农田重金属健康风险：以北京怀柔区为例,农业土壤的质量对农业生产和食品安全至关重要。重金属对农业土壤的污染已引起全球关注。本研究采集了北京怀柔区农田52个表层土壤样品并分析了8种重金属含量，以评估健康风险。结果表明，汞具有显著的富集特征，其生态风险高于其他重金属。研究发现，正定矩阵因子分解（PMF）模型在识别复杂污染源方面比绝对主成分得分-多元线性回归（APCS-MLR）模型在物理上更合理，且拟合度更高 (r² = 0.69 - 0.99)。通过整合PMF模型与Pearson相关性分析，识别出五种污染源：农业活动、交通源、自然源、燃料燃烧和工业生产，其贡献率分别为29.40%、22.54%、20.16%、15.20%和12.70%。概率健康风险评估结果显示，所有人群均无非致癌风险，但不能忽视致癌风险，尤其是对儿童而言。此外，源导向的健康风险表明，农业活动对所有人群的健康风险贡献最大。本研究为农田重金属污染防治提供了科学依据。
P11436,Effects of practicing long-term mulched drip irrigation on soil quality in Northwest China,中国西北长期膜下滴灌对土壤质量的影响,评估长期膜下滴灌（MDI）过程中的土壤质量变化对于理解干旱农业的可持续性至关重要。为了探究长期应用MDI引起的关键土壤质量指标的动态，采用了“以空间代时间”的方法，选择了六个代表中国西北地区主要演替序列的田块。总共使用了18个样本中的21个重要土壤属性作为土壤质量指标。根据整个数据集计算的土壤质量指数，观察到由于土壤结构（如土壤容重、三相比率和团聚体稳定性）和养分（包括全碳、有机碳、全氮和有效磷）的改善，长期MDI实践使土壤质量提高了28.21%–74.36%。与自然未灌溉土壤相比，随着MDI实施年限的增加，棉田0–200 cm深度的土壤盐分显著降低了51.34%–92.39%。此外，与自然盐渍土壤相比，长期MDI实践重构了土壤微生物群落，并将微生物活性提高了259.48%–502.90%。然而，由于积累的残留塑料碎片、容重增加和微生物多样性减少，MDI应用12-14年后土壤质量趋于稳定。总的来说，实施长期MDI通过促进土壤微生物组结构和功能以及土壤结构来提高土壤质量和作物产量。然而，长期MDI单一种植会导致土壤压实并损害微生物活性。
P11674,Rapid extraction of DNA from heavy metal contaminated farmland soil and its analysis by PCR-DGGE,重金属复合污染农田土壤DNA的快速提取及其PCR-DGGE分析,
P00131,A risk-based approach for the safety analysis of eight trace elements in Chinese flowering cabbage (Brassica parachinensis L.) in China,基于风险的方法分析中国菜心（Brassica parachinensis L.）中8种微量元素的安全性,背景：大多数国家根据土壤中总微量元素（TE）浓度设定监管值，尽管人们越来越关注使用基于风险的方法，利用稀盐提取剂或其他土壤参数（包括pH值和有机碳）来评估生物可利用TE。本研究比较了当前的监管体系（基于总TE和pH值）与使用0.01 mol L-1 CaCl2估算生物可利用组分的基于风险的方法。结果：总共采集了150对菜心及其生长土壤的配对样品，测量了铬、镉、铅、镍、铜、锌、砷和汞的总浓度和可提取浓度，以及土壤pH值和有机质含量。即使在超过当前监管阈值50%以上的土壤中生长，不超过3.33%的可食用部位超过了中国食品安全标准。土壤总镉（1.5 mg kg-1）以及镉（0.1 mg kg-1）、镍（0.03 mg kg-1）和锌（0.1 mg kg-1）的可提取浓度是影响菜心TE浓度的关键因素。结论：我们的研究结果表明，当前关于菜心安全生产的土壤监管指南过于严格和保守。基于可提取TE浓度的基于风险的方法将能更好地指示植物对土壤TE的吸收，并避免浪费仍可生产安全蔬菜的农田。未来的研究应侧重于提供作物特定的可利用TE浓度指南，以促进农田的有效利用。
P00227,"Speciation and Potential Ecological Risk of Heavy Metals in Soils from Overlapped Areas of Farmland and Coal Resources in Northern Xuzhou, China",中国徐州北部农田与煤炭资源重叠区土壤重金属的形态及潜在生态风险,农田与煤炭资源重叠区（OAFCR）土壤中的重金属（HMs）污染对作物产生影响。本研究调查了中国徐州某OAFCR表层土壤中As、Cd、Cr、Cu、Pb和Zn的浓度和形态。结果显示，所有六种金属的平均浓度均高于徐州市背景值，其中Cd呈现中度累积，最大地累积指数Igeo达到2.13。Cd显示出中度污染水平（IP = 1.75）和潜在生态风险（Er = 44.06）。大部分Cr、Cu、Ni、Pb和Zn以残渣态形式存在（60%以上），Pb的可还原态、可氧化态和残渣态比例分别为23%、21%和43%。Pb和Cd表现出中等程度的潜在生态风险及相当大的迁移风险和生态毒性。
P00231,Integrated Assessment of Cd-contaminated Paddy Soil with Application of Combined Ameliorants: A Three-Year Field Study,应用复合改良剂对Cd污染稻田土壤的综合评估：一项为期三年的田间研究,稻米中镉的积累是全球人类镉暴露的主要来源。进行了一项为期三年的田间试验，以调查生物炭与石灰或硅肥配合使用对污染稻田中镉的生态安全性和长期稳定性。结果表明，施用复合改良剂可以将糙米中的镉含量降低到符合中国食品中镉含量的最大允许限值（0.2 mg/kg）。此外，这种改良剂刺激了土壤细菌的代谢途径，包括碳代谢、柠檬酸循环、丙酮酸代谢、氨基酸生物合成和糖酵解/糖异生，揭示了土壤生物活性和土壤健康的改善。因此，研究结果为轻度重金属污染农田的安全利用提供了一种实用策略。
P00232,"Arsenic and Cadmium in Soils from a Typical Mining City in Huainan, China: Spatial Distribution, Ecological Risk Assessment and Health Risk Assessment",中国淮南典型采矿城市土壤中的砷和镉：空间分布、生态风险评估和健康风险评估,为了确定淮南典型采矿城市土壤中砷和镉的生态风险和健康风险，共采集并分析了99个土壤样品。结果表明，砷和镉的浓度范围分别为3.2至39.50 mg/kg和0.01至0.19 mg/kg，分别超过土壤背景值6.06%和14.14%。土壤pH值和有机碳含量与砷和镉的浓度无显著相关性（P > 0.05），而土地利用类型显著影响砷和镉的分布（P < 0.05）。根据内梅罗综合污染指数，三个区域被确定为中度至强度污染。潜在生态风险指数在4.34至108.64之间，表明潜在生态风险较低。此外，儿童面临更多的砷致癌风险。因此，采矿增加了土壤中砷和镉的浓度，应更多关注砷对儿童的致癌风险。
P00234,"Pollution Characteristics and Associated Risk Assessment of Heavy Metals in Farmland Soils From a Typical County of Hubei Province, Central China",中国中部湖北省典型县农田土壤重金属污染特征及风险评估,"县级人类活动对土壤污染的负面影响具有重要的意义，急需有价值的信息用于土壤污染的控制和修复。本研究调查了中国中部湖北省阳新县农田土壤中重金属（Cu, Pb, Cd, Zn, Ni, 和 Cr）的当前污染水平。定量比较和评估的综合结果表明，Cu (144.9 ± 298.6 mg kg−1)、Cd (2.9 ± 1.6 mg kg−1) 和 Ni (137.0 ± 111.0 mg kg−1) 对公众和生态系统健康构成了较高的污染风险，高于相应的土壤背景值。地统计学、空间和统计分析的综合结果表明，所研究的重金属主要归因于农业、交通和工业引起的污染。总体而言，应迫切关注研究区土壤Cu、Cd和Ni污染的风险减缓和管理工作。"
P00344,"Comprehensive source identification and apportionment analysis of five heavy metals in soils in Wenzhou City, China",中国温州市土壤中五种重金属的综合源识别与归因分析,重金属的源识别与源解析是修复污染土壤的关键问题。本研究结合了定性方法[有限混合分布模型(FMDM)和基于栅格的主成分分析(RB-PCA)]与定量方法[正定矩阵因子分析(PMF)]，利用几个关键的辅助变量，对中国温州市五种重金属(Cd、Hg、As、Pb、Cr)的来源进行了识别和解析。初步生态风险评价表明，研究区的生态风险水平总体较低，主要污染贡献来自Cd和Hg。FMDM结果显示，Cd和Pb符合单一对数正态分布，Hg符合双重对数正态混合分布，As和Cr呈现三重对数正态分布。每种元素均被识别并分离出其自然或人为来源。RB-PCA图结合相应辅助变量的分析表明，整个研究区的三个主要贡献源为母质、工农业混合污染和采矿勘探活动。利用PMF模型讨论了各元素的定量贡献。母质对Cd、Hg、As、Pb和Cr的贡献分别为89.22%、7.31%、35.84%、84.81%和27.42%。工业排放和农业投入混合污染分别贡献了2.94%、80.77%、15.93%、4.79%和25.63%。采矿活动对五种重金属的贡献分别为7.84%、11.92%、48.23%、10.40%和46.95%。该结果可有效地为制定土壤
P00345,Source apportionment and health risk assessment of potentially toxic elements in soil from mining areas in northwestern China,中国西北地区采矿土壤中潜在有毒元素的源解析及健康风险评估,采矿活动导致的土壤有毒元素污染是一个公共卫生问题。为了全面了解采矿活动造成的土壤中无机有毒元素的状况及潜在风险，本研究选取Cu、Pb、Cr、Zn、Ni、As和Cd，对中国西北甘南矿区的42个土壤样品进行了评估。As和Cd的浓度远高于其背景值，而其他元素的浓度则在背景值附近波动。多元统计分析结合单一污染物分布模式的结果表明，即使在不同的采样点，同一元素的有毒元素也可能来源不同。污染指数值表明As和Cd具有中度至高度的污染水平。地累积指数表明Cu、Pb、Cr、Zn和Ni可能源于地质成因，而As和Cd则显著受到人类活动的影响。潜在生态风险指数进一步显示，研究区内的矿区土壤具有较高的潜在生态风险，其中As和Cd是主要的风险贡献者。基于计算的危害指数，摄入土壤颗粒似乎是导致高风险的主要暴露途径，其次是皮肤接触。儿童和成人对As的潜在健康风险均超过安全水平。当地居民患As相关的致癌风险也高于可接受水平，表明对当地居民存在严重的健康风险。这些结果表明，应在甘南矿区实施适当的管理策略和修复措施。
P00349,Ecological and health risk assessment of heavy metals in soil and Chinese herbal medicines,土壤和中草药中重金属的生态与健康风险评估,药用植物可以从原生土壤中积累有害金属，人们食用这些物质可能会导致人体内有毒金属元素的积累。这引起了人们对中药材质量和安全的关注。本研究旨在测定四种药用植物 species（紫苑、丹参、木香、黄芩）及其原生土壤中 Cr、Ni、Cu、Zn、As、Cd、Hg 和 Pb 的含量。所有样品均采自中国河北省东部唐山市燕山山脉附近的迁安市。我们在土壤中检测到的重金属含量符合现行限值。然而，由于土壤中的 Cd 和 Hg 含量高于当地土壤的基线水平，它们具有很高的潜在生态风险。部分中药材中的 Cu、Cd、Hg 和 Pb 含量超过了标准。木香中 Cu 的含量超标 3 倍，其他超标不足 1 倍。对人体具有慢性非致癌效应的重金属综合健康风险评估显示，四种中药材均不会造成健康风险。因此，药用植物中的重金属污染与其原生土壤之间没有很强的正相关关系。应进一步研究土壤与植物中重金属水平的联系，以及土壤、空气和灌溉用水对中药材重金属污染的综合影响。我们还建议只应在受控或未受污染的地区种植和采集中药材。
P00480,Rhizosphere bacterial community dynamics of the cadmium hyperaccumulator Sedum plumbizincicola under a cadmium concentration gradient during phytoextraction,镉浓度梯度下植物修复过程中镉超积累植物伴矿景天根际细菌群落动态,目的：根际微生物组在植物修复过程中的植物生长和行为中起着重要作用。本研究旨在探讨在镉浓度梯度下，超积累植物性能（地上部生物量和镉吸收）如何随植物发育而驱动，以及根际细菌群落的变化，并研究它们在植物生长过程中的关系。方法：采用盆栽实验，将镉超积累植物伴矿景天种植在添加了 0、5 和 20 mg Cd kg-1 的土壤中，持续 13 周。测定植物性能（地上部生物量和镉吸收），并通过每周 Illumina 测序检查根际细菌群落。通过随机森林模型识别生物标志物属，并通过 PICRUSt2 预测功能。结果：无论土壤镉浓度如何，根际细菌群落倾向于在第 6 周或第 7 周趋于稳定，这与超积累植物的旺盛生长阶段相吻合。在稳定阶段富集的生物标志物属类芽孢杆菌和嗜酸链霉菌与镉吸收呈显著正相关。此外，根际细菌群落预测的与植物生长促进相关的部分酶基因丰度受植物发育和土壤镉浓度的影响程度不同。
P00570,"Mercury and Arsenic Storage Estimation, Source Apportion, and Pollution Assessment in the Greater Khingan Mountains Wetlands, Northeast China",中国东北大兴安岭湿地汞和砷的储量估算、源解析及污染评估,大兴安岭地区拥有中国第二大永久冻土面积，是汞和砷等重金属的汇。然而，迄今为止，我们缺乏关于该地区汞和砷储量、来源和污染评估的详细信息，这可能会给研究汞和砷循环带来日益增加的不确定性。通过调查大兴安岭22个典型湿地的土壤、植物和凋落物样品中的汞和砷含量，我们发现土壤中的平均汞含量为0.11 mg/kg，高于土壤背景值。地累积指数表明汞污染程度从轻度到中度不等。土壤平均砷含量为16.1 mg/kg。据估算，湿地土壤、植被生物量和凋落物中的汞和砷储量分别为4.32 mg/m2和995 mg/m2、159 mug/m2和494 mug/m2、13.9 mug/m2和113 mug/m2。约61%的砷来自内源贡献，约84%的汞来自外源。观察到凋落物中的汞与温度及温降水比呈正相关。这意味着考虑到大兴安岭目前的气候变暖，应该更多地关注凋落物中汞的积累。
P00573,Dependence of Rice Grain Cadmium and Arsenic Concentrations on Environment and Genotype,水稻籽粒镉和砷浓度对环境和基因型的依赖性,水稻是中国的主要主食作物，而中国的农田土壤普遍存在镉和砷污染。为了在镉和砷复合污染的稻田土壤中指导水稻生产并提供适宜的水稻品种，需要阐明影响水稻中镉和砷浓度的因素。本研究通过盆栽实验调查了不同水稻品种组织中镉和砷的转运和积累，以了解水稻中镉和砷的变化。并在两个季节进行了田间试验，调查了品种、环境及其相互作用对水稻籽粒中镉和砷浓度的影响。观察到水稻品种之间根、茎、叶和籽粒中镉和砷的浓度范围很广。籽粒中镉的平均浓度高于砷，这是由于镉从茎到籽粒和从叶到籽粒的转运因子（TFs）高于砷。多变量分析表明，籽粒镉浓度更容易受品种影响，贡献了籽粒镉浓度变异的32.4%。籽粒中的砷浓度更容易受环境影响，贡献了籽粒砷浓度变异的59.9%。
P00716,Ecological risk assessment of heavy metals in farmland soils in Beijing by three improved risk assessment methods,北京农田土壤重金属的生态风险评价：基于三种改进方法的评估,北京作为中国的首都，仍然存在不可忽视的土壤污染问题。然而，关于北京农田土壤重金属整体生态风险的研究很少。本研究从学术论文和学术期刊论文中选取了北京八个区432个土壤和作物的重金属含量数据。本研究采用改进的Hakanson方法、改进的层次分析法(AHP)和综合质量影响指数(IICQ)来综合评价Pb、As和Cd污染对农田土壤环境的影响，并讨论了这些方法的适用条件。改进的Hakanson方法结果显示，Pb和As均处于正常生态风险水平，而Cd是潜在生态风险的主要贡献者，占总风险的72.54%，主要处于中等生态风险水平。改进的AHP分析显示，研究区土壤重金属污染的平均综合指数为0.2317，处于轻度污染水平。土壤和农产品的IICQ在0到1之间，表明土壤是清洁的。总之，研究区重金属Pb、As和Cd的污染处于相对较低的水平，对周边环境和人体健康没有显著风险。IICQ方法适用于土壤重金属成分和个体影响的评价，可以更准确地用于土壤-作物-人体健康系统的整体生态评价。
P00718,"Distribution, source identification, and health risk assessment of heavy metals in the soil-rice system of a farmland protection area in Hubei Province, Central China",中国中部湖北省某农田保护区土壤-水稻体系中重金属的分布、源识别及健康风险评估,
P00723,"Distribution, bioavailability, and human health risk assessment of arsenic in groundwater-soil-rice system in the Jianghan Plain, Central China",江汉平原地下水-土壤-水稻系统中砷的分布、生物有效性及人体健康风险评估,许多研究报告称中国江汉平原（JHP）这一重要水稻生产基地的地下水和土壤中砷浓度较高。然而，尚未对该区域地下水-土壤-水稻系统中砷的发生及风险进行综合研究。本研究分析了地下水、土壤、水稻秸秆和糙米样品中的砷浓度。结果表明，潜水砷浓度范围从低于检出限（BDL）到 42.88 μg/L（中位数 0.34 μg/L），土壤孔隙水为 BDL 到 41.77 μg/L（中位数 8.64 μg/L），土壤为 10.20 到 21.90 mg/kg（平均 16.52 mg/kg），水稻秸秆为 0.204 到 2.860 mg/kg（平均 0.847 mg/kg），糙米为 0.131 到 0.951 mg/kg（平均 0.449 mg/kg）。根据化学提取和薄膜扩散梯度技术定义的生物有效性砷，评估了水稻对土壤中砷的吸收。结果表明，由于高迁移性砷组分含量低，迁移性较差的砷组分（主要与无定形铁/铝水合氧化物结合）也对生物有效性砷有贡献，这表明在分析生物有效性砷时应考虑与无定形铁/铝结合的砷。根据地累积指数和中国水稻土标准（GB15618-2018）限值（25 mg/kg），研究区水体和土壤中的砷污染处于较低
P00724,"Using Caenorhabditis elegans to assess the ecological health risks of heavy metals in soil and sediments around Dabaoshan Mine, China",利用秀丽隐杆线虫评估中国大宝山矿区周边土壤和沉积物中重金属的生态健康风险,重金属污染是全球性的环境问题，且重金属带来的潜在风险日益增加。作为中国南方最大的多金属矿，大宝山矿的采矿活动产生的酸性矿山排水(AMD)对当地居民有害。迫切需要对这一污染区域的生态和人体健康风险进行详细的区域性调查。在本研究中，沿尾矿废水流向和樊东水库采集了8个沉积物和农田样品；利用电感耦合等离子体质谱法测定了样品中多种重金属的含量。参照秀丽隐杆线虫(C. elegans)的不同终点，进一步评估了样品水溶性提取物的生物毒性。利用偏最小二乘回归评估了特定重金属与生物毒性之间的关系。结果表明，大宝山矿区的重金属风险极高（潜在生态风险指数 = 721.53），且与地理位置相关。在这些样品中，砷对成年人的致癌风险（人群暴露于致癌污染物时诱发致癌疾病或损伤的概率）超过了标准值 1 × 10^-4，表明砷对成年人呈现高致癌风险；而儿童的非致癌效应高风险（人体暴露于非致癌污染物的危害程度）与铅暴露有关（危害指数 = 1.24）。此外，沉积物和农田土壤提取物水溶性组分中高浓度的重金属可能容易在水循环中分布，抑制了C. elegans的存活率和生长。与氧化应激相关的基因表达和酶活性增加，与凋亡和金属硫蛋
P00769,"A promising amendment for the immobilization of heavy metal(loid) s in agricultural soil, northwest China",中国西北地区农业土壤重金属(类金属)固定的一种有前景改良剂,目的 原位修复技术对于受重金属污染的农业土壤（特别是碱性土壤）目前仍然有限。本研究施用改良剂（中国黄土、凹凸棒石和堆肥污泥）来比较它们在固定重金属方面的有效性。材料与方法 土壤采自中国白银市一个重度污染玉米田的0-20 cm表层。按1%、5%、10%和15%的比例向土壤中加入改良剂，并设置无改良剂对照。采用单一提取和Tessier连续提取程序评估改良剂的有效性。单一提取剂为H2O、氯化钙(CaCl2)、二乙基三胺五乙酸(DTPA)和盐酸(HCl)。固定180天后进行种子发芽实验。结果 与ATPs和堆肥污泥相比，中国黄土能有效降低重金属的毒性并提高种子发芽率。堆肥污泥有效地将重金属（特别是Cu）从碳酸盐组分转化为有机质或残渣态组分。DTPA提取的重金属浓度与交换态和碳酸盐态的总和呈正相关( < 0.05)。当四种改良剂的添加比例在5%到10%之间时，可以获得较高的种子发芽率。结论 中国黄土在固定碱性农业土壤中的重金属方面是有效且安全的。DTPA在预测土壤中As、Cd、Pb、Cu和Zn的有效性方面表现最佳。
P00782,"Ecological risk assessment of Cd and other heavy metals in soil-rice system in the karst areas with high geochemical background of Guangxi, China",广西高地球化学背景岩溶区土壤-水稻系统镉及其他重金属的生态风险评估,中国岩溶地区分布广泛，该地区发育的土壤富含微量元素，具有典型的高地球化学背景特征。因此，土壤生态风险逐渐受到广泛关注。本研究以广西碳酸盐岩出露的岩溶区为研究对象，采集了1090组稻谷及其对应的根际土壤，研究了稻谷和土壤中镉、砷等重金属的浓度特征及其影响因素。根据中国土壤环境质量标准（GB 15618-2018），广西岩溶区土壤样品中重金属（As、Cd、Cr、Cu、Hg、Ni、Pb和Zn）含量超过风险筛选值的比例普遍高于中国表层土壤或广西非岩溶区土壤。值得注意的是，Cd和As是土壤中富集最显著的重金属。根据中国食品安全标准（GB 2762-2017），研究区稻谷中Pb未超标；Cr、Hg和无机As的超标率仅约为1%；Cd的超标率为12.5%。随着土壤pH值的增加，土壤Cd浓度逐渐增加，而稻谷中Cd的浓度和超标率逐渐降低。具体而言，当土壤pH>6.5时，稻谷中Cd的超标率仅为4%。结果表明，中国土壤环境质量标准中Cd元素的风险筛选值不适用于岩溶区土壤Cd的生态风险评估。因此，提出了岩溶区土壤Cd安全利用和风险控制的推荐阈值，为中国岩溶区农用地土壤环境质量分级、污染风险控制和土地安全分区提供依
P00798,"Heavy metal pollution from copper smelting during the Shang Dynasty at the Laoniupo site in the Bahe River valley, Guanzhong Basin, China",中国关中盆地灞河流域老牛坡遗址商代铜冶炼造成的重金属污染,重金属污染对环境和人类健康都有害。然而，关于历史冶金活动引起的重金属污染的研究很少。位于中国关中盆地灞河流域的老牛坡遗址是商文化（公元前1600-1046年）的重要聚落。我们研究了老牛坡遗址的两个地层剖面，通过测量磁化率、重金属浓度和AMS 14C测年，提供了该遗址商代铜冶炼活动的证据。计算了内梅罗污染指数和地累积指数，以评估黄土台地表土中的重金属记录（铜、锌、镍、铅、铬和砷）。根据单项污染指数，表土受到砷的轻微污染，未受到铜、锌、镍、铅和铬的污染；根据内梅罗综合污染指数，表土受到轻度污染；根据地累积指数，表土受到砷的中度污染，铜的轻微污染，未受到锌、镍、铅和铬的污染。表土重金属污染的主要原因是文化层中的铜渣受到现代农业活动的干扰。
P00824,Phytoremediation of potentially toxic elements in a polluted industrial soil using Poinsettia,一品红在污染工业土壤中潜在毒性元素的植物修复研究,潜在毒性元素污染已成为严重的环境威胁，特别是在中国等发展中国家。因此，植物修复研究越来越受关注，旨在鉴定受污染土壤中PTEs的指定超富集植物物种。本研究选择一品红作为六种PTEs（Zn、Pb、Hg、Cr、As、Cu）植物修复的候选物种。使用从中国中南地区工业区收集的污染土壤进行了盆栽实验（5个处理和4个区组的随机不完全区组实验设计）。分析了生物富集因子（BAF）、转移因子（TF）和生物浓缩因子，以确定一品红在不同比例污染土壤中的植物修复潜力。单因素方差分析和事后Tukey检验表明，一品红对Zn、Pb、Cu（BAF < 1且TF < 1，p < 0.05）和Hg（BAF < 1且TF > 1，p < 0.05）有显著吸收。因此，一品红可以有效地在其侧根中积累Zn、Pb和Cu，同时提取并将Hg转移到叶子中。此外，一品红表现出对As和Cr的耐受性。有趣的是，还观察到PTEs在一定浓度下会抑制盆栽一品红的高度。
P00877,"Heavy metal pollution characteristics and health risk evaluation of soil around a tungsten-molybdenum mine in Luoyang, China",中国洛阳某钨钼矿区土壤重金属污染特征及健康风险评价,矿区土壤重金属污染及其对人体健康的影响已成为全球最重要的环境问题之一。本研究调查了中国河南省洛阳市西南部钨钼矿区周边土壤中的重金属，评估了该区域土壤重金属污染水平，并量化了这些污染物对人体健康的风险。为评估这些潜在威胁等级，应用了美国环境保护署（USEPA）推荐的污染指数、潜在生态危害及健康风险评估方法。结果表明，重金属Zn、Cr、Cd和As的平均土壤含量超过了土壤污染风险筛选值。内梅罗综合污染指数（PN）大于3，表明污染严重。各采样点的潜在生态风险指数（RI）排序为 RI #7 > RI #6 > RI #5 > RI #3 > RI #4 > RI #2 > RI #1。在重金属中，Cd构成的生态威胁最大，占RI的91.32%。土壤重金属经三种暴露途径（口服摄入 > 皮肤接触 > 呼吸吸入）对单一非致癌健康风险指数（HQ）和非致癌总指数（HI）的影响表现为 HQ Zn < HQ Cu < HQ Cd < HQ Pb < HQ Cr < 1。HI Pb 和 HI Cr 之和分别占成人和儿童的92.96%和92.98%。除吸入途径外，研究区的 CR Cd、CR Cr 和 CR Cd 高
P00917,Research on heavy metal level and co-occurrence network in typical ecological fragile area,典型生态脆弱区重金属水平与共现网络研究,由于典型生态脆弱区的特殊敏感性，一系列人类生活、采矿等活动对环境影响较大。本研究选取黄土高原鄂尔多斯市的三个煤矿作为研究区，通过测定131个采样点的土壤中As、Hg、Cr、Cd、Cu、Ni和Pb的含量，研究了该区域重金属的污染水平。结合生物学中的“共现网络”概念，利用地统计学和遥感数据库研究了土壤重金属水平。结果表明，超过一半采样点中Hg、Cr、Ni、Cu和Pb的浓度高于当地环境背景值，但未超过中国规定的风险控制值，表明人为因素影响较大；而Cd和As元素主要受成土母质和人为因素影响。重金属元素与粘土和粉砂无关，但与砾石呈明显相关性。Cd、Pb、As以及Ni、Cd、Cr之间均呈正相关，不同重金属在空间分布上也反映了自相关性，主要集中在TS矿区东北部和PS矿区中部。
P00943,Combined application of biochar with fertilizer promotes nitrogen uptake in maize by increasing nitrogen retention in soil,生物炭与肥料配施通过增加土壤氮保持促进玉米对氮的吸收,生物炭与肥料配施已被用于提高土壤肥力和作物产量。然而，生物炭在田间尺度上提高作物产量的耦合机制，以及生物char影响碳氮转化和作物产量的时间跨度尚不清楚。本研究在棕壤种植玉米区进行了长期田间试验（2013-2019）。设计了六个处理：CK—对照；NPK—施用化肥；C1PK—低生物炭无氮肥；C1NPK、C2NPK和C3NPK—分别为1.5、3和6 t/ha生物炭与化肥配施。结果表明，C3NPK处理0-20 cm表层土壤的δ15N值在第三年（2018年）达到峰值291‰，而NPK处理在2016年的初始同位素试验中达到峰值402‰。同时，在生物炭添加后的第三到第四年，SOC才受到影响，并在2019年C3NPK处理中导致全氮显著增加2.4 kg/ha。在整个试验期间，C2NPK和C3NPK处理中观察到的最高15N回收率为74-80%，导致产量显著逐年增加。最低的亚表层土壤δ15N值范围为66‰至107‰，且C3NPK处理中的15N残留率完全衰减至0.001%需要70年。我们的研究结果表明，生物炭复混肥可以增加土壤中的碳稳定性和氮保持，改善玉米对氮的吸收，同时最大限度地减少氮的损失。
P00954,"Trace metal contamination in soils from mountain regions across China: spatial distribution, sources, and potential drivers",中国山地地区土壤中的痕量金属污染：空间分布、来源及潜在驱动因子,"土壤中的痕量金属污染是对维持星球安全的一种威胁，且山地土壤中的痕量金属污染问题仍鲜受关注。本研究评估了中国山地土壤中六种痕量金属（Cd, Cr, Cu, Ni, Pb 和 Zn）的污染状况，并破译了其空间分布的潜在驱动因子。结果表明，Cd 和 Pb 的浓度随土壤深度显著增加，其在西北、南方和西南地区的浓度显著高于其他地区。在所有金属中，Cd 是优先控制金属，具有中度至重度污染，其次是 Pb，而其他金属未显示出明显污染。海拔模式和同位素示踪揭示，表层土壤中 Cd 和 Pb 的显著富集和明显污染主要归因于长距离跨界大气传输和冷凝带来的沉降。采矿、有色金属冶炼以及煤炭和燃料燃烧被确定为 Cd 和 Pb 的主要人为来源。土壤有机质含量、pH 值和土壤形成过程直接决定了痕量金属在土壤中的积累，而地形效应（包括局部气候、植被组成和林冠过滤）调节了金属的空间分布。这项研究强调了山地土壤 Cd 污染的重要性（此前被认为关注度较低），并提出有必要对痕量金属污染进行长期监测，以改进评估山地关键带对未来人类和气候引起的环境变化响应的生物地球化学模型。"
P00955,The roles and performance of arbuscular mycorrhizal fungi in intercropping systems,丛枝菌根真菌在间作系统中的作用和表现,间作通过植物促进相互作用获得生产力和生态效益，通常与可持续农业实践相关。在这些系统中，丛枝菌根（AM）真菌和菌丝网络通过促进连通性、介导植物间代谢资源的转移以及管理杂草、病原体和污染物，在植物促进中发挥关键作用。本综述指出，经由AM真菌对称或非对称传递的资源对于维持间作作物之间的促进相互作用至关重要。此外，还讨论了AM真菌对间作的响应，包括丰度、多样性、群落组成和定殖水平的变化。虽然已经表明间作通常能促进AM真菌的增殖，但植物宿主和邻居可能对AM真菌产生不同的影响。因此，需要进一步研究量化AM真菌对间作系统产出的中介作用，阐明驱动力，并探索这些过程与AM真菌自身变化之间的因果关系。总之，与AM真菌的结合扩展了对驱动植物促进的关键土壤生物过程的了解，并将指导优化间作系统的努力。
P00956,Heavy metal pollution increases soil microbial carbon limitation: Evidence from ecological enzyme stoichiometry,重金属污染增加了土壤微生物碳限制：来自生态酶化学计量的证据,重金属可在土壤中长期存在并严重影响土壤质量。多种重金属污染物的共存导致生物毒性并改变微生物活性。土壤微生物代谢在土壤生态系统的养分循环和生化过程中起着重要作用。然而，重金属污染对土壤微生物代谢的影响仍不清楚。本研究旨在利用胞外酶化学计量学揭示微生物代谢限制对重金属的响应，并进一步评估重金属污染对土壤养分循环的潜在影响。结果表明，由生态酶活性反映的土壤微生物代谢对土壤重金属污染有显著响应。在不同重金属水平下，微生物代谢受土壤碳和磷的限制，重金属浓度的增加显著增加了微生物碳限制，而对微生物磷限制无影响。微生物可能增加代谢中的能量投入以抵抗重金属压力，从而诱导碳释放。结果表明，微生物为应对长期重金属压力而选择的能量代谢可能增加土壤碳释放，不利于土壤碳固存。我们的研究强调，生态酶化学计量学是评估重金属污染毒性及其对养分循环生态效应的一种有前景的方法。
P00970,Novel soil health assessment framework and microbial community characterization for paddy field by interpretable machine learning,基于可解释机器学习的稻田土壤健康评估框架及微生物群落特征,"在水稻种植系统中，长期的集约化管理可能导致土壤微生物功能下降和潜在有毒金属的迁移，严重损害稻田土壤的健康。然而，土壤健康评估往往仍倾向于强调以肥力为导向的指标，经常忽视与污染相关的安全信号以及土壤微生物的贡献。此外，微生物多样性指数在区分土壤健康等级方面的能力有限，导致缺乏针对特定健康水平的微生物特征的明确定义。本研究提出了一种新的土壤健康评估方法，利用树结构机器学习和Shapley加性解释（SHAP）模型来评估和预测大量土壤和微生物指标对不同土壤健康水平的敏感性。该框架已系统地应用于县级稻田调查。结果表明，在测试集上，极限梯度提升（XGBoost）模型的决定系数（R2）达到0.844，相对百分位数（RPQ）为45.218，优于随机森林（R2，0.816）和轻梯度提升机（R2，0.839）。SHAP模型确定了7个关键土壤指标（AN, MBC, CBH, EC, AP, NO3和pH），这些指标与所选的最小数据集重叠。此外，SHAP模型强调了Tremellodendropsidales、Phialoparvum、Cystofilobasidium、Setoseptoria和Tausoni"
P01009,Bacterial community assembly processes mediate soil functioning under cadmium stress in the agroecosystem,农业生态系统中细菌群落组装过程介导镉胁迫下的土壤功能,阐明群落组装过程对土壤功能的影响是理论生态学面临的关键挑战，特别是在镉胁迫下，我们的理解仍然有限。因此，在本研究中，我们使用扩增子测序和基于定量PCR的芯片来分析不同Cd胁迫水平下农业生态系统中细菌群落特征、土壤功能的变化及其相互关系。结果表明，Cd胁迫导致群落多样性（Z分数）、网络复杂性和稳定性的下降，物种周转的增加，并对群落结构进行了调节。Cd胁迫显著增加了扩散限制和同质选择的相对重要性，减少了群落漂移，使群落更具确定性。最后，Cd胁迫显著降低了土壤功能潜力（Z分数）和土壤功能稳定性（Z分数），损害了土壤碳、氮、磷和硫循环。值得注意的是，相关性和随机森林分析揭示了特定群落组装过程的显著影响，包括扩散限制、同质选择、漂移
P01040,Soil microbial DNA concentration is a powerful indicator for estimating soil microbial biomass C and N across arid and semi-arid regions in northern China,土壤微生物DNA浓度是估算中国北方干旱和半干旱地区土壤微生物量碳和氮的强有力指标,土壤微生物通过调节有机物分解和养分循环，对生态系统功能发挥着关键控制作用。人们采用了多种方法来估算土壤微生物量碳（C_mic）和氮（N_mic），主要基于熏蒸和呼吸或生物标志物（如磷脂和ATP）。虽然土壤微生物DNA也是一种重要的生物标志物，但在干旱和半干旱地区，该生物标志物能否用于大规模估算C_mic和N_mic尚不清楚。为了探讨这一问题，研究收集了中国北方干旱和半干旱地区不同生态系统（即沙漠、农田、典型草原、草甸草原和森林）中28种不同植被/微生境类型的124个土壤样本；然后，建立了土壤微生物DNA浓度与经经典氯仿熏蒸提取（CFE）方法估算的C_mic和N_mic含量之间的强线性关系。结果表明，尽管土壤微生物量呈现出巨大的波动，但在不同的植被类型中，土壤微生物DNA浓度与观测到的C_mic（r = 0.99）和N_mic（r = 0.97）呈线性相关。此外，基于上述线性关系的系数，进一步推断出当假设双链DNA中G-C碱基对比例为50%时，DNA中碳和氮元素的平均比例分别占C_mic的0.99%和N_mic的3.70%。结论是，该研究证明了土壤微生物DNA作为一个强有力的指标，可以为
P01055,"The sources-specific health risk assessment combined with APCS/MLR model for heavy metals in tea garden soils from south Fujian Province, China",结合APCS/MLR模型对闽南茶园土壤重金属的来源特异性健康风险评估,目前关于茶园土壤重金属（HM）的来源特异性健康风险的综合信息有限。本研究利用电感耦合等离子体质谱法（ICP-MS）测定了采集自闽南地区（包括厦门、漳州和泉州三个区域）的茶叶及其对应的表层土壤（0-20 cm）中重金属的浓度。利用因子分析和绝对主成分得分/多元线性回归（APCS/MLR）定量分析了茶园土壤中重金属的污染来源。并通过健康风险评估模型进一步量化了来自不同特定来源的重金属对人体的健康风险。农业活动和自然源是土壤中重金属对成人非致癌风险的最大贡献者。自然源分别占成人和儿童致癌风险的80.29%和80.31%。此外，不同来源对成人和儿童非致癌风险和致癌风险的相对贡献相似。通过浸泡方式，Co和Cr分别是茶叶中重金属非致癌和致癌风险的主要贡献者。总的来说，这项研究强调需要控制和管理茶叶种植基地的农业活动以减轻健康风险。
P01070,"Distribution and secondary enrichment of heavy metal elements in karstic soils with high geochemical background in Guangxi, China",中国广西高地球化学背景下喀斯特土壤中重金属元素的分布与次生富集,喀斯特环境具有全球重要意义，在这些景观上发育的土壤通常具有独特的地球化学特征，包括金属含量水平升高。然而，土壤中金属的富集主要是由母岩控制，还是由风化过程中的次生富集控制，尚未确定。在本文中，我们研究了母质和/或成土过程对土壤中重金属积累的控制作用。我们检查了中国广西典型喀斯特地区未风化的碳酸盐岩和碎屑岩基岩以及表层土壤。土壤中重金属浓度的空间分布主要受地质背景控制。除Cd外，碳酸盐岩中重金属的浓度远低于碎屑岩，而源于碳酸盐岩的土壤中重金属含量高度富集，高于碎屑区。碳酸盐基底表层土壤中Cd的富集是次生富集和母岩继承双重作用的结果，而其他金属的富集主要是次生富集的结果。在碳酸盐岩基岩的风化过程中，大部分固有重金属被淋失，只有2%的Cd被保留在原位。土壤中高浓度的Fe、Al和Mn氧化物、有机碳和粘土含量与所研究表层土壤中重金属的富集密切相关。
P01159,Human health and ecological risk assessment of trace elements in urban soils of 101 cities in China: A meta-analysis,中国101个城市城市土壤中微量元素的健康和生态风险评估：一项Meta分析,"城市土壤的微量元素污染在中国引起了越来越多的关注。本研究旨在评估中国城市土壤中砷、镉、铬、铜、汞、镍、铅和锌的污染状况及其对城市居民和城市绿地（UGS）的潜在影响。研究应用了来自超过17,000个样本的数据来表征101个城市的状况。污染评估证明11%的城市受到严重污染。根据危险指数，15个城市中婴幼儿群体的风险值超过了通常可接受的标准。致癌风险评估显示，总人口约20,566,900的城市存在潜在威胁。铬和砷被检测为最危险的元素。38个城市的UGS可能受到微量元素毒性的严重威胁。镉被发现是对UGS风险最大的元素。在中国目前的形势下，UGS的生态系统服务可能会受到严重破坏，且预计未来其状况将进一步恶化。因此，必须改变城市化进程的政策，并制定适应高污染水平的城市绿色基础设施的功能性概念，从而提高中国的民生福祉。"
P01228,"Exploring the fate of heavy metals from mining and smelting activities in soil-crop system in Baiyin, NW China",中国西北白银地区采矿和冶炼活动中重金属在土壤-作物系统中的归趋研究,采矿和冶炼活动中重金属（HMs）在农田土壤中的活性和归趋对于有效防止HMs在作物中过度富集具有重要意义。本研究专注于中国西北典型的采矿城市白银地区。结合化学连续提取法和铅同位素方法，详细研究了农田土壤中HMs的来源、形态和归趋，以及不同区域种植作物不同部位中HMs的迁移和富集特征。结果表明，矿区（OD）、西大沟污水灌溉区（XSIA）、东大沟污水灌溉区和黄河灌溉区农田土壤中HMs的平均人为贡献分别约为85%、88%、76%和41%，OD和XSIA地区作物中HMs过度积累的风险较高。与土壤残留态相比，非残留态的206Pb/207Pb同位素比值（1.1304–1.1669）更接近当地矿石值，表明采矿和冶炼活动产生的人为HMs主要富集在非残留态中。作物中的206Pb/207Pb同位素比值（1.1398–1.1686）进一步证实，这些人为HMs更容易被作物吸收和浓缩。OD和XSIA地区叶片中的HMs含量通常高于根部，表明OD和XSIA地区的大气沉降对作物叶片HMs浓度的影响更大，而籽粒/果实中HMs的超标率在作物各部位中最低。矿区作物种植的分区和分类可以有效帮助最大限度地减少人为来源的HMs通过
P01230,Contrasting impacts of mobilisation and immobilisation amendments on soil health and heavy metal transfer to food chain,活化与钝化改良剂对土壤健康及重金属向食物链传递的对比影响,重金属的活化或钝化已被广泛用于土壤原位修复。然而，关于活化或钝化改良剂对土壤健康和重金属转移后果的比较研究很少。本研究在Cd、Zn和Pb污染的土壤中施加了四种活化添加剂（EDTA、腐殖酸、草酸和柠檬酸）和四种钝化添加剂（硅酸钙、石灰、生物炭和猪粪），以研究其对土壤微生物和线虫群落、苋菜（Amaranthus tricolour L.）中金属化学形态以及土壤-植物-昆虫系统中金属食物链传递的影响。我们发现，活化改良剂抑制了植物生长，且EDTA减少了由磷脂脂肪酸指示的微生物生物量。相反，钝化改良剂促进了植物生长。然而，硅酸钙和石灰减少了微生物和线虫的丰度，而生物炭和猪粪则显著增加了它们的丰度。我们还发现，钝化改良剂将植物叶片中的水溶性和果胶-/蛋白结合态金属转变为磷酸盐-/草酸盐结合态，增强了斜纹夜蛾（Prodenia litura）幼虫的解毒能力，并减少了金属沿食物链的传递。然而，在活化处理中观察到相反的变化。根据冗余分析，我们发现添加生物炭或猪粪通过降低金属有效性和增加土壤有效氮、磷浓度来改善土壤健康和功能。结果表明，有机钝化改良剂在改善土壤健康和减少金属转移方面最有效，应推荐用于重金
P01232,Effects of silicon on heavy metal uptake at the soil-plant interphase: A review,硅在土壤-植物界面对重金属吸收的影响：综述,硅是土壤和地壳中含量第二丰富的元素，在土壤和植物中具有多种积极作用。不同的土壤因子影响着硅在土壤-植物系统中的生物有效性。硅通过在不同水平改善植物的耐受机制，参与缓解植物面临的生物（虫害和病原菌病害）和非生物胁迫（盐、干旱、高温、重金属等）。然而，硅介导的重金属从土壤向植物以及在植物体内的吸收和转运限制，仍需深入理解。近年来，硅基改良对重金属胁迫下植物防御系统、细胞损伤修复、细胞稳态及代谢调节的作用日益受到关注。然而，关于硅降低重金属毒性及其从土壤向植物根系吸收和转运的分子机制，目前的知识仍有限。因此，本综述重点关注以下方面，以更深入地理解硅在分子水平的作用：(i) 硅如何提高植物对可变环境条件的耐受性；(ii) 生物因子如何影响土壤中的硅库；(iii) 土壤性质如何影响硅的释放及其降低土壤中重金属生物有效性和在植物根部积累的能力；(iv) 硅如何影响植物根系，包括重金属吸收或隔离、根系铁/锰膜、根细胞壁和区室；(v) 硅如何与重金属络合并限制其在根细胞内的转运/转移，以及如何影响植物激素调节；(vi) 由于具有相似的膜转运蛋白，硅与砷、铝和镉等重金属在吸收上的竞争；(vii) 硅介导
P01359,Spatial assessment models to evaluate human health risk associated to soil potentially toxic elements,评估土壤潜在有毒元素相关人体健康风险的空间评价模型,定量解析土壤中潜在有毒元素（PTEs）的来源及其相关的人体健康风险（HHR）对于土壤环境监管和污染风险缓解至关重要。为此，本研究提出了一种综合方法，并将其应用于包含273个土壤表层样品中砷、镉、铬、铜、汞、镍、铅、硒和锌的数据集。利用正定矩阵因子分解（PMF）定量分析土壤中PTEs的来源贡献；通过结合源成分谱和健康风险评估来确定已识别源产生的HHR；最后，利用顺序高斯模拟（SGS）识别高HHR区域。PMF识别出四个来源。自然和农业源影响了所有9种PTEs的含量，贡献率在19.2%至62.9%之间。41.9%的镉、40.8%的铅、58.6%的硒和29.8%的锌受工业和交通排放控制。金属冶炼和矿山解释了35.5%、30.5%和24.9%的铬，主要受燃煤大气沉降控制... 基于面向源的HHR计算，自然和农业源是影响HHR的最重要因素，解释了儿童和成人49.1%的非致癌风险以及44.2%的致癌风险。SGS表明，总区域中有1.1%被确定为对儿童具有非致癌风险的危险区域。
P01363,Mapping soil pollution by using drone image recognition and machine learning at an arsenic-contaminated agricultural field,无人机图像识别与机器学习在砷污染农田土壤污染制图中的应用,
P01365,The occurrence of microplastics in farmland and grassland soils in the Qinghai-Tibet plateau: Different land use and mulching time in facility agriculture,青藏高原农田和草地土壤中微塑料的发生：设施农业中不同土地利用方式和覆膜时间的影响,环境中的微塑料污染引起了极大的关注。然而，目前我们对土壤环境中MP丰度和分布的认识仍较为匮乏。本研究调查了中国偏远地区——青藏高原(QTP)东部农田和草地土壤中的MPs。在35个土壤样品中，浅层土壤和深层土壤中的MPs平均数量分别为53.2 ± 29.7和43.9 ± 22.3 items/kg。研究发现，地膜农田、温室、无覆盖农田和草地的土壤样品中MP丰度存在显著差异。本研究中MPs主要呈薄膜状，且颜色为透明。土壤样品中MPs的主要聚合物类型为聚酯(PE)和聚丙烯(PP)。本研究揭示了QTP不同土地利用方式下MP分布的特征，并表明农田土壤中的MPs可能源于地膜的破碎。值得注意的是，在设施农业中，MP丰随地膜使用时间的增加而增加。此外，人类干扰和设施农业中地膜使用时间的增加促进了土壤MPs的破碎。本研究为高原陆地生态系统中MPs的后续研究提供了重要数据。
P01366,Heavy metal contamination risk assessment and correlation analysis of heavy metal contents in soil and crops,土壤和作物中重金属含量的污染风险评估及相关性分析,重金属污染对农业生产构成了重大威胁。土壤重金属污染可能导致潜在的生态风险（ERI），而作物重金属污染可能导致人体健康风险（HRI）。然而，大多数以前的研究部分集中在土壤或作物的重金属污染上，但往往忽略了它们之间的关系。实际上，土壤重金属在一定程度上会污染作物，但并非所有的作物重金属污染都来自土壤。土壤-作物系统中污染风险的内在关系值得关注。在本研究中，我们选择宁波作为研究区域，并利用样本数据评估土壤和作物的重金属风险，以探索土壤和作物中重金属污染风险的差异以及土壤和作物中重金属含量之间的关系。我们的结果表明，Hg是土壤中污染最严重的重金属，这导致了江北区最高的生态风险（综合ERI = 567），其中Hg的最大ERI为430。然而，作物中的As对健康风险的贡献最大，并在奉化区造成了最高的健康风险（HRI > 10），贡献率为64.5%。这种污染风险评估的差异表明，同一种重金属在土壤和作物中的含量是不一致的。我们的结果进一步表明，土壤中的重金属对作物中的Zn影响最大。土壤中的Pb和Cr对作物吸收Zn有协同作用，而As、Hg和Cu在作物吸收Zn中起拮抗作用。我们的研究证实，土壤中的重金属会对
P01368,"Characterizations of heavy metal contamination, microbial community, and resistance genes in a tailing of the largest copper mine in China",中国最大铜矿尾矿中重金属污染、微生物群落及抗性基因的特征,铜矿尾矿因其重金属含量高而引起极大的环境关注。这些危害物可能释放到空气、水和土壤中，对周围的生物构成巨大威胁。在本研究中，我们对中国最大的露天铜矿——德兴铜矿的尾矿中的重金属含量、微生物组和耐药组进行了分析。通过宏基因组测序生成了共39.75 Gb的干净数据，分类学分析显示放线菌门、变形菌门、酸杆菌门、广古菌门和硝化螺旋菌门是该尾矿中最丰富的门。总的来说，共鉴定出76个重金属抗性基因（HMRGs）和194个抗菌药物耐药性基因（ARGs），其中merA和rpoB2分别是最丰富的HMRG和ARG。我们还比较了同一尾矿中六个采样点之间的重金属浓度差异，发现铜和锌存在显著差异。层次聚类分析显示，基于重金属浓度，六个采样点的样本聚集为两组。相应地，基于微生物组成和抗性基因相对丰度的聚类也显示出相同的聚类模式，表明重金属对该尾矿中的微生物组和耐药组具有可能的塑造影响。我们的工作展示了中国最大铜矿尾矿中的重金属含量、微生物组成和抗性基因，这些数据将对尾矿的监测、维护和修复非常有用。
P01371,"Application of cadmium prediction models for rice and maize in the safe utilization of farmland associated with tin mining in Hezhou, Guangxi, China",广西贺州锡矿区农田安全利用中水稻和玉米镉预测模型的应用,采矿活动导致的土壤和作物镉污染已成为全球普遍关注的问题。鉴于不同作物具有不同的镉生物富集系数，可以选择镉生物富集能力低的作物来实现镉污染土地的安全利用。本研究旨在调查锡矿区（TMA）和对照区（CA）土壤和作物中的镉污染状况及土壤镉活性的影响因素，并通过建立不同作物籽粒镉含量的预测模型，提出农田安全利用建议。我们分别收集了72对和40对水稻和玉米籽粒样品及其根际土壤样品，以及6176个表层土壤样品。结果表明，与CA相比，TMA周边耕地土壤和作物籽粒中的镉污染更为严重。此外，水稻将镉从土壤运输到籽粒的能力很强，而玉米吸收镉的能力较差。土壤中的总有机碳、CaO、pH值和Mn在镉从土壤向作物籽粒的转移中起着关键作用。利用这些参数和土壤中的镉浓度，开发了两组准确的玉米和水稻镉预测模型。基于表层土壤中的镉浓度和作物籽粒中预测的镉浓度，提出了农田安全利用方案。在TMA中，优先保护、安全开采、种植调整和严格管制的比例分别为72.59%、22.77%、3.16%和1.48%。在CA中，这些数值分别达到80.51%（优先保护）、19.12%（安全开采）、0.37%（种植调整）和0%（严格管制）。因此，考虑
P01374,A synthesis framework using machine learning and spatial bivariate analysis to identify drivers and hotspots of heavy metal pollution of agricultural soils,利用机器学习和空间二元分析识别农业土壤重金属污染驱动因素和热点的综合框架,源解析可能是减轻土壤污染的有效工具，但其功效往往受到缺乏影响污染物在地点积累的因素信息的限制。针对这一局限性，并重点关注确定为污染控制优先事项的一系列重金属，该研究为中国浙江省工业化地区的农业土壤建立了一个使用因子识别结合空间聚集的综合污染控制框架。除了通过实施受体模型阐明工业和交通活动对重金属积累的关键作用外，还使用随机森林模型识别了特定的影响因素。土壤采样点到最近可能的工业源的距离是决定镉和铜浓度的最重要因素，而到最近道路的距离对铅和锌污染更为重要。土壤母质、pH值、有机质和粘土颗粒尺寸是影响砷、铬和镍积累的关键因素。土壤金属污染水平与工业聚集之间的空间自相关可以使污染控制措施更有针对性。总体而言，该方法为提高区域尺度上源解析的准确性，进而改善土壤污染控制提供了基础。
P01376,Diagnosis of cadmium contamination in urban and suburban soils using visible-to-near-infrared spectroscopy,利用可见光-近红外光谱诊断城市和郊区土壤中的镉污染,以往的研究大多集中在利用可见光-近红外光谱技术定量估算土壤镉含量，而很少从光谱分类的角度来识别土壤镉污染。在此，我们开发了一个框架，以比较两种光谱变换（即原始反射率和连续去除法[CR]）、三种优化策略（即全光谱、Boruta特征选择和合成少数类过采样技术[SMOTE]）和三种分类算法（即偏最小二乘判别分析、随机森林[RF]和支持向量机）在诊断土壤镉污染方面的潜力。共从中国武汉市的城市和郊区采集了536个土壤样品。具体而言，Boruta和SMOTE策略分别旨在选择最有信息的预测因子和获得平衡的训练数据集。结果表明，被镉污染的土壤导致光谱反射率幅度降低。在Boruta和SMOTE策略之后开发的分类模型优于全光谱模型。结合CR预处理、SMOTE策略和RF算法的诊断模型在土壤镉分类中达到了最高的验证准确率（Kappa = 0.74）。这项研究为快速识别和监测城市和郊区土壤镉污染提供了理论参考。
P01378,Variation in the diazotrophic community in a vertical soil profile contaminated with antimony and arsenic,锑和砷污染土壤剖面中固氮菌群落的变异,矿区生境中的氮（N）缺乏通常会阻碍生物修复工作。固氮微生物可以为这些环境中的植物和微生物提供氮支持。然而，与农业土壤或豆科植物共生的环境相比，矿区固氮群落的研究较少，且知之甚少。本研究比较了两个对比地点（深度达2米）在垂直剖面中固氮群落组成和相互作用的差异，包括一个高度污染场地和一个中度污染场地。锑（Sb）和砷（As）复合污染诱导了松散的生物相互作用，并导致固氮群落对深层土壤的选择。多方面证据，包括高度污染场地中固氮类群的富集、微生物-微生物相互作用、环境-微生物相互作用以及机器学习方法（随机森林回归），表明根瘤菌是污染土壤垂直剖面的关键类群，并且对Sb和As污染组分具有抗性。所有这些观察结果表明，一种固氮菌（根瘤菌）可能在受污染场地的氮固定中发挥重要作用。
P01459,A general methodological framework for predicting and assessing heavy metal pollution in paddy soils using machine learning models,利用机器学习模型预测和评估水稻土重金属污染的通用方法论框架,稻田重金属污染对生态和人类健康构成严重威胁。目前关于重金属污染的研究主要集中在源解析，而对其空间分布和驱动机制的稳健、准确预测仍然缺乏。本文开发了一个通用的方法学框架，利用随机森林(RF)、Extra Trees回归(ETR)、极限梯度提升回归(XGBR)和梯度提升回归树(GBRT)预测和评估中国湖南省稻田的重金属污染。结果表明，RF在预测As、Cr、Cu和Hg方面表现优异，而ETR在预测Cd、Zn和Pb方面表现良好。GBRT在预测Ni方面表现良好。Shapley加性解释表明，不同重金属的驱动因素及其对预测模型的贡献存在显著差异。气候变量是重金属含量的潜在有价值预测因子。污染负荷指数的可视化空间分布显示，79.8%的研究区域为中度污染，其余20.2%处于重度污染状态。土壤污染状况从西向东恶化。这些发现为有效的土壤污染控制和土壤保持工作提供了有价值的信息。
P01507,Responses of ammonia-oxidizing microorganisms to biochar and compost amendments of heavy metals-polluted soil,重金属污染土壤中生物炭和堆肥改良对氨氧化微生物的响应,"重金属污染影响土壤生态功能。生物炭和堆肥能有效修复重金属并增加土壤养分。生物炭和堆肥改良对重金属污染土壤氮素循环功能的影响机制尚不完全清楚。本研究考察了生物炭、堆肥及其联合施用对重金属污染土壤中氨氧化微生物的影响。使用定量PCR测定氨氧化古菌(AOA)和细菌(AOB)的丰度。通过酶联免疫吸附试验评估氨单加氧酶(AMO)活性。结果表明，堆肥而非生物炭改善了土壤中的氮转化。生物炭、堆肥或其联合施用显著降低了有效锌和镉的形态。添加堆肥明显增加了砷和铜的有效形态、细菌16S rRNA丰度和AMO活性。受堆肥添加刺激，AOB在整个修复过程中的丰度显著高于AOA。相关分析显示，AOB丰度与NO3-N呈正相关(r = 0.830, P < 0.01)，AMO活性与EC(r = -0.908, P < 0.01)和水溶性碳(r = -0.868, P < 0.01)显著相关。"
P01576,Converting loess into zeolite for heavy metal polluted soil remediation based on soil for soil-remediation strategy,基于“以土治土”策略将黄土转化为沸石用于重金属污染土壤修复,土壤侵蚀和土壤污染对中国黄土高原（CLP）构成了严重的环境威胁，急需绿色、高效且可行的修复技术。本文首次提出了一种独特的“以土治土”策略，通过将黄土转化为沸石来修复黄土高原的重金属污染土壤。通过简单的无模板路线，可将天然黄土转化为钙霞石（CAN）型沸石。在 240 °C 下水热处理 48 小时，前驱体碱度为 Na/(Si+Al)> 2.0，获得了高结晶度的 CAN。合成的 CAN 沸石对 Pb(II) 和 Cu(II) 污染土壤表现出优异的修复性能。植物测定实验表明，CAN 能显著抑制蔬菜对 Pb(II) 和 Cu(II) 离子的吸收和积累，去除效率分别高达 90.7% 和 81.4%。这项工作展示了一种利用天然黄土修复黄土高原土壤的“以土治土”策略，为利用当地黄土作为原料开发绿色可持续的修复生态材料铺平了道路。
P01577,Cadmium concentration and its typical input and output fluxes in agricultural soil downstream of a heavy metal sewage irrigation area,重金属污灌区下游农田土壤中的镉浓度及其典型输入输出通量,污灌区农田土壤重金属污染是一个严重的环境问题。许多先前的研究表明，灌溉区周围的土壤受到重金属污染，即使它们没有用污水灌溉。在本研究中，选取张士污灌区下游的一块稻田作为研究区。系统研究了表层土壤中镉的浓度及其典型的输入输出通量。结果显示，95.5%的土壤样品超过了镉浓度的筛选值。灌溉水和大气沉降带来的镉输入通量分别占总输入通量的56.95%和42.53%，是土壤中镉的主要来源。作物收割是主要的输出途径，占总输出通量的89.63%。对年质量平衡的估算表明，研究区域的镉处于积累状态，如果观察到的通量保持不变，表层土壤中镉浓度的年增加量将为2.46 µg kg^-1。这些结果将为制定控制和减少灌溉区周围农田土壤重金属污染和扩散的策略提供参考。
P01580,"Contamination, sources and health risk of heavy metals in soil and dust from different functional areas in an industrial city of Panzhihua City, Southwest China",中国西南攀枝花市工业区不同功能区土壤和灰尘中重金属的污染、来源及健康风险,城市土壤和灰尘中的重金属污染与人为排放密切相关，但在工业城市中，不同功能区的金属污染程度差异尚不明确。本研究评估了中国西南攀枝花市不同功能区土壤和灰尘中七种重金属的污染状况和健康风险，并通过空间分区和铅同位素识别了其来源。结果显示，钒/钢铁厂（VsA）中V和Cr的污染以及铁矿冶炼区（IsA）中Cd、Pb和Zn的污染显著高于其他功能区。土壤和灰尘中污染重金属的主要来源为钒/钢铁产品的冶炼和制造、燃煤和交通。尽管Cr的污染水平较低，但V和Cr是造成非致癌和致癌风险的主要金属。结果表明，VsA是攀枝花市的优先控制区，除了V之外，未来还应更多关注土壤和灰尘中Cr的风险监测，因为其对健康风险的贡献较高。
P01780,"Occurrence and distribution of natural and synthetic progestins, androgens, and estrogens in soils from agricultural production areas in China",中国农业产区土壤中天然及合成孕激素、雄激素和雌激素的发生与分布,"具有生物效力的性激素在农业土壤中的发生日益受到关注，因为它们可以通过径流迁移到地表水，破坏水生生物的内分泌系统。因此，这项研究调查了中国7个省和1个直辖市土壤中34种天然和合成性激素（13种孕激素、16种雄激素和5种雌激素）的大规模发生情况。在99.3%的土壤样本中检测到了目标性激素，表明它们在大多数农业区域广泛存在。此外，首次在土壤中检测到了七种合成孕激素。采样土壤中34种性激素的总浓度（Σsex hormones）范围从低于方法检测限到23.7 ng/g（平均值为4.72 ± 4.07 ng/g），其中雄激素和孕激素是最主要的激素组。Σestrogens、Σandrogens和Σprogestins的浓度之间存在显著相关性（r = 0.117 - 0.433, p < 0.001），表明性激素来源相似。Σsex激素的平均浓度在所选的省/直辖市之间差异很大。值得注意的是，各省的家禽和生猪年屠宰量（R² = 0.75–0.88）、女性人口数量（R² = 0.57 – 0.58）和土壤有机碳含量（R² = 0.20 – 0.55）与Σsex激素、Σestrogens或Σprogestin"
P01784,Striking a balance between N sources: Mitigating soil acidification and accumulation of phosphorous and heavy metals from manure,氮源平衡：缓解施用粪肥引起的土壤酸化及磷和重金属的积累,施用粪肥已被证明可有效防止化学氮肥引起的红壤（铁质雏形土）酸化。然而，目前尚缺乏关于需要多少粪肥才能在缓解酸化和保持土壤生产力的同时，防止长期投入导致的其他养分和重金属积累的信息。本研究在中国南方进行了一项为期9年的玉米田间试验，测定了粪肥与尿素氮不同配比对酸化及土壤磷、钾和重金属变化的影响。处理包括仅施用化学氮磷钾肥（NPKM0），以及施用氮磷钾肥加猪粪，猪粪分别提供了总氮的20%（NPKM20）、40%（NPKM40）和60%（NPKM60），用量为每年225 kg N ha−1。2009年至2018年间每年测定土壤pH值、交换性酸、有效磷和钾以及玉米产量。2018年测定了土壤交换性盐基、全量和植物有效态Cr、Pb、As、Ni、Cd、Cu和Zn。NPKM0和NPKM20处理下的土壤pH值显著下降，从初始的4.93分别降至4.46和4.71。而在NPKM40和NPKM60处理下，土壤pH值无变化或显著增加（至5.47），交换性盐基增加，产量增加。施用粪肥显著增加了土壤有效磷（但不包括钾）至67.6–182.6 mg kg−1，并显著增加了土壤中全量Pb、Cu和Zn以及有效Cu和Zn。
P01789,Distribution characteristics of microplastics in agricultural soils from the largest vegetable production base in China,中国最大蔬菜生产基地农业土壤中微塑料的分布特征,研究区域位于中国北方最大的温室蔬菜生产基地山东省寿光市。采集设施农业土壤、露天农业土壤和农用塑料地膜样品，以调查微塑料的分布特征、影响因素和排放源。所有采样点三个土层的微塑料丰度范围为每公斤310至5698个，平均值为1444 ± 986个/公斤。微塑料的主要尺寸类别小于0.5毫米，且设施农业土壤10-25厘米层中<0.5毫米微塑料的贡献率显著高于0-5厘米土层（p < 0.05），表明小尺寸微塑料倾向于向更深层土壤迁移。微塑料的主要形状为碎片和薄膜，聚丙烯、乙丙共聚物和聚乙烯在化学成分中占主导地位。粉粒和砂粒的比例与微塑料丰度相关，根据国际分类标准，砂壤土中的微塑料丰度显著高于粉壤土或壤土（p < 0.05）。因此，土壤质地可能影响当地农业土壤中微塑料的分布。此外，设施农业土壤的种植年限与微塑料丰度有关，而不同灌溉方式下设施农业土壤的微塑料丰度无显著差异。
P01790,"Quantitative source apportionment, risk assessment and distribution of heavy metals in agricultural soils from southern Shandong Peninsula of China",中国山东半岛南部土壤重金属定量源解析、风险评估及分布研究,该研究在中国山东半岛东部的一个烟草种植区采集了表层和剖面土壤样品，检测了镉、铬、铜、汞、镍、铅、锌以及类金属砷，旨在评估其污染水平、生态和健康风险，并分析其空间和垂直分布特征。利用正定矩阵因子分解（PMF）受体模型定量识别了重金属来源。结果表明，大多数土壤中As、Cr、Cu、Ni、Pb和Zn没有累积，未受到污染。土壤中Cd和Hg的高累积对当地农业环境构成了生态风险，而Cr和Ni水平对人类构成致癌健康风险。识别出土壤中重金属的四个主要来源。相应地，Ni和Cr主要来自自然源，Hg来自燃煤，Cd来自农业活动，Cu、Pb和Zn来自农业活动和工业活动，As来自工业活动。
P01794,Heavy metals in soil-vegetable system around E-waste site and the health risk assessment,电子废弃物场地周边土壤-蔬菜系统中的重金属及健康风险评估,调查电子废物拆解场周围的农田质量并采取积极措施确保当地食品安全刻不容缓。研究从中国一个历史上著名的电子废物活动城市的菜地中采集了11种蔬菜（n = 184）及其相应的土壤。内梅罗综合污染指数分析表明，当地菜地受到了一定程度的重金属污染，特别是镉、铜和锌。使用USEPA提供的人类健康风险模型评估了当地居民食用蔬菜相关的非致癌和致癌风险。结果表明，成人和儿童都面临潜在的健康风险。食用生菜和红薯带来的健康风险最大，而卷心菜和豇豆则相对安全。计算了各种蔬菜中重金属的生物富集因子，不同蔬菜对金属的富集表现出巨大差异。综合污染状况和健康风险评估，选择卷心菜和豇豆作为重金属低积累作物。这项研究表明需要调整种植结构并对当前协议应用改良剂，以减轻土壤污染造成的不利影响。
P01796,"Spatial distribution, ecological risk and sources of heavy metals in soils from a typical economic development area, Southeastern China",中国东南部典型经济开发区土壤重金属的空间分布、生态风险及来源,土壤重金属分布、生态风险及来源的识别与量化对于区域污染控制和管理至关重要。本研究结合空间分析（SA）、地理探测器模型（GDM）和正定矩阵因子分解（PMF）模型，评估了中国东南部典型沿海经济开发区土壤重金属的状况、生态风险及来源。表层土壤（0-20 cm）中 Cd、Pb、Cr、Cu 和 Zn 的平均含量分别为 0.45、41.72、90.50、47.86 和 145.33 mg/kg。相应地，Cd 的平均含量超过了中国农用地土壤污染的风险筛选值。结果表明，工业和居住用地土壤中重金属的富集程度高于农业和休闲用地。工业生产是影响重金属空间分布的主要驱动因素。土壤有机质和 pH 值是影响重金属潜在生态风险的最重要因素，其次是距离工业企业和道路的距离。研究区重金属主要来源于工业排放/大气沉降、农业来源，其次是自然来源。因此，对重金属（特别是 Cd）进行定期监测和源头控制，并在研究区实施综合土壤环境管理，对于确保土壤健康和生态系统安全至关重要。
