site_id,Latitude,Longitude
13,34.2208333333,92.4436111111
16,34.1286111111,93.0163888889
24,34.0236111111,95.8216666667
25,34.0236111111,95.8222222222
27,27.8357601253,99.7074445739
28,27.8294729987,99.7123210254
33,26.883161684,100.232480339
34,26.8273918036,100.243527341
38,25.1985870712,101.28042055
42,27.4260770829,101.513276699
47,26.5887669572,101.609356335
49,26.576305,101.701205
51,26.5880331733,101.725541171
52,26.5880331733,101.7255412
54,26.623695,101.73253
55,26.4975266073,101.740992116
56,26.583735,101.750803
58,26.549398,101.762249
64,26.6611997784,102.251436345
66,25.5360895878,102.41053182
68,24.76657,102.645509
69,24.988169,102.648096
70,29.3666666667,102.65
71,25.012009,102.65672
72,24.704083,102.657583
73,29.350217386,102.65857589
74,25.0431987609,102.671557124
75,24.95253,102.678567
76,24.8647,102.692652
77,24.913998,102.699264
78,25.049834962,102.713423281
79,24.821369,102.715458
80,25.0515622673,102.716416075
81,24.815907,102.728297
82,24.872044,102.728297
83,25.0211964239,102.750481707
84,25.0438700167,102.754174102
86,24.878862,102.767391
87,24.9030239848,102.784586953
92,24.92437,103.012546
93,30.0167925457,103.049542624
94,26.4242150456,103.303487292
97,30.42,103.47
98,29.6069755275,103.491545574
99,30.2025004281,103.512571324
103,29.743846303,103.5784101
110,30.6365958914,103.679433369
111,30.6365958914,103.679433369
113,27.3261442061,103.713470423
119,25.4964069315,103.802434828
120,30.0482721344,103.838524802
121,29.8370547437,103.853558832
122,30.0825261194,103.8565633
123,30.1988544169,103.87955823
125,30.5803993528,103.930391542
126,30.7153286424,103.943323908
128,30.8054851023,104.041456419
129,30.8054851023,104.041456419
130,30.7551110739,104.052871097
131,30.6636068845,104.063684
132,30.6780866109,104.067309921
134,30.577543147,104.0734665
135,30.577543147,104.073466547
136,30.6301420379,104.083991903
137,30.6632626183,104.084776932
138,30.6418046947,104.087619563
139,30.5929208526,104.091336988
140,30.665589284,104.10859155
142,30.6932901185,104.171479584
144,26.8492261429,104.235119
146,26.8333333333,104.25
147,30.8844213727,104.257512458
150,31.2485557647,104.288372307
154,31.1727550384,104.38972129
155,31.1331150037,104.404419365
156,31.1426112081,104.41689593
165,28.772051773,104.626437986
166,27.1290516751,104.733515823
167,27.1290516751,104.733515823
169,31.7841281934,104.752411601
172,26.5807040796,104.850529817
176,29.5858865383,105.064588
177,28.7296097219,105.073594885
179,29.5436947311,105.095451377
182,27.2902150834,105.298588795
184,29.4113073967,105.601419799
188,26.3082334513,105.748485706
189,26.376549,105.774537
190,26.6692218857,105.777589547
192,30.1973142397,105.847399036
193,29.3620463359,105.933499361
194,26.2592523787,105.954417124
196,29.8505087787,106.063449494
197,29.8505087787,106.063449494
201,29.210187244,106.153695691
203,30.1333333333,106.216667
204,29.5950298581,106.217716398
206,27.4747222222,106.259444444
208,29.2958843745,106.265597608
209,29.2958843745,106.265597608
211,29.9781812395,106.282541088
219,26.6098815398,106.36544732
221,26.4954999445,106.388040961
222,29.8111565129,106.40228117
223,27.7977521585,106.407526555
224,27.7977521585,106.407526555
225,31.0346307783,106.418481942
226,31.0318051184,106.422395141
227,26.4417292757,106.438735665
228,29.5327181114,106.443698084
229,29.5199070979,106.445364942
230,29.5067381157,106.450186664
231,29.5585932479,106.451841224
232,29.5690326285,106.459376287
233,29.4829645878,106.46110202
234,29.5471925165,106.464465111
235,29.5242400749,106.468635943
237,29.5656111533,106.47674785
238,26.5619878985,106.47752261
239,29.4766368233,106.479533633
240,29.4830134139,106.479649495
241,29.468551406,106.480606148
242,29.4909435575,106.483322143
244,29.5340387381,106.486122538
245,29.5290923964,106.494585045
246,29.5742043246,106.49469261
247,29.5221739633,106.499158608
249,29.5793263091,106.504710186
251,29.522302388,106.509124374
252,29.5259050982,106.515004318
253,33.9165830163,106.522557822
254,33.9165830163,106.522557822
255,29.5264214955,106.52526036
256,29.5705221116,106.527105977
257,29.5814186725,106.528371258
258,29.5253592572,106.531034553
259,29.5547775966,106.531646595
260,29.5758523375,106.532289239
261,29.5893682012,106.533470635
262,29.574975645,106.538202429
263,26.671595,106.539057
264,29.5927315834,106.539228114
266,29.5733197434,106.543599663
268,29.5641651448,106.550169299
269,29.5689962453,106.558434155
270,29.5689962453,106.558434155
271,29.5689962453,106.558434155
272,29.5291439977,106.56256607
273,29.5200030993,106.563006205
274,29.5905950541,106.569217923
275,29.5845316313,106.572888493
276,29.559090183,106.575440067
277,29.5908759213,106.576308788
278,29.6149263915,106.577998111
279,29.5748839104,106.578208428
280,29.5852783149,106.578389114
283,29.5469573342,106.592669477
284,29.534310382,106.597221426
286,26.8448624476,106.598492203
290,26.6835884991,106.62959684
291,29.4992115156,106.630457703
295,29.723927343,106.637559061
296,30.4617461107,106.639552682
298,26.622,106.642
299,26.676,106.645
301,29.0341137483,106.657484195
304,26.4563413741,106.669280204
310,33.159804747,106.679425949
311,26.5420429587,106.693353984
312,26.5103598172,106.693914796
313,26.599,106.699
314,26.5769334167,106.70454157
315,26.574,106.711
316,26.5843392447,106.712179054
317,26.5669263068,106.712299876
318,26.5882505213,106.714463534
319,26.604029545,106.714475931
320,26.5795734028,106.716294011
323,26.5914657843,106.718897211
324,26.5743361815,106.720527635
326,26.5923255361,106.726650755
330,26.6365291356,106.757558034
331,31.8576856026,106.775513108
333,27.542500878,106.836503548
336,28.9681106642,106.93013438
338,33.0056145997,106.942433183
339,27.063673574,106.971559559
342,26.4590806306,106.986585965
343,33.0737999078,107.0294302
344,33.0737999078,107.029430209
354,26.590659655,107.240554359
355,30.3332939685,107.339565875
356,30.3332939685,107.339565875
357,33.1623993852,107.34061258
359,29.709278198,107.396419798
362,27.7727848045,107.483146164
366,27.8752596107,107.59069112
369,29.8694127892,107.737480618
370,29.8694127892,107.737480618
371,32.9893974419,107.773392819
372,30.660553255,107.776097258
381,26.583442,107.982859
382,26.5730794257,107.987468891
383,32.0874208478,108.041540697
384,30.3052683894,108.044537534
385,30.321705,108.050388
389,30.383717,108.131833
397,31.1666441132,108.399497656
407,29.5388125677,108.777591198
414,28.4534478643,109.0135739
415,26.2368740502,109.143566971
418,27.7377864564,109.196438898
433,31.0246017665,109.470472756
435,30.3010371437,109.486550269
436,30.3010371437,109.486550269
444,28.7038888889,109.646388889
446,30.6079070263,109.728556109
452,33.8786338522,109.924417881
453,33.8786338522,109.9244179
456,27.575160903,110.0085143
462,33.698106,110.329212
466,29.1228155626,110.485532547
467,29.1261905584,110.544431924
469,32.0466655453,110.733591363
470,31.3544635177,110.75344607
471,32.6350618584,110.804529561
476,27.11994644,111.039506685
481,26.9965283322,111.280507681
482,30.6974464845,111.2925492
483,27.692058849,111.441539723
484,27.7489027778,111.474283333
486,27.2452702728,111.474432886
493,26.4258641179,111.619455058
494,32.2689830689,111.659575642
496,27.6981675323,111.670561994
498,29.0607834766,111.689544896
499,29.0377499994,111.70545218
500,33.0380555556,111.939444444
501,27.703208597,112.001503493
502,32.0147968047,112.1285372
503,32.0147968047,112.128537201
504,29.4173204322,112.177506156
505,31.0417325756,112.20639298
511,26.9752949509,112.377552684
518,32.9965622047,112.5345013
519,32.9924837975,112.541461834
520,28.2841045362,112.558406916
522,26.8995761392,112.578447213
525,26.8689576998,112.635948198
528,26.7445319568,112.684402528
529,26.7445319568,112.684402528
531,25.7309953534,112.731083872
537,29.234804,112.886217
538,29.234804,112.886217
539,28.6766763776,112.889521877
540,28.2387185474,112.925565254
543,28.2348893999,112.945473195
544,28.2348893999,112.9454732
545,27.8357022271,112.950464181
546,27.8357022271,112.950464181
547,27.7849825347,112.957505369
550,28.235894,112.976264
551,28.246472,112.977668
552,28.118269998,112.989602543
553,28.2494689327,113.006083844
556,25.7905372613,113.017410129
557,25.7766832736,113.021460499
558,25.7766832736,113.021460499
560,25.8067373741,113.048423408
561,25.8067373741,113.048423408
563,27.860286102,113.053995957
565,28.2518184879,113.087559166
567,28.190943003,113.095881158
573,29.150269316,113.122544483
574,27.8807051656,113.124567916
576,29.3631782939,113.135489424
579,27.833567639,113.140470798
583,25.8118410376,113.145191663
587,27.7043228049,113.150426718
588,25.796665,113.154437
597,25.9818736027,113.242556122
600,31.6965167723,113.389450018
602,29.4828013734,113.45656151
607,27.6213077039,113.877439919
612,30.922977925,113.917489897
615,30.5881136219,114.035479631
616,30.5881136219,114.035479631
618,30.6259198181,114.143458738
619,30.6259198181,114.143458738
623,30.5984667364,114.311581555
626,30.5595669835,114.322548518
627,29.8470559476,114.3285191
628,30.3815642182,114.328551264
629,30.3815642182,114.328551264
633,30.5516000647,114.348440737
634,30.5063339568,114.350455546
635,30.5063339568,114.350455546
636,30.7291445284,114.355970154
650,30.6166666667,114.433333333
652,30.5101431156,114.437763296
654,24.748206355,114.536582367
656,30.256907,114.558862
658,30.0201445246,114.629018737
665,25.6670529306,114.771538215
667,24.9165994612,114.796554137
668,30.8472438705,114.807543393
674,30.4593588576,114.878490484
676,30.4063894563,114.898599682
680,25.8237470139,114.927550885
681,25.39197512,114.929521139
683,30.0662542718,114.938938091
684,25.8351761035,114.940503373
690,30.1479839465,114.969908521
694,27.1197268261,115.0005107
695,27.1197268261,115.00051072
696,25.8663846166,115.018570164
699,30.2052078489,115.045532909
700,30.24,115.05
701,30.239629,115.062241
702,30.094874,115.120196
703,29.8471314429,115.214390974
704,29.8365418081,115.221426772
705,30.4574608423,115.271569033
710,29.3191724963,115.762577958
711,28.1666140244,115.777478421
712,25.6066618338,115.792459642
713,29.2487411737,115.821420024
714,28.6987486252,115.821450925
716,28.6894552951,115.864589442
717,28.6816905168,115.915423204
718,28.7286145991,115.922581171
722,26.4759795033,116.015494437
723,25.891666274,116.033420663
724,29.3125,116.051388889
725,29.4545391657,116.051425939
727,29.2789650448,116.210552047
730,29.7371315146,116.258471346
731,29.147445,116.278506
734,27.9548922534,116.364538769
738,28.2153537614,116.824593629
741,27.2883402348,116.914507003
742,31.0410994545,116.943654068
745,27.7118457857,117.066570274
747,30.502201,117.117983
750,31.7129621327,117.164557814
754,31.8265778337,117.233442665
764,31.8938903545,117.475400625
766,30.6805419637,117.502082006
773,31.542279,117.565818
781,30.9585120991,117.798568009
783,30.9512332399,117.818476794
784,30.9512332399,117.818476794
785,30.9512332399,117.818476794
787,30.6456343462,117.853431299
790,30.9568093228,117.94404104
794,31.971929115,118.129331936
795,32.171364886,118.177314378
797,32.261270872,118.3394061
798,31.3175662725,118.379579706
799,31.3458665956,118.392606304
800,31.3758045195,118.397588486
801,31.383291,118.424783
804,31.6762655976,118.513579579
805,31.6762655976,118.5135796
809,32.061707,118.763232
810,30.9466015453,118.765534243
811,32.0667769443,118.769551645
812,32.05,118.783333333
813,32.0455947327,118.790903289
814,32.060255,118.796877
815,32.0646528856,118.8024217
816,32.0646528856,118.802421721
817,32.0646528856,118.802421721
818,32.0925438315,118.802898147
820,32.0547566829,118.804412636
822,32.0825350256,118.816869
824,31.9585268692,118.846567059
827,31.937768668,118.873331712
832,31.6572836963,119.034403909
833,32.182960429,119.067031084
835,31.9509234905,119.175433203
836,31.9509234905,119.175433203
838,32.2014948432,119.418440474
839,32.1947159205,119.4304894
840,32.1947159205,119.430489446
841,32.1947159205,119.430489446
842,32.1379203957,119.440500791
843,32.2037854835,119.475603696
844,31.626647,119.563966
846,32.0159202742,119.612500605
847,32.0159202742,119.612500605
848,30.6444247941,119.686563379
850,30.2333333333,119.7
856,32.2429671941,119.803519612
857,32.2429671941,119.803519612
858,31.3429566243,119.831606032
859,31.3429566243,119.831606032
860,31.3429566243,119.831606032
862,31.0325793268,119.917498322
863,32.4606750493,119.929566338
864,31.7064466117,119.948611672
867,31.8157956533,119.981484713
868,31.8157956533,119.981484713
869,30.5486282391,119.983464668
887,30.2926181461,120.079082643
888,30.8989639373,120.094516609
889,30.8989639373,120.094516609
890,30.6861410847,120.111468173
892,30.3333333333,120.133333333
894,30.2715483933,120.159533087
896,31.205688,120.207156
897,31.9260449098,120.291568008
898,30.4247392687,120.306592167
899,31.4988097327,120.318583288
900,31.4988097327,120.3185833
901,31.531337,120.340332
903,31.7091084776,120.498319668
904,31.5301506132,120.552491533
905,31.8811405363,120.561553639
906,31.8811405363,120.561553639
907,30.6363111877,120.571543155
908,31.3019328766,120.578471786
909,31.3035640744,120.59241223
910,31.3035640744,120.59241223
911,31.341831301,120.623454973
912,31.2682614458,120.638507519
914,31.1446441905,120.651567175
915,30.5179237698,120.686565067
916,30.5179237698,120.686565067
917,30.7702072142,120.715437056
918,31.3304431437,120.729889713
919,31.2800418908,120.742213028
920,31.6595382767,120.759495887
921,31.6595382767,120.759495887
922,31.6595382767,120.759495887
923,30.7509748309,120.763551826
924,30.7509748309,120.763551826
925,30.7515468133,120.789610052
926,31.9865494312,120.9015917
927,31.9865494312,120.901591739
928,30.8371221938,120.932510606
929,30.5318728945,120.952445263
930,31.3908634251,120.987452498
931,31.3908634251,120.987452498
934,31.155454318,121.130553105
936,31.464599353,121.135595294
937,31.0371351765,121.234479596
939,31.283333,121.266667
940,31.3801553397,121.272595058
941,31.0726,121.322562
942,31.4910277778,121.324694444
943,31.4919638889,121.326405556
944,31.4950277778,121.331263889
947,31.4754722222,121.334833333
949,31.1333333333,121.35
950,31.1,121.36
951,31.4011376164,121.362304338
952,31.2741558663,121.370230986
953,31.0363941136,121.375347105
954,31.1188425801,121.388611934
955,31.6285699844,121.403556863
956,31.6285699844,121.403556863
957,31.2549733683,121.403569349
958,31.0718745829,121.407140922
959,31.1415550228,121.421193834
960,31.4264864582,121.428218852
961,31.2268479682,121.430454375
962,31.4230700625,121.43639399
963,31.1945567728,121.443396353
964,31.0452130027,121.461447982
965,31.41,121.48
968,31.2359290423,121.48053886
969,31.2333333333,121.483333333
970,31.2372471521,121.491585593
972,31.2273482924,121.550454607
973,31.2151954707,121.716810367
976,30.865465177,121.812320095
1168,36.27209334595373,114.82285656563306
1204,37.34301984452147,114.6072687829078
1218,30.13629992125776,96.81556781954032
1248,36.942312383120594,95.696879238363
1347,45.6833333333333,126.616666666667
1348,45.6833333333333,126.616666666667
1349,45.6833333333333,126.616666666667
1350,45.6833333333333,126.616666666667
1351,45.6833333333333,126.616666666667
1352,45.6833333333333,126.616666666667
1353,45.6833333333333,126.616666666667
1354,45.6833333333333,126.616666666667
1355,45.6833333333333,126.616666666667
1356,45.6833333333333,126.616666666667
1413,28.2,113.08
1414,28.2,113.08
1415,28.2,113.08
1416,28.2,113.08
1417,28.2,113.08
1418,28.2,113.08
1419,28.2,113.08
1420,28.2,113.08
1421,28.2,113.08
1422,28.2,113.08
1423,28.2,113.08
1424,28.2,113.08
1425,28.2,113.08
1426,28.2,113.08
1427,28.2,113.08
1428,28.2,113.08
1429,28.2,113.08
1430,28.2,113.08
1431,28.2,113.08
1432,28.2,113.08
1433,28.2,113.08
1434,28.2,113.08
1435,28.2,113.08
1436,28.2,113.08
1437,28.2,113.08
1438,28.2,113.08
1439,28.2,113.08
1440,28.2,113.08
1441,28.2,113.08
1442,28.2,113.08
1443,28.2,113.08
1444,28.2,113.08
1445,28.2,113.08
1446,28.2,113.08
1447,28.2,113.08
1448,28.2,113.08
1449,28.2,113.08
1450,28.2,113.08
1451,28.2,113.08
1452,28.2,113.08
1453,40.22,116.23
1454,40.22,116.23
1455,40.22,116.23
1456,40.22,116.23
1457,40.22,116.23
1458,40.22,116.23
1459,40.22,116.23
1460,40.22,116.23
1461,40.22,116.23
1462,40.22,116.23
1463,40.22,116.23
1464,40.22,116.23
1465,40.22,116.23
1466,40.22,116.23
1467,40.22,116.23
1468,40.22,116.23
1469,40.22,116.23
1470,40.22,116.23
1471,40.22,116.23
1472,40.22,116.23
1473,40.22,116.23
1474,40.22,116.23
1475,40.22,116.23
1476,40.22,116.23
1477,40.22,116.23
1478,40.22,116.23
1479,40.22,116.23
1480,40.22,116.23
1481,40.22,116.23
1482,40.22,116.23
1483,40.22,116.23
1484,40.22,116.23
1485,40.22,116.23
1486,40.22,116.23
1487,40.22,116.23
1488,40.22,116.23
1489,40.22,116.23
1490,40.22,116.23
1491,40.22,116.23
1492,40.22,116.23
1756,30.92,121.47
1757,30.22,121.17
1764,35.77,109.44
1765,35.77,109.44
1766,35.77,109.44
1767,35.77,109.44
1768,35.77,109.44
1769,35.77,109.44
1811,36.09,103.7
1812,36.09,103.7
1813,36.09,103.7
1843,35.58,104.63
1844,35.58,104.63
1845,35.58,104.63
1891,35.58,104.63
1892,35.58,104.63
1893,35.58,104.63
1894,35.58,104.63
1895,35.58,104.63
1896,35.58,104.63
1897,35.58,104.63
1898,35.58,104.63
1899,35.58,104.63
1900,35.58,104.63
1901,35.58,104.63
1902,35.58,104.63
1903,35.58,104.63
1904,35.58,104.63
1905,35.58,104.63
1906,35.58,104.63
1907,35.58,104.63
1908,35.58,104.63
1909,35.58,104.63
1910,35.58,104.63
1911,35.58,104.63
1912,35.58,104.63
1913,35.58,104.63
1914,35.58,104.63
1915,35.58,104.63
1916,35.58,104.63
1917,35.58,104.63
1918,35.58,104.63
1919,35.58,104.63
1920,35.58,104.63
1921,35.58,104.63
1922,35.58,104.63
1923,35.58,104.63
1924,35.58,104.63
1925,35.58,104.63
1926,35.58,104.63
1927,35.58,104.63
1928,35.58,104.63
1929,35.58,104.63
1930,35.58,104.63
1931,35.58,104.63
1932,35.58,104.63
2011,38.87,115.46
2012,38.87,115.46
2013,38.87,115.46
2014,38.87,115.46
2015,38.87,115.46
2016,38.87,115.46
2017,38.87,115.46
2018,38.87,115.46
2019,38.87,115.46
2020,38.87,115.46
2021,38.87,115.46
2022,38.87,115.46
2023,38.87,115.46
2024,38.87,115.46
2025,38.87,115.46
2026,38.87,115.46
2027,38.87,115.46
2028,38.87,115.46
2029,38.87,115.46
2030,38.87,115.46
2031,38.87,115.46
2032,38.87,115.46
2033,38.87,115.46
2034,38.87,115.46
2104,25.23,110.18
2105,25.23,110.18
2106,39.8166666666667,110.0
2107,39.8166666666667,110.0
2108,39.8166666666667,110.0
2109,28.7666666666667,115.916666666667
2110,28.7666666666667,115.916666666667
2111,28.7666666666667,115.916666666667
2112,28.7666666666667,115.916666666667
2113,28.7666666666667,115.916666666667
2114,28.7666666666667,115.916666666667
2115,28.7666666666667,115.916666666667
2116,28.7666666666667,115.916666666667
2117,28.7666666666667,115.916666666667
2118,28.7666666666667,115.916666666667
2119,28.7666666666667,115.916666666667
2120,28.7666666666667,115.916666666667
2159,35.58,104.63
2160,35.58,104.63
2161,35.58,104.63
2162,35.58,104.63
2163,35.58,104.63
2164,35.58,104.63
2165,35.58,104.63
2166,35.58,104.63
2167,35.58,104.63
2168,35.58,104.63
2169,35.58,104.63
2170,35.58,104.63
2171,35.58,104.63
2172,35.58,104.63
2212,35.58,104.63
2213,35.58,104.63
2214,35.58,104.63
2215,35.58,104.63
2216,35.58,104.63
2217,35.58,104.63
2218,35.58,104.63
2219,35.58,104.63
2220,35.58,104.63
2221,35.58,104.63
2222,35.58,104.63
2223,35.58,104.63
2224,35.58,104.61
2225,35.58,104.61
2226,35.58,104.61
2227,35.58,104.61
2228,35.58,104.61
2229,35.58,104.61
2230,35.58,104.61
2231,35.58,104.61
2232,35.58,104.61
2233,35.58,104.61
2234,35.58,104.61
2235,35.58,104.61
2236,45.75,127.47
2237,45.75,127.47
2238,45.75,127.47
2239,45.75,127.47
2240,45.75,127.47
2241,45.75,127.47
2242,45.75,127.47
2243,45.75,127.47
2244,45.75,127.47
2245,45.75,127.47
2246,45.75,127.47
2247,45.75,127.47
2248,45.75,127.47
2249,45.75,127.47
2250,45.75,127.47
2251,45.75,127.47
2252,45.75,127.47
2253,45.75,127.47
2254,45.75,127.47
2255,45.75,127.47
2256,47.92,123.51
2257,47.92,123.51
2258,47.92,123.51
2259,47.92,123.51
2260,47.92,123.51
2261,47.92,123.51
2262,47.92,123.51
2263,47.92,123.51
2264,47.92,123.51
2265,47.92,123.51
2266,47.92,123.51
2267,47.92,123.51
2270,24.68861111111111,118.00583333333331
2273,24.48055555555555,118.07777777777775
2274,24.600833333333338,118.08194444444445
2275,24.469166666666663,118.10305555555556
2276,24.43027777777778,118.11361111111113
2277,24.47305555555555,118.09333333333332
2279,24.579722222222223,117.93972222222224
2280,24.57777777777778,117.93944444444443
2283,24.485833333333336,118.14027777777778
2284,24.565555555555555,118.03055555555557
2285,24.60333333333333,118.06555555555556
2286,24.47805555555556,118.09
2287,24.459722222222226,118.08416666666666
2288,24.578611111111112,117.93972222222224
2289,24.58,117.93944444444443
2455,31.874019444444446,105.97672777777778
2522,41.06,122.96
2529,41.0,121.22
2530,42.53,123.63
2534,42.41,123.68
2536,46.59,125.08
2539,43.89,125.32
2540,43.86,125.37
2541,43.8,125.22
2542,43.83,125.28
2543,43.87,125.42
2544,43.87,125.25
2545,43.86,125.34
2546,43.16,124.35
2548,37.03,111.91
2549,36.07,111.54
2550,38.03,114.55
2552,28.94,117.57
2560,30.92,117.8
2561,36.64,117.1
2562,31.4,121.48
2563,36.11,120.45
2568,24.64,110.64
2569,24.49,110.4
2570,23.92,109.28
2571,25.87,110.86
2577,30.54,114.25
2579,34.7,112.46
2580,25.82,113.14
2586,27.69,111.44
2595,44.15,87.89
2597,40.75,107.43
2600,36.05,103.89
2604,25.68,105.17
2613,27.02,106.04
2620,40.13333,116.43333
2621,39.91013,116.35841
2622,29.56241,106.53506
2623,29.3925,106.52839
2624,29.56749,106.54795
2625,25.67015,116.43009
2626,26.27987,117.636
2629,39.77477,98.28908
2631,23.95174,115.54076
2632,24.01558,115.48458
2633,22.6476,110.16089
2638,27.13065,104.72506
2639,27.12515,104.72712
2640,27.13095,104.73193
2649,34.36335,107.21531
2650,34.89945,108.94376
2651,28.75502,104.6433
2653,31.19959,121.50496
2654,35.91408,112.85077
2655,35.59172,112.52947
2658,30.13243,121.24253
2660,26.45398,99.41886
2662,25.72422,112.71765
2664,31.13173,104.40012
2666,36.7399,117.1458
2669,36.26128,120.34594
2671,31.21985,121.49346
2672,38.86105,110.48705
2673,35.12103,109.1009
2679,27.88318,113.0797
2680,45.75,126.78
2684,47.32,130.25
2691,37.03,111.91
2693,39.85,116.47
2694,39.98,116.28
2695,39.73,116.34
2696,39.91,116.66
2697,39.75,116.14
2698,40.13,116.66
2699,40.14,117.12
2700,40.46,115.97
2701,40.32,116.63
2702,40.37,116.84
2704,38.42,115.83
2707,36.88,116.26
2709,37.43,112.56
2711,37.41,112.63
2712,37.39,112.57
2713,37.43,112.52
2721,37.87,112.55
2722,37.74,112.57
2723,37.72,112.47
2724,37.61,112.36
2725,39.09,117.2
2727,39.33,117.83
2728,38.95,116.98
2729,39.72,117.31
2730,40.03,117.41
2731,39.38,117.05
2732,39.09,117.32
2733,39.23,117.14
2734,39.14,117.01
2736,30.93,117.81
2737,25.96,119.51
2738,26.09,119.56
2739,26.04,119.6
2740,26.09,119.37
2741,26.03,119.25
2744,25.97,119.51
2746,27.09,119.65
2747,26.08,119.3
2748,25.72,119.39
2749,25.45,119.01
2750,25.36,118.69
2752,23.96,117.34
2753,23.71,117.18
2754,24.49,117.95
2759,34.6,119.22
2760,33.96,118.27
2761,33.35,120.16
2762,33.61,119.01
2763,32.4,119.41
2766,31.3,120.59
2767,31.5,120.31
2770,27.97,116.36
2771,25.84,114.94
2772,28.39,114.78
2780,25.84,114.93
2782,35.42,119.53
2783,31.47,121.33
2784,31.41,121.34
2785,31.42,121.42
2786,31.35,121.4
2787,31.37,121.44
2788,31.29,121.42
2789,31.33,121.43
2791,31.46,121.13
2792,33.63,117.04
2793,36.65,117.12
2796,32.56,116.76
2797,32.95,117.16
2799,32.65,117.02
2800,32.96,117.28
2805,36.71,117.06
2806,36.94,116.64
2807,36.46,115.99
2808,36.2,117.09
2809,35.01,116.65
2810,24.51,117.65
2811,30.68,121.02
2815,24.35,114.13
2816,21.67,110.64
2817,20.92,110.1
2818,20.33,110.18
2819,21.38,110.25
2823,20.0,110.31
2829,32.55,111.51
2830,32.75,111.59
2831,31.08,109.89
2832,40.4,115.8
2833,40.53,116.94
2834,35.31,113.93
2835,34.72,111.1
2836,32.06,110.74
2840,30.57,112.88
2841,30.66,113.09
2844,36.73,104.82
2846,39.83,108.74
2847,42.94,119.0
2849,37.43,106.07
2851,34.16,108.22
2853,44.43,84.9
2854,43.98,81.53
2855,41.75,86.16
2857,43.84,81.15
2858,43.48,82.23
2859,43.43,83.26
2862,43.16,81.13
2863,38.47,106.29
2864,36.58,109.46
2865,35.99,109.38
2867,35.76,109.43
2868,35.77,109.44
2870,34.69,108.14
2872,35.19,109.94
2873,35.24,110.15
2874,34.52,107.4
2875,34.38,107.9
2876,34.9,108.95
2877,34.75,109.18
2878,34.54,110.25
2892,27.7,108.84
2897,30.08,103.85
2898,32.44,105.84
2899,28.75,104.64
2901,30.65,104.07
2902,29.55,103.77
2903,30.01,103.04
2905,29.34,104.78
2908,28.87,105.44
2909,29.91,107.24
2910,29.58,106.53
2912,31.83708,117.38063
2913,31.83673,117.30494
2914,31.87654,117.24273
2920,29.60869,106.57483
2921,29.60451,106.2264
2922,30.68044,107.79902
2923,28.8567,108.76149
2924,28.45662,109.00319
2925,29.32712,107.75899
2929,29.54479,106.45594
2931,29.03216,106.65212
2933,29.16895,107.09706
2934,29.52567,106.56179
2935,31.16816,108.3907
2937,29.36542,105.92427
2938,30.82206,108.40169
2940,29.85494,106.05336
2941,29.54598,106.45869
2942,29.40969,105.59489
2943,29.52687,106.56247
2944,29.51014,106.51087
2946,29.98111,106.27858
2947,29.70953,107.38545
2948,29.42885,105.74094
2949,29.48683,106.48214
2950,29.80967,106.39826
2951,29.40282,106.54024
2953,29.83099,106.41673
2958,24.51589,117.71565
2959,25.99014,117.38024
2961,24.97688,118.38686
2964,25.49566,118.2479
2965,25.44994,118.2957
2968,35.53223,105.72652
2970,36.10702,103.69779
2971,36.10655,103.69793
2972,36.09614,103.7044
2999,34.75233,106.13675
3010,34.62706,104.84174
3015,34.53912,105.9088
3020,36.06353,103.8357
3026,34.45038,105.94278
3033,23.42041,116.68263
3034,23.09426,113.65724
3035,23.10113,113.81285
3037,26.8328,106.88692
3052,35.36792,103.86302
3054,31.02563,114.10409
3063,30.85913,113.97937
3064,30.3942,114.89423
3065,29.993,109.48384
3070,46.0338,126.27838
3074,27.04445,111.28011
3075,28.24276,113.08405
3076,27.58742,110.0004
3081,19.32945,108.952
3087,44.44162,125.18289
3088,34.614,119.21792
3090,32.00924,120.89471
3091,31.40405,120.65026
3094,31.30202,120.63494
3095,31.18931,120.64318
3097,31.31493,120.58846
3098,31.41108,120.98397
3099,31.68611,120.75326
3100,32.41591,119.41155
3102,32.44489,119.39074
3106,32.46451,119.28053
3107,32.00458,120.89334
3110,28.33581,117.24291
3113,27.92299,115.4354
3116,42.38898,122.53835
3117,42.75105,123.35133
3118,41.69753,122.11812
3119,42.06765,121.75832
3120,42.78734,124.11722
3122,41.88234,123.35972
3124,42.50112,123.42118
3125,41.93842,123.39216
3127,41.85646,123.57798
3131,41.86164,123.51627
3132,41.76645,123.4519
3134,41.74066,123.45075
3135,41.71931,123.36993
3136,41.85639,123.68716
3137,41.81348,123.53
3138,41.68615,123.42185
3139,41.90611,123.23183
3143,34.5009,109.48679
3144,34.38226,107.15874
3146,32.99484,107.76723
3150,33.16055,106.67409
3151,33.16285,107.33052
3152,31.02602,103.6723
3153,31.74364,104.70261
3154,31.75423,104.74038
3159,32.43909,105.84345
3161,30.86517,106.1874
3164,30.88617,106.16728
3165,30.8458,106.15873
3167,28.94939,106.92626
3170,30.77547,106.10509
3171,30.57911,106.07161
3173,30.85862,106.11358
3177,29.60481,105.03641
3179,30.19855,103.87141
3180,28.59236,102.51213
3182,28.58746,102.49942
3183,28.63953,102.51445
3191,30.72767,103.90782
3193,36.48425,115.44413
3194,36.86754,116.22965
3195,36.43509,115.98845
3196,36.33615,116.2483
3197,36.57914,116.25712
3198,37.35815,120.85648
3199,36.85545,111.77607
3205,39.03092,117.00398
3206,43.98188,87.50499
3207,43.88466,87.5146
3211,43.88243,87.6473
3213,43.87389,87.57322
3216,43.50001,87.8944
3217,29.84541,121.54153
3218,29.28715,120.02596
3219,27.63313,120.32397
3221,30.33021,120.13462
3222,28.19483,121.30647
3223,28.16691,121.35145
3224,28.21585,121.2936
3225,28.36844,121.37135
3226,28.34201,121.6001
3227,28.46416,121.26124
3228,28.50422,121.48509
3229,28.38491,121.36261
3230,28.54645,121.43273
3234,28.84903,121.12898
3235,28.59899,121.48402
3237,28.58188,121.48543
3243,27.96668,120.67953
3245,27.959,120.61348
3246,27.89652,120.63854
3248,27.99296,120.57356
3251,30.57645,119.38962
3258,32.95,117.36667
3259,29.73338,106.62465
3260,29.55755,106.46356
3265,27.09015,119.62797
3268,25.15772,117.02318
3280,26.58431,106.57595
3283,38.31095,116.84029
3284,30.60719,109.72554
3285,46.8104,130.31698
3290,34.32983,119.23967
3292,28.70504,115.85061
3296,30.07266,103.10923
3300,30.67616,106.0953
3301,31.73868,104.70961
3303,28.7213,102.52938
3306,36.83842,115.70487
3307,36.23541,115.67464
3308,36.11569,115.79157
3310,39.85757,116.46253
3311,39.91992,116.31013
3312,39.9441,116.14023
3313,39.95732,116.31988
3316,39.94903,116.39413
3317,39.96791,116.36886
3318,39.98695,116.35705
3319,40.01552,116.30193
3320,40.13333,116.43333
3321,39.91013,116.35841
3322,39.7262,116.34206
3323,39.74943,116.14156
3324,39.90974,116.65791
3325,40.13059,116.654
3327,40.22188,116.23103
3328,39.90641,116.31109
3329,39.91816,116.31094
3330,39.92381,116.31034
3331,39.93389,116.31001
3332,39.94396,116.3101
3333,38.52238,102.18786
3335,38.47456,102.19858
3338,39.77477,98.28908
3339,38.52346,102.18786
3343,38.52292,102.18786
3344,43.50001,87.8944
3346,38.87393,116.45772
3347,39.12473,116.39307
3348,39.32261,116.49882
3349,39.43831,116.29911
3350,39.7621,117.00419
3351,39.88656,116.98987
3352,39.98291,117.07914
3356,39.13752,116.39191
3357,39.32686,116.5004
3358,39.46376,116.30402
3359,39.54535,116.6851
3360,39.77266,117.00714
3361,39.88656,116.98987
3363,38.09458,116.5773
3365,38.78835,115.49515
3366,38.31095,116.84029
3368,38.06323,114.51325
3369,39.62612,118.11839
3372,45.213,130.90327
3373,45.26051,131.12403
3374,45.34925,130.84284
3375,45.72152,126.67849
3376,45.74525,126.64965
3377,44.5517,129.63333
3378,45.71731,126.75851
3379,47.4677,126.99481
3382,45.72703,126.76055
3383,46.8104,130.31698
3385,46.39562,124.88833
3387,46.44637,125.20274
3388,46.45122,125.20927
3394,46.55514,125.06963
3396,46.56972,125.1831
3397,46.57379,125.17787
3398,46.58813,125.13819
3400,46.6327,125.23963
3401,46.63441,124.88965
3412,46.0338,126.27838
3415,45.68364,126.64656
3416,45.68532,126.61875
3417,45.68566,126.61784
3418,45.69863,126.6242
3419,45.69891,126.6929
3420,45.70186,126.59536
3421,45.70618,126.69286
3422,45.70675,126.66099
3423,45.70769,126.69693
3424,45.70939,126.68775
3425,45.71002,126.59261
3426,45.71202,126.67368
3427,45.71361,126.66702
3428,45.71385,126.67844
3429,45.71385,126.70374
3430,45.71463,126.66617
3431,45.71481,126.64274
3432,45.72344,126.71071
3433,45.72377,126.66013
3434,45.72799,126.60127
3435,45.72823,126.58162
3436,45.73195,126.65621
3437,45.73213,126.6709
3438,45.73303,126.59398
3439,45.73334,126.62921
3440,45.73337,126.64043
3441,45.73494,126.69003
3442,45.73674,126.69149
3443,45.73734,126.60333
3444,45.7402,126.66616
3445,45.7408,126.70348
3446,45.74153,126.6241
3447,45.74405,126.60811
3448,45.74405,126.6088
3449,45.7443,126.57993
3450,45.74546,126.70472
3451,45.74573,126.6033
3452,45.74698,126.70519
3453,45.74832,126.69399
3454,45.74836,126.59406
3455,45.74857,126.58039
3457,45.75273,126.67588
3458,45.75303,126.61021
3459,45.75363,126.60154
3460,45.75519,126.69201
3461,45.75576,126.61393
3462,45.75585,126.69305
3463,45.75784,126.60061
3464,45.75842,126.7087
3465,45.75938,126.66822
3466,45.75986,126.5943
3467,45.76115,126.61125
3468,45.76441,126.59506
3469,45.76521,126.59714
3470,45.76567,126.68565
3471,45.76645,126.6533
3472,45.76847,126.73077
3473,45.76859,126.70832
3474,45.76878,126.61665
3475,45.76968,126.62627
3476,45.77212,126.73004
3477,45.77267,126.73534
3478,45.77282,126.64541
3479,45.77315,126.63433
3480,45.77333,126.69137
3481,45.7757,126.64725
3482,45.77704,126.6418
3483,45.77818,126.61107
3484,45.77861,126.61827
3485,45.77926,126.67249
3486,45.77926,126.69716
3487,45.77998,126.6895
3488,45.78081,126.65501
3489,45.7818,126.65639
3490,45.78406,126.66836
3491,45.78572,126.83019
3492,45.78836,126.63764
3493,45.78946,126.66661
3494,45.79003,126.62253
3495,45.79009,126.69526
3496,45.79072,126.70258
3497,45.79389,126.65271
3498,45.79482,126.64762
3499,45.79482,126.69364
3500,45.79537,126.66863
3501,45.7956,126.66231
3502,45.79771,126.65895
3503,45.79887,126.71216
3504,45.80415,126.70699
3506,45.81528,126.69454
3509,45.66895,126.48747
3511,43.82066,126.55385
3513,43.86622,125.3481
3514,43.86424,125.32338
3515,43.50639,124.80944
3518,43.82275,125.27847
3520,43.89444,125.29111
3521,43.96436,126.49353
3525,45.14234,124.82508
3529,45.49059,124.18205
3531,43.81868,125.32338
3535,43.82165,126.5624
3536,43.8336,126.54094
3537,43.88602,126.57307
3538,43.91372,126.56209
3544,41.69753,122.11812
3545,42.06765,121.75832
3546,42.38898,122.53835
3547,42.75105,123.35133
3548,42.78734,124.11722
3549,40.26029,124.27502
3555,41.11971,122.99871
3556,42.4348,123.59867
3559,41.27052,123.17377
3560,41.42162,123.32074
3561,40.75,120.85
3562,40.79276,120.54576
3568,38.91561,121.61443
3569,40.6671,122.23516
3570,41.10988,122.9939
3573,41.93842,123.39216
3574,42.50112,123.42118
3575,42.50112,123.42118
3579,41.68615,123.42185
3580,41.68615,123.42185
3582,41.71931,123.36993
3583,41.74066,123.45075
3584,41.76645,123.4519
3586,41.81348,123.53
3587,41.85639,123.68716
3588,41.85646,123.57798
3589,41.86164,123.51627
3591,41.90611,123.23183
3593,41.75415,123.28029
3595,41.78506,123.23991
3598,41.85141,123.88934
3600,41.06486,123.06777
3603,41.8266,123.43256
3607,42.03552,121.68103
3608,41.7717,123.33706
3609,41.77195,123.29402
3611,40.71187,120.83567
3613,42.01346,121.64575
3615,39.01918,106.37196
3617,39.31358,106.77259
3622,38.46434,106.37142
3624,40.27743,111.19771
3625,40.38003,111.82118
3629,40.75142,107.36418
3630,40.27743,111.19771
3635,40.58032,109.83006
3637,40.62451,109.93399
3638,40.64415,109.87055
3639,40.66384,109.83487
3642,40.66423,109.77053
3643,40.82732,111.62363
3644,40.58573,109.84164
3646,40.66996,109.80868
3647,40.68376,109.84297
3648,40.69105,109.82223
3650,40.64991,109.81002
3651,40.65627,109.87457
3652,40.66378,109.83486
3653,40.6848,109.83698
3654,40.57113,110.13183
3655,40.59535,109.94501
3656,40.62203,109.83199
3658,40.65154,109.80988
3659,40.65564,109.87451
3660,40.6557,109.84009
3669,38.41863,112.73336
3670,40.0786,113.29915
3674,38.49196,112.70023
3678,40.04864,113.60097
3679,38.05772,112.68213
3682,38.99002,117.11665
3684,39.03653,117.15533
3686,39.04371,117.15537
3687,39.19693,117.33373
3689,39.20418,117.2532
3691,39.20273,117.2726
3698,39.03092,117.00398
3700,39.08637,117.31593
3701,39.22162,117.13328
3702,39.38526,117.04518
3704,43.35726,88.30785
3716,43.88243,87.6473
3717,43.88466,87.5146
3719,43.98188,87.50499
3720,43.98855,87.55511
3728,44.31304,86.08063
3729,43.50001,87.8944
3730,44.42839,84.90578
3732,25.12291,99.1625
3738,25.12477,99.16112
3739,39.9203,116.3261
3741,39.8788,116.4793
3745,40.0892,116.1871
3746,39.7109,116.3151
3747,40.1086,116.6693
3748,40.1612,116.6011
3749,40.1117,116.6513
3750,40.1331,116.6568
3752,41.6726,115.6791
3753,38.7642,115.4824
3754,41.0766,113.9636
3755,40.4175,117.4967
3756,48.5153,126.2058
3757,45.5533,126.9473
3758,45.5402,126.9571
3759,45.5546,126.9811
3760,46.5599,125.1346
3763,45.7519,126.7331
3764,45.8154,126.5498
3766,47.3539,123.9197
3774,48.5207,123.0698
3775,42.2566,118.8844
3777,50.7795,121.5096
3778,49.2764,120.7276
3780,45.6204,122.8389
3781,43.8154,125.3193
3783,43.8496,125.1991
3785,43.9702,125.422
3787,42.7831,129.3972
3790,44.4051,126.9594
3792,41.8284,123.3061
3793,39.4831,122.5083
3794,41.7485,123.395
3795,42.7871,124.1048
3796,42.0185,123.36
3797,41.7557,123.2713
3798,41.7996,123.515
3800,41.8343,123.4373
3801,41.7347,123.4322
3803,41.7377,123.4429
3804,41.7771,123.3522
3805,41.6723,123.3258
3806,41.8343,123.4373
3808,41.239,121.9907
3809,41.8358,123.3849
3810,41.7931,123.3783
3811,41.8586,123.4034
3813,41.8108,123.7482
3814,41.7791,123.6593
3817,41.7653,123.6867
3820,41.8044,123.3479
3822,41.8496,123.452
3823,41.7345,123.2728
3824,41.6966,123.191
3826,41.8379,123.3976
3827,41.7607,123.3035
3829,41.8026,123.3141
3830,41.918,123.3447
3831,41.8862,123.2988
3833,41.7226,123.502
3835,41.6725,123.3256
3840,39.2619,117.1269
3842,39.0317,117.3085
3843,39.0949,117.3119
3844,38.9634,117.4193
3845,38.9773,117.4003
3849,43.9803,87.5017
3850,43.4766,87.4108
3852,43.3554,88.3051
3853,43.8827,87.5116
3855,43.9861,87.5498
3858,43.9543,87.6764
3859,42.0195,86.6056
3860,43.8791,87.6379
3864,43.8725,87.57
3865,43.4659,87.4742
3866,44.0153,87.4549
3869,43.7939,87.603
3872,41.9793,86.6249
3874,43.6081,87.3411
3876,40.1191,116.6572
3879,45.7814,126.6303
3880,43.1513,124.4111
3881,40.7285,120.8546
3882,40.7936,120.5569
3883,38.4642,106.3685
3884,38.4225,106.2996
3890,39.1308,117.1935
3891,39.2163,117.1523
3892,39.7041,117.3262
3893,40.0402,117.4212
3894,38.9433,116.9933
3895,38.9108,117.3587
3897,39.3305,117.8224
3899,39.0788,117.3154
3900,40.0402,117.4212
3901,39.1922,117.026
3902,39.1295,117.0162
3903,39.1309,116.9953
3904,41.7456,86.1591
3908,39.6907,116.5557
3910,39.8457,116.3369
3911,39.8497,114.5942
3912,42.9293,119.0217
3933,43.7845,125.3012
3935,43.7725,125.2691
3938,40.4565,124.0534
3940,41.4177,119.6477
3941,42.5517,124.0336
3945,42.0594,121.7541
3946,42.3855,122.5454
3949,36.13226,103.67385
3950,36.09614,103.7044
3951,36.10655,103.69793
3952,36.10702,103.69779
3953,36.08119,103.72741
3954,36.1211,103.69676
3955,36.13011,103.67822
3958,36.54991,104.22342
3960,36.06643,103.78589
3961,36.09239,103.62696
3962,36.10571,103.71839
3963,36.34057,103.94282
3966,36.05282,103.7111
3967,36.06985,103.67531
3968,36.07651,103.70651
3969,36.0919,103.65617
3971,36.06242,103.82344
3972,36.0713,103.78626
3974,36.34942,102.85792
3977,35.36792,103.86302
3980,35.54452,106.6641
3981,36.06353,103.8357
3984,35.53223,105.72652
3985,36.06131,103.82482
3986,36.09128,103.62696
3987,36.10571,103.71907
3989,36.5455,104.13999
3993,35.03189,113.14931
3994,35.03239,113.12296
3996,35.30448,113.92685
3997,35.20145,113.91312
3998,35.29846,113.88454
3999,35.29877,113.89037
4000,35.30744,113.90616
4001,35.31621,113.88196
4004,35.32437,113.84231
4005,35.24478,114.00058
4006,35.18819,113.77742
4009,35.15585,114.20563
4010,35.30644,113.85891
4011,35.58585,114.52148
4012,36.14231,114.12598
4013,35.05923,113.96668
4014,35.26861,113.90983
4015,35.2798,113.90683
4016,35.30621,113.84823
4017,35.30842,113.85119
4018,35.31737,113.88251
4019,35.31982,113.90734
4020,35.32174,113.91133
4029,36.67434,114.69066
4032,35.31709,113.87843
4033,35.03239,113.12296
4039,36.50088,101.57167
4050,35.76657,109.43166
4052,35.18167,109.59116
4053,35.12103,109.1009
4054,37.61423,108.7858
4057,35.11766,109.09953
4059,35.18167,109.58567
4062,35.99801,109.37672
4064,36.59789,109.48659
4065,35.65639,109.33917
4067,36.11569,115.79157
4068,35.44165,119.45572
4069,36.3107,116.45508
4073,36.18723,120.42771
4074,36.11569,115.79157
4075,36.33615,116.2483
4076,36.43509,115.98845
4077,36.48425,115.44413
4078,36.57914,116.25712
4079,36.83842,115.70487
4080,36.86754,116.22965
4082,36.58278,116.98639
4086,36.7029,117.15153
4088,36.7095,117.16801
4091,36.7312,117.15992
4092,36.73122,117.15523
4095,36.7334,117.20263
4096,36.7399,117.1458
4097,36.7419,117.20162
4098,36.74308,117.17497
4099,36.7452,117.1551
4100,36.7463,117.12234
4101,36.7465,117.16335
4102,36.748,117.20879
4103,36.75427,117.22189
4105,36.26128,120.34594
4106,36.28196,120.3478
4107,36.29795,120.34599
4108,36.4089,120.3469
4111,36.80315,118.87242
4112,36.8347,118.91639
4119,36.16611,117.15306
4123,36.71861,117.09444
4125,37.33194,117.15222
4128,35.92423,117.53706
4133,35.9928,117.54513
4134,37.35815,120.85648
4135,36.30129,120.42561
4136,36.31153,120.39677
4137,35.78663,113.27412
4138,36.85545,111.77607
4139,35.49198,112.85215
4140,36.19719,113.11582
4141,37.68925,112.7519
4147,37.4258,112.54649
4148,37.42818,112.52308
4149,37.43186,112.56015
4152,37.58703,112.58645
4153,37.59322,112.47154
4162,37.59295,112.47896
4163,37.59295,112.47896
4164,37.60988,112.35697
4165,37.7175,112.4793
4166,37.74249,112.56846
4170,35.59172,112.52947
4171,35.91408,112.85077
4172,37.03106,111.91203
4173,37.19424,112.17432
4174,37.26613,111.78775
4175,37.5198,111.14382
4176,37.55764,112.16176
4177,37.61206,112.3556
4179,37.87377,112.54923
4180,37.87377,112.55198
4181,37.88437,112.58673
4182,35.15023,110.77357
4183,37.80902,112.48546
4189,36.5398,104.1502
4192,36.5401,104.1736
4194,36.0561,103.8213
4196,36.055,103.8194
4197,36.0692,103.8147
4201,36.5337,104.2114
4207,36.8382,114.6381
4208,36.0581,114.3488
4210,35.1041,113.3677
4214,36.1871,117.0397
4216,37.996,106.1905
4217,37.7813,107.4033
4219,36.9347,108.1715
4220,35.6647,112.7922
4225,35.6785,112.8646
4227,35.674,112.8788
4229,35.6745,112.8716
4231,35.6739,112.8787
4232,35.6728,112.8623
4236,35.674,112.8788
4238,35.6728,112.8646
4245,36.9276,116.291
4246,35.394,116.0854
4250,37.6567,120.4858
4251,36.101,103.7337
4252,36.101,103.7037
4255,36.0754,103.8275
4259,36.3427,102.8619
4260,36.3428,102.8819
4261,36.4371,104.3956
4262,36.0539,103.8393
4263,36.0534,103.8393
4264,36.0689,103.8044
4265,36.0689,103.7844
4266,36.0865,103.6467
4267,36.0865,103.6267
4268,36.734,103.2546
4271,35.8427,104.1147
4272,36.7499,114.5271
4276,36.9825,118.1106
4288,35.7299,107.6446
4292,36.1071,103.6481
4318,36.5577,100.654
4320,35.7863,118.6323
4321,35.2742,117.9844
4342,35.2639,118.52
4343,35.1239,118.3584
4346,35.7107,117.9474
4348,35.2652,117.9942
4350,35.7159,117.9508
4361,31.83673,117.30494
4365,31.87628,117.21875
4366,31.87639,117.2459
4369,31.8778,117.24629
4381,31.88942,117.23251
4383,32.70469,116.59711
4388,30.90369,117.79676
4400,31.44763,118.36102
4404,33.65864,116.96378
4405,33.43757,117.02975
4408,33.61491,117.09979
4418,32.31267,118.31784
4419,32.31813,118.30561
4420,32.32225,118.31209
4421,32.71328,117.14187
4423,30.07912,106.38695
4425,28.8567,108.76149
4427,29.32712,107.75899
4430,29.42885,105.74094
4435,27.09015,119.62797
4440,26.0611,119.27502
4441,26.00087,119.46477
4443,26.04846,119.20538
4444,26.07328,119.35271
4445,26.08423,119.18927
4446,26.10057,119.32042
4447,26.11437,119.26345
4448,26.14188,119.32335
4449,26.14273,119.30568
4453,25.93157,119.3873
4454,25.93196,119.38678
4455,25.9362,119.25975
4456,25.93667,119.25984
4457,25.97718,119.22371
4458,25.97734,119.22388
4459,25.98351,119.34902
4460,25.98351,119.34936
4461,25.98922,119.41785
4462,25.99304,119.36907
4463,25.99377,119.36876
4464,25.99724,119.41296
4465,25.9989,119.2971
4466,25.99892,119.29691
4467,26.00087,119.46477
4469,26.01066,119.35425
4471,26.02885,119.41859
4472,26.03614,119.29704
4473,26.03616,119.29712
4475,26.0436,119.18783
4476,26.04375,119.188
4477,26.04553,119.20575
4478,26.04846,119.20538
4479,26.05894,119.3745
4480,26.06126,119.18431
4481,26.06326,119.21229
4482,26.06534,119.17633
4483,26.0776,119.17032
4484,26.0776,119.17049
4485,26.08431,119.19238
4486,26.09032,119.3679
4487,26.09063,119.30053
4488,26.10057,119.32042
4490,26.11414,119.26336
4491,26.11992,119.31984
4492,26.12069,119.20251
4493,26.12271,119.1938
4494,26.12311,119.19376
4496,26.12724,119.184
4497,26.12932,119.31185
4499,26.14188,119.32335
4500,26.14286,119.30579
4502,25.89722,119.37863
4503,26.02846,119.26794
4504,26.0739,119.36452
4505,26.08438,119.3443
4506,26.09286,119.33194
4507,26.13248,119.31287
4508,26.04568,119.33407
4510,26.05802,119.28944
4511,26.05925,119.32583
4512,26.07714,119.27296
4513,26.09009,119.30392
4514,26.10797,119.36017
4516,26.11629,119.29293
4517,26.12986,119.31731
4520,26.0173,119.62939
4521,26.02918,119.24901
4522,26.04121,119.60385
4532,25.67015,116.43009
4533,26.27987,117.636
4534,26.03334,119.31469
4536,26.10982,118.76228
4537,25.75537,116.74578
4545,26.27926,117.63531
4552,25.15772,117.02318
4553,25.44994,118.2957
4554,25.49566,118.2479
4555,25.99014,117.38024
4558,25.0234,118.37725
4563,25.31749,119.09093
4567,26.0557,119.31544
4568,26.05925,119.27365
4569,26.13571,119.32756
4587,34.45038,105.94278
4592,34.53912,105.9088
4596,34.62706,104.84174
4606,34.75233,106.13675
4608,34.76094,105.3387
4619,31.92609,120.60163
4624,25.87282,110.86062
4635,26.58431,106.57595
4639,26.83303,106.88683
4647,27.30671,107.73796
4648,27.30818,107.73767
4651,27.47294,107.12748
4687,26.58431,106.57595
4696,26.05108,105.76477
4697,26.05108,105.76477
4704,27.51718,106.90683
4706,27.58095,106.67517
4806,34.92915,113.05927
4807,34.9352,113.08717
4811,34.81719,114.32648
4813,34.9162,113.07335
4815,34.93711,113.04091
4816,34.94196,113.05584
4821,34.94393,113.07884
4825,34.67952,112.35134
4827,34.72638,113.63915
4828,34.74895,113.61374
4829,34.76023,113.67622
4831,34.77884,113.73802
4832,34.80246,113.51469
4833,34.80253,113.65906
4834,34.83128,113.58061
4835,34.87241,113.61855
4837,34.81595,113.78849
4841,34.89206,113.58318
4842,33.92841,116.44049
4844,34.43636,112.42584
4845,34.52127,112.1814
4846,34.73371,112.78839
4847,34.7371,112.13196
4848,34.74867,111.87412
4849,34.77997,111.76392
4850,34.82733,112.4437
4855,34.66325,113.66374
4857,34.6851,113.53782
4861,34.70084,113.62292
4863,34.80225,113.51383
4864,34.80246,113.51469
4865,34.81592,113.79729
4867,34.8286,113.6558
4868,34.83128,113.58061
4869,34.83297,113.62164
4871,34.86664,113.53237
4873,34.75008,113.62541
4874,34.72807,113.7394
4875,34.75064,113.61305
4876,34.75572,113.67966
4877,34.80253,113.65974
4879,34.45448,113.05206
4880,34.54503,113.38989
4881,34.72017,113.97766
4882,34.7529,113.02185
4883,34.79012,113.36517
4884,34.72229,113.7497
4885,34.775,113.65
4891,34.7861,114.42052
4894,34.75318,111.87412
4897,34.67719,114.08941
4900,30.00421,114.83047
4902,30.56633,112.88623
4904,30.65992,113.08999
4908,30.5851,114.68644
4911,30.59958,114.64005
4916,30.85913,113.97937
4921,31.02563,114.10409
4925,29.993,109.48384
4932,29.04139,112.38068
4934,29.21571,112.51231
4946,29.70662,113.00553
4951,28.02736,112.98433
4952,28.1635,112.93017
4958,28.8,112.43333
4967,29.34807,110.55043
4973,27.96667,112.85
4974,28.01667,112.98333
4975,28.06667,113.05
4976,28.08333,112.95
4977,28.21667,112.83333
4979,27.86306,112.90679
4983,29.43679,113.14939
4985,34.37405,117.15466
4986,34.32983,119.23967
4989,34.47189,118.96587
4991,34.82163,118.83781
4993,32.41591,119.41155
4994,32.44489,119.39074
5001,33.37068,120.15588
5005,32.46451,119.28053
5007,31.57685,120.29959
5009,31.78334,120.70763
5011,31.88425,120.66245
5013,34.25835,117.19037
5014,34.26459,117.25216
5015,34.2992,117.18625
5016,34.30261,117.18281
5021,28.38461,118.01289
5023,28.90781,116.43099
5024,29.02109,116.51026
5025,29.0263,116.499
5026,29.02675,116.49754
5027,29.28191,116.00012
5028,29.28251,116.00115
5041,26.81162,119.56903
5043,28.26115,117.04642
5051,34.36328,107.23676
5055,34.38226,107.15874
5056,34.5009,109.48679
5059,34.52127,112.1814
5060,34.54955,110.24485
5065,34.31211,108.89973
5067,34.32175,108.90205
5068,34.27068,108.95905
5069,34.25012,108.90673
5071,34.17979,108.91184
5072,34.39246,108.96475
5073,34.21826,108.94119
5074,34.29265,108.94426
5075,34.25365,108.98377
5076,34.16636,108.90706
5077,34.26293,108.99624
5078,34.33323,108.70755
5080,34.38085,107.8979
5081,34.49071,108.42366
5082,34.52466,107.39939
5083,34.6942,108.14097
5084,34.76644,109.17897
5087,34.92422,108.97847
5088,34.89945,108.94376
5089,34.55068,110.24348
5090,34.30261,108.48978
5091,34.35251,108.94276
5093,31.15736,104.06326
5095,31.24671,104.05794
5096,31.02602,103.6723
5101,31.74364,104.70261
5105,30.57911,106.07161
5108,30.67616,106.0953
5114,30.77547,106.10509
5121,30.8458,106.15873
5123,30.85862,106.11358
5124,30.86517,106.1874
5125,30.88617,106.16728
5132,31.03139,107.15471
5133,31.73868,104.70961
5134,27.30818,107.73767
5143,28.58746,102.49942
5144,28.59236,102.51213
5145,28.63953,102.51445
5148,28.7213,102.52938
5150,30.80083,103.89887
5151,30.83032,104.15842
5152,30.98232,104.28065
5153,30.9988,103.95772
5162,29.30115,104.57953
5165,30.41256,103.81109
5166,30.55657,104.27664
5167,30.68516,103.85218
5168,30.80083,103.89887
5169,30.83032,104.15842
5170,30.83032,104.1598
5171,30.98114,104.28065
5172,30.9988,103.95772
5176,30.83172,121.47333
5178,30.91798,121.64842
5179,30.92535,121.58182
5182,30.99005,121.50122
5183,31.3161,121.49462
5184,31.17525,121.49295
5186,31.33722,121.47424
5188,31.27855,121.54131
5193,30.13243,121.24253
5194,29.89781,121.53878
5195,29.84541,121.54153
5196,27.63313,120.32397
5197,29.28715,120.02596
5198,28.16691,121.35145
5199,28.19483,121.30647
5200,28.21585,121.2936
5201,28.34201,121.6001
5202,28.36844,121.37135
5203,28.38491,121.36261
5204,28.46416,121.26124
5206,28.50083,121.36243
5207,28.50422,121.48509
5209,28.54645,121.43273
5212,28.58188,121.48543
5215,28.59899,121.48402
5218,28.84903,121.12898
5219,28.59779,121.36517
5221,28.4788,121.42671
5222,28.48589,121.44213
5223,28.49132,121.43904
5227,27.96772,120.73386
5229,27.89652,120.63854
5231,27.959,120.61348
5232,27.96668,120.67953
5233,27.99296,120.57356
5234,29.7,120.26667
5235,30.31667,120.2
5239,30.57645,119.38962
5240,30.70642,121.01556
5241,28.50083,121.36235
5242,29.59592,120.8217
5243,30.07281,120.93328
5244,30.52885,120.4237
5245,30.70694,120.92298
5246,30.80349,120.60717
5250,27.62012,119.06585
5252,28.07565,119.13952
5254,28.13755,120.29426
5255,28.4533,119.48316
5256,28.45356,119.91984
5261,28.87249,119.82933
5263,30.38539,120.17583
5264,30.38539,120.17583
5266,30.40264,120.176
5267,30.41841,120.13607
5269,30.46761,120.13462
5272,30.31302,120.34782
5273,30.35066,120.28638
5274,33.5464,117.5422
5278,33.4384,117.0248
5280,33.5311,117.0262
5283,25.364,118.6755
5286,26.5864,106.5712
5289,26.7499,106.8165
5293,26.8346,106.8396
5296,25.4344,105.2007
5297,25.4355,105.2032
5300,33.1784,119.2173
5301,34.8021,114.4398
5302,33.7615,113.252
5303,34.0258,113.7848
5304,34.6962,113.5527
5308,34.7792,113.6574
5309,31.5643,114.1212
5311,30.5529,114.2018
5312,30.0464,112.4203
5313,30.602,114.2481
5314,30.8654,113.9697
5315,30.5977,114.2087
5316,30.6323,114.3855
5317,30.9448,114.0554
5318,31.1196,110.7782
5319,31.0741,113.9354
5320,30.9394,113.9928
5321,31.0053,114.0127
5324,30.784,113.9388
5325,30.9291,114.1476
5328,27.9142,113.0725
5335,29.5495,112.9009
5338,29.5412,112.6818
5339,27.356,112.497
5349,27.9018,111.8586
5350,25.5743,111.9443
5361,28.1698,112.9333
5370,33.4427,120.0273
5371,32.0972,119.6178
5373,31.6927,119.1069
5374,34.0799,119.3104
5379,31.4672,120.9433
5382,31.4667,120.949
5383,33.9608,117.962
5388,34.7216,117.007
5389,34.1985,119.0333
5392,31.2833,120.4984
5398,31.1513,120.7183
5399,31.7946,119.8443
5400,31.5974,120.3862
5404,34.2054,119.5753
5405,34.1852,117.989
5410,31.648,120.0708
5412,32.4128,119.5023
5414,31.4152,119.9281
5422,34.3166,109.0506
5430,31.1752,121.5365
5431,31.3301,121.4246
5433,31.2888,121.4666
5435,31.1533,121.5685
5436,31.1493,121.5403
5439,30.7399,104.1442
5446,32.0366,105.4652
5451,31.2341,119.7895
5453,30.2397,121.322
5454,30.1798,121.3231
5457,30.0942,120.0709
5462,30.4997,120.6109
5463,30.4992,120.6155
5464,30.5327,120.8555
5465,30.5352,120.8566
5470,29.9524,120.2802
5471,30.8899,120.8919
5475,30.5984,120.5207
5476,30.3565,120.2875
5477,30.3001,120.2393
5478,30.0992,120.8431
5480,29.787,120.6813
5482,28.5093,121.3951
5484,28.508,121.3938
5485,28.5088,121.3963
5486,28.5099,121.3943
5487,28.5088,121.3949
5488,28.511,121.3926
5489,28.4963,121.3503
5491,30.7218,120.5655
5493,30.308,120.3313
5497,32.947,117.4224
5498,32.9061,115.7886
5500,28.4659,121.344
5501,28.4659,121.344
5502,28.4471,121.5317
5503,28.4709,121.3922
5504,28.4963,121.3503
5505,28.4622,121.4498
5507,25.0646,116.4201
5508,26.8904,120.0037
5515,34.5716,113.627
5519,29.4685,112.775
5527,31.3835,121.0889
5528,31.7823,119.8926
5529,31.6038,120.3322
5533,31.3336,121.4591
5537,30.1827,120.1309
5540,30.1889,121.1287
5543,30.2788,120.408
5544,29.4708,119.2612
5545,30.8274,120.7463
5549,29.8181,121.7346
5550,30.0479,120.4999
5552,30.3773,120.1077
5553,34.574,105.8874
5558,34.2063,107.6998
5565,27.7636,118.0186
5566,26.3394,107.1856
5572,31.5655,114.113
5591,31.2099,107.5059
5592,32.226,106.2873
5593,29.4626,103.767
5594,28.8128,105.8345
5595,31.5136,104.7243
5599,30.1928,120.2176
5613,33.4029,104.9185
5614,28.6449,107.423
5617,28.4006,114.8002
5619,34.8687,118.0438
5620,34.9032,117.9477
5622,34.9165,118.6506
5624,30.1362,120.8903
5631,34.579751164956576,109.07725493392522
5640,38.14270627201715,114.867096436975
5648,36.71387977658206,100.10721144285093
5659,31.976758924676115,112.20307395117274
5667,31.08091029023874,108.67394161579782
5680,32.82865330659083,114.32723054280125
5688,33.69522131821858,113.9776831805461
5715,30.44816273341592,108.23969128517614
5739,30.33712042905384,95.04771170966164
5861,31.757483620824523,104.749310145749
5906,36.88074106146713,99.74700251761972
5925,37.57870932096312,102.14286423737094
5959,36.12207218286229,103.37394825147337
5975,38.28236917808713,99.73246276747982
5977,37.65050824323272,114.56732655096684
5978,39.752765886528096,105.70000301050996
6087,39.1499,117.1217
6090,32.9165,119.3369
6092,39.1457,117.0799
6093,35.8886,120.417
6094,39.0082,117.243
6098,23.1061,113.3337
6099,23.1281,113.1088
6100,40.0737,116.2138
6101,39.975,116.3035
6102,23.138,113.1847
6103,39.7839,116.4187
6104,31.3401,121.6578
6105,31.3879,121.6458
6106,32.2287,118.8192
6109,31.5585,120.7055
6114,25.9595,119.4089
6116,31.3216,121.5527
6119,31.2793,121.6152
6120,32.7954,119.3524
6123,39.1289,117.3549
6126,32.6475,117.0784
6127,43.811,126.5591
6128,38.7632,121.4302
6132,31.3322,121.4342
6134,32.8345,119.3359
6137,39.7846,116.5215
6139,22.7084,114.173
6140,36.464,114.4672
6141,39.1108,117.0912
6143,31.2343,121.2728
6144,25.9688,119.267
6152,31.2311,121.5138
6157,40.0146,116.4689
6160,39.9243,116.4534
6162,30.5246,103.9883
6166,28.2397,121.4181
6168,22.985,113.4347
6171,39.204,117.1032
6172,22.8421,113.3769
6173,28.5467,121.4319
6184,39.9868,116.4195
6186,31.1249,121.5549
6189,31.2573,121.533
6191,47.2476,126.5361
6204,28.414,119.8478
6216,40.8406,111.7645
6221,34.1544,108.9713
6222,31.3371,120.6062
6229,34.7725,113.4807
6232,23.0592,113.2665
6239,32.1458,118.7997
6245,36.7364,118.5458
6249,42.8794,129.5066
6250,32.9435,119.2893
6254,22.6926,114.0513
6259,22.8773,108.3253
6260,30.2982,120.1333
6267,28.81973,116.10083
6269,28.74333,115.94472
6274,28.70833,116.07306
6276,28.6775,115.78805
6280,28.67028,116.01917
6297,28.5958299999999,116.00139
6299,29.3177799999999,117.13056
6311,29.24583,117.11806
6315,28.50833,115.94277
6345,28.6580599999999,115.640829999999
6353,29.1022199999999,116.09528
6371,28.74416,115.46278
6399,29.1441699999999,117.38639
6423,29.2819399999998,117.24972
6444,29.1019399999999,117.21
6483,27.8727699999999,113.79888
6495,29.82778,116.488609999999
6511,29.68056,115.78167
6528,29.1011099999998,116.01917
6559,27.7349999999999,115.14583
6561,28.51,116.25556
6640,27.66194,113.8675
6672,27.80694,114.66972
6677,25.8644399999997,114.90778
6678,25.8644399999997,114.987219999999
6685,28.95806,117.13056
6708,29.5252799999998,116.17
6714,29.75722,115.68167
6724,29.7475,116.09472
6725,29.21167,115.83583
6727,29.52222,116.17389
6751,29.7555599999999,115.68167
6760,25.6494399999998,114.75972
6763,29.16278,116.40083
6802,25.1430599999997,115.3825
6817,29.7469399999998,116.218059999999
6828,29.7469399999998,116.218059999999
6838,29.7469399999998,116.218059999999
6840,26.0674999999999,115.46528
6849,30.03556,116.654439999999
6866,29.8180599999999,116.480279999999
6918,25.4002799999998,115.503609999999
6934,28.31889,117.203329999999
6942,25.50861,115.76639
7010,25.4325,114.905
7062,27.8380599999998,114.39028
7167,27.8786099999997,115.30472
7209,28.09694,114.43056
7247,25.86306,115.85833
7258,28.41111,117.909719999999
7290,28.3825,117.44806
7319,28.16806,115.46333
7357,28.31528,114.49972
7371,28.32056,114.48611
7387,29.3177799999999,117.5275
7413,26.22278,115.628609999999
7461,28.3163899999997,114.502219999999
7486,28.81417,116.25722
7515,28.9080599999999,116.42417
7518,28.3825,118.003609999999
7535,28.90917,116.42667
7561,29.17583,116.68667
7564,29.2899999999999,116.61028
7575,28.67028,118.24194
7595,29.32,117.52806
7596,28.74222,116.41611
7606,28.74222,116.57472
7673,28.67028,116.654169999999
7702,29.43083,117.73806
7714,29.05583,116.50667
7718,27.44722,114.27222
7740,29.11056,116.73444
7775,28.74222,116.892219999999
7800,29.1363899999998,116.97917
7814,29.00972,116.648889999999
7815,27.74222,115.39361
7852,28.7352799999999,116.41222
8020,27.00889,114.27194
8120,30.404464217596537,114.20916034555836
8149,38.26234873883988,114.84144752387304
8199,31.23752307355487,99.33859665218752
8227,32.40300104377863,111.90922167191432
8241,37.62688822703505,101.68936510511936
8244,30.305528263646995,96.01979167178528
8273,37.114212511220856,97.03376992696356
8372,28.55229,112.38362
8373,28.55229,112.38362
8374,28.55229,112.38362
8375,29.37566,104.76577
8376,29.37566,104.76577
8377,29.37566,104.76577
8384,30.43167,120.29167
8385,30.43167,120.29167
8386,30.43167,120.29167
8387,31.43265,118.35134
8388,31.43265,118.35134
8389,31.43265,118.35134
8396,33.6271,114.59895
8397,33.6271,114.59895
8398,33.6271,114.59895
8420,37.9197,112.5412
8421,37.9197,112.5412
8422,37.9197,112.5412
8444,30.48922,114.94151
8445,30.48922,114.94151
8446,30.48922,114.94151
8456,31.45967,121.32886
8457,31.45967,121.32886
8458,31.45967,121.32886
8463,39.13,106.71
8466,38.47,106.27
8467,44.16,87.98
8468,43.43,83.26
8471,44.3,86.04
8472,34.26,108.95
8477,34.28,108.07
8478,34.33,108.71
8481,41.09,111.46
8483,31.16,120.64
8484,32.07,118.78
8485,33.37,120.13
8486,32.39,119.42
8488,36.65,117.0
8490,32.62,121.39
8491,24.9,118.58
8492,36.88,118.74
8493,28.0,120.67
8494,28.66,121.42
8495,31.8,118.95
8496,37.18,119.94
8497,28.67,115.87
8498,28.68,115.89
8499,30.17,121.27
8500,32.92,119.85
8502,31.95,118.83
8503,30.53,117.05
8504,31.22,121.48
8505,29.87,121.55
8506,30.29,120.15
8507,29.86,121.54
8508,29.88,121.55
8509,29.93,121.85
8510,29.95,121.72
8511,29.83,121.53
8512,30.03,121.15
8513,30.17,121.23
8514,29.65,121.4
8515,29.48,121.87
8516,29.28,121.43
8517,31.86,117.28
8518,31.15,118.57
8519,33.87,115.78
8520,26.08,119.31
8521,24.51,118.15
8523,24.45,118.08
8524,31.23,121.48
8525,33.6,119.02
8526,36.67,117.0
8527,32.4,119.43
8529,28.65,121.27
8530,28.67,121.32
8532,28.55,121.25
8534,28.62,121.15
8544,26.04,119.32
8545,26.15,119.13
8547,24.03,117.79
8548,24.82,118.54
8551,26.08,119.33
8552,26.03,119.33
8553,37.46,118.5
8554,31.95,118.85
8555,30.87,120.1
8556,30.53,119.98
8557,31.0,119.91
8558,30.64,119.68
8560,30.27,120.2
8561,32.35,118.83
8562,32.06,118.63
8563,32.03,118.77
8564,32.0,118.79
8567,31.29,120.62
8568,30.76,120.75
8570,34.6,119.17
8571,33.38,120.14
8572,32.02,120.86
8573,31.96,119.16
8576,27.9,113.16
8577,27.84,113.15
8578,35.24,113.24
8579,33.14,111.49
8581,30.7,111.29
8583,34.76,113.65
8585,27.83,112.9
8586,37.73,115.66
8588,39.33,112.43
8589,39.91,116.66
8590,39.13,117.15
8591,39.14,117.0
8592,38.98,117.38
8593,39.22,117.13
8595,39.25,117.8
8596,39.02,117.65
8597,38.83,117.45
8598,38.93,116.92
8599,40.05,117.4
8600,40.38,116.84
8601,39.75,116.14
8602,39.73,116.34
8604,38.82,116.05
8606,38.88,116.07
8611,39.14,117.01
8612,39.09,117.31
8613,36.61,114.49
8617,39.67,118.4
8618,37.7,112.74
8619,41.79,123.42
8621,41.72,123.46
8623,38.91,121.62
8624,41.27,123.18
8625,43.67,126.5
8628,39.0,122.0
8629,41.12,121.14
8630,43.86,125.35
8631,42.3,123.83
8633,43.9,125.32
8635,22.54,114.05
8636,23.9,106.62
8637,22.8,113.3
8638,22.32,114.17
8639,23.05,113.76
8640,23.48,116.76
8641,23.37,116.72
8642,23.27,116.6
8643,22.55,114.13
8644,25.61,110.67
8645,23.11,114.42
8646,23.08,114.4
8648,23.32,116.35
8649,16.0,111.5
8650,16.83,112.32
8654,22.82,114.18
8655,22.82,108.32
8656,23.7,113.04
8657,25.27,110.19
8659,26.13,106.66
8660,26.6,106.72
8661,26.57,106.71
8662,26.58,106.7
8663,26.58,106.74
8667,26.54,106.8
8671,26.41,106.54
8674,25.83,107.32
8677,36.66,101.75
8678,30.67,104.06
8685,29.26,88.88
8686,26.6,106.73
8688,27.98,86.93
8692,25.04,102.71
8693,33.99014286128198,116.7623620356542
8701,33.904951286326444,116.74127267288786
8705,33.9570351922786,116.7868209952651
8712,33.88803049874792,116.85526990795364
8716,33.90401360423556,116.7435133228268
8728,39.1499,117.1217
8731,32.9165,119.3369
8733,39.1457,117.0799
8734,35.8886,120.417
8735,39.0082,117.243
8739,23.1061,113.3337
8740,23.1281,113.1088
8741,40.0737,116.2138
8742,39.975,116.3035
8743,23.138,113.1847
8744,39.7839,116.4187
8745,31.3401,121.6578
8746,31.3879,121.6458
8747,32.2287,118.8192
8750,31.5585,120.7055
8755,25.9595,119.4089
8757,31.3216,121.5527
8760,31.2793,121.6152
8761,32.7954,119.3524
8764,39.1289,117.3549
8767,32.6475,117.0784
8768,43.811,126.5591
8769,38.7632,121.4302
8773,31.3322,121.4342
8775,32.8345,119.3359
8778,39.7846,116.5215
8780,22.7084,114.173
8781,36.464,114.4672
8782,39.1108,117.0912
8784,31.2343,121.2728
8785,25.9688,119.267
8793,31.2311,121.5138
8798,40.0146,116.4689
8801,39.9243,116.4534
8803,30.5246,103.9883
8807,28.2397,121.4181
8809,22.985,113.4347
8812,39.204,117.1032
8813,22.8421,113.3769
8814,28.5467,121.4319
8825,39.9868,116.4195
8827,31.1249,121.5549
8830,31.2573,121.533
8832,47.2476,126.5361
8845,28.414,119.8478
8857,40.8406,111.7645
8862,34.1544,108.9713
8863,31.3371,120.6062
8870,34.7725,113.4807
8873,23.0592,113.2665
8880,32.1458,118.7997
8886,36.7364,118.5458
8890,42.8794,129.5066
8891,32.9435,119.2893
8895,22.6926,114.0513
8900,22.8773,108.3253
8901,30.2982,120.1333
8906,41.8732,123.2678
8909,36.7827,117.8558
8912,45.8714,126.764
8973,39.7073,77.2809
8998,42.1339,86.8585
9011,42.0575,86.5285
9014,42.0607,86.8365
9017,41.9602,86.7898
9027,41.8933,86.7754
9034,42.1382,86.3618
9205,41.0888,80.2856
9215,41.1188,80.2341
9229,41.2151,80.0793
9264,38.4785,77.4062
9265,38.4199,77.1185
9273,38.4236,77.0705
9292,39.4485,76.0054
9293,39.4898,76.088
9378,37.2716,79.7344
9396,37.2491,79.6385
9739,43.24555876236496,126.99156853842184
9742,44.534234980217725,125.6573384227699
9757,44.29649012604828,126.4832907278618
9768,33.83742508365046,116.89985284373248
9769,31.26033450352296,121.5324217733388
9771,39.22973279224013,117.11370173320348
9772,43.77454749016213,125.25502135295602
9773,43.781272672887866,126.55742692948968
9774,39.10958350559264,117.13736874205942
9775,36.10355586841671,120.2718481581956
9776,39.06764339456057,117.15990855298811
9778,30.159902134647503,120.16427033152408
9779,23.157724370658613,113.123935123816
9780,39.93226345557043,116.3111572371062
9781,39.76951547789558,116.544665661176
9782,40.03968960992237,116.50251920443492
9783,31.17138413075201,121.34930163420192
9784,31.285269907953648,121.45204574812188
9785,31.956611470453435,118.79855307303336
9786,22.980316556334568,116.47279612062364
9788,31.593513322826823,120.75602040635334
9789,39.14401308380299,117.10545633665768
9792,31.259369993643325,121.59656227050694
9793,39.77654775061558,116.31879485872574
9799,43.712365193103935,126.69606608098016
9800,38.99167343078899,121.50961470446023
9803,36.74138110400578,116.87221339552023
9804,39.85753971856328,116.29476071785754
9805,22.65893102776268,114.09698943804828
9808,31.29888185350142,121.51126724140656
9819,31.148639449647487,121.34309397294864
9820,39.83692543587413,116.3083663861762
9822,39.94002112695313,116.52143817705633
9838,36.22286930019396,113.12080370696866
9839,36.05544362537499,113.05359393927098
9840,22.89247976579,112.88186856720009
9843,29.251640664221764,120.22848588459864
9844,43.79129126319772,125.41846490458356
9845,43.75033493981577,87.63969174917807
9846,41.850058913228274,123.44073240522243
9848,45.69623401949152,126.54595555311997
9850,36.11326930855269,103.64497634867836
9852,29.61355183712283,106.4523099287015
9853,27.88728132143073,113.11602060389016
9863,34.337786703661074,109.06913307798578
9864,31.416125927279538,120.7039626637573
9867,22.58192871789788,113.912759115485
9869,22.981518475153862,113.15824241542524
9872,23.08365376640426,113.67117472624903
9874,34.314889869714165,109.05476702314826
9875,32.117283867690105,118.82049258100064
9876,39.778102430348426,116.37031474091782
9880,41.778443391062495,122.46079112793156
9881,39.03307116538791,117.70775530814564
9892,41.80084782400583,123.5170403787375
9895,36.69450216800975,117.14701615503128
9898,45.80910472229858,126.70074522519612
9901,28.79012169557403,115.98397216576694
9902,37.69340271965828,112.75045488840615
9906,32.6283086849297,111.14539982046944
9909,32.55742368128737,111.15239450042624
9946,32.71741180022768,111.0906126737261
9948,32.37101130851154,111.51968205718394
9953,31.215336770610016,121.3633690978493
9954,31.146306702514064,121.37439299549196
9956,31.167232711129927,121.48093971940466
9957,31.15232337825084,121.50631573284316
9958,31.314613929888058,121.46554218593684
9959,31.323328309789456,121.4485463376876
9960,31.200237162232103,121.4959293324618
9961,31.087799760783447,121.4055800352908
9962,31.262811914409056,121.54946550889024
9963,31.26872642954737,121.34228384501615
9964,31.275576262928464,121.45239853556608
9965,31.337577331170017,121.43359420356948
9966,31.25604082411932,121.44589211673164
9967,31.291250504326506,121.4361719350104
9968,31.22577050260692,121.385190578823
9969,31.285324903131663,121.41094436584537
9971,31.13471739062245,121.46469416610203
9972,31.28911443875152,121.36001694823754
9973,31.19050582754109,121.6097557020616
9974,31.20818917441856,121.5873789505584
9975,31.19994534874081,121.41744635427824
9976,31.274613635344288,121.57608766745012
9977,31.20400453655454,121.58614608809496
9978,31.129080336399067,121.50597118704994
9979,31.232510897832352,121.34143005893314
9980,31.23506139215696,121.46423492042167
9981,31.18446155684104,121.3403586122207
9982,31.17067574041951,121.3977611813924
9983,31.14820106047441,121.43087519869208
9985,31.302746193686097,121.47541340564509
9986,31.17271438499633,121.38639620805873
9988,31.189159421535297,121.37327686635506
9989,31.22764586154199,121.54738143111504
9990,31.305336462586386,121.39167344291012
9991,31.231320968442404,121.54941113249708
9992,31.117350849219704,121.4590906969552
9993,31.325107614354224,121.37352755387086
9994,31.19097941428144,121.61319500092117
9995,31.152942504344946,121.3908174561458
9996,31.322750017549005,121.38172826564298
9998,31.15648885321903,121.55789690711843
9999,31.21088410554411,121.61495557301242
10001,31.272739591577405,121.35783414657092
10002,31.295024477588417,121.5397328051635
10003,31.292192171785835,121.33581409933456
10004,31.31230906081188,121.44043244524212
10005,31.18433934280804,121.36727062345015
10006,31.28119200563956,121.61364232242356
10007,31.261196599017776,121.58794372105476
10008,31.290356183390063,121.5912608415315
10009,31.35384652434611,121.46152373448416
10010,31.34704260326654,121.49529618083976
10011,31.36512362341094,121.57553834456672
10012,31.31267020655758,121.52065300733
10013,31.22817618819389,121.53197075209896
10014,31.267475919715547,121.38273568928142
10015,31.19556980444017,121.39102363196132
10016,31.232934330333112,121.54421484478264
10017,31.33575984401532,121.61611490892878
10018,31.153615343382025,121.5323739316497
10021,31.11955208624942,121.40164522221214
10022,31.237256221800344,121.33216012959063
10023,31.2983904831844,121.43410057782972
10024,31.176434189709543,121.35080740998868
10025,31.338119754021708,121.4106610001222
10027,31.24394430846152,121.56826474456804
10028,31.228823879523578,121.34456331220984
10029,31.361056248581995,121.59186823284368
10030,31.09953327973763,121.57027292792397
10031,31.3012492507808,121.3320748960378
10032,31.209183730245147,121.5435622369052
10033,31.33217285394418,121.3709049716938
10034,31.309477643783428,121.55196261025772
10035,31.162916176372978,121.55901912806628
10036,31.1041750646178,121.47412821179712
10037,31.274352466267025,121.40713949897012
10038,31.13875600895724,121.42001420024332
10039,31.26281170178864,121.585918968902
10040,31.318682427203218,121.35587841270232
10041,31.224255844186164,121.34723521353568
10042,31.19382024707376,121.3945401109968
10043,31.18113767821654,121.27915871471556
10044,31.262629769865377,121.42289477154829
10045,31.21152256702276,121.28832053698012
10046,31.3202910814428,121.33845046329714
10047,31.2714864531939,121.40572100946808
10048,31.17011556243936,121.52371040073426
10049,31.050892678787783,121.34066293224258
10050,31.337404579154853,121.42991966197611
10051,31.228713000138224,121.32046487832032
10052,31.19442337056179,121.30068344258636
10054,31.277746463542982,121.49019797583593
10055,31.160841772503566,121.3518740635132
10056,31.15181507321116,121.30065229809844
10057,31.27518497611476,121.4900223951762
10058,31.113216739329733,121.3703656080402
10059,31.25713513040111,121.41067877759596
10060,31.18824549699507,121.46326848776974
10061,31.1920548809297,121.49579851836528
10062,31.27487755226654,121.4906544476441
10063,31.16304368192943,121.52446561739094
10064,31.10614324997488,121.43727622625028
10065,31.290693019313466,121.42525506707216
10067,31.06390902961129,121.4393975379044
10068,31.094321910476232,121.3317903679016
10069,31.07744933263112,121.45396003225169
10070,31.3217836974618,121.41773104475934
10071,31.32491631971403,121.49030400804666
10072,31.29885233102798,121.33353598177312
10073,31.219708119291685,121.39198967054791
10075,31.2638633501346,121.3730762709523
10076,31.19888305383019,121.27586588734066
10077,31.23142612193764,121.40846229285364
10078,31.068681353490337,121.47067270726888
10079,31.27768096076603,121.4243561265214
10080,31.281067753353483,121.53975318183107
10081,31.2740829145246,121.39074676502476
10083,31.205667323714337,121.56669985772032
10084,31.19783751359002,121.6594400426759
10085,31.18199657927662,121.54443916051962
10086,31.17868245860509,121.55116353375958
10088,31.03879123833438,121.4740696999242
10092,31.08043380472369,121.63850599957068
10093,31.153077705623765,121.41562241206184
10096,31.05860971342204,121.4375097710599
10097,31.02711061784296,121.4254442306106
10098,31.115150235042524,121.44735189719512
10099,31.25224518335388,121.65623832004488
10100,31.209762742839526,121.40333092579436
10102,31.082911690711963,121.63285554385072
10103,31.085983547293537,121.4110011854001
10104,31.14702894538395,121.50689258852704
10105,31.26627837497804,121.42408858677756
10106,31.134126086185347,121.53766460609094
10107,31.012125032097146,121.58236689184386
10108,31.10516811345423,121.50078119182326
10109,31.22403368140504,121.47276651547848
10110,31.268575771965384,121.66251727928156
10111,31.032514516796127,121.66528858021732
10112,31.30279523259794,121.55400941939732
10113,31.03862725177577,121.63689325349888
10114,31.040078686194565,121.41480343215356
10115,31.03189668860288,121.69941952738904
10116,31.13262037138401,121.51534814473276
10117,31.19357248921822,121.6936959421084
10121,40.523719496537645,116.9589894235706
10129,40.38387583448407,116.6694456495276
10130,40.33030237785869,116.8195965776127
10136,40.43517141279731,116.73166833472528
10141,40.46954667297965,116.98768664434824
10144,40.49751862559419,117.0072604097104
10149,40.51118904493619,117.01657301093977
10150,40.55718008225165,116.9962889613288
10151,40.360150681679606,116.74608836738612
10159,40.33759055191395,116.76003851568724
10161,40.47252779012378,116.9632098926634
10169,40.26295711128776,116.72928462968537
10180,40.40335904945606,116.81856604017324
10182,40.51174970455968,116.87838984340516
10185,40.34146268225759,116.67831028026548
10193,40.49254833256873,116.95924297029028
10196,40.48560983574037,116.9308018223465
10216,40.36325027200369,116.82631393522364
10227,40.490297340563984,116.99204670260632
10243,40.3640231217944,116.8381777682225
10248,40.558965131447145,116.92623616906626
10263,40.39425245165431,116.89317862987228
10264,40.21292496536668,116.6533129008926
10276,40.26475318945501,116.67739521646456
10282,40.49725759089476,116.83132364094864
10289,40.42635567597379,116.76227179954704
10296,40.412917628501766,116.8350667258459
10309,40.35957124736542,117.00852033818336
10313,40.49465751410389,116.9402853710311
10320,40.39410106284047,116.81405122667942
10332,40.31612699819609,116.7151781582922
10339,40.48204914745079,116.93339601098953
10347,40.2956272269221,116.60878172234392
10353,40.192101027780886,116.7554160902978
10356,40.31188770182982,116.6369122684567
10357,40.15847082360845,116.5621406803904
10358,40.32725367546384,116.60227048981096
10364,40.21340192165677,116.42675133245508
10370,40.41874248227061,115.51054268924284
10380,40.27980169822401,115.61432808667269
10387,40.290427394719366,115.53760152402694
10392,40.45499737949248,115.61666146426496
10395,40.416138495261336,115.75647328962609
10403,40.41240513986427,115.53441367305396
10428,40.37267974896307,115.7827111853438
10448,30.69368357473401,104.13648464391224
10450,30.62696762266918,104.02483497755225
10451,30.668831010954047,103.92411796826408
10452,30.60285962984191,103.93370961180028
10453,30.60693538096826,103.98486605621204
10454,30.61625473229372,104.0884897944191
10458,30.61469326751053,104.14661387205388
10459,30.65028897135305,104.02720365045798
10462,30.57947178322383,104.0878553744116
10464,30.65381288901479,104.1255298781304
10465,30.68783648397836,104.1012001284662
10469,30.729926867294672,104.01318614363652
10471,30.69798174912634,104.0029402914345
10477,30.56286470695576,104.04499960871068
10480,30.539228121138606,104.25817665324386
10486,30.83821589241656,104.17249760169334
10488,30.799509524604883,104.04146487241216
10489,30.523928476916627,104.06924319723431
10491,30.699367086312844,104.0863358466122
10494,30.824403852025423,103.9572962895722
10498,30.760540247117017,104.12583309975264
10501,30.83159425807451,104.20282722330276
10506,30.76594638197028,103.91915948787585
10507,30.770916487944625,104.11680532456246
10510,30.706505652391023,104.1645969475875
10511,30.553489677960496,104.03157511208651
10513,30.796203272250608,104.1243971575801
10514,30.745773013491323,104.0303064110374
10516,30.78985821454689,103.97256722871336
10518,30.607211340646703,104.02935472896336
10520,30.610384526083458,104.0573561021384
10522,30.701310333372653,104.00816408443644
10526,30.67394296489569,104.14239306380026
10527,30.7742827294955,104.0649376121397
10528,30.564113627503303,104.01615064673103
10530,30.855303597026985,104.22564691409852
10532,30.48359362369844,104.06424324771652
10533,30.57585132563791,104.20616534967192
10535,30.81645306416741,103.97667768986096
10536,30.68584201022013,103.90654386578262
10540,30.780943210853465,104.04363402387098
10541,30.74682931251803,104.00318185091884
10542,30.56337386690766,104.03858309812864
10544,30.762079931088927,104.11975556665256
10546,30.80181600325924,104.13024729741576
10548,30.74376295187396,104.04696856637756
10552,30.866887446079364,104.0123226029387
10553,30.55772170045912,104.09629891328514
10556,30.58306662353274,103.94690882645962
10557,30.66280125030278,103.9832215357016
10562,37.89141405801437,118.914238832454
10569,37.90265532803811,118.84023298774387
10583,37.715673619286335,119.0790317179148
10585,37.73135793001259,119.13338537237848
10586,37.76798132102007,119.1747729010054
10587,37.67391145959992,119.0543894705477
10588,37.67750450917259,119.14068452298864
10589,37.67514996606694,119.16606176311318
10590,37.68466628909944,119.12198921139522
10591,37.756543264116274,119.14697505453184
10592,37.75883188303165,119.08392584125713
10593,37.68602422647207,119.04937563675657
10594,37.76971983973728,119.1202087191614
10595,26.423356181520383,99.40801749462086
10596,26.42683564407671,99.40627195444254
10597,26.42397766107328,99.40626554374872
10610,26.419511593500538,99.4047515796397
10677,43.59873520314158,118.05380492181564
10830,23.10254457978416,113.44114108635002
10831,23.11817517657217,113.39711427933086
10832,23.07330956420817,113.39075708376832
10833,23.09293588650905,113.39708908267366
10834,23.02274397673905,113.476878211783
10835,23.008023086971143,113.42697493301785
10836,23.023689033953847,113.46431308985689
10839,23.089504299213377,113.29343814972152
10840,23.07293746629958,113.30735756649877
10841,23.0425661694246,113.3012845998902
10842,23.0937383515388,113.322464648461
10843,23.07509782817518,113.29559637834204
10852,32.636159108177694,111.15382631494356
10868,32.62495003017192,111.74440983865028
10880,32.68801855086147,111.161039632767
10883,32.66088865993126,111.1887669142572
10884,32.57533997241622,111.42567588251246
10913,32.5265939380614,111.73634353267282
10914,32.589899146823925,111.50485000440628
10922,32.61886564408114,111.17290411097744
10959,32.54837316420976,111.49650021023244
10960,32.28512724965654,111.84706472152472
10973,32.68824341227284,111.15266860403403
10977,32.39957848230027,111.6862705019792
11001,32.73116047713382,111.56067378706464
11004,32.44451022155289,111.6521768845433
11013,32.70384334725819,111.46893865285466
11032,32.51215981869967,111.51457703632384
11042,32.36968167521007,111.64187594872855
11053,29.06308031218859,111.73254206571042
11113,29.85637527604436,113.42967387479392
11161,23.339574108651952,109.44883797443758
11201,43.28260472400201,121.19216496344418
11220,31.0537641944144,122.97577981677428
11222,28.455565745886897,117.88311743339206
11226,27.006559384324973,120.60584942574644
11227,30.476481594458733,120.99611376050454
11229,34.436297001077044,122.31277656550742
11230,30.528204261682937,121.37589325870692
11232,33.67723810565994,120.89258375631664
11233,32.90568364493047,119.25663494832644
11235,33.3900119564921,121.0576159471168
11236,30.844847742161747,121.6039327325256
11237,33.35418416058042,121.58634727543075
11251,38.02526460121586,118.18008096569766
11255,36.76642565843825,114.9466165762142
11259,36.63512076409329,116.91806367810015
11261,34.73765000378088,120.50286444088758
11263,36.88857346407261,118.83002938159326
11265,36.96864071674714,120.70406571193443
11290,45.894037301481895,126.62401810877864
11298,23.12270553243664,113.36812139072072
11299,23.185540365809512,113.20981125725774
11302,39.15421742051142,117.26432101977188
11303,31.255740350934005,121.65860698505912
11305,39.18747196962171,117.2979718208599
11308,31.33751064040584,121.47197293984314
11311,31.337767556474624,120.79722008125866
11312,37.46426431980824,118.80432510766173
11314,24.75684755753871,118.87182831960132
11318,28.44780227182143,121.53053113353792
11319,23.139061164246325,113.22453622790496
11321,39.13878137308592,117.2200129433012
11322,22.703552423867173,113.30474336066996
11325,40.06399215008632,116.34260415463618
11326,31.151995559753413,121.53652377177288
11327,23.159152951723325,114.3998659987663
11336,31.09466812982388,121.51097771832008
11338,31.316839590519404,121.45370491190197
11341,34.81767720323666,113.65152915180946
11348,39.78158868003708,116.55187397942905
11404,28.66982035021043,93.46163191006444
11423,27.88208750962355,113.08531459617367
11426,24.268456283739702,109.30462887748752
11429,24.31791315976144,109.43310330776671
11445,25.52953484755259,103.76222892208084
11451,25.5089841347128,103.80406534206286
11454,27.69133395054128,109.1831825996674
11455,27.741611146644747,109.19472873198087
11468,40.645656231587004,120.8855483239405
11469,40.72147992275898,120.84358568994452
11470,40.66013694009359,120.88019620533888
11473,40.58997069208903,120.89685611075038
11476,23.08820444228069,113.02593865977096
11478,22.95791557224416,113.5020289407506
11480,22.92036264545036,113.0506861010366
11481,22.904482372518235,113.463701538094
11482,22.972748815514898,113.1712829564012
11483,22.910044236814752,113.36024814685784
11484,22.892799470182545,113.27720255167635
11486,23.13690453601859,113.27670788120464
11487,23.21144943908767,113.20878269344357
11488,23.23931034157047,113.2928422875125
11489,22.982250805433704,113.14772783734897
11490,23.03467826515364,113.17715582387449
11491,22.95512153696209,113.42671510368918
11493,22.989051222237293,113.0732924872074
11495,23.317162708158488,113.03585628962308
11496,22.99543631588973,113.26988931928484
11498,23.16485296447877,113.21410512323308
11499,23.03283727624381,113.33501135997776
11500,22.99840869726971,113.08555534491316
11501,23.06518840484302,113.19338741652516
11514,29.33766573803309,96.62342205212134
11518,34.68991205431827,82.34740696109277
11519,30.551124919356003,90.43523089058829
11522,31.00430681956683,93.84181263151984
11682,41.9467,86.7048
11687,42.1828,86.7181
11697,42.0759,86.5044
11718,41.7772,86.1412
11782,41.7122,82.9362
11810,41.6413,82.8233
11825,41.7323,81.9658
11839,41.8038,81.8546
11923,37.8927,77.4167
11933,37.8688,77.4033
11964,39.4454,76.0221
11965,39.4515,75.9913
11966,39.4468,75.966
11989,39.4679,75.9591
11997,39.417,76.0213
12000,39.4106,76.0136
12007,39.4453,76.0243
12084,37.2336,79.8872
12296,20.139,110.4727
12297,20.0989,110.3928
12298,20.0807,110.2785
12299,19.9724,110.3702
12303,20.0982,110.3825
12304,20.1099,110.2834
12306,19.9791,110.3384
12308,20.0525,110.2599
12310,20.1119,110.2532
12315,20.0786,110.3008
12317,20.1161,110.3154
12319,18.1213,109.6799
12321,18.1941,109.5992
12323,18.3022,109.3397
12324,18.1541,109.4891
12325,18.145,109.3635
12326,18.2017,109.5339
12329,18.1901,109.3884
12330,18.2538,109.4448
12331,18.1147,109.3574
12333,18.0903,109.3533
12335,18.1382,109.5576
12336,18.1205,109.4149
12337,18.2074,109.5552
12373,19.5165,109.5662
12388,29.6538,91.1724
12415,29.6516,91.032
12440,40.1188,116.6325
12446,40.1719,116.6335
12447,39.9546,116.4973
12450,40.156,116.606
12451,40.1298,116.6614
12453,40.2166,116.5547
12456,39.9834,116.6127
12460,39.8984,116.486
12461,39.7083,116.2803
12462,39.8975,116.2608
12463,39.773,116.5023
12465,39.7114,116.2675
12469,39.8646,116.4406
12470,39.8201,116.4026
12472,39.7495,116.2924
12475,39.8824,116.6621
12476,39.8978,116.5844
12478,39.7867,116.5671
12479,39.7693,116.6647
12480,39.8678,116.6847
12482,39.9599,116.5717
12483,39.8873,116.5322
12484,39.9431,116.8346
12485,39.953,116.5217
12487,39.9026,116.713
12489,31.2839,121.3654
12490,31.1496,121.4729
12491,31.0384,121.2592
12492,31.0086,121.2918
12494,31.1075,121.3793
12495,31.2534,121.5069
12496,31.2037,121.5726
12497,31.2657,121.4774
12498,31.086,121.5709
12500,31.0682,121.4351
12501,31.0279,121.538
12503,31.1661,121.5734
12506,31.1597,121.323
12507,31.1016,121.3117
12509,31.2072,121.3145
12510,30.9753,121.4723
12511,31.1905,121.3621
12513,31.027,121.2074
12514,31.0791,121.3368
12515,31.3442,121.599
12516,31.1584,121.4184
12517,31.156,121.3617
12520,31.1821,121.4317
12523,31.2094,121.5222
12525,31.1509,121.4464
12526,31.2754,121.2991
12528,31.2567,121.2015
12529,31.3062,121.5407
12530,31.1604,121.3092
12531,31.3221,121.5219
12535,28.5586,121.5557
12536,28.7421,121.5492
12537,28.5688,121.3749
12538,28.5713,121.3475
12539,28.5666,121.3434
12545,28.7046,121.3268
12546,28.5199,121.5697
12548,28.6694,121.4956
12550,28.5341,121.3802
12555,28.5646,121.4239
12556,28.6272,121.3877
12558,28.6891,121.4368
12561,28.5472,121.3842
12563,28.5167,121.3606
12569,28.6187,121.5217
12570,28.5174,121.4257
12571,28.5287,121.407
12574,23.0884,113.6367
12576,23.1253,113.7791
12578,23.1545,113.5801
12580,23.0757,113.4399
12582,23.2919,113.6392
12583,23.1645,113.4708
12587,23.1957,113.4099
12595,23.0899,113.4455
12597,23.1507,113.7506
12598,23.1511,113.5983
12602,23.1388,113.6228
12610,23.1033,113.4439
12611,23.125,113.4978
12612,23.0016,113.5347
12615,39.0374,117.0984
12616,39.1923,117.1946
12618,39.1414,117.1628
12619,39.0265,117.2459
12620,39.1455,117.2237
12621,39.0593,117.1377
12622,39.1951,117.0894
12623,39.2292,117.1089
12624,39.0872,117.142
12625,39.0444,117.3091
12627,39.084,117.0992
12628,39.0884,117.1575
12634,39.538,116.689
12637,39.534,116.7212
12638,39.6091,116.7361
12639,39.5872,116.7719
12644,38.8041,121.4877
12645,38.8639,121.664
12646,38.9925,121.6033
12648,38.9371,121.7121
12649,38.8362,121.661
12650,38.9036,121.6474
12651,38.8636,121.6105
12652,38.9696,121.563
12663,29.34,120.175
12664,26.425,99.408
12665,26.425,99.408
12666,32.047222,118.761667
12668,25.8,113.03
12669,25.8,113.03
12685,22.683,113.517
12686,22.683,113.517
12687,22.683,113.517
12688,22.683,113.517
12689,22.683,113.517
12690,22.683,113.517
12694,22.68,113.51
12695,22.68,113.51
12696,22.68,113.51
12697,22.68,113.51
12698,22.651,113.55
12699,22.651,113.55
12700,22.651,113.55
12701,22.651,113.55
12702,22.651,113.55
12703,22.651,113.55
12704,22.651,113.55
12705,22.651,113.55
12706,22.651,113.55
12707,22.651,113.55
12708,22.651,113.55
12709,22.651,113.55
12710,22.651,113.55
12711,22.651,113.55
12712,22.651,113.55
12713,22.651,113.55
12714,22.651,113.55
12715,22.651,113.55
12716,22.651,113.55
12717,22.651,113.55
12727,39.0,117.0
12734,41.025,121.875
12735,25.75,100.12
12751,30.301,120.209
12753,42.03,87.22
12759,44.0,87.3
12760,28.23,112.94
12761,41.07,122.975
12762,42.0,86.9
12764,31.515,120.255
12765,31.515,120.255
12770,29.185,112.99
12771,29.185,112.99
12772,29.185,112.99
12773,41.05,82.67
12774,38.73,106.285
12785,28.114,86.934
12788,28.057,86.929
12789,28.035,86.943
12807,29.58,105.06
12808,28.76,104.64
12810,29.35,104.78
12812,31.997,123.503
12813,31.502,123.005
12814,31.501,122.511
12815,31.008,122.498
12816,30.697,122.73
12817,30.51,123.494
12818,30.004,123.008
12819,29.002,122.511
12840,31.23,121.47
12843,39.032,117.645
12851,23.1128,113.3769
12852,22.9993,113.5157
12854,22.4673,113.9392
12855,22.386,113.6327
12856,22.2173,113.633
12857,22.1815,113.5548
12858,22.2753,113.3422
12864,30.90369,117.79676
12866,26.02885,119.41859
12867,34.33,108.925
12870,30.65918,117.48912
12871,30.66745,117.48769
12873,31.85073,117.22941
12874,31.8414,117.22666
12875,31.83708,117.38063
12876,31.8379,117.22117
12877,31.82302,117.2277
12878,30.30769,108.0366
12879,31.86181,117.21607
12880,31.86582,117.21648
12881,31.86765,117.24039
12882,31.86943,117.22774
12883,31.86996,117.24395
12884,31.87025,117.24667
12885,31.87116,117.24538
12886,31.87253,117.24268
12887,31.87269,117.22348
12888,31.87335,117.23951
12889,31.87493,117.22751
12890,31.87513,117.24337
12891,31.87548,117.23371
12892,31.8757,117.24258
12893,31.8765,117.23618
12895,31.37474,118.42692
12896,30.91918,117.77522
12897,30.92491,117.76384
12898,30.93553,117.75925
12899,30.9411,117.81596
12903,30.96658,117.73202
12913,30.94199,117.81596
12914,30.92056,117.82552
12915,32.95,117.36667
12917,31.43917,118.36043
12919,31.34074,118.37611
12920,31.34425,118.37336
12921,31.3935,118.39533
12922,31.39936,118.38847
12923,31.40288,118.38709
12926,31.31178,118.40625
12928,31.3935,118.39533
12929,31.39936,118.38847
12930,31.40925,118.36497
12933,31.26028,118.28889
12936,31.31815,118.37454
12937,31.38061,118.4228
12938,31.4767,118.40407
12939,31.23159,118.26429
12941,31.33604,118.37199
12942,31.34074,118.37611
12943,31.34689,118.3845
12944,31.34748,118.38587
12945,31.39819,118.39259
12947,30.95877,117.81179
12949,30.84793,116.36014
12954,31.83682,117.38052
12955,31.83693,117.38044
12956,31.83699,117.38054
12957,31.83701,117.38063
12958,31.83708,117.38042
12959,39.85757,116.46253
12960,39.91992,116.31013
12961,39.9441,116.14023
12962,39.95732,116.31988
12965,39.94903,116.39413
12966,39.96791,116.36886
12967,39.98695,116.35705
12968,40.01552,116.30193
12969,40.13333,116.43333
12970,39.91013,116.35841
12971,39.7262,116.34206
12972,39.74943,116.14156
12973,39.90974,116.65791
12974,40.13059,116.654
12975,40.6671,122.23516
12976,40.13059,116.654
12978,39.94396,116.3101
12979,40.22188,116.23103
12981,39.90641,116.31109
12982,39.91816,116.31094
12983,39.92381,116.31034
12984,39.93389,116.31001
12985,39.94396,116.3101
12986,40.66996,109.80868
12987,29.5639,106.5507
12988,29.56062,106.46297
12989,29.57122,106.46179
12994,39.90974,116.65791
12995,28.45662,109.00319
12997,29.03216,106.65212
12998,29.16895,107.09706
12999,29.52567,106.56179
13001,29.54479,106.45594
13003,30.68044,107.79902
13004,31.16816,108.3907
13006,29.55263,106.54866
13007,29.3925,106.52839
13009,29.56756,106.54034
13010,29.57495,106.5563
13011,29.7513,106.64941
13012,38.41863,112.73336
13013,29.56749,106.54795
13014,28.94939,106.92626
13016,29.36542,105.92427
13017,29.40282,106.54024
13018,29.40969,105.59489
13019,29.48683,106.48214
13020,29.51014,106.51087
13021,29.52687,106.56247
13022,29.54598,106.45869
13023,29.60451,106.2264
13024,29.60869,106.57483
13025,29.70953,107.38545
13026,29.73338,106.62465
13027,29.80967,106.39826
13028,29.85494,106.05336
13029,29.98111,106.27858
13031,30.82206,108.40169
13033,45.73213,126.6709
13034,29.83099,106.41673
13037,29.31993,106.25894
13038,29.86923,107.72878
13041,29.55755,106.46356
13042,29.7143,107.3882
13043,29.86208,107.07784
13044,29.86923,107.72878
13045,30.30769,108.0366
13046,30.30769,108.0366
13047,30.81499,108.40443
13049,30.94228,108.69832
13050,31.02469,109.46736
13051,31.02469,109.46736
13053,31.08352,109.87935
13054,31.08587,109.87935
13056,24.65626,118.62629
13057,24.65642,118.62423
13058,24.65673,118.62105
13060,25.96098,119.46134
13061,25.98953,119.41751
13062,25.99896,119.29693
13063,26.01082,119.35434
13064,26.0365,119.29731
13065,26.06072,119.18448
13066,26.13171,119.18378
13069,28.24572,113.055
13074,24.42715,117.90585
13076,26.01992,119.65568
13077,26.0515,119.57547
13080,24.2364,117.96466
13081,24.46754,117.67901
13082,26.67139,119.54802
13083,24.92995,118.64203
13084,24.93571,118.64478
13085,24.9382,118.65525
13086,24.94719,118.66637
13087,24.94925,118.67139
13088,24.95739,118.68092
13089,25.08995,117.01184
13090,25.95396,117.92431
13091,26.23476,118.25287
13094,24.52799,117.89977
13095,24.51589,117.71565
13097,24.97688,118.38686
13101,24.44754,117.8172
13102,24.52214,117.71016
13103,24.52526,117.64973
13104,24.59712,117.99031
13105,24.59712,117.99031
13106,24.61651,117.99573
13107,24.63087,118.04139
13108,24.74434,118.64605
13109,24.75057,118.15499
13112,25.28816,110.29027
13113,26.52527,106.69706
13115,28.21939,112.94941
13118,24.52151,117.65042
13119,24.88644,118.67421
13123,26.07775,119.28933
13126,36.08129,103.7274
13128,38.92737,100.44779
13129,38.92737,100.44779
13132,39.77477,98.28908
13133,40.68376,109.84297
13134,38.52131,102.1858
13135,38.52238,102.18786
13139,36.54426,104.19819
13141,36.0602,103.82413
13142,36.0935,103.62971
13143,36.10571,103.71976
13144,36.34721,102.85929
13169,38.47456,102.19858
13173,39.77477,98.28908
13174,38.52346,102.18786
13176,36.06908,103.78626
13181,38.49821,102.19652
13183,38.52131,102.1858
13185,45.73334,126.62921
13186,45.73494,126.69003
13187,38.52292,102.18786
13188,23.09821,113.33306
13189,22.98423,113.01077
13190,23.03796,113.19693
13191,23.05194,113.12464
13192,23.06007,113.05179
13193,23.08779,113.17582
13194,23.11873,113.18706
13195,23.12434,113.00742
13196,23.19339,113.06147
13197,23.20009,113.16415
13198,23.08731,113.12856
13199,23.0746,114.02194
13206,20.50367,110.49785
13208,21.35,108.58333
13211,23.07973,113.75752
13212,23.17066,113.26314
13214,23.1593,113.315
13215,23.20696,113.26281
13217,23.33154,113.35683
13219,23.10375,113.35376
13220,23.12049,113.33996
13221,23.1271,113.2643
13223,23.16309,113.35448
13225,23.32011,116.35426
13228,22.55632,114.08136
13233,22.80973,114.92449
13234,23.13783,114.41691
13235,21.20746,110.39602
13237,22.53793,114.05103
13238,22.94954,112.04661
13239,22.86985,113.29335
13241,22.90274,113.84092
13242,23.42041,116.68263
13243,22.58311,113.88366
13244,22.59973,113.84207
13245,22.60625,113.84852
13246,22.63699,114.01248
13247,22.65364,114.0166
13248,22.65774,113.92165
13249,22.66083,113.91808
13252,22.68605,113.95894
13253,22.69508,114.08743
13254,22.71594,113.89336
13255,22.71786,114.09793
13256,22.73661,114.09022
13260,22.75927,113.94788
13262,22.77064,113.90262
13263,22.78085,113.89568
13264,22.7841,113.89418
13265,22.79466,113.83514
13267,22.8072,113.86054
13269,22.93848,113.91993
13271,24.18456,113.38774
13279,23.49694,116.24813
13285,22.63027,114.42539
13286,22.82176,113.97446
13290,23.49694,116.24813
13295,22.42119,113.72182
13297,22.41103,113.71083
13298,22.543,113.39381
13299,22.85466,113.52681
13300,23.60513,113.07737
13301,23.60513,113.07737
13303,22.63936,114.42187
13304,22.69488,114.22873
13305,22.71412,114.2323
13306,22.71507,114.31014
13307,22.72632,114.28989
13308,22.74262,114.3559
13310,23.2262,113.26822
13311,23.40277,116.6689
13312,22.81614,114.1003
13313,22.81669,113.67286
13314,22.90266,113.84126
13315,23.0363,113.76136
13316,23.09426,113.65724
13317,23.10113,113.81285
13318,22.42626,113.71083
13319,22.83315,113.28669
13320,22.86985,113.29335
13321,23.0235,113.12063
13322,23.08479,113.14229
13323,23.21106,112.89784
13324,22.98977,113.11539
13325,23.00604,113.07608
13326,23.00644,113.07643
13327,23.03796,113.19693
13328,23.19339,113.06147
13332,23.10137,108.30132
13333,24.7,108.03333
13335,23.945,109.26949
13339,24.82389,107.57694
13344,22.84707,108.26436
13345,22.85245,108.26884
13347,24.32989,109.40695
13352,21.47575,109.12065
13353,21.5,109.0
13360,24.83473,108.25035
13361,24.83473,108.25035
13364,24.61245,110.4373
13366,24.826,107.57879
13367,24.32305,109.40881
13368,21.35,108.58333
13369,21.43333,109.28333
13370,21.55,108.15
13373,25.9315,111.06932
13375,25.96082,111.04411
13378,23.90242,106.61843
13380,26.58031,107.23633
13381,26.43492,106.66331
13384,26.71249,106.61936
13386,26.58423,106.71285
13396,27.53948,106.83482
13397,27.58087,106.67509
13398,27.58734,106.85765
13403,26.8593,104.27466
13406,27.0511,106.98331
13409,27.05569,106.97644
13410,27.21449,107.9029
13411,27.21953,107.9029
13417,26.25924,107.51319
13425,27.58635,106.85756
13431,24.42715,117.90585
13432,24.52526,117.64973
13433,27.12324,104.72948
13434,27.12515,104.72712
13435,27.13065,104.72506
13436,27.13095,104.73193
13437,43.50001,87.8944
13448,27.51665,106.90683
13450,27.70846,106.93746
13452,27.76885,107.47683
13453,26.26509,105.94312
13454,26.26509,105.94312
13460,27.76877,107.4764
13466,28.05108,107.58258
13475,41.88234,123.35972
13476,35.21507,113.2419
13480,34.41029,116.03
13482,35.30504,113.92754
13483,34.75572,113.62747
13484,35.21507,113.2419
13486,29.7,120.26666
13487,30.26667,120.2
13491,34.73054,113.91681
13492,34.74641,113.62936
13493,34.74726,113.58954
13494,34.76249,113.66232
13495,34.77179,113.64206
13496,34.7732,113.68858
13497,34.77394,113.64597
13498,34.78096,113.68172
13499,34.4096,114.16846
13501,34.74648,113.62945
13502,34.76203,113.66286
13503,34.77299,113.64657
13504,34.77433,113.68858
13505,34.78198,113.66335
13506,34.87959,113.67399
13507,36.76059,118.83605
13512,34.88864,114.28203
13522,34.59746,113.68017
13524,34.67637,113.6579
13525,34.70038,113.63057
13526,34.73069,113.7357
13527,34.74902,113.65576
13528,34.82002,113.74261
13529,34.83795,113.60276
13535,39.54165,116.68304
13542,38.87393,116.45772
13543,39.12473,116.39307
13544,39.32261,116.49882
13545,39.43831,116.29911
13546,39.7621,117.00419
13547,39.88656,116.98987
13548,39.98291,117.07914
13558,39.12473,116.39307
13559,39.13752,116.39191
13560,39.32261,116.49882
13561,39.32686,116.5004
13562,39.46376,116.30402
13563,39.54535,116.6851
13564,39.7621,117.00419
13565,39.77266,117.00714
13566,39.88656,116.98987
13567,39.98291,117.07914
13577,38.62799,115.37222
13587,38.6846,115.52924
13591,38.76099,115.56822
13597,38.78529,115.62942
13599,38.83688,115.48951
13600,38.8453,115.75644
13602,38.85524,115.52728
13603,38.87393,116.45772
13607,38.88684,115.29373
13612,38.91661,115.48279
13614,38.92234,115.46494
13617,38.93572,115.64507
13623,38.95003,115.46021
13628,38.83482,115.47399
13629,38.86987,115.46313
13632,38.88832,115.35958
13635,43.86424,125.32338
13636,38.09458,116.5773
13638,39.30055,119.16655
13639,39.32034,119.16655
13644,38.84549,115.50931
13648,39.24782,121.2346
13649,39.31485,121.10339
13651,39.63127,121.2346
13653,39.8018,119.55341
13654,39.81166,120.00446
13656,38.78835,115.49515
13657,38.31095,116.84029
13659,38.06323,114.51325
13660,39.62612,118.11839
13661,23.09426,113.65724
13664,30.38946,114.31508
13667,30.5043,114.34412
13668,30.6261,114.13538
13669,28.32675,117.21286
13672,30.3942,114.89423
13673,30.27929,109.48496
13674,30.45724,115.26679
13675,30.69638,111.28728
13676,30.2033,115.03901
13677,30.0988,114.97996
13679,30.60719,109.72554
13680,32.0593,110.74178
13684,30.23556,109.01028
13718,29.93612,114.70921
13720,30.66361,113.16655
13721,45.73854,126.70457
13722,45.77926,126.67249
13725,45.213,130.90327
13726,45.26051,131.12403
13727,45.34925,130.84284
13728,45.72152,126.67849
13729,45.74525,126.64965
13730,44.5517,129.63333
13731,45.71731,126.75851
13732,47.4677,126.99481
13752,45.74499,127.45823
13754,45.7541,126.721
13762,45.82136,126.808
13767,45.83523,126.646
13782,45.72703,126.76055
13783,46.8104,130.31698
13785,46.39562,124.88833
13787,46.44637,125.20274
13788,46.45122,125.20927
13794,46.55514,125.06963
13796,46.56972,125.1831
13797,46.57379,125.17787
13798,46.58813,125.13819
13800,46.6327,125.23963
13801,46.63441,124.88965
13812,46.0338,126.27838
13816,45.68364,126.64656
13817,45.68532,126.61875
13818,45.68566,126.61784
13819,45.69863,126.6242
13820,45.69891,126.6929
13821,45.70186,126.59536
13822,45.70618,126.69286
13823,45.70675,126.66099
13824,45.70769,126.69693
13825,45.70939,126.68775
13826,45.71002,126.59261
13827,45.71202,126.67368
13828,45.71361,126.66702
13829,45.71385,126.67844
13830,45.71385,126.70374
13831,45.71463,126.66617
13832,45.71481,126.64274
13833,45.72344,126.71071
13834,45.72377,126.66013
13835,45.72799,126.60127
13836,45.72823,126.58162
13837,45.73195,126.65621
13838,45.73213,126.6709
13839,45.73303,126.59398
13840,45.73334,126.62921
13841,45.73337,126.64043
13842,45.73494,126.69003
13843,45.73674,126.69149
13844,45.73734,126.60333
13845,45.73938,126.64796
13846,45.7402,126.66616
13847,45.7408,126.70348
13848,45.74153,126.6241
13849,45.74405,126.60811
13850,45.74405,126.6088
13851,45.7443,126.57993
13852,45.74546,126.70472
13853,45.74573,126.6033
13854,45.74698,126.70519
13855,45.74778,126.64736
13856,45.74832,126.69399
13857,45.74836,126.59406
13858,45.74857,126.58039
13860,45.75273,126.67588
13861,45.75303,126.61021
13862,45.75363,126.60154
13863,45.75519,126.69201
13864,45.75576,126.61393
13865,45.75585,126.69305
13866,45.75784,126.60061
13867,45.75842,126.7087
13868,45.75938,126.66822
13869,45.75986,126.5943
13870,45.76115,126.61125
13871,45.76441,126.59506
13872,45.76521,126.59714
13873,45.76567,126.68565
13874,45.76645,126.6533
13875,45.76847,126.73077
13876,45.76859,126.70832
13877,45.76878,126.61665
13878,45.76968,126.62627
13879,45.77212,126.73004
13880,45.77267,126.73534
13881,45.77282,126.64541
13882,45.77315,126.63433
13883,45.77333,126.69137
13884,45.7757,126.64725
13885,45.77704,126.6418
13886,45.77818,126.61107
13887,45.77861,126.61827
13888,45.77926,126.67249
13889,45.77926,126.69716
13890,45.77998,126.6895
13891,45.78081,126.65501
13892,45.7818,126.65639
13893,45.78406,126.66836
13894,45.78572,126.83019
13895,45.78836,126.63764
13896,45.78946,126.66661
13897,45.79003,126.62253
13898,45.79009,126.69526
13899,45.79072,126.70258
13900,45.79389,126.65271
13901,45.79482,126.64762
13902,45.79482,126.69364
13903,45.79537,126.66863
13904,45.7956,126.66231
13905,45.79771,126.65895
13906,45.79887,126.71216
13907,45.80415,126.70699
13909,45.81528,126.69454
13914,45.66895,126.48747
13915,24.44754,117.8172
13918,28.225,112.95848
13920,28.66649,112.86897
13925,28.87113,112.34873
13926,26.60081,112.59191
13931,26.60081,112.59191
13933,25.71022,112.70217
13934,25.72422,112.71765
13945,27.88307,113.09583
13946,27.88318,113.0797
13948,28.21188,112.91308
13952,27.83908,113.17484
13954,27.67861,111.46306
13959,28.23381,112.94421
13970,28.19744,112.98101
13971,28.21188,112.91308
13972,28.21939,112.94941
13973,28.225,112.95848
13974,28.23381,112.94421
13975,28.24603,113.029
13976,28.26251,112.96157
13977,28.12771,112.96397
13979,28.18401,113.1066
13981,28.18575,113.10346
13984,27.84636,112.9469
13987,28.83223,112.37902
13992,28.95,112.85
13994,29.01667,112.31667
13998,27.88322,113.09568
13999,27.89485,113.09136
14001,27.04445,111.28011
14002,28.24572,113.00055
14003,28.24276,113.08405
14004,28.18401,113.1066
14006,28.18575,113.10346
14007,28.24603,113.00029
14015,28.80778,112.41667
14019,28.95,112.85
14020,29.01667,112.31667
14024,27.83908,113.17484
14025,28.12771,112.96397
14039,27.83908,113.17484
14042,27.83968,113.12955
14043,27.84636,112.9469
14044,27.88322,113.09568
14046,28.12771,112.96397
14048,28.24572,113.00055
14051,27.78333,112.96667
14053,27.83968,113.12955
14054,27.84636,112.9469
14058,27.67861,111.46306
14060,27.78333,112.96667
14063,27.83333,113.16667
14065,27.88333,113.1
14069,28.18333,113.06667
14070,28.18333,113.1
14071,28.21667,113.1
14073,27.58742,110.0004
14077,28.24262,113.08412
14082,25.82709,113.03812
14085,28.80778,112.41667
14094,34.74994,113.65677
14099,27.77758,111.49843
14101,27.58742,110.0004
14104,27.92708,112.96819
14109,28.57668,112.35232
14111,24.95739,118.68092
14112,27.83968,113.12955
14114,29.14002,113.11359
14115,29.38577,113.12327
14122,19.26152,109.05141
14123,19.56683,110.82904
14124,19.89904,109.51746
14125,19.96932,110.60673
14129,19.32945,108.952
14137,18.26326,109.49208
14138,18.28372,109.57857
14139,18.29605,109.52367
14140,18.30157,109.4524
14141,18.3089,109.32734
14150,43.82066,126.55385
14152,43.86622,125.3481
14154,43.86424,125.32338
14155,43.50639,124.80944
14158,43.82275,125.27847
14159,43.82275,125.27847
14160,43.82444,125.27983
14162,43.89444,125.29111
14163,43.96436,126.49353
14167,45.14234,124.82508
14171,45.49059,124.18205
14173,43.81868,125.32338
14177,43.82165,126.5624
14178,43.8336,126.54094
14179,43.88602,126.57307
14180,43.91372,126.56209
14186,44.44162,125.18289
14189,34.614,119.21792
14190,34.88143,119.1765
14194,34.89945,119.182
14195,32.00924,120.89471
14196,31.18931,120.64318
14197,31.30202,120.63494
14198,31.31493,120.58846
14199,31.40405,120.65026
14200,31.41108,120.98397
14201,31.68611,120.75326
14208,34.30053,120.0487
14210,34.3359,119.9405
14211,34.3454,119.77463
14212,34.35863,119.78177
14213,34.35887,119.78193
14214,34.36313,119.88705
14215,34.39135,119.84972
14216,32.25404,119.07342
14219,32.35459,119.17289
14220,31.37005,119.82629
14221,31.74328,120.67253
14222,32.00808,120.56221
14224,32.00458,120.89334
14225,31.41108,120.9826
14228,31.36536,119.82766
14237,28.5592,115.94987
14238,28.72386,115.9157
14239,27.64048,113.87058
14240,28.28571,117.21527
14241,25.3994,114.3625
14243,28.28488,117.21544
14245,28.32675,117.21286
14247,28.33581,117.24291
14248,28.70504,115.85061
14250,25.9626,115.41797
14251,28.5598,115.94909
14252,28.72326,115.91682
14256,27.92299,115.4354
14260,41.69753,122.11812
14261,42.06765,121.75832
14262,42.38898,122.53835
14263,42.75105,123.35133
14264,42.78734,124.11722
14266,40.26029,124.27502
14272,41.11971,122.99871
14273,42.4348,123.59867
14276,41.27052,123.17377
14277,41.42162,123.32074
14278,40.75,120.85
14279,40.79276,120.54576
14287,38.91561,121.61443
14288,40.6671,122.23516
14289,41.10988,122.9939
14292,41.93842,123.39216
14293,42.50112,123.42118
14294,42.50112,123.42118
14298,41.68615,123.42185
14299,41.68615,123.42185
14301,41.71931,123.36993
14302,41.74066,123.45075
14303,41.76645,123.4519
14305,41.81348,123.53
14306,41.85639,123.68716
14307,41.85646,123.57798
14308,41.86164,123.51627
14310,41.90611,123.23183
14312,41.75415,123.28029
14314,41.78506,123.23991
14318,41.85141,123.88934
14319,42.22337,123.72892
14320,42.54903,124.04073
14322,40.75,120.85
14323,41.06486,123.06777
14326,41.8266,123.43256
14327,30.95303,121.51169
14331,42.03552,121.68103
14332,41.7717,123.33706
14333,41.77195,123.29402
14335,40.71187,120.83567
14337,42.01346,121.64575
14339,39.01918,106.37196
14341,39.31358,106.77259
14346,38.46434,106.37142
14349,40.66423,109.77053
14351,40.6848,109.83698
14355,40.27743,111.19771
14356,40.38003,111.82118
14361,40.75142,107.36418
14362,40.27743,111.19771
14367,40.58032,109.83006
14369,40.62451,109.93399
14370,40.64415,109.87055
14371,40.66384,109.83487
14374,40.66423,109.77053
14375,40.82732,111.62363
14376,40.58573,109.84164
14378,40.62646,109.97019
14379,40.66996,109.80868
14380,40.68376,109.84297
14381,40.69105,109.82223
14383,40.64991,109.81002
14384,40.65627,109.87457
14385,40.66378,109.83486
14386,40.6848,109.83698
14387,40.57113,110.13183
14388,40.59535,109.94501
14389,40.62203,109.83199
14391,40.65154,109.80988
14392,40.65564,109.87451
14393,40.6557,109.84009
14395,40.66319,109.80129
14403,36.7599,100.34979
14415,34.53484,108.84272
14416,26.67139,119.54802
14417,34.96137,109.58567
14421,32.99484,107.76723
14423,33.16055,106.67409
14424,33.16285,107.33052
14426,38.86105,110.48705
14429,34.89945,108.94513
14430,31.3935,118.39533
14431,34.75515,109.17622
14432,34.95912,109.58292
14433,35.48528,110.4424
14434,34.26105,108.92989
14435,34.26961,108.94077
14436,34.36335,107.21531
14437,35.21084,107.79627
14438,34.48189,108.98169
14442,31.75423,104.74038
14443,30.46909,106.49733
14444,29.37739,102.64678
14445,28.75502,104.6433
14446,32.43909,105.84345
14447,29.4085,103.81727
14448,29.98408,103.01389
14450,29.60481,105.03641
14451,29.60831,105.02963
14455,26.58607,101.72083
14458,31.13173,104.40012
14459,30.19855,103.87141
14460,26.58607,101.72083
14461,29.15816,105.38203
14463,30.63437,103.67365
14464,30.67808,104.05965
14465,31.12938,104.39875
14466,29.98468,103.01252
14467,27.42694,101.50731
14468,30.57882,104.06641
14469,30.19915,103.50484
14470,30.41552,103.46079
14472,30.63437,103.67091
14477,30.72767,103.90782
14479,36.81024,118.05603
14482,36.84774,118.90899
14486,36.88733,118.05603
14487,36.88845,118.84863
14498,37.06356,118.786
14501,36.22837,120.34778
14502,36.23213,120.34836
14503,36.88244,118.81452
14509,36.11809,117.27939
14512,36.1531,117.44807
14525,36.78891,118.24585
14528,36.85515,118.85509
14537,36.99222,118.53933
14542,36.40913,119.17535
14546,36.07,120.31
14547,36.075,120.31
14548,36.075,120.33
14549,36.075,120.34
14550,36.1,120.32
14551,36.1,120.4
14552,36.115,120.33
14553,36.127,120.415
14554,36.15,120.48
14555,36.17,120.5
14556,36.19,120.37
14560,36.67806,117.02025
14561,36.70889,117.165
14565,29.57122,106.46179
14567,31.20869,121.50113
14568,31.41401,121.49014
14569,30.86805,121.73601
14570,30.90996,121.51461
14571,30.95303,121.51169
14572,31.21475,121.46834
14574,31.12938,121.37811
14577,31.20869,121.50113
14578,30.93639,121.47149
14579,31.19489,121.50719
14580,31.20296,121.49552
14581,31.21867,121.50593
14582,31.22102,121.49346
14583,31.24099,121.49187
14584,31.2809,121.48363
14585,31.33253,121.657
14586,31.44272,121.40145
14587,31.19959,121.50496
14588,31.20223,121.48985
14590,31.21985,121.49346
14591,31.23629,121.518
14594,31.13525,121.38497
14595,31.17874,121.12679
14596,31.27855,121.48088
14597,30.94228,108.69832
14598,36.08962,111.51799
14599,38.41863,112.73336
14600,40.0786,113.29915
14601,35.88015,111.43549
14602,29.86208,107.07784
14606,38.49196,112.70023
14612,40.04864,113.60097
14614,38.08485,111.88677
14616,39.34751,112.44179
14620,38.05772,112.68213
14623,38.99002,117.11665
14625,39.03653,117.15533
14627,39.04371,117.15537
14628,39.19693,117.33373
14630,39.20418,117.2532
14632,39.20273,117.2726
14639,39.03092,117.00398
14641,39.08637,117.31593
14642,39.22162,117.13328
14643,39.38526,117.04518
14645,39.45071,76.0296
14647,43.35726,88.30785
14661,43.87389,87.57322
14662,43.88243,87.6473
14663,43.88466,87.5146
14665,43.98188,87.50499
14666,43.98855,87.55511
14671,43.83007,87.61597
14673,43.98855,87.55511
14684,43.98886,81.52405
14686,44.31304,86.08063
14687,44.42839,84.90578
14688,43.50001,87.8944
14689,44.31304,86.08063
14690,44.42839,84.90578
14691,43.78284,87.61198
14692,43.79164,87.62648
14693,43.79638,87.59949
14694,43.80455,87.59897
14695,43.80847,87.57056
14696,43.81149,87.62215
14697,43.81422,87.62009
14698,43.82796,87.59777
14699,43.83035,87.59058
14700,43.83496,87.58567
14701,43.84245,87.58026
14702,43.847,87.567
14703,43.85248,87.57065
14704,43.85857,87.56444
14705,43.87439,87.56962
14706,43.87866,87.53104
14707,43.88261,87.56679
14708,43.90086,87.5679
14712,44.02442,87.65991
14725,34.89945,108.94513
14730,25.63781,100.25965
14732,23.42293,103.37819
14734,24.91135,102.82359
14735,25.08809,102.73549
14736,25.12291,99.1625
14738,23.29667,103.20806
14743,23.36139,103.1625
14744,23.36639,103.15333
14750,26.45398,99.41886
14754,22.90306,104.52525
14766,26.71249,106.61936
14769,25.12477,99.16112
14770,25.63781,100.25965
14771,30.19262,121.49605
14772,30.33021,120.13462
14774,28.0944,121.16829
14775,28.12718,121.2239
14776,28.18352,121.28466
14778,27.98728,120.62436
14781,30.26667,120.2
14783,29.15104,121.8981
14786,29.48294,121.6752
14790,30.85036,120.9208
14791,30.34918,120.10998
14794,30.28494,120.06957
14903,31.7101,117.157
14904,39.9203,116.3261
14906,39.8788,116.4793
14908,39.8351,116.505
14911,40.0892,116.1871
14912,39.7109,116.3151
14913,40.1086,116.6693
14914,40.1612,116.6011
14915,40.1117,116.6513
14916,40.1331,116.6568
14918,25.364,118.6755
14921,36.055,103.8194
14925,24.353,116.1245
14926,24.3534,116.1247
14927,23.103,113.7502
14928,23.0398,113.8588
14929,23.0429,113.743
14930,23.0807,113.173
14931,23.2426,113.3388
14932,23.1561,113.2493
14933,23.1561,113.2493
14934,23.0746,114.4444
14937,22.7667,113.5795
14938,22.8118,113.5219
14942,24.8254,108.2547
14951,26.2326,105.9228
14953,27.4722,106.2434
14959,26.6337,106.7497
14963,26.6609,106.5463
14969,19.6779,110.371
14970,19.2637,109.0471
14975,19.0494,109.8448
14978,20.0216,110.3416
14980,41.6726,115.6791
14981,38.7642,115.4824
14982,41.0766,113.9636
14983,40.4175,117.4967
14984,23.5356,113.5896
14985,48.5153,126.2058
14986,45.5533,126.9473
14987,45.5402,126.9571
14988,45.5546,126.9811
14989,46.5599,125.1346
14992,45.7519,126.7331
14993,45.8154,126.5498
14995,47.3539,123.9197
15002,34.8738,114.2345
15003,34.7631,114.3544
15004,34.8026,114.3088
15005,33.7615,113.252
15009,30.5085,114.3198
15010,30.5996,114.3336
15011,30.602,114.2481
15012,30.963,113.9169
15013,30.0702,114.9615
15015,30.6068,114.2943
15017,30.784,113.9388
15019,28.198,112.9862
15022,28.1512,113.03
15026,28.237,112.9325
15028,27.356,112.497
15030,26.9231,112.596
15031,26.9016,112.5829
15033,27.7344,112.0188
15034,27.7012,111.9965
15036,28.2219,112.9441
15037,27.7834,112.9436
15045,48.5207,123.0698
15046,42.2566,118.8844
15048,50.7795,121.5096
15049,49.2764,120.7276
15051,32.2479,119.145
15054,32.102,118.8525
15055,31.6685,120.7389
15057,31.8297,120.7851
15059,31.7152,119.9812
15064,31.4667,120.949
15065,31.406,120.9937
15066,33.9608,117.962
15068,31.6437,119.0211
15070,32.0398,118.8468
15072,32.0429,118.774
15073,34.7216,117.007
15074,31.3911,120.6254
15075,31.4706,121.1264
15077,31.0975,120.766
15078,31.1414,120.6433
15080,31.5122,120.3348
15081,31.2648,120.635
15083,34.1852,117.989
15084,31.648,120.0708
15086,32.2559,119.7869
15087,31.8555,120.5345
15088,31.8548,120.5351
15092,29.0569,117.7023
15093,45.6204,122.8389
15094,43.8154,125.3193
15096,43.8496,125.1991
15098,43.9702,125.422
15100,42.7831,129.3972
15103,44.4051,126.9594
15105,41.8284,123.3061
15106,39.4831,122.5083
15107,41.7485,123.395
15108,42.7871,124.1048
15109,42.0185,123.36
15110,41.7557,123.2713
15111,41.7996,123.515
15113,41.8343,123.4373
15114,41.7347,123.4322
15116,41.7377,123.4429
15117,41.7771,123.3522
15118,41.6723,123.3258
15119,41.8343,123.4373
15121,41.239,121.9907
15122,41.8358,123.3849
15123,41.7931,123.3783
15124,41.8586,123.4034
15126,41.8108,123.7482
15127,41.7791,123.6593
15130,41.7653,123.6867
15133,41.8044,123.3479
15135,41.8496,123.452
15136,41.7345,123.2728
15137,41.6966,123.191
15139,41.8379,123.3976
15140,41.7607,123.3035
15142,41.8026,123.3141
15143,41.918,123.3447
15144,41.8862,123.2988
15146,41.7226,123.502
15148,41.6725,123.3256
15151,37.996,106.1905
15157,35.674,112.8788
15159,35.674,112.8788
15165,36.9276,116.291
15166,35.394,116.0854
15167,31.2215,121.458
15168,31.4063,121.4654
15169,31.2438,121.4906
15170,31.1223,121.4511
15171,31.2244,121.5483
15174,30.6625,104.1796
15175,30.3871,103.4787
15177,39.2619,117.1269
15179,39.0317,117.3085
15180,39.0949,117.3119
15181,38.9634,117.4193
15182,38.9773,117.4003
15186,43.9803,87.5017
15187,43.4766,87.4108
15189,43.3554,88.3051
15190,43.8827,87.5116
15192,43.9861,87.5498
15195,43.9543,87.6764
15196,42.0195,86.6056
15197,43.8791,87.6379
15201,43.8725,87.57
15202,43.4659,87.4742
15203,44.0153,87.4549
15206,43.7939,87.603
15209,41.9793,86.6249
15211,43.6081,87.3411
15214,26.5589,103.624
15218,30.3523,120.1455
15221,30.2397,121.322
15225,30.7472,120.7799
15227,30.3278,119.7587
15230,29.787,120.6813
15232,28.508,121.3938
15233,28.511,121.3926
15235,30.308,120.3313
15237,31.8578,117.2702
15239,32.947,117.4224
15240,30.9316,117.8891
15241,30.9131,117.7866
15242,30.929,117.9843
15243,30.9287,117.9833
15245,28.4659,121.344
15246,28.4659,121.344
15247,40.1191,116.6572
15248,24.7827,118.5509
15250,36.101,103.7337
15251,36.101,103.7037
15253,36.734,103.2546
15254,23.1247,113.2993
15255,23.1542,113.1014
15257,23.21,113.2483
15259,22.6857,113.0754
15263,26.8627,104.2699
15271,45.7814,126.6303
15272,34.5716,113.627
15274,30.1448,114.9587
15275,30.1761,114.9393
15276,30.5842,114.3376
15279,29.4531,112.6865
15280,29.4685,112.775
15281,29.4482,112.67
15282,29.4531,112.6865
15286,27.8583,113.0853
15288,27.8952,113.0795
15292,31.286,120.5788
15293,31.6899,119.9335
15295,31.8627,120.5256
15296,31.8698,120.5329
15297,43.1513,124.4111
15298,40.7285,120.8546
15299,40.7936,120.5569
15300,38.4642,106.3685
15301,38.4225,106.2996
15307,31.3205,121.362
15308,31.2244,121.5483
15310,31.0345,121.2275
15311,39.1308,117.1935
15312,39.2163,117.1523
15313,39.7041,117.3262
15314,40.0402,117.4212
15315,38.9433,116.9933
15316,38.9108,117.3587
15318,39.3305,117.8224
15320,39.0788,117.3154
15321,40.0402,117.4212
15322,39.1922,117.026
15323,39.1295,117.0162
15324,39.1309,116.9953
15325,41.7456,86.1591
15326,23.4142,103.2747
15327,24.903,102.7846
15328,24.1674,102.7062
15329,24.1437,102.6474
15330,24.1141,102.6866
15331,24.1115,102.7213
15332,24.1509,102.6636
15333,24.1142,102.7639
15334,24.1381,102.7952
15335,30.3503,120.1472
15338,30.2788,120.408
15339,30.269,120.1943
15341,30.2377,119.695
15342,30.2796,120.0949
15343,30.2341,120.3371
15347,39.6907,116.5557
15349,34.574,105.8874
15358,21.6457,110.6147
15365,21.2821,110.3443
15369,22.9218,110.9872
15370,24.4054,111.5544
15375,39.8457,116.3369
15404,26.5845,107.2276
15405,26.5851,107.2218
15407,26.252,105.9342
15410,18.7732,109.5069
15411,31.5655,114.113
15412,33.0869,107.0093
15417,32.226,106.2873
15418,29.4626,103.767
15419,30.0485,103.8273
15422,39.8497,114.5942
15427,39.8497,114.5942
15428,42.9293,119.0217
15436,43.3436,128.2439
15437,43.35,128.25
15458,29.2157,94.2113
15464,23.3699,103.3815
15466,23.3555,104.2744
15467,23.3573,104.2728
15469,25.4969,103.803
15470,23.366,104.2319
15473,23.3938,104.2415
15474,24.0488,104.1937
15475,23.4761,104.0679
15476,29.5688,106.5128
15480,28.6449,107.423
15482,34.7949,113.7344
15485,33.585,114.0063
15486,32.9861,114.0332
15487,35.7711,114.9501
15488,34.822,114.3016
15489,34.4447,115.675
15494,32.102,114.0664
15495,35.1795,114.1701
15500,26.8479,116.3357
15502,27.295,116.9111
15507,43.7845,125.3012
15509,43.7725,125.2691
15512,40.4565,124.0534
15514,41.4177,119.6477
15515,42.5517,124.0336
15519,42.0594,121.7541
15520,42.3855,122.5454
15521,36.5577,100.654
15528,35.2639,118.52
15531,30.2385,119.695
15534,40.0021,116.4018
15538,24.8933,118.6111
15539,24.5203,118.1063
15542,23.471,116.7636
15544,23.0344,113.7456
15545,22.9922,113.3161
15547,22.6002,113.9553
15552,22.5597,113.3994
15557,26.0276,106.4499
15558,25.8255,107.5427
15559,26.264,107.5107
15561,26.5873,107.2321
15562,26.1399,106.6562
15563,25.4154,107.8859
15564,26.4585,106.9801
15565,25.4327,106.7534
15566,25.8264,107.3176
15572,34.0801,114.8646
15573,35.0446,114.4104
15577,30.3978,114.6142
15578,33.6101,119.0203
15581,31.0976,120.7891
15582,31.7869,118.8527
15583,32.1065,118.8287
15584,32.1632,118.9493
15585,32.1066,118.8287
15586,32.0751,118.814
15587,32.1465,118.9241
15588,32.2753,118.85
15592,31.1447,120.6296
15594,31.1488,120.6788
15596,32.4598,119.8985
15597,32.9149,119.8526
15599,30.9249,120.5138
15600,30.9211,120.5156
15607,41.1805,123.5496
15608,41.2117,123.6051
15610,41.2362,123.3426
15611,41.8271,123.4402
15612,42.1555,123.6914
15613,23.3223,116.3072
15615,41.9155,123.3806
15616,42.0845,123.5278
15618,41.5132,122.7034
15625,41.6283,123.058
15630,41.6968,123.1445
15631,35.8756,111.4431
15635,36.9469,119.2259
15638,31.3702,121.4389
15640,31.4061,121.3003
15641,39.0887,117.1995
15642,38.9205,116.91
15646,39.1644,117.2524
15647,43.9861,87.549
15649,29.9039,121.8401
15651,29.6661,121.4008
15652,29.8885,121.5446
15664,28.5851,121.3537
15665,28.4958,121.3543
15666,28.5136,121.519
15667,28.5671,121.1975
15668,29.866,121.6197
15669,29.2924,121.4295
15670,28.3259,121.6123
15672,30.0414,121.1461
15673,29.8192,121.5413
15674,29.9516,121.7095
15676,40.0702,116.43
15678,39.8628,116.7274
15679,26.100464,119.3514
15680,26.102975,119.3537
15684,26.031822,119.3125
15685,26.121771,119.3251
15686,26.0493,119.3457
15687,26.096877,119.3454
15688,23.2581,116.4326
15690,23.1538,113.244
15691,23.1748,113.2334
15693,23.1785,113.263
15696,23.0235,113.655
15698,23.0339,113.7474
15700,23.109,113.2279
15701,23.0954,113.2224
15702,23.097,113.2339
15703,23.0997,113.2457
15704,23.1013,113.2138
15705,23.0608,113.155
15706,23.0353,113.1176
15707,23.1176,113.3704
15708,23.1128,113.4371
15711,23.1426,113.3876
15712,23.0782,113.4227
15714,23.1181,113.4365
15715,23.1383,113.4279
15716,23.1572,113.2377
15717,23.1383,113.4619
15718,23.2012,113.2655
15720,23.1119,113.2984
15721,23.0811,113.2927
15722,23.1134,113.3305
15728,23.1495,113.5755
15730,23.1621,113.4757
15731,23.1813,113.512
15732,23.1543,113.5922
15733,23.1558,113.4936
15738,23.1362,113.5611
15739,23.168,113.519
15740,23.0163,113.7005
15741,23.03,114.1095
15743,22.5858,113.9603
15744,22.5427,114.0616
15745,23.105,113.8198
15746,22.8003,113.2964
15747,22.8096,113.2912
15748,23.3317,113.3852
15750,22.8131,114.0755
15751,23.051,113.8732
15752,23.0163,113.7005
15753,22.8503,108.2906
15757,30.3454,113.913
15760,30.2936,112.3651
15761,32.0007,118.7314
15762,32.3168,118.8019
15764,32.0889,118.9222
15767,41.2199,122.826
15768,41.336,123.0274
15770,36.3489,113.1995
15772,34.2974,108.6798
15773,34.2914,108.7135
15774,34.312,108.7312
15777,31.39,121.42
15780,31.05,121.45
15781,31.26,121.14
15782,31.07,121.34
15783,31.15,121.54
15784,31.03,121.46
15786,39.0412,117.1329
15788,22.9031,113.4725
15789,39.2673,117.3727
15793,22.7728,114.2747
15797,52.516667,13.383333
15798,52.516667,13.383333
15803,30.3815642182,114.328551264
15804,30.5516000647,114.348440737
15805,28.118269998,112.989602543
15806,28.6816905168,115.915423204
15809,30.0825261194,103.8565633
15812,30.8472438705,114.807543393
15813,30.5881136219,114.035479631
15818,30.7291445284,114.355970154
15827,29.559090183,106.575440067
15828,30.6259198181,114.143458738
15829,30.5063339568,114.350455546
15830,29.5469573342,106.592669477
15831,29.5893682012,106.533470635
15832,29.5905950541,106.569217923
15834,33.0737999078,107.0294302
15835,29.5742043246,106.49469261
15836,29.5814186725,106.528371258
15837,29.574975645,106.538202429
15838,29.5908759213,106.576308788
15839,29.5689962453,106.558434155
15843,29.4830134139,106.479649495
15850,34.2208333333,92.4436111111
15853,34.1286111111,93.0163888889
15855,34.0236111111,95.8216666667
15856,34.0236111111,95.8222222222
15857,29.5858865383,105.064588
15858,26.5880331733,101.7255412
15859,26.7445319568,112.684402528
15860,26.8689576998,112.635948198
15863,30.6363111877,120.571543155
15864,27.575160903,110.0085143
15866,29.5221739633,106.499158608
15867,30.577543147,104.073466547
15872,27.860286102,113.053995957
15873,31.3908634251,120.987452498
15875,26.6692218857,105.777589547
15877,25.6670529306,114.771538215
15880,31.6572836963,119.034403909
15884,27.9548922534,116.364538769
15885,27.1197268261,115.00051072
15886,25.8351761035,114.940503373
15887,32.9965622047,112.5345013
15889,32.9893974419,107.773392819
15890,27.1197268261,115.0005107
15891,25.39197512,114.929521139
15892,31.9865494312,120.901591739
15895,30.5486282391,119.983464668
15898,25.0515622673,102.716416075
15899,25.8663846166,115.018570164
15900,32.0667769443,118.769551645
15902,25.891666274,116.033420663
15903,31.8938903545,117.475400625
15904,31.7129621327,117.164557814
15905,31.3035640744,120.59241223
15906,25.1985870712,101.28042055
15910,32.0646528856,118.802421721
15913,31.937768668,118.873331712
15917,24.748206355,114.536582367
15919,26.2592523787,105.954417124
15920,28.2348893999,112.945473195
15921,31.4754722222,121.334833333
15924,33.8786338522,109.9244179
15925,31.0325793268,119.917498322
15927,31.0246017665,109.470472756
15928,25.8237470139,114.927550885
15934,26.4590806306,106.986585965
15935,30.6974464845,111.2925492
15936,29.8694127892,107.737480618
15937,24.9165994612,114.796554137
15938,31.8265778337,117.233442665
15940,32.0547566829,118.804412636
15944,31.2800418908,120.742213028
15948,32.0159202742,119.612500605
15949,27.063673574,106.971559559
15950,25.5360895878,102.41053182
15951,29.2958843745,106.265597608
15952,31.8157956533,119.981484713
15953,29.147445,116.278506
15954,30.5984667364,114.311581555
15956,31.9509234905,119.175433203
15958,26.4759795033,116.015494437
15960,30.4574608423,115.271569033
15965,28.6894552951,115.864589442
15967,29.5547775966,106.531646595
15969,26.8448624476,106.598492203
15971,31.4988097327,120.3185833
15973,33.8786338522,109.924417881
15977,30.0201445246,114.629018737
15978,30.3052683894,108.044537534
15980,30.8054851023,104.041456419
15987,30.5101431156,114.437763296
15988,30.094874,115.120196
15989,29.8111565129,106.40228117
15993,32.0646528856,118.8024217
15994,28.2348893999,112.9454732
15995,32.061707,118.763232
15997,31.3429566243,119.831606032
15998,30.3332939685,107.339565875
16000,30.2715483933,120.159533087
16001,30.5595669835,114.322548518
16003,32.4606750493,119.929566338
16006,31.1666441132,108.399497656
16009,29.3620463359,105.933499361
16010,29.5264214955,106.52526036
16012,29.0341137483,106.657484195
16018,30.7509748309,120.763551826
16020,27.8357601253,99.7074445739
16021,30.660553255,107.776097258
16022,31.7064466117,119.948611672
16023,31.7091084776,120.498319668
16033,31.2268479682,121.430454375
16035,27.7849825347,112.957505369
16036,29.9781812395,106.282541088
16037,29.709278198,107.396419798
16041,29.723927343,106.637559061
16047,31.8811405363,120.561553639
16048,28.2153537614,116.824593629
16049,29.8505087787,106.063449494
16050,31.4988097327,120.318583288
16051,32.0147968047,112.128537201
16052,29.3631782939,113.135489424
16053,25.6066618338,115.792459642
16054,29.5388125677,108.777591198
16055,30.1479839465,114.969908521
16058,27.2883402348,116.914507003
16060,30.7702072142,120.715437056
16061,30.8989639373,120.094516609
16063,28.7296097219,105.073594885
16064,31.6762655976,118.5135796
16067,26.5880331733,101.725541171
16070,31.2359290423,121.48053886
16071,31.1446441905,120.651567175
16074,30.5179237698,120.686565067
16075,26.5730794257,107.987468891
16076,33.0737999078,107.029430209
16077,30.2333333333,119.7
16080,31.6285699844,121.403556863
16081,31.383291,118.424783
16082,32.1947159205,119.430489446
16084,29.1228155626,110.485532547
16085,31.2372471521,121.491585593
16088,30.2052078489,115.045532909
16089,29.8365418081,115.221426772
16090,31.9865494312,120.9015917
16094,32.0455947327,118.790903289
16096,31.0371351765,121.234479596
16099,29.5291439977,106.56256607
16101,31.5301506132,120.552491533
16103,27.833567639,113.140470798
16104,31.464599353,121.135595294
16105,31.9260449098,120.291568008
16109,31.6595382767,120.759495887
16110,27.7977521585,106.407526555
16111,30.0167925457,103.049542624
16114,30.6632626183,104.084776932
16116,30.4247392687,120.306592167
16117,29.0377499994,111.70545218
16118,30.6805419637,117.502082006
16119,31.155454318,121.130553105
16120,30.1973142397,105.847399036
16122,28.4534478643,109.0135739
16123,24.92437,103.012546
16125,26.604029545,106.714475931
16126,29.234804,112.886217
16127,30.1333333333,106.216667
16128,31.9585268692,118.846567059
16129,27.6213077039,113.877439919
16132,32.2429671941,119.803519612
16133,30.865465177,121.812320095
16136,31.1333333333,121.35
16137,31.2741558663,121.370230986
16139,31.1945567728,121.443396353
16143,27.8294729987,99.7123210254
16145,25.0211964239,102.750481707
16146,31.0363941136,121.375347105
16147,32.261270872,118.3394061
16148,32.0147968047,112.1285372
16153,29.4113073967,105.601419799
16154,27.7727848045,107.483146164
16155,31.205688,120.207156
16156,29.5927315834,106.539228114
16157,27.703208597,112.001503493
16158,27.2452702728,111.474432886
16161,30.2025004281,103.512571324
16162,29.0607834766,111.689544896
16164,31.0452130027,121.461447982
16165,27.7377864564,109.196438898
16169,32.1947159205,119.4304894
16170,31.4230700625,121.43639399
16172,28.2841045362,112.558406916
16173,26.4258641179,111.619455058
16174,31.1188425801,121.388611934
16175,27.6981675323,111.670561994
16180,31.3544635177,110.75344607
16181,32.0466655453,110.733591363
16185,30.665589284,104.10859155
16187,31.1331150037,104.404419365
16189,29.4766368233,106.479533633
16193,26.8995761392,112.578447213
16196,30.6365958914,103.679433369
16197,30.5803993528,103.930391542
16198,31.4910277778,121.324694444
16200,32.182960429,119.067031084
16201,30.6780866109,104.067309921
16202,30.6444247941,119.686563379
16203,32.0825350256,118.816869
16204,30.6166666667,114.433333333
16205,25.8067373741,113.048423408
16207,32.2689830689,111.659575642
16209,30.6636068845,104.063684
16211,26.583442,107.982859
16214,26.5807040796,104.850529817
16218,30.6301420379,104.083991903
16220,31.542279,117.565818
16225,26.576305,101.701205
16226,25.4964069315,103.802434828
16227,29.5950298581,106.217716398
16228,29.5705221116,106.527105977
16229,30.502201,117.117983
16230,26.8333333333,104.25
16233,29.5845316313,106.572888493
16236,31.2151954707,121.716810367
16239,30.256907,114.558862
16240,26.623695,101.73253
16241,25.7766832736,113.021460499
16242,27.8357022271,112.950464181
16243,29.5733197434,106.543599663
16245,30.3333333333,120.133333333
16246,29.5471925165,106.464465111
16247,32.0925438315,118.802898147
16251,24.76657,102.645509
16253,28.2387185474,112.925565254
16254,29.6149263915,106.577998111
16255,31.7841281934,104.752411601
16258,30.8371221938,120.932510606
16259,26.5923255361,106.726650755
16260,31.2273482924,121.550454607
16261,26.5795734028,106.716294011
16264,26.5843392447,106.712179054
16265,31.1,121.36
16266,29.5641651448,106.550169299
16268,29.5585932479,106.451841224
16269,31.626647,119.563966
16270,28.6766763776,112.889521877
16272,26.5882505213,106.714463534
16273,29.4829645878,106.46110202
16274,28.772051773,104.626437986
16276,30.9585120991,117.798568009
16278,27.7118457857,117.066570274
16281,26.376549,105.774537
16283,31.0718745829,121.407140922
16287,28.2494689327,113.006083844
16288,24.9030239848,102.784586953
16290,29.8470559476,114.3285191
16298,31.4011376164,121.362304338
16299,31.4264864582,121.428218852
16300,29.4909435575,106.483322143
16302,29.4828013734,113.45656151
16303,29.150269316,113.122544483
16304,29.5748839104,106.578208428
16306,31.41,121.48
16307,27.8752596107,107.59069112
16308,24.878862,102.767391
16309,31.2333333333,121.483333333
16311,33.698106,110.329212
16312,29.5852783149,106.578389114
16313,30.2926181461,120.079082643
16316,24.704083,102.657583
16317,28.190943003,113.095881158
16319,26.4975266073,101.740992116
16320,26.5887669572,101.609356335
16321,25.049834962,102.713423281
16322,29.8370547437,103.853558832
16324,24.8647,102.692652
16325,24.815907,102.728297
16326,31.0346307783,106.418481942
16327,30.9512332399,117.818476794
16332,29.5436947311,105.095451377
16337,29.4992115156,106.630457703
16338,30.0662542718,114.938938091
16339,27.2902150834,105.298588795
16340,29.5793263091,106.504710186
16343,26.5103598172,106.693914796
16345,31.1415550228,121.421193834
16347,24.872044,102.728297
16349,26.5914657843,106.718897211
16352,29.5242400749,106.468635943
16353,26.549398,101.762249
16354,30.3010371437,109.486550269
16355,29.5327181114,106.443698084
16356,25.0438700167,102.754174102
16357,28.7286145991,115.922581171
16360,25.0431987609,102.671557124
16361,29.522302388,106.509124374
16366,30.4063894563,114.898599682
16368,26.5769334167,106.70454157
16370,32.060255,118.796877
16374,29.5200030993,106.563006205
16375,29.5290923964,106.494585045
16380,29.743846303,103.5784101
16381,26.583735,101.750803
16382,24.913998,102.699264
16384,24.821369,102.715458
16387,26.5669263068,106.712299876
16389,31.0410994545,116.943654068
16393,31.8576856026,106.775513108
16394,26.8492261429,104.235119
16395,26.2368740502,109.143566971
16396,29.5340387381,106.486122538
16399,30.1988544169,103.87955823
16401,26.671595,106.539057
16402,29.5656111533,106.47674785
16403,30.0482721344,103.838524802
16404,30.239629,115.062241
16405,31.4919638889,121.326405556
16406,30.6418046947,104.087619563
16408,31.0318051184,106.422395141
16410,30.577543147,104.0734665
16411,29.5067381157,106.450186664
16414,24.95253,102.678567
16418,31.4950277778,121.331263889
16419,28.7038888889,109.646388889
16420,30.24,115.05
16424,28.235894,112.976264
16426,24.988169,102.648096
16427,26.4242150456,103.303487292
16434,28.246472,112.977668
16438,25.796665,113.154437
16439,26.5420429587,106.693353984
16443,27.692058849,111.441539723
16445,33.9165830163,106.522557822
16448,29.8471314429,115.214390974
16455,33.0380555556,111.939444444
16456,25.9818736027,113.242556122
16457,27.8807051656,113.124567916
16460,30.6861410847,120.111468173
16468,26.6365291356,106.757558034
16473,26.5743361815,106.720527635
16474,25.012009,102.65672
16475,29.3666666667,102.65
16482,27.1290516751,104.733515823
16487,29.468551406,106.480606148
16488,29.534310382,106.597221426
16489,29.5758523375,106.532289239
16490,29.5690326285,106.459376287
16492,29.5199070979,106.445364942
16493,29.5253592572,106.531034553
16494,31.3175662725,118.379579706
16495,26.5619878985,106.47752261
16497,31.3758045195,118.397588486
16499,27.542500878,106.836503548
16500,29.5259050982,106.515004318
16503,30.9466015453,118.765534243
16504,31.3458665956,118.392606304
16505,26.6835884991,106.62959684
16507,32.9924837975,112.541461834
16508,26.4563413741,106.669280204
16516,29.7371315146,116.258471346
16519,29.4545391657,116.051425939
16520,29.2487411737,115.821420024
16521,29.2789650448,116.210552047
16523,32.171364886,118.177314378
16524,31.971929115,118.129331936
16526,30.4593588576,114.878490484
16528,32.6350618584,110.804529561
16529,29.3191724963,115.762577958
16531,33.0056145997,106.942433183
16532,29.350217386,102.65857589
16533,29.1261905584,110.544431924
16540,26.9965283322,111.280507681
16542,28.1666140244,115.777478421
16543,31.6965167723,113.389450018
16544,31.3304431437,120.729889713
16547,27.11994644,111.039506685
16548,31.0417325756,112.20639298
16553,31.341831301,120.623454973
16554,30.7551110739,104.052871097
16556,30.5929208526,104.091336988
16562,31.0726,121.322562
16564,29.3125,116.051388889
16565,30.7153286424,103.943323908
16568,31.3019328766,120.578471786
16569,28.2518184879,113.087559166
16570,33.159804747,106.679425949
16572,30.5318728945,120.952445263
16576,30.7515468133,120.789610052
16577,30.6932901185,104.171479584
16579,28.6987486252,115.821450925
16581,32.2037854835,119.475603696
16582,30.6079070263,109.728556109
16583,33.1623993852,107.34061258
16584,32.1379203957,119.440500791
16586,26.590659655,107.240554359
16589,26.622,106.642
16596,31.283333,121.266667
16598,26.4954999445,106.388040961
16605,29.6069755275,103.491545574
16611,26.4417292757,106.438735665
16616,30.6456343462,117.853431299
16619,31.2682614458,120.638507519
16620,31.1426112081,104.41689593
16622,32.2014948432,119.418440474
16623,29.210187244,106.153695691
16624,31.2549733683,121.403569349
16625,31.3801553397,121.272595058
16630,32.0874208478,108.041540697
16632,26.6098815398,106.36544732
16637,28.9681106642,106.93013438
16638,26.676,106.645
16639,26.599,106.699
16640,27.3261442061,103.713470423
16643,27.4260770829,101.513276699
16650,31.2485557647,104.288372307
16651,31.1727550384,104.38972129
16654,30.4617461107,106.639552682
16655,27.4747222222,106.259444444
16656,26.9752949509,112.377552684
16659,26.883161684,100.232480339
16660,26.3082334513,105.748485706
16666,26.574,106.711
16669,29.4173204322,112.177506156
16670,27.7043228049,113.150426718
16674,30.8844213727,104.257512458
16675,30.42,103.47
16676,26.8273918036,100.243527341
16677,31.531337,120.340332
16678,25.7309953534,112.731083872
16681,30.383717,108.131833
16683,30.922977925,113.917489897
16685,30.321705,108.050388
16687,25.7905372613,113.017410129
16692,30.9568093228,117.94404104
16697,26.6611997784,102.251436345
16698,25.8118410376,113.145191663
16701,32.05,118.783333333
16702,31.6762655976,118.513579579
16710,27.7489027778,111.474283333
16721,28.55229,112.38362
16722,28.55229,112.38362
16723,28.55229,112.38362
16724,29.37566,104.76577
16725,29.37566,104.76577
16726,29.37566,104.76577
16733,30.43167,120.29167
16734,30.43167,120.29167
16735,30.43167,120.29167
16736,31.43265,118.35134
16737,31.43265,118.35134
16738,31.43265,118.35134
16745,33.6271,114.59895
16746,33.6271,114.59895
16747,33.6271,114.59895
16769,37.9197,112.5412
16770,37.9197,112.5412
16771,37.9197,112.5412
16793,30.48922,114.94151
16794,30.48922,114.94151
16795,30.48922,114.94151
16805,31.45967,121.32886
16806,31.45967,121.32886
16807,31.45967,121.32886
16816,32.5249,115.754
16818,22.4527,113.9807
16819,40.2143,116.333
16820,39.9044,116.2831
16821,39.878,116.4923
16822,39.9385,116.6668
16824,39.8985,116.3866
16825,40.0887,116.4338
16826,40.01,116.3751
16828,40.455,115.9668
16829,29.6776,106.3077
16830,26.0444,119.2674
16833,26.0745,119.2965
16836,25.0751,117.0177
16837,26.6417,118.1777
16838,26.6656,119.5479
16839,25.4541,119.0078
16840,24.8747,118.6755
16842,26.0027,119.2734
16843,24.7425,118.1611
16844,24.4872,118.0709
16846,37.9328,102.6392
16847,23.0205,113.7517
16848,23.0504,113.7456
16849,23.3922,113.1692
16851,23.1425,113.6526
16853,23.4546,113.2182
16854,23.152,113.2071
16855,23.1264,113.8205
16856,20.8967,110.0839
16857,22.4846,113.3475
16860,23.3533,116.6818
16861,22.8052,113.2933
16863,22.7944,113.5432
16864,22.6972,113.9877
16865,23.0807,113.1958
16866,23.1232,113.245
16867,23.312,113.3305
16868,22.7729,113.5984
16874,38.8634,116.0466
16875,37.5438,125.608
16876,37.5448,115.5669
16877,37.6271,114.92
16884,45.8022,126.5521
16885,45.8179,126.5642
16887,45.764,126.597
16888,45.8145,126.5112
16889,45.7989,126.5268
16890,45.7639,126.5273
16892,45.8448,126.5734
16894,45.8074,126.5659
16899,46.744,130.2917
16900,46.8976,130.326
16901,46.5725,126.922
16902,45.8613,126.399
16903,34.7862,113.8274
16905,35.2006,114.6549
16906,35.0413,114.4126
16907,35.2213,113.2022
16910,35.26,113.2494
16913,34.4805,111.7247
16916,35.0675,113.9384
16919,30.6046,114.2697
16920,32.1172,112.1727
16921,30.2459,115.0379
16924,29.0458,111.6584
16925,28.2363,112.9403
16926,26.8993,112.5621
16927,27.7227,111.9804
16928,28.5557,112.3482
16929,29.3606,113.1247
16931,27.8276,113.134
16932,40.5574,110.5119
16936,40.7711,111.6218
16937,50.4274,124.1397
16943,31.9674,118.8807
16945,31.2529,119.8399
16946,31.6511,119.0283
16947,30.9786,120.5845
16948,31.2989,120.5853
16949,32.0426,118.8724
16950,31.5144,120.4484
16951,31.4646,120.6427
16954,31.5989,120.2564
16956,31.5437,120.3787
16957,31.623,120.2915
16958,31.465,120.2708
16960,31.6018,120.315
16961,31.5127,120.3334
16963,31.5039,120.3012
16964,31.4798,120.4345
16965,31.59,120.3437
16968,31.3458,119.8025
16969,32.2662,119.4926
16971,28.6832,115.8581
16972,28.7068,116.6942
16975,43.8367,126.5375
16977,43.8938,125.108
16978,39.272,122.5802
16979,39.2716,122.5883
16982,41.8293,123.3668
16984,38.8776,121.6561
16985,38.9148,121.6016
16986,41.0051,122.0794
16987,40.3993,122.3473
16990,41.163,121.37
16991,41.1607,121.3463
16992,38.7988,121.2791
16993,39.4033,121.9203
16994,39.3908,121.9332
16996,41.8821,123.3506
17000,42.2229,123.7262
17001,39.6261,121.9816
17002,39.6269,121.9777
17003,40.6115,120.7457
17005,40.3376,120.3407
17006,40.3308,120.3361
17007,39.655,122.9837
17008,39.6814,122.9644
17009,36.2754,100.6188
17010,36.2824,100.6164
17012,37.6458,112.6005
17014,36.641,117.0998
17015,37.1658,116.4235
17019,36.9429,116.6306
17022,36.2994,120.392
17023,36.7769,119.9896
17024,35.9576,120.1827
17026,36.2628,120.0335
17028,36.3883,120.4345
17029,36.6696,117.0328
17030,35.409,116.5634
17032,36.8848,120.5152
17033,37.1826,119.9509
17034,37.1762,119.9359
17036,36.454,115.9795
17037,36.1465,120.4177
17038,36.1722,120.6851
17039,37.8094,120.7503
17040,37.8146,120.7679
17041,36.0677,120.3773
17042,35.1022,116.488
17044,37.1699,122.4908
17045,37.1645,122.4795
17046,36.0751,120.4035
17048,36.8572,118.7874
17052,37.4623,121.432
17055,35.2293,115.4715
17056,31.3798,121.4707
17057,31.2155,121.5022
17058,31.3556,121.2783
17059,31.1238,121.5092
17060,31.6191,121.5335
17061,30.5698,104.1842
17063,29.4098,103.8251
17064,29.4045,103.8122
17065,39.0628,117.2194
17066,39.0121,117.2243
17068,39.15,117.1281
17069,39.163,117.1863
17070,39.1196,117.5297
17071,39.094,117.1844
17072,38.9376,117.6874
17073,39.2579,117.3523
17075,31.494,92.062
17080,44.4181,84.711
17081,44.4301,84.894
17084,30.1708,121.2666
17085,30.1779,121.2611
17086,30.7018,120.3095
17087,30.6139,120.2831
17088,29.6555,121.4008
17089,30.055,119.9481
17090,30.5203,120.9423
17092,30.2904,120.0847
17093,30.2368,120.1793
17094,30.2236,120.1651
17095,29.8232,121.5367
17097,29.9177,121.9131
17100,29.8621,121.6542
17101,29.5778,121.5167
17103,29.2904,121.4255
17106,29.4802,121.8669
17107,30.0399,121.1501
17108,29.9536,121.7147
17111,24.898,118.599
17114,36.0818,103.7226
17115,35.9357,103.3097
17118,23.1825,113.4729
17119,22.5642,113.8814
17120,22.9812,113.9881
17121,22.5254,114.0534
17122,23.1163,113.2584
17123,23.1292,113.2644
17124,23.4426,113.3325
17127,20.907,110.0876
17129,22.7231,114.2374
17130,22.553,114.1288
17132,22.5384,113.9252
17134,23.4916,113.5365
17136,22.559,114.2172
17137,38.4972,117.6132
17141,30.5261,114.2618
17142,32.0129,112.1183
17143,30.6956,111.2809
17145,31.0377,113.8519
17146,29.2193,112.8142
17154,34.5128,118.479
17155,32.0602,118.7969
17157,43.2965,124.3347
17161,42.031,121.6538
17162,34.3329,108.986
17164,39.0732,117.2464
17165,39.0677,117.2392
17166,39.1294,117.1022
17168,30.7082,120.41
17170,29.6289,121.4025
17171,29.7298,121.4036
17174,39.892,116.6437
17183,38.2554,117.6523
17185,41.8554,123.3561
17190,37.5373,121.3762
17193,25.8448,116.3699
17197,29.5998,121.3784
17207,26.496,108.1688
17208,27.3077,107.7373
17210,31.5972,117.8519
17212,31.8283,117.1831
17213,31.6034,117.8703
17214,30.9393,118.7482
17215,30.5157,114.3881
17217,30.5034,117.0347
17218,22.6178,113.9238
17220,33.8598,113.5083
17222,32.1031,118.7705
17223,32.0483,118.8177
17225,32.0252,118.7372
17227,43.3201,129.779
17229,39.3174,117.3773
17230,25.0486,100.5203
17234,30.0955,119.9366
17236,29.1218,119.3249
17239,29.2465,119.2456
17242,30.3293,119.7518
17263,28.55229,112.38362
17264,28.55229,112.38362
17265,28.55229,112.38362
17266,29.37566,104.76577
17267,29.37566,104.76577
17268,29.37566,104.76577
17275,30.43167,120.29167
17276,30.43167,120.29167
17277,30.43167,120.29167
17278,31.43265,118.35134
17279,31.43265,118.35134
17280,31.43265,118.35134
17287,33.6271,114.59895
17288,33.6271,114.59895
17289,33.6271,114.59895
17311,37.9197,112.5412
17312,37.9197,112.5412
17313,37.9197,112.5412
17335,30.48922,114.94151
17336,30.48922,114.94151
17337,30.48922,114.94151
17347,31.45967,121.32886
17348,31.45967,121.32886
17349,31.45967,121.32886
17353,31.388397,120.987164
17360,32.438345,119.576886
17361,31.33,121.95
17368,34.311614,117.223087
17369,33.531996,120.603902
17370,32.162532,119.622216
17372,32.109889,119.724652
17373,33.241649,119.362103
17374,33.241649,119.362103
17376,32.164354,118.97633
17381,30.22,121.21
17390,29.58,105.05
17391,29.58,105.05
17392,29.58,105.05
17393,29.58,105.05
17394,29.58,105.05
17395,29.58,105.05
17396,29.58,105.05
17397,29.46,105.02
17404,29.35,102.66
17405,30.67,104.06
17407,30.67,104.06
17409,35.422368,119.530831
17411,35.74,119.2
17412,36.07,120.33
17413,36.07,120.33
17414,36.07,120.33
17415,36.07,120.33
17416,36.07,120.33
17417,36.07,120.33
17418,36.45,115.99
17419,35.42,119.46
17420,35.42,119.46
17421,35.42,119.46
17422,35.42,119.46
17423,35.42,119.46
17424,35.42,119.46
17425,35.42,119.46
17426,37.51,122.11
17427,37.53,121.39
17429,31.03,112.2
17430,30.51,114.31
17431,32.01,112.21
17432,32.02,112.22
17433,32.03,112.23
17435,32.01,112.21
17436,30.51,114.31
17438,32.05,110.74
17439,30.631181,114.404426
17440,30.631181,114.404426
17453,28.23,112.93
17454,28.232853,112.950932
17455,26.59,112.57
17457,27.83,113.13
17458,27.83,113.13
17459,27.83,113.13
17460,27.83,113.13
17461,27.83,113.13
17467,28.23,112.93
17468,27.83,113.13
17469,40.808681,111.63363
17470,31.449145,121.395034
17479,44.441185,84.917185
17480,44.441185,84.917185
17526,29.8576,95.769
17540,36.3939,94.9078
17564,34.9366,82.2325
17569,29.6455,91.0326
17579,31.2172,96.6009
17586,32.2063,96.4846
17591,29.27,88.887
17592,29.4755,96.4755
17594,32.5023,80.0936
17598,33.0162,97.0295
17633,30.94,117.81
17635,30.913164,117.803643
17636,30.920723,117.79042
17637,30.925184,117.777916
17640,31.732051,117.177393
17641,32.92225,117.393214
17643,33.921439,116.692939
17645,33.952034,116.783443
17646,33.952034,116.783443
17649,32.636879,116.852481
17651,31.673315,118.515306
17652,31.595516,118.474675
17653,34.62,112.45
17654,34.75,113.63
17655,34.75,113.64
17656,34.75,113.65
17657,34.75,113.66
17658,34.75,113.67
17666,35.22,113.65
17667,35.22,113.65
17668,35.22,113.65
17669,35.22,113.65
17670,35.22,113.65
17671,35.22,113.65
17672,35.22,113.65
17673,35.22,113.65
17674,35.22,113.65
17675,35.22,113.65
17676,35.22,113.65
17677,35.22,113.65
17678,35.22,113.65
17679,35.22,113.65
17680,35.22,113.65
17681,35.22,113.65
17682,35.22,113.65
17683,35.22,113.65
17684,35.22,113.65
17685,35.22,113.65
17686,35.22,113.65
17687,35.47,113.8
17688,35.47,113.8
17689,35.47,113.8
17690,35.47,113.8
17691,35.47,113.8
17692,35.47,113.8
17693,35.47,113.8
17694,35.47,113.8
17695,35.47,113.8
17696,35.47,113.8
17697,35.47,113.8
17698,35.47,113.8
17699,35.47,113.8
17700,35.47,113.8
17701,35.47,113.8
17702,35.47,113.8
17703,35.47,113.8
17704,35.47,113.8
17705,35.47,113.8
17706,35.47,113.8
17707,35.47,113.8
17708,35.17,113.74
17709,35.17,113.74
17710,35.17,113.74
17711,35.17,113.74
17712,35.17,113.74
17713,35.24,113.21
17717,35.77,115.03
17723,39.932289,118.699454
17725,40.006794,119.773746
17727,39.874585,118.01194
17728,39.677144,118.268608
17731,39.929076,119.607552
17732,39.432376,118.919668
17733,39.432376,118.919668
17734,39.57,118.08
17736,38.05,114.51
17737,38.03,114.48
17738,39.52,116.7
17739,36.63,114.54
17740,40.98,117.94
17741,38.05,114.52
17782,26.59,104.85
17793,26.9,107.9
17794,34.27,108.93
17795,34.37,107.13
17796,34.37,107.13
17797,34.37,107.13
17798,34.37,107.13
17805,28.68,115.85
17806,25.83,114.93
17807,25.83,114.93
17812,27.62,113.85
17813,27.62,113.85
17814,27.62,113.85
17815,27.62,113.85
17816,27.62,113.85
17817,27.62,113.85
17818,28.32,117.71
17819,27.82,114.92
17821,25.05,102.72
17825,23.89,106.61
17826,23.89,106.61
17827,23.89,106.61
17828,23.89,106.61
17830,26.08,119.28
17838,24.72,118.15
17839,24.57,118.1
17840,24.51,117.64
17841,24.51,117.64
17842,24.51,117.64
17843,24.51,117.64
17844,24.51,117.64
17845,36.57,101.75
17846,36.57,101.75
17847,36.57,101.75
17848,36.57,101.75
17849,36.57,101.75
17850,36.57,101.75
17851,36.57,101.75
17852,36.57,101.75
17853,36.57,101.75
17854,36.57,101.75
17855,36.57,101.75
17856,36.57,101.75
17858,33.0,97.01
17863,43.89,125.36
17864,43.9,125.37
17865,43.91,125.38
17866,43.92,125.39
17868,43.88,125.35
17875,38.152871,106.600627
17876,37.98,106.2
17877,38.55,106.35
17878,39.23,106.78
17879,40.773276,120.947306
17880,40.773276,120.947306
17881,40.773276,120.947306
17883,41.66,123.09
17884,41.81,123.35
17885,41.12,122.96
17886,41.07,122.96
17887,41.4,119.63
17910,42.03,121.67
17914,23.75286,114.708592
17915,23.75286,114.708592
17916,23.026836,114.348845
17917,23.026836,114.348845
17923,22.957258,112.046808
17924,22.957258,112.046808
17925,22.678125,113.257408
17926,22.678125,113.257408
17927,22.709983,113.479399
17929,22.157718,113.45895
17931,39.857216,116.539906
17932,39.857216,116.539906
17936,39.924648,116.36107
17937,39.924648,116.36107
17941,36.55,104.14
17946,39.78,98.27
17947,39.78,98.27
17948,39.79,98.28
17949,39.8,98.29
17950,39.81,98.3
17953,45.1,125.73
17956,46.58,125.0
17957,45.25,131.13
17958,45.35,130.84
17959,45.3,130.97
17970,40.16,124.43
17971,41.06,122.96
17973,41.06,122.95
17975,41.99,124.51
17982,41.0,121.22
17983,42.53,123.63
17987,42.41,123.68
17989,46.59,125.08
17991,45.73,126.58
17992,45.7,126.68
17994,43.89,125.32
17995,43.86,125.37
17996,43.8,125.22
17997,43.83,125.28
17998,43.87,125.42
17999,43.87,125.25
18000,43.86,125.34
18001,43.16,124.35
18003,37.03,111.91
18004,38.99,117.77
18005,36.07,111.54
18006,38.03,114.55
18008,30.0,120.81
18009,28.94,117.57
18026,30.92,117.8
18027,26.02,119.26
18028,36.64,117.1
18029,24.51,118.11
18030,31.4,121.48
18031,36.11,120.45
18035,23.08,112.01
18038,24.64,110.64
18039,24.49,110.4
18040,23.92,109.28
18041,25.87,110.86
18045,19.33,108.68
18051,30.54,114.25
18053,34.7,112.46
18054,25.82,113.14
18055,25.78,113.17
18061,27.69,111.44
18070,40.75,107.43
18073,36.05,103.89
18075,29.79,102.85
18081,25.68,105.17
18089,26.66,105.77
18091,27.02,106.04
18100,23.3,103.21
18107,40.13333,116.43333
18108,39.91013,116.35841
18109,29.56241,106.53506
18110,29.3925,106.52839
18111,29.56749,106.54795
18112,25.67015,116.43009
18113,26.27987,117.636
18115,26.23476,118.25287
18117,25.95396,117.92431
18119,39.77477,98.28908
18121,23.95174,115.54076
18122,24.01558,115.48458
18127,24.82389,107.57694
18128,22.85245,108.26884
18129,24.83473,108.25035
18131,25.87282,110.86062
18132,24.61245,110.4373
18134,22.6476,110.16089
18141,27.13065,104.72506
18142,27.12515,104.72712
18143,27.13095,104.73193
18149,30.2033,115.03901
18150,30.00421,114.83047
18153,45.72152,126.67849
18155,27.86306,112.90679
18156,25.82709,113.03812
18157,27.77758,111.49843
18160,26.60081,112.59191
18162,45.49059,124.18205
18167,27.64048,113.87058
18170,40.66384,109.83487
18172,40.62451,109.93399
18173,40.64415,109.87055
18174,40.58032,109.83006
18176,26.67139,119.54802
18181,34.36335,107.21531
18183,34.89945,108.94376
18184,34.55068,110.24348
18185,28.75502,104.6433
18186,31.19959,121.50496
18187,31.27855,121.54131
18188,35.91408,112.85077
18189,35.59172,112.52947
18192,30.13243,121.24253
18193,26.45398,99.41886
18195,28.21188,112.91308
18196,33.74946,105.74025
18201,25.71022,112.70217
18202,25.72422,112.71765
18204,31.13173,104.40012
18206,24.61667,110.66667
18210,36.7095,117.16801
18214,36.7399,117.1458
18215,36.7312,117.15992
18216,36.7465,117.16335
18217,36.748,117.20879
18218,36.75427,117.22189
18220,28.32675,117.21286
18223,27.67861,111.46306
18226,26.58607,101.72083
18229,36.26128,120.34594
18230,36.28196,120.3478
18233,31.21985,121.49346
18235,38.86105,110.48705
18239,37.80902,112.48546
18240,35.12103,109.1009
18241,30.92056,117.82552
18249,28.80778,112.41667
18252,27.88318,113.0797
18253,27.88307,113.09583
18274,34.57,117.37
18285,26.62,101.76
18286,26.62,101.76
18392,25.94,119.66
18393,25.94,119.66
18397,37.94,112.53
18398,37.94,112.53
18399,37.94,112.53
18404,28.94,106.71
18405,28.94,106.71
18406,28.94,106.71
18416,46.61,124.99
18417,46.61,124.99
18418,46.61,124.99
18423,41.174295,80.270792
18425,36.951317,100.902748
18426,32.410293,104.533414
18431,30.290414,109.491431
18448,31.388397,120.987164
18455,32.438345,119.576886
18456,31.33,121.95
18464,34.311614,117.223087
18465,33.531996,120.603902
18466,32.20315,119.424885
18467,31.960238,119.171985
18468,32.162532,119.622216
18470,32.109889,119.724652
18471,33.241649,119.362103
18472,33.241649,119.362103
18474,32.164354,118.97633
18480,30.22,121.21
18485,30.314943,120.362767
18486,29.07959,119.651716
18491,29.46,105.02
18499,29.35,102.66
18500,30.67,104.06
18502,30.67,104.06
18504,35.422368,119.530831
18506,35.74,119.2
18507,36.07,120.33
18508,36.07,120.33
18509,36.07,120.33
18510,36.07,120.33
18511,36.07,120.33
18512,36.45,115.99
18513,35.42,119.46
18514,35.42,119.46
18515,35.42,119.46
18516,35.42,119.46
18517,35.42,119.46
18518,35.42,119.46
18519,35.42,119.46
18520,37.53,121.39
18522,31.03,112.2
18523,30.51,114.31
18524,32.01,112.21
18525,32.02,112.22
18526,32.03,112.23
18528,32.01,112.21
18529,30.51,114.31
18531,32.05,110.74
18543,28.23,112.93
18544,28.232853,112.950932
18545,26.59,112.57
18547,27.83,113.13
18548,27.83,113.13
18549,27.83,113.13
18550,27.83,113.13
18551,27.83,113.13
18557,28.23,112.93
18558,27.83,113.13
18559,31.12,121.38
18560,40.808681,111.63363
18561,31.449145,121.395034
18563,31.187629,121.157169
18568,43.91,81.33
18570,43.91,81.33
18571,43.84,81.15
18572,43.48,82.23
18573,43.43,83.25
18574,43.78,82.5
18575,43.22,81.84
18576,43.15,81.13
18583,44.441185,84.917185
18584,44.441185,84.917185
18632,29.8576,95.769
18646,36.3939,94.9078
18670,34.9366,82.2325
18675,29.6455,91.0326
18685,31.2172,96.6009
18692,32.2063,96.4846
18697,29.27,88.887
18698,29.4755,96.4755
18700,32.5023,80.0936
18704,33.0162,97.0295
18739,30.94,117.81
18743,30.931355,117.884441
18744,30.931355,117.884441
18747,30.913164,117.803643
18748,30.920723,117.79042
18749,30.925184,117.777916
18752,31.732051,117.177393
18753,32.92225,117.393214
18755,33.921439,116.692939
18757,33.952034,116.783443
18758,33.952034,116.783443
18761,32.636879,116.852481
18763,31.673315,118.515306
18764,31.595516,118.474675
18765,33.650173,116.964794
18766,33.650173,116.964794
18767,34.62,112.45
18768,34.75,113.63
18769,34.75,113.64
18770,34.75,113.65
18771,34.75,113.66
18772,34.75,113.67
18780,34.803064,114.31703
18781,35.22,113.65
18782,35.22,113.65
18783,35.22,113.65
18784,35.22,113.65
18785,35.22,113.65
18786,35.22,113.65
18787,35.22,113.65
18788,35.22,113.65
18789,35.22,113.65
18790,35.22,113.65
18791,35.22,113.65
18792,35.22,113.65
18793,35.22,113.65
18794,35.22,113.65
18795,35.22,113.65
18796,35.22,113.65
18797,35.22,113.65
18798,35.22,113.65
18799,35.22,113.65
18800,35.22,113.65
18801,35.22,113.65
18802,35.47,113.8
18803,35.47,113.8
18804,35.47,113.8
18805,35.47,113.8
18806,35.47,113.8
18807,35.47,113.8
18808,35.47,113.8
18809,35.47,113.8
18810,35.47,113.8
18811,35.47,113.8
18812,35.47,113.8
18813,35.47,113.8
18814,35.47,113.8
18815,35.47,113.8
18816,35.47,113.8
18817,35.47,113.8
18818,35.47,113.8
18819,35.47,113.8
18820,35.47,113.8
18821,35.47,113.8
18822,35.47,113.8
18823,35.17,113.74
18824,35.17,113.74
18825,35.17,113.74
18826,35.17,113.74
18827,35.17,113.74
18828,35.24,113.21
18832,35.77,115.03
18839,39.57,118.08
18841,38.05,114.51
18842,38.03,114.48
18843,39.52,116.7
18844,36.63,114.54
18845,40.98,117.94
18846,38.05,114.52
18894,26.9,107.9
18895,34.27,108.93
18896,34.27,108.93
18897,34.27,108.93
18898,34.27,108.93
18899,34.476689,107.270436
18901,35.06,109.07
18908,28.68,115.85
18909,25.83,114.93
18910,25.83,114.93
18914,27.62,113.85
18915,27.62,113.85
18916,27.62,113.85
18917,28.32,117.71
18918,27.82,114.92
18921,25.05,102.72
18922,25.05,102.72
18923,25.05,102.72
18924,25.05,102.72
18925,25.05,102.72
18929,23.89,106.61
18930,23.89,106.61
18931,23.89,106.61
18932,23.89,106.61
18934,26.08,119.28
18935,26.08,119.28
18936,26.08,119.28
18937,26.08,119.28
18938,26.08,119.28
18945,24.72,118.15
18946,24.57,118.1
18947,24.51,117.64
18948,24.51,117.64
18949,24.51,117.64
18950,24.51,117.64
18951,24.51,117.64
18952,36.57,101.75
18953,36.57,101.75
18954,36.57,101.75
18955,36.57,101.75
18956,36.57,101.75
18957,36.57,101.75
18958,36.57,101.75
18959,36.57,101.75
18960,36.57,101.75
18961,36.57,101.75
18962,36.57,101.75
18963,36.57,101.75
18965,33.0,97.01
18976,41.790422,126.027098
18977,41.790422,126.027098
18978,43.89,125.36
18979,43.9,125.37
18980,43.91,125.38
18981,43.92,125.39
18983,43.88,125.35
18989,40.808681,111.63363
18990,40.808681,111.63363
18995,38.152871,106.600627
18996,37.98,106.2
18997,38.55,106.35
18998,39.23,106.78
18999,40.773276,120.947306
19000,40.773276,120.947306
19001,40.773276,120.947306
19003,41.66,123.09
19004,41.81,123.35
19005,41.12,122.96
19006,41.07,122.96
19007,41.4,119.63
19030,42.03,121.67
19033,23.134795,113.275723
19034,23.133067,113.247408
19035,23.132003,113.364116
19037,23.091917,113.316039
19040,23.75286,114.708592
19041,23.75286,114.708592
19042,23.026836,114.348845
19043,23.026836,114.348845
19049,22.957258,112.046808
19050,22.957258,112.046808
19051,22.709983,113.479399
19052,23.686938,116.633062
19053,23.677864,116.672754
19054,23.684331,116.617673
19056,22.157718,113.45895
19057,39.857216,116.539906
19058,39.857216,116.539906
19062,39.924648,116.36107
19063,39.924648,116.36107
19067,36.55,104.14
19072,39.78,98.27
19073,39.78,98.27
19074,39.79,98.28
19075,39.8,98.29
19076,39.81,98.3
19079,45.1,125.73
19082,46.58,125.0
19083,45.25,131.13
19084,45.35,130.84
19085,45.3,130.97
19086,47.35,123.96
19087,47.36,123.97
19104,40.16,124.43
19105,41.06,122.96
19107,41.06,122.95
19109,41.99,124.51
19116,41.0,121.22
19117,42.53,123.63
19121,42.41,123.68
19123,46.59,125.08
19126,45.73,126.58
19127,45.7,126.68
19129,43.89,125.32
19130,43.86,125.37
19131,43.8,125.22
19132,43.83,125.28
19133,43.87,125.42
19134,43.87,125.25
19135,43.86,125.34
19136,43.16,124.35
19138,37.03,111.91
19139,38.99,117.77
19140,36.07,111.54
19141,38.03,114.55
19143,30.0,120.81
19144,30.52,117.09
19145,28.94,117.57
19151,32.69,116.55
19164,30.92,117.8
19165,26.02,119.26
19166,36.64,117.1
19168,24.51,118.11
19169,31.4,121.48
19170,31.19,121.43
19172,30.92,121.47
19173,36.11,120.45
19177,23.08,112.01
19180,24.64,110.64
19181,24.49,110.4
19182,23.92,109.28
19183,25.87,110.86
19188,19.33,108.68
19195,30.54,114.25
19197,34.7,112.46
19198,25.82,113.14
19199,25.78,113.17
19205,27.69,111.44
19215,38.51,102.2
19220,41.52,111.7
19223,44.15,87.89
19226,40.75,107.43
19229,36.05,103.89
19236,29.79,102.85
19242,25.68,105.17
19250,26.66,105.77
19252,27.02,106.04
19261,23.3,103.21
19263,29.81,106.4
19269,40.13333,116.43333
19270,39.91013,116.35841
19271,29.56241,106.53506
19272,29.7513,106.64941
19274,27.98728,120.62436
19275,29.56756,106.54034
19276,29.3925,106.52839
19277,29.56749,106.54795
19278,25.67015,116.43009
19279,26.27987,117.636
19281,26.23476,118.25287
19282,25.08995,117.01184
19283,25.75537,116.74578
19286,25.95396,117.92431
19290,38.47456,102.19858
19291,39.77477,98.28908
19293,23.95174,115.54076
19294,24.01558,115.48458
19300,24.82389,107.57694
19301,22.85245,108.26884
19302,24.83473,108.25035
19304,25.87282,110.86062
19305,24.61245,110.4373
19307,22.6476,110.16089
19308,22.74199,109.87288
19310,24.32305,109.40881
19311,22.64713,110.15475
19314,24.52526,117.64973
19320,27.13065,104.72506
19321,27.12515,104.72712
19322,27.13095,104.73193
19335,30.2033,115.03901
19336,30.00421,114.83047
19339,45.72152,126.67849
19340,45.74525,126.64965
19342,27.86306,112.90679
19343,25.82709,113.03812
19344,27.77758,111.49843
19347,26.60081,112.59191
19349,45.49059,124.18205
19354,34.37405,117.15466
19356,27.64048,113.87058
19361,42.01346,121.64575
19363,40.66384,109.83487
19365,40.62451,109.93399
19366,40.64415,109.87055
19367,40.58032,109.83006
19370,26.67139,119.54802
19375,34.36335,107.21531
19377,34.89945,108.94376
19378,34.55068,110.24348
19380,34.50146,109.50818
19381,28.75502,104.6433
19384,36.7452,117.1551
19385,36.74308,117.17497
19386,36.7463,117.12234
19388,36.7029,117.15153
19390,36.22837,120.34778
19391,31.23629,121.518
19392,31.20223,121.48985
19393,31.19959,121.50496
19394,31.27855,121.54131
19395,35.91408,112.85077
19396,35.59172,112.52947
19398,44.31304,86.08063
19401,30.13243,121.24253
19403,29.55755,106.46356
19404,26.45398,99.41886
19411,32.71328,117.14187
19431,34.57,117.37
19442,26.62,101.76
19443,26.62,101.76
19549,25.94,119.66
19550,25.94,119.66
19554,37.94,112.53
19555,37.94,112.53
19556,37.94,112.53
19561,28.94,106.71
19562,28.94,106.71
19563,28.94,106.71
19573,46.61,124.99
19574,46.61,124.99
19575,46.61,124.99
19580,39.46,75.98
19587,41.174295,80.270792
19589,36.951317,100.902748
19590,32.410293,104.533414
19613,32.438345,119.576886
19617,32.162532,119.622216
19619,32.109889,119.724652
19620,33.241649,119.362103
19621,33.241649,119.362103
19623,32.164354,118.97633
19627,30.22,121.21
19632,29.46,105.02
19639,30.67,104.06
19641,35.422368,119.530831
19642,36.07,120.33
19643,36.45,115.99
19644,35.42,119.46
19645,35.42,119.46
19646,35.42,119.46
19647,35.42,119.46
19648,35.42,119.46
19649,35.42,119.46
19650,35.42,119.46
19651,37.53,121.39
19653,31.03,112.2
19654,32.01,112.21
19655,32.02,112.22
19656,32.03,112.23
19658,32.01,112.21
19659,30.51,114.31
19660,32.05,110.74
19661,30.631181,114.404426
19662,30.631181,114.404426
19676,28.232853,112.950932
19677,26.59,112.57
19681,31.449145,121.395034
19683,31.187629,121.157169
19686,36.08,111.52
19688,43.91,81.33
19690,43.91,81.33
19691,43.84,81.15
19692,43.48,82.23
19693,43.43,83.25
19694,43.78,82.5
19695,43.22,81.84
19696,43.15,81.13
19771,44.441185,84.917185
19772,44.441185,84.917185
19820,29.8576,95.769
19834,36.3939,94.9078
19858,34.9366,82.2325
19863,29.6455,91.0326
19873,31.2172,96.6009
19880,32.2063,96.4846
19885,29.27,88.887
19886,29.4755,96.4755
19888,32.5023,80.0936
19892,33.0162,97.0295
19906,30.94,117.81
19910,30.931355,117.884441
19911,30.931355,117.884441
19914,30.913164,117.803643
19915,30.920723,117.79042
19916,30.925184,117.777916
19919,33.921439,116.692939
19921,33.952034,116.783443
19922,33.952034,116.783443
19923,31.673315,118.515306
19924,31.595516,118.474675
19925,33.650173,116.964794
19926,33.650173,116.964794
19927,34.62,112.45
19928,34.75,113.63
19929,34.75,113.64
19930,34.75,113.65
19931,34.75,113.66
19932,34.75,113.67
19937,39.57,118.08
19939,38.05,114.51
19940,38.03,114.48
19941,39.52,116.7
19942,36.63,114.54
19943,40.98,117.94
19944,38.05,114.52
19956,26.59,104.85
19968,26.9,107.9
19969,34.27,108.93
19970,34.27,108.93
19971,34.27,108.93
19972,34.476689,107.270436
19980,28.68,115.85
19985,27.62,113.85
19986,27.62,113.85
19987,27.62,113.85
19988,27.62,113.85
19989,27.62,113.85
19990,27.62,113.85
19991,27.82,114.92
19994,25.05,102.72
19995,25.05,102.72
19996,25.05,102.72
19997,25.05,102.72
19998,25.05,102.72
20002,23.89,106.61
20003,23.89,106.61
20004,23.89,106.61
20005,23.89,106.61
20007,26.08,119.28
20015,24.72,118.15
20016,24.57,118.1
20017,24.51,117.64
20018,24.51,117.64
20019,24.51,117.64
20020,24.51,117.64
20021,24.51,117.64
20022,36.57,101.75
20023,36.57,101.75
20024,36.57,101.75
20025,36.57,101.75
20026,36.57,101.75
20027,36.57,101.75
20028,36.57,101.75
20029,36.57,101.75
20030,36.57,101.75
20031,36.57,101.75
20032,36.57,101.75
20033,36.57,101.75
20035,33.0,97.01
20046,41.790422,126.027098
20047,41.790422,126.027098
20048,43.88,125.35
20052,40.808681,111.63363
20053,40.808681,111.63363
20055,38.152871,106.600627
20056,37.98,106.2
20057,38.55,106.35
20058,40.773276,120.947306
20059,40.773276,120.947306
20060,40.773276,120.947306
20062,41.66,123.09
20063,41.81,123.35
20064,41.4,119.63
20065,42.03,121.67
20068,23.75286,114.708592
20069,23.75286,114.708592
20070,23.026836,114.348845
20071,23.026836,114.348845
20077,22.709983,113.479399
20078,23.686938,116.633062
20079,23.677864,116.672754
20080,23.684331,116.617673
20082,22.157718,113.45895
20084,39.857216,116.539906
20085,39.857216,116.539906
20091,36.55,104.14
20096,39.78,98.27
20097,39.79,98.28
20098,39.8,98.29
20099,39.81,98.3
20101,46.58,125.0
20102,47.35,123.96
20103,47.36,123.97
20111,40.16,124.43
20112,41.06,122.96
20114,42.53,123.63
20118,42.41,123.68
20120,46.59,125.08
20123,43.89,125.32
20124,43.86,125.37
20125,43.8,125.22
20126,43.83,125.28
20127,43.87,125.42
20128,43.87,125.25
20129,43.86,125.34
20130,43.16,124.35
20132,37.03,111.91
20133,38.99,117.77
20134,38.03,114.55
20136,28.94,117.57
20143,30.92,117.8
20144,36.64,117.1
20145,24.51,118.11
20146,36.11,120.45
20152,30.54,114.25
20153,25.82,113.14
20154,25.78,113.17
20160,27.69,111.44
20167,44.15,87.89
20170,40.75,107.43
20176,25.68,105.17
20185,27.02,106.04
20190,23.3,103.21
20192,40.13333,116.43333
20193,39.91013,116.35841
20194,29.56241,106.53506
20195,29.3925,106.52839
20196,29.56749,106.54795
20197,25.67015,116.43009
20198,26.27987,117.636
20200,26.23476,118.25287
20203,39.77477,98.28908
20205,23.95174,115.54076
20206,24.01558,115.48458
20212,26.67139,119.54802
20217,34.89945,108.94376
20218,34.50146,109.50818
20222,26.45398,99.41886
20223,33.74946,105.74025
20225,25.72422,112.71765
20227,31.13173,104.40012
20230,36.7399,117.1458
20231,36.73122,117.15523
20232,36.7419,117.20162
20233,36.7334,117.20263
20237,26.58607,101.72083
20240,36.26128,120.34594
20243,31.21985,121.49346
20244,38.86105,110.48705
20247,35.12103,109.1009
20256,27.88318,113.0797
20276,34.57,117.37
20287,26.62,101.76
20288,26.62,101.76
20394,25.94,119.66
20395,25.94,119.66
20399,37.94,112.53
20400,37.94,112.53
20401,37.94,112.53
20406,28.94,106.71
20407,28.94,106.71
20408,28.94,106.71
20418,46.61,124.99
20419,46.61,124.99
20420,46.61,124.99
20424,41.174295,80.270792
20426,36.951317,100.902748
20427,32.410293,104.533414
20432,30.290414,109.491431
20445,22.5302,114.114
20447,-62.4333,-59.3833
20448,-62.3167,-57.8833
20449,-62.3167,-57.9167
20450,-62.1833,-58.9667
20451,-62.2167,-58.95
20452,61.3167,22.15
20453,53.5854,19.5761
20454,53.5854,19.5761
20455,53.5859,19.5777
20456,53.5859,19.5777
20457,53.5819,19.5739
20458,53.5819,19.5739
20459,53.5803,19.5722
20460,53.5803,19.5722
20461,53.5791,19.5703
20462,53.5787,19.5759
20463,53.5812,19.5849
20465,36.72,117.17
20466,36.72,117.17
20470,36.4167,119.2167
20492,32.270833,118.793611
20493,32.270833,118.793611
20494,32.270833,118.793611
20495,32.270833,118.793611
20496,32.270833,118.793611
20497,32.270833,118.793611
20498,32.270833,118.793611
20499,32.270833,118.793611
20500,32.270833,118.793611
20501,32.270833,118.793611
20503,28.49,121.36
20504,28.49,121.36
20592,11.0878721247404,7.71410247402952
20595,11.6746807674431,8.02422076074119
20670,10.779429779205,11.5323325738474
20674,9.31218532481943,12.985586191463
20807,10.7974879081088,8.41474635958156
20836,11.1406725392683,7.68919429968233
20891,9.84725773433139,8.85698435582335
20941,9.813576517279,17.7206329803676
21028,47.2184,-1.5536
21029,47.2184,-1.5536
21030,47.2184,-1.5536
21031,47.2184,-1.5536
21032,47.2184,-1.5536
21033,47.2184,-1.5536
21034,47.2184,-1.5536
21035,47.2184,-1.5536
21040,53.46,-2.23
21041,53.46,-2.23
21042,53.46,-2.23
21043,41.53267,2.12641
21044,48.5839,7.7458
21045,48.5839,7.7458
21046,48.5839,7.7458
21047,48.5839,7.7458
21048,48.5839,7.7458
21049,41.5086,122.8289
21050,41.5086,122.8289
21051,41.5086,122.8289
21052,41.5086,122.8289
21053,41.5086,122.8289
21054,41.5086,122.8289
21055,41.5086,122.8289
21056,41.5086,122.8289
21057,31.22,121.48
21062,8.936083,-74.038139
21071,36.41,119.1
21076,6.593,3.342
21077,6.462,3.191
21078,7.383,3.887
21079,7.392,3.883
21080,5.105,7.369
21081,5.104,7.362
21082,5.122,7.379
21083,33.6183,114.6258
21084,33.6183,114.6258
21085,33.6183,114.6258
21086,33.6183,114.6258
21087,33.6183,114.6258
21088,33.6183,114.6258
21089,33.6183,114.6258
21096,42.4167,126.6
21109,28.317,117.2
21110,28.317,117.2
21120,-25.999167,28.129444
21121,-25.999167,28.129444
21122,-26.158889,27.870833
21123,-26.158889,27.870833
21127,6.810583,-5.262583
21128,6.819583,-5.277306
21130,31.055,121.533
21131,31.055,121.533
21132,31.055,121.533
21133,31.055,121.533
21134,31.055,121.533
21135,31.055,121.533
21142,29.91,121.54
21143,29.91,121.54
21144,40.65,122.0
21157,38.12249292,118.8743
21171,22.75,113.233
21172,22.75,113.233
21173,22.75,113.233
21174,22.75,113.233
21175,22.75,113.233
21176,22.75,113.233
21178,39.4,115.7
21179,29.6568,111.0391
21180,41.77,123.43
21181,41.77,123.43
21182,41.77,123.43
21184,21.585217,108.757983
21186,4.36,7.21
21187,4.4,7.1
21188,29.710519,31.287369
21189,29.889939,31.264536
21193,48.7374427,2.4371572
21194,48.7374427,2.4371572
21202,18.295833,109.480833
21203,18.281111,109.487222
21204,18.265,109.496111
21205,18.256389,109.506944
21206,18.256389,109.504722
21207,18.245556,109.505556
21208,18.236111,109.507778
21209,18.296944,109.535556
21211,18.284167,109.521111
21212,18.2825,109.520833
21213,18.28,109.517778
21214,18.274167,109.515833
21216,18.263333,109.506389
21217,18.260556,109.506389
21218,18.255,109.513611
21219,18.246944,109.513056
21220,18.235,109.511667
21221,50.62478,17.96253
21222,50.62458,17.96245
21224,50.62535,17.95245
21232,65.584819,22.156703
21233,63.825847,20.263036
21244,40.4679,17.3038
21245,23.1235,113.2197
21246,23.1235,113.2197
21247,23.1235,113.2197
21248,23.1235,113.2197
21250,31.533,121.667
21251,31.533,121.667
21252,31.533,121.667
21253,31.533,121.667
21254,31.533,121.667
21255,53.4872,-114.1731
21256,53.4872,-114.1731
21257,53.4872,-114.1731
21258,53.4872,-114.1731
21259,53.4872,-114.1731
21260,53.4872,-114.1731
21261,53.4872,-114.1731
21262,53.4872,-114.1731
21263,53.4872,-114.1731
21264,53.4872,-114.1731
21265,53.4872,-114.1731
21268,42.827,-73.665
21269,42.827,-73.665
21270,42.827,-73.665
21271,42.827,-73.665
21272,42.827,-73.665
21273,42.827,-73.665
21274,42.827,-73.665
21277,25.4,-108.85
21278,28.54,121.39
21279,12.93,80.13
21283,30.085,94.9033
21285,27.7139,118.0017
21289,50.319,18.787
21290,50.319,18.787
21291,50.319,18.787
21292,50.319,18.787
21293,42.803703,10.319503
21294,42.803358,10.321097
21295,42.803086,10.323672
21331,37.79,119.01
21332,37.78,119.04
21333,37.76,119.06
21334,37.76,119.16
21335,37.74,119.14
21336,37.75,119.16
21337,37.74,119.18
21338,37.74,119.18
21339,37.76,119.19
21348,40.182444,117.318972
21350,40.139694,117.100139
21353,40.031694,116.403528
21372,29.3667,105.5167
21373,29.3667,105.5167
21374,29.3667,105.5167
21375,29.3667,105.5167
21389,23.6,113.067
21390,23.6,113.067
21391,23.6,113.067
21394,47.883,153.55
21399,31.80487,120.78274
21402,32.49268,74.53134
21403,32.49268,74.53134
21404,32.49268,74.53134
21405,32.49268,74.53134
21406,50.3167,18.7833
21407,50.3167,18.7833
21408,50.3167,18.7833
21409,50.3167,18.7833
21419,31.36,121.29
21420,41.77,123.22
21421,41.88,123.35
21422,41.93,123.33
21423,41.94,123.39
21427,7.7717,4.5717
21428,7.7719,4.5717
21429,7.7719,4.5714
21430,7.7719,4.5717
21431,7.7717,4.5708
21432,7.7711,4.5714
21433,7.7711,4.5717
21434,7.7722,4.5717
21435,7.7722,4.5725
21436,7.7728,4.5731
21437,9.8147,11.3089
21440,9.8147,11.3089
21450,30.58,104.07
21456,34.9833,135.7333
21457,34.9833,135.7333
21458,22.5,114.0
21460,37.48,118.83
21461,37.48,118.83
21462,37.48,118.83
21463,37.48,118.83
21464,37.48,118.83
21465,37.48,118.83
21466,37.48,118.83
21467,37.48,118.83
21478,50.62458,17.96273
21480,50.62535,17.95301
21488,40.4679,17.3038
21490,34.16,107.65
21520,29.7285,107.2917
21524,38.5,102.2
21532,27.7139,118.0017
21536,30.17,114.93
21537,30.17,114.93
21538,30.17,114.93
21539,30.17,114.93
21540,30.17,114.93
21541,30.17,114.93
21542,30.17,114.93
21543,30.17,114.93
21544,31.14,121.29
21546,-12.8231,-42.7306
21550,-12.8231,-42.7306
21551,27.8739,113.0794
21553,28.517222,121.351667
21554,28.492222,121.374722
21555,28.475556,121.343889
21558,36.122923,103.602278
21559,36.122923,103.602278
21560,36.122923,103.602278
21570,42.8269,-73.6653
21571,42.8269,-73.6653
21572,42.8269,-73.6653
21573,42.8269,-73.6653
21574,42.8269,-73.6653
21575,42.8269,-73.6653
21588,23.6,113.0667
21589,23.6,113.0667
21590,23.6,113.0667
21592,37.79,119.01
21593,37.78,119.04
21594,37.76,119.06
21595,37.76,119.16
21596,37.74,119.14
21597,37.75,119.16
21598,37.74,119.18
21599,37.74,119.18
21600,37.76,119.19
21602,37.79,119.01
21603,37.78,119.04
21604,37.76,119.06
21605,37.76,119.16
21606,37.74,119.14
21607,37.75,119.16
21608,37.74,119.18
21609,37.74,119.18
21610,37.76,119.19
21619,28.1636,113.6433
21620,28.1636,113.6433
21621,28.1636,113.6433
21622,28.1636,113.6433
21623,28.1636,113.6433
21624,28.1636,113.6433
21625,28.1636,113.6433
21626,28.1636,113.6433
21627,28.1636,113.6433
21628,28.1636,113.6433
21629,28.1636,113.6433
21630,28.1636,113.6433
21631,28.1636,113.6433
21632,28.1636,113.6433
21633,28.1636,113.6433
21634,28.1636,113.6433
21635,28.1636,113.6433
21636,28.1636,113.6433
21644,39.13,117.35
21647,9.8142,11.3089
21648,9.8142,11.3089
21653,9.8142,11.3089
21654,9.8142,11.3089
21666,42.8269,-73.6653
21667,42.8269,-73.6653
21668,42.8269,-73.6653
21669,42.8269,-73.6653
21670,42.8269,-73.6653
21671,42.8269,-73.6653
21672,28.6667,77.2
21673,28.6667,77.2
21674,28.6667,77.2
21675,28.6667,77.2
21676,28.6667,77.2
21677,28.6667,77.2
21678,28.6667,77.2
21684,40.345,115.7
21685,40.345,115.7
21686,40.345,115.7
21689,31.49,120.28
21694,27.7139,118.0017
21697,51.4871,-0.2467
21698,30.8439,106.125
21699,30.8439,106.125
21700,-25.9992,28.1294
21701,-25.9992,28.1294
21702,-26.1589,27.8708
21703,-26.1589,27.8708
21706,9.25,99.3167
21707,31.15,121.4833
21710,34.9833,135.7333
21711,34.9833,135.7333
21712,34.9833,135.7333
21713,34.9833,135.7333
21714,45.6989,-73.4286
21715,45.6989,-73.4286
21716,45.6989,-73.4286
21717,45.6989,-73.4286
21718,45.6989,-73.4286
21719,45.6989,-73.4286
21725,50.62458,17.96272
21727,50.62535,17.95301
21733,65.5848,22.3906
21734,63.8258,20.263
21747,22.65,113.53
21748,22.65,113.53
21749,22.65,113.53
21750,22.65,113.53
21762,51.49,7.52
21763,51.49,7.52
21764,23.7193541,86.4105606
21765,23.691729,86.417871
21766,23.8325685,86.5202093
21767,23.779729,86.413908
21768,23.7620162,86.3593197
21769,23.7749574,86.3733852
21776,52.23,21.01
21777,52.23,21.01
21784,31.388397,120.987164
21791,32.438345,119.576886
21792,31.33,121.95
21795,29.8,106.4
21799,45.6667,126.6167
21802,35.0,113.6833
21809,18.4083,109.975
21810,18.4083,109.975
21811,18.4083,109.975
21812,18.4083,109.975
21813,18.4083,109.975
21814,18.4083,109.975
21815,18.4083,109.975
21816,18.4083,109.975
21817,18.4083,109.975
21818,18.4083,109.975
21819,18.4083,109.975
21820,18.4083,109.975
21821,18.4083,109.975
21822,18.4083,109.975
21823,18.4083,109.975
21824,18.4083,109.975
21856,26.6222,101.7656
21857,35.9,114.1833
21858,35.9,114.1833
21859,35.9,114.1833
21860,35.9,114.1833
21861,35.9,114.1833
21862,35.9,114.1833
21863,35.9,114.1833
21864,35.9,114.1833
21865,35.9,114.1833
21866,35.9,114.1833
21867,35.9,114.1833
21881,49.981721,7.956536
21882,49.981721,7.956536
21883,49.981721,7.956536
21884,49.981721,7.956536
21885,49.981721,7.956536
21886,49.981721,7.956536
21887,49.981721,7.956536
21888,49.981721,7.956536
21889,49.981721,7.956536
21890,49.981721,7.956536
21893,43.1813,124.3694
21900,31.175,104.167
21911,38.88,115.51
21912,38.88,115.51
21949,30.4667,114.3333
21950,29.85,115.55
21952,40.7542,120.8625
21953,40.7542,120.8625
21954,40.7542,120.8625
21955,40.7542,120.8625
21956,40.7542,120.8625
21957,40.7542,120.8625
21961,66.08,76.67
21966,-31.3833,-60.8833
21968,31.14,121.29
21969,7.009,3.05
21993,34.6167,117.2167
21995,-66.2833,110.5333
22002,30.0,119.75
22004,22.5,113.3
22005,37.9889,118.6158
22006,37.44,119.17
22007,37.44,119.17
22021,-62.2383,-58.6681
22022,-62.2383,-58.6681
22023,-62.2383,-58.6681
22024,-62.2383,-58.6681
22025,-62.2383,-58.6681
22026,-62.2383,-58.6681
22027,-62.2383,-58.6681
22028,-62.2383,-58.6681
22044,-11.66,27.48
22045,-11.66,27.48
22046,-11.66,27.48
22047,-11.66,27.48
22048,-11.66,27.48
22049,-11.66,27.48
22050,-11.66,27.48
22051,-11.66,27.48
22074,52.129722,11.649167
22076,50.353333,7.6075
22103,18.25403,109.50975
22104,18.25403,109.50975
22105,30.6167,114.4333
22106,30.6167,114.4333
22107,30.6167,114.4333
22108,30.6167,114.4333
22109,30.6167,114.4333
22113,39.12,117.2
22123,39.1333,117.1833
22124,39.1333,117.1833
22125,39.1333,117.1833
22126,39.1333,117.1833
22134,51.1786,22.5236
22135,51.1786,22.5236
22136,51.1786,22.5236
22137,51.1786,22.5236
22138,51.1786,22.5236
22139,51.1786,22.5236
22140,51.1786,22.5236
22141,51.1786,22.5236
22142,51.1786,22.5236
22143,51.0036,21.1669
22144,51.0036,21.1669
22145,51.0036,21.1669
22146,51.0036,21.1669
22147,51.0036,21.1669
22148,51.0036,21.1669
22149,51.0036,21.1669
22150,51.0036,21.1669
22151,51.0036,21.1669
22152,31.3333,121.3667
22153,31.0833,121.9667
22184,44.82,20.49
22209,23.15,113.37
22211,53.2333,-4.1667
22212,7.8764,3.9356
22213,7.8741,3.9363
22214,7.8523,3.9509
22215,7.85,3.9545
22216,7.8429,3.9469
22217,7.8428,3.9432
22218,7.8405,3.9434
22219,7.8419,3.9366
22220,7.8412,3.9387
22221,7.8404,3.9384
22222,7.8401,3.9373
22223,7.8373,3.9361
22226,34.27,108.94
22228,29.7,121.59
22232,27.4747,106.2594
22233,27.4747,106.2594
22243,30.94,117.81
22247,38.52,102.19
22248,36.55,104.18
22275,39.850117,116.527453
22276,5.7031,0.0287
22277,5.7031,0.0287
22278,5.7031,0.0287
22279,5.7031,0.0287
22280,5.7031,0.0287
22295,33.25,120.75
22298,28.63,-81.67
22299,-34.8086,138.6225
22300,-34.8086,138.6225
22301,-34.8086,138.6225
22302,-34.8149,138.6163
22303,-34.8149,138.6163
22304,-34.8149,138.6163
22305,25.9833,119.3667
22321,30.9833,103.95
22323,28.411,121.515
22324,28.411,121.515
22325,28.411,121.515
22326,28.411,121.515
22335,30.9833,103.95
22343,27.7578,111.4856
22344,30.27,120.15
22368,28.5605,121.3852
22370,34.2664,108.0608
22371,31.439052,73.069335
22372,31.439052,73.069335
22373,31.439052,73.069335
22374,31.439052,73.069335
22380,36.05,103.8167
22381,36.05,103.8167
22382,36.05,103.8167
22385,20.0,110.3
22386,29.8,106.4
22389,44.6,82.9
22390,29.6,101.8833
22391,29.6,101.8833
22392,29.6,101.8833
22400,28.8121,85.5169
22401,31.42035,91.48478
22402,32.04868,91.51342
22403,37.28608,96.88203
22424,-62.215722,-58.993056
22425,-62.211111,-59.008111
22426,-62.226806,-59.000861
22427,-62.212472,-58.926194
22428,-62.209028,-58.954222
22429,-62.220833,-58.959222
22430,-62.218972,-58.954306
22431,-62.215722,-58.993056
22432,-62.211111,-59.008111
22433,-62.226806,-59.000861
22434,-62.212472,-58.926194
22435,-62.209028,-58.954222
22436,-62.220833,-58.959222
22437,-62.218972,-58.954306
22459,30.1167,119.95
22460,27.83,112.91
22461,30.4739,114.3475
22462,30.4739,114.3475
22463,30.4739,114.3475
22464,30.4739,114.3475
22480,29.6189,52.5206
22481,32.3333,-6.35
22482,32.3333,-6.35
22483,32.3333,-6.35
22484,32.3333,-6.35
22485,32.3333,-6.35
22486,33.4833,49.0667
22487,33.4833,49.0667
22488,33.4833,49.0667
22489,33.4833,49.0667
22490,33.4833,49.0667
22491,33.4833,49.0667
22492,33.4833,49.0667
22493,33.4833,49.0667
22494,33.4833,49.0667
22495,33.4833,49.0667
22496,33.4833,49.0667
22497,33.4833,49.0667
22498,33.4833,49.0667
22499,33.4833,49.0667
22500,33.4833,49.0667
22501,33.4833,49.0667
22502,33.4833,49.0667
22503,33.4833,49.0667
22504,33.4833,49.0667
22505,33.4833,49.0667
22506,33.4833,49.0667
22507,33.4833,49.0667
22508,33.4833,49.0667
22509,33.4833,49.0667
22510,33.4833,49.0667
22511,33.4833,49.0667
22512,33.4833,49.0667
22513,33.4833,49.0667
22514,33.4833,49.0667
22515,33.4833,49.0667
22516,17.804722,41.881111
22517,17.724722,41.964167
22538,34.0067,71.9344
22539,34.0067,71.9344
22540,34.0067,71.9344
22541,32.68339,51.64481
22542,28.3635,121.2623
22543,28.3635,121.2623
22560,34.2208333333,92.4436111111
22563,34.1286111111,93.0163888889
22580,38.70224,117.53175
22581,38.70216,117.44517
22585,38.69855,117.50473
22588,38.7451,117.50449
22589,34.359722,108.769167
22641,49.217887,16.605404
22642,49.199128,16.611434
22643,49.204636,16.602188
22645,49.171298,16.671906
22646,49.190071,16.664537
22647,49.198209,16.598233
22648,49.185477,16.613008
22649,49.173386,16.596541
22663,23.78,86.72
22664,66.9333,-53.6667
22698,25.9125,93.74167
22699,26.09103,94.25897
22701,26.3783,80.4906
22702,26.3036,80.5431
22703,26.055,81.0322
22704,25.8894,81.2164
22705,25.8183,81.3294
22706,25.7675,81.3994
22707,25.5889,81.6336
22708,25.5067,81.8664
22709,25.4281,81.8889
22714,22.827,89.551
22715,22.827,89.551
22719,43.3428,-1.7647
22720,43.3428,-1.7647
22721,43.3428,-1.7647
22723,-34.8086,138.6225
22724,-34.8086,138.6225
22725,-34.8086,138.6225
22726,-34.8086,138.6225
22727,-34.8086,138.6225
22728,-34.8086,138.6225
22729,-34.8086,138.6225
22730,-34.8086,138.6225
22731,-34.8086,138.6225
22732,-34.81497,138.61628
22733,-34.81497,138.61628
22734,-34.81497,138.61628
22735,-34.81497,138.61628
22736,-34.81497,138.61628
22737,-34.81497,138.61628
22738,-34.81497,138.61628
22739,-34.81497,138.61628
22740,-34.81497,138.61628
22750,30.2236,119.7188
22754,39.13,116.31
22755,39.1,116.03
22758,45.58,84.86
22767,62.4167,26.0
22768,62.4167,26.0
22769,62.4167,26.0
22770,62.4167,26.0
22771,62.4167,26.0
22772,62.4167,26.0
22773,62.4167,26.0
22774,62.4167,26.0
22775,62.4167,26.0
22776,62.4167,26.0
22777,62.4167,26.0
22778,62.4167,26.0
22779,62.4167,26.0
22780,62.4167,26.0
22781,62.4167,26.0
22782,62.4167,26.0
22783,62.4167,26.0
22784,62.4167,26.0
22787,20.7262167,-99.3973333
22788,20.7267167,-99.3980833
22789,20.7262167,-99.3973333
22790,47.146383,123.89825
22800,33.6178,119.1122
22802,33.458,119.1455
22809,33.5817,118.9903
22811,33.5753,118.9877
22812,33.5787,119.017
22813,36.8001,7.7333
22814,36.7672,7.9032
22815,36.7595,7.9729
22816,36.7825,8.2
22817,36.7671,8.3172
22818,36.8968,8.4436
22819,36.8001,7.7333
22820,36.7672,7.9032
22821,36.7595,7.9729
22822,36.7825,8.2
22823,36.7671,8.3172
22824,36.8968,8.4436
22826,29.86,121.56
22828,28.6833,121.45
22829,30.6167,114.4333
22830,30.6167,114.4333
22831,30.6167,114.4333
22832,30.6167,114.4333
22833,30.6167,114.4333
22857,10.991333,77.283489
22862,11.083978,77.214578
22867,11.103628,77.297236
22879,50.15,19.4167
22932,30.2741,120.1551
22933,30.2741,120.1551
22934,30.2741,120.1551
22935,30.2741,120.1551
22936,30.2741,120.1551
22937,30.2741,120.1551
22938,30.2741,120.1551
22939,30.2741,120.1551
22940,30.2741,120.1551
22941,30.2741,120.1551
22942,30.2741,120.1551
22943,30.2741,120.1551
22944,30.2741,120.1551
22945,30.2741,120.1551
22946,30.2741,120.1551
22947,30.2741,120.1551
22948,30.2741,120.1551
22949,30.2741,120.1551
22950,30.2741,120.1551
22951,30.2741,120.1551
22952,30.2741,120.1551
22953,30.2741,120.1551
22954,30.2741,120.1551
22955,30.2741,120.1551
22956,30.2741,120.1551
22957,30.2741,120.1551
22958,30.2741,120.1551
22959,30.2741,120.1551
22964,50.277972,19.4705
22992,38.375,35.25
22995,63.9333,22.8167
22996,63.9333,22.8167
22997,63.9333,22.8167
22998,63.9333,22.8167
22999,63.9333,22.8167
23000,63.9333,22.8167
23001,63.43,10.39
23002,63.43,10.39
23003,63.43,10.39
23004,63.43,10.39
23005,63.43,10.39
23006,52.45,13.2833
23007,52.45,13.2833
23008,52.45,13.2833
23009,52.45,13.2833
23010,52.45,13.2833
23011,52.45,13.2833
23012,52.45,13.2833
23013,52.45,13.2833
23014,52.45,13.2833
23016,37.6675,-0.8033
23030,3.0,101.4
23031,3.0,101.4
23032,3.0,101.4
23033,3.0,101.4
23034,3.0,101.4
23035,3.0,101.4
23036,3.0,101.4
23037,3.0,101.4
23038,3.0,101.4
23039,3.0,101.4
23040,3.0,101.4
23041,3.0,101.4
23042,3.0,101.4
23043,3.0,101.4
23044,3.0,101.4
23045,3.0,101.4
23046,3.0,101.4
23047,3.0,101.4
23048,3.0,101.4
23049,3.0,101.4
23050,3.0,101.4
23052,23.55,116.6167
23064,34.329172,-82.085194
23065,34.306497,-82.109578
23066,34.277753,-82.058586
23067,34.258664,-82.031228
23070,13.798722,100.166417
23076,43.506389,124.809444
23090,59.95,30.3167
23091,59.95,30.3167
23094,59.8761,30.2575
23095,59.8761,30.2575
23096,59.8917,30.2769
23097,59.8917,30.2769
23102,48.2667,16.4167
23108,40.846,31.164
23117,5.4833,5.8667
23135,50.0986,18.545
23136,50.0986,18.545
23137,50.0986,18.545
23141,41.2408,36.4371
23149,26.64975,84.9199167
23150,36.398501,43.074622
23151,36.39606,43.114278
23152,36.363435,43.114976
23154,36.345667,43.136953
23155,36.340904,43.145025
23156,36.332283,43.152415
23159,36.160292,43.263505
23160,36.398501,43.074622
23161,36.39606,43.114278
23162,36.363435,43.114976
23164,36.345667,43.136953
23165,36.340904,43.145025
23166,36.332283,43.152415
23169,36.160292,43.263505
23170,26.182,91.694
23171,26.182,91.694
23172,26.182,91.694
23173,26.182,91.694
23219,60.8733,11.5017
23220,60.8733,11.5017
23221,60.8733,11.5017
23222,60.8733,11.5017
23223,60.8733,11.5017
23224,60.8733,11.5017
23228,10.0667,76.2833
23229,10.0667,76.2833
23230,8.5128,4.5916
23251,30.0095333,120.7937167
23253,34.42334,117.14056
23256,31.5313,120.5366
23257,31.5313,120.5366
23258,31.5313,120.5366
23259,31.5313,120.5366
23260,31.5313,120.5366
23261,31.5313,120.5366
23262,31.5313,120.5366
23263,31.5313,120.5366
23266,22.804,86.202
23291,11.96366,79.79569
23292,11.96046,79.79567
23293,11.96086,79.79594
23300,26.1833,91.7333
23304,36.2133,58.7958
23307,23.76389,86.79833
23308,23.76361,86.79861
23311,23.70806,86.97639
23312,23.7075,86.97694
23313,23.64917,87.09639
23317,23.76389,86.79833
23318,23.76361,86.79861
23321,23.70806,86.97639
23322,23.7075,86.97694
23323,23.64917,87.09639
23351,23.73778,90.36161
23352,23.73717,90.36408
23353,23.73617,90.36469
23354,23.73369,90.36419
23355,23.73336,90.3635
23356,23.73258,90.36419
23357,23.73478,90.36642
23358,23.73592,90.36739
23359,23.73569,90.36756
23360,23.73589,90.36761
23361,23.73325,90.36889
23376,58.12,11.82
23440,37.41,-0.893
23441,37.39,-0.88
23442,46.4853,14.8717
23443,46.4853,14.8717
23444,46.4853,14.8717
23448,50.3464166667,19.3031388889
23451,50.3311944444,19.3257222222
23454,50.3176111111,19.2164722222
23455,50.3265277778,19.1853611111
23456,50.3201944444,19.1919166667
23457,50.3446666667,19.1958611111
23466,37.6345,-0.252
23467,27.8736,113.07
23468,27.8736,113.07
23469,27.8736,113.07
23470,27.8736,113.07
23471,27.8736,113.07
23472,27.8736,113.07
23473,27.8736,113.07
23475,35.79473,50.97526
23476,6.25,6.19
23477,6.25,6.19
23478,6.25,6.19
23479,53.515889,-2.155625
23480,53.515889,-2.155625
23481,53.515889,-2.155625
23482,53.515889,-2.155625
23483,53.515889,-2.155625
23544,40.946269,14.002061
23545,40.946269,14.002061
23546,40.946269,14.002061
23547,40.946269,14.002061
23548,40.946269,14.002061
23549,40.946269,14.002061
23550,40.946269,14.002061
23551,40.946269,14.002061
23552,40.946269,14.002061
23553,40.946269,14.002061
23554,40.946269,14.002061
23555,40.946269,14.002061
23574,40.91833,28.78543
23577,45.089939,7.672155
23601,38.55,-121.74
23602,38.55,-121.74
23603,38.55,-121.74
23604,38.55,-121.74
23605,38.55,-121.74
23608,64.680833,21.288056
23609,64.688889,21.266667
23610,64.672778,21.255833
23611,64.680833,21.288056
23612,64.649167,21.204722
23613,64.675556,21.196111
23614,64.587222,21.224722
23615,64.679722,21.286389
23616,64.676111,21.199167
23617,64.676111,21.199167
23618,64.649167,21.204722
23619,64.631667,21.1875
23620,64.685556,21.139167
23621,64.683333,21.1375
23622,64.5575,21.213611
23623,64.736111,21.201944
23624,64.555556,21.210278
23625,64.757778,21.159167
23626,64.739167,21.188056
23627,64.758889,21.157778
23628,64.775833,21.16
23629,64.518889,21.286389
23630,64.489722,21.302222
23631,64.786667,21.052222
23632,64.86,21.079722
23633,64.931667,21.225
23634,65.070833,21.489167
23635,65.026111,21.356667
23636,65.076389,21.444167
23637,64.8375,21.083611
23638,64.436667,21.27
23639,64.358056,21.302778
23653,33.895336,10.100494
23654,33.868062,10.108281
23669,23.73,90.37
23670,23.7,90.43
23671,23.73,90.37
23672,23.73,90.37
23673,23.73,90.37
23674,23.73,90.37
23675,23.73,90.37
23676,23.73,90.37
23677,23.7,90.43
23678,23.7,90.43
23679,23.7,90.43
23680,23.7,90.43
23681,23.7,90.43
23682,23.7,90.43
23694,-12.463,130.845
23718,32.05,118.7833
23725,12.953671,79.313132
23729,52.464222,16.907028
23730,52.461778,16.906556
23731,52.463556,16.9135
23732,52.457,16.914639
23733,52.457389,16.9085
23734,52.458694,16.921083
23735,52.457278,16.922139
23736,52.454778,16.921083
23737,52.453444,16.917
23738,52.449222,16.913694
23739,52.449111,16.91875
23740,52.441083,16.923167
23741,52.437083,16.923278
23742,52.440944,16.931639
23743,52.4365,16.932639
23744,52.439556,16.942194
23745,52.434611,16.940639
23746,52.437833,16.945167
23747,52.430278,16.943194
23748,52.432972,16.939
23754,29.5833,52.5833
23755,12.0,8.5
23756,12.0,8.5
23757,12.0,8.5
23766,31.69,120.8
23767,31.69,120.8
23770,40.51,-89.0
23771,40.51,-89.0
23772,40.51,-89.0
23773,40.51,-89.0
23774,40.51,-89.0
23775,40.51,-89.0
23776,40.51,-89.0
23777,40.51,-89.0
23778,40.51,-89.0
23779,40.51,-89.0
23780,40.51,-89.0
23781,40.51,-89.0
23782,40.51,-89.0
23783,40.51,-89.0
23784,32.5947,116.8272
23789,22.009,88.7134
23790,22.199,88.746
23791,22.016,88.897
23792,22.1737,88.802
23793,22.2183,88.9539
23794,21.93,88.642
23796,22.2701,88.9319
23814,6.43885,3.38271
23815,6.43885,3.38271
23816,6.50024,3.39886
23817,6.50024,3.39886
23818,6.57341,3.45161
23819,6.57341,3.45161
23820,6.49008,3.51452
23821,6.49008,3.51452
23822,6.52391,3.56938
23823,6.52391,3.56938
23877,51.76,19.46
23878,51.76,19.46
23879,51.76,19.46
23880,51.76,19.46
23881,25.8,113.0333
23882,25.8,113.0333
23883,25.8,113.0333
23884,25.8,113.0333
23885,25.8,113.0333
23886,25.8,113.0333
23887,25.8,113.0333
23912,2.8154,101.0822
23913,2.8154,101.0822
23914,2.8154,101.0822
23919,26.25,54.25
23961,7.18322,3.40505
23962,7.17975,3.40573
23963,7.19127,3.45122
23964,7.18282,3.40372
23965,7.11968,3.29262
23966,7.1875,3.43212
23994,40.8806,24.4167
23995,40.8806,24.4167
23996,40.8806,24.4167
23997,40.8806,24.4167
23998,40.8806,24.4167
23999,29.42,52.85
24000,27.15,78.4
24001,27.15,78.4
24002,27.15,78.4
24003,27.15,78.4
24004,27.15,78.4
24005,7.091694,4.803083
24006,7.091694,4.803083
24007,7.091694,4.803222
24008,7.091694,4.803222
24009,7.091833,4.803083
24010,7.091833,4.803083
24024,52.4712,16.8558
24025,52.4732,16.8034
24026,52.4359,16.8429
24027,52.4151,16.8826
24028,52.458,16.9135
24029,52.4511,16.9429
24030,52.4411,16.9232
24031,52.4303,16.9432
24032,52.4006,16.9317
24033,52.4068,16.8375
24034,52.4034,16.9029
24035,52.4015,16.8734
24036,52.388,16.8613
24037,52.4083,16.9474
24038,52.3768,16.9613
24039,52.3717,16.9952
24040,52.3516,17.0251
24041,52.3321,16.9243
24046,31.3145,119.945
24047,31.3145,119.945
24048,31.3145,119.945
24049,31.3145,119.945
24050,31.3145,119.945
24097,27.15,78.4
24098,42.08406,123.52855
24120,40.3833,116.8333
24124,31.4504,73.135
24125,31.4504,73.135
24126,31.4504,73.135
24127,31.4504,73.135
24128,38.83,117.45
24131,16.03,76.92
24135,31.3667,120.7333
24136,43.9667,81.5167
24146,40.423525,29.267767
24152,45.4333,4.3833
24153,45.4333,4.3833
24154,45.4333,4.3833
24155,45.4333,4.3833
24166,55.9572,25.597
24169,55.9572,25.597
24172,55.9572,25.597
24175,55.9572,25.597
24176,20.7333,-99.3833
24183,6.6167,-1.2167
24184,6.6167,-1.2167
24185,6.6167,-1.2167
24186,6.6167,-1.2167
24187,6.6167,-1.2167
24188,6.6167,-1.2167
24189,6.6167,-1.2167
24190,6.6167,-1.2167
24191,6.6167,-1.2167
24192,6.6167,-1.2167
24193,6.6167,-1.2167
24194,6.6167,-1.2167
24195,6.6167,-1.2167
24209,11.9181417,75.354525
24210,11.790075,75.4642876
24211,9.98555,76.273889
24212,9.9098683,67.148072
24213,8.8959333,76.585252
24216,11.9181417,75.354525
24217,11.790075,75.4642876
24218,9.98555,76.273889
24219,9.9098683,67.148072
24220,8.8959333,76.585252
24223,11.9181417,75.354525
24224,11.790075,75.4642876
24225,9.98555,76.273889
24226,9.9098683,67.148072
24227,8.8959333,76.585252
24240,24.875,102.997
24246,8.5036,4.5164
24247,8.4514,4.5297
24249,8.4886,4.5442
24250,8.4886,4.5386
24252,8.4717,4.5267
24253,8.5053,4.5622
24254,3.053,101.463
24255,-24.8,153.3833
24256,11.1833,7.6333
24257,11.1833,7.6333
24258,11.1833,7.6333
24259,11.1833,7.6333
24260,11.1833,7.6333
24261,11.1833,7.6333
24262,11.1833,7.6333
24263,11.1833,7.6333
24264,11.1833,7.6333
24265,11.1833,7.6333
24266,36.005,120.145
24294,47.23,39.72
24295,47.23,39.72
24296,47.23,39.72
24297,47.23,39.72
24298,47.23,39.72
24299,47.23,39.72
24300,47.23,39.72
24301,47.23,39.72
24302,47.23,39.72
24303,47.23,39.72
24304,47.23,39.72
24305,47.23,39.72
24306,47.23,39.72
24307,47.23,39.72
24308,47.23,39.72
24309,47.23,39.72
24310,47.23,39.72
24311,47.23,39.72
24312,47.23,39.72
24313,47.23,39.72
24314,47.23,39.72
24315,47.23,39.72
24316,47.23,39.72
24317,47.23,39.72
24318,47.23,39.72
24321,8.4736,4.4997
24322,8.4736,4.4997
24325,34.2503,108.8592
24349,34.633,112.467
24365,47.146383,123.89825
24366,47.146383,123.89825
24430,42.319875,123.84377
24460,10.991333,77.283489
24465,11.083978,77.214578
24470,11.103628,77.297236
24481,-29.4067,-54.8306
24482,-29.4067,-54.8306
24483,-29.4067,-54.8306
24485,-29.4067,-54.8306
24486,-29.4067,-54.8306
24487,-29.4067,-54.8306
24489,-29.4067,-54.8306
24490,-29.4067,-54.8306
24491,-29.4067,-54.8306
24492,35.74,139.66
24493,35.74,139.66
24494,35.74,139.66
24496,48.283056,17.726389
24497,22.6264,114.7294
24498,38.9,22.433
24499,38.9,22.433
24500,38.9,22.433
24501,38.9,22.433
24509,5.75,5.0667
24510,5.75,5.0667
24511,5.75,5.0667
24515,2.0667,102.3667
24516,2.0667,102.3667
24522,12.932,79.3334
24523,51.9667,20.1667
24524,51.9667,20.1667
24525,51.9667,20.1667
24526,51.9667,20.1667
24527,51.9667,20.1667
24528,51.9667,20.1667
24529,51.9667,20.1667
24530,51.9667,20.1667
24531,51.9667,20.1667
24532,51.9667,20.1667
24560,6.416,2.97992
24561,6.41536,2.97988
24565,4.9805,6.106
24566,4.9805,6.106
24567,4.9805,6.106
24568,4.9805,6.106
24569,4.9805,6.106
24570,4.9805,6.106
24571,4.9805,6.106
24572,4.9805,6.106
24573,4.9805,6.106
24574,4.9805,6.106
24575,8.0,38.8333
24595,5.6167,-0.1667
24596,5.6167,-0.1667
24597,5.6167,-0.1667
24598,5.6167,-0.1667
24599,5.6167,-0.1667
24600,5.6167,-0.1667
24601,5.6167,-0.1667
24605,18.081667,-94.041944
24654,22.7211,88.3556
24656,22.5647,88.3386
24657,22.5028,88.1967
24658,22.4683,88.115
24659,22.1872,88.1875
24661,21.6375,88.0647
24662,21.5722,88.0236
24679,73.25,70.8333
24680,73.25,70.8333
24681,73.25,70.8333
24682,73.25,70.8333
24683,73.25,70.8333
24684,73.25,70.8333
24685,73.25,70.8333
24686,73.25,70.8333
24687,73.25,70.8333
24700,5.84285,7.949817
24705,22.6333,92.2
24706,22.6333,92.2
24707,22.6333,92.2
24708,22.6333,92.2
24712,6.525,3.333
24713,6.525,3.333
24714,6.525,3.333
24715,6.525,3.333
24716,6.525,3.333
24717,6.525,3.333
24718,6.525,3.333
24719,6.525,3.333
24720,6.525,3.333
24721,6.525,3.333
24722,6.525,3.333
24723,6.525,3.333
24724,6.525,3.333
24725,6.525,3.333
24726,6.525,3.333
24727,6.525,3.333
24728,6.525,3.333
24729,6.525,3.333
24730,6.525,3.333
24731,6.525,3.333
24732,6.525,3.333
24748,51.5,7.2167
24786,27.9042,112.9183
24791,7.61365,4.74947
24792,7.61365,4.74947
24793,7.61365,4.74947
24794,7.61365,4.74947
24795,7.61365,4.74947
24796,7.61365,4.74947
24797,7.61365,4.74947
24798,7.61365,4.74947
24799,7.61365,4.74947
24800,7.61365,4.74947
24801,7.61365,4.74947
24802,7.61365,4.74947
24803,7.61365,4.74947
24804,7.61365,4.74947
24805,7.61365,4.74947
24806,7.61365,4.74947
24807,7.61365,4.74947
24808,7.61365,4.74947
24809,7.61365,4.74947
24810,7.61365,4.74947
24811,7.61365,4.74947
24812,7.61365,4.74947
24817,51.03,6.98
24830,34.8,48.5
24832,61.3167,22.15
24833,61.3167,22.15
24834,61.3167,22.15
24835,61.3167,22.15
24836,61.3167,22.15
24837,61.3167,22.15
24838,61.3167,22.15
24839,61.3167,22.15
24840,61.3167,22.15
24841,61.3167,22.15
24842,61.3167,22.15
24843,61.3167,22.15
24844,61.3167,22.15
24845,61.3167,22.15
24846,61.3167,22.15
24847,23.13,113.26
24848,23.13,113.26
24849,23.13,113.26
24850,23.13,113.26
24886,34.05,10.3333
24887,34.05,10.3333
24888,34.05,10.3333
24889,34.05,10.3333
24890,34.05,10.3333
24899,-0.1,34.75
24900,-0.1,34.75
24901,-0.1,34.75
24902,-0.1,34.75
24903,-0.1,34.75
24904,50.13556,14.37861
24922,-26.1667,28.0333
24923,-26.1667,28.0333
24924,-26.1667,28.0333
24936,35.5167,129.3667
24937,35.5167,129.3667
24945,27.6667,111.45
24957,18.0733,75.1208
24958,18.0733,75.1208
24959,18.0733,75.1208
24960,18.0733,75.1208
24961,18.0733,75.1208
24962,18.0733,75.1208
24963,18.0733,75.1208
24964,18.0733,75.1208
24965,18.0733,75.1208
24966,18.0733,75.1208
24967,18.0733,75.1208
24968,18.0733,75.1208
24969,42.7146,24.1518
24983,-12.80243,28.21323
24984,-12.54982,28.24071
24985,-12.52897,27.88382
24992,46.649722,25.81
24993,46.649722,25.81
24994,45.943056,26.241111
24995,45.943056,26.241111
24996,46.793333,25.452778
24997,46.793333,25.452778
24998,46.583333,25.783333
24999,46.583333,25.783333
25003,23.1167,-82.3833
25004,23.1167,-82.3833
25005,23.1167,-82.3833
25006,38.726,117.492
25007,38.726,117.492
25008,38.726,117.492
25009,38.726,117.492
25010,38.726,117.492
25011,38.726,117.492
25012,28.6381,-88.5192
25013,41.0136,14.2971
25014,41.0136,14.2971
25015,41.0136,14.2971
25016,41.0136,14.2971
25017,41.0136,14.2971
25018,41.0136,14.2971
25019,41.0136,14.2971
25020,41.0136,14.2971
25021,41.0136,14.2971
25022,41.0136,14.2971
25023,41.0136,14.2971
25024,41.0136,14.2971
25025,41.0136,14.2971
25026,41.0136,14.2971
25027,41.0136,14.2971
25028,41.0136,14.2971
25029,41.0136,14.2971
25030,41.0136,14.2971
25031,41.0136,14.2971
25032,41.0136,14.2971
25037,45.70078,-73.4315
25038,45.70078,-73.4315
25039,45.70078,-73.4315
25040,45.70078,-73.4315
25041,45.70078,-73.4315
25065,45.1,14.1167
25066,45.0333,14.05
25081,22.55,113.72
25090,39.85,116.54
25091,28.5319,121.3789
25092,28.5319,121.3789
25093,28.5319,121.3789
25094,28.5319,121.3789
25095,28.5319,121.3789
25096,46.519,6.633
25097,46.519,6.633
25098,46.519,6.633
25099,46.519,6.633
25100,46.519,6.633
25101,46.519,6.633
25102,46.519,6.633
25103,46.519,6.633
25104,46.519,6.633
25105,46.519,6.633
25106,46.25,6.15
25107,46.25,6.15
25108,46.25,6.15
25109,46.25,6.15
25110,46.25,6.15
25111,46.25,6.15
25112,46.25,6.15
25113,46.25,6.15
25114,46.25,6.15
25115,46.25,6.15
25116,46.45,6.55
25117,46.45,6.55
25118,46.45,6.55
25119,46.45,6.55
25120,46.45,6.55
25121,46.45,6.55
25122,46.45,6.55
25123,46.45,6.55
25124,46.45,6.55
25125,46.45,6.55
25127,-18.51317,-70.21317
25135,49.22,5.99
25136,49.22,5.99
25162,45.700788,-73.430302
25163,45.700788,-73.430302
25164,45.700788,-73.430302
25165,45.700788,-73.430302
25166,45.699145,-73.430997
25167,45.699145,-73.430997
25168,45.699145,-73.430997
25169,45.699145,-73.430997
25179,-62.2333,-58.6667
25180,-62.2333,-58.6667
25181,-62.2333,-58.6667
25182,-62.2333,-58.6667
25183,28.3667,121.3667
25186,42.1753,-1.6933
25187,42.1753,-1.6933
25188,42.1753,-1.6933
25189,42.1753,-1.6933
25190,42.1753,-1.6933
25191,42.1753,-1.6933
25192,42.1753,-1.6933
25193,42.1753,-1.6933
25203,44.4894,12.2644
25204,44.4894,12.2644
25205,44.4894,12.2644
25206,44.4894,12.2644
25207,65.8,23.3
25208,65.8,23.3
25209,65.8,23.3
25210,65.8,23.3
25211,65.8,23.3
25212,65.8,23.3
25213,65.8,23.3
25214,65.8,23.3
25225,50.5,18.9
25232,30.9833,103.95
25233,30.9833,103.95
25234,30.9833,103.95
25235,30.9833,103.95
25236,30.9833,103.95
25237,30.9833,103.95
25238,44.72255,-0.51563
25244,-33.8962,25.70228
25245,-33.7321,26.06397
25250,36.55,104.2
25268,37.5297,126.9644
25269,25.2167,113.6333
25270,42.08406,123.52855
25281,28.5383,-81.3792
25282,27.9506,-82.4572
25283,8.6246,123.4987
25286,8.62524,123.50311
25287,8.62628,123.50361
25288,-34.65,-58.6167
25289,-32.8778,-60.6773
25291,38.0663,114.5678
25292,32.115,118.8466
25295,52.339722,-0.654722
25296,24.763783,-107.701447
25299,43.5569,10.2942
25300,43.5569,10.2942
25301,43.5569,10.2942
25302,78.125,15.617
25303,78.908,11.933
25306,29.4998,120.9039
25344,34.2,132.6
25345,34.15,132.6167
25346,34.1,132.6333
25347,34.1117,133.3033
25348,34.395,133.635
25349,34.6667,134.75
25350,34.5833,134.6667
25351,34.5,134.5833
25352,34.6667,135.3333
25353,34.5833,135.25
25354,34.6083,135.375
25355,34.5,135.1667
25356,34.4167,135.0833
25357,34.1667,134.9167
25358,34.0,134.9167
25361,28.2,116.917
25362,43.5,124.8
25365,43.4054,5.3005
25366,46.29833,6.30656
25367,45.7232,5.86842
25368,44.72255,-0.51563
25369,44.72255,-0.51563
25370,44.72255,-0.51563
25371,44.72255,-0.51563
25372,37.4845667,119.2905497
25373,37.4845667,119.2905497
25374,37.4845667,119.2905497
25375,37.4845667,119.2905497
25376,37.4845667,119.2905497
25377,40.183056,116.455833
25378,37.4131,118.6638
25379,37.4131,118.6638
25380,37.4131,118.6638
25381,37.4131,118.6638
25382,37.4131,118.6638
25383,37.4131,118.6638
25404,-62.0833,-58.3917
25405,-62.0833,-58.3917
25406,-62.0833,-58.3917
25407,-62.0833,-58.3917
25408,-62.0833,-58.3917
25413,37.6229,-0.8394
25414,40.6333,-8.7333
25415,40.6333,-8.7333
25416,37.5403,12.6074
25417,37.20407,15.18625
25418,40.81152,14.16258
25420,37.6229,-0.8394
25421,37.6229,-0.8394
25423,30.06194,119.95333
25426,54.03556,39.77944
25427,54.03556,39.77944
25428,54.03556,39.77944
25429,54.03556,39.77944
25430,54.03556,39.77944
25431,54.03556,39.77944
25432,31.685539,119.950542
25434,31.36,119.82
25435,31.36,119.82
25436,31.36,119.82
25437,31.36,119.82
25440,23.15,113.35
25451,-23.8729,-46.3929
25452,-23.8753,-46.3766
25462,38.21,13.24
25463,38.21,13.24
25464,38.21,13.24
25465,38.21,13.24
25466,38.21,13.24
25467,38.21,13.24
25468,38.21,13.24
25469,38.21,13.24
25470,38.21,13.24
25471,38.21,13.24
25472,38.21,13.24
25473,38.21,13.24
25474,38.21,13.24
25475,38.21,13.24
25476,38.21,13.24
25477,38.21,13.24
25525,31.501,122.511
25526,31.501,122.511
25527,31.008,122.498
25528,31.008,122.498
25529,31.008,122.498
25530,31.008,122.498
25531,30.697,122.73
25532,30.697,122.73
25533,30.697,122.73
25534,30.51,123.494
25535,30.004,123.008
25536,29.002,122.511
25537,29.002,122.511
25538,29.002,122.511
25539,29.002,122.511
25540,29.002,122.511
25544,65.584819,22.156703
25545,63.825847,20.263036
25546,40.4679,17.3038
25547,50.0614,19.9386
25548,50.0614,19.9386
25549,50.0614,19.9386
25550,50.0614,19.9386
25554,40.0021,116.4018
25558,22.4527,113.9807
25559,39.8985,116.3866
25560,40.0887,116.4338
25561,40.01,116.3751
25562,40.455,115.9668
25563,26.0745,119.2965
25564,25.0751,117.0177
25565,26.6417,118.1777
25566,26.6656,119.5479
25567,25.4541,119.0078
25568,24.8933,118.6111
25569,24.8747,118.6755
25571,24.7425,118.1611
25572,24.4872,118.0709
25573,24.5203,118.1063
25577,23.471,116.7636
25579,23.0344,113.7456
25580,23.0205,113.7517
25581,22.9922,113.3161
25583,22.6002,113.9553
25584,23.3922,113.1692
25586,23.1425,113.6526
25588,23.4546,113.2182
25589,23.152,113.2071
25590,23.1264,113.8205
25591,23.3533,116.6818
25595,22.8052,113.2933
25597,22.7944,113.5432
25599,22.7729,113.5984
25604,22.5597,113.3994
25609,26.0276,106.4499
25610,25.8255,107.5427
25611,26.264,107.5107
25613,26.5873,107.2321
25614,26.1399,106.6562
25615,25.4154,107.8859
25616,26.4585,106.9801
25617,25.4327,106.7534
25618,25.8264,107.3176
25622,38.8634,116.0466
25627,34.0801,114.8646
25628,35.0446,114.4104
25631,35.2213,113.2022
25633,30.3978,114.6142
25634,27.8276,113.134
25638,50.4274,124.1397
25640,33.6101,119.0203
25643,31.0976,120.7891
25644,31.6511,119.0283
25645,31.7869,118.8527
25646,32.1065,118.8287
25647,32.1632,118.9493
25648,32.1066,118.8287
25649,32.0751,118.814
25650,32.1465,118.9241
25651,32.2753,118.85
25655,31.1447,120.6296
25657,31.1488,120.6788
25659,31.2989,120.5853
25660,32.0426,118.8724
25661,32.4598,119.8985
25662,32.9149,119.8526
25663,32.2662,119.4926
25666,30.9249,120.5138
25667,30.9211,120.5156
25672,28.6832,115.8581
25675,41.1805,123.5496
25676,41.2117,123.6051
25678,41.2362,123.3426
25679,41.8271,123.4402
25680,42.1555,123.6914
25681,23.3223,116.3072
25683,41.9155,123.3806
25684,42.0845,123.5278
25687,41.8821,123.3506
25688,41.5132,122.7034
25695,42.2229,123.7262
25696,41.6283,123.058
25701,41.6968,123.1445
25702,36.2754,100.6188
25703,36.2824,100.6164
25705,35.8756,111.4431
25709,36.9469,119.2259
25713,36.6696,117.0328
25714,35.1022,116.488
25719,31.3702,121.4389
25721,31.4061,121.3003
25722,31.3798,121.4707
25723,31.2155,121.5022
25724,39.0887,117.1995
25725,38.9205,116.91
25729,39.1644,117.2524
25730,39.0628,117.2194
25731,39.094,117.1844
25733,31.494,92.062
25738,44.4301,84.894
25739,43.9861,87.549
25741,29.9039,121.8401
25743,30.1708,121.2666
25744,29.6661,121.4008
25746,29.8885,121.5446
25759,28.5851,121.3537
25760,28.4958,121.3543
25761,28.5136,121.519
25762,28.5671,121.1975
25763,29.866,121.6197
25764,29.2924,121.4295
25765,28.3259,121.6123
25767,30.0414,121.1461
25768,29.8192,121.5413
25769,29.9516,121.7095
25771,40.0702,116.43
25773,39.8628,116.7274
25774,26.100464,119.3514
25775,26.102975,119.3537
25779,26.031822,119.3125
25780,26.121771,119.3251
25781,26.0493,119.3457
25782,26.096877,119.3454
25784,36.0818,103.7226
25785,35.9357,103.3097
25788,23.2581,116.4326
25790,23.1538,113.244
25791,23.1748,113.2334
25793,23.1785,113.263
25795,22.5642,113.8814
25797,23.0235,113.655
25799,23.0339,113.7474
25801,23.109,113.2279
25802,23.0954,113.2224
25803,23.097,113.2339
25804,23.0997,113.2457
25805,23.1013,113.2138
25806,23.0608,113.155
25807,23.0353,113.1176
25808,22.5254,114.0534
25809,23.1176,113.3704
25810,23.1128,113.4371
25813,23.1426,113.3876
25814,23.0782,113.4227
25816,23.1181,113.4365
25817,23.1383,113.4279
25818,23.1572,113.2377
25819,23.1383,113.4619
25820,23.2012,113.2655
25822,23.1163,113.2584
25823,23.1292,113.2644
25824,23.1119,113.2984
25825,23.0811,113.2927
25826,23.1134,113.3305
25828,23.4426,113.3325
25834,23.1495,113.5755
25836,23.1621,113.4757
25837,23.1813,113.512
25838,23.1543,113.5922
25839,23.1558,113.4936
25844,23.1362,113.5611
25845,23.168,113.519
25846,23.0163,113.7005
25849,22.7231,114.2374
25850,22.553,114.1288
25852,22.5384,113.9252
25853,23.03,114.1095
25854,23.4916,113.5365
25856,22.5858,113.9603
25857,22.5427,114.0616
25858,23.105,113.8198
25859,22.8003,113.2964
25860,22.8096,113.2912
25861,23.3317,113.3852
25863,22.8131,114.0755
25865,22.559,114.2172
25866,23.051,113.8732
25867,23.0163,113.7005
25868,22.8503,108.2906
25873,30.3454,113.913
25876,30.2936,112.3651
25877,32.0007,118.7314
25878,32.3168,118.8019
25879,32.0602,118.7969
25881,32.0889,118.9222
25884,41.2199,122.826
25885,41.336,123.0274
25887,36.3489,113.1995
25889,34.2974,108.6798
25890,34.2914,108.7135
25891,34.312,108.7312
25892,34.3329,108.986
25895,31.39,121.42
25898,31.05,121.45
25899,31.26,121.14
25900,31.07,121.34
25901,31.15,121.54
25902,31.03,121.46
25904,39.0412,117.1329
25906,22.9031,113.4725
25907,39.2673,117.3727
25911,22.7728,114.2747
25923,18.2958,109.4808
25924,18.2886,109.4836
25925,18.2811,109.4872
25926,18.265,109.4961
25927,18.2564,109.5069
25928,18.2564,109.5047
25929,18.2456,109.5056
25930,18.2361,109.5078
25931,18.2969,109.5356
25933,18.2842,109.5211
25934,18.2825,109.5208
25935,18.28,109.5178
25936,18.2742,109.5158
25938,18.2633,109.5064
25939,18.2606,109.5064
25940,18.255,109.5136
25941,18.2469,109.5131
25942,18.235,109.5117
25943,18.295833,109.480833
25944,18.281111,109.487222
25945,18.265,109.496111
25946,18.256389,109.506944
25947,18.256389,109.504722
25948,18.245556,109.505556
25949,18.236111,109.507778
25950,18.296944,109.535556
25952,18.284167,109.521111
25953,18.2825,109.520833
25954,18.28,109.517778
25955,18.274167,109.515833
25957,18.263333,109.506389
25958,18.260556,109.506389
25959,18.255,109.513611
25960,18.246944,109.513056
25961,18.235,109.511667
25972,36.122923,103.602278
25973,36.122923,103.602278
25975,42.827,-73.665
25976,42.827,-73.665
25977,42.827,-73.665
25978,42.827,-73.665
25979,42.827,-73.665
25980,42.827,-73.665
25981,23.6,113.0667
25983,-33.02612,27.88288
25984,52.23,21.01
25991,36.7167,117.1667
25992,36.7167,117.1667
25993,29.3667,105.5167
25994,29.3667,105.5167
26019,28.5254,121.3681
26020,28.5254,121.3681
26021,23.3369,116.3522
26022,23.3369,116.3522
26023,23.3369,116.3522
26060,30.1215,115.145
26064,29.8868,115.618
26086,30.1215,115.145
26090,29.8868,115.618
26099,31.8,120.8
26122,43.66695,122.267717
26146,50.3167,18.7833
26147,50.3167,18.7833
26148,50.3167,18.7833
26149,50.3167,18.7833
26150,37.9838,23.7275
26152,37.6599,119.2631
26153,48.7374427,2.4371572
26154,48.7374427,2.4371572
26155,38.75,117.58
26156,52.23,21.011
26157,31.3,121.7
26158,22.5302,114.114
26162,47.093,17.909
26165,41.585,122.949
26166,41.585,122.949
26167,41.585,122.949
26168,41.585,122.949
26169,41.585,122.949
26170,41.585,122.949
26171,41.585,122.949
26172,41.585,122.949
26176,42.826917,-73.665333
26177,42.826917,-73.665333
26178,42.826917,-73.665333
26179,42.826917,-73.665333
26180,42.826917,-73.665333
26181,42.826917,-73.665333
26188,32.3731,119.4264
26189,32.3731,119.4264
26190,32.3731,119.4264
26192,29.9392,119.9211
26194,28.517222,121.351667
26195,28.492222,121.374722
26196,28.475556,121.343889
26203,23.3167,116.3333
26204,28.5333,121.3833
26205,28.5333,121.4167
26207,30.2333,71.4833
26208,31.5333,74.3333
26209,28.52537,121.3681
26210,28.52537,121.3681
26213,51.4876,-0.2458
26221,34.9833,135.7333
26225,45.6989,-73.4286
26226,45.6989,-73.4286
26227,45.6989,-73.4286
26228,38.12249292,118.8743
26232,31.5,120.1833
26249,-33.02612,27.88288
26250,40.851111,69.5505
26251,40.851111,69.5505
26252,40.851139,69.534444
26260,48.73744,2.43716
26261,48.73744,2.43716
26263,40.4679,17.3038
26264,36.7167,117.1667
26265,36.7167,117.1667
26267,50.0514,19.9383
26268,50.0514,19.9383
26269,50.0514,19.9383
26270,49.2989,19.9486
26271,49.2989,19.9486
26272,49.2989,19.9486
26273,31.3,121.7
26274,31.3,121.7
26275,31.3,121.7
26276,31.3,121.7
26302,50.3167,18.7833
26303,50.3167,18.7833
26304,50.3167,18.7833
26305,50.3167,18.7833
26306,52.23,21.011
26309,34.7447,119.7197
26310,34.7447,119.7197
26311,34.7447,119.7197
26312,34.7447,119.7197
26313,34.7447,119.7197
26314,34.7447,119.7197
26315,34.7447,119.7197
26316,34.7447,119.7197
26317,34.7447,119.7197
26318,34.7447,119.7197
26329,36.4167,119.2167
26337,32.270833,118.793611
26338,32.270833,118.793611
26339,32.270833,118.793611
26340,32.270833,118.793611
26341,32.270833,118.793611
26342,32.270833,118.793611
26343,32.270833,118.793611
26344,32.270833,118.793611
26345,32.270833,118.793611
26346,32.270833,118.793611
26352,-26.158889,27.870833
26353,32.2708,118.7936
26354,32.2708,118.7936
26355,32.2708,118.7936
26356,32.2708,118.7936
26357,32.2708,118.7936
26358,32.2708,118.7936
26359,32.2708,118.7936
26360,32.2708,118.7936
26361,32.2708,118.7936
26362,32.2708,118.7936
26365,23.316667,116.333333
26366,28.533333,121.383333
26367,28.533333,121.416667
26369,30.233333,71.483333
26370,31.533333,74.333333
26372,23.603056,113.073889
26373,23.1128,113.3778
26375,36.122923,103.602278
26376,36.122923,103.602278
26377,42.8269167,-73.6653333
26382,4.36,7.21
26383,36.7167,117.1667
26384,36.7167,117.1667
26385,36.122923,103.602278
26386,36.122923,103.602278
26387,36.122923,103.602278
26388,36.122923,103.602278
26389,31.9,117.3
26390,31.9,117.3
26391,31.9,117.3
26392,31.9,117.3
26393,31.9,117.3
26394,31.9,117.3
26395,31.9,117.3
26396,31.9,117.3
26416,37.79,119.01
26417,37.76,119.16
26418,37.74,119.14
26441,43.8667,125.3333
26442,45.698333,-73.561944
26443,45.698333,-73.561944
26444,45.698333,-73.561944
26471,34.983,135.733
26472,34.983,135.733
26473,45.6989,-73.4286
26474,45.6989,-73.4286
26475,45.6989,-73.4286
26476,45.698611,-73.428611
26477,45.698611,-73.428611
26478,45.698611,-73.428611
26479,40.8501,69.5533
26480,40.8501,69.5533
26516,65.584819,22.390036
26517,63.825847,20.263036
26539,38.19,120.75
26540,38.19,120.75
26549,61.3167,22.15
26552,32.37306,119.42639
26553,32.17222,119.60667
26554,32.37306,119.42639
26555,32.37306,119.42639
26557,31.415167,119.6988
26558,31.415433,119.698933
26565,30.4667,114.3333
26566,29.85,115.55
26568,26.6222,101.7656
26581,23.13,113.26
26582,23.13,113.26
26583,23.13,113.26
26584,23.13,113.26
26585,23.13,113.26
26586,23.13,113.26
26587,28.2631,112.9442
26588,37.1254,119.8508
26590,29.08,116.29
26593,27.6861,111.4361
26621,18.4083,109.975
26622,31.4589,73.0056
26623,31.4589,73.0056
26624,31.4589,73.0056
26625,31.4589,73.0056
26626,31.4589,73.0056
26627,16.48,99.52
26629,9.25,99.32
26630,31.15,121.12
26637,32.49268,74.53134
26638,32.49268,74.53134
26639,32.49268,74.53134
26640,32.49268,74.53134
26641,32.49268,74.53134
26642,31.14,121.29
26646,24.9,102.7
26647,24.8833,102.6667
26666,38.12249292,118.8743
26672,29.9294,78.1231
26701,-26.1667,28.0333
26702,-26.1667,28.0333
26712,35.4319,116.8325
26726,34.609905,112.354834
26727,30.646319,114.442766
26728,30.6586135,114.4356233
26732,30.838889,104.181111
26735,39.703557,116.475953
26736,38.804046,115.409444
26738,28.716887,118.621983
26740,31.214167,122.220833
26741,36.739951,117.070125
26745,31.803161,120.986826
26746,24.634997,118.03894
26747,31.373582,118.398415
26751,39.770159,116.123579
26754,39.880747,116.404548
26755,39.88524,116.454781
26756,39.907382,116.383491
26758,40.455036,115.966828
26762,39.831182,116.183421
26764,39.786813,116.465072
26765,40.005263,116.376408
26766,40.092407,116.758154
26774,34.4,117.12
26787,13.1271,80.28
26788,13.1271,80.28
26789,13.1271,80.28
26822,-15.38336,28.26892
26823,-15.38972,28.23747
26824,-15.39794,28.30844
26846,31.37,119.78
26852,23.56278,113.04528
26853,23.55694,113.05028
26861,23.56444,113.07
26862,23.5725,113.0725
26863,23.58667,113.07889
26864,23.55917,113.06806
26866,23.62972,113.06861
26867,23.60333,113.06583
26874,23.53417,112.97917
26884,23.57722,113.10417
26885,23.56222,113.11278
26886,23.55778,113.1225
26887,23.55583,113.1325
26892,40.16,124.43
26893,41.06,122.96
26895,41.06,122.95
26897,41.99,124.51
26969,36.124,103.608
26970,36.112,103.636
26973,23.328,116.362
26974,23.332,116.369
26978,37.87,30.88
26979,30.05,119.95
26980,30.05,119.95
26981,30.05,119.95
26982,30.05,119.95
26983,30.05,119.95
26984,30.05,119.95
26985,30.05,119.95
26986,30.05,119.95
26987,30.05,119.95
26988,30.05,119.95
26989,30.05,119.95
26990,30.05,119.95
26991,30.05,119.95
26992,33.895336,10.100494
26993,33.868062,10.108281
26999,-31.3833,-60.8833
27007,39.0315,117.6445
27014,23.6031,113.0739
27015,23.6031,113.0739
27016,41.5327,2.1264
27018,37.0,100.0
27019,37.3162,120.9761
27020,18.0817,-94.0419
27023,8.939417,-74.038139
27026,38.375,35.25
27028,34.4233,117.1406
27031,23.15,113.35
