序号,stem,英文标题,中文标题,region,op_groups,has_hm,parsed
P00175,2026_Monitoring HE_EnvironMonitAssess_10.1007-19,"Quantifying and tracing urban soil pollution sources by coupling magnetic and geochemical methods: A case study from Hangzhou, China",通过耦合磁学和地球化学方法量化与追踪城市土壤污染源：以中国杭州为例,China,Petroleum_TPH,True,True
P01490,10_1016_j_jece_2026_122259,Machine learning-assisted prediction of soil adsorption for medium- and low-ring polycyclic aromatic hydrocarbons and its spatial distribution across China,机器学习辅助预测中低环多环芳烃的土壤吸附及其在中国的空间分布,China,"PAHs,POPs_general",False,True
P01501,10.1016_j.jenvman.2025.128321,The distribution and dynamic transformation of the speciation of heterocyclic polycyclic aromatic hydrocarbons in co-contaminated soils during aging: taking carbazole as an example,老化过程中复合污染土壤中杂环多环芳烃形态的分布与动态转化：以咔唑为例,China,"PAHs,POPs_general",False,True
P01646,10.1016_j.jhazmat.2025.140728,Heavy metals and PAHs drive ecological and health risks in Chinese water level fluctuation zones,重金属和多环芳烃驱动中国消落带的生态与健康风险,China,PAHs,True,True
P03103,2025_狄楠楠_环境科学_10.13358-j.issn.2096-9309.2025.0120.02,Pollution Characteristics and Evaluation of Heavy Metals and Polycyclic Aromatic Hydrocarbons in Agricultural Land of Qinhuangdao,秦皇岛农用地重金属与多环芳烃污染特征及评价,China,PAHs,True,True
P04678,10_3390_toxics14050406Toxics,"From Legacy Contamination to Green Infrastructure: Heavy Metal, Microplastics and Nutrient Pollution Management in the Yangtze River Basin",从遗留污染到绿色基础设施：长江流域重金属、微塑料和营养盐污染管理,China,POPs_general,True,True
P09500,2026_Du Z et al_EnvironGeochemHealth_10.1007-s10653-026-03074-2,"Source identification and risk assessment of PAC contamination in typical coal mining soils of Huaibei, China: application of PMF and APCS-MLR receptor models",中国淮南典型煤矿区土壤中多环芳烃化合物污染的源识别与风险评估：PMF和APCS-MLR受体模型的应用,China,PAHs,False,True
P09521,2026_Ren Y et al_JHazardMater_10.1016-22,Fungal communities dominate ecosystem multifunctionality in heavy metal-polycyclic aromatic hydrocarbons co-polluted soils: Regulatory role of microbial biomass carbon,真菌群落主导重金属-多环芳烃复合污染土壤的生态系统多功能性：微生物生物量碳的调节作用,China,PAHs,True,True
P11023,2018_任毅_土壤_null,Practice of Soil Remediation Project in XuanSteel West Plant,土壤修复工程探索与实践,China,"PAHs,Petroleum_TPH",True,True
P11024,2018_任毅等_土壤_null,Practice of Soil Remediation Project in XuanSteel West Plant,土壤修复工程探索与实践,China,"PAHs,Petroleum_TPH",True,True
P11188,2020_刘玉峰_Unknown_null,Investigation of Organic Pollution in a Polluted Site in Qingdao and Screening of Remediation Technology,青岛某污染场地有机污染现状调查及修复技术筛选研究,China,"PAHs,POPs_general",False,True
P11353,2022_作者姓名_土壤_null,Research on Risk Assessment of soil contamination and microbial diversity of soil around Gangue dump,矸石山周边土壤污染物风险评估及微生物多样性研究,China,"PAHs,Petroleum_TPH",True,True
P11550,2024_朱敬涛_土壤_null,Experimental Study on the Vertical Migration Mechanism of Polycyclic Aromatic Hydrocarbons in Soil under Freeze-thaw Action,冻融作用下土壤中多环芳烃垂向迁移机制的试验研究,China,"PAHs,POPs_general",False,True
P11649,2026_Li JX et al_JHazardMater_null,"Geographical patterns, sources, and ecological risks of short- and medium-chain chlorinated paraffins in mulching cultivated soils across China",中国地膜覆盖农田土壤中短链和中链氯化石蜡的地理分布、来源及生态风险,China,PCNs_other,False,True
P11650,2026_Li Q et al_JEnvironSci_null,"Short- and medium-chained chlorinated paraffins in soils and sediments in China: Spatiotemporal distributions, ecological risks, and driving mechanisms",中国土壤和沉积物中的短链和中链氯化石蜡：时空分布、生态风险及驱动机制,China,PCNs_other,False,True
P11657,2026_Zhang K et al_EnvironPollut_null,Immobilized bacterial microspheres enhanced the phytoremediation of PAHs and heavy metals co-contaminated soil and shifted bacterial community structure,固定化细菌微球增强多环芳烃和重金属复合污染土壤的植物修复并改变细菌群落结构,China,PAHs,True,True
P00367,10_1007_s10653_025_02822_0,Residues of organochlorine pesticides in farmland soils and health risk assessment in the black soil region of Kangping County,康平县黑土区农田土壤中有机氯农药残留及健康风险评估,China,"OCPs,Pesticides",False,True
P00991,2025_Miao Y et al_EcotoxicolEnvironSaf_10.1016-42,"Vertical migration of antibiotics, ARGs, and pathogens in industrial multi-pollutant soils: Implications for environmental and public health",工业多污染土壤中抗生素、ARGs和病原体的垂直迁移：对环境和公共卫生的影响,China,"PAHs,Antibiotics",False,True
P00992,2025_Yu B et al_EnvironRes_10.1016-44,"Soil heavy metal pollution trends for intensive vegetable production system in Beijing-Tianjin-Hebei region, China (2000–2024) and human health implications",京津冀地区集约化蔬菜生产系统土壤重金属污染趋势（2000–2024）及其对人类健康的影响,China,Pesticides,True,True
P01014,2025_Yu B et al_EnvironRes_10.1016-72,"Soil heavy metal pollution trends for intensive vegetable production system in Beijing-Tianjin-Hebei region, China (2000–2024) and human health implications",京津冀集约化蔬菜生产系统中土壤重金属污染趋势（2000–2024）及人体健康影响,China,Pesticides,True,True
P01404,10.1016_j.envpol.2025.126365,"Integrated thermal and biostimulant enhanced bioremediation of PAHs and arsenic co-contaminated soil by an indigenous microbial consortium: Performance, mechanisms and limitations",热处理与生物刺激剂协同强化土著微生物群落修复多环芳烃和砷复合污染土壤：性能、机制与局限性,China,PAHs,True,True
P01422,10.1016_j.envres.2025.122748,"Pollution characteristics, ecological risk and microbial response to combined heavy metals and polycyclic aromatic hydrocarbons in soil-groundwater system of the blown-sand region",风沙区土壤-地下水系统中重金属与多环芳烃复合污染特征、生态风险及微生物响应,China,PAHs,True,True
P01514,2025_Duan L et al_JEnvironSci_10.1016-j.jes.2023.09.037,Soil colloids can significantly enhance spreading of polybromodiphenyl ethers in groundwater by serving as an effective carrier,土壤胶体作为有效载体显著促进地下水中多溴二苯醚的扩散,China,PBDEs,False,True
P01629,10.1016_j.jhazmat.2024.137027,Potential bacterial resources for bioremediation of organochlorine pesticides and flame retardants recognized from forest soil across China,基于中国森林土壤识别的有机氯农药和阻燃剂生物修复潜在细菌资源,China,"OCPs,Pesticides,POPs_general",False,True
P01630,2024_Chen L et al_JHazardMater_10.1016-j.jhazmat.2024.136500,"A spatial source-oriented and probability-based risk-assessment framework for heavy metal and PAH contamination of urban soils in Guangzhou, China",广州市城市土壤重金属和多环芳烃污染的空间源导向与概率风险评估框架,China,PAHs,True,True
P01634,2025_Wang M et al_JHazardMater_10.1016-j.jhazmat.2025.138561,Advanced three-dimensional prediction model based on stable machine learning for soil pollution: A case study from a contaminated site in Southern China,基于稳定机器学习的土壤污染先进三维预测模型：中国南方某污染场地案例研究,China,Petroleum_TPH,True,True
P01635,10.1016_j.jhazmat.2025.138276,"Occurrence and health risk assessment of phthalate ester pollution in mulched farmland soil at a national scale, China",中国全国尺度覆膜农田土壤中邻苯二甲酸酯污染的发生及健康风险评估,China,PAEs,False,True
P01641,10.1016_j.jhazmat.2025.139303,Microbial community dynamics drive soil functional recovery after in-situ gas-thermal remediation of co-contaminated soil,原位气热修复共污染土壤后微生物群落动态驱动的土壤功能恢复,China,POPs_general,True,True
P01643,10.1016_j.jhazmat.2025.140263,Polycyclic aromatic hydrocarbons (PAHs) in soils from a shale gas exploitation area in China: Quantitative sources and risk analysis using an improved hybrid model,中国页岩气开发区土壤中的多环芳烃：基于改进混合模型的定量源解析与风险分析,China,PAHs,False,True
P01868,10.1016_j.scitotenv.2025.178384,Identification of driving factors for heavy metals and polycyclic aromatic hydrocarbons pollution in agricultural soils using interpretable machine learning,基于可解释机器学习的农业土壤重金属和多环芳烃污染驱动因子识别,China,PAHs,True,True
P02686,2025_Ning T_SoilSedimentContam_10.1080-15320383.2025.2479070,"Characteristics and Sources of Soil Contamination in a Lead–Zinc Mining Region in Gansu Province, China",甘肃省某铅锌矿区土壤污染特征及来源,China,Petroleum_TPH,True,True
P03271,2014_张倩等_山西师范大学学报自然科学版_10.16207-j.cnki.1009-4490.2014.02.014,Effects of Ryegrass Cultivation on Soil Microbial Community Diversity in PAHs and Heavy Metal Contaminated Soil from Shanxi Industrial and Mining Areas,种植黑麦草对山西工矿区多环芳烃和重金属复合污染土壤微生物群落多样性的影响,China,PAHs,True,True
P03274,2016_陈希超_环境科学_10.16241-j.cnki.1001-5914.2016.09.025,Combined pollution of heavy metals and organic pollutants on soil enzymes activity: a review of recent studies,重金属和有机物复合污染对土壤酶活力的影响研究进展,China,POPs_general,True,True
P03291,2023_俞明等_现代化工_10.16606-j.cnki.issn0253-4320.2023.07.043,Study on a remediation engineering case using ceramsite kiln and ex-situ chemical oxidization technology jointly,陶粒窑、异位化学氧化技术联用的某修复工程实例研究,China,PAHs,True,True
P03753,2025_Tong L et al_Water_10.3389-3,Assessment of the sources and health risks of heavy metals in the soil-rice system based on positive matrix factorization and Monte Carlo simulation,基于正定矩阵因子分解和蒙特卡洛模拟的土壤-水稻系统重金属来源及健康风险评估,China,Pesticides,True,True
P03823,2025_Song Q et al_FrontMicrobiol_10.3389-fmicb.2025.1544233,"Microbial community dynamics and bioremediation strategies for petroleum contamination in an in-service oil Depot, middle-lower Yellow River Basin",黄河中下游在役油库石油污染的微生物群落动态与生物修复策略,China,"PAHs,Petroleum_TPH,VOC_SVOC",True,True
P03825,10.3389_fmicb.2025.1603518_CrossrefPage,Crop rotation complexity affects soil properties shaping antibiotic resistance gene types and resistance mechanisms,作物轮作复杂性影响塑造抗生素抗性基因类型和抗性机制的土壤性质,China,Antibiotics,False,True
P03874,2025_Wang Z et al_Land_null,Effects of Wheat Straw-Derived Biochar on Soil Microbial Communities Under Phenanthrene Stress,菲胁迫下小麦秸秆生物炭对土壤微生物群落的影响,China,PAHs,False,True
P03876,1957_Bioaccumulation_Land_10.3390-agriculture15181957,Effects of Phenanthrene Soil Pollution on Cadmium Bioaccumulation and Metabolic Responses in Maize (Zea mays L.),菲土壤污染对玉米镉生物累积及代谢响应的影响,China,"PAHs,Petroleum_TPH",True,True
P04327,10.3390_land14030612Land2025,Effects of Wheat Straw-Derived Biochar on Soil Microbial Communities Under Phenanthrene Stress,菲胁迫下小麦秸秆生物炭对土壤微生物群落的影响,China,PAHs,False,True
P04379,10_3390_molecules30081803,"Occurrence and Ecological Risks of Neonicotinoids in Wheat, Corn and Rice Field Soils in China",中国麦玉稻农田土壤中新烟碱类杀虫剂的发生及生态风险,China,Pesticides,False,True
P04672,10_3390_toxics13040249Toxics2025,"Ecological Risk and Early Warning of PCBs in Central Jilin Province’s Black Soil Zone, China",中国吉林省中部黑土区多氯联苯的生态风险与早期预警,China,PCBs,False,True
P04673,2025_Wang H et al_Environments_null,"Contamination Level, Distribution, and Inventory of Dechlorane Plus (DP) in the Surface Soil of Shenyang City, China",中国沈阳市表层土壤中得克隆(DP)的污染水平、分布及储量研究,China,POPs_general,False,True
P04674,10.3390_toxics13111004Toxics2025,"Soil Antibiotic Pollution and Ecological Risk Assessment in the Pearl River Delta Region, China",中国珠江三角洲地区土壤抗生素污染及生态风险评估,China,Antibiotics,False,True
P04676,2025_Xu C et al_Toxics_10.3390-toxics14010025,Non-Targeted and Targeted Analysis of Organic Micropollutants in Agricultural Soils Across China: Occurrence and Risk Evaluation,中国农业土壤中有机微污染物的非靶向与靶向分析：赋存与风险评估,China,Pesticides,False,True
P04721,10.3390_w17152246,Distribution and Ecological Risk Assessment of Perfluoroalkyl and Polyfluoroalkyl Substances in Chinese Soils: A Review,中国土壤中全氟和多氟烷基物质的分布及生态风险评估：综述,China,PFAS,False,True
P05197,10_1016_j_jes_2025_11_054,Elevated contaminations and risks of novel organophosphate esters and their transformation products in paddy soils,稻田土壤中新型有机磷酸酯及其转化产物的升高污染与风险,China,Pesticides,False,True
P05200,2025_HOU J et al_JHazardMater_10.1016-j.jhazmat.2025.138177_1,Insights on common fungicides: A national survey on farmland soils from Mainland China,关于常见杀菌剂的见解：中国大陆农田土壤的全国性调查,China,Pesticides,False,True
P05423,2024_Shang E et al_Unknown_null,Dynamics of Cadmium Pollution Risk in Agricultural Land Soil of Tropical Islands in China from 2000 to 2024: A Case Study of Hainan Island,2000年至2024年中国热带岛屿农业用地土壤镉污染风险动态：以海南岛为例,China,Pesticides,True,True
P09316,2025_Hou D et al_Science_10.1126-science.adr5214,Global soil pollution by toxic metals threatens agriculture and human health,全球有毒金属土壤污染威胁农业与人类健康,China?mixed,Petroleum_TPH,False,True
P09321,2025_Huang L et al_JHazardMater_10.1016-j.jhazmat.2025.139531,"Emissions, health risk, and policy impact on polycyclic aromatic hydrocarbon release in Hangzhou, China: 2010–2050 future trends",2010–2050年未来趋势：中国杭州多环芳烃排放、健康风险及政策影响,China,"PAHs,POPs_general",False,True
P09363,2025_Liu X et al_EnvironRes_10.1016-61,"Pollution characteristics, ecological risk and microbial response to combined heavy metals and polycyclic aromatic hydrocarbons in soil-groundwater system of the blown-sand region",风沙区土壤-地下水系统中重金属与多环芳烃复合污染特征、生态风险及微生物响应,China,PAHs,True,True
P09397,2025_Ou S et al_JEnvironSci_null,Bioaccessibility and health risk assessment of hydrophobic organic pollutants in soils from four typical industrial contaminated sites in China,中国四个典型工业污染场地土壤中疏水性有机污染物的生物可及性及健康风险评估,China,"PAHs,POPs_general",False,True
P09430,2025_Shu Y et al_GreenEnergyEnviron_null,"Antibiotics-heavy metals combined pollution in agricultural soils: Sources, fate, risks, and countermeasures",农田土壤中抗生素-重金属复合污染：来源、归趋、风险及对策,China,Antibiotics,True,True
P09467,2025_Wen X et al_PLoSONE_10.1371-journal.pone.0328246,Comparative analysis of soil organic carbon across different land types in plateau wetlands using Kriging interpolation based on spatial heterogeneity,基于空间异性的克里金插值分析高原湿地不同土地利用类型的土壤有机碳,China,"OCPs,Pesticides",True,True
P11296,2021_程文远_Science_null,Photocatalytic Degradation of Typical Polycyclic Aromatic Hydrocarbons by Biochar-based Graphite Carbon Nitride,生物炭基石墨相氮化碳对典型多环芳烃的光催化降解,China,PAHs,False,True
P11342,2022_Unknown_Agriculture_null,Toxicity evaluation of typical low-ring polycyclic aromatic hydrocarbons on soil microbial activities,典型低环多环芳烃对土壤微生物活性的毒性评价,China,"PAHs,POPs_general",False,True
P11363,2022_苏满_Unknown_null,Adsorption characteristics of polycyclic aromatic hydrocarbons in soil microplastics and risk assessment of earthworm,多环芳烃在土壤微塑料中的吸附特性及中药材地龙中的风险评估研究,China,PAHs,False,True
P11448,2023_谢臣臣_Unknown_null,Characteristics and Potential Risk Prediction of Soil-groundwater Combined Pollution in Typical Areas of Blown-sand Region in Northern Shaanxi Province,陕北风沙滩地典型地段土壤-地下水复合污染特征及潜在风险预测,China,PAHs,True,True
P11592,2025_Liu X et al_EnvironRes_null,"Pollution characteristics, ecological risk and microbial response to combined heavy metals and polycyclic aromatic hydrocarbons in soil-groundwater system of the blown-sand region",风沙区土壤-地下水系统中重金属和多环芳烃复合污染特征、生态风险及微生物响应,China,PAHs,True,True
P11625,2025_Wang T et al_EcotoxicolEnvironSaf_null,Long-term co-exposure to phthalates and cadmium enhances the stability of soil microbial communities,长期邻苯二甲酸酯与镉复合暴露增强土壤微生物群落的稳定性,China,PAEs,True,True
P11632,2025_Yu B et al_EnvironRes_null,"Soil heavy metal pollution trends for intensive vegetable production system in Beijing-Tianjin-Hebei region, China (2000–2024) and human health implications",中国京津冀集约化蔬菜生产系统土壤重金属污染趋势（2000-2024年）及人体健康影响,China,Pesticides,True,True
P11636,2025_Zou L et al_EnvironPollut_null_1,From plasticizers to pollutants: The ecological consequences of PAEs in agricultural soils,从增塑剂到污染物：农业土壤中邻苯二甲酸酯的生态后果,China,PAEs,False,True
P11638,2025_周湘远_Unknown_null,Remediation of Pyrene and Cr(VI) in Soil by Immobilized Phosphate-Solubilizing Degrading Consortium,固定化溶磷降解菌系修复芘和 Cr(VI)污染土壤,China,PAHs,True,True
P00962,10_1007_s44246_023_00095_9,Dosage- and site-dependent retention of black carbon and polycyclic aromatic hydrocarbons in farmland soils via long-term biochar addition,长期生物炭施用下农田土壤中黑炭和多环芳烃的剂量与位点依赖性留存,China,PAHs,False,True
P01010,10.1016_61,"Pollution characteristics, ecological risk and microbial response to combined heavy metals and polycyclic aromatic hydrocarbons in soil-groundwater system of the blown-sand region",风沙区土壤-地下水系统中重金属与多环芳烃复合污染特征、生态风险及微生物响应,China,PAHs,True,True
P01184,2024_Li M et al_Chemosphere_10.1016-j.chemosphere.2023.140954,The effects of Cu-phenanthrene co-contamination on adsorption-desorption behaviors of phenanthrene in soils,铜-菲共污染对土壤中菲吸附-解吸行为的影响,China,"PAHs,POPs_general",True,True
P01186,10.1016_j.chemosphere.2024.143743,"Characteristics, prediction, and risk assessment of phthalates, organophosphate esters, and polycyclic aromatic hydrocarbons in vegetables from plastic greenhouses of Northeast China",中国东北塑料温室蔬菜中邻苯二甲酸酯、有机磷酸酯和多环芳烃的特征、预测及风险评估,China,"PAHs,Pesticides,POPs_general,PAEs",False,True
P01244,10.1016_j.ecoenv.2024.116927,"A comprehensive assessment of heavy metals, VOCs and petroleum hydrocarbon in different soil layers and groundwater at an abandoned Al/ Cu industrial site",废弃铝/铜工业区不同土层及地下水中重金属、挥发性有机物和石油烃的综合评估,China,"PCBs,Petroleum_TPH,VOC_SVOC",True,True
P01245,2024_Xie X et al_EcotoxicolEnvironSaf_10.1016-j.ecoenv.2024.116965,"Spatial interaction and risk zoning of compound pollutants in farmland soils: Insights from heavy metals and polycyclic aromatic hydrocarbons in Hezhang County, China",农田土壤复合污染物的空间相互作用与风险分区：以中国赫章县重金属和多环芳烃为例,China,PAHs,True,True
P01394,10.1016_j.envpol.2023.122851,Contamination and source-specific health risk assessment of polycyclic aromatic hydrocarbons in soil from a mega iron and steel site in China,中国某大型钢铁基地土壤中多环芳烃的污染及源特异性的健康风险评估,China,PAHs,False,True
P01401,10.1016_j.envpol.2024.124946,"Unraveling soil geochemical, geophysical, and microbial determinants of the vertical distribution of organic phosphorus pesticide pollutants",揭示有机磷农药污染物垂直分布的土壤地球化学、地球物理和微生物决定因素,China,Pesticides,False,True
P01420,10.1016_j.envres.2024.118642,Different “nongrain” activities affect the accumulation of heavy metals and their source-oriented health risks on cultivated lands,不同的“非粮化”活动影响耕地上重金属的积累及其面向来源的健康风险,China,Pesticides,True,True
P01421,10.1016_j.envres.2024.119185,Quantitative tracing the sources and human risk assessment of complex soil pollution in an industrial park,工业园区复合土壤污染源的定量追踪与人​​体风险评估,China,Petroleum_TPH,False,True
P01602,2023_Liu HW et al_JHazardMater_10.1016-j.jhazmat.2023.132476,Ecological and health risk assessments of polycyclic aromatic hydrocarbons (PAHs) in soils around a petroleum refining plant in China: A quantitative method based on the improved hybrid model,中国某炼油厂周边土壤中多环芳烃的生态与健康风险评估：基于改进混合模型的定量方法,China,"PAHs,Petroleum_TPH",False,True
P01607,10.1016_j.jhazmat.2024.133625,Pollution characteristics and affecting factors of phthalate esters in agricultural soils in mainland China,中国大陆农田土壤中邻苯二甲酸酯的污染特征及影响因素,China,PAEs,False,True
P01612,2024_Long X et al_JHazardMater_10.1016-j.jhazmat.2024.134345,A systematic review of biochar aging and the potential eco-environmental risk in heavy metal contaminated soil,生物炭老化及其在重金属污染土壤中的潜在生态环境风险系统综述,China,PAHs,True,True
P01619,10.1016_j.jhazmat.2024.135547,Which pollutants and sources should be prioritized for control in multi-pollutants complex contaminated areas?,多污染物复合污染地区应优先控制哪些污染物和来源？,China,"PAHs,PFAS",True,True
P01624,10.1016_j.jhazmat.2024.136315,Simultaneous removal of PAHs and heavy metals from soil by combining electrokinetic-assisted delivery of persulfate and ultrasound activation,联合电动输运过硫酸盐与超声波活化同步去除土壤中多环芳烃与重金属的研究,China,"PAHs,POPs_general",True,True
P01625,10.1016_j.jhazmat.2024.136372,Impacts of soil type on the temporal dynamics of antibiotic resistance gene profiles following application of composted manure,土壤类型对施用堆肥后抗生素抗性基因谱动态变化的影响,China,Antibiotics,True,True
P01626,2024_Liu Y et al_JHazardMater_10.1016-j.jhazmat.2024.136456,Hydrocyclone-induced classification reduction and spin desorption of contaminated soil remediation with heavy metal and organics,旋流器诱导的分级减量与旋流解吸用于重金属和有机物污染土壤的修复,China,PCBs,True,True
P01670,10.1016_j.pedsph.2023.01.012,Heavy metals potentially drive co-selection of antibiotic resistance genes by shifting soil bacterial communities in paddy soils along the middle and lower Yangtze River,重金属可能通过改变土壤细菌群落驱动稻田土壤中抗生素抗性基因的共选择,China,Antibiotics,True,True
P01674,10.1016_j.pedsph.2023.06.001,"Co-occurrence of per- and polyfluoroalkyl substances, heavy metals and polycyclic aromatic hydrocarbons and their composite impacts on microbial consortium in soil: A field study",全氟和多氟烷基物质、重金属和多环芳烃的共存及其对土壤微生物群落的综合影响：实地研究,China,"PAHs,PFAS",True,True
P01848,10.1016_j.scitotenv.2024.171178,Examining diverse remediation mechanisms of biochar in soil contaminated with polycyclic aromatic hydrocarbon (PAH) of various ring structures: A global meta-analysis, examining diverse remediation mechanisms of biochar in soil contaminated with polycyclic aromatic hydrocarbon (pah) of various ring structures: a global meta-analysis,China,PAHs,False,True
P01850,10.1016_j.scitotenv.2024.172173,Machine learning models for predicting thermal desorption remediation of soils contaminated with polycyclic aromatic hydrocarbons,预测多环芳烃污染土壤热脱附修复的机器学习模型,China,"PAHs,POPs_general",False,True
P01858,2024_Zhou M et al_SciTotalEnviron_10.1016-j.scitotenv.2024.175364,Defense systems of soil microorganisms in response to compound contamination by arsenic and polycyclic aromatic hydrocarbons,土壤微生物对砷与多环芳烃复合污染的防御系统,China,PAHs,True,True
P01862,2024_Song Q et al_SciTotalEnviron_10.1016-j.scitotenv.2024.176186,Presence of polycyclic aromatic compounds in river sediment and surrounding soil: Possible impact from shale gas wastewater,河流沉积物及周围土壤中多环芳烃化合物的存在：页岩气废水可能产生的影响,China,PAHs,False,True
P01864,2024_Yan Zhang et al_SciTotalEnviron_10.1016-j.scitotenv.2024.177583,Random forest insights in prioritizing factors and risk areas of soil polycyclic aromatic hydrocarbons in an urban agglomeration area,随机森林在识别城市群地区土壤多环芳烃因子和风险区域的深入见解,China,PAHs,False,True
P02067,2024_Liang J L et al_NatCommun_10.1038-s41467-024-47214-7,Hidden diversity and potential ecological function of phosphorus acquisition genes in widespread terrestrial bacteriophages,广泛分布的陆地噬菌体中磷获取基因的潜在隐藏多样性与生态功能,China,OCPs,False,True
P03057,2017_杨悦锁等_化工学报_10.11949-j.issn.0438-1157.20161805,Research progress on co-contamination and remediation of heavy metals and polycyclic aromatic hydrocarbons in soil and groundwater,土壤、地下水中重金属和多环芳烃复合污染及修复研究进展,China,PAHs,True,True
P03100,2023_李景铭_土壤_10.13292-j.1000-4890.202312.010_1,Research progress on bioremediation of polycyclic aromatic hydrocarbons and heavy metals co-contaminated soil,多环芳烃和重金属复合污染土壤生物修复研究进展,China,PAHs,True,True
P03203,2025_刘晓英_土壤_10.13758-j.cnki.tr.2025.02.001_1,Research Progress on Humic Acid-enhanced Microbial Remediation of Soil Contaminated with Heavy Metals and Polycyclic Aromatic Hydrocarbons,腐植酸强化微生物去除土壤重金属和多环芳烃研究进展,China,PAHs,True,True
P03276,2007_积减小_环境科学_10.16258-j.cnki.1674-5906.2007.03.012,Response of Maize Root Morphology to Combined Pollution of Cd and Pyrene in Soil,玉米根系形态对土壤Cd和芘复合污染的响应,China,PAHs,False,True
P03286,2021_江澜_环境化学_10.16581-j.cnki.issn1671-3206.20210416.003,Research progress on removal of heavy metals and polycyclic aromatic hydrocarbons using bacteria and fungi as biological adsorbents,以细菌和真菌作为生物吸附剂去除重金属和多环芳烃的研究进展,China,PAHs,True,True
P03289,2023_张长鹤_土壤_10.16581-j.cnki.issn1671-3206.20230221.004,Research development of remediation of polycyclic aromatic hydrocarbons contaminated soil by biochar,生物炭修复多环芳烃污染土壤研究进展,China,PAHs,False,True
P03326,2022_朱孟龙_Land_10.20025-j.cnki.CN10-1679.2022-15-66,Soil Pollution Prevention and Control Methods and Corresponding Countermeasures from the Perspective of New Environmental Protection Law,新环保法视野下的土壤污染防治方法及相应对策,China,Petroleum_TPH,False,True
P03411,10.21203_rs.3.rs-3907939_v1_OpenAlexOA,Polyvinyl chloride promoted the dissemination of antibiotic resistance genes in Chinese soil: A metagenomic viewpoint,聚氯乙烯促进了中国土壤中抗生素抗性基因的传播：宏基因组视角,China,Antibiotics,False,True
P03838,2024_Wang Y et al_FrontPlantSci_10.3389-fpls.2024.1505670,Single/joint effects of pyrene and heavy metals in contaminated soils on the growth and physiological response of maize (Zea mays L.),污染土壤中芘和重金属对玉米生长和生理反应的单一/联合影响,China,PAHs,True,True
P03840,2024_Guo H et al_FrontSoilSci_10.3389-fsoil.2024.1337656,"Spatiotemporal distribution, sources, and ecological risk of soil polycyclic aromatic hydrocarbons in Chinese urban agglomerations from 2000 to 2020",2000-2020年中国城市群土壤多环芳烃的时空分布、来源及生态风险,China,PAHs,False,True
P04300,2024_Xu X et al_JFungi_10.3390-jof10030187,"Properties and Fungal Communities of Different Soils for Growth of the Medicinal Asian Water Plantain, Alisma orientale, in Fujian, China",福建泽泻生长的不同土壤的理化性质及真菌群落研究,China,Pesticides,True,True
P04324,10_3390_land13111798,"Integrated Assessment and Agricultural Planning in Selenium-Rich Hilly Soils: A Case Study on Land Use, Heavy Metal Contamination, and Nutrient Element Distribution",富硒丘陵土壤的综合评估与农业规划：土地利用、重金属污染和营养元素分布的案例研究,China,PAHs,True,True
P04334,10_3390_life14030337,Assessing the Natural Source Zone Depletion of a Petroleum-Contaminated Clayey Soil Site in Southern China Combining Concentration Gradient Method and Metagenomics,结合浓度梯度法和宏基因组学评估中国南方某石油污染粘土场地的自然源区衰减,China,Petroleum_TPH,False,True
P04349,2024_Qi Y et al_Water_10.3390-microorganisms11040984,Effects of Polycyclic Aromatic Hydrocarbons on the Composition of the Soil Bacterial Communities in the Tidal Flat Wetlands of the Yellow River Delta of China,多环芳烃对中国黄河三角洲潮滩湿地土壤细菌群落组成的影响,China,"PAHs,POPs_general",False,True
P04403,10.3390_pr12061157,Screening and Optimization of Soil Remediation Strategies Assisted by Machine Learning,机器学习辅助土壤修复策略的筛选与优化,China,PAHs,True,True
P04410,10.3390_pr12122829,Evaluation of Heavy Metal Contamination in Black Soil at Sanjiang Plain: From Source Analysis to Health Risk Assessment,三江平原黑土重金属污染评价：从源解析到健康风险评估,China,Pesticides,True,True
P04492,10_3390_soilsystems8030089,The Effect of Manure Application Rates on the Vertical Distribution of Antibiotic Resistance Genes in Farmland Soil,粪肥施用量对抗生素抗性基因在农田土壤中垂直分布的影响,China,Antibiotics,True,True
P04651,10_3390_toxics12020120,"Distribution, Source, and Ecological Risk of Heavy Metals in Sewage Irrigation of Taiyuan, Shanxi Province, China",山西省太原市污水灌溉中重金属的分布、来源及生态风险,China,Pesticides,True,True
P04652,10_3390_toxics12010085,Distribution Characteristics and Risk Assessment of 57 Pesticides in Farmland Soil and the Surrounding Water,农田土壤及其周边水体中57种农药的分布特征及风险评估,China,Pesticides,False,True
P04656,2024_Luo W et al_Toxics_null,Distribution and Risk Assessment of Organophosphate Esters in Agricultural Soils and Plants in the Coastal Areas of South China,中国南部沿海地区农田土壤和植物中有机磷酸酯的分布及风险评估,China,"PBDEs,Pesticides",False,True
P04657,10_3390_toxics12050361,Transformation and Degradation of PAH Mixture in Contaminated Sites: Clarifying Their Interactions with Native Soil Organisms,污染场地中PAH混合物的转化与降解：阐明其与土壤本土生物的相互作用,China,PAHs,False,True
P04661,2024_Ni Z et al_Science_10.3390-toxics12090667,Impact of Temperature Elevation on Microbial Communities and Antibiotic Degradation in Cold Region Soils of Northeast China,气温升高对中国东北地区寒区土壤微生物群落及抗生素降解的影响,China,Antibiotics,False,True
P04667,2024_Zhou G et al_Toxics_10.3390-toxics12090686,Distribution Characteristics and Ecological Risk Assessment of Organophosphate Esters in Surface Soils of China,中国表层土壤中有机磷酸酯的分布特征及生态风险评估,China,Pesticides,False,True
P04668,2024_Aihemaitijiang G et al_Toxics_10.3390-toxics12120937,"PAH Contamination, Sources and Health Risks in Black Soil Region of Jilin Province, China",中国吉林省黑土区多环芳烃污染、来源及健康风险,China,PAHs,False,True
P04669,2024_Lu Y et al_Unknown_null,"Design, Implementation and Environmental Impact of Cutoff Wall for Pollution Control in an Industrial Legacy Site",工业遗留场地污染控制中防渗墙的设计、实施及环境影响,China,"PCBs,PBDEs,POPs_general",True,True
P04733,2024_Jin Z et al_EnvironProtEng_10.37190-epe240306,Pollution status and health risk assessment of a specific organophosphate pesticide-contaminated site,特定有机磷农药污染场地的污染状况与健康风险评估,China,"Pesticides,VOC_SVOC",True,True
P05389,2024_Chen K et al_FrontEnvironSci_10.3389-fenvs.2024.1496826,Spatial heterogeneity of polycyclic aromatic hydrocarbons pollution in surface soil of China and its response to regional energy consumption,中国表层土壤多环芳烃污染的空间异质性及其对区域能源消耗的响应,China,PAHs,False,True
P08991,2024_Duan D et al_RemoteSens_null,County-Level Cultivated Land Quality Evaluation Using Multi-Temporal Remote Sensing and Machine Learning Models: From the Perspective of National Standard,基于国家标准和多时相遥感机器学习模型的县级耕地质量评价,China,PAHs,False,True
P09009,2024_Gao M et al_EnvironSciTechnol_null,Contamination Status of Novel Organophosphate Esters Derived from Organophosphite Antioxidants in Soil and the Effects on Soil Bacterial Communities,源自有机亚磷酸酯抗氧化剂的新型有机磷酸酯在土壤中的污染状况及其对土壤细菌群落的影响,China,Pesticides,False,True
P09054,2024_Li Y et al_JHazardMater_10.1016-j.jhazmat.2023.132805,"Source characteristics of polycyclic aromatic hydrocarbons and polychlorinated biphenyls in surface soils of Shenyang, China: A comparison of two receptor models combined with Monte Carlo simulation",中国沈阳地表土壤中多环芳烃和多氯联苯的源特征：结合蒙特卡洛模拟的两种受体模型的比较,China,"PAHs,PCBs",False,True
P09090,2024_Nie J et al_JEnvironChemEng_null,Synergistic remediation strategies for soil contaminated with compound heavy metals and organic pollutants,复合重金属与有机物污染土壤的协同修复策略,China,POPs_general,True,True
P09092,2024_Ouyang K_JHazardMater_null,Which pollutants and sources should be prioritized for control in multi-pollutants complex contaminated areas?,多污染物复合污染区应优先控制哪些污染物和来源？,China,"PAHs,PFAS",True,True
P09189,2024_Xue S et al_TransNonferrousMetSocChina_null,Rapid detection and risk assessment of soil contamination at lead smelting site based on machine learning,基于机器学习的铅冶炼场地土壤污染快速检测与风险评估,China,Petroleum_TPH,True,True
P09208,2024_Zhao L et al_JHazardMater_null,Improved microbial-plant soil bioremediation of PAHs and heavy metal through in silico methods,通过计算机模拟方法改进PAHs和重金属的微生物-植物土壤生物修复,China,PAHs,True,True
P09362,2025_Liu X et al_EnvironPollut_null,"Pollution characteristics, ecological risk and microbial response to combined heavy metals and polycyclic aromatic hydrocarbons in soil-groundwater system of the blown-sand region",风沙区土壤-地下水系统中重金属与多环芳烃复合污染特征、生态风险及微生物响应,China,PAHs,True,True
P09913,10_13292_j_1000_4890_202312_010,Research progress on bioremediation of polycyclic aromatic hydrocarbons and heavy metals co-contaminated soil,多环芳烃和重金属复合污染土壤生物修复研究进展,China,PAHs,True,True
P11113,2019_耿悦_环境科学_null,Interaction between Colloids and PAHs in Coking Contaminated Soil,焦化污染土壤胶体与多环芳烃相互作用研究,China,PAHs,False,True
P11450,2023_王晴_土壤_null,Study on the enhanced bioremediation mechanisms of polycyclic aromatic hydrocarbons and arsenic co-contaminated soil,多环芳烃和砷复合污染土壤的强化微生物修复机制研究,China,PAHs,True,True
P11456,2023_魏晓莉_Unknown_null,Study on the Distribution and Sorption Mechanism of Polycyclic Aromatic Hydrocarbons and Heavy Metals in Soil Aggregates of Contaminated Site,场地土壤团聚体多环芳烃和重金属分布特征及吸附机制研究,China,PAHs,True,True
P11460,2024_Bai X et al_Unknown_null,Improvement of Extraction Efficiency and Metabolites of Pollutants from Medium and Low Concentration Organic Polluted Soil,中低浓度有机污染土壤中污染物提取效率及代谢产物的改善,China,"PAHs,Pesticides,POPs_general",False,True
P11476,2024_Guo M_EnvironPollut_null,Biochars assisted phytoremediation of polycyclic aromatic hydrocarbons contaminated agricultural soil: Dynamic responses of functional genes and microbial community,生物炭辅助多环芳烃污染农田土壤的植物修复：功能基因和微生物群落的动态响应,China,PAHs,False,True
P11484,2024_Li S et al_EnvironRes_null,Interaction of heavy metals and polycyclic aromatic hydrocarbons in soil-crop systems: The effects and mechanisms,土壤-作物系统中重金属与多环芳烃的相互作用：效应与机制,China,PAHs,True,True
P11486,2024_Li Y et al_EcoEnvironmentHealth_null,Effects of transient flow conditions on colloid-facilitated release of decabromodiphenyl ether: Implications for contaminant mobility at e-waste recycling sites,瞬态流条件对十溴二苯醚胶体促释放的影响：对电子废弃物拆解场地污染物迁移的启示,China,PBDEs,False,True
P11492,2024_Liu HW et al_JHazardMater_null,Ecological and health risk assessments of polycyclic aromatic hydrocarbons (PAHs) in soils around a petroleum refining plant in China: A quantitative method based on the improved hybrid model,基于改进混合模型的中国某炼油厂周边土壤多环芳烃生态与健康风险评估：定量方法研究,China,"PAHs,Petroleum_TPH",False,True
P11528,2024_Unknown_土壤_null,"Characteristics, Source Analysis and Ecological Health Risk Assessment of Heavy Metal Pollution in Soils of Industrial Concentration Sites in Chizhou Area",池州地区工业聚集地土壤重金属污染特征、源解析和生态健康风险评价,China,POPs_general,True,True
P11530,2024_Wang L et al_JHazardMater_null,"Spatial distribution, compositional characteristics, and source apportionment of legacy and novel per- and polyfluoroalkyl substances in farmland soil: A nationwide study in mainland China",全氟及多氟烷基物质在农田土壤中的空间分布、组成特征及源解析：中国大陆的一项全国性研究,China,PFAS,False,True
P11534,2024_Xie X et al_SciRep_null,Integrated assessment of soil quality and contaminant risks in salinized farmland adjacent to an oil-exploitation zone: insights from the Yellow River Delta,石油开发区周边盐渍农田土壤质量与污染风险的综合评估：来自黄河三角洲的见解,China,PAHs,False,True
P11539,2024_Zhang S et al_SciTotalEnviron_null,Predicting removal efficiency of organic pollutants by soil vapor extraction based on an optimized machine learning method,基于优化机器学习方法的土壤气相抽提有机污染物去除效率预测,China,"VOC_SVOC,POPs_general",False,True
P11541,2024_Zhao F et al_SciTotalEnviron_null,"Occurrence, potential sources, and ecological risks of traditional and novel organophosphate esters in facility agriculture soils: A case study in Beijing, China",设施农业土壤中传统和新型有机磷酸酯的分布、潜在来源及生态风险：以中国北京为例,China,Pesticides,False,True
P11547,2024_周猛_Unknown_null,Response mechanism of soil microorganisms to combined contamination of arsenic and polycyclic aromatic hydrocarbons,土壤微生物对砷和多环芳烃复合污染的响应机制研究,China,PAHs,True,True
P11573,2025_Cheng Y et al_JHazardMater_null,Key genes and microbial ecological clusters involved in organophosphate ester degradation in agricultural fields of a typical watershed in southwest China,中国西南地区典型流域农田土壤中有机磷酯降解的关键基因与微生物生态簇,China,Pesticides,False,True
P00354,10_1007_s10653_023_01632_6,"Short- and medium-chain chlorinated paraffins in agricultural and industrial soils from Shanghai, China: surface and vertical distribution, penetration behavior, and health risk assessment",上海农业和工业土壤中短链和中链氯化石蜡的表面和垂直分布、渗透行为及健康风险评估,China,PCNs_other,False,True
P00356,2023_Li B et al_EnvironGeochemHealth_10.1007-s10653-023-01673-x,"Occurrence, distribution and risk assessment of polycyclic aromatic hydrocarbons in soils around main water source areas of Beijing, China",北京主要水源地周边土壤中多环芳烃的发生、分布及风险评估,China,PAHs,False,True
P00359,10_1007_s10653_023_01761_y,"Reduced attention on restricted organochlorine pesticides, whereas still noteworthy of the impact on the deep soil and groundwater: a historical site study in southern China",受限有机氯农药受到的关注较少，但仍需注意其对深层土壤和地下水的影响：中国南部一个历史场地的研究,China,"OCPs,Pesticides",False,True
P00361,10_1007_s10653_023_01770_x,Spatial distribution and risk assessment of polycyclic aromatic hydrocarbons in soils from contaminated sites in Eastern China,中国东部污染场地土壤中多环芳烃的空间分布及风险评估,China,PAHs,False,True
P00362,10_1007_s10653_023_01806_2,Spatial distribution and source apportionment of surface soil’s polycyclic aromatic hydrocarbons in the Yangtze River Delta,长三角地区表层土壤多环芳烃的空间分布及源解析,China,PAHs,False,True
P00421,2024_Zhang X_EnvironMonitAssess_10.1007-s10661-023-12250-1,"Source apportionment and risk assessment of heavy metals in typical greenhouse vegetable soils in Shenyang, China",沈阳典型温室蔬菜土壤重金属源解析及风险评价,China,Pesticides,True,True
P00729,2023_Hao S et al_EnvironSciPollutRes_10.1007-s11356-023-28198-1,Spatial distribution and temporal trend of organochlorine pesticides in Chinese surface soil,中国表层土壤中有机氯农药的空间分布和时间趋势,China,"OCPs,Pesticides",False,True
P00775,10_1007_s11368_023_03555_2,Speciation and influencing factors of polycyclic aromatic hydrocarbons in soils of southwest China,中国西南地区土壤中多环芳烃的形态及其影响因素,China,"PAHs,POPs_general",False,True
P00781,10_1007_s11368_023_03601_z,"Urbanization affects the composition, source, and risk of soil PAHs in lakeside residential area of the Yangtze River Delta, China",城市化影响长三角地区滨湖居住区土壤中多环芳烃的组成、来源及风险,China,"PAHs,POPs_general",False,True
P00829,2023_Apportionment IIS_Geomorphology_10.1007-s12403-023-00534-3,"Integrated Insights into Source Apportionment and Source-Specific Health Risks of Potential Pollutants in Urban Park Soils on the Karst Plateau, SW China",西南喀斯特高原城市公园土壤潜在污染物的源解析及源特异性健康风险的综合研究,China,PAHs,True,True
P00938,10.1007_s42770-023-01000-7,Metagenomics-metabolomics analysis of microbial function and metabolism in petroleum-contaminated soil,石油污染土壤微生物功能与代谢的宏基因组学与代谢组学分析,China,"PAHs,Petroleum_TPH",False,True
P00996,10.1016_47,"Quantification of an integrated approach to heavy metal source apportionment and probabilistic health risk assessment in the black soil region of central Jilin Province, China",中国吉林省中部黑土区重金属源解析与概率健康风险评估综合方法的定量研究,China,Pesticides,True,True
P01181,2023_Jin Z et al_Chemosphere_10.1016-j.chemosphere.2023.138033,Novel insights into the predominant factors affecting the bioavailability of polycyclic aromatic hydrocarbons in industrial contaminated areas using PLS-developed model,基于PLS模型解析工业污染区土壤中多环芳烃生物有效性的主要影响因子,China,PAHs,False,True
P01182,2023_Zhang D et al_Chemosphere_10.1016-j.chemosphere.2023.140288,"Effects of single and combined contamination of total petroleum hydrocarbons and heavy metals on soil microecosystems: Insights into bacterial diversity, assembly, and ecological function",石油烃与重金属单一及复合污染对土壤微生态系统的影响：细菌多样性、组装及生态功能的启示,China,Petroleum_TPH,True,True
P01183,10.1016_j.chemosphere.2023.138555,Effect of humic acid-modified attapulgite on polycyclic aromatic hydrocarbon adsorption and release from paddy soil into the overlying water in a rice-crab coculture paddy ecosystem and the underlying process,腐植酸改性凹凸棒土对稻蟹共作稻田土壤中多环芳烃向水体吸附释放的影响及机理,China,PAHs,False,True
P01411,10.1016_j.envres.2022.114816,The collaborative monitored natural attenuation (CMNA) of soil and groundwater pollution in large petrochemical enterprises: A case study,大型石化企业土壤与地下水污染的协同监测自然衰减（CMNA）：一项案例研究,China,Petroleum_TPH,False,True
P01414,10.1016_j.envres.2023.115616,"Diffusion and enrichment of high-risk antibiotic resistance genes (ARGs) via the transmission chain (mulberry leave, guts and feces of silkworm, and soil) in an ecological restoration area of manganese mining, China: Role of heavy metals",中国锰矿区生态修复区中高风险抗生素抗性基因(ARGs)通过传输链(桑叶、蚕肠道和粪便及土壤)的扩散与富集：重金属的作用,China,Antibiotics,True,True
P01484,10.1016_j.jclepro.2022.135380,Co-planting improves the phytoremediation efficiency of combined phenanthrene and copper co-contaminated soils,间作提高了菲和铜复合污染土壤的植物修复效率,China,PAHs,True,True
P01499,10.1016_j.jenvman.2022.116407,Quantitative monitoring and potential mechanism of the secondary corrosion risk of PAH-contaminated soil remediated by persulfate oxidation,过硫酸盐修复多环芳烃污染土壤的二次腐蚀风险定量监测及潜在机理,China,"PAHs,POPs_general",False,True
P01511,2023_Tan YGHGWSNFY et al_JEnvironSci_10.1016-j.jes.2022.04.038,"Insights into multisource sludge distributed in the Yangtze River basin, China: Characteristics, correlation, treatment and disposal",长江流域多源污泥的特征、相关性、处理及处置研究,China,POPs_general,True,True
P01595,2023_Hou Y et al_JHazardMater_10.1016-j.jhazmat.2023.130934,Three-dimensional distribution characteristics of multiple pollutants in the soil at a steelworks mega-site based on multi-source information,基于多源信息的巨型钢厂土壤中多种污染物的三维分布特征,China,"PAHs,VOC_SVOC",True,True
P01597,2023_Liu Z et al_JHazardMater_10.1016-j.jhazmat.2023.131404_1,Enhanced phytoremediation of petroleum-contaminated soil by biochar and urea,生物炭和尿素强化石油污染土壤的植物修复,China,Petroleum_TPH,False,True
P01603,10.1016_j.jhazmat.2023.132408,Bioremediation of PBDEs and heavy metals co-contaminated soil in e-waste dismantling sites by Pseudomonas plecoglossicida assisted with biochar,假单胞菌辅助生物炭修复电子垃圾拆卸点PBDEs和重金属复合污染土壤的研究,China,"PBDEs,POPs_general",True,True
P01826,10.1016_j.scitotenv.2022.160637,A national-scale distribution of organochlorine pesticides (OCPs) in cropland soils and major types of food crops in China: Co-occurrence and associated risks,中国农田土壤和主要粮食作物中有机氯农药(OCPs)的全国性分布：共存及相关风险,China,"OCPs,Pesticides,POPs_general",False,True
P01836,10.1016_j.scitotenv.2023.167337,Source apportionment and source specific health risk assessment of HMs and PAHs in soils with an integrated framework in a typical cold agricultural region in China,中国典型寒冷农业区土壤中重金属和多环芳烃的源解析及源特异性健康风险评估：基于综合框架的研究,China,PAHs,True,True
P01943,2023_Per- NIN_EnvironSciTechnol_10.1021-acs.est.3c05859,Nontarget Identification of Novel Per- and Polyfluoroalkyl Substances (PFAS) in Soils from an Oil Refinery in Southwestern China: A Combined Approach with TOP Assay,中国西南地区某炼油厂土壤中新型全氟和多氟烷基物质（PFAS）的非靶标识别：结合TOP测定法,China,PFAS,False,True
P02176,10_1038_s41598_023_34688_6,"Driving factors on accumulation of cadmium, lead, copper, zinc in agricultural soil and products of the North China Plain",华北平原土壤及农产品中镉、铅、铜、锌累积的驱动因素,China,Pesticides,True,True
P03062,2023_史鹏飞_环境科学_10.12153-j.issn.1674-991X.20220841,Typical safety risk and long-term management strategies for post-remediation site reuse,污染场地修复后再利用的典型安全风险及长期监管策略研究,China,POPs_general,True,True
P03081,2023_安婧_环境科学_10.13227-j.hjkx.202209018,Analysis of the Environmental Risk of Livestock Manure Pollution and Resource Treatment Technology,畜禽粪便污染的环境风险与资源化处理技术分析,China,Antibiotics,True,True
P03090,2013_土壤_生态学报_10.13287-j.1001-9332.2013.0289,Effects of soil PAHs pollution on plant ecophysiology,土壤中多环芳烃污染对植物生理生态的影响,China,"PAHs,POPs_general",False,True
P03123,2021_王汉宇_环境科学_10.13671-j.hjkxxb.2021.0531,Leaching remediation of antimony-naphthalene compound contaminated soil by carboxymethyl-beta-cyclodextrin and its mechanism,羧甲基-β环糊精对锑-萘复合污染土壤的淋洗修复效果及机制,China,PAHs,True,True
P03129,2025_张婷_地球化学_10.13343-j.cnki.wsxb.20240556,Structures of fungal communities in soil of typical plants in the Yellow River Delta,黄河三角洲典型植被下真菌群落结构组成,China,POPs_general,False,True
P03293,2018_策建议_土壤_10.16647-j.cnki.cn15-1369-X.2018.05.017,Current difficulty and countermeasure of prevention and control of soil pollution,当前土壤污染防治的难点与对策探究,China,Petroleum_TPH,False,True
P03779,10_3389_fenvs_2023_1114027,Status assessment and probabilistic health risk modeling of Polycyclic Aromatic Hydrocarbons (PAHs) in surface soil across China,中国表层土壤中多环芳烃的现状评估与概率健康风险建模,China,PAHs,False,True
P03781,2023_ChineseAcademyofSciences(CAS) et al_Science_10.3389-fenvs.2023.1209137,"Spatial distribution characteristics, source analysis and risk assessment of polycyclic aromatic hydrocarbons in topsoil of a typical chemical industry park",典型化工园区表层土壤中多环芳烃的空间分布特征、源分析及风险评估,China,PAHs,False,True
P03782,2023_Zhang X et al_FrontEnvironSci_10.3389-fenvs.2023.1252139,"Editorial: Soil pollution, risk assessment and remediation",社论：土壤污染、风险评估与修复,China,Petroleum_TPH,False,True
P03784,2023_Zha Y et al_FrontEnvironSci_10.3389-fenvs.2023.1241405,"Occurrence and ecological risk assessment of antibiotics in manure and the surrounding soil from typical chicken farms in Hangzhou, China",杭州典型养鸡场粪便及周围土壤中抗生素的发生及生态风险评价,China,Antibiotics,False,True
P03817,2023_Shen Q et al_FrontMicrobiol_10.3389-fmicb.2023.1143742,Community response of soil microorganisms to combined contamination of polycyclic aromatic hydrocarbons and potentially toxic elements in a typical coking plant,典型焦化厂多环芳烃和潜在有毒元素复合污染下土壤微生物群落响应,China,PAHs,False,True
P03841,2023_Cui W et al_FrontPublicHealth_10.3389-fpubh.2023.1276925,"Health risk assessment of heavy metal pollution and its sources in agricultural soils near Hongfeng Lake in the mining area of Guizhou Province, China",贵州矿区红枫湖附近农田土壤重金属污染及其来源的健康风险评估,China,Pesticides,True,True
P04177,10.3390_ijerph18010001,"Organophosphate Pesticides and Pyrethroids in Farmland of the Pearl River Delta, China: Regional Residue, Distributions and Risks",珠江三角洲农田中的有机磷农药和拟除虫菊酯：区域残留、分布及风险,China,Pesticides,False,True
P04264,10.3390_ijerph20031916,Distribution Characteristics and Influencing Factors of Organochlorine Pesticides in Agricultural Soil from Xiamen City,厦门市农业土壤中有机氯农药的分布特征及其影响因素,China,"OCPs,Pesticides",False,True
P04265,2023_Yan J et al_IntJEnvironResPublicHealth_10.3390-ijerph20032006,"Initial Studies on the Effect of the Rice–Duck–Crayfish Ecological Co-Culture System on Physical, Chemical, and Microbiological Properties of Soils: A Field Case Study in Chaohu Lake Basin, Southeast China",稻-鸭-小龙虾生态共作系统对土壤理化及微生物性质影响的初步研究：中国东南部巢湖盆地田间案例,China,Pesticides,True,True
P04271,2023_Li T et al_IntJEnvironResPublicHealth_10.3390-ijerph20043478,"PCBs, PCNs, and PCDD/Fs in Soil around an Industrial Park in Northwest China: Levels, Source Apportionment, and Human Health Risk",中国西北某工业园周边土壤中的PCBs、PCNs和PCDD/Fs：含量、源解析及人体健康风险,China,"PCBs,Dioxins,PCNs_other",False,True
P04575,2023_Residue_Sustainability_10.3390-su15086972,"Co-Application of Sewage Sludge, Chinese Medicinal Herbal Residue and Biochar Attenuated Accumulation and Translocation of Antibiotics in Soils and Crops",污泥、中药残渣与生物炭联合施用减轻了作物和土壤中抗生素的累积与转运,China,Antibiotics,False,True
P04577,10.3390_su15118497,Impact of Combined Exposure to Glyphosate and Diquat on Microbial Community Structure and Diversity in Lateritic Paddy Soil,草甘膦和敌草快联合暴露对红壤性稻田土壤微生物群落结构和多样性的影响,China,Pesticides,False,True
P04580,10_3390_su15129310,"Baseline Soil Dioxin Levels from Sites Where Municipal Solid Waste Incineration Construction Is Planned throughout China: Characteristics, Sources and Risk Assessment",中国拟建垃圾焚烧厂选址地土壤二噁英基线水平：特征、来源与风险评估,China,Dioxins,False,True
P04582,10_3390_su151511504,Legal System of Soil Pollution Remediation in China and Its Regulation and Guidance to Soil Pollution Remediation,中国土壤污染修复法律制度及其对土壤污染修复的规制与指导,China,Petroleum_TPH,False,True
P04591,10.3390_su152416801,"Occurrences, Possible Sources, and Risk Impacts of Organochlorine Pesticides in Soil of Changchun Central Urban Area, Northeast China",中国东北长春市中心城区土壤中有机氯农药的发生、潜在来源及风险影响,China,"OCPs,Pesticides",False,True
P04592,2023_Zhang R et al_Sustainability_null,"Distribution, Sources, and Health Risk of Polycyclic Aromatic Hydrocarbons in Farmland Soil of Helan, China",中国贺兰县农田土壤中多环芳烃的分布、来源及健康风险,China,PAHs,False,True
P04593,10.3390_su16010366,Enhancing Anaerobic Biodegradation of Phenanthrene in Polluted Soil by Bioaugmentation and Biostimulation,通过生物强化和生物刺激增强污染土壤中菲的厌氧生物降解：聚焦菲的分布和微生物群落分析,China,PAHs,False,True
P04627,2023_Su Q_Toxics_10.3390-toxics11020143,Microbial Removal of Petroleum Hydrocarbons from Contaminated Soil under Arsenic Stress,砷胁迫下污染土壤中石油烃的微生物去除,China,"PAHs,Petroleum_TPH",True,True
P04638,2023_Zhang X_Toxics_null,"Spatial Distribution, Sources, Air–Soil Exchange, and Health Risks of Parent PAHs and Derivative-Alkylated PAHs in Different Functional Areas of an Oilfield Area in the Yellow River Delta, North China",黄河三角洲油田不同功能区母体及烷基化多环芳烃的空间分布、来源、气-土交换及健康风险,China,"PAHs,Petroleum_TPH",False,True
P04645,10_3390_toxics11080695,"Occurrence, Sources, and Health Risks of Polycyclic Aromatic Hydrocarbons in Road Environments from Harbin, a Megacity of China","中国特大城市哈尔滨道路环境中多环芳烃的 occurrence, sources, and health risks(注: 原文未提供中文标题)",China,PAHs,False,True
P04647,2023_Li Y et al_Toxics_10.3390-toxics11110941,"Contamination Status, Environmental Factor and Risk Assessment of Polychlorinated Biphenyls and Hexachlorobutadiene in Greenhouse and Open-Field Agricultural Soils across China",中国温室和露天农田土壤中多氯联苯和六氯丁二烯的污染状况、环境因子及风险评估,China,PCBs,False,True
P04649,10.3390_toxics11121024,"Distribution, Transfer, and Health Risk of Organochlorine Pesticides in Soil and Water of the Huangshui River Basin",湟水流域土壤和水体中有机氯农药的分布、迁移及健康风险,China,"OCPs,Pesticides",False,True
P04709,10_3390_w15112002,"Types and Source Apportionment of Polycyclic Aromatic Hydrocarbons (PAHs) in Soil-Groundwater of a Closed Coking Plant in Shanxi Province, China",山西省某关闭焦化厂土壤-地下水中多环芳烃的类型及源解析,China,PAHs,False,True
P04711,10_3390_w15183324,"Characteristics, Source and Risk Assessment of Soil Polycyclic Aromatic Hydrocarbons around Oil Wells in the Yellow River Delta, China",黄河三角洲油井周边土壤多环芳烃的特征、来源及风险评估,China,PAHs,False,True
P04715,10_3390_w15213855,Spatial Variability Characteristics and Influencing Factors of Soil Fluoride in the Western Nansihu Lake Basin,南四湖流域西部土壤氟的空间变异特征及其影响因素,China,PFAS,False,True
P04815,2023_Hou D et al_JGeosciEnvironProt_10.4236-gep.2023.115017,"Status, Distribution and Ecological Risk Assessment of Persistent Toxic Substances in Suburban Agricultural Soils in Hohhot City, North China",中国北部呼和浩特市城郊农业土壤中持久性有毒物质的状况、分布及生态风险评估,China,"OCPs,Pesticides",True,True
P08783,2023_1 QZ et al_JEnvironSci_null,Nationwide distribution of polycyclic aromatic hydrocarbons in soil of China and the association with bacterial community,中国土壤中多环芳烃的全国分布及其与细菌群落的关系,China,PAHs,False,True
P08800,2023_Cui X et al_SciTotalEnviron_null_1,Integrative effects of microbial inoculation and amendments on improved crop safety in industrial soils co-contaminated with organic and inorganic pollutants,微生物接种和改良剂对有机无机复合污染工业土壤作物安全改善的综合效应,China,"PAHs,POPs_general",False,True
P08824,2023_Jia X et al_EnvironSciTechnol_null,"Variations of the Level, Profile, and Distribution of PFAS around POSF Manufacturing Facilities in China: An Overlooked Source of PFCA",中国POSF生产设施周围PFAS的水平、特征和分布变化：一个被忽视的PFCA来源,China,PFAS,False,True
P08919,2023_Xie W et al_EnvironSciTechnol_null,Unexpected Dioxin Formation During Digestion of Soil with Oxidizing Acids,氧化酸消解土壤过程中意外生成的二噁英,China,"POPs_general,Dioxins",False,True
P08930,2023_Zhang B et al_EnvironPollut_null,"Estimation of heavy metal soil contamination distribution, hazard probability, and population at risk by machine learning prediction modeling in Guangxi, China",基于机器学习预测模型的中国广西土壤重金属污染分布、危害概率及风险人口估算,China,Petroleum_TPH,True,True
P09065,2024_Liu Y et al_JHazardMater_null_2,Hydrocyclone-induced classification reduction and spin desorption of contaminated soil remediation with heavy metal and organics,受重金属和有机物污染土壤修复中的旋流器诱导分级减量与旋流解吸,China,PCBs,True,True
P09183,2024_Xie X et al_EcotoxicolEnvironSaf_null,"Spatial interaction and risk zoning of compound pollutants in farmland soils: Insights from heavy metals and polycyclic aromatic hydrocarbons in Hezhang County, China",农田土壤中复合污染物的空间相互作用与风险分区：来自中国赫章县重金属和多环芳烃的启示,China,PAHs,True,True
P11185,2020_孙超男_Unknown_null,The effect and mechanism of biochar on iodine and cadmium in the presence of PAHs,PAHs共存下生物炭对碘、镉的阻控作用及机制,China,PAHs,True,True
P11186,2020_作者_Unknown_null,Enhanced Electrokinetic Remediation of PAHs in Coking Contaminated Sites with Modified Activated Carbon Fiber,改性活性炭纤维强化电动修复焦化污染场地的多环芳烃,China,"PAHs,POPs_general",False,True
P11187,2020_张这_Unknown_null,Enhanced Electrokinetic Remediation of PAHs in Coking Contaminated Sites with Modified Activated Carbon Fiber,改性活性炭纤维强化电动修复焦化污染场地的多环芳烃,China,"PAHs,POPs_general",False,True
P11360,2022_李程_Unknown_null,Compound exposure of polycyclic aromatic hydrocarbons and cadmium in soil and its biological effects on ryegrass,土壤多环芳烃和镉复合污染对黑麦草的生物效应研究,China,PAHs,True,True
P11368,2022_高康宁_Unknown_null,STUDY on REMOVAL of TYPICAL ORGANIC MATTER-HEAVY METAL COMPLEX POLLUTANTS in SOIL by MICROBUBBLE COUPLING DETERGENT and ITS MECHANISM,微气泡耦合洗涤剂脱除土壤中典型有机物-重金属复合污染物及机理研究,China,PAHs,True,True
P11402,2023_Liu S et al_EnvironInt_null,"Transport and transformation of perfluoroalkyl acids, isomer profiles, novel alternatives and unknown precursors from factories to dinner plates in China: New insights into crop bioaccumulation prediction and risk assessment",从工厂到餐桌：中国全氟烷基酸、异构体谱、新型替代品及未知前体物的迁移与转化：作物生物累积预测与风险评估的新见解,China,PFAS,False,True
P11421,2023_Unknown_SciTotalEnviron_null,A national-scale distribution of organochlorine pesticides (OCPs) in cropland soils and major types of food crops in China: Co-occurrence and associated risks,中国农田土壤及主要粮食作物中有机氯农药的全国尺度分布：共存特征及相关风险,China,"OCPs,Pesticides,POPs_general",False,True
P11424,2023_Wu J et al_SciTotalEnviron_null,Source apportionment and source specific health risk assessment of HMs and PAHs in soils with an integrated framework in a typical cold agricultural region in China,中国典型寒冷农业区土壤重金属和多环芳烃的源解析及源特异性健康风险评估综合框架研究,China,"PAHs,Pesticides",True,True
P11434,2023_Zhang Y et al_JCleanProd_null_1,Co-planting improves the phytoremediation efficiency of combined phenanthrene and copper co-contaminated soils,间作模式提高菲-铜复合污染土壤的植物修复效率,China,PAHs,True,True
P11435,2023_Zuo W et al_EnvironRes_null,Spatio-temporal distribution of organochlorine pesticides in agricultural soils of southeast China during 2014-2019,2014-2019年中国东南部农业土壤中有机氯农药的时空分布,China,"OCPs,Pesticides,POPs_general",False,True
P11439,2023_刘泽浩_土壤_null,Immobilized microbial remediation of Cd-PAHs composite contaminated soil,Cd-PAHs复合污染土壤的固定化微生物修复研究,China,PAHs,True,True
P11543,2024_于颖_Unknown_null,Research on bioavailability and health risk assessment of heavy metals and polycyclic aromatic hydrocarbons in topsoil at coal chemical industry sites,煤化工场地表层土壤重金属与多环芳烃生物可给性及健康风险评估研究,China,PAHs,True,True
P11639,2025_张婷_地球化学_null,Structures of fungal communities in soil of typical plants in the Yellow River Delta,黄河三角洲典型植被下真菌群落结构组成,China,POPs_general,False,True
P00277,10_1007_s00477_022_02299_8,"Pollution levels, sources and risk assessment of polycyclic aromatic hydrocarbons in farmland soil and crops near Urumqi Industrial Park, Xinjiang, China",乌鲁木齐工业园区附近农田土壤和作物中多环芳烃的污染水平、来源及风险评估,China,PAHs,False,True
P00353,10_1007_s10653_022_01306_9,"Toxicity evaluation of polycyclic aromatic hydrocarbons (PAHs) in soils of coal chemical industry areas, North China",华北煤化工区土壤中多环芳烃的毒性评价,China,PAHs,False,True
P00355,2022_Ailijiang N et al_EnvironPollut_10.1007-s10653-022-01369-8,"Levels, source apportionment, and risk assessment of polycyclic aromatic hydrocarbons in vegetable bases of northwest China",中国西北部蔬菜基地中多环芳烃的水平、源解析及风险评估,China,PAHs,False,True
P00417,10_1007_s10661_022_10281_8,"Distribution, source, and health risk assessment of polycyclic aromatic hydrocarbons in the soils from a typical petroleum refinery area in South China",中国南方典型石油炼化区土壤中多环芳烃的分布、来源及健康风险评价,China,"PAHs,Petroleum_TPH",False,True
P00418,2023_Lu Y et al_EnvironMonitAssess_10.1007-s10661-022-10747-9,"Combined pollution of heavy metals and polycyclic aromatic hydrocarbons in the soil in Shenfu Region, China: a case of three different cities",中国沈抚地区土壤重金属和多环芳烃复合污染研究：以三个不同城市为例,China,PAHs,True,True
P00725,10.1007_s11356-022-21025-z,"Characterization, source apportionment, and risk assessment of polycyclic aromatic hydrocarbons (PAHs) in urban soils from 23 cities in China",中国23个城市城市土壤中多环芳烃的特征、源解析及风险评估,China,PAHs,False,True
P00771,10_1007_s11368_022_03379_6,"Characteristics of polycyclic aromatic hydrocarbons in the soils of different functional areas of a typical industrial capital city, Taiyuan, Shanxi province, China",中国山西省典型工业省会城市太原市不同功能区土壤中多环芳烃的特征,China,PAHs,False,True
P01169,2022_PAHs E et al_Chemosphere_10.1016-j.chemosphere.2022.133734_1,"Emission of PAHs, PCBs, PBDEs and heavy metals in air, water and soil around a waste plastic recycling factory in an industrial park, Eastern China",中国东部某工业园区废塑料回收工厂周边空气、水体和土壤中PAHs、PCBs、PBDEs及重金属的排放,China,"PAHs,PCBs,PBDEs",True,True
P01173,2022_Ding YS et al_Chemosphere_10.1016-j.chemosphere.2022.135559,"Response of soil microbial communities to petroleum hydrocarbons at a multi-contaminated industrial site in Lanzhou, China",中国兰州多污染场地土壤微生物群落对石油烃的响应,China,"PAHs,Petroleum_TPH",False,True
P01174,10.1016_j.chemosphere.2022.136084,Application of biochar-immobilized Bacillus sp. KSB7 to enhance the phytoremediation of PAHs and heavy metals in a coking plant,应用生物炭固定化枯草芽孢杆菌 KSB7 增强焦化厂土壤中多环芳烃和重金属的植物修复,China,PAHs,True,True
P01175,2022_M J et al_Chemosphere_10.1016-j.chemosphere.2022.135193,"Occurrence and health risk assessment of phthalate esters in tobacco and soils in tobacco-producing areas of Guizhou province, southwest China",中国西南贵州省烟草种植区烟草和土壤中邻苯二甲酸酯的发生及健康风险评估,China,"Pesticides,PAEs",False,True
P01177,2022_Hu T et al_Chemosphere_10.1016-j.chemosphere.2022.136788_1,"The characteristics of polycyclic aromatic hydrocarbons and heavy metals in water and sediment of dajiuhu subalpine wetland, shennongjia, central China, 2018–2020: Insights for sources, sediment-water exchange, and ecological risk",神农架大九湖亚高山湿地2018-2020年水与沉积物中多环芳烃和重金属的特征：来源、沉积物-水交换及生态风险的见解,China,"PAHs,POPs_general",True,True
P01235,2022_Wu S et al_EnvironRes_10.1016-j.ecoenv.2022.113742,Freeze-thaw alternations accelerate plasticizers release and pose a risk for exposed organisms,冻融交替加速增塑剂释放并对暴露生物构成风险,China,PAEs,False,True
P01382,10.1016_j.envpol.2022.118813,Nitrogen input leads to the differential accumulation of polycyclic aromatic hydrocarbons in the low- and high-density fractions in sewage-irrigated farmland soil,氮输入导致污灌农田土壤低密度和高密度组分中多环芳烃的差异累积,China,"PAHs,POPs_general",True,True
P01383,10.1016_j.envpol.2022.118816,"Characteristics, correlations and health risks of PCDD/Fs and heavy metals in surface soil near municipal solid waste incineration plants in Southwest China",中国西南地区垃圾焚烧厂附近表层土壤中二噁英和重金属的特征、相关性及健康风险,China,Dioxins,True,True
P01384,10.1016_j.envpol.2022.118925,"Spatial clustering and source-specific risk of combined pollutants in soils from an industrial area in Shanxi Province, China",中国山西省某工业区土壤复合污染物的空间聚类及源特异性风险,China,PAHs,True,True
P01387,2022_Xu Z et al_EnvironPollut_10.1016-j.envpol.2022.119623_1,"Estimation of the fraction of soil-borne particulates in indoor air by PMF and its impact on health risk assessment of soil contamination in Guangzhou, China",广州室内空气中土壤源性颗粒物的PMF估算及其对土壤污染健康风险评价的影响,China,Petroleum_TPH,False,True
P01388,10.1016_j.envpol.2022.119567,"Polychlorinated biphenyls (PCBs) in soils from typical paddy fields of China: Occurrence, influencing factors and human health risks",中国典型稻田土壤中的多氯联苯：赋存、影响因素及人体健康风险,China,PCBs,False,True
P01413,2022_Hui K et al_EnvironRes_10.1016-j.envres.2022.114267,Long-term application of nitrogen fertilizer alters the properties of dissolved soil organic matter and increases the accumulation of polycyclic aromatic hydrocarbons,长期施用氮肥改变土壤溶解性有机质的性质并增加多环芳烃的积累,China,PAHs,False,True
P01445,10.1016_j.geoderma.2021.115669,Improved geochemical baseline establishment based on diffuse sources contribution of potential toxic elements in agricultural alluvial soils,基于扩散源贡献的农业冲积土壤中潜在有毒元素的地球化学基准值建立研究,China,Pesticides,False,True
P01584,2022_Wang P et al_JHazardMater_10.1016-j.jhazmat.2022.128301,Remarkable enrichment of heavy metals in baghouse filter dust during direct-fired thermal desorption of contaminated soil,污染土壤直接火焰热脱附过程中袋式除尘器粉尘的重金属显著富集,China,PAHs,True,True
P01587,2022_Wang X et al_EnvironPollut_10.1016-j.jhazmat.2022.129727,Effects of combined pollution of organic pollutants and heavy metals on biodiversity and soil multifunctionality in e-waste contaminated soil,电子垃圾污染土壤中有机污染物和重金属复合污染对生物多样性和土壤多功能性的影响,China,POPs_general,True,True
P01589,10.1016_j.jhazmat.2022.129338,Soil microbiota associated with immune-mediated disease was influenced by heavy metal stress in roadside soils of Shanghai,上海路侧土壤中与免疫介导疾病相关的土壤微生物群受重金属胁迫影响,China,Petroleum_TPH,True,True
P01806,2022_Liu M et al_SciTotalEnviron_10.1016-j.scitotenv.2021.151278,Vertical profile and assessment of soil pollution from a typical coking plant by suspect screening and non-target screening using GC/QTOF-MS,基于GC/QTOF-MS的可疑和非靶向筛查分析典型焦化厂土壤污染的垂直分布特征,China,"PAHs,Petroleum_TPH,Dioxins,PAEs",False,True
P01817,10.1016_j.scitotenv.2022.157506,"Levels, profiles and potential human health risks of brominated and parent polycyclic aromatic hydrocarbons in soils around three different types of industrial areas in China",中国三类不同类型工业区周围土壤中溴代及母体多环芳烃的浓度、分布及潜在人体健康风险,China,"PAHs,POPs_general,Dioxins",True,True
P01880,2022_Jiang L et al_EnvironPollut_10.1016-j.soilbio.2022.108726_1,The positive role of root decomposition on the bioremediation of organic pollutants contaminated soil: A case study using PCB-9 as a model compound,根际分解对有机污染物污染土壤生物修复的积极作用：以PCB-9为模型化合物的研究,China,"PCBs,POPs_general",False,True
P02051,10.1038_s41396-022-01188-w,Organochlorine contamination enriches virus-encoded metabolism and pesticide degradation associated auxiliary genes in soil microbiomes,有机氯污染富集了土壤微生物组中病毒编码的代谢和农药降解相关辅助基因,China,Pesticides,False,True
P02085,2000_Wang QZGZDLXZRFL et al_EnvironHealth_10.1038-s41597-022-01234-5,A dataset of distribution of antibiotic occurrence in solid environmental matrices in China,中国固体环境介质中抗生素分布数据集,China,Antibiotics,False,True
P02087,10_1038_s41597_022_01384_5,A dataset of distribution of antibiotic occurrence in solid environmental matrices in China,中国固体环境基质中抗生素分布数据集,China,Antibiotics,False,True
P02156,10_1038_s41598_022_07577_7,Improved remediation of co-contaminated soils by heavy metals and PAHs with biosurfactant-enhanced soil washing,生物表面活性剂强化土壤淋洗修复重金属和多环芳烃复合污染土壤,China,PAHs,True,True
P02160,10_1038_s41598_022_08906_6,Fingerprint analysis reveals sources of petroleum hydrocarbons in soils of diferent geographical oilfelds of China and its ecological assessment,中国不同地理区域油田土壤中石油烃来源的指纹分析及其生态评估,China,"PAHs,Petroleum_TPH",False,True
P02164,10.1038_s41598-022-15285-5,"Contamination level, sources, and health risk of polycyclic aromatic hydrocarbons in suburban vegetable field soils of Changchun, Northeast China",中国东北长春市郊菜地土壤多环芳烃的污染水平、来源及健康风险,China,PAHs,False,True
P02166,10_1038_s41598_022_16088_4,"Residue level, occurrence characteristics and ecological risk of pesticides in typical farmland‑river interlaced area of Baiyang Lake upstream, China",白洋淀上游典型农田-河流交错区农药残留水平、发生特征及生态风险,China,"OCPs,Pesticides",False,True
P02169,10_1038_s41598_022_20865_6,Spatial distribution characteristics and evaluation of soil pollution in coal mine areas in Loess Plateau of northern Shaanxi,陕北黄土高原煤矿区土壤污染空间分布特征及评价,China,Petroleum_TPH,True,True
P02385,2022_Xu Zhenpeng et al_Water_10.1080-03067319.2022.2140411,"Contamination characteristics and risk assessment of polycyclic aromatic compounds in soil from industrial park of Wuda District, Inner Mongolia, China",中国内蒙古乌达区工业园区土壤中多环芳烃化合物的污染特征及风险评估,China,PAHs,True,True
P03102,2024_廉梅花_土壤_10.13292-j.1000-4890.202409.030_1,Surfactant-enhanced bioremediation of heavy metals and polycyclic aromatic hydrocarbons in soil: A review,表面活性剂强化生物修复重金属和多环芳烃污染土壤研究进展,China,PAHs,True,True
P03104,2025_摘要_土壤_10.13338-j.issn.1674-649x.2025.03.012,"Distribution characteristics and ecological risk assessment of microplastics, heavy metals and polycyclic aromatic hydrocarbons in soil from the Yellow River Basin",黄河流域土壤中微塑料、重金属和多环芳烃的分布特征及生态风险评价,China,"PAHs,Pesticides",True,True
P03197,2022_Zhang H et al_PLoSOne_10.1371-journal.pone.0268615,Source identification and toxicity apportionment of polycyclic aromatic hydrocarbons in surface soils in Beijing and Tianjin using a PMF-TEQ method,利用PMF-TEQ方法识别北京和天津地表土壤中多环芳烃的来源并归因其毒性,China,PAHs,False,True
P03230,2022_Abudureheman M et al_OpenGeosci_10.1515-geo-2022-0432,"Occurrence, sources, and potential risk of polycyclic aromatic hydrocarbons in southern Xinjiang, China",中国南疆多环芳烃的发生、来源及潜在风险,China,PAHs,False,True
P03334,2025_龚庆碗_生物化工_10.20284-j.cnki.swhg.2025.06.033,Evaluation of Contaminated Soil Remediation in a Former Electronics Manufacturing Plot in Shanghai,上海某电子制造企业地块污染土壤修复效果评估,China,"PAHs,Petroleum_TPH",True,True
P03345,2022_Lu Y et al_Unknown_10.21203-rs.3.rs-1769519-v1,"Combined Pollution of Heavy Metals and Polycyclic Aromatic Hydrocarbons in the soil in Shenfu Region, China - A Case of Three Different Cities",中国沈抚地区土壤中重金属与多环芳烃的复合污染——以三个不同城市为例,China,PAHs,True,True
P03362,2022_Li Yaru et al_Agriculture_10.21203-rs.3.rs-2297064-v1,Contamination of polychlorinated biphenyls and hexachlorobutadiene in greenhouse and open-field agricultural soils across China,中国温室和大田农业土壤中多氯联苯和六氯丁二烯的污染,China,PCBs,False,True
P03742,10.32615_bp.2021.076,Evaluation of the phytotoxicity of decabromodiphenyl ether (BDE-209) in Chinese cabbage,十溴二苯醚(BDE-209)对白菜的植物毒性评价,China,PBDEs,False,True
P03762,2022_Ren M et al_FrontEarthSci_10.3389-feart.2022.1035792,"Characterization of polycyclic aromatic hydrocarbons in soil in a coal mining area, East China: Spatial distribution, sources, and carcinogenic risk assessment",中国东部某煤矿区土壤中多环芳烃的特征：空间分布、来源及致癌风险评估,China,PAHs,False,True
P03780,10.3389_fenvs.2022.990471_CrossrefPage,"Seasonal co-pollution characteristics of parent-PAHs and alkylated-PAHs in karst mining area soil of Guizhou, Southwest China",中国西南贵州喀斯特矿区土壤中母体多环芳烃与烷基化多环芳烃的季节性复合污染特征,China,PAHs,False,True
P03816,2022_Cao X et al_FrontMicrobiol_10.3389-fmicb.2022.1062703,Individual and combined contamination of oxytetracycline and cadmium inhibited nitrification by inhibiting ammonia oxidizers,土霉素和镉的单独及复合污染通过抑制氨氧化微生物抑制硝化作用,China,Antibiotics,True,True
P03818,2021_Zhou X et al_FrontMicrobiol_10.3389-fmicb.2021.822831,Characterization of Different Molecular Size Fractions of Glomalin-Related Soil Protein From Forest Soil and Their Interaction With Phenanthrene,森林土壤中球囊霉素相关土壤蛋白的不同分子量组分表征及其与菲的相互作用,China,PAHs,False,True
P03991,10_3390_f13091445,Evaluation of Soil Pollution by Potential Toxic Elements in Cultivated Land in the Poyang Lake Region Based on an Improved Matter–Element Extension Model,基于改进物元可拓模型的鄱阳湖地区耕地土壤潜在毒性元素污染评价,China,Petroleum_TPH,False,True
P04161,2022_Low-_EnvironRes_10.3390-ijerph17114108,Effect of Normalization Methods on Accuracy of Estimating Low- and High-Molecular Weight PAHs Distribution in the Soils of a Coking Plant,归一化方法对估算焦化厂土壤中低分子量和高分子量多环芳烃分布准确性的影响,China,PAHs,False,True
P04192,10_3390_ijerph192013171,"Levels, Distribution and Health Risk Assessment of Organochlorine Pesticides in Agricultural Soils from the Pearl River Delta of China",中国珠江三角洲农业土壤中有机氯农药的含量、分布及健康风险评价,China,"OCPs,Pesticides",False,True
P04199,2022_Characteristics_EnvironRes_10.3390-ijerph18168452,Characteristics and Health Risks of Phthalate Ester Contamination in Soil and Plants in Coastal Areas of South China,华南沿海地区土壤和植物中邻苯二甲酸酯污染的特征及健康风险,China,PAEs,False,True
P04205,10_3390_ijerph191912733,"Alkylated Polycyclic Aromatic Hydrocarbons Are the Largest Contributor to Polycyclic Aromatic Compound Concentrations in the Topsoil of Huaibei Coalfield, China",烷基多环芳烃是中国淮北煤田表层土壤中多环芳烃化合物浓度的最大贡献者,China,PAHs,False,True
P04230,10_3390_ijerph191610278,"Accumulation of Co, Ni, Cu, Zn and Cd in Aboveground Organs of Chinese Winter Jujube from the Yellow River Delta, China",中国黄河三角洲冬枣地上器官中 Co、Ni、Cu、Zn 和 Cd 的积累,China,Pesticides,True,True
P04237,10.3390_ijerph191911949,"Spatial Distribution, Potential Sources, and Health Risk of Polycyclic Aromatic Hydrocarbons (PAHs) in the Surface Soils under Different Land-Use Covers of Shanxi Province, North China",中国华北山西省不同土地利用覆盖下表层土壤中多环芳烃的空间分布、潜在来源及健康风险,China,PAHs,False,True
P04240,10.3390_ijerph191811833,"Falsochrobactrum tianjinense sp. nov., A New Petroleum-Degrading Bacteria Isolated from Oily Soils","Falsochrobactrum tianjinense sp. nov., 一种从油污土壤中分离出的新型石油降解细菌",China,Petroleum_TPH,False,True
P04243,10_3390_ijerph191912860,"PCNs, PCBs, and PCDD/Fs in Soil around a Cement Kiln Co-Processing Municipal Wastes in Northwestern China: Levels, Distribution, and Potential Human Health Risks",中国西北部协同处理城市生活垃圾的水泥窑周围土壤中的PCNs、PCBs和PCDD/Fs：含量、分布及潜在人体健康风险,China,"PCBs,Dioxins,PCNs_other",False,True
P04247,10_3390_ijerph192013324,"Source Analysis and Contamination Assessment of Potentially toxic Element in Soil of Small Watershed in Mountainous Area of Southern Henan, China",豫南山区小流域土壤中潜在有毒元素的源解析与污染评价,China,Pesticides,False,True
P04256,2022_Cai H et al_IntJEnvironResPublicHealth_10.3390-ijerph192316233,"Polycyclic Aromatic Hydrocarbons Pollution Characteristics in Agricultural Soils of the Pearl River Delta Region, China",中国珠江三角洲地区农业土壤中多环芳烃的污染特征,China,PAHs,False,True
P04258,10.3390_ijerph192416930,Spatial Distribution Profiles and Human-Health Risks of Heavy Metals in Surrounding Area Surface Soils of a Petrochemical Complex,石化复合体周边区域表层土壤重金属的空间分布特征及人体健康风险,China,POPs_general,True,True
P04310,10_3390_land11060843,PAHs Source Identification in Sediments and Surrounding Soils of Poyang Lake in China Using Non-Negative Matrix Factorization Analysis,基于非负矩阵因子分析法的中国鄱阳湖沉积物及周边土壤中多环芳烃的源识别,China,PAHs,False,True
P04314,10_3390_land11101806,"Distribution Characteristics and Potential Risks of Polycyclic Aromatic Hydrocarbon (PAH) Pollution at a Typical Industrial Legacy Site in Tianjin, North China",天津典型工业遗留场地多环芳烃污染分布特征及潜在风险,China,PAHs,False,True
P04331,10_3390_life13010114,Incorporating the Soil Gas Gradient Method and Functional Genes to Assess the Natural Source Zone Depletion at a Petroleum-Hydrocarbon-Contaminated Site of a Purification Plant in Northwest China,结合土壤气体梯度法和功能基因评估中国西北某净化厂石油烃污染场地的自然源区衰减,China,"Petroleum_TPH,VOC_SVOC",False,True
P04346,10_3390_microorganisms10101935,Environmental Adaptability and Organic Pollutant Degradation Capacity of a Novel Rhodococcus Species Derived from Soil in the Uninhabited Area of the Qinghai-Tibet Plateau,来源于青藏高原无人区土壤的新型红球菌的环境适应性与有机污染物降解能力,China,POPs_general,False,True
P04398,2022_Chen H et al_Processes_10.3390-pr10081624,Migration Behavior and Influencing Factors of Petroleum Hydrocarbon Phenanthrene in Soil around Typical Oilfields of China,中国典型油田周边土壤中石油烃菲的迁移行为及其影响因素,China,"PAHs,Petroleum_TPH",False,True
P04400,10_3390_pr10091777,"Heavy Metal Contamination in Soils from a Major Planting Base of Winter Jujube in the Yellow River Delta, China",中国黄河三角洲冬枣主要种植基地土壤重金属污染研究,China,Pesticides,True,True
P04550,10_3390_su14063663,Priority Soil Pollution Management of Contaminated Site Based on Human Health Risk Assessment: A Case Study in Southwest China,基于人体健康风险评估的污染场地土壤污染优先管理：中国西南案例研究,China,Petroleum_TPH,True,True
P04553,2022_Sun S et al_Sustainability_10.3390-su14148712,"Experiment and Model Study on the Destination of 3,5,6-Trichloro-2-pyridinol in the Purple Soil of Southwestern China with a High Ratio of Biochar Applied","中国西南紫色土中施用高比例生物炭对3,5,6-三氯-2-吡啶醇归宿的试验与模型研究",China,Pesticides,False,True
P04623,2022_Zhao Z et al_Toxics_10.3390-toxics10100577,Distribution and Relationships of Polycyclic Aromatic Hydrocarbons (PAHs) in Soils and Plants near Major Lakes in Eastern China,中国东部主要湖泊附近土壤和植物中多环芳烃的分布及关系,China,PAHs,False,True
P04704,10_3390_w14213472,"Distribution, Sources, and Risk of Polychlorinated Biphenyls in the Largest Irrigation Area in the Yellow River Basin",黄河流域最大灌区多氯联苯的分布、来源及风险,China,PCBs,False,True
P05165,2022_Gao AJ et al_Environments_10.1016-j.chemosphere.2022.133654_2,Effect of nitrilotriacetic acid and tea saponin on the phytoremediation of Ni by Sudan grass (Sorghum sudanense (Piper) Stapf.) in Ni-pyrene contaminated soil,氨基三乙酸和茶皂素对苏丹草修复镍-芘复合污染土壤的影响,China,PAHs,True,True
P05310,10_1080_15320383_2022_2157376,In Situ Remediation of TNT Red Water Contaminated Soil: Field Demonstration,TNT红水污染土壤的原位修复：田间示范,China,PCNs_other,False,True
P05321,10_1080_26395940_2022_2102543,Hyperspectral estimation of petroleum hydrocarbon content in soil using ensemble learning method and LASSO feature extraction,基于集成学习方法和LASSO特征提取的土壤石油烃含量高光谱估算,China,Petroleum_TPH,False,True
P05378,2022_Cao J et al_FrontEnvironSci_10.3389-fenvs.2022.1028299,"The concentrations and sources of PAHs and PCBs in soil from an oil field and estuary in the Yellow River Delta, China",黄河三角洲油田和河口土壤中PAHs和PCBs的浓度及来源,China,"PAHs,PCBs,POPs_general",False,True
P08696,2022_Liang T et al_SciTotalEnviron_null_1,Cement kiln co-processing promotes the redevelopment of industrially contaminated land in China: Spatio-temporal features and efficiency analysis,水泥窑协同处置促进中国工业污染地块再开发：时空特征与效率分析,China,POPs_general,True,True
P08754,2022_Wang K et al_EnvironPollut_10.1016-j.jhazmat.2022.129770_1,Insights into behavior and mechanism of tetracycline adsorption on virgin and soil-exposed microplastics,四环素在原生和土壤暴露微塑料上的吸附行为与机制研究,China,Antibiotics,False,True
P08774,2022_Yi S et al_JHazardMater_null,Synergistic leaching of heavy metal-polycyclic aromatic hydrocarbon in co-contaminated soil by hydroxamate siderophore: Role of cation-π and chelation,异羟肟酸铁载体对重金属-多环芳烃复合污染土壤的协同淋洗：阳离子-π和螯合作用,China,PAHs,True,True
P09522,2026_Ren H et al_EcotoxicolEnvironSaf_null,"Soil polycyclic aromatic hydrocarbons and their halogenated derivatives in a brominated flame retardant production area: Spatial and vertical variations, and influencing factors",溴化阻燃剂生产区域土壤多环芳烃及其卤代衍生物：空间与垂直分布及影响因素,China,"PAHs,PBDEs,POPs_general",False,True
P09750,0000_He M et al_null,Status assessment and probabilistic health risk modeling of Polycyclic Aromatic Hydrocarbons (PAHs) in surface soil across China,中国表层土壤中多环芳烃的状态评估与概率健康风险建模,China,PAHs,False,True
P10713,2014_Risorse DST et al_Science_null,"Persistent organic pollutants in a multimedia environment, and associated human health risks: case studies in the region of Campania, Italy, and south-central China",多介质环境中的持久性有机污染物及相关人体健康风险：意大利坎帕尼亚地区和中国中南部的案例研究,China,POPs_general,False,True
P10958,2017_物联合修_土壤_null,Biochar-plant combined remediation of soils contaminated with PAHs and heavy metals,多环芳烃-重金属复合污染土壤的生物炭-植物联合修复研究,China,PAHs,True,True
P11312,2022_Gao H et al_EnvironPollut_null,Effect of petroleum hydrocarbon pollution levels on the soil microecosystem and ecological function,不同石油烃污染水平对土壤微生态系统和生态功能的影响,China,Petroleum_TPH,False,True
P11318,2022_Hui K et al_EnvironPollut_null,Nitrogen input leads to the differential accumulation of polycyclic aromatic hydrocarbons in the low- and high-density fractions in sewage-irrigated farmland soil,氮输入导致污水灌溉农田土壤低密度和高密度组分中多环芳烃的差异积累,China,"PAHs,POPs_general",True,True
P11319,2022_Jiao A et al_Chemosphere_null_1,Effect of nitrilotriacetic acid and tea saponin on the phytoremediation of Ni by Sudan grass (Sorghum sudanense (Piper) Stapf.) in Ni-pyrene contaminated soil,氨基三乙酸和茶皂素对苏丹草修复镍-芘复合污染土壤的影响,China,PAHs,True,True
P11323,2022_Liang T et al_SciTotalEnviron_null,Cement kiln co-processing promotes the redevelopment of industrially contaminated land in China: Spatio-temporal features and efficiency analysis,水泥窑协同处置促进中国工业污染土地的再开发：时空特征与效率分析,China,POPs_general,True,True
P11344,2022_Unknown_SciTotalEnviron_null,Spatial distribution and risk assessment of 11 organophosphate flame retardants in soils from different regions of agricultural farmlands in mainland China,中国大陆不同地区农田土壤中11种有机磷阻燃剂的空间分布及风险评估,China,Pesticides,False,True
P11351,2022_Yuan L et al_MarPollutBull_null,"Spatial distribution, composition, and source analysis of petroleum pollutants in soil from the Changqing Oilfield, Northwest China",长庆油田土壤石油污染物的空间分布、组成及来源分析,China,"PAHs,Petroleum_TPH",False,True
P11354,2022_刘洋_环境科学_null,Effects of polystyrene micro-/nano- plastics on accumulation and toxicity of PAHs in soil-animal/plant systems,聚苯乙烯微/纳塑料对多环芳烃在土壤-动/植物中累积与毒性的影响,China,"PAHs,POPs_general",False,True
P11359,2022_易盛炜_Unknown_null,Leaching effect and mechanism of hydroxamate siderophore on heavy metal-polycyclic aromatic hydrocarbon in soil,异羟肟酸型铁载体对土壤中重金属和多环芳烃的淋洗效果与作用机制,China,PAHs,True,True
P11362,2022_赵燊炜_Unknown_null,Plant-Microbial Combined Remediation of Heavy Metal and Polycyclic Aromatic Hydrocarbon Co-contaminated Soil and Mechanism Analysis,重金属-多环芳烃复合污染土壤植物微生物联合修复机理,China,PAHs,True,True
P11364,2022_钟承韡_Unknown_null,Degradation of typical organic pollutants in soil by Fe/FeCO3 composites based on siderite,基于菱铁矿的Fe/FeCO3复合材料降解土壤中典型有机污染物的研究,China,"PAHs,POPs_general",False,True
P11365,2022_陈驰_Unknown_null,Study on Combined Repair Process of Thermal Desorption and Stabilization of PAHs-heavy Metal Compound polluted soil,多环芳烃-重金属复合污染土壤热脱附-稳定化联合修复工艺研究,China,PAHs,True,True
P11433,2023_Zhang Y et al_JCleanProd_null,Co-planting improves the phytoremediation efficiency of combined phenanthrene and copper co-contaminated soils,间作种植提高了菲和铜复合污染土壤的植物修复效率,China,PAHs,True,True
P00228,10_1007_s00128_021_03193_9,Distribution Characteristics and Risk Assessment of Polycyclic Aromatic Hydrocarbons in Soils of a Steel Enterprise in East China,华东某钢铁企业土壤中多环芳烃的分布特征及风险评估,China,PAHs,False,True
P00230,10_1007_s00128_021_03245_0,"Occurrences, Potential Sources and Health Impacts of Organochlorine Pesticides in Soil from Wuhan, Central China",中国中部武汉土壤中有机氯农药的发生、潜在来源及健康影响,China,"OCPs,Pesticides",False,True
P00291,10.1007_s10311-021-01264-1,"Urbanization-Related Changes Over the Last 20 Years in Occurrence, Sources and Human Health Risks of Soil PAHs in Rural Tianjin, China",中国天津农村地区土壤PAHs在过去20年中与城市化相关的发生、来源及人类健康风险变化,China,PAHs,False,True
P00303,2021_Zhang T et al_Ecotoxicology_10.1007-s10646-020-02320-2,"Risk assessment and ecotoxicological diagnosis of soil from a chemical industry park in Nanjing, China",中国南京某化工园区土壤的风险评估与生态毒理诊断,China,PAHs,True,True
P00347,2022_Liang M et al_EnvironGeochemHealth_10.1007-s10653-021-01009-7,Characterization and risk assessment of polycyclic aromatic hydrocarbon emissions by coal fire in northern China,中国北方煤火排放多环芳烃的特征及风险评估,China,PAHs,False,True
P00348,2021_Zhang H et al_EnvironGeochemHealth_10.1007-s10653-021-00964-5,Risk sources quantitative appointment of ecological environment and human health in farmland soils: a case study on Jiuyuan District in China,农田土壤生态环境与人体健康风险源定量解析：以中国九原区为例,China,Pesticides,True,True
P00415,10_1007_s10661_021_09449_5,"Quantitative source apportionment and ecological risk assessment of heavy metals in soil of a grain base in Henan Province, China, using PCA, PMF modeling, and geostatistical techniques",利用PCA、PMF模型和地统计学技术对中国河南省某粮食基地土壤重金属进行定量源解析及生态风险评估,China,Pesticides,True,True
P00720,2018_Tian W et al_Nature_10.1007-s11356-021-15781-7,Probability risk assessment of soil PAH contamination premised on industrial brownfield development: a case from China,基于工业棕地开发的土壤多环芳烃污染概率风险评价：来自中国的案例,China,PAHs,False,True
P00768,10_1007_s11368_021_03075_x,"Identification of zones contaminated with phthalates and polycyclic aromatic hydrocarbons by concentrations in gridded soil with 1/6° latitude by 1/4° longitude resolution: a case study of Zhejiang, China",基于1/6°纬度×1/4°经度网格土壤浓度的邻苯二甲酸酯和多环芳烃污染区域识别：以中国浙江省为例,China,"PAHs,OCPs,PAEs",False,True
P01153,2020_Chen HT et al_Chemosphere_10.1016-j.chemosphere.2020.128875,Characterization and degradation mechanism of bimetallic iron-based/AC activated persulfate for PAHs-contaminated soil remediation,双金属铁基/AC活化过硫酸盐修复PAHs污染土壤的表征及降解机制,China,PAHs,False,True
P01158,2020_Qin G et al_Chemosphere_10.1016-j.chemosphere.2020.129205_1,"Soil heavy metal pollution and food safety in China: Effects, sources and removing technology",中国土壤重金属污染与食品安全：效应、来源及去除技术,China,Pesticides,True,True
P01160,2021_Pan Z et al_Chemosphere_10.1016-j.chemosphere.2021.129803,"Temporal and spatial variability of antibiotics in agricultural soils from Huang-Huai-Hai Plain, northern China",中国北部黄淮海平原农业土壤中抗生素的时空变异性,China,Antibiotics,False,True
P01269,10.1016_j.envint.2021.106620,"Co-occurrence of crAssphage and antibiotic resistance genes in agricultural soils of the Yangtze River Delta, China",中国长三角农业土壤中crAssphage与抗生素抗性基因的共存,China,Antibiotics,False,True
P01358,10.1016_j.envpol.2020.115938,"Contamination and human health risks of polycyclic aromatic hydrocarbons in surface soils from Tianjin coastal new region, China",天津滨海新区地表土壤中多环芳烃的污染特征及人体健康风险,China,PAHs,False,True
P01360,10.1016_j.envpol.2020.116038,"Ecological risk and early warning of soil compound pollutants (HMs, PAHs, PCBs and OCPs) in an industrial city, Changchun, China",工业城市长春土壤复合污染物（重金属、多环芳烃、多氯联苯、有机氯农药）的生态风险与早期预警,China,"PAHs,PCBs,OCPs,Pesticides",True,True
P01363,2020_Ji X et al_EnvironPollut_10.1016-j.envpol.2020.116281,Mapping soil pollution by using drone image recognition and machine learning at an arsenic-contaminated agricultural field,无人机图像识别与机器学习在砷污染农田土壤污染制图中的应用,China,Petroleum_TPH,True,True
P01364,10.1016_j.envpol.2021.116518,Quantitative analysis of the main sources of pollutants in the soils around key areas based on the positive matrix factorization method,基于正定矩阵因子法的关键区域周边土壤污染物主要来源定量分析,China,PAHs,True,True
P01370,2021_Liu Q et al_EnvironPollut_10.1016-j.envpol.2021.117191,A novel method to analyze the spatial distribution and potential sources of pollutant combinations in the soil of Beijing urban parks,一种分析北京城市公园土壤中污染物组合空间分布及潜在源的新方法,China,PAHs,True,True
P01372,2021_Wang Y et al_EnvironPollut_10.1016-j.envpol.2021.117532,"Characteristics and risk assessment of organophosphate esters and phthalates in soils and vegetation from Dalian, northeast China",中国东北大连土壤和植被中有机磷酸酯和邻苯二甲酸酯的特征及风险评估,China,"Pesticides,PAEs",False,True
P01379,2021_Hu T et al_EnvironPollut_10.1016-j.envpol.2021.118139,"Spatial and seasonal variations of PAHs in soil, air, and atmospheric bulk deposition along the plain to mountain transect in Hubei province, central China: Air-soil exchange and long-range atmospheric transport",湖北省平原至山区土壤、空气和大气沉降中PAHs的空间和季节变化：气-土交换和长距离大气传输,China,PAHs,True,True
P01568,10.1016_j.jhazmat.2020.123361,Remediation of organophosphorus pesticide polluted soil using persulfate oxidation activated by microwave,微波活化过硫酸盐修复有机磷农药污染土壤,China,"Pesticides,POPs_general",False,True
P01572,2020_Gu W et al_JHazardMater_10.1016-j.jhazmat.2020.124139,Combined remediation of polychlorinated naphthalene-contaminated soil under multiple scenarios: An integrated method of genetic engineering and environmental remediation technology,多情景下多氯萘污染土壤的联合修复：遗传工程与环境修复技术的集成方法,China,PCNs_other,False,True
P01573,10.1016_j.jhazmat.2020.124006,Mechanisms of the enhanced DDT removal from soils by earthworms: identification of DDT degraders in drilosphere and non-drilosphere matrices,蚯蚓增强土壤中DDT去除的机制：识别drilosphere和非drilosphere基质中的DDT降解菌,China,"OCPs,POPs_general",False,True
P01579,10.1016_j.jhazmat.2021.125730,Developing an integrated framework for source apportionment and source-specific health risk assessment of PAHs in soils: Application to a typical cold region in China,开发土壤中多环芳烃源解析及特定源健康风险评估的综合框架：应用于中国典型寒冷地区,China,PAHs,False,True
P01783,2021_Zhouetal_SciTotalEnviron_10.1016-j.scitotenv.2020.141924,Multiple classes of chemical contaminants in soil from an e-waste disposal site in China: Occurrence and spatial distribution,中国电子垃圾处置点土壤中多类化学污染物的存在及空间分布,China,"PCBs,PBDEs,Dioxins",True,True
P01787,2020_Lietal_SciTotalEnviron_10.1016-j.scitotenv.2020.142757,"Organophosphorus pesticides in greenhouse and open-field soils across China: Distribution characteristic, polluted pathway and health risk",中国温室和大田土壤中的有机磷农药：分布特征、污染途径与健康风险,China,Pesticides,True,True
P01793,2021_Xie T et al_SciTotalEnviron_10.1016-j.scitotenv.2021.146263,"The application of urban anthropogenic background to pollution evaluation and source identification of soil contaminants in Macau, China",城市人为背景值在澳门土壤污染物评价与源解析中的应用,China,PAHs,True,True
P01795,10.1016_j.scitotenv.2021.146282,Field study on the soil bacterial associations to combined contamination with heavy metals and organic contaminants,重金属与有机物复合污染下土壤细菌关联的现场研究,China,"PAHs,PBDEs,POPs_general",True,True
P01797,10.1016_j.scitotenv.2021.146502,Distribution of the microbial community and antibiotic resistance genes in farmland surrounding gold tailings: A metagenomics approach,金矿尾矿周边农田微生物群落及抗生素抗性基因的分布：宏基因组学方法,China,Antibiotics,True,True
P01803,2021_Guo X et al_SciTotalEnviron_10.1016-j.scitotenv.2021.149385,"Multi-level methods to quantify risk assessment, source apportionment and identifying key risk areas of soil toxic elements in Ashi River watershed, China",阿什河流域土壤有毒元素风险评价、源解析及关键风险区识别的多层次方法,China,Pesticides,False,True
P01936,2021_Hu J et al_EnvironPollut_10.1021-acs.est.0c07983,Direct Analysis of Soil Composition for Source Apportionment by Laser Ablation Single-Particle Aerosol Mass Spectrometry,激光剥蚀单颗粒气溶胶质谱法直接分析土壤成分及源解析,China,PAHs,True,True
P02402,2021_Wang D et al_EnvironTechnol_10.1080-09593330.2021.1946163,Biodegradation performance and diversity of enriched bacterial consortia capable of degrading high-molecular-weight polycyclic aromatic hydrocarbons,高效降解高分子量多环芳烃的富集菌群性能及多样性,China,"PAHs,POPs_general",True,True
P02670,2021_Wang X et al_SoilSedimentContam_10.1080-15320383.2021.1893645,"Content and source apportionment of polycyclic aromatic hydrocarbons in soil profile (0–100 Cm) of Urumqi petrochemical wastewater irrigation area, China",乌鲁木齐石化废水灌区土壤剖面(0-100cm)中多环芳烃的含量及源解析,China,PAHs,False,True
P02675,2021_Province HJ et al_Water_null,"Pollution and Risk Assessment of Polycyclic Aromatic Hydrocarbons (Pahs) in Agricultural Soil along a Highway of Jilin Province, China",吉林省某高速公路沿线农田土壤中多环芳烃的污染与风险评估,China,"PAHs,POPs_general",False,True
P02677,2021_Chen Y et al_SoilSedimentContam_10.1080-15320383.2021.1937936,"Effects of Biochar Produced from Cornstalk, Rice Husk and Bamboo on Degradation of Flumioxazin in Soil",玉米秸秆、稻壳和竹制备的生物炭对土壤中伏马津降解的影响,China,POPs_general,False,True
P02763,2021_Zhao S et al_EnvironEngSci_10.1089-ees.2020.0416,The Pollution Characteristics and Full-Scale Risk Assessment of Coking Plant Soil Co-Contaminated with Polycyclic Aromatic Hydrocarbons and Heavy Metals,焦化厂土壤多环芳烃与重金属复合污染特征及全尺度风险评估,China,PAHs,True,True
P02859,2013_Sun S et al_JApplMicrobiol_10.1111-JAM.15172,Copper stimulates neonicotinoid insecticide thiacloprid degradation by Ensifer adhaerens TMX-23,铜促进根瘤菌Ensifer adhaerens TMX-23对新烟碱类杀虫剂噻虫啉的降解,China,Pesticides,True,True
P03279,2013_赵颖_环境科学_10.16258-j.cnki.1674-5906.2013.07.022,Phytoremediation of Combined Pollution Soil in a Sewage Irrigation Area,污灌区复合污染土壤的植物修复研究,China,PAHs,True,True
P03309,2021_Liu Y et al_PlantSoilEnviron_10.17221-594-2020-PSE,"Effects of atrazine application on soil aggregates, soil organic carbon and glomalin-related soil protein",阿特拉津施用对土壤团聚体、土壤有机碳及球囊霉素相关土壤蛋白的影响,China,Pesticides,False,True
P03319,2021_车凯_环境科学_10.19672-j.cnki.1003-6504.2021.S1.019_1,Investigation and evaluation of soil environment in substation,变电站场地土壤环境调查与评价,China,PAHs,True,True
P03402,10.21203_rs.3.rs-360082_v1_CrossrefPage,Biostimulation-phytoremediation of petroleum hydrocarbon contaminated soil: Response surface methodology (RSM),石油烃污染土壤的生物刺激-植物联合修复：响应面法(RSM),China,Petroleum_TPH,False,True
P03756,10.3389_fchem.2021.691565,The Interactions Between Antibiotic Resistance Genes and Heavy Metal Pollution Under Co-Selective Pressure Influenced the Bio-Enzyme Activity,共选择压力下抗生素抗性基因与重金属污染的相互作用对生物酶活性的影响,China,Antibiotics,True,True
P04201,10_3390_ijerph182111589,"Organochlorine Pesticides in Karst Soil: Levels, Distribution, and Source Diagnosis",岩溶土壤中有机氯农药：含量、分布及源解析,China,"OCPs,Pesticides",False,True
P04359,2021_Wang X et al_Science_10.3390-microorganisms9071417,Acinetobacter tandoii ZM06 Assists Glutamicibacter nicotianae ZM05 in Resisting Cadmium Pressure to Preserve Dipropyl Phthalate Biodegradation,Acinetobacter tandoii ZM06 协助 Glutamicibacter nicotianae ZM05 抵抗镉胁迫以保持邻苯二甲酸二丙酯的生物降解,China,"POPs_general,PAEs",True,True
P04376,2021_Yin H et al_Molecules_10.3390-molecules26082169,"Polybrominated Diphenyl Ethers and Heavy Metals in a Regulated E-Waste Recycling Site, Eastern China: Implications for Risk Management",中国东部受监管电子垃圾回收站的多溴二苯醚和重金属：风险管理的启示,China,PBDEs,True,True
P05170,10_1016_j_ecoenv_2026_119865,"The spatial distribution of heavy metal contamination, microbial communities, and resistance genes in agricultural soil near a manganese mine in China",中国某锰矿附近农业土壤中重金属污染、微生物群落及抗性基因的空间分布,China,Antibiotics,True,True
P05289,10_1080_10934529_2021_1927597,Health risk assessment of polycyclic aromatic hydrocarbons (PAHs) in the soil around thermal power plants in southwest China,中国西南地区火力发电厂周边土壤中多环芳烃的健康风险评价,China,PAHs,False,True
P08407,2021_Fan G et al_Chemosphere_null,Electrokinetical enhanced delivery of acidic potassium permanganate and removal of copper-pyrene compound pollution in a red soil,动电强化酸性高锰酸钾输送及去除红壤中铜-芘复合污染的研究,China,"PAHs,POPs_general",True,True
P08425,2021_Guo X et al_SciTotalEnviron_null,"Multi-level methods to quantify risk assessment, source apportionment and identifying key risk areas of soil toxic elements in Ashi River watershed, China",中国阿什河流域土壤有毒元素风险评估、源解析及关键风险区识别的多级方法,China,Pesticides,False,True
P08448,2021_Kan H et al_ChemEngJ_null,Crystallographic manganese oxides enhanced pyrene contaminated soil remediation in microwave activated persulfate system,晶相锰氧化物强化过硫酸盐微波修复芘污染土壤的研究,China,PAHs,False,True
P08465,2021_Li Q et al_JHazardMater_null,Are microplastics correlated to phthalates in facility agriculture soil?,设施农业土壤中微塑料与邻苯二甲酸酯的相关性研究,China,PAEs,False,True
P08528,2021_Qiao P et al_EnvironPollut_null,Quantitative analysis of the main sources of pollutants in the soils around key areas based on the positive matrix factorization method,基于正定矩阵因子分解法的重点区域周边土壤污染物主要源定量分析,China,PAHs,True,True
P08598,2021_Xie T et al_SciTotalEnviron_null,"The application of urban anthropogenic background to pollution evaluation and source identification of soil contaminants in Macau, China",城市人为背景在澳门土壤污染物污染评价和源识别中的应用,China,PAHs,True,True
P08655,2022_Distribution L et al_EnvironRes_10.3390-ijerph18157896,"Levels, Distribution and Health Risk Assessment of Organochlorine Pesticides in Agricultural Soils from the Pearl River Delta of China",中国珠三角农业土壤中有机氯农药的含量、分布及健康风险评估,China,"OCPs,Pesticides",False,True
P08851,2023_Lu X et al_EcotoxicolEnvironSaf_null,Feature fusion improves performance and interpretability of machine learning models in identifying soil pollution of potentially contaminated sites,特征融合提高了识别潜在污染场地土壤污染的机器学习模型的性能和可解释性,China,"Petroleum_TPH,POPs_general",True,True
P08860,2023_PAHs D et al_EcotoxicolEnvironSaf_null,"Distributions of PAHs, NPAHs, OPAHs, BrPAHs, and ClPAHs in air, bulk deposition, soil, and water in the Shandong Peninsula, China: Urban-rural gradient, interface exchange, and long-range transport",中国山东半岛空气、沉降、土壤和水中PAHs、NPAHs、OPAHs、BrPAHs和ClPAHs的分布：城乡梯度、界面交换和长距离传输,China,PAHs,False,True
P08892,2023_Sun L et al_EcotoxicolEnvironSaf_null,"Characteristics of organic pollutants and their effects on the microbial composition and activity in the industrial soils of Pearl River Delta, China",珠三角地区工业土壤中有机污染物特征及其对微生物组成和活性的影响,China,"PAHs,VOC_SVOC,POPs_general,PAEs",False,True
P09031,2024_Huang Y et al_EnvironRes_null,Analysis of nationwide soil pesticide pollution: Insights from China,全国范围土壤农药污染分析：来自中国的启示,China,Pesticides,False,True
P09268,2025_Chen L et al_EnvironRes_null,Characteristics of organophosphate ester contamination and multiple influencing factors in various agricultural soils across China: A national-scale investigation,中国不同农业土壤中有机磷酯污染特征及多重影响因素：一项全国尺度的研究,China,"Pesticides,PAEs",False,True
P09544,2026_Zhang X et al_JEnvironManage_null,The distribution and dynamic transformation of the speciation of heterocyclic polycyclic aromatic hydrocarbons in co-contaminated soils during aging: taking carbazole as an example,老化过程中复合污染土壤中杂环多环芳烃形态的分布及动态转化：以咔唑为例,China,"PAHs,POPs_general",False,True
P11137,2020_Li Y et al_Chemosphere_null,"Occurrence, health risks and soil-air exchange of phthalate acid esters: A case study in plastic film greenhouses of Chongqing, China",塑料大棚中邻苯二甲酸酯的发生、健康风险及土壤-空气交换：以中国重庆为例,China,PAEs,False,True
P11161,2020_Unknown_SciTotalEnviron_null,"Organophosphorus pesticides in greenhouse and open-field soils across China: Distribution characteristic, polluted pathway and health risk",中国温室和露天土壤中的有机磷农药：分布特征、污染途径及健康风险,China,Pesticides,True,True
P11198,2020_陈梦奇_土壤_null,Research on Degradation of Polycyclic Aromatic Hydrocarbons in Contaminated Coking Soil by Persulfate Advanced Oxidation,过硫酸盐高级氧化法降解污染焦化土壤中多环芳烃的实验探究,China,PAHs,False,True
P11214,2021_Fan G et al_Chemosphere_null_1,Electrokinetical enhanced delivery of acidic potassium permanganate and removal of copper-pyrene compound pollution in a red soil,酸性高锰酸钾动电强化递送及红壤中铜-芘复合污染的去除,China,"PAHs,POPs_general",True,True
P11221,2021_Guo X et al_SciTotalEnviron_null_1,"Multi-level methods to quantify risk assessment, source apportionment and identifying key risk areas of soil toxic elements in Ashi River watershed, China",中国阿什河流域土壤有毒元素风险评估、源解析及关键风险区识别的多层次方法,China,Pesticides,False,True
P11241,2021_Liu Q et al_EnvironPollut_null,A novel method to analyze the spatial distribution and potential sources of pollutant combinations in the soil of Beijing urban parks,一种分析北京城市公园土壤中污染物组合空间分布及潜在源的新方法,China,PAHs,True,True
P11243,2021_M L et al_JCleanProd_null,"Polycyclic aromatic hydrocarbons in soil-turfgrass systems in urban Shanghai: Contamination profiles, in situ bioconcentration and potential health risks",上海城市土壤-草坪系统中的多环芳烃：污染特征、原位生物浓缩及潜在健康风险,China,PAHs,False,True
P11252,2021_Niu S et al_EnvironSciTechnol_null,Using Polychlorinated Naphthalene Concentrations in the Soil from a Southeast China E‑Waste Recycling Area in a Novel Screening-Level Multipathway Human Cancer Risk Assessment,利用中国东南部某电子垃圾回收区土壤中的多氯萘浓度进行新型筛查级多途径人体癌症风险评估,China,"PCBs,Dioxins,PCNs_other",False,True
P11254,2021_PAHs et al_EnvironPollut_null_from_sub,"Ecological risk and early warning of soil compound pollutants (HMs, PAHs, PCBs and OCPs) in an industrial city, Changchun, China",中国工业城市长春土壤复合污染物（重金属、多环芳烃、多氯联苯和有机氯农药）的生态风险及早期预警,China,"PAHs,PCBs,OCPs,Pesticides",True,True
P11280,2021_Xu Y et al_Chemosphere_null,Determination and occurrence of bisphenol A and thirteen structural analogs in soil,土壤中双酚A及其十三种结构类似物的测定与分布,China,Phenols,False,True
P11281,2021_Xu Z et al_Science_null,"Concentration, distribution, source apportionment, and risk assessment of surrounding soil PAHs in industrial and rural areas: A comparative study",工业和农村地区周边土壤中多环芳烃的浓度、分布、源解析及风险评估：一项对比研究,China,PAHs,False,True
P11292,2021_卢晓丽_Unknown_null,"Spatial Distribution, Vertical Migration and Risk Assessment of PAHs in Plain Farmland Soil: Based on Zhougang District of Nanjing City",平原农田土壤多环芳烃的空间分布、垂直迁移及风险评价研究--以南京市周岗地区为例,China,PAHs,True,True
P11294,2021_李敏_Unknown_null,Study on the degradation charateristics of bacterial consortium QY1 and the effective degradation of PAHs by combination of consortium QY1 and biochar,菌群QY1的降解特性及其联合生物炭高效降解多环芳烃研究,China,"PAHs,POPs_general",True,True
P11447,2023_毛_Unknown_null,Investigation and risk assessment of soil environmental pollution in a coking site,某焦化场地土壤环境污染调查与风险评估,China,PAHs,False,True
P00008,2014_DING et al_Science_10.15666-aeer-1801_159172,CHARACTERISTICS OF ORGANOCHLORINE POLLUTION IN THE TOPSOIL OF THE DAWEN RIVER WATERSHED AND POTENTIAL RISK ASSESSMENT IN CHINA,中国大汶河流域表层土壤有机氯污染特征及潜在风险评估,China,"OCPs,Pesticides",False,True
P00027,2014_Somprasong K_EnvironManage_null,Research on in-situ remediation of mixture-contaminated sediment in aquaculture ponds and effect evaluation based on bioavailability,复合污染养殖底泥原位修复与效果评价,China,PAHs,True,True
P00036,10.1002_ldr.3857,Potential use of Impatiens balsamina L. for bioremediation of Pb and PCB contaminated soils,凤仙花在铅和多氯联苯污染土壤生物修复中的潜在应用,China,PCBs,True,True
P00223,2020_Contamination BE_WasteManage_10.1007-s00128-020-02903-z,"Environmental Exposure-Associated Human Health Risk of Dioxin Compounds in the Vicinity of a Municipal Solid Waste Incinerator in Shanghai, China",上海某生活垃圾焚烧厂附近二噁英化合物的环境暴露相关人体健康风险,China,Dioxins,False,True
P00225,2020_Zhang He et al_BullEnvironContamToxicol_10.1007-s00128-020-02982-y,"Polycyclic Aromatic Hydrocarbons in Urban Soils of Zhengzhou City, China: Occurrence, Source and Human Health Evaluation",中国郑州市城市土壤中的多环芳烃：分布、来源及人体健康评价,China,"PAHs,POPs_general",False,True
P00276,2018_Luo TMSLYLXLY et al_Nature_10.1007-s00477-020-01844-7,Simultaneous determination and exposure assessment of six common pesticides in greenhouses through modified QuEChERS and gas chromatography–mass spectrometry,基于改良QuEChERS和气相色谱-质谱法同时测定温室中六种常见农药及其暴露评估,China,Pesticides,False,True
P00337,2021_Han Y et al_EnvironGeochemHealth_10.1007-s10653-020-00645-9,"Polybrominated diphenyl ethers in soils from Tianjin, North China: distribution, health risk, and temporal trends",中国北方天津土壤中的多溴联苯醚：分布、健康风险及时间趋势,China,PBDEs,False,True
P00338,10.1007_s10653-019-00504-2,"Phthalate esters contamination in vegetable–soil system of facility greenhouses in Jingmen, central China and the assessment of health risk",中国中部荆门设施温室蔬菜-土壤系统中的酞酸酯污染及健康风险评估,China,PAEs,False,True
P00341,2021_Qiao P et al_EnvironGeochemHealth_10.1007-s10653-020-00673-5,Effectiveness of predicting spatial contaminant distributions at industrial sites using partitioned interpolation method,分区插值法预测工业场地空间污染物分布的有效性,China,PAHs,False,True
P00343,10_1007_s10653_019_00490_5,"Polycyclic aromatic hydrocarbons in urban Greenland soils of Nanjing, China: concentration, distribution, sources and potential risks",中国南京城市绿地土壤中的多环芳烃：浓度、分布、来源及潜在风险,China,"PAHs,POPs_general",False,True
P00346,2020_Taoetal_EnvironGeochemHealth_10.1007-s10653-019-00502-4,"Pollution characteristics of phthalate acid esters in agricultural soil of Yinchuan, northwest China, and health risk assessment",中国西北地区银川农业土壤中邻苯二甲酸酯的污染特征及健康风险评估,China,PAEs,False,True
P00707,2020_Liu X et al_EnvironSciPollutRes_10.1007-s11356-020-09934-3,Effect of enhancers on the phytoremediation of soils polluted by pyrene and Ni using Sudan grass (Sorghum sudanense (Piper) Stapf.),增效剂对苏丹草修复芘和镍污染土壤的影响,China,PAHs,True,True
P00709,2021_Li J et al_EnvironSciPollutRes_10.1007-s11356-020-11301-1,Polycyclic aromatic hydrocarbon and n-alkane pollution characteristics and structural and functional perturbations to the microbial community: a case-study of historically petroleum-contaminated soil,多环芳烃和正构烷烃污染特征及对微生物群落结构和功能的扰动：以历史石油污染土壤为例,China,"PAHs,Petroleum_TPH",False,True
P00710,10.1007_s11356-020-11229-6,"Contamination assessment, health risk evaluation, and source identification of heavy metals in the soil-rice system of typical agricultural regions on the southeast coast of China",中国东南沿海典型农业区土壤-水稻系统重金属污染评价、健康风险评估及源解析,China,Pesticides,True,True
P00834,2020_Guo X et al_ArabJGeosci_10.1007-s12517-019-5016-6,"Potential ecological risk assessment of soil heavy metals in Hunchun basin, Northeast China",中国东北珲春盆地土壤重金属潜在生态风险评估,China,Pesticides,True,True
P01054,2020_Yang P et al_Catena_10.1016-j.catena.2020.104537,Patterns in soil contamination across an abandoned steel and iron plant: Proximity to source and seasonal wind direction as drivers,废弃钢铁厂土壤污染模式：距离源和季节风向作为驱动因素,China,Petroleum_TPH,True,True
P01076,10.1016_j.chemosphere.2019.125392,Assessment of the spatial distribution of organochlorine pesticides (OCPs) and polychlorinated biphenyls (PCBs) in urban soil of China,中国城市土壤中有机氯农药(OCPs)和多氯联苯(PCBs)的空间分布评估,China,"PCBs,OCPs,Pesticides,POPs_general",False,True
P01137,2019_Li Y et al_Chemosphere_10.1016-j.chemosphere.2019.124657,Remediation of petroleum hydrocarbon contaminated soil by using activated persulfate with ultrasound and ultrasound/Fe,利用活化过硫酸盐联合超声波及超声波/铁修复石油烃污染土壤,China,Petroleum_TPH,False,True
P01151,2020_Lu Q_Chemosphere_10.1016-j.chemosphere.2020.126861,Insights into the remediation of cadmium-pyrene co-contaminated soil by electrokinetic and the influence factors,电动修复镉-芘复合污染土壤的机理及影响因素研究,China,PAHs,True,True
P01219,10.1016_j.ecoenv.2020.110651,Residual effects of organochlorine pesticides (OCPs) in an e-waste recycling area compared with heavy metal pollution,电子废弃物回收区有机氯农药残留效应与重金属污染的比较,China,"OCPs,Pesticides",True,True
P01220,10.1016_j.ecoenv.2020.110495,Spatial distribution of phthalate esters and the associated response of enzyme activities and microbial community composition in typical plasticshed vegetable soils in China,中国典型设施蔬菜土壤中邻苯二甲酸酯的空间分布及其对酶活性和微生物群落组成的响应,China,PAEs,False,True
P01223,2020_Lietal_EcotoxicolEnvironSaf_10.1016-j.ecoenv.2020.111083,Effects of co-contamination of heavy metals and total petroleum hydrocarbons on soil bacterial community and function network reconstitution,重金属和总石油烃复合污染对土壤细菌群落及功能网络重建的影响,China,Petroleum_TPH,True,True
P01272,10.1016_j.envint.2019.105421,Fire Phoenix facilitates phytoremediation of PAH-Cd co-contaminated soil through promotion of beneficial rhizosphere bacterial communities,Fire Phoenix 通过促进有益根际细菌群落促进 PAH-Cd 复合污染土壤的植物修复,China,PAHs,True,True
P01334,10.1016_j.envpol.2019.113704,Concentrations of and risks posed by short-chain and medium-chain chlorinated paraffins in soil at a chemical industrial park on the southeast coast of China,中国东南沿海某化工园区土壤中短链和中链氯化石蜡的浓度及其风险,China,PCNs_other,False,True
P01335,2020_Wang B et al_EnvironPollut_10.1016-j.envpol.2020.113956,Risk of penicillin fermentation dreg: Increase of antibiotic resistance genes after soil discharge,青霉素发酵渣的风险：土壤排放后抗生素抗性基因的增加,China,Antibiotics,False,True
P01336,10.1016_j.envpol.2020.114016,"Potential sources, influencing factors, and health risks of polycyclic aromatic hydrocarbons (PAHs) in the surface soil of urban parks in Beijing, China",北京城市公园表层土壤中多环芳烃的潜在来源、影响因素及健康风险,China,PAHs,False,True
P01338,10.1016_j.envpol.2020.114075,Spatiotemporal patterns and drivers of soil contamination with heavy metals during an intensive urbanization period (1989–2018) in southern China,中国南部快速城市化时期（1989-2018）土壤重金属污染的时空格局及驱动力,China,"Petroleum_TPH,Pesticides",True,True
P01340,2020_Liu Y et al_EnvironPollut_10.1016-j.envpol.2020.114264,Effects of the long-term application of atrazine on soil enzyme activity and bacterial community structure in farmlands in China,中国农田中长期施用阿特拉津对土壤酶活性和细菌群落结构的影响,China,Pesticides,False,True
P01342,10.1016_j.envpol.2020.114328,Distributions of chlorinated paraffins and the effects on soil microbial community structure in a production plant brownfield site,氯化石蜡的分布及其对生产车间棕地土壤微生物群落结构的影响,China,"Petroleum_TPH,POPs_general,PCNs_other",False,True
P01343,10.1016_j.envpol.2020.114139,Levels and enantiomeric signatures of organochlorine pesticides in Chinese forest soils: Implications for sources and environmental behavior,中国森林土壤中有机氯农药的含量及对映体特征：来源和环境行为的启示,China,"OCPs,Pesticides",False,True
P01345,2020_Fan M et al_EnvironPollut_10.1016-j.envpol.2020.114527,Distribution and source identification of potentially toxic elements in agricultural soils through high-resolution sampling,通过高分辨率采样识别农业土壤中潜在有毒元素的分布及来源,China,Pesticides,True,True
P01356,2020_Lyuetal_EnvironPollut_10.1016-j.envpol.2020.115147,Antibiotics in soil and water in China— A systematic review and source analysis,中国土壤和水体中的抗生素——系统综述与源解析,China,Antibiotics,False,True
P01450,2019_Chin DSW et al_JGeochemExplor_10.1016-j.gexplo.2019.106393,"Spatial distribution, possible sources and health risks of PAHs and OCPs in surface soils from Dajiuhu Sub-alpine Wetland, central China",中国中部大九湖亚高山湿地表层土壤中多环芳烃和有机氯农药的空间分布、可能来源及健康风险,China,"PAHs,PCBs,OCPs,Pesticides,POPs_general",False,True
P01486,2020_Feng S J et al_JContamHydrol_10.1016-j.jconhyd.2020.103664,Two-dimensional analytical solution for VOC vapor migration through layered soil laterally away from the edge of contaminant source,VOC蒸气在分层土壤中侧向迁移的二维解析解,China,VOC_SVOC,False,True
P01550,2019_Li S et al_JHazardMater_10.1016-j.jhazmat.2019.121216,Profiles of antibiotic resistome with animal manure application in black soils of northeast China,中国东北黑土区畜禽粪肥施用下的抗生素抗性基因谱特征,China,Antibiotics,False,True
P01559,10.1016_j.jhazmat.2020.122425,Spectroscopic response of soil organic matter in mining area to Pb/Cd heavy metal interaction: A mirror of coherent structural variation,矿区土壤有机质对Pb/Cd重金属相互作用的光谱响应：结构一致性变化的反映,China,Phenols,True,True
P01561,2020_Liu J et al_JHazardMater_10.1016-j.jhazmat.2020.122954,Enhanced dissipation of xenobiotic agrochemicals harnessing soil microbiome in the tillage-reduced rice-dominated agroecosystem,利用土壤微生物增强少耕稻作生态系统中异源农药的消散,China,Pesticides,False,True
P01564,10.1016_j.jhazmat.2020.123055,Reveal a hidden highly toxic substance in biochar to support its effective elimination strategy,揭示生物炭中一种隐蔽的高毒性物质以支持其有效消除策略,China,OCPs,False,True
P01566,2020_Tao Y et al_JHazardMater_10.1016-j.jhazmat.2020.123111,Remediation of Cu-phenanthrene co-contaminated soil by soil washing and subsequent photoelectrochemical process in presence of persulfate,淋洗联合光电过硫酸盐工艺修复铜-菲复合污染土壤的研究,China,PAHs,True,True
P01752,2018_Dou R et al_SciTotalEnviron_10.1016-j.scitotenv.2019.134916,Contamination of pyrethroids and atrazine in greenhouse and open-field agricultural soils in China,中国温室和露天农田土壤中拟除虫菊酯类农药和阿特拉津的污染,China,Pesticides,False,True
P01761,2015_Liu X et al_SciTotalEnviron_10.1016-j.scitotenv.2020.136628,"Sorption of oxytetracycline in particulate organic matter in soils and sediments: Roles of pH, ionic strength and temperature",土壤和沉积物颗粒有机质中土霉素的吸附：pH、离子强度和温度的作用,China,Antibiotics,False,True
P01762,2019_Du S et al_SciTotalEnviron_10.1016-j.scitotenv.2019.136418,Large-scale patterns of soil antibiotic resistome in Chinese croplands,中国农田土壤抗生素抗性组的大尺度格局,China,Antibiotics,True,True
P01765,2020_Wei L et al_SciTotalEnviron_10.1016-j.scitotenv.2020.137978,Pollution characteristics and health risk assessment of phthalate esters in agricultural soil and vegetables in the Yangtze River Delta of China,中国长三角地区农业土壤和蔬菜中邻苯二甲酸酯的污染特征及健康风险评估,China,PAEs,False,True
P01770,2020_Li W et al_SciTotalEnviron_10.1016-j.scitotenv.2020.139745,Environmental and health impacts due to e-waste disposal in China – A review,中国电子废物处置的环境与健康影响综述,China,POPs_general,True,True
P01774,2017_DeltaChin YR et al_SciTotalEnviron_10.1016-j.scitotenv.2020.140001,"Antibiotic resistance genes (ARGs) in agricultural soils from the Yangtze River Delta, China",长江三角洲农业土壤中的抗生素抗性基因,China,Antibiotics,False,True
P01919,2017_Zhu Y et al_Pedosphere_10.1016-S1002-0160(17)60306-0,"Accumulation and Potential Sources of Heavy Metals in the Soils of the Hetao Irrigation District, Inner Mongolia, China",内蒙古河套灌区土壤重金属的累积及潜在来源,China,Pesticides,True,True
P02016,10_1029_2020JG005659,Decoupled spatial distribution of PAHs degraders determined by taxonomic 16S rRNA and degrading genes across Chinese forest soils,中国森林土壤中基于16S rRNA和降解基因揭示的PAHs降解菌空间分布的解耦现象,China,PAHs,False,True
P02124,10_1038_s41598_020_57692_6,Enzyme activities during Benzo[a] pyrene degradation by the fungus Lasiodiplodia theobromae isolated from a polluted soil,从污染土壤中分离的可可球二孢菌降解苯并[a]芘过程中的酶活性研究,China,PAHs,False,True
P02399,2021_Gaoetal_EnvironmentalTechnology_10.1080-09593330.2020.1767699,Using MODFLOW/MT3DMS and electrical resistivity tomography to characterize organic pollutant migration in clay soil layer with a shallow water table,利用MODFLOW/MT3DMS和高密度电法表征浅水位粘土层中有机污染物的迁移,China,POPs_general,False,True
P02657,2020_Chen T et al_SoilSedimentContam_10.1080-15320383.2020.1758029,Influences of Simulated Organic Residues in Petroleum-Exploiting Areas on the Dissolution and Speciation of Arsenic in Soil-Mineral Solid,石油开采区模拟有机残留物对土壤-矿物固体中砷溶解和形态转化的影响,China,Petroleum_TPH,True,True
P02662,2020_Li D et al_SoilSedimentContam_10.1080-15320383.2020.1787328,On Optimal Condition of Plant–Microbial Remediation of Petroleum Hydrocarbon Polluted Soil,石油烃污染土壤植物-微生物修复的最佳条件,China,Petroleum_TPH,False,True
P02755,10_1088_1755_1315_585_1_012199,"Residue occurrence and potential risk assessment of HCHs and DDTs in campus surface soils: In case of Jilin University in Changchun, China",吉林大学校园地表土壤中HCHs和DDTs的残留及其潜在风险评估,China,"OCPs,Pesticides",False,True
P02981,2020_Elyamine AM et al_EnvironSciEur_10.1186-s12302-020-00400-y,Earthworms and rice straw enhanced soil bacterial diversity and promoted the degradation of phenanthrene,蚯蚓和水稻秸秆增强了土壤细菌多样性并促进了菲的降解,China,PAHs,False,True
P03223,10_1515_chem_2020_0020,"Source apportionment of soil contamination based on multivariate receptor and robust geostatistics in a typical rural–urban area, Wuhan city, middle China",基于多受体模型和稳健地统计学的中国中部武汉市典型城乡结合部土壤污染源解析,China,Petroleum_TPH,True,True
P03232,2020_Luo Q et al_PolJEnvironStud_10.15244-pjoes-111675,"Human Health Risk Assessment of Organophosphate Esters in Urban Topsoils of Shenyang, China",中国沈阳城市表层土壤中有机磷酸酯的人体健康风险评估,China,Pesticides,False,True
P03237,2021_Meng X et al_PolJEnvironStud_10.15244-pjoes-123920,"Pollution Characteristics of Polycyclic Aromatic Hydrocarbons in Unsaturated Zone of the Different Workshops at a Large Iron and Steel Industrial Site of Beijing, China",北京某大型钢铁工业遗址不同车间包气带多环芳烃污染特征,China,PAHs,False,True
P03305,10_17221_50_2019_SWR,"Concentrations and sources of persistent organochlorine residues in the sediments and soils from an industrially impacted area in Anhui, China",安徽某工业影响区沉积物和土壤中持久性有机氯残留物的浓度及来源,China,"PCBs,OCPs,Pesticides",False,True
P03320,2018_质量分数_土壤_10.19671-j.1673-4637.2018.06.004,Effect of reclaimed water irrigation on the concentration of PAHs in topsoil and vegetables,再生水灌溉对土壤和蔬菜多环芳烃含量影响研究,China,PAHs,False,True
P03586,2020_Yu Y et al_ScienceAsia_10.2306-scienceasia1513-1874.2020.013,"Polycyclic aromatic hydrocarbons (PAHs) in surface soil from the Guan River Estuary in China: Contamination, source apportionment and health-risk assessment",中国灌河口表层土壤中的多环芳烃：污染、源解析与健康风险评估,China,PAHs,False,True
P03858,2020_Heetal_Agriculture_10.3390-agriculture10020047,Ecological Risk Assessment of Soil Heavy Metals and Pesticide Residues in Tea Plantations,茶园土壤重金属及农药残留的生态风险评估,China,"OCPs,Pesticides",True,True
P04150,10_3390_ijerph17041390,"Distribution, Origins and Hazardous Effects of Polycyclic Aromatic Hydrocarbons in Topsoil Surrounding Oil Fields: A Case Study on the Loess Plateau, China",油田周围表层土壤中多环芳烃的分布、来源及危害效应：以中国黄土高原为例,China,PAHs,False,True
P04152,2020_Yu Y et al_IntJEnvironResPublicHealth_10.3390-ijerph17051471,Remediation of Crude Oil Polluted Soil by the Bacterial Rhizosphere Community of Suaeda salsa Revealed by 16S rRNA Genes,基于 16S rRNA 基因揭示碱蓬根际细菌群落对原油污染土壤的修复,China,Petroleum_TPH,False,True
P04160,2020_Presence_EnvironRes_10.3390-ijerph17113786,Presence and Health Risks of Obsolete and Emerging Pesticides in Paddy Rice and Soil from Thailand and China,泰国和中国水稻及土壤中新型与陈旧农药的残留及其健康风险,China?mixed,"OCPs,Pesticides",False,True
P04171,2020_Chen Dongxiang et al_EnvironRes_10.3390-ijerph17186735,"Mapping the Finer-Scale Carcinogenic Risk of Polycyclic Aromatic Hydrocarbons (PAHs) in Urban Soil—A Case Study of Shenzhen City, China",绘制城市土壤中多环芳烃（PAHs）的精细化致癌风险——以中国深圳市为例,China,PAHs,False,True
P04174,10_3390_ijerph17176319,"Distribution of the Soil PAHs and Health Risk Influenced by Coal Usage Processes in Taiyuan City, Northern China",中国北方太原市煤炭使用过程对土壤多环芳烃分布及健康风险的影响,China,PAHs,False,True
P04180,2016_Evolution_EnvironRes_10.3390-ijerph18010123,Evolution and Efficiency Assessment of Pesticide and Fertiliser Inputs to Cultivated Land in China,中国耕地农药与化肥投入的演变及效率评估,China,Pesticides,False,True
P04412,10.3390_pr8111339,"Monitoring, Diffusion and Source Speculation Model of Urban Soil Pollution",城市土壤污染的监测、扩散及源推测模型,China,Petroleum_TPH,True,True
P04524,10_3390_su12176804,A Soil Environmental Quality Assessment Model Based on Data Fusion and Its Application in Hebei Province,基于数据融合的土壤环境质量评价模型及其在河北省的应用,China,"PAHs,Pesticides,POPs_general",True,True
P04693,10.3390_w12082188,Remediation of Anthracene-Contaminated Soil with Sophorolipids-SDBS-Na2SiO3 and Treatment of Eluting Wastewater,槐糖脂-SDBS-Na2SiO3修复蒽污染土壤及洗脱废水处理,China,"PAHs,POPs_general",False,True
P05307,10_1080_15320383_2020_1734535,Source Apportionment of Soil PAH Concentration and Associated Carcinogenic and Mutagenic Potencies by Combined Utilization of PMF and Toxic Assessment: A Case Study in North China,结合PMF和毒性评估解析土壤PAH浓度及其相关致癌和致突变潜力：中国华北案例研究,China,PAHs,False,True
P05443,10_3390_w12082188,Remediation of Anthracene-Contaminated Soil with Sophorolipids-SDBS-Na2SiO3 and Treatment of Eluting Wastewater,槐糖脂-SDBS-硅酸钠复合修复蒽污染土壤及淋洗废水处理,China,"PAHs,POPs_general",False,True
P06880,2013_Unknown_SciTotalEnviron_null,Comparative study on the pollution status of organochlorine pesticides (OCPs) and bacterial community diversity and structure between plastic shed and open-field soils from northern China,中国北方塑料大棚与露天土壤中有机氯农药污染状况及细菌群落多样性与结构的比较研究,China,"OCPs,Pesticides",False,True
P07637,2017_Unknown_SciTotalEnviron_null,"Polycyclic aromatic hydrocarbons in the soils of the Yangtze River Delta Urban Agglomeration, China: Influence of land cover types and urbanization",中国长三角城市群土壤中的多环芳烃：土地覆盖类型和城市化的影响,China,PAHs,False,True
P08104,2020_Cao H et al_SciRep_null,Enzyme activities during Benzo[a] pyrene degradation by the fungus Lasiodiplodia theobromae isolated from a polluted soil,分离自污染土壤的可可球座菌在苯并[a]芘降解过程中的酶活性研究,China,PAHs,False,True
P08111,2021_Materials et al_JSoilsSediments_10.1007-s11368-020-02838-2,"Polycyclic aromatic hydrocarbons in green space soils in Shanghai: source, distribution, and risk assessment",上海绿地土壤中的多环芳烃：来源、分布及风险评估,China,PAHs,False,True
P08137,2020_Feng J et al_SoilEcolLett_10.1007-s42832-020-0063-1,Assembly and variation of root-associated microbiota of rice during their vegetative growth phase with and without lindane pollutant,林丹污染物存在下水稻营养生长期根际微生物的组装与变化,China,OCPs,False,True
P08155,2020_He H et al_Agriculture_null,Ecological Risk Assessment of Soil Heavy Metals and Pesticide Residues in Tea Plantations,茶园土壤重金属和农药残留的生态风险评估,China,"OCPs,Pesticides",True,True
P08193,2020_Li C et al_EnvironPollut_null,Spatiotemporal patterns and drivers of soil contamination with heavy metals during an intensive urbanization period (1989e2018) in southern China,中国南部快速城市化时期(1989-2018)土壤重金属污染的时空格局及驱动因素,China,"Petroleum_TPH,Pesticides",True,True
P08307,2020_Wei L et al_SciTotalEnviron_null,Pollution characteristics and health risk assessment of phthalate esters in agricultural soil and vegetables in the Yangtze River Delta of China,中国长江三角洲农业土壤和蔬菜中邻苯二甲酸酯的污染特征及健康风险评估,China,PAEs,False,True
P08311,2020_Wu X et al_Water_null,Construction of a Tetracycline Degrading Bacterial Consortium and Its Application Evaluation in Laboratory-Scale Soil Remediation,四环素降解菌群的构建及其在实验室规模土壤修复中的应用评估,China,"Antibiotics,POPs_general",False,True
P08327,2020_Zeng L et al_SciTotalEnviron_null,Prevalent phthalates in air-soil-vegetable systems of plastic greenhouses in a subtropical city and health risk assessments,亚热带城市塑料大棚气-土-蔬菜系统中普遍存在的邻苯二甲酸酯及其健康风险评估,China,PAEs,False,True
P08332,2020_Zhang Q et al_WaterAirSoilPollut_10.1007-s11270-020-04728-2,Natural and Human Factors Affect the Distribution of Soil Heavy Metal Pollution: a Review,自然与人为因素影响土壤重金属污染的分布：综述,China,Pesticides,True,True
P08569,2021_Unknown_SciTotalEnviron_null_from_sub,Multiple classes of chemical contaminants in soil from an e-waste disposal site in China: Occurrence and spatial distribution,中国电子废物处置场地土壤中多种化学污染物的存在及空间分布,China,"PCBs,PBDEs,Dioxins",True,True
P08640,2022_Ali M_EnvironPollut_null,Bioremediation of PAHs and heavy metals co-contaminated soils: Challenges and enhancement strategies,PAHs和重金属复合污染土壤的生物修复：挑战与强化策略,China,PAHs,True,True
P08862,2023_Pesticides O_EnvironRes_10.3390-ijerph18010001,"Organophosphate Pesticides and Pyrethroids in Farmland of the Pearl River Delta, China: Regional Residue, Distributions and Risks",珠三角农田有机磷农药和拟除虫菊酯：区域残留、分布及风险,China,Pesticides,False,True
P10948,2017_Wu Y_EnvironPollut_null,Distributions of chlorinated paraffins and the effects on soil microbial community structure in a production plant brownfield site,氯化石蜡的分布及其对生产厂区棕地土壤微生物群落结构的影响,China,"Petroleum_TPH,POPs_general,PCNs_other",False,True
P11155,2020_Shi J et al_EcotoxicolEnvironSaf_null,Residual effects of organochlorine pesticides (OCPs) in an e-waste recycling area compared with heavy metal pollution,电子废弃物回收区有机氯农药残留与重金属污染的比较,China,"OCPs,Pesticides",True,True
P11166,2020_Wang D et al_Unknown_null,"Distribution, Origins and Hazardous Effects of Polycyclic Aromatic Hydrocarbons in Topsoil Surrounding Oil Fields: A Case Study on the Loess Plateau, China",油田周边表层土壤中多环芳烃的分布、来源及危害效应：以中国黄土高原为例,China,PAHs,False,True
P11168,2020_Wang Y et al_Chemosphere_null,"Polycyclic aromatic hydrocarbons in the atmosphere and soils of Dalian, China: Source, urban-rural gradient, and air-soil exchange",中国大连大气和土壤中的多环芳烃：来源、城乡梯度及气-土交换,China,PAHs,False,True
P11182,2020_何明江_Land_null,Pollution status and risk assessment of heavy metals and PAHs in farmland soils at regional scale,区域农田土壤重金属和多环芳烃的污染特征及风险评价,China,PAHs,True,True
P11493,2024_Liu P et al_JEnvironManage_null,"Occurrence of polycyclic aromatic hydrocarbons in the Yellow River delta: Sources, ecological risks, and microbial response",黄河三角洲多环芳烃的发生：来源、生态风险及微生物响应,China,PAHs,False,True
P00069,2008_November RMRNA_EnvironProcesses_10.1111-ejss.12915_1,"Concentration, characterization and risk assessment of polycyclic aromatic hydrocarbons and organochlorine pesticides in soils from the Corn Belt of northeast China",中国东北玉米带土壤中多环芳烃和有机氯农药的浓度、表征及风险评估,China,"PAHs,OCPs,Pesticides,POPs_general",False,True
P00086,10-5880-2739,"Contamination, Sources, and Health Risks Associated with Soil PAHs in Rebuilt Land from a Coking Plant, Beijing, China",北京某焦化厂重建地土壤中多环芳烃的污染、来源及健康风险,China,PAHs,False,True
P00091,10-6279-6052,Soil Pollution Management in China: A Brief Introduction,中国土壤污染管理：简要介绍,China,Petroleum_TPH,False,True
P00137,2019_Wang C et al_LandDegradDev_10.1002-ldr.3456_3,Polycyclic aromatic hydrocarbons and heavy metals in urban environments: Concentrations and joint risks in surface soils with diverse land uses,城市环境中的多环芳烃和重金属：多样化土地利用下地表土壤的浓度及联合风险,China,PAHs,True,True
P00221,10_1007_s00128_019_02743_6,"Atmospheric Concentrations and Air–Soil Exchange of Polycyclic Aromatic Hydrocarbons (PAHs) in Typical Urban–Rural Fringe of Wuhan–Ezhou Region, Central China",武汉-鄂州地区典型城乡结合部多环芳烃的大气浓度及气土交换,China,PAHs,False,True
P00245,10_1007_s00244_019_00675_0,"Organophosphate Flame Retardants in Soils of Zhejiang Province, China: Levels, Distribution, Sources, and Exposure Risks",中国浙江省土壤中的有机磷阻燃剂：含量、分布、来源及暴露风险,China,"Petroleum_TPH,Pesticides",False,True
P00274,2017_Fei ZRRXZZXLX et al_Nature_10.1007-s00477-019-01741-8,"Risk assessment and source identification of heavy metals in agricultural soil: a case study in the coastal city of Zhejiang Province, China",浙江省沿海城市农业土壤重金属风险评价与源识别,China,Pesticides,True,True
P00333,2019_Xuetal_EnvironGeochemHealth_10.1007-s10653-019-00247-0,Polybrominated diphenyl ethers (PBDEs) in soil and dust from plastic production and surrounding areas in eastern of China,中国东部塑料生产区及周边土壤和灰尘中的多溴二苯醚,China,"PBDEs,POPs_general",False,True
P00336,2020_Luoetal_EnvironGeochemHealth_10.1007-s10653-019-00451-y,"Distribution, source apportionment, and health risk assessment of polycyclic aromatic hydrocarbons in urban soils from Shenyang, China",沈阳城市土壤中多环芳烃的分布、源解析及健康风险评估,China,PAHs,False,True
P00408,10.1007_s10661-019-7476-2,"Distribution characteristics and health risk assessment of heavy metals and PAHs in the soils of green spaces in Shanghai, China",中国上海绿地土壤中重金属和多环芳烃的分布特征及健康风险评估,China,PAHs,True,True
P00689,2019_Hu E et al_EnvironSciPollutRes_10.1007-s11356-019-04308-w,Removal of phenanthrene and pyrene from contaminated sandy soil using hydrogen peroxide oxidation catalyzed by basic oxygen furnace slag,利用碱性氧气炉渣催化过氧化氢氧化去除污染砂土中的菲和芘,China,PAHs,True,True
P00694,2019_Zhang S H_EnvironSciPollutRes_10.1007-s11356-019-04669-2,"Phthalates in residential and agricultural soils from an electronic waste-polluted region in South China: distribution, compositional profile and sources",华南电子垃圾污染区居住与农业土壤中邻苯二甲酸酯的分布、组成特征及来源,China,PAEs,False,True
P00822,10_1007_s12209_019_00226_7,"Distribution of Bacterial Communities in Petroleum-Contaminated Soils from the Dagang Oilfield, China",大港油田石油污染土壤中细菌群落分布,China,Petroleum_TPH,False,True
P00952,2019_Feng J et al_SoilEcolLett_10.1007-s42832-019-0007-9,Improved rhizoremediation for decabromodiphenyl ether (BDE-209) in E-waste contaminated soils,电子废弃物污染土壤中十溴二苯醚(BDE-209)的强化根际修复研究,China,PBDEs,False,True
P01050,2018_Sun L et al_Catena_10.1016-j.catena.2018.12.014,"Levels, sources, and spatial distribution of heavy metals in soils from a typical coal industrial city of Tangshan, China",中国典型煤工业城市唐山土壤重金属水平、来源及空间分布,China,Pesticides,True,True
P01061,10.1016_j.cej.2019.03.179,Novel soil remediation technology for simultaneous organic pollutant catalytic degradation and nitrogen supplementation,同时实现有机污染物催化降解和氮素补充的新型土壤修复技术,China,"Antibiotics,POPs_general",False,True
P01128,2019_Chen F et al_Chemosphere_10.1016-j.chemosphere.2019.01.122,Bioremediation of petroleum-contaminated soil enhanced by aged refuse,陈垃圾强化石油污染土壤的生物修复,China,Petroleum_TPH,False,True
P01130,10.1016_j.chemosphere.2019.02.167,Occurrence and distribution of antibiotics and resistance genes in greenhouse and open-field agricultural soils in China,温室和露天农田土壤中抗生素和耐药基因的发生与分布,China,Antibiotics,False,True
P01131,10.1016_j.chemosphere.2019.04.027,"Levels, spatial distribution and isomer profiles of perfluoroalkyl acids in soil, groundwater and tap water around a manufactory in China",某制造厂周边土壤、地下水和自来水中全氟烷基酸的浓度、空间分布及异构体剖面研究,China,PFAS,False,True
P01139,10.1016_j.chemosphere.2019.06.119,"Characterization of polycyclic aromatic hydrocarbons in urban-rural integration area soil, North China: Spatial distribution, sources and potential human health risk assessment",中国北部城乡一体化区域土壤中多环芳烃的特征：空间分布、来源及潜在人体健康风险评估,China,PAHs,False,True
P01213,10.1016_j.ecoenv.2018.10.029,Occurrence and distribution of polybrominated diphenyl ethers in soils from an e-waste recycling area in northern China,中国北方某电子废弃物回收区土壤中多溴二苯醚的发生与分布,China,"PBDEs,POPs_general",False,True
P01215,10.1016_j.ecoenv.2019.05.027,"Effects of soil properties, heavy metals, and PBDEs on microbial community of e-waste contaminated soil",土壤性质、重金属和多溴联苯醚对电子垃圾污染土壤微生物群落的影响,China,PBDEs,True,True
P01319,10.1016_j.envpol.2018.11.066,Prediction of organic contaminant uptake by plants: Modified partition-limited model based on a sequential ultrasonic extraction procedure,植物对有机污染物的吸收预测：基于连续超声提取程序的改进分配限制模型,China,"PAHs,OCPs,PBDEs,Pesticides,POPs_general",False,True
P01329,10.1016_j.envpol.2019.113312,New insights into the responses of soil microorganisms to polycyclic aromatic hydrocarbon stress by combining enzyme activity and sequencing analysis with metabolomics,结合酶活性、测序分析和代谢组学揭示土壤微生物对多环芳烃胁迫响应的新见解,China,"PAHs,POPs_general",False,True
P01472,2019_Zhao L et al_JCleanProd_10.1016-j.jclepro.2019.02.212,Investigation of PAH and oil degradation along with electricity generation in soil using an enhanced plant-microbial fuel cell,利用增强型植物-微生物燃料电池在土壤中产生电力的同时研究PAH和油的降解,China,"PAHs,Petroleum_TPH",False,True
P01497,2019_Sun Y et al_EnvironHealth_10.1016-j.jenvman.2019.109512_CORE,"Soil contamination in China: Current priorities, defining background levels and standards for heavy metals",中国土壤污染：当前的重点、背景值的确定及重金属标准,China,Petroleum_TPH,True,True
P01504,2018_Zhao Fangkai et al_JEnvironSci_10.1016-j.jes.2018.11.024,"Soil contamination with antibiotics in a typical peri-urban area in eastern China: Seasonal variation, risk assessment, and microbial responses",中国东部典型城郊地区土壤抗生素污染：季节变化、风险评估及微生物响应,China,"Petroleum_TPH,Antibiotics",False,True
P01506,2019_Zhen M_JEnvironSci_10.1016-j.jes.2019.05.013,Combination of rhamnolipid and biochar in assisting phytoremediation of petroleum hydrocarbon contaminated soil using Spartina anglica,鼠李糖脂与生物炭联合辅助米草属植物修复石油烃污染土壤的研究,China,"PAHs,Petroleum_TPH",False,True
P01545,2018_Wu S et al_JHazardMater_10.1016-j.jhazmat.2018.09.082,Improving risk management by using the spatial interaction relationship of heavy metals and PAHs in urban soil,利用城市土壤中重金属和多环芳烃的空间相互作用关系改善风险管理,China,PAHs,True,True
P01547,2018_Wuetal_JHazardMater_10.1016-j.jhazmat.2018.09.094,Improving risk management by using the spatial interaction relationship of heavy metals and PAHs in urban soil,利用城市土壤中重金属与多环芳烃的空间相互作用关系改善风险管理,China,PAHs,True,True
P01728,2019_Shen T et al_SciTotalEnviron_10.1016-j.scitotenv.2018.07.223,Long-term effects of untreated wastewater on soil bacterial communities,未经处理的废水对土壤细菌群落的长期影响,China,"PAHs,Petroleum_TPH,POPs_general",True,True
P01731,2017_Xu C et al_SciTotalEnviron_10.1016-j.scitotenv.2018.08.355,Spatial distributions and transport implications of short- and medium-chain chlorinated paraffins in soils and sediments from an e-waste dismantling area in China,中国电子垃圾拆解区土壤和沉积物中短链和中链氯化石蜡的空间分布及迁移意义,China,PCNs_other,False,True
P01735,10.1016_j.scitotenv.2018.10.185,Current status of agricultural soil pollution by heavy metals in China: A meta-analysis,中国农田土壤重金属污染现状：一项Meta分析,China,Petroleum_TPH,True,True
P01745,2019_Chen H et al_SciTotalEnviron_10.1016-j.scitotenv.2019.04.417,Effect of biochars on the bioavailability of cadmium and di-(2-ethylhexyl) phthalate to Brassica chinensis L. in contaminated soils,生物炭对污染土壤中镉和邻苯二甲酸二(2-乙基己基)酯对青菜生物有效性的影响,China,PAEs,True,True
P01746,2019_Zeng S et al_SciTotalEnviron_10.1016-j.scitotenv.2019.05.291,Spatial assessment of farmland soil pollution and its potential human health risks in China,中国农田土壤污染及其潜在人体健康风险的空间评估,China,"PAHs,Petroleum_TPH",True,True
P01962,2019_Ren J et al_EnvironSciTechnol_10.1021-acs.est.9b00698,Characterization of Tibetan soil as a source or sink of atmospheric persistent organic pollutants: Seasonal shift and impact of global warming,西藏土壤作为大气持久性有机污染物的源或汇：季节性转变及全球变暖的影响,China,"PCBs,POPs_general",False,True
P02060,2019_Huang Y-N et al_NatCommun_10.1038-s41467-019-11643-6,Significant contribution of metastable particulate organic matter to natural formation of silver nanoparticles in soils,亚稳态颗粒有机质对土壤中纳米银自然形成的显著贡献,China,Phenols,False,True
P02295,2019_Panetal_RSCAdv_10.1039-c9ra00783k,Determination and distribution of pesticides and antibiotics in agricultural soils from northern China,中国北方农田土壤中农药和抗生素的测定与分布,China,"Pesticides,Antibiotics",False,True
P02467,2019_Yu W et al_PetSciTechnol_10.1080-10916466.2019.1581813,Bio-char influenced indigenous microbial stimulation for oil contaminated soil remediation in Northwest China,生物炭影响西北石油污染土壤修复中的本土微生物刺激,China,Petroleum_TPH,False,True
P02497,2019_Environment HAJ_Sustainability_10.1080-15226514.2019.1612846,Distribution by influence factors of pyrene removal in chemical enhancers assisted microbial phytoremediation of in co-contaminated soils,化学强化剂辅助微生物植物修复复合污染土壤中芘去除的影响因素分布,China,PAHs,True,True
P02733,2019_Liao Q et al_Agriculture_10.1080-26395940.2019.1620132,Responses difference analysis of soil potential nitrification rates to Cu and sulfadiazine,铜和磺胺嘧啶对土壤潜在硝化速率的响应差异分析,China,Antibiotics,True,True
P02753,2019_Earth ICS_EnvironPollut_10.1088-1755-1315-384-1-012212,Application Research on Soil and Water Environmental Pollution Remediation Technology,水土环境污染修复技术应用研究,China,POPs_general,True,True
P03015,2019_Zhao X et al_BiotechnolBiofuels_10.1186-s13068-019-1500-1,"Shifting interactions among bacteria, fungi and archaea enhance removal of antibiotics and antibiotic resistance genes in the soil bioelectrochemical remediation",土壤生物电化学修复中细菌、真菌和古菌之间相互作用的转变增强了对抗生素和抗生素抗性基因的去除,China,Antibiotics,False,True
P03019,2019_Lu P et al_ApplBiolChem_10.1186-s13765-019-0480-y,Biodegradation of dicofol by Microbacterium sp. D-2 isolated from pesticide-contaminated agricultural soil,杀虫剂污染农田土壤中分离的微杆菌D-2对三氯杀螨醇的生物降解,China,Pesticides,False,True
P03097,2011_彭静静等_ChinJEcol_10.13292-j.1000-4890.2011.0380,Microbial degradation mechanisms of soil high molecular weight PAHs and affecting factors: A review,土壤中高分子量 PAHs 微生物降解机理及影响因素研究进展,China,"PAHs,POPs_general",False,True
P03119,2020_陈建_环境科学_10.13671-j.hjkxxb.2020.0218_1,The effects of elevated temperature and zinc combination on the accumulation of polycyclic aromatic hydrocarbons in spinach,增温和锌复合作用对菠菜富集多环芳烃的影响,China,PAHs,True,True
P03803,2019_Chen J et al_FrontMicrobiol_10.3389-fmicb.2019.01916,Bacterial Heavy-Metal and Antibiotic Resistance Genes in a Copper Tailing Dam Area in Northern China,中国北方某铜尾矿坝区细菌重金属和抗生素耐药基因,China,Antibiotics,True,True
P03807,2019_Wu T et al_FrontMicrobiol_10.3389-fmicb.2019.00991,Characterization and Initial Application of Endophytic Bacillus safensis Strain ZY16 for Improving Phytoremediation of Oil-contaminated Saline Soils,内生芽孢杆菌ZY16菌株的表征及其在强化石油污染盐渍土壤植物修复中的初步应用,China,"PAHs,Petroleum_TPH",False,True
P03808,2019_Li Y et al_Science_10.3389-fmicb.2019.01119,"Diazotrophic Paenibacillus beijingensis BJ-18 Provides Nitrogen for Plant and Promotes Plant Growth, Nitrogen Uptake and Metabolism",固氮类芽孢杆菌Paenibacillus beijingensis BJ-18为植物提供氮源并促进植物生长、氮素吸收及代谢,China,PAEs,False,True
P03948,2019_Yang X et al_ApplSci_10.3390-app9071365,Preparation and Modification of Biochar Materials and their Application in Soil Remediation,生物炭材料的制备与改性及其在土壤修复中的应用,China,POPs_general,True,True
P03951,10_3390_app9194074,Stomatal Response of Maize (Zea mays L.) to Crude Oil Contamination in Soils,玉米对土壤原油污染的气孔响应,China,"PAHs,Petroleum_TPH",False,True
P03983,10_3390_environments6080092,"Distribution, Sources, and Risk Assessment of Polycyclic Aromatic Hydrocarbons in the Estuary of Hongze Lake, China",洪泽湖河口多环芳烃的分布、来源及风险评估,China,PAHs,False,True
P04109,2019_Gereslassie T et al_EnvironRes_10.3390-ijerph16010146,"Determination of Occurrences, Distribution, Health Impacts of Organochlorine Pesticides in Soils of Central China",中国中部土壤中有机氯农药的发生、分布及健康影响研究,China,"OCPs,Pesticides",False,True
P04111,10.3390_ijerph16030441,Remediation of PAH-Contaminated Soil by Combining Surfactant Enhanced Soil Washing and Iron-Activated Persulfate Oxidation Process,联合表面活性剂增强土壤洗涤和铁活化过硫酸盐氧化修复多环芳烃污染土壤,China,PAHs,False,True
P04114,10_3390_ijerph16040670,"Contamination, Sources, and Health Risks Associated with Soil PAHs in Rebuilt Land from a Coking Plant, Beijing, China",北京某焦化厂重建土地土壤多环芳烃的污染、来源及健康风险,China,PAHs,False,True
P04119,2019_Hydrocarbons_EnvironRes_10.3390-ijerph16071155,Enhancement of Detoxification of Petroleum Hydrocarbons and Heavy Metals in Oil-Contaminated Soil by Using Glycine-β-Cyclodextrin,利用甘氨酸-β-环糊精增强油污土壤中石油烃和重金属的解毒,China,Petroleum_TPH,True,True
P04120,2019_Li C et al_IntJEnvironResPublicHealth_10.3390-ijerph16081368,"The Potential Environmental Impact of PAHs on Soil and Water Resources in Air Deposited Coal Refuse Sites in Niangziguan Karst Catchment, Northern China",中国北部娘子关岩溶流域大气沉降煤矸石场地中多环芳烃对土壤和水资源的潜在环境影响,China,PAHs,False,True
P04125,2016_Wu H et al_EnvironRes_10.3390-ijerph16132302,"Polycyclic Aromatic Hydrocarbons in Sediments/Soils of the Rapidly Urbanized Lower Reaches of the River Chaohu, China",中国巢湖下游迅速城市化地区沉积物/土壤中的多环芳烃,China,PAHs,False,True
P04129,10_3390_ijerph16162818,Phthalate Ester Contamination in Intensively Managed Greenhouse Facilities and the Assessment of Carcinogenic and Non-Carcinogenic Risk: A Regional Study,集约化管理温室设施中邻苯二甲酸酯污染及致癌和非致癌风险评估：一项区域性研究,China,PAEs,False,True
P04141,2019_PAHs IC et al_EnvironRes_10.3390-ijerph16244928,Assessing the Spatial Distribution of Soil PAHs and their Relationship with Anthropogenic Activities at a National Scale,全国尺度土壤多环芳烃空间分布及其与人类活动关系评估,China,PAHs,False,True
P04293,10_3390_ijms20092189,Modified Rice Straw Enhanced Cadmium (II) Immobilization in Soil and Promoted the Degradation of Phenanthrene in Co-Contaminated Soil,改性水稻秸秆增强土壤中镉的固定并促进共污染土壤中菲的降解,China,"PAHs,Phenols",True,True
P04812,2019_Hu Z et al_JGeosciEnvironProt_10.4236-gep.2019.75015,Soil Contamination with Heavy Metals and Its Impact on Food Security in China,土壤重金属污染及其对中国食品安全的影响,China,"Petroleum_TPH,Pesticides",True,True
P05163,2018_Wei R et al_Chemosphere_10.1016-j.chemosphere.2018.09.152_1,Occurrence of seventeen veterinary antibiotics and resistant bacterias in manure-fertilized vegetable farm soil in four provinces of China,中国四省粪肥蔬菜种植土壤中17种兽用抗生素及耐药细菌的发生,China,Antibiotics,False,True
P05175,10_1016_j_envpol_2018_10_132,"Congener-specific C10-C13 and C14-C17 chlorinated paraffins in Chinese agricultural soils: Spatio-vertical distribution, homologue pattern and environmental behavior",中国农业土壤中C10-C13和C14-C17氯化石蜡的异构体特异性：空间-垂直分布、同系物模式及环境行为,China,PCNs_other,False,True
P05176,10_1016_j_envpol_2019_07_098,"Polycyclic aromatic hydrocarbons in urban soils of China: Distribution, influencing factors, health risk and regression prediction",中国城市土壤中的多环芳烃：分布、影响因素、健康风险与回归预测,China,PAHs,False,True
P05305,10_1080_15320383_2018_1564732,Influence of Celery on the Remediation of PAHs-contaminated Farm Soil,芹菜对多环芳烃污染农田土壤修复的影响,China,PAHs,False,True
P05306,10_1080_15320383_2019_1635079,"Distribution of Perfluorinated Compounds in Surface Water and Soil in Partial Areas of Shandong Province, China",中国山东省部分地区地表水和土壤中全氟化合物的分布,China,PFAS,False,True
P05362,2019_Zhu C et al_ApplEcolEnvironRes_10.15666-aeer-1705_1253712549,Microbial Community Functional Diversity in an Organochlorine Contaminated Site and Evaluation of Biodegradation Efficiency,有机氯污染场地微生物群落功能多样性及生物降解效率评估,China,VOC_SVOC,False,True
P05655,2002_Unknown_EnvironGeochemHealth_10.1007_s10653-020-00621-1,Polybrominated diphenyl ethers (PBDEs) in soil and dust from plastic production and surrounding areas in eastern of China,中国东部塑料生产区及周边土壤和粉尘中的多溴联苯醚,China,"PBDEs,POPs_general",False,True
P06956,2014_Guan Q et al_JCleanProd_null,"Source apportionment of heavy metals in farmland soil of Wuwei, China: Comparison of three receptor models",中国武威农田土壤重金属源解析：三种受体模型的比较,China,Pesticides,True,True
P07067,2014_Wang Y et al_EnvironPollut_null,Trace metals in e-waste lead to serious health risk through consumption of rice growing near an abandoned e-waste recycling site: Comparisons with PBDEs and AHFRs,电子垃圾中的痕量金属通过消费在废弃电子垃圾回收点附近生长的水稻导致严重的健康风险：与PBDEs和AHFRs的比较,China,PBDEs,True,True
P07068,2014_Wang Y et al_EnvironPollut_null_1,Trace metals in e-waste lead to serious health risk through consumption of rice growing near an abandoned e-waste recycling site: Comparisons with PBDEs and AHFRs,电子垃圾中的痕量金属通过消费废弃电子垃圾回收点附近种植的大米导致严重的健康风险：与PBDEs和AHFRs的比较,China,PBDEs,True,True
P07138,2015_GuangdongProvince RS et al_SciTotalEnviron_null_1,"Spatial distribution and source apportionment of heavy metals in soil from a typical county-level city of Guangdong Province, China",中国广东省典型县级市土壤重金属的空间分布及源解析,China,Pesticides,True,True
P07139,2015_GuangdongProvince RS et al_SciTotalEnviron_null,"Spatial distribution and source apportionment of heavy metals in soil from a typical county-level city of Guangdong Province, China",广东省典型县级市土壤重金属的空间分布及源解析,China,Pesticides,True,True
P07448,2016_Wang M et al_EnvironPollut_null,"Distribution, health risk assessment, and anthropogenic sources of fluoride in farmland soils in phosphate industrial area, southwest China",中国西南磷肥工业区农田土壤中氟的分布、健康风险评估及人为来源,China,PFAS,False,True
P07556,2017_Li X et al_Nature_10.1007-s11356-019-05720-y,"Comparison of PAH content, potential risk in vegetation, and bare soil near Daqing oil well and evaluating the effects of soil properties on PAHs",大庆油田附近植被土壤与裸土中多环芳烃含量及潜在风险的比较及土壤性质对PAHs影响的评估,China,PAHs,False,True
P07776,2018_Liu Z et al_EnvironInt_null,"Legacy per- and polyfluoroalkyl substances (PFASs) and alternatives (shortchain analogues, F-53B, GenX and FC-98) in residential soils of China: Present implications of replacing legacy PFASs",中国住宅土壤中的传统全氟及多氟烷基物质及其替代品：传统全氟化合物替代的当前意义,China,PFAS,False,True
P07938,2019_Guan Q et al_JCleanProd_null_1,"Source apportionment of heavy metals in farmland soil of Wuwei, China: Comparison of three receptor models",中国武威农田土壤重金属源解析：三种受体模型的比较,China,Pesticides,True,True
P07940,2019_Han J et al_EnvironPollut_null,"Polycyclic aromatic hydrocarbon (PAHs) geographical distribution in China and their source, risk assessment analysis",中国多环芳烃(PAHs)的地理分布及其源解析和风险评估分析,China,PAHs,False,True
P08006,2019_Qi H et al_EcotoxicolEnvironSaf_null,"Cancer risk assessment of soils contaminated by polycyclic aromatic hydrocarbons in Shanxi, China",中国山西多环芳烃污染土壤的癌症风险评估,China,PAHs,False,True
P08019,2019_Shen JP et al_FrontMicrobiol_10.3389-fmicb.2019.01569,Distribution and Succession Feature of Antibiotic Resistance Genes Along a Soil Development Chronosequence in Urumqi No.1 Glacier of China,中国乌鲁木齐1号冰川土壤发育时间序列中抗生素抗性基因的分布和演替特征,China,Antibiotics,False,True
P08047,2019_Wang D et al_Molecules_null,"Biodegradation of Petroleum Hydrocarbons by Bacillus subtilis BL-27, a Strain with Weak Hydrophobicity",弱疏水性枯草芽孢杆菌BL-27对石油烃的生物降解,China,Petroleum_TPH,False,True
P08055,2019_Wang S et al_SciTotalEnviron_null_1,"Spatial distribution and source apportionment of heavy metals in soil from a typical county-level city of Guangdong Province, China",广东省典型县级市土壤重金属的空间分布与源解析,China,Pesticides,True,True
P08060,2019_Wu Z et al_EcotoxicolEnvironSaf_null,"Effects of soil properties, heavy metals, and PBDEs on microbial community of e-waste contaminated soil",土壤性质、重金属和多溴联苯醚对电子废弃物污染土壤微生物群落的影响,China,PBDEs,True,True
P08075,2019_Zhang J et al_BiomedResInt_10.1155-2019-4756579,Biodegradation of Atrazine by the Novel Klebsiella variicola Strain FH-1,新型变栖克雷伯氏菌FH-1对阿特拉津的生物降解,China,Pesticides,False,True
P08084,2019_ZHU et al_EnvironRes_10.15666-aeer-1705_1253712549,MICROBIAL COMMUNITY FUNCTIONAL DIVERSITY IN AN ORGANOCHLORINE CONTAMINATED SITE AND EVALUATION OF BIODEGRADATION EFFICIENCY,有机氯污染场地微生物群落功能多样性及生物降解效率评价,China,VOC_SVOC,False,True
P08756,2022_Wang X et al_JEnvironManage_null,Using big data searching and machine learning to predict human health risk probability from pesticide site soils in China,利用大数据搜索和机器学习预测中国农药场地土壤的人体健康风险概率,China,Pesticides,False,True
P08825,2023_Jiang Y et al_JEnvironManage_null,Biochar amendment reduces biological nitrogen fixation and nitrogen use efficiency in cadmium-contaminated paddy fields,生物炭改良降低了镉污染稻田的生物固氮和氮素利用效率,China,"PAHs,Phenols",True,True
P11031,2019_Bai X et al_ChemEngJ_null,"Remediation of phenanthrene contaminated soil by coupling soil washing with Tween 80, oxidation using the UV/S2O8(2-) process and recycling of the surfactant",通过土壤洗涤（使用 Tween 80）、UV/S2O8(2-) 氧化工艺及表面活性剂回收联合修复菲污染土壤,China,PAHs,False,True
P11084,2019_Sun Y et al_Environments_null,"Vertical migration from surface soils to groundwater and source appointment of polycyclic aromatic hydrocarbons in epikarst spring systems, southwest China",中国西南表层岩溶泉系统中多环芳烃从土壤到地下水的垂直迁移及源解析,China,PAHs,False,True
P11090,2019_Uwamungu JY et al_Water_null,Evaluating Biochar Impact on Topramezone Adsorption Behavior on Soil under No-Tillage and Rotary Tillage Treatments: Isotherms and Kinetics,免耕与旋耕处理下生物炭对土壤中Topramezone吸附行为影响的评估：等温线与动力学,China,Pesticides,False,True
P11095,2019_Wen X et al_EcotoxicolEnvironSaf_null,Occurrence and contamination profiles of antibiotic resistance genes from swine manure to receiving environments in Guangdong Province southern China,广东省猪粪及受纳环境中抗生素抗性基因的发生及污染特征,China,Antibiotics,False,True
P11102,2019_Xu D et al_Geoderma_null,X-ray fluorescence and visible near infrared sensor fusion for predicting soil chromium content,X射线荧光与可见近红外传感器融合预测土壤铬含量,China,Pesticides,True,True
P11190,2020_王天杰_Unknown_null,Adsorption and degradation of PAHs in environment by loofah and its immobilized microorganisms,丝瓜络及其固定化微生物对环境中PAHs的吸附-降解作用,China,"PAHs,POPs_general",False,True
P11442,2023_曲凉雨_Unknown_null,"Distribution characteristics, source analysis and migration simulation of PAHs in steel industry sites",钢铁行业场地土壤多环芳烃分布特征、来源解析及运移模拟,China,PAHs,False,True
P11451,2023_郭玉婷_Unknown_null,Distribution Characteristics and Risk Assessment of Polycyclic Aromatic Hydrocarbons and Microplastics in Typical Petrochemical Urban Soils,典型石化城市土壤中多环芳烃和微塑料分布特征及风险评估研究,China,PAHs,False,True
P00217,2013_Contamination BE_BullEnvironContamToxicol_10.1007-s00128-018-2330-8,"Comprehensive Evaluation of Soil Near Uranium Tailings, Beishan City, China",中国北山市铀尾矿附近土壤的综合评价,China,"OCPs,Pesticides",True,True
P00218,2018_Contamination BE_EnvironPollut_10.1007-s00128-018-2494-2,In-Situ Remediation of Cadmium and Atrazine Contaminated Acid Red Soil of South China Using Sepiolite and Biochar,海泡石与生物炭原位修复南方红壤中镉与阿特拉津复合污染研究,China,Pesticides,True,True
P00247,10_1007_s00244_018_0522_1,"Polycyclic Aromatic Hydrocarbons in Urban Soil in the Semi-arid City of Xi'an, Northwest China: Composition, Distribution, Sources, and Relationships with Soil Properties",中国西北半干旱城市西安城市土壤中的多环芳烃：组成、分布、来源及其与土壤性质的关系,China,PAHs,False,True
P00330,2019_Huang Z et al_EnvironGeochemHealth_10.1007-s10653-018-0188-7,"Polycyclic aromatic hydrocarbons (PAHs) in agricultural soils from Ningde, China: levels, sources, and human health risk assessment",宁德地区农业土壤中多环芳烃：含量、来源及人体健康风险评估,China,PAHs,False,True
P00401,10_1007_s10661_018_6521_x,"Distribution, sources, and toxicity assessment of polycyclic aromatic hydrocarbons in surface soils of a heavy industrial city, Liuzhou, China",中国重工业城市柳州表层土壤中多环芳烃的分布、来源及毒性评估,China,PAHs,False,True
P00682,2018_Bao H et al_EnvironSciPollutRes_10.1007-s11356-018-1928-z,"Status, sources, and risk assessment of polycyclic aromatic hydrocarbons in urban soils of Xi’an, China",中国西安市城市土壤中多环芳烃的污染状况、来源及风险评估,China,PAHs,False,True
P00908,2018_Ra T et al_IntJEnvironSciTechnol_10.1007-s13762-018-2114-z,Comparative study on the petroleum crude oil degradation potential of microbes from petroleum-contaminated soil and non-contaminated soil,石油污染土壤与非污染土壤中微生物石油降解潜力的比较研究,China,"Petroleum_TPH,Phenols",False,True
P01119,2018_Wu J et al_Chemosphere_10.1016-j.chemosphere.2018.02.039,"Levels, sources, and potential human health risks of PCNs, PCDD/Fs, and PCBs in an industrial area of Shandong Province, China",中国山东省某工业地区PCNs、PCDD/Fs和PCBs的水平、来源及潜在人体健康风险,China,"PCBs,Dioxins,PCNs_other",True,True
P01126,10.1016_j.chemosphere.2018.07.162,"Distribution, dynamics and determinants of antibiotics in soils in a peri-urban area of Yangtze River Delta, Eastern China",中国东部长江三角洲城乡结合部土壤中抗生素的分布、动态及决定因素,China,Antibiotics,False,True
P01127,2018_Wangetal_Chemosphere_10.1016-j.chemosphere.2018.06.177,PAHs and Heavy Metals in the Surrounding Soil of a Cement Plant Co-Processing Hazardous Waste,水泥厂协同处置危险废物周边土壤中的多环芳烃和重金属,China,"PAHs,Dioxins",True,True
P01211,2018_Liu X et al_EcotoxicolEnvironSaf_10.1016-j.ecoenv.2018.02.028,Effect of Bacillus subtilis and NTA-APG on pyrene dissipation in phytoremediation of nickel co-contaminated wetlands by Scirpus triqueter,枯草芽孢杆菌和NTA-APG对Scirpus triqueter修复镍复合污染湿地中芘降解的影响,China,"PAHs,POPs_general",True,True
P01316,10.1016_j.envpol.2018.09.112,"Comparison of greenhouse and open field cultivations across China: Soil characteristics, contamination and microbial diversity",中国温室与大田栽培比较：土壤特征、污染及微生物多样性,China,"PAHs,OCPs,Pesticides,POPs_general,PAEs",True,True
P01407,2018_Mo HL et al_EnvironRes_10.1016-j.envres.2018.02.013,Soil contamination and sources of phthalates and its health risk in China: A review,中国土壤中邻苯二甲酸酯的污染、来源及其健康风险：综述,China,"Petroleum_TPH,POPs_general,PAEs",False,True
P01542,10.1016_j.jhazmat.2018.07.075,"Novel insights into heavy metal pollution of farmland based on reactive heavy metals (RHMs): pollution characteristics, predictive models, and quantitative source apportionment",基于活性重金属的农田重金属污染新见解：污染特征、预测模型及定量源解析,China,Pesticides,True,True
P01544,10.1016_j.jhazmat.2018.06.056,EDDS enhanced PCB degradation and heavy metals stabilization in co-contaminated soils by ZVI under aerobic condition,好氧条件下EDDS强化零价铁修复多氯联苯与重金属复合污染土壤,China,PCBs,True,True
P01678,2017_Dong P et al_Environments_10.1016-j.psep.2017.10.021,"Risk assessment and sources identification of soil heavy metals in a typical county of Chongqing Municipality, Southwest China",中国西南重庆市某典型县土壤重金属风险评估及源解析,China,Pesticides,True,True
P01711,10.1016_j.scitotenv.2017.09.271,Organic Contamination and Remediation in the Agricultural Soils of China: A Critical Review,中国农田土壤的有机污染与修复：综述,China,"PAHs,PCBs,OCPs,Pesticides,POPs_general,PAEs",False,True
P01714,2017_Sun L et al_SciTotalEnviron_10.1016-j.scitotenv.2017.12.169,Enhanced arsenic uptake and polycyclic aromatic hydrocarbon (PAH)-dissipation using Pteris vittata L. and a PAH-degrading bacterium,利用蜈蚣草和PAH降解菌强化砷吸收和多环芳烃消散,China,PAHs,True,True
P01715,2018_Zhu X et al_SciTotalEnviron_10.1016-j.scitotenv.2017.11.159,"Sorption, mobility, and bioavailability of PBDEs in the agricultural soils: Roles of co-existing metals, dissolved organic matter, and fertilizers",共存金属、溶解性有机质及肥料对农业土壤中多溴二苯醚的吸附、迁移及生物有效性的影响,China,PBDEs,True,True
P01718,10_1016_j_scitotenv_2018_02_212,Occurrence and risk assessment of potentially toxic elements and typical organic pollutants in contaminated rural soils,受污染农村土壤中潜在有毒元素和典型有机污染物的发生及风险评估,China,"PAHs,POPs_general,PAEs",True,True
P01725,2018_Zhu Fengxiao_SciTotalEnviron_10.1016-j.scitotenv.2018.05.055,Fate of di (2 ethylhexyl) phthalate in different soils and associated bacterial community changes,不同土壤中邻苯二甲酸二（2-乙基己基）酯的归宿及相关的细菌群落变化,China,"POPs_general,PAEs",False,True
P01730,10.1016_j.scitotenv.2018.07.151,Occurrence and distribution of perfluorooctanoic acid (PFOA) and perfluorooctanesulfonic acid (PFOS) in natural forest soils: A nationwide study in China,中国天然森林土壤中全氟辛酸(PFOA)和全氟辛烷磺酸(PFOS)的发生与分布：一项全国性研究,China,"PFAS,POPs_general",False,True
P02495,2018_Jeelani N et al_Land_10.1080-15226514.2018.1425666,Individual and combined effects of cadmium and polycyclic aromatic hydrocarbons on the phytoremediation potential of Xanthium sibiricum in co-contaminated soil,镉和多环芳烃对复合污染土壤苍耳植物修复潜力的单一及联合影响,China,"PAHs,POPs_general",True,True
P03186,10.1371_journal.pone.0205680,Application of catastrophe theory in comprehensive ecological security assessment of plastic greenhouse soil contaminated by phthalate esters,突变理论在邻苯二甲酸酯污染塑料大棚土壤综合生态安全评价中的应用,China,PAEs,False,True
P03209,2021_曾曼等_湖北农业科学_10.14088-j.cnki.issn0439-8114.2021.11.010,Study on the reclamation experiment and ecological health risk of organic polluted soil after mechanochemical remediation,机械化学法修复后的有机污染土壤复垦试验与生态健康风险研究,China,"PAHs,POPs_general",False,True
P03275,2016_韩文辉_环境科学_10.16258-j.cnki.1674-5906.2016.09.021,Compound pollution of heavy metals and polycyclic aromatic hydrocarbons in sewage irrigation area and its effect on soil microbial quantity,污灌区重金属和多环芳烃复合污染及其对农田土壤微生物数量的影响,China,PAHs,True,True
P03290,2021_王禹等_能源与环保_10.16643-j.cnki.14-1360-td.2021.05.033,Discussion on Problems and Prevention of Soil Pollution in China,浅谈中国土壤污染问题及其防治,China,Petroleum_TPH,False,True
P03303,2018_Wan X et al_SoilWaterRes_10.17221-211-2017-SWR_3,Pollution Status of Agricultural Land in China: Impact of Land Use and Geographical Position,中国农用地污染状况：土地利用与地理位置的影响,China,"OCPs,POPs_general",True,True
P03664,10.2991_mseee-18.2018.32_OpenAlexOA,"Evaluation of the Soil Nutrients of Added Cultivated Land Based on Entropy Weight-Fuzzy Comprehensive Method: A Case Study in Chengcheng County, Shaanxi Province",基于熵权模糊综合评价法的补充耕地土壤养分评价：以陕西省澄城县为例,China,OCPs,False,True
P03797,2018_Cao B et al_Land_10.3389-fmicb.2018.00864,Insight Into the Variation of Bacterial Structure in Atrazine-Contaminated Soil Regulating by Potential Phytoremediator: Pennisetum americanum (L.) K. Schum,潜在植物修复剂珍珠草调控阿特拉津污染土壤细菌结构变化的见解,China,Pesticides,False,True
P03800,2015_Yang J et al_Environments_10.3389-fmicb.2018.01003,Characterization of a Pyrethroid-Degrading Pseudomonas fulva Strain P31 and Biochemical Degradation Pathway of D-Phenothrin,一株降解拟除虫菊酯的荧光假单胞菌P31的表征及D-苯醚菊酯的生化降解途径,China,Pesticides,False,True
P03801,2018_Guoetal_FrontiersinMicrobiology_10.3389-fmicb.2018.02722,"Role of Bentonite on the Mobility of Antibiotic Resistance Genes, and Microbial Community in Oxytetracycline and Cadmium Contaminated Soil",膨润土对土霉素和镉污染土壤中抗生素抗性基因迁移及微生物群落的影响,China,Antibiotics,True,True
P04072,2018_Concentration_EnvironRes_10.3390-ijerph15040607,Concentration and Risk Evaluation of Polycyclic Aromatic Hydrocarbons in Urban Soil in the Typical Semi-Arid City of Xi’an in Northwest China,中国西北典型半干旱城市西安市城市土壤中多环芳烃的浓度与风险评价,China,PAHs,False,True
P04074,2018_Lv D et al_EnvironRes_10.3390-ijerph15040698,"Effects of Co-Processing Sewage Sludge in the Cement Kiln on PAHs, Heavy Metals Emissions and the Surrounding Environment",水泥窑协同处置污泥对PAHs、重金属排放及周边环境的影响,China,PAHs,True,True
P04085,2018_Metals_EnvironRes_10.3390-ijerph15081731,Using Calcination Remediation to Stabilize Heavy Metals and Simultaneously Remove Polycyclic Aromatic Hydrocarbons in Soil,利用煅烧修复稳定重金属并同时去除土壤中的多环芳烃,China,PAHs,True,True
P04086,10_3390_ijerph15081785,"Concentration and Potential Ecological Risk of PAHs in Different Layers of Soil in the Petroleum-Contaminated Areas of the Loess Plateau, China",黄土高原石油污染区不同土层中多环芳烃的浓度及潜在生态风险,China,"PAHs,Petroleum_TPH",False,True
P04091,2018_Shen Y et al_IntJEnvironResPublicHealth_10.3390-ijerph15102168,Effects of Phytoremediation Treatment on Bacterial Community Structure and Diversity in Different Petroleum-Contaminated Soils,不同石油污染土壤中植物修复处理对细菌群落结构和多样性的影响,China,Petroleum_TPH,False,True
P04105,2018_Metal RPT_EnvironRes_10.3390-ijerph15112595,"Remediating Potentially Toxic Metal and Organic Co-Contamination of Soil by Combining In Situ Solidification/Stabilization and Chemical Oxidation: Efficacy, Mechanism, and Evaluation",原位固化/稳定化与化学氧化联合修复土壤潜在毒性金属与有机复合污染：效能、机理与评估,China,POPs_general,True,True
P04108,2018_Gereslassieetal_IntJEnvironResPublicHealth_10.3390-ijerph15122751,"Occurrence and Ecological and Human Health Risk Assessment of Polycyclic Aromatic Hydrocarbons in Soils from Wuhan, Central China",武汉土壤中多环芳烃的分布及生态与健康风险评估,China,PAHs,False,True
P04500,10_3390_su10072531,"Adsorption and Desorption Behaviors of Four Endocrine Disrupting Chemicals in Soils from the Water-Level Fluctuation Zone of the Three Gorges Reservoir, China",三峡水库消落带土壤中四种内分泌干扰化学物质的吸附和解吸行为,China,Phenols,False,True
P05139,10_1007_978_981_10_6029_8_42,Site Remediation Technology Research Based on Dynamic Balance Mechanism of Organic Contaminants in Soil/Water/Air Environmental System,基于土壤/水/气环境系统中有机污染物动态平衡机制的场地修复技术研究,China,POPs_general,False,True
P05191,10_1016_j_gexplo_2017_12_009,"Spatial distribution, source apportionment, and toxicity evaluation of polycyclic aromatic hydrocarbons in agricultural soils from a mountainous region in Fujian, Southeast China",中国东南部福建山区农业土壤中多环芳烃的空间分布、源解析及毒性评价,China,PAHs,False,True
P05205,10_1016_j_scitotenv_2007_08_026,Organic contamination and remediation in the agricultural soils of China: A critical review,中国农田土壤的有机污染与修复：综述,China,"PAHs,PCBs,OCPs,Pesticides,POPs_general,PAEs",False,True
P05282,10_1080_10807039_2018_1488578,Health risk assessment and distribution of VOCs during excavation processes for the remediation of contaminated sites,污染场地修复过程中挖掘环节的挥发性有机物分布及健康风险评估,China,VOC_SVOC,False,True
P05404,10_3389_fmicb_2018_01332,Functional Genetic Diversity and Culturability of Petroleum-Degrading Bacteria Isolated From Oil-Contaminated Soils,石油污染土壤中石油降解细菌的功能遗传多样性和可培养性,China,Petroleum_TPH,False,True
P07220,2015_Sun J et al_EnvironPollut_null,"Comparison of greenhouse and open field cultivations across China: Soil characteristics, contamination and microbial diversity",中国温室与大田种植的对比：土壤特征、污染及微生物多样性,China,"PAHs,OCPs,Pesticides,POPs_general,PAEs",True,True
P07228,2015_Unknown_SciTotalEnviron_null,Occurrence and distribution of perfluorooctanoic acid (PFOA) and perfluorooctanesulfonic acid (PFOS) in natural forest soils: A nationwide study in China,中国天然森林土壤中全氟辛酸(PFOA)和全氟辛烷磺酸(PFOS)的发生和分布：全国性研究,China,PFAS,False,True
P07639,2017_Wang Y et al_Science_null,Factors influencing the diurnal atmospheric concentrations and soil-air exchange of PBDEs at an e-waste recycling site in China,中国电子废物回收场PBDEs日大气浓度及土壤-空气交换的影响因素,China,PBDEs,False,True
P07827,2018_Shifaw E_JHealthPollut_null,Review of Heavy Metals Pollution in China in Agricultural and Urban Soils,中国农业和城市土壤重金属污染综述,China,Pesticides,True,True
P07837,2018_Unknown_Agriculture_null,Treating wheat seeds with neonicotinoid insecticides does not harm the rhizosphere microbial community,用新烟碱类杀虫剂处理小麦种子不会伤害根际微生物群落,China,Pesticides,False,True
P09201,2024_Zhang S et al_EnvironPollut_null,Predicting thermal desorption efficiency of PAHs in contaminated sites based on an optimized machine learning approach,基于优化机器学习方法的污染场地多环芳烃热脱附效率预测,China,PAHs,False,True
P09917,10_4172_2161_,SOC Effects on Diethyl Phthalate Sorption to Four Soils in China,土壤有机碳对邻苯二甲酸二乙酯在中国四种土壤中吸附的影响,China,PAEs,False,True
P10924,2017_Qin Y et al_EnvironRes_null,"EFFECTS OF EXOGENOUS CADMIUM ON ACTIVITY OF ANTIOXIDANT ENZYME, CD UPTAKE AND CHEMICAL FORMS OF RYEGRASS",外源镉对黑麦草抗氧化酶活性、镉吸收及化学形态的影响,China,Pesticides,True,True
P10994,2018_Liu X et al_EcotoxicolEnvironSaf_null,Effect of Bacillus subtilis and NTA-APG on pyrene dissipation in phytoremediation of nickel co-contaminated wetlands by Scirpus triqueter,枯草芽孢杆菌和NTA-APG对Scirpus triqueter修复镍复合污染湿地中芘降解的影响,China,"PAHs,POPs_general",True,True
P10998,2018_Meng W et al_SciRep_null,"Altitudinal dependence of PCBs and PBDEs in soil along the two sides of Mt. Sygera, southeastern Tibetan Plateau",青藏高原东南部色季拉山两侧土壤中PCBs和PBDEs的海拔依赖性,China,"PCBs,PBDEs,POPs_general",False,True
P11003,2018_Ren S et al_Sustainability_null,Analysis of the Impact of Rural Households’ Behaviors on Heavy Metal Pollution of Arable Soil: Taking Lankao County as an Example,农户行为对耕地土壤重金属污染的影响分析：以兰考县为例,China,Pesticides,True,True
P11136,2020_Li Q et al_EcotoxicolEnvironSaf_null,Effects of co-contamination of heavy metals and total petroleum hydrocarbons on soil bacterial community and function network reconstitution,重金属和总石油烃复合污染对土壤细菌群落和功能网络重构的影响,China,Petroleum_TPH,True,True
P11293,2021_土壤中_土壤_null,Supercritical CO2 Extraction of Polycyclic Aromatic Hydrocarbons and Cadmium from Soil with Co-solvents and Chelating Agent,夹带剂和螯合剂协同超临界CO2萃取土壤中多环芳烃和镉的研究,China,PAHs,True,True
P11444,2023_洪亚雄_Unknown_null,Strengthen the prevention and control of soil pollution at source and fight for the protection of clean land,加强土壤污染源头防控深入打好净土保卫战,China,Petroleum_TPH,False,True
P00246,2017_He M‑J et al_ArchEnvironContamToxicol_10.1007-s00244-017-0469-7,"Current State, Distribution, and Sources of Phthalate Esters and Organophosphate Esters in Soils of the Three Gorges Reservoir Region, China",中国三峡库区土壤中邻苯二甲酸酯和有机磷酸酯的现状、分布及来源,China,"Pesticides,PAEs",False,True
P00323,2017_Chenetal_EnvironGeochemHealth_10.1007-s10653-017-0024-5,"Polycyclic aromatic hydrocarbons in farmland soils around main reservoirs of Jilin Province, China: occurrence, sources and potential human health risk",中国吉林省主要水库周边农田土壤中的多环芳烃：分布、来源及潜在人体健康风险,China,PAHs,False,True
P00325,10_1007_s10653_017_9970_1,Spatial distribution of organochlorine and organophosphorus pesticides in soil-groundwater systems and their associated risks in the middle reaches of the Yangtze River Basin,长江中游土壤-地下水系统中有机氯和有机磷农药的空间分布及其相关风险,China,"OCPs,Pesticides",False,True
P00670,2003_Sun J et al_Nature_10.1007-s11356-017-0707-6,Spatial distributions of hexachlorobutadiene in agricultural soils from the Yangtze River Delta region of China,中国长江三角洲地区农业土壤中六氯丁二烯的空间分布,China,"PCBs,OCPs,Pesticides,POPs_general",False,True
P00672,10_1007_s11356_017_8838_3,Occurrence and geographic distribution of polycyclic aromatic hydrocarbons in agricultural soils in eastern China,中国东部农业土壤中多环芳烃的发生及地理分布,China,PAHs,False,True
P00679,2017_Wangetal_EnvironSciPollutRes_10.1007-s11356-017-9646-5,"Occurrence and risk assessment of phthalate esters (PAEs) in agricultural soils of the Sanjiang Plain, northeast China",中国东北三江平原农田土壤中邻苯二甲酸酯(PAEs)的赋存特征及风险评估,China,PAEs,False,True
P00680,2012_Wang Y et al_EnvironPollut_10.1007-s11356-017-9830-7,Characterisation and risk assessment of polycyclic aromatic hydrocarbons (PAHs) in soils and plants around e-waste dismantling sites in southern China,中国南方电子废弃物拆解点周边土壤和植物中多环芳烃的特征及风险评估,China,PAHs,False,True
P00764,2017_Wang Y et al_JSoilsSediments_10.1007-s11368-017-1762-9,Combined bioremediation of soil co-contaminated with cadmium and endosulfan by Pleurotus eryngii and Coprinus comatus,杏鲍菇和鸡腿菇联合修复镉与硫丹复合污染土壤的研究,China,"OCPs,POPs_general",True,True
P00804,2015_Wang Lijun et al_Environments_10.1007-s11707-017-0658-8,"Speciation, sources, and risk assessment of heavy metals in suburban vegetable garden soil in Xianyang City, Northwest China",中国西北咸阳市郊区菜园土壤重金属的形态、来源及风险评估,China,Pesticides,True,True
P01048,2017_Liu G et al_Catena_10.1016-J.CATENA.2017.04.005,"Assessment of terrain factors on the pattern and extent of soil contamination surrounding a chemical industry in Chongqing, Southwest China",重庆西南某化工厂周边土壤污染模式与程度的地形因子评估,China,"PAHs,Petroleum_TPH",False,True
P01102,10.1016_j.chemosphere.2016.12.047,Soil environmental quality in greenhouse vegetable production systems in eastern China: Current status and management strategies,中国东部温室蔬菜生产体系的土壤环境质量：现状与管理策略,China,"Pesticides,Antibiotics,PAEs",True,True
P01103,10.1016_j.chemosphere.2016.10.113,"Contamination and health risk assessment of PAHs in soils and crops in industrial areas of the Yangtze River Delta region, China",长江三角洲地区工业区土壤和作物中多环芳烃的污染与健康风险评估,China,PAHs,False,True
P01106,2017_Wangetal_Chemosphere_10.1016-j.chemosphere.2017.04.037,"Occurrence, homologue patterns and source apportionment of short- and medium-chain chlorinated paraffins in suburban soils of Shanghai, China",上海市郊土壤中短链和中链氯化石蜡的分布特征、同系物组成及源解析,China,PCNs_other,False,True
P01107,10.1016_j.chemosphere.2017.02.151,"Organochlorine pesticides in soil, air and vegetation at and around a contaminated site in southwestern of China: Concentration, Transmission and Risk Evaluation",中国西南地区某污染场地及周边土壤、空气和植被中有机氯农药的浓度、传输及风险评估,China,"OCPs,Pesticides",False,True
P01108,10.1016_j.chemosphere.2017.03.057,"Spatial distribution, emission source and health risk of parent PAHs and derivatives in surface soils from the Yangtze River Delta, eastern China",中国东部长江三角洲表层土壤中母体多环芳烃及其衍生物的空间分布、排放源及健康风险,China,PAHs,False,True
P01109,2017_Hanetal_Chemosphere_10.1016-j.chemosphere.2017.03.138,Pesticide residues in nut-planted soils of China and their relationship between nut/soil,中国坚果种植土壤中的农药残留及其与坚果/土壤的关系,China,"OCPs,Pesticides",False,True
P01110,2017_Xiong B et al_Chemosphere_10.1016-j.chemosphere.2017.05.020,Enhanced biodegradation of PAHs in historically contaminated soil by M. gilvum inoculated biochar,接种分枝杆菌的生物炭增强历史污染土壤中多环芳烃的生物降解,China,PAHs,False,True
P01298,10.1016_j.envpol.2017.04.042,Polychlorinated biphenyls and polybrominated diphenylethers in soils from planted forests and adjacent natural forests on a tropical island,热带岛屿人工林与邻近天然林土壤中的多氯联苯和多溴二苯醚,China,"PCBs,PBDEs,POPs_general",False,True
P01301,10.1016_j.envpol.2017.08.003,The influence of e-waste recycling on the molecular ecological network of soil microbial communities in Pakistan and China,电子废弃物回收对巴基斯坦和中国土壤微生物群落分子生态网络的影响,China,"PAHs,PBDEs,POPs_general",True,True
P01302,10.1016_j.envpol.2017.07.035,"Contamination characteristics and source apportionment of methylated PAHs in agricultural soils from Yangtze River Delta, China",中国长江三角洲农田土壤中甲基多环芳烃的污染特征及源解析,China,PAHs,False,True
P01540,10.1016_j.jhazmat.2016.12.009,Phytoremediation effect of Scirpus triqueter inoculated plant-growth-promoting bacteria (PGPB) on different fractions of pyrene and Ni in co-contaminated soils,接种植物促生菌（PGPB）的Scirpus triqueter对复合污染土壤中不同形态芘和镍的植物修复效应,China,PAHs,True,True
P02092,10.1038_s41598-017-00351-0,"Modeling the air-soil exchange, secondary emissions and residues in soil of polychlorinated biphenyls in China",中国多氯联苯的气-土交换、二次排放及土壤残留模拟,China,PCBs,False,True
P02099,2017_Zhangetal_SciRep_10.1038-s41598-017-12437-w,Uptake and translocation of polycyclic aromatic hydrocarbons (PAHs) and heavy metals by maize from soil irrigated with wastewater,废水灌溉土壤中多环芳烃（PAHs）和重金属在玉米中的吸收和转运,China,PAHs,True,True
P02282,2017_Zhao Z et al_RSCAdv_10.1039-c7ra01493g,Combined mechanochemical and thermal treatment of PCBs contaminated soil,PCBs污染土壤的机械化学与热处理联合修复,China,"PCBs,Dioxins",False,True
P02325,2013_Wang S et al_Land_10.1063-1.4993039,The harm of petroleum-polluted soil and its remediation research,石油污染土壤的危害及其修复研究,China,Petroleum_TPH,False,True
P03226,2017_Delang C_EnvironSocioeconStud_10.1515-environ-2017-0016,Causes and distribution of soil pollution in China,中国土壤污染的成因与分布,China,Petroleum_TPH,False,True
P04044,1983_Characteristics D_EnvironRes_10.3390-ijerph14010085,"Distribution Characteristics and Risk Assessment of Polycyclic Aromatic Hydrocarbons in the Momoge Wetland, China",中国莫莫格湿地多环芳烃的分布特征及风险评估,China,PAHs,False,True
P04046,2017_Qi Y B et al_EnvironRes_10.3390-ijerph14020215,Removal Capacities of Polycyclic Aromatic Hydrocarbons (PAHs) by a Newly Isolated Strain from Oilfield Produced Water,油田采出水中分离的新菌株对多环芳烃的去除能力,China,"PAHs,Petroleum_TPH",False,True
P04056,10_3390_ijerph14101198,"Distributions and Sources of Polycyclic Aromatic Hydrocarbons (PAHs) in Soils around a Chemical Plant in Shanxi, China",山西省某化工厂周边土壤中多环芳烃的分布与来源,China,PAHs,False,True
P04788,10.4172_2155-,"Human Health Risk Levels and Distribution of PAHs in Soil Environment of a Coking Chemical Plant Located in Beijing, China",北京某焦化厂土壤环境中多环芳烃的分布及人体健康风险水平,China,"PAHs,POPs_general",False,True
P05252,10_1080_02772248_2017_1283693,"Occurrence of and risk posed by highly carcinogenic dibenzo[def,p]chrysene isomers in urban soil","城市土壤中高致癌性二苯并[def,p]𓐀异构体的存在及其风险",China,PAHs,False,True
P05255,10_1080_09593330_2017_1337235,Surfactant-enhanced bioremediation of DDTs and PAHs in contaminated farmland soil,污染农田土壤中DDTs和PAHs的表面活性剂强化生物修复,China,"PAHs,OCPs",False,True
P05273,10_1080_10807039_2017_1373249,"Polycyclic aromatic hydrocarbons (PAHs) in the environment of Beijing, China: levels, distribution, trends and sources",北京环境中的多环芳烃：含量、分布、趋势及来源,China,"PAHs,POPs_general",False,True
P05274,10_1080_10807039_2017_1362545,"Occurrence, distribution and possible sources of organochlorine pesticides in peri-urban vegetable soils of Changchun, Northeast China",长春市城乡结合部菜地土壤中有机氯农药的发生、分布及潜在来源,China,"OCPs,Pesticides",False,True
P05276,10_1080_10807039_2017_1377595,"Contamination, source identification, and risk assessment of polycyclic aromatic hydrocarbons in agricultural soils around a typical coking plant in Shandong, China",山东某典型焦化厂周边农田土壤中多环芳烃的污染、源识别及风险评估,China,PAHs,False,True
P05277,10_1080_10807039_2017_1394175,"Polychlorinated biphenyls in vegetable soils from Changchun, Northeast China: Concentrations, distribution, sources and human health risks",中国东北长春蔬菜地土壤中的多氯联苯：浓度、分布、来源及人体健康风险,China,PCBs,False,True
P05288,10_1080_10934529_2017_1356185,"Occurrence and source apportionment of polycyclic aromatic hydrocarbons in soils and sediment from Hanfeng Lake, Three Gorges, China",三峡汉丰湖土壤与沉积物中多环芳烃的分布及源解析,China,PAHs,False,True
P05297,10_1080_15275922_2016_1263900,Bioaccumulation of PBDEs and PCBs in a small food chain at electronic waste recycling sites,电子垃圾回收地小型食物链中PBDEs和PCBs的生物累积,China,"PCBs,PBDEs",False,True
P05304,10_1080_15320383_2017_1385593,In-situ bioremediation of DDTs and PAH contaminated aging farmland soil using blood meal,利用血粉原位生物修复DDTs和多环芳烃污染的老化农田土壤,China,"PAHs,OCPs",False,True
P06636,2012_Guo G et al_Science_null,Effect of a bacterial consortium on the degradation of polycyclic aromatic hydrocarbons and bacterial community composition in Chinese soils,细菌菌群对中国土壤中多环芳烃降解及细菌群落组成的影响,China,PAHs,False,True
P06722,2012_Unknown_EnvironPollut_null,Characterisation and risk assessment of polycyclic aromatic hydrocarbons (PAHs) in soils and plants around e-waste dismantling sites in southern China,中国南方电子废弃物拆解点周边土壤和植物中多环芳烃的表征及风险评估,China,PAHs,False,True
P06889,2013_Xu LN et al_EnvironPollut_null,"Residue patterns of currently, historically and never-used organochlorine pesticides in agricultural soils across China and associated health risks",中国农田土壤中目前使用、历史使用和从未使用的有机氯农药的残留模式及其相关的健康风险,China,"OCPs,Pesticides",False,True
P07054,2014_Unknown_SciTotalEnviron_null,"Occurrence, abundance, and distribution of sulfonamide and tetracycline resistance genes in agricultural soils across China",中国农业土壤中磺胺类和四环素类抗生素抗性基因的发生、丰度与分布,China,Antibiotics,True,True
P07373,2016_Niu L et al_EnvironPollut_null,"Residue patterns of currently, historically and never-used organochlorine pesticides in agricultural soils across China and associated health risks",中国农业土壤中目前使用、历史使用和从未使用的有机氯农药的残留模式及其相关的健康风险,China,"OCPs,Pesticides",False,True
P07406,2016_Song M_EnvironPollut_null,Characterisation of the phenanthrene degradation-related genes and degrading ability of a newly isolated copper-tolerant bacterium,一株新分离的铜耐受细菌菲降解相关基因的表征及降解能力研究,China,PAHs,True,True
P07434,2016_Unknown_SciTotalEnviron_null,"Urbanization-related changes in soil PAHs and potential health risks of emission sources in a township in Southern Jiangsu, China",中国苏南某镇城市化对土壤多环芳烃的影响及排放源的潜在健康风险,China,PAHs,False,True
P07518,2017_Distributions_EnvironRes_10.3390-ijerph14101179,"Distributions and Sources of Polycyclic Aromatic Hydrocarbons (PAHs) in Soils around a Chemical Plant in Shanxi, China",山西某化工厂周边土壤中多环芳烃的分布与来源,China,PAHs,False,True
P07559,2017_Liu G et al_Catena_null,"Assessment of terrain factors on the pattern and extent of soil contamination surrounding a chemical industry in Chongqing, Southwest China",重庆西南部某化工厂周边土壤污染格局与程度的评估,China,"PAHs,Petroleum_TPH",False,True
P07564,2017_Liu X et al_EnvironPollut_null,Polychlorinated biphenyls and polybrominated diphenylethers in soils from planted forests and adjacent natural forests on a tropical island,热带岛屿人工林与邻近天然林土壤中的多氯联苯和多溴二苯醚,China,"PCBs,PBDEs,POPs_general",False,True
P07667,2017_Zhou Y et al_SciTotalEnviron_null,"Occurrence, abundance, and distribution of sulfonamide and tetracycline resistance genes in agricultural soils across China",中国农业土壤中磺胺类和四环素类抗生素抗性基因的发生、丰度及分布,China,Antibiotics,True,True
P07698,2018_Chen Y et al_EcotoxicolEnvironSaf_null,"Contamination and health risk assessment of PAHs in farmland soils of the Yinma River Basin, China",中国饮马河流域农田土壤中多环芳烃的污染特征与健康风险评估,China,PAHs,False,True
P09000,2024_Environment CR et al_EnvironRes_null_1,Interaction of heavy metals and polycyclic aromatic hydrocarbons in soil-crop systems: The effects and mechanisms,土壤-作物系统中重金属与多环芳烃的相互作用：效应与机制,China,PAHs,True,True
P10430,2009_Syed J H et al_null,"Polycyclic aromatic hydrocarbons (PAH) in Chinese forest soils: profile composition, spatial variations and source apportionment",中国森林土壤中的多环芳烃：组成特征、空间变化及源解析,China,PAHs,False,True
P10893,2017_Chen W et al_EnvironPollut_null,"Contamination characteristics and source apportionment of methylated PAHs in agricultural soils from Yangtze River Delta, China",长三角地区农业土壤中甲基化多环芳烃的污染特征及源解析,China,PAHs,False,True
P10915,2017_Liu Q et al_SciRep_null,Aerobic degradation of crude oil by microorganisms in soils from four geographic regions of China,中国四个地理区域土壤中微生物对原油的有氧降解,China,Petroleum_TPH,False,True
P11556,2024_桂衍瑾_Unknown_null,"Characteristics, Source Analysis and Ecological Health Risk Assessment of Heavy Metal Pollution in Soils of Industrial Concentration Sites in Chizhou Area",池州地区工业聚集地土壤重金属污染特征、源解析和生态健康风险评价,China,POPs_general,True,True
P00264,2017_Xia Z-Y et al_CurrMicrobiol_10.1007-s00284-016-1173-y,"Biodegradation of the Herbicide 2,4-Dichlorophenoxyacetic Acid by a New Isolated Strain of Achromobacter sp. LZ35","新分离的无色杆菌菌株LZ35对除草剂2,4-二氯苯氧乙酸的生物降解",China,Pesticides,False,True
P00319,10.1007_s10653-016-9899-9,"Levels and distributions of organochlorine pesticides in the soil–groundwater system of vegetable planting area in Tianjin City, Northern China",中国北部天津市蔬菜种植区土壤-地下水系统中有机氯农药的水平和分布,China,"OCPs,Pesticides",False,True
P00322,10.1007_s10653-016-9853-x,Atrazine contamination in agricultural soils from the Yangtze River Delta of China and associated health risks,长江三角洲地区农业土壤中的阿特拉津污染及其相关的健康风险,China,Pesticides,False,True
P00643,10.1007_s11356-016-6462-2,"Nutrients, heavy metals and phthalate acid esters in solar greenhouse soils in Round-Bohai Bay-Region, China: impacts of cultivation year and biogeography",环渤海地区日光温室土壤中的养分、重金属及邻苯二甲酸酯：种植年限与生物地理学的影响,China,PAEs,True,True
P00644,10_1007_s11356_016_6442_6,Spatial distribution and temporal trends of farmland soil PBDEs: processes and crop rotation effects,农田土壤PBDEs的空间分布和时间趋势：过程与作物轮作的影响,China,PBDEs,False,True
P00647,10.1007_s11356-016-6694-1,Contamination characteristics and source apportionment of trace metals in soils around Miyun Reservoir,密云水库周边土壤中痕量金属的污染特征及源解析,China,Pesticides,True,True
P00650,2016_Hu S et al_EnvironSciPollutRes_10.1007-s11356-016-6701-6,"Toxicity of combined chromium(VI) and phenanthrene pollution on the seed germination, stem lengths, and fresh weights of higher plants",铬(VI)与菲复合污染对高等植物种子发芽、茎长和鲜重的毒性影响,China,PAHs,True,True
P00657,10.1007_s11356-016-7725-7,Phthalate esters and organochlorine pesticides in agricultural soils and vegetables from fast-growing regions: a case study from eastern China,快速发展地区农业土壤和蔬菜中的邻苯二甲酸酯和有机氯农药：来自中国东部的一个案例研究,China,"OCPs,Pesticides,PAEs",False,True
P00661,2016_Luo J et al_EnvironSciPollutRes_10.1007-s11356-016-8072-4,The assessment of source attribution of soil pollution in a typical e-waste recycling town and its surrounding regions using the combined organic and inorganic dataset,利用有机和无机综合数据集评估典型电子废弃物回收城镇及其周边地区土壤污染的源归因,China,"PAHs,Petroleum_TPH",True,True
P00763,10_1007_s11368_016_1490_6,"Polycyclic aromatic hydrocarbons in agricultural soils around the industrial city of Changzhi, China: characteristics, spatial distribution, hotspots, sources, and potential risks",中国工业城市长治周边农业土壤中的多环芳烃：特征、空间分布、热点、来源及潜在风险,China,PAHs,False,True
P01099,2016_Sun J et al_EnvironPollut_10.1016-j.chemosphere.2016.08.038,"Polychlorinated biphenyls in agricultural soils from the Yangtze River Delta of China: Regional contamination characteristics, combined ecological effects and human health risks",中国长江三角洲地区农业土壤中的多氯联苯：区域污染特征、复合生态效应及人体健康风险,China,"PCBs,OCPs,PBDEs,Pesticides,POPs_general,PAEs",False,True
P01101,2016_Peninsul S et al_Chemosphere_10.1016-j.chemosphere.2016.08.068,"Distribution of phthalate esters in agricultural soil with plastic film mulching in Shandong Peninsula, East China",中国东部山东半岛地膜覆盖农田土壤中邻苯二甲酸酯的分布,China,PAEs,False,True
P01539,2015_Chen F et al_JHazardMater_10.1016-j.jhazmat.2015.09.068,Efficient remediation of PAH-metal co-contaminated soil using microbial-plant combination: A greenhouse study,利用微生物-植物联合高效修复多环芳烃-重金属复合污染土壤：温室研究,China,PAHs,True,True
P01698,10.1016_j.scitotenv.2015.12.012,"Contamination of phthalate esters, organochlorine pesticides and polybrominated diphenyl ethers in agricultural soils from the Yangtze River Delta of China",中国长江三角洲农业土壤中邻苯二甲酸酯、有机氯农药和多溴二苯醚的污染,China,"OCPs,PBDEs,Pesticides,PAEs",False,True
P01699,2016_Bi X et al_SciTotalEnviron_10.1016-j.scitotenv.2016.03.006,"Polycyclic aromatic hydrocarbons in soils from the Central-Himalaya region: Distribution, sources, and risks to humans and wildlife",喜马拉雅中部地区土壤中的多环芳烃：分布、来源及对人类和野生动物的风险,China,PAHs,False,True
P01703,2015_Li C et al_SciTotalEnviron_10.1016-j.scitotenv.2016.06.077,"Phthalate esters in soil, plastic film, and vegetable from greenhouse vegetable production bases in Beijing, China: Concentrations, sources, and risk assessment",北京温室蔬菜生产基地土壤、地膜和蔬菜中的邻苯二甲酸酯：浓度、来源及风险评估,China,PAEs,False,True
P01952,2016_Hu H et al_EnvironSciTechnol_10.1021-acs.est.6b03383,Long-term nickel contamination increases the occurrence of antibiotic resistance genes in agricultural soils,长期镍污染增加农田土壤中抗生素抗性基因的发生,China,Antibiotics,True,True
P01954,2016_Huang T et al_EnvironPollut_10.1021-acs.est.6b04835,Impacts of large-scale land-use change on the uptake of polycyclic aromatic hydrocarbons in the artificial Three Northern Regions Shelter Forest across northern China,大规模土地利用变化对中国北方人工三北防护林多环芳烃吸收的影响,China,PAHs,False,True
P02244,10_1038_srep31987,Distribution patterns of phthalic acid esters in soil particle-size fractions determine biouptake in soil-cereal crop systems,土壤粒径组分中邻苯二甲酸酯的分布模式决定了土壤-谷物作物系统中的生物吸收,China,PAEs,False,True
P02246,10_1038_srep33245,PAH contamination in Beijing’s topsoil: A unique indicator of the megacity’s evolving energy consumption and overall environmental quality,北京表层土壤中的多环芳烃污染：特大城市能源消费演变和整体环境质量的独特指标,China,PAHs,False,True
P02253,2016_Peng C et al_Nature_10.1038-srep37185,"Spatial Analysis of PAHs in Soils along an Urban–Suburban–Rural Gradient: scale effect, distribution patterns, diffusion and influencing factors",沿城-郊-村梯度的土壤中多环芳烃空间分析：尺度效应、分布模式、扩散及影响因素,China,PAHs,False,True
P02255,2016_Zhang LNCXSZHBYXHLZ et al_EnvironProcesses_10.1038-srep38675,Enantiomer signature and carbon isotope evidence for the migration and transformation of DDTs in arable soils across China,中国耕地土壤DDTs迁移转化的对映体特征和碳同位素证据,China,OCPs,False,True
P02317,2016_Yan X et al_Radioprotection_10.1051-radiopro-2015022,Assessment of the soil quality by fuzzy mathematics in farmland around a uranium mill tailing repository in China,利用模糊数学评估中国铀尾矿库周边农田土壤质量,China,"OCPs,Pesticides",True,True
P02383,2016_Guoetal_JEnvironSciHealthB_10.1080-03601234.2016.1142743,"Pollution characteristics of 23 veterinary antibiotics in livestock manure and manure-amended soils in Jiangsu province, China",江苏省畜禽粪便及施肥土壤中23种兽用抗生素的污染特征,China,Antibiotics,False,True
P03216,2014_He LRHLL et al_Science_10.1515-aep-2016-0025,Characterization of monochlorobenzene contamination in soils using geostatistical interpolation and 3D visualization for agrochemical industrial sites in southeast China,基于地统计学插值和三维可视化的中国东南部农药工业场地土壤中氯苯污染特征研究,China,"Pesticides,POPs_general",False,True
P03794,"2012_China, S et al_Water_10.3389-fmicb.2016.00060",Long-Term Oil Contamination Alters the Molecular Ecological Networks of Soil Microbial Functional Genes,长期石油污染改变土壤微生物功能基因的分子生态网络,China,"PAHs,Petroleum_TPH",False,True
P04038,10_3390_ijerph13080805,Biodegradation of Mixed PAHs by PAH-Degrading Endophytic Bacteria,多环芳烃降解内生菌对混合PAHs的生物降解,China,"PAHs,POPs_general",False,True
P04039,10.3390_ijerph13090878,"Spatial Variability of PAHs and Microbial Community Structure in Surrounding Surficial Soil of Coal-Fired Power Plants in Xuzhou, China",中国徐州燃煤电厂周边表层土壤中多环芳烃的空间变异及微生物群落结构,China,PAHs,False,True
P05100,10_1002_clen_201500142,"Microbial Community Structures in Petroleum Contaminated Soils at an Oil Field, Hebei, China",河北省油田石油污染土壤中的微生物群落结构,China,"PAHs,Petroleum_TPH,VOC_SVOC",False,True
P05149,2016_Peng C et al_EnvironMonitAssess_10.1007-s10661-016-5156-z,Distribution and risks of polycyclic aromatic hydrocarbons in suburban and rural soils of Beijing with various land uses,不同土地利用方式下北京城乡结合部及农村土壤中多环芳烃的分布与风险,China,PAHs,False,True
P05206,10_1016_j_scitotenv_2015_12_012,"Contamination of phthalate esters, organochlorine pesticides and polybrominated diphenyl ethers in agricultural soils from the Yangtze River Delta of China",长江三角洲农业土壤中邻苯二甲酸酯、有机氯农药和多溴二苯醚的污染,China,"OCPs,PBDEs,Pesticides,PAEs",False,True
P05260,10_1080_10406638_2016_1138972,"Multimedia and Spatial Distribution, Internal Accumulation and Source Diagnostics of Polycyclic Aromatic Hydrocarbons (PAHs) of the Luan River Basin, China",中国滦河流域多环芳烃的多介质分布、内累积及源解析,China,PAHs,False,True
P05261,10_1080_10406638_2016_1143847,Biodegradation of High Molecular Weight Polycyclic Aromatic Hydrocarbons Mixture by a Newly Isolated Fusarium sp. and Co-Metabolic Degradation with Starch,一株新分离的镰刀菌对高分子量多环芳烃混合物的生物降解及淀粉的共代谢降解,China,PAHs,False,True
P05295,10_1080_15275922_2015_1133731,"Distribution characteristics of organochlorine pesticides in soil, water, and sediment from the Bahe River, China",中国灞河土壤、水和沉积物中有机氯农药的分布特征,China,"OCPs,Pesticides",False,True
P05303,10_1080_15320383_2017_1264923,The Dynamic Change of Microbial Communities in Crude Oil-Contaminated Soils from Oil Fields in China,中国油田原油污染土壤中微生物群落动态变化,China,Petroleum_TPH,False,True
P06744,2012_Zhang Y et al_Chemosphere_10.1016-j.chemosphere.2016.01.051,Hexabromocyclododecanes (HBCDDs) in surface soils from coastal cities in North China: Correlation between diastereoisomer profiles and industrial activities,中国北部沿海城市表层土壤中的六溴环十二烷 (HBCDDs)：异构体组成与工业活动的相关性,China,PBDEs,False,True
P06976,2014_Jiang Y et al_EnvironPollut_null,"Distribution, compositional pattern and sources of polycyclic aromatic hydrocarbons in urban soils of an industrial city, Lanzhou, China",中国工业城市兰州城市土壤中多环芳烃的分布、组成模式及来源,China,PAHs,False,True
P07147,2015_Hui XL et al_ApplSoilEcol_10.1016-j.apsoil.2015.09.009,Bacterial community structure in atrazine treated reforested farmland in Wuying China,中国五营阿特拉津处理退耕还林农田中的细菌群落结构,China,Pesticides,False,True
P07193,2015_Ouyang Z et al_EcotoxicolEnvironSaf_null,"Distribution, sources and influence factors of polycyclic aromatic hydrocarbon at different depths of the soil and sediments of two typical coal mining subsidence areas in Huainan, China",淮南两个典型煤矿沉陷区不同深度土壤和沉积物中多环芳烃的分布、来源及影响因素,China,"PAHs,POPs_general",False,True
P07339,2016_Li C et al_SciTotalEnviron_null,"Phthalate esters in soil, plastic film, and vegetable from greenhouse vegetable production bases in Beijing, China: Concentrations, sources, and risk assessment",北京温室蔬菜生产基地土壤、塑料膜及蔬菜中的邻苯二甲酸酯：浓度、来源与风险评估,China,PAEs,False,True
P07381,2016_Qin H et al_FrontMicrobiol_10.3389-fmicb.2016.00939,Arbuscular Mycorrhizal Fungal Hyphae Alter Soil Bacterial Community and Enhance Polychlorinated Biphenyls Dissipation,丛枝菌根真菌菌丝改变土壤细菌群落并增强多氯联苯的消散,China,PCBs,False,True
P07409,2016_Song M_JHazardMater_null,"Bacteria capable of degrading anthracene, phenanthrene, and fluoranthene as revealed by DNA based stable-isotope probing in a forest soil",基于DNA稳定同位素探针技术揭示森林土壤中降解蒽、菲和荧蒽的细菌,China,PAHs,False,True
P07410,2016_Sui Q et al_EnvironPollut_null,Distribution of antibiotic resistance genes (ARGs) in anaerobic digestion and land application of swine wastewater,厌氧消化及猪粪废水还田中抗生素抗性基因的分布,China,Antibiotics,False,True
P07451,2016_Wei P et al_SciRep_null,"Metabolic and Dynamic Profiling for Risk Assessment of Fluopyram, a Typical Phenylamide Fungicide Widely Applied in Vegetable Ecosystem",氟吡菌酰胺在蔬菜生态系统中的代谢与动态分析及风险评估,China,Pesticides,False,True
P07472,2016_Zhong L et al_EcolEng_null,Enhancing pentachlorophenol degradation by vermicomposting associated bioremediation,蚯蚓堆肥辅助生物修复增强五氯苯酚降解,China,"Phenols,POPs_general",False,True
P09568,Qu 等 - 2016 - China’s soil pollution control choices and challenges,China’s Soil Pollution Control: Choices and Challenges,中国土壤污染控制的抉择与挑战,China,Petroleum_TPH,False,True
P09811,0000_Peng C et al_null,Distribution and Risks of Polycyclic Aromatic Hydrocarbons in Suburban and Rural Soils of Beijing with Various Land Uses,不同土地利用方式下北京城乡土壤中多环芳烃的分布与风险,China,PAHs,False,True
P09878,0000_Zhang Y et al_Water_null,Response characteristics between sulfate reducing bacteria and environmental factors in petroleum hydrocarbon-contaminated field of Northeast China,中国东北石油烃污染场地硫酸盐还原菌与环境因子的响应特征,China,Petroleum_TPH,False,True
P10830,2016_Li J et al_SciRep_null,PAH contamination in Beijing’s topsoil: A unique indicator of the megacity’s evolving energy consumption and overall environmental quality,北京市表层土壤中的PAH污染：特大城市能源消费演变和整体环境质量的独特指标,China,PAHs,False,True
P10832,2016_Li X et al_SciRep_null,Salinity and Conductivity Amendment of Soil Enhanced the Bioelectrochemical Degradation of Petroleum Hydrocarbons,土壤盐分和电导率的改良增强了石油烃的生物电化学降解,China,Petroleum_TPH,False,True
P10850,2016_Song M et al_JHazardMater_null,"Bacteria capable of degrading anthracene, phenanthrene, and fluoranthene as revealed by DNA based stable-isotope probing in a forest soil",基于DNA稳定同位素探针技术揭示森林土壤中降解蒽、菲和荧蒽的细菌,China,PAHs,False,True
P10878,2016_Zeng J et al_Chemosphere_null,Oxidation of polycyclic aromatic hydrocarbons using Bacillus subtilis CotA with high laccase activity and copper independence,利用高漆酶活性和无铜依赖性的枯草芽孢杆菌CotA氧化多环芳烃,China,PAHs,True,True
P11189,2020_毛婷玉_Unknown_null,Study on the Mechanism of Graphene on Microbial Degradation of Polycyclic Aromatic Hydrocarbons in Soil,石墨烯对土壤中微生物降解多环芳烃的影响机制研究,China,"PAHs,POPs_general",False,True
P11557,2024_翟如康_Unknown_null,Study on the Adsorption Effect of Iron-modified Biochar on Polycyclic Aromatic Hydrocarbons in Water and Soil,铁改性生物炭对水及土壤中多环芳烃吸附效应的研究,China,"PAHs,POPs_general",False,True
P00211,2011_Characterization_Water_10.1007-s00128-015-1463-2,"Characterization and Risk Assessment of Polychlorinated Biphenyls in City Park Soils of Xi’An, China",中国西安市公园土壤中多氯联苯的特征表征与风险评估,China,"PCBs,Dioxins",False,True
P00250,2015_Liao J et al_MicrobEcol_10.1007-s00248-015-0572-0,"Bacterial Community Features Are Shaped by Geographic Location, Physicochemical Properties, and Oil Contamination of Soil in Main Oil Fields of China",中国主要油田土壤细菌群落特征受地理位置、理化性质和石油污染的影响,China,Petroleum_TPH,False,True
P00316,2009_Qu C et al_Water_10.1007-s10653-014-9675-7,Multi-pathway assessment of human health risk posed by polycyclic aromatic hydrocarbons,多环芳烃对人体健康风险的多途径评估,China,PAHs,False,True
P00399,2015_Yang Y_EnvironMonitAssess_10.1007-s10661-015-4785-y,Uncertainty assessment of heavy metal soil contamination mapping using spatiotemporal sequential indicator simulation with multi-temporal sampling points,利用多时段采样点的时空序贯指示模拟进行重金属土壤污染制图的不确定性评估,China,Petroleum_TPH,True,True
P00622,2015_Teng Y. et al_EnvironSciPollutRes_10.1007-s11356-015-4219-y,Assessment of soil organic contamination in a typical petrochemical industry park in China,中国典型石化园区土壤有机污染评价,China,"PAHs,Petroleum_TPH,POPs_general",False,True
P00623,10.1007_s11356-015-4401-2,"Phthalate esters contamination in soils and vegetables of plastic film greenhouses of suburb Nanjing, China and the potential human health risk",南京郊区塑料大棚土壤和蔬菜中邻苯二甲酸酯的污染特征及潜在人体健康风险,China,PAEs,False,True
P00624,10.1007_s11356-015-4230-3,"Occurrence and distribution of antibiotics in urban soil in Beijing and Shanghai, China",中国北京和上海城市土壤中抗生素的发生与分布,China,Antibiotics,True,True
P00625,10_1007_s11356_015_4283_3,"Effect of input pathways and altitudes on spatial distribution of polycyclic aromatic hydrocarbons in background soils, the Tibetan Plateau",输入途径和海拔对青藏高原背景土壤中多环芳烃空间分布的影响,China,PAHs,False,True
P00629,2015_Liu J et al_EnvironSciPollutRes_10.1007-s11356-015-5113-3,Thermal desorption of PCBs from contaminated soil with copper dichloride,二氯化铜存在下污染土壤中多氯联苯的热脱附研究,China,"PCBs,Dioxins",True,True
P00630,10.1007_s11356-015-5249-1,"Temporal trends and risk assessment of polychlorinated biphenyls and heavy metals in a solid waste site in Taizhou, China",中国台州某固体废物场地多氯联苯和重金属的时间变化趋势及风险评估,China,"PCBs,Dioxins",True,True
P00753,2015_Chen R et al_JSoilsSediments_10.1007-s11368-015-1093-7,Mycoremediation potential and tolerance responses of Oudemansiella radicata in cadmium-pyrene co-contaminated soil,根鳞伞在镉-芘复合污染土壤中的菌根修复潜力及耐受反应,China,PAHs,True,True
P00755,2008_Zhang Weihua et al_Nature_10.1007-s11368-015-1112-8,The roles of humic substances in the interactions of phenanthrene and heavy metals on the bentonite surface,腐殖物质在膨润土表面菲和重金属相互作用中的作用,China,PAHs,True,True
P00761,10.1007_s11368-015-1341-x,Sorption of polycyclic aromatic hydrocarbons to soils enhanced by heavy metals: perspective of molecular interactions,重金属增强多环芳烃在土壤中的吸附：分子相互作用视角,China,PAHs,True,True
P00862,2015_Liu M et al_EnvironEarthSci_10.1007-s12665-015-4512-6,"Occurrence and assessment of organochlorine pesticides in the agricultural topsoil of Three Gorges Dam region, China",三峡库区农业表层土壤中有机氯农药的发生及评价,China,"OCPs,Pesticides",False,True
P00865,2015_Gao Y et al_EnvironEarthSci_10.1007-s12665-015-4320-z,Distribution and temporal variation of PCBs and PAHs in soils and sediments from an e-waste dismantling site in China,中国某电子垃圾拆解点土壤和沉积物中PCBs和PAHs的分布及时间变化,China,"PAHs,PCBs,POPs_general,Dioxins",False,True
P01207,10.1016_j.ecoenv.2015.09.005,"Environmental distribution and associated human health risk due to trace elements and organic compounds in soil in Jiangxi province, China",中国江西省土壤中痕量元素和有机化合物的环境分布及其相关的人类健康风险,China,"PAHs,PCBs,OCPs,Petroleum_TPH,POPs_general,PAEs",True,True
P01448,2014_Qu C et al_JGeochemExplor_10.1016-j.gexplo.2014.11.002,"Risk assessment and influence factors of organochlorine pesticides (OCPs) in agricultural soils of the hill region: A case study from Ningde, southeast China",丘陵区农业土壤中有机氯农药的风险评估及影响因素：以中国东南宁德为例,China,"OCPs,Pesticides",False,True
P01452,10.1016_j.gexplo.2015.07.014,"Source identification and health risk assessment of Persistent Organic Pollutants (POPs) in the topsoils of typical petrochemical industrial area in Beijing, China",北京典型石化工业区表层土壤中持久性有机污染物的源解析与健康风险评估,China,"PAHs,PCBs,OCPs,Pesticides,POPs_general",False,True
P01993,2015_Liu J et al_EnvironSciTechnol_10.1021-es5049804,Ecological effects of combined pollution associated with e-waste recycling on the composition and diversity of soil microbial communities,电子回收相关的复合污染对土壤微生物群落组成和多样性的生态影响,China,"PCBs,PBDEs,POPs_general",True,True
P02222,10.1038_srep11068,"Distribution of petroleum degrading genes and factor analysis of petroleum contaminated soil from the Dagang Oilfield, China",中国大港油田石油污染土壤中石油降解基因的分布及因子分析,China,Petroleum_TPH,False,True
P02575,2015_Tan Z et al_SoilSedimentContam_10.1080-15320383.2015.1028519,Effect of Different Work Conditions on the Thermal Desorption Remediation Model of Contaminated Soil,不同工况对污染土壤热解析修复模型的影响,China,POPs_general,False,True
P02583,2014_Shao X et al_SoilSedimentContam_10.1080-15320383.2015.958212,"Polycyclic aromatic hydrocarbons (PAHs) pollution in agricultural soil in Tianjin, China",天津农业土壤中的多环芳烃(PAHs)污染,China,PAHs,False,True
P02590,2015_Jin C et al_SoilSedimentContam_10.1080-15320383.2015.981648,Single and Joint Toxicity of Sulfamonomethoxine and Cadmium on Three Agricultural Crops,磺胺间甲氧嘧啶与镉对三种农作物的单一及联合毒性,China,Antibiotics,True,True
P02602,2015_Dong X et al_SoilSedimentContam_10.1080-15320383.2015.986713,Multi-Residue Analysis of Herbicides in Soil with an UPLC-ESI-MS method,超高效液相色谱-电喷雾串联质谱法测定土壤中多种除草剂残留,China,Pesticides,False,True
P03076,2011_摘要_环境科学_10.13209-j.0479-8023.2011.022,PAHs Pollution and Spatial Distribution in Agricultural Soils of Dongguan,东莞市农业土壤多环芳烃污染及其空间分布特征研究,China,PAHs,True,True
P03163,2015_Liu R et al_PLoSONE_10.1371-journal.pone.0120369,Effect of Rhizosphere Enzymes on Phytoremediation in PAH-Contaminated Soil Using Five Plant Species,五种植物对多环芳烃污染土壤植物修复中根际酶活性的影响,China,"PAHs,POPs_general",False,True
P03165,2015_Wan J et al_Land_10.1371-journal.pone.0129978,"Simultaneous Removal of Lindane, Lead and Cadmium from Soils by Rhamnolipids Combined with Citric Acid",鼠李糖脂结合柠檬酸同时去除土壤中林丹、铅和镉的研究,China,"OCPs,Pesticides",True,True
P03169,2015_Zhang Y et al_PLoSOne_10.1371-journal.pone.0137998,"Contamination of Phthalate Esters (PAEs) in Typical Wastewater-Irrigated Agricultural Soils in Hebei, North China",中国华北河北省典型污水灌溉农业土壤中邻苯二甲酸酯(PAEs)的污染,China,PAEs,False,True
P03328,2024_顾赟之_皮革制作与环保科技_10.20025-j.cnki.CN10-1679.2024-22-42,Research on Remediation Technology for Heavy Metal-organic Compound Polluted Sites,重金属-有机物复合污染场地的修复技术研究,China,Petroleum_TPH,True,True
P03567,10.2166_wst.2015.357,Remediation of phenanthrene contaminated soils by nonionic–anionic surfactant washing coupled with activated carbon adsorption,非离子-阴离子表面活性剂淋洗耦合活性炭吸附修复菲污染土壤,China,PAHs,False,True
P03793,2015_Community IDPB_FrontMicrobiol_10.3389-fmicb.2015.00405,Impacts of Dimethyl Phthalate on the Bacterial Community and Functions in Black Soils,邻苯二甲酸二甲酯对黑土细菌群落及功能的影响,China,PAEs,False,True
P04023,10_3390_ijerph120605775,"Polycyclic Aromatic Hydrocarbons in the Dagang Oilfield (China): Distribution, Sources, and Risk Assessment",大港油田（中国）多环芳烃的分布、来源及风险评估,China,PAHs,False,True
P04368,2015_Zhang C et al_Molecules_10.3390-molecules20011161,Degradation Dynamics of Glyphosate in Different Types of Citrus Orchard Soils in China,中国不同类型柑橘园土壤中草甘膦的降解动力学,China,Pesticides,False,True
P04794,10_4172_2161_0525_10000335,SOC Effects on Diethyl Phthalate Sorption to Four Soils in China,中国四种土壤中有机碳对邻苯二甲酸二乙酯吸附的影响,China,PAEs,False,True
P04817,2015_Yu XM_GenetMolRes_10.4238-2015.November.18.37,Glyphosate biodegradation and potential soil bioremediation by Bacillus subtilis strain Bs-15,枯草芽孢杆菌Bs-15对草甘膦的生物降解及土壤生物修复潜力,China,Pesticides,False,True
P05153,2008_Wang L et al_Land_10.1007-s11356-015-5273-1_76811a37,A review of soil cadmium contamination in China including a health risk assessment,中国土壤镉污染及健康风险评估综述,China,Pesticides,True,True
P05203,10_1016_j_marpolbul_2015_09_003,"Sources, concentrations and risk factors of organochlorine pesticides in soil, water and sediment in the Yellow River estuary",黄河河口土壤、水和沉积物中有机氯农药的来源、浓度及风险因子,China,"OCPs,Pesticides",False,True
P05271,10_1080_10807039_2015_1107715,"Pollution assessment of organochlorine pesticides in urban agricultural soils of Jilin City, China",吉林市城市农业土壤中有机氯农药的污染评价,China,"OCPs,Pesticides",False,True
P05292,10_1080_15226514_2015_1073667,Isolation of the PCB-degrading bacteria Mesorhizobium sp. ZY1 and its combined remediation with Astragalus sinicus L. for contaminated soil,PCB降解菌Mesorhizobium sp. ZY1的分离及其与紫云英联合修复污染土壤的研究,China,PCBs,False,True
P05330,10_1128_AEM_01983-15,Identification of Benzo[a]pyrene-Metabolizing Bacteria in Forest Soils Using DNA-Based Stable-Isotope Probing,利用DNA稳定性同位素探针识别森林土壤中降解苯并[a]芘的细菌,China,PAHs,False,True
P06052,2007_Zn et al_Water_null,"Concentrations, distribution, sources, and ecological risk assessment of heavy metals in agricultural topsoil of the Three Gorges Dam region, China",中国三峡库区农业表土中重金属的浓度、分布、来源及生态风险评估,China,Pesticides,True,True
P06607,2012_Cao L et al_Science_null,Magnetic response to air pollution recorded by soil and dust-loaded leaves in a changing industrial environment,变化的工业环境中土壤和灰尘覆盖叶片记录的空气污染的磁响应,China,PAHs,True,True
P06902,2014_3.89–13 OR et al_Water_null,Levels and distribution of organochlorine pesticides and hexachlorobutadiene in soils and terrestrial organisms from a former pesticide-producing area in Southwest China,中国西南地区某 former pesticide-producing area 土壤及陆地生物中有机氯农药和六氯丁二烯的含量及分布,China,"OCPs,Pesticides",False,True
P07026,2014_Ren G et al_Water_10.3389-fmicb.2015.00022,Evident bacterial community changes but only slight degradation when polluted with pyrene in a red soil,红壤芘污染下显著的细菌群落变化但仅有轻微降解,China,PAHs,False,True
P07100,2015_Bai J et al_SciRep_null,Organochlorine pesticides (OCPs) in wetland soils under different land uses along a 100-year chronosequence of reclamation in a Chinese estuary,中国河口不同土地利用方式下100年围垦序列湿地土壤中的有机氯农药,China,"OCPs,Pesticides",False,True
P07144,2015_Heimann L_Water_null,Nutrients and pollutants in agricultural soils in the peri-urban region of Beijing: Status and recommendations,北京城乡结合部农业土壤中的养分与污染物：现状与建议,China,Antibiotics,True,True
P07239,2015_Wang Y et al_EnvironPollut_null,Characterization of the exchange of PBDEs in a subtropical paddy field of China: A significant inputs of PBDEs via air-foliage exchange,中国亚热带稻田中多溴联苯醚交换特征：通过气-叶交换的显著输入,China,PBDEs,False,True
P07247,2015_Xu Y et al_EnvironPollut_10.1016-j.envpol.2015.04.014,Polychlorinated naphthalenes (PCNs) in Chinese forest soil: Will combustion become a major source?,中国森林土壤中的多氯萘：燃烧会成为主要来源吗？,China,PCNs_other,False,True
P07249,2015_Xu Y et al_EnvironPollut_10.1016-j.envpol.2015.04.031,Polychlorinated naphthalenes (PCNs) in Chinese forest soil: Will combustion become a major source?,中国森林土壤中的多氯萘（PCNs）：燃烧会成为主要来源吗？,China,PCNs_other,False,True
P07251,2015_Yan X et al_JEnvironManage_null,Input–output balance of cadmium in typical agriculture soils with historical sewage irrigation in China,中国历史污水灌溉区典型农业土壤中镉的输入-输出平衡,China,Pesticides,True,True
P07259,2015_Zhang J et al_PLoSONE_10.1371-journal.pone.0115863,"Accumulation, Allocation, and Risk Assessment of Polycyclic Aromatic Hydrocarbons (PAHs) in Soil-Brassica chinensis System",土壤-小白菜系统中多环芳烃的积累、分配及风险评估,China,"PAHs,Petroleum_TPH",False,True
P08479,2021_Liu W et al_SciRep_null,"Variability in plant trace element uptake across diferent crops, soil contamination levels and soil properties in the Xinjiang Uygur Autonomous Region of northwest China",中国西北新疆维吾尔自治区不同作物、土壤污染水平和土壤性质下植物微量元素吸收的变异性,China,Petroleum_TPH,True,True
P08601,2021_Xu Y et al_JHazardMater_null,Assembly strategies of the wheat root-associated microbiome in soils contaminated with phenanthrene and copper,菲和铜污染土壤中小麦根际微生物组的组装策略,China,PAHs,True,True
P10549,2011_Yuan G et al_EnvironPollut_null,"Polycyclic aromatic hydrocarbons in soils of the central Tibetan Plateau, China: Distribution, sources, transport and contribution in global cycling",青藏高原中部土壤中的多环芳烃：分布、来源、传输及其在全球循环中的作用,China,PAHs,False,True
P10655,2013_US et al_Water_null,"Phthalic acid esters (PAEs) in vegetable soil from the suburbs of Xianyang city, Northwest China",中国西北咸阳市郊蔬菜地土壤中的邻苯二甲酸酯,China,PAEs,False,True
P10666,2014_2015 EEMJF et al_Water_null,HEALTH RISK ASSESSMENT OF HEAVY METALS AND POLYCYCLIC AROMATIC HYDROCARBONS IN SOIL AT COKE OVEN GAS PLANTS,焦化厂土壤重金属和多环芳烃的健康风险评估,China,"PAHs,POPs_general",True,True
P10684,2014_Hou Wei et al_Water_null,HEALTH RISK ASSESSMENT OF HEAVY METALS AND POLYCYCLIC AROMATIC HYDROCARBONS IN SOIL AT COKE OVEN GAS PLANTS,焦炉煤气厂土壤中重金属和多环芳烃的健康风险评估,China,"PAHs,POPs_general",True,True
P10721,2014_Unknown_JGeochemExplor_null,"Risk assessment and influence factors of organochlorine pesticides (OCPs) in agricultural soils of the hill region: A case study from Ningde, southeast China",丘陵地区农田土壤中有机氯农药（OCPs）的风险评估及影响因素：以中国东南部宁德为例,China,"OCPs,Pesticides",False,True
P10778,2015_Liu Q et al_SciRep_null,"Distribution of petroleum degrading genes and factor analysis of petroleum contaminated soil from the Dagang Oilfield, China",中国大港油田石油污染土壤中石油降解基因的分布及因子分析,China,Petroleum_TPH,False,True
P10797,2015_Wei Y et al_SciTotalEnviron_null,"Assessing the effects of urbanization on the environment with soil legacy and current-use insecticides: A case study in the Pearl River Delta, China",评估城市化对土壤遗留和现用杀虫剂环境的影响：中国珠江三角洲案例研究,China,"OCPs,Pesticides",False,True
P10812,2016_Chen F et al_JHazardMater_null,Efficient remediation of PAH-metal co-contaminated soil using microbial-plant combination: A greenhouse study,利用微生物-植物组合高效修复PAH-重金属复合污染土壤：温室研究,China,PAHs,True,True
P11361,2022_李锟_Unknown_null,Study on Migration and Transformation of Polycyclic Aromatic Hydrocarbons in the Soil of Water Fluctuation Zone of Xiangxi River Reservoir Bay in Three Gorges Reservoir Area,三峡库区香溪河库湾消落带土壤多环芳烃的迁移转化研究,China,PAHs,False,True
P11554,2024_梁文煦_Unknown_null,Investigation on the Treatment of Organic Pollutants and Heavy Metal Cadmium Based on Nitrogen-Carbon Modified Geopolymer Combined with Manganese Ferrite,基于氮碳改性地聚物复合铁酸锰对有机污染物和重金属镉的治理研究,China,POPs_general,True,True
P00243,10_1007_s00244_014_0083_x,"Gridded Field Observations of Polycyclic Aromatic Hydrocarbons in Soils From a Typical County in Shanxi Province, China",中国山西省典型县域土壤多环芳烃的网格化野外观测,China,"PAHs,OCPs",False,True
P00306,2020_Li Y et al_Ecotoxicology_10.1007-s10646-020-02285-2,"Occurrence, sources and potential risks of polycyclic aromatic hydrocarbons in a permafrost soil core, northeast China",中国东北永久冻土岩芯中多环芳烃的发生、来源及潜在风险,China,"PAHs,Petroleum_TPH",False,True
P00314,10_1007_s10653_014_9656_x,"Identification of polycyclic aromatic hydrocarbons in soils in Taizhou, East China",中国东部台州土壤中多环芳烃的识别,China,PAHs,False,True
P00394,2014_Bai J et al_EnvironMonitAssess_10.1007-s10661-014-4050-9,"Heavy metal pollution in surface soils of Pearl River Delta, China",中国珠江三角洲表层土壤中的重金属污染,China,Pesticides,True,True
P00395,2014_Ostermannetal_EnvironMonitAssess_10.1007-s10661-014-3960-x,Identification of soil contamination hotspots with veterinary antibiotics using heavy metal concentrations and leaching data—a field study in China,利用重金属浓度和淋溶数据识别土壤中兽用抗生素的污染热点——中国田间研究,China,"Petroleum_TPH,Antibiotics",True,True
P00396,2015_Luetal_EnvironMonitAssess_10.1007-s10661-014-4159-x,"Vertical distributions of organochlorine pesticides and polychlorinated biphenyls in an agricultural soil core from the Guanzhong Basin, China",中国关中盆地农业土壤剖面中有机氯农药和多氯联苯的垂直分布,China,"PCBs,OCPs,Pesticides",False,True
P00607,10_1007_s11356_014_2505_8,"Assessing spatial distribution, sources, and human health risk of organochlorine pesticide residues in the soils of arid and semiarid areas of northwest China",评估中国西北干旱半干旱地区土壤中有机氯农药残留的空间分布、来源及人体健康风险,China,"OCPs,Pesticides",False,True
P00612,2014_Sun L et al_EnvironSciPollutRes_10.1007-s11356-014-3171-6,Evaluation of heavy metal and polycyclic aromatic hydrocarbons accumulation in plants from typical industrial sites: potential candidate in phytoremediation for co-contamination,典型工业场地植物重金属和多环芳烃积累评估：复合污染植物修复的候选植物,China,PAHs,True,True
P00614,10_1007_s11356_014_3399_1,"Distribution of metals and brominated flame retardants (BFRs) in sediments, soils and plants from an informal e-waste dismantling site, South China",华南地区非正规电子垃圾拆卸点沉积物、土壤和植物中金属及溴系阻燃剂（BFRs）的分布,China,PBDEs,False,True
P00616,2015_Lietal_EnvironSciPollutRes_10.1007-s11356-014-3214-z,Concentrations and distribution of polybrominated diphenyl ethers (PBDEs) in soils and plants from a Deca-BDE manufacturing factory in China,中国某十溴二苯醚制造工厂土壤和植物中多溴二苯醚的浓度及分布,China,PBDEs,False,True
P00618,2014_Ma W L et al_EnvironSciPollutRes_10.1007-s11356-014-3648-3,Polycyclic aromatic hydrocarbons in Chinese surface soil: occurrence and distribution,Polycyclic aromatic hydrocarbons in Chinese surface soil: occurrence and distribution,China,PAHs,False,True
P00750,2014_Hu Y et al_JSoilsSediments_10.1007-s11368-013-0820-1,"Heavy metal contamination of urban topsoils in a typical region of Loess Plateau, China",中国黄土高原典型地区城市表层土壤重金属污染,China,Pesticides,True,True
P01206,2014_Tang Z et al_EcotoxicolEnvironSaf_10.1016-j.ecoenv.2014.07.029,"Distribution and accumulation of hexachlorobutadiene in soils and terrestrial organisms from an agricultural area, East China",华东农业地区土壤及陆生生物中六氯丁二烯的分布与累积,China,"OCPs,Pesticides,POPs_general",False,True
P01293,10.1016_j.envpol.2013.08.029,"Polycyclic aromatic hydrocarbons in surface soil across the Tibetan Plateau: Spatial distribution, source and airesoil exchange",青藏高原表层土壤中的多环芳烃：空间分布、来源及土气交换,China,PAHs,False,True
P01295,10.1016_j.envpol.2013.09.021,"Characterization of polybrominated diphenyl ethers (PBDEs) and hydroxylated and methoxylated PBDEs in soils and plants from an e-waste area, China",中国某电子废弃物区土壤和植物中多溴二苯醚及其羟基和甲氧基衍生物的特征,China,PBDEs,False,True
P01296,10.1016_j.envpol.2014.08.014,Status of phthalate esters contamination in agricultural soils across China and associated health risks,中国农业土壤中邻苯二甲酸酯污染状况及相关的健康风险,China,PAEs,False,True
P01533,10.1016_j.jhazmat.2014.05.018,Identification of persulfate oxidation products of polycyclic aromatic hydrocarbon during remediation of contaminated soil,受污染土壤修复过程中多环芳烃过硫酸盐氧化产物的识别,China,PAHs,False,True
P01663,10.1016_j.marpolbul.2014.01.019,"Source apportionment of polycyclic aromatic hydrocarbons in soils of wetlands in the Liao River Delta, Northeast China",辽河三角洲湿地土壤中多环芳烃的源解析,China,PAHs,False,True
P01988,10_1021_es405171t,Levels and Distributions of Hexachlorobutadiene and Three Chlorobenzenes in Biosolids from Wastewater Treatment Plants and in Soils within and Surrounding a Chemical Plant in China,中国污水处理厂污泥及某化工厂内外土壤中六氯丁二烯和三种氯苯的水平和分布,China,POPs_general,False,True
P01989,10_1021_es5040766,Assessment of the Air−Soil Partitioning of Polycyclic Aromatic Hydrocarbons in a Paddy Field Using a Modified Fugacity Sampler,利用改进的逸度采样器评估稻田中多环芳烃的气-土分配,China,"PAHs,VOC_SVOC",False,True
P01990,10_1021_es404905u,"Polybrominated Diphenyl Ethers in Soils, Sediments, and Human Hair in a Plastic Waste Recycling Area: A Neglected Heavily Polluted Area",塑料废物回收区土壤、沉积物和人体毛发中的多溴二苯醚：一个被忽视的重污染区,China,PBDEs,False,True
P01992,2014_Status SCCC_EnvironSciTechnol_10.1021-es5047099,Soil Contamination in China: Current Status and Mitigation Strategies,中国土壤污染：现状与缓解策略,China,Petroleum_TPH,True,True
P02220,10_1038_srep05462,"Isolation, plant colonization potential, and phenanthrene degradation performance of the endophytic bacterium Pseudomonas sp. Ph6-gfp",内生细菌恶臭假单胞菌 Ph6-gfp 的分离、植物定殖潜力及菲降解性能,China,PAHs,False,True
P02273,10_1039_c3em00450c,"Factors influencing the accumulation of organochlorine pesticides in the surface soil across the Central Tibetan Plateau, China",影响西藏中部高原表层土壤中有机氯农药积累的因素,China,"OCPs,Pesticides",False,True
P02276,2014_Fu X et al_EnvironSciProcessesImpacts_10.1039-c3em00618b,"Migration, speciation and distribution of heavy metals in an oil-polluted soil affected by crude oil extraction processes",原油开采过程中石油污染土壤重金属的迁移、形态及分布,China,Petroleum_TPH,True,True
P02277,10_1039_c3em00623a,"Distribution and transport of PAHs in soil profiles of different water irrigation areas in Beijing, China",中国北京不同灌区土壤剖面中多环芳烃的分布与迁移,China,PAHs,False,True
P02279,10_1039_c3em00656e,"Levels of flame retardants HBCD, TBBPA and TBC in surface soils from an industrialized region of East China",华东某工业区表层土壤中阻燃剂 HBCD、TBBPA 和 TBC 的水平,China,"PBDEs,Phenols",False,True
P03120,2017_顾平_环境科学_10.13671-j.hjkxxb.2017.0404,Joint remediation of contaminated soil by an effective degradation bacteria of B[a]P and Mirabilis jalapa,一株苯并[a]芘降解菌-紫茉莉联合修复污染土壤的研究,China,PAHs,True,True
P03144,2014_Peninsul S et al_Science_10.1371-journal.pone.0095701,"Phthalic Acid Esters in Soils from Vegetable Greenhouses in Shandong Peninsula, East China",中国东部山东半岛蔬菜温室土壤中的邻苯二甲酸酯,China,PAEs,False,True
P03146,10.1371_journal.pone.0096552,Crude Oil Treatment Leads to Shift of Bacterial Communities in Soils from the Deep Active Layer and Upper Permafrost along the China-Russia Crude Oil Pipeline Route,原油处理导致中俄原油管道沿线深层活动层和上部永冻土土壤细菌群落的变化,China,"PAHs,Petroleum_TPH",True,True
P03153,2014_Wu J et al_PLoSOne_10.1371-journal.pone.0112917,"Evaluation of Soil Contamination Indices in a Mining Area of Jiangxi, China",中国江西某矿区土壤污染指标评价,China,Petroleum_TPH,False,True
P03207,2017_第第第_土壤_10.14088-j.cnki.issn0439-8114.2017.21.009,Site Soil Contamination Investigation and Ecological Health Risk Assessment for A Pesticide Factory,某农药厂场地土壤污染调查与生态健康风险研究,China,"PAHs,Petroleum_TPH,Pesticides",True,True
P04015,2014_Xiao Y et al._EnvironRes_10.3390-ijerph110302642,Distribution and Source Apportionment of Polycyclic Aromatic Hydrocarbons (PAHs) in Forest Soils from Urban to Rural Areas in the Pearl River Delta of Southern China,中国南方珠三角地区从城市到农村森林土壤中多环芳烃的分布与源解析,China,PAHs,False,True
P04017,2014_Tang X et al_EnvironRes_10.3390-ijerph110303118,Influence of Heavy Metals and PCBs Pollution on the Enzyme Activity and Microbial Community of Paddy Soils around an E-Waste Recycling Workshop,电子废弃物回收车间周围稻田土壤中重金属和多氯联苯污染对酶活性和微生物群落的影响,China,PCBs,True,True
P05095,10_1002_clen_201300610,Polychlorinated Biphenyls Attenuation in Soil from E-Waste Recycling Area under Flooded and Dryland Conditions,电子垃圾回收区土壤中多氯联苯在淹水和旱地条件下的衰减,China,PCBs,False,True
P05202,10_1016_j_marpolbul_2014_03_043,"Distribution, sources and potential toxicological significance of polycyclic aromatic hydrocarbons (PAHs) in surface soils of the Yellow River Delta, China",黄河三角洲表层土壤中多环芳烃的分布、来源及潜在毒理学意义,China,PAHs,False,True
P06114,2008_Niu L et al_EnvironPollut_null_1,Status of phthalate esters contamination in agricultural soils across China and associated health risks,中国农业土壤中邻苯二甲酸酯污染状况及相关的健康风险,China,PAEs,False,True
P06579,2011_Zhang Q et al_EnvironPollut_null,Risk assessment of polychlorinated biphenyls and heavy metals in soils of an abandoned e-waste site in China,中国某废弃电子废弃物场地土壤中多氯联苯和重金属的风险评估,China,PCBs,True,True
P06745,2012_Zhao L et al_EnvironPollut_null,"Occurrence, sources, and potential human health risks of polycyclic aromatic hydrocarbons in agricultural soils of the coal production area surrounding Xinzhou, China",中国忻州煤炭生产区农业土壤中多环芳烃的发生、来源及潜在人体健康风险,China,PAHs,False,True
P06936,2014_Cheng Z et al_EnvironPollut_null,The influence of land use on the concentration and vertical distribution of PBDEs in soils of an e-waste recycling region of South China,中国南方电子垃圾回收区土地利用对土壤中PBDEs浓度及垂直分布的影响,China,PBDEs,False,True
P07066,2014_Wang X-T et al_SciTotalEnviron_null,"Short- and medium-chain chlorinated paraffins in urban soils of Shanghai: Spatial distribution, homologue group patterns and ecological risk assessment",上海城市土壤中短链和中链氯化石蜡：空间分布、同系物模式及生态风险评估,China,PCNs_other,False,True
P07071,2019_Wu Z et al_EcotoxicolEnvironSaf_null_1,Occurrence and distribution of polybrominated diphenyl ethers in soils from an e-waste recycling area in northern China,中国北方某电子废弃物回收区土壤中多溴二苯醚的发生与分布,China,"PBDEs,POPs_general",False,True
P07086,2014_Zheng Q et al_EnvironPollut_null,Does an analysis of polychlorinated biphenyl (PCB) distribution in mountain soils across China reveal a latitudinal fractionation paradox?,中国山地土壤中多氯联苯（PCB）分布的分析是否揭示了纬度分馏悖论？,China,PCBs,False,True
P07087,2014_Zheng Q et al_EnvironPollut_10.1016-j.envpol.2014.08.021,Does an analysis of polychlorinated biphenyl (PCB) distribution in mountain soils across China reveal a latitudinal fractionation paradox?,中国山地土壤中多氯联苯分布的分析是否揭示了纬度分馏悖论？,China,PCBs,False,True
P07174,2015_Lu YF et al_JHazardMater_null,"Remediation of PAH-contaminated soil by the combination of tall fescue, arbuscular mycorrhizal fungus and epigeic earthworms",高羊茅、丛枝菌根真菌和表层蚯蚓联合修复多环芳烃污染土壤,China,PAHs,False,True
P07631,2017_Unknown_EnvironInt_null,Occurrence of nitro- and oxy-PAHs in agricultural soils in eastern China and excess lifetime cancer risks from human exposure through soil ingestion,中国东部农业土壤中硝基和氧化多环芳烃的发生及经土壤摄入暴露的过量终身致癌风险,China,PAHs,False,True
P09876,0000_Zhao F J et al_null,Soil Contamination in China: Current Status and Mitigation Strategies,中国土壤污染：现状与缓解策略,China,Petroleum_TPH,False,True
P10672,2014_Chen R et al_Science_null,China’s Soil Pollution: Farms on the Frontline,中国的土壤污染：处于前线农田,China,Petroleum_TPH,False,True
P10676,2014_Delt LR et al_MarPollutBull_null,"Source apportionment of polycyclic aromatic hydrocarbons in soils of wetlands in the Liao River Delta, Northeast China",辽河三角洲湿地土壤中多环芳烃的源解析,China,PAHs,False,True
P10733,2014_Zhang Q et al_EnvironPollut_null,Risk assessment of polychlorinated biphenyls and heavy metals in soils of an abandoned e-waste site in China,中国某废弃电子废弃物场地土壤中多氯联苯和重金属的风险评估,China,PCBs,True,True
P10777,2015_Liu B et al_WaterSciTechnol_null,"Distribution of volatile organic compounds (VOCs) in surface water, soil, and groundwater within a chemical industry park in Eastern China",中国东部某化工园区地表水、土壤和地下水中挥发性有机化合物(VOCs)的分布,China,VOC_SVOC,False,True
P00240,10.1007_s00244-013-9971-8,Gridded Field Observations of Polybrominated Diphenyl Ethers in Soils of North China,华北地区土壤中多溴二苯醚的网格化野外观测,China,"OCPs,PBDEs",False,True
P00390,2013_Yang H et al_EnvironMonitAssess_10.1007-s10661-013-3190-7,"Distribution of phthalate esters in topsoil: a case study in the Yellow River Delta, China",黄河三角洲表层土壤中酞酸酯的分布：案例研究,China,"Pesticides,PAEs",False,True
P00472,2014_Sun K et al_PlantSoil_10.1007-s11104-013-1875-x,Utilizing pyrene-degrading endophytic bacteria to reduce the risk of plant pyrene contamination,利用芘降解内生细菌降低植物芘污染风险,China,"PAHs,POPs_general",False,True
P00593,10.1007_s11356-012-1455-2,Assessment of the ecological security of immobilized enzyme remediation process with biological indicators of soil health,基于土壤健康生物指标的固定化酶修复过程生态安全评估,China,Pesticides,False,True
P00594,2013_Wu L et al_EnvironSciPollutRes_10.1007-s11356-013-1532-1,Occurrence and distribution of heavy metals and tetracyclines in agricultural soils after typical land use change in east China,中国东部典型土地利用变化后农业土壤中重金属和四环素的发生与分布,China,Antibiotics,True,True
P00595,2013_Leung AOW et al_EnvironSciPollutRes_10.1007-s11356-013-1465-8,"Spatial distribution of polycyclic aromatic hydrocarbons in soil, sediment, and combusted residue at an e-waste processing site in southeast China",中国东南部某电子废弃物处理场地土壤、沉积物及燃烧残渣中多环芳烃的空间分布,China,PAHs,False,True
P00598,2013_Ma T et al_EnvironSciPollutRes_10.1007-s11356-013-1520-5_1,"Rape (Brassica chinensis L.) seed germination, seedling growth, and physiology in soil polluted with di-n-butyl phthalate and bis(2-ethylhexyl) phthalate",受邻苯二甲酸二正丁酯和邻苯二甲酸二(2-乙基己基)酯污染土壤中油菜种子的发芽、幼苗生长及生理特性,China,PAEs,False,True
P00604,2013_Huangetal_EnvironSciPollutRes_10.1007-s11356-013-1905-5,"Occurrence and distribution of veterinary antibiotics and tetracycline resistance genes in farmland soils around swine feedlots in Fujian Province, China",福建省猪场周边农田土壤中兽用抗生素和四环素抗性基因的发生及分布,China,Antibiotics,False,True
P00751,2013_Fan B et al_JSoilsSediments_10.1007-s11368-013-0705-3,Co-remediation of DDT-contaminated soil using white rot fungi and laccase extract from white rot fungi,利用白腐真菌和漆酶提取物对DDT污染土壤进行联合修复,China,"OCPs,Pesticides",True,True
P00791,2013_Teng M et al_ChinSciBull_10.1007-s11434-013-5815-1,"Irrigation-induced pollution of organochlorine pesticides and polychlorinated biphenyls in paddy field ecosystem of Liaohe River Plain, China",辽河平原稻田生态系统中灌溉引起的有机氯农药和多氯联苯污染,China,"PCBs,OCPs,Pesticides",False,True
P00906,2013_Wei H et al_IntJEnvironSciTechnol_10.1007-s13762-013-0216-1,Specific detection of bioavailable phenanthrene and mercury by bacterium reporters in the red soil,红壤中利用细菌报告基因特异性检测生物有效性菲和汞,China,PAHs,True,True
P01036,2013_Chen Y et al_ApplSoilEcol_10.1016-j.apsoil.2013.02.004,The potential application of the endophyte Phomopsis liquidambari to the ecological remediation of long-term cropping soil,内生真菌 Phomopsis liquidambari 在长期耕作土壤生态修复中的潜在应用,China,Phenols,False,True
P01294,10.1016_j.envpol.2013.03.058,Assessing the combined risks of PAHs and metals in urban soils by urbanization indicators,城市化指标评估城市土壤中多环芳烃和重金属的综合风险,China,PAHs,True,True
P01532,2013_Dong Z et al_JHazardMater_10.1016-j.jhazmat.2013.05.003,Remediation of soil co-contaminated with petroleum and heavy metals by the integration of electrokinetics and biostimulation,电动耦合生物刺激修复石油-重金属复合污染土壤,China,Petroleum_TPH,True,True
P01690,2013_Zhang J et al_SciTotalEnviron_10.1016-j.scitotenv.2013.04.010,Effects of pollution sources and soil properties on distribution of polycyclic aromatic hydrocarbons and risk assessment,污染源和土壤性质对多环芳烃分布的影响及风险评估,China,PAHs,False,True
P01693,10.1016_j.scitotenv.2012.12.070,"Assessment of organochlorine pesticide contamination in relation to soil properties in the Pearl River Delta, China",中国珠江三角洲土壤性质与有机氯农药污染评价,China,"OCPs,Pesticides",False,True
P01987,10_1021_es304425r,"Short- and Medium-Chain Chlorinated Paraffins in Air and Soil of Subtropical Terrestrial Environment in the Pearl River Delta, South China: Distribution, Composition, Atmospheric Deposition Fluxes, and Environmental Fate",中国南方珠江三角洲亚热带陆地环境空气和土壤中的短链和中链氯化石蜡：分布、组成、大气沉降通量及环境归趋,China,PCNs_other,False,True
P02269,10_1039_c2em30785e,"Levels and distribution of polybrominated diphenyl ethers in soil, sediment and dust samples collected from various electronic waste recycling sites within Guiyu town, southern China",中国南部贵屿镇各类电子废物回收点采集的土壤、沉积物和灰尘样品中多溴二苯醚的含量和分布,China,PBDEs,False,True
P02271,2013_Wangetal_EnvironmentalScienceProcesses&amp;Impac_10.1039-c3em00297g,"Temporal trends of PCBs, PCDD/Fs and PBDEs in soils from an E-waste dismantling area in East China",中国东部某电子垃圾拆解区土壤中PCBs、PCDD/Fs及PBDEs的时间趋势,China,"PCBs,PBDEs,Dioxins",False,True
P02272,10.1039_c3em00043e,Heavy metals and organic compounds contamination in soil from an e-waste region in South China,华南电子垃圾区土壤中重金属和有机化合物的污染,China,"PCBs,PBDEs,POPs_general",True,True
P02274,10_1039_c3em00319a,"Spatial distribution of polychlorinated dibenzo-pdioxins and dibenzo-furans (PCDDs/Fs) in dust, soil, sediment and health risk assessment from an intensive electronic waste recycling site in Southern China",中国南方某集约化电子废弃物回收区多氯二苯并二恶英/呋喃(PCDDs/Fs)在灰尘、土壤和沉积物中的空间分布及健康风险评估,China,Dioxins,False,True
P02280,10_1039_c3em00070b,"PAHs in the Chinese environment: levels, inventory mass, source and toxic potency assessment",中国环境中的多环芳烃：水平、质量清单、来源及毒性效力评估,China,PAHs,False,True
P02335,2013_Zhuetal_PNAS_10.1073-pnas.1222743110,Diverse and abundant antibiotic resistance genes in Chinese swine farms,中国养猪场中丰富多样的抗生素抗性基因,China,Antibiotics,True,True
P02376,2014_Tangetal_ChemEcol_10.1080-02757540.2013.844798,"PBDEs and PCDD/Fs in surface soil taken from the Taizhou e-waste recycling area, China",中国台州电子废物回收区表层土壤中的PBDEs和PCDD/Fs,China,"PAHs,PCBs,PBDEs,POPs_general,Dioxins",True,True
P02506,2013_Li X et al_Water_10.1080-15275922.2013.843613,"Source Apportionment of Polycyclic Aromatic Hydrocarbons in Agricultural Soils of Yanqing County in Beijing, China",北京延庆县农业土壤中多环芳烃的源解析,China,PAHs,False,True
P02562,2013_Xie K et al_SoilSedimentContam_10.1080-15320383.2013.750265,Contamination of Paddy Soil by Endocrine-Disrupting Chemicals Affects Soil Microbe Abundance and Diversity,内分泌干扰化学物质对稻田土壤的污染影响土壤微生物的丰度和多样性,China,Phenols,False,True
P02901,2013_Yang X-J et al_TheScientificWorldJournal_10.1155-2013-840376,Determination of Decabrominated Diphenyl Ether in Soils by Soxhlet Extraction and High Performance Liquid Chromatography,索氏提取-高效液相色谱法测定土壤中的十溴二苯醚,China,PBDEs,False,True
P03140,10.1371_journal.pone.0083054,Distribution of Endophytic Bacteria in Alopecurus aequalis Sobol and Oxalis corniculata L. from Soils Contaminated by Polycyclic Aromatic Hydrocarbons,多环芳烃污染土壤中看麦娘和酢浆草内生菌的分布,China,PAHs,False,True
P04752,2012_Wu J et al_Water_10.3846-16486897.2012.721374,Remediation of soil contaminated with decabrominated diphenyl ether using white rot fungi,利用白腐真菌修复十溴联苯醚污染土壤的研究,China,PBDEs,False,True
P04775,2014_Liu T et al_AdvMaterRes_10.4028-www.scientific.net-AMR.838-841.976,Simultaneous adsorption of oxytetracycline and copper(II) onto loess soil: Kinetics properties and the effects of pH,土霉素和铜(II)在黄土上的同步吸附：动力学特性及pH值的影响,China,Antibiotics,True,True
P04814,2013_Protection JE et al_Science_10.4236-jep.2013.44A008,Development of Profitable Phytoremediation of Contaminated Soils with Biofuel Crops,利用生物燃料作物开发盈利性污染土壤植物修复技术,China,Dioxins,False,True
P05250,10_1080_02757540_2013_769968,"An interval dynamic multimedia fugacity (IDMF) model for environmental fate of PAHs and their source apportionment in a typical oilfield, China",区间动态多介质逸度(IDMF)模型用于典型油田PAHs环境归趋及源解析研究,China,PAHs,False,True
P05515,1997_site)andrangedfrom95.2±54.2to5 et al_EnvironPollut_null,"Spatial distribution of polycyclic aromatic hydrocarbons in soil, sediment, and combusted residue at an e-waste processing site in southeast China",中国东南部某电子废弃物处理点土壤、沉积物及焚烧残留物中多环芳烃的空间分布,China,PAHs,False,True
P05874,2006_DeltaChin PR et al_SciTotalEnviron_null,"Assessment of organochlorine pesticide contamination in relation to soil properties in the Pearl River Delta, China",珠江三角洲土壤性质与有机氯农药污染评价,China,"OCPs,Pesticides",False,True
P06121,2008_Peng C et al_EnvironPollut_null,Assessing the combined risks of PAHs and metals in urban soils by urbanization indicators,利用城市化指标评估城市土壤中多环芳烃和金属的复合风险,China,PAHs,True,True
P06142,2008_Wang J et al_EnvironPollut_null_1,Soil contamination by phthalate esters in Chinese intensive vegetable production systems with different modes of use of plastic film,不同覆膜方式下中国集约化蔬菜生产系统中土壤的酞酸酯污染,China,"Petroleum_TPH,PAEs",False,True
P06285,2009_Yang D et al_EcotoxicolEnvironSaf_null,"Organochlorine pesticides in soil, water and sediment along the Jinjiang River mainstream to Quanzhou Bay, southeast China",中国东南部晋江主流至泉州湾土壤、水和沉积物中的有机氯农药,China,"OCPs,Pesticides",False,True
P06635,2012_Gong X-B_IntBiodeteriorBiodegrad_null,Remediation of weathered petroleum oil-contaminated soil using a combination of biostimulation and modified Fenton oxidation,利用生物刺激和改良芬顿氧化联合修复风化石油污染土壤,China,Petroleum_TPH,False,True
P06743,2012_Zhao C et al_Chemosphere_10.1016-j.chemosphere.2012.10.029,Spatial distribution of organochlorine pesticides (OCPs) and effect of soil characters: A case study of a pesticide producing factory,农药厂案例研究：有机氯农药的空间分布及土壤性质的影响,China,"OCPs,Pesticides",False,True
P06782,2013_DeltaChin YR et al_Science_null,"Sources and Risk Assessment of Organochlorine Pesticides in Surface Soils from the Nature Reserve of the Yellow River Delta, China",黄河三角洲自然保护区表层土壤中有机氯农药的来源及风险评估,China,"OCPs,Pesticides,POPs_general",False,True
P06794,2013_Gao J et al_SciTotalEnviron_null,"Factors Influencing the Persistence of Organochlorine Pesticides in Surface Soil from the Region around the Hongze Lake, China",中国洪泽湖周边地区表层土壤中有机氯农药持久性的影响因素,China,"OCPs,Pesticides",False,True
P06840,2013_Peng C et al_EnvironPollut_null,Assessing the combined risks of PAHs and metals in urban soils by urbanization indicators,基于城市化指标评估城市土壤中多环芳烃和金属的复合风险,China,PAHs,True,True
P06860,2013_Shang H et al_EnvironInt_null,"Bioaccumulation of PCDD/Fs, PCBs and PBDEs by earthworms in field soils of an E-waste dismantling area in China",中国某电子废物拆解区田间土壤中蚯蚓对PCDD/Fs、PCBs和PBDEs的生物累积,China,"PCBs,PBDEs,Dioxins",False,True
P06898,2013_Zhong M et al_EnvironPollut_null,Health Risk Assessment on PAHs Contaminated Site - A Case Study in a Relocated Coke and Chemical Plant in Beijing,北京某搬迁焦化厂址PAHs污染场地健康风险评估案例研究,China,PAHs,False,True
P07085,2014_Zhang Z et al_EnvironGeochemHealth_10.1007-s10653-013-9577-0,"Distribution and sources of phthalate esters in the topsoils of Beijing, China",中国北京表层土壤中邻苯二甲酸酯的分布及来源,China,PAEs,False,True
P09807,0000_null_null_null_9,"Bioaccumulation of PCDD/Fs, PCBs and PBDEs by earthworms in field soils of an E-waste dismantling area in China",中国某电子垃圾拆解区田间土壤中蚯蚓对PCDD/Fs、PCBs和PBDEs的生物富集,China,"PCBs,PBDEs,Dioxins",False,True
P10239,2005_OCPs A et al_Atmosphere_null,"Occurrence of Organochlorine Pesticides in Surface Soils from College School Yards of Xi’an, China",中国西安高校校园表层土壤中有机氯农药的发生,China,"OCPs,Pesticides",False,True
P10260,2005_Zhang J et al_JGeochemExplor_null,"Organochlorine pesticides (OCPs) in soils of the coastal areas along Sanduao Bay and Xinghua Bay, southeast China",中国东南部三都澳和兴化湾沿岸土壤中的有机氯农药,China,"OCPs,Pesticides",False,True
P10512,2011_DeltaChin YR et al_Water_null,"Distribution of phthalate esters in topsoil: a case study in the Yellow River Delta, China",黄河三角洲表层土壤中邻苯二甲酸酯的分布：一项案例研究,China,"Pesticides,PAEs",False,True
P10612,2013_DeltaChin NYR et al_Science_null,"Distribution, Sources Analysis and eco-toxicological risk assessment of Polycyclic Aromatic Hydrocarbons (PAHs) in Surface Soils in the Northern Yellow River Delta, China",黄河三角洲北部表层土壤中多环芳烃的分布、来源分析及生态毒理风险评估,China,PAHs,False,True
P10616,2013_Dong Z Y et al_JHazardMater_null,Remediation of soil co-contaminated with petroleum and heavy metals by the integration of electrokinetics and biostimulation,整合电动学和生物刺激修复石油与重金属复合污染土壤,China,Petroleum_TPH,True,True
P10617,2013_Geology KLLQ et al_Science_null,"Occurrence of Organochlorine Pesticides in Farmland Soils of Xi'an, China",西安市农田土壤中有机氯农药的发生,China,"OCPs,Pesticides",False,True
P10635,2013_Pan J et al_SciTotalEnviron_null,"Altitudinal distributions of PCDD/Fs, dioxin-like PCBs and PCNs in soil and yak samples from Wolong high mountain area, eastern Tibet-Qinghai Plateau, China",中国青藏高原东部卧龙高山地区土壤和牦牛样本中PCDD/Fs、类二噁英PCBs和PCNs的海拔分布,China,"PCBs,POPs_general,Dioxins,PCNs_other",False,True
P10653,2013_Unknown_EnvironInt_null,"Bioaccumulation of PCDD/Fs, PCBs and PBDEs by earthworms in field soils of an E-waste dismantling area in China",中国某电子垃圾拆解区田间土壤中蚯蚓对PCDD/Fs、PCBs和PBDEs的生物富集,China,"PCBs,PBDEs,Dioxins",False,True
P10661,2013_Yang L et al_EcotoxicolEnvironSaf_null,Assessment and source identification of trace metals in the soils of greenhouse vegetable production in eastern China,中国东部设施蔬菜生产土壤中重金属的评估与源解析,China,Pesticides,True,True
P11546,2024_冯博_土壤_null,Effect of freezing and thawing on the transport of polycyclic aromatic hydrocarbons and heavy metals copper and cadmium in solidified stabilised soil,冻融对固化稳定化土壤中多环芳烃和重金属铜、镉的迁移影响,China,"PAHs,POPs_general",True,True
P00312,2013_Ma TT et al_EnvironGeochemHealth_10.1007-s10653-012-9508-5,Phthalate esters contamination in soil and plants on agricultural land near an electronic waste recycling site,电子废物回收点附近农田土壤和植物中的邻苯二甲酸酯污染,China,PAEs,False,True
P00588,10_1007_s11356_012_1260_y,"Organochlorine pesticides and polychlorinated biphenyls in soils surrounding the Tanggu Chemical Industrial District of Tianjin, China",天津塘沽化工区周边土壤中的有机氯农药和多氯联苯,China,"PCBs,OCPs,Pesticides,POPs_general",False,True
P00742,2012_Wang K et al_JSoilsSediments_10.1007-s11368-012-0471-7,Interactive effects of Cd and PAHs on contaminants removal from co-contaminated soil planted with hyperaccumulator plant Sedum alfredii,Cd与PAHs对种植超积累植物Sedum alfredii的复合污染土壤中污染物去除的交互影响,China,PAHs,True,True
P00748,10.1007_s11368-012-0556-3,Remediation of polychlorinated biphenyl-contaminated soil by soil washing and subsequent TiO2 photocatalytic degradation,利用土壤淋洗及后续二氧化钛光催化降解修复多氯联苯污染土壤,China,PCBs,False,True
P00780,10_1007_s11434_011_4830_3,Occurrence and assessment of veterinary antibiotics in swine manures: A case study in East China,华东地区猪粪中兽用抗生素的发生与评估：案例研究,China,Antibiotics,False,True
P00855,2003_Chen Y et al_EnvironProcesses_10.1007-s12665-012-2119-8,Empirical estimation of pollution load and contamination levels of phthalate esters in agricultural soils from plastic film mulching in China,中国农用塑料薄膜地膜覆盖土壤中邻苯二甲酸酯的污染负荷及污染水平的经验估算,China,PAEs,False,True
P00896,2012_Sun B et al_Ambio_10.1007-s13280-012-0249-6,Agricultural Non-Point Source Pollution in China: Causes and Mitigation Measures,中国农业面源污染：成因与缓解措施,China,Pesticides,False,True
P01291,2012_Wang X et al_EnvironPollut_10.1016-j.envpol.2012.06.012,"Persistent organic pollutants in the Tibetan surface soil: Spatial distribution, airsoil exchange and implications for global cycling",青藏高原表层土壤中的持久性有机污染物：空间分布、气-土交换及其对全球循环的启示,China,"PCBs,OCPs,PBDEs,Pesticides,POPs_general",False,True
P01428,2012_Cui C et al_EnvironToxicol_10.1016-j.etap.2012.05.009,The combined effect of decabromodiphenyl ether (BDE-209) and copper (Cu) on soil enzyme activities and microbial community structure,十溴二苯醚（BDE-209）和铜（Cu）对土壤酶活性和微生物群落结构的联合效应,China,PBDEs,True,True
P01911,2012_Songetal_JEnvironSci_10.1016-S1001-0742(11)60720-1,"Chlorobenzenes and organochlorinated pesticides in vegetable soils from an industrial site, China",中国某工业区菜地土壤中的氯苯和有机氯农药,China,"OCPs,Pesticides",False,True
P01913,2011_Xie W et al_Water_10.1016-S1001-0742(11,Topsoil dichlorodiphenyltrichloroethane and polychlorinated biphenyl concentrations and sources along an urban-rural gradient in the Yellow River Delta,黄河三角洲城乡梯度下表层土壤滴滴涕和多氯联苯的浓度及来源,China,"PCBs,OCPs,Dioxins",False,True
P01921,2012_YANGetal_Pedosphere_10.1016-s1002-0160(12)60004-6,"Residues of Organochlorine Pesticides (OCPs) in Agricultural Soils of Zhangzhou City, China",中国漳州市农业土壤中有机氯农药残留,China,"OCPs,Pesticides",False,True
P02000,10_1021_jf204921x,"Residues of Currently and Never Used Organochlorine Pesticides in Agricultural Soils from Zhejiang Province, China",中国浙江省农业土壤中目前使用和从未使用的有机氯农药残留,China,"OCPs,Pesticides",False,True
P02266,10_1039_c2em30554b,"Carcinogenic potential of soils contaminated with polycyclic aromatic hydrocarbons (PAHs) in Xiamen metropolis, China",中国厦门大都市区多环芳烃污染土壤的致癌潜力,China,PAHs,False,True
P02268,10_1039_c2em30433c,"Occurrence and risk assessment of polycyclic aromatic hydrocarbons in soil from the Tiefa coal mine district, Liaoning, China",辽宁铁法矿区土壤中多环芳烃的发生及风险评估,China,PAHs,False,True
P02368,2012_Wang X S et al_IntJEnvironStud_10.1080-00207233.2012.702414,Association of black carbon with polycyclic aromatic hydrocarbons and heavy metals in urban topsoils and environmental implications,城市表层土壤中黑碳与多环芳烃和重金属的关联及其环境意义,China,PAHs,True,True
P02403,10.1080_09603123.2011.634392,"Occurrence and profiles of polycyclic aromatic hydrocarbons (PAHs), polychlorinated biphenyls (PCBs) and organochlorine pesticides (OCPs) in soils from a typical e-waste recycling area in Southeast China",中国东南部典型电子废弃物回收区土壤中多环芳烃、多氯联苯和有机氯农药的发生及分布特征,China,"PAHs,PCBs,OCPs,Pesticides",False,True
P02445,2012_Qu C et al_HumEcolRiskAssess_10.1080-10807039.2012.688697,"Monte Carlo Simulation-Based Health Risk Assessment of Heavy Metal Soil Pollution: A Case Study in the Qixia Mining Area, China",基于蒙特卡洛模拟的重金属土壤污染健康风险评估：中国栖霞矿区案例研究,China,Petroleum_TPH,True,True
P02482,2012_Wu L et al_IntJPhytoremediat_10.1080-15226514.2011.619227,"PHYTOREMEDIATION OF SOIL CONTAMINATED WITH CADMIUM, COPPER AND POLYCHLORINATED BIPHENYLS",镉、铜和多氯联苯污染土壤的植物修复,China,PCBs,True,True
P02549,2012_Sun Y et al_SoilSedimentContam_10.1080-15320383.2012.697937,"Polycyclic Aromatic Hydrocarbon (PAH) Contamination in the Urban Topsoils of Shenyang, China",沈阳市城市表层土壤中多环芳烃(PAH)的污染,China,PAHs,False,True
P02551,2012_Hu J et al_SoilSedimentContam_10.1080-15320383.2012.691131,2-bromoethanesulfonate (BES) Enhances Sulfate-reducing Bacterial Population and Dichlorodiphenyltrichloroethane (DDT) Dechlorination in an Anaerobic Paddy Soil,2-溴乙烷磺酸盐(BES)增强厌氧水稻土中硫酸盐还原菌种群和DDT脱氯作用,China,OCPs,False,True
P02793,2007_Wang T-Y et al_Water_10.1100-2012-628216_1,"HCHs and DDTs in Soils around Guanting Reservoir in Beijing, China: Spatial-Temporal Variation and Countermeasures",北京官厅水库周边土壤中HCHs和DDTs的时空变化及对策,China,"OCPs,POPs_general",False,True
P02853,2012_Qin X et al_LettApplMicrobiol_10.1111-j.1472-765X.2012.03280.x,Effect of salinity on the bioremediation of petroleum hydrocarbons in a saline-alkaline soil,盐度对盐碱土壤中石油烃生物修复的影响,China,Petroleum_TPH,False,True
P03109,2015_叶昊_土壤_10.13421-j.cnki.hjwsxzz.2015.03.025,Pollution and Ecological Environment in Electronic Waste Dismantling Places and Health Effects of Heavy Metals and Bromine Flame Retardants,电子垃圾拆解场地土壤重金属和溴代阻燃剂的污染现状及其对生态环境和人体健康影响,China,"PBDEs,POPs_general",True,True
P04987,10.5772_47979,Bioremediation of Crude Oil Contaminated Soil by Petroleum-Degrading Active Bacteria,石油降解活性细菌对原油污染土壤的生物修复,China,Petroleum_TPH,False,True
P05290,10_1080_10934529_2012_672385,County-scale distribution of polycyclic aromatic hydrocarbons in topsoil of the Yellow River Delta Region,黄河三角洲地区表层土壤中多环芳烃的县域分布,China,PAHs,False,True
P06120,2008_PCBs D_EnvironPollut_null,"Distribution of PCBs and PBDEs in soils along the altitudinal gradients of Balang Mountain, the east edge of the Tibetan Plateau",青藏高原东缘巴朗山海拔梯度土壤中多氯联苯和多溴二苯醚的分布,China,"PCBs,PBDEs,POPs_general",False,True
P06654,2012_Jia X et al_JHazardMater_null,Antibiotic resistance gene abundances associated with antibiotics and heavy metals in animal manures and agricultural soils adjacent to feedlots in Shanghai; China,上海地区养殖场周边畜禽粪源及农田土壤中与抗生素和重金属相关的抗生素抗性基因丰度,China,Antibiotics,True,True
P06697,2012_Qu J et al_Water_10.4172-2167,"Distribution of Heavy Metals, Chemical Fractions and Ecological Risks around a Molybdenum Mine in Liaoning Province, China",辽宁省某钼矿周边重金属分布、化学形态及生态风险,China,Pesticides,True,True
P06729,2012_Wang Y et al_SciTotalEnviron_null,"Polycyclic aromatic hydrocarbons (PAHs) in soils and vegetation near an e-waste recycling site in South China: Concentration, distribution, source, and risk assessment",华南某电子废弃物回收点附近土壤和植被中的多环芳烃：浓度、分布、来源及风险评估,China,PAHs,False,True
P06742,2012_Zhang W H_Pedosphere_null,Soil Contamination due to E-Waste Disposal and Recycling Activities: A Review with Special Focus on China,电子废弃物处置和回收活动造成的土壤污染：特别关注中国的综述,China,Petroleum_TPH,True,True
P06747,2012_Zhou X et al_EnergyProcedia_10.1016-j.egypro.2012.01.047,Effects of Pesticide-Contamination on Population and Activity of Bacteria in Purple Paddy Soil,农药污染对紫色水稻土细菌数量和活性的影响,China,Pesticides,False,True
P10454,2010_Cui Z et al_Science_null,"Spatial Distribution and Enantiomeric Signature of Chiral Polychlorinated Biphenyls in Soils of Jinan, China",中国济南土壤中手性多氯联苯的空间分布和对映体特征,China,PCBs,False,True
P10527,2011_Long1 Y et al_Science_null,"Sources of Polycyclic Aromatic Hydrocarbons in Street Dust from the Chang-Zhu-Tan Region, Hunan, China",中国湖南省长株潭地区街道尘中多环芳烃的来源,China,PAHs,False,True
P10575,2012_Kong S et al_EnvironPollut_null,Diversities of phthalate esters in suburban agricultural soils and wasteland soil appeared with urbanization in China,城市化进程中中国城郊农用地和荒地土壤中邻苯二甲酸酯的多样性,China,PAEs,False,True
P10599,2012_WANG X et al_Water_null,FACTORS AFFECTING SPATIAL VARIATION OF POLYCYCLIC AROMATIC HYDROCARBONS IN SURFACE SOILS IN NORTH CHINA PLAIN,华北平原表层土壤中多环芳烃空间变异的影响因素,China,PAHs,False,True
P10604,2012_Yang D_Pedosphere_null,"Residues of Organochlorine Pesticides (OCPs) in Agricultural Soils of Zhangzhou City, China",中国漳州市农业土壤中有机氯农药（OCPs）的残留,China,"OCPs,Pesticides",False,True
P10615,2013_distribute AP et al_Water_null,Perfluorinated compounds and organochlorine pesticides in soils around Huaihe River: a heavily contaminated watershed in Central China,淮河流域土壤中的全氟化合物和有机氯农药：中国中部一个重度污染流域的研究,China,"OCPs,Pesticides,PFAS",False,True
P11676,2014_英文并_土壤_null,"The Study of Repairing Potential of Three Plants to PAHs, Cu, Cd Single and Compound Polluted Soil",三种植物对PAHs、Cu、Cd污染土壤修复潜力的研究,China,PAHs,False,True
P00201,2011_Cheng HX et al_BullEnvironContamToxicol_10.1007-s00128-011-0309-9,"Profile of Organochlorine Pesticides in Soil Cores from Some Hotspot Areas of Beijing, China",中国北京某些热点区域土壤岩芯中有机氯农药的剖面分布,China,"OCPs,Pesticides",False,True
P00202,2008_Hu W et al_Water_10.1007-s00128-011-0368-y,"Organochlorine Pesticides in Soils from a Typical Alluvial Plain of the Yangtze River Delta Region, China",长江三角洲典型冲积平原土壤中的有机氯农药,China,"OCPs,Pesticides",False,True
P00387,2011_Jiangetal_EnvironMonitAssess_10.1007-s10661-011-1913-1,"Contamination, source identification, and risk assessment of polycyclic aromatic hydrocarbons in agricultural soil of Shanghai, China",上海农业土壤中多环芳烃的污染、源识别及风险评估,China,"PAHs,POPs_general",False,True
P00589,2011_Furthermore et al_Water_10.1007-s11356-011-0672-4,Effects of alfalfa and organic fertilizer on benzo[a]pyrene dissipation in an aged contaminated soil,紫花苜蓿和有机肥对老化污染土壤中苯并[a]芘消散的影响,China,PAHs,False,True
P00739,2011_Sun M et al_JSoilsSediments_10.1007-s11368-011-0382-z,In situ phytoremediation of PAH-contaminated soil by intercropping alfalfa (Medicago sativa L.) with tall fescue (Festuca arundinacea Schreb.) and associated soil microbial activity,紫花苜蓿与高羊茅间作原位修复多环芳烃污染土壤及其对土壤微生物活性的影响,China,PAHs,False,True
P00741,2006_Ding N et al_Water_10.1007-s11368-011-0412-x,Responses of microbial community in rhizosphere soils when ryegrass was subjected to stress from PCBs,多氯联苯胁迫下黑麦草根际土壤微生物群落响应,China,PCBs,False,True
P00743,2012_Khan S et al_JSoilsSediments_10.1007-s11368-011-0427-3,Human health risk due to consumption of vegetables contaminated with carcinogenic polycyclic aromatic hydrocarbons,食用受致癌多环芳烃污染的蔬菜对人体健康的风险,China,PAHs,False,True
P00848,2012_Song W et al_EnvironEarthSci_10.1007-s12665-011-1388-y,An experimental study on the remediation of phenanthrene in soil using ultrasound and soil washing,超声波与土壤淋洗联合修复菲污染土壤的实验研究,China,PAHs,False,True
P01090,2010_Liu S et al_Environments_10.1016-j.chemosphere.2010.10.006,"Black carbon (BC) in urban and surrounding rural soils of Beijing, China: Spatial distribution and relationship with polycyclic aromatic hydrocarbons (PAHs)",北京城市及周围农村土壤中的黑碳(BC)：空间分布及其与多环芳烃(PAHs)的关系,China,PAHs,False,True
P01091,2011_Li Z et al_Chemosphere_10.1016-j.chemosphere.2011.08.002,"Concentrations, spatial distributions and congener profiles of polychlorinated biphenyls in soils from a coastal city – Tianjin, China",沿海城市（中国天津）土壤中多氯联苯的浓度、空间分布及同类物特征,China,"PCBs,Dioxins",False,True
P01907,2011_Tang J et al_JEnvironSci_10.1016-S1001-0742(10)60517-7,Eco-toxicity of petroleum hydrocarbon contaminated soil,石油烃污染土壤的生态毒性,China,Petroleum_TPH,False,True
P01908,10_1016_S1001_0742(10,Soil pollution by polycyclic aromatic hydrocarbons: A comparison of two Chinese cities,两个中国城市土壤多环芳烃污染比较,China,"PAHs,Petroleum_TPH",False,True
P01980,10_1021_es203286e,Laccase-Carrying Electrospun Fibrous Membranes for Adsorption and Degradation of PAHs in Shoal Soils,用于滩涂土壤中多环芳烃吸附和降解的漆酶静电纺丝纤维膜,China,PAHs,False,True
P02263,10_1039_c0em00470g,"Fate estimation of polycyclic aromatic hydrocarbons in soils in a rapid urbanization region, Shenzhen of China",中国深圳快速城市化地区土壤中多环芳烃的归趋估算,China,PAHs,False,True
P02265,10_1039_c0em00737d,"Incidence of organochlorine pesticides in soils of Shenzhen, China",深圳土壤中有机氯农药的发生率,China,"OCPs,Pesticides",False,True
P02270,10.1039_c0em00633e,Short-range transport of contaminants released from e-waste recycling site in South China,华南电子废物回收场释放污染物的短距离迁移,China,"PCBs,PBDEs",True,True
P02536,2011_Yu Y et al_SoilSedimentContam_10.1080-15320383.2011.594110,Using Soil Available P and Activities of Soil Dehydrogenase and Phosphatase as Indicators for Biodegradation of Organophosphorus Pesticide Methamidophos and Glyphosate,利用土壤有效磷和土壤脱氢酶及磷酸酶活性作为指示剂评估有机磷农药甲胺磷和草甘膦的生物降解,China,Pesticides,False,True
P03082,2022_李怡佳_环境科学_10.13227-j.hjkx.202112006,Effect of Nitrogen on the Phytoremediation of Cd-PAHs Co-contaminated Dumpsite Soil by Alfalfa (Medicago sativa L.) and on the Soil Bacterial Community Structure,氮素对苜蓿植物修复垃圾堆场镉-多环芳烃复合污染土壤及土壤细菌群落结构的影响,China,"PAHs,POPs_general",True,True
P03284,2011_Zhang SY_JZhejiangUnivSciB_10.1631-jzus.B1000440,Changes in bacterial community of anthracene bioremediation in municipal solid waste composting soil,垃圾堆肥土壤中蒽生物修复过程中的细菌群落变化,China,PAHs,False,True
P03287,2009_杨传杰_环境科学_10.16507-j.issn.1006-6055.2009.02.042,Advances of Enhanced Phytoremediation of Heavy Metals and PAHs in Contaminated Soils,植物修复重金属与多环芳烃污染土壤强化措施研究进展,China,PAHs,True,True
P04279,2011_Xu X et al_IntJEnvironResPublicHealth_10.3390-ijerph8041258,Degradation of Glyphosate in Soil Photocatalyzed by Fe3O4/SiO2/TiO2 under Solar Light,太阳光下Fe3O4/SiO2/TiO2光催化降解土壤中的草甘膦,China,Pesticides,False,True
P04770,2011_Liu J et al_AdvMaterRes_10.4028-www.scientific.net-AMR.183-185.480,Inhibited degradation of lambda-cyhalothrin and cypermethrin in high copper soils,高铜土壤中λ-三氯氟氰菊酯和氯氰菊酯的降解受到抑制,China,Pesticides,True,True
P06532,2011_Peng C et al_EnvironPollut_null,"Polycyclic aromatic hydrocarbons in urban soils of Beijing: Status, sources, distribution and potential risk",北京城市土壤中的多环芳烃：现状、来源、分布及潜在风险,China,PAHs,False,True
P06545,2011_S. Y. Zhang et al._IntJEnvironSciTech_null,Microbial community changes in contaminated soils in response to phenanthrene amendment,菲添加对污染土壤中微生物群落变化的响应,China,PAHs,False,True
P06573,2011_Wang W et al_SciTotalEnviron_null,"Atmospheric concentrations and air–soil gas exchange of polycyclic aromatic hydrocarbons (PAHs) in remote, rural village and urban areas of Beijing–Tianjin region, North China",华北京津冀地区偏远地区、乡村和城市区域多环芳烃的大气浓度及气土交换,China,PAHs,False,True
P06578,2011_Yang Y et al_EnvironPollut_null,Effects of soil organic matter on the development of the microbial polycyclic aromatic hydrocarbons (PAHs) degradation potentials,土壤有机质对微生物多环芳烃降解潜力发育的影响,China,"PAHs,POPs_general",False,True
P06725,2012_Wang B et al_EnvironMonitAssess_10.1007-s10661-011-2482-z,"The pollution and ecological risk of endosulfan in soil of Huai’an city, China",中国淮安市土壤中硫丹的污染及生态风险,China,"OCPs,Pesticides,POPs_general",False,True
P07629,2017_Unknown_EcotoxicolEnvironSaf_null,"Contamination, source identification, and risk assessment of polycyclic aromatic hydrocarbons in the soils of vegetable greenhouses in Shandong, China",山东省蔬菜大棚土壤中多环芳烃的污染、来源识别及风险评估,China,PAHs,False,True
P09882,0000_Zeng L et al_EnvironSciTechnol_null,Spatial and Vertical Distribution of Short Chain Chlorinated Paraffins in Soils from Wastewater Irrigated Farmlands,污水灌溉农田土壤中短链氯化石蜡的空间和垂直分布,China,PCNs_other,False,True
P10463,2010_Liu Shaoda et al_Environments_null,"Black carbon (BC) in urban and surrounding rural soils of Beijing, China: Spatial distribution and relationship with polycyclic aromatic hydrocarbons (PAHs)",北京城市及近郊乡村土壤中的黑碳：空间分布及其与多环芳烃的关系,China,PAHs,False,True
P10501,2011_AreaChin OSB et al_Science_null,"Study of Polcyclic Aromatic Hydrocarbons Distribution and Their Origination in the Soil of Beihu Area, China",中国北湖地区土壤中多环芳烃的分布及其来源研究,China,PAHs,False,True
P10502,2011_Are PN et al_Water_null,"Distribution of HCHs and DDTs in Agricultural Soil of Pudong New Area, Shanghai",上海浦东新区农业土壤中六六六和滴滴涕的分布,China,OCPs,False,True
P10511,2011_core AZ et al_Water_null,"Profile of Organochlorine Pesticides in Soil Cores from Some Hotspot Areas of Beijing, China",中国北京热点区域土壤剖面中有机氯农药的分布特征,China,"OCPs,Pesticides",False,True
P10526,2011_Li1 B et al_EnvironManage_null,Vertical Pollution Characteristics of PAHs around an Oil Sludge Storage Site of Jianghan Oil Field of China,中国江汉油田含油污泥储存区周边PAHs垂直污染特征,China,"PAHs,Petroleum_TPH",False,True
P10545,2011_Wang R et al_EnvironPollut_null,"Spatial and seasonal variations of polycyclic aromatic hydrocarbons in Haihe Plain, China",海河平原多环芳烃的时空变化,China,PAHs,False,True
P10555,2012_+ CD et al_Science_null,Multi-system phytoremediation on oil-contaminated alkaline soil in Daqing oilfield,大庆油田油污碱性土壤的多系统植物修复,China,Petroleum_TPH,False,True
P11191,2020_李婷_环境科学_null,Study on Distribution and Migration Characteristics of Typical Pollutant in Petroleum Refining Sites,石油炼制场地土壤典型污染物分布及迁移特征研究,China,"Petroleum_TPH,VOC_SVOC,POPs_general",True,True
P00108,2010_Article DR_Agronomy_10.1002-clen.201000020,Characterization of Heavy Metals from Banana Farming Soils,香蕉种植土壤重金属的特征,China,Pesticides,True,True
P00197,2010_Li XH et al_BullEnvironContamToxicol_10.1007-s00128-010-0042-9,"Mercury Contamination in the Topsoil and Subsoil of Urban Areas of Beijing, China",北京城区土壤和下层土壤中的汞污染,China,PAHs,True,True
P00199,2010_Li X-H et al_Water_10.1007-s00128-010-9968-1,"Profiles of Organochlorine Pesticides in Earthworms from Urban Leisure Areas of Beijing, China",中国北京城市休闲区蚯蚓中有机氯农药的分布特征,China,"OCPs,Pesticides",False,True
P00242,2011_Lopez B N et al_ArchEnvironContamToxicol_10.1007-s00244-010-9590-6,Major Pollutants in Soils of Abandoned Agricultural Land Contaminated by e-Waste Activities in Hong Kong,香港电子废弃物活动污染的废弃农田土壤中的主要污染物,China,"PAHs,PCBs,PBDEs,POPs_general",True,True
P00302,2010_Cao Z et al_Ecotoxicology_10.1007-s10646-010-0464-5,"Distribution and ecosystem risk assessment of polycyclic aromatic hydrocarbons in the Luan River, China",中国滦河多环芳烃的分布及生态风险评估,China,PAHs,False,True
P00737,2010_Tang X et al_JSoilsSediments_10.1007-s11368-010-0252-0,"Inorganic and organic pollution in agricultural soil from an emerging e-waste recycling town in Taizhou area, China",中国台州地区新兴电子垃圾回收城镇农业土壤中的无机和有机污染,China,"PAHs,PCBs,POPs_general",False,True
P00778,10_1007_s11434_010_3261_x,An analytical method for chlorinated paraffins and their determination in soil samples,氯化石蜡的分析方法及其在土壤样品中的测定,China,PCNs_other,False,True
P00810,2010_Zhang C et al_Water_10.1007-s11783-010-0271-5,"Stabilization treatment of contaminated soil: a field-scale application in Shanghai, China",污染土壤的稳定化处理：中国上海的一项现场应用,China,PAHs,True,True
P00841,2011_Liang J et al_EnvironEarthSci_10.1007-s12665-010-0493-7,Polycyclic aromatic hydrocarbon concentrations in urban soils representing different land use categories in Shanghai,上海不同土地利用类型城市土壤中的多环芳烃浓度,China,PAHs,False,True
P01284,2010_Tianjin B et al_EnvironPollut_10.1016-j.envpol.2010.01.004,"Concentrations, sources and spatial distribution of polycyclic aromatic hydrocarbons in soils from Beijing, Tianjin and surrounding areas, North China",中国华北北京、天津及周边地区土壤中多环芳烃的浓度、来源及空间分布,China,PAHs,False,True
P01287,10.1016_j.envpol.2010.05.023,"Occurrence and source analysis of typical veterinary antibiotics in manure, soil, vegetables and groundwater from organic vegetable bases, northern China",中国北方有机蔬菜基地粪便、土壤、蔬菜和地下水中典型兽用抗生素的发生及源解析,China,Antibiotics,False,True
P01520,2009_Xiao Jiajun et al_JHazardMater_10.1016-j.jhazmat.2009.09.123,Comparative impact of cadmium on two phenanthrene-degrading bacteria isolated from cadmium and phenanthrene co-contaminated soil in China,中国镉-菲复合污染土壤中分离出的两种菲降解菌对镉的耐受性比较影响,China,PAHs,True,True
P01522,2009_Contamination_JHazardMater_10.1016-j.jhazmat.2009.11.147,"Contamination and Congener Profiles of Polychlorinated Biphenyls from different agricultural top soils in a county of the Tailake Region, China",中国太湖地区某县不同农业表层土壤中多氯联苯的污染及同系物谱特征,China,"PCBs,Dioxins",False,True
P01524,2010_Tangetal_JHazardMater_10.1016-j.jhazmat.2009.08.134,"Heavy metal and persistent organic compound contamination in soil from Wenling: An emerging e-waste recycling city in Taizhou area, China",中国台州地区新兴电子垃圾回收城市温岭的土壤重金属和持久性有机化合物污染,China,"PAHs,PCBs",True,True
P01982,10_1021_es102791n,Monitoring and Modeling Endosulfan in Chinese Surface Soil,中国地表土壤中硫丹的监测与模拟,China,"OCPs,Pesticides",False,True
P02377,10_1080_02757540903468094,Polycyclic aromatic hydrocarbons in soils of an industrial area of China: multivariate analyses and geostatistics,中国某工业区土壤中的多环芳烃：多元分析与地统计学,China,PAHs,False,True
P02502,10_1080_15275920903558968,"Application of Factor Analysis with Nonnegative Constraints for Source Apportionment of Soil Polycyclic Aromatic Hydrocarbons (PAHs) in Liaoning, China",应用非负约束因子分析解析中国辽宁省土壤中多环芳烃的来源,China,PAHs,False,True
P02527,2010_Zhang W et al_SoilSedimentContam_10.1080-15320381003695249,Effect of Coexisting Lead and Phenanthrene on Their Individual Sorption on a Clayish Soil,共存铅和菲对粘性土中单一吸附的影响,China,PAHs,True,True
P02534,2011_Zhu L et al_SoilSedimentContam_10.1080-15320383.2011.528466,Enhancement of Atrazine Removal by Free and Immobilized Arthrobacter Sp. HB-5 in Soil and Wastewater,自由态和固定化节杆菌 HB-5 对土壤和废水中阿特拉津去除的增强作用,China,Pesticides,False,True
P03115,2018_田晶_土壤_10.13560-j.cnki.biotech.bull.1985.2018-0125,Screening and Characteristics of a Broad Spectrum Fungus Degrading Polycyclic-aromatic Hydrocarbons : Aspergillus flavus AD-X-1,广谱性多环芳烃降解真菌Aspergillus flavus AD-X-1的筛选及其性能研究,China,PAHs,True,True
P04277,2010_Zhao Y et al_EnvironRes_10.3390-ijerph7041612,Effects of Soil Oxygen Conditions and Soil pH on Remediation of DDT-contaminated Soil by Laccase from White Rot Fungi,土壤氧气条件和pH值对白腐真菌漆酶修复DDT污染土壤的影响,China,OCPs,False,True
P04904,2009_Tang J C et al_Science_10.5194-bg-7-3961-2010,Characterisation of the rhizoremediation of petroleum-contaminated soil: effect of different influencing factors,石油污染土壤根际修复的特征：不同影响因素的作用,China,Petroleum_TPH,False,True
P05231,10_1038_ismej_2010_142,Functional gene diversity of soil microbial communities from five oil-contaminated fields in China,中国五个石油污染田间土壤微生物群落的功能基因多样性,China,Petroleum_TPH,False,True
P05239,2010_Pan Z et al_Unknown_10.1063-1.3529336,"Concentration and Spatial Distribution of Polycyclic Aromatic Hydrocarbons in Surface Roadside Soils, Shanghai",上海道路表层土壤中多环芳烃的浓度与空间分布,China,PAHs,False,True
P05240,10_1063_1_3529328,Impact of reclaimed water irrigation on PAHs in agricultural soil and groundwater,再生水灌溉对农业土壤和地下水中多环芳烃的影响,China,PAHs,False,True
P05264,10_1080_10807039_2010_512238,Evaluation and Spatial Diffusion of Health Risk of Persistent Organic Pollutants (POPs) in Soils Surrounding Chemical Industrial Parks in China,中国化工园区周边土壤中持久性有机污染物健康风险的评价与空间扩散,China,"PAHs,OCPs,POPs_general",False,True
P06102,2008_Liu Y et al_OrgGeochem_null,"Polycyclic aromatic hydrocarbons in the surface soil of Shanghai, China: Concentrations, distribution and sources",中国上海表层土壤中的多环芳烃：浓度、分布及来源,China,PAHs,False,True
P06283,2009_Xiao J et al_JHazardMater_null,Comparative impact of cadmium on two phenanthrene-degrading bacteria isolated from cadmium and phenanthrene co-contaminated soil in China,镉对中国镉-菲复合污染土壤中分离的两株菲降解菌的比较影响,China,PAHs,True,True
P06324,2010_Dongli et al_Agriculture_null,"Assessment of 20 Organochlorine Pesticides (OCPs) Pollution in Suburban Soil in Tianjin, China",天津市郊区土壤中20种有机氯农药污染评估,China,"OCPs,Pesticides",False,True
P06574,2011_Wang Y et al_EnvironMonitAssess_10.1007-s10661-010-1801-0,"Organochlorine pesticides in the soil of a karst cave in Guilin, China",桂林喀斯特洞穴土壤中的有机氯农药,China,"OCPs,Pesticides",False,True
P09939,1980_Soils M_Science_null_1,"Paleofire Indicated by Polycyclic Aromatic Hydrocarbons in Soil of Jinluojia Archaeological Site, Hubei, China",湖北金罗家考古遗址土壤中的多环芳烃指示的古火灾,China,PAHs,False,True
P10738,2014_环境保护部等_Unknown_null,National Soil Pollution Status Survey Bulletin,全国土壤污染状况调查公报,China,Petroleum_TPH,False,True
P00133,2009_Wang Y et al_Land_10.1002-jssc.200900420,Quantitative determination of 16 polycyclic aromatic hydrocarbons in soil samples using solid-phase microextraction,利用固相微萃取法定量测定土壤样品中的16种多环芳烃,China,PAHs,False,True
P00196,2009_Liu W L et al_BullEnvironContamToxicol_10.1007-s00128-009-9699-3,Distribution of Phthalate Esters in Soil of E-Waste Recycling Sites from Taizhou City in China,中国台州市电子废物回收点土壤中邻苯二甲酸酯的分布,China,PAEs,False,True
P00238,2009_Ma W-L et al_ArchEnvironContamToxicol_10.1007-s00244-009-9314-y,"Polycyclic Aromatic Hydrocarbons and Polychlorinated Biphenyls in Topsoils of Harbin, China",中国哈尔滨表层土壤中的多环芳烃和多氯联苯,China,"PAHs,PCBs,Dioxins",False,True
P00258,2002_Chen G et al_EnvironManage_10.1007-s00267-008-9268-2,"Diversity of Soil Nematodes in Areas Polluted with Heavy Metals and Polycyclic Aromatic Hydrocarbons (PAHs) in Lanzhou, China",中国兰州重金属和多环芳烃污染区域土壤线虫的多样性,China,PAHs,True,True
P00298,2010_Zhang W et al_Ecotoxicology_10.1007-s10646-009-0393-3,Bacterial communities in PAH contaminated soils at an electronic-waste processing center in China,中国电子废物处理中心多环芳烃污染土壤中的细菌群落,China,PAHs,False,True
P00799,2009_Wang Y et al_FrontBiolChina_10.1007-s11515-009-0030-9,Influences of chronic contamination of oil field exploitation on soil nematode communities at the Yellow River Delta of China,油田开发对黄河三角洲土壤线虫群落的慢性污染影响,China,Petroleum_TPH,False,True
P01088,10.1016_j.chemosphere.2009.06.045,"Altitude dependence of polychlorinated biphenyls (PCBs) and polybrominated diphenyl ethers (PBDEs) in surface soil from Tibetan Plateau, China",青藏高原表层土壤中多氯联苯和多溴二苯醚的海拔依赖性,China,"PCBs,PBDEs,POPs_general",False,True
P01089,2009_Zhang L et al_Chemosphere_10.1016-j.chemosphere.2009.08.055,Organochlorine pesticides contamination in surface soils from two pesticide factories in Southeast China,中国东南部两家农药厂表层土壤中有机氯农药的污染,China,"OCPs,Pesticides,POPs_general",False,True
P01516,2008_Zeng F et al_JHazardMater_10.1016-j.jhazmat.2008.09.029,"Distribution of phthalate esters in urban soils of subtropical city, Guangzhou, China",亚热带城市广州城市土壤中邻苯二甲酸酯的分布,China,PAEs,False,True
P01517,2009_Peng S et al_JHazardMater_10.1016-j.jhazmat.2009.03.036,Phytoremediation of petroleum contaminated soils by Mirabilis Jalapa L. in a greenhouse plot experiment,温室小区试验中紫茉莉对石油污染土壤的植物修复研究,China,Petroleum_TPH,False,True
P02522,2009_Liu J et al_SoilSedimentContam_10.1080-15320380802660164,"Dioxin-like Polychlorinated Biphenyls Contamination and Distribution in Soils from the Modern Yellow River Delta, China",现代黄河三角洲土壤中二噁英类多氯联苯的污染与分布,China,"PCBs,Dioxins",False,True
P05249,Polycyclic aromatic hydrocarbons in soils around Guanting Reservoir  Beijing  China,"Polycyclic aromatic hydrocarbons in soils around Guanting Reservoir, Beijing, China",北京官厅水库周边土壤中的多环芳烃,China,PAHs,False,True
P06231,2009_Liu J et al_JHazardMater_null,Distribution of polychlorinated dibenzo-p-dioxins and dibenzofurans (PCDDs/Fs) and dioxin-like polychlorinated biphenyls (dioxin-like PCBs) in the soil in a typical area of eastern China,中国东部典型地区土壤中多氯二苯并二噁英、呋喃（PCDDs/Fs）和类二噁英多氯联苯的分布,China,"PCBs,Dioxins",False,True
P06239,2009_Nie M et al_SoilBiolBiochem_null,Rhizosphere effects on soil bacterial abundance and diversity in the Yellow River Deltaic ecosystem as influenced by petroleum contamination and soil salinization,黄河三角洲生态系统中石油污染和土壤盐渍化影响下的根际对土壤细菌丰度和多样性的影响,China,Petroleum_TPH,False,True
P06241,2009_Oilfiel J et al_Chemosphere_10.1016-j.chemosphere.2009.05.003,"Washing of field weathered crude oil contaminated soil with an environmentally compatible surfactant, alkyl polyglucoside",利用环境相容性表面活性剂烷基多苷清洗野外风化原油污染土壤,China,Petroleum_TPH,False,True
P06279,2009_Wang D et al_EnvironPollut_10.1016-j.envpol.2009.01.016,"Application of positive matrix factorization to identify potential sources of PAHs in soil of Dalian, China",应用正定矩阵因子分解法识别中国大连土壤中多环芳烃的潜在来源,China,PAHs,False,True
P06287,2009_Zhang H et al_GlobalNESTJ_null,Evaluation of Dissipation Mechanisms for Pyrene by Maize (Zea Mays L.) in Cadmium Co-contaminated Soil,玉米在镉复合污染土壤中消减芘的机理评价,China,"PAHs,POPs_general",True,True
P06291,2009_Zhang L et al_Chemosphere_10.1016-j.chemosphere.2009.08.036,Organochlorine pesticides contamination in surface soils from two pesticide factories in Southeast China,中国东南部两家农药厂表层土壤中的有机氯农药污染,China,"OCPs,Pesticides,POPs_general",False,True
P06292,2009_Zhang S et al_Chemosphere_10.1016-j.chemosphere.2009.02.032,PCDD/PCDF pollution in soils and sediments from the Pearl River Delta of China,中国珠江三角洲土壤和沉积物中的PCDD/PCDF污染,China,Dioxins,False,True
P07854,2018_Wu Y et al_SoilBiolBiochem_null,"Contributions of ryegrass, lignin and rhamnolipid to polycyclic aromatic hydrocarbon dissipation in an arable soil",黑麦草、木质素和鼠李糖脂对耕地土壤中多环芳烃消散的贡献,China,PAHs,False,True
P10411,2009_Li J et al_JHazardMater_null_1,Analysis and assessment on heavy metal sources in the coastal soils developed from alluvial deposits using multivariate statistical methods,基于多元统计方法的冲积沉积物发育的沿海土壤重金属源分析与评估,China,Pesticides,True,True
P10441,2009_Zhang H. et al_IntJEnvironSciTechnol_null,Remediation of soil co-contaminated with pyrene and cadmium by growing maize (Zea mays L.),利用玉米修复芘和镉复合污染土壤的研究,China,"PAHs,POPs_general",True,True
P00191,2008_Yang Z Z et al_BullEnvironContamToxicol_10.1007-s00128-008-9385-x,Polybrominated Diphenyl Ethers in Leaves and Soil from Typical Electronic Waste Polluted Area in South China,中国南方典型电子废物污染区土壤和叶片中的多溴二苯醚,China,PBDEs,False,True
P00195,10_1007_s00128_008_9571_x,"Composition, Distribution and Characterization of Polybrominated Diphenyl Ethers (PBDEs) in the Soil in Taiyuan, China",中国太原土壤中多溴联苯醚的组成、分布及特征,China,PBDEs,False,True
P00583,2009_Liu J et al_EnvironSciPollutRes_10.1007-s11356-008-0076-2,Adsorption of lambda-cyhalothrin and cypermethrin on two typical Chinese soils as affected by copper,铜对两种典型中国土壤中λ-三氟氯氰菊酯和氯氰菊酯吸附的影响,China,Pesticides,True,True
P01086,2008_Jiang C et al_Chemosphere_10.1016-j.chemosphere.2008.02.006,Isolation and characterization of a heavy metal-resistant Burkholderia sp. from heavy metal-contaminated paddy field soil and its potential in promoting plant growth and heavy metal accumulation in metal-polluted soil,重金属污染稻田土壤中抗重金属伯克霍尔德氏菌的分离鉴定及其促进植物生长和重金属积累的潜力,China,Antibiotics,True,True
P01277,2008_DeltaChin PR et al_EnvironPollut_10.1016-j.envpol.2008.06.003,"Characterization of extractable and non-extractable polycyclic aromatic hydrocarbons in soils and sediments from the Pearl River Delta, China",中国珠江三角洲土壤和沉积物中可提取和不可提取多环芳烃的表征,China,PAHs,False,True
P01685,2008_Mo QC et al_SciTotalEnviron_10.1016-j.scitotenv.2007.08.026_1,The status of soil contamination by semivolatile organic chemicals (SVOCs) in China: A review,中国土壤半挥发性有机化学物质（SVOCs）污染状况：综述,China,"PAHs,PCBs,OCPs,PBDEs,Petroleum_TPH,Pesticides,VOC_SVOC,Dioxins,PAEs",False,True
P01688,10_1016_j_scitotenv_2008_01_001,Occurrence and degradation characteristics of dibutyl phthalate (DBP) and di-(2-ethylhexyl) phthalate (DEHP) in typical agricultural soils of China,中国典型农业土壤中邻苯二甲酸二丁酯（DBP）和邻苯二甲酸二（2-乙基己基）酯（DEHP）的发生及降解特征,China,PAEs,False,True
P02518,2008_Li D et al_SoilSedimentContam_10.1080-15320380802304375,Microwave-Induced Thermal Treatment of Petroleum Hydrocarbon-Contaminated Soil,石油烃污染土壤的微波诱导热处理,China,Petroleum_TPH,False,True
P03281,2024_重金属_Science_10.16258-j.cnki.1674-5906.2024.12.011_1,Influence of Sedum plumbizincicola on the reduction of organic contaminants and microorganisms in soil contaminated with heavy metals and polycyclic aromatic hydrocarbons,伴矿景天对重金属-多环芳烃复合污染土壤有机污染物消减及微生物的影响,China,"PAHs,POPs_general",True,True
P06153,2008_Zeng F et al_EnvironmentalPollution_null,"Phthalate esters (PAEs): Emerging organic contaminants in agricultural soils in peri-urban areas around Guangzhou, China",邻苯二甲酸酯：广州周边城郊地区农业土壤中的新兴有机污染物,China,"POPs_general,PAEs",False,True
P06154,2008_Zhang C et al_EnvironPollut_null,Identifying sources of soil inorganic pollutants on a regional scale using a multivariate statistical approach: Role of pollutant migration and soil physicochemical properties,利用多元统计方法识别区域尺度土壤无机污染物来源：污染物迁移和土壤理化性质的作用,China,POPs_general,True,True
P06155,2008_Zeng F et al_EnvironPollut_null,"Phthalate esters (PAEs): Emerging organic contaminants in agricultural soils in peri-urban areas around Guangzhou, China",广州城郊地区农业土壤中的邻苯二甲酸酯(PAEs): 新出现的有机污染物,China,"POPs_general,PAEs",False,True
P10369,2008_Khan S et al_JHazardMater_null,Accumulation of polycyclic aromatic hydrocarbons and heavy metals in lettuce grown in the soils contaminated with long-term wastewater irrigation,长期污水灌溉污染土壤中生长的生菜对多环芳烃和重金属的积累,China,PAHs,True,True
P00017,0000_es063004ysi20070314_null_null_null,Polychlorinated biphenyls in Chinese Surface Soils,中国表层土壤中的多氯联苯,China,PCBs,False,True
P00255,2008_Cao L et al_EnvironGeol_10.1007-s00254-007-0934-0,Combined effects of heavy metal and polycyclic aromatic hydrocarbon on soil microorganism communities,重金属与多环芳烃对土壤微生物群落的复合影响,China,PAHs,True,True
P00379,2008_Xiao R et al_EnvironMonitAssess_10.1007-s10661-007-9905-x,Vertical distribution of polycyclic aromatic hydrocarbons (PAHs) in Hunpu wastewater-irrigated area in northeast China under different land use patterns,中国东北浑浦污灌区不同土地利用方式下多环芳烃的垂直分布,China,"PAHs,Petroleum_TPH",False,True
P01977,2007_Zouetal_EnvironSciTechnol_10.1021-es071956d,"Polybrominated Diphenyl Ethers in Watershed Soils of the Pearl River Delta, China: Occurrence, Inventory, and Fate",中国珠江三角洲流域土壤中的多溴二苯醚：存在、清单及归趋,China,PBDEs,False,True
P03101,2018_邵玉飞_生态学杂志_10.13292-j.1000-4890.201808.025,Interactive influence of salinity and organic pollutants in soil and irrigation water on the growth of rice seedlings,水土盐度与有机污染物对稻苗生长的交互影响,China,"PAHs,POPs_general",True,True
P05873,2006_Delt PR et al_Chemosphere_10.1016-j.chemosphere.2006.12.015,"Occurrence and assessment of polycyclic aromatic hydrocarbons in soils from vegetable fields of the Pearl River Delta, South China",中国南方珠三角地区蔬菜地土壤中多环芳烃的发生及评估,China,PAHs,False,True
P06077,2008_DELTACHIN SFTYR et al_EnvironRes_null,"Residues of DDTs and Their Spatial Distribution Characteristics in Soils from the Yangtze River Delta, China",长江三角洲土壤中滴滴涕残留及其空间分布特征,China,"OCPs,Pesticides",False,True
P06160,2008_Zhu L et al_JHazardMater_null,"Distribution of polycyclic aromatic hydrocarbons in water, sediment and soil in drinking water resource of Zhejiang Province, China",浙江省饮用水资源中水、沉积物和土壤的多环芳烃分布,China,PAHs,False,True
P10330,2007_Liu T et al_JEnvironSci_null,Effect of copper on the degradation of pesticides cypermethrin and cyhalothrin,铜对农药氯氰菊酯和氟氯氰菊酯降解的影响,China,Pesticides,True,True
P10338,2007_Ping LF et al_EnvironPollut_null,"Distribution of polycyclic aromatic hydrocarbons in thirty typical soil profiles in the Yangtze River Delta region, east China",中国东部长江三角洲地区30个典型土壤剖面中多环芳烃的分布,China,PAHs,False,True
P10353,2007_Zou M Y et al_EnvironSciTechnol_null,"Polybrominated Diphenyl Ethers in Watershed Soils of the Pearl River Delta, China: Occurrence, Inventory, and Fate","中国珠江三角洲流域土壤中的多溴联苯醚： occurrence, inventory, and fate",China,PBDEs,False,True
P00307,2006_Guo GL_EnvironGeochemHealth_10.1007-s10653-005-9002-4,Evaluation of heavy metal contamination in Phaeozem of northeast China,中国东北黑土区重金属污染评价,China,Pesticides,True,True
P00310,2006_Xing W_EnvironGeochemHealth_10.1007-s10653-005-9017-x,Spatial distribution of PAHs in a contaminated valley in Southeast China,中国东南部受污染山谷中多环芳烃的空间分布,China,PAHs,True,True
P01083,2006_Gao Y et al_Chemosphere_10.1016-j.chemosphere.2006.04.030,Sorption of phenanthrene by soils contaminated with heavy metals,重金属污染土壤对菲的吸附,China,PAHs,True,True
P01085,2006_Song Y et al_Chemosphere_10.1016-j.chemosphere.2006.03.076,"Polycyclic aromatic hydrocarbons (PAHs), polychlorinated biphenyls (PCBs) and heavy metals (HMs) as well as their genotoxicity in soil after long-term wastewater irrigation",长期污水灌溉土壤中多环芳烃、多氯联苯和重金属及其遗传毒性研究,China,"PAHs,PCBs",True,True
P02846,2007_Liu L et al_EnvironMicrobiol_10.1111-j.1462-2920.2006.01163.x,Plant–microbe association for rhizoremediation of chloronitroaromatic pollutants with Comamonas sp. strain CNB-1,利用伯克氏菌 CNB-1 株进行氯硝基芳烃污染土壤根际修复的植物-微生物联合研究,China,PCNs_other,False,True
P03211,2012_于红艳_土壤_10.13961-j.cnki.stbctb.2012.05.022,Combined Remediation of Contaminated Soil by Humic Acid and Activated Sludge,腐殖酸与活性污泥对污染土壤联合修复研究,China,"PAHs,POPs_general",True,True
P10294,2006_Shen G et al_EcotoxicolEnvironSaf_null,Combined effect of heavy metals and polycyclic aromatic hydrocarbons on urease activity in soil,重金属和多环芳烃对土壤脲酶活性的复合效应,China,PAHs,True,True
P01079,2005_Zhu Y et al_Chemosphere_10.1016-j.chemosphere.2005.04.018,"Organochlorine pesticides (DDTs and HCHs) in soils from the outskirts of Beijing, China",北京郊区土壤中的有机氯农药（滴滴涕和六六六）,China,"OCPs,Pesticides",False,True
P01492,2005_Shenetal_JEnvironManage_10.1016-j.jenvman.2005.02.011,Status and fuzzy comprehensive assessment of combined heavy metal and organo-chlorine pesticide pollution in the Taihu Lake region of China,中国太湖地区重金属与有机氯农药复合污染状况及模糊综合评价,China,"OCPs,Pesticides",True,True
P01976,2005_Taoetal_EnvironSciTechnol_10.1021-es048885s,"Organochlorine Pesticides in Agricultural Soil and Vegetables from Tianjin, China",天津农业土壤和蔬菜中的有机氯农药,China,"OCPs,Pesticides",False,True
P03322,2018_周玉璇_环境科学_10.19741-j.issn.1673-4831.2018.0669,Research Progress on Distribution and Remediation Technologies for the Combined Pollution of Heavy Metals and Polycyclic Aromatic Hydrocarbons in Soil,重金属与多环芳烃复合污染土壤的分布特征及修复技术研究进展,China,PAHs,True,True
P03323,2023_周宣辛_环境科学_10.19672-j.cnki.1003-6504.0346.23.338,Content and Risk of Heavy Metals and Polycyclic Aromatic Hydrocarbons in Biochar-based Fertilizer,生物炭基肥中重金属、多环芳烃的含量及风险,China,PAHs,True,True
P05564,2000_Yang J et al_Science_null,"Paleofire Indicated by Polycyclic Aromatic Hydrocarbons in Soil of Jinluojia Archaeological Site, Hubei, China",湖北金罗家考古遗址土壤多环芳烃指示的古火灾,China,PAHs,False,True
P05700,2003_Shen G et al_Water_null,Status and fuzzy comprehensive assessment of combined heavy metal and organo-chlorine pesticide pollution in the Taihu Lake region of China,中国太湖地区重金属与有机氯农药复合污染状况及模糊综合评价,China,"OCPs,Pesticides",True,True
P05746,2004_Ma L et al_Chemosphere_10.1016-j.chemosphere.2004.09.083_2,"Polycyclic aromatic hydrocarbons in the surface soils from outskirts of Beijing, China",北京郊区表层土壤中的多环芳烃,China,PAHs,False,True
P05791,2005_Chen L et al_Chemosphere_10.1016-j.chemosphere.2005.01.011,"Contents and sources of polycyclic aromatic hydrocarbons and organochlorine pesticides in vegetable soils of Guangzhou, China",广州市菜地土壤中多环芳烃和有机氯农药的含量及来源,China,"PAHs,OCPs,Pesticides",False,True
P10229,2005_Chen Y et al_EnvironInt_null,Residues and source identification of persistent organic pollutants in farmland soils irrigated by effluents from biological treatment plants,生物处理厂出水灌溉农田土壤中持久性有机污染物的残留及源解析,China,"PAHs,OCPs,Pesticides,POPs_general",True,True
P10247,2005_Shen G et al_JEnvironManage_null,Status and fuzzy comprehensive assessment of combined heavy metal and organo-chlorine pesticide pollution in the Taihu Lake region of China,中国太湖地区重金属与有机氯农药复合污染状况及模糊综合评价,China,"OCPs,Pesticides",True,True
P10250,2005_Tang L et al_EnvironInt_null,"Contamination of polycyclic aromatic hydrocarbons (PAHs) in urban soils in Beijing, China",北京城市土壤中多环芳烃的污染,China,PAHs,False,True
P01075,10_1016_j_chemosphere_2004_08_070,Study on the possibility of hydrogen peroxide pretreatment and plant system to remediate soil pollution,过氧化氢预处理与植物系统修复土壤污染的可能性研究,China,"Petroleum_TPH,POPs_general",True,True
P05771,2004_Tao S et al_SciTotalEnviron_null,Polycyclic aromatic hydrocarbons (PAHs) in agricultural soil and vegetables from Tianjin,天津农业土壤和蔬菜中的多环芳烃,China,PAHs,False,True
P10188,2004_Chen Y X et al_PlantSoil_null,"Behavior of Cu and Zn under combined pollution of 2,4-dichlorophenol in the planted soil","种植土壤中2,4-二氯酚复合污染下铜和锌的行为",China,"Phenols,POPs_general",True,True
P05518,1998_Ding Aizhong et al_EnvironPollut_10.3184-095422902782775353,Effects of oil shale waste disposal on soil and water quality: hydrogeochemical aspects,油页岩废物处置对土壤和水体质量的影响：水文地球化学特征,China,"PAHs,POPs_general",True,True
P11555,2024_桂晗_土壤_null,Aging decay behavior and bioavailability of polycyclic aromatic hydrocarbons in typical soils of Northeastern heavy industrial region,东北重工业区典型土壤中多环芳烃的老化衰减行为及生物可给性研究,China,"PAHs,POPs_general",False,True
P11446,2023_孔楠楠_Unknown_null,Remediation And Mechanism of Combined Pollution of Eutrophication And Polycyclic Aromatic Hydrocarbons By Water Lily,睡莲对富营养化和多环芳烃复合污染水体的修复及其机制,China,PAHs,False,True
P02950,2017_网站首页_环境科学_10.11654-jaes.2017-1220,Analysis of the Report on the national general survey of soil contamination,《全国土壤污染状况调查公报》探析,China,Petroleum_TPH,True,True
P03662,10.2991_seee-15.2015.44_Unpaywall,Soil Vapor Extraction Removal of Semi Volatile Organic Compounds in Soil: A Pilot-scale Study,土壤中半挥发性有机化合物的土壤气相抽提去除：一项中试研究,China,VOC_SVOC,False,True
P00969,2026_Jin T et al_JHazardMater_10.1016-18,Application potential of phosphate-solubilizing microorganisms for remediating HMs–PAHs co-contaminated soils: Immobilization-enhanced detoxification and microbial responses,解磷微生物修复重金属-多环芳烃复合污染土壤的应用潜力：固化增强解毒及微生物响应,China,PAHs,True,True
P09743,0000_es103740v_null_null_null,Spatial and Vertical Distribution of Short Chain Chlorinated Paraffins in Soils from Wastewater Irrigated Farmlands,污水灌溉农田土壤中短链氯化石蜡的空间和垂直分布,China,PCNs_other,False,True
P09799,0000_null_null_null_10,Enhanced dissipation of xenobiotic agrochemicals harnessing soil microbiome in the tillage-reduced rice-dominated agroecosystem,减少耕作的水稻主导农业生态系统中利用土壤微生物组增强异型生物农药的消散,China,Pesticides,False,True
P00037,10.1021_acs.est.5c16427,Nitrate Photolysis Induces the Nitration of Anthracene in Surface Soil,硝酸盐光解诱导表层土壤中蒽的硝化反应,China,PAHs,False,True
P00988,2026_Jiao W et al_JEnvironManage_10.1016-41,Global ecological risk assessment of soil contamination by heavy metal (loid)s based on machine learning,基于机器学习的土壤重金属(loid)污染的全球生态风险评估,China?mixed,Petroleum_TPH,True,True
P01956,2026_Mitigation CNDP_EnvironSciTechnol_10.1021-acs.est.6c01401,Carbon Neutrality Drives PAH Mitigation and Multimedia Health Cobenefits in China,碳中和国驱动多环芳烃削减及多介质健康协同效益,China,PAHs,False,True
P04607,10_3390_su18031502Sustainability2026,"Occurrence, Composition, and Risk Assessment of Microplastics and Adsorbed Polycyclic Aromatic Hydrocarbons (PAHs) in Urban Drainage Sediments Along the Yangtze River, China",长江流域城市排水沉积物中微塑料及其吸附多环芳烃的发生、组成与风险评估,China,"PAHs,POPs_general",False,True
P11637,2025_刘君博_Unknown_null,Study on the toxicity mechanism and health risk assessment model optimization of heavy metal-polycyclic aromatic hydrocarbon compound exposure in rural areas,农村区域重金属-多环芳烃复合暴露毒性机制与健康风险评估模型优化研究,China,PAHs,True,True
P11643,2026_Bai X et al_Unknown_null,"Occurrence, Composition, and Risk Assessment of Microplastics and Adsorbed Polycyclic Aromatic Hydrocarbons (PAHs) in Urban Drainage Sediments Along the Yangtze River, China",长江流域城市排水沉积物中微塑料及吸附多环芳烃的发生、组成与风险评估,China,"PAHs,POPs_general",False,True
P00116,2025_Yan K et al_Unknown_10.1002-ep.70148,Comparative study on pollution characteristics of heavy metals and polycyclic aromatic hydrocarbons in coking solid wastes,焦化固废中重金属和多环芳烃污染特征的比较研究,China,PAHs,True,True
P01631,2025_Xian Z et al_JHazardMater_10.1016-j.jhazmat.2025.138248,"Recent advances in occurrence, biotreatment, and integrated insights into bacterial degradation of phthalic acid esters in aquatic environments",水环境中邻苯二甲酸酯的发生、生物处理及细菌降解的综合研究进展,China,PAEs,False,True
P01662,10.1016_j.jwpe.2025.108815,Remediation of PAHs and heavy metals co-contaminated sediments by biochar-supported immobilized microbial systems: A review,生物炭支撑的固定化微生物系统修复多环芳烃和重金属共污染沉积物：综述,China?mixed,PAHs,True,True
P03113,2020_刘瑞_环境科学_10.13651-j.cnki.fjnykj.2020.11.008,Research Hotspots and Trends of Microbial Remediation of Polycyclic Aromatic Hydrocarbons in the Presence of Heavy Metals Based on Bibliometrics Analysis of CiteSpace,重金属存在下多环芳烃微生物修复的研究热点及趋势——基于CiteSpace的文献计量分析,China,PAHs,True,True
P09271,2025_Cheng T et al_JWaterProcessEng_null,Remediation of PAHs and heavy metals co-contaminated sediments by biochar-supported immobilized microbial systems: A review,生物炭支撑固定化微生物系统修复多环芳烃和重金属复合污染沉积物：综述,China,PAHs,True,True
P09457,2025_Wang H_FrontMarSci_10.3389-fmars.2024.1513515,"Characteristics, source analysis, and risk assessment of organochlorine pesticide contamination in nearshore surface sediments of a tropical tourist island",热带旅游岛近岸表层沉积物中有机氯农药污染的特征、源分析及风险评估,China,"OCPs,Pesticides",False,True
P01396,2024_Chen Z et al_EnvironPollut_10.1016-j.envpol.2024.123640,Co-exposure to pentachlorophenol (PCP) and cadmium (Cd) triggers apoptosis-like cell death in Eschericia coli,五氯酚与镉复合暴露触发大肠杆菌的凋亡样细胞死亡,China,Phenols,True,True
P01427,2024_Jiang C et al_EnvironSciEcotechnol_10.1016-j.ese.2024.100388,Health risk ranking of antibiotic resistance genes in the Yangtze River,长江抗生素抗性基因的健康风险排序,China,Antibiotics,False,True
P01944,10_1021_acs_est_4c03525,Multimedia and Full-life-cycle Monitoring Disclose the Dynamic Accumulation Rules of PFAS and Underestimated Foliar Uptake in Wheat Near a Fluorochemical Industrial Park,多介质与全生命周期监测揭示了氟化工园区附近小麦中PFAS的动态积累规律及被低估的叶面吸收,China,PFAS,False,True
P01945,10_1021_acs_est_4c11961,Identification of Novel Iodinated Polyfluoroalkyl Ether Acids and Other Emerging PFAS in Soils Using a Non-Targeted Molecular Network Approach,使用非靶向分子网络方法鉴定土壤中的新型碘化多氟烷基醚酸和其他新兴全氟化合物,China,PFAS,False,True
P02198,2024_Yin YSHCYZS et al_EnvironManage_10.1038-s41598-024-XXXXX-X,Effect of ecoliteracy on farmers’ participation in pesticide packaging waste governance behavior in rural North China,生态素养对农户参与农药包装废弃物治理行为的影响——以华北农村为例,China,Pesticides,False,True
P04378,2024_Zhang L et al_Molecules_10.3390-molecules29030736,"Organophosphate Triesters and Their Transformation Products in Sediments of Mangrove Wetlands in the Beibu Gulf, South China Sea",南海北部湾红树林湿地沉积物中的有机磷酸三酯及其转化产物,China,Pesticides,False,True
P04595,10.3390_su16062515,"A Comprehensive Analysis of Agricultural Non-Point Source Pollution in China: Current Status, Risk Assessment and Management Strategies",中国农业面源污染综合分析：现状、风险评估与管理策略,China,Pesticides,True,True
P09059,2024_Ling J et al_SciTotalEnviron_null,"Health risk assessment and development of human health ambient water quality criteria for PCBs in Taihu Basin, China",太湖流域多氯联苯的健康风险评估及人体健康环境水质基准的制定,China,"PCBs,POPs_general",False,True
P09076,2024_Mahmoo JZ et al_SciTotalEnviron_10.1016-j.scitotenv.2024.175552,"Combined simulation on pesticides fate, toxicities and ecological risk in rice paddies for Sustainable Development Goals achievements","Combined simulation on pesticides fate, toxicities and ecological risk in rice paddies for Sustainable Development Goals achievements",China?mixed,Pesticides,False,True
P00018,0000_es2c07500_null_null_null,"Different Sources, Fractionation, and Migration of Legacy and Novel Per- and Polyfluoroalkyl Substances Between Greenhouse and Open Field Soils",新旧全氟和多氟烷基物质在温室和露天土壤之间的不同来源、分级和迁移,China,PFAS,False,True
P00731,2023_Ye T et al_EnvironSciPollutRes_10.1007-s11356-023-30639-w,Contaminant characterization of odor in soil of typical pesticide-contaminated site with shallow groundwater,典型浅层地下水农药污染场地土壤中恶臭污染物的表征,China,Pesticides,False,True
P01241,10.1016_j.ecoenv.2023.115052,Feature fusion improves performance and interpretability of machine learning models in identifying soil pollution of potentially contaminated sites,特征融合提高了识别潜在污染场地土壤污染的机器学习模型的性能和可解释性,China,"Petroleum_TPH,POPs_general",True,True
P02177,10_1038_s41598_023_32771_6,"Adsorption, mobility, and degradation of the pesticide propaquizafop in five agricultural soils in China",精喹禾灵在中国五种农田土壤中的吸附、移动和降解,China,Pesticides,False,True
P03968,10_3390_coatings13081404,The Application of Carotenoid-Coated Chitosan Nanoparticles to Reduce the PAHs Stress on Spinach Growth,类胡萝卜涂层壳聚糖纳米粒子在降低多环芳烃对菠菜生长胁迫中的应用,China,PAHs,False,True
P04298,10_3390_ijms241311020,Molecular Defensive Mechanism of Echinacea purpurea (L.) Moench against PAH Contaminations,紫锥菊对多环芳烃污染的分子防御机制,China,PAHs,False,True
P04590,2023_Deng X et al_Sustainability_null,"Pollution Characteristics and Risk Evaluation of PAHs in Subsidence Water Bodies in Huainan Coal Mining Area, China",淮南矿区塌陷水体中多环芳烃的污染特征及风险评价,China,"PAHs,POPs_general",False,True
P04630,10_3390_toxics11030214,The Source and Distribution of Tetracycline Antibiotics in China: A Review,中国四环素类抗生素的来源与分布：综述,China,Antibiotics,False,True
P04714,10_3390_w15234147,"Organochlorine Pesticides in Soil–Groundwater–Plant System in a Famous Agricultural Production Area in China: Spatial Distribution, Source Identification and Migration Prediction",中国著名农产品产区土壤-地下水-植物系统中的有机氯农药：空间分布、来源识别及迁移预测,China,"OCPs,Pesticides",False,True
P05263,10_1080_10643389_2023_2267933,Combating antibiotic resistance in the humanimpacted environment with carbon-based materials: Applications and challenges,利用碳基材料应对人类环境影响环境中的抗生素耐药性：应用与挑战,China?mixed,Antibiotics,False,True
P11381,2023_Chen LF et al_EnvironRes_null,"Occurrence profiling and environmental risk assessment of veterinary antibiotics in vegetable soils at Chongqing region, China",重庆地区蔬菜土中兽用抗生素的发生特征及环境风险评估,China,Antibiotics,False,True
P11552,2024_张红丽_Unknown_null,Study of the effect of microplastics on the adsorption and transport of polycyclic aromatic hydrocarbons in river sediments,微塑料对多环芳烃在河流沉积物中吸附和迁移的影响研究,China,"PAHs,POPs_general",False,True
P01167,10.1016_j.chemosphere.2021.132259,Biochar from constructed wetland biomass waste: A review of its potential and challenges,人工湿地生物质废弃生物炭：潜力与挑战综述,China,"PAHs,POPs_general",True,True
P01381,10.1016_j.envpol.2021.118630,Pollution characteristics and risk assessment of air multi-pollutants from typical e-waste dismantling activities,典型电子垃圾拆卸活动中空气多污染物的污染特征及风险评估,China,"PAHs,PBDEs,VOC_SVOC,Dioxins",False,True
P01389,10.1016_j.envpol.2022.119716,"A large geographic-scale characterization of organochlorine pesticides (OCPs) in surface sediments and multiple aquatic foods of inland freshwater aquaculture ponds in China: Co-occurrence, source and risk assessment",中国内陆淡水养殖池塘表层沉积物及多种水生食品中有机氯农药的大尺度特征：共存、来源及风险评估,China,"OCPs,Pesticides",False,True
P01583,2021_Lin S et al_EnvironPollut_10.1016-j.jhazmat.2021.127792_1,"Toxic chemicals from uncontrolled e-waste recycling: Exposure, body burden, health impact",不受控制的电子垃圾回收产生的有毒化学物质：暴露、身体负担、健康影响,China,POPs_general,True,True
P03613,2022_Yu G et al_FoliaHortic_10.2478-fhort-2022-0014,Waste apple wood: A safe and economical alternative substrate for the cultivation of Pleurotus ostreatus and Lentinula edodes,废弃苹果木：栽培糙皮侧耳和香菇的安全且经济的替代基质,China,Pesticides,True,True
P03773,2022_Yu H et al_FrontEnvironSci_10.3389-fenvs.2022.855292,Microplastics as an Emerging Environmental Pollutant in Agricultural Soils: Effects on Ecosystems and Human Health,微塑料作为农业土壤中的一种新型环境污染物：对生态系统和人类健康的影响,China,POPs_general,True,True
P03775,10.3389_fenvs.2022.902321_OpenAlexOA,"The Antibiotic Resistance Genes Contamination of Strawberries With the Long-Term Use of Raw, Aerobic Composting, and Anaerobic Composting Livestock Manure: A Comparative Study",长期施用生粪、好氧堆肥和厌氧堆肥畜禽粪便对草莓抗生素抗性基因污染的影响：比较研究,China,Antibiotics,False,True
P03990,10_3390_f13030406,Effects of Urbanization Intensity on the Distribution of Black Carbon in Urban Surface Soil in South China,城市化强度对中国南方城市表层土壤中黑碳分布的影响,China,POPs_general,True,True
P04010,10.3390_foods11152286,"Safety Evaluation of Heavy Metal Contamination and Pesticide Residues in Coix Seeds in Guizhou Province, China",贵州省薏苡仁重金属污染及农药残留的安全性评价,China,Pesticides,True,True
P04224,2015_XGBoost CSU_EnvironRes_10.3390-ijerph19159374,Prediction of Dichloroethene Concentration in the Groundwater of a Contaminated Site Using XGBoost and LSTM,利用 XGBoost 和 LSTM 预测污染场地地下水中二氯乙烯的浓度,China,"Petroleum_TPH,Pesticides",False,True
P04229,2022_Zhang X et al_IntJEnvironResPublicHealth_10.3390-ijerph191610265,"Environmental Risk Assessment of Polycyclic Aromatic Hydrocarbons in Farmland Soils near Highways: A Case Study of Guangzhou, China",高速公路旁农田土壤中多环芳烃的环境风险评估：以中国广州为例,China,PAHs,False,True
P04313,2022_Gao J et al_Land_10.3390-land11091581,Global Research on Contaminated Soil Remediation: A Bibliometric Network Analysis,污染土壤修复的全球研究：文献计量网络分析,Other:Global,PAHs,True,True
P04385,10_3390_nano12111860,Porous Hexagonal Boron Nitride as Solid-Phase Microextraction Coating Material for Extraction and Preconcentration of Polycyclic Aromatic Hydrocarbons from Soil Sample,多孔六方氮化硼作为固相微萃取涂层材料用于土壤样品中多环芳烃的萃取与富集,China,PAHs,False,True
P04388,2022_Wang G et al_Plants_10.3390-plants11233200,Contributions of Beneficial Microorganisms in Soil Remediation and Quality Improvement of Medicinal Plants,有益微生物在药用植物土壤修复和质量提升中的贡献,China,Pesticides,True,True
P04703,10.3390_w14060938,Distribution and Transfer of Antibiotic Resistance Genes in Coastal Aquatic Ecosystems of Bohai Bay,渤海湾沿海生态系统中抗生素抗性基因的分布与转移,China,Antibiotics,False,True
P04806,2021_Sources_Science_10.4209-aaqr.220162,Sources and Health Risks of PM2.5-bound PAHs in a Small City along with the Clean Heating Policy,“清洁供暖”政策下小城市PM2.5结合多环芳烃的来源及健康风险,China,PAHs,False,True
P05109,10_1007_978_3_030_87316_5_7202,Chapter 7 Organic Contaminants in Urban Soils,第7章 城市土壤中的有机污染物,China,POPs_general,False,True
P08912,2023_Wang M et al_JEnvironManage_null,"Spatiotemporal characteristics and dynamic risk assessment of a multi-solvents abandoned pesticide-contaminated site with a long history, in China",中国长期多溶剂废弃农药污染场地的时空特征及动态风险评估,China,"Petroleum_TPH,Pesticides,Phenols,POPs_general",False,True
P01227,10.1016_j.ecoenv.2020.111756,"Comparison of pyrolysis process, various fractions and potential soil applications between sewage sludge-based biochars and lignocellulose-based biochars",污泥基生物炭与木质纤维素基生物炭的热解过程、各种组分及潜在土壤应用比较,China,PAHs,True,True
P01375,10.1016_j.envpol.2021.117766,The effect of anthropogenic activities on the environmental fate of chlorinated paraffins in surface soil in an urbanized zone of northern China,人类活动对中国北方城市化区表层土壤中氯化石蜡环境归趋的影响,China,PCNs_other,False,True
P01571,2020_Nie T et al_JHazardMater_10.1016-j.jhazmat.2020.124850,Effect of biochar aging and co-existence of diethyl phthalate on the mono-sorption of cadmium and zinc to biochar-treated soils,生物炭老化和邻苯二甲酸酯共存对镉和锌在生物炭处理土壤中单一吸附的影响,China?mixed,PAEs,True,True
P01578,2021_Khan S et al_JHazardMater_10.1016-j.jhazmat.2021.126039,Global soil pollution by toxic elements: Current status and future perspectives on the risk assessment and remediation strategies – A review,全球毒性元素造成的土壤污染：风险评估和修复策略的现状及未来展望——综述,China?mixed,Petroleum_TPH,False,True
P02148,10_1038_s41598_021_85053_4,Environment impact and probabilistic health risks of PAHs in dusts surrounding an iron and steel enterprise,钢铁企业周边粉尘中多环芳烃的环境影响及概率健康风险,China,PAHs,False,True
P03315,2023_分析_土壤_10.19566-j.cnki.cn35-1285-tq.2023.02.011,PAHs Pollution Grading Evaluation Method of Soil in Petroleum Exploitation Area Based on Principal Component Analysis,基于主成分分析法的石油开采区土壤 PAHs 污染分级评价方法,China,"PAHs,Petroleum_TPH",False,True
P03924,10_3390_antibiotics10111361,Abundance and Dynamic Distribution of Antibiotic Resistance Genes in the Environment Surrounding a Veterinary Antibiotic Manufacturing Site,某兽用抗生素生产厂周边环境中抗生素抗性基因的丰度与动态分布,China,Antibiotics,False,True
P04196,2021_Chen H et al_IntJEnvironResPublicHealth_10.3390-ijerph18158112,"Occurrence, Distribution, and Ecological Risk Assessment of Antibiotics in Different Environmental Media in Anqing, Anhui Province, China",安庆市不同环境介质中抗生素的发生、分布及生态风险评估,China,Antibiotics,False,True
P04384,2021_Mapodzeke J M et al_Plants_10.3390-plants10010087,Modulation of Key Physio-Biochemical and Ultrastructural Attributes after Synergistic Application of Zinc and Silicon on Rice under Cadmium Stress,锌和硅协同施用对镉胁迫下水稻关键生理生化及超微结构属性的调控,China,Pesticides,True,True
P04536,2021_Wang F et al_Sustainability_10.3390-su13052580,"Degradation of Nitrogen, Phosphorus, and Organic Matter in Urban River Sediments by Adding Microorganisms",添加微生物降解城市河流沉积物中的氮、磷和有机物,China,PAHs,False,True
P04695,2021_Dong Y et al_Water_10.3390-w13040470,"Polycyclic Aromatic Hydrocarbons in Sediments from Typical Algae, Macrophyte Lake Bay and Adjoining River of Taihu Lake, China: Distribution, Sources, and Risk Assessment",太湖典型藻型、草型湖湾及其入湖河流沉积物中的多环芳烃：分布、来源及风险评估,China,"PAHs,Petroleum_TPH",False,True
P08404,2021_Endosulfan EP_Agronomy_10.3390-agronomy11061208,Effect of the Pesticide Endosulfan and Two Different Biostimulants on the Stress Responses of Phaseolus leptostachyus Plants Grown in a Saline Soil,杀虫剂硫丹和两种不同生物刺激剂对生长在盐渍土中的Phaseolus leptostachyus植物胁迫反应的影响,Other:Mexico,"OCPs,Pesticides",False,True
P00813,2020_Cai Z et al_FrontEnvironSciEng_10.1007-s11783-020-1263-8,Remediation of soil and groundwater contaminated with organic chemicals using stabilized nanoparticles: Lessons from the past two decades,利用稳定化纳米颗粒修复有机化学品污染的土壤和地下水：过去二十年的经验教训,China?mixed,POPs_general,False,True
P01062,10.1016_j.cej.2019.123055,Combining chemical oxidation and bioremediation for petroleum polluted soil remediation by BC-nZVI activated persulfate,BC-nZVI 活化过硫酸盐联合化学氧化与生物修复石油污染土壤,China,Petroleum_TPH,False,True
P01141,2019_Dong P et al_Chemosphere_10.1016-j.chemosphere.2019.125113,"Health risk assessment of heavy metals and pesticides: A case study in the main drinking water source in Dalian, China",重金属和农药的健康风险评估：以中国大连主要饮用水源为例,China,"OCPs,Pesticides",True,True
P01200,2020_Huang J et al_EarthSciRev_10.1016-j.earscirev.2020.103295,Soil and environmental issues in sandy soils,沙质土壤中的土壤与环境问题,Other:Global(inc.NW China),POPs_general,True,True
P01551,10.1016_j.jhazmat.2019.121763,"Source-specific ecological risk analysis and critical source identification of heavy metals in road dust in Beijing, China",北京道路扬尘中重金属的源特异性生态风险分析及关键源识别,China,Pesticides,True,True
P01758,2019_Nie J et al_SciTotalEnviron_10.1016-j.scitotenv.2019.136080,"Bioremediation of Water Containing Pesticides by Microalgae: Mechanisms, Methods, and Prospects for Future Research",微藻修复含农药水体的机制、方法及未来研究展望,China,Pesticides,False,True
P01760,2019_Peng F et al_SciTotalEnviron_10.1016-j.scitotenv.2019.136281,Benthic invertebrate and microbial biodiversity in sub-tropical urban rivers: Correlations with environmental variables and emerging chemicals,亚热带城市河流中底栖无脊椎动物和微生物的生物多样性：与环境变量及新兴化学物质的相关性,China,POPs_general,True,True
P04353,2020_Medium CL_Science_10.3390-microorganisms8060946,Characterization of the Phenanthrene-Degrading Sphingobium yanoikuyae SJTF8 in Heavy Metal Co-Existing Liquid Medium and Analysis of Its Metabolic Pathway,菲降解鞘氨醇杆菌SJTF8在重金属共存液体培养基中的特性表征及其代谢途径分析,China,"PAHs,POPs_general",True,True
P04430,2020_Jia Y et al_RemoteSens_10.3390-rs12223679,Modeling and Theoretical Analysis of GNSS-R Soil Moisture Retrieval Based on the Random Forest and Support Vector Machine Learning Approach,基于随机森林和支持向量机学习方法的GNSS-R土壤水分反演建模与理论分析,China,PAHs,False,True
P05177,10_1016_j_envpol_2020_114181,"Occurrence of Short- and Medium-Chain Chlorinated Paraffins in Soils and Sediments from Dongguan City, South China",中国南方东莞地区土壤和沉积物中短链和中链氯化石蜡的 occurrence,China,"POPs_general,PCNs_other",False,True
P05178,2020_Waseem H et al_EnvironPollut_10.1016-j.envpol.2020.114676_1,Establishing the relationship between molecular biomarkers and biotransformation rates: extension of knowledge for dechlorination of polychlorinated dibenzo-p-dioxins and furans (PCDD/Fs),建立分子生物标志物与生物转化速率之间的关系：多氯二苯并对二恶英和呋喃 (PCDD/Fs) 脱氯知识的扩展,China?mixed,Dioxins,False,True
P08330,2020_Zhang L et al_BMCMicrobiol_10.1186-s12866-020-01937-x,Impact of long-term industrial contamination on the bacterial communities in urban river sediments,长期工业污染对城市河流沉积物细菌群落的影响,Other:China,POPs_general,False,True
P11120,2020_Chen LEGEJ et al_Sustainability_null,Proprietary Digester Design with Bacteria Metabolic Activator Provides Ultimate Solution to Petroleum Waste Bottle Neck Processing,采用细菌代谢激活剂的专利消化器设计为石油废物瓶颈处理提供了终极解决方案,China?mixed,"PAHs,Petroleum_TPH",False,True
P00122,2019_Cui L et al_EnvironToxicolChem_10.1002-etc.4401,"BIOCHAR IMMOBILIZES AND DEGRADES 2,4,6-TRICHLOROPHENOL IN SOILS","生物炭在土壤中固定并降解 2,4,6-三氯苯酚",Other:<China>,Phenols,False,True
P01129,2018_Zheng X et al_Chemosphere_10.1016-j.chemosphere.2018.12.047,Derivation of aquatic life criteria for four phthalate esters and their ecological risk assessment in Liao River,四种邻苯二甲酸酯类的水生生物基准推导及其在辽河的生态风险评估,China,PAEs,False,True
P01743,10.1016_j.scitotenv.2019.05.459,Contribution of soil erosion to PAHs in surface water in China,土壤侵蚀对中国地表水中多环芳烃的贡献,China,PAHs,False,True
P02303,10_1051_e3sconf_20199809016,"Distribution of antibiotics in the vadose zone in Xiaodian Sewage Irrigation Area, Northern China",中国北方小店污水灌溉区包气带抗生素的分布,China,Antibiotics,False,True
P03950,2019_Wang L et al_ApplSci_10.3390-app9173439,Recent Advances in Spectroscopy Technology for Trace Analysis of Persistent Organic Pollutants,光谱技术在持久性有机污染物痕量分析中的最新进展,China,"PAHs,PCBs,OCPs,Pesticides,POPs_general",False,True
P04139,2019_Shi T et al_Environments_10.3390-ijerph16234593,Rapid Biodegradation of the Organophosphorus Insecticide Chlorpyrifos by Cupriavidus nantongensis X1T,南通坎皮维达氏菌X1T对有机磷杀虫剂毒死蜱的快速降解,China,Pesticides,False,True
P04804,2011_Aerosol et al_EnvironPollut_10.4209-aaqr.2018.02.0048,"Polycyclic Aromatic Hydrocarbons (PAHs) in Urban Street Dust of Huanggang, Central China: Status, Sources and Human Health Risk Assessment",中国中部黄冈市街道灰尘中的多环芳烃：状况、来源及人类健康风险评估,China,PAHs,False,True
P07908,2019_Chen Q et al_Land_null,Temporal-Spatial Differentiation and Optimization Analysis of Cultivated Land Green Utilization Efficiency in China,中国耕地绿色利用效率的时空分异与优化分析,China,Pesticides,False,True
P11046,2019_Huang D et al_ChemEngJ_null,"Adsorption and desorption of phenanthrene by magnetic graphene nanomaterials from water: Roles of pH, heavy metal ions and natural organic matter",水中磁性石墨烯纳米材料对菲的吸附和解吸：pH、重金属离子和天然有机物质的作用,China,PAHs,True,True
P01045,2018_Xu Y et al_AtmosEnviron_10.1016-j.atmosenv.2018.04.013,An improved inventory of polychlorinated biphenyls in China: A case study on PCB-153,中国多氯联苯的改进清单：以PCB-153为例,China,PCBs,False,True
P01064,10.1016_j.cej.2018.03.006,Formation of halogenated disinfection byproducts during the degradation of chlorophenols by peroxymonosulfate oxidation in the presence of bromide,溴存在下过一硫酸盐氧化降解氯酚过程中卤代消毒副产物的形成,China,"Phenols,POPs_general",False,True
P01708,2016_Fe) RJ et al_SciTotalEnviron_10.1016-j.scitotenv.2017.08.123_1,"Pollution characteristics, risk assessment, and source apportionment of heavy metals in road dust in Beijing, China",中国北京道路扬尘中重金属的污染特征、风险评估及源解析,China,Pesticides,True,True
P01957,2018_Wang X et al_EnvironSciTechnol_10.1021-acs.est.7b05667,Coupling between nitrogen fixation and tetrachlorobiphenyl dechlorination in a rhizobium-legume symbiosis,根瘤菌-豆科植物共生体系中固氮与四氯联苯脱氯的耦合作用,China,PCBs,False,True
P02632,2018_Zaffar H et al_SoilSedimentContam_10.1080-15320383.2018.1470605,Kinetics of Endosulfan Biodegradation by Stenotrophomonas maltophilia EN-1 Isolated From Pesticide-Contaminated Soil,杀虫剂污染土壤中分离的嗜麦芽窄食单胞菌 EN-1 对硫丹生物降解的动力学研究,Other:Pakistan,"OCPs,Pesticides",False,True
P02933,2018_Wang H et al_Science_10.1155-2018-9264259,Effects of Aged Oil Sludge on Soil Physicochemical Properties and Fungal Diversity Revealed by High-Throughput Sequencing Analysis,老化油泥对土壤理化性质及真菌多样性的影响：基于高通量测序分析,China,Petroleum_TPH,True,True
P03187,2018_Li Q et al_Nature_10.1371-journal.pone.0205484,"Spatial and temporal distribution of Polycyclic Aromatic Hydrocarbons (PAHs) in sediments from Poyang Lake, China",中国鄱阳湖沉积物中多环芳烃的时空分布,China,PAHs,False,True
P03253,2018_Zha Y et al_Water_10.15244-pjoes-76410,"PAHs in Foliage Dust of Typical Tree Species with Urbanization Gradient in Nanjing, China",南京城市化梯度下典型树种叶面尘中的多环芳烃,China,PAHs,False,True
P04066,2018_Seasonal_EnvironRes_10.3390-ijerph15020279,Seasonal and Spatial Variability of Anthropogenic and Natural Factors Influencing Groundwater Quality Based on Source Apportionment,基于源解析的影响地下水质量的人为和自然因素的时空变化特征,China,POPs_general,False,True
P04077,2018_Liu Y Y et al_EnvironRes_10.3390-ijerph15050993,Study of Factors Influencing the Bioaccessibility of Triazolone in Cherry Tomatoes Using a Static SHIME Model,利用静态 SHIME 模型研究樱桃番茄中三唑酮生物可及性的影响因素,China,Pesticides,False,True
P05032,2014_Delang C_Agriculture_10.5775-fg.2018.003.i,Soil pollution prevention and control measures in China,中国的土壤污染防治措施,China,Petroleum_TPH,False,True
P05398,10_3389_fmicb_2018_00745,Evidence for Environmental Dissemination of Antibiotic Resistance Mediated by Wild Birds,野生鸟类介导抗生素抗性环境传播的证据,China,Antibiotics,False,True
P06886,2013_Wang Xiaoping et al_Atmosphere_10.5194-acp-18-8745-2018,Occurrence and spatial distribution of neutral perfluoroalkyl substances and cyclic volatile methylsiloxanes in the atmosphere of the Tibetan Plateau,青藏高原大气中中性全氟烷基物质和环状挥发性甲基硅氧烷的发生及空间分布,China,"PFAS,POPs_general",False,True
P07740,2018_Khan N et al_Agriculture_10.3389-fmicb.2018.02507,Impact of Salicylic Acid and PGPR on the Drought Tolerance and Phytoremediation Potential of Helianthus annus,水杨酸和植物根际促生细菌对向日葵耐旱性和植物修复潜力的影响,Other:Pakistan,Phenols,True,True
P07752,2018_Li F et al_Agriculture_10.1371-journal.pone.0204324,Biodegradation of di-(2-ethylhexyl) phthalate by a halotolerant consortium LF,耐盐菌群 LF 对邻苯二甲酸二(2-乙基己基)酯的生物降解,China,PAEs,False,True
P07778,2018_Luo W et al_Science_10.1371-journal.pone.0199082,"Geochemical processes controlling the groundwater chemistry and fluoride contamination in the Yuncheng Basin, China—An area with complex hydrogeochemical conditions",中国运城盆地地下水化学及氟污染的地球化学过程控制——一个具有复杂水文地球化学条件的区域,China,Pesticides,False,True
P07803,2018_Peng H et al_Nature_10.1007-s42452-018-0020-0,Direct advanced oxidation process for chromium(III) with sulfate free radicals,基于硫酸根自由基的铬(III)直接高级氧化工艺,China,POPs_general,True,True
P07812,2018_Pretorius T R et al_PLoSOne_10.1371-journal.pone.0208325,"The accumulation of metals, PAHs and alkyl PAHs in the roots of Echinacea purpurea",紫锥菊根中金属、多环芳烃和烷基多环芳烃的积累,Other:Canada,"PAHs,Petroleum_TPH",False,True
P07824,2018_Sharma A et al_EnvironPollut_10.3389-fpls.2018.01609,Jasmonic Acid Seed Treatment Stimulates Insecticide Detoxification in Brassica juncea L.,茉莉酸种子处理促进印度芥菜中杀虫剂的解毒,China,Pesticides,False,True
P07862,2018_Yin S et al_Minerals_null,Copper Bioleaching in China: Review and Prospect,中国铜的生物浸出：回顾与展望,China,PCBs,True,True
P10991,2018_Liu J et al_EnvironPollut_null,Microbial community structure and function in sediments from e-waste contaminated rivers at Guiyu area of China,中国贵屿地区电子废弃物污染河流沉积物的微生物群落结构与功能,China,"PAHs,POPs_general",True,True
P11011,2018_Tian K et al_SciTotalEnviron_null,"Residuals, bioaccessibility and health risk assessment of PAHs in winter wheat grains from areas influenced by coal combustion in China",受燃煤影响的地区冬小麦籽粒中多环芳烃的残留、生物可及性及健康风险评估,China,PAHs,False,True
P00112,10.1002_eap.1494,Atmospheric deposition exposes Qinling pandas to toxic pollutants,大气沉降使秦岭大熊猫接触有毒污染物,China,POPs_general,True,True
P00270,2017_Qin W et al_BioprocessBiosystEng_10.1007-s00449-017-1836-5,Comparative proteomic analysis and characterization of benzo(a)pyrene removal by Microbacterium sp. strain M.CSW3 under denitrifying conditions,反硝化条件下微杆菌 M.CSW3 去除苯并(a)芘的比较蛋白质组学分析及表征,China,"PAHs,POPs_general",True,True
P00321,10.1007_s10653-017-9908-7,Historical trends of organochlorine pesticides (OCPs) recorded in sediments across the Tibetan Plateau,青藏高原沉积物中记录的有机氯农药（OCPs）的历史趋势,China,"OCPs,Pesticides",False,True
P00671,10.1007_s11356-017-8467-x,"Spatial distribution and bioaccumulation of polychlorinated biphenyls (PCBs) and polybrominated diphenyl ethers (PBDEs) in snails and sediments from Taihu Lake area, China",太湖区域螺与沉积物中多氯联苯和多溴联苯醚的空间分布及生物累积,China,"PCBs,PBDEs",True,True
P00673,10.1007_s11356-017-8678-1,Life cycle analysis of perfluorooctanoic acid (PFOA) and its salts in China,中国全氟辛酸及其盐的生命周期分析,China,PFAS,False,True
P00890,2013_Jin Yu et al_Nature_10.1007-s13205-017-0721-x,Biosorption characteristic of Alcaligenes sp. BAPb.1 for removal of lead(II) from aqueous solution,产碱杆菌 sp. BAPb.1 对水溶液中铅(II)的吸附特性,China,"PAHs,Antibiotics",True,True
P02278,2017_Zhang D et al_RSCAdv_10.1039-c6ra25934k,"Effect of humins from different sediments on microbial degradation of 2,2',4,4',5,5'-hexachlorobiphenyl (PCB153), and their polyphasic characterization","不同沉积物来源的腐殖素对 2,2',4,4',5,5'-六氯联苯 (PCB153) 微生物降解的影响及其多相表征",China,PCBs,False,True
P02754,10_1088_1755_1315_52_1_012054,Polychlorinated biphenyls in fly ashes collected from five coal-fired power plants in North China,华北地区五家燃煤电厂粉煤灰中的多氯联苯,China,PCBs,False,True
P02920,2017_Zhao Z et al_JChem_10.1155-2017-3510796,"Source and Ecological Risk Characteristics of PAHs in Sediments from Qinhuai River and Xuanwu Lake, Nanjing, China",南京秦淮河与玄武湖沉积物中多环芳烃的来源及生态风险特征,China,PAHs,False,True
P05115,10_1007_978_3_319_66260_2_8,Chapter 8 Antibiotic Resistance Gene Due to Manure Application,第8章 畜禽粪施用引起的抗生素抗性基因,China?mixed,Antibiotics,False,True
P05129,10_1007_978_981_10_3656_9_2,Remediation of Phenanthrene-Contaminated Soil Using Non-thermal Plasma Fluidized Bed,利用非热等离子体流化床修复菲污染土壤,China?mixed,PAHs,False,True
P07175,2015_Liu Zhaoyang et al_SciTotalEnviron_10.1016-j.scitotenv.2016.12.085,Pollution pathways and release estimation of perfluorooctane sulfonate (PFOS) and perfluorooctanoic acid (PFOA) in central and eastern China,中国中东部全氟辛烷磺酸(PFOS)和全氟辛酸(PFOA)的污染途径及释放估算,China,PFAS,False,True
P07483,2017_1 ZL et al_OrgGeochem_null,Distribution and Source Contributions of Polycyclic Aromatic Hydrocarbons in Sediments from Poyang and Longgan Lakes in China,鄱阳湖和龙感湖沉积物中多环芳烃的分布和源贡献,China,PAHs,False,True
P07612,2017_Sun Y et al_EnvironSciPollutRes_10.1007-s11356-017-0371-x,Remediation of persistent organic pollutant-contaminated soil using biosurfactant-enhanced electrokinetics coupled with a zero-valent iron/activated carbon permeable reactive barrier,生物表面活性剂强化动电修复耦合零价铁/活性炭渗透反应墙修复持久性有机物污染土壤,China,"PAHs,POPs_general",False,True
P07643,2017_Wu Y et al_EnvironPollut_null,"Polyhalogenated carbazoles in sediments from Lake Tai (China): Distribution, congener composition, and toxic equivalent evaluation",太湖沉积物中的多卤代咔唑：分布、同类物组成及毒性当量评价,China,"PBDEs,POPs_general,Dioxins",False,True
P08678,2022_Hui K et al_EnvironPollut_null_1,Nitrogen input leads to the differential accumulation of polycyclic aromatic hydrocarbons in the low- and high-density fractions in sewage-irrigated farmland soil,氮输入导致污水灌溉农田土壤低密度和高密度组分中多环芳烃的差异积累,China,"PAHs,POPs_general",True,True
P08697,2022_Lin S et al_JHazardMater_null,"Toxic chemicals from uncontrolled e-waste recycling: Exposure, body burden, health impact",受控电子垃圾回收产生的有毒化学物质：暴露、身体负担、健康影响,China,POPs_general,True,True
P10946,2017_Wu L et al_SciTotalEnviron_null,"A modified method for pesticide transport and fate in subsurface environment of a winter wheat field of Yangling, China",中国杨凌冬小麦田农药在地下环境中运移及归趋的改进方法,China,Pesticides,False,True
P10951,2017_Yang C et al_SciRep_null,Simultaneous hydrolysis of carbaryl and chlorpyrifos by Stenotrophomonas sp. strain YC-1 with surface-displayed carbaryl hydrolase,表面展示氨基甲酸酯水解酶的寡养单胞菌YC-1菌株对氨基甲酸酯和毒死蜱的同时水解,China,Pesticides,False,True
P00823,2013_Distribution_Science_10.1007-s12403-016-0241-7,"Distribution and Enrichment Factors of High-Arsenic Groundwater in Inland Arid Area of P. R. China: A Case Study of the Shihezi Area, Xinjiang",中国内陆干旱区高砷地下水的分布与富集因素：以新疆石河子地区为例,China,Pesticides,True,True
P01098,2016_Zeng J et al_Chemosphere_10.1016-j.chemosphere.2016.01.019,Oxidation of polycyclic aromatic hydrocarbons using Bacillus subtilis CotA with high laccase activity and copper independence,使用具有高漆酶活性和铜独立性的枯草芽孢杆菌CotA氧化多环芳烃,China,PAHs,True,True
P01661,2016_Li Jing et al_MarPollutBull_10.1016-j.marpolbul.2016.03.063,Status of POPs accumulation in the Yellow River Delta: From distribution to risk assessment,黄河三角洲持久性有机污染物累积状态：从分布到风险评估,China,"PAHs,PCBs,OCPs,Pesticides,POPs_general",False,True
P03008,10_1186_s12934_016_0574_8,Production of lipopeptide biosurfactants by Bacillus atrophaeus 5-2a and their potential use in microbial enhanced oil recovery,黑曲霉5-2a产生脂肽生物表面活性剂及其在微生物强化采油中的潜在应用,China,Petroleum_TPH,False,True
P03178,10.1371_journal.pone.0156889,A Comprehensive Analysis on Spread and Distribution Characteristic of Antibiotic Resistance Genes in Livestock Farms of Southeastern China,中国东南部畜禽场抗生素抗性基因传播与分布特征的综合分析,China,Antibiotics,False,True
P04042,2017_Use P_EnvironRes_10.3390-ijerph14010001,"Pesticide Use and Risk Perceptions among Small-Scale Farmers in Anqiu County, China",中国安丘县小农户农药使用与风险感知,China,Pesticides,False,True
P04291,2016_Li L et al_IntJMolSci_10.3390-ijms17060927,"Theoretical Studies on Structures, Properties and Dominant Debromination Pathways for Selected Polybrominated Diphenyl Ethers",所选多溴二苯醚的结构、性质及主要脱溴途径的理论研究,China,PBDEs,False,True
P04610,2016_Duan W et al_Sustainability_10.3390-su8020133,Water Quality Assessment and Pollution Source Identification of the Eastern Poyang Lake Basin Using Multivariate Statistical Methods,基于多元统计方法的鄱阳湖流域东部水质评价与污染源识别,China,POPs_general,True,True
P05302,10_1080_15320383_2016_1112767,Organochlorine Pesticides in Sediments around Chaohu Lake: Concentration Levels and Vertical Distribution,巢湖周围沉积物中的有机氯农药：浓度水平和垂直分布,China,"OCPs,Pesticides",False,True
P06769,2013_Chakraborty P et al_SciTotalEnviron_10.1016-j.scitotenv.2016.03.009,"Soil concentrations, occurrence, sources and estimation of air–soil exchange of polychlorinated biphenyls in Indian cities",印度城市中多氯联苯的土壤浓度、存在、来源及气-土交换估算,Other:India,PCBs,False,True
P07315,2016_Gu H et al_FrontMicrobiol_10.3389-fmicb.2016.00038,"Biodegradation, Biosorption of Phenanthrene and Its Trans-Membrane Transport by Massilia sp. WF1 and Phanerochaete chrysosporium",Massilia sp. WF1 和 Phanerochaete chrysosporium 对菲的生物降解、生物吸附及跨膜转运,China,PAHs,False,True
P07462,2016_Zhang H et al_EnvironPollut_null,Bioaccumulation of organochlorine pesticides and polychlorinated biphenyls by loaches living in rice paddy fields of Northeast China,中国东北稻田中泥鳅对有机氯农药和多氯联苯的生物富集,China,"PCBs,OCPs,Pesticides",False,True
P08070,2019_Yin S_EnvironInt_null,Transplacental transfer of organochlorine pesticides: Concentration ratio and chiral properties,有机氯农药的胎盘转移：浓度比与手性特征,China,"OCPs,Pesticides",False,True
P11640,2025_李鹏淼_Unknown_null,Study on the synergetic effect mechanism and ecological risk of microplastics and polycyclic aromatic hydrocarbons in depressed green spaces,下凹式绿地中微塑料与多环芳烃的协同影响机制及生态风险研究,China,"PAHs,POPs_general",True,True
P01044,2015_Wang Y et al_Water_10.1016-j.atmosenv.2015.04.047,"Seasonal and diurnal variations of atmospheric PAHs and OCPs in a suburban paddy field, South China: Impacts of meteorological parameters and sources",华南亚郊水稻田大气PAHs和OCPs的季节和昼夜变化：气象参数及来源的影响,China,"PAHs,OCPs",False,True
P01948,2015_Zhu Y et al_EnvironSciTechnol_10.1021-acs.est.5b00474,Environmental distributions of benzo[a]pyrene (BaP) in China: Current and future emission reduction scenarios explored using a spatially explicit multi-media fate model,中国苯并[a]芘的环境分布：基于空间显式多介质归趋模型的当前及未来减排情景分析,China,PAHs,False,True
P02231,10_1038_srep14307,"Identification and Characterization of a Novel Gentisate 1,2-Dioxygenase Gene from a Halophilic Martelella Strain","一株嗜盐马赛氏菌新型龙胆酸1,2-双加氧酶基因的鉴定与表征",China,"PAHs,Petroleum_TPH",False,True
P02236,2015_Cai M et al_EnvironPollut_10.1038-srep16057,Crude oil as a microbial seed bank with unexpected functional potentials,原油作为具有意想不到功能潜力的微生物种子库,Other:China,Petroleum_TPH,False,True
P03157,2015_Sources S et al_Land_10.1371-journal.pone.0118141,"Polycyclic Aromatic Hydrocarbons (PAHs) in Indoor Dusts of Guizhou, Southwest of China: Status, Sources and Potential Human Health Risk",中国西南贵州室内灰尘中的多环芳烃：现状、来源及潜在人体健康风险,China,PAHs,False,True
P03246,2015_Li Y et al_PolJEnvironStud_10.15244-pjoes-22274,Effect of Combined Pollution of Cd and B[a]P on Photosynthesis and Chlorophyll Fluorescence Characteristics of Wheat,镉与苯并[a]芘复合污染对小麦光合作用及叶绿素荧光特性的影响,China,PAHs,True,True
P04026,2015_Jin D et al_EnvironRes_10.3390-ijerph121013510,Biodegradation of di-n-Butyl Phthalate by Achromobacter sp. Isolated from Rural Domestic Wastewater,从农村生活废水中分离的无色杆菌对邻苯二甲酸二丁酯的生物降解,Other:China,"Phenols,PAEs",True,True
P04288,2015_Chen S et al_Nature_10.3390-ijms161023390,Heavy Metal Induced Antibiotic Resistance in Bacterium LSJC7,重金属诱导细菌LSJC7的抗生素抗性,China,Antibiotics,True,True
P05228,[32]_Unknown_0000_10.1021-acs.est.5b02158_1,Influence of Dissolved Organic Matter on Tetracycline Bioavailability to an Antibiotic-Resistant Bacterium,溶解性有机质对四环素抗药性细菌生物有效性的影响,China?mixed,Antibiotics,False,True
P05268,10_1080_10807039_2015_1104627,"Human health risk assessment and source diagnosis of polycyclic aromatic hydrocarbons (PAHs) in the corn and agricultural soils along main roadside in Changchun, China",长春主干道旁玉米及农田土壤中多环芳烃的人体健康风险评估与源解析,China,PAHs,False,True
P07199,2015_Pathways R_Water_10.1371-journal.pone.0139580,"Rapid Removal of Tetrabromobisphenol A by Ozonation in Water: Oxidation Products, Reaction Pathways and Toxicity Assessment",水中四溴双酚A的臭氧快速去除：氧化产物、反应路径及毒性评估,China,"PBDEs,Phenols",False,True
P07237,2015_Wang J et al_EnvironPollut_10.1016-j.envpol.2015.03.031,"Organochlorine pesticides accumulated by SPMD-based virtual organisms and feral fish in Three Gorges Reservoir, China",三峡水库SPMD虚拟生物体与野生鱼类对有机氯农药的富集研究,China,"OCPs,Pesticides",False,True
P07266,2015_Zhu N_SciTotalEnviron_null,"Lichen, moss and soil in resolving the occurrence of semi-volatile organic compounds on the southeastern Tibetan Plateau, China",地衣、苔藓和土壤在解析中国藏东南地区半挥发性有机物分布中的作用,China,"PCBs,OCPs,PBDEs,Pesticides,VOC_SVOC",False,True
P10801,2015_Yu L et al_SciRep_null,Biochar as an electron shuttle for reductive dechlorination of pentachlorophenol by Geobacter sulfurreducens,生物炭作为地杆菌还原脱氯五氯苯酚的电子穿梭体,China,Phenols,False,True
P11290,2021_刘瑞_Unknown_null,Remediation of triclosan and polycyclic aromatic hydrocarbons in sediment by a multifunctional degrading bacterium,一株多功能降解菌对底泥中三氯生和多环芳烃复合污染的修复,China,"PAHs,POPs_general",True,True
P00608,2012_SOD O et al_Toxics_10.1007-s11356-014-2580-x,Effects of di-n-butyl phthalate on the physiology and ultrastructure of cucumber seedling roots,邻苯二甲酸二丁酯对黄瓜幼苗根系生理及超微结构的影响,China,PAEs,False,True
P00621,2008_Du L et al_EnvironPollut_10.1007-s11356-014-3716-8,Biomarker responses in earthworms (Eisenia fetida) to soils contaminated with di-n-butyl phthalates,邻苯二甲酸二丁酯污染土壤中蚯蚓的生物标志物响应,China,PAEs,False,True
P01204,2013_Chunnian et al_EcotoxicolEnvironSaf_10.1016-j.ecoenv.2013.10.034,"Analysis of HCHs and DDTs in a sediment core from the Old Yellow River Estuary, China",黄河口沉积物岩芯中HCHs和DDTs的分析,China,"OCPs,Pesticides",False,True
P02381,2014_Wangetal_JEnvironSciHealthB_10.1080-03601234.2014.896660,Pollution characteristics and environmental risk assessment of typical veterinary antibiotics in livestock farms in Southeastern China,中国东南地区畜禽养殖场典型兽药抗生素的污染特征及环境风险评估,China,Antibiotics,False,True
P05097,2014_Li H et al_EnvironToxicolChem_null,"Mitigating Pesticide Pollution in China Requires Law Enforcement, Farmer Training, and Technological Innovation",缓解中国农药污染需要执法、农民培训和技术创新,China,"OCPs,Pesticides",False,True
P05186,2020_Xie Z et al_EnvironSciPollutRes_null,Occurrence of heavy metals and polycyclic aromatic hydrocarbons in typical used mineral oil from China: implications for risk management,中国典型废旧矿物油中重金属和多环芳烃的出现：对风险管理的启示,China,"PAHs,Petroleum_TPH",True,True
P06953,2014_Fu J et al_JHazardMater_10.1016-j.jhazmat.2014.01.044,"Heavy metals in surface sediments of the Jialu River, China: Their relations to environmental factors",中国贾鲁河表层沉积物中的重金属：与环境因子的关系,China,PAHs,True,True
P07061,2014_Wang F et al_AtmosEnviron_null,"Sources of polycyclic aromatic hydrocarbons in PM2.5 over the East China Sea, a downwind domain of East Asian continental outflow",中国东部海域东亚大陆输出下风向区域PM2.5中多环芳烃的来源,China?mixed,PAHs,False,True
P10679,2014_Fu J_JHazardMater_null,"Heavy metals in surface sediments of the Jialu River, China: Their relations to environmental factors",中国贾鲁河表层沉积物中的重金属：与环境因子的关系,China,PAHs,True,True
P10730,2014_Xu S et al_Unknown_null,Bioconversion of wastewater from sweet potato starch production to Paenibacillus polymyxa biofertilizer for tea plants,甘薯淀粉生产废水的生物转化：用于茶树的多粘类芽孢杆菌生物肥料,China,PAEs,False,True
P00127,2013_Xu Y et al_JGeophysResAtmos_10.1002-jgrd.50368,Influence of monsoon system on a-HCH fate in Asia: A model study from 1948 to 2008,季风系统对亚洲α-HCH归趋的影响：一项1948年至2008年的模型研究,China?mixed,"OCPs,Pesticides",False,True
P00789,2013_Liu F et al_ChinSciBull_10.1007-s11434-013-5677-6,Pollution characteristics and ecological risk of polycyclic aromatic hydrocarbons (PAHs) in surface sediments of the southern part of the Haihe River system in China,中国海河南系表层沉积物中多环芳烃的污染特征及生态风险,China,PAHs,False,True
P01265,2013_PCBs BP et al_EnvironInt_10.1016-j.envint.2013.01.006,"Bioaccumulation of PCDD/Fs, PCBs and PBDEs by earthworms in field soils of an E-waste dismantling area in China",中国某电子废物拆解区田间土壤中蚯蚓对PCDD/Fs、PCBs和PBDEs的生物累积,China,"PCBs,PBDEs,Dioxins",False,True
P02558,2013_Zhao Z et al_SoilSedimentContam_10.1080-15320383.2013.726297,Application of Semipermeable Membrane Devices (SPMDs) and Benthic Mussels to Evaluate the Bioavailability of Sediment-associated DDTs,应用半透膜装置(SPMDs)和底栖软体动物评估沉积物DDT的生物有效性,China,OCPs,False,True
P02893,2013_Zhu X M et al_BiomedResInt_10.1155-2013-192986,Absorption of Hazardous Pollutants by a Medicinal Fern Blechnum orientale L.,药用植物乌毛蕨对有害污染物的吸收,China,PAHs,True,True
P03098,2013_李悦等_Land_10.13292-j.1000-4890.2013.0123_1,"Impacts of zinc, benzo[a]pyrene, and their combination on the growth and antioxidant enzymes activities of wheat seedlings",锌、苯并［a］芘及其复合胁迫对小麦幼苗生长及抗氧化酶的影响,China,PAHs,True,True
P03136,10.1371_journal.pone.0074877,Defluorination of Aqueous Perfluorooctanesulfonate by Activated Persulfate Oxidation,过硫酸盐氧化对水相全氟辛烷磺酸的脱氟作用,China,PFAS,False,True
P03280,2013_Reuse KLPCR et al_Science_10.1631-jzus.A1300155,"Characteristics and sources of polycyclic aromatic hydrocarbons in impervious surface run-off in an urban area in Shanghai, China",上海城市区域非渗透地表径流中多环芳烃的特征及来源,China,PAHs,False,True
P06795,2013_Genetics KLC et al_FemsMicrobiolLett_10.1111-1574,Identification of regulated genes involving resistance to high concentrations of glyphosate in a new strain of Enterobacter,鉴定肠杆菌新菌株中耐高浓度草甘膦的相关调节基因,China,Pesticides,False,True
P06883,2013_Wang L et al_EcotoxicolEnvironSaf_10.1016-j.ecoenv.2013.04.009,Historical contamination and ecological risk of organochlorine pesticides in sediment core in northeastern Chinese river,中国东北河流沉积物岩芯中有机氯农药的历史污染与生态风险,China,"OCPs,Pesticides",False,True
P10611,2013_Chen Y et al_WasteManage_null,Generation and distribution of PAHs in the process of medical waste incineration,医疗废物焚烧过程中多环芳烃的产生与分布,China,"PAHs,Dioxins",False,True
P00016,0000_es2041256_null_null_null,"Environmental Occurrence and Distribution of Short Chain Chlorinated Paraffins in Sediments and Soils from the Liaohe River Basin, China",中国辽河流域沉积物和土壤中短链氯化石蜡的环境存在与分布,China,PCNs_other,False,True
P02546,2012_Guo C L et al_SoilSedimentContam_10.1080-15320383.2012.664181,"Effect of Exposure Time, Contamination Level, and Type of PAH Compound on Biodegradation Capacity of Mangrove Sediment",暴露时间、污染水平及多环芳烃化合物类型对红树林沉积物生物降解能力的影响,China,PAHs,False,True
P02548,2012_Zhang W et al_SoilSedimentContam_10.1080-15320383.2012.672489,A Rapid Screening Method for the Determination of Seventy Pesticide Residues in Soil Using Microwave-Assisted Extraction Coupled to Gas Chromatography and Mass Spectrometry,使用微波辅助萃取结合气相色谱和质谱法快速筛查土壤中70种农药残留的方法,China,Pesticides,False,True
P02788,2012_Wu W-J et al_ScientificWorldJournal_10.1100-2012-156378,"Levels, Distribution, and Health Risks of Polycyclic Aromatic Hydrocarbons in Four Freshwater Edible Fish Species from the Beijing Market",北京市场四种淡水食用鱼中多环芳烃的含量、分布及健康风险,China,PAHs,False,True
P02796,2012_Kong X Z et al_ScientificWorldJournal_10.1100-2012-691539,Simulation of the Fate and Seasonal Variations of α-Hexachlorocyclohexane in Lake Chaohu Using a Dynamic Fugacity Model,利用动态逸度模型模拟巢湖α-六氯环己烷的归趋和季节性变化,China,OCPs,False,True
P03130,10.1371_journal.pone.0038137,Purification and Characterization of a Novel Chlorpyrifos Hydrolase from Cladosporium cladosporioides Hu-01,来自枝孢菌 Hu-01 的一种新型毒死蜱水解酶的纯化与表征,China,Pesticides,False,True
P04773,2013_Dai W_AdvMaterRes_10.4028-www.scientific.net-AMR.616-618.2247,Research on Prevention and Control of Chinese Agricultural Ecological Environment Pollution to Ensure Food Safety,防治中国农业生态环境污染以确保食品安全的研究,China,Pesticides,True,True
P06441,2012_Alabi OA et al_SciTotalEnviron_null,Comparative evaluation of environmental contamination and DNA damage induced by electronic-waste in Nigeria and China,尼日利亚和中国电子废物造成的环境污染和DNA损伤的比较评估,China?mixed,"PAHs,PCBs,PBDEs",True,True
P06798,2013_Han D.M._EnvironMonitAssess_10.1007-s10661-012-2801-z,"Evaluation of organic contamination in urban groundwater surrounding a municipal landfill, Zhoukou, China",周口市垃圾填埋场周边城市地下水有机污染评价,China,"PAHs,OCPs,Pesticides,POPs_general",False,True
P02532,2011_He X et al_SoilSedimentContam_10.1080-15320383.2011.546446,Influence of Temperature and Oil Content on the Soil/Air Partition Coefficient for Hexachlorobenzene in Oil-Contaminated Rice Paddy Field Soil,温度和油含量对石油污染水稻土中六氯苯土壤/气分配系数的影响,China,Petroleum_TPH,False,True
P06518,2011_Luo Y et al_EnvironSciTechnol_10.1021-es104009s,"Occurrence and Transport of Tetracycline, Sulfonamide, Quinolone, and Macrolide Antibiotics in the Haihe River Basin, China",海河流域四环素、磺胺、喹诺酮和大环内酯类抗生素的发生与迁移,China,Antibiotics,False,True
P06556,2011_Song H et al_OceanolHydrobiolStud_10.2478-s13545-011-0024-5,Effects of polycyclic aromatic hydrocarbons exposure on antioxidant system activities and proline content in Kandelia candel,多环芳烃暴露对秋茄抗氧化系统活性和脯氨酸含量的影响,Other:China(Experimental),PAHs,False,True
P09770,0000_Luo Yi et al_null,"Occurrence and Transport of Tetracycline, Sulfonamide, Quinolone and Macrolide Antibiotics in the Haihe River Basin, China",海河流域四环素类、磺胺类、喹诺酮类和大环内酯类抗生素的发生与迁移,China,Antibiotics,False,True
P00118,2010_Qin X et al_EnvironToxicolChem_10.1002-etc.154,"IMPACTS OF CRAB BIOTURBATION ON THE FATE OF POLYCYCLIC AROMATIC HYDROCARBONS IN SEDIMENT FROM THE BEITANG ESTUARY OF TIANJIN, CHINA",天津北塘河口沉积物中螃蟹生物扰动对多环芳烃归趋的影响,China,PAHs,False,True
P00840,10_1007_s12583_010_0089_x,"Paleofire Indicated by Polycyclic Aromatic Hydrocarbons in Soil of Jinluojia Archaeological Site, Hubei, China",湖北金罗家考古遗址土壤中的多环芳烃指示的古火灾,China,PAHs,False,True
P01528,2010_Sun J et al_JHazardMater_10.1016-j.jhazmat.2010.08.016,"Distribution and sources of organochlorine pesticides (OCPs) in sediments from upper reach of Huaihe River, East China",淮河上游沉积物中有机氯农药的分布与来源,China,"OCPs,Pesticides",False,True
P06437,2010_Zhou Y et al_SoilSedimentContam_10.1080-15320381003695272,Differential Transport of Atrazine and Glyphosate in Undisturbed Sandy Soil Column,原状砂土柱中阿特拉津和草甘膦的差异运移,China,Pesticides,False,True
P10485,2010_Sun D et al_Water_null,On the Research of adsorption of Polycyclic Aromatic Hydrocarbons (Phenanthrene) in Soil-Groundwater in Zhangshi Irrigation District,张士灌区土壤-地下水中多环芳烃（菲）吸附行为研究,China,PAHs,False,True
P01278,10.1016_j.envpol.2008.08.011,"Organochlorine pesticides and polychlorinated biphenyls in riverine runoff of the Pearl River Delta, China: Assessment of mass loading, input source and environmental fate",珠江三角洲河流径流中的有机氯农药和多氯联苯：质量负荷、输入源及环境归趋评估,China,"PCBs,OCPs,Pesticides",False,True
P09766,0000_Lin T et al_null,Levels and mass burden of DDTs in sediments from fishing harbors: the importance of DDT-containing antifouling paint to the coastal environment of China,中国渔港沉积物中滴滴涕的含量与质量负荷：含DDT防污涂料对沿海环境的重要性,China,OCPs,False,True
P06070,2008_Chen Dazhou et al_EnvironProcesses_10.1021-es8018572CCC,"Cold-Trapping of Persistent Organic Pollutants in the Mountain Soils of Western Sichuan, China",中国西川山地土壤中持久性有机污染物的冷 trapping,China,POPs_general,False,True
P06085,2008_Guo Y et al_EnvironPollut_null,"Tissue distribution of organochlorine pesticides in fish collected from the Pearl River Delta, China: Implications for fishery input source and bioaccumulation",采自中国珠江三角洲的鱼类组织中有机氯农药的分布：对渔业输入源和生物累积的启示,China,"OCPs,Pesticides",False,True
P06098,2008_Li G et al_MicrobCellFact_10.1186-1475-2859-7-38,Molecular cloning and characterization of a novel pyrethroid-hydrolyzing esterase originating from the Metagenome,来源于宏基因组的一种新型拟除虫菊酯水解酶的分子克隆与表征,China,Pesticides,False,True
P06123,2008_Province Z et al_SciTotalEnviron_10.1016-j.scitotenv.2008.03.010,"PBBs, PBDEs, and PCBs levels in hair of residents around e-waste disassembly sites in Zhejiang Province, China",浙江省电子废物拆解点居民头发中的PBBs、PBDEs和PCBs水平及其潜在来源,China,"PCBs,PBDEs",False,True
P06152,2008_Yang R et al_EnvironPollut_null,Distribution of organochlorine pesticides (OCPs) in conifer needles in the southeast Tibetan Plateau,青藏高原东南部松针中有机氯农药的分布,China,"OCPs,Pesticides",False,True
P05979,2007_Gong X et al_Water_null,"Historical contamination and sources of organochlorine pesticides in sediment cores from Quanzhou Bay, Southeast China",中国东南部泉州湾沉积物柱中有机氯农药的历史污染及来源,China,"OCPs,Pesticides",False,True
P00289,2006_Leung A et al_JMaterCyclesWasteManag_10.1007-s10163-005-0141-6,"Environmental contamination from electronic waste recycling at Guiyu, southeast China",中国东南部贵屿电子废物回收造成的环境污染,China,"PAHs,PCBs,PBDEs,Dioxins",False,True
P10259,2005_Yang R et al_EnvironInt_null,Occurrence and distribution of organochlorine pesticides (HCH and DDT) in sediments collected from East China Sea,东海采集沉积物中有机氯农药（HCH和DDT）的发生与分布,China,"OCPs,Pesticides",False,True
P02862,10.1126_science.1088579,"Paleofire Indicated by Polycyclic Aromatic Hydrocarbons in Soil of Jinluojia Archaeological Site, Hubei, China",湖北金罗家考古遗址土壤中的多环芳烃指示的古火活动,China,PAHs,False,True
P03324,2023_刘玉梅_EnvironPollut_10.19900-j.cnki.ISSN1008-4800.2023.23.015,Coping Strategies for Soil Pollution Control,土壤污染防治的应对策略,China,Petroleum_TPH,False,True
P09769,0000_Liu Y et al_null,Comparison of Sedimentary PAHs in the Rivers of Ammer (Germany) and Liangtan (China): Differences between Early- and Newly-Industrialized Countries,德国Ammer河与中国Liangtan河沉积物中多环芳烃的比较：早期工业化国家与新兴工业化国家的差异,China?mixed,PAHs,False,True
P09812,0000_Qiu X et al_null,Contribution of Dicofol to the current DDTs Pollution in China,三氯杀螨醇对中国目前滴滴涕污染的贡献,China,OCPs,False,True
P01256,2026_Wang M et al_Water_10.1016-j.eehl.2026.100230,Stagnant oxidative potential in declining agricultural fleets: Evidence from key particulate matter composition despite fleet renewal,衰退农业车队中停滞的氧化潜力：来自关键颗粒物成分的证据（尽管车队更新）,China,PAHs,True,True
P04604,2026_Li Q et al_Sustainability_10.3390-su18010446,"Influence of the Yangtze-to-Huaihe Water Diversion Project on the Spatiotemporal Distribution and Ecological Risk of Polycyclic Aromatic Hydrocarbons in Sediments from Lake Caizi, China",引江济淮工程对中国菜子湖沉积物中多环芳烃时空分布及生态风险的影响,China,PAHs,False,True
P04719,2026_Chen Q et al_Water_10.3390-w18020263,"Pollution Characteristics and Ecological Risk Assessment of Organochlorine Pesticides and Polychlorinated Biphenyls in the Maoming Coastal Zone, China",中国茂名海岸带有机氯农药和多氯联苯的污染特征及生态风险评价,China,"PCBs,OCPs,Pesticides,POPs_general",False,True
P01664,10.1016_j.marpolbul.2025.118153,Metagenomics reveals combined effects of microplastics and antibiotics on microbial community structure and function in coastal sediments,宏基因组揭示微塑料和抗生素对沿海沉积物微生物群落结构和功能的综合影响,China,Antibiotics,False,True
P02020,2024_Wu Y et al_GeoHealth_10.1029-2024GH001126,Ecological and Health Risks of Polycyclic Aromatic Hydrocarbons in Particulate Matter in Chinese Cities,中国城市大气颗粒物中多环芳烃的生态与健康风险,China,PAHs,False,True
P03837,10.3389_fpubh.2025.1563272_CrossrefPage,Measurement and evaluation of pesticide residue risk in vegetables: evidence from China,蔬菜农药残留风险的测量与评估：来自中国的证据,China,Pesticides,False,True
P05185,[39]_ZhongX_2025_10.1016-j.ese.2025.100610_1,Heavy metals trigger distinct molecular transformations in microplastic-versus natural-derived dissolved organic matter,重金属在微塑料源与天然源溶解性有机质中引发不同的分子转化,China,Phenols,True,True
P09287,2025_Esters AO_EnvironSciTechnol_10.1021-acs.est.5c01085,Aryl Organophosphate Esters and Hemostatic Disruption: Identifying Risk through Machine Learning and Experimental Validation,芳香基有机磷酸酯与止血破坏：通过机器学习和实验验证识别风险,China,"Pesticides,Phenols",False,True
P11515,2024_Shu Y et al_GreenEnergyEnviron_null,"Antibiotics-heavy metals combined pollution in agricultural soils: Sources, fate, risks, and countermeasures",农业土壤中抗生素-重金属复合污染：来源、归趋、风险及对策,China,Antibiotics,True,True
P03116,10.1360_TB-2024-0595,"Pollution Characteristics, Sources, and Ecological Risks of Typical Pesticides in the Dongting Lake Basin",洞庭湖流域典型农药污染特征、来源及生态风险,China,Pesticides,False,True
P03788,2024_Su Y et al_FrontMarSci_10.3389-fmars.2024.1450208,"Long-term investigation of spatial–temporal variations, risk assessments, and controlling factors of persistent organic pollutants (HCHs, DDTs, and PAHs) and heavy metals in coastal regions along the Chinese Bohai Sea",中国渤海沿岸持久性有机污染物（HCHs、DDTs和PAHs）和重金属的时空变化、风险评估及控制因子的长期调查,China,"PAHs,OCPs,POPs_general",True,True
P04654,10_3390_toxics12040269,Crop Contamination and Human Exposure to Per- and Polyfluoroalkyl Substances around a Fluorochemical Industrial Park in China,中国某氟化工业园区周边作物的全氟及多氟烷基物质污染与人体暴露评估,China,PFAS,False,True
P03273,2023_Li S et al_CiencRural_10.1590-1678-4596-ciar2022-0029,Estimating the effects of joining cooperatives on farmers’ recycling behaviors of pesticide packaging waste: insights from apple farmers of China,加入合作社对农民农药包装废弃物回收行为的影响估计：来自中国苹果种植户的启示,China,Pesticides,False,True
P04573,10.3390_su15075777,Pollution and Risk Assessment of Polycyclic Aromatic Hydrocarbons in Urban Rivers in a Northeastern Chinese City: Implications for Continuous Rainfall Events,中国东北城市河流中多环芳烃的污染与风险评估：对连续降雨事件的启示,China,"PAHs,POPs_general",False,True
P08829,2023_Kang X et al_JContamHydrol_10.1016-j.jconhyd.2023.104240,"Characterization of DNAPL source zones in clay-sand media via joint inversion of DC resistivity, induced polarization and borehole data",基于直流电阻率、激发极化和钻孔数据联合反演的粘土-砂介质中DNAPL污染源区特征刻画,China,"VOC_SVOC,POPs_general",False,True
P08864,2023_RamendraPatiPandey et al_Science_10.3389-fvets.2023.1128707,Antibiotic governance and use on commercial and smallholder farms in eastern China,中国东部商业和小型农场的抗生素治理与使用,China,Antibiotics,False,True
P01814,10.1016_j.scitotenv.2022.156919,"Polycyclic aromatic hydrocarbons (PAHs) in gas, PM2.5, and frost samples in a severely polluted rural site of the North China Plain: Distribution, source, and risk assessment",华北平原严重污染农村地区气相、PM2.5及霜样品中多环芳烃的分布、来源及风险评估,China,PAHs,False,True
P03866,2022_Cheng J et al_Agriculture_10.3390-agriculture12081281,Comparative Analysis of Environmental and Economic Performance of Agricultural Cooperatives and Smallholder Farmers for Apple Production in China,中国苹果生产中合作社与小农户的环境与经济绩效比较分析,China,Pesticides,False,True
P04223,10.3390_ijerph19127211,"Occurrence, Distribution, and Risk Assessment of Antibiotics in the Aquatic Environment of the Karst Plateau Wetland of Yangtze River Basin, Southwestern China",中国西南长江流域喀斯特高原湿地水环境中抗生素的发生、分布及风险评估,China,Antibiotics,False,True
P05444,[17]_KongC_0000_10.3390-w14193009_1,The Impacts of Chlorine and Disinfection Byproducts on Antibiotic-Resistant Bacteria (ARB) and Their Conjugative Transfer,氯及消毒副产物对抗生素抗性细菌(ARB)及其结合转移的影响,China,Antibiotics,False,True
P08671,2022_Gupta A et al_IntJEnvironResPublicHealth_10.3390-ijerph19053141,Linking Soil Microbial Diversity to Modern Agriculture Practices: A Review,关联土壤微生物多样性与现代农业实践：综述,Other:India,Pesticides,False,True
P09538,2026_Wang M et al_Water_null,Stagnant oxidative potential in declining agricultural fleets: Evidence from key particulate matter composition despite fleet renewal,衰退的农业车队中停滞的氧化潜势：来自关键颗粒物成分的证据（尽管车队更新）,China,PAHs,True,True
P09555,[08]_DaiY_2022_10.1016-j.envres.2021.112117_1,Carbon nanotube filter functionalized with MIL-101(Fe) for enhanced flow-through electro-Fenton,功能化 MIL-101(Fe) 碳纳米管过滤器用于增强流通式电芬顿反应,China,Antibiotics,False,True
P01575,2021_Zhang R et al_JHazardMater_10.1016-j.jhazmat.2021.125214,"Distribution, fate and sources of polycyclic aromatic hydrocarbons (PAHs) in atmosphere and surface water of multiple coral reef regions from the South China Sea: A case study in spring-summer",南海多个珊瑚礁区域大气和地表水中多环芳烃的分布、 fate 和来源：春夏案例研究,China,PAHs,False,True
P01781,2021_StockholmConventionaspersistentorganicpollutants(POPs) RA et al_SciTotalEnviron_10.1016-j.scitotenv.2020.141769,"Distributions, transports and fates of short- and medium-chain chlorinated paraffins in a typical river-estuary system",典型河口水系中短链和中链氯化石蜡的分布、运移和归宿,China,"POPs_general,PCNs_other",False,True
P01788,2020_Se C et al_SciTotalEnviron_10.1016-j.scitotenv.2020.143233,"Characterization and ecological function of bacterial communities in seabed sediments of the southwestern Yellow Sea and northwestern East China Sea, Western Pacific",西太平洋黄海和东海海底沉积物中细菌群落的特征及生态功能,China?mixed,PAHs,True,True
P02983,2021_Li X et al_EnvironSciEur_10.1186-s12302-021-00457-3,"Distribution, source apportionment, and health risk assessment of phthalate esters in indoor dust samples across China",中国室内灰尘样品中邻苯二甲酸酯的分布、源解析及健康风险评估,China,PAEs,False,True
P03927,2021_Xu Y et al_ApplSci_10.3390-app11020575,"Size Effect of Mesoporous Silica Nanoparticles on Pesticide Loading, Release, and Delivery in Cucumber Plants",介孔二氧化硅纳米颗粒对黄瓜中农药负载、释放和输送的尺寸效应,China,Pesticides,False,True
P04194,2021_Wang F et al_IntJEnvironResPublicHealth_10.3390-ijerph18147690,Identification of Groundwater Pollution Characteristics and Health Risk Assessment of a Landfill in a Low Permeability Area,低渗透区垃圾填埋场地下水污染特征识别与健康风险评估,China,POPs_general,True,True
P04332,2021_Hu E et al_Materials_10.3390-ma14071757,LDPE and HDPE Microplastics Differently Affect the Transport of Tetracycline in Saturated Porous Media,LDPE 和 HDPE 微塑料对四环素在饱和多孔介质中运移的不同影响,China,Antibiotics,False,True
P04380,2021_Ahmed T et al_Nanomaterials_10.3390-nano11040884,Bioinspired Green Synthesis of Zinc Oxide Nanoparticles from a Native Bacillus cereus Strain RNT6: Characterization and Antibacterial Activity against Rice Panicle Blight Pathogens Burkholderia glumae and B. gladioli,利用本土蜡状芽孢杆菌RNT6菌株生物启发合成氧化锌纳米颗粒：表征及对水稻穗枯病病原菌的抗菌活性,Other:China/Pakistan/USA/SaudiArabia,Pesticides,True,True
P08069,2019_Yao S et al_Nature_10.1007-s11356-021-14735-3,"Occurrence and removal of antibiotics, antibiotic resistance genes, and bacterial communities in hospital wastewater",医院废水中抗生素、抗生素抗性基因及细菌群落的发生与去除,China,Antibiotics,False,True
P00170,2019_Liu B et al_WaterEnvironRes_10.1002-WER.1407,Emerging Pollutants - Part II: Treatment,新兴污染物——第二部分：处理,China,Antibiotics,False,True
P01071,2020_Sun Y et al_GreenChem_10.1016-j.cej.2020.125505,Tailored design of graphitic biochar for high-efficiency and chemical-free microwave-assisted removal of refractory organic contaminants,用于高效无化学辅助微波去除难降解有机污染物的石墨生物炭的定制设计,China,POPs_general,False,True
P01467,10.1016_j.jchromb.2020.122224,Screening of pesticide residues in Traditional Chinese Medicines using modified QuEChERS sample preparation procedure and LC-MS/MS analysis,使用改良QuEChERS样品制备程序和LC-MS/MS分析筛选中药材中的农药残留,China,Pesticides,False,True
P01895,2020_Liu L et al_WaterRes_10.1016-j.watres.2020.116117,"Legacy and novel halogenated flame retardants in seawater and atmosphere of the Bohai Sea: spatial trends, seasonal variations, and influencing factors",渤海海水和大气中的传统及新型卤系阻燃剂：空间趋势、季节变化及影响因素,China,PBDEs,False,True
P02292,2020_Meng Y et al_Science_10.1039-C9EN01089K,Applications of nanozymes in the environment,纳米酶在环境中的应用,Other:<China_general>,POPs_general,False,True
P02668,2020_Zhang G et al_SoilSedimentContam_10.1080-15320383.2020.1862756,"Bioaccumulation and Ecological Risk of Perfluorinated Compounds in Aquatic Plants of Nansi Lake, China",中国南四湖水生植物中全氟化合物的生物累积与生态风险,China,PFAS,False,True
P02940,2020_Liu Z et al_JChem_10.1155-2020-5101936,"Organochlorine Pesticides in Surface Water of Jiuxi Valley, China: Distribution, Source Analysis, and Risk Evaluation",中国九溪河谷地表水中的有机氯农药：分布、源分析及风险评价,China,"OCPs,Pesticides",False,True
P02941,2020_Liu Y et al_JChem_10.1155-2020-8458257,"Polycyclic Aromatic Hydrocarbons in Surface Water from Wuhai and Lingwu Sections of the Yellow River: Concentrations, Sources, and Ecological Risk",黄河乌海和灵武段表层水中的多环芳烃：浓度、来源及生态风险,China,PAHs,False,True
P02979,2020_Chen C et al_EnvironSciEur_10.1186-s12302-020-00322-9,"Ecological and health risk assessment of organochlorine pesticides in an urbanized river network of Shanghai, China",上海城市化河流网中有机氯农药的生态与健康风险评估,China,"OCPs,Pesticides",False,True
P04165,2019_Xiao L et al_EnvironRes_10.3390-ijerph17145015,Spatiotemporal Patterns in River Water Quality and Pollution Source Apportionment in the Arid Beichuan River Basin of Northwestern China Using Positive Matrix Factorization Receptor Modeling Techniques,,China,POPs_general,False,True
P04377,2020_Gao R et al_Science_10.3390-nano10081561,Green Preparation of Fluorescent Nitrogen-Doped Carbon Quantum Dots for Sensitive Detection of Oxytetracycline in Environmental Samples,荧光氮掺杂碳量子点的绿色制备及环境样品中土霉素的灵敏检测,China,Antibiotics,False,True
P04895,2020_Elzein A et al_AtmosChemPhys_10.5194-acp-20-14303-2020,A comparison of PM2.5-bound polycyclic aromatic hydrocarbons in summer Beijing (China) and Delhi (India),中国北京与印度德里夏季PM2.5结合多环芳烃的比较研究,China?mixed,PAHs,False,True
P07978,2019_Lv M et al_EnvironPollut_null,"A national-scale characterization of organochlorine pesticides (OCPs) in intertidal sediment of China: Occurrence, fate and influential factors",中国潮间带沉积物中有机氯农药的全国尺度表征： occurrence、 fate 及影响因素,China,"OCPs,Pesticides",False,True
P08005,2019_Peng Z et al_WasteManage_10.1016-j.wasman.2019.12.028,Characterization of PCDD/Fs and heavy metal distribution from municipal solid waste incinerator fly ash sintering process,城市生活垃圾焚烧飞灰烧结过程中二噁英和重金属分布特征,China,Dioxins,True,True
P08182,2020_Khan M S et al_Agriculture_10.1155-2020-8650957,Isolation and Characterization of Plant Growth-Promoting Endophytic Bacteria Paenibacillus polymyxa SK1 from Lilium lancifolium,从卷丹中分离鉴定植物促生内生细菌多粘类芽孢杆菌 SK1,China,"Pesticides,Antibiotics,PAEs",False,True
P11128,2020_Huang X et al_SciTotalEnviron_null,Association of prenatal exposure to PAHs with anti-Müllerian hormone (AMH) levels and birth outcomes of newborns,产前暴露于多环芳烃与抗苗勒氏激素水平及新生儿出生结局的关系,China,PAHs,False,True
P11171,2020_Wu Q et al_EnvironRes_null_1,Full-scale evaluation of reversed A2/O process for removal of multiple pollutants in sewage,倒置A2/O工艺对污水中多种污染物去除的全规模评估,China,"PBDEs,Antibiotics",True,True
P11172,2020_Wu Q et al_EnvironRes_null,Full-scale evaluation of reversed A2/O process for removal of multiple pollutants in sewage,倒置A2/O工艺对污水中多种污染物去除的_full-scale评价,China,"PBDEs,Antibiotics",True,True
P00119,2019_Li J et al_EnvironToxicolChem_10.1002-etc.4389,Aquaculture Contributes a Higher Proportion to Children’s Daily Intake of Polycyclic Aromatic Hydrocarbons than to Adults’ in Eastern China,中国东部水产养殖对儿童多环芳烃日摄入量的贡献高于成人,China,PAHs,False,True
P00407,2019_Liu J et al_EnvironMonitAssess_10.1007-s10661-019-7441-0,"Spatial distribution, source identification, and potential risk assessment of toxic contaminants in surface waters from Yulin, China",中国榆林地表水中有毒污染物的空间分布、源识别及潜在风险评估,China,"PAHs,OCPs,Pesticides",True,True
P00933,2019_Sharma A et al_Agriculture_10.1007-s42452-019-1485-1,Worldwide pesticide usage and its impacts on ecosystem,全球农药使用及其对生态系统的影响,Global,Pesticides,False,True
P01264,2019_Qin et al_EnvironInt_10.1016-j.envint.2019.104940,The dissipation and risk alleviation mechanism of PAHs and nitrogen in constructed wetlands: The role of submerged macrophytes and their biofilms-leaves,人工湿地中多环芳烃和氮的消散及风险缓解机制：沉水植物及其叶际生物膜的作用,China,PAHs,False,True
P01318,2019_Zheng X et al_EnvironPollut_10.1016-j.envpol.2018.12.055,Cardiovascular endothelial inflammation by chronic coexposure to lead (Pb) and polycyclic aromatic hydrocarbons from preschool children in an e-waste recycling area,电子垃圾回收区学龄前儿童铅和多环芳烃慢性复合暴露对心血管内皮炎症的影响,China,PAHs,True,True
P01321,10.1016_j.envpol.2019.02.062,Proliferation of antibiotic resistance genes in coastal recirculating mariculture system,沿海循环海水养殖系统中抗生素抗性基因的增殖,China,Antibiotics,False,True
P01548,10.1016_j.jhazmat.2018.10.032,Marine Microplastics Bound Dioxin-like Chemicals: Model Explanation and Risk Assessment,海洋微塑料结合的二噁英类化学物质：模型解释与风险评估,China,"POPs_general,Dioxins",False,True
P01747,2018_Zhang C et al_SciTotalEnviron_10.1016-j.scitotenv.2019.03.296,Adsorptive removal of polycyclic aromatic hydrocarbons by detritus of green tide algae deposited in coastal sediment,沉积在沿海沉积物中的绿潮藻碎屑对多环芳烃的吸附去除,China,PAHs,False,True
P01971,2019_Li Y et al_JAgricFoodChem_10.1021-acs.jafc.9b00040,Development of a Passive Sampling Technique for Measuring Pesticides in Waters and Soils,水体和土壤中农药测定的被动采样技术的发展,"Other:<China,UK,Mixed>",Pesticides,False,True
P02932,2019_Wang F et al_JChem_10.1155-2019-2428505,Adsorption of Bisphenol A on Peanut Shell Biochars: The Effects of Surfactants,表面活性剂对花生壳生物炭吸附双酚A的影响,China,Phenols,False,True
P04136,2015_NP L et al_EnvironRes_10.3390-ijerph16214100,"Levels of NP and BPA in the Pearl River Estuary, China: Fluctuations with Country Policy Changes over the Past 40 Years",过去40年中国珠江口NP和BPA的水平和变化：与国家政策变化的波动关系,China,Phenols,False,True
P04370,2019_Zhang R et al_Land_10.3390-molecules24071293,Effects of the Chiral Fungicides Metalaxyl and Metalaxyl-M on the Earthworm Eisenia fetida as Determined by 1H-NMR-Based Untargeted Metabolomics,基于1H-NMR非靶向代谢组学分析研究手性杀菌剂甲霜灵和精甲霜灵对赤子爱胜蚓的影响,China,Pesticides,False,True
P04372,2019_Selective H et al_Science_10.3390-molecules24152745,"Highly Selective, Aptamer-Based, Ultrasensitive Nanogold Colorimetric Smartphone Readout for Detection of Cd(II)",基于适配体和纳米金的高选择性、超灵敏比色智能手机读数用于检测镉(II),China,Petroleum_TPH,True,True
P04810,2019_Liu X et al_AerosolAirQualRes_10.4209-aaqr.2019.08.0418,Molecular Compositions and Sources of Organic Aerosols from Urban Atmosphere in the North China Plain during the Wintertime of 2017,2017年冬华北平原城市大气气溶胶的分子组成及来源,China,PAHs,False,True
P08050,2019_Wang L et al_Minerals_null,Application of Red Mud in Wastewater Treatment,赤泥在废水处理中的应用,China,Phenols,False,True
P08076,2019_Zhang G et al_IntJEnvironResPublicHealth_null,Measurement of Dioxin Emissions from a Small-Scale Waste Incinerator in the Absence of Air Pollution Controls,无空气污染控制条件下小型废物焚烧炉二噁英排放的测定,China,Dioxins,False,True
P11058,2019_Ma J et al_JColloidInterfaceSci_null,Preparation of mixed-matrix membranes from metal organic framework (MIL-53) and poly (vinylidene fluoride) for use in determination of sulfonylurea herbicides in aqueous environments by high performance liquid chromatography,利用金属有机框架(MIL-53)和聚偏二氟乙烯制备混合基质膜用于高效液相色谱测定水环境中的磺酰脲类除草剂,China,Pesticides,False,True
P11106,2019_Zhang B et al_ChemEngJ_null,Insights into interactions between vanadium (V) bio-reduction and pentachlorophenol dechlorination in synthetic groundwater,合成地下水中钒生物还原与五氯苯酚脱氯相互作用研究,China,Phenols,False,True
P01120,2018_Guo L et al_Chemosphere_10.1016-j.chemosphere.2018.03.120,"Association between serum polybrominated diphenyl ethers, new flame retardants and thyroid hormone levels for school students near a petrochemical complex, South China",中国南方石化区附近学生血清多溴二苯醚、新型阻燃剂与甲状腺激素水平的关联,China,PBDEs,False,True
P01189,2018_M PJ et al_Water_10.1016-j.chroma.2018.04.034,Magnetic solid-phase extraction of heterocyclic pesticides in environmental water samples using metal-organic frameworks coupled to high performance liquid chromatography determination,基于金属有机框架的磁固相萃取-高效液相色谱法测定环境水样中的杂环农药,China,Pesticides,False,True
P01314,2018_Zhang H et al_EnvironPollut_10.1016-j.envpol.2018.09.122,"Enhanced adsorption of oxytetracycline to weathered microplastic polystyrene: Kinetics, isotherms and influencing factors",老化微塑料聚苯乙烯对土霉素吸附的增强：动力学、等温线及影响因素,China,Antibiotics,False,True
P01706,2018_Xu H et al_SciTotalEnviron_10.1016-j.scitotenv.2017.08.101,"Source, health risk and composition impact of outdoor very fine particles (VFPs) to school indoor environment in Xi'an, Northwestern China",中国西北西安室外超细颗粒物对学校室内环境的来源、健康风险及成分影响,China,PAHs,True,True
P01723,2011_Tang G et al_SciTotalEnviron_10.1016-j.scitotenv.2018.03.336,Microplastics and polycyclic aromatic hydrocarbons (PAHs) in Xiamen coastal areas: Implications for anthropogenic impacts,厦门沿海地区的微塑料和多环芳烃：对人为影响的意义,China,PAHs,False,True
P02289,2018_Sigmund G et al_EnvironSciNano_10.1039-c8en00676h,Environmental transformation of natural and engineered carbon nanoparticles and implications for the fate of organic contaminants,天然和工程碳纳米颗粒的环境转化及其对有机污染物归趋的影响,Other:Austria/China/Germany,POPs_general,False,True
P02772,2018_Yuan J et al_JGerontolABiolSciMedSci_10.1093-gerona-gly002,Long-term persistent organic pollutants exposure induced telomere dysfunction and senescence-associated secretary phenotype,长期持久性有机污染物暴露诱导端粒功能障碍和衰老相关分泌表型,China,POPs_general,False,True
P03288,2013_ZHANG H et al_Science_10.1631-jzus.B1700123,Physical and chemical characteristics of PM2.5 and its toxicity to human bronchial cells BEAS-2B in the winter and summer,冬夏两季PM2.5的理化特性及其对人支气管细胞BEAS-2B的毒性,China,POPs_general,True,True
P03500,2018_Meng Y et al_HortScience_10.21273-HORTSCI13463-18,"Toxic Effects of 2,2',4,4'-Tetrabromodiphenyl Ether on Chinese Cabbage","2,2',4,4'-四溴二苯醚对白菜的毒性效应",China,PBDEs,False,True
P03802,2017_Jiang Xinbai et al_Science_10.3389-fmicb.2018.02052,Promotion of Para-Chlorophenol Reduction and Extracellular Electron Transfer in an Anaerobic System at the Presence of Iron-Oxides,铁氧化物存在下厌氧系统中对氯酚还原与胞外电子传递的促进作用,China,Phenols,False,True
P04081,2018_Occurrence_EnvironRes_10.3390-ijerph15071422,Occurrence and Toxicological Risk Assessment of Polycyclic Aromatic Hydrocarbons and Heavy Metals in Drinking Water Resources of Southern China,中国南方饮用水资源中多环芳烃和重金属的发生及毒理风险评估,China,PAHs,True,True
P07663,2017_Zhen X et al_SciTotalEnviron_null,From headwaters to estuary: Distribution and fate of halogenated flame retardants (HFRs) in a river basin near the largest HFR manufacturing base in China,从源头到河口：中国最大阻燃剂生产基地附近流域卤代阻燃剂（HFRs）的分布与归趋,China,PBDEs,False,True
P09877,0000_Zhao R et al_BioResources_null,Removal of the Pesticide Imidacloprid from Aqueous Solution by Biochar Derived from Peanut Shell,花生壳生物炭去除水溶液中农药吡虫啉的研究,China,Pesticides,False,True
P00300,10.1007_s10532-017-9806-9,Novel bacteria capable of degrading phenanthrene in activated sludge revealed by stable-isotope probing coupled with high-throughput sequencing,稳定同位素探针结合高通量测序揭示活性污泥中降解菲的新型细菌,China,PAHs,False,True
P02765,2017_Wang M et al_JChromatogrSci_10.1093-chromsci-bmx075,Hollow Fiber Supported Ionic Liquids Liquid-Phase Micro-extraction Followed by High-Performance Liquid Chromatography for the Determination of Polycyclic Aromatic Hydrocarbons in Milk Samples,中空纤维支撑离子液体液相微萃取结合高效液相色谱测定牛奶中的多环芳烃,China,PAHs,False,True
P03030,2017_Su JQ et al_Microbiome_10.1186-s40168-017-0298-y,Metagenomics of urban sewage identifies an extensively shared antibiotic resistome in China,中国城市污水的宏基因组学研究揭示广泛共享的抗生素抗性组,China,Antibiotics,False,True
P03179,10.1371_journal.pone.0178213,Biodegradation of di-n-butyl phthalate by bacterial consortium LV-1 enriched from river sludge,河流底泥富集的细菌菌群LV-1对邻苯二甲酸二丁酯的生物降解,China,PAEs,False,True
P03799,2017_Hong Y-H et al_Environments_10.3389-fmicb.2017.01507,Genome Sequencing Reveals the Potential of Achromobacter sp. HZ01 for Bioremediation,基因组测序揭示无色杆菌属 HZ01 的生物修复潜力,China,Petroleum_TPH,False,True
P04371,2017_Wei J et al_Molecules_10.3390-molecules22091421,Sensitive and Selective Detection of Oxo-Form Organophosphorus Pesticides Based on CdSe/ZnS Quantum Dots,基于 CdSe/ZnS 量子点的有机磷农药氧化型的高灵敏度和选择性检测,China,Pesticides,False,True
P04885,2017_Ren J et al_Science_10.5194-acp-17-1401-2017,Atmospheric processes of organic pollutants over a remote lake on the central Tibetan Plateau: implications for regional cycling,青藏高原中部偏远湖泊有机污染物的大气过程：对区域循环的启示,China,"PAHs,PCBs,OCPs,Pesticides,POPs_general",False,True
P04886,2017_Zhou Y et al_AtmosChemPhys_10.5194-acp-17-2839-2017,A comprehensive biomass burning emission inventory with high spatial and temporal resolution in China,中国高时空分辨率综合生物质燃烧排放清单,China,VOC_SVOC,True,True
P06968,2017_Hu X-L et al_EnvironSciPollutRes_10.1007-s11356-017-8830-y,Occurrence of 25 pharmaceuticals in Taihu Lake and their removal from two urban drinking water treatment plants and a constructed wetland,太湖湖水中25种药物的存在情况及其在城市饮用水处理厂和人工湿地中的去除效果,China,Antibiotics,False,True
P07519,2017_Duan X et al_JEnvironSciPublicHealth_10.26502-JESPH.009,Sources and Fates of BTEX in the General Environment and Its Distribution in Coastal Cities of China,一般环境中BTEX的来源与归趋及其在中国沿海城市的分布,China,Petroleum_TPH,False,True
P07618,2017_Tang J et al_EnvironGeochemHealth_10.1007-s10653-017-9936-3,"The evolution of pollution profile and health risk assessment for three groups SVOCs pollutants along with Beijiang River, China",中国北江三组半挥发性有机污染物污染演变特征及健康风险评估,China,"PAHs,OCPs,Pesticides,VOC_SVOC,POPs_general,PAEs",False,True
P07644,2017_Xin M-L et al_ChemCentJ_10.1186-s13065-017-0291-3,The mechanism for enhanced oxidation degradation of dioxin-like PCBs (PCB-77) in the atmosphere by the solvation effect,溶剂化效应增强大气中二恶英类多氯联苯(PCB-77)氧化降解的机理,China,"PCBs,Dioxins",False,True
P10885,2017_Ahmed MB et al_JHazardMater_null,Progress in the biological and chemical treatment technologies for emerging contaminant removal from wastewater: A critical review,废水中新兴污染物去除的生物与化学处理技术进展：批判性综述,China?mixed,Pesticides,False,True
P10905,2017_Hong Y et al_EcotoxicolEnvironSaf_null,Evaluation of biomarkers for ecotoxicity assessment by dose-response dynamic models: Effects of nitrofurazone on antioxidant enzymes in the model ciliated protozoan Euplotes vannus,基于剂量-响应动态模型的生态毒性评估生物标志物评价：硝基呋喃酮对模型纤毛原生动抗氧化酶的影响,China,"Antibiotics,Dioxins",False,True
P01682,10.1016_j.reprotox.2016.04.016,Effects of 4-Nonylphenol on spermatogenesis and induction of testicular apoptosis through oxidative stress-related pathways,4-壬基酚通过氧化应激相关通路对精子发生的影响及诱导睾丸细胞凋亡,China,Phenols,False,True
P01890,2015_Pan P et al_WaterRes_10.1016-j.watres.2015.10.002,"Identification, toxicity and control of iodinated disinfection byproducts in cooking with simulated chlor(am)inated tap water and iodized table salt",使用模拟氯(胺)化自来水和加碘食盐烹饪过程中碘化消毒副产物的识别、毒性和控制,Other:China(Water/HK),Phenols,False,True
P02234,2009_Huang T et al_EnvironPollut_10.1038-srep21997,Trend of cancer risk of Chinese inhabitants to dioxins due to changes in dietary patterns: 1980–2009,中国居民因饮食模式改变导致的二恶英癌症风险趋势：1980-2009年,China,Dioxins,False,True
P02594,2016_Wang JJ et al_Water_null,Environmental Risk Controllability and Management of VOCs during Remediation of Contaminated Sites,污染场地修复中挥发性有机物的环境风险可控性与管理,China,VOC_SVOC,False,True
P04781,2013_Limnol. J et al_Water_10.4081-jlimnol.2016.1529,A ~150-year record of human impact in the Lake Wuliangsu (China) watershed: evidence from polycyclic aromatic hydrocarbon and organochlorine pesticide distributions in sediments,中国乌梁素海流域约150年的人类活动影响记录：来自沉积物中多环芳烃和有机氯农药分布的证据,China,"PAHs,OCPs,Pesticides",False,True
P04805,2016_Zhang J_AerosolAirQualRes_10.4209-aaqr.2016.02.0085,"Characterization of Polycyclic Aromatic Hydrocarbons (PAHs), Iron and Black Carbon within Street Dust from a Steel Industrial City, Central China",中国中部某钢铁工业城市街道灰尘中多环芳烃、铁和黑碳的特征研究,China,PAHs,False,True
P07287,2016_Bandowe BAM et al_EnvironSciPollutRes_10.1007-s11356-016-6740-z,Azaarenes in fine particulate matter from the atmosphere of a Chinese megacity,中国特大城市大气细颗粒物中的氮杂芳烃,China,PAHs,False,True
P07368,2016_Mulla S I et al_Science_10.1371-journal.pone.0165013,Evaluation of Sulfadiazine Degradation in Three Newly Isolated Pure Bacterial Cultures,三种新分离的纯细菌培养物对磺胺嘧啶降解的评估,Other:China(实验室),Antibiotics,True,True
P07457,2016_Yang X et al_SciRep_null,Bioavailability of Polycyclic Aromatic Hydrocarbons and their Potential Application in Eco-risk Assessment and Source Apportionment in Urban River Sediment,城市河流沉积物中多环芳烃的生物有效性及其在生态风险评估和源解析中的潜在应用,China,PAHs,False,True
P07468,2016_Zhang Y-Z et al_SciRep_null,"Occurrence and source apportionment of Per- and polyfluorinated compounds (PFCs) in North Canal Basin, Beijing",北京北运河流域全氟及多氟化合物的存在与源解析,China,PFAS,False,True
P08559,2021_Sun Y et al_EnvironInt_null,Source-specific risks of synchronous heavy metals and PAHs in inhalable particles at different pollution levels: Variations and health risks during heavy pollution,不同污染水平下可吸入颗粒物中同步重金属和多环芳烃的特定源风险：重污染期间的变化与健康风险,China,PAHs,True,True
P10834,2016_Liu Z_EnvironInt_null,"Risk assessment and source identification of perfluoroalkyl acids in surface and ground water: Spatial distribution around a mega-fluorochemical industrial park, China",大型氟化学工业园周边地表水和地下水中全氟烷基酸的风险评价、源识别及空间分布,China,PFAS,False,True
P10836,2016_Lui KH et al_EnvironPollut_null,Characterization of chemical components and bioreactivity of fine particulate matter (PM2.5) during incense burning,焚香过程中细颗粒物(PM2.5)化学组分及生物活性的表征,China,PAHs,False,True
P10855,2016_Su Hongqiao et al_EnvironInt_null,Perfluoroalkyl acids (PFAAs) in indoor and outdoor dusts around a mega fluorochemical industrial park in China: Implications for human exposure,中国某大型氟化工产业园周边室内外灰尘中的全氟烷基酸：对人体暴露的启示,China,PFAS,False,True
P10871,2016_Wu H et al_EcotoxicolEnvironSaf_null,Micronuclei and dyskaryosis of erythrocytes and oxidative stress response with endosulfan exposure in topmouth gudgeon Pseudorasbora parva,麦穗鱼红细胞微核与核异常及内吸磺暴露下的氧化应激反应,China,OCPs,False,True
P10879,2016_Zhang YZ et al_SciRep_null,"Occurrence and source apportionment of Per- and polyfluorinated compounds (PFCs) in North Canal Basin, Beijing",北京北运河流域全氟及多氟化合物（PFCs）的存在状况及源解析,China,PFAS,False,True
P02230,2015_Jiang X et al_WasteManage_10.1038-srep13903,Formation of Polychlorinated Biphenyls on Secondary Copper Production Fly Ash: Mechanistic Aspects and Correlation to Other Persistent Organic Pollutants,二次铜生产飞灰上多氯联苯的形成：机制方面及其与其他持久性有机污染物的相关性,China,"PCBs,POPs_general,Dioxins,PCNs_other",True,True
P03159,10.1371_journal.pone.0119216,Properties of a Newly Identified Esterase from Bacillus sp. K91 and Its Novel Function in Diisobutyl Phthalate Degradation,芽孢杆菌K91新鉴定酯酶的特性及其在邻苯二甲酸二异丁酯降解中的新功能,China,PAEs,False,True
P03164,10.1371_journal.pone.0122740,HC3: A Novel and Robust Isolated Biphenyl- and Polychlorinated Biphenyls-Degrading Bacterium without Dead-End Intermediates Accumulation,HC3：一种新型且稳健的分离联苯和多氯联苯降解菌，无死端中间产物积累,China,PCBs,False,True
P07244,2015_Wu Q et al_MarPollutBull_10.1016-j.marpolbul.2015.05.047,"Biological risk, source and pollution history of organochlorine pesticides (OCPs) in the sediment in Nansha mangrove, South China",中国南部南沙红树林沉积物中有机氯农药的生物风险、来源及污染历史,China,"OCPs,Pesticides",False,True
P10789,2015_Ruan J et al_SciRep_null,A Novel Designed Bioreactor for Recovering Precious Metals from Waste Printed Circuit Boards,一种用于从废弃印刷电路板中回收贵金属的新型生物反应器,China,PCBs,False,True
P00426,2015_Li H et al_NatHazards_10.1007-s11069-014-1520-x,"Levels and environmental impact of PAHs and trace element in fly ash from a miscellaneous solid waste by rotary kiln incinerator, China",中国旋转窑焚烧炉处理混杂固体废物产生的飞灰中多环芳烃和痕量元素的含量及环境影响,China,PAHs,True,True
P00611,2014_Deng G et al_EnvironSciPollutRes_10.1007-s11356-014-2995-4,"Heavy metals and polycyclic aromatic hydrocarbons in sediments from the Shenzhen River, South China",中国南方深圳河沉积物中的重金属和多环芳烃,China,PAHs,True,True
P01994,10_1021_es5042018,Size Distribution of Airborne Particle-Bound Polybrominated Diphenyl Ethers and Its Implications for Dry and Wet Deposition,大气颗粒物结合的多溴二苯醚的粒径分布及其对干湿沉降的启示,China,"PBDEs,POPs_general",False,True
P03145,2014_Tian YLWZTZY et al_Science_10.1371-journal.pone.0101438,Biodegradation of Polycyclic Aromatic Hydrocarbons by Novosphingobium pentaromativorans US6-1,一株鞘氨醇单胞菌对多环芳烃的降解,China,PAHs,False,True
P03152,10.1371_journal.pone.0111026,Prevalence of Veterinary Antibiotics and Antibiotic-Resistant in the Surface Water of a Livestock Production Region in Northern China,中国北方某畜禽生产区地表水中的兽用抗生素及抗生素耐药性的流行情况,China,Antibiotics,False,True
P03154,2014_Lu X et al_PLoSONE_10.1371-journal.pone.0111664,Characterization of Zebrafish Abcc4 as an Efflux Transporter of Organochlorine Pesticides,斑马鱼Abcc4作为有机氯农药外排转运蛋白的特性研究,China,"OCPs,Pesticides",False,True
P04022,2014_Wang Hanxi et al_EnvironRes_10.3390-ijerph110808491,Effects and Risk Evaluation of Oil Spillage in the Sea Areas of Changxing Island,长兴岛海域溢油的影响与风险评估,China,Petroleum_TPH,False,True
P06939,2014_Da C et al_EcotoxicolEnvironSaf_null,"Analysis of HCHs and DDTs in a sediment core from the Old Yellow River Estuary, China","Analysis of HCHs and DDTs in a sediment core from the Old Yellow River Estuary, China",China,OCPs,False,True
P06949,2014_Ethers_EnvironHealth_10.1371-journal.pone.0113699,"Elevated Serum Polybrominated Diphenyl Ethers and Alteration of Thyroid Hormones in Children from Guiyu, China",中国贵屿儿童血清中升高的多溴二苯醚和甲状腺激素的改变,China,PBDEs,True,True
P06950,2014_Expression_Science_10.1371-journal.pone.0116179,Trichloroethylene-Induced Gene Expression and DNA Methylation Changes in B6C3F1 Mouse Liver,三氯乙烯诱导的B6C3F1小鼠肝脏基因表达和DNA甲基化改变,Other:China(Affiliation),VOC_SVOC,False,True
P02329,2013_Huang L et al_AnnLimnolIntJLim_10.1051-limn-2013038,Responses in the population growth and reproduction of freshwater rotifer Brachionus calyciflorus to four organochlorine pesticides,四种有机氯农药对淡水轮虫种群生长和繁殖的响应,China,"OCPs,Pesticides",False,True
P02892,2013_Lu X et al_ScientificWorldJournal_10.1155-2013-417435,"Concentration Levels and Ecological Risks of Persistent Organic Pollutants in the Surface Sediments of Tianjin Coastal Area, China",天津沿海地区表层沉积物中持久性有机污染物的浓度水平及生态风险,China,POPs_general,False,True
P06767,2013_Cao J-J et al_AtmosChemPhys_10.5194-acp-13-803-2013,"Characteristics and sources of carbonaceous aerosols from Shanghai, China",中国上海碳质气溶胶的特征及来源,China,PAHs,False,True
P00114,2013_SUN H et al_Water_10.1002-etc.2042,EFFECTS OF BISPHENOL A ON GROWTH AND NITROGEN NUTRITION OF ROOTS OF SOYBEAN SEEDLINGS,双酚A对大豆幼苗根系生长和氮营养的影响,China,Phenols,False,True
P01984,10_1021_es301790h,Improved Separation of Complex Polycyclic Aromatic Hydrocarbon Mixtures Using Novel Column Combinations in GC × GC/ToF-MS,使用 GC × GC/ToF-MS 中新型柱组合改进复杂多环芳烃混合物的分离,China?mixed,PAHs,False,True
P02792,2012_Liu WX et al_SciWorldJ_10.1100-2012-897697,"Residues, Distributions, Sources, and Ecological Risks of OCPs in the Water from Lake Chaohu, China",中国巢湖水体中有机氯农药的残留、分布、来源及生态风险,China,"OCPs,Pesticides",False,True
P02952,2014_周海东等_水资源与水工程学报_10.11705-j.issn.1672-643X.2014.04.013,Study on characteristics of removing endocrine-disrupting compounds in sewage by activated sludge process,城市污水中 EDCs 的活性污泥法去除特性研究,China,Phenols,False,True
P04470,2012_Lan W et al_Sensors_10.3390-s120708477,Development of a Novel Optical Biosensor for Detection of Organophoshorus Pesticides Based on Methyl Parathion Hydrolase Immobilized by Metal-Chelate Affinity,基于金属螯合亲和固定甲基对硫磷水解酶检测有机磷农药的新型光学生物传感器的研制,China,Pesticides,False,True
P05041,2012_Yin X et al_AfrJMicrobiolRes_10.5897-AJMR12.2382,Dimethoate degradation and calcium phosphate formation induced by Aspergillus niger,黑曲霉诱导的乐果降解与磷酸钙形成,China,Pesticides,False,True
P06627,2012_Fu P Q et al_AtmosChemPhys_10.5194-acp-12-8359-2012,Diurnal variations of organic molecular tracers and stable carbon isotopic composition in atmospheric aerosols over Mt. Tai in the North China Plain: an influence of biomass burning,华北平原泰山大气气溶胶中有机分子示踪物和稳定碳同位素组成的日变化：生物质燃烧的影响,China,"PAHs,PAEs",False,True
P02267,10_1039_c0em00098a,Comparison of polycyclic aromatic hydrocarbon uptake pathways and risk assessment of vegetables from waste-water irrigated areas in northern China,中国北部污水灌溉区蔬菜多环芳烃吸收途径比较及风险评估,China,PAHs,False,True
P04884,2011_Shao M et al_AtmosChemPhys_10.5194-acp-11-5011-2011,"Estimate of anthropogenic halocarbon emission based on measured ratio relative to CO in the Pearl River Delta region, China",基于与CO的实测比值估算中国珠江三角洲地区的人为卤代烃排放,China,VOC_SVOC,False,True
P00239,2010_Fish OPC_Water_10.1007-s00244-010-9504-7,"Organochlorine Pesticides in Consumer Fish and Mollusks of Liaoning Province, China: Distribution and Human Exposure Implications",中国辽宁地区消费鱼类和软体动物中的有机氯农药：分布及人体暴露影响,China,"OCPs,Pesticides",False,True
P03684,2010_Li L et al_Science_10.3109-15376516.2010.529187,The environmental fate of different forms of ZJ0702 in open rape field and MRL calculation,不同剂型ZJ0702在露天油菜田的环境行为及最大残留限量计算,China,Pesticides,False,True
P06351,2010_Ji L et al_Water_10.1002-etc.350,ADSORPTION OF TETRACYCLINE ON SINGLE-WALLED AND MULTI-WALLED CARBON NANOTUBES AS AFFECTED BY AQUEOUS SOLUTION CHEMISTRY,水溶液化学对单壁和多壁碳纳米管吸附四环素的影响,China,"Antibiotics,POPs_general",False,True
P00082,10_13259_j,Recent advances in monitoring and removal of endocrine disrupting chemicals in the water bodies,水体中内分泌干扰物检测及去除研究进展,China,"Pesticides,Phenols,PAEs",False,True
P01999,10.1021_es901827bCCC,Levels and Mass Burden of DDTs in Sediments from Fishing Harbors: The Importance of DDT-Containing Antifouling Paint to the Coastal Environment of China,中国渔港沉积物中DDTs的含量及质量负荷：含DDT防污涂料对中国沿海环境的重要性,China,"OCPs,POPs_general",False,True
P06286,2009_Yang X-Y et al_SciTotalEnviron_null,"Long-range transport of fluoride in East Asia monitored at Noto Peninsula, Japan",在日本能登半岛监测到的东亚氟化物长距离传输,Other:Japan,PAHs,False,True
P06293,2009_Zhang Q et al_AtmosChemPhys_null,Asian emissions in 2006 for the NASA INTEX-B mission,NASA INTEX-B任务的2006年亚洲排放清单,China?mixed,VOC_SVOC,False,True
P10444,2009_Zhao C et al_JChromatogrSci_null,Decontamination of Organochlorine Pesticides Residue and Heavy Metal in Rehmannia glutinosa Libosch by SFE,超临界流体萃取法去除地黄中有机氯农药残留和重金属的研究,China,"OCPs,Pesticides",True,True
P05893,2006_House M et al_EnvironRes_10.1080-15320380802146461,"Environmental Lead, Soil Contamination, and Child Health Effects in Less-Developed Nations: Comparative International Research, 1980–2006",欠发达国家的环境铅、土壤污染与儿童健康效应：比较国际研究，1980-2006年,Unknown,Petroleum_TPH,True,True
P06151,2008_Yuan H et al_AtmosEnviron_null,Emission and outflow of polycyclic aromatic hydrocarbons from wildfires in China,中国野火多环芳烃的排放与输出,China,PAHs,False,True
P01084,2006_Tao S et al_Chemosphere_10.1016-j.chemosphere.2006.12.082,"Spatial and temporal variations and possible sources of dichlorodiphenyltrichloroethane (DDT) and its metabolites in rivers in Tianjin, China",中国天津河流中滴滴涕(DDT)及其代谢物的时空变化及可能来源,China,OCPs,False,True
P02262,2007_Liu X et al_EnvironProcesses_10.1039-b707977j,Polycyclic aromatic hydrocarbons (PAHs) in the air of Chinese cities,中国城市空气中的多环芳烃,China,PAHs,False,True
P05793,2005_Chu W et al_Chemosphere_10.1016-j.chemosphere.2005.11.028,The partitioning and modelling of pesticide parathion in a surfactant-assisted soil-washing system,,China,"Pesticides,POPs_general",False,True
P02340,2006_Stokes J D et al_SoilUseManage_10.1079-SUM2005347,Behaviour and assessment of bioavailability of organic contaminants in soil: relevance for risk assessment and remediation,土壤中有机污染物的行为及生物有效性评估：在风险评估和修复中的相关性,Unknown,POPs_general,False,True
P10235,2005_Hu X et al_EcotoxicolEnvironSaf_null,Bioavailability of phthalate congeners to earthworms (Eisenia fetida) in artificially contaminated soils,人工污染土壤中邻苯二甲酸酯类化合物对蚯蚓的生物有效性,China,PAEs,False,True
P09774,0000_Mai B et al_EnvironSciTechnol_null,"Distribution of Polycyclic Aromatic Hydrocarbons in the Coastal Region off Macao, China: Assessment of Input Sources and Transport Pathways Using Compositional Analysis",澳门沿海地区多环芳烃的分布：成分分析评估输入源和传输途径,China,PAHs,False,True
P10350,2007_Wang G et al_AtmosEnviron_null,"Identification, abundance and seasonal variation of anthropogenic organic aerosols from a mega-city in China",中国某大城市人为有机气溶胶的识别、丰度及季节变化,China,"PAHs,PAEs",False,True
P02378,2000_Wang J et al_ToxicolEnvironChem_10.1080-02772240009358881,Biodegradation of plasticizer di-n-butyl phthalate (DBP) by immobilized microbial cells,固定化微生物细胞对增塑剂邻苯二甲酸二正丁酯(DBP)的降解,China,PAEs,False,True
P09879,0000_Zhao Y L et al_null,Spatiotemporal Trends of Atmospheric Persistent Organic Pollutants across Mainland China Recorded by Tree Barks and a Tree Bark Pocket,树皮记录的中国大陆大气持久性有机污染物的时空趋势,China,POPs_general,False,True
P09562,[22]_MengR_2026_10.1021-acs.est.5c12092_1,Identification of Halophenol-Deoxyguanosine Adducts in SV-HUC‑1 Cells Exposed to Halobenzoquinones via the Neutral Loss and Information-Dependent Acquisition Strategy,基于中性丢失和信息依赖采集策略鉴定卤代苯醌暴露的SV-HUC‑1细胞中卤代酚-脱氧鸟苷加合物,China,Phenols,False,True
P03578,10.22232,"Assessing Soil Pollution: An Investigation into Heavy Metal Contaminations in Roadside Soil in Aizawl, Northeast India",评估土壤污染：印度东北部阿伊佳尔路边土壤重金属污染调查,Other:India,Petroleum_TPH,True,True
P03595,10.23977_autml.2024.050112_Unpaywall,Analysis of Key Techniques of PCB Defect Detection Based on Machine Vision,基于机器视觉的PCB缺陷检测关键技术分析,China,PCBs,False,True
P03857,2025_Tang Y et al_Algorithms_10.3390-a18060357,Crude Oil and Hot-Rolled Coil Futures Price Prediction Based on Multi-Dimensional Fusion Feature Enhancement,基于多维融合特征增强的原油和热轧卷板期货价格预测,China,Petroleum_TPH,False,True
P07833,2018_Te Liu_IranJBasicMedSci_10.22038-IJBMS.2018.28489.6905,Di-(2-ethylhexyl) phthalate induces precocious puberty in adolescent female rats,邻苯二甲酸二(2-乙基己基)酯诱导青春期雌性大鼠性早熟,China,PAEs,False,True
P11454,2024_10.22232,"Assessing Soil Pollution: An Investigation into Heavy Metal Contaminations in Roadside Soil in Aizawl, Northeast India",评估土壤污染：印度东北部阿伊瓦罗路边土壤重金属污染调查,Other:India,Petroleum_TPH,True,True
P09120,2024_Santos C R et al_ChemEngJ_null,"Occurrence, environmental risks, and removal of bisphenol A and its analogues by membrane bioreactors",双酚A及其类似物在膜生物反应器中的存在、环境风险及去除,Other:<Brazil>,Phenols,False,True
P11477,2024_Guo S et al_SepPurifTechnol_null,Modification of the adsorption model for the mixture of odor compounds and VOCs on activated Carbon: Insights from pore size distribution,活性炭吸附恶臭化合物与挥发性有机物混合物的吸附模型修正：来自孔径分布的启示,China,VOC_SVOC,False,True
P11560,2024_陈苏昊_Unknown_null,Study on the process and mechanism of microbial reductive dechlorination of trichloroethylene enhanced by bioelectrochemical system,生物电化学系统强化三氯乙烯微生物还原脱氯的过程及机制研究,China,"VOC_SVOC,POPs_general",False,True
P04012,2023_Li M et al_Foods_10.3390-foods12224073,Edible Insects: A New Sustainable Nutritional Resource Worth Promoting,可食用昆虫：一种值得推广的新型可持续营养资源,China,Phenols,False,True
P04896,10.5194_acp-23-1091-2023,Temporal and spatial variations in atmospheric unintentional PCB emissions in Chinese mainland from 1960 to 2019,1960年至2019年中国大陆大气非故意多氯联苯排放的时空变化,China,"PCBs,Dioxins",False,True
P11385,2023_Famurewa AC et al_MeasFood_null,"Comparative assessment of different coconut oils: Chromatographic and spectrometric analyses of pesticide residues, toxic heavy metals, and associated contents",不同椰子油的比较评估：农药残留、有毒重金属及相关成分的色谱和光谱分析,Other:Nigeria,Pesticides,True,True
P01805,2022_Chen Y et al_SciTotalEnviron_10.1016-j.scitotenv.2021.150752,"Spatiotemporal distribution, source apportionment and risk assessment of typical hormones and phenolic endocrine disrupting chemicals in environmental and biological samples from the mariculture areas in the Pearl River Delta, China",珠江三角洲海洋养殖区典型激素和酚类内分泌干扰物在环境和生物样品中的时空分布、源解析及风险评估,China,Phenols,False,True
P02059,2018_Dai ZPZHZLXZCJTLM et al_Environments_10.1038-s41467-022-28750-6,Antimicrobial resistance and population genomics of multidrug-resistant Escherichia coli in pig farms in mainland China,中国大陆猪场多重耐药大肠杆菌的抗生素耐药性与群体基因组学研究,China,Antibiotics,False,True
P03956,2022_Qu L et al_Atmosphere_10.3390-atmos13050699,"Source Apportionment and Toxic Potency of PM2.5-Bound Polycyclic Aromatic Hydrocarbons (PAHs) at an Island in the Middle of Bohai Sea, China",渤海中部岛屿大气PM2.5中多环芳烃的源解析及毒性潜力研究,China,PAHs,False,True
P03977,2022_Gao X et al_Energies_10.3390-en15062297,Prediction Model for the Viscosity of Heavy Oil Diluted with Light Oil Using Machine Learning Techniques,基于机器学习技术的轻油稀释稠油粘度预测模型,China,Petroleum_TPH,False,True
P04614,2022_Xue Q et al_Toxics_10.3390-toxics10010032,Potential Risks of PM2.5-Bound Polycyclic Aromatic Hydrocarbons and Heavy Metals from Inland and Marine Directions for a Marine Background Site in North China,中国北方海洋背景站内陆和海洋方向PM2.5结合的多环芳烃和重金属的潜在风险,China,PAHs,True,True
P08744,2022_Tavella R A et al_EnvironMonitAssess_10.1007-s10661-022-10285-4,Health impacts of PM2.5 bound metals and PAHs in a medium-sized Brazilian city,巴西中等城市PM2.5结合金属及多环芳烃的健康影响,Other:Brazil,PAHs,False,True
P11641,2025_陈子轩_Unknown_null,Cohort Study and Mechanism Exploration of the Relationship between Polycyclic Aromatic Hydrocarbons Mixed Exposure and Girls' Pubertal Development,多环芳烃混合暴露与女童青春发育关系的队列研究及机制探索,China,PAHs,False,True
P01268,10.1016_j.envint.2020.106162,Source-specific risks of synchronous heavy metals and PAHs in inhalable particles at different pollution levels: Variations and health risks during heavy pollution,不同污染水平下可吸入颗粒物中同步重金属和多环芳烃的源特异性风险：重污染期间的变化及健康风险,China,PAHs,True,True
P01362,10.1016_j.envpol.2020.116162,"Plasma polybrominated diphenyl ethers, urinary heavy metals and the risk of thyroid cancer: A case-control study in China",血浆多溴联苯醚、尿重金属与甲状腺癌风险：一项中国病例对照研究,China,PBDEs,True,True
P03329,2021_张友峰等_中国油脂_10.19902-j.cnki.zgyz.1003-7969.2021.07.015,"Distribution of heavy metals, polycyclic aromatic hydrocarbons and glucosinolates in rapeseed hulls and kernels",油菜籽皮仁中重金属、多环芳烃和硫苷含量分布,China,PAHs,True,True
P03922,2021_Zhang Y et al_Antibiotics_10.3390-antibiotics10050576,"Combined Effects of Sulfamethoxazole and Erythromycin on a Freshwater Microalga, Raphidocelis subcapitata: Toxicity and Oxidative Stress",磺胺甲恶唑与红霉素对淡水微藻Raphidocelis subcapitata的复合效应：毒性与氧化应激,China,Antibiotics,False,True
P04902,2021_Sun Y et al_AtmosChemPhys_10.5194-acp-21-6365-2021,Mapping the drivers of formaldehyde (HCHO) variability from 2015 to 2019 over eastern China: insights from Fourier transform infrared observation and GEOS-Chem model simulation,2015-2019年中国东部甲醛(HCHO)变化驱动因素：基于傅里叶变换红外观测和GEOS-Chem模型模拟的见解,China,"OCPs,VOC_SVOC",False,True
P08211,2020_Luo L et al_Chemosphere_10.1016-j.chemosphere.2020.127477,Detection and risk assessments of multi-pesticides in 1771 cultivated herbal medicines by LC/MS-MS and GC/MS-MS,LC/MS-MS和GC/MS-MS检测1771种栽培草药中的多种农药及风险评估,China,Pesticides,False,True
P11271,2021_Unknown_SciTotalEnviron_null,Association between exposure to polycyclic aromatic hydrocarbons and lipid peroxidation in patients with chronic obstructive pulmonary disease,多环芳烃暴露与慢性阻塞性肺疾病患者脂质过氧化的关系,China,PAHs,False,True
P00814,2021_Wang Shuchang et al_Science_10.1007-s11783-020-1373-3,Application of Fe(VI) in abating contaminants in water: State of art and knowledge gaps,高铁酸盐在水污染物削减中的应用：现状与知识空白,China,POPs_general,False,True
P01408,2020_Wu G et al_EnvironRes_10.1016-j.envres.2020.109542,"Cationic metal-organic frameworks as an efficient adsorbent for the removal of 2,4-dichlorophenoxyacetic acid from aqueous solutions","阳离子金属有机框架作为去除水溶液中2,4-二氯苯氧乙酸的高效吸附剂",China,Pesticides,False,True
P03923,2020_Cong B et al_Science_10.3390-ani10040717,The Impact on Antioxidant Enzyme Activity and Related Gene Expression Following Adult Zebrafish (Danio rerio) Exposure to Dimethyl Phthalate,成年斑马鱼暴露于邻苯二甲酸二甲酯对抗氧化酶活性及相关基因表达的影响,China,PAEs,False,True
P04373,2017_Zhang Hui et al_Agriculture_10.3390-molecules25184081,Rapid Quantitative Detection of Deltamethrin in Corydalis yanhusuo by SERS Coupled with Multi-Walled Carbon Nanotubes,基于SERS结合多壁碳纳米管快速定量检测延胡索中的溴氰菊酯,China,Pesticides,True,True
P04897,2020_Wu C et al_AtmosChemPhys_10.5194-acp-20-2017-2020,"The characteristics of atmospheric brown carbon in Xi’an, inland China: sources, size distributions and optical properties",中国内陆城市西安大气棕色碳的特征：来源、粒径分布及光学性质,China,PAHs,False,True
P08102,2020_Cao L-M et al_Unknown_null,"Polycyclic aromatic hydrocarbon: environmental sources, associations with altered lung function and potential mechanisms",多环芳烃：环境来源、与肺功能改变的关系及潜在机制,China,PAHs,False,True
P08278,2020_Song S. et al_FrontMater_10.3389-fmats.2020.595667,Advances in Catalytic Oxidation of Volatile Organic Compounds over Pd-Supported Catalysts: Recent Trends and Challenges,钯负载催化剂催化氧化挥发性有机化合物的研究进展：趋势与挑战,China,VOC_SVOC,False,True
P00096,2018_Wang C Q et al_AIChEJ_10.1002-aic.16519,Cu/C Composites from Waste PCBs as Catalysts for Fenton-like Degradation of Acid Orange 7 Enhanced by Ultrasound,利用废PCB制备的Cu/C复合材料作为超声增强类芬顿降解酸性橙7的催化剂,China,PCBs,False,True
P02936,2019_Medicine O_EnvironPollut_10.1155-2019-1763589,Chlorpyrifos Suppresses Neutrophil Extracellular Traps in Carp by Promoting Necroptosis and Inhibiting Respiratory Burst Caused by the PKC/MAPK Pathway,毒死蜱通过促进程序性坏死和抑制PKC/MAPK通路引起的呼吸爆发来抑制鲤鱼中性粒细胞胞外诱捕网的产生,China,Pesticides,False,True
P04367,2019_Wei X et al_Water_10.3390-molecules24091784,Developing Predictive Models for Carrying Ability of Micro-Plastics towards Organic Pollutants,微塑料对有机污染物承载能力的预测模型开发,China,POPs_general,False,True
P04375,2019_Liu H et al_Molecules_10.3390-molecules24224038,Magnetic Solid-Phase Extraction of Pyrethroid Pesticides from Environmental Water Samples Using Deep Eutectic Solvent-type Surfactant Modified Magnetic Zeolitic Imidazolate Framework-8,利用低共熔溶剂型表面活性剂改性磁性沸石咪唑酯骨架框架材料从环境水样中磁固相萃取拟除虫菊酯杀虫剂,China,Pesticides,False,True
P04682,1932_An Mengnan et al_Agriculture_10.3390-v11090815,Molecular Regulation of Host Defense Responses Mediated by Biological Anti-TMV Agent Ningnanmycin,生物抗TMV制剂宁南霉素介导的宿主防御反应的分子调节,China,Pesticides,False,True
P06965,2014_Here U et al_Science_10.3389-fcimb.2019.00221,Lactobacillus plantarum TW1-1 Alleviates Diethylhexylphthalate-Induced Testicular Damage in Mice by Modulating Gut Microbiota and Decreasing Inflammation,植物乳杆菌 TW1-1 通过调节肠道菌群和减轻炎症来缓解 DEHP 诱导的小鼠睾丸损伤,China,PAEs,False,True
P06988,2014_Li Kun et al_Science_10.5194-acp-19-8021-2019,"Characteristics of wintertime VOCs in suburban and urban Beijing: concentrations, emission ratios, and festival effects",北京城乡冬季挥发性有机物特征：浓度、排放比率及节日效应,China,VOC_SVOC,False,True
P09198,2024_Zhang J et al_JEnvironManage_null,Which organic contaminants should be paid more attention: Based on an improved health risk assessment framework,应更加关注哪些有机污染物：基于改进的健康风险评估框架,China,"Antibiotics,POPs_general",False,True
P11108,2019_Zhang Z et al_ApplSci_null,"The Life-Cycle Environmental Impact of Recycling of Restaurant Food Waste in Lanzhou, China",中国兰州市餐厨垃圾回收的生命周期环境影响,China,Petroleum_TPH,False,True
P01124,2018_Li Z et al_Chemosphere_10.1016-j.chemosphere.2018.05.064,Occurrence and potential human health risks of semi-volatile organic compounds in drinking water from cities along the Chinese coastland of the Yellow Sea,中国黄海沿岸城市饮用水中半挥发性有机物的存在及潜在健康风险,China,"PAHs,PCBs,OCPs,Pesticides,VOC_SVOC,PAEs",False,True
P01891,2018_Chen W et al_WaterRes_10.1016-j.watres.2018.03.029,Diffusive gradients in thin-films (DGT) for in situ sampling of selected endocrine disrupting chemicals (EDCs) in waters,薄膜扩散梯度技术（DGT）用于水体中选定内分泌干扰化学物质（EDCs）的现场采样,Other:<UK/China>,Phenols,False,True
P02105,2018_Jin CZHYZWGLD et al_EnvironPollut_10.1038-s41598-018-27062-4,Comparative transcriptome analysis of Sogatella furcifera (Horváth) exposed to diferent insecticides,不同杀虫剂胁迫下白背飞虱的比较转录组分析,China,Pesticides,False,True
P02767,2018_Zhang R et al_ActaBiochimBiophysSin_10.1093-abbs-gmy153,Short-term propamocarb exposure induces hepatic metabolism disorder associated with gut microbiota dysbiosis in adult male zebrafish,短期暴露于霜霉威诱导成年雄性斑马鱼肝脏代谢紊乱及肠道菌群失调,China,Pesticides,False,True
P03007,2018_Nie J et al_Water_10.1186-s12940-018-0436-4,"Maternal urinary 2-hydroxynaphthalene and birth outcomes in Taiyuan, China",中国太原地区孕妇尿中2-羟基萘与出生结局的关系,China,PAHs,False,True
P03111,2018_李帆等_中国科学生命科学_10.1360-N052017-00247,Vascular endothelial dysfunction induced by plasticizer dibutyl phthalate and its mechanism,增塑剂邻苯二甲酸二丁酯致血管内皮功能损伤及其机制,China,PAEs,False,True
P03183,10.1371_journal.pone.0194226,"Emission characteristics of harmful air pollutants from cremators in Beijing, China",北京火葬场有害空气污染物排放特征,China,VOC_SVOC,True,True
P04090,1937_Xu J et al_EnvironPollut_10.3390-ijerph15091937,Catalytic Degradation of Diatrizoate by Persulfate Activation with Peanut Shell Biochar-Supported Nano Zero-Valent Iron in Aqueous Solution,花生壳生物炭负载纳米零价铁催化活化过硫酸盐降解水溶液中的泛影酸钠,China,POPs_general,False,True
P05023,10.5772_intechopen.78325,Occurrence of Endocrine Disruptor Chemicals in the Urban Water Cycle of Colombia,哥伦比亚城市水循环中内分泌干扰化学物质的发生,Other:Colombia,Phenols,False,True
P07610,2017_Sun D et al_EndocrJ_10.1507-endocrj.EJ17-0272,Effect of Di-(2-ethylhexyl) phthalate on the hypothalamus-pituitary-thyroid axis in adolescent rat,邻苯二甲酸二(2-乙基己基)酯对青春期大鼠下丘脑-垂体-甲状腺轴的影响,China,PAEs,False,True
P07751,2018_Li F et al_WaterAirSoilPollut_10.1007-s11270-018-3748-7,Comprehensive Effect of P-Nitrophenol Degradation in the Iron Oxide/Oxalate Suspension,铁氧化物/草酸盐悬浮液中P-硝基苯酚降解的综合效应,China,Phenols,False,True
P01707,2016_Zhang C et al_SciTotalEnviron_10.1016-j.scitotenv.2017.07.187,Removal of phenanthrene from coastal waters by green tide algae Ulva prolifera,绿潮浒藻去除沿海水体中菲的研究,China,"PAHs,POPs_general",False,True
P07508,2017_Chen Q et al_Science_10.1371-journal.pone.0174445,Study on the biodegradation of crude oil by free and immobilized bacterial consortium in marine environment,海洋环境中游离和固定化菌群对原油生物降解的研究,China,"PAHs,Petroleum_TPH",False,True
P07546,2017_Koch W et al_IntJMolSci_10.3390-ijms18020452,Application of Chromatographic and Spectroscopic Methods towards the Quality Assessment of Ginger (Zingiber officinale) Rhizomes from Ecological Plantations,色谱和光谱方法在生态种植生姜根状茎质量评估中的应用,Other:Japan,Phenols,True,True
P07555,2017_Li M et al_Environments_10.5194-acp-17-935-2017,MIX: a mosaic Asian anthropogenic emission inventory under the international collaboration framework of the MICS-Asia and HTAP,MIX：MICS-Asia和HTAP国际合作框架下的亚洲人为排放镶嵌清单,Other:Asia(Multi-country),VOC_SVOC,False,True
P07617,2017_Tang J et al_FrontPhysiol_10.3389-fphys.2017.01083,Ion Imbalance Is Involved in the Mechanisms of Liver Oxidative Damage in Rats Exposed to Glyphosate,离子失衡参与草甘膦暴露致大鼠肝脏氧化损伤的机制,China,Pesticides,False,True
P10949,2017_Xu Q et al_Unknown_null,The Difference Learning of Hidden Layer between Autoencoder and Variational Autoencoder,自编码器与变分自编码器隐层差异学习,China,OCPs,False,True
P10950,2017_Yadav I C et al_EnvironPollut_null,Occurrence and fate of organophosphate ester flame retardants and plasticizers in indoor air and dust of Nepal: Implication for human exposure,尼泊尔室内空气和灰尘中有机磷酸酯阻燃剂及增塑剂的发生与归趋：对人体暴露的影响,Other:Nepal,Pesticides,False,True
P00100,2013_PublishedonlineinWileyOnlineLibrary RDRFAF et al_Water_10.1002-bmc.3701,Pesticide residue determination in vegetables from western China applying gas chromatography with mass spectrometry,气相色谱-质谱法测定西部中国蔬菜中的农药残留,China,"OCPs,Pesticides",False,True
P07310,2016_G JJ et al_Science_null,A triple system of Fe(III)/sulfite/persulfate: Decolorization and mineralization of reactive Brilliant Red X-3B in aqueous solution at near-neutral pH values,Fe(III)/亚硫酸盐/过硫酸盐三元体系：近中性pH下活性艳红X-3B水溶液的脱色与矿化,China,POPs_general,False,True
P07355,2016_Lv Y et al_Atmosphere_10.5194-acp-16-2971-2016,Size distributions of polycyclic aromatic hydrocarbons in urban atmosphere: sorption mechanism and source contributions to respiratory deposition,城市大气中多环芳烃的粒径分布：吸附机制及其对呼吸沉积的源贡献,China,PAHs,False,True
P10683,2014_Han1 Y et al_Water_null,Characteristics and Relationships between Indoor and Outdoor PM2.5 in Beijing: A Residential Apartment Case Study,北京室内外PM2.5的特征及关系：住宅案例研究,China,"PAHs,PAEs",False,True
P10835,2016_Lv X et al_SciRep_null,Occurrence and removal of phenolic endocrine disrupting chemicals in the water treatment processes,水处理过程中酚类内分泌干扰化学物质的发生与去除,China,Phenols,False,True
P10842,2016_Pan Y et al_WaterRes_null_1,"Identification, toxicity and control of iodinated disinfection byproducts in cooking with simulated chlor(am)inated tap water and iodized table salt",模拟氯化/氯胺化自来水和加碘食盐烹饪过程中碘化消毒副产物的识别、毒性和控制,China,Phenols,False,True
P04027,2015_Tang T et al_EnvironRes_10.3390-ijerph121013069,Thyroid Disruption in Zebrafish Larvae by Short-Term Exposure to Bisphenol AF,双酚AF短期暴露对斑马鱼幼体的甲状腺干扰作用,China,Phenols,False,True
P02906,2014_Ding S et al_JNanomater_10.1155-2014-678489_1,Preparation and Characterization of Lecithin-Nano Ni/Fe for Effective Removal of PCB77,卵磷脂-纳米镍/铁的制备及其对PCB77的有效去除,China,PCBs,True,True
P06996,2014_Lu Y et al_Agriculture_10.1371-journal.pone.0104950,Characterization of Multidrug-Resistant Serovars Indiana and Enteritidis from Chickens in Eastern China,中国东部鸡源多重耐药沙门氏菌血清型印第安纳和肠炎的表征,China,Antibiotics,False,True
P07073,2014_Xue J et al_Unknown_null,A residue-free green synergistic antifungal nanotechnology for pesticide thiram by ZnO nanoparticles,一种利用氧化锌纳米颗粒消除福美双残留的绿色协同抗真菌纳米技术,China,Pesticides,True,True
P01677,2013_Dasari A et al_Science_10.1016-j.progpolymsci.2013.06.006,Recent developments in the fire retardancy of polymeric materials,聚合物材料阻燃性的最新进展,Other:Singapore/Australia/China(Institution only),POPs_general,False,True
P03133,2013_Li L-X et al_PLoSOne_10.1371-journal.pone.0062526,Exposure Levels of Environmental Endocrine Disruptors in Mother-Newborn Pairs in China and Their Placental Transfer Characteristics,中国母婴对环境内分泌干扰物的暴露水平及其胎盘转移特征,China,"PBDEs,Phenols,POPs_general,PAEs",False,True
P06817,2013_LentinulaedodesLaccase AN_Science_10.1371-journal.pone.0066426,A Novel Laccase and Its Comparative Enzymology Suggest Guaiacol-Based Laccase Engineering for Bioremediation,一种新型漆酶及其比较酶学表明基于愈创木酚的漆酶工程用于生物修复,China,"PAHs,Phenols",False,True
P06890,2013_Yan H et al_CellStressChaperones_10.1007-s12192-012-0394-7,"Identification, genomic organization, and oxidative stress response of a sigma class glutathione S-transferase gene (AccGSTS1) in the honey bee, Apis cerana cerana",中华蜜蜂中Sigma类谷胱甘肽S-转移酶基因的鉴定、基因组组织及氧化应激响应,China,Pesticides,False,True
P06717,2012_Tian C et al_EnvironSciTechnol_10.1021-es202851n,"Assessing and Forecasting Atmospheric Outflow of α-HCH from China on Intra-, Inter-, and Decadal Time Scales",中国α-HCH大气输出通量的日内、年际和年代际评估与预测,China,"OCPs,Pesticides",False,True
P06585,2011Spectrometric,Spectrometric Study on the Interaction between Organic Pesticide Pollutants and DNA,光谱法研究有机农药污染物与 DNA的相互作用,China,Pesticides,False,True
P00381,2010_Liu GQ et al_EnvironMonitAssess_10.1007-s10661-009-0862-4,"A source study of atmospheric polycyclic aromatic hydrocarbons in Shenzhen, South China",中国南方深圳大气多环芳烃的源研究,China,PAHs,False,True
P10382,2008_Zhao Y et al_EnvironSciTechnol_null,Modeling Persistent Organic Pollutant (POP) Partitioning between Tree Bark and Air and Its Application to Spatial Monitoring of Atmospheric POPs in Mainland China,持久性有机污染物在树皮与空气间的分配建模及其在中国大陆大气POPs空间监测中的应用,China,POPs_general,False,True
P10346,2007_Sun Nan et al_Science_null,Multi-residue Analysis of 18 Organochlorine Pesticides in 10 Traditional Chinese Medicines by Gas Chromatography (GC),气相色谱法分析10种中药材中18种有机氯农药的残留,China,"OCPs,Pesticides",False,True
P00032,0000_Li C-T et al_Unknown_null,Emission of Polycyclic Aromatic Hydrocarbons and Their Carcinogenic Potencies from Cooking Sources to the Urban Atmosphere,烹饪源向城市大气排放多环芳烃及其致癌潜力,Other:Taiwan,PAHs,False,True
P00971,2026_Zhang K et al_EnvironPollut_10.1016-16,Immobilized bacterial microspheres enhanced the phytoremediation of PAHs and heavy metals co-contaminated soil and shifted bacterial community structure,固定化菌微球增强多环芳烃和重金属复合污染土壤的植物修复并改变细菌群落结构,China,PAHs,True,True
P01248,10.1016_j.ecoenv.2026.119865,"The spatial distribution of heavy metal contamination, microbial communities, and resistance genes in agricultural soil near a manganese mine in China",中国锰矿附近农田土壤中重金属污染、微生物群落和抗性基因的空间分布,China,Antibiotics,True,True
P09509,2026_Jin T et al_JHazardMater_null,Application potential of phosphate-solubilizing microorganisms for remediating HMs–PAHs co-contaminated soils: Immobilization-enhanced detoxification and microbial responses,溶磷微生物修复重金属-多环芳烃复合污染土壤的应用潜力：固定化增强解毒及微生物响应,China,PAHs,True,True
P09520,2026_Ren Y et al_JHazardMater_10.1016-j.jhazmat.2026.141922_1,Fungal communities dominate ecosystem multifunctionality in heavy metal-polycyclic aromatic hydrocarbons co-polluted soils: Regulatory role of microbial biomass carbon,真菌群落主导重金属-多环芳烃复合污染土壤的生态系统多功能性：微生物生物量碳的调节作用,China,PAHs,True,True
P09547,2026_Zhong R et al_JGeochemExplor_null,"A novel integrated model for risk analysis of soil PAHs and PTEs based on Monte Carlo simulation: a case study of Shenyang, China",基于蒙特卡洛模拟的土壤PAHs和PTEs风险分析综合新模型：以中国沈阳为例,China,PAHs,True,True
P11645,2026_Han L et al_JHazardMater_null,Text mining and machine learning based health risk prediction for soil polycyclic aromatic hydrocarbons at typical coal-fired industrial sites in china,基于文本挖掘和机器学习的中国典型燃煤工业场地土壤多环芳烃健康风险预测,China,"PAHs,POPs_general",False,True
P11648,2026_Kang Y et al_Unknown_null,Heavy metals and PAHs drive ecological and health risks in Chinese water level fluctuation zones,重金属和多环芳烃驱动中国消落带区域的生态与健康风险,China,PAHs,True,True
P11653,2026_Ren Y et al_JHazardMater_null,Fungal communities dominate ecosystem multifunctionality in heavy metal-polycyclic aromatic hydrocarbons co-polluted soils: Regulatory role of microbial biomass carbon,真菌群落主导重金属-多环芳烃复合污染土壤的生态系统多功能性：微生物生物量碳的调节作用,China,PAHs,True,True
P00174,10.1007_14,"Source identification and risk assessment of PAC contamination in typical coal mining soils of Huaibei, China: application of PMF and APCS-MLR receptor models",中国淮南典型煤矿土壤中多环芳烃污染的源识别与风险评估：PMF与APCS-MLR受体模型的应用,China,PAHs,False,True
P00575,10.1007_s11270-025-08062-3,Soil environmental quality - Risk control standard for soil contamination of agricultural land (Trial),土壤环境质量 农用地土壤污染风险管控标准（试行）,China,Petroleum_TPH,False,True
P00986,2025_Hou G et al_EnvironPollut_10.1016-38,Ecotoxicological effects of rare earth mining drainage: Unraveling dual antibiotic resistance gene regulation and risk-abundance decoupling through microbial community restructuring,稀土开采排水的生态毒理效应：通过微生物群落重建揭示双重抗生素抗性基因调控及风险-丰度解耦,China,Antibiotics,True,True
P01644,10.1016_j.jhazmat.2025.140371,Metallurgical organic pollutants assisted source apportionment of mobile heavy metals on artisanal non-ferrous metal processing contamination,冶金有机污染物辅助手工非有色金属加工污染中移动重金属的源解析,China,"PAHs,POPs_general",True,True
P02313,2025_Yijing Du_Unknown_10.1051-e3sconf-202562801015,Soil environmental quality and risk assessment under combined organic pollution in a typical sewage irrigated area,典型污水灌溉区复合有机污染下的土壤环境质量与风险评估,China,"OCPs,Antibiotics,POPs_general",False,True
P09308,2025_Geochemistry HE_EnvironGeochemHealth_null_1,Sources and ecological and health risks of polycyclic aromatic hydrocarbons in urban soil of industrial cities based on positive matrix factorization and Monte Carlo simulation,基于正定矩阵因子分解和蒙特卡洛模拟的工业城市城市土壤中多环芳烃的来源及生态与健康风险,China,PAHs,False,True
P09320,2025_Hu SOXLZHY et al_JEnvironSci_null_1,Bioaccessibility and health risk assessment of hydrophobic organic pollutants in soils from four typical industrial contaminated sites in China,中国四个典型工业污染场地土壤中疏水性有机污染物的生物可及性与健康风险评估,China,"PAHs,POPs_general",False,True
P09436,2025_Sun P et al_EnvironPollut_10.1016-47,"Quantification of an integrated approach to heavy metal source apportionment and probabilistic health risk assessment in the black soil region of central Jilin Province, China",吉林中部黑土区重金属源解析及概率健康风险评估的集成方法量化,China,Pesticides,True,True
P09447,"2025_TPHs, CP et al_EnvironRes_null","Co-occurrence of PFASs, TPHs, and BTEX in subsurface soils: Impacts on native microbial communities and implications for bioremediation",地下土壤中PFASs、TPHs和BTEX的共存：对本土微生物群落的影响及生物修复意义,China,"Petroleum_TPH,PFAS",False,True
P09506,2026_Geochemistry HE_EnvironGeochemHealth_10.1007-14,"Source identification and risk assessment of PAC contamination in typical coal mining soils of Huaibei, China: application of PMF and APCS-MLR receptor models",中国淮北典型煤矿土壤中多环芳烃污染的源识别与风险评估：PMF和APCS-MLR受体模型的应用,China,PAHs,False,True
P11581,2025_Jiang XN et al_Sustainability_null,Characteristics of environmental efficiency for different types of contaminated sites in China,中国不同类型污染场地的环境效率特征,China,VOC_SVOC,True,True
P11588,2025_Li X et al_JHazardMater_null,Characterization and risk prioritization of PFAS via nontarget screening in soil and maize near a fluoropolymer manufacturing facility,氟聚合物制造设施附近土壤和玉米中PFAS的非靶向筛选表征及风险优先排序,China,PFAS,False,True
P00728,10_1007_s11356_024_33838_1,"Distribution, traceability, and risk assessment of organophosphate flame retardants in agricultural soils along the Yangtze River Delta in China",中国长江三角洲农田土壤中有机磷酸酯阻燃剂的分布、溯源及风险评估,China,Pesticides,False,True
P01395,2024_Guo M et al_EnvironPollut_10.1016-j.envpol.2024.123476,Biochars assisted phytoremediation of polycyclic aromatic hydrocarbons contaminated agricultural soil: Dynamic responses of functional genes and microbial community,生物炭辅助植物修复多环芳烃污染农田土壤：功能基因和微生物群的动态响应,China,PAHs,False,True
P01418,2024_Zuo W et al_EnvironRes_10.1016-j.envres.2024.118023_1,Current-use pesticides monitoring and ecological risk assessment in vegetable soils at the provincial scale,省级尺度菜地土壤中现用农药的监测与生态风险评估,China,Pesticides,False,True
P01844,2024_Li X et al_SciTotalEnviron_10.1016-j.scitotenv.2023.169674,"Occurrence, distribution, and translocation of legacy and current-use pesticides in pomelo orchards in South China",中国南部柚子园中遗留及现用农药的发生、分布及迁移转化,China,Pesticides,False,True
P01845,10.1016_j.scitotenv.2023.168722,Correlation analysis between the in vivo bioavailability and in vitro bioaccessibility of nitro PAHs in soil: Application of simplified FOREhST in vitro methods based on the Chinese pharmacopoeia,基于中国药典的简化FOREhST体外法评估土壤中硝基多环芳烃的生物有效性与生物可给性相关性分析,China,PAHs,False,True
P01853,10.1016_j.scitotenv.2024.172256,Spatial distribution of volatile organic compounds in contaminated soil and distinct microbial effect driven by aerobic and anaerobic conditions,污染土壤中挥发性有机化合物的空间分布及好氧和厌氧条件驱动的独特微生物效应,China,VOC_SVOC,False,True
P01855,10.1016_j.scitotenv.2024.173385,Ryegrass uptake behavior and forage risk assessment after exposing to soil with combined polycyclic aromatic hydrocarbons and cadmium,黑麦草在多环芳烃和镉复合暴露土壤中的吸收行为及饲草风险评估,China,PAHs,True,True
P02196,10.1038_s41598-024-80314-4,Integrated assessment of soil quality and contaminant risks in salinized farmland adjacent to an oil-exploitation zone: insights from the Yellow River Delta,石油开采区附近盐渍化农田土壤质量与污染风险综合评估：来自黄河三角洲的启示,China,PAHs,False,True
P05436,10_3390_su11030556,Analysis of heavy metal and polycyclic aromatic hydrocarbon pollution characteristics of a typical metal rolling industrial site based on data mining,基于数据挖掘的典型金属轧制工业场地重金属和多环芳烃污染特征分析,China,"PAHs,Petroleum_TPH",True,True
P08971,2024_Che J et al_SciTotalEnviron_10.1016-j.scitotenv.2023.167578,Bioaccumulation of PFASs in cabbage collected near a landfill site in China: Laboratory and field investigations,中国某垃圾填埋场附近白菜中全氟化合物的生物累积：实验室与现场调查研究,China,PFAS,False,True
P09050,2024_Li D et al_EnvironGeochemHealth_null,Analysis of heavy metal and polycyclic aromatic hydrocarbon pollution characteristics of a typical metal rolling industrial site based on data mining,基于数据挖掘的典型金属轧制工业场地重金属和多环芳烃污染特征分析,China,"PAHs,Petroleum_TPH",True,True
P09056,2024_Liao M et al_EnvironPollut_null,"Spatial distribution, source identification, and potential risks of 14 bisphenol analogues in soil under different land uses in the megacity of Chengdu, China",成都市不同土地利用方式下土壤中14种双酚类化合物的空间分布、源识别及潜在风险,China,Phenols,False,True
P09134,2024_Shen L et al_EnvironSciTechnol_null,Characterization of the Bioavailability of Per- and Polyfluoroalkyl Substances in Farmland Soils and the Factors Impacting Their Translocation to Edible Plant Tissues,农田土壤中全氟和多氟烷基物质的生物有效性表征及其向可食用植物组织迁移的影响因素,China,PFAS,False,True
P09162,2024_Wang D et al_EnvironSciTechnol_null,Legacy and Novel Per- and Polyfluoroalkyl Substances in Surface Soils across China: Source Tracking and Main Drivers for the Spatial Variation,中国全氟和多氟烷基物质的土壤赋存、源解析及空间变异驱动机制,China,PFAS,False,True
P09289,2025_Fang B et al_WaterRes_null,Biotic and abiotic transformations of aqueous film-forming foam (AFFF)-derived emerging polyfluoroalkyl substances in aerobic soil slurry,好氧土壤泥浆中水成膜泡沫（AFFF）衍生的新型多氟烷基物质的生物与非生物转化,China,PFAS,False,True
P09461,2025_Wang K et al_JHazardMater_null,"Occurrence and health risk assessment of phthalate ester pollution in mulched farmland soil at a national scale, China",中国全尺度覆膜农田土壤中邻苯二甲酸酯污染的发生及健康风险评估,China,PAEs,False,True
P11478,2024_Hou J et al_JHazardMater_null,A comprehensive evaluation of influencing factors of neonicotinoid insecticides (NEOs) in farmland soils across China: First focus on film mulching,中国农田土壤中新烟碱类杀虫剂影响因素的综合评价：首次关注地膜覆盖,China,Pesticides,False,True
P11485,2024_Li S et al_EnvironRes_null_1,Interaction of heavy metals and polycyclic aromatic hydrocarbons in soil-crop systems: The effects and mechanisms,重金属与多环芳烃在土壤-作物系统中的相互作用：效应与机制,China,PAHs,True,True
P11487,2024_Li Z_SciTotalEnviron_null,Assessing potential soil pollution from plant waste disposal: A modeling analysis of pesticide contamination,评估植物废弃物处置造成的潜在土壤污染：农药污染的建模分析,China,"Petroleum_TPH,Pesticides",False,True
P11533,2024_Xing Z et al_JHazardMater_null,"Legacy and emerging per- and polyfluoroalkyl substances (PFASs) in agricultural soils affected by fluorochemical manufacturing facilities, North China: Occurrence, region-specific distribution, substitution trend and source appointment",受氟化工设施影响的华北农田土壤中的传统和新型全氟/多氟烷基物质：赋存、区域特异性分布、替代趋势和源解析,China,PFAS,False,True
P00139,2016_June RJRJA_Science_10.1002-ldr.4833,Omics shed light on the mechanisms of petroleumcontaminated soil remediation: When biochar meets nitrogen,多组学揭示石油污染土壤修复机制：当生物炭遇上氮素,China,"PAHs,Petroleum_TPH,POPs_general",False,True
P00830,2023_Exposure H_ExposHealth_10.1007-s12403-022-00520-3,"Integrated Insights into Source Apportionment and Source-Specific Health Risks of Potential Pollutants in Urban Park Soils on the Karst Plateau, SW China",中国西南喀斯特高原城市公园土壤中潜在污染物源解析及源特异性健康风险的综合性研究,China,PAHs,True,True
P01242,10.1016_j.ecoenv.2023.115367,Dithionite promoted microbial dechlorination of hexachlorobenzene while goethite further accelerated abiotic degradation by sulfidation in paddy soil,连二亚硫酸盐促进稻田土壤中六氯苯的微生物脱氯，而针铁矿通过硫化作用进一步加速非生物降解,China,PAEs,False,True
P01415,10.1016_j.envres.2023.115799,"Diffusion and enrichment of high-risk antibiotic resistance genes (ARGs) via the transmission chain (mulberry leave, guts and feces of silkworm, and soil) in an ecological restoration area of manganese mining, China: Role of heavy metals",中国锰矿区生态修复区通过传输链（桑叶、蚕肠道和粪便及土壤）扩散和富集高风险抗生素抗性基因：重金属的作用,China,Antibiotics,True,True
P01942,2024_Tang H et al_EnvironSciTechnol_10.1021-acs.est.3c08242,D-Ring Modifications of Tetracyclines Determine Their Ability to Induce Resistance Genes in the Environment,四环素D环修饰决定其诱导环境中抗性基因的能力,China,Antibiotics,False,True
P02154,2018_Bai ZLY et al_EnvironPollut_10.1038-s41598-021-XXXXX-X,"Driving factors on accumulation of cadmium, lead, copper, zinc in agricultural soil and products of the North China Plain",华北平原农田土壤及产品中镉铅铜锌积累的驱动因子,China,Pesticides,True,True
P05053,10.61173_vcvnzr96_OpenAlexOA,Research Progress of Soil Pollution and Its Remediation Technology,土壤污染及其修复技术的研究进展,China,"Petroleum_TPH,POPs_general",True,True
P08156,2020_He T et al_Agriculture_null,"Comprehensive Analysis of Antimicrobial, Heavy Metal, and Pesticide Residues in Commercial Organic Fertilizers and Their Correlation with Tigecycline-Resistant tet(X)-Variant Genes",商品有机肥中抗菌药物、重金属和农药残留的综合分析及其与替加环素耐药tet(X)变异基因的相关性,China,Pesticides,True,True
P08385,2021_Cheng Y et al_EnvironSciTechnol_null,Temporal Trends of Legacy and Emerging PFASs from 2011 to 2021 in Agricultural Soils of Eastern China: Impacts of the Stockholm Convention,2011至2021年中国东部农田土壤中典型及新兴PFASs的时间趋势：斯德哥尔摩公约的影响,China,"PFAS,POPs_general",False,True
P08801,2023_Cui X et al_SciTotalEnviron_null,Integrative effects of microbial inoculation and amendments on improved crop safety in industrial soils co-contaminated with organic and inorganic pollutants,微生物接种和改良剂对有机无机复合污染工业土壤作物安全性的综合改善作用,China,"PAHs,POPs_general",False,True
P08809,2023_Fan K et al_NatEcolEvol_null,Soil biodiversity supports the delivery of multiple ecosystem functions in urban greenspaces,土壤生物多样性支持城市绿地多项生态系统功能的实现,China,Antibiotics,False,True
P08839,2023_Li B et al_EnvironGeochemHealth_null,"Occurrence distribution and risk assessment of polycyclic aromatic hydrocarbons in soils around main water source areas of Beijing, China",北京主要水源地土壤中多环芳烃的发生、分布及风险评估,China,PAHs,False,True
P08877,2023_Shen L et al_EnvironSciTechnol_null,"Different Sources, Fractionation, and Migration of Legacy and Novel Per- and Polyfluoroalkyl Substances between Greenhouse and Open-Field Soils",温室与大田土壤中传统和新型全氟/多氟烷基物质的来源、组分及迁移差异,China,PFAS,False,True
P08935,2023_Zhang Y et al_FrontEnvironSciEng_null,Spatial prediction of soil contamination based on machine learning: a review,基于机器学习的土壤污染空间预测综述,China,Petroleum_TPH,False,True
P09184,2024_Xie X et al_EcotoxicolEnvironSaf_null_1,"Spatial interaction and risk zoning of compound pollutants in farmland soils: Insights from heavy metals and polycyclic aromatic hydrocarbons in Hezhang County, China",农田土壤复合污染物的空间相互作用与风险分区：来自中国赫章县重金属和多环芳烃的启示,China,PAHs,True,True
P09185,2024_Xie X et al_EcotoxicolEnvironSaf_null_2,"Spatial interaction and risk zoning of compound pollutants in farmland soils: Insights from heavy metals and polycyclic aromatic hydrocarbons in Hezhang County, China",农田土壤复合污染物的空间相互作用与风险分区：来自中国赫章县重金属和多环芳烃的启示,China,PAHs,True,True
P09370,2025_Ma J et al_EcotoxicolEnvironSaf_null,Biochar enhances the remediation of fluorene and Cd(II) co-contamination by Burkholderia sp. FM-2,生物炭增强伯克霍尔德氏菌 FM-2 对芴和镉复合污染的修复,China,PAEs,True,True
P09511,2026_Li G.-F. et al_EnvironRes_null,Machine learning-based prediction of phenanthrene accumulation and toxicity in earthworms across soils,基于机器学习的菲在土壤蚯蚓中的累积与毒性预测,China,PAHs,False,True
P11380,2023_Co. SDGIC et al_Land_null,Research on Soil Pollution Channels and Remediation Methods in Farmland,农田土壤污染途径及修复方法研究,China,Petroleum_TPH,False,True
P11404,2023_Liu Z et al_SciTotalEnviron_null,A Monte Carlo simulation-based health risk assessment of heavy metals in soils of an oasis agricultural region in northwest China,基于蒙特卡洛模拟的中国西北绿洲农业区土壤重金属健康风险评估,China,Pesticides,True,True
P11405,2023_Lu X et al_EcotoxicolEnvironSaf_null_1,Feature fusion improves performance and interpretability of machine learning models in identifying soil pollution of potentially contaminated sites,特征融合提高了识别潜在污染场地土壤污染的机器学习模型的性能和可解释性,China,"Petroleum_TPH,POPs_general",True,True
P11412,2023_Qi A et al_EcotoxicolEnvironSaf_null,"Distributions of PAHs, NPAHs, OPAHs, BrPAHs, and ClPAHs in air, bulk deposition, soil, and water in the Shandong Peninsula, China: Urban-rural gradient, interface exchange, and long-range transport",中国山东半岛空气、 bulk 沉降、土壤和水体中 PAHs、 NPAHs、 OPAHs、 BrPAHs 和 ClPAHs 的分布：城乡梯度、界面交换和长距离输送,China,PAHs,False,True
P00273,2022_Hua C et al_StochEnvironResRiskAssess_10.1007-s00477-021-02139-1,"Contamination, risk assessment and source apportionment of the heavy metals in the soils of apple orchard in Qixia City, Shandong Province, China",中国山东省栖霞市苹果园土壤重金属污染、风险评价及源解析,China,Pesticides,True,True
P00975,10.1016_22,Fungal communities dominate ecosystem multifunctionality in heavy metal-polycyclic aromatic hydrocarbons co-polluted soils: Regulatory role of microbial biomass carbon,真菌群落主导重金属-多环芳烃复合污染土壤的生态系统多功能性：微生物生物量碳的调节作用,China,PAHs,True,True
P01069,10.1016_j.cej.2021.133169,Remediation of emerging contaminated sites due to uncontrolled e-waste recycling,不受控制的电子废物回收导致的新兴污染场地的修复,China,"VOC_SVOC,POPs_general",True,True
P01170,10.1016_j.chemosphere.2022.134855,"Concentration and distribution of metals, total fluorine, per- and poly-fluoroalkyl substances (PFAS) in vertical soil profiles in industrialized areas",工业区土壤剖面中金属、总氟及全氟和多氟烷基物质的浓度与分布,China,PFAS,False,True
P01654,10.1016_j.jhydrol.2022.128568,"Levels, sources, and risk assessment of polycyclic aromatic hydrocarbons (PAHs) in soils of karst trough zone, Central China",华中喀斯特槽谷区土壤中多环芳烃的含量、来源及风险评估,China,PAHs,False,True
P02143,2022_Wang ZCY et al_EnvironPollut_10.1038-s41598-020-XXXXX,"Contamination level, sources, and health risk of polycyclic aromatic hydrocarbons in suburban vegetable field soils of Changchun, Northeast China",长春市郊菜地土壤中多环芳烃的污染水平、来源及健康风险,China,"PAHs,POPs_general",False,True
P02163,2022_Tang QLCXLWJ et al_Nature_10.1038-s41598-022-12345-6,Fingerprint analysis reveals sources of petroleum hydrocarbons in soils of diferent geographical oilfelds of China and its ecological assessment,中国不同地理区域油田土壤中石油烃源解析的指纹分析及其生态风险评估,China,"PAHs,Petroleum_TPH",False,True
P02174,10_1038_s41598_022_25879_8,"Levels, sources, and risk assessment of PAHs residues in soil and plants in urban parks of Northwest China",中国西北部城市公园土壤和植物中多环芳烃残留的水平、来源及风险评估,China,PAHs,False,True
P02998,2022_Yang G et al_Land_10.1186-s12870-022-03633-6,"HPLC and high-throughput sequencing revealed higher tea-leaves quality, soil fertility and microbial community diversity in ancient tea plantations: compared with modern tea plantations",HPLC和宏基因组测序揭示古茶园具有更高的茶叶品质、土壤肥力和微生物群落多样性：与现代茶园比较,China,Phenols,False,True
P03075,2016_熊惠磊等_环境工程_10.13205-j.hjgc.201607037,ENGINEERING APPLICATION OF MULTIL-SIEVING SOIL WASHING EQUIPMENTS IN CO-CONTAMINATED SOIL REMEDIATION PROJECT,多级筛分式淋洗设备在复合污染土壤修复项目中的工程应用,China,PAHs,True,True
P03078,2021_吴志远_土壤_10.13227-j.hjkx.201910152,Quantitative Assessment of Human Health Risk Based on Sources of Soil Heavy Metals and PAHs: A Case Study of an Industrial Contaminated Site in Beijing,基于土壤重金属及PAHs来源的人体健康风险定量评价:以北京某工业污染场地为例,China,PAHs,True,True
P03244,2023_Tan T et al_PolJEnvironStud_10.15244-pjoes-155966,Source Analysis of Black Carbon with Polycyclic Aromatic Hydrocarbons and Heavy Metals in Sediments and Soils and its Heath Risk Assessment from Chan & Ba River Drainage Basin of China,中国灞河流域沉积物与土壤中黑碳与多环芳烃及重金属的源解析及其健康风险评估,China,PAHs,True,True
P05113,10_1007_978_3_030_87316_5,Chapter 7 Organic Contaminants in Urban Soils,第7章 城市土壤中的有机污染物,China,"PAHs,POPs_general",False,True
P05184,10_1016_j_envpol_2025_126365,"Integrated thermal and biostimulant enhanced bioremediation of PAHs and arsenic co-contaminated soil by an indigenous microbial consortium: Performance, mechanisms and limitations",利用土著微生物菌群整合热和生物刺激强化修复多环芳烃和砷复合污染土壤：性能、机制与局限性,China,PAHs,True,True
P08473,2021_Lin S et al_Science_10.1016-j.cej.2021.133169,Remediation of emerging contaminated sites due to uncontrolled e-waste recycling,电子废物回收引起的污染场地修复,China,"VOC_SVOC,POPs_general",True,True
P08644,2022_Bo X et al_EnvironPollut_null,"Characteristics, correlations and health risks of PCDD/Fs and heavy metals in surface soil near municipal solid waste incineration plants in Southwest China",中国西南地区垃圾焚烧厂附近土壤中PCDD/Fs和重金属的特征、相关性及健康风险,China,Dioxins,True,True
P08681,2022_Jia J et al_SciTotalEnviron_null,"Fractionation, source, and ecological risk assessment of heavy metals in cropland soils across a 100-year reclamation chronosequence in an estuary, South China","Fractionation, source, and ecological risk assessment of heavy metals in cropland soils across a 100-year reclamation chronosequence in an estuary, South China",China,Pesticides,True,True
P08682,2022_Jiao A et al_Chemosphere_null,Effect of nitrilotriacetic acid and tea saponin on the phytoremediation of Ni by Sudan grass (Sorghum sudanense (Piper) Stapf.) in Ni-pyrene contaminated soil,氨基三乙酸和茶皂素对苏丹草修复镍-芘复合污染土壤的影响,China,PAHs,True,True
P08710,2022_Meng Y.T. et al_BiolPlant_10.32615-bp.2021.076,Evaluation of the phytotoxicity of decabromodiphenyl ether (BDE-209) in Chinese cabbage,十溴二苯醚(BDE-209)对白菜的植物毒性评价,China,PBDEs,False,True
P08758,2022_Wang Y et al_EnvironSciTechnol_null,Does the Geographic Difference of Soil Properties Matter for Setting Up the Soil Screening Levels in Large Countries Like China?,大国土（如中国）土壤筛选值的制定是否需要考虑土壤性质的地理差异？,China,VOC_SVOC,False,True
P08932,2023_Zhang B et al_EnvironPollut_null_2,"Estimation of heavy metal soil contamination distribution, hazard probability, and population at risk by machine learning prediction modeling in Guangxi, China",中国广西基于机器学习预测模型的土壤重金属污染分布、风险概率及风险人口估算,China,Petroleum_TPH,True,True
P09103,2024_Qi XZ et al_SciTotalEnviron_null,"Influence of oil extraction on concentration distributions, migration, secondary formation and carcinogenic risk of NPAHs and OPAHs in air and soil in an oilfield development area in China",石油开采对中国某油田开发区域空气和土壤中NPAHs和OPAHs的浓度分布、迁移、二次形成及致癌风险的影响,China,PAHs,False,True
P11183,2020_向鑫鑫_Unknown_null,"Migration, Source and Ecological Health Risk Assessment of Polycyclic Aromatic Hydrocarbons in Groundwater and Soil Profiles in Shen-fu New District",沈抚新区地下水和土壤剖面层中多环芳烃的迁移、来源和生态健康风险评价,China,PAHs,False,True
P11348,2022_Weng J et al_EnvironPollut_null,"Concentrations, homolog profiles, and risk assessment of short- and medium-chain chlorinated paraffins in soil around factories in a non-ferrous metal recycling park",有色金属回收园区工厂周边土壤中短链和中链氯化石蜡的浓度、同系物特征及风险评估,China,PCNs_other,False,True
P00340,2021_Cheng Y et al_EnvironGeochemHealth_10.1007-s10653-021-00868-4,Regional human health risk assessment of cadmium and hexachlorocyclohexane for agricultural land in China,中国农业用地镉和六氯环己烷的区域人体健康风险评估,China,OCPs,True,True
P01163,10.1016_j.chemosphere.2021.131190,"Polycyclic aromatic hydrocarbons (PAHs) and their derivatives in surface soils from a typical city, south China",华南某典型城市表层土壤中的多环芳烃及其衍生物,China,PAHs,False,True
P01271,2020_Xie L et al_EnvironInt_10.1016-j.envint.2020.106166,"Concentration, spatial distribution, and health risk assessment of PFASs in serum of teenagers, tap water and soil near a Chinese fluorochemical industrial plant",中国某氟化工厂附近青少年血清、自来水和土壤中全氟化合物的浓度、空间分布及健康风险评估,China,PFAS,False,True
P01509,2021_Li M et al_JEnvironSci_10.1016-j.jes.2021.02.002,Co-metabolic and biochar-promoted biodegradation of mixed PAHs by highly efficient microbial consortium QY1,共代谢和生物炭促进高效微生物菌群QY1对混合PAHs的生物降解,China,"PAHs,POPs_general",True,True
P01570,10.1016_j.jhazmat.2020.123990,Large-scale biogeographical patterns of antibiotic resistome in the forest soils across China,中国森林土壤抗生素抗性基因组的大尺度生物地理格局,China,Antibiotics,False,True
P01934,2021_Niu S et al_EnvironSciTechnol_10.1021-acs.est.0c07737,Using Polychlorinated Naphthalene Concentrations in the Soil from a Southeast China E‑Waste Recycling Area in a Novel Screening-Level Multipathway Human Cancer Risk Assessment,利用中国东南部某电子废弃物回收区土壤中的多氯萘浓度进行新型筛选级多途径人类致癌风险评估,China,"PCBs,Dioxins,PCNs_other",False,True
P02146,10.1038_s41598-021-81764-w,"Variability in plant trace element uptake across diferent crops, soil contamination levels and soil properties in the Xinjiang Uygur Autonomous Region of northwest China",中国西北新疆维吾尔自治区不同作物、土壤污染水平及土壤性质对植物微量元素吸收变异性的研究,China,Petroleum_TPH,True,True
P05091,10_1002_(SICI,"Risk assessment and ecotoxicological diagnosis of soil from a chemical industry park in Nanjing, China",南京某化学工业园区的风险评估及土壤生态毒理学诊断,China,PAHs,True,True
P05201,10_1016_j_jhazmat_2026_141922,Fungal communities dominate ecosystem multifunctionality in heavy metal-polycyclic aromatic hydrocarbons co-polluted soils: Regulatory role of microbial biomass carbon,真菌群落主导重金属-多环芳烃复合污染土壤的生态系统多功能性：微生物生物量碳的调节作用,China,PAHs,True,True
P05210,10_1016_j_scitotenv_2022_157506,"Levels, profiles and potential human health risks of brominated and parent polycyclic aromatic hydrocarbons in soils around three different types of industrial areas in China",中国三种不同类型工业区周围土壤中溴代及母体多环芳烃的浓度、谱分布及潜在人体健康风险,China,"PAHs,POPs_general,Dioxins",True,True
P08435,2021_Hu J et al_EnvironPollut_null,Direct Analysis of Soil Composition for Source Apportionment by Laser Ablation Single-Particle Aerosol Mass Spectrometry,激光剥蚀单颗粒气溶胶质谱法直接分析土壤组成及源解析,China,PAHs,True,True
P08445,2021_Kalkhajeh YK et al_AgricEcosystEnviron_null,Environmental soil quality and vegetable safety under current greenhouse vegetable production management in China,中国当前温室蔬菜生产管理下的环境土壤质量与蔬菜安全,China,"Pesticides,Antibiotics,PAEs",True,True
P08461,2021_Li G et al_EnvironTechnolInnov_null,Effect of culturing ryegrass (Lolium perenne L.) on Cd and pyrene removal and bacteria variations in co-contaminated soil,黑麦草培养对复合污染土壤中镉和芘去除及细菌变化的影响,China,PAHs,True,True
P08462,2021_Li G et al_EnvironTechnolInnov_null_1,Effect of culturing ryegrass (Lolium perenne L.) on Cd and pyrene removal and bacteria variations in co-contaminated soil,种植黑麦草对复合污染土壤中镉和芘去除及细菌变化的影响,China,PAHs,True,True
P08468,2021_Li Z et al_EnvironSciTechnol_null,A Super Typhoon Disturbs Organic Contamination in Agricultural Soils,超级台风扰动农田土壤中的有机污染,China,"PAHs,PCBs,OCPs,Pesticides,POPs_general,PAEs",False,True
P08470,2021_Li Z et al_SciTotalEnviron_null,"Organophosphorus pesticides in greenhouse and open-field soils across China: Distribution characteristic, polluted pathway and health risk",中国温室和露天农田土壤中有机磷农药的分布特征、污染途径及健康风险,China,Pesticides,True,True
P08534,2021_Ren K et al_Chemosphere_null,"Polycyclic aromatic hydrocarbons (PAHs) and their derivatives (oxygenated PAHs, azaarenes, and sulfur / oxygen-containing heterocyclic PAHs) in surface soils from a typical city, south China",中国南方某典型城市表层土壤中的多环芳烃及其衍生物（含氧多环芳烃、氮杂芳烃和含硫/含氧杂环多环芳烃）,China,PAHs,False,True
P08618,2021_Zhang T et al_Ecotoxicology_null,"Risk assessment and ecotoxicological diagnosis of soil from a chemical industry park in Nanjing, China",南京某化学工业园土壤的风险评估与生态毒理诊断,China,PAHs,True,True
P08628,2021_Zhou B et al_SciTotalEnviron_null,Contamination and human health risks of phthalate esters in vegetable and crop soils from the Huang-Huai-Hai region of China,中国黄淮海地区蔬菜和农作物土壤中邻苯二甲酸酯的污染及人体健康风险,China,PAEs,False,True
P08840,2023_Li H et al_EcotoxicolEnvironSaf_null,Target and suspect screening of pesticide residues in soil samples from peach orchards using liquid chromatography quadrupole time-of-flight mass spectrometry,桃园土壤中农药残留的靶向与可疑筛查：使用液相色谱-四极杆-飞行时间质谱,China,Pesticides,False,True
P08974,2024_Chen L et al_JHazardMater_null,Pollution characteristics and affecting factors of phthalate esters in agricultural soils in mainland China,中国大陆农田土壤中邻苯二甲酸酯的污染特征及影响因素,China,PAEs,False,True
P09218,2024_邹子航_环境科学_null,Pollution Characteristics and Risk Assessment of Polycyclic Aromatic Hydrocarbons in Soils of Guangzhou,广州市土壤多环芳烃污染特征及风险评估,China,PAHs,False,True
P09502,2026_Ding YW et al_EcotoxicolEnvironSaf_null,"The spatial distribution of heavy metal contamination, microbial communities, and resistance genes in agricultural soil near a manganese mine in China",中国某锰矿附近农业土壤中重金属污染、微生物群落和抗性基因的空间分布,China,Antibiotics,True,True
P11299,2021_雷野_Unknown_null,Research on Oxidation Remediation Technology of PAHs Contaminated Soil,PAHs污染土壤的氧化治理修复技术研究,China,"PAHs,POPs_general",False,True
P00073,0000_Yang M et al_ApplSoilEcol_null,Effect of cadmium on pyrene biodegradation in solution and soil using free and immobilized Escherichia sp. on biochar,利用游离和固定在生物炭上的大肠杆菌研究镉对溶液和土壤中芘生物降解的影响,China,PAHs,True,True
P00706,2020_Zhang M et al_EnvironSciPollutRes_10.1007-s11356-020-10234-z,Quantitative source identification and apportionment of heavy metals under two different land use types: comparison of two receptor models APCS-MLR and PMF,两种不同土地利用类型下重金属的定量源识别与解析：两种受体模型APCS-MLR和PMF的比较,China,Pesticides,True,True
P01221,2020_Chinaan PP et al_EnvironPollut_10.1016-j.ecoenv.2020.110783,"Pesticide residues in soils planted with Panax notoginseng in south China, and their relationships in Panax notoginseng and soil",中国南方三七种植土壤中的农药残留及其与三七和土壤的关系,China,Pesticides,False,True
P02129,10_1038_s41598_020_65203_w,The Effects of Tetracycline Residues on the Microbial Community Structure of Tobacco Soil in Pot Experiment,四环素残留对盆栽烟草土壤微生物群落结构的影响,China,Antibiotics,False,True
P05336,10_1186_s12866_020_1699_9,"Biodegradation of endocrine disruptor Bisphenol A by Pseudomonas putida strain YC-AE1 isolated from polluted soil, Guangdong, China",从中国广东污染土壤中分离的恶臭假单胞菌 YC-AE1 对内分泌干扰物双酚 A 的生物降解,China,Phenols,False,True
P07842,2018_Unknown_SciTotalEnviron_null,"Pesticide residues in agricultural topsoil from the Hainan tropical riverside basin: Determination, distribution, and relationships with planting patterns and surface water",海南热带河流域农业表层土壤中的农药残留：测定、分布及其与种植模式和水体的关系,China,"OCPs,Pesticides",False,True
P08168,2020_Huo Z et al_Sustainability_null,A Soil Environmental Quality Assessment Model Based on Data Fusion and Its Application in Hebei Province,基于数据融合的土壤环境质量评价模型及其在河北省的应用,China,"PAHs,Pesticides,POPs_general",True,True
P08215,2020_Ma T et al_EnvironGeochemHealth_null,"Phthalate esters contamination in vegetable–soil system of facility greenhouses in Jingmen, central China and the assessment of health risk",中国中部荆门设施温室蔬菜-土壤系统中邻苯二甲酸酯的污染及健康风险评估,China,PAEs,False,True
P08464,2021_Li J et al_JContamHydrol_null,Low temperature thermal desorption-chemical oxidation hybrid process for the remediation of organic contaminated model soil: A case study,有机污染模型土壤修复的低温热脱附-化学氧化耦合工艺：案例研究,China,POPs_general,False,True
P08510,2021_PAHs et al_EnvironPollut_null,"Ecological risk and early warning of soil compound pollutants (HMs, PAHs, PCBs and OCPs) in an industrial city, Changchun, China",中国工业城市长春土壤复合污染物（重金属、多环芳烃、多氯联苯和有机氯农药）的生态风险及预警,China,"PAHs,PCBs,OCPs,Pesticides",True,True
P08704,2022_Liu Q et al_EnvironPollut_null,"Spatial clustering and source-specific risk of combined pollutants in soils from an industrial area in Shanxi Province, China",山西省某工业区土壤中复合污染物的空间聚类及源特异性风险,China,PAHs,True,True
P08705,2022_Liu Q et al_EnvironPollut_null_1,"Spatial clustering and source-specific risk of combined pollutants in soils from an industrial area in Shanxi Province, China",中国山西省某工业区土壤中复合污染物的空间聚类及特异性来源风险,China,PAHs,True,True
P08897,2023_Tang R et al_SciTotalEnviron_null,Human activities contributing to the accumulation of high-risk trace metal (loid)s in soils of China's five major urban agglomerations,人类活动对中国五大城市群土壤高风险痕量金属积累的影响,China,Pesticides,True,True
P09360,2025_Liu M et al_EnvironPollut_null,Tracing anthropogenic imprints on polybrominated and polychlorinated dibenzo-p-dioxin/furans in soil: A comprehensive field study in an urban agglomeration of China,人为活动对中国城市群土壤中多溴和多氯二苯并-对-二噁英/呋喃的示踪研究,China,"PBDEs,Pesticides,Dioxins",False,True
P10955,2017_Zhang J et al_EnvironPollut_null,"Occurrence, risk and influencing factors of polycyclic aromatic hydrocarbons in surface soils from a large-scale coal mine, Huainan, China",淮南大型煤矿区表层土壤中多环芳烃的发生、风险及影响因素,China,PAHs,False,True
P11480,2024_Kaw H Y et al_EnvironInt_null,The significance of environmentally bioavailable antimicrobials in driving antimicrobial resistance in soils,环境中生物可利用抗菌剂驱动土壤中抗菌剂耐药性的重要性,China,"Pesticides,Antibiotics",False,True
P11561,2024_鹿东强_土壤_null,Synergistic Remediation of Fungal-Bacterial Flora in Polycyclic Aromatic Hydrocarbons and Their Composite Contaminated Soils,真菌-细菌菌群在多环芳烃及其复合污染土壤中的协同修复作用,China,"PAHs,POPs_general",False,True
P00411,2019_Monitoring HE_EnvironMonitAssess_10.1007-s10661-019-7514-7,"Distribution characteristics and health risk assessment of heavy metals and PAHs in the soils of green spaces in Shanghai, China",中国上海绿地土壤中重金属和多环芳烃的分布特征及健康风险评估,China,PAHs,True,True
P01037,2018_Gao S et al_ApplSoilEcol_10.1016-j.apsoil.2018.12.012,Petroleum contamination evaluation and bacterial community distribution in a historic oilfield located in loess plateau in China,位于中国黄土高原的历史油田中的石油污染评价及细菌群落分布,China,"PAHs,Petroleum_TPH",False,True
P05168,10_1016_j_ecoenv_2020_110651,Residual effects of organochlorine pesticides (OCPs) in an e-waste recycling area compared with heavy metal pollution,电子废物回收区有机氯农药残留效应与重金属污染的比较,China,"OCPs,Pesticides",True,True
P07012,2014_ofPAHsateightsamplingsitesrangedfrom67.6to1172.8ng et al_Environments_null,"Polycyclic aromatic hydrocarbons (PAHs) in surface soils from reclaimed and ditch wetlands along a 100-year chronosequence of reclamation in a Chinese estuary: Occurrence, sources, and risk assessment",中国河口围垦湿地及沟渠湿地土壤多环芳烃：分布、来源与风险评估,China,"PAHs,POPs_general",False,True
P07219,2015_Sun Y et al_EnvironHealth_null,"Soil contamination in China: current priorities, defining background levels and standards for heavy metals",中国土壤污染：当前的重金属背景值与标准制定重点,China,Petroleum_TPH,True,True
P07329,2016_Ji Y et al_EnvironPollut_null,Occurrence of organophosphate flame retardants in farmland soils from Northern China: Primary source analysis and risk assessment,中国北方农田土壤中有机磷阻燃剂的发生：主要源分析与风险评估,China,Pesticides,False,True
P07470,2016_Zhao N et al_EnvironPollut_null,"Short-chain chlorinated paraffins in soil, sediment, and seawater in the intertidal zone of Shandong Peninsula, China: Distribution and composition",山东半岛潮间带土壤、沉积物和海水中短链氯化石蜡的分布与组成,China,"POPs_general,PCNs_other",False,True
P07902,2019_Cao W et al_IntJEnvironResPublicHealth_null,"Contamination, Sources, and Health Risks Associated with Soil PAHs in Rebuilt Land from a Coking Plant, Beijing, China",北京某焦化厂重建场地土壤多环芳烃的污染、来源及健康风险,China,PAHs,False,True
P07920,2019_Elyamine AM et al_IntJMolSci_null,Modified Rice Straw Enhanced Cadmium (II) Immobilization in Soil and Promoted the Degradation of Phenanthrene in Co-Contaminated Soil,改良水稻秸秆增强土壤中镉的固定并促进复合污染土壤中菲的降解,China,"PAHs,Phenols",True,True
P07943,2019_Han L et al_AgricEcosystEnviron_null,"Polycyclic aromatic hydrocarbons (PAHs) in surface soils from reclaimed and ditch wetlands along a 100-year chronosequence of reclamation in a Chinese estuary: Occurrence, sources, and risk assessment",中国河口围垦湿地100年演替序列下表层土壤中的多环芳烃：分布、来源及风险评估,China,PAHs,False,True
P07966,2019_Li T et al_Sustainability_null,Soil Pollution Management in China: A Brief Introduction,中国土壤污染管理简介,China,Petroleum_TPH,False,True
P07976,2019_Liu Z et al_EnvironInt_null,"Multiple crop bioaccumulation and human exposure of perfluoroalkyl substances around a mega fluorochemical industrial park, China: Implication for planting optimization and food safety",中国某大型氟化学工业园区周边多种作物中全氟烷基物质的生物富集及人体暴露：对种植优化和食品安全的启示,China,PFAS,False,True
P08078,2019_Zhang M et al_Geoderma_null,Assisted phytoremediation of a co-contaminated soil with biochar amendment: Contaminant removals and bacterial community properties,生物炭辅助植物修复重金属与有机农药复合污染土壤：污染物去除与细菌群落特征,China,Pesticides,True,True
P08079,2019_Zhang Y et al_EnvironPollut_10.1016-j.envpol.2019.112930,"Polycyclic aromatic hydrocarbons in urban soils of China: Distribution, influencing factors, health risk and regression prediction",中国城市土壤中的多环芳烃：分布、影响因素、健康风险与回归预测,China,PAHs,False,True
P08109,2020_Chen H et al_JEnvironManage_null,"Animal carcass- and wood-derived biochars improved nutrient bioavailability, enzyme activity, and plant growth in metal-phthalic acid ester co-contaminated soils: A trial for reclamation and improvement of degraded soils",动物尸体和木材来源的生物炭提高了金属-邻苯二甲酸酯复合污染土壤中营养物质的生物有效性、酶活性和植物生长：退化土壤恢复和改良的试验,China,PAEs,True,True
P09278,2025_Dai XY et al_EnvironPollut_null,"Bisphenol analogues in soils and lettuce (Lactuca sativa L.) around typical factories in eastern China: Occurrence, contamination characteristics, and health risks","中国东部典型工厂周边土壤和生菜中的双酚类似物： occurrence, 污染特征及健康风险",China,Phenols,False,True
P09747,0000_Golicz K et al_SciRep_null,The potential for using smartphones as portable soil nutrient analyzers on suburban farms in central East China,在中国中部东部城郊农场利用智能手机作为便携式土壤养分分析仪的潜力,China,Petroleum_TPH,False,True
P10722,2014_Unknown_Unknown_null,Report on the National Soil Pollution Survey,全国土壤污染状况调查公报,China,Petroleum_TPH,False,True
P10788,2015_Resources et al_Science_null,The effects of activated biochar addition on remediation efficiency of cocomposting with contaminated wetland soil,活性生物炭添加对污染湿地土壤共堆肥修复效率的影响,China,PAHs,True,True
P11045,2019_He M et al_EnvironInt_null,Reduction in the exposure risk of farmer from e-waste recycling site following environmental policy adjustment: A regional scale view of PAHs in paddy fields,环境政策调整后电子废物回收区农民暴露风险降低：稻田PAHs的区域视角,China,PAHs,False,True
P11080,2019_Song S et al_JEnvironManage_null,Urban-rural gradients of polycyclic aromatic hydrocarbons in soils at a regional scale: Quantification and prediction,区域尺度土壤多环芳烃的城乡梯度：定量与预测,China,"PAHs,POPs_general",False,True
P11097,2019_Wu F et al_EcotoxicolEnvironSaf_null,"Accumulation and translocation of phenanthrene, anthracene and pyrene in winter wheat affected by soil water content",土壤水分对菲、蒽和芘在冬小麦中累积和转运的影响,China,"PAHs,POPs_general",False,True
P11100,2019_Wu Z et al_EcotoxicolEnvironSaf_null_2,"Effects of soil properties, heavy metals, and PBDEs on microbial community of e-waste contaminated soil",土壤属性、重金属和PBDEs对电子废弃物污染土壤微生物群落的影响,China,PBDEs,True,True
P11104,2019_Yang S et al_EnvironInt_null,An integrated analysis on source-exposure risk of heavy metals in agricultural soils near intense electronic waste recycling activities,电子废弃物回收区附近农田土壤重金属的来源-暴露风险综合分析,China,Pesticides,True,True
P00216,2018_Contamination BE_BullEnvironContamToxicol_10.1007-s00128-018-2273-0,"A Comparison of Concentrations and Congener Patterns of Polybrominated Diphenyl Ethers in Seasonally Sampled Outdoor Air from a Farmland Area in Guangzhou, South China",中国南方广州地区农田空气中多溴联苯醚的浓度及同系物模式的季节性比较研究,China,PBDEs,False,True
P00870,2018_Feng Jing et al_EnvironEarthSci_10.1007-s12665-018-7299-4,"Heavy metals status, transport mechanisms, sources, and factors affecting their mobility in Chinese agricultural soils",中国农田土壤重金属现状、运移机制、来源及其影响因素,China,Pesticides,True,True
P01930,10.1017_S17556910180005062,"Occurrence and possible sources of organochlorine pesticides in soils of Ningbo, East China",中国东部宁波土壤中有机氯农药的分布及可能来源,China,"OCPs,Pesticides",False,True
P02038,2015_Xu X et al_EnvironPollut_10.1038-s41396-018-0288-5,Modeling microbial communities from atrazine contaminated soils promotes the development of biostimulation solutions,基于阿特拉津污染土壤的微生物群落建模促进了生物刺激策略的发展,China,Pesticides,False,True
P04786,10.4172_2161-,SOC Effects on Diethyl Phthalate Sorption to Four Soils in China,土壤有机碳对邻苯二甲酸二乙酯在中国四种土壤中吸附的影响,China,PAEs,False,True
P05137,10_1007_978_981_10_6029_8_41,Transmembrane Transport Theory and Synergistic Remediation Technology for the Bioremediation of Oil-Polluted Soil,石油污染土壤生物修复的跨膜转运理论与协同修复技术,China,Petroleum_TPH,False,True
P05225,10_1017_S17556910180005062,"Occurrence and possible sources of organochlorine pesticides in soils of Ningbo, East China",宁波地区土壤中有机氯农药的出现状况及可能来源,China,"OCPs,Pesticides",False,True
P05447,10_4172_2155_,"Human Health Risk Levels and Distribution of PAHs in Soil Environment of a Coking Chemical Plant Located in Beijing, China",北京某焦化厂土壤环境中PAHs的分布及人体健康风险水平,China,"PAHs,POPs_general",False,True
P07151,2015_Inoueetal_JEnvironAnalToxicol_10.4172-2161-0525-10000335,SOC Effects on Diethyl Phthalate Sorption to Four Soils in China,土壤有机碳对邻苯二甲酸二乙酯在中国四种土壤中吸附的影响,China,PAEs,False,True
P07320,2016_He M et al_EnvironInt_null,Reduction in the exposure risk of farmer from e-waste recycling site following environmental policy adjustment: A regional scale view of PAHs in paddy fields,环境政策调整后电子垃圾回收点农民暴露风险降低：稻田中多环芳烃的区域视角,China,PAHs,False,True
P07492,2017_are W et al_EcotoxicolEnvironSaf_null,"Polycyclic aromatic hydrocarbons in soil of the backfilled region in the Wuda coal fire area, Inner Mongolia, China",内蒙古乌达煤田火区回填区域土壤中的多环芳烃,China,"PAHs,POPs_general",False,True
P07611,2017_Sun Y et al_EcotoxicolEnvironSaf_null,"Characteristics and ecological risk assessment of polycyclic aromatic hydrocarbons in soil seepage water in karst terrains, southwest China",中国西南岩溶区土壤渗滤水中多环芳烃的特征及生态风险评估,China,PAHs,False,True
P09845,0000_Unknown_Unknown_null_11,STUDY ON SIMULTANEOUS REMOVAL OF MERCURY AND POLYCYCLIC AROMATIC HYDROCARBONS FROM SOIL BY ENERGY PLANTS,能源植物同时去除土壤中汞和多环芳烃的研究,China,PAHs,True,True
P10880,2016_徐慧秋_生态学报_null,"Agricultural soil contamination from As and Cd and its responses to landscape heterogeneity at multiple scales in Guangzhou, China",广州市农业土壤 As 和 Cd 污染及其对景观异质性的多尺度响应,China,"Petroleum_TPH,Pesticides",True,True
P10965,2018_Bai Z et al_AgricEcosystEnviron_null,Effects of agricultural management practices on soil quality: A review of long-term experiments for Europe and China,农业管理措施对土壤质量的影响：欧洲和中国的长期试验综述,China?mixed,Pesticides,False,True
P10996,2018_Ma Y et al_ChemEngJ_null,Remediation of hydrocarbon–heavy metal co-contaminated soil by electrokinetics combined with biostimulation,电动学结合生物刺激修复烃-重金属复合污染土壤,China,"Petroleum_TPH,POPs_general",True,True
P11300,2022_Ailijiang N et al_SciRep_null,"Levels, sources, and risk assessment of PAHs residues in soil and plants in urban parks of Northwest China",中国西北地区城市公园土壤和植物中多环芳烃的残留水平、来源及风险评估,China,PAHs,False,True
P00212,10_1007_s00128_017_2084_8,"Altitude Distributions and Source Analysis of OCPs and PCBs in Surface Soils of Changbai Mountain, Northeast China",中国东北长白山表层土壤中有机氯农药和多氯联苯的海拔分布及来源分析,China,"PCBs,OCPs,Pesticides",False,True
P02093,2017_Ishwar JHSMIGZAK et al_OrgGeochem_10.1038-s41598-017-02999-0,"Polycyclic aromatic hydrocarbons (PAHs) in Chinese forest soils: profile composition, spatial variations and source apportionment",中国森林土壤中的多环芳烃：剖面组成、空间变化和来源解析,China,PAHs,False,True
P02096,10_1038_s41598_017_07831_3,Phytoremediation potential of Acorus calamus in soils cocontaminated with cadmium and polycyclic aromatic hydrocarbons,菖蒲对镉和多环芳烃复合污染土壤的植物修复潜力,China,PAHs,True,True
P07304,2016_Chin et al_Nature_null,"Polycyclic aromatic hydrocarbons in farmland soils around main reservoirs of Jilin Province, China: occurrence, sources and potential human health risk",中国吉林省主要水库周边农田土壤中多环芳烃：含量、来源及潜在人体健康风险,China,PAHs,False,True
P07413,2016_Sun Y et al_JEnvironManage_null,"Soil contamination in China: Current priorities, defining background levels and standards for heavy metals",中国的土壤污染：当务之急、定义背景值与重金属标准,China,Petroleum_TPH,True,True
P07568,2017_Liu Z et al_EnvironInt_null,"Crop bioaccumulation and human exposure of perfluoroalkyl acids through multi-media transport from a mega fluorochemical industrial park, China",大型氟化学工业园多介质传输中的作物生物累积与人体全氟烷基酸暴露,China,PFAS,False,True
P07606,2017_Shen ZJ et al_EcotoxicolEnvironSaf_null,"Heavy metals translocation and accumulation from the rhizosphere soils to the edible parts of the medicinal plant Fengdan (Paeonia ostii) grown on a metal mining area, China",中国金属矿区药用植物凤丹(Paeonia ostii)根际土壤中重金属的转移与积累,China,PAEs,True,True
P07770,2018_Liu H et al_EcotoxicolEnvironSaf_null,"Occurrence, characteristics and sources of polycyclic aromatic hydrocarbons in arable soils of Beijing, China",北京耕地土壤中多环芳烃的发生、特征及来源,China,PAHs,False,True
P08648,2022_Chen W et al_Chemosphere_null,"Distribution, sources and transport of polycyclic aromatic hydrocarbons (PAHs) in karst spring systems from Western Hubei, Central China",鄂西岩溶泉系统中多环芳烃的分布、来源及迁移,China,PAHs,False,True
P08700,2022_Lin S et al_ChemEngJ_null,Remediation of emerging contaminated sites due to uncontrolled e-waste recycling,不受控制的电子废物回收导致的新兴污染场地的修复,China,"VOC_SVOC,POPs_general",True,True
P08859,2023_Oding ES et al_JEnvironManage_null,Estrogens and xenoestrogen residues in manure-based fertilizers and their potential ecological risks,粪肥中雌激素和类雌激素残留及其潜在生态风险,China,Phenols,False,True
P10347,2007_Unknown_Nature_null,"Distribution, sources, and potential risk of polycyclic aromatic hydrocarbons in soils from an industrial district in Shanxi, China",山西某工业区土壤中多环芳烃的分布、来源及潜在风险,China,PAHs,False,True
P00901,2016_Hou Y et al_IntJEnvironSciTechnol_10.1007-s13762-015-0927-6,Effects of key components of S. triqueter root exudates on fractions and bioavailability of pyrene–lead co-contaminated soils,Triquetrous S. ( triqueter ) 根分泌物关键组分对芘-铅复合污染土壤形态及生物有效性的影响,China,PAHs,True,True
P01920,10.1016_S1002-0160(15,"Soil Polycyclic Aromatic Hydrocarbons Across Urban Density Zones in Shenzhen, China: Occurrences, Source Apportionments, and Spatial Risk Assessment",深圳不同城市密度区土壤多环芳烃： occurrence、源解析及空间风险评估,China,PAHs,False,True
P01951,2016_Choices CSPC_EnvironSciTechnol_10.1021-acs.est.6b03068,China’s Soil Pollution Control: Choices and Challenges,中国的土壤污染防治：选择与挑战,China,Petroleum_TPH,False,True
P05221,10_1016_S1002_0160(15,"Soil Polycyclic Aromatic Hydrocarbons Across Urban Density Zones in Shenzhen, China: Occurrences, Source Apportionments, and Spatial Risk Assessment",深圳不同城市密度区的土壤多环芳烃：发生、源解析及空间风险评估,China,PAHs,False,True
P05852,2005_Unknown_EnvironPollut_null,"Levels and patterns of organochlorine pesticides in agricultural soils in an area of extensive historical cotton cultivation in Henan province, China",中国河南省历史广泛棉植区农业土壤中有机氯农药的含量和分布,China,"OCPs,Pesticides",False,True
P06850,2013_Qu C et al_Science_null,Spatial and seasonal variations of atmospheric organochlorine pesticides along the plain-mountain transect in central China: Regional source vs. long-range transport and airesoil exchange,中国中部平原-山地断面大气有机氯农药的时空变化：区域源与长距离传输及气-土交换,China,"OCPs,Pesticides",False,True
P07166,2015_Li G et al_ChemEngJ_null,The influence of clay minerals and surfactants on hydrocarbon removal during the washing of petroleum-contaminated soil,粘土矿物和表面活性剂对石油污染土壤淋洗过程中烃类去除的影响,China,Petroleum_TPH,False,True
P07383,2016_Qu C et al_EnvironSciTechnol_null_1,China's Soil Pollution Control: Choices and Challenges,中国土壤污染控制：选择与挑战,China,Petroleum_TPH,False,True
P07414,2016_Sun M et al_JHazardMater_10.1016-j.jhazmat.2016.04.077,"Human migration activities drive the fluctuation of ARGs: Case study of landfills in Nanjing, eastern China",人类迁移活动驱动抗生素抗性基因波动：中国东部南京垃圾填埋场案例研究,China,"Antibiotics,POPs_general",False,True
P07473,2016_Zhiqun Chen_EnvironSciPollutRes_null,"Nutrients, heavy metals and phthalate acid esters in solar greenhouse soils in Round-Bohai Bay-Region, China: impacts of cultivation year and biogeography",环渤海地区日光温室土壤中的养分、重金属及邻苯二甲酸酯：种植年限与生物地理的影响,China,PAEs,True,True
P07474,2016_Zhou L et al_Science_null,"Sphingomonas from petroleum-contaminated soils in Shenfu, China and their PAHs degradation abilities",中国沈抚石油污染土壤中的鞘氨醇单胞菌及其多环芳烃降解能力,China,"PAHs,Petroleum_TPH",False,True
P09823,0000_Tao Huang et al_null,Impacts of large-scale land-use change on the uptake of polycyclic aromatic hydrocarbons in the artificial Three-Northern Regions Shelter Forest across northern China,中国北方大规模土地利用变化对三北防护林多环芳烃吸收的影响,China,PAHs,False,True
P10822,2016_Hu Y et al_EnvironRes_null,Stochastic fuzzy environmental risk characterization of uncertainty and variability in risk assessments: A case study of polycyclic aromatic hydrocarbons in soil at a petroleum-contaminated site in China,基于随机模糊的环境风险表征：评估中不确定性与变异性的案例研究——中国某石油污染场地土壤中的多环芳烃,China,"PAHs,Petroleum_TPH",False,True
P10845,2016_Qu C et al_EnvironSciTechnol_null,China's Soil Pollution Control: Choices and Challenges,中国土壤污染治理：选择与挑战,China,Petroleum_TPH,False,True
P10873,2016_Xiao KQ et al_FEMSMicrobiolEcol_null,Metagenomic profiles of antibiotic resistance genes (ARGs) in paddy soils from South China,南方稻田土壤中抗生素抗性基因的宏基因组谱,China,Antibiotics,False,True
P00075,0000_Zapata-Corell P et al_WaterRes_null,Presence of novel and legacy flame retardants and other pollutants in an e-waste site in China and associated risks,中国某电子垃圾拆解点新型及传统阻燃剂与其他污染物的存在及风险,China,"PCBs,OCPs,PBDEs,Petroleum_TPH,Pesticides,POPs_general",False,True
P00317,10.1007_s10653-015-9781-1,"Polycyclic aromatic hydrocarbons (PAHs) in multimedia environment of Heshan coal district, Guangxi: distribution, source diagnosis and health risk assessment",广西合山煤田多介质环境中的多环芳烃：分布、源解析及健康风险评估,China,PAHs,False,True
P00398,2007_Zn et al_Water_10.1007-s10661-015-4360-6,"Concentrations, distribution, sources, and ecological risk assessment of heavy metals in agricultural topsoil of the Three Gorges Dam region, China",三峡大坝区域农业表层土壤重金属的浓度、分布、来源及生态风险评估,China,Pesticides,True,True
P00631,2015_Wang L et al_EnvironSciPollutRes_10.1007-s11356-015-5273-2,A review of soil cadmium contamination in China including a health risk assessment,中国土壤镉污染综述及健康风险评估,China,Pesticides,True,True
P00633,2013_Zhang Q et al_EnvironSciPollutRes_10.1007-s11356-015-5319-0,Temporal trends and risk assessment of polychlorinated biphenyls and heavy metals in a solid waste site in Taizhou China,台州某固体废物场地多氯联苯及重金属的时间趋势与风险评估,China,"PCBs,Dioxins",True,True
P00635,10_1007_s11356_015_5581_5,"Seasonal variations in concentrations, distributions, and air–soil exchange fluxes of dioxin-like polychlorinated biphenyls in Shanghai, China",上海地区类二噁英多氯联苯的浓度、分布及气-土交换通量的季节变化,China,"PCBs,Dioxins",False,True
P01267,2014_Lu Yonglong et al_EnvironInt_10.1016-j.envint.2014.12.010,Impacts of soil and water pollution on food safety and health risks in China,土壤和水污染对中国食品安全与健康风险的影响,China,Pesticides,True,True
P02229,2015_Bai J et al_SciRep_10.1038-srep17624,Organochlorine pesticides (OCPs) in wetland soils under different land uses along a 100-year chronosequence of reclamation in a Chinese estuary,Organochlorine pesticides (OCPs) in wetland soils under different land uses along a 100-year chronosequence of reclamation in a Chinese estuary,China,"OCPs,Pesticides",False,True
P05722,2004_Delt HPR et al_Water_null,"Heavy metal pollution in surface soils of Pearl River Delta, China",中国珠三角地区表层土壤中的重金属污染,China,Pesticides,True,True
P05953,2007_Baise et al_Water_null,"Distribution and source apportionment of polycyclic aromatic hydrocarbons in the surface soil of Baise, China",中国百色市表层土壤中多环芳烃的分布及源解析,China,PAHs,False,True
P06587,2012_20 P et al_Water_null,Distribution and temporal variation of PCBs and PAHs in soils and sediments from an e-waste dismantling site in China,中国某电子垃圾拆解点土壤和沉积物中PCBs和PAHs的分布及时间变化,China,"PAHs,PCBs,POPs_general,Dioxins",False,True
P06749,2013_(i.e. et al_Water_null,"Composition, source and potential risk of polycyclic aromatic hydrocarbons (PAHs) in vegetable soil from the suburbs of Xianyang City, Northwest China: a case study",中国西北咸阳郊区蔬菜土壤中多环芳烃的组成、来源及潜在风险：个案研究,China,PAHs,False,True
P07111,2015_Chen C et al_EnvironSciPollutRes_null,Characterization of Cu(II) and Cd(II) resistance mechanisms in Sphingobium sp. PHE-SPH and Ochrobactrum sp. PHE-OCH and their potential application in the bioremediation of heavy metal-phenanthrene co-contaminated sites,鞘氨醇单胞菌PHE-SPH和苍白杆菌PHE-OCH的Cu(II)和Cd(II)抗性机制及其在重金属-菲共污染场地生物修复中的潜在应用,China,PAHs,True,True
P07116,2015_Cheng X et al_JGeochemExplor_null,"Mapping of phthalate esters in suburban surface and deep soils around a metropolis-Beijing, China",大都市北京郊区表层和深层土壤中邻苯二甲酸酯的制图,China,PAEs,False,True
P07126,2015_Du L_EcotoxicolEnvironSaf_null,Evaluation of DNA damage and antioxidant system induced by di-nbutyl phthalates exposure in earthworms (Eisenia fetida),邻苯二甲酸二丁酯暴露诱导蚯蚓（爱胜蚓）DNA损伤及抗氧化系统的评估,China,PAEs,False,True
P07154,2015_Jiang J et al_EcotoxicolEnvironSaf_null,Combined remediation of Cd–phenanthrene co-contaminated soil by Pleurotus cornucopiae and Bacillus thuringiensis FQ1 and the antioxidant responses in Pleurotus cornucopiae,糙皮侧耳与苏云金芽孢杆菌FQ1联合修复镉-菲复合污染土壤及其抗氧化响应,China,PAHs,True,True
P07224,2015_Teng Y et al_EcotoxicolEnvironSaf_null,"Environmental distribution and associated human health risk due to trace elements and organic compounds in soil in Jiangxi province, China",中国江西省土壤中微量元素和有机化合物的环境分布及其相关的人类健康风险,China,"PAHs,PCBs,OCPs,Petroleum_TPH,POPs_general,PAEs",True,True
P07227,2015_Unknown_EnvironInt_null,"Contamination of neonicotinoid insecticides in soil-water-sediment systems of the urban and rural areas in a rapidly developing region: Guangzhou, South China",快速发展地区城市和农村地区土-水-沉积物系统中的新烟碱类杀虫剂污染：中国广州,China,Pesticides,False,True
P07264,2015_Zhu N et al_SciTotalEnviron_null,"Lichen, moss and soil in resolving the occurrence of semi-volatile organic compounds on the southeastern Tibetan Plateau, China",地衣、苔藓和土壤揭示青藏高原东南部半挥发性有机化合物的发生,China,"PCBs,OCPs,PBDEs,Pesticides,VOC_SVOC",False,True
P07875,2018_Zheng H et al_EcotoxicolEnvironSaf_null,"Biomass burning contributed most to the human cancer risk exposed to the soil-bound PAHs from Chengdu Economic Region, western China",生物质燃烧是造成人体暴露于成都经济区土壤多环芳烃面临的最主要致癌风险因素,China,PAHs,False,True
P10851,2016_Song F et al_SciRep_null,Transcriptome analysis of Glomus mosseae/Medicago sativa mycorrhiza on atrazine stress,阿特拉津胁迫下摩西球囊霉/紫花苜蓿菌根的转录组分析,China,Pesticides,True,True
P11356,2022_刘霖_Unknown_null,Ecological and Health Risk Assessment of Soil and Outdoor Dust Pollution in Typical Logistics Industrial Zones in Harbin,哈尔滨市典型物流工业区土壤及室外灰尘污染生态、健康风险评价,China,PAHs,True,True
P00613,2014_Sun L et al_EnvironSciPollutRes_10.1007-s11356-014-3166-7,Evaluation of heavy metal and polycyclic aromatic hydrocarbons accumulation in plants from typical industrial sites: potential candidate in phytoremediation for co-contamination,典型工业区植物中重金属和多环芳烃积累的评估：复合污染植物修复的潜在候选植物,China,PAHs,True,True
P06824,2013_Lu Y et al_Chemosphere_10.1016-j.chemosphere.2013.12.089,"Remediation of polychlorinated biphenyl-contaminated soil by using a combination of ryegrass, arbuscular mycorrhizal fungi and earthworms",利用黑麦草、丛枝菌根真菌和蚯蚓联合修复多氯联苯污染土壤的研究,China,PCBs,False,True
P06906,2014_An CP et al_Water_null,"Polycyclic aromatic hydrocarbons associated with total suspended particles and surface soils in Kunming, China: distribution, possible sources, and cancer risks",昆明与总悬浮颗粒物和表层土壤相关的多环芳烃：分布、可能来源及癌症风险,China,PAHs,False,True
P06941,2014_Delt ESSYR et al_Land_null,"Levels and Spatial Distribution of Polybrominated Diphenyl Ethers (PBDEs) in Surface Soil from the Yangtze River Delta, China",长江三角洲表层土壤中多溴二苯醚的含量与空间分布,China,PBDEs,False,True
P07060,2014_Wang C et al_EnvironPollut_null,"Polycyclic aromatic hydrocarbons in surface soil across the Tibetan Plateau: Spatial distribution, source and airsoil exchange",青藏高原表层土壤中的多环芳烃：空间分布、来源及气土交换,China,PAHs,False,True
P07074,2014_Xu X et al_EcotoxicolEnvironSaf_null,Sources of heavy metal pollution in agricultural soils of a rapidly industrializing area in the Yangtze Delta of China,中国长江三角洲快速工业化地区农业土壤重金属污染的来源,China,Pesticides,True,True
P08442,2021_Kalkhajeh Y et al_AgricEcosystEnviron_null,Environmental soil quality and vegetable safety under current greenhouse vegetable production management in China,中国当前温室蔬菜生产管理下的环境土壤质量与蔬菜安全,China,"Pesticides,Antibiotics,PAEs",True,True
P09744,0000_es404905u_null_null_null,"Polybrominated Diphenyl Ethers in Soils, Sediments, and Human Hair in a Plastic Waste Recycling Area: A Neglected Heavily Polluted Area",塑料废物回收区：一个被忽视的重污染区域的土壤、沉积物和人体头发中的多溴联苯醚,China,PBDEs,False,True
P10436,2009_Wang S et al_EnvironPollut_null,"Characterization of polybrominated diphenyl ethers (PBDEs) and hydroxylated and methoxylated PBDEs in soils and plants from an e-waste area, China",中国某电子废弃物拆解区土壤和植物中多溴联苯醚及其羟基和甲氧基衍生物的特征表征,China,PBDEs,False,True
P10691,2014_Li1 H et al_Science_null,Desorption Kinetics and Difference in Removal Enhancement of PAHs in Aged Soils by Tween 80,吐温80对老化土壤中多环芳烃解吸动力学及去除增强差异的研究,China,PAHs,False,True
P10711,2014_Ren L et al_ChemEngJ_null,Enhanced electrokinetic technologies with oxidization-reduction for organically-contaminated soil remediation,有机污染土壤修复的增强氧化还原电动技术,China,POPs_general,False,True
P10736,2014_Yuan G.-L. et al_SciTotalEnviron_null,"Persistent organic pollutants in soil near the Changwengluozha glacier of the Central Tibetan Plateau, China: Their sorption to clays and implication",青藏高原中部Changwengluozha冰川附近土壤中的持久性有机污染物：其在粘土上的吸附及意义,China,"PAHs,OCPs,Pesticides,POPs_general",False,True
P00010,0000_10.1021-es403562x,"Altitudinal and Spatial Signature of Persistent Organic Pollutants in Soil, Lichen, Conifer Needles, and Bark of the Southeast Tibetan Plateau: Implications for Sources and Environmental Cycling",青藏高原东南部土壤、地衣、针叶和树皮中持久性有机污染物的海拔和空间特征：来源和环境循环的启示,China,"PAHs,OCPs,Pesticides,VOC_SVOC,POPs_general",False,True
P00590,10_1007_s11356_012_1446_3,"Short-chain chlorinated paraffins (SCCPs) in surface soil from a background area in China: occurrence, distribution, and congener profiles","中国背景区表层土壤中的短链氯化石蜡： occurrence, distribution, and congener profiles",China,PCNs_other,False,True
P03079,2018_徐强_环境科学_10.13227-j.hjkx.201710007,Life Cycle Environmental Impact Assessment on Different Modes of Greenhouse Vegetable Production in the North China Plain,华北平原不同生产模式设施蔬菜生命周期环境影响评价,China,Pesticides,True,True
P05997,2007_Kunming et al_Water_null,"Polycyclic Aromatic Hydrocarbons in Surface Soils of Kunming, China: Concentrations, Distribution, Sources, and Potential Risk",昆明表层土壤中的多环芳烃：浓度、分布、来源及潜在风险,China,PAHs,False,True
P06087,2008_Hohhot et al_EnvironManage_null,"Spatial and seasonal variations of pesticide contamination in agricultural soils and crops sample from an intensive horticulture area of Hohhot, North-West China",中国西北呼和浩特集约化园艺区农业土壤和作物中农药污染的空间分布和季节变化,China,"OCPs,Pesticides",False,True
P06577,2011_Yang B et al_SciTotalEnviron_null,"Source apportionment of polycyclic aromatic hydrocarbons in soils of Huanghuai Plain, China: Comparison of three receptor models",中国黄淮海平原土壤中多环芳烃的源解析：三种受体模型的比较,China,PAHs,False,True
P06748,2012_Zhu YG et al_ProcNatlAcadSciUSA_null,Diverse and abundant antibiotic resistance genes in Chinese swine farms,中国养猪场中多样且丰富的抗生素抗性基因,China,Antibiotics,True,True
P06856,2013_She Y Z et al_EnvironPollut_null,Bioaccumulation of polybrominated diphenyl ethers and several alternative halogenated flame retardants in a small herbivorous food chain,一种小型草食食物链中多溴二苯醚及几种替代卤系阻燃剂的生物富集,China,PBDEs,False,True
P07062,2014_Wang X et al_EnvironSciPollutRes_10.1007-s11356-013-2079-x,Organochlorine pesticides and polychlorinated biphenyls in Tibetan forest soil: profile distribution and processes,西藏森林土壤中有机氯农药和多氯联苯：剖面分布及过程,China,"PCBs,OCPs,Pesticides",False,True
P08447,2021_Kalkhajeh YK et al_AgricEcosystEnviron_null_1,Environmental soil quality and vegetable safety under current greenhouse vegetable production management in China,中国当前温室蔬菜生产管理下的环境土壤质量与蔬菜安全,China,"Pesticides,Antibiotics,PAEs",True,True
P09487,2025_Zou L et al_EnvironPollut_null,From plasticizers to pollutants: The ecological consequences of PAEs in agricultural soils,从增塑剂到污染物：农田土壤中邻苯二甲酸酯的生态后果,China,PAEs,False,True
P09817,0000_Ren J et al_null,Characterization of Tibetan soil as a source or sink of atmospheric persistent organic pollutants: Seasonal shift and impact of global warming,西藏土壤作为大气持久性有机污染物的源或汇：季节性变化及全球变暖的影响,China,POPs_general,False,True
P10401,2009_Gao J et al_SciTotalEnviron_null,"Factors Influencing the Persistence of Organochlorine Pesticides in Surface Soil from the Region around the Hongze Lake, China",影响中国洪泽湖地区表层土壤中有机氯农药持久性的因素,China,"OCPs,Pesticides",False,True
P10466,2010_LIU1 H et al_Water_null,"Soil concentrations and soil-air exchange of organochlorine pesticides along the Aba profile, east of the Tibetan Plateau, western China",青藏高原东部阿坝剖面土壤有机氯农药浓度及土壤-空气交换,China,"OCPs,Pesticides",False,True
P10490,2010_Yang R et al_Nature_null,"Altitudinal and Spatial Signature of Persistent Organic Pollutants in Soil, Lichen, Conifer Needles and Bark of the Southeast Tibetan Plateau: Implications for Sources and Environmental Cycling",青藏高原东南部土壤、地衣、针叶和树皮中持久性有机污染物的海拔和空间特征：对来源和环境循环的启示,China,POPs_general,False,True
P10531,2011_Peng C et al_null_null,Assessing the combined risks of PAHs and metals in urban soils by urbanization indicators,基于城市化指标评价城市土壤中多环芳烃和重金属的复合风险,China,PAHs,True,True
P00388,10_1007_s10661_012_2973_6,"Polycyclic aromatic hydrocarbons in soils from Urumqi, China: distribution, source contributions, and potential health risks",中国乌鲁木齐土壤中的多环芳烃：分布、源贡献及潜在健康风险,China,PAHs,False,True
P00745,10.1007_s11368-012-0506-0,Dechlorinating transformation of propachlor through nucleophilic substitution by dithionite on the surface of alumina,氧化铝表面连二亚硫酸盐通过亲核取代脱氯转化毒草安,China,Pesticides,False,True
P03108,10.13421_j．cnki．hjwsxzz,Pollution and Ecological Environment in Electronic Waste Dismantling Places and Health Effects of Heavy Metals and Bromine Flame Retardants,电子垃圾拆解场地土壤重金属和溴代阻燃剂的污染现状及其对生态环境和人体健康影响,China,"PBDEs,POPs_general",True,True
P05069,2021_孔颖_环境科学_10.7524-j.issn.0254-6108.2020050603,Research progress on analysis of the properties of natural organic matter and its interaction with soil minerals and exogenous pollutants,天然有机质的性质分析及其与土壤矿物和外源污染物相互作用研究进展,China,POPs_general,True,True
P05158,10_1016_j,Agricultural Non-Point Source Pollution in China: Causes and Mitigation Measures,中国的农业面源污染：成因与缓解措施,China,Pesticides,False,True
P05471,1980_Soils M_Science_null,"Paleofire Indicated by Polycyclic Aromatic Hydrocarbons in Soil of Jinluojia Archaeological Site, Hubei, China",湖北金罗家考古遗址土壤中的多环芳烃指示的古火活动,China,PAHs,False,True
P05517,1998_are W et al_SciTotalEnviron_null,"Altitudinal distributions of PCDD/Fs, dioxin-like PCBs and PCNs in soil and yak samples from Wolong high mountain area, eastern Tibet-Qinghai Plateau, China",中国青藏高原东部卧龙高山区土壤和牦牛样品中二噁英/呋喃、类二噁英多氯联苯及多氯萘的海拔分布特征,China,"PCBs,POPs_general,Dioxins,PCNs_other",False,True
P05764,2004_Sphingomonas S et al_Environments_null,The effect of polycyclic aromatic hydrocarbon contamination on distribution of the Sphingomonascommunity in the Shenfu irrigation area of Northeast China,中国东北沈抚灌区多环芳烃污染对鞘氨醇单胞菌群分布的影响,China,PAHs,False,True
P06150,2008_Yang B et al_EcotoxicolEnvironSaf_null,"Risk assessment and sources of polycyclic aromatic hydrocarbons in agricultural soils of Huanghuai plain, China",黄淮海平原农业土壤中多环芳烃的风险评估及来源解析,China,PAHs,False,True
P06515,2011_Long Y_JEnvironProt_10.4236-jep.2011.210153,"Sources of Polycyclic Aromatic Hydrocarbons in Street Dust from the Chang-Zhu-Tan Region, Hunan, China",中国湖南省长株潭地区街道灰尘中多环芳烃的来源,China,PAHs,False,True
P06604,2012_Cai X et al_Pedosphere_null,Effective Treatment of Trichloroethylene-Contaminated Soil by Hydrogen Peroxide in Soil Slurries,土壤泥浆中利用过氧化氢有效处理三氯乙烯污染土壤,China,VOC_SVOC,False,True
P06605,2012_Cai X. D. et al_Pedosphere_null,Effective Treatment of Trichloroethylene-Contaminated Soil by Hydrogen Peroxide in Soil Slurries,过氧化氢在土壤浆液中有效处理三氯乙烯污染土壤,China,VOC_SVOC,False,True
P06616,2012_Dan1 Y et al_Nature_null,"Residues of Organochlorine Pesticides (OCPs) in Agricultural Soils of Zhangzhou City, China",中国漳州市农业土壤中有机氯农药(OCPs)的残留,China,"OCPs,Pesticides",False,True
P06746,2012_Zheng X et al_EnvironPollut_null,"Distribution of PCBs and PBDEs in soils along the altitudinal gradients of Balang Mountain, the east edge of the Tibetan Plateau",青藏高原东缘巴朗山土壤中PCBs和PBDEs的垂直分布,China,"PCBs,PBDEs,POPs_general",False,True
P07847,2018_Wang J et al_EnvironInt_null,Application of biochar to soils may result in plant contamination and human cancer risk due to exposure of polycyclic aromatic hydrocarbons,生物炭施用于土壤可能导致植物污染及因暴露于多环芳烃而引发的人类致癌风险,China,PAHs,False,True
P10493,2010_Yuan G et al_SciTotalEnviron_null,"Altitudinal distribution of polybrominated diphenyl ethers (PBDEs) in the soil along Central Tibetan Plateau, China",青藏高原中部土壤中多溴联苯醚的海拔分布,China,PBDEs,False,True
P10600,2012_Wu S et al_JEnvironInform_null,"Distribution of Polychlorinated Biphenyls (PCBs) and Toxic Equivalency of Dioxin-Like PCB Congeners in Rural Soils of Beijing, China",北京农村土壤中多氯联苯的分布及类二噁英PCB同系物的毒性当量,China,"PCBs,Dioxins",False,True
P10639,2013_province G et al_Science_null,Distribution of organochlorine pesticides in soils of Dashiwei Karst Tiankeng (giant doline) area in South China,中国南方大石围喀斯特天坑（巨型溶斗）地区土壤中有机氯农药的分布,China,"OCPs,Pesticides,POPs_general",False,True
P05639,2002_PAHs IPK et al_Water_null,"Distribution and source of polycyclic aromatic hydrocarbons (PAHs) in the surface soil along main transportation routes in Jiaxing City, China",中国嘉兴市主要交通干线沿线表层土壤中多环芳烃的分布与来源,China,PAHs,False,True
P06046,2007_Wang Y et al_EnvironPollut_null,Characterization of PBDEs in soils and vegetations near an e-waste recycling site in South China,华南地区某电子废弃物回收点附近土壤和植被中多溴联苯醚的特征表征,China,"PCBs,PBDEs",False,True
P06050,2007_YuFengJiang et al_EnvironPollut_null,"Contamination, source identification, and risk assessment of polycyclic aromatic hydrocarbons in agricultural soil of Shanghai, China",中国上海农田土壤中多环芳烃的污染、来源识别及风险评估,China,"PAHs,POPs_general",False,True
P06125,2008_region YRD et al_Water_null,"Organochlorine Pesticides in Soils from a Typical Alluvial Plain of the Yangtze River Delta Region, China",中国长江三角洲典型冲积平原土壤中的有机氯农药,China,"OCPs,Pesticides",False,True
P06580,2011_Zeng L et al_EnvironSciTechnol_null,Spatial and Vertical Distribution of Short Chain Chlorinated Paraffins in Soils from Wastewater Irrigated Farmlands,污水灌溉农田土壤中短链氯化石蜡的空间和垂直分布,China,PCNs_other,False,True
P08677,2022_Hui K et al_EnvironRes_null,Long-term application of nitrogen fertilizer alters the properties of dissolved soil organic matter and increases the accumulation of polycyclic aromatic hydrocarbons,长期施用氮肥改变土壤溶解性有机质的性质并增加多环芳烃的积累,China,PAHs,False,True
P10251,2005_Unknown_Nature_null,"Accumulation and risk assessment of polycyclic aromatic hydrocarbons (PAHs) in soils around oil sludge in Zhongyuan oil field, China",中原油田含油污泥周围土壤中多环芳烃的积累与风险评价,China,"PAHs,Petroleum_TPH",False,True
P10518,2011_Fu J. et al_Chemosphere_null,Spatial distribution of polychlorinated biphenyls (PCBs) and polybrominated biphenyl ethers (PBDEs) in an e-waste dismantling region in Southeast China: Use of apple snail (Ampullariidae) as a bioindicator,中国东南部某电子废弃物拆解区多氯联苯和多溴联苯醚的空间分布：苹果螺作为生物指示剂的应用,China,"PCBs,PBDEs",False,True
P10567,2012_Fan J et al_JGenApplMicrobiol_null,"Isolation, identification and characterization of a glyphosate-degrading bacterium, Bacillus cereus CB4, from soil",从土壤中分离、鉴定及表征一株草甘膦降解细菌——蜡样芽孢杆菌 CB4,China,Pesticides,False,True
P05945,2006_YinghuiWang et al_Water_null,"Organochlorine pesticides in the soil of a karst cave in Guilin, China",桂林喀斯特洞穴土壤中的有机氯农药,China,"OCPs,Pesticides",False,True
P06126,2008_Ren1 M et al_Science_null,Concentrations and Profiles of Polychlorinated Dioxins and Furans in a Discarded Electronic Waste Open Burning Site,废弃电子废物露天焚烧场中多氯二恶英和呋喃的浓度及谱图,China,Dioxins,False,True
P06301,2010_(Xiqing T et al_Water_null,"Assessment of Polycyclic Aromatic Hydrocarbons (PAHs) Pollution in Soil of Suburban Areas in Tianjin, China",天津郊区土壤中多环芳烃污染评估,China,PAHs,False,True
P06323,2010_Dong X et al_JHazardMater_null,A novel approach for soil contamination assessment from heavy metal pollution: A linkage between discharge and adsorption,重金属土壤污染评估的新方法：排放与吸附之间的联系,China,Petroleum_TPH,True,True
P08931,2023_Zhang B et al_EnvironPollut_null_1,"Estimation of heavy metal soil contamination distribution, hazard probability, and population at risk by machine learning prediction modeling in Guangxi, China",基于机器学习预测模型的广西土壤重金属污染分布、危害概率及风险人口估算,China,Petroleum_TPH,True,True
P09869,0000_Yang H et al_Science_null,"Paleofire Indicated by Polycyclic Aromatic Hydrocarbons in Soil of Jinluojia Archaeological Site, Hubei, China",湖北金罗家考古遗址土壤多环芳烃指示的古火灾,China,PAHs,False,True
P10002,1994_Ni J et al_Environments_null,"Distribution Pattern, Sources and Potential Risks of Polycyclic Aromatic Hydrocarbons in Urban Soils of Fuzhou City, China",福州市城市土壤中多环芳烃的分布模式、来源及潜在风险,China,PAHs,False,True
P10494,2010_Zhang J et al_JHealthSci_null,Interactive Effect of Biosurfactant and Microorganism to Enhance Phytoremediation for Removal of Aged Polycyclic Aromatic Hydrocarbons from Contaminated Soils,生物表面活性剂和微生物的交互作用以增强植物修复去除老化污染土壤中的多环芳烃,China,PAHs,False,True
P01260,2009_Shenetal_EnvironInt_10.1016-j.envint.2008.07.005,"Dioxin-like compounds in agricultural soils near e-waste recycling sites from Taizhou area, China: Chemical and bioanalytical characterization",中国台州地区电子废物回收点附近农田土壤中的二噁英类化合物：化学与生物分析表征,China,"PAHs,PCBs,Dioxins",False,True
P05868,2006_characterization TC et al_EnvironInt_null,"Dioxin-like compounds in agricultural soils near e-waste recycling sites from Taizhou area, China: Chemical and bioanalytical characterization",中国台州地区电子废物回收点附近农田土壤中的二噁英类化合物：化学和生物表征,China,"PAHs,PCBs,Dioxins",False,True
P06156,2008_Zhang J et al_MarPollutBull_null,"Organochlorine pesticides (OCPs) in soils and sediments, southeast China: A case study in Xinghua Bay",中国东南地区土壤和沉积物中的有机氯农药：以兴化湾为例,China,"OCPs,Pesticides",False,True
P06230,2009_Li J et al_JHazardMater_null,Analysis and assessment on heavy metal sources in the coastal soils developed from alluvial deposits using multivariate statistical methods,基于多元统计方法的冲积物发育沿海土壤重金属来源分析与评估,China,Pesticides,True,True
P06234,2009_Ma J et al_EnvironSciTechnol_null_1,"Polybrominated Dibenzo-p-dioxins/Dibenzofurans and Polybrominated Diphenyl Ethers in Soil, Vegetation, Workshop-Floor Dust, and Electronic Shredder Residue from an Electronic Waste Recycling Facility and in Soils from a Chemical Industrial Complex in Eastern China",中国东部某电子废弃物回收设施及某化工复合体土壤、植被、车间地面粉尘和电子粉碎残渣中的多溴二苯并对二恶英/呋喃和多溴二苯醚,China,"OCPs,PBDEs,Dioxins",False,True
P06276,2009_Wang D et al_EnvironPollut_10.1016-j.envpol.2009.01.003,"Application of positive matrix factorization to identify potential sources of PAHs in soil of Dalian, China",应用正定矩阵因子分解识别中国大连土壤中多环芳烃的潜在来源,China,PAHs,False,True
P06288,2009_Zhang H et al_IntJEnvironSciTechnol_null,Remediation of soil co-contaminated with pyrene and cadmium by growing maize (Zea mays L.),种植玉米修复芘和镉复合污染土壤,China,"PAHs,POPs_general",True,True
P00061,0000_Tao S et al_null,"Polychlorinated Biphenyls and Organochlorine Pesticides in the Air and Soils of the Haihe Plain, China",海河平原空气和土壤中的多氯联苯及有机氯农药,China,"PCBs,OCPs,Pesticides",False,True
P01997,2008_Ma Jing et al_Land_10.1021-es801647r,"Concentrations, Profiles, And Estimated Human Exposures for Polychlorinated Dibenzo-p-Dioxins and Dibenzofurans from Electronic Waste Recycling Facilities and a Chemical Industrial Complex in Eastern China",中国东部电子垃圾回收设施及化工综合体中多氯二苯并对二噁英和呋喃的浓度、分布及人体暴露评估,China,Dioxins,False,True
P05832,2005_Province et al_Water_null,"Organochlorine Pesticides in the Soil in Linfen, China",中国临汾土壤中的有机氯农药,China,"OCPs,Pesticides",False,True
P05866,2006_Chen D et al_null,"Cold-Trapping of Persistent Organic Pollutants in the Mountains of Western Sichuan, China",中国西部山区持久性有机污染物的冷捕集,China,POPs_general,False,True
P06100,2008_Liu G R et al_EnvironPollut_null,Dioxin analysis in China,中国二噁英分析,China,Dioxins,False,True
P10376,2008_Tao S et al_EnvironSciTechnol_null,"Organochlorine Pesticides Contaminated Surface Soil As Reemission Source in the Haihe Plain, China",海河平原有机氯农药污染的地表土壤作为二次排放源,China,"OCPs,Pesticides",False,True
P00308,2004_Gu X Z et al_EnvironPollut_10.1007-s10653-007-9108-y,Persistence and dissipation of synthetic pyrethroid pesticides in red soils from the Yangtze River Delta area,长江三角洲地区红壤中合成拟除虫菊酯类农药的持久性和消散,China,Pesticides,False,True
P05960,2007_Cai QY et al_Chemosphere_null,"Occurrence and assessment of polycyclic aromatic hydrocarbons in soils from vegetable fields of the Pearl River Delta, South China",中国南部珠三角蔬菜田土壤中多环芳烃的发生及评价,China,PAHs,False,True
P06004,2007_Leung A O W et al_EnvironSciTechnol_null_1,"Spatial Distribution of Polybrominated Diphenyl Ethers and Polychlorinated Dibenzo-p-dioxins and Dibenzofurans in Soil and Combusted Residue at Guiyu, an Electronic Waste Recycling Site in Southeast China",中国东南部电子废物回收站点（贵屿）土壤及燃烧残留物中多溴二苯醚和多氯二苯并二恶英/呋喃的空间分布,China,"PBDEs,Dioxins",False,True
P10329,2007_Leung A O W et al_EnvironSciTechnol_null,"Spatial Distribution of Polybrominated Diphenyl Ethers and Polychlorinated Dibenzo-p-dioxins and Dibenzofurans in Soil and Combusted Residue at Guiyu, an Electronic Waste Recycling Site in Southeast China",中国东南部电子垃圾回收站点贵屿土壤和燃烧残留物中多溴联苯醚和多氯二苯并二恶英及呋喃的空间分布,China,"PBDEs,Dioxins",False,True
P10340,2007_Ren N et al_EnvironSciTechnol_null,Polychlorinated Biphenyls in Chinese Surface Soils,中国表层土壤中的多氯联苯,China,PCBs,False,True
P10386,2009_(CEANBYS) YS et al_Water_null,"Polycyclic aromatic hydrocarbons in soils along the coastal and estuarine areas of the northern Bohai and Yellow Seas, China",渤海和黄海北部沿海及河口地区土壤中的多环芳烃,China,PAHs,False,True
P00039,0000_Ma W-L et al_null,Polycyclic aromatic hydrocarbons in Chinese surface soil: Occurrence and distribution,中国表层土壤中的多环芳烃： occurrence 和 distribution,China,PAHs,False,True
P00236,2007_Wang X.-P. et al_ArchEnvironContamToxicol_10.1007-s00244-006-0111-6,"Distribution of Persistent Organic Pollutants in Soil and Grasses Around Mt. Qomolangma, China",中国珠穆朗玛峰地区土壤和牧草中持久性有机污染物的分布,China,"OCPs,Pesticides,POPs_general",False,True
P05448,10_4028_www,"Paleofire Indicated by Polycyclic Aromatic Hydrocarbons in Soil of Jinluojia Archaeological Site, Hubei, China",湖北金罗家考古遗址土壤多环芳烃指示的古火,China,PAHs,False,True
P00183,10.1007_s00128-003-0217-8,Environmental Behavior of the Herbicide Acetochlor in Soil,除草剂乙草胺在土壤中的环境行为,China,Pesticides,False,True
P10228,2005_Chen Y_EnvironInt_null,Residues and source identification of persistent organic pollutants in farmland soils irrigated by effluents from biological treatment plants,生物处理厂出水灌溉的农田土壤中持久性有机污染物的残留及源解析,China,"PAHs,OCPs,Pesticides,POPs_general",True,True
P03661,10.2991_mebe-15.2015.115_OpenAlexOA,Soil pollution of abandoned tailings in one zinc antimony mine and heavy metal accumulation characteristics of dominant plants,某锌锑矿废弃尾矿土壤污染及优势植物重金属积累特征,China,Petroleum_TPH,True,True
P04768,2024_李江等_科技导报_10.3981-j.issn.1000-7857.2024.01.00016,"Occurrence Characteristics, Treatment Status, and Prevention Strategies of Emerging Contaminants in Municipal Sludge in China",我国城镇污泥新污染物的赋存特征、治理现状及防控策略,China,"Antibiotics,PFAS",False,True
P09516,2026_Microplastics M et al_Science_10.3390-toxics14050406Toxics,"From Legacy Contamination to Green Infrastructure: Heavy Metal, Microplastics and Nutrient Pollution Management in the Yangtze River Basin",从遗留污染到绿色基础设施：长江流域重金属、微塑料和营养物质污染管理,China,POPs_general,True,True
P09517,2026_Mitigation CNDP_EnvironSciTechnol_null,Carbon Neutrality Drives PAH Mitigation and Multimedia Health Cobenefits in China,碳中和驱动中国PAH减排及多介质健康协同效益,China,PAHs,False,True
P11622,2025_Unknown_Unknown_null_4,Soil Production Ecological Function Pollution Diagnosis Report,土壤生产生态功能污染诊断报告,China,"PAHs,POPs_general",True,True
P01249,10.1016_j.ecoenv.2025.118925,Co-occurrence behaviors of per- and polyfluoroalkyl substances (PFASs) and heavy metals in the groundwater of dyeing industrial sites in southern China,中国南方印染工业场地地下水中全氟和多氟烷基物质(PFASs)与重金属的共存行为,China,PFAS,True,True
P02089,10.1038_s41597-025-05836-6,A geospatial dataset of PFOS and PFOA occurrence records in China’s multi-media environments (2021–2024),中国多介质环境中PFOS和PFOA出现记录的地理空间数据集(2021–2024),China,"PFAS,POPs_general",False,True
P04945,10.54254_2755-2721_2025.19734_Unpaywall,Soil Heavy Metal Distribution Characteristics and Source Analysis Model Selection and Soil Pollution Source Types,土壤重金属分布特征及源解析模型选择与土壤污染源类型,China,Petroleum_TPH,True,True
P11579,2025_He Q et al_JHazardMater_null,A comprehensive strategy for major pollutant source tracing and early warning based on human activities: A case study of heavy metal contamination in edible fish in China,基于人类活动的主要污染物源解析与早期预警综合策略：以中国食用鱼类重金属污染为例,China,Pesticides,True,True
P11582,2025_Jin W et al_MarPollutBull_null,Low ecological risks for heavy metals and total petroleum hydrocarbons on typical coastal petrochemical sewage discharge waters: Monitoring and evaluation under One Health framework,典型沿海石化污水排放水域重金属和总石油烃的低生态风险：全健康框架下的监测与评估,China,Petroleum_TPH,True,True
P11628,2025_Wu J et al_EnvironPollut_null,Co-occurrence behaviors of per- and polyfluoroalkyl substances (PFASs) and heavy metals in the groundwater of dyeing industrial sites in southern China,中国南部染料工业场地地下水中全氟及多氟烷基物质（PFASs）与重金属的共存行为,China,PFAS,True,True
P05340,10_11922_scienc,A comprehensive strategy for major pollutant source tracing and early warning based on human activities: A case study of heavy metal contamination in edible fish in China,基于人类活动的主要污染物源追踪和早期预警的综合策略：以中国食用鱼重金属污染为例,China,Pesticides,True,True
P09012,2024_Geochemistry HE_EnvironGeochemHealth_10.1007-s10653-024-02233-5,Source specific probabilistic health risk assessment of dust PAHs in urban parks based on positive matrix factorization and Monte Carlo simulation,基于正定矩阵因子分解和蒙特卡洛模拟的城市公园灰尘PAHs源特异性概率健康风险评估,China,PAHs,False,True
P09169,2024_Wang X et al_EnvironSciTechnol_null,Nationwide Investigation on Organophosphate Flame Retardants in Tea from China: Migration from Packaging Materials and Implications for Global Risk Assessment,中国茶叶中有机磷阻燃剂的全国性调查：来自包装材料的迁移及其对全球风险评估的启示,China,"Petroleum_TPH,Pesticides",False,True
P01482,2022_Zhang Z et al_JCleanProd_10.1016-j.jclepro.2022.135417,"Impact of co-contamination by PAHs and heavy metals on micro-ecosystem in bioretention systems with soil, sand, and water treatment residuals",多环芳烃和重金属复合污染对土壤、砂和水处理残渣生物滞留系统微生态系统的影响,China,PAHs,True,True
P01600,10.1016_j.jhazmat.2023.132320,Contribution of molecular structures and quantum chemistry technique to root concentration factor: An innovative application of interpretable machine learning,分子结构和量子化学技术对根富集因子的贡献：可解释机器学习的创新应用,China,POPs_general,False,True
P01807,2022_Liu Z et al_SciTotalEnviron_10.1016-j.scitotenv.2022.154413,"Exploring the source, migration and environmental risk of perfluoroalkyl acids and novel alternatives in groundwater beneath fluorochemical industries along the Yangtze River, China",长江沿岸氟化工区地下水中全氟烷基酸及新型替代品的源、迁移与环境风险研究,China,PFAS,False,True
P03553,10_2139_ssrn_4183572,Presence of novel and legacy flame retardants and other pollutants in an e-waste site in China and associated risks,中国某电子垃圾拆解点新型及传统阻燃剂及其他污染物现状及相关风险,China,"PCBs,OCPs,PBDEs,Petroleum_TPH,Pesticides,POPs_general",False,True
P08733,2022_Shao MZSWZZYALYY et al_EnvironSciEur_10.1186-s12302-022-00639-7,Dilution or enrichment: the effects of flood on pollutants in urban rivers,稀释还是富集：洪水对城市河流污染物的影响,China,"OCPs,Pesticides",False,True
P09298,2025_Fan QX et al_EnvironPollut_null,Weighted comprehensive risk assessment and pollution analysis of long-term printing and dyeing sludge landfills in an industrialized Chinese city,中国工业化城市长期印染污泥填埋场的加权综合风险评估与污染分析,China,"PAHs,PCBs,Petroleum_TPH,Antibiotics",True,True
P11304,2022_Cao X et al_JHazardMater_null,Amendments and bioaugmentation enhanced phytoremediation and micro-ecology for PAHs and heavy metals co-contaminated soils,改良剂和生物强化增强了多环芳烃和重金属复合污染土壤的植物修复和微生态,Other:China,PAHs,True,True
P11358,2022_周明珠_Unknown_null,Electrokinetic combined peroxymonosulfate (PMS) remediation of PAH contaminated soil,过一硫酸盐强化电动修复多环芳烃土壤研究,China,"PAHs,POPs_general,Dioxins",False,True
P00919,2021_Qiu L et al_JEnvironHealthSciEng_10.1007-s40201-021-00626-9,"Isolation and identification of a 2,3,7,8-Tetrachlorodibenzo-P-dioxin degrading strain and its biochemical degradation pathway","一株2,3,7,8-四氯二苯并-p-二恶英降解菌株的分离鉴定及其生化降解途径",China,Dioxins,False,True
P03118,2008_孙峰_环境科学_10.13671-j.hjkxxb.2008.12.004,The characteristics of heavy metals and PAHs in sewage sludges and their relationships,污泥中重金属和多环芳烃的存在特性及其相互关系,China,PAHs,True,True
P08374,2021_Bobková A et al_Foods_10.3390-foods10081821,"Detection of Changes in Total Antioxidant Capacity, the Content of Polyphenols, Caffeine, and Heavy Metals of Teas in Relation to Their Origin and Fermentation",茶叶总抗氧化能力、多酚、咖啡因和重金属含量随产地及发酵工艺的变化检测,"Other:Slovakia (Study), Samples: Mixed (China/Japan/etc)",Phenols,True,True
P08452,2021_Khan S et al_JHazardMater_null,Global soil pollution by toxic elements: Current status and future perspectives on the risk assessment and remediation strategies – A review,全球有毒元素造成的土壤污染：风险评估与修复策略的现状及未来展望——综述,Global,Petroleum_TPH,True,True
P08562,2021_Tao Y et al_FoodChem_null,"Occurrence and dietary risk assessment of 37 pesticides in wheat fields in the suburbs of Beijing, China",北京郊区麦田中37种农药的残留状况及膳食风险评估,China,"OCPs,Pesticides",False,True
P09293,2025_Fang J et al_JEnvironManage_null,Application of machine learning in microwave remediation of total petroleum hydrocarbon contaminated soil: Prediction and key factor identification,机器学习在微波修复石油烃污染土壤中的应用：预测与关键因子识别,China,Petroleum_TPH,False,True
P00701,10.1007_s11356-020-08443-7,The occurrence and spatial distribution of phthalate esters (PAEs) in the Lanzhou section of the Yellow River,黄河兰州段邻苯二甲酸酯(PAEs)的出现及空间分布,China,PAEs,False,True
P02125,2020_Ren ZDWH et al_EnvironPollut_10.1038-s41598-020-00000-0,Bioremediation of oil contaminated soil using agricultural wastes via microbial consortium,利用农业废弃物通过微生物菌剂修复石油污染土壤,Other:China,Petroleum_TPH,False,True
P07769,2018_Lin X et al_SciTotalEnviron_10.1016-j.scitotenv.2020.140977,Occurrence and risk assessment of emerging contaminants in a water reclamation and ecological reuse project,水回用及生态再利用项目中新兴污染物的发生与风险评估,China,"Antibiotics,Phenols,POPs_general",False,True
P08161,2020_Hong W-J et al_SciTotalEnviron_null,Soil concentrations and soil-air exchange of polycyclic aromatic hydrocarbons in five Asian countries,五个亚洲国家土壤中多环芳烃的浓度及土壤-空气交换,Other:<Multicountry (Asia)>,PAHs,False,True
P08593,2021_Wei B et al_EnvironSciPollutRes_10.1007-s11356-020-10642-1,Uptake and distributions of polycyclic aromatic hydrocarbons in cultivated plants around an E-waste disposal site in Southern China,中国南部某电子废弃物处置场周边栽培植物中多环芳烃的吸收与分布,China,PAHs,False,True
P00699,10_1007_s11356_019_06312_6,Atmospheric deposition and air–soil exchange of polybrominated diphenyl ethers (PBDEs) in a background site in Central China,中国中部背景点大气沉降与气土交换中的多溴联苯醚,China,PBDEs,False,True
P02993,10.1186_s12866-020-1699-9,"Biodegradation of endocrine disruptor Bisphenol A by Pseudomonas putida strain YC-AE1 isolated from polluted soil, Guangdong, China",分离自中国广东污染土壤的恶臭假单胞菌 YC-AE1 对内分泌干扰物双酚 A 的生物降解,China,Phenols,False,True
P05180,10_1016_j_envpol_2021_117766,The effect of anthropogenic activities on the environmental fate of chlorinated paraffins in surface soil in an urbanized zone of northern China,人类活动对中国北方城市化地区表层土壤中氯化石蜡环境归趋的影响,China,PCNs_other,False,True
P07696,2018_Chen Y et al_Water_null,"Occurrence, Distribution, and Risk Assessment of Antibiotics in a Subtropical River-Reservoir System",亚热带河流-水库系统中抗生素的发生、分布及风险评估,China,Antibiotics,False,True
P07835,2018_Tiedje J M et al_Nature_10.1016-S1002-0160(18,Antibiotic Resistance Genes in the Human-Impacted Environment: A One Health Perspective,人类环境影响环境中的抗生素抗性基因：同一健康视角,China?mixed,Antibiotics,False,True
P07894,2019_Bao J et al_EcotoxicolEnvironSaf_null,Perfluoroalkyl substances in groundwater and home-produced vegetables and eggs around a fluorochemical industrial park in China,中国某氟化工园区周边地下水及自产蔬菜和鸡蛋中的全氟烷基物质,China,PFAS,False,True
P07973,2019_Liu Y et al_Sustainability_null,"Does Farmland Rental Contribute to Reduction of Agrochemical Use? A Case of Grain Production in Gansu Province, China",农地租赁是否有助于减少农用化学品的使用？中国甘肃省粮食生产的案例,China,Pesticides,True,True
P08082,2019_Zhao Y et al_SciTotalEnviron_null,Bioremediation of contaminated urban river sediment with methanol stimulation: Metabolic processes accompanied with microbial community changes,甲醇刺激污染城市河流底泥的生物修复：伴随微生物群落变化的代谢过程,China,"PAHs,Petroleum_TPH",False,True
P08133,2020_Eltoukhy A et al_Unknown_10.1186-s12866-020-1699-9,"Biodegradation of Endocrine Disruptor Bisphenol A by Pseudomonas putida Strain YC-AE1 Isolated from Polluted Soil, Guangdong, China",从中国广东污染土壤中分离的恶臭假单胞菌YC-AE1对内分泌干扰物双酚A的生物降解,China,Phenols,False,True
P10982,2018_Ji J et al_Science_null,Atmospheric deposition and vegetable uptake of polycyclic aromatic hydrocarbons (PAHs) based on experimental and computational simulations,基于实验与模拟的大气多环芳烃沉降及蔬菜吸收研究,China,PAHs,False,True
P11087,2019_Unknown_EnvironSciTechnol_null,Impacts of Seasonal Variation on Organochlorine Pesticides in the East China Sea and Northern South China Sea,季节变化对东海和南海北部有机氯农药的影响,China,"OCPs,Pesticides",False,True
P00766,2017_Mao G et al_EnvironPollut_10.1007-s11368-018-1932-4,Bibliometric analysis of insights into soil remediation,土壤修复领域的文献计量学分析,Other:Global,"PAHs,Petroleum_TPH",True,True
P01712,2016_Sun Y et al_SciTotalEnviron_10.1016-j.scitotenv.2017.09.282,High-resolution sedimentary records of some organochlorine pesticides in Yamzho Yumco Lake of the Tibetan Plateau: Concentration and composition,青藏高原羊卓雍错湖有机氯农药的高分辨率沉积记录：浓度与组成,China,"OCPs,Pesticides,POPs_general",False,True
P02108,10_1038_s41598_018_30298_9,Phyllostachys edulis forest reduces atmospheric PM2.5 and PAHs on hazy days at suburban area,毛竹林在雾霾天减少郊区大气PM2.5和多环芳烃的研究,China,PAHs,False,True
P02991,10.1186_s12864-018-4960-y,Omics for understanding the tolerant mechanism of Trichoderma asperellum TJ01 to organophosphorus pesticide dichlorvos,利用组学研究木霉菌TJ01对有机磷农药敌敌畏的耐受机制,China,Pesticides,True,True
P07865,2018_You Z et al_ApplSci_null,Comparison of Petroleum Hydrocarbons Degradation by Klebsiella pneumoniae and Pseudomonas aeruginosa,肺炎克雷伯氏菌与铜绿假单胞菌对石油烃降解的比较,China,Petroleum_TPH,True,True
P11014,2018_Wang Q et al_AgricEcosystEnviron_null,Effect of grass hedges on runoff loss of soil surface-applied herbicide under simulated rainfall in Northern China,模拟降雨下草篱对华北地区地表施用除草剂径流流失的影响,China,Pesticides,False,True
P02815,2017_Xie W.-Y. et al_EurJSoilSci_10.1111-ejss.12494,Antibiotics and antibiotic resistance from animal manures to soil: a review,从畜禽粪便到土壤的抗生素及抗生素抗性：综述,China?mixed,Antibiotics,False,True
P07531,2017_Islam F et al_SciRep_null,"2,4-D attenuates salinity-induced toxicity by mediating anatomical changes, antioxidant capacity and cation transporters in the roots of rice cultivars","2,4-D 通过介导水稻品种根系的解剖变化、抗氧化能力和阳离子转运蛋白减轻盐诱导的毒性",Other:Pakistan/China,Pesticides,False,True
P07566,2017_Liu X et al_SciRep_null,A Valuable Biochar from Poplar Catkins with High Adsorption Capacity for Both Organic Pollutants and Inorganic Heavy Metal Ions,一种来自杨絮的具有高吸附有机和无机重金属离子能力的有价值生物炭,China,POPs_general,True,True
P08273,2020_Shi W et al_AgricEcosystEnviron_null,"Distribution pattern of antibiotic resistance genes and bacterial community in agricultural soil samples of Wuliangsuhai watershed, China",中国乌梁素海流域农田土壤中抗生素抗性基因与细菌群落的空间分布模式,China,Antibiotics,False,True
P10908,2017_Kong L et al_SciRep_null,Excessive nitrogen application dampens antioxidant capacity and grain filling in wheat as revealed by metabolic and physiological analyses,过量施氮抑制小麦抗氧化能力和籽粒灌浆：基于代谢和生理分析的研究,China,Phenols,False,True
P04801,10.4172_2475-7675.1000107,Beneficial Use of Scrap Tires for Retardation of Pesticide Movement in Golf Courses,废旧轮胎在高尔夫球场农药阻滞中的有益利用,China?mixed,Pesticides,False,True
P06048,2007_Xing X et al_Science_null,Spatio-temporal variations and influencing factors of polycyclic aromatic hydrocarbons in atmospheric bulk deposition along a plainmountain transect in western China,中国西部平原-山地断面大气沉降中多环芳烃的时空变化及影响因素,China,PAHs,False,True
P07284,2016_Beijing et al_Chemosphere_10.1016-j.chemosphere.2016.08.084,"Screening of 1300 organic micro-pollutants in groundwater from Beijing and Tianjin, North China",中国北方北京和天津地下水中1300种有机微污染物的筛查,China,"PAHs,Pesticides",False,True
P07340,2016_Li R et al_ArchEnvironContamToxicol_10.1007-s00244-016-0297-1,"Basin-Scale Study on the Multiphase Distribution, Source Apportionment and Risk Assessment of PAHs in the Hai River Water System",海河流域水系中PAHs的多相分布、源解析及风险评估的流域尺度研究,China,PAHs,False,True
P07388,2016_Ram H et al_PlantSoil_10.1007-s11104-016-2815-3,"Biofortification of wheat, rice and common bean by applying foliar zinc fertilizer along with pesticides in seven countries",在七个国家将叶面锌肥与农药配合施用对小麦、水稻和普通豆类进行生物强化,"Other:China,India,Pakistan,Thailand,Turkey,Brazil,Zambia",Pesticides,True,True
P07445,2016_Wang H et al_PolJEnvironStud_10.15244-pjoes-62904,"The Levels and Risks of Heavy Metals, Polycyclic Aromatic Hydrocarbons, and Polychlorinated Biphenyls in Hun River in Northeastern China",中国东北浑河重金属、多环芳烃和多氯联苯的含量及风险,China,"PAHs,PCBs",True,True
P00208,2005_Distribution R_EnvironPollut_10.1007-s00128-015-1563-z,"Residual Distribution and Risk Assessment of Polychlorinated Biphenyls in Surface Sediments of the Pearl River Delta, South China",中国南方珠江三角洲表层沉积物中多氯联苯的残留分布及风险评估,China,PCBs,False,True
P02914,2015_Jiao L et al_JNanomater_10.1155-2015-940985,Fe3O4 Nanoparticles Embedded Sodium Alginate/PVP/Calcium Gel Composite for Removal of Cd2+,Fe3O4纳米粒子嵌入海藻酸钠/PVP/钙凝胶复合材料用于去除Cd2+,China,OCPs,False,True
P10735,2014_Zhang1 J et al_Science_null,"Distribution and source apportionment of polycyclic aromatic hydrocarbons in bank soils and river sediments from the middle reaches of the Huaihe River, China",淮河中游河岸土壤与河流沉积物中多环芳烃的分布及源解析,China,PAHs,False,True
P10774,2015_Li W et al_Science_null,Occurrence and Source Effect of Novel Brominated Flame Retardants (NBFRs) in Soils from Five Asian Countries and Its Relationship with PBDEs,五种亚洲国家土壤中新型溴系阻燃剂的存在、来源效应及其与PBDEs的关系,China?mixed,PBDEs,False,True
P10802,2015_Zheng XB et al_SciTotalEnviron_null,"Contaminant sources, gastrointestinal absorption, and tissue distribution of organohalogenated pollutants in chicken from an e-waste site",电子废物场地鸡体内有机卤素污染物的污染源、胃肠道吸收及组织分布,China,"PCBs,PBDEs",False,True
P06829,2013_Meng X Z et al_SciTotalEnviron_10.1016-j.scitotenv.2014.01.007,Flow of sewage sludge-borne phthalate esters (PAEs) from human release to human intake: Implication for risk assessment of sludge applied to soil,从人体释放到人体摄入的污水污泥邻苯二甲酸酯（PAEs）的流动：污泥土壤应用风险评估启示,China,PAEs,False,True
P06893,2013_Zhang Y et al_Water_10.1007-s11356-014-3524-1,Physical and chemical indices of cucumber seedling leaves under dibutyl phthalate stress,邻苯二甲酸二丁酯胁迫下黄瓜幼苗叶片的生理生化指标,China,PAEs,False,True
P06908,2014_AntarcticArcti CP et al_SciTotalEnviron_10.1016-j.scitotenv.2014.07.109,"Comparative study on PCDD/F pollution in soil from the Antarctic, Arctic and Tibetan Plateau",南极、北极和青藏高原土壤中PCDD/F污染的比较研究,China?mixed,"PAHs,Dioxins",False,True
P07020,2014_Qiu M et al_SciRep_null,Properties of the plant- and manure-derived biochars and their sorption of dibutyl phthalate and phenanthrene,植物和粪肥来源生物炭的性质及其对邻苯二甲酸二丁酯和菲的吸附,China,"PAHs,PAEs",False,True
P07346,2016_Liu B et al_WaterSciTechnol_null,"Detection of semi-volatile organic compounds (SVOCs) in surface water, soil, and groundwater in a chemical industrial park in Eastern China",中国东部某化工园区地表水、土壤和地下水中半挥发性有机化合物的检测,China,"PAHs,PCBs,Pesticides,VOC_SVOC,PAEs",False,True
P10776,2015_Liu B et al_Science_null,"Distribution of volatile organic compounds (VOCs) in surface water, soil, and groundwater within a chemical industry park in Eastern China",中国东部某化工园区地表水、土壤和地下水中挥发性有机化合物（VOCs）的分布,China,VOC_SVOC,False,True
P00204,2014_Li P et al_BullEnvironContamToxicol_10.1007-s00128-013-1130-4,"Sixty-Year Sedimentary Record of DDTs, HCHs, CHLs and Endosulfan from Emerging Development Gulfs: A Case Study in the Beibu Gulf, South China Sea",新兴发展海湾60年的DDTs、HCHs、CHLs和硫丹沉积记录：以南海北部湾为例,China,"OCPs,Pesticides",False,True
P00856,2014_Li H et al_EnvironEarthSci_10.1007-s12665-013-2783-3,Elevated critical micelle concentration in soil–water system and its implication on PAH removal and surfactant selecting,土壤-水体系升高的临界胶束浓度及其对PAH去除和表面活性剂选择的影响,China,PAHs,False,True
P06762,2013_Bi C.J. et al_Pedosphere_null,Quantitative Assessment of Soil Health Under Different Planting Patterns and Soil Types,不同种植模式和土壤类型下的土壤健康定量评估,China,OCPs,True,True
P06821,2013_Liu Y et al_EnvironSciTechnol_10.1021-es3031566,Comparison of Sedimentary PAHs in the Rivers of Ammer (Germany) and Liangtan (China): Differences between Early- and Newly-Industrialized Countries,德国阿默尔河与中国梁滩河沉积物多环芳烃比较：早期工业化国家与新兴工业化国家的差异,China?mixed,PAHs,False,True
P06892,2013_Zhang S et al_Talanta_null,Metal-organic framework-199/graphite oxide hybrid composites coated solid-phase microextraction fibers coupled with gas chromatography for determination of organochlorine pesticides from complicated samples,金属有机框架-199/氧化石墨烯杂化复合材料涂层固相微萃取纤维结合气相色谱测定复杂样品中的有机氯农药,China,"OCPs,Pesticides",True,True
P11184,2020_宋梓菡_Unknown_null,Spatial Distribution and Environmental Effects of Polycyclic Aromatic Hydrocarbons and Heavy Metals in Snowpack in Harbin,哈尔滨市积雪中多环芳烃和重金属的空间分布特征与环境效应研究,China,PAHs,True,True
P09972,1991_Ma J. et al_Water_null,Bamboo Charcoal as Adsorbent for SPE Coupled with Monolithic Column–HPLC for Rapid Determination of 16 Polycyclic Aromatic Hydrocarbons in Water Samples,竹炭作为固相萃取吸附剂耦合整体柱-高效液相色谱快速测定水样中16种多环芳烃,China,PAHs,False,True
P02964,2010_Zhan Xin-Hua et al_Water_10.1186-1471-2229-10-52,Accumulation of phenanthrene by roots of intact wheat (Triticum acstivnm L.) seedlings: passive or active uptake?,完整小麦幼苗根系对菲的积累：被动吸收还是主动吸收？,China,PAHs,False,True
P06015,2007_medi RST et al_Water_null,"Spatial Characteristics and Major Sources of Polycyclic Aromatic Hydrocarbons from Soil and Respirable Particulate Matter in a Mega-City, China",中国特大城市土壤和可吸入颗粒物中多环芳烃的空间特征及主要来源,China,PAHs,False,True
P02002,10_1021_es802878wCCC,Chlorinated and Parent Polycyclic Aromatic Hydrocarbons in Environmental Samples from an Electronic Waste Recycling Facility and a Chemical Industrial Complex in China,中国某电子废弃物回收设施和化工区环境样品中的氯代及母体多环芳烃,China,"PAHs,Dioxins",False,True
P06219,2009_Jiang J et al_EcolModel_null,A model for ecological assessment to pesticide pollution management,用于农药污染管理的生态评估模型,China,Pesticides,False,True
P06289,2009_Zhang J et al_JWaterResourProt_10.4236-jwarp.2009.15041,Discussion on Role of Forest to Control Agricultural Non-Point Source Pollution in Taihu Lake Basin-Based on Source-Sink Analysis,基于源汇分析的太湖流域森林控制农业面源污染作用探讨,China,Pesticides,False,True
P10414,2009_Ma J et al_EnvironSciTechnol_null,Chlorinated and Parent Polycyclic Aromatic Hydrocarbons in Environmental Samples from an Electronic Waste Recycling Facility and a Chemical Industrial Complex in China,中国电子废弃物回收设施及化工综合企业环境样品中的氯化及母体多环芳烃,China,PAHs,False,True
P00376,2008_Zhou R et al_EnvironMonitAssess_10.1007-s10661-007-9683-5,"Levels and source of organochlorine pesticides in surface waters of Qiantang River, China",钱塘江地表水中有机氯农药的水平和来源,China,"OCPs,Pesticides",False,True
P05940,2006_Zhang H B et al_EnvironPollut_null,Distributions and Concentrations of PAHs in Hong Kong Soils,香港土壤中多环芳烃的分布与浓度,China,PAHs,False,True
P05833,2005_Qiu X et al_EnvironSciTechnol_null,Contribution of Dicofol to the Current DDT Pollution in China,三氯杀螨醇对中国当前滴滴涕污染的贡献,China,OCPs,False,True
P10253,2005_Wang Tieyu et al_EnvironInt_null,Contamination of persistent organic pollutants (POPs) and relevant management in China,中国持久性有机污染物(POPs)污染及相关管理,China,"OCPs,Pesticides,POPs_general",False,True
P10205,2004_P TC et al_Science_null,"Paleofire Indicated by Polycyclic Aromatic Hydrocarbons in Soil of Jinluojia Archaeological Site, Hubei, China",湖北金罗家考古遗址土壤中的多环芳烃指示的古火,China,PAHs,False,True
P05686,2003_Mai B et al_EnvironSciTechnol_null,"Distribution of Polycyclic Aromatic Hydrocarbons in the Coastal Region off Macao, China: Assessment of Input Sources and Transport Pathways Using Compositional Analysis",澳门沿海地区多环芳烃的分布：利用成分组成评估输入来源和传输路径,Other:<China>,"PAHs,POPs_general",False,True
P05660,2002_Zhang G et al_EnvironSciTechnol_null,"Sedimentary Records of DDT and HCH in the Pearl River Delta, South China",中国南方珠江三角洲 DDT 和 HCH 的沉积记录,China,"OCPs,Pesticides,POPs_general",False,True
P10959,2017_陈玫宏等_中国环境科学_null,Occurrence and distribution of typical endocrine disruptors in surface water and sediments from Taihu Lake and its tributaries,典型内分泌干扰物在太湖及其支流水体和沉积物中的污染特征,China,Phenols,False,True
P09083,2024_Moon HG et al_EnvironPollut_10.1016-j.ecoenv.2024.116014,Assessment of potential ecological risk for polycyclic aromatic hydrocarbons in urban soils with high level of atmospheric particulate matter concentration,高大气颗粒物浓度城市土壤中多环芳烃的潜在生态风险评估,Other:South Korea,PAHs,False,True
P11449,2023_资产信息网_Unknown_null,2024 China Soil Remediation Industry Research Report,2024年中国土壤修复行业研究报告,China,POPs_general,True,True
P01582,10.1016_j.jhazmat.2022.129158,New insight into human health risk from polycyclic aromatic hydrocarbons on surfaces of buildings and facilities for industrial legacy regeneration,工业遗产建筑与设施表面多环芳烃对人体健康风险的新见解,China,PAHs,False,True
P01585,10.1016_j.jhazmat.2022.129175,Effect of dissolved organic matter and heavy metals ions on sorption of phenanthrene at sedimentary particle scale,溶解性有机物和重金属离子对颗粒尺度沉积物吸附菲的影响,Other:China(Water/Sediment),"PAHs,POPs_general",True,True
P11305,2022_Cui M_EnvironPollut_null,"Trace metals, polycyclic aromatic hydrocarbons and polychlorinated biphenyls in the surface sediments from Sanya River, China: Distribution, sources and ecological risk",中国三亚河表层沉积物中的微量金属、多环芳烃和多氯联苯：分布、来源及生态风险,China,"PAHs,PCBs",True,True
P01801,2021_Ma S et al_SciTotalEnviron_10.1016-j.scitotenv.2021.147845,An environmental-friendly pesticide-fertilizer combination fabricated by in-situ synthesis of ZIF-8,一种通过原位合成ZIF-8制备的环境友好型农药-肥料复合物,China,Pesticides,True,True
P02046,2021_Liu F et al_ISMEJ_10.1038-s41396-020-00869-8,Cable bacteria extend the impacts of elevated dissolved oxygen into anoxic sediments,电缆细菌将升高溶解氧的影响延伸至厌氧沉积物中,China,PAHs,False,True
P08364,2021_Bandowe BAM_EnvironPollut_null,The chemical composition and toxicological effects of fine particulate matter emitted from different cooking styles,不同烹饪方式排放的细颗粒物(PM2.5)的化学组成及毒理学效应,China?mixed,PAHs,False,True
P11278,2021_Wei X et al_SciRep_null,Environment impact and probabilistic health risks of PAHs in dusts surrounding an iron and steel enterprise,钢铁企业周围粉尘中多环芳烃的环境影响及概率健康风险,China,PAHs,False,True
P01777,10.1016_j.scitotenv.2020.140550,"Comparative uptake, translocation and subcellular distribution of phthalate esters and their primary monoester metabolites in Chinese cabbage (Brassica rapa var. chinensis)",中国白菜中邻苯二甲酸酯及其主要单酯代谢物的比较吸收、转运和亚细胞分布,China,PAEs,False,True
P07467,2016_Zhang Q et al_JHazardMater_10.1016-j.jhazmat.2019.121350,"Mechanism and performance of singlet oxygen dominated peroxymonosulfate activation on CoOOH nanoparticles for 2,4-dichlorophenol degradation in water","羟基钴氧纳米颗粒活化过一硫酸盐降解水中2,4-二氯苯酚的机理与性能",China,Phenols,False,True
P08108,2020_Chen J et al_SciRep_null,Coking wastewater treatment plant as a sources of polycyclic aromatic hydrocarbons (PAHs) in sediments and ecological risk assessment,焦化废水处理厂作为沉积物中多环芳烃(PAHs)的来源及生态风险评估,China,PAHs,False,True
P11149,2020_Peng L et al_ChemEngJ_null,Compatibility of chelators with permanganate for chelator-enhanced permanganate-based ISCO remediation of chlorinated ethenes DNAPLs,螯合剂与高锰酸盐的兼容性研究：用于氯代乙烯DNAPLs螯合增强型高锰酸盐原位化学氧化修复,China,VOC_SVOC,False,True
P11295,2021_牛文珂_Unknown_null,Oxidative Degradation of 16-Polycyclic Aromatic Hydrocarbons in Industrial Contaminated Soil Using Chlorine Dioxide Catalyzed by Divalent Manganese,二价锰离子催化二氧化氯氧化降解工业污染土壤中16种多环芳烃的研究,China,"PAHs,POPs_general",False,True
P03011,2019_Luo B et al_JEthnobiolEthnomed_10.1186-s13002-019-0336-x,"Wild edible plants collected by Hani from terraced rice paddy agroecosystem in Honghe Prefecture, Yunnan, China",中国云南红河哈尼族梯田农业生态系统中采集的野生食用植物,China,Pesticides,False,True
P08053,2019_Wang Q et al_EnvironSciPollutRes_10.1007-s11356-019-05355-z,"Heavy metals and PAHs in an open fishing area of the East China Sea: Multimedia distribution, source diagnosis, and dietary risk assessment",东海一开放捕捞区重金属和PAHs的多介质分布、源解析及膳食风险评估,Other:China & Japan (East China Sea),PAHs,True,True
P11107,2019_Zhang F et al_AtmosEnviron_null,Emission factors and environmental implication of organic pollutants in PM emitted from various vessels in China,中国各类船舶排放颗粒物中有机污染物的排放因子及环境意义,China,"PAHs,POPs_general",False,True
P11110,2019_Zhao Z et al_EnvironPollut_null,The responding and ecological contribution of biofilm-leaves of submerged macrophytes on phenanthrene dissipation in sediments,沉水植物生物膜-叶对沉积物中菲消散的响应及生态贡献,China,PAHs,False,True
P00328,2016_Bai Y et al_Nature_10.1007-s10653-018-0117-9,"Residues of organochlorine pesticides (OCPs) in aquatic environment and risk assessment along Shaying River, China",中国沙颍河流域水环境中的有机氯农药残留及风险评估,China,"OCPs,Pesticides",False,True
P02930,10_1155_2018_9675479,Test on the Stabilization of Oil-Contaminated Wenzhou Clay by Cement,水泥固化温州石油污染黏土试验研究,China,Petroleum_TPH,False,True
P07871,2018_Zhang L et al_Science_10.1093-ijlct-cty039AdvanceAccessPublication22August2018,The impact of agricultural chemical inputs on environment: global evidence from informetrics analysis and visualization,农业化学投入品对环境的影响：来自信息计量分析和可视化的全球证据,Other:Global/USA/China,Pesticides,False,True
P00327,2011_RPCBs F et al_Nature_10.1007-s10653-017-9961-2,"Distribution, seasonal variation and inhalation risks of polychlorinated dibenzo-p-dioxins and dibenzofurans, polychlorinated biphenyls and polybrominated diphenyl ethers in the atmosphere of Beijing, China",北京大气中多氯二苯并-p-二恶英、呋喃、多氯联苯和多溴联苯醚的分布、季节变化及吸入风险,China,"PCBs,PBDEs,POPs_general,Dioxins",False,True
P07281,2016_Bandowe KLAM et al_Chemosphere_10.1016-j.chemosphere.2016.11.112,"Cancer risk from polycyclic aromatic compounds in fine particulate matter generated from household coal combustion in Xuanwei, China",中国宣威家庭燃煤产生的细颗粒物中多环芳烃化合物的致癌风险,China,PAHs,False,True
P07412,2016_Sun W et al_SciRep_null,Mechanism and Effect of Temperature on Variations in Antibiotic Resistance Genes during Anaerobic Digestion of Dairy Manure,温度对奶牛粪便厌氧消化过程中抗生素抗性基因变化的影响及机制,China,Antibiotics,False,True
P07668,2017_Zhou Y et al_SciRep_null,Simultaneous removal of atrazine and copper using polyacrylic acidfunctionalized magnetic ordered mesoporous carbon from water: adsorption mechanism,利用聚丙烯酸功能化磁性有序介孔碳从水中同时去除阿特拉津和铜：吸附机理,China,"Pesticides,POPs_general",True,True
P02247,2016_He YQSHBXSHJZZ et al_EnvironManage_10.1038-srep22674,"Spatial distribution and source apportionment of PFASs in surface sediments from five lake regions, China",中国五大湖区表层沉积物中PFAS的空间分布及源解析,China,PFAS,False,True
P10857,2016_Sun J et al_SciRep_null,Detection of methoxylated and hydroxylated polychlorinated biphenyls in sewage sludge in China with evidence for their microbial transformation,中国污水污泥中甲氧基和多氯联苯的检测及其微生物转化证据,China,PCBs,False,True
P02760,2015_Li Y et al_EnvironEngSci_10.1089-ees.2014.0489,Simultaneous Adsorption of Heavy Metal and Organic Pollutant onto Citrate-Modified Layered Double Hydroxides with Dodecylbenzenesulfonate,柠檬酸改性层状双金属氢氧化物对重金属和有机污染物的同步吸附,China,POPs_general,True,True
P07112,2015_Chen M et al_WasteManage_null,Comparative study on copper leaching from waste printed circuit boards by typical ionic liquid acids,典型离子液体酸从废弃印刷电路板中浸出铜的对比研究,China,PCBs,True,True
P11291,2021_学科_环境科学_null,Distribution characteristics of microplastics and its adsorption and desorption behaviors with polycyclic aromatic hydrocarbons(PAHs)in typical Pearl River basin,珠江典型流域微塑料的分布特征及其与多环芳烃吸附、解吸行为研究,China,"PAHs,POPs_general",False,True
P02963,10.1186_1471-2431-14-82,The Environment and Children’s Health Care in Northwest China,中国西北地区的环境与儿童保健,China,"PCBs,Pesticides",True,True
P10692,2014_Liu X et al_Land_null,Effect of picloram herbicide on physiological responses of Eupatorium adenophorum Spreng,毒莠定除草剂对紫茎泽兰生理反应的影响,China,Pesticides,False,True
P06870,2013_Sun J_EnvironPollut_null,Levels and distribution of methoxylated and hydroxylated polybrominated diphenyl ethers in plant and soil samples surrounding a seafood processing factory and a seafood market,海鲜加工厂和海鲜市场周围植物和土壤样品中甲氧基和多溴二苯醚的含量和分布,China,PBDEs,False,True
P00897,2012_Zhang S Y et al_IntJEnvironSciTechnol_10.1007-s13762-012-0098-7,Molecular characterization of phenanthrene-degrading methanogenic communities in leachate-contaminated aquifer sediment,受渗滤液污染含水层沉积物中菲降解产甲烷群落的分子表征,China,PAHs,False,True
P02790,2012_Ouyang Hui-Ling et al_Water_10.1100-2012-504576,"Levels, Temporal-Spatial Variations, and Sources of Organochlorine Pesticides in Ambient Air of Lake Chaohu, China",中国巢湖环境空气中有机氯农药的含量、时空变化及来源,China,"OCPs,Pesticides",False,True
P06228,2009_Levels_OrgGeochem_10.1021-es901827bCCC,Levels and Mass Burden of DDTs in Sediments from Fishing Harbors: The Importance of DDT-Containing Antifouling Paint to the Coastal Environment of China,渔港沉积物中DDTs的含量与质量负荷：含DDT防污涂料对中国沿海环境的重要性,China,"OCPs,POPs_general",False,True
P10737,2014_Zhang1 L et al_Science_null,Spatial Distribution of Polycyclic Aromatic Hydrocarbons in Soils Around the Coal Waste Rock Dumps,煤矸石堆周边土壤中多环芳烃的空间分布,China,PAHs,False,True
P05937,2006_Xu S et al_EnvironSciTechnol_null,Emission of Polycyclic Aromatic Hydrocarbons in China,中国多环芳烃的排放,China,PAHs,False,True
P09800,0000_null_null_null_3,Long-range atmospheric transport of organochlorine pesticides from China to South Korea: evidence from Deokjeok Island,中国有机氯农药向韩国的长距离大气传输：来自Deokjeok岛的证剧,Other:South Korea,"OCPs,Pesticides",False,True
P11357,2022_张晓亚_Unknown_null,Study on adsorption performance of polycyclic aromatic hydrocarbons by biochar prepared from sludge/phosphorus tailings,污泥/磷尾矿生物炭对多环芳烃吸附性能研究,China,PAHs,False,True
P02966,2025_Liu ZAQDYLCMHWY et al_EnvironSciEur_10.1186-5,Evaluation of the treatment efects Check tor of pesticide production wastewater under direct and indirect discharge modes,直接和间接排放模式下农药生产废水处理效果评价,China,"OCPs,Pesticides,POPs_general",False,True
P01562,10.1016_j.jhazmat.2020.122556,Cationic metal-organic framework based mixed-matrix membrane for extraction of phenoxy carboxylic acid (PCA) herbicides from water samples followed by UHPLC-MS/MS determination,基于阳离子金属有机框架的混合基质膜用于萃取水样中的苯氧羧酸类除草剂及UHPLC-MS/MS测定,China,Pesticides,False,True
P08272,2020_Shen M_EcotoxicolEnvironSaf_null,"Distribution, sources and health risk of PAHs in urban air-conditioning dust from Hefei, East China",中国东部合肥市城市空调粉尘中多环芳烃的分布、来源及健康风险,China,PAHs,False,True
P08328,2020_Zhang C et al_Science_10.3390-s20154146,Performance of CuAl-LDH/Gr Nanocomposite-Based Electrochemical Sensor with Regard to Trace Glyphosate Detection in Water,基于CuAl-LDH/Gr纳米复合材料的电化学传感器对水体中痕量草甘膦的检测性能,China,Pesticides,False,True
P11174,2020_Xie Y et al_SciRep_null,Health status among greenhouse workers exposed to different levels of pesticides: A genetic matching analysis,接触不同水平农药的温室工人的健康状况：一项遗传匹配分析,China,Pesticides,False,True
P07977,2019_Lu T et al_Microbiome_10.1186-s40168-019-0744-0,The fungicide azoxystrobin promotes freshwater cyanobacterial dominance through altering competition,杀菌剂嘧菌酯通过改变竞争促进淡水蓝藻的优势,China,Pesticides,False,True
P07987,2019_Mo Z et al_SciRep_null,"Characterization and health risk assessment of PM2.5-bound polycyclic aromatic hydrocarbons in 5 urban cities of Zhejiang Province, China",浙江省5个城市PM2.5结合多环芳烃的表征及健康风险评估,China,PAHs,False,True
P11038,2019_Dai Y et al_EnvironInt_null,Alterations in platelet indices link polycyclic aromatic hydrocarbons toxicity to low-grade inflammation in preschool children,血小板指数的变化将多环芳烃毒性与学龄前儿童的低度炎症联系起来,China,PAHs,False,True
P11057,2019_Luo Q et al_SciRep_null,Solvent demulsification-dispersive liquid-liquid microextraction based on solidification of floating organic drop coupled with ultra-high-performance liquid chromatography-tandem mass spectrometry for simultaneous determination of 13 organophosphate esters in aqueous samples,溶剂破乳-分散液液微萃取基于漂浮有机液滴固化结合超高效液相色谱-串联质谱法同时测定水样中13种有机磷酸酯,Other:<China/Water>,Pesticides,False,True
P00825,2019_Li WY_PhysiolMolBiolPlants_10.1007-s12298-018-0597-1,Effects of glyphosate on soybean metabolism in strains bred for glyphosate-resistance,抗草甘膦育种株系中草甘膦对大豆代谢的影响,China,Pesticides,False,True
P07680,2018_Ayanda I O et al_KnowlManagAquatEcosyst_10.1051-kmae-2017058,Cytotoxic and genotoxic effects of perfluorododecanoic acid (PFDoA) in Japanese medaka,全氟十二烷酸对日本青鳉的细胞毒性和遗传毒性,China,PFAS,False,True
P10987,2018_Li J et al_EnvironPollut_null,Adsorption of antibiotics on microplastics,微塑料对抗生素的吸附,China,Antibiotics,False,True
P07553,2017_Li Q et al_SciRep_null,Dependence of Plant Uptake and Diffusion of Polycyclic Aromatic Hydrocarbons on the Leaf Surface Morphology and Micro-structures of Cuticular Waxes,植物叶片表面形态和角质蜡微结构对多环芳烃吸收和扩散的影响,China,PAHs,False,True
P07554,2017_Li Q et al_SciTotalEnviron_null,Impacts of household coal and biomass combustion on indoor and ambient air quality in China: Current status and implication,家庭煤和生物质燃烧对中国室内及环境空气质量的影响：现状与启示,China,PAHs,False,True
P07646,2017_Yang J_ToxicolRep_null,Toxic effects of polybrominated diphenyl ethers (BDE 47 and 99) and localization of BDE-99–induced cyp1a mRNA in zebrafish larvae,多溴二苯醚（BDE 47 和 99）对斑马鱼幼鱼的毒性作用及 BDE-99 诱导的 cyp1a mRNA 定位,China,PBDEs,False,True
P07665,2017_Zheng X et al_SciRep_null,Characterizing particulate polycyclic aromatic hydrocarbon emissions from diesel vehicles using a portable emissions measurement system,使用便携式排放测量系统表征柴油车的颗粒态多环芳烃排放,China,PAHs,False,True
P02233,2015_Huang L et al_EnvironPollut_10.1038-srep20105,Phenanthrene exposure induces cardiac hypertrophy via reducing miR-133a expression by DNA methylation,菲暴露通过DNA甲基化降低miR-133a表达诱导心肌肥大,China,PAHs,False,True
P08202,2020_Liu N et al_EnvironInt_null,Ecological risk assessment of fifty pharmaceuticals and personal care products (PPCPs) in Chinese surface waters: A proposed multiple-level system,中国地表水中50种药品及个人护理品(PPCPs)的生态风险评估：一个提出的分级系统,China,"Antibiotics,Phenols",False,True
P10867,2016_Wang M et al_SciRep_null,Removal of polychlorinated naphthalenes by desulfurization and emissions of polychlorinated naphthalenes from sintering plant,脱硫系统对多氯萘的去除及烧结厂多氯萘的排放,China,PCNs_other,False,True
P10877,2016_Yang X et al_SciRep_null_1,Bioavailability of Polycyclic Aromatic Hydrocarbons and their Potential Application in Eco-risk Assessment and Source Apportionment in Urban River Sediment,城市河流沉积物中多环芳烃的生物有效性及其在生态风险评估和源解析中的潜在应用,China,PAHs,False,True
P05003,10.5772_57302,"Assessment of Soil Contamination of a Cattle Market around River Ogun Basin, Isheri, Nigeria",尼日利亚伊舍里奥贡河流域某牲畜市场的土壤污染评估,Other:Nigeria,"Petroleum_TPH,POPs_general",True,True
P06466,2011_Colloids_Science_null,Remediation of DNAPL-contaminated aquifers using density modification method with colloidal liquid aphrons,利用胶体液态皂密度修饰法修复DNAPL污染含水层,China,VOC_SVOC,False,True
P06648,2012_Hu J-W et al_IntJMolSci_10.3390-ijms13079332,A Theoretical Study on Reductive Debromination of Polybrominated Diphenyl Ethers,多溴二苯醚还原脱溴的理论研究,China,PBDEs,False,True
P10492,2010_Wu J et al_SciTotalEnviron_null,Exposure to polycyclic aromatic hydrocarbons and missed abortion in early pregnancy in a Chinese population,中国人群中多环芳烃暴露与早孕期稽留流产的关系,China,PAHs,False,True
P07988,2019_Mi L et al_SciTotalEnviron_null,Occurrence and spatial distribution of phthalate esters in sediments of the Bohai and Yellow seas,渤海和黄海沉积物中邻苯二甲酸酯的发生及空间分布,China,PAEs,False,True
P10651,2013_Tian L et al_MarPollutBull_null,"Sources and preservation of organic matter in soils of the wetlands in the Liaohe (Liao River) Delta, North China",辽河三角洲湿地土壤有机质的来源与保存,China,"PAHs,Petroleum_TPH",False,True
P08669,2022_Guo S et al_IndEngChemRes_null,"Design, Techno-Economic Analysis, and Demonstration of the Adsorption-Circulation Desorption-Mineralization Process for Large Volumes of Exhaust Gases Containing Diluted VOCs",含有稀释VOCs的大体积废气吸附-循环解吸-矿化过程的设计、技术经济分析与示范,China,VOC_SVOC,False,True
P05256,10_1080_09593330_2014_927532,Urinary monohydroxylated metabolites of polycyclic aromatic hydrocarbons in children living in city and rural residences in Southern China,中国南部城乡儿童尿液中多环芳烃单羟基代谢物的研究,China,PAHs,False,True
P07145,2015_Hu J et al_Science_10.5194-acp-17-77-2017,Modeling biogenic and anthropogenic secondary organic aerosol in China,中国生物源和人为源二次有机气溶胶的模拟研究,China,VOC_SVOC,False,True
