序号,stem,英文标题,中文标题,region,op_groups
P01646,10.1016_j.jhazmat.2025.140728,Heavy metals and PAHs drive ecological and health risks in Chinese water level fluctuation zones,重金属和多环芳烃驱动中国消落带的生态与健康风险,China,PAHs
P03103,2025_狄楠楠_环境科学_10.13358-j.issn.2096-9309.2025.0120.02,Pollution Characteristics and Evaluation of Heavy Metals and Polycyclic Aromatic Hydrocarbons in Agricultural Land of Qinhuangdao,秦皇岛农用地重金属与多环芳烃污染特征及评价,China,PAHs
P04678,10_3390_toxics14050406Toxics,"From Legacy Contamination to Green Infrastructure: Heavy Metal, Microplastics and Nutrient Pollution Management in the Yangtze River Basin",从遗留污染到绿色基础设施：长江流域重金属、微塑料和营养盐污染管理,China,POPs_general
P09521,2026_Ren Y et al_JHazardMater_10.1016-22,Fungal communities dominate ecosystem multifunctionality in heavy metal-polycyclic aromatic hydrocarbons co-polluted soils: Regulatory role of microbial biomass carbon,真菌群落主导重金属-多环芳烃复合污染土壤的生态系统多功能性：微生物生物量碳的调节作用,China,PAHs
P11023,2018_任毅_土壤_null,Practice of Soil Remediation Project in XuanSteel West Plant,土壤修复工程探索与实践,China,"PAHs,Petroleum_TPH"
P11024,2018_任毅等_土壤_null,Practice of Soil Remediation Project in XuanSteel West Plant,土壤修复工程探索与实践,China,"PAHs,Petroleum_TPH"
P11353,2022_作者姓名_土壤_null,Research on Risk Assessment of soil contamination and microbial diversity of soil around Gangue dump,矸石山周边土壤污染物风险评估及微生物多样性研究,China,"PAHs,Petroleum_TPH"
P11657,2026_Zhang K et al_EnvironPollut_null,Immobilized bacterial microspheres enhanced the phytoremediation of PAHs and heavy metals co-contaminated soil and shifted bacterial community structure,固定化细菌微球增强多环芳烃和重金属复合污染土壤的植物修复并改变细菌群落结构,China,PAHs
P00992,2025_Yu B et al_EnvironRes_10.1016-44,"Soil heavy metal pollution trends for intensive vegetable production system in Beijing-Tianjin-Hebei region, China (2000–2024) and human health implications",京津冀地区集约化蔬菜生产系统土壤重金属污染趋势（2000–2024）及其对人类健康的影响,China,Pesticides
P01014,2025_Yu B et al_EnvironRes_10.1016-72,"Soil heavy metal pollution trends for intensive vegetable production system in Beijing-Tianjin-Hebei region, China (2000–2024) and human health implications",京津冀集约化蔬菜生产系统中土壤重金属污染趋势（2000–2024）及人体健康影响,China,Pesticides
P01404,10.1016_j.envpol.2025.126365,"Integrated thermal and biostimulant enhanced bioremediation of PAHs and arsenic co-contaminated soil by an indigenous microbial consortium: Performance, mechanisms and limitations",热处理与生物刺激剂协同强化土著微生物群落修复多环芳烃和砷复合污染土壤：性能、机制与局限性,China,PAHs
P01422,10.1016_j.envres.2025.122748,"Pollution characteristics, ecological risk and microbial response to combined heavy metals and polycyclic aromatic hydrocarbons in soil-groundwater system of the blown-sand region",风沙区土壤-地下水系统中重金属与多环芳烃复合污染特征、生态风险及微生物响应,China,PAHs
P01630,2024_Chen L et al_JHazardMater_10.1016-j.jhazmat.2024.136500,"A spatial source-oriented and probability-based risk-assessment framework for heavy metal and PAH contamination of urban soils in Guangzhou, China",广州市城市土壤重金属和多环芳烃污染的空间源导向与概率风险评估框架,China,PAHs
P01641,10.1016_j.jhazmat.2025.139303,Microbial community dynamics drive soil functional recovery after in-situ gas-thermal remediation of co-contaminated soil,原位气热修复共污染土壤后微生物群落动态驱动的土壤功能恢复,China,POPs_general
P01868,10.1016_j.scitotenv.2025.178384,Identification of driving factors for heavy metals and polycyclic aromatic hydrocarbons pollution in agricultural soils using interpretable machine learning,基于可解释机器学习的农业土壤重金属和多环芳烃污染驱动因子识别,China,PAHs
P02686,2025_Ning T_SoilSedimentContam_10.1080-15320383.2025.2479070,"Characteristics and Sources of Soil Contamination in a Lead–Zinc Mining Region in Gansu Province, China",甘肃省某铅锌矿区土壤污染特征及来源,China,Petroleum_TPH
P03271,2014_张倩等_山西师范大学学报自然科学版_10.16207-j.cnki.1009-4490.2014.02.014,Effects of Ryegrass Cultivation on Soil Microbial Community Diversity in PAHs and Heavy Metal Contaminated Soil from Shanxi Industrial and Mining Areas,种植黑麦草对山西工矿区多环芳烃和重金属复合污染土壤微生物群落多样性的影响,China,PAHs
P03274,2016_陈希超_环境科学_10.16241-j.cnki.1001-5914.2016.09.025,Combined pollution of heavy metals and organic pollutants on soil enzymes activity: a review of recent studies,重金属和有机物复合污染对土壤酶活力的影响研究进展,China,POPs_general
P03291,2023_俞明等_现代化工_10.16606-j.cnki.issn0253-4320.2023.07.043,Study on a remediation engineering case using ceramsite kiln and ex-situ chemical oxidization technology jointly,陶粒窑、异位化学氧化技术联用的某修复工程实例研究,China,PAHs
P03753,2025_Tong L et al_Water_10.3389-3,Assessment of the sources and health risks of heavy metals in the soil-rice system based on positive matrix factorization and Monte Carlo simulation,基于正定矩阵因子分解和蒙特卡洛模拟的土壤-水稻系统重金属来源及健康风险评估,China,Pesticides
P03823,2025_Song Q et al_FrontMicrobiol_10.3389-fmicb.2025.1544233,"Microbial community dynamics and bioremediation strategies for petroleum contamination in an in-service oil Depot, middle-lower Yellow River Basin",黄河中下游在役油库石油污染的微生物群落动态与生物修复策略,China,"PAHs,Petroleum_TPH,VOC_SVOC"
P03876,1957_Bioaccumulation_Land_10.3390-agriculture15181957,Effects of Phenanthrene Soil Pollution on Cadmium Bioaccumulation and Metabolic Responses in Maize (Zea mays L.),菲土壤污染对玉米镉生物累积及代谢响应的影响,China,PAHs
P05423,2024_Shang E et al_Unknown_null,Dynamics of Cadmium Pollution Risk in Agricultural Land Soil of Tropical Islands in China from 2000 to 2024: A Case Study of Hainan Island,2000年至2024年中国热带岛屿农业用地土壤镉污染风险动态：以海南岛为例,China,Pesticides
P09363,2025_Liu X et al_EnvironRes_10.1016-61,"Pollution characteristics, ecological risk and microbial response to combined heavy metals and polycyclic aromatic hydrocarbons in soil-groundwater system of the blown-sand region",风沙区土壤-地下水系统中重金属与多环芳烃复合污染特征、生态风险及微生物响应,China,PAHs
P09430,2025_Shu Y et al_GreenEnergyEnviron_null,"Antibiotics-heavy metals combined pollution in agricultural soils: Sources, fate, risks, and countermeasures",农田土壤中抗生素-重金属复合污染：来源、归趋、风险及对策,China,Antibiotics
P09467,2025_Wen X et al_PLoSONE_10.1371-journal.pone.0328246,Comparative analysis of soil organic carbon across different land types in plateau wetlands using Kriging interpolation based on spatial heterogeneity,基于空间异性的克里金插值分析高原湿地不同土地利用类型的土壤有机碳,China,"OCPs,Pesticides"
P11448,2023_谢臣臣_Unknown_null,Characteristics and Potential Risk Prediction of Soil-groundwater Combined Pollution in Typical Areas of Blown-sand Region in Northern Shaanxi Province,陕北风沙滩地典型地段土壤-地下水复合污染特征及潜在风险预测,China,PAHs
P11592,2025_Liu X et al_EnvironRes_null,"Pollution characteristics, ecological risk and microbial response to combined heavy metals and polycyclic aromatic hydrocarbons in soil-groundwater system of the blown-sand region",风沙区土壤-地下水系统中重金属和多环芳烃复合污染特征、生态风险及微生物响应,China,PAHs
P11625,2025_Wang T et al_EcotoxicolEnvironSaf_null,Long-term co-exposure to phthalates and cadmium enhances the stability of soil microbial communities,长期邻苯二甲酸酯与镉复合暴露增强土壤微生物群落的稳定性,China,PAEs
P11632,2025_Yu B et al_EnvironRes_null,"Soil heavy metal pollution trends for intensive vegetable production system in Beijing-Tianjin-Hebei region, China (2000–2024) and human health implications",中国京津冀集约化蔬菜生产系统土壤重金属污染趋势（2000-2024年）及人体健康影响,China,Pesticides
P11638,2025_周湘远_Unknown_null,Remediation of Pyrene and Cr(VI) in Soil by Immobilized Phosphate-Solubilizing Degrading Consortium,固定化溶磷降解菌系修复芘和 Cr(VI)污染土壤,China,PAHs
P01010,10.1016_61,"Pollution characteristics, ecological risk and microbial response to combined heavy metals and polycyclic aromatic hydrocarbons in soil-groundwater system of the blown-sand region",风沙区土壤-地下水系统中重金属与多环芳烃复合污染特征、生态风险及微生物响应,China,PAHs
P01184,2024_Li M et al_Chemosphere_10.1016-j.chemosphere.2023.140954,The effects of Cu-phenanthrene co-contamination on adsorption-desorption behaviors of phenanthrene in soils,铜-菲共污染对土壤中菲吸附-解吸行为的影响,China,"PAHs,POPs_general"
P01244,10.1016_j.ecoenv.2024.116927,"A comprehensive assessment of heavy metals, VOCs and petroleum hydrocarbon in different soil layers and groundwater at an abandoned Al/ Cu industrial site",废弃铝/铜工业区不同土层及地下水中重金属、挥发性有机物和石油烃的综合评估,China,"PCBs,Petroleum_TPH,VOC_SVOC"
P01245,2024_Xie X et al_EcotoxicolEnvironSaf_10.1016-j.ecoenv.2024.116965,"Spatial interaction and risk zoning of compound pollutants in farmland soils: Insights from heavy metals and polycyclic aromatic hydrocarbons in Hezhang County, China",农田土壤复合污染物的空间相互作用与风险分区：以中国赫章县重金属和多环芳烃为例,China,PAHs
P01420,10.1016_j.envres.2024.118642,Different “nongrain” activities affect the accumulation of heavy metals and their source-oriented health risks on cultivated lands,不同的“非粮化”活动影响耕地上重金属的积累及其面向来源的健康风险,China,Pesticides
P01612,2024_Long X et al_JHazardMater_10.1016-j.jhazmat.2024.134345,A systematic review of biochar aging and the potential eco-environmental risk in heavy metal contaminated soil,生物炭老化及其在重金属污染土壤中的潜在生态环境风险系统综述,China,PAHs
P01619,10.1016_j.jhazmat.2024.135547,Which pollutants and sources should be prioritized for control in multi-pollutants complex contaminated areas?,多污染物复合污染地区应优先控制哪些污染物和来源？,China,"PAHs,PFAS"
P01624,10.1016_j.jhazmat.2024.136315,Simultaneous removal of PAHs and heavy metals from soil by combining electrokinetic-assisted delivery of persulfate and ultrasound activation,联合电动输运过硫酸盐与超声波活化同步去除土壤中多环芳烃与重金属的研究,China,"PAHs,POPs_general"
P01625,10.1016_j.jhazmat.2024.136372,Impacts of soil type on the temporal dynamics of antibiotic resistance gene profiles following application of composted manure,土壤类型对施用堆肥后抗生素抗性基因谱动态变化的影响,China,Antibiotics
P01626,2024_Liu Y et al_JHazardMater_10.1016-j.jhazmat.2024.136456,Hydrocyclone-induced classification reduction and spin desorption of contaminated soil remediation with heavy metal and organics,旋流器诱导的分级减量与旋流解吸用于重金属和有机物污染土壤的修复,China,PCBs
P01670,10.1016_j.pedsph.2023.01.012,Heavy metals potentially drive co-selection of antibiotic resistance genes by shifting soil bacterial communities in paddy soils along the middle and lower Yangtze River,重金属可能通过改变土壤细菌群落驱动稻田土壤中抗生素抗性基因的共选择,China,Antibiotics
P01674,10.1016_j.pedsph.2023.06.001,"Co-occurrence of per- and polyfluoroalkyl substances, heavy metals and polycyclic aromatic hydrocarbons and their composite impacts on microbial consortium in soil: A field study",全氟和多氟烷基物质、重金属和多环芳烃的共存及其对土壤微生物群落的综合影响：实地研究,China,"PAHs,PFAS"
P01858,2024_Zhou M et al_SciTotalEnviron_10.1016-j.scitotenv.2024.175364,Defense systems of soil microorganisms in response to compound contamination by arsenic and polycyclic aromatic hydrocarbons,土壤微生物对砷与多环芳烃复合污染的防御系统,China,PAHs
P03057,2017_杨悦锁等_化工学报_10.11949-j.issn.0438-1157.20161805,Research progress on co-contamination and remediation of heavy metals and polycyclic aromatic hydrocarbons in soil and groundwater,土壤、地下水中重金属和多环芳烃复合污染及修复研究进展,China,PAHs
P03100,2023_李景铭_土壤_10.13292-j.1000-4890.202312.010_1,Research progress on bioremediation of polycyclic aromatic hydrocarbons and heavy metals co-contaminated soil,多环芳烃和重金属复合污染土壤生物修复研究进展,China,PAHs
P03203,2025_刘晓英_土壤_10.13758-j.cnki.tr.2025.02.001_1,Research Progress on Humic Acid-enhanced Microbial Remediation of Soil Contaminated with Heavy Metals and Polycyclic Aromatic Hydrocarbons,腐植酸强化微生物去除土壤重金属和多环芳烃研究进展,China,PAHs
P03286,2021_江澜_环境化学_10.16581-j.cnki.issn1671-3206.20210416.003,Research progress on removal of heavy metals and polycyclic aromatic hydrocarbons using bacteria and fungi as biological adsorbents,以细菌和真菌作为生物吸附剂去除重金属和多环芳烃的研究进展,China,PAHs
P03838,2024_Wang Y et al_FrontPlantSci_10.3389-fpls.2024.1505670,Single/joint effects of pyrene and heavy metals in contaminated soils on the growth and physiological response of maize (Zea mays L.),污染土壤中芘和重金属对玉米生长和生理反应的单一/联合影响,China,PAHs
P04300,2024_Xu X et al_JFungi_10.3390-jof10030187,"Properties and Fungal Communities of Different Soils for Growth of the Medicinal Asian Water Plantain, Alisma orientale, in Fujian, China",福建泽泻生长的不同土壤的理化性质及真菌群落研究,China,Pesticides
P04324,10_3390_land13111798,"Integrated Assessment and Agricultural Planning in Selenium-Rich Hilly Soils: A Case Study on Land Use, Heavy Metal Contamination, and Nutrient Element Distribution",富硒丘陵土壤的综合评估与农业规划：土地利用、重金属污染和营养元素分布的案例研究,China,PAHs
P04403,10.3390_pr12061157,Screening and Optimization of Soil Remediation Strategies Assisted by Machine Learning,机器学习辅助土壤修复策略的筛选与优化,China,PAHs
P04410,10.3390_pr12122829,Evaluation of Heavy Metal Contamination in Black Soil at Sanjiang Plain: From Source Analysis to Health Risk Assessment,三江平原黑土重金属污染评价：从源解析到健康风险评估,China,Pesticides
P04492,10_3390_soilsystems8030089,The Effect of Manure Application Rates on the Vertical Distribution of Antibiotic Resistance Genes in Farmland Soil,粪肥施用量对抗生素抗性基因在农田土壤中垂直分布的影响,China,Antibiotics
P04651,10_3390_toxics12020120,"Distribution, Source, and Ecological Risk of Heavy Metals in Sewage Irrigation of Taiyuan, Shanxi Province, China",山西省太原市污水灌溉中重金属的分布、来源及生态风险,China,Pesticides
P04669,2024_Lu Y et al_Unknown_null,"Design, Implementation and Environmental Impact of Cutoff Wall for Pollution Control in an Industrial Legacy Site",工业遗留场地污染控制中防渗墙的设计、实施及环境影响,China,"PCBs,PBDEs,POPs_general"
P04733,2024_Jin Z et al_EnvironProtEng_10.37190-epe240306,Pollution status and health risk assessment of a specific organophosphate pesticide-contaminated site,特定有机磷农药污染场地的污染状况与健康风险评估,China,"Pesticides,VOC_SVOC"
P09090,2024_Nie J et al_JEnvironChemEng_null,Synergistic remediation strategies for soil contaminated with compound heavy metals and organic pollutants,复合重金属与有机物污染土壤的协同修复策略,China,POPs_general
P09092,2024_Ouyang K_JHazardMater_null,Which pollutants and sources should be prioritized for control in multi-pollutants complex contaminated areas?,多污染物复合污染区应优先控制哪些污染物和来源？,China,"PAHs,PFAS"
P09189,2024_Xue S et al_TransNonferrousMetSocChina_null,Rapid detection and risk assessment of soil contamination at lead smelting site based on machine learning,基于机器学习的铅冶炼场地土壤污染快速检测与风险评估,China,Petroleum_TPH
P09208,2024_Zhao L et al_JHazardMater_null,Improved microbial-plant soil bioremediation of PAHs and heavy metal through in silico methods,通过计算机模拟方法改进PAHs和重金属的微生物-植物土壤生物修复,China,PAHs
P09362,2025_Liu X et al_EnvironPollut_null,"Pollution characteristics, ecological risk and microbial response to combined heavy metals and polycyclic aromatic hydrocarbons in soil-groundwater system of the blown-sand region",风沙区土壤-地下水系统中重金属与多环芳烃复合污染特征、生态风险及微生物响应,China,PAHs
P09913,10_13292_j_1000_4890_202312_010,Research progress on bioremediation of polycyclic aromatic hydrocarbons and heavy metals co-contaminated soil,多环芳烃和重金属复合污染土壤生物修复研究进展,China,PAHs
P11450,2023_王晴_土壤_null,Study on the enhanced bioremediation mechanisms of polycyclic aromatic hydrocarbons and arsenic co-contaminated soil,多环芳烃和砷复合污染土壤的强化微生物修复机制研究,China,PAHs
P11456,2023_魏晓莉_Unknown_null,Study on the Distribution and Sorption Mechanism of Polycyclic Aromatic Hydrocarbons and Heavy Metals in Soil Aggregates of Contaminated Site,场地土壤团聚体多环芳烃和重金属分布特征及吸附机制研究,China,PAHs
P11484,2024_Li S et al_EnvironRes_null,Interaction of heavy metals and polycyclic aromatic hydrocarbons in soil-crop systems: The effects and mechanisms,土壤-作物系统中重金属与多环芳烃的相互作用：效应与机制,China,PAHs
P11528,2024_Unknown_土壤_null,"Characteristics, Source Analysis and Ecological Health Risk Assessment of Heavy Metal Pollution in Soils of Industrial Concentration Sites in Chizhou Area",池州地区工业聚集地土壤重金属污染特征、源解析和生态健康风险评价,China,POPs_general
P11547,2024_周猛_Unknown_null,Response mechanism of soil microorganisms to combined contamination of arsenic and polycyclic aromatic hydrocarbons,土壤微生物对砷和多环芳烃复合污染的响应机制研究,China,PAHs
P00421,2024_Zhang X_EnvironMonitAssess_10.1007-s10661-023-12250-1,"Source apportionment and risk assessment of heavy metals in typical greenhouse vegetable soils in Shenyang, China",沈阳典型温室蔬菜土壤重金属源解析及风险评价,China,Pesticides
P00829,2023_Apportionment IIS_Geomorphology_10.1007-s12403-023-00534-3,"Integrated Insights into Source Apportionment and Source-Specific Health Risks of Potential Pollutants in Urban Park Soils on the Karst Plateau, SW China",西南喀斯特高原城市公园土壤潜在污染物的源解析及源特异性健康风险的综合研究,China,PAHs
P00996,10.1016_47,"Quantification of an integrated approach to heavy metal source apportionment and probabilistic health risk assessment in the black soil region of central Jilin Province, China",中国吉林省中部黑土区重金属源解析与概率健康风险评估综合方法的定量研究,China,Pesticides
P01182,2023_Zhang D et al_Chemosphere_10.1016-j.chemosphere.2023.140288,"Effects of single and combined contamination of total petroleum hydrocarbons and heavy metals on soil microecosystems: Insights into bacterial diversity, assembly, and ecological function",石油烃与重金属单一及复合污染对土壤微生态系统的影响：细菌多样性、组装及生态功能的启示,China,Petroleum_TPH
P01414,10.1016_j.envres.2023.115616,"Diffusion and enrichment of high-risk antibiotic resistance genes (ARGs) via the transmission chain (mulberry leave, guts and feces of silkworm, and soil) in an ecological restoration area of manganese mining, China: Role of heavy metals",中国锰矿区生态修复区中高风险抗生素抗性基因(ARGs)通过传输链(桑叶、蚕肠道和粪便及土壤)的扩散与富集：重金属的作用,China,Antibiotics
P01484,10.1016_j.jclepro.2022.135380,Co-planting improves the phytoremediation efficiency of combined phenanthrene and copper co-contaminated soils,间作提高了菲和铜复合污染土壤的植物修复效率,China,PAHs
P01511,2023_Tan YGHGWSNFY et al_JEnvironSci_10.1016-j.jes.2022.04.038,"Insights into multisource sludge distributed in the Yangtze River basin, China: Characteristics, correlation, treatment and disposal",长江流域多源污泥的特征、相关性、处理及处置研究,China,POPs_general
P01595,2023_Hou Y et al_JHazardMater_10.1016-j.jhazmat.2023.130934,Three-dimensional distribution characteristics of multiple pollutants in the soil at a steelworks mega-site based on multi-source information,基于多源信息的巨型钢厂土壤中多种污染物的三维分布特征,China,"PAHs,VOC_SVOC"
P01603,10.1016_j.jhazmat.2023.132408,Bioremediation of PBDEs and heavy metals co-contaminated soil in e-waste dismantling sites by Pseudomonas plecoglossicida assisted with biochar,假单胞菌辅助生物炭修复电子垃圾拆卸点PBDEs和重金属复合污染土壤的研究,China,"PBDEs,POPs_general"
P01836,10.1016_j.scitotenv.2023.167337,Source apportionment and source specific health risk assessment of HMs and PAHs in soils with an integrated framework in a typical cold agricultural region in China,中国典型寒冷农业区土壤中重金属和多环芳烃的源解析及源特异性健康风险评估：基于综合框架的研究,China,PAHs
P02176,10_1038_s41598_023_34688_6,"Driving factors on accumulation of cadmium, lead, copper, zinc in agricultural soil and products of the North China Plain",华北平原土壤及农产品中镉、铅、铜、锌累积的驱动因素,China,Pesticides
P03062,2023_史鹏飞_环境科学_10.12153-j.issn.1674-991X.20220841,Typical safety risk and long-term management strategies for post-remediation site reuse,污染场地修复后再利用的典型安全风险及长期监管策略研究,China,POPs_general
P03081,2023_安婧_环境科学_10.13227-j.hjkx.202209018,Analysis of the Environmental Risk of Livestock Manure Pollution and Resource Treatment Technology,畜禽粪便污染的环境风险与资源化处理技术分析,China,Antibiotics
P03123,2021_王汉宇_环境科学_10.13671-j.hjkxxb.2021.0531,Leaching remediation of antimony-naphthalene compound contaminated soil by carboxymethyl-beta-cyclodextrin and its mechanism,羧甲基-β环糊精对锑-萘复合污染土壤的淋洗修复效果及机制,China,PAHs
P03841,2023_Cui W et al_FrontPublicHealth_10.3389-fpubh.2023.1276925,"Health risk assessment of heavy metal pollution and its sources in agricultural soils near Hongfeng Lake in the mining area of Guizhou Province, China",贵州矿区红枫湖附近农田土壤重金属污染及其来源的健康风险评估,China,Pesticides
P04265,2023_Yan J et al_IntJEnvironResPublicHealth_10.3390-ijerph20032006,"Initial Studies on the Effect of the Rice–Duck–Crayfish Ecological Co-Culture System on Physical, Chemical, and Microbiological Properties of Soils: A Field Case Study in Chaohu Lake Basin, Southeast China",稻-鸭-小龙虾生态共作系统对土壤理化及微生物性质影响的初步研究：中国东南部巢湖盆地田间案例,China,Pesticides
P04627,2023_Su Q_Toxics_10.3390-toxics11020143,Microbial Removal of Petroleum Hydrocarbons from Contaminated Soil under Arsenic Stress,砷胁迫下污染土壤中石油烃的微生物去除,China,"PAHs,Petroleum_TPH"
P04815,2023_Hou D et al_JGeosciEnvironProt_10.4236-gep.2023.115017,"Status, Distribution and Ecological Risk Assessment of Persistent Toxic Substances in Suburban Agricultural Soils in Hohhot City, North China",中国北部呼和浩特市城郊农业土壤中持久性有毒物质的状况、分布及生态风险评估,China,"OCPs,Pesticides"
P08930,2023_Zhang B et al_EnvironPollut_null,"Estimation of heavy metal soil contamination distribution, hazard probability, and population at risk by machine learning prediction modeling in Guangxi, China",基于机器学习预测模型的中国广西土壤重金属污染分布、危害概率及风险人口估算,China,Petroleum_TPH
P09065,2024_Liu Y et al_JHazardMater_null_2,Hydrocyclone-induced classification reduction and spin desorption of contaminated soil remediation with heavy metal and organics,受重金属和有机物污染土壤修复中的旋流器诱导分级减量与旋流解吸,China,PCBs
P09183,2024_Xie X et al_EcotoxicolEnvironSaf_null,"Spatial interaction and risk zoning of compound pollutants in farmland soils: Insights from heavy metals and polycyclic aromatic hydrocarbons in Hezhang County, China",农田土壤中复合污染物的空间相互作用与风险分区：来自中国赫章县重金属和多环芳烃的启示,China,PAHs
P11185,2020_孙超男_Unknown_null,The effect and mechanism of biochar on iodine and cadmium in the presence of PAHs,PAHs共存下生物炭对碘、镉的阻控作用及机制,China,PAHs
P11360,2022_李程_Unknown_null,Compound exposure of polycyclic aromatic hydrocarbons and cadmium in soil and its biological effects on ryegrass,土壤多环芳烃和镉复合污染对黑麦草的生物效应研究,China,PAHs
P11368,2022_高康宁_Unknown_null,STUDY on REMOVAL of TYPICAL ORGANIC MATTER-HEAVY METAL COMPLEX POLLUTANTS in SOIL by MICROBUBBLE COUPLING DETERGENT and ITS MECHANISM,微气泡耦合洗涤剂脱除土壤中典型有机物-重金属复合污染物及机理研究,China,PAHs
P11424,2023_Wu J et al_SciTotalEnviron_null,Source apportionment and source specific health risk assessment of HMs and PAHs in soils with an integrated framework in a typical cold agricultural region in China,中国典型寒冷农业区土壤重金属和多环芳烃的源解析及源特异性健康风险评估综合框架研究,China,"PAHs,Pesticides"
P11434,2023_Zhang Y et al_JCleanProd_null_1,Co-planting improves the phytoremediation efficiency of combined phenanthrene and copper co-contaminated soils,间作模式提高菲-铜复合污染土壤的植物修复效率,China,PAHs
P11439,2023_刘泽浩_土壤_null,Immobilized microbial remediation of Cd-PAHs composite contaminated soil,Cd-PAHs复合污染土壤的固定化微生物修复研究,China,PAHs
P11543,2024_于颖_Unknown_null,Research on bioavailability and health risk assessment of heavy metals and polycyclic aromatic hydrocarbons in topsoil at coal chemical industry sites,煤化工场地表层土壤重金属与多环芳烃生物可给性及健康风险评估研究,China,PAHs
P00418,2023_Lu Y et al_EnvironMonitAssess_10.1007-s10661-022-10747-9,"Combined pollution of heavy metals and polycyclic aromatic hydrocarbons in the soil in Shenfu Region, China: a case of three different cities",中国沈抚地区土壤重金属和多环芳烃复合污染研究：以三个不同城市为例,China,PAHs
P01169,2022_PAHs E et al_Chemosphere_10.1016-j.chemosphere.2022.133734_1,"Emission of PAHs, PCBs, PBDEs and heavy metals in air, water and soil around a waste plastic recycling factory in an industrial park, Eastern China",中国东部某工业园区废塑料回收工厂周边空气、水体和土壤中PAHs、PCBs、PBDEs及重金属的排放,China,"PAHs,PCBs,PBDEs"
P01174,10.1016_j.chemosphere.2022.136084,Application of biochar-immobilized Bacillus sp. KSB7 to enhance the phytoremediation of PAHs and heavy metals in a coking plant,应用生物炭固定化枯草芽孢杆菌 KSB7 增强焦化厂土壤中多环芳烃和重金属的植物修复,China,PAHs
P01177,2022_Hu T et al_Chemosphere_10.1016-j.chemosphere.2022.136788_1,"The characteristics of polycyclic aromatic hydrocarbons and heavy metals in water and sediment of dajiuhu subalpine wetland, shennongjia, central China, 2018–2020: Insights for sources, sediment-water exchange, and ecological risk",神农架大九湖亚高山湿地2018-2020年水与沉积物中多环芳烃和重金属的特征：来源、沉积物-水交换及生态风险的见解,China,"PAHs,POPs_general"
P01382,10.1016_j.envpol.2022.118813,Nitrogen input leads to the differential accumulation of polycyclic aromatic hydrocarbons in the low- and high-density fractions in sewage-irrigated farmland soil,氮输入导致污灌农田土壤低密度和高密度组分中多环芳烃的差异累积,China,"PAHs,POPs_general"
P01383,10.1016_j.envpol.2022.118816,"Characteristics, correlations and health risks of PCDD/Fs and heavy metals in surface soil near municipal solid waste incineration plants in Southwest China",中国西南地区垃圾焚烧厂附近表层土壤中二噁英和重金属的特征、相关性及健康风险,China,Dioxins
P01384,10.1016_j.envpol.2022.118925,"Spatial clustering and source-specific risk of combined pollutants in soils from an industrial area in Shanxi Province, China",中国山西省某工业区土壤复合污染物的空间聚类及源特异性风险,China,PAHs
P01584,2022_Wang P et al_JHazardMater_10.1016-j.jhazmat.2022.128301,Remarkable enrichment of heavy metals in baghouse filter dust during direct-fired thermal desorption of contaminated soil,污染土壤直接火焰热脱附过程中袋式除尘器粉尘的重金属显著富集,China,PAHs
P01587,2022_Wang X et al_EnvironPollut_10.1016-j.jhazmat.2022.129727,Effects of combined pollution of organic pollutants and heavy metals on biodiversity and soil multifunctionality in e-waste contaminated soil,电子垃圾污染土壤中有机污染物和重金属复合污染对生物多样性和土壤多功能性的影响,China,POPs_general
P01589,10.1016_j.jhazmat.2022.129338,Soil microbiota associated with immune-mediated disease was influenced by heavy metal stress in roadside soils of Shanghai,上海路侧土壤中与免疫介导疾病相关的土壤微生物群受重金属胁迫影响,China,Petroleum_TPH
P01817,10.1016_j.scitotenv.2022.157506,"Levels, profiles and potential human health risks of brominated and parent polycyclic aromatic hydrocarbons in soils around three different types of industrial areas in China",中国三类不同类型工业区周围土壤中溴代及母体多环芳烃的浓度、分布及潜在人体健康风险,China,"PAHs,POPs_general,Dioxins"
P02156,10_1038_s41598_022_07577_7,Improved remediation of co-contaminated soils by heavy metals and PAHs with biosurfactant-enhanced soil washing,生物表面活性剂强化土壤淋洗修复重金属和多环芳烃复合污染土壤,China,PAHs
P02385,2022_Xu Zhenpeng et al_Water_10.1080-03067319.2022.2140411,"Contamination characteristics and risk assessment of polycyclic aromatic compounds in soil from industrial park of Wuda District, Inner Mongolia, China",中国内蒙古乌达区工业园区土壤中多环芳烃化合物的污染特征及风险评估,China,PAHs
P03102,2024_廉梅花_土壤_10.13292-j.1000-4890.202409.030_1,Surfactant-enhanced bioremediation of heavy metals and polycyclic aromatic hydrocarbons in soil: A review,表面活性剂强化生物修复重金属和多环芳烃污染土壤研究进展,China,PAHs
P03104,2025_摘要_土壤_10.13338-j.issn.1674-649x.2025.03.012,"Distribution characteristics and ecological risk assessment of microplastics, heavy metals and polycyclic aromatic hydrocarbons in soil from the Yellow River Basin",黄河流域土壤中微塑料、重金属和多环芳烃的分布特征及生态风险评价,China,"PAHs,Pesticides"
P03334,2025_龚庆碗_生物化工_10.20284-j.cnki.swhg.2025.06.033,Evaluation of Contaminated Soil Remediation in a Former Electronics Manufacturing Plot in Shanghai,上海某电子制造企业地块污染土壤修复效果评估,China,"PAHs,Petroleum_TPH"
P03345,2022_Lu Y et al_Unknown_10.21203-rs.3.rs-1769519-v1,"Combined Pollution of Heavy Metals and Polycyclic Aromatic Hydrocarbons in the soil in Shenfu Region, China - A Case of Three Different Cities",中国沈抚地区土壤中重金属与多环芳烃的复合污染——以三个不同城市为例,China,PAHs
P03816,2022_Cao X et al_FrontMicrobiol_10.3389-fmicb.2022.1062703,Individual and combined contamination of oxytetracycline and cadmium inhibited nitrification by inhibiting ammonia oxidizers,土霉素和镉的单独及复合污染通过抑制氨氧化微生物抑制硝化作用,China,Antibiotics
P04230,10_3390_ijerph191610278,"Accumulation of Co, Ni, Cu, Zn and Cd in Aboveground Organs of Chinese Winter Jujube from the Yellow River Delta, China",中国黄河三角洲冬枣地上器官中 Co、Ni、Cu、Zn 和 Cd 的积累,China,Pesticides
P04258,10.3390_ijerph192416930,Spatial Distribution Profiles and Human-Health Risks of Heavy Metals in Surrounding Area Surface Soils of a Petrochemical Complex,石化复合体周边区域表层土壤重金属的空间分布特征及人体健康风险,China,POPs_general
P04400,10_3390_pr10091777,"Heavy Metal Contamination in Soils from a Major Planting Base of Winter Jujube in the Yellow River Delta, China",中国黄河三角洲冬枣主要种植基地土壤重金属污染研究,China,Pesticides
P05165,2022_Gao AJ et al_Environments_10.1016-j.chemosphere.2022.133654_2,Effect of nitrilotriacetic acid and tea saponin on the phytoremediation of Ni by Sudan grass (Sorghum sudanense (Piper) Stapf.) in Ni-pyrene contaminated soil,氨基三乙酸和茶皂素对苏丹草修复镍-芘复合污染土壤的影响,China,PAHs
P08696,2022_Liang T et al_SciTotalEnviron_null_1,Cement kiln co-processing promotes the redevelopment of industrially contaminated land in China: Spatio-temporal features and efficiency analysis,水泥窑协同处置促进中国工业污染地块再开发：时空特征与效率分析,China,POPs_general
P08774,2022_Yi S et al_JHazardMater_null,Synergistic leaching of heavy metal-polycyclic aromatic hydrocarbon in co-contaminated soil by hydroxamate siderophore: Role of cation-π and chelation,异羟肟酸铁载体对重金属-多环芳烃复合污染土壤的协同淋洗：阳离子-π和螯合作用,China,PAHs
P10958,2017_物联合修_土壤_null,Biochar-plant combined remediation of soils contaminated with PAHs and heavy metals,多环芳烃-重金属复合污染土壤的生物炭-植物联合修复研究,China,PAHs
P11318,2022_Hui K et al_EnvironPollut_null,Nitrogen input leads to the differential accumulation of polycyclic aromatic hydrocarbons in the low- and high-density fractions in sewage-irrigated farmland soil,氮输入导致污水灌溉农田土壤低密度和高密度组分中多环芳烃的差异积累,China,"PAHs,POPs_general"
P11319,2022_Jiao A et al_Chemosphere_null_1,Effect of nitrilotriacetic acid and tea saponin on the phytoremediation of Ni by Sudan grass (Sorghum sudanense (Piper) Stapf.) in Ni-pyrene contaminated soil,氨基三乙酸和茶皂素对苏丹草修复镍-芘复合污染土壤的影响,China,PAHs
P11323,2022_Liang T et al_SciTotalEnviron_null,Cement kiln co-processing promotes the redevelopment of industrially contaminated land in China: Spatio-temporal features and efficiency analysis,水泥窑协同处置促进中国工业污染土地的再开发：时空特征与效率分析,China,POPs_general
P11359,2022_易盛炜_Unknown_null,Leaching effect and mechanism of hydroxamate siderophore on heavy metal-polycyclic aromatic hydrocarbon in soil,异羟肟酸型铁载体对土壤中重金属和多环芳烃的淋洗效果与作用机制,China,PAHs
P11362,2022_赵燊炜_Unknown_null,Plant-Microbial Combined Remediation of Heavy Metal and Polycyclic Aromatic Hydrocarbon Co-contaminated Soil and Mechanism Analysis,重金属-多环芳烃复合污染土壤植物微生物联合修复机理,China,PAHs
P11365,2022_陈驰_Unknown_null,Study on Combined Repair Process of Thermal Desorption and Stabilization of PAHs-heavy Metal Compound polluted soil,多环芳烃-重金属复合污染土壤热脱附-稳定化联合修复工艺研究,China,PAHs
P11433,2023_Zhang Y et al_JCleanProd_null,Co-planting improves the phytoremediation efficiency of combined phenanthrene and copper co-contaminated soils,间作种植提高了菲和铜复合污染土壤的植物修复效率,China,PAHs
P00303,2021_Zhang T et al_Ecotoxicology_10.1007-s10646-020-02320-2,"Risk assessment and ecotoxicological diagnosis of soil from a chemical industry park in Nanjing, China",中国南京某化工园区土壤的风险评估与生态毒理诊断,China,PAHs
P00348,2021_Zhang H et al_EnvironGeochemHealth_10.1007-s10653-021-00964-5,Risk sources quantitative appointment of ecological environment and human health in farmland soils: a case study on Jiuyuan District in China,农田土壤生态环境与人体健康风险源定量解析：以中国九原区为例,China,Pesticides
P00415,10_1007_s10661_021_09449_5,"Quantitative source apportionment and ecological risk assessment of heavy metals in soil of a grain base in Henan Province, China, using PCA, PMF modeling, and geostatistical techniques",利用PCA、PMF模型和地统计学技术对中国河南省某粮食基地土壤重金属进行定量源解析及生态风险评估,China,Pesticides
P01158,2020_Qin G et al_Chemosphere_10.1016-j.chemosphere.2020.129205_1,"Soil heavy metal pollution and food safety in China: Effects, sources and removing technology",中国土壤重金属污染与食品安全：效应、来源及去除技术,China,Pesticides
P01360,10.1016_j.envpol.2020.116038,"Ecological risk and early warning of soil compound pollutants (HMs, PAHs, PCBs and OCPs) in an industrial city, Changchun, China",工业城市长春土壤复合污染物（重金属、多环芳烃、多氯联苯、有机氯农药）的生态风险与早期预警,China,"PAHs,PCBs,OCPs,Pesticides"
P01364,10.1016_j.envpol.2021.116518,Quantitative analysis of the main sources of pollutants in the soils around key areas based on the positive matrix factorization method,基于正定矩阵因子法的关键区域周边土壤污染物主要来源定量分析,China,PAHs
P01370,2021_Liu Q et al_EnvironPollut_10.1016-j.envpol.2021.117191,A novel method to analyze the spatial distribution and potential sources of pollutant combinations in the soil of Beijing urban parks,一种分析北京城市公园土壤中污染物组合空间分布及潜在源的新方法,China,PAHs
P01783,2021_Zhouetal_SciTotalEnviron_10.1016-j.scitotenv.2020.141924,Multiple classes of chemical contaminants in soil from an e-waste disposal site in China: Occurrence and spatial distribution,中国电子垃圾处置点土壤中多类化学污染物的存在及空间分布,China,"PCBs,PBDEs,Dioxins"
P01787,2020_Lietal_SciTotalEnviron_10.1016-j.scitotenv.2020.142757,"Organophosphorus pesticides in greenhouse and open-field soils across China: Distribution characteristic, polluted pathway and health risk",中国温室和大田土壤中的有机磷农药：分布特征、污染途径与健康风险,China,Pesticides
P01793,2021_Xie T et al_SciTotalEnviron_10.1016-j.scitotenv.2021.146263,"The application of urban anthropogenic background to pollution evaluation and source identification of soil contaminants in Macau, China",城市人为背景值在澳门土壤污染物评价与源解析中的应用,China,PAHs
P01795,10.1016_j.scitotenv.2021.146282,Field study on the soil bacterial associations to combined contamination with heavy metals and organic contaminants,重金属与有机物复合污染下土壤细菌关联的现场研究,China,"PAHs,PBDEs,POPs_general"
P01797,10.1016_j.scitotenv.2021.146502,Distribution of the microbial community and antibiotic resistance genes in farmland surrounding gold tailings: A metagenomics approach,金矿尾矿周边农田微生物群落及抗生素抗性基因的分布：宏基因组学方法,China,Antibiotics
P01936,2021_Hu J et al_EnvironPollut_10.1021-acs.est.0c07983,Direct Analysis of Soil Composition for Source Apportionment by Laser Ablation Single-Particle Aerosol Mass Spectrometry,激光剥蚀单颗粒气溶胶质谱法直接分析土壤成分及源解析,China,PAHs
P02402,2021_Wang D et al_EnvironTechnol_10.1080-09593330.2021.1946163,Biodegradation performance and diversity of enriched bacterial consortia capable of degrading high-molecular-weight polycyclic aromatic hydrocarbons,高效降解高分子量多环芳烃的富集菌群性能及多样性,China,"PAHs,POPs_general"
P02763,2021_Zhao S et al_EnvironEngSci_10.1089-ees.2020.0416,The Pollution Characteristics and Full-Scale Risk Assessment of Coking Plant Soil Co-Contaminated with Polycyclic Aromatic Hydrocarbons and Heavy Metals,焦化厂土壤多环芳烃与重金属复合污染特征及全尺度风险评估,China,PAHs
P02859,2013_Sun S et al_JApplMicrobiol_10.1111-JAM.15172,Copper stimulates neonicotinoid insecticide thiacloprid degradation by Ensifer adhaerens TMX-23,铜促进根瘤菌Ensifer adhaerens TMX-23对新烟碱类杀虫剂噻虫啉的降解,China,Pesticides
P03279,2013_赵颖_环境科学_10.16258-j.cnki.1674-5906.2013.07.022,Phytoremediation of Combined Pollution Soil in a Sewage Irrigation Area,污灌区复合污染土壤的植物修复研究,China,PAHs
P03319,2021_车凯_环境科学_10.19672-j.cnki.1003-6504.2021.S1.019_1,Investigation and evaluation of soil environment in substation,变电站场地土壤环境调查与评价,China,PAHs
P03756,10.3389_fchem.2021.691565,The Interactions Between Antibiotic Resistance Genes and Heavy Metal Pollution Under Co-Selective Pressure Influenced the Bio-Enzyme Activity,共选择压力下抗生素抗性基因与重金属污染的相互作用对生物酶活性的影响,China,Antibiotics
P04359,2021_Wang X et al_Science_10.3390-microorganisms9071417,Acinetobacter tandoii ZM06 Assists Glutamicibacter nicotianae ZM05 in Resisting Cadmium Pressure to Preserve Dipropyl Phthalate Biodegradation,Acinetobacter tandoii ZM06 协助 Glutamicibacter nicotianae ZM05 抵抗镉胁迫以保持邻苯二甲酸二丙酯的生物降解,China,"POPs_general,PAEs"
P04376,2021_Yin H et al_Molecules_10.3390-molecules26082169,"Polybrominated Diphenyl Ethers and Heavy Metals in a Regulated E-Waste Recycling Site, Eastern China: Implications for Risk Management",中国东部受监管电子垃圾回收站的多溴二苯醚和重金属：风险管理的启示,China,PBDEs
P05170,10_1016_j_ecoenv_2026_119865,"The spatial distribution of heavy metal contamination, microbial communities, and resistance genes in agricultural soil near a manganese mine in China",中国某锰矿附近农业土壤中重金属污染、微生物群落及抗性基因的空间分布,China,Antibiotics
P08407,2021_Fan G et al_Chemosphere_null,Electrokinetical enhanced delivery of acidic potassium permanganate and removal of copper-pyrene compound pollution in a red soil,动电强化酸性高锰酸钾输送及去除红壤中铜-芘复合污染的研究,China,"PAHs,POPs_general"
P08528,2021_Qiao P et al_EnvironPollut_null,Quantitative analysis of the main sources of pollutants in the soils around key areas based on the positive matrix factorization method,基于正定矩阵因子分解法的重点区域周边土壤污染物主要源定量分析,China,PAHs
P08598,2021_Xie T et al_SciTotalEnviron_null,"The application of urban anthropogenic background to pollution evaluation and source identification of soil contaminants in Macau, China",城市人为背景在澳门土壤污染物污染评价和源识别中的应用,China,PAHs
P08851,2023_Lu X et al_EcotoxicolEnvironSaf_null,Feature fusion improves performance and interpretability of machine learning models in identifying soil pollution of potentially contaminated sites,特征融合提高了识别潜在污染场地土壤污染的机器学习模型的性能和可解释性,China,POPs_general
P11161,2020_Unknown_SciTotalEnviron_null,"Organophosphorus pesticides in greenhouse and open-field soils across China: Distribution characteristic, polluted pathway and health risk",中国温室和露天土壤中的有机磷农药：分布特征、污染途径及健康风险,China,Pesticides
P11214,2021_Fan G et al_Chemosphere_null_1,Electrokinetical enhanced delivery of acidic potassium permanganate and removal of copper-pyrene compound pollution in a red soil,酸性高锰酸钾动电强化递送及红壤中铜-芘复合污染的去除,China,"PAHs,POPs_general"
P11241,2021_Liu Q et al_EnvironPollut_null,A novel method to analyze the spatial distribution and potential sources of pollutant combinations in the soil of Beijing urban parks,一种分析北京城市公园土壤中污染物组合空间分布及潜在源的新方法,China,PAHs
P11254,2021_PAHs et al_EnvironPollut_null_from_sub,"Ecological risk and early warning of soil compound pollutants (HMs, PAHs, PCBs and OCPs) in an industrial city, Changchun, China",中国工业城市长春土壤复合污染物（重金属、多环芳烃、多氯联苯和有机氯农药）的生态风险及早期预警,China,"PAHs,PCBs,OCPs,Pesticides"
P11292,2021_卢晓丽_Unknown_null,"Spatial Distribution, Vertical Migration and Risk Assessment of PAHs in Plain Farmland Soil: Based on Zhougang District of Nanjing City",平原农田土壤多环芳烃的空间分布、垂直迁移及风险评价研究--以南京市周岗地区为例,China,PAHs
P11294,2021_李敏_Unknown_null,Study on the degradation charateristics of bacterial consortium QY1 and the effective degradation of PAHs by combination of consortium QY1 and biochar,菌群QY1的降解特性及其联合生物炭高效降解多环芳烃研究,China,"PAHs,POPs_general"
P00027,2014_Somprasong K_EnvironManage_null,Research on in-situ remediation of mixture-contaminated sediment in aquaculture ponds and effect evaluation based on bioavailability,复合污染养殖底泥原位修复与效果评价,China,PAHs
P00036,10.1002_ldr.3857,Potential use of Impatiens balsamina L. for bioremediation of Pb and PCB contaminated soils,凤仙花在铅和多氯联苯污染土壤生物修复中的潜在应用,China,PCBs
P00707,2020_Liu X et al_EnvironSciPollutRes_10.1007-s11356-020-09934-3,Effect of enhancers on the phytoremediation of soils polluted by pyrene and Ni using Sudan grass (Sorghum sudanense (Piper) Stapf.),增效剂对苏丹草修复芘和镍污染土壤的影响,China,PAHs
P00710,10.1007_s11356-020-11229-6,"Contamination assessment, health risk evaluation, and source identification of heavy metals in the soil-rice system of typical agricultural regions on the southeast coast of China",中国东南沿海典型农业区土壤-水稻系统重金属污染评价、健康风险评估及源解析,China,Pesticides
P00834,2020_Guo X et al_ArabJGeosci_10.1007-s12517-019-5016-6,"Potential ecological risk assessment of soil heavy metals in Hunchun basin, Northeast China",中国东北珲春盆地土壤重金属潜在生态风险评估,China,Pesticides
P01054,2020_Yang P et al_Catena_10.1016-j.catena.2020.104537,Patterns in soil contamination across an abandoned steel and iron plant: Proximity to source and seasonal wind direction as drivers,废弃钢铁厂土壤污染模式：距离源和季节风向作为驱动因素,China,Petroleum_TPH
P01151,2020_Lu Q_Chemosphere_10.1016-j.chemosphere.2020.126861,Insights into the remediation of cadmium-pyrene co-contaminated soil by electrokinetic and the influence factors,电动修复镉-芘复合污染土壤的机理及影响因素研究,China,PAHs
P01219,10.1016_j.ecoenv.2020.110651,Residual effects of organochlorine pesticides (OCPs) in an e-waste recycling area compared with heavy metal pollution,电子废弃物回收区有机氯农药残留效应与重金属污染的比较,China,"OCPs,Pesticides"
P01223,2020_Lietal_EcotoxicolEnvironSaf_10.1016-j.ecoenv.2020.111083,Effects of co-contamination of heavy metals and total petroleum hydrocarbons on soil bacterial community and function network reconstitution,重金属和总石油烃复合污染对土壤细菌群落及功能网络重建的影响,China,Petroleum_TPH
P01272,10.1016_j.envint.2019.105421,Fire Phoenix facilitates phytoremediation of PAH-Cd co-contaminated soil through promotion of beneficial rhizosphere bacterial communities,Fire Phoenix 通过促进有益根际细菌群落促进 PAH-Cd 复合污染土壤的植物修复,China,PAHs
P01338,10.1016_j.envpol.2020.114075,Spatiotemporal patterns and drivers of soil contamination with heavy metals during an intensive urbanization period (1989–2018) in southern China,中国南部快速城市化时期（1989-2018）土壤重金属污染的时空格局及驱动力,China,"Petroleum_TPH,Pesticides"
P01345,2020_Fan M et al_EnvironPollut_10.1016-j.envpol.2020.114527,Distribution and source identification of potentially toxic elements in agricultural soils through high-resolution sampling,通过高分辨率采样识别农业土壤中潜在有毒元素的分布及来源,China,Pesticides
P01559,10.1016_j.jhazmat.2020.122425,Spectroscopic response of soil organic matter in mining area to Pb/Cd heavy metal interaction: A mirror of coherent structural variation,矿区土壤有机质对Pb/Cd重金属相互作用的光谱响应：结构一致性变化的反映,China,Phenols
P01566,2020_Tao Y et al_JHazardMater_10.1016-j.jhazmat.2020.123111,Remediation of Cu-phenanthrene co-contaminated soil by soil washing and subsequent photoelectrochemical process in presence of persulfate,淋洗联合光电过硫酸盐工艺修复铜-菲复合污染土壤的研究,China,PAHs
P01762,2019_Du S et al_SciTotalEnviron_10.1016-j.scitotenv.2019.136418,Large-scale patterns of soil antibiotic resistome in Chinese croplands,中国农田土壤抗生素抗性组的大尺度格局,China,Antibiotics
P01770,2020_Li W et al_SciTotalEnviron_10.1016-j.scitotenv.2020.139745,Environmental and health impacts due to e-waste disposal in China – A review,中国电子废物处置的环境与健康影响综述,China,POPs_general
P01919,2017_Zhu Y et al_Pedosphere_10.1016-S1002-0160(17)60306-0,"Accumulation and Potential Sources of Heavy Metals in the Soils of the Hetao Irrigation District, Inner Mongolia, China",内蒙古河套灌区土壤重金属的累积及潜在来源,China,Pesticides
P02657,2020_Chen T et al_SoilSedimentContam_10.1080-15320383.2020.1758029,Influences of Simulated Organic Residues in Petroleum-Exploiting Areas on the Dissolution and Speciation of Arsenic in Soil-Mineral Solid,石油开采区模拟有机残留物对土壤-矿物固体中砷溶解和形态转化的影响,China,Petroleum_TPH
P03223,10_1515_chem_2020_0020,"Source apportionment of soil contamination based on multivariate receptor and robust geostatistics in a typical rural–urban area, Wuhan city, middle China",基于多受体模型和稳健地统计学的中国中部武汉市典型城乡结合部土壤污染源解析,China,Petroleum_TPH
P03858,2020_Heetal_Agriculture_10.3390-agriculture10020047,Ecological Risk Assessment of Soil Heavy Metals and Pesticide Residues in Tea Plantations,茶园土壤重金属及农药残留的生态风险评估,China,"OCPs,Pesticides"
P04524,10_3390_su12176804,A Soil Environmental Quality Assessment Model Based on Data Fusion and Its Application in Hebei Province,基于数据融合的土壤环境质量评价模型及其在河北省的应用,China,"PAHs,Pesticides,POPs_general"
P08155,2020_He H et al_Agriculture_null,Ecological Risk Assessment of Soil Heavy Metals and Pesticide Residues in Tea Plantations,茶园土壤重金属和农药残留的生态风险评估,China,"OCPs,Pesticides"
P08193,2020_Li C et al_EnvironPollut_null,Spatiotemporal patterns and drivers of soil contamination with heavy metals during an intensive urbanization period (1989e2018) in southern China,中国南部快速城市化时期(1989-2018)土壤重金属污染的时空格局及驱动因素,China,"Petroleum_TPH,Pesticides"
P08332,2020_Zhang Q et al_WaterAirSoilPollut_10.1007-s11270-020-04728-2,Natural and Human Factors Affect the Distribution of Soil Heavy Metal Pollution: a Review,自然与人为因素影响土壤重金属污染的分布：综述,China,Pesticides
P08569,2021_Unknown_SciTotalEnviron_null_from_sub,Multiple classes of chemical contaminants in soil from an e-waste disposal site in China: Occurrence and spatial distribution,中国电子废物处置场地土壤中多种化学污染物的存在及空间分布,China,"PCBs,PBDEs,Dioxins"
P08640,2022_Ali M_EnvironPollut_null,Bioremediation of PAHs and heavy metals co-contaminated soils: Challenges and enhancement strategies,PAHs和重金属复合污染土壤的生物修复：挑战与强化策略,China,PAHs
P11155,2020_Shi J et al_EcotoxicolEnvironSaf_null,Residual effects of organochlorine pesticides (OCPs) in an e-waste recycling area compared with heavy metal pollution,电子废弃物回收区有机氯农药残留与重金属污染的比较,China,"OCPs,Pesticides"
P11182,2020_何明江_Land_null,Pollution status and risk assessment of heavy metals and PAHs in farmland soils at regional scale,区域农田土壤重金属和多环芳烃的污染特征及风险评价,China,PAHs
P00137,2019_Wang C et al_LandDegradDev_10.1002-ldr.3456_3,Polycyclic aromatic hydrocarbons and heavy metals in urban environments: Concentrations and joint risks in surface soils with diverse land uses,城市环境中的多环芳烃和重金属：多样化土地利用下地表土壤的浓度及联合风险,China,PAHs
P00274,2017_Fei ZRRXZZXLX et al_Nature_10.1007-s00477-019-01741-8,"Risk assessment and source identification of heavy metals in agricultural soil: a case study in the coastal city of Zhejiang Province, China",浙江省沿海城市农业土壤重金属风险评价与源识别,China,Pesticides
P00408,10.1007_s10661-019-7476-2,"Distribution characteristics and health risk assessment of heavy metals and PAHs in the soils of green spaces in Shanghai, China",中国上海绿地土壤中重金属和多环芳烃的分布特征及健康风险评估,China,PAHs
P00689,2019_Hu E et al_EnvironSciPollutRes_10.1007-s11356-019-04308-w,Removal of phenanthrene and pyrene from contaminated sandy soil using hydrogen peroxide oxidation catalyzed by basic oxygen furnace slag,利用碱性氧气炉渣催化过氧化氢氧化去除污染砂土中的菲和芘,China,PAHs
P01050,2018_Sun L et al_Catena_10.1016-j.catena.2018.12.014,"Levels, sources, and spatial distribution of heavy metals in soils from a typical coal industrial city of Tangshan, China",中国典型煤工业城市唐山土壤重金属水平、来源及空间分布,China,Pesticides
P01215,10.1016_j.ecoenv.2019.05.027,"Effects of soil properties, heavy metals, and PBDEs on microbial community of e-waste contaminated soil",土壤性质、重金属和多溴联苯醚对电子垃圾污染土壤微生物群落的影响,China,PBDEs
P01497,2019_Sun Y et al_EnvironHealth_10.1016-j.jenvman.2019.109512_CORE,"Soil contamination in China: Current priorities, defining background levels and standards for heavy metals",中国土壤污染：当前的重点、背景值的确定及重金属标准,China,Petroleum_TPH
P01545,2018_Wu S et al_JHazardMater_10.1016-j.jhazmat.2018.09.082,Improving risk management by using the spatial interaction relationship of heavy metals and PAHs in urban soil,利用城市土壤中重金属和多环芳烃的空间相互作用关系改善风险管理,China,PAHs
P01547,2018_Wuetal_JHazardMater_10.1016-j.jhazmat.2018.09.094,Improving risk management by using the spatial interaction relationship of heavy metals and PAHs in urban soil,利用城市土壤中重金属与多环芳烃的空间相互作用关系改善风险管理,China,PAHs
P01728,2019_Shen T et al_SciTotalEnviron_10.1016-j.scitotenv.2018.07.223,Long-term effects of untreated wastewater on soil bacterial communities,未经处理的废水对土壤细菌群落的长期影响,China,"PAHs,POPs_general"
P01745,2019_Chen H et al_SciTotalEnviron_10.1016-j.scitotenv.2019.04.417,Effect of biochars on the bioavailability of cadmium and di-(2-ethylhexyl) phthalate to Brassica chinensis L. in contaminated soils,生物炭对污染土壤中镉和邻苯二甲酸二(2-乙基己基)酯对青菜生物有效性的影响,China,PAEs
P01746,2019_Zeng S et al_SciTotalEnviron_10.1016-j.scitotenv.2019.05.291,Spatial assessment of farmland soil pollution and its potential human health risks in China,中国农田土壤污染及其潜在人体健康风险的空间评估,China,PAHs
P02497,2019_Environment HAJ_Sustainability_10.1080-15226514.2019.1612846,Distribution by influence factors of pyrene removal in chemical enhancers assisted microbial phytoremediation of in co-contaminated soils,化学强化剂辅助微生物植物修复复合污染土壤中芘去除的影响因素分布,China,PAHs
P02733,2019_Liao Q et al_Agriculture_10.1080-26395940.2019.1620132,Responses difference analysis of soil potential nitrification rates to Cu and sulfadiazine,铜和磺胺嘧啶对土壤潜在硝化速率的响应差异分析,China,Antibiotics
P02753,2019_Earth ICS_EnvironPollut_10.1088-1755-1315-384-1-012212,Application Research on Soil and Water Environmental Pollution Remediation Technology,水土环境污染修复技术应用研究,China,POPs_general
P03119,2020_陈建_环境科学_10.13671-j.hjkxxb.2020.0218_1,The effects of elevated temperature and zinc combination on the accumulation of polycyclic aromatic hydrocarbons in spinach,增温和锌复合作用对菠菜富集多环芳烃的影响,China,PAHs
P03803,2019_Chen J et al_FrontMicrobiol_10.3389-fmicb.2019.01916,Bacterial Heavy-Metal and Antibiotic Resistance Genes in a Copper Tailing Dam Area in Northern China,中国北方某铜尾矿坝区细菌重金属和抗生素耐药基因,China,Antibiotics
P03948,2019_Yang X et al_ApplSci_10.3390-app9071365,Preparation and Modification of Biochar Materials and their Application in Soil Remediation,生物炭材料的制备与改性及其在土壤修复中的应用,China,POPs_general
P04119,2019_Hydrocarbons_EnvironRes_10.3390-ijerph16071155,Enhancement of Detoxification of Petroleum Hydrocarbons and Heavy Metals in Oil-Contaminated Soil by Using Glycine-β-Cyclodextrin,利用甘氨酸-β-环糊精增强油污土壤中石油烃和重金属的解毒,China,Petroleum_TPH
P04293,10_3390_ijms20092189,Modified Rice Straw Enhanced Cadmium (II) Immobilization in Soil and Promoted the Degradation of Phenanthrene in Co-Contaminated Soil,改性水稻秸秆增强土壤中镉的固定并促进共污染土壤中菲的降解,China,"PAHs,Phenols"
P04812,2019_Hu Z et al_JGeosciEnvironProt_10.4236-gep.2019.75015,Soil Contamination with Heavy Metals and Its Impact on Food Security in China,土壤重金属污染及其对中国食品安全的影响,China,"Petroleum_TPH,Pesticides"
P06956,2014_Guan Q et al_JCleanProd_null,"Source apportionment of heavy metals in farmland soil of Wuwei, China: Comparison of three receptor models",中国武威农田土壤重金属源解析：三种受体模型的比较,China,Pesticides
P07067,2014_Wang Y et al_EnvironPollut_null,Trace metals in e-waste lead to serious health risk through consumption of rice growing near an abandoned e-waste recycling site: Comparisons with PBDEs and AHFRs,电子垃圾中的痕量金属通过消费在废弃电子垃圾回收点附近生长的水稻导致严重的健康风险：与PBDEs和AHFRs的比较,China,PBDEs
P07068,2014_Wang Y et al_EnvironPollut_null_1,Trace metals in e-waste lead to serious health risk through consumption of rice growing near an abandoned e-waste recycling site: Comparisons with PBDEs and AHFRs,电子垃圾中的痕量金属通过消费废弃电子垃圾回收点附近种植的大米导致严重的健康风险：与PBDEs和AHFRs的比较,China,PBDEs
P07138,2015_GuangdongProvince RS et al_SciTotalEnviron_null_1,"Spatial distribution and source apportionment of heavy metals in soil from a typical county-level city of Guangdong Province, China",中国广东省典型县级市土壤重金属的空间分布及源解析,China,Pesticides
P07139,2015_GuangdongProvince RS et al_SciTotalEnviron_null,"Spatial distribution and source apportionment of heavy metals in soil from a typical county-level city of Guangdong Province, China",广东省典型县级市土壤重金属的空间分布及源解析,China,Pesticides
P07938,2019_Guan Q et al_JCleanProd_null_1,"Source apportionment of heavy metals in farmland soil of Wuwei, China: Comparison of three receptor models",中国武威农田土壤重金属源解析：三种受体模型的比较,China,Pesticides
P08055,2019_Wang S et al_SciTotalEnviron_null_1,"Spatial distribution and source apportionment of heavy metals in soil from a typical county-level city of Guangdong Province, China",广东省典型县级市土壤重金属的空间分布与源解析,China,Pesticides
P08060,2019_Wu Z et al_EcotoxicolEnvironSaf_null,"Effects of soil properties, heavy metals, and PBDEs on microbial community of e-waste contaminated soil",土壤性质、重金属和多溴联苯醚对电子废弃物污染土壤微生物群落的影响,China,PBDEs
P08825,2023_Jiang Y et al_JEnvironManage_null,Biochar amendment reduces biological nitrogen fixation and nitrogen use efficiency in cadmium-contaminated paddy fields,生物炭改良降低了镉污染稻田的生物固氮和氮素利用效率,China,"PAHs,Phenols"
P11102,2019_Xu D et al_Geoderma_null,X-ray fluorescence and visible near infrared sensor fusion for predicting soil chromium content,X射线荧光与可见近红外传感器融合预测土壤铬含量,China,Pesticides
P00217,2013_Contamination BE_BullEnvironContamToxicol_10.1007-s00128-018-2330-8,"Comprehensive Evaluation of Soil Near Uranium Tailings, Beishan City, China",中国北山市铀尾矿附近土壤的综合评价,China,"OCPs,Pesticides"
P00218,2018_Contamination BE_EnvironPollut_10.1007-s00128-018-2494-2,In-Situ Remediation of Cadmium and Atrazine Contaminated Acid Red Soil of South China Using Sepiolite and Biochar,海泡石与生物炭原位修复南方红壤中镉与阿特拉津复合污染研究,China,Pesticides
P01119,2018_Wu J et al_Chemosphere_10.1016-j.chemosphere.2018.02.039,"Levels, sources, and potential human health risks of PCNs, PCDD/Fs, and PCBs in an industrial area of Shandong Province, China",中国山东省某工业地区PCNs、PCDD/Fs和PCBs的水平、来源及潜在人体健康风险,China,"PCBs,Dioxins,PCNs_other"
P01127,2018_Wangetal_Chemosphere_10.1016-j.chemosphere.2018.06.177,PAHs and Heavy Metals in the Surrounding Soil of a Cement Plant Co-Processing Hazardous Waste,水泥厂协同处置危险废物周边土壤中的多环芳烃和重金属,China,"PAHs,Dioxins"
P01211,2018_Liu X et al_EcotoxicolEnvironSaf_10.1016-j.ecoenv.2018.02.028,Effect of Bacillus subtilis and NTA-APG on pyrene dissipation in phytoremediation of nickel co-contaminated wetlands by Scirpus triqueter,枯草芽孢杆菌和NTA-APG对Scirpus triqueter修复镍复合污染湿地中芘降解的影响,China,"PAHs,POPs_general"
P01316,10.1016_j.envpol.2018.09.112,"Comparison of greenhouse and open field cultivations across China: Soil characteristics, contamination and microbial diversity",中国温室与大田栽培比较：土壤特征、污染及微生物多样性,China,"PAHs,OCPs,Pesticides,POPs_general,PAEs"
P01542,10.1016_j.jhazmat.2018.07.075,"Novel insights into heavy metal pollution of farmland based on reactive heavy metals (RHMs): pollution characteristics, predictive models, and quantitative source apportionment",基于活性重金属的农田重金属污染新见解：污染特征、预测模型及定量源解析,China,Pesticides
P01544,10.1016_j.jhazmat.2018.06.056,EDDS enhanced PCB degradation and heavy metals stabilization in co-contaminated soils by ZVI under aerobic condition,好氧条件下EDDS强化零价铁修复多氯联苯与重金属复合污染土壤,China,PCBs
P01678,2017_Dong P et al_Environments_10.1016-j.psep.2017.10.021,"Risk assessment and sources identification of soil heavy metals in a typical county of Chongqing Municipality, Southwest China",中国西南重庆市某典型县土壤重金属风险评估及源解析,China,Pesticides
P01714,2017_Sun L et al_SciTotalEnviron_10.1016-j.scitotenv.2017.12.169,Enhanced arsenic uptake and polycyclic aromatic hydrocarbon (PAH)-dissipation using Pteris vittata L. and a PAH-degrading bacterium,利用蜈蚣草和PAH降解菌强化砷吸收和多环芳烃消散,China,PAHs
P01715,2018_Zhu X et al_SciTotalEnviron_10.1016-j.scitotenv.2017.11.159,"Sorption, mobility, and bioavailability of PBDEs in the agricultural soils: Roles of co-existing metals, dissolved organic matter, and fertilizers",共存金属、溶解性有机质及肥料对农业土壤中多溴二苯醚的吸附、迁移及生物有效性的影响,China,PBDEs
P01718,10_1016_j_scitotenv_2018_02_212,Occurrence and risk assessment of potentially toxic elements and typical organic pollutants in contaminated rural soils,受污染农村土壤中潜在有毒元素和典型有机污染物的发生及风险评估,China,"PAHs,POPs_general,PAEs"
P02495,2018_Jeelani N et al_Land_10.1080-15226514.2018.1425666,Individual and combined effects of cadmium and polycyclic aromatic hydrocarbons on the phytoremediation potential of Xanthium sibiricum in co-contaminated soil,镉和多环芳烃对复合污染土壤苍耳植物修复潜力的单一及联合影响,China,"PAHs,POPs_general"
P03275,2016_韩文辉_环境科学_10.16258-j.cnki.1674-5906.2016.09.021,Compound pollution of heavy metals and polycyclic aromatic hydrocarbons in sewage irrigation area and its effect on soil microbial quantity,污灌区重金属和多环芳烃复合污染及其对农田土壤微生物数量的影响,China,PAHs
P03303,2018_Wan X et al_SoilWaterRes_10.17221-211-2017-SWR_3,Pollution Status of Agricultural Land in China: Impact of Land Use and Geographical Position,中国农用地污染状况：土地利用与地理位置的影响,China,"OCPs,POPs_general"
P03801,2018_Guoetal_FrontiersinMicrobiology_10.3389-fmicb.2018.02722,"Role of Bentonite on the Mobility of Antibiotic Resistance Genes, and Microbial Community in Oxytetracycline and Cadmium Contaminated Soil",膨润土对土霉素和镉污染土壤中抗生素抗性基因迁移及微生物群落的影响,China,Antibiotics
P04074,2018_Lv D et al_EnvironRes_10.3390-ijerph15040698,"Effects of Co-Processing Sewage Sludge in the Cement Kiln on PAHs, Heavy Metals Emissions and the Surrounding Environment",水泥窑协同处置污泥对PAHs、重金属排放及周边环境的影响,China,PAHs
P04085,2018_Metals_EnvironRes_10.3390-ijerph15081731,Using Calcination Remediation to Stabilize Heavy Metals and Simultaneously Remove Polycyclic Aromatic Hydrocarbons in Soil,利用煅烧修复稳定重金属并同时去除土壤中的多环芳烃,China,PAHs
P04105,2018_Metal RPT_EnvironRes_10.3390-ijerph15112595,"Remediating Potentially Toxic Metal and Organic Co-Contamination of Soil by Combining In Situ Solidification/Stabilization and Chemical Oxidation: Efficacy, Mechanism, and Evaluation",原位固化/稳定化与化学氧化联合修复土壤潜在毒性金属与有机复合污染：效能、机理与评估,China,POPs_general
P07220,2015_Sun J et al_EnvironPollut_null,"Comparison of greenhouse and open field cultivations across China: Soil characteristics, contamination and microbial diversity",中国温室与大田种植的对比：土壤特征、污染及微生物多样性,China,"PAHs,OCPs,Pesticides,POPs_general,PAEs"
P07827,2018_Shifaw E_JHealthPollut_null,Review of Heavy Metals Pollution in China in Agricultural and Urban Soils,中国农业和城市土壤重金属污染综述,China,Pesticides
P10924,2017_Qin Y et al_EnvironRes_null,"EFFECTS OF EXOGENOUS CADMIUM ON ACTIVITY OF ANTIOXIDANT ENZYME, CD UPTAKE AND CHEMICAL FORMS OF RYEGRASS",外源镉对黑麦草抗氧化酶活性、镉吸收及化学形态的影响,China,Pesticides
P10994,2018_Liu X et al_EcotoxicolEnvironSaf_null,Effect of Bacillus subtilis and NTA-APG on pyrene dissipation in phytoremediation of nickel co-contaminated wetlands by Scirpus triqueter,枯草芽孢杆菌和NTA-APG对Scirpus triqueter修复镍复合污染湿地中芘降解的影响,China,"PAHs,POPs_general"
P11003,2018_Ren S et al_Sustainability_null,Analysis of the Impact of Rural Households’ Behaviors on Heavy Metal Pollution of Arable Soil: Taking Lankao County as an Example,农户行为对耕地土壤重金属污染的影响分析：以兰考县为例,China,Pesticides
P11136,2020_Li Q et al_EcotoxicolEnvironSaf_null,Effects of co-contamination of heavy metals and total petroleum hydrocarbons on soil bacterial community and function network reconstitution,重金属和总石油烃复合污染对土壤细菌群落和功能网络重构的影响,China,Petroleum_TPH
P11293,2021_土壤中_土壤_null,Supercritical CO2 Extraction of Polycyclic Aromatic Hydrocarbons and Cadmium from Soil with Co-solvents and Chelating Agent,夹带剂和螯合剂协同超临界CO2萃取土壤中多环芳烃和镉的研究,China,PAHs
P00764,2017_Wang Y et al_JSoilsSediments_10.1007-s11368-017-1762-9,Combined bioremediation of soil co-contaminated with cadmium and endosulfan by Pleurotus eryngii and Coprinus comatus,杏鲍菇和鸡腿菇联合修复镉与硫丹复合污染土壤的研究,China,"OCPs,POPs_general"
P00804,2015_Wang Lijun et al_Environments_10.1007-s11707-017-0658-8,"Speciation, sources, and risk assessment of heavy metals in suburban vegetable garden soil in Xianyang City, Northwest China",中国西北咸阳市郊区菜园土壤重金属的形态、来源及风险评估,China,Pesticides
P01102,10.1016_j.chemosphere.2016.12.047,Soil environmental quality in greenhouse vegetable production systems in eastern China: Current status and management strategies,中国东部温室蔬菜生产体系的土壤环境质量：现状与管理策略,China,"Pesticides,Antibiotics,PAEs"
P01301,10.1016_j.envpol.2017.08.003,The influence of e-waste recycling on the molecular ecological network of soil microbial communities in Pakistan and China,电子废弃物回收对巴基斯坦和中国土壤微生物群落分子生态网络的影响,China,"PAHs,PBDEs,POPs_general"
P01540,10.1016_j.jhazmat.2016.12.009,Phytoremediation effect of Scirpus triqueter inoculated plant-growth-promoting bacteria (PGPB) on different fractions of pyrene and Ni in co-contaminated soils,接种植物促生菌（PGPB）的Scirpus triqueter对复合污染土壤中不同形态芘和镍的植物修复效应,China,PAHs
P02099,2017_Zhangetal_SciRep_10.1038-s41598-017-12437-w,Uptake and translocation of polycyclic aromatic hydrocarbons (PAHs) and heavy metals by maize from soil irrigated with wastewater,废水灌溉土壤中多环芳烃（PAHs）和重金属在玉米中的吸收和转运,China,PAHs
P07054,2014_Unknown_SciTotalEnviron_null,"Occurrence, abundance, and distribution of sulfonamide and tetracycline resistance genes in agricultural soils across China",中国农业土壤中磺胺类和四环素类抗生素抗性基因的发生、丰度与分布,China,Antibiotics
P07406,2016_Song M_EnvironPollut_null,Characterisation of the phenanthrene degradation-related genes and degrading ability of a newly isolated copper-tolerant bacterium,一株新分离的铜耐受细菌菲降解相关基因的表征及降解能力研究,China,PAHs
P07667,2017_Zhou Y et al_SciTotalEnviron_null,"Occurrence, abundance, and distribution of sulfonamide and tetracycline resistance genes in agricultural soils across China",中国农业土壤中磺胺类和四环素类抗生素抗性基因的发生、丰度及分布,China,Antibiotics
P09000,2024_Environment CR et al_EnvironRes_null_1,Interaction of heavy metals and polycyclic aromatic hydrocarbons in soil-crop systems: The effects and mechanisms,土壤-作物系统中重金属与多环芳烃的相互作用：效应与机制,China,PAHs
P11556,2024_桂衍瑾_Unknown_null,"Characteristics, Source Analysis and Ecological Health Risk Assessment of Heavy Metal Pollution in Soils of Industrial Concentration Sites in Chizhou Area",池州地区工业聚集地土壤重金属污染特征、源解析和生态健康风险评价,China,POPs_general
P00643,10.1007_s11356-016-6462-2,"Nutrients, heavy metals and phthalate acid esters in solar greenhouse soils in Round-Bohai Bay-Region, China: impacts of cultivation year and biogeography",环渤海地区日光温室土壤中的养分、重金属及邻苯二甲酸酯：种植年限与生物地理学的影响,China,PAEs
P00647,10.1007_s11356-016-6694-1,Contamination characteristics and source apportionment of trace metals in soils around Miyun Reservoir,密云水库周边土壤中痕量金属的污染特征及源解析,China,Pesticides
P00650,2016_Hu S et al_EnvironSciPollutRes_10.1007-s11356-016-6701-6,"Toxicity of combined chromium(VI) and phenanthrene pollution on the seed germination, stem lengths, and fresh weights of higher plants",铬(VI)与菲复合污染对高等植物种子发芽、茎长和鲜重的毒性影响,China,PAHs
P01539,2015_Chen F et al_JHazardMater_10.1016-j.jhazmat.2015.09.068,Efficient remediation of PAH-metal co-contaminated soil using microbial-plant combination: A greenhouse study,利用微生物-植物联合高效修复多环芳烃-重金属复合污染土壤：温室研究,China,PAHs
P01952,2016_Hu H et al_EnvironSciTechnol_10.1021-acs.est.6b03383,Long-term nickel contamination increases the occurrence of antibiotic resistance genes in agricultural soils,长期镍污染增加农田土壤中抗生素抗性基因的发生,China,Antibiotics
P02317,2016_Yan X et al_Radioprotection_10.1051-radiopro-2015022,Assessment of the soil quality by fuzzy mathematics in farmland around a uranium mill tailing repository in China,利用模糊数学评估中国铀尾矿库周边农田土壤质量,China,"OCPs,Pesticides"
P10878,2016_Zeng J et al_Chemosphere_null,Oxidation of polycyclic aromatic hydrocarbons using Bacillus subtilis CotA with high laccase activity and copper independence,利用高漆酶活性和无铜依赖性的枯草芽孢杆菌CotA氧化多环芳烃,China,PAHs
P00399,2015_Yang Y_EnvironMonitAssess_10.1007-s10661-015-4785-y,Uncertainty assessment of heavy metal soil contamination mapping using spatiotemporal sequential indicator simulation with multi-temporal sampling points,利用多时段采样点的时空序贯指示模拟进行重金属土壤污染制图的不确定性评估,China,Petroleum_TPH
P00624,10.1007_s11356-015-4230-3,"Occurrence and distribution of antibiotics in urban soil in Beijing and Shanghai, China",中国北京和上海城市土壤中抗生素的发生与分布,China,Antibiotics
P00629,2015_Liu J et al_EnvironSciPollutRes_10.1007-s11356-015-5113-3,Thermal desorption of PCBs from contaminated soil with copper dichloride,二氯化铜存在下污染土壤中多氯联苯的热脱附研究,China,"PCBs,Dioxins"
P00630,10.1007_s11356-015-5249-1,"Temporal trends and risk assessment of polychlorinated biphenyls and heavy metals in a solid waste site in Taizhou, China",中国台州某固体废物场地多氯联苯和重金属的时间变化趋势及风险评估,China,"PCBs,Dioxins"
P00753,2015_Chen R et al_JSoilsSediments_10.1007-s11368-015-1093-7,Mycoremediation potential and tolerance responses of Oudemansiella radicata in cadmium-pyrene co-contaminated soil,根鳞伞在镉-芘复合污染土壤中的菌根修复潜力及耐受反应,China,PAHs
P00755,2008_Zhang Weihua et al_Nature_10.1007-s11368-015-1112-8,The roles of humic substances in the interactions of phenanthrene and heavy metals on the bentonite surface,腐殖物质在膨润土表面菲和重金属相互作用中的作用,China,PAHs
P00761,10.1007_s11368-015-1341-x,Sorption of polycyclic aromatic hydrocarbons to soils enhanced by heavy metals: perspective of molecular interactions,重金属增强多环芳烃在土壤中的吸附：分子相互作用视角,China,PAHs
P01993,2015_Liu J et al_EnvironSciTechnol_10.1021-es5049804,Ecological effects of combined pollution associated with e-waste recycling on the composition and diversity of soil microbial communities,电子回收相关的复合污染对土壤微生物群落组成和多样性的生态影响,China,"PCBs,PBDEs,POPs_general"
P02590,2015_Jin C et al_SoilSedimentContam_10.1080-15320383.2015.981648,Single and Joint Toxicity of Sulfamonomethoxine and Cadmium on Three Agricultural Crops,磺胺间甲氧嘧啶与镉对三种农作物的单一及联合毒性,China,Antibiotics
P03076,2011_摘要_环境科学_10.13209-j.0479-8023.2011.022,PAHs Pollution and Spatial Distribution in Agricultural Soils of Dongguan,东莞市农业土壤多环芳烃污染及其空间分布特征研究,China,PAHs
P03165,2015_Wan J et al_Land_10.1371-journal.pone.0129978,"Simultaneous Removal of Lindane, Lead and Cadmium from Soils by Rhamnolipids Combined with Citric Acid",鼠李糖脂结合柠檬酸同时去除土壤中林丹、铅和镉的研究,China,"OCPs,Pesticides"
P03328,2024_顾赟之_皮革制作与环保科技_10.20025-j.cnki.CN10-1679.2024-22-42,Research on Remediation Technology for Heavy Metal-organic Compound Polluted Sites,重金属-有机物复合污染场地的修复技术研究,China,Petroleum_TPH
P05153,2008_Wang L et al_Land_10.1007-s11356-015-5273-1_76811a37,A review of soil cadmium contamination in China including a health risk assessment,中国土壤镉污染及健康风险评估综述,China,Pesticides
P06052,2007_Zn et al_Water_null,"Concentrations, distribution, sources, and ecological risk assessment of heavy metals in agricultural topsoil of the Three Gorges Dam region, China",中国三峡库区农业表土中重金属的浓度、分布、来源及生态风险评估,China,Pesticides
P06607,2012_Cao L et al_Science_null,Magnetic response to air pollution recorded by soil and dust-loaded leaves in a changing industrial environment,变化的工业环境中土壤和灰尘覆盖叶片记录的空气污染的磁响应,China,PAHs
P07144,2015_Heimann L_Water_null,Nutrients and pollutants in agricultural soils in the peri-urban region of Beijing: Status and recommendations,北京城乡结合部农业土壤中的养分与污染物：现状与建议,China,Antibiotics
P07251,2015_Yan X et al_JEnvironManage_null,Input–output balance of cadmium in typical agriculture soils with historical sewage irrigation in China,中国历史污水灌溉区典型农业土壤中镉的输入-输出平衡,China,Pesticides
P08601,2021_Xu Y et al_JHazardMater_null,Assembly strategies of the wheat root-associated microbiome in soils contaminated with phenanthrene and copper,菲和铜污染土壤中小麦根际微生物组的组装策略,China,PAHs
P10666,2014_2015 EEMJF et al_Water_null,HEALTH RISK ASSESSMENT OF HEAVY METALS AND POLYCYCLIC AROMATIC HYDROCARBONS IN SOIL AT COKE OVEN GAS PLANTS,焦化厂土壤重金属和多环芳烃的健康风险评估,China,"PAHs,POPs_general"
P10684,2014_Hou Wei et al_Water_null,HEALTH RISK ASSESSMENT OF HEAVY METALS AND POLYCYCLIC AROMATIC HYDROCARBONS IN SOIL AT COKE OVEN GAS PLANTS,焦炉煤气厂土壤中重金属和多环芳烃的健康风险评估,China,"PAHs,POPs_general"
P10812,2016_Chen F et al_JHazardMater_null,Efficient remediation of PAH-metal co-contaminated soil using microbial-plant combination: A greenhouse study,利用微生物-植物组合高效修复PAH-重金属复合污染土壤：温室研究,China,PAHs
P11554,2024_梁文煦_Unknown_null,Investigation on the Treatment of Organic Pollutants and Heavy Metal Cadmium Based on Nitrogen-Carbon Modified Geopolymer Combined with Manganese Ferrite,基于氮碳改性地聚物复合铁酸锰对有机污染物和重金属镉的治理研究,China,POPs_general
P00394,2014_Bai J et al_EnvironMonitAssess_10.1007-s10661-014-4050-9,"Heavy metal pollution in surface soils of Pearl River Delta, China",中国珠江三角洲表层土壤中的重金属污染,China,Pesticides
P00395,2014_Ostermannetal_EnvironMonitAssess_10.1007-s10661-014-3960-x,Identification of soil contamination hotspots with veterinary antibiotics using heavy metal concentrations and leaching data—a field study in China,利用重金属浓度和淋溶数据识别土壤中兽用抗生素的污染热点——中国田间研究,China,"Petroleum_TPH,Antibiotics"
P00612,2014_Sun L et al_EnvironSciPollutRes_10.1007-s11356-014-3171-6,Evaluation of heavy metal and polycyclic aromatic hydrocarbons accumulation in plants from typical industrial sites: potential candidate in phytoremediation for co-contamination,典型工业场地植物重金属和多环芳烃积累评估：复合污染植物修复的候选植物,China,PAHs
P00750,2014_Hu Y et al_JSoilsSediments_10.1007-s11368-013-0820-1,"Heavy metal contamination of urban topsoils in a typical region of Loess Plateau, China",中国黄土高原典型地区城市表层土壤重金属污染,China,Pesticides
P01992,2014_Status SCCC_EnvironSciTechnol_10.1021-es5047099,Soil Contamination in China: Current Status and Mitigation Strategies,中国土壤污染：现状与缓解策略,China,Petroleum_TPH
P02276,2014_Fu X et al_EnvironSciProcessesImpacts_10.1039-c3em00618b,"Migration, speciation and distribution of heavy metals in an oil-polluted soil affected by crude oil extraction processes",原油开采过程中石油污染土壤重金属的迁移、形态及分布,China,Petroleum_TPH
P03120,2017_顾平_环境科学_10.13671-j.hjkxxb.2017.0404,Joint remediation of contaminated soil by an effective degradation bacteria of B[a]P and Mirabilis jalapa,一株苯并[a]芘降解菌-紫茉莉联合修复污染土壤的研究,China,PAHs
P03146,10.1371_journal.pone.0096552,Crude Oil Treatment Leads to Shift of Bacterial Communities in Soils from the Deep Active Layer and Upper Permafrost along the China-Russia Crude Oil Pipeline Route,原油处理导致中俄原油管道沿线深层活动层和上部永冻土土壤细菌群落的变化,China,"PAHs,Petroleum_TPH"
P03207,2017_第第第_土壤_10.14088-j.cnki.issn0439-8114.2017.21.009,Site Soil Contamination Investigation and Ecological Health Risk Assessment for A Pesticide Factory,某农药厂场地土壤污染调查与生态健康风险研究,China,"PAHs,Petroleum_TPH,Pesticides"
P04017,2014_Tang X et al_EnvironRes_10.3390-ijerph110303118,Influence of Heavy Metals and PCBs Pollution on the Enzyme Activity and Microbial Community of Paddy Soils around an E-Waste Recycling Workshop,电子废弃物回收车间周围稻田土壤中重金属和多氯联苯污染对酶活性和微生物群落的影响,China,PCBs
P06579,2011_Zhang Q et al_EnvironPollut_null,Risk assessment of polychlorinated biphenyls and heavy metals in soils of an abandoned e-waste site in China,中国某废弃电子废弃物场地土壤中多氯联苯和重金属的风险评估,China,PCBs
P10733,2014_Zhang Q et al_EnvironPollut_null,Risk assessment of polychlorinated biphenyls and heavy metals in soils of an abandoned e-waste site in China,中国某废弃电子废弃物场地土壤中多氯联苯和重金属的风险评估,China,PCBs
P00594,2013_Wu L et al_EnvironSciPollutRes_10.1007-s11356-013-1532-1,Occurrence and distribution of heavy metals and tetracyclines in agricultural soils after typical land use change in east China,中国东部典型土地利用变化后农业土壤中重金属和四环素的发生与分布,China,Antibiotics
P00751,2013_Fan B et al_JSoilsSediments_10.1007-s11368-013-0705-3,Co-remediation of DDT-contaminated soil using white rot fungi and laccase extract from white rot fungi,利用白腐真菌和漆酶提取物对DDT污染土壤进行联合修复,China,"OCPs,Pesticides"
P00906,2013_Wei H et al_IntJEnvironSciTechnol_10.1007-s13762-013-0216-1,Specific detection of bioavailable phenanthrene and mercury by bacterium reporters in the red soil,红壤中利用细菌报告基因特异性检测生物有效性菲和汞,China,PAHs
P01294,10.1016_j.envpol.2013.03.058,Assessing the combined risks of PAHs and metals in urban soils by urbanization indicators,城市化指标评估城市土壤中多环芳烃和重金属的综合风险,China,PAHs
P01532,2013_Dong Z et al_JHazardMater_10.1016-j.jhazmat.2013.05.003,Remediation of soil co-contaminated with petroleum and heavy metals by the integration of electrokinetics and biostimulation,电动耦合生物刺激修复石油-重金属复合污染土壤,China,Petroleum_TPH
P02272,10.1039_c3em00043e,Heavy metals and organic compounds contamination in soil from an e-waste region in South China,华南电子垃圾区土壤中重金属和有机化合物的污染,China,"PCBs,PBDEs,POPs_general"
P02335,2013_Zhuetal_PNAS_10.1073-pnas.1222743110,Diverse and abundant antibiotic resistance genes in Chinese swine farms,中国养猪场中丰富多样的抗生素抗性基因,China,Antibiotics
P02376,2014_Tangetal_ChemEcol_10.1080-02757540.2013.844798,"PBDEs and PCDD/Fs in surface soil taken from the Taizhou e-waste recycling area, China",中国台州电子废物回收区表层土壤中的PBDEs和PCDD/Fs,China,"PAHs,PCBs,PBDEs,POPs_general,Dioxins"
P04775,2014_Liu T et al_AdvMaterRes_10.4028-www.scientific.net-AMR.838-841.976,Simultaneous adsorption of oxytetracycline and copper(II) onto loess soil: Kinetics properties and the effects of pH,土霉素和铜(II)在黄土上的同步吸附：动力学特性及pH值的影响,China,Antibiotics
P06121,2008_Peng C et al_EnvironPollut_null,Assessing the combined risks of PAHs and metals in urban soils by urbanization indicators,利用城市化指标评估城市土壤中多环芳烃和金属的复合风险,China,PAHs
P06840,2013_Peng C et al_EnvironPollut_null,Assessing the combined risks of PAHs and metals in urban soils by urbanization indicators,基于城市化指标评估城市土壤中多环芳烃和金属的复合风险,China,PAHs
P10616,2013_Dong Z Y et al_JHazardMater_null,Remediation of soil co-contaminated with petroleum and heavy metals by the integration of electrokinetics and biostimulation,整合电动学和生物刺激修复石油与重金属复合污染土壤,China,Petroleum_TPH
P10661,2013_Yang L et al_EcotoxicolEnvironSaf_null,Assessment and source identification of trace metals in the soils of greenhouse vegetable production in eastern China,中国东部设施蔬菜生产土壤中重金属的评估与源解析,China,Pesticides
P11546,2024_冯博_土壤_null,Effect of freezing and thawing on the transport of polycyclic aromatic hydrocarbons and heavy metals copper and cadmium in solidified stabilised soil,冻融对固化稳定化土壤中多环芳烃和重金属铜、镉的迁移影响,China,"PAHs,POPs_general"
P00742,2012_Wang K et al_JSoilsSediments_10.1007-s11368-012-0471-7,Interactive effects of Cd and PAHs on contaminants removal from co-contaminated soil planted with hyperaccumulator plant Sedum alfredii,Cd与PAHs对种植超积累植物Sedum alfredii的复合污染土壤中污染物去除的交互影响,China,PAHs
P01428,2012_Cui C et al_EnvironToxicol_10.1016-j.etap.2012.05.009,The combined effect of decabromodiphenyl ether (BDE-209) and copper (Cu) on soil enzyme activities and microbial community structure,十溴二苯醚（BDE-209）和铜（Cu）对土壤酶活性和微生物群落结构的联合效应,China,PBDEs
P02368,2012_Wang X S et al_IntJEnvironStud_10.1080-00207233.2012.702414,Association of black carbon with polycyclic aromatic hydrocarbons and heavy metals in urban topsoils and environmental implications,城市表层土壤中黑碳与多环芳烃和重金属的关联及其环境意义,China,PAHs
P02482,2012_Wu L et al_IntJPhytoremediat_10.1080-15226514.2011.619227,"PHYTOREMEDIATION OF SOIL CONTAMINATED WITH CADMIUM, COPPER AND POLYCHLORINATED BIPHENYLS",镉、铜和多氯联苯污染土壤的植物修复,China,PCBs
P03109,2015_叶昊_土壤_10.13421-j.cnki.hjwsxzz.2015.03.025,Pollution and Ecological Environment in Electronic Waste Dismantling Places and Health Effects of Heavy Metals and Bromine Flame Retardants,电子垃圾拆解场地土壤重金属和溴代阻燃剂的污染现状及其对生态环境和人体健康影响,China,"PBDEs,POPs_general"
P06654,2012_Jia X et al_JHazardMater_null,Antibiotic resistance gene abundances associated with antibiotics and heavy metals in animal manures and agricultural soils adjacent to feedlots in Shanghai; China,上海地区养殖场周边畜禽粪源及农田土壤中与抗生素和重金属相关的抗生素抗性基因丰度,China,Antibiotics
P06697,2012_Qu J et al_Water_10.4172-2167,"Distribution of Heavy Metals, Chemical Fractions and Ecological Risks around a Molybdenum Mine in Liaoning Province, China",辽宁省某钼矿周边重金属分布、化学形态及生态风险,China,Pesticides
P06742,2012_Zhang W H_Pedosphere_null,Soil Contamination due to E-Waste Disposal and Recycling Activities: A Review with Special Focus on China,电子废弃物处置和回收活动造成的土壤污染：特别关注中国的综述,China,Petroleum_TPH
P02270,10.1039_c0em00633e,Short-range transport of contaminants released from e-waste recycling site in South China,华南电子废物回收场释放污染物的短距离迁移,China,"PCBs,PBDEs"
P03082,2022_李怡佳_环境科学_10.13227-j.hjkx.202112006,Effect of Nitrogen on the Phytoremediation of Cd-PAHs Co-contaminated Dumpsite Soil by Alfalfa (Medicago sativa L.) and on the Soil Bacterial Community Structure,氮素对苜蓿植物修复垃圾堆场镉-多环芳烃复合污染土壤及土壤细菌群落结构的影响,China,"PAHs,POPs_general"
P03287,2009_杨传杰_环境科学_10.16507-j.issn.1006-6055.2009.02.042,Advances of Enhanced Phytoremediation of Heavy Metals and PAHs in Contaminated Soils,植物修复重金属与多环芳烃污染土壤强化措施研究进展,China,PAHs
P04770,2011_Liu J et al_AdvMaterRes_10.4028-www.scientific.net-AMR.183-185.480,Inhibited degradation of lambda-cyhalothrin and cypermethrin in high copper soils,高铜土壤中λ-三氯氟氰菊酯和氯氰菊酯的降解受到抑制,China,Pesticides
P11191,2020_李婷_环境科学_null,Study on Distribution and Migration Characteristics of Typical Pollutant in Petroleum Refining Sites,石油炼制场地土壤典型污染物分布及迁移特征研究,China,"Petroleum_TPH,VOC_SVOC,POPs_general"
P00108,2010_Article DR_Agronomy_10.1002-clen.201000020,Characterization of Heavy Metals from Banana Farming Soils,香蕉种植土壤重金属的特征,China,Pesticides
P00197,2010_Li XH et al_BullEnvironContamToxicol_10.1007-s00128-010-0042-9,"Mercury Contamination in the Topsoil and Subsoil of Urban Areas of Beijing, China",北京城区土壤和下层土壤中的汞污染,China,PAHs
P00242,2011_Lopez B N et al_ArchEnvironContamToxicol_10.1007-s00244-010-9590-6,Major Pollutants in Soils of Abandoned Agricultural Land Contaminated by e-Waste Activities in Hong Kong,香港电子废弃物活动污染的废弃农田土壤中的主要污染物,China,"PAHs,PCBs,PBDEs,POPs_general"
P00810,2010_Zhang C et al_Water_10.1007-s11783-010-0271-5,"Stabilization treatment of contaminated soil: a field-scale application in Shanghai, China",污染土壤的稳定化处理：中国上海的一项现场应用,China,PAHs
P01520,2009_Xiao Jiajun et al_JHazardMater_10.1016-j.jhazmat.2009.09.123,Comparative impact of cadmium on two phenanthrene-degrading bacteria isolated from cadmium and phenanthrene co-contaminated soil in China,中国镉-菲复合污染土壤中分离出的两种菲降解菌对镉的耐受性比较影响,China,PAHs
P01524,2010_Tangetal_JHazardMater_10.1016-j.jhazmat.2009.08.134,"Heavy metal and persistent organic compound contamination in soil from Wenling: An emerging e-waste recycling city in Taizhou area, China",中国台州地区新兴电子垃圾回收城市温岭的土壤重金属和持久性有机化合物污染,China,"PAHs,PCBs"
P02527,2010_Zhang W et al_SoilSedimentContam_10.1080-15320381003695249,Effect of Coexisting Lead and Phenanthrene on Their Individual Sorption on a Clayish Soil,共存铅和菲对粘性土中单一吸附的影响,China,PAHs
P03115,2018_田晶_土壤_10.13560-j.cnki.biotech.bull.1985.2018-0125,Screening and Characteristics of a Broad Spectrum Fungus Degrading Polycyclic-aromatic Hydrocarbons : Aspergillus flavus AD-X-1,广谱性多环芳烃降解真菌Aspergillus flavus AD-X-1的筛选及其性能研究,China,PAHs
P06283,2009_Xiao J et al_JHazardMater_null,Comparative impact of cadmium on two phenanthrene-degrading bacteria isolated from cadmium and phenanthrene co-contaminated soil in China,镉对中国镉-菲复合污染土壤中分离的两株菲降解菌的比较影响,China,PAHs
P00258,2002_Chen G et al_EnvironManage_10.1007-s00267-008-9268-2,"Diversity of Soil Nematodes in Areas Polluted with Heavy Metals and Polycyclic Aromatic Hydrocarbons (PAHs) in Lanzhou, China",中国兰州重金属和多环芳烃污染区域土壤线虫的多样性,China,PAHs
P06287,2009_Zhang H et al_GlobalNESTJ_null,Evaluation of Dissipation Mechanisms for Pyrene by Maize (Zea Mays L.) in Cadmium Co-contaminated Soil,玉米在镉复合污染土壤中消减芘的机理评价,China,"PAHs,POPs_general"
P10411,2009_Li J et al_JHazardMater_null_1,Analysis and assessment on heavy metal sources in the coastal soils developed from alluvial deposits using multivariate statistical methods,基于多元统计方法的冲积沉积物发育的沿海土壤重金属源分析与评估,China,Pesticides
P10441,2009_Zhang H. et al_IntJEnvironSciTechnol_null,Remediation of soil co-contaminated with pyrene and cadmium by growing maize (Zea mays L.),利用玉米修复芘和镉复合污染土壤的研究,China,"PAHs,POPs_general"
P00583,2009_Liu J et al_EnvironSciPollutRes_10.1007-s11356-008-0076-2,Adsorption of lambda-cyhalothrin and cypermethrin on two typical Chinese soils as affected by copper,铜对两种典型中国土壤中λ-三氟氯氰菊酯和氯氰菊酯吸附的影响,China,Pesticides
P01086,2008_Jiang C et al_Chemosphere_10.1016-j.chemosphere.2008.02.006,Isolation and characterization of a heavy metal-resistant Burkholderia sp. from heavy metal-contaminated paddy field soil and its potential in promoting plant growth and heavy metal accumulation in metal-polluted soil,重金属污染稻田土壤中抗重金属伯克霍尔德氏菌的分离鉴定及其促进植物生长和重金属积累的潜力,China,Antibiotics
P03281,2024_重金属_Science_10.16258-j.cnki.1674-5906.2024.12.011_1,Influence of Sedum plumbizincicola on the reduction of organic contaminants and microorganisms in soil contaminated with heavy metals and polycyclic aromatic hydrocarbons,伴矿景天对重金属-多环芳烃复合污染土壤有机污染物消减及微生物的影响,China,"PAHs,POPs_general"
P06154,2008_Zhang C et al_EnvironPollut_null,Identifying sources of soil inorganic pollutants on a regional scale using a multivariate statistical approach: Role of pollutant migration and soil physicochemical properties,利用多元统计方法识别区域尺度土壤无机污染物来源：污染物迁移和土壤理化性质的作用,China,POPs_general
P10369,2008_Khan S et al_JHazardMater_null,Accumulation of polycyclic aromatic hydrocarbons and heavy metals in lettuce grown in the soils contaminated with long-term wastewater irrigation,长期污水灌溉污染土壤中生长的生菜对多环芳烃和重金属的积累,China,PAHs
P00255,2008_Cao L et al_EnvironGeol_10.1007-s00254-007-0934-0,Combined effects of heavy metal and polycyclic aromatic hydrocarbon on soil microorganism communities,重金属与多环芳烃对土壤微生物群落的复合影响,China,PAHs
P03101,2018_邵玉飞_生态学杂志_10.13292-j.1000-4890.201808.025,Interactive influence of salinity and organic pollutants in soil and irrigation water on the growth of rice seedlings,水土盐度与有机污染物对稻苗生长的交互影响,China,"PAHs,POPs_general"
P10330,2007_Liu T et al_JEnvironSci_null,Effect of copper on the degradation of pesticides cypermethrin and cyhalothrin,铜对农药氯氰菊酯和氟氯氰菊酯降解的影响,China,Pesticides
P00307,2006_Guo GL_EnvironGeochemHealth_10.1007-s10653-005-9002-4,Evaluation of heavy metal contamination in Phaeozem of northeast China,中国东北黑土区重金属污染评价,China,Pesticides
P00310,2006_Xing W_EnvironGeochemHealth_10.1007-s10653-005-9017-x,Spatial distribution of PAHs in a contaminated valley in Southeast China,中国东南部受污染山谷中多环芳烃的空间分布,China,PAHs
P01083,2006_Gao Y et al_Chemosphere_10.1016-j.chemosphere.2006.04.030,Sorption of phenanthrene by soils contaminated with heavy metals,重金属污染土壤对菲的吸附,China,PAHs
P01085,2006_Song Y et al_Chemosphere_10.1016-j.chemosphere.2006.03.076,"Polycyclic aromatic hydrocarbons (PAHs), polychlorinated biphenyls (PCBs) and heavy metals (HMs) as well as their genotoxicity in soil after long-term wastewater irrigation",长期污水灌溉土壤中多环芳烃、多氯联苯和重金属及其遗传毒性研究,China,"PAHs,PCBs"
P03211,2012_于红艳_土壤_10.13961-j.cnki.stbctb.2012.05.022,Combined Remediation of Contaminated Soil by Humic Acid and Activated Sludge,腐殖酸与活性污泥对污染土壤联合修复研究,China,"PAHs,POPs_general"
P10294,2006_Shen G et al_EcotoxicolEnvironSaf_null,Combined effect of heavy metals and polycyclic aromatic hydrocarbons on urease activity in soil,重金属和多环芳烃对土壤脲酶活性的复合效应,China,PAHs
P01492,2005_Shenetal_JEnvironManage_10.1016-j.jenvman.2005.02.011,Status and fuzzy comprehensive assessment of combined heavy metal and organo-chlorine pesticide pollution in the Taihu Lake region of China,中国太湖地区重金属与有机氯农药复合污染状况及模糊综合评价,China,"OCPs,Pesticides"
P03322,2018_周玉璇_环境科学_10.19741-j.issn.1673-4831.2018.0669,Research Progress on Distribution and Remediation Technologies for the Combined Pollution of Heavy Metals and Polycyclic Aromatic Hydrocarbons in Soil,重金属与多环芳烃复合污染土壤的分布特征及修复技术研究进展,China,PAHs
P03323,2023_周宣辛_环境科学_10.19672-j.cnki.1003-6504.0346.23.338,Content and Risk of Heavy Metals and Polycyclic Aromatic Hydrocarbons in Biochar-based Fertilizer,生物炭基肥中重金属、多环芳烃的含量及风险,China,PAHs
P05700,2003_Shen G et al_Water_null,Status and fuzzy comprehensive assessment of combined heavy metal and organo-chlorine pesticide pollution in the Taihu Lake region of China,中国太湖地区重金属与有机氯农药复合污染状况及模糊综合评价,China,"OCPs,Pesticides"
P10229,2005_Chen Y et al_EnvironInt_null,Residues and source identification of persistent organic pollutants in farmland soils irrigated by effluents from biological treatment plants,生物处理厂出水灌溉农田土壤中持久性有机污染物的残留及源解析,China,"PAHs,OCPs,Pesticides,POPs_general"
P10247,2005_Shen G et al_JEnvironManage_null,Status and fuzzy comprehensive assessment of combined heavy metal and organo-chlorine pesticide pollution in the Taihu Lake region of China,中国太湖地区重金属与有机氯农药复合污染状况及模糊综合评价,China,"OCPs,Pesticides"
P01075,10_1016_j_chemosphere_2004_08_070,Study on the possibility of hydrogen peroxide pretreatment and plant system to remediate soil pollution,过氧化氢预处理与植物系统修复土壤污染的可能性研究,China,POPs_general
P10188,2004_Chen Y X et al_PlantSoil_null,"Behavior of Cu and Zn under combined pollution of 2,4-dichlorophenol in the planted soil","种植土壤中2,4-二氯酚复合污染下铜和锌的行为",China,"Phenols,POPs_general"
P05518,1998_Ding Aizhong et al_EnvironPollut_10.3184-095422902782775353,Effects of oil shale waste disposal on soil and water quality: hydrogeochemical aspects,油页岩废物处置对土壤和水体质量的影响：水文地球化学特征,China,"PAHs,POPs_general"
P02950,2017_网站首页_环境科学_10.11654-jaes.2017-1220,Analysis of the Report on the national general survey of soil contamination,《全国土壤污染状况调查公报》探析,China,Petroleum_TPH
P00969,2026_Jin T et al_JHazardMater_10.1016-18,Application potential of phosphate-solubilizing microorganisms for remediating HMs–PAHs co-contaminated soils: Immobilization-enhanced detoxification and microbial responses,解磷微生物修复重金属-多环芳烃复合污染土壤的应用潜力：固化增强解毒及微生物响应,China,PAHs
P11637,2025_刘君博_Unknown_null,Study on the toxicity mechanism and health risk assessment model optimization of heavy metal-polycyclic aromatic hydrocarbon compound exposure in rural areas,农村区域重金属-多环芳烃复合暴露毒性机制与健康风险评估模型优化研究,China,PAHs
P00116,2025_Yan K et al_Unknown_10.1002-ep.70148,Comparative study on pollution characteristics of heavy metals and polycyclic aromatic hydrocarbons in coking solid wastes,焦化固废中重金属和多环芳烃污染特征的比较研究,China,PAHs
P03113,2020_刘瑞_环境科学_10.13651-j.cnki.fjnykj.2020.11.008,Research Hotspots and Trends of Microbial Remediation of Polycyclic Aromatic Hydrocarbons in the Presence of Heavy Metals Based on Bibliometrics Analysis of CiteSpace,重金属存在下多环芳烃微生物修复的研究热点及趋势——基于CiteSpace的文献计量分析,China,PAHs
P09271,2025_Cheng T et al_JWaterProcessEng_null,Remediation of PAHs and heavy metals co-contaminated sediments by biochar-supported immobilized microbial systems: A review,生物炭支撑固定化微生物系统修复多环芳烃和重金属复合污染沉积物：综述,China,PAHs
P01396,2024_Chen Z et al_EnvironPollut_10.1016-j.envpol.2024.123640,Co-exposure to pentachlorophenol (PCP) and cadmium (Cd) triggers apoptosis-like cell death in Eschericia coli,五氯酚与镉复合暴露触发大肠杆菌的凋亡样细胞死亡,China,Phenols
P04595,10.3390_su16062515,"A Comprehensive Analysis of Agricultural Non-Point Source Pollution in China: Current Status, Risk Assessment and Management Strategies",中国农业面源污染综合分析：现状、风险评估与管理策略,China,Pesticides
P01241,10.1016_j.ecoenv.2023.115052,Feature fusion improves performance and interpretability of machine learning models in identifying soil pollution of potentially contaminated sites,特征融合提高了识别潜在污染场地土壤污染的机器学习模型的性能和可解释性,China,POPs_general
P01167,10.1016_j.chemosphere.2021.132259,Biochar from constructed wetland biomass waste: A review of its potential and challenges,人工湿地生物质废弃生物炭：潜力与挑战综述,China,"PAHs,POPs_general"
P01583,2021_Lin S et al_EnvironPollut_10.1016-j.jhazmat.2021.127792_1,"Toxic chemicals from uncontrolled e-waste recycling: Exposure, body burden, health impact",不受控制的电子垃圾回收产生的有毒化学物质：暴露、身体负担、健康影响,China,POPs_general
P03613,2022_Yu G et al_FoliaHortic_10.2478-fhort-2022-0014,Waste apple wood: A safe and economical alternative substrate for the cultivation of Pleurotus ostreatus and Lentinula edodes,废弃苹果木：栽培糙皮侧耳和香菇的安全且经济的替代基质,China,Pesticides
P03773,2022_Yu H et al_FrontEnvironSci_10.3389-fenvs.2022.855292,Microplastics as an Emerging Environmental Pollutant in Agricultural Soils: Effects on Ecosystems and Human Health,微塑料作为农业土壤中的一种新型环境污染物：对生态系统和人类健康的影响,China,POPs_general
P03990,10_3390_f13030406,Effects of Urbanization Intensity on the Distribution of Black Carbon in Urban Surface Soil in South China,城市化强度对中国南方城市表层土壤中黑碳分布的影响,China,POPs_general
P04010,10.3390_foods11152286,"Safety Evaluation of Heavy Metal Contamination and Pesticide Residues in Coix Seeds in Guizhou Province, China",贵州省薏苡仁重金属污染及农药残留的安全性评价,China,Pesticides
P04388,2022_Wang G et al_Plants_10.3390-plants11233200,Contributions of Beneficial Microorganisms in Soil Remediation and Quality Improvement of Medicinal Plants,有益微生物在药用植物土壤修复和质量提升中的贡献,China,Pesticides
P01227,10.1016_j.ecoenv.2020.111756,"Comparison of pyrolysis process, various fractions and potential soil applications between sewage sludge-based biochars and lignocellulose-based biochars",污泥基生物炭与木质纤维素基生物炭的热解过程、各种组分及潜在土壤应用比较,China,PAHs
P04384,2021_Mapodzeke J M et al_Plants_10.3390-plants10010087,Modulation of Key Physio-Biochemical and Ultrastructural Attributes after Synergistic Application of Zinc and Silicon on Rice under Cadmium Stress,锌和硅协同施用对镉胁迫下水稻关键生理生化及超微结构属性的调控,China,Pesticides
P01141,2019_Dong P et al_Chemosphere_10.1016-j.chemosphere.2019.125113,"Health risk assessment of heavy metals and pesticides: A case study in the main drinking water source in Dalian, China",重金属和农药的健康风险评估：以中国大连主要饮用水源为例,China,"OCPs,Pesticides"
P01551,10.1016_j.jhazmat.2019.121763,"Source-specific ecological risk analysis and critical source identification of heavy metals in road dust in Beijing, China",北京道路扬尘中重金属的源特异性生态风险分析及关键源识别,China,Pesticides
P01760,2019_Peng F et al_SciTotalEnviron_10.1016-j.scitotenv.2019.136281,Benthic invertebrate and microbial biodiversity in sub-tropical urban rivers: Correlations with environmental variables and emerging chemicals,亚热带城市河流中底栖无脊椎动物和微生物的生物多样性：与环境变量及新兴化学物质的相关性,China,POPs_general
P04353,2020_Medium CL_Science_10.3390-microorganisms8060946,Characterization of the Phenanthrene-Degrading Sphingobium yanoikuyae SJTF8 in Heavy Metal Co-Existing Liquid Medium and Analysis of Its Metabolic Pathway,菲降解鞘氨醇杆菌SJTF8在重金属共存液体培养基中的特性表征及其代谢途径分析,China,"PAHs,POPs_general"
P11046,2019_Huang D et al_ChemEngJ_null,"Adsorption and desorption of phenanthrene by magnetic graphene nanomaterials from water: Roles of pH, heavy metal ions and natural organic matter",水中磁性石墨烯纳米材料对菲的吸附和解吸：pH、重金属离子和天然有机物质的作用,China,PAHs
P01708,2016_Fe) RJ et al_SciTotalEnviron_10.1016-j.scitotenv.2017.08.123_1,"Pollution characteristics, risk assessment, and source apportionment of heavy metals in road dust in Beijing, China",中国北京道路扬尘中重金属的污染特征、风险评估及源解析,China,Pesticides
P02933,2018_Wang H et al_Science_10.1155-2018-9264259,Effects of Aged Oil Sludge on Soil Physicochemical Properties and Fungal Diversity Revealed by High-Throughput Sequencing Analysis,老化油泥对土壤理化性质及真菌多样性的影响：基于高通量测序分析,China,Petroleum_TPH
P07803,2018_Peng H et al_Nature_10.1007-s42452-018-0020-0,Direct advanced oxidation process for chromium(III) with sulfate free radicals,基于硫酸根自由基的铬(III)直接高级氧化工艺,China,POPs_general
P07862,2018_Yin S et al_Minerals_null,Copper Bioleaching in China: Review and Prospect,中国铜的生物浸出：回顾与展望,China,PCBs
P10991,2018_Liu J et al_EnvironPollut_null,Microbial community structure and function in sediments from e-waste contaminated rivers at Guiyu area of China,中国贵屿地区电子废弃物污染河流沉积物的微生物群落结构与功能,China,"PAHs,POPs_general"
P00112,10.1002_eap.1494,Atmospheric deposition exposes Qinling pandas to toxic pollutants,大气沉降使秦岭大熊猫接触有毒污染物,China,POPs_general
P00270,2017_Qin W et al_BioprocessBiosystEng_10.1007-s00449-017-1836-5,Comparative proteomic analysis and characterization of benzo(a)pyrene removal by Microbacterium sp. strain M.CSW3 under denitrifying conditions,反硝化条件下微杆菌 M.CSW3 去除苯并(a)芘的比较蛋白质组学分析及表征,China,"PAHs,POPs_general"
P00671,10.1007_s11356-017-8467-x,"Spatial distribution and bioaccumulation of polychlorinated biphenyls (PCBs) and polybrominated diphenyl ethers (PBDEs) in snails and sediments from Taihu Lake area, China",太湖区域螺与沉积物中多氯联苯和多溴联苯醚的空间分布及生物累积,China,"PCBs,PBDEs"
P00890,2013_Jin Yu et al_Nature_10.1007-s13205-017-0721-x,Biosorption characteristic of Alcaligenes sp. BAPb.1 for removal of lead(II) from aqueous solution,产碱杆菌 sp. BAPb.1 对水溶液中铅(II)的吸附特性,China,"PAHs,Antibiotics"
P08678,2022_Hui K et al_EnvironPollut_null_1,Nitrogen input leads to the differential accumulation of polycyclic aromatic hydrocarbons in the low- and high-density fractions in sewage-irrigated farmland soil,氮输入导致污水灌溉农田土壤低密度和高密度组分中多环芳烃的差异积累,China,"PAHs,POPs_general"
P08697,2022_Lin S et al_JHazardMater_null,"Toxic chemicals from uncontrolled e-waste recycling: Exposure, body burden, health impact",受控电子垃圾回收产生的有毒化学物质：暴露、身体负担、健康影响,China,POPs_general
P00823,2013_Distribution_Science_10.1007-s12403-016-0241-7,"Distribution and Enrichment Factors of High-Arsenic Groundwater in Inland Arid Area of P. R. China: A Case Study of the Shihezi Area, Xinjiang",中国内陆干旱区高砷地下水的分布与富集因素：以新疆石河子地区为例,China,Pesticides
P01098,2016_Zeng J et al_Chemosphere_10.1016-j.chemosphere.2016.01.019,Oxidation of polycyclic aromatic hydrocarbons using Bacillus subtilis CotA with high laccase activity and copper independence,使用具有高漆酶活性和铜独立性的枯草芽孢杆菌CotA氧化多环芳烃,China,PAHs
P04610,2016_Duan W et al_Sustainability_10.3390-su8020133,Water Quality Assessment and Pollution Source Identification of the Eastern Poyang Lake Basin Using Multivariate Statistical Methods,基于多元统计方法的鄱阳湖流域东部水质评价与污染源识别,China,POPs_general
P11640,2025_李鹏淼_Unknown_null,Study on the synergetic effect mechanism and ecological risk of microplastics and polycyclic aromatic hydrocarbons in depressed green spaces,下凹式绿地中微塑料与多环芳烃的协同影响机制及生态风险研究,China,"PAHs,POPs_general"
P03246,2015_Li Y et al_PolJEnvironStud_10.15244-pjoes-22274,Effect of Combined Pollution of Cd and B[a]P on Photosynthesis and Chlorophyll Fluorescence Characteristics of Wheat,镉与苯并[a]芘复合污染对小麦光合作用及叶绿素荧光特性的影响,China,PAHs
P04288,2015_Chen S et al_Nature_10.3390-ijms161023390,Heavy Metal Induced Antibiotic Resistance in Bacterium LSJC7,重金属诱导细菌LSJC7的抗生素抗性,China,Antibiotics
P11290,2021_刘瑞_Unknown_null,Remediation of triclosan and polycyclic aromatic hydrocarbons in sediment by a multifunctional degrading bacterium,一株多功能降解菌对底泥中三氯生和多环芳烃复合污染的修复,China,"PAHs,POPs_general"
P05186,2020_Xie Z et al_EnvironSciPollutRes_null,Occurrence of heavy metals and polycyclic aromatic hydrocarbons in typical used mineral oil from China: implications for risk management,中国典型废旧矿物油中重金属和多环芳烃的出现：对风险管理的启示,China,"PAHs,Petroleum_TPH"
P06953,2014_Fu J et al_JHazardMater_10.1016-j.jhazmat.2014.01.044,"Heavy metals in surface sediments of the Jialu River, China: Their relations to environmental factors",中国贾鲁河表层沉积物中的重金属：与环境因子的关系,China,PAHs
P10679,2014_Fu J_JHazardMater_null,"Heavy metals in surface sediments of the Jialu River, China: Their relations to environmental factors",中国贾鲁河表层沉积物中的重金属：与环境因子的关系,China,PAHs
P02893,2013_Zhu X M et al_BiomedResInt_10.1155-2013-192986,Absorption of Hazardous Pollutants by a Medicinal Fern Blechnum orientale L.,药用植物乌毛蕨对有害污染物的吸收,China,PAHs
P03098,2013_李悦等_Land_10.13292-j.1000-4890.2013.0123_1,"Impacts of zinc, benzo[a]pyrene, and their combination on the growth and antioxidant enzymes activities of wheat seedlings",锌、苯并［a］芘及其复合胁迫对小麦幼苗生长及抗氧化酶的影响,China,PAHs
P04773,2013_Dai W_AdvMaterRes_10.4028-www.scientific.net-AMR.616-618.2247,Research on Prevention and Control of Chinese Agricultural Ecological Environment Pollution to Ensure Food Safety,防治中国农业生态环境污染以确保食品安全的研究,China,Pesticides
P01256,2026_Wang M et al_Water_10.1016-j.eehl.2026.100230,Stagnant oxidative potential in declining agricultural fleets: Evidence from key particulate matter composition despite fleet renewal,衰退农业车队中停滞的氧化潜力：来自关键颗粒物成分的证据（尽管车队更新）,China,PAHs
P05185,[39]_ZhongX_2025_10.1016-j.ese.2025.100610_1,Heavy metals trigger distinct molecular transformations in microplastic-versus natural-derived dissolved organic matter,重金属在微塑料源与天然源溶解性有机质中引发不同的分子转化,China,Phenols
P11515,2024_Shu Y et al_GreenEnergyEnviron_null,"Antibiotics-heavy metals combined pollution in agricultural soils: Sources, fate, risks, and countermeasures",农业土壤中抗生素-重金属复合污染：来源、归趋、风险及对策,China,Antibiotics
P03788,2024_Su Y et al_FrontMarSci_10.3389-fmars.2024.1450208,"Long-term investigation of spatial–temporal variations, risk assessments, and controlling factors of persistent organic pollutants (HCHs, DDTs, and PAHs) and heavy metals in coastal regions along the Chinese Bohai Sea",中国渤海沿岸持久性有机污染物（HCHs、DDTs和PAHs）和重金属的时空变化、风险评估及控制因子的长期调查,China,"PAHs,OCPs,POPs_general"
P09538,2026_Wang M et al_Water_null,Stagnant oxidative potential in declining agricultural fleets: Evidence from key particulate matter composition despite fleet renewal,衰退的农业车队中停滞的氧化潜势：来自关键颗粒物成分的证据（尽管车队更新）,China,PAHs
P04194,2021_Wang F et al_IntJEnvironResPublicHealth_10.3390-ijerph18147690,Identification of Groundwater Pollution Characteristics and Health Risk Assessment of a Landfill in a Low Permeability Area,低渗透区垃圾填埋场地下水污染特征识别与健康风险评估,China,POPs_general
P08005,2019_Peng Z et al_WasteManage_10.1016-j.wasman.2019.12.028,Characterization of PCDD/Fs and heavy metal distribution from municipal solid waste incinerator fly ash sintering process,城市生活垃圾焚烧飞灰烧结过程中二噁英和重金属分布特征,China,Dioxins
P11171,2020_Wu Q et al_EnvironRes_null_1,Full-scale evaluation of reversed A2/O process for removal of multiple pollutants in sewage,倒置A2/O工艺对污水中多种污染物去除的全规模评估,China,"PBDEs,Antibiotics"
P11172,2020_Wu Q et al_EnvironRes_null,Full-scale evaluation of reversed A2/O process for removal of multiple pollutants in sewage,倒置A2/O工艺对污水中多种污染物去除的_full-scale评价,China,"PBDEs,Antibiotics"
P00407,2019_Liu J et al_EnvironMonitAssess_10.1007-s10661-019-7441-0,"Spatial distribution, source identification, and potential risk assessment of toxic contaminants in surface waters from Yulin, China",中国榆林地表水中有毒污染物的空间分布、源识别及潜在风险评估,China,"PAHs,OCPs,Pesticides"
P01318,2019_Zheng X et al_EnvironPollut_10.1016-j.envpol.2018.12.055,Cardiovascular endothelial inflammation by chronic coexposure to lead (Pb) and polycyclic aromatic hydrocarbons from preschool children in an e-waste recycling area,电子垃圾回收区学龄前儿童铅和多环芳烃慢性复合暴露对心血管内皮炎症的影响,China,PAHs
P04372,2019_Selective H et al_Science_10.3390-molecules24152745,"Highly Selective, Aptamer-Based, Ultrasensitive Nanogold Colorimetric Smartphone Readout for Detection of Cd(II)",基于适配体和纳米金的高选择性、超灵敏比色智能手机读数用于检测镉(II),China,Petroleum_TPH
P01706,2018_Xu H et al_SciTotalEnviron_10.1016-j.scitotenv.2017.08.101,"Source, health risk and composition impact of outdoor very fine particles (VFPs) to school indoor environment in Xi'an, Northwestern China",中国西北西安室外超细颗粒物对学校室内环境的来源、健康风险及成分影响,China,PAHs
P03288,2013_ZHANG H et al_Science_10.1631-jzus.B1700123,Physical and chemical characteristics of PM2.5 and its toxicity to human bronchial cells BEAS-2B in the winter and summer,冬夏两季PM2.5的理化特性及其对人支气管细胞BEAS-2B的毒性,China,POPs_general
P04081,2018_Occurrence_EnvironRes_10.3390-ijerph15071422,Occurrence and Toxicological Risk Assessment of Polycyclic Aromatic Hydrocarbons and Heavy Metals in Drinking Water Resources of Southern China,中国南方饮用水资源中多环芳烃和重金属的发生及毒理风险评估,China,PAHs
P04886,2017_Zhou Y et al_AtmosChemPhys_10.5194-acp-17-2839-2017,A comprehensive biomass burning emission inventory with high spatial and temporal resolution in China,中国高时空分辨率综合生物质燃烧排放清单,China,VOC_SVOC
P08559,2021_Sun Y et al_EnvironInt_null,Source-specific risks of synchronous heavy metals and PAHs in inhalable particles at different pollution levels: Variations and health risks during heavy pollution,不同污染水平下可吸入颗粒物中同步重金属和多环芳烃的特定源风险：重污染期间的变化与健康风险,China,PAHs
P02230,2015_Jiang X et al_WasteManage_10.1038-srep13903,Formation of Polychlorinated Biphenyls on Secondary Copper Production Fly Ash: Mechanistic Aspects and Correlation to Other Persistent Organic Pollutants,二次铜生产飞灰上多氯联苯的形成：机制方面及其与其他持久性有机污染物的相关性,China,"PCBs,POPs_general,Dioxins,PCNs_other"
P00426,2015_Li H et al_NatHazards_10.1007-s11069-014-1520-x,"Levels and environmental impact of PAHs and trace element in fly ash from a miscellaneous solid waste by rotary kiln incinerator, China",中国旋转窑焚烧炉处理混杂固体废物产生的飞灰中多环芳烃和痕量元素的含量及环境影响,China,PAHs
P00611,2014_Deng G et al_EnvironSciPollutRes_10.1007-s11356-014-2995-4,"Heavy metals and polycyclic aromatic hydrocarbons in sediments from the Shenzhen River, South China",中国南方深圳河沉积物中的重金属和多环芳烃,China,PAHs
P06949,2014_Ethers_EnvironHealth_10.1371-journal.pone.0113699,"Elevated Serum Polybrominated Diphenyl Ethers and Alteration of Thyroid Hormones in Children from Guiyu, China",中国贵屿儿童血清中升高的多溴二苯醚和甲状腺激素的改变,China,PBDEs
P10444,2009_Zhao C et al_JChromatogrSci_null,Decontamination of Organochlorine Pesticides Residue and Heavy Metal in Rehmannia glutinosa Libosch by SFE,超临界流体萃取法去除地黄中有机氯农药残留和重金属的研究,China,"OCPs,Pesticides"
P04614,2022_Xue Q et al_Toxics_10.3390-toxics10010032,Potential Risks of PM2.5-Bound Polycyclic Aromatic Hydrocarbons and Heavy Metals from Inland and Marine Directions for a Marine Background Site in North China,中国北方海洋背景站内陆和海洋方向PM2.5结合的多环芳烃和重金属的潜在风险,China,PAHs
P01268,10.1016_j.envint.2020.106162,Source-specific risks of synchronous heavy metals and PAHs in inhalable particles at different pollution levels: Variations and health risks during heavy pollution,不同污染水平下可吸入颗粒物中同步重金属和多环芳烃的源特异性风险：重污染期间的变化及健康风险,China,PAHs
P01362,10.1016_j.envpol.2020.116162,"Plasma polybrominated diphenyl ethers, urinary heavy metals and the risk of thyroid cancer: A case-control study in China",血浆多溴联苯醚、尿重金属与甲状腺癌风险：一项中国病例对照研究,China,PBDEs
P03329,2021_张友峰等_中国油脂_10.19902-j.cnki.zgyz.1003-7969.2021.07.015,"Distribution of heavy metals, polycyclic aromatic hydrocarbons and glucosinolates in rapeseed hulls and kernels",油菜籽皮仁中重金属、多环芳烃和硫苷含量分布,China,PAHs
P03183,10.1371_journal.pone.0194226,"Emission characteristics of harmful air pollutants from cremators in Beijing, China",北京火葬场有害空气污染物排放特征,China,VOC_SVOC
P02906,2014_Ding S et al_JNanomater_10.1155-2014-678489_1,Preparation and Characterization of Lecithin-Nano Ni/Fe for Effective Removal of PCB77,卵磷脂-纳米镍/铁的制备及其对PCB77的有效去除,China,PCBs
P07073,2014_Xue J et al_Unknown_null,A residue-free green synergistic antifungal nanotechnology for pesticide thiram by ZnO nanoparticles,一种利用氧化锌纳米颗粒消除福美双残留的绿色协同抗真菌纳米技术,China,Pesticides
P00971,2026_Zhang K et al_EnvironPollut_10.1016-16,Immobilized bacterial microspheres enhanced the phytoremediation of PAHs and heavy metals co-contaminated soil and shifted bacterial community structure,固定化菌微球增强多环芳烃和重金属复合污染土壤的植物修复并改变细菌群落结构,China,PAHs
P01248,10.1016_j.ecoenv.2026.119865,"The spatial distribution of heavy metal contamination, microbial communities, and resistance genes in agricultural soil near a manganese mine in China",中国锰矿附近农田土壤中重金属污染、微生物群落和抗性基因的空间分布,China,Antibiotics
P09509,2026_Jin T et al_JHazardMater_null,Application potential of phosphate-solubilizing microorganisms for remediating HMs–PAHs co-contaminated soils: Immobilization-enhanced detoxification and microbial responses,溶磷微生物修复重金属-多环芳烃复合污染土壤的应用潜力：固定化增强解毒及微生物响应,China,PAHs
P09520,2026_Ren Y et al_JHazardMater_10.1016-j.jhazmat.2026.141922_1,Fungal communities dominate ecosystem multifunctionality in heavy metal-polycyclic aromatic hydrocarbons co-polluted soils: Regulatory role of microbial biomass carbon,真菌群落主导重金属-多环芳烃复合污染土壤的生态系统多功能性：微生物生物量碳的调节作用,China,PAHs
P09547,2026_Zhong R et al_JGeochemExplor_null,"A novel integrated model for risk analysis of soil PAHs and PTEs based on Monte Carlo simulation: a case study of Shenyang, China",基于蒙特卡洛模拟的土壤PAHs和PTEs风险分析综合新模型：以中国沈阳为例,China,PAHs
P11648,2026_Kang Y et al_Unknown_null,Heavy metals and PAHs drive ecological and health risks in Chinese water level fluctuation zones,重金属和多环芳烃驱动中国消落带区域的生态与健康风险,China,PAHs
P11653,2026_Ren Y et al_JHazardMater_null,Fungal communities dominate ecosystem multifunctionality in heavy metal-polycyclic aromatic hydrocarbons co-polluted soils: Regulatory role of microbial biomass carbon,真菌群落主导重金属-多环芳烃复合污染土壤的生态系统多功能性：微生物生物量碳的调节作用,China,PAHs
P00986,2025_Hou G et al_EnvironPollut_10.1016-38,Ecotoxicological effects of rare earth mining drainage: Unraveling dual antibiotic resistance gene regulation and risk-abundance decoupling through microbial community restructuring,稀土开采排水的生态毒理效应：通过微生物群落重建揭示双重抗生素抗性基因调控及风险-丰度解耦,China,Antibiotics
P01644,10.1016_j.jhazmat.2025.140371,Metallurgical organic pollutants assisted source apportionment of mobile heavy metals on artisanal non-ferrous metal processing contamination,冶金有机污染物辅助手工非有色金属加工污染中移动重金属的源解析,China,"PAHs,POPs_general"
P09436,2025_Sun P et al_EnvironPollut_10.1016-47,"Quantification of an integrated approach to heavy metal source apportionment and probabilistic health risk assessment in the black soil region of central Jilin Province, China",吉林中部黑土区重金属源解析及概率健康风险评估的集成方法量化,China,Pesticides
P11581,2025_Jiang XN et al_Sustainability_null,Characteristics of environmental efficiency for different types of contaminated sites in China,中国不同类型污染场地的环境效率特征,China,VOC_SVOC
P01855,10.1016_j.scitotenv.2024.173385,Ryegrass uptake behavior and forage risk assessment after exposing to soil with combined polycyclic aromatic hydrocarbons and cadmium,黑麦草在多环芳烃和镉复合暴露土壤中的吸收行为及饲草风险评估,China,PAHs
P05436,10_3390_su11030556,Analysis of heavy metal and polycyclic aromatic hydrocarbon pollution characteristics of a typical metal rolling industrial site based on data mining,基于数据挖掘的典型金属轧制工业场地重金属和多环芳烃污染特征分析,China,"PAHs,Petroleum_TPH"
P09050,2024_Li D et al_EnvironGeochemHealth_null,Analysis of heavy metal and polycyclic aromatic hydrocarbon pollution characteristics of a typical metal rolling industrial site based on data mining,基于数据挖掘的典型金属轧制工业场地重金属和多环芳烃污染特征分析,China,"PAHs,Petroleum_TPH"
P11485,2024_Li S et al_EnvironRes_null_1,Interaction of heavy metals and polycyclic aromatic hydrocarbons in soil-crop systems: The effects and mechanisms,重金属与多环芳烃在土壤-作物系统中的相互作用：效应与机制,China,PAHs
P00830,2023_Exposure H_ExposHealth_10.1007-s12403-022-00520-3,"Integrated Insights into Source Apportionment and Source-Specific Health Risks of Potential Pollutants in Urban Park Soils on the Karst Plateau, SW China",中国西南喀斯特高原城市公园土壤中潜在污染物源解析及源特异性健康风险的综合性研究,China,PAHs
P01415,10.1016_j.envres.2023.115799,"Diffusion and enrichment of high-risk antibiotic resistance genes (ARGs) via the transmission chain (mulberry leave, guts and feces of silkworm, and soil) in an ecological restoration area of manganese mining, China: Role of heavy metals",中国锰矿区生态修复区通过传输链（桑叶、蚕肠道和粪便及土壤）扩散和富集高风险抗生素抗性基因：重金属的作用,China,Antibiotics
P02154,2018_Bai ZLY et al_EnvironPollut_10.1038-s41598-021-XXXXX-X,"Driving factors on accumulation of cadmium, lead, copper, zinc in agricultural soil and products of the North China Plain",华北平原农田土壤及产品中镉铅铜锌积累的驱动因子,China,Pesticides
P05053,10.61173_vcvnzr96_OpenAlexOA,Research Progress of Soil Pollution and Its Remediation Technology,土壤污染及其修复技术的研究进展,China,POPs_general
P08156,2020_He T et al_Agriculture_null,"Comprehensive Analysis of Antimicrobial, Heavy Metal, and Pesticide Residues in Commercial Organic Fertilizers and Their Correlation with Tigecycline-Resistant tet(X)-Variant Genes",商品有机肥中抗菌药物、重金属和农药残留的综合分析及其与替加环素耐药tet(X)变异基因的相关性,China,Pesticides
P09184,2024_Xie X et al_EcotoxicolEnvironSaf_null_1,"Spatial interaction and risk zoning of compound pollutants in farmland soils: Insights from heavy metals and polycyclic aromatic hydrocarbons in Hezhang County, China",农田土壤复合污染物的空间相互作用与风险分区：来自中国赫章县重金属和多环芳烃的启示,China,PAHs
P09185,2024_Xie X et al_EcotoxicolEnvironSaf_null_2,"Spatial interaction and risk zoning of compound pollutants in farmland soils: Insights from heavy metals and polycyclic aromatic hydrocarbons in Hezhang County, China",农田土壤复合污染物的空间相互作用与风险分区：来自中国赫章县重金属和多环芳烃的启示,China,PAHs
P09370,2025_Ma J et al_EcotoxicolEnvironSaf_null,Biochar enhances the remediation of fluorene and Cd(II) co-contamination by Burkholderia sp. FM-2,生物炭增强伯克霍尔德氏菌 FM-2 对芴和镉复合污染的修复,China,PAEs
P11404,2023_Liu Z et al_SciTotalEnviron_null,A Monte Carlo simulation-based health risk assessment of heavy metals in soils of an oasis agricultural region in northwest China,基于蒙特卡洛模拟的中国西北绿洲农业区土壤重金属健康风险评估,China,Pesticides
P11405,2023_Lu X et al_EcotoxicolEnvironSaf_null_1,Feature fusion improves performance and interpretability of machine learning models in identifying soil pollution of potentially contaminated sites,特征融合提高了识别潜在污染场地土壤污染的机器学习模型的性能和可解释性,China,POPs_general
P00273,2022_Hua C et al_StochEnvironResRiskAssess_10.1007-s00477-021-02139-1,"Contamination, risk assessment and source apportionment of the heavy metals in the soils of apple orchard in Qixia City, Shandong Province, China",中国山东省栖霞市苹果园土壤重金属污染、风险评价及源解析,China,Pesticides
P00975,10.1016_22,Fungal communities dominate ecosystem multifunctionality in heavy metal-polycyclic aromatic hydrocarbons co-polluted soils: Regulatory role of microbial biomass carbon,真菌群落主导重金属-多环芳烃复合污染土壤的生态系统多功能性：微生物生物量碳的调节作用,China,PAHs
P01069,10.1016_j.cej.2021.133169,Remediation of emerging contaminated sites due to uncontrolled e-waste recycling,不受控制的电子废物回收导致的新兴污染场地的修复,China,"VOC_SVOC,POPs_general"
P03075,2016_熊惠磊等_环境工程_10.13205-j.hjgc.201607037,ENGINEERING APPLICATION OF MULTIL-SIEVING SOIL WASHING EQUIPMENTS IN CO-CONTAMINATED SOIL REMEDIATION PROJECT,多级筛分式淋洗设备在复合污染土壤修复项目中的工程应用,China,PAHs
P03078,2021_吴志远_土壤_10.13227-j.hjkx.201910152,Quantitative Assessment of Human Health Risk Based on Sources of Soil Heavy Metals and PAHs: A Case Study of an Industrial Contaminated Site in Beijing,基于土壤重金属及PAHs来源的人体健康风险定量评价:以北京某工业污染场地为例,China,PAHs
P03244,2023_Tan T et al_PolJEnvironStud_10.15244-pjoes-155966,Source Analysis of Black Carbon with Polycyclic Aromatic Hydrocarbons and Heavy Metals in Sediments and Soils and its Heath Risk Assessment from Chan & Ba River Drainage Basin of China,中国灞河流域沉积物与土壤中黑碳与多环芳烃及重金属的源解析及其健康风险评估,China,PAHs
P05184,10_1016_j_envpol_2025_126365,"Integrated thermal and biostimulant enhanced bioremediation of PAHs and arsenic co-contaminated soil by an indigenous microbial consortium: Performance, mechanisms and limitations",利用土著微生物菌群整合热和生物刺激强化修复多环芳烃和砷复合污染土壤：性能、机制与局限性,China,PAHs
P08473,2021_Lin S et al_Science_10.1016-j.cej.2021.133169,Remediation of emerging contaminated sites due to uncontrolled e-waste recycling,电子废物回收引起的污染场地修复,China,"VOC_SVOC,POPs_general"
P08644,2022_Bo X et al_EnvironPollut_null,"Characteristics, correlations and health risks of PCDD/Fs and heavy metals in surface soil near municipal solid waste incineration plants in Southwest China",中国西南地区垃圾焚烧厂附近土壤中PCDD/Fs和重金属的特征、相关性及健康风险,China,Dioxins
P08681,2022_Jia J et al_SciTotalEnviron_null,"Fractionation, source, and ecological risk assessment of heavy metals in cropland soils across a 100-year reclamation chronosequence in an estuary, South China","Fractionation, source, and ecological risk assessment of heavy metals in cropland soils across a 100-year reclamation chronosequence in an estuary, South China",China,Pesticides
P08682,2022_Jiao A et al_Chemosphere_null,Effect of nitrilotriacetic acid and tea saponin on the phytoremediation of Ni by Sudan grass (Sorghum sudanense (Piper) Stapf.) in Ni-pyrene contaminated soil,氨基三乙酸和茶皂素对苏丹草修复镍-芘复合污染土壤的影响,China,PAHs
P08932,2023_Zhang B et al_EnvironPollut_null_2,"Estimation of heavy metal soil contamination distribution, hazard probability, and population at risk by machine learning prediction modeling in Guangxi, China",中国广西基于机器学习预测模型的土壤重金属污染分布、风险概率及风险人口估算,China,Petroleum_TPH
P01509,2021_Li M et al_JEnvironSci_10.1016-j.jes.2021.02.002,Co-metabolic and biochar-promoted biodegradation of mixed PAHs by highly efficient microbial consortium QY1,共代谢和生物炭促进高效微生物菌群QY1对混合PAHs的生物降解,China,"PAHs,POPs_general"
P05091,10_1002_(SICI,"Risk assessment and ecotoxicological diagnosis of soil from a chemical industry park in Nanjing, China",南京某化学工业园区的风险评估及土壤生态毒理学诊断,China,PAHs
P05201,10_1016_j_jhazmat_2026_141922,Fungal communities dominate ecosystem multifunctionality in heavy metal-polycyclic aromatic hydrocarbons co-polluted soils: Regulatory role of microbial biomass carbon,真菌群落主导重金属-多环芳烃复合污染土壤的生态系统多功能性：微生物生物量碳的调节作用,China,PAHs
P05210,10_1016_j_scitotenv_2022_157506,"Levels, profiles and potential human health risks of brominated and parent polycyclic aromatic hydrocarbons in soils around three different types of industrial areas in China",中国三种不同类型工业区周围土壤中溴代及母体多环芳烃的浓度、谱分布及潜在人体健康风险,China,"PAHs,POPs_general,Dioxins"
P08435,2021_Hu J et al_EnvironPollut_null,Direct Analysis of Soil Composition for Source Apportionment by Laser Ablation Single-Particle Aerosol Mass Spectrometry,激光剥蚀单颗粒气溶胶质谱法直接分析土壤组成及源解析,China,PAHs
P08445,2021_Kalkhajeh YK et al_AgricEcosystEnviron_null,Environmental soil quality and vegetable safety under current greenhouse vegetable production management in China,中国当前温室蔬菜生产管理下的环境土壤质量与蔬菜安全,China,"Pesticides,Antibiotics,PAEs"
P08461,2021_Li G et al_EnvironTechnolInnov_null,Effect of culturing ryegrass (Lolium perenne L.) on Cd and pyrene removal and bacteria variations in co-contaminated soil,黑麦草培养对复合污染土壤中镉和芘去除及细菌变化的影响,China,PAHs
P08462,2021_Li G et al_EnvironTechnolInnov_null_1,Effect of culturing ryegrass (Lolium perenne L.) on Cd and pyrene removal and bacteria variations in co-contaminated soil,种植黑麦草对复合污染土壤中镉和芘去除及细菌变化的影响,China,PAHs
P08470,2021_Li Z et al_SciTotalEnviron_null,"Organophosphorus pesticides in greenhouse and open-field soils across China: Distribution characteristic, polluted pathway and health risk",中国温室和露天农田土壤中有机磷农药的分布特征、污染途径及健康风险,China,Pesticides
P08618,2021_Zhang T et al_Ecotoxicology_null,"Risk assessment and ecotoxicological diagnosis of soil from a chemical industry park in Nanjing, China",南京某化学工业园土壤的风险评估与生态毒理诊断,China,PAHs
P09502,2026_Ding YW et al_EcotoxicolEnvironSaf_null,"The spatial distribution of heavy metal contamination, microbial communities, and resistance genes in agricultural soil near a manganese mine in China",中国某锰矿附近农业土壤中重金属污染、微生物群落和抗性基因的空间分布,China,Antibiotics
P00073,0000_Yang M et al_ApplSoilEcol_null,Effect of cadmium on pyrene biodegradation in solution and soil using free and immobilized Escherichia sp. on biochar,利用游离和固定在生物炭上的大肠杆菌研究镉对溶液和土壤中芘生物降解的影响,China,PAHs
P00706,2020_Zhang M et al_EnvironSciPollutRes_10.1007-s11356-020-10234-z,Quantitative source identification and apportionment of heavy metals under two different land use types: comparison of two receptor models APCS-MLR and PMF,两种不同土地利用类型下重金属的定量源识别与解析：两种受体模型APCS-MLR和PMF的比较,China,Pesticides
P08168,2020_Huo Z et al_Sustainability_null,A Soil Environmental Quality Assessment Model Based on Data Fusion and Its Application in Hebei Province,基于数据融合的土壤环境质量评价模型及其在河北省的应用,China,"PAHs,Pesticides,POPs_general"
P08510,2021_PAHs et al_EnvironPollut_null,"Ecological risk and early warning of soil compound pollutants (HMs, PAHs, PCBs and OCPs) in an industrial city, Changchun, China",中国工业城市长春土壤复合污染物（重金属、多环芳烃、多氯联苯和有机氯农药）的生态风险及预警,China,"PAHs,PCBs,OCPs,Pesticides"
P08704,2022_Liu Q et al_EnvironPollut_null,"Spatial clustering and source-specific risk of combined pollutants in soils from an industrial area in Shanxi Province, China",山西省某工业区土壤中复合污染物的空间聚类及源特异性风险,China,PAHs
P08705,2022_Liu Q et al_EnvironPollut_null_1,"Spatial clustering and source-specific risk of combined pollutants in soils from an industrial area in Shanxi Province, China",中国山西省某工业区土壤中复合污染物的空间聚类及特异性来源风险,China,PAHs
P08897,2023_Tang R et al_SciTotalEnviron_null,Human activities contributing to the accumulation of high-risk trace metal (loid)s in soils of China's five major urban agglomerations,人类活动对中国五大城市群土壤高风险痕量金属积累的影响,China,Pesticides
P00411,2019_Monitoring HE_EnvironMonitAssess_10.1007-s10661-019-7514-7,"Distribution characteristics and health risk assessment of heavy metals and PAHs in the soils of green spaces in Shanghai, China",中国上海绿地土壤中重金属和多环芳烃的分布特征及健康风险评估,China,PAHs
P05168,10_1016_j_ecoenv_2020_110651,Residual effects of organochlorine pesticides (OCPs) in an e-waste recycling area compared with heavy metal pollution,电子废物回收区有机氯农药残留效应与重金属污染的比较,China,"OCPs,Pesticides"
P07219,2015_Sun Y et al_EnvironHealth_null,"Soil contamination in China: current priorities, defining background levels and standards for heavy metals",中国土壤污染：当前的重金属背景值与标准制定重点,China,Petroleum_TPH
P07920,2019_Elyamine AM et al_IntJMolSci_null,Modified Rice Straw Enhanced Cadmium (II) Immobilization in Soil and Promoted the Degradation of Phenanthrene in Co-Contaminated Soil,改良水稻秸秆增强土壤中镉的固定并促进复合污染土壤中菲的降解,China,"PAHs,Phenols"
P08078,2019_Zhang M et al_Geoderma_null,Assisted phytoremediation of a co-contaminated soil with biochar amendment: Contaminant removals and bacterial community properties,生物炭辅助植物修复重金属与有机农药复合污染土壤：污染物去除与细菌群落特征,China,Pesticides
P08109,2020_Chen H et al_JEnvironManage_null,"Animal carcass- and wood-derived biochars improved nutrient bioavailability, enzyme activity, and plant growth in metal-phthalic acid ester co-contaminated soils: A trial for reclamation and improvement of degraded soils",动物尸体和木材来源的生物炭提高了金属-邻苯二甲酸酯复合污染土壤中营养物质的生物有效性、酶活性和植物生长：退化土壤恢复和改良的试验,China,PAEs
P10788,2015_Resources et al_Science_null,The effects of activated biochar addition on remediation efficiency of cocomposting with contaminated wetland soil,活性生物炭添加对污染湿地土壤共堆肥修复效率的影响,China,PAHs
P11100,2019_Wu Z et al_EcotoxicolEnvironSaf_null_2,"Effects of soil properties, heavy metals, and PBDEs on microbial community of e-waste contaminated soil",土壤属性、重金属和PBDEs对电子废弃物污染土壤微生物群落的影响,China,PBDEs
P11104,2019_Yang S et al_EnvironInt_null,An integrated analysis on source-exposure risk of heavy metals in agricultural soils near intense electronic waste recycling activities,电子废弃物回收区附近农田土壤重金属的来源-暴露风险综合分析,China,Pesticides
P00870,2018_Feng Jing et al_EnvironEarthSci_10.1007-s12665-018-7299-4,"Heavy metals status, transport mechanisms, sources, and factors affecting their mobility in Chinese agricultural soils",中国农田土壤重金属现状、运移机制、来源及其影响因素,China,Pesticides
P09845,0000_Unknown_Unknown_null_11,STUDY ON SIMULTANEOUS REMOVAL OF MERCURY AND POLYCYCLIC AROMATIC HYDROCARBONS FROM SOIL BY ENERGY PLANTS,能源植物同时去除土壤中汞和多环芳烃的研究,China,PAHs
P10880,2016_徐慧秋_生态学报_null,"Agricultural soil contamination from As and Cd and its responses to landscape heterogeneity at multiple scales in Guangzhou, China",广州市农业土壤 As 和 Cd 污染及其对景观异质性的多尺度响应,China,"Petroleum_TPH,Pesticides"
P10996,2018_Ma Y et al_ChemEngJ_null,Remediation of hydrocarbon–heavy metal co-contaminated soil by electrokinetics combined with biostimulation,电动学结合生物刺激修复烃-重金属复合污染土壤,China,"Petroleum_TPH,POPs_general"
P02096,10_1038_s41598_017_07831_3,Phytoremediation potential of Acorus calamus in soils cocontaminated with cadmium and polycyclic aromatic hydrocarbons,菖蒲对镉和多环芳烃复合污染土壤的植物修复潜力,China,PAHs
P07413,2016_Sun Y et al_JEnvironManage_null,"Soil contamination in China: Current priorities, defining background levels and standards for heavy metals",中国的土壤污染：当务之急、定义背景值与重金属标准,China,Petroleum_TPH
P07606,2017_Shen ZJ et al_EcotoxicolEnvironSaf_null,"Heavy metals translocation and accumulation from the rhizosphere soils to the edible parts of the medicinal plant Fengdan (Paeonia ostii) grown on a metal mining area, China",中国金属矿区药用植物凤丹(Paeonia ostii)根际土壤中重金属的转移与积累,China,PAEs
P08700,2022_Lin S et al_ChemEngJ_null,Remediation of emerging contaminated sites due to uncontrolled e-waste recycling,不受控制的电子废物回收导致的新兴污染场地的修复,China,"VOC_SVOC,POPs_general"
P00901,2016_Hou Y et al_IntJEnvironSciTechnol_10.1007-s13762-015-0927-6,Effects of key components of S. triqueter root exudates on fractions and bioavailability of pyrene–lead co-contaminated soils,Triquetrous S. ( triqueter ) 根分泌物关键组分对芘-铅复合污染土壤形态及生物有效性的影响,China,PAHs
P07473,2016_Zhiqun Chen_EnvironSciPollutRes_null,"Nutrients, heavy metals and phthalate acid esters in solar greenhouse soils in Round-Bohai Bay-Region, China: impacts of cultivation year and biogeography",环渤海地区日光温室土壤中的养分、重金属及邻苯二甲酸酯：种植年限与生物地理的影响,China,PAEs
P00398,2007_Zn et al_Water_10.1007-s10661-015-4360-6,"Concentrations, distribution, sources, and ecological risk assessment of heavy metals in agricultural topsoil of the Three Gorges Dam region, China",三峡大坝区域农业表层土壤重金属的浓度、分布、来源及生态风险评估,China,Pesticides
P00631,2015_Wang L et al_EnvironSciPollutRes_10.1007-s11356-015-5273-2,A review of soil cadmium contamination in China including a health risk assessment,中国土壤镉污染综述及健康风险评估,China,Pesticides
P00633,2013_Zhang Q et al_EnvironSciPollutRes_10.1007-s11356-015-5319-0,Temporal trends and risk assessment of polychlorinated biphenyls and heavy metals in a solid waste site in Taizhou China,台州某固体废物场地多氯联苯及重金属的时间趋势与风险评估,China,"PCBs,Dioxins"
P01267,2014_Lu Yonglong et al_EnvironInt_10.1016-j.envint.2014.12.010,Impacts of soil and water pollution on food safety and health risks in China,土壤和水污染对中国食品安全与健康风险的影响,China,Pesticides
P05722,2004_Delt HPR et al_Water_null,"Heavy metal pollution in surface soils of Pearl River Delta, China",中国珠三角地区表层土壤中的重金属污染,China,Pesticides
P07111,2015_Chen C et al_EnvironSciPollutRes_null,Characterization of Cu(II) and Cd(II) resistance mechanisms in Sphingobium sp. PHE-SPH and Ochrobactrum sp. PHE-OCH and their potential application in the bioremediation of heavy metal-phenanthrene co-contaminated sites,鞘氨醇单胞菌PHE-SPH和苍白杆菌PHE-OCH的Cu(II)和Cd(II)抗性机制及其在重金属-菲共污染场地生物修复中的潜在应用,China,PAHs
P07154,2015_Jiang J et al_EcotoxicolEnvironSaf_null,Combined remediation of Cd–phenanthrene co-contaminated soil by Pleurotus cornucopiae and Bacillus thuringiensis FQ1 and the antioxidant responses in Pleurotus cornucopiae,糙皮侧耳与苏云金芽孢杆菌FQ1联合修复镉-菲复合污染土壤及其抗氧化响应,China,PAHs
P10851,2016_Song F et al_SciRep_null,Transcriptome analysis of Glomus mosseae/Medicago sativa mycorrhiza on atrazine stress,阿特拉津胁迫下摩西球囊霉/紫花苜蓿菌根的转录组分析,China,Pesticides
P11356,2022_刘霖_Unknown_null,Ecological and Health Risk Assessment of Soil and Outdoor Dust Pollution in Typical Logistics Industrial Zones in Harbin,哈尔滨市典型物流工业区土壤及室外灰尘污染生态、健康风险评价,China,PAHs
P00613,2014_Sun L et al_EnvironSciPollutRes_10.1007-s11356-014-3166-7,Evaluation of heavy metal and polycyclic aromatic hydrocarbons accumulation in plants from typical industrial sites: potential candidate in phytoremediation for co-contamination,典型工业区植物中重金属和多环芳烃积累的评估：复合污染植物修复的潜在候选植物,China,PAHs
P07074,2014_Xu X et al_EcotoxicolEnvironSaf_null,Sources of heavy metal pollution in agricultural soils of a rapidly industrializing area in the Yangtze Delta of China,中国长江三角洲快速工业化地区农业土壤重金属污染的来源,China,Pesticides
P08442,2021_Kalkhajeh Y et al_AgricEcosystEnviron_null,Environmental soil quality and vegetable safety under current greenhouse vegetable production management in China,中国当前温室蔬菜生产管理下的环境土壤质量与蔬菜安全,China,"Pesticides,Antibiotics,PAEs"
P03079,2018_徐强_环境科学_10.13227-j.hjkx.201710007,Life Cycle Environmental Impact Assessment on Different Modes of Greenhouse Vegetable Production in the North China Plain,华北平原不同生产模式设施蔬菜生命周期环境影响评价,China,Pesticides
P06748,2012_Zhu YG et al_ProcNatlAcadSciUSA_null,Diverse and abundant antibiotic resistance genes in Chinese swine farms,中国养猪场中多样且丰富的抗生素抗性基因,China,Antibiotics
P08447,2021_Kalkhajeh YK et al_AgricEcosystEnviron_null_1,Environmental soil quality and vegetable safety under current greenhouse vegetable production management in China,中国当前温室蔬菜生产管理下的环境土壤质量与蔬菜安全,China,"Pesticides,Antibiotics,PAEs"
P10531,2011_Peng C et al_null_null,Assessing the combined risks of PAHs and metals in urban soils by urbanization indicators,基于城市化指标评价城市土壤中多环芳烃和重金属的复合风险,China,PAHs
P03108,10.13421_j．cnki．hjwsxzz,Pollution and Ecological Environment in Electronic Waste Dismantling Places and Health Effects of Heavy Metals and Bromine Flame Retardants,电子垃圾拆解场地土壤重金属和溴代阻燃剂的污染现状及其对生态环境和人体健康影响,China,"PBDEs,POPs_general"
P05069,2021_孔颖_环境科学_10.7524-j.issn.0254-6108.2020050603,Research progress on analysis of the properties of natural organic matter and its interaction with soil minerals and exogenous pollutants,天然有机质的性质分析及其与土壤矿物和外源污染物相互作用研究进展,China,POPs_general
P06323,2010_Dong X et al_JHazardMater_null,A novel approach for soil contamination assessment from heavy metal pollution: A linkage between discharge and adsorption,重金属土壤污染评估的新方法：排放与吸附之间的联系,China,Petroleum_TPH
P08931,2023_Zhang B et al_EnvironPollut_null_1,"Estimation of heavy metal soil contamination distribution, hazard probability, and population at risk by machine learning prediction modeling in Guangxi, China",基于机器学习预测模型的广西土壤重金属污染分布、危害概率及风险人口估算,China,Petroleum_TPH
P06230,2009_Li J et al_JHazardMater_null,Analysis and assessment on heavy metal sources in the coastal soils developed from alluvial deposits using multivariate statistical methods,基于多元统计方法的冲积物发育沿海土壤重金属来源分析与评估,China,Pesticides
P06288,2009_Zhang H et al_IntJEnvironSciTechnol_null,Remediation of soil co-contaminated with pyrene and cadmium by growing maize (Zea mays L.),种植玉米修复芘和镉复合污染土壤,China,"PAHs,POPs_general"
P10228,2005_Chen Y_EnvironInt_null,Residues and source identification of persistent organic pollutants in farmland soils irrigated by effluents from biological treatment plants,生物处理厂出水灌溉的农田土壤中持久性有机污染物的残留及源解析,China,"PAHs,OCPs,Pesticides,POPs_general"
P09516,2026_Microplastics M et al_Science_10.3390-toxics14050406Toxics,"From Legacy Contamination to Green Infrastructure: Heavy Metal, Microplastics and Nutrient Pollution Management in the Yangtze River Basin",从遗留污染到绿色基础设施：长江流域重金属、微塑料和营养物质污染管理,China,POPs_general
P11622,2025_Unknown_Unknown_null_4,Soil Production Ecological Function Pollution Diagnosis Report,土壤生产生态功能污染诊断报告,China,"PAHs,POPs_general"
P01249,10.1016_j.ecoenv.2025.118925,Co-occurrence behaviors of per- and polyfluoroalkyl substances (PFASs) and heavy metals in the groundwater of dyeing industrial sites in southern China,中国南方印染工业场地地下水中全氟和多氟烷基物质(PFASs)与重金属的共存行为,China,PFAS
P11579,2025_He Q et al_JHazardMater_null,A comprehensive strategy for major pollutant source tracing and early warning based on human activities: A case study of heavy metal contamination in edible fish in China,基于人类活动的主要污染物源解析与早期预警综合策略：以中国食用鱼类重金属污染为例,China,Pesticides
P11582,2025_Jin W et al_MarPollutBull_null,Low ecological risks for heavy metals and total petroleum hydrocarbons on typical coastal petrochemical sewage discharge waters: Monitoring and evaluation under One Health framework,典型沿海石化污水排放水域重金属和总石油烃的低生态风险：全健康框架下的监测与评估,China,Petroleum_TPH
P11628,2025_Wu J et al_EnvironPollut_null,Co-occurrence behaviors of per- and polyfluoroalkyl substances (PFASs) and heavy metals in the groundwater of dyeing industrial sites in southern China,中国南部染料工业场地地下水中全氟及多氟烷基物质（PFASs）与重金属的共存行为,China,PFAS
P05340,10_11922_scienc,A comprehensive strategy for major pollutant source tracing and early warning based on human activities: A case study of heavy metal contamination in edible fish in China,基于人类活动的主要污染物源追踪和早期预警的综合策略：以中国食用鱼重金属污染为例,China,Pesticides
P01482,2022_Zhang Z et al_JCleanProd_10.1016-j.jclepro.2022.135417,"Impact of co-contamination by PAHs and heavy metals on micro-ecosystem in bioretention systems with soil, sand, and water treatment residuals",多环芳烃和重金属复合污染对土壤、砂和水处理残渣生物滞留系统微生态系统的影响,China,PAHs
P09298,2025_Fan QX et al_EnvironPollut_null,Weighted comprehensive risk assessment and pollution analysis of long-term printing and dyeing sludge landfills in an industrialized Chinese city,中国工业化城市长期印染污泥填埋场的加权综合风险评估与污染分析,China,"PAHs,PCBs,Petroleum_TPH,Antibiotics"
P03118,2008_孙峰_环境科学_10.13671-j.hjkxxb.2008.12.004,The characteristics of heavy metals and PAHs in sewage sludges and their relationships,污泥中重金属和多环芳烃的存在特性及其相互关系,China,PAHs
P07973,2019_Liu Y et al_Sustainability_null,"Does Farmland Rental Contribute to Reduction of Agrochemical Use? A Case of Grain Production in Gansu Province, China",农地租赁是否有助于减少农用化学品的使用？中国甘肃省粮食生产的案例,China,Pesticides
P02991,10.1186_s12864-018-4960-y,Omics for understanding the tolerant mechanism of Trichoderma asperellum TJ01 to organophosphorus pesticide dichlorvos,利用组学研究木霉菌TJ01对有机磷农药敌敌畏的耐受机制,China,Pesticides
P07865,2018_You Z et al_ApplSci_null,Comparison of Petroleum Hydrocarbons Degradation by Klebsiella pneumoniae and Pseudomonas aeruginosa,肺炎克雷伯氏菌与铜绿假单胞菌对石油烃降解的比较,China,Petroleum_TPH
P07566,2017_Liu X et al_SciRep_null,A Valuable Biochar from Poplar Catkins with High Adsorption Capacity for Both Organic Pollutants and Inorganic Heavy Metal Ions,一种来自杨絮的具有高吸附有机和无机重金属离子能力的有价值生物炭,China,POPs_general
P07445,2016_Wang H et al_PolJEnvironStud_10.15244-pjoes-62904,"The Levels and Risks of Heavy Metals, Polycyclic Aromatic Hydrocarbons, and Polychlorinated Biphenyls in Hun River in Northeastern China",中国东北浑河重金属、多环芳烃和多氯联苯的含量及风险,China,"PAHs,PCBs"
P06762,2013_Bi C.J. et al_Pedosphere_null,Quantitative Assessment of Soil Health Under Different Planting Patterns and Soil Types,不同种植模式和土壤类型下的土壤健康定量评估,China,OCPs
P06892,2013_Zhang S et al_Talanta_null,Metal-organic framework-199/graphite oxide hybrid composites coated solid-phase microextraction fibers coupled with gas chromatography for determination of organochlorine pesticides from complicated samples,金属有机框架-199/氧化石墨烯杂化复合材料涂层固相微萃取纤维结合气相色谱测定复杂样品中的有机氯农药,China,"OCPs,Pesticides"
P11184,2020_宋梓菡_Unknown_null,Spatial Distribution and Environmental Effects of Polycyclic Aromatic Hydrocarbons and Heavy Metals in Snowpack in Harbin,哈尔滨市积雪中多环芳烃和重金属的空间分布特征与环境效应研究,China,PAHs
P11449,2023_资产信息网_Unknown_null,2024 China Soil Remediation Industry Research Report,2024年中国土壤修复行业研究报告,China,POPs_general
P11305,2022_Cui M_EnvironPollut_null,"Trace metals, polycyclic aromatic hydrocarbons and polychlorinated biphenyls in the surface sediments from Sanya River, China: Distribution, sources and ecological risk",中国三亚河表层沉积物中的微量金属、多环芳烃和多氯联苯：分布、来源及生态风险,China,"PAHs,PCBs"
P01801,2021_Ma S et al_SciTotalEnviron_10.1016-j.scitotenv.2021.147845,An environmental-friendly pesticide-fertilizer combination fabricated by in-situ synthesis of ZIF-8,一种通过原位合成ZIF-8制备的环境友好型农药-肥料复合物,China,Pesticides
P07668,2017_Zhou Y et al_SciRep_null,Simultaneous removal of atrazine and copper using polyacrylic acidfunctionalized magnetic ordered mesoporous carbon from water: adsorption mechanism,利用聚丙烯酸功能化磁性有序介孔碳从水中同时去除阿特拉津和铜：吸附机理,China,"Pesticides,POPs_general"
P02760,2015_Li Y et al_EnvironEngSci_10.1089-ees.2014.0489,Simultaneous Adsorption of Heavy Metal and Organic Pollutant onto Citrate-Modified Layered Double Hydroxides with Dodecylbenzenesulfonate,柠檬酸改性层状双金属氢氧化物对重金属和有机污染物的同步吸附,China,POPs_general
P07112,2015_Chen M et al_WasteManage_null,Comparative study on copper leaching from waste printed circuit boards by typical ionic liquid acids,典型离子液体酸从废弃印刷电路板中浸出铜的对比研究,China,PCBs
P02963,10.1186_1471-2431-14-82,The Environment and Children’s Health Care in Northwest China,中国西北地区的环境与儿童保健,China,"PCBs,Pesticides"
