sample_idx,site_id,track,OI_t
0,1,production,0.5954
1,2,production,0.6389
2,3,production,0.5575
3,4,production,0.6347
4,5,production,0.6422
5,6,production,0.5974
6,7,production,0.5568
7,8,production,0.5988
8,9,production,0.6359
9,10,production,0.4341
10,11,production,0.6825
11,12,production,0.4341
12,13,production,0.4341
13,14,production,0.667
14,15,production,0.6218
15,16,production,0.4341
16,17,production,0.4341
17,18,production,0.4341
18,19,production,0.4341
19,20,production,0.4822
20,21,production,0.4341
21,22,production,0.4341
22,23,production,0.4341
23,24,production,0.4341
24,25,production,0.4341
25,26,production,0.0
26,27,production,0.6115
27,28,production,0.5895
28,29,production,0.0
29,30,production,0.765
30,31,production,0.765
31,32,production,0.765
32,33,production,0.0
33,34,production,0.0
34,35,production,0.0
35,36,production,0.6657
36,37,production,0.0
37,38,production,0.7935
38,39,production,0.6047
39,40,production,0.6671
40,41,production,0.2812
41,42,production,0.4195
42,43,production,0.5588
43,44,production,0.798
44,45,production,0.5339
45,46,production,0.5269
46,47,production,0.6627
47,48,production,0.3885
48,49,production,0.9286
49,50,production,0.6933
50,51,production,0.7714
51,52,production,0.8465
52,53,production,0.6933
53,54,production,0.7084
54,55,production,0.6627
55,56,production,1.0
56,57,production,1.0
57,58,production,0.6528
58,59,production,0.4815
59,60,production,0.6021
60,61,production,0.4562
61,62,production,0.718
62,63,production,0.5941
63,64,production,0.4292
64,65,production,0.5759
65,66,production,0.4981
66,67,production,0.5557
67,68,production,0.6021
68,69,production,0.727
69,70,production,0.8071
70,71,production,0.8036
71,72,production,0.6
72,73,production,0.3349
73,74,production,0.6042
74,75,production,0.588
75,76,production,0.5994
76,77,production,0.6066
77,78,production,0.611
78,79,production,0.7382
79,80,production,0.5623
80,81,production,0.6052
81,82,production,0.6073
82,83,production,0.5674
83,84,production,0.9979
84,85,production,0.5633
85,86,production,0.5972
86,87,production,0.6624
87,88,production,0.6682
88,89,production,1.0
89,90,production,0.5876
90,91,production,0.5374
91,92,production,0.7939
92,93,production,0.6738
93,94,production,0.6791
94,95,production,1.0
95,96,production,0.6072
96,97,production,0.0
97,98,production,0.3847
98,99,production,0.4812
99,100,production,0.7402
100,101,production,0.5577
101,102,production,0.4558
102,103,production,0.5604
103,104,production,0.6433
104,105,production,0.6072
105,106,production,0.9701
106,107,production,0.5558
107,108,production,0.9093
108,109,production,0.7287
109,110,production,0.0
110,111,production,0.6558
111,112,production,0.7235
112,113,production,0.4558
113,114,production,0.9043
114,115,production,0.8872
115,116,production,0.5991
116,117,production,0.7309
117,118,production,0.5726
118,119,production,0.6544
119,120,production,0.7183
120,121,production,0.7305
121,122,production,0.5037
122,123,production,0.7305
123,124,production,0.2904
124,125,production,0.9576
125,126,production,0.5116
126,127,production,0.3478
127,128,production,0.5134
128,129,production,0.6635
129,130,production,0.4953
130,131,production,0.7224
131,132,production,0.6956
132,133,production,0.5785
133,134,production,0.9385
134,135,production,0.5702
135,136,production,0.6865
136,137,production,0.665
137,138,production,1.0
138,139,production,0.4893
139,140,production,0.6768
140,141,production,0.2577
141,142,production,0.5385
142,143,production,0.9233
143,144,production,0.722
144,145,production,0.6642
145,146,production,0.6692
146,147,production,0.0
147,148,production,0.578
148,149,production,0.6003
149,150,production,0.0
150,151,production,0.0
151,152,production,0.0
152,153,production,0.0
153,154,production,0.0
154,155,production,0.5069
155,156,production,0.0
156,157,production,0.2806
157,158,production,0.0
158,159,production,0.0
159,160,production,0.3746
160,161,production,0.0
161,162,production,0.6295
162,163,production,0.3438
163,164,production,0.4406
164,165,production,0.844
165,166,production,0.9203
166,167,production,0.9141
167,168,production,0.5644
168,169,production,0.4768
169,170,production,0.4743
170,171,production,0.6506
171,172,production,0.5519
172,173,production,0.6295
173,174,production,0.7305
174,175,production,0.7305
175,176,production,0.6597
176,177,production,0.5637
177,178,production,0.586
178,179,production,0.7305
179,180,production,0.4578
180,181,production,0.2896
181,182,production,0.6003
182,183,production,0.0
183,184,production,0.4807
184,185,production,0.6214
185,186,production,0.6277
186,187,production,0.4863
187,188,production,0.3998
188,189,production,0.6699
189,190,production,0.5108
190,191,production,0.3466
191,192,production,0.5279
192,193,production,0.4474
193,194,production,0.5119
194,195,production,0.346
195,196,production,0.4917
196,197,production,0.5064
197,198,production,0.425
198,199,production,0.4951
199,200,production,0.7305
200,201,production,0.3144
201,202,production,0.4143
202,203,production,0.4204
203,204,production,0.6426
204,205,production,0.6209
205,206,production,0.4349
206,207,production,0.7507
207,208,production,0.3957
208,209,production,0.4283
209,210,production,0.4201
210,211,production,0.4447
211,212,production,0.4831
212,213,production,0.4011
213,214,production,0.6968
214,215,production,0.5137
215,216,production,0.4831
216,217,production,0.8672
217,218,production,0.646
218,219,production,0.3235
219,220,production,0.7212
220,221,production,0.0
221,222,production,0.8782
222,223,production,0.4153
223,224,production,0.489
224,225,production,0.7634
225,226,production,0.7641
226,227,production,0.3016
227,228,production,0.7304
228,229,production,0.0
229,230,production,0.7305
230,231,production,0.6658
231,232,production,0.0
232,233,production,0.5989
233,234,production,0.7013
234,235,production,0.7305
235,236,production,0.2189
236,237,production,0.7136
237,238,production,0.2767
238,239,production,0.6927
239,240,production,0.3134
240,241,production,0.0
241,242,production,0.6871
242,243,production,0.2008
243,244,production,0.7273
244,245,production,0.7305
245,246,production,0.1984
246,247,production,0.3632
247,248,production,0.471
248,249,production,0.6919
249,250,production,0.4191
250,251,production,0.6933
251,252,production,0.0
252,253,production,0.0
253,254,production,0.862
254,255,production,0.6196
255,256,production,0.6772
256,257,production,0.1265
257,258,production,0.0
258,259,production,0.6825
259,260,production,0.0
260,261,production,0.0974
261,262,production,0.5008
262,263,production,0.5793
263,264,production,0.6516
264,265,production,0.3687
265,266,production,0.6734
266,267,production,0.5879
267,268,production,0.7173
268,269,production,0.5665
269,270,production,0.487
270,271,production,0.4317
271,272,production,0.675
272,273,production,0.7211
273,274,production,0.5247
274,275,production,0.6863
275,276,production,0.4603
276,277,production,0.5615
277,278,production,0.6675
278,279,production,0.7103
279,280,production,0.7305
280,281,production,0.783
281,282,production,0.6484
282,283,production,0.166
283,284,production,0.0
284,285,production,0.6486
285,286,production,0.585
286,287,production,0.6437
287,288,production,0.448
288,289,production,0.783
289,290,production,0.5453
290,291,production,0.688
291,292,production,0.5033
292,293,production,0.6195
293,294,production,0.9133
294,295,production,0.5525
295,296,production,0.0
296,297,production,0.4086
297,298,production,0.6103
298,299,production,0.762
299,300,production,0.4635
300,301,production,0.3936
301,302,production,0.6685
302,303,production,0.0
303,304,production,0.2325
304,305,production,0.5405
305,306,production,0.5722
306,307,production,0.5903
307,308,production,0.0
308,309,production,0.6457
309,310,production,0.5204
310,311,production,0.783
311,312,production,0.5637
312,313,production,0.7052
313,314,production,0.5572
314,315,production,0.6494
315,316,production,0.5558
316,317,production,0.5602
317,318,production,0.538
318,319,production,0.5671
319,320,production,0.532
320,321,production,0.9305
321,322,production,0.783
322,323,production,0.5552
323,324,production,0.6997
324,325,production,0.7455
325,326,production,0.541
326,327,production,0.783
327,328,production,0.4801
328,329,production,0.347
329,330,production,0.5345
330,331,production,0.8795
331,332,production,0.783
332,333,production,0.4485
333,334,production,0.6473
334,335,production,0.369
335,336,production,1.0
336,337,production,0.3153
337,338,production,0.4684
338,339,production,0.564
339,340,production,0.5769
340,341,production,0.6866
341,342,production,0.5684
342,343,production,0.6879
343,344,production,0.4608
344,345,production,0.3014
345,346,production,0.6155
346,347,production,0.5835
347,348,production,0.5313
348,349,production,0.4714
349,350,production,0.4766
350,351,production,0.6776
351,352,production,0.4517
352,353,production,0.584
353,354,production,0.4078
354,355,production,0.5039
355,356,production,0.4913
356,357,production,0.5433
357,358,production,0.358
358,359,production,0.5942
359,360,production,0.3613
360,361,production,0.3908
361,362,production,0.7299
362,363,production,0.477
363,364,production,0.9102
364,365,production,0.5417
365,366,production,0.7578
366,367,production,0.5758
367,368,production,0.4778
368,369,production,0.4696
369,370,production,0.4686
370,371,production,0.4632
371,372,production,0.4603
372,373,production,0.3918
373,374,production,0.4699
374,375,production,0.0
375,376,production,0.6486
376,377,production,0.344
377,378,production,0.2605
378,379,production,0.0
379,380,production,0.572
380,381,production,0.902
381,382,production,0.5603
382,383,production,0.2746
383,384,production,0.531
384,385,production,0.0
385,386,production,0.4701
386,387,production,0.4692
387,388,production,0.3666
388,389,production,0.0
389,390,production,0.541
390,391,production,0.4128
391,392,production,0.7175
392,393,production,0.3878
393,394,production,0.5494
394,395,production,0.341
395,396,production,0.3695
396,397,production,0.5054
397,398,production,0.0
398,399,production,0.4421
399,400,production,0.4647
400,401,production,0.2022
401,402,production,0.5684
402,403,production,0.4206
403,404,production,0.5776
404,405,production,0.5381
405,406,production,0.2642
406,407,production,0.5187
407,408,production,0.549
408,409,production,0.4405
409,410,production,0.4261
410,411,production,0.549
411,412,production,0.6099
412,413,production,0.549
413,414,production,0.5243
414,415,production,0.5184
415,416,production,0.6099
416,417,production,0.586
417,418,production,0.6111
418,419,production,0.7034
419,420,production,0.6099
420,421,production,0.6703
421,422,production,0.6099
422,423,production,0.754
423,424,production,1.0
424,425,production,0.0
425,426,production,0.2077
426,427,production,0.5623
427,428,production,0.1236
428,429,production,0.1067
429,430,production,0.3782
430,431,production,0.0
431,432,production,0.1056
432,433,production,0.5045
433,434,production,0.1606
434,435,production,0.3321
435,436,production,0.5981
436,437,production,0.5885
437,438,production,0.0
438,439,production,0.0
439,440,production,0.0
440,441,production,0.0
441,442,production,0.0
442,443,production,0.0
443,444,production,1.0
444,445,production,0.5587
445,446,production,0.3539
446,447,production,0.0
447,448,production,0.0
448,449,production,0.8193
449,450,production,0.5572
450,451,production,0.1423
451,452,production,0.5819
452,453,production,0.759
453,454,production,0.5972
454,455,production,0.0
455,456,production,0.8728
456,457,production,0.0
457,458,production,0.0
458,459,production,0.0
459,460,production,0.0
460,461,production,0.5587
461,462,production,0.6373
462,463,production,0.8116
463,464,production,0.5043
464,465,production,0.5587
465,466,production,0.5107
466,467,production,0.0
467,468,production,0.0
468,469,production,0.5488
469,470,production,0.5587
470,471,production,0.3458
471,472,production,0.3604
472,473,production,0.5674
473,474,production,0.543
474,475,production,0.6665
475,476,production,0.3726
476,477,production,0.5772
477,478,production,0.5209
478,479,production,0.0
479,480,production,0.5587
480,481,production,0.3607
481,482,production,0.8819
482,483,production,0.7314
483,484,production,0.9441
484,485,production,0.9531
485,486,production,0.5903
486,487,production,0.8358
487,488,production,0.9334
488,489,production,0.3952
489,490,production,0.6756
490,491,production,0.5452
491,492,production,0.483
492,493,production,0.4978
493,494,production,0.7641
494,495,production,0.0
495,496,production,0.7009
496,497,production,0.0
497,498,production,0.6542
498,499,production,0.4767
499,500,production,0.8128
500,501,production,0.5903
501,502,production,0.9597
502,503,production,0.5285
503,504,production,0.0
504,505,production,0.3268
505,506,production,0.4969
506,507,production,0.0
507,508,production,0.4526
508,509,production,0.5335
509,510,production,0.8925
510,511,production,0.0
511,512,production,0.5656
512,513,production,0.9888
513,514,production,0.6891
514,515,production,0.6237
515,516,production,0.8536
516,517,production,0.9621
517,518,production,0.6429
518,519,production,0.4147
519,520,production,0.5501
520,521,production,0.5385
521,522,production,0.5847
522,523,production,0.639
523,524,production,0.6353
524,525,production,0.5682
525,526,production,0.6878
526,527,production,0.9337
527,528,production,0.5644
528,529,production,0.7258
529,530,production,0.6112
530,531,production,1.0
531,532,production,0.0
532,533,production,0.0
533,534,production,0.9284
534,535,production,0.7043
535,536,production,0.587
536,537,production,0.4469
537,538,production,0.5065
538,539,production,0.5729
539,540,production,0.6509
540,541,production,0.0
541,542,production,0.0
542,543,production,0.5257
543,544,production,0.8224
544,545,production,0.911
545,546,production,0.6116
546,547,production,0.5284
547,548,production,0.0
548,549,production,0.0
549,550,production,0.8271
550,551,production,0.9053
551,552,production,0.5807
552,553,production,0.5732
553,554,production,0.3915
554,555,production,0.9282
555,556,production,0.0
556,557,production,0.6885
557,558,production,0.7961
558,559,production,0.7346
559,560,production,0.5448
560,561,production,0.7982
561,562,production,0.8193
562,563,production,0.5536
563,564,production,0.5614
564,565,production,0.3622
565,566,production,0.4565
566,567,production,0.5739
567,568,production,0.7905
568,569,production,0.6454
569,570,production,0.0
570,571,production,0.563
571,572,production,0.7694
572,573,production,0.6507
573,574,production,0.7145
574,575,production,1.0
575,576,production,0.5446
576,577,production,0.7198
577,578,production,0.858
578,579,production,0.6368
579,580,production,0.8674
580,581,production,0.7905
581,582,production,0.7575
582,583,production,0.7429
583,584,production,0.5799
584,585,production,0.7425
585,586,production,0.8542
586,587,production,0.0
587,588,production,0.7905
588,589,production,0.5768
589,590,production,0.3628
590,591,production,0.6178
591,592,production,0.8873
592,593,production,0.7313
593,594,production,0.6885
594,595,production,0.2851
595,596,production,0.1883
596,597,production,0.7479
597,598,production,0.5244
598,599,production,1.0
599,600,production,0.3265
600,601,production,0.5494
601,602,production,0.6507
602,603,production,0.6679
603,604,production,0.526
604,605,production,0.6639
605,606,production,0.5709
606,607,production,0.6737
607,608,production,0.5415
608,609,production,0.3894
609,610,production,1.0
610,611,production,0.4856
611,612,production,0.5312
612,613,production,0.863
613,614,production,0.0
614,615,production,0.2168
615,616,production,0.4948
616,617,production,0.5502
617,618,production,0.2354
618,619,production,0.3424
619,620,production,0.8259
620,621,production,0.9098
621,622,production,0.7671
622,623,production,0.605
623,624,production,0.5414
624,625,production,0.5529
625,626,production,0.8621
626,627,production,0.8677
627,628,production,0.2096
628,629,production,0.5046
629,630,production,0.8415
630,631,production,0.5668
631,632,production,0.3964
632,633,production,0.5301
633,634,production,0.2643
634,635,production,0.8621
635,636,production,0.4801
636,637,production,0.3913
637,638,production,0.505
638,639,production,0.6288
639,640,production,0.4581
640,641,production,0.4338
641,642,production,0.7152
642,643,production,0.6435
643,644,production,0.7424
644,645,production,0.7
645,646,production,0.5703
646,647,production,0.7981
647,648,production,0.5795
648,649,production,0.6079
649,650,production,0.6552
650,651,production,0.5234
651,652,production,0.4804
652,653,production,0.7237
653,654,production,0.4762
654,655,production,0.5273
655,656,production,0.7459
656,657,production,0.7556
657,658,production,0.5101
658,659,production,0.2551
659,660,production,0.714
660,661,production,0.9746
661,662,production,0.5848
662,663,production,0.5082
663,664,production,1.0
664,665,production,0.4769
665,666,production,0.5226
666,667,production,0.5151
667,668,production,0.2216
668,669,production,0.5295
669,670,production,0.5396
670,671,production,0.4823
671,672,production,0.5553
672,673,production,0.5162
673,674,production,0.318
674,675,production,0.6143
675,676,production,0.7754
676,677,production,0.8978
677,678,production,0.4823
678,679,production,0.6371
679,680,production,0.5618
680,681,production,0.5094
681,682,production,0.7537
682,683,production,0.6401
683,684,production,0.4965
684,685,production,0.7751
685,686,production,0.7327
686,687,production,0.7619
687,688,production,0.7567
688,689,production,0.7649
689,690,production,0.5937
690,691,production,0.6997
691,692,production,0.6895
692,693,production,0.7323
693,694,production,0.6363
694,695,production,0.3524
695,696,production,0.5305
696,697,production,0.9498
697,698,production,0.5292
698,699,production,0.7295
699,700,production,0.6989
700,701,production,0.7083
701,702,production,1.0
702,703,production,0.8019
703,704,production,0.5827
704,705,production,0.6812
705,706,production,0.5097
706,707,production,0.4889
707,708,production,0.5128
708,709,production,0.0
709,710,production,0.2214
710,711,production,0.0
711,712,production,0.5293
712,713,production,0.2069
713,714,production,0.0
714,715,production,0.4443
715,716,production,0.5661
716,717,production,0.5748
717,718,production,0.6498
718,719,production,0.472
719,720,production,0.6044
720,721,production,0.1739
721,722,production,0.4411
722,723,production,0.5028
723,724,production,0.6697
724,725,production,0.187
725,726,production,0.4326
726,727,production,0.1688
727,728,production,0.4479
728,729,production,0.0
729,730,production,0.1844
730,731,production,0.5435
731,732,production,0.4164
732,733,production,0.358
733,734,production,0.3524
734,735,production,0.4529
735,736,production,0.3696
736,737,production,0.6854
737,738,production,0.5506
738,739,production,1.0
739,740,production,0.7459
740,741,production,0.4174
741,742,production,0.5963
742,743,production,1.0
743,744,production,0.7643
744,745,production,0.4395
745,746,production,1.0
746,747,production,0.5293
747,748,production,0.0
748,749,production,0.852
749,750,production,0.478
750,751,production,0.8627
751,752,production,1.0
752,753,production,0.6473
753,754,production,0.5563
754,755,production,0.5767
755,756,production,1.0
756,757,production,0.7521
757,758,production,0.6622
758,759,production,0.6266
759,760,production,0.3776
760,761,production,0.5283
761,762,production,0.717
762,763,production,0.3424
763,764,production,0.478
764,765,production,1.0
765,766,production,0.5403
766,767,production,0.4626
767,768,production,0.4708
768,769,production,0.4618
769,770,production,0.497
770,771,production,0.4954
771,772,production,0.5189
772,773,production,0.4134
773,774,production,0.3438
774,775,production,0.0
775,776,production,0.5554
776,777,production,0.7836
777,778,production,0.9711
778,779,production,0.9652
779,780,production,0.7088
780,781,production,0.5843
781,782,production,0.7284
782,783,production,0.5212
783,784,production,0.8958
784,785,production,0.6554
785,786,production,0.9195
786,787,production,0.3523
787,788,production,0.7305
788,789,production,0.5321
789,790,production,0.5715
790,791,production,1.0
791,792,production,0.471
792,793,production,0.3604
793,794,production,0.3604
794,795,production,0.3604
795,796,production,0.0
796,797,production,0.9324
797,798,production,0.0
798,799,production,0.0
799,800,production,0.0
800,801,production,0.5172
801,802,production,0.7552
802,803,production,0.918
803,804,production,0.8169
804,805,production,0.9381
805,806,production,0.8081
806,807,production,0.5957
807,808,production,0.6081
808,809,production,0.4468
809,810,production,0.3526
810,811,production,0.4755
811,812,production,1.0
812,813,production,0.7667
813,814,production,0.8182
814,815,production,0.8335
815,816,production,0.5939
816,817,production,0.6089
817,818,production,0.8289
818,819,production,0.5588
819,820,production,0.6016
820,821,production,0.5456
821,822,production,0.8286
822,823,production,0.5023
823,824,production,0.4828
824,825,production,0.7555
825,826,production,0.7209
826,827,production,0.5642
827,828,production,0.4931
828,829,production,0.9813
829,830,production,0.4906
830,831,production,0.4536
831,832,production,0.4966
832,833,production,0.5545
833,834,production,0.6397
834,835,production,0.8586
835,836,production,0.6265
836,837,production,0.4818
837,838,production,0.9424
838,839,production,0.8845
839,840,production,0.5683
840,841,production,0.486
841,842,production,0.7972
842,843,production,0.7858
843,844,production,0.5488
844,845,production,0.4971
845,846,production,0.7157
846,847,production,0.6165
847,848,production,0.5288
848,849,production,0.5519
849,850,production,0.6693
850,851,production,0.5604
851,852,production,0.3658
852,853,production,0.6025
853,854,production,0.6323
854,855,production,0.6304
855,856,production,0.8902
856,857,production,0.5331
857,858,production,0.3916
858,859,production,0.6642
859,860,production,0.4725
860,861,production,0.0
861,862,production,0.4685
862,863,production,0.4824
863,864,production,0.5183
864,865,production,0.5183
865,866,production,0.5183
866,867,production,0.5408
867,868,production,0.5906
868,869,production,0.5246
869,870,production,0.5183
870,871,production,0.5162
871,872,production,0.5248
872,873,production,0.4933
873,874,production,0.5134
874,875,production,0.4865
875,876,production,0.5212
876,877,production,0.5209
877,878,production,0.5292
878,879,production,0.5183
879,880,production,0.5035
880,881,production,0.5095
881,882,production,0.4754
882,883,production,0.4888
883,884,production,0.806
884,885,production,0.4876
885,886,production,0.5183
886,887,production,0.9234
887,888,production,0.2806
888,889,production,0.4935
889,890,production,0.4763
890,891,production,0.8066
891,892,production,0.4459
892,893,production,0.6059
893,894,production,0.5542
894,895,production,0.3483
895,896,production,0.4699
896,897,production,0.4419
897,898,production,0.436
898,899,production,0.5287
899,900,production,1.0
900,901,production,0.4821
901,902,production,0.4862
902,903,production,0.5183
903,904,production,0.5148
904,905,production,0.4548
905,906,production,0.3646
906,907,production,0.3797
907,908,production,0.3341
908,909,production,0.6774
909,910,production,0.5214
910,911,production,0.3612
911,912,production,0.3449
912,913,production,0.4127
913,914,production,0.6675
914,915,production,0.3554
915,916,production,0.4866
916,917,production,0.5116
917,918,production,0.3218
918,919,production,0.5831
919,920,production,1.0
920,921,production,0.6607
921,922,production,0.573
922,923,production,0.2806
923,924,production,0.5226
924,925,production,0.3524
925,926,production,0.8049
926,927,production,0.4032
927,928,production,0.5755
928,929,production,0.369
929,930,production,0.4486
930,931,production,0.5807
931,932,production,0.213
932,933,production,0.2244
933,934,production,0.4438
934,935,production,0.404
935,936,production,0.5169
936,937,production,0.5051
937,938,production,0.4259
938,939,production,0.268
939,940,production,0.328
940,941,production,0.4229
941,942,production,0.5891
942,943,production,0.6055
943,944,production,0.6091
944,945,production,0.5296
945,946,production,0.3777
946,947,production,0.4883
947,948,production,0.5089
948,949,production,0.8452
949,950,production,0.8816
950,951,production,0.5296
951,952,production,0.6508
952,953,production,0.3923
953,954,production,0.5297
954,955,production,0.4779
955,956,production,0.447
956,957,production,0.328
957,958,production,0.4169
958,959,production,0.4598
959,960,production,0.5296
960,961,production,0.5343
961,962,production,0.8485
962,963,production,0.8369
963,964,production,0.3995
964,965,production,0.4832
965,966,production,0.4997
966,967,production,0.447
967,968,production,0.581
968,969,production,0.831
969,970,production,0.4763
970,971,production,0.4
971,972,production,0.59
972,973,production,0.5134
973,974,production,0.5104
974,975,production,0.7115
975,976,production,0.5096
976,977,production,0.4521
977,978,production,0.559
978,979,production,0.5552
979,980,production,0.5149
980,981,production,0.5189
981,982,production,0.6021
982,983,production,0.5887
983,984,production,0.6731
984,985,production,0.6324
985,986,production,0.6632
986,987,production,0.6593
987,988,production,0.6537
988,989,production,0.7119
989,990,production,0.621
990,991,production,0.6349
991,992,production,0.6804
992,993,production,0.6912
993,994,production,0.6839
994,995,production,0.6664
995,996,production,0.6745
996,997,production,0.6185
997,998,production,0.6187
998,999,production,0.6806
999,1000,production,0.7254
1000,1001,production,0.6724
1001,1002,production,0.7673
1002,1003,production,0.8287
1003,1004,production,0.5719
1004,1005,production,0.5801
1005,1006,production,0.6543
1006,1007,production,0.5865
1007,1008,production,0.4904
1008,1009,production,0.568
1009,1010,production,0.5543
1010,1011,production,0.663
1011,1012,production,0.4492
1012,1013,production,0.5624
1013,1014,production,0.5715
1014,1015,production,0.5176
1015,1016,production,0.5521
1016,1017,production,0.697
1017,1018,production,0.7138
1018,1019,production,0.6744
1019,1020,production,0.6623
1020,1021,production,0.4048
1021,1022,production,0.6445
1022,1023,production,0.5565
1023,1024,production,0.5398
1024,1025,production,0.5254
1025,1026,production,0.5744
1026,1027,production,0.5358
1027,1028,production,0.4944
1028,1029,production,0.5586
1029,1030,production,0.5356
1030,1031,production,0.5269
1031,1032,production,0.4693
1032,1033,production,0.544
1033,1034,production,0.5768
1034,1035,production,0.5238
1035,1036,production,0.5292
1036,1037,production,0.5797
1037,1038,production,0.5209
1038,1039,production,0.6168
1039,1040,production,0.5713
1040,1041,production,0.5626
1041,1042,production,0.565
1042,1043,production,0.4895
1043,1044,production,0.7531
1044,1045,production,0.7087
1045,1046,production,0.7761
1046,1047,production,0.7635
1047,1048,production,0.6864
1048,1049,production,0.7354
1049,1050,production,0.8108
1050,1051,production,0.8135
1051,1052,production,0.8379
1052,1053,production,0.6982
1053,1054,production,0.7551
1054,1055,production,0.7514
1055,1056,production,0.85
1056,1057,production,0.7495
1057,1058,production,0.6884
1058,1059,production,0.7744
1059,1060,production,0.8679
1060,1061,production,0.7929
1061,1062,production,0.8282
1062,1063,production,0.8549
1063,1064,production,0.7286
1064,1065,production,0.8828
1065,1066,production,0.9088
1066,1067,production,0.869
1067,1068,production,0.8022
1068,1069,production,0.8452
1069,1070,production,0.9371
1070,1071,production,0.7988
1071,1072,production,0.7657
1072,1073,production,0.8137
1073,1074,production,0.8546
1074,1075,production,0.7854
1075,1076,production,0.7964
1076,1077,production,0.7947
1077,1078,production,0.8004
1078,1079,production,0.733
1079,1080,production,0.811
1080,1081,production,0.8339
1081,1082,production,0.9156
1082,1083,production,0.8896
1083,1084,production,0.8615
1084,1085,production,0.8114
1085,1086,production,0.7404
1086,1087,production,0.7111
1087,1088,production,0.8085
1088,1089,production,0.7638
1089,1090,production,0.8432
1090,1091,production,0.827
1091,1092,production,0.788
1092,1093,production,0.8079
1093,1094,production,0.9452
1094,1095,production,0.9404
1095,1096,production,0.9464
1096,1097,production,0.7438
1097,1098,production,0.8809
1098,1099,production,0.9206
1099,1100,production,0.8174
1100,1101,production,0.7028
1101,1102,production,0.6905
1102,1103,production,0.8626
1103,1104,production,0.6726
1104,1105,production,0.6746
1105,1106,production,0.675
1106,1107,production,0.6645
1107,1108,production,0.6104
1108,1109,production,0.708
1109,1110,production,0.6097
1110,1111,production,0.6908
1111,1112,production,0.5763
1112,1113,production,0.6693
1113,1114,production,0.7194
1114,1115,production,0.7063
1115,1116,production,0.7345
1116,1117,production,0.719
1117,1118,production,0.7139
1118,1119,production,0.7414
1119,1120,production,0.689
1120,1121,production,0.7279
1121,1122,production,0.6639
1122,1123,production,0.6636
1123,1124,production,0.6537
1124,1125,production,0.6787
1125,1126,production,0.6744
1126,1127,production,0.67
1127,1128,production,0.6688
1128,1129,production,0.7449
1129,1130,production,0.7173
1130,1131,production,0.6786
1131,1132,production,0.689
1132,1133,production,0.6283
1133,1134,production,0.7161
1134,1135,production,0.7587
1135,1136,production,0.7049
1136,1137,production,0.7456
1137,1138,production,0.7307
1138,1139,production,0.7556
1139,1140,production,0.757
1140,1141,production,0.7737
1141,1142,production,0.6718
1142,1143,production,0.7507
1143,1144,production,0.7268
1144,1145,production,0.6628
1145,1146,production,0.7245
1146,1147,production,0.657
1147,1148,production,0.6906
1148,1149,production,0.6788
1149,1150,production,0.6755
1150,1151,production,0.6762
1151,1152,production,0.6793
1152,1153,production,0.6769
1153,1154,production,0.6861
1154,1155,production,0.7016
1155,1156,production,0.7201
1156,1157,production,0.6823
1157,1158,production,0.6444
1158,1159,production,0.6744
1159,1160,production,0.7013
1160,1161,production,0.7018
1161,1162,production,0.6717
1162,1163,production,0.7194
1163,1164,production,0.6822
1164,1165,production,0.7046
1165,1166,production,0.6586
1166,1167,production,0.6721
1167,1168,production,0.707
1168,1169,production,0.7011
1169,1170,production,0.6784
1170,1171,production,0.6921
1171,1172,production,0.6808
1172,1173,production,0.6857
1173,1174,production,0.7181
1174,1175,production,0.6088
1175,1176,production,0.7369
1176,1177,production,0.6557
1177,1178,production,0.6323
1178,1179,production,0.6468
1179,1180,production,0.7111
1180,1181,production,0.6417
1181,1182,production,0.7165
1182,1183,production,0.6754
1183,1184,production,0.6995
1184,1185,production,0.7645
1185,1186,production,0.7022
1186,1187,production,0.6803
1187,1188,production,0.6811
1188,1189,production,0.6907
1189,1190,production,0.6994
1190,1191,production,0.7023
1191,1192,production,0.7351
1192,1193,production,0.7057
1193,1194,production,0.7058
1194,1195,production,0.6331
1195,1196,production,0.6821
1196,1197,production,0.6848
1197,1198,production,0.7203
1198,1199,production,0.6386
1199,1200,production,0.6293
1200,1201,production,0.6538
1201,1202,production,0.6582
1202,1203,production,0.6837
1203,1204,production,0.6826
1204,1205,production,0.7099
1205,1206,production,0.6015
1206,1207,production,0.6471
1207,1208,production,0.6904
1208,1209,production,0.7195
1209,1210,production,0.6052
1210,1211,production,0.6915
1211,1212,production,0.6354
1212,1213,production,0.6574
1213,1214,production,0.671
1214,1215,production,0.6835
1215,1216,production,0.6886
1216,1217,production,0.6838
1217,1218,production,0.6687
1218,1219,production,0.6481
1219,1220,production,0.7203
1220,1221,production,0.6613
1221,1222,production,0.6914
1222,1223,production,0.6473
1223,1224,production,0.6578
1224,1225,production,0.7085
1225,1226,production,0.6935
1226,1227,production,0.6945
1227,1228,production,0.6683
1228,1229,production,0.6706
1229,1230,production,0.6852
1230,1231,production,0.6436
1231,1232,production,0.6387
1232,1233,production,0.6382
1233,1234,production,0.6744
1234,1235,production,0.7091
1235,1236,production,0.7225
1236,1237,production,0.6999
1237,1238,production,0.6641
1238,1239,production,0.6532
1239,1240,production,0.6751
1240,1241,production,0.6542
1241,1242,production,0.6547
1242,1243,production,0.6462
1243,1244,production,0.7146
1244,1245,production,0.6629
1245,1246,production,0.643
1246,1247,production,0.6468
1247,1248,production,0.723
1248,1249,production,0.6883
1249,1250,production,0.6603
1250,1251,production,0.65
1251,1252,production,0.6559
1252,1253,production,0.652
1253,1254,production,0.7137
1254,1255,production,0.6854
1255,1256,production,0.6824
1256,1257,production,0.6903
1257,1258,production,0.7798
1258,1259,production,0.7385
1259,1260,production,0.6508
1260,1261,production,0.6865
1261,1262,production,0.7127
1262,1263,production,0.709
1263,1264,production,0.7268
1264,1265,production,0.6821
1265,1266,production,0.7096
1266,1267,production,0.6739
1267,1268,production,0.7013
1268,1269,production,0.7244
1269,1270,production,0.7132
1270,1271,production,0.7074
1271,1272,production,0.6757
1272,1273,production,0.6502
1273,1274,production,0.7122
1274,1275,production,0.6702
1275,1276,production,0.666
1276,1277,production,0.6845
1277,1278,production,0.7059
1278,1279,production,0.6819
1279,1280,production,0.7626
1280,1281,production,0.6821
1281,1282,production,0.7406
1282,1283,production,0.6656
1283,1284,production,0.7413
1284,1285,production,0.7056
1285,1286,production,0.6375
1286,1287,production,0.6574
1287,1288,production,0.6378
1288,1289,production,0.6526
1289,1290,production,0.6398
1290,1291,production,0.6677
1291,1292,production,0.6867
1292,1293,production,0.6888
1293,1294,production,0.6119
1294,1295,production,0.5288
1295,1296,production,0.553
1296,1297,production,0.4947
1297,1298,production,0.5671
1298,1299,production,0.5627
1299,1300,production,0.5999
1300,1301,production,0.7209
1301,1302,production,0.4702
1302,1303,production,0.5123
1303,1304,production,0.4741
1304,1305,production,0.5067
1305,1306,production,0.4724
1306,1307,production,0.497
1307,1308,production,0.5219
1308,1309,production,0.4562
1309,1310,production,0.4831
1310,1311,production,0.4866
1311,1312,production,0.5072
1312,1313,production,0.4724
1313,1314,production,0.4926
1314,1315,production,0.4798
1315,1316,production,0.5201
1316,1317,production,0.4539
1317,1318,production,0.509
1318,1319,production,0.4986
1319,1320,production,0.4852
1320,1321,production,0.4914
1321,1322,production,0.4508
1322,1323,production,0.5324
1323,1324,production,0.4832
1324,1325,production,0.4759
1325,1326,production,0.5022
1326,1327,production,0.4914
1327,1328,production,0.5054
1328,1329,production,0.4707
1329,1330,production,0.5031
1330,1331,production,0.4928
1331,1332,production,0.5104
1332,1333,production,0.4747
1333,1334,production,0.4924
1334,1335,production,0.4802
1335,1336,production,0.499
1336,1337,production,0.4691
1337,1338,production,0.4859
1338,1339,production,0.5063
1339,1340,production,0.5085
1340,1341,production,0.4721
1341,1342,production,0.5191
1342,1343,production,0.4501
1343,1344,production,0.5092
1344,1345,production,0.5073
1345,1346,production,0.4783
1346,1347,production,0.4596
1347,1348,production,0.5085
1348,1349,production,0.3957
1349,1350,production,0.5229
1350,1351,production,0.4502
1351,1352,production,0.4993
1352,1353,production,0.5214
1353,1354,production,0.4565
1354,1355,production,0.5017
1355,1356,production,0.4696
1356,1357,production,0.5168
1357,1358,production,0.5352
1358,1359,production,0.5373
1359,1360,production,0.6183
1360,1361,production,0.4951
1361,1362,production,0.5511
1362,1363,production,0.408
1363,1364,production,0.5909
1364,1365,production,0.5122
1365,1366,production,0.6147
1366,1367,production,0.4963
1367,1368,production,0.533
1368,1369,production,0.5328
1369,1370,production,0.5382
1370,1371,production,0.5631
1371,1372,production,0.5481
1372,1373,production,0.5355
1373,1374,production,0.5681
1374,1375,production,0.5338
1375,1376,production,0.5584
1376,1377,production,0.5833
1377,1378,production,0.5176
1378,1379,production,0.5445
1379,1380,production,0.5686
1380,1381,production,0.5338
1381,1382,production,0.554
1382,1383,production,0.5412
1383,1384,production,0.5815
1384,1385,production,0.5153
1385,1386,production,0.5704
1386,1387,production,0.56
1387,1388,production,0.5466
1388,1389,production,0.5528
1389,1390,production,0.5122
1390,1391,production,0.5938
1391,1392,production,0.5446
1392,1393,production,0.5373
1393,1394,production,0.5636
1394,1395,production,0.5529
1395,1396,production,0.5669
1396,1397,production,0.5321
1397,1398,production,0.5645
1398,1399,production,0.5542
1399,1400,production,0.5718
1400,1401,production,0.5361
1401,1402,production,0.5538
1402,1403,production,0.5416
1403,1404,production,0.5604
1404,1405,production,0.5305
1405,1406,production,0.5473
1406,1407,production,0.5677
1407,1408,production,0.57
1408,1409,production,0.5335
1409,1410,production,0.5806
1410,1411,production,0.5115
1411,1412,production,0.5439
1412,1413,production,0.5944
1413,1414,production,0.6403
1414,1415,production,0.6556
1415,1416,production,0.6529
1416,1417,production,0.4277
1417,1418,production,0.7254
1418,1419,production,0.6324
1419,1420,production,0.637
1420,1421,production,0.5992
1421,1422,production,0.6199
1422,1423,production,0.6329
1423,1424,production,0.6234
1424,1425,production,0.6038
1425,1426,production,0.6246
1426,1427,production,0.6055
1427,1428,production,0.6221
1428,1429,production,0.641
1429,1430,production,0.5907
1430,1431,production,0.6531
1431,1432,production,0.6542
1432,1433,production,0.6342
1433,1434,production,0.6088
1434,1435,production,0.4985
1435,1436,production,0.662
1436,1437,production,0.647
1437,1438,production,0.6655
1438,1439,production,0.583
1439,1440,production,0.6728
1440,1441,production,0.4993
1441,1442,production,0.6329
1442,1443,production,0.6764
1443,1444,production,0.6239
1444,1445,production,0.6105
1445,1446,production,0.6094
1446,1447,production,0.6047
1447,1448,production,0.669
1448,1449,production,0.6148
1449,1450,production,0.5995
1450,1451,production,0.6491
1451,1452,production,0.61
1452,1453,production,0.4961
1453,1454,production,0.4954
1454,1455,production,0.5195
1455,1456,production,0.4844
1456,1457,production,0.5419
1457,1458,production,0.4974
1458,1459,production,0.4599
1459,1460,production,0.4873
1460,1461,production,0.5115
1461,1462,production,0.4976
1462,1463,production,0.477
1463,1464,production,0.553
1464,1465,production,0.5321
1465,1466,production,0.5025
1466,1467,production,0.4934
1467,1468,production,0.4923
1468,1469,production,0.5159
1469,1470,production,0.5326
1470,1471,production,0.46
1471,1472,production,0.509
1472,1473,production,0.5173
1473,1474,production,0.5095
1474,1475,production,0.5105
1475,1476,production,0.5208
1476,1477,production,0.5144
1477,1478,production,0.4986
1478,1479,production,0.5156
1479,1480,production,0.4882
1480,1481,production,0.5068
1481,1482,production,0.5313
1482,1483,production,0.5025
1483,1484,production,0.5117
1484,1485,production,0.525
1485,1486,production,0.5149
1486,1487,production,0.5148
1487,1488,production,0.5088
1488,1489,production,0.504
1489,1490,production,0.5048
1490,1491,production,0.5185
1491,1492,production,0.5119
1492,1493,production,0.5061
1493,1494,production,0.5324
1494,1495,production,0.4783
1495,1496,production,0.5535
1496,1497,production,0.5213
1497,1498,production,0.5278
1498,1499,production,0.5095
1499,1500,production,0.5559
1500,1501,production,0.4954
1501,1502,production,0.5396
1502,1503,production,0.5213
1503,1504,production,0.5284
1504,1505,production,0.5454
1505,1506,production,0.5571
1506,1507,production,0.5066
1507,1508,production,0.5609
1508,1509,production,0.5282
1509,1510,production,0.5356
1510,1511,production,0.5478
1511,1512,production,0.5152
1512,1513,production,0.5584
1513,1514,production,0.5508
1514,1515,production,0.5252
1515,1516,production,0.5764
1516,1517,production,0.5477
1517,1518,production,0.5409
1518,1519,production,0.5523
1519,1520,production,0.503
1520,1521,production,0.5325
1521,1522,production,0.5259
1522,1523,production,0.4901
1523,1524,production,0.5603
1524,1525,production,0.5302
1525,1526,production,0.5363
1526,1527,production,0.5558
1527,1528,production,0.5017
1528,1529,production,0.5346
1529,1530,production,0.5271
1530,1531,production,0.5495
1531,1532,production,0.5088
1532,1533,production,0.5139
1533,1534,production,0.5091
1534,1535,production,0.5098
1535,1536,production,0.5236
1536,1537,production,0.5169
1537,1538,production,0.6103
1538,1539,production,0.6017
1539,1540,production,0.6058
1540,1541,production,0.6673
1541,1542,production,0.5761
1542,1543,production,0.6835
1543,1544,production,0.6265
1544,1545,production,0.6525
1545,1546,production,0.5891
1546,1547,production,0.6662
1547,1548,production,0.6328
1548,1549,production,0.6866
1549,1550,production,0.6082
1550,1551,production,0.6597
1551,1552,production,0.6188
1552,1553,production,0.6798
1553,1554,production,0.5898
1554,1555,production,0.6529
1555,1556,production,0.5625
1556,1557,production,0.5672
1557,1558,production,0.5614
1558,1559,production,0.5384
1559,1560,production,0.5484
1560,1561,production,0.5191
1561,1562,production,0.5637
1562,1563,production,0.5522
1563,1564,production,0.5638
1564,1565,production,0.5219
1565,1566,production,0.5544
1566,1567,production,0.5602
1567,1568,production,0.5499
1568,1569,production,0.5509
1569,1570,production,0.5511
1570,1571,production,0.5125
1571,1572,production,0.5651
1572,1573,production,0.5311
1573,1574,production,0.5574
1574,1575,production,0.5124
1575,1576,production,0.5535
1576,1577,production,0.548
1577,1578,production,0.5654
1578,1579,production,0.5549
1579,1580,production,0.5847
1580,1581,production,0.543
1581,1582,production,0.559
1582,1583,production,0.5522
1583,1584,production,0.5423
1584,1585,production,0.5753
1585,1586,production,0.5277
1586,1587,production,0.5473
1587,1588,production,0.5547
1588,1589,production,0.5716
1589,1590,production,0.5354
1590,1591,production,0.5585
1591,1592,production,0.5383
1592,1593,production,0.5732
1593,1594,production,0.5216
1594,1595,production,0.5854
1595,1596,production,0.5278
1596,1597,production,0.5599
1597,1598,production,0.5045
1598,1599,production,0.5841
1599,1600,production,0.5004
1600,1601,production,0.6065
1601,1602,production,0.5412
1602,1603,production,0.5904
1603,1604,production,0.5185
1604,1605,production,0.5878
1605,1606,production,0.562
1606,1607,production,0.5212
1607,1608,production,0.5721
1608,1609,production,0.5505
1609,1610,production,0.5484
1610,1611,production,0.559
1611,1612,production,0.5413
1612,1613,production,0.5579
1613,1614,production,0.5652
1614,1615,production,0.5613
1615,1616,production,0.5591
1616,1617,production,0.5783
1617,1618,production,0.5545
1618,1619,production,0.5713
1619,1620,production,0.5648
1620,1621,production,0.5675
1621,1622,production,0.5454
1622,1623,production,0.5358
1623,1624,production,0.5631
1624,1625,production,0.5671
1625,1626,production,0.5353
1626,1627,production,0.5587
1627,1628,production,0.5612
1628,1629,production,0.5612
1629,1630,production,0.5537
1630,1631,production,0.5479
1631,1632,production,0.5712
1632,1633,production,0.5463
1633,1634,production,0.5804
1634,1635,production,0.5127
1635,1636,production,0.5694
1636,1637,production,0.5018
1637,1638,production,0.5992
1638,1639,production,0.543
1639,1640,production,0.6086
1640,1641,production,0.5632
1641,1642,production,0.5851
1642,1643,production,0.5168
1643,1644,production,0.6031
1644,1645,production,0.5648
1645,1646,production,0.5159
1646,1647,production,0.5663
1647,1648,production,0.5489
1648,1649,production,0.5475
1649,1650,production,0.5589
1650,1651,production,0.5044
1651,1652,production,0.6005
1652,1653,production,0.5593
1653,1654,production,0.5479
1654,1655,production,0.5859
1655,1656,production,0.5259
1656,1657,production,0.5731
1657,1658,production,0.5467
1658,1659,production,0.519
1659,1660,production,0.5945
1660,1661,production,0.5357
1661,1662,production,0.5763
1662,1663,production,0.5317
1663,1664,production,0.5753
1664,1665,production,0.5307
1665,1666,production,0.5854
1666,1667,production,0.5362
1667,1668,production,0.5803
1668,1669,production,0.5491
1669,1670,production,0.595
1670,1671,production,0.5064
1671,1672,production,0.5798
1672,1673,production,0.5482
1673,1674,production,0.5413
1674,1675,production,0.5877
1675,1676,production,0.5409
1676,1677,production,0.5846
1677,1678,production,0.5269
1678,1679,production,0.5841
1679,1680,production,0.513
1680,1681,production,0.5814
1681,1682,production,0.5422
1682,1683,production,0.5825
1683,1684,production,0.5357
1684,1685,production,0.5824
1685,1686,production,0.5399
1686,1687,production,0.5072
1687,1688,production,0.5256
1688,1689,production,0.5478
1689,1690,production,0.5503
1690,1691,production,0.5105
1691,1692,production,0.5618
1692,1693,production,0.4865
1693,1694,production,0.551
1694,1695,production,0.5489
1695,1696,production,0.5173
1696,1697,production,0.5278
1697,1698,production,0.5453
1698,1699,production,0.534
1699,1700,production,0.5197
1700,1701,production,0.5811
1701,1702,production,0.4658
1702,1703,production,0.5527
1703,1704,production,0.5172
1704,1705,production,0.5938
1705,1706,production,0.5362
1706,1707,production,0.5275
1707,1708,production,0.4352
1708,1709,production,0.5491
1709,1710,production,0.5781
1710,1711,production,0.4879
1711,1712,production,0.5415
1712,1713,production,0.572
1713,1714,production,0.5334
1714,1715,production,0.5226
1715,1716,production,0.5269
1716,1717,production,0.5614
1717,1718,production,0.563
1718,1719,production,0.5265
1719,1720,production,0.5289
1720,1721,production,0.5854
1721,1722,production,0.3875
1722,1723,production,0.543
1723,1724,production,0.577
1724,1725,production,0.4236
1725,1726,production,0.464
1726,1727,production,0.5511
1727,1728,production,0.5931
1728,1729,production,0.5123
1729,1730,production,0.5631
1730,1731,production,0.565
1731,1732,production,0.5171
1732,1733,production,0.566
1733,1734,production,0.5319
1734,1735,production,0.5271
1735,1736,production,0.5523
1736,1737,production,0.5404
1737,1738,production,0.5481
1738,1739,production,0.4761
1739,1740,production,0.5503
1740,1741,production,0.5493
1741,1742,production,0.5873
1742,1743,production,0.5321
1743,1744,production,0.5346
1744,1745,production,0.5518
1745,1746,production,0.5914
1746,1747,production,0.4656
1747,1748,production,0.5894
1748,1749,production,0.4913
1749,1750,production,0.5582
1750,1751,production,0.5758
1751,1752,production,0.5274
1752,1753,production,0.582
1753,1754,production,0.5459
1754,1755,production,0.5912
1755,1756,production,0.5307
1756,1757,production,0.5959
1757,1758,production,0.4941
1758,1759,production,0.6285
1759,1760,production,0.6472
1760,1761,production,0.5395
1761,1762,production,0.5762
1762,1763,production,0.4856
1763,1764,production,0.5787
1764,1765,production,0.6281
1765,1766,production,0.5837
1766,1767,production,0.653
1767,1768,production,0.6066
1768,1769,production,0.651
1769,1770,production,0.5319
1770,1771,production,0.6907
1771,1772,production,0.3675
1772,1773,production,0.7393
1773,1774,production,0.6305
1774,1775,production,0.6875
1775,1776,production,0.3816
1776,1777,production,0.7367
1777,1778,production,0.5407
1778,1779,production,0.6704
1779,1780,production,0.4008
1780,1781,production,0.7155
1781,1782,production,0.6101
1782,1783,production,0.6884
1783,1784,production,0.3792
1784,1785,production,0.7331
1785,1786,production,0.5406
1786,1787,production,0.6669
1787,1788,production,0.4109
1788,1789,production,0.7186
1789,1790,production,0.5932
1790,1791,production,0.675
1791,1792,production,0.3835
1792,1793,production,0.7272
1793,1794,production,0.5406
1794,1795,production,0.6574
1795,1796,production,0.419
1796,1797,production,0.7136
1797,1798,production,0.6066
1798,1799,production,0.6838
1799,1800,production,0.3876
1800,1801,production,0.7316
1801,1802,production,0.4748
1802,1803,production,0.5945
1803,1804,production,0.6453
1804,1805,production,0.5101
1805,1806,production,0.4424
1806,1807,production,0.5754
1807,1808,production,0.3621
1808,1809,production,0.6018
1809,1810,production,0.5098
1810,1811,production,0.5506
1811,1812,production,0.6115
1812,1813,production,0.5717
1813,1814,production,0.6039
1814,1815,production,0.642
1815,1816,production,0.5664
1816,1817,production,0.6461
1817,1818,production,0.6296
1818,1819,production,0.5543
1819,1820,production,0.6629
1820,1821,production,0.6003
1821,1822,production,0.6734
1822,1823,production,0.6228
1823,1824,production,0.6471
1824,1825,production,0.571
1825,1826,production,0.6672
1826,1827,production,0.6245
1827,1828,production,0.6276
1828,1829,production,0.5968
1829,1830,production,0.5604
1830,1831,production,0.5808
1831,1832,production,0.6056
1832,1833,production,0.6083
1833,1834,production,0.564
1834,1835,production,0.6212
1835,1836,production,0.5373
1836,1837,production,0.6091
1837,1838,production,0.6068
1838,1839,production,0.5716
1839,1840,production,0.5833
1840,1841,production,0.6191
1841,1842,production,0.5573
1842,1843,production,0.5006
1843,1844,production,0.556
1844,1845,production,0.5198
1845,1846,production,0.5855
1846,1847,production,0.6043
1847,1848,production,0.5823
1848,1849,production,0.6061
1849,1850,production,0.5977
1850,1851,production,0.6112
1851,1852,production,0.5591
1852,1853,production,0.607
1853,1854,production,0.5881
1854,1855,production,0.5799
1855,1856,production,0.6045
1856,1857,production,0.6216
1857,1858,production,0.5817
1858,1859,production,0.5536
1859,1860,production,0.6162
1860,1861,production,0.586
1861,1862,production,0.6159
1862,1863,production,0.5766
1863,1864,production,0.6213
1864,1865,production,0.5627
1865,1866,production,0.6082
1866,1867,production,0.6191
1867,1868,production,0.5947
1868,1869,production,0.56
1869,1870,production,0.6153
1870,1871,production,0.5825
1871,1872,production,0.5825
1872,1873,production,0.5634
1873,1874,production,0.6081
1874,1875,production,0.6223
1875,1876,production,0.5754
1876,1877,production,0.6281
1877,1878,production,0.5785
1878,1879,production,0.5609
1879,1880,production,0.5956
1880,1881,production,0.6218
1881,1882,production,0.5817
1882,1883,production,0.6111
1883,1884,production,0.6209
1884,1885,production,0.5824
1885,1886,production,0.6184
1886,1887,production,0.5894
1887,1888,production,0.5785
1888,1889,production,0.5658
1889,1890,production,0.6194
1890,1891,production,0.5019
1891,1892,production,0.5458
1892,1893,production,0.4844
1893,1894,production,0.5725
1894,1895,production,0.4963
1895,1896,production,0.5299
1896,1897,production,0.5607
1897,1898,production,0.4753
1898,1899,production,0.5815
1899,1900,production,0.5121
1900,1901,production,0.5412
1901,1902,production,0.4951
1902,1903,production,0.5221
1903,1904,production,0.5669
1904,1905,production,0.4766
1905,1906,production,0.5761
1906,1907,production,0.5034
1907,1908,production,0.542
1908,1909,production,0.4901
1909,1910,production,0.5297
1910,1911,production,0.5612
1911,1912,production,0.479
1912,1913,production,0.5833
1913,1914,production,0.5149
1914,1915,production,0.5395
1915,1916,production,0.493
1916,1917,production,0.5248
1917,1918,production,0.5653
1918,1919,production,0.4769
1919,1920,production,0.5759
1920,1921,production,0.506
1921,1922,production,0.5452
1922,1923,production,0.4875
1923,1924,production,0.5302
1924,1925,production,0.5617
1925,1926,production,0.4712
1926,1927,production,0.5824
1927,1928,production,0.5202
1928,1929,production,0.553
1929,1930,production,0.4994
1930,1931,production,0.5352
1931,1932,production,0.5703
1932,1933,production,0.5024
1933,1934,production,0.5125
1934,1935,production,0.5202
1935,1936,production,0.5183
1936,1937,production,0.497
1937,1938,production,0.5144
1938,1939,production,0.5291
1939,1940,production,0.5271
1940,1941,production,0.5066
1941,1942,production,0.5111
1942,1943,production,0.5158
1943,1944,production,0.5182
1944,1945,production,0.519
1945,1946,production,0.5445
1946,1947,production,0.5023
1947,1948,production,0.5566
1948,1949,production,0.4936
1949,1950,production,0.5502
1950,1951,production,0.5254
1951,1952,production,0.5352
1952,1953,production,0.555
1953,1954,production,0.44
1954,1955,production,0.5471
1955,1956,production,0.5417
1956,1957,production,0.5252
1957,1958,production,0.5593
1958,1959,production,0.5298
1959,1960,production,0.5506
1960,1961,production,0.4921
1961,1962,production,0.5455
1962,1963,production,0.483
1963,1964,production,0.5395
1964,1965,production,0.5363
1965,1966,production,0.5554
1966,1967,production,0.5103
1967,1968,production,0.5135
1968,1969,production,0.5604
1969,1970,production,0.5313
1970,1971,production,0.5299
1971,1972,production,0.5224
1972,1973,production,0.5476
1973,1974,production,0.521
1974,1975,production,0.5551
1975,1976,production,0.5163
1976,1977,production,0.558
1977,1978,production,0.5289
1978,1979,production,0.5419
1979,1980,production,0.5177
1980,1981,production,0.549
1981,1982,production,0.5504
1982,1983,production,0.542
1983,1984,production,0.5245
1984,1985,production,0.5467
1985,1986,production,0.5285
1986,1987,production,0.5499
1987,1988,production,0.5178
1988,1989,production,0.5338
1989,1990,production,0.5351
1990,1991,production,0.5288
1991,1992,production,0.5503
1992,1993,production,0.5285
1993,1994,production,0.5367
1994,1995,production,0.537
1995,1996,production,0.525
1996,1997,production,0.5524
1997,1998,production,0.5229
1998,1999,production,0.5276
1999,2000,production,0.5447
2000,2001,production,0.5257
2001,2002,production,0.5507
2002,2003,production,0.5242
2003,2004,production,0.5347
2004,2005,production,0.5367
2005,2006,production,0.524
2006,2007,production,0.5519
2007,2008,production,0.5234
2008,2009,production,0.5329
2009,2010,production,0.5338
2010,2011,production,0.6225
2011,2012,production,0.5583
2012,2013,production,0.6655
2013,2014,production,0.5218
2014,2015,production,0.6436
2015,2016,production,0.5953
2016,2017,production,0.6732
2017,2018,production,0.5431
2018,2019,production,0.6574
2019,2020,production,0.585
2020,2021,production,0.5616
2021,2022,production,0.6308
2022,2023,production,0.6037
2023,2024,production,0.667
2024,2025,production,0.5344
2025,2026,production,0.6267
2026,2027,production,0.5793
2027,2028,production,0.6773
2028,2029,production,0.5506
2029,2030,production,0.5964
2030,2031,production,0.6455
2031,2032,production,0.5701
2032,2033,production,0.6515
2033,2034,production,0.5363
2034,2035,production,0.5767
2035,2036,production,0.5669
2036,2037,production,0.6112
2037,2038,production,0.5661
2038,2039,production,0.5908
2039,2040,production,0.5956
2040,2041,production,0.5755
2041,2042,production,0.6088
2042,2043,production,0.5834
2043,2044,production,0.5799
2044,2045,production,0.5758
2045,2046,production,0.5711
2046,2047,production,0.5738
2047,2048,production,0.6207
2048,2049,production,0.547
2049,2050,production,0.5831
2050,2051,production,0.5682
2051,2052,production,0.6096
2052,2053,production,0.5912
2053,2054,production,0.5586
2054,2055,production,0.6416
2055,2056,production,0.5199
2056,2057,production,0.638
2057,2058,production,0.581
2058,2059,production,0.6152
2059,2060,production,0.5606
2060,2061,production,0.6337
2061,2062,production,0.5371
2062,2063,production,0.6064
2063,2064,production,0.5764
2064,2065,production,0.6193
2065,2066,production,0.5633
2066,2067,production,0.5969
2067,2068,production,0.5784
2068,2069,production,0.549
2069,2070,production,0.6308
2070,2071,production,0.5391
2071,2072,production,0.5962
2072,2073,production,0.5367
2073,2074,production,0.6331
2074,2075,production,0.5565
2075,2076,production,0.5997
2076,2077,production,0.5488
2077,2078,production,0.5248
2078,2079,production,0.5275
2079,2080,production,0.5462
2080,2081,production,0.5583
2081,2082,production,0.5633
2082,2083,production,0.5969
2083,2084,production,0.5784
2084,2085,production,0.549
2085,2086,production,0.6308
2086,2087,production,0.5391
2087,2088,production,0.5962
2088,2089,production,0.6331
2089,2090,production,0.5565
2090,2091,production,0.5997
2091,2092,production,0.5586
2092,2093,production,0.6416
2093,2094,production,0.5199
2094,2095,production,0.638
2095,2096,production,0.581
2096,2097,production,0.6152
2097,2098,production,0.5606
2098,2099,production,0.6337
2099,2100,production,0.5371
2100,2101,production,0.6064
2101,2102,production,0.5764
2102,2103,production,0.6193
2103,2104,production,0.7196
2104,2105,production,0.6668
2105,2106,production,0.4168
2106,2107,production,0.5311
2107,2108,production,0.484
2108,2109,production,0.5918
2109,2110,production,0.711
2110,2111,production,0.5237
2111,2112,production,0.7506
2112,2113,production,0.4269
2113,2114,production,0.654
2114,2115,production,0.5594
2115,2116,production,0.7328
2116,2117,production,0.5152
2117,2118,production,0.6705
2118,2119,production,0.5895
2119,2120,production,0.7108
2120,2121,production,0.5689
2121,2122,production,0.6275
2122,2123,production,0.5365
2123,2124,production,0.6022
2124,2125,production,0.6423
2125,2126,production,0.5246
2126,2127,production,0.6209
2127,2128,production,0.5597
2128,2129,production,0.5975
2129,2130,production,0.5807
2130,2131,production,0.549
2131,2132,production,0.5565
2132,2133,production,0.5991
2133,2134,production,0.6193
2134,2135,production,0.5555
2135,2136,production,0.5669
2136,2137,production,0.5861
2137,2138,production,0.5541
2138,2139,production,0.5667
2139,2140,production,0.5689
2140,2141,production,0.5702
2141,2142,production,0.5684
2142,2143,production,0.5666
2143,2144,production,0.5738
2144,2145,production,0.5745
2145,2146,production,0.5655
2146,2147,production,0.5837
2147,2148,production,0.5302
2148,2149,production,0.5641
2149,2150,production,0.5517
2150,2151,production,0.5735
2151,2152,production,0.5839
2152,2153,production,0.5759
2153,2154,production,0.5448
2154,2155,production,0.5705
2155,2156,production,0.5935
2156,2157,production,0.5138
2157,2158,production,0.6005
2158,2159,production,0.5238
2159,2160,production,0.5151
2160,2161,production,0.5641
2161,2162,production,0.5573
2162,2163,production,0.5414
2163,2164,production,0.5046
2164,2165,production,0.5463
2165,2166,production,0.516
2166,2167,production,0.5043
2167,2168,production,0.5559
2168,2169,production,0.52
2169,2170,production,0.5522
2170,2171,production,0.5324
2171,2172,production,0.5571
2172,2173,production,0.5342
2173,2174,production,0.5231
2174,2175,production,0.5364
2175,2176,production,0.5435
2176,2177,production,0.5712
2177,2178,production,0.5449
2178,2179,production,0.5381
2179,2180,production,0.5531
2180,2181,production,0.5328
2181,2182,production,0.5624
2182,2183,production,0.6211
2183,2184,production,0.5515
2184,2185,production,0.5906
2185,2186,production,0.5665
2186,2187,production,0.6051
2187,2188,production,0.6416
2188,2189,production,0.5239
2189,2190,production,0.572
2190,2191,production,0.6036
2191,2192,production,0.5059
2192,2193,production,0.6297
2193,2194,production,0.6551
2194,2195,production,0.5593
2195,2196,production,0.5116
2196,2197,production,0.6463
2197,2198,production,0.6198
2198,2199,production,0.5246
2199,2200,production,0.603
2200,2201,production,0.6194
2201,2202,production,0.5674
2202,2203,production,0.5861
2203,2204,production,0.6365
2204,2205,production,0.4881
2205,2206,production,0.6116
2206,2207,production,0.5653
2207,2208,production,0.6535
2208,2209,production,0.5918
2209,2210,production,0.6537
2210,2211,production,0.6294
2211,2212,production,0.5036
2212,2213,production,0.5525
2213,2214,production,0.4845
2214,2215,production,0.5769
2215,2216,production,0.5212
2216,2217,production,0.5392
2217,2218,production,0.5271
2218,2219,production,0.5636
2219,2220,production,0.4973
2220,2221,production,0.5503
2221,2222,production,0.53
2222,2223,production,0.54
2223,2224,production,0.5719
2224,2225,production,0.49
2225,2226,production,0.5604
2226,2227,production,0.5113
2227,2228,production,0.5455
2228,2229,production,0.5222
2229,2230,production,0.5357
2230,2231,production,0.5261
2231,2232,production,0.5816
2232,2233,production,0.4779
2233,2234,production,0.5679
2234,2235,production,0.5412
2235,2236,production,0.5262
2236,2237,production,0.5515
2237,2238,production,0.5119
2238,2239,production,0.5499
2239,2240,production,0.5355
2240,2241,production,0.5277
2241,2242,production,0.5398
2242,2243,production,0.4722
2243,2244,production,0.5591
2244,2245,production,0.5334
2245,2246,production,0.5177
2246,2247,production,0.5369
2247,2248,production,0.5459
2248,2249,production,0.5275
2249,2250,production,0.5668
2250,2251,production,0.5312
2251,2252,production,0.5459
2252,2253,production,0.4696
2253,2254,production,0.5367
2254,2255,production,0.5271
2255,2256,production,0.5666
2256,2257,production,0.5145
2257,2258,production,0.5396
2258,2259,production,0.5632
2259,2260,production,0.5302
2260,2261,production,0.5479
2261,2262,production,0.5272
2262,2263,production,0.555
2263,2264,production,0.5452
2264,2265,production,0.4502
2265,2266,production,0.5518
2266,2267,production,0.543
2267,2268,production,0.5508
2268,2269,production,0.5988
2269,2270,production,0.5533
2270,2271,production,0.4243
2271,2272,production,0.5765
2272,2273,production,0.5703
2273,2274,production,0.5243
2274,2275,production,0.5849
2275,2276,production,0.5914
2276,2277,production,0.5396
2277,2278,production,0.5137
2278,2279,production,0.5058
2279,2280,production,0.6497
2280,2281,production,0.5481
2281,2282,production,0.5594
2282,2283,production,0.5378
2283,2284,production,0.487
2284,2285,production,0.5411
2285,2286,production,0.5779
2286,2287,production,0.5509
2287,2288,production,0.5389
2288,2289,production,0.5039
2289,2290,production,0.5117
2290,2291,production,0.6284
2291,2292,production,0.5812
2292,2293,production,0.611
2293,2294,production,0.634
2294,2295,production,0.6053
2295,2296,production,0.6023
2296,2297,production,0.599
2297,2298,production,0.632
2298,2299,production,0.6252
2299,2300,production,0.6254
2300,2301,production,0.6143
2301,2302,production,0.6073
2302,2303,production,0.6294
2303,2304,production,0.6332
2304,2305,production,0.6178
2305,2306,production,0.6278
2306,2307,production,0.5883
2307,2308,production,0.6118
2308,2309,production,0.6539
2309,2310,production,0.6325
2310,2311,production,0.6031
2311,2312,production,0.6185
2312,2313,production,0.6031
2313,2314,production,0.6137
2314,2315,production,0.6352
2315,2316,production,0.6437
2316,2317,production,0.6285
2317,2318,production,0.5831
2318,2319,production,0.5916
2319,2320,production,0.6055
2320,2321,production,0.6167
2321,2322,production,0.6129
2322,2323,production,0.6046
2323,2324,production,0.5954
2324,2325,production,0.6204
2325,2326,production,0.6203
2326,2327,production,0.5922
2327,2328,production,0.6292
2328,2329,production,0.616
2329,2330,production,0.6091
2330,2331,production,0.6276
2331,2332,production,0.6662
2332,2333,production,0.6123
2333,2334,production,0.6145
2334,2335,production,0.6126
2335,2336,production,0.6191
2336,2337,production,0.6191
2337,2338,production,0.6275
2338,2339,production,0.6156
2339,2340,production,0.6074
2340,2341,production,0.6183
2341,2342,production,0.5773
2342,2343,production,0.6231
2343,2344,production,0.6275
2344,2345,production,0.616
2345,2346,production,0.6244
2346,2347,production,0.6231
2347,2348,production,0.6047
2348,2349,production,0.5972
2349,2350,production,0.6411
2350,2351,production,0.6288
2351,2352,production,0.6071
2352,2353,production,0.6298
2353,2354,production,0.6013
2354,2355,production,0.6312
2355,2356,production,0.6314
2356,2357,production,0.6134
2357,2358,production,0.5938
2358,2359,production,0.6198
2359,2360,production,0.5897
2360,2361,production,0.602
2361,2362,production,0.5771
2362,2363,production,0.5631
2363,2364,production,0.6289
2364,2365,production,0.6275
2365,2366,production,0.6187
2366,2367,production,0.6091
2367,2368,production,0.5734
2368,2369,production,0.6126
2369,2370,production,0.6252
2370,2371,production,0.6029
2371,2372,production,0.5761
2372,2373,production,0.5651
2373,2374,production,0.6165
2374,2375,production,0.5842
2375,2376,production,0.5923
2376,2377,production,0.6144
2377,2378,production,0.5832
2378,2379,production,0.5865
2379,2380,production,0.6087
2380,2381,production,0.6187
2381,2382,production,0.5821
2382,2383,production,0.604
2383,2384,production,0.6197
2384,2385,production,0.5618
2385,2386,production,0.6088
2386,2387,production,0.6226
2387,2388,production,0.6039
2388,2389,production,0.6116
2389,2390,production,0.575
2390,2391,production,0.5773
2391,2392,production,0.5949
2392,2393,production,0.6024
2393,2394,production,0.6171
2394,2395,production,0.6044
2395,2396,production,0.6058
2396,2397,production,0.6281
2397,2398,production,0.6049
2398,2399,production,0.6139
2399,2400,production,0.6278
2400,2401,production,0.6266
2401,2402,production,0.6293
2402,2403,production,0.5978
2403,2404,production,0.5852
2404,2405,production,0.633
2405,2406,production,0.5999
2406,2407,production,0.627
2407,2408,production,0.6196
2408,2409,production,0.6133
2409,2410,production,0.5721
2410,2411,production,0.6165
2411,2412,production,0.6243
2412,2413,production,0.6175
2413,2414,production,0.6127
2414,2415,production,0.6068
2415,2416,production,0.5897
2416,2417,production,0.5729
2417,2418,production,0.6297
2418,2419,production,0.5855
2419,2420,production,0.5727
2420,2421,production,0.6101
2421,2422,production,0.6261
2422,2423,production,0.626
2423,2424,production,0.6476
2424,2425,production,0.631
2425,2426,production,0.6143
2426,2427,production,0.6299
2427,2428,production,0.5924
2428,2429,production,0.6118
2429,2430,production,0.6018
2430,2431,production,0.6003
2431,2432,production,0.6217
2432,2433,production,0.6124
2433,2434,production,0.6022
2434,2435,production,0.5777
2435,2436,production,0.6175
2436,2437,production,0.6367
2437,2438,production,0.6372
2438,2439,production,0.6274
2439,2440,production,0.6346
2440,2441,production,0.5662
2441,2442,production,0.6313
2442,2443,production,0.6258
2443,2444,production,0.6165
2444,2445,production,0.5983
2445,2446,production,0.6135
2446,2447,production,0.5861
2447,2448,production,0.6415
2448,2449,production,0.6266
2449,2450,production,0.5819
2450,2451,production,0.6028
2451,2452,production,0.6228
2452,2453,production,0.6206
2453,2454,production,0.577
2454,2455,production,0.5784
2455,2456,production,0.6124
2456,2457,production,0.5997
2457,2458,production,0.6002
2458,2459,production,0.6397
2459,2460,production,0.6193
2460,2461,production,0.6035
2461,2462,production,0.5806
2462,2463,production,0.624
2463,2464,production,0.5493
2464,2465,production,0.6302
2465,2466,production,0.6314
2466,2467,production,0.6313
2467,2468,production,0.6085
2468,2469,production,0.6212
2469,2470,production,0.6396
2470,2471,production,0.6313
2471,2472,production,0.6343
2472,2473,production,0.6017
2473,2474,production,0.4396
2474,2475,production,0.5949
2475,2476,production,0.5982
2476,2477,production,0.546
2477,2478,production,0.6401
2478,2479,production,0.6045
2479,2480,production,0.6168
2480,2481,production,0.6123
2481,2482,production,0.5856
2482,2483,production,0.5852
2483,2484,production,0.6225
2484,2485,production,0.597
2485,2486,production,0.6129
2486,2487,production,0.6165
2487,2488,production,0.648
2488,2489,production,0.6157
2489,2490,production,0.6026
2490,2491,production,0.6428
2491,2492,production,0.6197
2492,2493,production,0.5992
2493,2494,production,0.6006
2494,2495,production,0.6184
2495,2496,production,0.6437
2496,2497,production,0.603
2497,2498,production,0.5981
2498,2499,production,0.5939
2499,2500,production,0.6412
2500,2501,production,0.6331
2501,2502,production,0.6042
2502,2503,production,0.6139
2503,2504,production,0.6158
2504,2505,production,0.5991
2505,2506,production,0.6215
2506,2507,production,0.6221
2507,2508,production,0.6357
2508,2509,production,0.5784
2509,2510,production,0.5987
2510,2511,production,0.6275
2511,2512,production,0.6435
2512,2513,production,0.6332
2513,2514,production,0.6117
2514,2515,production,0.624
2515,2516,production,0.6339
2516,2517,production,0.6528
2517,2518,production,0.5946
2518,2519,production,0.5987
2519,2520,production,0.5914
2520,2521,production,0.7138
2521,2522,production,0.1171
2522,2523,production,0.4433
2523,2524,production,0.4539
2524,2525,production,0.3014
2525,2526,production,0.3014
2526,2527,production,0.2644
2527,2528,production,0.2271
2528,2529,production,0.2216
2529,2530,production,0.3465
2530,2531,production,0.1642
2531,2532,production,0.2133
2532,2533,production,0.2308
2533,2534,production,0.1937
2534,2535,production,0.2359
2535,2536,production,0.2391
2536,2537,production,0.4186
2537,2538,production,0.7199
2538,2539,production,0.3334
2539,2540,production,0.3296
2540,2541,production,0.308
2541,2542,production,0.3199
2542,2543,production,0.2912
2543,2544,production,0.3248
2544,2545,production,0.3274
2545,2546,production,0.3638
2546,2547,production,0.2669
2547,2548,production,0.2928
2548,2549,production,0.4831
2549,2550,production,0.3879
2550,2551,production,0.3488
2551,2552,production,0.3429
2552,2553,production,0.3102
2553,2554,production,1.0
2554,2555,production,0.3868
2555,2556,production,0.2164
2556,2557,production,1.0
2557,2558,production,0.3383
2558,2559,production,0.1801
2559,2560,production,1.0
2560,2561,production,0.4471
2561,2562,production,0.4831
2562,2563,production,0.2585
2563,2564,production,0.6627
2564,2565,production,0.4037
2565,2566,production,0.4831
2566,2567,production,1.0
2567,2568,production,0.6385
2568,2569,production,0.7223
2569,2570,production,0.9116
2570,2571,production,0.6627
2571,2572,production,0.667
2572,2573,production,0.46
2573,2574,production,0.3313
2574,2575,production,0.4799
2575,2576,production,0.4188
2576,2577,production,0.3498
2577,2578,production,0.726
2578,2579,production,0.4831
2579,2580,production,0.7841
2580,2581,production,0.902
2581,2582,production,0.9091
2582,2583,production,0.6665
2583,2584,production,0.7762
2584,2585,production,0.5907
2585,2586,production,0.539
2586,2587,production,0.5187
2587,2588,production,0.5052
2588,2589,production,0.3864
2589,2590,production,0.2776
2590,2591,production,0.4831
2591,2592,production,0.3957
2592,2593,production,0.2752
2593,2594,production,0.4676
2594,2595,production,0.4122
2595,2596,production,0.3853
2596,2597,production,0.1896
2597,2598,production,0.4187
2598,2599,production,0.3368
2599,2600,production,0.4831
2600,2601,production,1.0
2601,2602,production,0.9038
2602,2603,production,0.4267
2603,2604,production,1.0
2604,2605,production,0.45
2605,2606,production,0.6264
2606,2607,production,0.2933
2607,2608,production,0.4365
2608,2609,production,0.3709
2609,2610,production,0.3562
2610,2611,production,0.473
2611,2612,production,0.4076
2612,2613,production,0.3592
2613,2614,production,0.3342
2614,2615,production,1.0
2615,2616,production,0.6221
2616,2617,production,0.8944
2617,2618,production,0.6835
2618,2619,production,0.4001
2619,2620,production,0.4581
2620,2621,production,0.2959
2621,2622,production,0.4781
2622,2623,production,0.4324
2623,2624,production,0.3531
2624,2625,production,0.4838
2625,2626,production,0.4499
2626,2627,production,0.4368
2627,2628,production,0.3464
2628,2629,production,0.3688
2629,2630,production,0.4514
2630,2631,production,0.4185
2631,2632,production,0.576
2632,2633,production,0.4831
2633,2634,production,0.4727
2634,2635,production,0.989
2635,2636,production,0.4831
2636,2637,production,0.6572
2637,2638,production,1.0
2638,2639,production,0.1538
2639,2640,production,1.0
2640,2641,production,0.4076
2641,2642,production,0.5561
2642,2643,production,0.3638
2643,2644,production,0.5136
2644,2645,production,0.4092
2645,2646,production,0.427
2646,2647,production,0.3371
2647,2648,production,0.3015
2648,2649,production,0.3634
2649,2650,production,0.3439
2650,2651,production,0.4831
2651,2652,production,0.4804
2652,2653,production,0.739
2653,2654,production,0.4095
2654,2655,production,0.3771
2655,2656,production,0.1736
2656,2657,production,0.4731
2657,2658,production,0.4124
2658,2659,production,0.6874
2659,2660,production,0.4365
2660,2661,production,0.1702
2661,2662,production,0.2426
2662,2663,production,0.2946
2663,2664,production,0.2906
2664,2665,production,0.2307
2665,2666,production,0.2286
2666,2667,production,0.244
2667,2668,production,0.1908
2668,2669,production,0.2754
2669,2670,production,0.2547
2670,2671,production,0.0
2671,2672,production,0.4514
2672,2673,production,0.2346
2673,2674,production,0.4217
2674,2675,production,0.0
2675,2676,production,0.3308
2676,2677,production,0.2273
2677,2678,production,0.2157
2678,2679,production,0.1652
2679,2680,production,0.2349
2680,2681,production,0.24
2681,2682,production,0.258
2682,2683,production,0.2598
2683,2684,production,0.2614
2684,2685,production,0.2668
2685,2686,production,0.2491
2686,2687,production,0.2503
2687,2688,production,0.253
2688,2689,production,0.2448
2689,2690,production,0.3519
2690,2691,production,0.277
2691,2692,production,0.2469
2692,2693,production,0.4558
2693,2694,production,0.3894
2694,2695,production,0.3931
2695,2696,production,0.4308
2696,2697,production,0.4132
2697,2698,production,0.4288
2698,2699,production,0.3901
2699,2700,production,0.3752
2700,2701,production,0.4195
2701,2702,production,0.4219
2702,2703,production,0.3355
2703,2704,production,0.1982
2704,2705,production,0.2187
2705,2706,production,0.221
2706,2707,production,0.3662
2707,2708,production,0.3579
2708,2709,production,0.1838
2709,2710,production,0.2183
2710,2711,production,0.187
2711,2712,production,0.19
2712,2713,production,0.1592
2713,2714,production,0.2991
2714,2715,production,0.1738
2715,2716,production,0.3291
2716,2717,production,0.3049
2717,2718,production,0.2912
2718,2719,production,0.3015
2719,2720,production,0.2843
2720,2721,production,0.2828
2721,2722,production,0.3051
2722,2723,production,0.2774
2723,2724,production,0.2729
2724,2725,production,0.3115
2725,2726,production,0.3307
2726,2727,production,0.2721
2727,2728,production,0.2934
2728,2729,production,0.2652
2729,2730,production,0.2424
2730,2731,production,0.2723
2731,2732,production,0.3518
2732,2733,production,0.35
2733,2734,production,0.3506
2734,2735,production,0.3617
2735,2736,production,0.7778
2736,2737,production,0.4831
2737,2738,production,0.4831
2738,2739,production,0.4831
2739,2740,production,0.4831
2740,2741,production,0.4831
2741,2742,production,0.4831
2742,2743,production,0.4831
2743,2744,production,0.4831
2744,2745,production,0.2702
2745,2746,production,0.3014
2746,2747,production,0.3014
2747,2748,production,0.2903
2748,2749,production,0.3014
2749,2750,production,0.3014
2750,2751,production,0.3014
2751,2752,production,0.3014
2752,2753,production,0.2881
2753,2754,production,0.2122
2754,2755,production,0.0
2755,2756,production,0.0
2756,2757,production,0.0
2757,2758,production,0.2697
2758,2759,production,0.3017
2759,2760,production,0.2808
2760,2761,production,0.2578
2761,2762,production,0.2703
2762,2763,production,0.2605
2763,2764,production,0.2379
2764,2765,production,0.223
2765,2766,production,0.2742
2766,2767,production,0.2787
2767,2768,production,0.272
2768,2769,production,0.2745
2769,2770,production,0.1796
2770,2771,production,0.9281
2771,2772,production,0.1849
2772,2773,production,0.1851
2773,2774,production,0.2742
2774,2775,production,0.2866
2775,2776,production,0.3052
2776,2777,production,0.2102
2777,2778,production,0.3094
2778,2779,production,0.3601
2779,2780,production,0.255
2780,2781,production,0.3453
2781,2782,production,0.1684
2782,2783,production,0.2813
2783,2784,production,0.2916
2784,2785,production,0.2685
2785,2786,production,0.2927
2786,2787,production,0.2811
2787,2788,production,0.2857
2788,2789,production,0.2895
2789,2790,production,0.8036
2790,2791,production,0.2641
2791,2792,production,0.6534
2792,2793,production,0.4799
2793,2794,production,0.3044
2794,2795,production,0.3133
2795,2796,production,0.3079
2796,2797,production,0.3426
2797,2798,production,0.2358
2798,2799,production,0.3204
2799,2800,production,0.2719
2800,2801,production,0.3407
2801,2802,production,0.3161
2802,2803,production,0.2694
2803,2804,production,0.639
2804,2805,production,0.1928
2805,2806,production,0.2159
2806,2807,production,0.2165
2807,2808,production,0.2683
2808,2809,production,0.6004
2809,2810,production,0.6067
2810,2811,production,0.2819
2811,2812,production,0.7765
2812,2813,production,0.8779
2813,2814,production,0.4831
2814,2815,production,0.4004
2815,2816,production,0.401
2816,2817,production,0.4512
2817,2818,production,0.3852
2818,2819,production,0.4231
2819,2820,production,0.5861
2820,2821,production,0.5211
2821,2822,production,0.2544
2822,2823,production,0.2111
2823,2824,production,0.208
2824,2825,production,0.2053
2825,2826,production,0.1889
2826,2827,production,0.3294
2827,2828,production,0.8204
2828,2829,production,0.4141
2829,2830,production,0.4225
2830,2831,production,0.5033
2831,2832,production,0.2388
2832,2833,production,0.2932
2833,2834,production,0.124
2834,2835,production,0.2145
2835,2836,production,0.3157
2836,2837,production,0.3906
2837,2838,production,0.1013
2838,2839,production,0.1844
2839,2840,production,0.0931
2840,2841,production,0.1929
2841,2842,production,0.2032
2842,2843,production,0.23
2843,2844,production,0.4543
2844,2845,production,0.335
2845,2846,production,0.136
2846,2847,production,0.145
2847,2848,production,0.4152
2848,2849,production,0.2047
2849,2850,production,0.2731
2850,2851,production,0.1694
2851,2852,production,0.3014
2852,2853,production,0.4906
2853,2854,production,0.1675
2854,2855,production,0.2339
2855,2856,production,0.6601
2856,2857,production,0.6387
2857,2858,production,0.6047
2858,2859,production,0.6577
2859,2860,production,0.624
2860,2861,production,0.6255
2861,2862,production,0.6973
2862,2863,production,0.5595
2863,2864,production,0.2171
2864,2865,production,0.3015
2865,2866,production,0.2881
2866,2867,production,0.3086
2867,2868,production,0.3288
2868,2869,production,0.3162
2869,2870,production,0.3042
2870,2871,production,0.3142
2871,2872,production,0.3157
2872,2873,production,0.3209
2873,2874,production,0.3257
2874,2875,production,0.3207
2875,2876,production,0.3234
2876,2877,production,0.3174
2877,2878,production,0.3592
2878,2879,production,0.2646
2879,2880,production,0.3689
2880,2881,production,0.1894
2881,2882,production,0.1878
2882,2883,production,0.3393
2883,2884,production,0.3131
2884,2885,production,0.3873
2885,2886,production,0.2927
2886,2887,production,0.3729
2887,2888,production,0.371
2888,2889,production,0.375
2889,2890,production,0.3219
2890,2891,production,0.3963
2891,2892,production,0.4128
2892,2893,production,0.5079
2893,2894,production,0.4074
2894,2895,production,0.5085
2895,2896,production,0.3322
2896,2897,production,0.2304
2897,2898,production,0.1949
2898,2899,production,0.121
2899,2900,production,0.2878
2900,2901,production,0.1775
2901,2902,production,0.1771
2902,2903,production,0.223
2903,2904,production,0.2271
2904,2905,production,0.182
2905,2906,production,0.0748
2906,2907,production,0.1594
2907,2908,production,0.0863
2908,2909,production,0.3241
2909,2910,production,0.3796
2910,2911,production,0.3699
2911,2912,production,0.3745
2912,2913,production,0.4831
2913,2914,production,0.4831
2914,2915,production,0.7139
2915,2916,production,0.3353
2916,2917,production,0.3717
2917,2918,production,0.761
2918,2919,production,0.33
2919,2920,production,0.2483
2920,2921,production,0.2551
2921,2922,production,0.4455
2922,2923,production,0.5277
2923,2924,production,0.5401
2924,2925,production,0.4649
2925,2926,production,0.5076
2926,2927,production,0.4542
2927,2928,production,0.5926
2928,2929,production,0.4546
2929,2930,production,0.4506
2930,2931,production,0.2666
2931,2932,production,0.517
2932,2933,production,0.4651
2933,2934,production,0.3094
2934,2935,production,0.4464
2935,2936,production,0.2752
2936,2937,production,0.2584
2937,2938,production,0.3552
2938,2939,production,0.2179
2939,2940,production,0.3448
2940,2941,production,0.432
2941,2942,production,0.2432
2942,2943,production,0.4489
2943,2944,production,0.2551
2944,2945,production,0.3803
2945,2946,production,0.4004
2946,2947,production,0.4053
2947,2948,production,0.2507
2948,2949,production,0.2625
2949,2950,production,0.439
2950,2951,production,0.2754
2951,2952,production,0.3733
2952,2953,production,0.4154
2953,2954,production,0.2489
2954,2955,production,0.41
2955,2956,production,0.4385
2956,2957,production,0.41
2957,2958,production,0.4293
2958,2959,production,0.5345
2959,2960,production,0.2876
2960,2961,production,0.3116
2961,2962,production,0.4402
2962,2963,production,0.4912
2963,2964,production,0.4257
2964,2965,production,0.3116
2965,2966,production,0.0
2966,2967,production,0.4044
2967,2968,production,0.5548
2968,2969,production,0.3442
2969,2970,production,0.0
2970,2971,production,0.0
2971,2972,production,0.0
2972,2973,production,0.3586
2973,2974,production,0.2978
2974,2975,production,0.4201
2975,2976,production,0.1716
2976,2977,production,0.1482
2977,2978,production,0.3058
2978,2979,production,0.3387
2979,2980,production,0.3069
2980,2981,production,0.4288
2981,2982,production,0.3207
2982,2983,production,0.4135
2983,2984,production,0.33
2984,2985,production,0.3029
2985,2986,production,0.4058
2986,2987,production,0.2706
2987,2988,production,0.3525
2988,2989,production,0.286
2989,2990,production,0.3254
2990,2991,production,0.2118
2991,2992,production,0.3267
2992,2993,production,0.4831
2993,2994,production,0.3356
2994,2995,production,0.3096
2995,2996,production,0.3366
2996,2997,production,0.3344
2997,2998,production,0.3481
2998,2999,production,0.3493
2999,3000,production,0.3358
3000,3001,production,0.327
3001,3002,production,0.3386
3002,3003,production,0.3488
3003,3004,production,0.3401
3004,3005,production,0.3487
3005,3006,production,0.3329
3006,3007,production,0.3351
3007,3008,production,0.3392
3008,3009,production,0.3236
3009,3010,production,0.3393
3010,3011,production,0.3391
3011,3012,production,0.3223
3012,3013,production,0.303
3013,3014,production,0.3253
3014,3015,production,0.3241
3015,3016,production,0.3422
3016,3017,production,0.3548
3017,3018,production,0.3396
3018,3019,production,0.3032
3019,3020,production,0.375
3020,3021,production,0.3175
3021,3022,production,0.3307
3022,3023,production,0.3481
3023,3024,production,0.3606
3024,3025,production,0.3162
3025,3026,production,0.3408
3026,3027,production,0.3511
3027,3028,production,0.3149
3028,3029,production,0.3193
3029,3030,production,0.3428
3030,3031,production,0.3344
3031,3032,production,0.3665
3032,3033,production,0.2781
3033,3034,production,0.4831
3034,3035,production,0.4831
3035,3036,production,0.4547
3036,3037,production,0.5482
3037,3038,production,0.5333
3038,3039,production,0.5164
3039,3040,production,0.3331
3040,3041,production,0.3114
3041,3042,production,0.1735
3042,3043,production,0.223
3043,3044,production,0.2885
3044,3045,production,0.1056
3045,3046,production,0.1467
3046,3047,production,0.3525
3047,3048,production,0.512
3048,3049,production,0.4312
3049,3050,production,0.4875
3050,3051,production,0.4506
3051,3052,production,0.3024
3052,3053,production,0.4831
3053,3054,production,0.4831
3054,3055,production,0.4831
3055,3056,production,0.4831
3056,3057,production,0.4831
3057,3058,production,0.4831
3058,3059,production,0.4831
3059,3060,production,0.4831
3060,3061,production,0.4831
3061,3062,production,0.4831
3062,3063,production,0.4831
3063,3064,production,0.4009
3064,3065,production,0.1299
3065,3066,production,0.428
3066,3067,production,0.4859
3067,3068,production,0.3623
3068,3069,production,0.3695
3069,3070,production,0.3068
3070,3071,production,0.1956
3071,3072,production,0.3239
3072,3073,production,0.2053
3073,3074,production,0.6559
3074,3075,production,0.4272
3075,3076,production,0.7448
3076,3077,production,0.4831
3077,3078,production,0.6124
3078,3079,production,0.535
3079,3080,production,0.5668
3080,3081,production,0.4831
3081,3082,production,0.5718
3082,3083,production,0.4189
3083,3084,production,0.4058
3084,3085,production,0.0
3085,3086,production,0.0
3086,3087,production,0.2171
3087,3088,production,0.3851
3088,3089,production,0.4502
3089,3090,production,0.3219
3090,3091,production,0.3472
3091,3092,production,0.287
3092,3093,production,0.377
3093,3094,production,0.359
3094,3095,production,0.3708
3095,3096,production,0.3519
3096,3097,production,0.3636
3097,3098,production,0.3816
3098,3099,production,0.3483
3099,3100,production,0.3726
3100,3101,production,0.3721
3101,3102,production,0.4043
3102,3103,production,0.3402
3103,3104,production,0.3788
3104,3105,production,0.309
3105,3106,production,0.3469
3106,3107,production,0.392
3107,3108,production,0.4789
3108,3109,production,0.0
3109,3110,production,0.0
3110,3111,production,0.0
3111,3112,production,0.3532
3112,3113,production,0.401
3113,3114,production,0.4216
3114,3115,production,0.2014
3115,3116,production,0.1925
3116,3117,production,0.1907
3117,3118,production,0.306
3118,3119,production,0.3164
3119,3120,production,0.1911
3120,3121,production,0.3522
3121,3122,production,0.4625
3122,3123,production,0.4752
3123,3124,production,0.4408
3124,3125,production,0.3955
3125,3126,production,0.5065
3126,3127,production,0.5919
3127,3128,production,0.5458
3128,3129,production,0.5528
3129,3130,production,0.5011
3130,3131,production,0.6022
3131,3132,production,0.6565
3132,3133,production,0.5307
3133,3134,production,0.5926
3134,3135,production,0.7093
3135,3136,production,0.3138
3136,3137,production,0.4727
3137,3138,production,0.5341
3138,3139,production,0.355
3139,3140,production,0.3712
3140,3141,production,0.361
3141,3142,production,0.2155
3142,3143,production,0.4713
3143,3144,production,0.4313
3144,3145,production,0.3961
3145,3146,production,0.3798
3146,3147,production,0.4006
3147,3148,production,0.4008
3148,3149,production,0.4002
3149,3150,production,0.3874
3150,3151,production,0.3991
3151,3152,production,0.4831
3152,3153,production,0.4947
3153,3154,production,0.5325
3154,3155,production,0.4758
3155,3156,production,0.5167
3156,3157,production,0.4014
3157,3158,production,0.6101
3158,3159,production,0.3699
3159,3160,production,0.4201
3160,3161,production,0.1703
3161,3162,production,0.3688
3162,3163,production,0.3841
3163,3164,production,0.3442
3164,3165,production,0.2226
3165,3166,production,0.4106
3166,3167,production,0.4286
3167,3168,production,0.2383
3168,3169,production,0.2402
3169,3170,production,0.3041
3170,3171,production,0.3808
3171,3172,production,0.4112
3172,3173,production,0.3884
3173,3174,production,0.3651
3174,3175,production,0.4152
3175,3176,production,0.2256
3176,3177,production,0.4831
3177,3178,production,0.4046
3178,3179,production,0.4037
3179,3180,production,0.2907
3180,3181,production,0.2688
3181,3182,production,0.4742
3182,3183,production,0.2981
3183,3184,production,0.4569
3184,3185,production,0.4459
3185,3186,production,0.4508
3186,3187,production,0.3004
3187,3188,production,0.4792
3188,3189,production,0.3947
3189,3190,production,0.4332
3190,3191,production,0.3739
3191,3192,production,0.3777
3192,3193,production,0.3732
3193,3194,production,0.3725
3194,3195,production,0.3709
3195,3196,production,0.388
3196,3197,production,0.3797
3197,3198,production,0.347
3198,3199,production,0.3474
3199,3200,production,0.6059
3200,3201,production,0.5892
3201,3202,production,0.6273
3202,3203,production,0.3799
3203,3204,production,0.4518
3204,3205,production,0.5538
3205,3206,production,0.422
3206,3207,production,0.464
3207,3208,production,0.4456
3208,3209,production,0.333
3209,3210,production,0.2289
3210,3211,production,0.3363
3211,3212,production,0.1488
3212,3213,production,0.3055
3213,3214,production,0.2902
3214,3215,production,0.5133
3215,3216,production,0.5328
3216,3217,production,0.4185
3217,3218,production,0.3985
3218,3219,production,0.3116
3219,3220,production,0.4129
3220,3221,production,0.4203
3221,3222,production,0.4831
3222,3223,production,0.4831
3223,3224,production,0.4831
3224,3225,production,0.4789
3225,3226,production,0.3938
3226,3227,production,0.4831
3227,3228,production,0.4154
3228,3229,production,0.4831
3229,3230,production,0.4831
3230,3231,production,0.4229
3231,3232,production,0.4058
3232,3233,production,0.3661
3233,3234,production,0.3683
3234,3235,production,0.4401
3235,3236,production,0.3839
3236,3237,production,0.4654
3237,3238,production,0.4324
3238,3239,production,0.408
3239,3240,production,0.4209
3240,3241,production,0.4046
3241,3242,production,0.3781
3242,3243,production,0.3729
3243,3244,production,0.4831
3244,3245,production,0.4831
3245,3246,production,0.4127
3246,3247,production,0.4831
3247,3248,production,0.4831
3248,3249,production,0.3409
3249,3250,production,0.3703
3250,3251,production,0.5485
3251,3252,production,0.4273
3252,3253,production,0.0
3253,3254,production,0.0
3254,3255,production,0.0
3255,3256,production,0.2378
3256,3257,production,0.3035
3257,3258,production,0.3378
3258,3259,production,0.2155
3259,3260,production,0.1833
3260,3261,production,0.1777
3261,3262,production,0.1765
3262,3263,production,0.1957
3263,3264,production,0.1854
3264,3265,production,0.177
3265,3266,production,0.1793
3266,3267,production,0.0
3267,3268,production,0.0
3268,3269,production,0.1765
3269,3270,production,0.0
3270,3271,production,0.0
3271,3272,production,0.1765
3272,3273,production,0.2931
3273,3274,production,0.2537
3274,3275,production,0.2677
3275,3276,production,0.2009
3276,3277,production,0.2054
3277,3278,production,0.0
3278,3279,production,0.1799
3279,3280,production,0.2718
3280,3281,production,0.391
3281,3282,production,0.2413
3282,3283,production,0.2545
3283,3284,production,0.0
3284,3285,production,0.3167
3285,3286,production,0.0
3286,3287,production,0.0
3287,3288,production,0.0
3288,3289,production,0.2128
3289,3290,production,0.2872
3290,3291,production,0.0
3291,3292,production,0.0
3292,3293,production,0.0
3293,3294,production,0.0
3294,3295,production,0.3084
3295,3296,production,0.2256
3296,3297,production,0.0
3297,3298,production,0.2721
3298,3299,production,0.1586
3299,3300,production,0.2009
3300,3301,production,0.0
3301,3302,production,0.2362
3302,3303,production,0.0
3303,3304,production,0.1586
3304,3305,production,0.2608
3305,3306,production,0.2167
3306,3307,production,0.2163
3307,3308,production,0.2119
3308,3309,production,0.1787
3309,3310,production,0.6755
3310,3311,production,0.6084
3311,3312,production,0.6521
3312,3313,production,0.5518
3313,3314,production,0.5826
3314,3315,production,0.8955
3315,3316,production,0.7594
3316,3317,production,0.7214
3317,3318,production,0.6889
3318,3319,production,0.6587
3319,3320,production,0.3653
3320,3321,production,0.5021
3321,3322,production,0.4613
3322,3323,production,0.4807
3323,3324,production,0.3965
3324,3325,production,0.4902
3325,3326,production,0.397
3326,3327,production,0.5226
3327,3328,production,0.5132
3328,3329,production,0.5031
3329,3330,production,0.2767
3330,3331,production,0.5013
3331,3332,production,0.4133
3332,3333,production,0.6968
3333,3334,production,0.5614
3334,3335,production,0.5653
3335,3336,production,0.5989
3336,3337,production,0.513
3337,3338,production,0.6626
3338,3339,production,0.6397
3339,3340,production,0.5458
3340,3341,production,0.9709
3341,3342,production,0.9909
3342,3343,production,0.1833
3343,3344,production,0.5446
3344,3345,production,0.4541
3345,3346,production,0.4005
3346,3347,production,0.3002
3347,3348,production,0.4176
3348,3349,production,0.4116
3349,3350,production,0.4071
3350,3351,production,0.4014
3351,3352,production,0.4005
3352,3353,production,0.4519
3353,3354,production,0.3235
3354,3355,production,0.3616
3355,3356,production,0.3724
3356,3357,production,0.4295
3357,3358,production,0.4279
3358,3359,production,0.4462
3359,3360,production,0.4338
3360,3361,production,0.4134
3361,3362,production,0.3444
3362,3363,production,0.6305
3363,3364,production,0.38
3364,3365,production,0.6525
3365,3366,production,0.5684
3366,3367,production,0.5496
3367,3368,production,0.5188
3368,3369,production,0.5224
3369,3370,production,0.7539
3370,3371,production,0.7853
3371,3372,production,0.6074
3372,3373,production,0.61
3373,3374,production,0.5951
3374,3375,production,0.7146
3375,3376,production,0.6454
3376,3377,production,0.0
3377,3378,production,0.4996
3378,3379,production,0.4933
3379,3380,production,0.6021
3380,3381,production,0.9741
3381,3382,production,0.5904
3382,3383,production,0.452
3383,3384,production,0.4577
3384,3385,production,0.415
3385,3386,production,0.3493
3386,3387,production,0.4252
3387,3388,production,0.4198
3388,3389,production,0.3435
3389,3390,production,0.4416
3390,3391,production,0.3444
3391,3392,production,0.3703
3392,3393,production,0.4168
3393,3394,production,0.4179
3394,3395,production,0.2513
3395,3396,production,0.3818
3396,3397,production,0.4227
3397,3398,production,0.3173
3398,3399,production,0.2176
3399,3400,production,0.4221
3400,3401,production,0.2671
3401,3402,production,0.4307
3402,3403,production,0.4421
3403,3404,production,0.407
3404,3405,production,0.4395
3405,3406,production,0.5376
3406,3407,production,0.5132
3407,3408,production,0.3099
3408,3409,production,0.1894
3409,3410,production,0.3081
3410,3411,production,0.2079
3411,3412,production,0.3809
3412,3413,production,0.3841
3413,3414,production,0.6038
3414,3415,production,0.7305
3415,3416,production,0.6021
3416,3417,production,0.7305
3417,3418,production,0.7305
3418,3419,production,0.6819
3419,3420,production,0.6397
3420,3421,production,0.7076
3421,3422,production,0.4465
3422,3423,production,0.672
3423,3424,production,0.7215
3424,3425,production,0.701
3425,3426,production,0.6634
3426,3427,production,0.429
3427,3428,production,0.6919
3428,3429,production,0.7305
3429,3430,production,0.7301
3430,3431,production,0.5562
3431,3432,production,0.7148
3432,3433,production,0.7305
3433,3434,production,0.6759
3434,3435,production,0.6974
3435,3436,production,0.6397
3436,3437,production,0.3521
3437,3438,production,0.5796
3438,3439,production,0.4766
3439,3440,production,0.5629
3440,3441,production,0.1866
3441,3442,production,0.6361
3442,3443,production,0.5395
3443,3444,production,0.6454
3444,3445,production,0.4947
3445,3446,production,0.6454
3446,3447,production,0.5729
3447,3448,production,0.6454
3448,3449,production,0.6162
3449,3450,production,0.539
3450,3451,production,0.6454
3451,3452,production,0.5094
3452,3453,production,0.5452
3453,3454,production,0.5906
3454,3455,production,0.6251
3455,3456,production,0.6001
3456,3457,production,0.5827
3457,3458,production,0.6247
3458,3459,production,0.6693
3459,3460,production,0.6177
3460,3461,production,0.6887
3461,3462,production,0.5317
3462,3463,production,0.688
3463,3464,production,0.7246
3464,3465,production,0.7276
3465,3466,production,0.6361
3466,3467,production,0.5088
3467,3468,production,0.6691
3468,3469,production,0.6136
3469,3470,production,0.5609
3470,3471,production,0.7305
3471,3472,production,0.7305
3472,3473,production,0.7121
3473,3474,production,0.6411
3474,3475,production,0.5994
3475,3476,production,0.7305
3476,3477,production,0.7305
3477,3478,production,0.7047
3478,3479,production,0.7123
3479,3480,production,0.5678
3480,3481,production,0.6956
3481,3482,production,0.7305
3482,3483,production,0.6074
3483,3484,production,0.5764
3484,3485,production,0.5895
3485,3486,production,0.676
3486,3487,production,0.5372
3487,3488,production,0.6045
3488,3489,production,0.6418
3489,3490,production,0.61
3490,3491,production,0.6558
3491,3492,production,0.6029
3492,3493,production,0.4905
3493,3494,production,0.5435
3494,3495,production,0.6888
3495,3496,production,0.5677
3496,3497,production,0.7178
3497,3498,production,0.6196
3498,3499,production,0.6726
3499,3500,production,0.5569
3500,3501,production,0.5852
3501,3502,production,0.6505
3502,3503,production,0.6764
3503,3504,production,0.6631
3504,3505,production,0.6487
3505,3506,production,0.5882
3506,3507,production,0.5479
3507,3508,production,0.6815
3508,3509,production,0.6112
3509,3510,production,0.7245
3510,3511,production,0.7305
3511,3512,production,0.0
3512,3513,production,0.5409
3513,3514,production,0.5128
3514,3515,production,0.8888
3515,3516,production,0.5991
3516,3517,production,0.4151
3517,3518,production,0.1778
3518,3519,production,0.4256
3519,3520,production,0.2348
3520,3521,production,0.4493
3521,3522,production,0.4176
3522,3523,production,0.4465
3523,3524,production,0.4871
3524,3525,production,0.5791
3525,3526,production,0.3467
3526,3527,production,0.3957
3527,3528,production,0.3553
3528,3529,production,0.3339
3529,3530,production,0.3786
3530,3531,production,0.6295
3531,3532,production,0.5373
3532,3533,production,0.5529
3533,3534,production,0.5477
3534,3535,production,0.5368
3535,3536,production,0.5975
3536,3537,production,0.5871
3537,3538,production,0.6049
3538,3539,production,0.534
3539,3540,production,0.0
3540,3541,production,0.0
3541,3542,production,0.6454
3542,3543,production,0.6512
3543,3544,production,0.4643
3544,3545,production,0.4907
3545,3546,production,0.3355
3546,3547,production,0.3117
3547,3548,production,0.3262
3548,3549,production,0.7905
3549,3550,production,0.8072
3550,3551,production,0.7717
3551,3552,production,0.9913
3552,3553,production,0.5436
3553,3554,production,0.6251
3554,3555,production,0.4149
3555,3556,production,0.4281
3556,3557,production,0.4889
3557,3558,production,0.4326
3558,3559,production,0.5181
3559,3560,production,0.5651
3560,3561,production,0.7016
3561,3562,production,0.7305
3562,3563,production,0.6454
3563,3564,production,0.7429
3564,3565,production,0.8908
3565,3566,production,0.9556
3566,3567,production,0.8818
3567,3568,production,0.5947
3568,3569,production,0.5193
3569,3570,production,0.5572
3570,3571,production,0.5845
3571,3572,production,0.6108
3572,3573,production,0.598
3573,3574,production,0.6181
3574,3575,production,0.5831
3575,3576,production,0.5744
3576,3577,production,0.5424
3577,3578,production,0.5897
3578,3579,production,0.589
3579,3580,production,0.6787
3580,3581,production,0.7466
3581,3582,production,0.661
3582,3583,production,0.6956
3583,3584,production,0.5512
3584,3585,production,0.5667
3585,3586,production,0.4474
3586,3587,production,0.6115
3587,3588,production,0.6388
3588,3589,production,0.6016
3589,3590,production,0.3712
3590,3591,production,0.355
3591,3592,production,0.361
3592,3593,production,1.0
3593,3594,production,0.9795
3594,3595,production,0.9907
3595,3596,production,0.8579
3596,3597,production,0.4499
3597,3598,production,0.6077
3598,3599,production,0.6077
3599,3600,production,0.6454
3600,3601,production,0.8127
3601,3602,production,0.6389
3602,3603,production,0.5892
3603,3604,production,0.5698
3604,3605,production,0.6429
3605,3606,production,0.5683
3606,3607,production,0.6334
3607,3608,production,0.8701
3608,3609,production,0.6031
3609,3610,production,0.4391
3610,3611,production,0.6703
3611,3612,production,0.8718
3612,3613,production,0.4733
3613,3614,production,0.9096
3614,3615,production,0.9651
3615,3616,production,1.0
3616,3617,production,0.6096
3617,3618,production,0.4999
3618,3619,production,0.5149
3619,3620,production,0.4915
3620,3621,production,0.5152
3621,3622,production,0.4464
3622,3623,production,0.7537
3623,3624,production,0.5339
3624,3625,production,0.4739
3625,3626,production,0.4958
3626,3627,production,0.6001
3627,3628,production,0.3808
3628,3629,production,0.4382
3629,3630,production,0.6285
3630,3631,production,0.4732
3631,3632,production,0.4142
3632,3633,production,0.385
3633,3634,production,0.5328
3634,3635,production,0.5472
3635,3636,production,0.5094
3636,3637,production,0.5455
3637,3638,production,0.5092
3638,3639,production,0.5238
3639,3640,production,0.5186
3640,3641,production,0.8415
3641,3642,production,0.7109
3642,3643,production,0.5296
3643,3644,production,0.801
3644,3645,production,0.7486
3645,3646,production,0.4947
3646,3647,production,0.4612
3647,3648,production,0.5005
3648,3649,production,0.4193
3649,3650,production,0.5931
3650,3651,production,0.6853
3651,3652,production,0.6715
3652,3653,production,0.2892
3653,3654,production,0.3208
3654,3655,production,0.2214
3655,3656,production,0.1209
3656,3657,production,0.3491
3657,3658,production,0.1686
3658,3659,production,0.1599
3659,3660,production,0.1274
3660,3661,production,0.1202
3661,3662,production,0.5523
3662,3663,production,0.7561
3663,3664,production,0.7734
3664,3665,production,0.5311
3665,3666,production,0.6747
3666,3667,production,1.0
3667,3668,production,0.928
3668,3669,production,0.4961
3669,3670,production,0.4899
3670,3671,production,0.7189
3671,3672,production,0.8502
3672,3673,production,0.8088
3673,3674,production,0.8083
3674,3675,production,0.3808
3675,3676,production,0.4015
3676,3677,production,0.4181
3677,3678,production,0.587
3678,3679,production,0.542
3679,3680,production,0.558
3680,3681,production,0.5767
3681,3682,production,0.5688
3682,3683,production,0.4874
3683,3684,production,0.6626
3684,3685,production,0.5797
3685,3686,production,0.5704
3686,3687,production,0.6026
3687,3688,production,0.398
3688,3689,production,0.5682
3689,3690,production,0.5552
3690,3691,production,0.652
3691,3692,production,0.0
3692,3693,production,0.6449
3693,3694,production,0.5627
3694,3695,production,0.5844
3695,3696,production,0.5575
3696,3697,production,0.5498
3697,3698,production,0.7197
3698,3699,production,0.7905
3699,3700,production,0.8555
3700,3701,production,0.8346
3701,3702,production,0.6971
3702,3703,production,0.6424
3703,3704,production,0.3193
3704,3705,production,0.3066
3705,3706,production,0.3368
3706,3707,production,0.3251
3707,3708,production,0.3307
3708,3709,production,0.3011
3709,3710,production,0.3284
3710,3711,production,0.2843
3711,3712,production,0.2692
3712,3713,production,0.3421
3713,3714,production,0.3238
3714,3715,production,0.3409
3715,3716,production,0.3462
3716,3717,production,0.3093
3717,3718,production,0.2287
3718,3719,production,0.2813
3719,3720,production,0.4432
3720,3721,production,0.5705
3721,3722,production,0.866
3722,3723,production,0.7791
3723,3724,production,0.8468
3724,3725,production,0.7888
3725,3726,production,0.8307
3726,3727,production,0.8371
3727,3728,production,0.7168
3728,3729,production,0.4699
3729,3730,production,0.4314
3730,3731,production,0.9059
3731,3732,production,0.6011
3732,3733,production,1.0
3733,3734,production,0.9979
3734,3735,production,0.6525
3735,3736,production,0.6184
3736,3737,production,0.6536
3737,3738,production,0.4572
3738,3739,production,0.8958
3739,3740,production,1.0
3740,3741,production,0.5743
3741,3742,production,0.5743
3742,3743,production,0.332
3743,3744,production,0.4668
3744,3745,production,0.4668
3745,3746,production,0.5697
3746,3747,production,0.5639
3747,3748,production,0.5639
3748,3749,production,0.7784
3749,3750,production,0.4666
3750,3751,production,0.8323
3751,3752,production,0.6073
3752,3753,production,0.7007
3753,3754,production,0.6073
3754,3755,production,0.6073
3755,3756,production,0.6073
3756,3757,production,0.4382
3757,3758,production,0.4383
3758,3759,production,0.4385
3759,3760,production,0.5451
3760,3761,production,0.4946
3761,3762,production,0.7153
3762,3763,production,0.6337
3763,3764,production,0.5867
3764,3765,production,0.5527
3765,3766,production,0.6073
3766,3767,production,0.8931
3767,3768,production,0.8519
3768,3769,production,0.8473
3769,3770,production,0.8612
3770,3771,production,0.4668
3771,3772,production,0.4428
3772,3773,production,0.3288
3773,3774,production,0.6073
3774,3775,production,0.6073
3775,3776,production,0.6348
3776,3777,production,0.6073
3777,3778,production,0.6073
3778,3779,production,0.6136
3779,3780,production,0.6073
3780,3781,production,0.6073
3781,3782,production,0.6505
3782,3783,production,0.508
3783,3784,production,0.5901
3784,3785,production,0.5617
3785,3786,production,0.7305
3786,3787,production,0.7305
3787,3788,production,0.6991
3788,3789,production,0.6073
3789,3790,production,0.6073
3790,3791,production,0.647
3791,3792,production,0.6875
3792,3793,production,1.0
3793,3794,production,0.703
3794,3795,production,0.6073
3795,3796,production,0.6813
3796,3797,production,0.6675
3797,3798,production,0.6718
3798,3799,production,0.6551
3799,3800,production,0.7174
3800,3801,production,0.7305
3801,3802,production,0.7114
3802,3803,production,0.7305
3803,3804,production,0.7017
3804,3805,production,0.7252
3805,3806,production,0.7278
3806,3807,production,0.6318
3807,3808,production,0.6073
3808,3809,production,0.664
3809,3810,production,0.6269
3810,3811,production,0.7305
3811,3812,production,0.7209
3812,3813,production,0.7305
3813,3814,production,0.6202
3814,3815,production,0.6954
3815,3816,production,0.6579
3816,3817,production,0.6722
3817,3818,production,0.7059
3818,3819,production,0.7236
3819,3820,production,0.6456
3820,3821,production,0.6537
3821,3822,production,0.7305
3822,3823,production,0.6889
3823,3824,production,0.6222
3824,3825,production,0.6813
3825,3826,production,0.7019
3826,3827,production,0.7305
3827,3828,production,0.6572
3828,3829,production,0.6988
3829,3830,production,0.6965
3830,3831,production,0.7163
3831,3832,production,0.7006
3832,3833,production,0.713
3833,3834,production,0.713
3834,3835,production,0.7254
3835,3836,production,0.5338
3836,3837,production,0.514
3837,3838,production,0.6824
3838,3839,production,0.6892
3839,3840,production,0.5969
3840,3841,production,0.5451
3841,3842,production,0.6093
3842,3843,production,0.6043
3843,3844,production,0.5952
3844,3845,production,0.5618
3845,3846,production,0.6629
3846,3847,production,0.6069
3847,3848,production,0.3399
3848,3849,production,0.2505
3849,3850,production,0.3113
3850,3851,production,0.3127
3851,3852,production,0.3064
3852,3853,production,0.2732
3853,3854,production,0.2902
3854,3855,production,0.2334
3855,3856,production,0.267
3856,3857,production,0.2971
3857,3858,production,0.1488
3858,3859,production,0.6336
3859,3860,production,0.3363
3860,3861,production,0.2289
3861,3862,production,0.2789
3862,3863,production,0.333
3863,3864,production,0.2683
3864,3865,production,0.3176
3865,3866,production,0.4831
3866,3867,production,0.9002
3867,3868,production,0.3121
3868,3869,production,0.3439
3869,3870,production,0.2074
3870,3871,production,0.311
3871,3872,production,0.6139
3872,3873,production,0.5656
3873,3874,production,0.4831
3874,3875,production,0.8803
3875,3876,production,0.5417
3876,3877,production,0.6388
3877,3878,production,0.6019
3878,3879,production,0.6297
3879,3880,production,0.455
3880,3881,production,1.0
3881,3882,production,0.9553
3882,3883,production,0.414
3883,3884,production,0.4093
3884,3885,production,0.416
3885,3886,production,0.4111
3886,3887,production,0.4112
3887,3888,production,0.4053
3888,3889,production,0.5704
3889,3890,production,0.6619
3890,3891,production,0.6898
3891,3892,production,0.5793
3892,3893,production,0.581
3893,3894,production,0.5898
3894,3895,production,0.728
3895,3896,production,0.6798
3896,3897,production,0.6135
3897,3898,production,0.7003
3898,3899,production,0.7168
3899,3900,production,0.5712
3900,3901,production,0.5544
3901,3902,production,0.7043
3902,3903,production,0.7159
3903,3904,production,0.6579
3904,3905,production,0.0
3905,3906,production,0.0
3906,3907,production,0.0
3907,3908,production,0.0
3908,3909,production,0.0
3909,3910,production,0.5345
3910,3911,production,0.1377
3911,3912,production,0.3425
3912,3913,production,0.307
3913,3914,production,0.4536
3914,3915,production,0.0
3915,3916,production,0.5645
3916,3917,production,0.5867
3917,3918,production,0.47
3918,3919,production,0.47
3919,3920,production,0.47
3920,3921,production,0.47
3921,3922,production,0.3576
3922,3923,production,0.3281
3923,3924,production,0.3144
3924,3925,production,0.3343
3925,3926,production,0.3402
3926,3927,production,0.5707
3927,3928,production,0.54
3928,3929,production,0.5352
3929,3930,production,0.5092
3930,3931,production,0.5591
3931,3932,production,0.4821
3932,3933,production,0.49
3933,3934,production,0.4789
3934,3935,production,0.4585
3935,3936,production,0.3859
3936,3937,production,0.5004
3937,3938,production,0.4583
3938,3939,production,0.4992
3939,3940,production,0.42
3940,3941,production,0.5033
3941,3942,production,0.4597
3942,3943,production,0.4567
3943,3944,production,0.4907
3944,3945,production,0.5216
3945,3946,production,0.4631
3946,3947,production,0.6895
3947,3948,production,0.7356
3948,3949,production,0.7906
3949,3950,production,0.0
3950,3951,production,0.0
3951,3952,production,0.0
3952,3953,production,0.8778
3953,3954,production,0.7466
3954,3955,production,0.7686
3955,3956,production,0.9347
3956,3957,production,0.8288
3957,3958,production,1.0
3958,3959,production,0.3647
3959,3960,production,0.4429
3960,3961,production,0.395
3961,3962,production,0.412
3962,3963,production,0.3837
3963,3964,production,0.3767
3964,3965,production,0.4183
3965,3966,production,0.7924
3966,3967,production,0.8614
3967,3968,production,0.8529
3968,3969,production,0.7899
3969,3970,production,0.4146
3970,3971,production,0.781
3971,3972,production,0.8069
3972,3973,production,0.5686
3973,3974,production,0.5593
3974,3975,production,0.4934
3975,3976,production,0.2401
3976,3977,production,0.1882
3977,3978,production,0.2829
3978,3979,production,0.2931
3979,3980,production,0.4029
3980,3981,production,0.2398
3981,3982,production,0.5877
3982,3983,production,0.5263
3983,3984,production,0.335
3984,3985,production,0.9669
3985,3986,production,0.9664
3986,3987,production,0.9049
3987,3988,production,0.5612
3988,3989,production,0.8438
3989,3990,production,0.5827
3990,3991,production,0.5931
3991,3992,production,0.5863
3992,3993,production,0.8944
3993,3994,production,0.8242
3994,3995,production,0.8339
3995,3996,production,1.0
3996,3997,production,0.1571
3997,3998,production,0.6454
3998,3999,production,0.6454
3999,4000,production,0.6454
4000,4001,production,0.6454
4001,4002,production,0.6454
4002,4003,production,1.0
4003,4004,production,0.9976
4004,4005,production,0.0
4005,4006,production,0.8715
4006,4007,production,0.7459
4007,4008,production,0.5652
4008,4009,production,0.5277
4009,4010,production,0.5441
4010,4011,production,0.5332
4011,4012,production,0.5036
4012,4013,production,0.1871
4013,4014,production,0.4146
4014,4015,production,0.4514
4015,4016,production,0.5376
4016,4017,production,0.5274
4017,4018,production,0.4514
4018,4019,production,0.4631
4019,4020,production,0.4854
4020,4021,production,0.5631
4021,4022,production,0.5634
4022,4023,production,0.4786
4023,4024,production,0.65
4024,4025,production,0.7049
4025,4026,production,0.5725
4026,4027,production,0.4496
4027,4028,production,0.5391
4028,4029,production,0.6673
4029,4030,production,0.6256
4030,4031,production,0.66
4031,4032,production,1.0
4032,4033,production,0.5489
4033,4034,production,0.7203
4034,4035,production,0.7454
4035,4036,production,0.3632
4036,4037,production,0.331
4037,4038,production,0.3313
4038,4039,production,0.299
4039,4040,production,0.3767
4040,4041,production,0.2187
4041,4042,production,0.1394
4042,4043,production,0.1032
4043,4044,production,0.0
4044,4045,production,0.0
4045,4046,production,0.1044
4046,4047,production,0.314
4047,4048,production,0.314
4048,4049,production,0.314
4049,4050,production,0.5676
4050,4051,production,0.8691
4051,4052,production,0.4678
4052,4053,production,0.5851
4053,4054,production,0.495
4054,4055,production,0.2824
4055,4056,production,0.8968
4056,4057,production,0.5557
4057,4058,production,0.4316
4058,4059,production,0.4264
4059,4060,production,0.5088
4060,4061,production,0.4917
4061,4062,production,0.4653
4062,4063,production,0.4537
4063,4064,production,0.4491
4064,4065,production,0.5728
4065,4066,production,0.5707
4066,4067,production,0.5534
4067,4068,production,0.3894
4068,4069,production,0.5351
4069,4070,production,0.6623
4070,4071,production,0.4233
4071,4072,production,0.4637
4072,4073,production,0.5812
4073,4074,production,0.6125
4074,4075,production,0.6156
4075,4076,production,0.6049
4076,4077,production,0.6063
4077,4078,production,0.6104
4078,4079,production,0.6041
4079,4080,production,0.6059
4080,4081,production,0.7005
4081,4082,production,0.7426
4082,4083,production,0.8684
4083,4084,production,0.6036
4084,4085,production,0.5361
4085,4086,production,0.5478
4086,4087,production,0.5423
4087,4088,production,0.5659
4088,4089,production,0.5334
4089,4090,production,0.5361
4090,4091,production,0.846
4091,4092,production,0.5603
4092,4093,production,0.5428
4093,4094,production,0.6348
4094,4095,production,0.5266
4095,4096,production,0.5324
4096,4097,production,0.5358
4097,4098,production,0.6454
4098,4099,production,0.5332
4099,4100,production,0.6454
4100,4101,production,0.6141
4101,4102,production,0.5219
4102,4103,production,0.5628
4103,4104,production,0.6454
4104,4105,production,0.6601
4105,4106,production,0.6367
4106,4107,production,0.603
4107,4108,production,0.6128
4108,4109,production,0.5684
4109,4110,production,0.6565
4110,4111,production,0.3002
4111,4112,production,0.4929
4112,4113,production,0.8742
4113,4114,production,0.5642
4114,4115,production,0.4865
4115,4116,production,0.7152
4116,4117,production,0.2331
4117,4118,production,0.4744
4118,4119,production,0.7339
4119,4120,production,0.7263
4120,4121,production,0.6454
4121,4122,production,0.7405
4122,4123,production,0.7573
4123,4124,production,0.5646
4124,4125,production,0.8007
4125,4126,production,0.5051
4126,4127,production,0.4981
4127,4128,production,0.511
4128,4129,production,0.5116
4129,4130,production,0.5051
4130,4131,production,0.4879
4131,4132,production,0.4906
4132,4133,production,0.5032
4133,4134,production,0.5899
4134,4135,production,0.6095
4135,4136,production,0.6095
4136,4137,production,0.388
4137,4138,production,0.5321
4138,4139,production,0.5267
4139,4140,production,0.5174
4140,4141,production,0.529
4141,4142,production,0.4235
4142,4143,production,0.4572
4143,4144,production,0.4045
4144,4145,production,0.264
4145,4146,production,0.2598
4146,4147,production,0.4391
4147,4148,production,0.2211
4148,4149,production,0.4076
4149,4150,production,0.2632
4150,4151,production,0.1862
4151,4152,production,0.47
4152,4153,production,0.5521
4153,4154,production,0.5631
4154,4155,production,0.5146
4155,4156,production,0.5293
4156,4157,production,0.558
4157,4158,production,0.5837
4158,4159,production,0.5288
4159,4160,production,0.6053
4160,4161,production,0.592
4161,4162,production,0.5847
4162,4163,production,0.5338
4163,4164,production,0.5221
4164,4165,production,0.4379
4165,4166,production,0.53
4166,4167,production,0.5193
4167,4168,production,0.5447
4168,4169,production,0.4878
4169,4170,production,0.5869
4170,4171,production,0.5528
4171,4172,production,0.5507
4172,4173,production,0.5402
4173,4174,production,0.5639
4174,4175,production,0.5486
4175,4176,production,0.5397
4176,4177,production,0.5539
4177,4178,production,0.5627
4178,4179,production,0.5859
4179,4180,production,0.558
4180,4181,production,0.5471
4181,4182,production,0.4182
4182,4183,production,0.4786
4183,4184,production,0.9067
4184,4185,production,0.6412
4185,4186,production,0.702
4186,4187,production,0.702
4187,4188,production,0.702
4188,4189,production,1.0
4189,4190,production,0.8776
4190,4191,production,0.7305
4191,4192,production,0.56
4192,4193,production,0.6125
4193,4194,production,0.6073
4194,4195,production,0.9165
4195,4196,production,0.9505
4196,4197,production,0.8944
4197,4198,production,0.4002
4198,4199,production,0.7533
4199,4200,production,0.1312
4200,4201,production,0.6758
4201,4202,production,0.6412
4202,4203,production,0.1293
4203,4204,production,0.6451
4204,4205,production,0.577
4205,4206,production,0.575
4206,4207,production,0.5696
4207,4208,production,0.605
4208,4209,production,0.5778
4209,4210,production,0.5422
4210,4211,production,0.5816
4211,4212,production,0.7374
4212,4213,production,0.5486
4213,4214,production,0.5507
4214,4215,production,0.598
4215,4216,production,0.6073
4216,4217,production,0.6073
4217,4218,production,0.6073
4218,4219,production,0.2671
4219,4220,production,0.4466
4220,4221,production,0.3896
4221,4222,production,0.3856
4222,4223,production,0.3835
4223,4224,production,0.6073
4224,4225,production,0.4974
4225,4226,production,0.5046
4226,4227,production,0.5164
4227,4228,production,0.5141
4228,4229,production,0.5075
4229,4230,production,0.5053
4230,4231,production,0.493
4231,4232,production,0.4848
4232,4233,production,0.5024
4233,4234,production,0.5026
4234,4235,production,0.496
4235,4236,production,0.4926
4236,4237,production,0.5055
4237,4238,production,0.4967
4238,4239,production,0.5024
4239,4240,production,0.561
4240,4241,production,0.5524
4241,4242,production,0.8613
4242,4243,production,0.8024
4243,4244,production,0.5644
4244,4245,production,0.5503
4245,4246,production,0.6073
4246,4247,production,0.6491
4247,4248,production,0.5707
4248,4249,production,0.5532
4249,4250,production,0.6369
4250,4251,production,0.705
4251,4252,production,0.5256
4252,4253,production,0.6325
4253,4254,production,0.5299
4254,4255,production,0.6951
4255,4256,production,0.65
4256,4257,production,0.4493
4257,4258,production,0.3762
4258,4259,production,0.5552
4259,4260,production,0.4952
4260,4261,production,0.645
4261,4262,production,0.6321
4262,4263,production,0.5312
4263,4264,production,0.6742
4264,4265,production,0.7012
4265,4266,production,0.3726
4266,4267,production,0.3716
4267,4268,production,0.5272
4268,4269,production,0.4914
4269,4270,production,0.4618
4270,4271,production,0.4709
4271,4272,production,0.5859
4272,4273,production,0.8568
4273,4274,production,0.6586
4274,4275,production,0.5724
4275,4276,production,0.5755
4276,4277,production,0.8339
4277,4278,production,0.8657
4278,4279,production,0.8643
4279,4280,production,0.844
4280,4281,production,0.8438
4281,4282,production,0.8375
4282,4283,production,0.8254
4283,4284,production,0.8293
4284,4285,production,0.8351
4285,4286,production,0.8247
4286,4287,production,0.8417
4287,4288,production,0.3205
4288,4289,production,0.3628
4289,4290,production,0.0
4290,4291,production,0.0
4291,4292,production,0.0
4292,4293,production,0.0
4293,4294,production,0.0
4294,4295,production,0.3275
4295,4296,production,0.3811
4296,4297,production,0.5678
4297,4298,production,0.576
4298,4299,production,0.5681
4299,4300,production,0.5557
4300,4301,production,0.5482
4301,4302,production,0.5565
4302,4303,production,0.5887
4303,4304,production,0.555
4304,4305,production,0.55
4305,4306,production,0.5218
4306,4307,production,0.5661
4307,4308,production,0.571
4308,4309,production,0.5604
4309,4310,production,0.533
4310,4311,production,0.5598
4311,4312,production,0.4055
4312,4313,production,0.3495
4313,4314,production,0.3654
4314,4315,production,0.3885
4315,4316,production,0.3724
4316,4317,production,0.5288
4317,4318,production,0.7283
4318,4319,production,0.7693
4319,4320,production,0.2609
4320,4321,production,0.2704
4321,4322,production,0.2593
4322,4323,production,0.4208
4323,4324,production,0.3952
4324,4325,production,0.3537
4325,4326,production,0.3494
4326,4327,production,0.3487
4327,4328,production,0.3439
4328,4329,production,0.3368
4329,4330,production,0.329
4330,4331,production,0.3286
4331,4332,production,0.3125
4332,4333,production,0.3123
4333,4334,production,0.3107
4334,4335,production,0.3081
4335,4336,production,0.2941
4336,4337,production,0.2901
4337,4338,production,0.2578
4338,4339,production,0.2476
4339,4340,production,0.2304
4340,4341,production,0.3259
4341,4342,production,0.5322
4342,4343,production,0.4892
4343,4344,production,0.0
4344,4345,production,0.4726
4345,4346,production,0.5025
4346,4347,production,0.4874
4347,4348,production,0.4503
4348,4349,production,0.4451
4349,4350,production,0.352
4350,4351,production,0.2715
4351,4352,production,0.2639
4352,4353,production,0.4528
4353,4354,production,0.4838
4354,4355,production,0.5432
4355,4356,production,0.512
4356,4357,production,0.552
4357,4358,production,0.407
4358,4359,production,0.4364
4359,4360,production,0.5587
4360,4361,production,0.6958
4361,4362,production,0.6687
4362,4363,production,0.5386
4363,4364,production,0.5121
4364,4365,production,0.6766
4365,4366,production,0.4915
4366,4367,production,0.6739
4367,4368,production,0.6184
4368,4369,production,0.582
4369,4370,production,0.7305
4370,4371,production,0.6089
4371,4372,production,0.7119
4372,4373,production,0.7041
4373,4374,production,0.66
4374,4375,production,0.6412
4375,4376,production,0.6751
4376,4377,production,0.6762
4377,4378,production,0.7159
4378,4379,production,0.7305
4379,4380,production,0.7305
4380,4381,production,0.6927
4381,4382,production,0.8338
4382,4383,production,0.9513
4383,4384,production,0.6777
4384,4385,production,0.876
4385,4386,production,0.7114
4386,4387,production,0.759
4387,4388,production,0.8489
4388,4389,production,0.895
4389,4390,production,0.4821
4390,4391,production,0.7068
4391,4392,production,0.4322
4392,4393,production,0.4061
4393,4394,production,0.5461
4394,4395,production,0.4673
4395,4396,production,0.447
4396,4397,production,0.445
4397,4398,production,0.4364
4398,4399,production,0.5583
4399,4400,production,0.615
4400,4401,production,0.4343
4401,4402,production,0.6584
4402,4403,production,0.6557
4403,4404,production,0.8972
4404,4405,production,0.5445
4405,4406,production,0.54
4406,4407,production,0.5625
4407,4408,production,0.5436
4408,4409,production,0.4421
4409,4410,production,0.4946
4410,4411,production,0.5198
4411,4412,production,0.411
4412,4413,production,0.413
4413,4414,production,0.3782
4414,4415,production,0.3855
4415,4416,production,0.3677
4416,4417,production,0.9413
4417,4418,production,0.3208
4418,4419,production,0.1515
4419,4420,production,0.1894
4420,4421,production,0.5831
4421,4422,production,0.3286
4422,4423,production,0.5409
4423,4424,production,0.2613
4424,4425,production,0.6353
4425,4426,production,0.6596
4426,4427,production,0.6228
4427,4428,production,0.5888
4428,4429,production,0.6611
4429,4430,production,0.3195
4430,4431,production,0.8658
4431,4432,production,0.6851
4432,4433,production,0.6426
4433,4434,production,0.3886
4434,4435,production,0.3691
4435,4436,production,0.3881
4436,4437,production,0.4289
4437,4438,production,0.3807
4438,4439,production,0.3924
4439,4440,production,0.9813
4440,4441,production,0.8418
4441,4442,production,0.9074
4442,4443,production,0.9886
4443,4444,production,0.8302
4444,4445,production,0.8025
4445,4446,production,0.9068
4446,4447,production,1.0
4447,4448,production,0.9022
4448,4449,production,0.8565
4449,4450,production,0.8846
4450,4451,production,0.7156
4451,4452,production,0.7033
4452,4453,production,0.6902
4453,4454,production,0.6983
4454,4455,production,0.6912
4455,4456,production,0.6834
4456,4457,production,0.699
4457,4458,production,0.6984
4458,4459,production,0.7107
4459,4460,production,0.7299
4460,4461,production,0.7119
4461,4462,production,0.6975
4462,4463,production,0.5931
4463,4464,production,0.6928
4464,4465,production,0.709
4465,4466,production,0.7158
4466,4467,production,0.5438
4467,4468,production,0.6132
4468,4469,production,0.7102
4469,4470,production,0.6628
4470,4471,production,0.7305
4471,4472,production,0.688
4472,4473,production,0.7068
4473,4474,production,0.5311
4474,4475,production,0.6774
4475,4476,production,0.5677
4476,4477,production,0.5134
4477,4478,production,0.6389
4478,4479,production,0.7205
4479,4480,production,0.6865
4480,4481,production,0.722
4481,4482,production,0.6156
4482,4483,production,0.6944
4483,4484,production,0.7305
4484,4485,production,0.7031
4485,4486,production,0.6865
4486,4487,production,0.6847
4487,4488,production,0.6624
4488,4489,production,0.6
4489,4490,production,0.6951
4490,4491,production,0.7305
4491,4492,production,0.7305
4492,4493,production,0.6597
4493,4494,production,0.5783
4494,4495,production,0.6814
4495,4496,production,0.6494
4496,4497,production,0.6993
4497,4498,production,0.7081
4498,4499,production,0.659
4499,4500,production,0.5084
4500,4501,production,0.6462
4501,4502,production,0.6454
4502,4503,production,0.6454
4503,4504,production,0.6454
4504,4505,production,0.6454
4505,4506,production,0.6454
4506,4507,production,0.6454
4507,4508,production,0.8988
4508,4509,production,1.0
4509,4510,production,0.8418
4510,4511,production,1.0
4511,4512,production,1.0
4512,4513,production,0.9016
4513,4514,production,0.9388
4514,4515,production,0.9319
4515,4516,production,0.9412
4516,4517,production,0.9115
4517,4518,production,0.646
4518,4519,production,0.5921
4519,4520,production,0.7127
4520,4521,production,0.7305
4521,4522,production,0.7184
4522,4523,production,0.9227
4523,4524,production,0.8693
4524,4525,production,0.9393
4525,4526,production,0.8425
4526,4527,production,0.892
4527,4528,production,0.7259
4528,4529,production,0.4359
4529,4530,production,0.6161
4530,4531,production,0.713
4531,4532,production,0.7337
4532,4533,production,1.0
4533,4534,production,0.8442
4534,4535,production,0.7045
4535,4536,production,0.5271
4536,4537,production,0.9163
4537,4538,production,0.8983
4538,4539,production,0.8553
4539,4540,production,0.8923
4540,4541,production,0.9576
4541,4542,production,1.0
4542,4543,production,0.8753
4543,4544,production,0.7305
4544,4545,production,1.0
4545,4546,production,0.4254
4546,4547,production,0.411
4547,4548,production,0.2645
4548,4549,production,0.3701
4549,4550,production,0.451
4550,4551,production,0.4932
4551,4552,production,0.3014
4552,4553,production,0.4827
4553,4554,production,0.5956
4554,4555,production,0.7077
4555,4556,production,0.6557
4556,4557,production,0.6097
4557,4558,production,0.5677
4558,4559,production,0.6517
4559,4560,production,0.3987
4560,4561,production,0.5271
4561,4562,production,0.5017
4562,4563,production,0.5538
4563,4564,production,0.5159
4564,4565,production,0.5099
4565,4566,production,0.6695
4566,4567,production,0.7061
4567,4568,production,0.5478
4568,4569,production,0.6417
4569,4570,production,0.623
4570,4571,production,0.6263
4571,4572,production,0.3854
4572,4573,production,0.253
4573,4574,production,0.0987
4574,4575,production,0.2666
4575,4576,production,0.3038
4576,4577,production,0.8373
4577,4578,production,0.724
4578,4579,production,0.5668
4579,4580,production,0.559
4580,4581,production,0.5564
4581,4582,production,0.5322
4582,4583,production,0.5629
4583,4584,production,0.5737
4584,4585,production,0.5645
4585,4586,production,0.5359
4586,4587,production,0.574
4587,4588,production,0.561
4588,4589,production,0.5644
4589,4590,production,0.5918
4590,4591,production,0.5778
4591,4592,production,0.5657
4592,4593,production,0.5824
4593,4594,production,0.5692
4594,4595,production,0.5696
4595,4596,production,0.4448
4596,4597,production,0.5656
4597,4598,production,0.5904
4598,4599,production,0.5803
4599,4600,production,0.5713
4600,4601,production,0.4709
4601,4602,production,0.5593
4602,4603,production,0.5745
4603,4604,production,0.5782
4604,4605,production,0.5877
4605,4606,production,0.5931
4606,4607,production,0.5849
4607,4608,production,0.5906
4608,4609,production,0.8113
4609,4610,production,0.5892
4610,4611,production,0.5776
4611,4612,production,0.5764
4612,4613,production,0.5796
4613,4614,production,0.5838
4614,4615,production,0.5405
4615,4616,production,0.5517
4616,4617,production,0.5972
4617,4618,production,0.5792
4618,4619,production,0.453
4619,4620,production,0.5616
4620,4621,production,0.7305
4621,4622,production,0.6573
4622,4623,production,0.8533
4623,4624,production,1.0
4624,4625,production,0.9052
4625,4626,production,0.7175
4626,4627,production,0.365
4627,4628,production,0.4883
4628,4629,production,0.263
4629,4630,production,0.5142
4630,4631,production,0.6563
4631,4632,production,0.6143
4632,4633,production,0.7051
4633,4634,production,0.644
4634,4635,production,0.5564
4635,4636,production,0.558
4636,4637,production,0.5024
4637,4638,production,0.6568
4638,4639,production,0.6076
4639,4640,production,0.562
4640,4641,production,0.5534
4641,4642,production,0.7568
4642,4643,production,0.5872
4643,4644,production,0.7464
4644,4645,production,0.7464
4645,4646,production,0.8517
4646,4647,production,0.5635
4647,4648,production,0.6137
4648,4649,production,0.8498
4649,4650,production,0.6186
4650,4651,production,0.7068
4651,4652,production,0.7068
4652,4653,production,0.5307
4653,4654,production,0.5307
4654,4655,production,0.6698
4655,4656,production,0.5648
4656,4657,production,0.5266
4657,4658,production,0.5624
4658,4659,production,0.5648
4659,4660,production,0.5052
4660,4661,production,0.4817
4661,4662,production,0.5105
4662,4663,production,0.4587
4663,4664,production,0.4835
4664,4665,production,0.3426
4665,4666,production,0.4669
4666,4667,production,0.4314
4667,4668,production,0.5334
4668,4669,production,0.5861
4669,4670,production,0.5662
4670,4671,production,0.7334
4671,4672,production,0.6615
4672,4673,production,0.7429
4673,4674,production,0.6748
4674,4675,production,0.7094
4675,4676,production,0.6634
4676,4677,production,0.6402
4677,4678,production,0.6874
4678,4679,production,0.6875
4679,4680,production,0.4434
4680,4681,production,0.5286
4681,4682,production,0.4306
4682,4683,production,0.5083
4683,4684,production,0.5276
4684,4685,production,0.456
4685,4686,production,0.4483
4686,4687,production,0.466
4687,4688,production,0.5431
4688,4689,production,0.3829
4689,4690,production,0.3525
4690,4691,production,0.3331
4691,4692,production,0.4579
4692,4693,production,0.1735
4693,4694,production,0.4684
4694,4695,production,0.7212
4695,4696,production,0.9381
4696,4697,production,0.9573
4697,4698,production,0.3782
4698,4699,production,0.4324
4699,4700,production,0.4029
4700,4701,production,0.4526
4701,4702,production,0.4057
4702,4703,production,0.4145
4703,4704,production,0.4144
4704,4705,production,0.3183
4705,4706,production,0.3577
4706,4707,production,0.3602
4707,4708,production,0.4024
4708,4709,production,0.4913
4709,4710,production,0.1031
4710,4711,production,0.0
4711,4712,production,0.0
4712,4713,production,0.2424
4713,4714,production,0.108
4714,4715,production,0.0954
4715,4716,production,0.646
4716,4717,production,0.5576
4717,4718,production,0.623
4718,4719,production,0.646
4719,4720,production,0.646
4720,4721,production,0.6335
4721,4722,production,0.5751
4722,4723,production,0.646
4723,4724,production,0.6232
4724,4725,production,0.646
4725,4726,production,0.6312
4726,4727,production,0.646
4727,4728,production,0.5938
4728,4729,production,0.646
4729,4730,production,0.5981
4730,4731,production,0.6893
4731,4732,production,0.5534
4732,4733,production,0.5936
4733,4734,production,0.6454
4734,4735,production,0.6454
4735,4736,production,0.6454
4736,4737,production,0.8199
4737,4738,production,0.6454
4738,4739,production,0.6454
4739,4740,production,0.5943
4740,4741,production,0.6454
4741,4742,production,0.7748
4742,4743,production,0.6454
4743,4744,production,0.6454
4744,4745,production,0.5782
4745,4746,production,0.6454
4746,4747,production,0.6454
4747,4748,production,0.6454
4748,4749,production,0.6369
4749,4750,production,0.6218
4750,4751,production,0.4589
4751,4752,production,0.6173
4752,4753,production,0.6451
4753,4754,production,0.5534
4754,4755,production,0.5582
4755,4756,production,0.6454
4756,4757,production,0.6454
4757,4758,production,0.5991
4758,4759,production,0.5082
4759,4760,production,0.4698
4760,4761,production,0.5755
4761,4762,production,0.3967
4762,4763,production,0.461
4763,4764,production,0.4655
4764,4765,production,0.5007
4765,4766,production,0.4934
4766,4767,production,0.5536
4767,4768,production,0.5421
4768,4769,production,0.288
4769,4770,production,0.4354
4770,4771,production,0.4312
4771,4772,production,0.4506
4772,4773,production,0.4875
4773,4774,production,0.512
4774,4775,production,0.7061
4775,4776,production,0.6991
4776,4777,production,0.666
4777,4778,production,0.646
4778,4779,production,0.5277
4779,4780,production,0.646
4780,4781,production,0.3308
4781,4782,production,0.8474
4782,4783,production,0.6465
4783,4784,production,0.8095
4784,4785,production,0.6314
4785,4786,production,0.3572
4786,4787,production,0.3909
4787,4788,production,0.3973
4788,4789,production,0.4831
4789,4790,production,0.4578
4790,4791,production,0.4449
4791,4792,production,0.438
4792,4793,production,0.4831
4793,4794,production,0.4596
4794,4795,production,0.4044
4795,4796,production,0.3661
4796,4797,production,0.459
4797,4798,production,0.2944
4798,4799,production,0.4284
4799,4800,production,0.4796
4800,4801,production,0.4321
4801,4802,production,0.2454
4802,4803,production,0.3732
4803,4804,production,0.1357
4804,4805,production,1.0
4805,4806,production,1.0
4806,4807,production,0.9487
4807,4808,production,0.8178
4808,4809,production,0.8524
4809,4810,production,0.8277
4810,4811,production,0.7305
4811,4812,production,0.8675
4812,4813,production,0.4986
4813,4814,production,0.8339
4814,4815,production,0.8517
4815,4816,production,0.7465
4816,4817,production,0.8517
4817,4818,production,0.7229
4818,4819,production,0.7893
4819,4820,production,0.6784
4820,4821,production,0.7613
4821,4822,production,0.1857
4822,4823,production,0.4761
4823,4824,production,0.4534
4824,4825,production,0.5605
4825,4826,production,0.4277
4826,4827,production,0.9822
4827,4828,production,0.9083
4828,4829,production,0.9745
4829,4830,production,0.9561
4830,4831,production,0.9912
4831,4832,production,0.8889
4832,4833,production,0.9318
4833,4834,production,0.9643
4834,4835,production,0.937
4835,4836,production,1.0
4836,4837,production,0.3557
4837,4838,production,0.5152
4838,4839,production,0.4649
4839,4840,production,0.4606
4840,4841,production,0.4361
4841,4842,production,0.6057
4842,4843,production,0.3728
4843,4844,production,0.6141
4844,4845,production,0.4004
4845,4846,production,0.9324
4846,4847,production,0.612
4847,4848,production,0.6714
4848,4849,production,0.6261
4849,4850,production,0.5968
4850,4851,production,0.37
4851,4852,production,0.4361
4852,4853,production,0.0
4853,4854,production,0.0
4854,4855,production,0.2539
4855,4856,production,0.1758
4856,4857,production,0.2097
4857,4858,production,0.2134
4858,4859,production,0.2012
4859,4860,production,0.2177
4860,4861,production,0.2054
4861,4862,production,0.3011
4862,4863,production,0.3453
4863,4864,production,0.0
4864,4865,production,0.2103
4865,4866,production,0.3973
4866,4867,production,0.2028
4867,4868,production,0.2131
4868,4869,production,0.1638
4869,4870,production,0.3633
4870,4871,production,0.2832
4871,4872,production,0.1729
4872,4873,production,0.9796
4873,4874,production,0.9164
4874,4875,production,0.9561
4875,4876,production,0.9745
4876,4877,production,0.9337
4877,4878,production,0.1251
4878,4879,production,0.1282
4879,4880,production,0.1977
4880,4881,production,0.1255
4881,4882,production,0.2103
4882,4883,production,0.1902
4883,4884,production,0.9695
4884,4885,production,0.2235
4885,4886,production,0.314
4886,4887,production,0.5843
4887,4888,production,0.427
4888,4889,production,0.6726
4889,4890,production,0.5654
4890,4891,production,0.6397
4891,4892,production,0.314
4892,4893,production,0.6081
4893,4894,production,0.6397
4894,4895,production,0.7126
4895,4896,production,0.6261
4896,4897,production,0.7319
4897,4898,production,0.4031
4898,4899,production,0.5503
4899,4900,production,0.646
4900,4901,production,0.4176
4901,4902,production,0.1907
4902,4903,production,0.2823
4903,4904,production,0.4065
4904,4905,production,0.3492
4905,4906,production,0.2464
4906,4907,production,0.2519
4907,4908,production,0.1751
4908,4909,production,0.0
4909,4910,production,0.3293
4910,4911,production,0.1645
4911,4912,production,0.2059
4912,4913,production,0.3636
4913,4914,production,0.5732
4914,4915,production,0.6239
4915,4916,production,0.643
4916,4917,production,0.6209
4917,4918,production,0.6449
4918,4919,production,0.6012
4919,4920,production,0.6082
4920,4921,production,0.5439
4921,4922,production,0.6391
4922,4923,production,0.5781
4923,4924,production,0.6935
4924,4925,production,0.1001
4925,4926,production,0.6376
4926,4927,production,0.0
4927,4928,production,0.5406
4928,4929,production,0.7116
4929,4930,production,0.6403
4930,4931,production,0.6601
4931,4932,production,0.6032
4932,4933,production,0.6881
4933,4934,production,0.6266
4934,4935,production,0.7305
4935,4936,production,0.7053
4936,4937,production,0.8938
4937,4938,production,0.6114
4938,4939,production,0.6509
4939,4940,production,0.587
4940,4941,production,0.6173
4941,4942,production,0.6013
4942,4943,production,0.5856
4943,4944,production,0.6313
4944,4945,production,0.5598
4945,4946,production,0.9728
4946,4947,production,0.4576
4947,4948,production,0.4363
4948,4949,production,0.0
4949,4950,production,1.0
4950,4951,production,0.66
4951,4952,production,0.7305
4952,4953,production,0.4026
4953,4954,production,0.3864
4954,4955,production,0.5845
4955,4956,production,0.539
4956,4957,production,0.4244
4957,4958,production,0.427
4958,4959,production,0.4415
4959,4960,production,0.4352
4960,4961,production,0.4394
4961,4962,production,0.8404
4962,4963,production,0.2829
4963,4964,production,0.2721
4964,4965,production,0.2451
4965,4966,production,0.3116
4966,4967,production,0.6526
4967,4968,production,0.8263
4968,4969,production,0.87
4969,4970,production,0.7949
4970,4971,production,0.9194
4971,4972,production,0.8999
4972,4973,production,1.0
4973,4974,production,0.8746
4974,4975,production,0.9072
4975,4976,production,0.9738
4976,4977,production,0.8759
4977,4978,production,1.0
4978,4979,production,0.8394
4979,4980,production,0.6697
4980,4981,production,0.6434
4981,4982,production,0.5287
4982,4983,production,0.6752
4983,4984,production,0.5917
4984,4985,production,0.6801
4985,4986,production,0.4537
4986,4987,production,0.5055
4987,4988,production,0.5038
4988,4989,production,0.4856
4989,4990,production,0.5134
4990,4991,production,0.4072
4991,4992,production,0.5003
4992,4993,production,0.5508
4993,4994,production,0.5763
4994,4995,production,0.5471
4995,4996,production,0.5168
4996,4997,production,0.46
4997,4998,production,0.5615
4998,4999,production,0.5581
4999,5000,production,0.542
5000,5001,production,0.5526
5001,5002,production,0.5527
5002,5003,production,0.5519
5003,5004,production,0.545
5004,5005,production,0.5404
5005,5006,production,0.5203
5006,5007,production,0.3723
5007,5008,production,0.307
5008,5009,production,0.3216
5009,5010,production,0.4035
5010,5011,production,0.3731
5011,5012,production,0.6469
5012,5013,production,0.5931
5013,5014,production,0.5957
5014,5015,production,0.5984
5015,5016,production,0.5982
5016,5017,production,0.5971
5017,5018,production,0.7644
5018,5019,production,0.2645
5019,5020,production,0.6953
5020,5021,production,0.4388
5021,5022,production,0.7081
5022,5023,production,0.7284
5023,5024,production,0.7086
5024,5025,production,0.6691
5025,5026,production,0.6962
5026,5027,production,0.6645
5027,5028,production,0.6502
5028,5029,production,0.9743
5029,5030,production,0.997
5030,5031,production,0.454
5031,5032,production,0.6398
5032,5033,production,0.6987
5033,5034,production,0.5843
5034,5035,production,0.4392
5035,5036,production,0.1999
5036,5037,production,0.0
5037,5038,production,0.0
5038,5039,production,0.0
5039,5040,production,0.0
5040,5041,production,0.2645
5041,5042,production,0.4002
5042,5043,production,0.6578
5043,5044,production,0.7266
5044,5045,production,0.7418
5045,5046,production,0.6829
5046,5047,production,0.7299
5047,5048,production,0.7476
5048,5049,production,0.7072
5049,5050,production,0.557
5050,5051,production,0.6226
5051,5052,production,0.471
5052,5053,production,0.6454
5053,5054,production,0.6899
5054,5055,production,0.5428
5055,5056,production,0.6025
5056,5057,production,0.6022
5057,5058,production,0.5848
5058,5059,production,0.5473
5059,5060,production,0.5034
5060,5061,production,0.882
5061,5062,production,0.7805
5062,5063,production,0.4991
5063,5064,production,0.5558
5064,5065,production,0.7369
5065,5066,production,0.6993
5066,5067,production,0.7642
5067,5068,production,0.7232
5068,5069,production,0.843
5069,5070,production,0.4831
5070,5071,production,0.4831
5071,5072,production,0.5875
5072,5073,production,0.6711
5073,5074,production,0.6768
5074,5075,production,0.6633
5075,5076,production,0.6557
5076,5077,production,0.6
5077,5078,production,0.7101
5078,5079,production,0.6689
5079,5080,production,0.5159
5080,5081,production,0.5211
5081,5082,production,0.5145
5082,5083,production,0.5148
5083,5084,production,0.4673
5084,5085,production,0.5346
5085,5086,production,0.4458
5086,5087,production,0.5168
5087,5088,production,0.5518
5088,5089,production,0.6691
5089,5090,production,0.4108
5090,5091,production,0.7128
5091,5092,production,0.5323
5092,5093,production,0.8558
5093,5094,production,0.7088
5094,5095,production,0.7928
5095,5096,production,0.7201
5096,5097,production,0.6039
5097,5098,production,0.5068
5098,5099,production,0.6178
5099,5100,production,0.5721
5100,5101,production,0.5682
5101,5102,production,0.5341
5102,5103,production,0.5785
5103,5104,production,0.5863
5104,5105,production,0.3808
5105,5106,production,0.2252
5106,5107,production,0.3784
5107,5108,production,0.3858
5108,5109,production,0.4238
5109,5110,production,0.359
5110,5111,production,0.3908
5111,5112,production,0.457
5112,5113,production,0.1529
5113,5114,production,0.1989
5114,5115,production,0.3517
5115,5116,production,0.285
5116,5117,production,0.3793
5117,5118,production,0.3827
5118,5119,production,0.2243
5119,5120,production,0.0
5120,5121,production,0.3393
5121,5122,production,0.3959
5122,5123,production,0.2409
5123,5124,production,0.3054
5124,5125,production,0.6477
5125,5126,production,0.5656
5126,5127,production,0.6397
5127,5128,production,0.5524
5128,5129,production,0.5246
5129,5130,production,0.4582
5130,5131,production,0.5128
5131,5132,production,0.4519
5132,5133,production,0.5291
5133,5134,production,0.5445
5134,5135,production,0.5751
5135,5136,production,0.5026
5136,5137,production,0.5586
5137,5138,production,0.5219
5138,5139,production,0.406
5139,5140,production,0.3853
5140,5141,production,0.479
5141,5142,production,0.5228
5142,5143,production,0.4128
5143,5144,production,0.4022
5144,5145,production,0.4836
5145,5146,production,0.4824
5146,5147,production,0.1928
5147,5148,production,0.3718
5148,5149,production,0.3624
5149,5150,production,0.5963
5150,5151,production,0.5828
5151,5152,production,0.6217
5152,5153,production,0.5813
5153,5154,production,0.5063
5154,5155,production,0.5453
5155,5156,production,0.4934
5156,5157,production,0.413
5157,5158,production,0.4811
5158,5159,production,0.5275
5159,5160,production,0.5671
5160,5161,production,0.599
5161,5162,production,0.4857
5162,5163,production,0.654
5163,5164,production,0.6454
5164,5165,production,0.4831
5165,5166,production,0.3434
5166,5167,production,0.4719
5167,5168,production,0.4204
5168,5169,production,0.4831
5169,5170,production,0.4831
5170,5171,production,0.4831
5171,5172,production,0.4831
5172,5173,production,0.4831
5173,5174,production,0.7305
5174,5175,production,0.7305
5175,5176,production,0.618
5176,5177,production,0.6104
5177,5178,production,0.6325
5178,5179,production,0.6023
5179,5180,production,0.6447
5180,5181,production,0.6129
5181,5182,production,0.5972
5182,5183,production,0.4335
5183,5184,production,0.636
5184,5185,production,0.7248
5185,5186,production,0.5881
5186,5187,production,0.6617
5187,5188,production,0.6726
5188,5189,production,0.6127
5189,5190,production,0.6494
5190,5191,production,0.5874
5191,5192,production,0.5872
5192,5193,production,0.5253
5193,5194,production,0.6221
5194,5195,production,0.4185
5195,5196,production,0.4307
5196,5197,production,0.3936
5197,5198,production,0.581
5198,5199,production,0.5828
5199,5200,production,0.646
5200,5201,production,0.5321
5201,5202,production,0.4892
5202,5203,production,0.6352
5203,5204,production,0.5703
5204,5205,production,0.5334
5205,5206,production,0.6412
5206,5207,production,0.5431
5207,5208,production,0.5316
5208,5209,production,0.5804
5209,5210,production,0.5899
5210,5211,production,0.5623
5211,5212,production,0.6205
5212,5213,production,0.5795
5213,5214,production,0.5592
5214,5215,production,0.5556
5215,5216,production,0.539
5216,5217,production,0.491
5217,5218,production,0.5291
5218,5219,production,0.7346
5219,5220,production,0.7305
5220,5221,production,0.7305
5221,5222,production,0.7305
5222,5223,production,0.7305
5223,5224,production,0.7305
5224,5225,production,0.7305
5225,5226,production,0.8098
5226,5227,production,0.5609
5227,5228,production,0.2594
5228,5229,production,0.2832
5229,5230,production,0.451
5230,5231,production,0.461
5231,5232,production,0.2558
5232,5233,production,0.4754
5233,5234,production,0.646
5234,5235,production,0.503
5235,5236,production,0.7305
5236,5237,production,0.5068
5237,5238,production,0.5164
5238,5239,production,0.7054
5239,5240,production,0.5777
5240,5241,production,0.6288
5241,5242,production,0.6571
5242,5243,production,0.5967
5243,5244,production,0.5776
5244,5245,production,0.5677
5245,5246,production,0.6278
5246,5247,production,0.0
5247,5248,production,0.0
5248,5249,production,0.0
5249,5250,production,0.1622
5250,5251,production,0.0897
5251,5252,production,0.0934
5252,5253,production,0.23
5253,5254,production,0.4207
5254,5255,production,0.2122
5255,5256,production,0.2401
5256,5257,production,0.1622
5257,5258,production,0.2283
5258,5259,production,0.7905
5259,5260,production,0.602
5260,5261,production,0.6267
5261,5262,production,0.5679
5262,5263,production,0.5791
5263,5264,production,0.6937
5264,5265,production,0.5869
5265,5266,production,0.5738
5266,5267,production,0.6217
5267,5268,production,0.5956
5268,5269,production,0.5639
5269,5270,production,0.7099
5270,5271,production,0.8681
5271,5272,production,0.8037
5272,5273,production,0.8023
5273,5274,production,0.6073
5274,5275,production,0.5255
5275,5276,production,0.5286
5276,5277,production,0.504
5277,5278,production,0.4842
5278,5279,production,0.4954
5279,5280,production,0.4632
5280,5281,production,0.7305
5281,5282,production,0.6397
5282,5283,production,0.6798
5283,5284,production,0.6553
5284,5285,production,0.625
5285,5286,production,0.4831
5286,5287,production,0.5727
5287,5288,production,0.3383
5288,5289,production,0.4495
5289,5290,production,0.4715
5290,5291,production,0.4644
5291,5292,production,0.3952
5292,5293,production,0.4831
5293,5294,production,0.6454
5294,5295,production,0.6454
5295,5296,production,0.6454
5296,5297,production,0.6454
5297,5298,production,0.6454
5298,5299,production,0.4831
5299,5300,production,0.9022
5300,5301,production,0.9028
5301,5302,production,0.8806
5302,5303,production,0.8071
5303,5304,production,0.6352
5304,5305,production,0.6941
5305,5306,production,0.625
5306,5307,production,0.2848
5307,5308,production,0.2848
5308,5309,production,0.6073
5309,5310,production,0.4931
5310,5311,production,0.9189
5311,5312,production,0.6073
5312,5313,production,0.9635
5313,5314,production,0.5027
5314,5315,production,0.9158
5315,5316,production,0.9657
5316,5317,production,0.5498
5317,5318,production,0.5301
5318,5319,production,0.5312
5319,5320,production,0.5282
5320,5321,production,0.5394
5321,5322,production,0.4997
5322,5323,production,0.5588
5323,5324,production,0.4766
5324,5325,production,0.5415
5325,5326,production,0.6371
5326,5327,production,0.8134
5327,5328,production,0.8527
5328,5329,production,0.7204
5329,5330,production,0.728
5330,5331,production,0.7252
5331,5332,production,0.6197
5332,5333,production,0.6842
5333,5334,production,0.6841
5334,5335,production,0.7183
5335,5336,production,0.706
5336,5337,production,0.6803
5337,5338,production,0.7055
5338,5339,production,0.7305
5339,5340,production,1.0
5340,5341,production,0.9651
5341,5342,production,0.9717
5342,5343,production,0.9694
5343,5344,production,0.874
5344,5345,production,0.8369
5345,5346,production,0.8732
5346,5347,production,0.8786
5347,5348,production,0.8228
5348,5349,production,0.7776
5349,5350,production,0.6073
5350,5351,production,0.7305
5351,5352,production,0.794
5352,5353,production,0.5854
5353,5354,production,0.6979
5354,5355,production,0.7249
5355,5356,production,0.8484
5356,5357,production,0.7305
5357,5358,production,0.4798
5358,5359,production,0.6916
5359,5360,production,0.7122
5360,5361,production,0.7305
5361,5362,production,0.6555
5362,5363,production,0.6443
5363,5364,production,0.5154
5364,5365,production,0.6673
5365,5366,production,0.6431
5366,5367,production,0.6798
5367,5368,production,0.6234
5368,5369,production,0.605
5369,5370,production,0.572
5370,5371,production,0.5964
5371,5372,production,0.6122
5372,5373,production,0.5856
5373,5374,production,0.3861
5374,5375,production,0.5922
5375,5376,production,0.5858
5376,5377,production,0.8554
5377,5378,production,0.6339
5378,5379,production,0.6918
5379,5380,production,0.6246
5380,5381,production,0.6057
5381,5382,production,0.6301
5382,5383,production,0.36
5383,5384,production,0.6153
5384,5385,production,0.6111
5385,5386,production,0.5994
5386,5387,production,0.5675
5387,5388,production,0.4416
5388,5389,production,0.5965
5389,5390,production,0.5354
5390,5391,production,0.59
5391,5392,production,0.64
5392,5393,production,0.3527
5393,5394,production,0.4928
5394,5395,production,0.481
5395,5396,production,0.6375
5396,5397,production,0.5859
5397,5398,production,0.6377
5398,5399,production,0.6109
5399,5400,production,0.6873
5400,5401,production,0.6222
5401,5402,production,0.6873
5402,5403,production,0.6315
5403,5404,production,0.6073
5404,5405,production,0.3608
5405,5406,production,0.946
5406,5407,production,0.946
5407,5408,production,0.5858
5408,5409,production,0.5832
5409,5410,production,0.6291
5410,5411,production,0.6472
5411,5412,production,0.6057
5412,5413,production,0.6748
5413,5414,production,0.644
5414,5415,production,0.532
5415,5416,production,0.6293
5416,5417,production,0.4385
5417,5418,production,0.7305
5418,5419,production,0.4646
5419,5420,production,0.5842
5420,5421,production,0.4468
5421,5422,production,0.6147
5422,5423,production,0.7305
5423,5424,production,0.0
5424,5425,production,0.3274
5425,5426,production,0.7305
5426,5427,production,0.5642
5427,5428,production,0.6033
5428,5429,production,0.5735
5429,5430,production,0.6138
5430,5431,production,0.6309
5431,5432,production,0.6234
5432,5433,production,0.6067
5433,5434,production,0.5988
5434,5435,production,0.6273
5435,5436,production,0.5622
5436,5437,production,0.2913
5437,5438,production,0.2963
5438,5439,production,0.7074
5439,5440,production,0.2908
5440,5441,production,0.3009
5441,5442,production,0.3325
5442,5443,production,0.3382
5443,5444,production,0.3118
5444,5445,production,0.6073
5445,5446,production,0.297
5446,5447,production,0.6418
5447,5448,production,0.6812
5448,5449,production,0.5635
5449,5450,production,0.5832
5450,5451,production,0.6103
5451,5452,production,0.6334
5452,5453,production,0.6258
5453,5454,production,0.5932
5454,5455,production,0.627
5455,5456,production,0.6565
5456,5457,production,0.5831
5457,5458,production,0.6464
5458,5459,production,0.6267
5459,5460,production,0.6436
5460,5461,production,0.596
5461,5462,production,0.6141
5462,5463,production,0.6206
5463,5464,production,0.5657
5464,5465,production,0.5221
5465,5466,production,0.5235
5466,5467,production,0.5683
5467,5468,production,0.5764
5468,5469,production,0.6172
5469,5470,production,0.9853
5470,5471,production,0.5274
5471,5472,production,0.524
5472,5473,production,0.6103
5473,5474,production,0.4997
5474,5475,production,0.4892
5475,5476,production,0.8023
5476,5477,production,0.8681
5477,5478,production,0.6124
5478,5479,production,0.6107
5479,5480,production,0.5992
5480,5481,production,0.6398
5481,5482,production,0.7229
5482,5483,production,0.7305
5483,5484,production,0.7305
5484,5485,production,0.7257
5485,5486,production,0.7049
5486,5487,production,0.7152
5487,5488,production,0.6375
5488,5489,production,0.7213
5489,5490,production,0.6085
5490,5491,production,0.5794
5491,5492,production,0.6215
5492,5493,production,0.8037
5493,5494,production,0.6145
5494,5495,production,0.5121
5495,5496,production,0.6446
5496,5497,production,0.0
5497,5498,production,0.641
5498,5499,production,0.6312
5499,5500,production,0.71
5500,5501,production,0.724
5501,5502,production,0.7156
5502,5503,production,0.692
5503,5504,production,0.6366
5504,5505,production,0.7064
5505,5506,production,0.6433
5506,5507,production,0.6454
5507,5508,production,0.6454
5508,5509,production,0.4664
5509,5510,production,0.5657
5510,5511,production,0.6109
5511,5512,production,0.6454
5512,5513,production,0.5583
5513,5514,production,0.5271
5514,5515,production,0.5378
5515,5516,production,0.549
5516,5517,production,0.5305
5517,5518,production,0.6869
5518,5519,production,0.7045
5519,5520,production,0.6293
5520,5521,production,0.4155
5521,5522,production,0.7305
5522,5523,production,0.674
5523,5524,production,0.9662
5524,5525,production,0.5842
5525,5526,production,0.7729
5526,5527,production,0.489
5527,5528,production,0.5842
5528,5529,production,0.9288
5529,5530,production,0.5839
5530,5531,production,0.4141
5531,5532,production,0.5095
5532,5533,production,0.6149
5533,5534,production,0.3589
5534,5535,production,0.6245
5535,5536,production,0.4831
5536,5537,production,0.39
5537,5538,production,0.4721
5538,5539,production,0.6639
5539,5540,production,0.4556
5540,5541,production,0.652
5541,5542,production,0.6084
5542,5543,production,0.531
5543,5544,production,0.5729
5544,5545,production,0.5258
5545,5546,production,0.6193
5546,5547,production,0.6347
5547,5548,production,0.6979
5548,5549,production,0.5721
5549,5550,production,0.5851
5550,5551,production,0.562
5551,5552,production,0.5251
5552,5553,production,0.5784
5553,5554,production,0.6322
5554,5555,production,0.6693
5555,5556,production,0.6851
5556,5557,production,0.8503
5557,5558,production,0.3981
5558,5559,production,0.4374
5559,5560,production,0.3039
5560,5561,production,0.9576
5561,5562,production,1.0
5562,5563,production,0.8923
5563,5564,production,0.8753
5564,5565,production,0.4831
5565,5566,production,0.4032
5566,5567,production,0.4889
5567,5568,production,0.4983
5568,5569,production,0.606
5569,5570,production,0.4444
5570,5571,production,0.5715
5571,5572,production,0.4522
5572,5573,production,0.0
5573,5574,production,0.0
5574,5575,production,0.0
5575,5576,production,0.0
5576,5577,production,0.0
5577,5578,production,0.0
5578,5579,production,0.0
5579,5580,production,0.0
5580,5581,production,0.0
5581,5582,production,0.0
5582,5583,production,0.0
5583,5584,production,0.0
5584,5585,production,0.0
5585,5586,production,0.0
5586,5587,production,0.0
5587,5588,production,0.4929
5588,5589,production,0.396
5589,5590,production,0.4359
5590,5591,production,0.4066
5591,5592,production,0.4509
5592,5593,production,0.4441
5593,5594,production,0.3951
5594,5595,production,0.5244
5595,5596,production,0.5002
5596,5597,production,0.4766
5597,5598,production,0.3921
5598,5599,production,0.3996
5599,5600,production,0.7052
5600,5601,production,0.3233
5601,5602,production,0.2168
5602,5603,production,0.1832
5603,5604,production,0.309
5604,5605,production,0.3299
5605,5606,production,0.4876
5606,5607,production,0.566
5607,5608,production,0.5661
5608,5609,production,0.8172
5609,5610,production,0.7324
5610,5611,production,0.7581
5611,5612,production,0.7905
5612,5613,production,0.6073
5613,5614,production,0.4831
5614,5615,production,0.6464
5615,5616,production,0.6579
5616,5617,production,0.6073
5617,5618,production,0.3428
5618,5619,production,0.3764
5619,5620,production,0.4169
5620,5621,production,0.3686
5621,5622,production,0.234
5622,5623,production,0.2421
5623,5624,production,0.8247
5624,5625,production,0.6046
5625,5626,production,0.6431
5626,5627,production,0.6093
5627,5628,production,0.6755
5628,5629,production,0.6755
5629,5630,production,0.5744
5630,5631,production,0.5707
5631,5632,production,0.473
5632,5633,production,0.5055
5633,5634,production,0.598
5634,5635,production,0.5139
5635,5636,production,0.5596
5636,5637,production,0.5712
5637,5638,production,0.4789
5638,5639,production,0.537
5639,5640,production,0.461
5640,5641,production,0.5633
5641,5642,production,0.4795
5642,5643,production,0.5802
5643,5644,production,0.5589
5644,5645,production,0.5907
5645,5646,production,0.5649
5646,5647,production,0.5515
5647,5648,production,0.6267
5648,5649,production,0.5599
5649,5650,production,0.5845
5650,5651,production,0.5674
5651,5652,production,0.3982
5652,5653,production,0.5958
5653,5654,production,0.5958
5654,5655,production,0.5748
5655,5656,production,0.5511
5656,5657,production,0.6077
5657,5658,production,0.6119
5658,5659,production,0.6119
5659,5660,production,0.564
5660,5661,production,0.5722
5661,5662,production,0.5722
5662,5663,production,0.6059
5663,5664,production,0.6059
5664,5665,production,0.4278
5665,5666,production,0.4278
5666,5667,production,0.4648
5667,5668,production,0.5298
5668,5669,production,0.5213
5669,5670,production,0.5213
5670,5671,production,0.426
5671,5672,production,0.4803
5672,5673,production,0.5705
5673,5674,production,0.5988
5674,5675,production,0.5944
5675,5676,production,0.4577
5676,5677,production,0.4577
5677,5678,production,0.5595
5678,5679,production,0.5595
5679,5680,production,0.5686
5680,5681,production,0.5686
5681,5682,production,0.4327
5682,5683,production,0.5912
5683,5684,production,0.4324
5684,5685,production,0.3999
5685,5686,production,0.5072
5686,5687,production,0.5072
5687,5688,production,0.5797
5688,5689,production,0.4842
5689,5690,production,0.4842
5690,5691,production,0.4521
5691,5692,production,0.4521
5692,5693,production,0.4967
5693,5694,production,0.4967
5694,5695,production,0.4839
5695,5696,production,0.3814
5696,5697,production,0.3027
5697,5698,production,0.563
5698,5699,production,0.5871
5699,5700,production,0.4913
5700,5701,production,0.5017
5701,5702,production,0.5116
5702,5703,production,0.5539
5703,5704,production,0.4754
5704,5705,production,0.353
5705,5706,production,0.4743
5706,5707,production,0.6076
5707,5708,production,0.4693
5708,5709,production,0.5849
5709,5710,production,0.5603
5710,5711,production,0.5182
5711,5712,production,0.2996
5712,5713,production,0.3279
5713,5714,production,0.5567
5714,5715,production,0.5616
5715,5716,production,0.3488
5716,5717,production,0.4341
5717,5718,production,0.4361
5718,5719,production,0.5762
5719,5720,production,0.4726
5720,5721,production,0.4863
5721,5722,production,0.4667
5722,5723,production,0.4723
5723,5724,production,0.4165
5724,5725,production,0.4631
5725,5726,production,0.4299
5726,5727,production,0.4609
5727,5728,production,0.4317
5728,5729,production,0.4317
5729,5730,production,0.477
5730,5731,production,0.418
5731,5732,production,0.462
5732,5733,production,0.4294
5733,5734,production,0.4922
5734,5735,production,0.4001
5735,5736,production,0.5662
5736,5737,production,0.5005
5737,5738,production,0.5282
5738,5739,production,0.4322
5739,5740,production,0.4307
5740,5741,production,0.4412
5741,5742,production,0.4973
5742,5743,production,0.567
5743,5744,production,0.5722
5744,5745,production,0.5605
5745,5746,production,0.5692
5746,5747,production,0.5242
5747,5748,production,0.5258
5748,5749,production,0.4616
5749,5750,production,0.5581
5750,5751,production,0.4726
5751,5752,production,0.5506
5752,5753,production,0.6263
5753,5754,production,0.5505
5754,5755,production,0.4718
5755,5756,production,0.4706
5756,5757,production,0.468
5757,5758,production,0.5622
5758,5759,production,0.5508
5759,5760,production,0.5587
5760,5761,production,0.5506
5761,5762,production,0.4092
5762,5763,production,0.4735
5763,5764,production,0.4744
5764,5765,production,0.4879
5765,5766,production,0.468
5766,5767,production,0.4929
5767,5768,production,0.5617
5768,5769,production,0.618
5769,5770,production,0.5299
5770,5771,production,0.5691
5771,5772,production,0.4784
5772,5773,production,0.5527
5773,5774,production,0.5947
5774,5775,production,0.5087
5775,5776,production,0.5857
5776,5777,production,0.5063
5777,5778,production,0.5446
5778,5779,production,0.5199
5779,5780,production,0.552
5780,5781,production,0.5532
5781,5782,production,0.5063
5782,5783,production,0.571
5783,5784,production,0.5428
5784,5785,production,0.5118
5785,5786,production,0.4772
5786,5787,production,0.5009
5787,5788,production,0.4183
5788,5789,production,0.4718
5789,5790,production,0.4904
5790,5791,production,0.4528
5791,5792,production,0.4135
5792,5793,production,0.4921
5793,5794,production,0.5821
5794,5795,production,0.4953
5795,5796,production,0.4588
5796,5797,production,0.5566
5797,5798,production,0.4882
5798,5799,production,0.5663
5799,5800,production,0.5757
5800,5801,production,0.4587
5801,5802,production,0.5587
5802,5803,production,0.5667
5803,5804,production,0.3613
5804,5805,production,0.5486
5805,5806,production,0.5472
5806,5807,production,0.4855
5807,5808,production,0.5778
5808,5809,production,0.5808
5809,5810,production,0.4666
5810,5811,production,0.4714
5811,5812,production,0.5689
5812,5813,production,0.4369
5813,5814,production,0.4502
5814,5815,production,0.4918
5815,5816,production,0.5901
5816,5817,production,0.4898
5817,5818,production,0.4552
5818,5819,production,0.5524
5819,5820,production,0.5732
5820,5821,production,0.4013
5821,5822,production,0.3971
5822,5823,production,0.4893
5823,5824,production,0.5174
5824,5825,production,0.5062
5825,5826,production,0.4703
5826,5827,production,0.4897
5827,5828,production,0.4092
5828,5829,production,0.4944
5829,5830,production,0.4974
5830,5831,production,0.6083
5831,5832,production,0.4897
5832,5833,production,0.553
5833,5834,production,0.4034
5834,5835,production,0.5755
5835,5836,production,0.5595
5836,5837,production,0.5633
5837,5838,production,0.5501
5838,5839,production,0.3971
5839,5840,production,0.5678
5840,5841,production,0.3577
5841,5842,production,0.3722
5842,5843,production,0.5611
5843,5844,production,0.5229
5844,5845,production,0.5373
5845,5846,production,0.4492
5846,5847,production,0.5281
5847,5848,production,0.54
5848,5849,production,0.4475
5849,5850,production,0.4903
5850,5851,production,0.4655
5851,5852,production,0.5745
5852,5853,production,0.6799
5853,5854,production,0.5964
5854,5855,production,0.6233
5855,5856,production,0.3784
5856,5857,production,0.2682
5857,5858,production,0.412
5858,5859,production,0.4278
5859,5860,production,0.2895
5860,5861,production,0.6007
5861,5862,production,0.564
5862,5863,production,0.5213
5863,5864,production,0.498
5864,5865,production,0.4793
5865,5866,production,0.462
5866,5867,production,0.6189
5867,5868,production,0.6198
5868,5869,production,0.4575
5869,5870,production,0.6156
5870,5871,production,0.6288
5871,5872,production,0.5276
5872,5873,production,0.6196
5873,5874,production,0.3292
5874,5875,production,0.4984
5875,5876,production,0.3311
5876,5877,production,0.6365
5877,5878,production,0.5511
5878,5879,production,0.4897
5879,5880,production,0.6043
5880,5881,production,0.6043
5881,5882,production,0.4663
5882,5883,production,0.6176
5883,5884,production,0.6176
5884,5885,production,0.6439
5885,5886,production,0.6466
5886,5887,production,0.6415
5887,5888,production,0.3838
5888,5889,production,0.3705
5889,5890,production,0.5644
5890,5891,production,0.5478
5891,5892,production,0.5277
5892,5893,production,0.4286
5893,5894,production,0.4895
5894,5895,production,0.4167
5895,5896,production,0.5189
5896,5897,production,0.4305
5897,5898,production,0.4324
5898,5899,production,0.6117
5899,5900,production,0.3661
5900,5901,production,0.4571
5901,5902,production,0.5405
5902,5903,production,0.4538
5903,5904,production,0.6224
5904,5905,production,0.3433
5905,5906,production,0.6182
5906,5907,production,0.3587
5907,5908,production,0.5372
5908,5909,production,0.6132
5909,5910,production,0.5305
5910,5911,production,0.5006
5911,5912,production,0.3869
5912,5913,production,0.2459
5913,5914,production,0.4364
5914,5915,production,0.6321
5915,5916,production,0.638
5916,5917,production,0.4128
5917,5918,production,0.649
5918,5919,production,0.544
5919,5920,production,0.4833
5920,5921,production,0.4949
5921,5922,production,0.6383
5922,5923,production,0.6233
5923,5924,production,0.539
5924,5925,production,0.5098
5925,5926,production,0.4724
5926,5927,production,0.631
5927,5928,production,0.6069
5928,5929,production,0.6481
5929,5930,production,0.6417
5930,5931,production,0.5085
5931,5932,production,0.6288
5932,5933,production,0.6288
5933,5934,production,0.6301
5934,5935,production,0.4231
5935,5936,production,0.6234
5936,5937,production,0.4352
5937,5938,production,0.6457
5938,5939,production,0.6423
5939,5940,production,0.6252
5940,5941,production,0.6177
5941,5942,production,0.5949
5942,5943,production,0.6057
5943,5944,production,0.5996
5944,5945,production,0.4981
5945,5946,production,0.4981
5946,5947,production,0.4756
5947,5948,production,0.5897
5948,5949,production,0.5747
5949,5950,production,0.5755
5950,5951,production,0.498
5951,5952,production,0.4398
5952,5953,production,0.4304
5953,5954,production,0.3726
5954,5955,production,0.5369
5955,5956,production,0.5976
5956,5957,production,0.5276
5957,5958,production,0.5336
5958,5959,production,0.377
5959,5960,production,0.3731
5960,5961,production,0.5196
5961,5962,production,0.5213
5962,5963,production,0.5188
5963,5964,production,0.5035
5964,5965,production,0.5916
5965,5966,production,0.6189
5966,5967,production,0.5845
5967,5968,production,0.4078
5968,5969,production,0.3191
5969,5970,production,0.3111
5970,5971,production,0.5506
5971,5972,production,0.4855
5972,5973,production,0.4293
5973,5974,production,0.5915
5974,5975,production,0.4598
5975,5976,production,0.5205
5976,5977,production,0.3034
5977,5978,production,0.5213
5978,5979,production,0.5657
5979,5980,production,0.6197
5980,5981,production,0.5695
5981,5982,production,0.6271
5982,5983,production,0.2305
5983,5984,production,0.2682
5984,5985,production,0.6184
5985,5986,production,0.2108
5986,5987,production,0.4916
5987,5988,production,0.1882
5988,5989,production,0.6271
5989,5990,production,0.3932
5990,5991,production,0.4016
5991,5992,production,0.4191
5992,5993,production,0.3847
5993,5994,production,0.3758
5994,5995,production,0.4096
5995,5996,production,0.558
5996,5997,production,0.558
5997,5998,production,0.4144
5998,5999,production,0.5276
5999,6000,production,0.5124
6000,6001,production,0.4943
6001,6002,production,0.3939
6002,6003,production,0.4078
6003,6004,production,0.4253
6004,6005,production,0.4689
6005,6006,production,0.4246
6006,6007,production,0.4449
6007,6008,production,0.3607
6008,6009,production,0.3034
6009,6010,production,0.3065
6010,6011,production,0.3065
6011,6012,production,0.3065
6012,6013,production,0.3255
6013,6014,production,0.618
6014,6015,production,0.2457
6015,6016,production,0.3907
6016,6017,production,0.3922
6017,6018,production,0.3774
6018,6019,production,0.5259
6019,6020,production,0.5488
6020,6021,production,0.5577
6021,6022,production,0.3811
6022,6023,production,0.394
6023,6024,production,0.4577
6024,6025,production,0.3499
6025,6026,production,0.3685
6026,6027,production,0.0564
6027,6028,production,0.0
6028,6029,production,0.0
6029,6030,production,0.0
6030,6031,production,0.0
6031,6032,production,0.0
6032,6033,production,0.0
6033,6034,production,0.0
6034,6035,production,0.0
6035,6036,production,0.0
6036,6037,production,0.0
6037,6038,production,0.0
6038,6039,production,0.0
6039,6040,production,0.0
6040,6041,production,0.0
6041,6042,production,0.0
6042,6043,production,0.0
6043,6044,production,0.0
6044,6045,production,0.0
6045,6046,production,0.0
6046,6047,production,0.0
6047,6048,production,0.0
6048,6049,production,0.0
6049,6050,production,0.0
6050,6051,production,0.0
6051,6052,production,0.0
6052,6053,production,0.0
6053,6054,production,0.0
6054,6055,production,0.0
6055,6056,production,0.0
6056,6057,production,0.0
6057,6058,production,0.0
6058,6059,production,0.0
6059,6060,production,0.0
6060,6061,production,0.0
6061,6062,production,0.0
6062,6063,production,0.0
6063,6064,production,0.0
6064,6065,production,0.0
6065,6066,production,0.0
6066,6067,production,0.0
6067,6068,production,0.0
6068,6069,production,0.0
6069,6070,production,0.0
6070,6071,production,0.0
6071,6072,production,0.0
6072,6073,production,0.0
6073,6074,production,0.0
6074,6075,production,0.0
6075,6076,production,0.0
6076,6077,production,0.0
6077,6078,production,0.0
6078,6079,production,0.0
6079,6080,production,0.0
6080,6081,production,0.0
6081,6082,production,0.0
6082,6083,production,0.0
6083,6084,production,0.0
6084,6085,production,0.0
6085,6086,production,0.0
6086,6087,production,0.0
6087,6088,production,0.0
6088,6089,production,0.0
6089,6090,production,0.0
6090,6091,production,0.0
6091,6092,production,0.0
6092,6093,production,0.0
6093,6094,production,0.0
6094,6095,production,0.0
6095,6096,production,0.0
6096,6097,production,0.0
6097,6098,production,0.0
6098,6099,production,0.0
6099,6100,production,0.0
6100,6101,production,0.0
6101,6102,production,0.0
6102,6103,production,0.0
6103,6104,production,0.0
6104,6105,production,0.0
6105,6106,production,0.0
6106,6107,production,0.0
6107,6108,production,0.0
6108,6109,production,0.0
6109,6110,production,0.0
6110,6111,production,0.0
6111,6112,production,0.0
6112,6113,production,0.0
6113,6114,production,0.0
6114,6115,production,0.0
6115,6116,production,0.0
6116,6117,production,0.0
6117,6118,production,0.0
6118,6119,production,0.0
6119,6120,production,0.0
6120,6121,production,0.0
6121,6122,production,0.0
6122,6123,production,0.0
6123,6124,production,0.0
6124,6125,production,0.0
6125,6126,production,0.0
6126,6127,production,0.0
6127,6128,production,0.0
6128,6129,production,0.0
6129,6130,production,0.0
6130,6131,production,0.0
6131,6132,production,0.0
6132,6133,production,0.0
6133,6134,production,0.0
6134,6135,production,0.0
6135,6136,production,0.0
6136,6137,production,0.0
6137,6138,production,0.0
6138,6139,production,0.0
6139,6140,production,0.0
6140,6141,production,0.0
6141,6142,production,0.0
6142,6143,production,0.0
6143,6144,production,0.0
6144,6145,production,0.0
6145,6146,production,0.0
6146,6147,production,0.0
6147,6148,production,0.0
6148,6149,production,0.0
6149,6150,production,0.0
6150,6151,production,0.0
6151,6152,production,0.0
6152,6153,production,0.0
6153,6154,production,0.0
6154,6155,production,0.0
6155,6156,production,0.0
6156,6157,production,0.0
6157,6158,production,0.0
6158,6159,production,0.0
6159,6160,production,0.0
6160,6161,production,0.0
6161,6162,production,0.0
6162,6163,production,0.0
6163,6164,production,0.0
6164,6165,production,0.0
6165,6166,production,0.0
6166,6167,production,0.0
6167,6168,production,0.0
6168,6169,production,0.0
6169,6170,production,0.0
6170,6171,production,0.0
6171,6172,production,0.0
6172,6173,production,0.0
6173,6174,production,0.0
6174,6175,production,0.0
6175,6176,production,0.0
6176,6177,production,0.0
6177,6178,production,0.0
6178,6179,production,0.0
6179,6180,production,0.0
6180,6181,production,0.0
6181,6182,production,0.0
6182,6183,production,0.0
6183,6184,production,0.0
6184,6185,production,0.0
6185,6186,production,0.0
6186,6187,production,0.0
6187,6188,production,0.0
6188,6189,production,0.0
6189,6190,production,0.0
6190,6191,production,0.0
6191,6192,production,0.0
6192,6193,production,0.0
6193,6194,production,0.0
6194,6195,production,0.0
6195,6196,production,0.0
6196,6197,production,0.0
6197,6198,production,0.0
6198,6199,production,0.0
6199,6200,production,0.0
6200,6201,production,0.0
6201,6202,production,0.0
6202,6203,production,0.0
6203,6204,production,0.0
6204,6205,production,0.0
6205,6206,production,0.0
6206,6207,production,0.0
6207,6208,production,0.0
6208,6209,production,0.0
6209,6210,production,0.0
6210,6211,production,0.0
6211,6212,production,0.0
6212,6213,production,0.0
6213,6214,production,0.0
6214,6215,production,0.0
6215,6216,production,0.0
6216,6217,production,0.0
6217,6218,production,0.0
6218,6219,production,0.0
6219,6220,production,0.0
6220,6221,production,0.0
6221,6222,production,0.0
6222,6223,production,0.0
6223,6224,production,0.0
6224,6225,production,0.0
6225,6226,production,0.0
6226,6227,production,0.0
6227,6228,production,0.0
6228,6229,production,0.0
6229,6230,production,0.0
6230,6231,production,0.0
6231,6232,production,0.0
6232,6233,production,0.0
6233,6234,production,0.0
6234,6235,production,0.0
6235,6236,production,0.0
6236,6237,production,0.0
6237,6238,production,0.0
6238,6239,production,0.0
6239,6240,production,0.0
6240,6241,production,0.0
6241,6242,production,0.0
6242,6243,production,0.0
6243,6244,production,0.0
6244,6245,production,0.0
6245,6246,production,0.0
6246,6247,production,0.0
6247,6248,production,0.0
6248,6249,production,0.0
6249,6250,production,0.0
6250,6251,production,0.0
6251,6252,production,0.0
6252,6253,production,0.0
6253,6254,production,0.0
6254,6255,production,0.0
6255,6256,production,0.0
6256,6257,production,0.0
6257,6258,production,0.0
6258,6259,production,0.0
6259,6260,production,0.0
6260,6261,production,0.0
6261,6262,production,0.0
6262,6263,production,0.5087
6263,6264,production,0.4763
6264,6265,production,0.4636
6265,6266,production,0.4501
6266,6267,production,0.4634
6267,6268,production,0.4469
6268,6269,production,0.4722
6269,6270,production,0.451
6270,6271,production,0.4966
6271,6272,production,0.425
6272,6273,production,0.473
6273,6274,production,0.3933
6274,6275,production,0.4571
6275,6276,production,0.4565
6276,6277,production,0.4653
6277,6278,production,0.4191
6278,6279,production,0.5096
6279,6280,production,0.4361
6280,6281,production,0.4571
6281,6282,production,0.4954
6282,6283,production,0.4519
6283,6284,production,0.3511
6284,6285,production,0.4665
6285,6286,production,0.3881
6286,6287,production,0.4804
6287,6288,production,0.4752
6288,6289,production,0.4847
6289,6290,production,0.4421
6290,6291,production,0.4116
6291,6292,production,0.3633
6292,6293,production,0.4381
6293,6294,production,0.4701
6294,6295,production,0.4353
6295,6296,production,0.5309
6296,6297,production,0.4514
6297,6298,production,0.5093
6298,6299,production,0.5176
6299,6300,production,0.468
6300,6301,production,0.4815
6301,6302,production,0.5502
6302,6303,production,0.511
6303,6304,production,0.4238
6304,6305,production,0.5133
6305,6306,production,0.4113
6306,6307,production,0.5338
6307,6308,production,0.5687
6308,6309,production,0.4709
6309,6310,production,0.4363
6310,6311,production,0.5154
6311,6312,production,0.2506
6312,6313,production,0.4488
6313,6314,production,0.4469
6314,6315,production,0.4469
6315,6316,production,0.516
6316,6317,production,0.4706
6317,6318,production,0.4879
6318,6319,production,0.5484
6319,6320,production,0.5921
6320,6321,production,0.4304
6321,6322,production,0.4456
6322,6323,production,0.4724
6323,6324,production,0.4828
6324,6325,production,0.4815
6325,6326,production,0.5752
6326,6327,production,0.5889
6327,6328,production,0.4574
6328,6329,production,0.5749
6329,6330,production,0.5734
6330,6331,production,0.4946
6331,6332,production,0.473
6332,6333,production,0.3957
6333,6334,production,0.5644
6334,6335,production,0.4584
6335,6336,production,0.5602
6336,6337,production,0.5634
6337,6338,production,0.478
6338,6339,production,0.447
6339,6340,production,0.5023
6340,6341,production,0.5305
6341,6342,production,0.5343
6342,6343,production,0.4149
6343,6344,production,0.4948
6344,6345,production,0.425
6345,6346,production,0.5407
6346,6347,production,0.5545
6347,6348,production,0.5782
6348,6349,production,0.5583
6349,6350,production,0.5129
6350,6351,production,0.4218
6351,6352,production,0.3692
6352,6353,production,0.4033
6353,6354,production,0.5446
6354,6355,production,0.4319
6355,6356,production,0.5192
6356,6357,production,0.4681
6357,6358,production,0.4379
6358,6359,production,0.5525
6359,6360,production,0.5632
6360,6361,production,0.4938
6361,6362,production,0.4495
6362,6363,production,0.6057
6363,6364,production,0.516
6364,6365,production,0.4691
6365,6366,production,0.5033
6366,6367,production,0.4814
6367,6368,production,0.5433
6368,6369,production,0.4704
6369,6370,production,0.4776
6370,6371,production,0.4215
6371,6372,production,0.4001
6372,6373,production,0.4941
6373,6374,production,0.467
6374,6375,production,0.4509
6375,6376,production,0.5691
6376,6377,production,0.5645
6377,6378,production,0.4833
6378,6379,production,0.5137
6379,6380,production,0.4114
6380,6381,production,0.5207
6381,6382,production,0.5934
6382,6383,production,0.5496
6383,6384,production,0.5253
6384,6385,production,0.6019
6385,6386,production,0.4823
6386,6387,production,0.538
6387,6388,production,0.5651
6388,6389,production,0.5993
6389,6390,production,0.5642
6390,6391,production,0.5503
6391,6392,production,0.4947
6392,6393,production,0.3765
6393,6394,production,0.555
6394,6395,production,0.4394
6395,6396,production,0.5592
6396,6397,production,0.4973
6397,6398,production,0.4849
6398,6399,production,0.5179
6399,6400,production,0.4122
6400,6401,production,0.6182
6401,6402,production,0.5189
6402,6403,production,0.5703
6403,6404,production,0.4456
6404,6405,production,0.532
6405,6406,production,0.4564
6406,6407,production,0.5788
6407,6408,production,0.5675
6408,6409,production,0.3895
6409,6410,production,0.4949
6410,6411,production,0.4778
6411,6412,production,0.5066
6412,6413,production,0.4778
6413,6414,production,0.4456
6414,6415,production,0.403
6415,6416,production,0.5054
6416,6417,production,0.4387
6417,6418,production,0.5331
6418,6419,production,0.4586
6419,6420,production,0.4847
6420,6421,production,0.5773
6421,6422,production,0.6043
6422,6423,production,0.5829
6423,6424,production,0.4731
6424,6425,production,0.367
6425,6426,production,0.4915
6426,6427,production,0.594
6427,6428,production,0.5081
6428,6429,production,0.5195
6429,6430,production,0.4088
6430,6431,production,0.5576
6431,6432,production,0.5508
6432,6433,production,0.5601
6433,6434,production,0.5743
6434,6435,production,0.5866
6435,6436,production,0.4778
6436,6437,production,0.4619
6437,6438,production,0.4681
6438,6439,production,0.4576
6439,6440,production,0.5102
6440,6441,production,0.4982
6441,6442,production,0.5846
6442,6443,production,0.4578
6443,6444,production,0.5892
6444,6445,production,0.5696
6445,6446,production,0.4207
6446,6447,production,0.5219
6447,6448,production,0.5065
6448,6449,production,0.4991
6449,6450,production,0.571
6450,6451,production,0.4917
6451,6452,production,0.5301
6452,6453,production,0.4988
6453,6454,production,0.5108
6454,6455,production,0.464
6455,6456,production,0.5704
6456,6457,production,0.5604
6457,6458,production,0.4978
6458,6459,production,0.5243
6459,6460,production,0.5282
6460,6461,production,0.4884
6461,6462,production,0.5662
6462,6463,production,0.5045
6463,6464,production,0.4998
6464,6465,production,0.4651
6465,6466,production,0.6033
6466,6467,production,0.4934
6467,6468,production,0.6107
6468,6469,production,0.5881
6469,6470,production,0.4497
6470,6471,production,0.4431
6471,6472,production,0.5183
6472,6473,production,0.4082
6473,6474,production,0.5784
6474,6475,production,0.6323
6475,6476,production,0.538
6476,6477,production,0.5246
6477,6478,production,0.4192
6478,6479,production,0.5235
6479,6480,production,0.4409
6480,6481,production,0.498
6481,6482,production,0.6452
6482,6483,production,0.5536
6483,6484,production,0.5379
6484,6485,production,0.5131
6485,6486,production,0.4487
6486,6487,production,0.5126
6487,6488,production,0.5089
6488,6489,production,0.4911
6489,6490,production,0.5634
6490,6491,production,0.5001
6491,6492,production,0.5278
6492,6493,production,0.5311
6493,6494,production,0.4099
6494,6495,production,0.5202
6495,6496,production,0.5332
6496,6497,production,0.557
6497,6498,production,0.6065
6498,6499,production,0.6131
6499,6500,production,0.5028
6500,6501,production,0.4489
6501,6502,production,0.4538
6502,6503,production,0.4911
6503,6504,production,0.4987
6504,6505,production,0.4796
6505,6506,production,0.401
6506,6507,production,0.5341
6507,6508,production,0.5297
6508,6509,production,0.6443
6509,6510,production,0.3751
6510,6511,production,0.4936
6511,6512,production,0.4504
6512,6513,production,0.4065
6513,6514,production,0.5596
6514,6515,production,0.4977
6515,6516,production,0.5388
6516,6517,production,0.5249
6517,6518,production,0.3889
6518,6519,production,0.5463
6519,6520,production,0.4882
6520,6521,production,0.5307
6521,6522,production,0.6177
6522,6523,production,0.4852
6523,6524,production,0.467
6524,6525,production,0.5422
6525,6526,production,0.6519
6526,6527,production,0.4894
6527,6528,production,0.4237
6528,6529,production,0.6492
6529,6530,production,0.3978
6530,6531,production,0.5337
6531,6532,production,0.5516
6532,6533,production,0.4657
6533,6534,production,0.4699
6534,6535,production,0.4479
6535,6536,production,0.5317
6536,6537,production,0.6287
6537,6538,production,0.481
6538,6539,production,0.5457
6539,6540,production,0.4697
6540,6541,production,0.51
6541,6542,production,0.5026
6542,6543,production,0.4564
6543,6544,production,0.5131
6544,6545,production,0.5345
6545,6546,production,0.6083
6546,6547,production,0.494
6547,6548,production,0.5526
6548,6549,production,0.5255
6549,6550,production,0.4885
6550,6551,production,0.5078
6551,6552,production,0.5384
6552,6553,production,0.5303
6553,6554,production,0.52
6554,6555,production,0.5463
6555,6556,production,0.5481
6556,6557,production,0.6066
6557,6558,production,0.4866
6558,6559,production,0.6619
6559,6560,production,0.4456
6560,6561,production,0.3907
6561,6562,production,0.4122
6562,6563,production,0.5165
6563,6564,production,0.4538
6564,6565,production,0.4606
6565,6566,production,0.477
6566,6567,production,0.5342
6567,6568,production,0.5069
6568,6569,production,0.5754
6569,6570,production,0.4289
6570,6571,production,0.4853
6571,6572,production,0.5113
6572,6573,production,0.529
6573,6574,production,0.4656
6574,6575,production,0.5325
6575,6576,production,0.5301
6576,6577,production,0.5402
6577,6578,production,0.5364
6578,6579,production,0.5694
6579,6580,production,0.5617
6580,6581,production,0.4962
6581,6582,production,0.4504
6582,6583,production,0.4596
6583,6584,production,0.5366
6584,6585,production,0.5518
6585,6586,production,0.561
6586,6587,production,0.5355
6587,6588,production,0.5372
6588,6589,production,0.5904
6589,6590,production,0.4697
6590,6591,production,0.5477
6591,6592,production,0.5998
6592,6593,production,0.5537
6593,6594,production,0.5159
6594,6595,production,0.3457
6595,6596,production,0.4442
6596,6597,production,0.4204
6597,6598,production,0.5035
6598,6599,production,0.5572
6599,6600,production,0.5793
6600,6601,production,0.5146
6601,6602,production,0.4875
6602,6603,production,0.4922
6603,6604,production,0.4584
6604,6605,production,0.4971
6605,6606,production,0.6475
6606,6607,production,0.4223
6607,6608,production,0.5049
6608,6609,production,0.5415
6609,6610,production,0.5962
6610,6611,production,0.5867
6611,6612,production,0.4888
6612,6613,production,0.5026
6613,6614,production,0.4853
6614,6615,production,0.5343
6615,6616,production,0.5669
6616,6617,production,0.4359
6617,6618,production,0.5954
6618,6619,production,0.4884
6619,6620,production,0.5538
6620,6621,production,0.529
6621,6622,production,0.5008
6622,6623,production,0.4572
6623,6624,production,0.4563
6624,6625,production,0.5408
6625,6626,production,0.4637
6626,6627,production,0.4057
6627,6628,production,0.5358
6628,6629,production,0.5199
6629,6630,production,0.5796
6630,6631,production,0.5461
6631,6632,production,0.4652
6632,6633,production,0.505
6633,6634,production,0.529
6634,6635,production,0.4039
6635,6636,production,0.5663
6636,6637,production,0.3136
6637,6638,production,0.6402
6638,6639,production,0.5172
6639,6640,production,0.5738
6640,6641,production,0.4882
6641,6642,production,0.4819
6642,6643,production,0.5176
6643,6644,production,0.5382
6644,6645,production,0.4662
6645,6646,production,0.5845
6646,6647,production,0.5047
6647,6648,production,0.4315
6648,6649,production,0.5183
6649,6650,production,0.53
6650,6651,production,0.408
6651,6652,production,0.5548
6652,6653,production,0.4646
6653,6654,production,0.4617
6654,6655,production,0.5568
6655,6656,production,0.5512
6656,6657,production,0.5282
6657,6658,production,0.5933
6658,6659,production,0.5495
6659,6660,production,0.5264
6660,6661,production,0.4112
6661,6662,production,0.4759
6662,6663,production,0.4482
6663,6664,production,0.4794
6664,6665,production,0.48
6665,6666,production,0.5266
6666,6667,production,0.5363
6667,6668,production,0.4591
6668,6669,production,0.4273
6669,6670,production,0.5259
6670,6671,production,0.5357
6671,6672,production,0.4457
6672,6673,production,0.4755
6673,6674,production,0.4212
6674,6675,production,0.4792
6675,6676,production,0.4977
6676,6677,production,0.4533
6677,6678,production,0.349
6678,6679,production,0.4729
6679,6680,production,0.5209
6680,6681,production,0.4957
6681,6682,production,0.4289
6682,6683,production,0.5634
6683,6684,production,0.4177
6684,6685,production,0.6541
6685,6686,production,0.4542
6686,6687,production,0.4299
6687,6688,production,0.5243
6688,6689,production,0.4788
6689,6690,production,0.477
6690,6691,production,0.5553
6691,6692,production,0.531
6692,6693,production,0.4726
6693,6694,production,0.548
6694,6695,production,0.5612
6695,6696,production,0.5186
6696,6697,production,0.4058
6697,6698,production,0.4796
6698,6699,production,0.4577
6699,6700,production,0.5301
6700,6701,production,0.5285
6701,6702,production,0.4994
6702,6703,production,0.3986
6703,6704,production,0.5432
6704,6705,production,0.4351
6705,6706,production,0.4316
6706,6707,production,0.3649
6707,6708,production,0.5299
6708,6709,production,0.4688
6709,6710,production,0.5075
6710,6711,production,0.5218
6711,6712,production,0.5198
6712,6713,production,0.5194
6713,6714,production,0.5611
6714,6715,production,0.5488
6715,6716,production,0.4841
6716,6717,production,0.4709
6717,6718,production,0.6442
6718,6719,production,0.5337
6719,6720,production,0.5254
6720,6721,production,0.597
6721,6722,production,0.4955
6722,6723,production,0.5068
6723,6724,production,0.5142
6724,6725,production,0.5005
6725,6726,production,0.4689
6726,6727,production,0.3991
6727,6728,production,0.4152
6728,6729,production,0.5062
6729,6730,production,0.4827
6730,6731,production,0.3885
6731,6732,production,0.4521
6732,6733,production,0.4637
6733,6734,production,0.6008
6734,6735,production,0.5818
6735,6736,production,0.4384
6736,6737,production,0.463
6737,6738,production,0.4532
6738,6739,production,0.5924
6739,6740,production,0.4053
6740,6741,production,0.39
6741,6742,production,0.2873
6742,6743,production,0.5722
6743,6744,production,0.5306
6744,6745,production,0.5366
6745,6746,production,0.5956
6746,6747,production,0.4512
6747,6748,production,0.5436
6748,6749,production,0.4678
6749,6750,production,0.3754
6750,6751,production,0.4883
6751,6752,production,0.53
6752,6753,production,0.5268
6753,6754,production,0.4866
6754,6755,production,0.5267
6755,6756,production,0.5459
6756,6757,production,0.3844
6757,6758,production,0.5289
6758,6759,production,0.498
6759,6760,production,0.5077
6760,6761,production,0.5359
6761,6762,production,0.5508
6762,6763,production,0.5397
6763,6764,production,0.4135
6764,6765,production,0.4026
6765,6766,production,0.5432
6766,6767,production,0.4885
6767,6768,production,0.5688
6768,6769,production,0.4922
6769,6770,production,0.4544
6770,6771,production,0.5079
6771,6772,production,0.5175
6772,6773,production,0.4801
6773,6774,production,0.438
6774,6775,production,0.4849
6775,6776,production,0.5442
6776,6777,production,0.5682
6777,6778,production,0.5204
6778,6779,production,0.4722
6779,6780,production,0.3638
6780,6781,production,0.5326
6781,6782,production,0.3681
6782,6783,production,0.4159
6783,6784,production,0.5018
6784,6785,production,0.4811
6785,6786,production,0.4484
6786,6787,production,0.564
6787,6788,production,0.3858
6788,6789,production,0.5368
6789,6790,production,0.4937
6790,6791,production,0.4649
6791,6792,production,0.5631
6792,6793,production,0.5469
6793,6794,production,0.5066
6794,6795,production,0.5387
6795,6796,production,0.5552
6796,6797,production,0.4819
6797,6798,production,0.4342
6798,6799,production,0.4058
6799,6800,production,0.449
6800,6801,production,0.4674
6801,6802,production,0.4601
6802,6803,production,0.6118
6803,6804,production,0.5568
6804,6805,production,0.5478
6805,6806,production,0.4981
6806,6807,production,0.6009
6807,6808,production,0.5088
6808,6809,production,0.5442
6809,6810,production,0.5959
6810,6811,production,0.4829
6811,6812,production,0.4483
6812,6813,production,0.553
6813,6814,production,0.5958
6814,6815,production,0.5094
6815,6816,production,0.5088
6816,6817,production,0.3909
6817,6818,production,0.3871
6818,6819,production,0.3918
6819,6820,production,0.5437
6820,6821,production,0.6213
6821,6822,production,0.4571
6822,6823,production,0.4804
6823,6824,production,0.5432
6824,6825,production,0.4163
6825,6826,production,0.5206
6826,6827,production,0.5054
6827,6828,production,0.5325
6828,6829,production,0.4688
6829,6830,production,0.4093
6830,6831,production,0.4973
6831,6832,production,0.5821
6832,6833,production,0.4523
6833,6834,production,0.4421
6834,6835,production,0.4567
6835,6836,production,0.3648
6836,6837,production,0.5803
6837,6838,production,0.5302
6838,6839,production,0.5198
6839,6840,production,0.482
6840,6841,production,0.5203
6841,6842,production,0.6274
6842,6843,production,0.4842
6843,6844,production,0.6083
6844,6845,production,0.4953
6845,6846,production,0.3309
6846,6847,production,0.3419
6847,6848,production,0.5852
6848,6849,production,0.5449
6849,6850,production,0.512
6850,6851,production,0.587
6851,6852,production,0.5664
6852,6853,production,0.5855
6853,6854,production,0.5457
6854,6855,production,0.4932
6855,6856,production,0.3574
6856,6857,production,0.512
6857,6858,production,0.3903
6858,6859,production,0.457
6859,6860,production,0.4777
6860,6861,production,0.5957
6861,6862,production,0.4853
6862,6863,production,0.5205
6863,6864,production,0.5153
6864,6865,production,0.5731
6865,6866,production,0.2988
6866,6867,production,0.531
6867,6868,production,0.3243
6868,6869,production,0.5675
6869,6870,production,0.4247
6870,6871,production,0.4778
6871,6872,production,0.5751
6872,6873,production,0.3641
6873,6874,production,0.5573
6874,6875,production,0.5703
6875,6876,production,0.4602
6876,6877,production,0.5444
6877,6878,production,0.5931
6878,6879,production,0.5032
6879,6880,production,0.439
6880,6881,production,0.4952
6881,6882,production,0.5537
6882,6883,production,0.5004
6883,6884,production,0.4546
6884,6885,production,0.5537
6885,6886,production,0.5163
6886,6887,production,0.46
6887,6888,production,0.5366
6888,6889,production,0.5238
6889,6890,production,0.5354
6890,6891,production,0.5517
6891,6892,production,0.4399
6892,6893,production,0.5243
6893,6894,production,0.4488
6894,6895,production,0.5813
6895,6896,production,0.5506
6896,6897,production,0.5065
6897,6898,production,0.4726
6898,6899,production,0.4565
6899,6900,production,0.4592
6900,6901,production,0.514
6901,6902,production,0.5313
6902,6903,production,0.5676
6903,6904,production,0.5577
6904,6905,production,0.4897
6905,6906,production,0.482
6906,6907,production,0.4311
6907,6908,production,0.6004
6908,6909,production,0.3894
6909,6910,production,0.507
6910,6911,production,0.4558
6911,6912,production,0.4507
6912,6913,production,0.3753
6913,6914,production,0.4107
6914,6915,production,0.412
6915,6916,production,0.4293
6916,6917,production,0.5735
6917,6918,production,0.3768
6918,6919,production,0.4692
6919,6920,production,0.4987
6920,6921,production,0.5427
6921,6922,production,0.4817
6922,6923,production,0.4131
6923,6924,production,0.5076
6924,6925,production,0.3876
6925,6926,production,0.4818
6926,6927,production,0.3128
6927,6928,production,0.4134
6928,6929,production,0.5584
6929,6930,production,0.4701
6930,6931,production,0.4473
6931,6932,production,0.3364
6932,6933,production,0.5974
6933,6934,production,0.3732
6934,6935,production,0.636
6935,6936,production,0.5146
6936,6937,production,0.5175
6937,6938,production,0.5347
6938,6939,production,0.4815
6939,6940,production,0.5425
6940,6941,production,0.5398
6941,6942,production,0.4387
6942,6943,production,0.4251
6943,6944,production,0.4404
6944,6945,production,0.5729
6945,6946,production,0.5006
6946,6947,production,0.4619
6947,6948,production,0.4699
6948,6949,production,0.4574
6949,6950,production,0.4653
6950,6951,production,0.5284
6951,6952,production,0.5378
6952,6953,production,0.5813
6953,6954,production,0.3888
6954,6955,production,0.6856
6955,6956,production,0.5721
6956,6957,production,0.4203
6957,6958,production,0.5094
6958,6959,production,0.4253
6959,6960,production,0.6026
6960,6961,production,0.4329
6961,6962,production,0.3781
6962,6963,production,0.5636
6963,6964,production,0.5564
6964,6965,production,0.5131
6965,6966,production,0.477
6966,6967,production,0.5188
6967,6968,production,0.4537
6968,6969,production,0.5072
6969,6970,production,0.5716
6970,6971,production,0.5117
6971,6972,production,0.4625
6972,6973,production,0.454
6973,6974,production,0.4622
6974,6975,production,0.4234
6975,6976,production,0.5011
6976,6977,production,0.5868
6977,6978,production,0.4558
6978,6979,production,0.4322
6979,6980,production,0.4944
6980,6981,production,0.3556
6981,6982,production,0.5845
6982,6983,production,0.5504
6983,6984,production,0.5372
6984,6985,production,0.5656
6985,6986,production,0.5779
6986,6987,production,0.5791
6987,6988,production,0.5683
6988,6989,production,0.4697
6989,6990,production,0.4822
6990,6991,production,0.5185
6991,6992,production,0.402
6992,6993,production,0.4801
6993,6994,production,0.3818
6994,6995,production,0.3698
6995,6996,production,0.4808
6996,6997,production,0.5189
6997,6998,production,0.5231
6998,6999,production,0.4486
6999,7000,production,0.4618
7000,7001,production,0.5534
7001,7002,production,0.524
7002,7003,production,0.4213
7003,7004,production,0.5299
7004,7005,production,0.4168
7005,7006,production,0.4983
7006,7007,production,0.5228
7007,7008,production,0.5169
7008,7009,production,0.5478
7009,7010,production,0.3971
7010,7011,production,0.5061
7011,7012,production,0.5409
7012,7013,production,0.5632
7013,7014,production,0.4943
7014,7015,production,0.3035
7015,7016,production,0.5398
7016,7017,production,0.431
7017,7018,production,0.4918
7018,7019,production,0.4262
7019,7020,production,0.4965
7020,7021,production,0.488
7021,7022,production,0.4089
7022,7023,production,0.4202
7023,7024,production,0.5807
7024,7025,production,0.4621
7025,7026,production,0.5394
7026,7027,production,0.49
7027,7028,production,0.574
7028,7029,production,0.454
7029,7030,production,0.572
7030,7031,production,0.399
7031,7032,production,0.5161
7032,7033,production,0.4334
7033,7034,production,0.5398
7034,7035,production,0.5256
7035,7036,production,0.5082
7036,7037,production,0.5273
7037,7038,production,0.4192
7038,7039,production,0.5293
7039,7040,production,0.5162
7040,7041,production,0.5344
7041,7042,production,0.3838
7042,7043,production,0.4511
7043,7044,production,0.4171
7044,7045,production,0.4019
7045,7046,production,0.435
7046,7047,production,0.5275
7047,7048,production,0.4656
7048,7049,production,0.4777
7049,7050,production,0.6447
7050,7051,production,0.5266
7051,7052,production,0.578
7052,7053,production,0.5
7053,7054,production,0.4092
7054,7055,production,0.2852
7055,7056,production,0.5005
7056,7057,production,0.4619
7057,7058,production,0.5238
7058,7059,production,0.4902
7059,7060,production,0.3217
7060,7061,production,0.4689
7061,7062,production,0.5244
7062,7063,production,0.4166
7063,7064,production,0.486
7064,7065,production,0.4292
7065,7066,production,0.4557
7066,7067,production,0.5686
7067,7068,production,0.4213
7068,7069,production,0.5004
7069,7070,production,0.4695
7070,7071,production,0.5025
7071,7072,production,0.4389
7072,7073,production,0.5102
7073,7074,production,0.614
7074,7075,production,0.4233
7075,7076,production,0.3739
7076,7077,production,0.4402
7077,7078,production,0.5116
7078,7079,production,0.6057
7079,7080,production,0.4632
7080,7081,production,0.4954
7081,7082,production,0.5466
7082,7083,production,0.5904
7083,7084,production,0.5634
7084,7085,production,0.4124
7085,7086,production,0.542
7086,7087,production,0.5435
7087,7088,production,0.5072
7088,7089,production,0.5336
7089,7090,production,0.4394
7090,7091,production,0.4377
7091,7092,production,0.3691
7092,7093,production,0.5585
7093,7094,production,0.449
7094,7095,production,0.584
7095,7096,production,0.4551
7096,7097,production,0.5399
7097,7098,production,0.5348
7098,7099,production,0.4895
7099,7100,production,0.4874
7100,7101,production,0.4949
7101,7102,production,0.535
7102,7103,production,0.54
7103,7104,production,0.564
7104,7105,production,0.3787
7105,7106,production,0.4742
7106,7107,production,0.5135
7107,7108,production,0.4522
7108,7109,production,0.4017
7109,7110,production,0.5098
7110,7111,production,0.5207
7111,7112,production,0.4963
7112,7113,production,0.4934
7113,7114,production,0.486
7114,7115,production,0.4892
7115,7116,production,0.5792
7116,7117,production,0.4923
7117,7118,production,0.4965
7118,7119,production,0.5944
7119,7120,production,0.5256
7120,7121,production,0.4122
7121,7122,production,0.6335
7122,7123,production,0.4918
7123,7124,production,0.4855
7124,7125,production,0.5021
7125,7126,production,0.441
7126,7127,production,0.4658
7127,7128,production,0.3722
7128,7129,production,0.5866
7129,7130,production,0.5448
7130,7131,production,0.4011
7131,7132,production,0.4291
7132,7133,production,0.4663
7133,7134,production,0.4387
7134,7135,production,0.557
7135,7136,production,0.4875
7136,7137,production,0.3814
7137,7138,production,0.5457
7138,7139,production,0.4718
7139,7140,production,0.4324
7140,7141,production,0.3757
7141,7142,production,0.4295
7142,7143,production,0.4989
7143,7144,production,0.6015
7144,7145,production,0.3801
7145,7146,production,0.4255
7146,7147,production,0.5546
7147,7148,production,0.4783
7148,7149,production,0.5883
7149,7150,production,0.5097
7150,7151,production,0.5505
7151,7152,production,0.4202
7152,7153,production,0.5229
7153,7154,production,0.4566
7154,7155,production,0.5374
7155,7156,production,0.4885
7156,7157,production,0.3252
7157,7158,production,0.478
7158,7159,production,0.5495
7159,7160,production,0.5484
7160,7161,production,0.5326
7161,7162,production,0.4349
7162,7163,production,0.4666
7163,7164,production,0.5697
7164,7165,production,0.439
7165,7166,production,0.5365
7166,7167,production,0.6303
7167,7168,production,0.4367
7168,7169,production,0.469
7169,7170,production,0.4867
7170,7171,production,0.539
7171,7172,production,0.509
7172,7173,production,0.4515
7173,7174,production,0.4373
7174,7175,production,0.5647
7175,7176,production,0.3668
7176,7177,production,0.4396
7177,7178,production,0.5627
7178,7179,production,0.5458
7179,7180,production,0.5253
7180,7181,production,0.5172
7181,7182,production,0.5892
7182,7183,production,0.5362
7183,7184,production,0.5254
7184,7185,production,0.4003
7185,7186,production,0.5181
7186,7187,production,0.6736
7187,7188,production,0.5318
7188,7189,production,0.4732
7189,7190,production,0.3466
7190,7191,production,0.4611
7191,7192,production,0.5604
7192,7193,production,0.3889
7193,7194,production,0.6136
7194,7195,production,0.4953
7195,7196,production,0.4185
7196,7197,production,0.5183
7197,7198,production,0.5963
7198,7199,production,0.4814
7199,7200,production,0.4736
7200,7201,production,0.5831
7201,7202,production,0.4909
7202,7203,production,0.5985
7203,7204,production,0.5771
7204,7205,production,0.5334
7205,7206,production,0.6053
7206,7207,production,0.4844
7207,7208,production,0.5623
7208,7209,production,0.4701
7209,7210,production,0.3462
7210,7211,production,0.4488
7211,7212,production,0.5309
7212,7213,production,0.5286
7213,7214,production,0.5933
7214,7215,production,0.5049
7215,7216,production,0.5407
7216,7217,production,0.5538
7217,7218,production,0.4504
7218,7219,production,0.5667
7219,7220,production,0.3763
7220,7221,production,0.4785
7221,7222,production,0.4363
7222,7223,production,0.6918
7223,7224,production,0.4026
7224,7225,production,0.6241
7225,7226,production,0.4242
7226,7227,production,0.5073
7227,7228,production,0.666
7228,7229,production,0.4341
7229,7230,production,0.5445
7230,7231,production,0.4234
7231,7232,production,0.6314
7232,7233,production,0.4433
7233,7234,production,0.5037
7234,7235,production,0.4886
7235,7236,production,0.5169
7236,7237,production,0.5867
7237,7238,production,0.551
7238,7239,production,0.4583
7239,7240,production,0.4511
7240,7241,production,0.5772
7241,7242,production,0.5717
7242,7243,production,0.4817
7243,7244,production,0.4231
7244,7245,production,0.3972
7245,7246,production,0.4352
7246,7247,production,0.4416
7247,7248,production,0.4725
7248,7249,production,0.4004
7249,7250,production,0.4963
7250,7251,production,0.5305
7251,7252,production,0.636
7252,7253,production,0.5586
7253,7254,production,0.5176
7254,7255,production,0.4446
7255,7256,production,0.4769
7256,7257,production,0.5477
7257,7258,production,0.5398
7258,7259,production,0.4827
7259,7260,production,0.6343
7260,7261,production,0.509
7261,7262,production,0.4838
7262,7263,production,0.6323
7263,7264,production,0.5522
7264,7265,production,0.4229
7265,7266,production,0.5547
7266,7267,production,0.435
7267,7268,production,0.541
7268,7269,production,0.43
7269,7270,production,0.4351
7270,7271,production,0.4218
7271,7272,production,0.374
7272,7273,production,0.6311
7273,7274,production,0.4325
7274,7275,production,0.5764
7275,7276,production,0.5371
7276,7277,production,0.4734
7277,7278,production,0.4181
7278,7279,production,0.4529
7279,7280,production,0.4357
7280,7281,production,0.4748
7281,7282,production,0.44
7282,7283,production,0.5774
7283,7284,production,0.3806
7284,7285,production,0.6262
7285,7286,production,0.5158
7286,7287,production,0.4833
7287,7288,production,0.3327
7288,7289,production,0.4065
7289,7290,production,0.6047
7290,7291,production,0.5856
7291,7292,production,0.4875
7292,7293,production,0.5853
7293,7294,production,0.5492
7294,7295,production,0.5747
7295,7296,production,0.5341
7296,7297,production,0.3869
7297,7298,production,0.5458
7298,7299,production,0.4911
7299,7300,production,0.5909
7300,7301,production,0.4798
7301,7302,production,0.5319
7302,7303,production,0.5272
7303,7304,production,0.6087
7304,7305,production,0.4914
7305,7306,production,0.3839
7306,7307,production,0.4524
7307,7308,production,0.4747
7308,7309,production,0.4567
7309,7310,production,0.5879
7310,7311,production,0.4938
7311,7312,production,0.5897
7312,7313,production,0.4925
7313,7314,production,0.3973
7314,7315,production,0.4787
7315,7316,production,0.572
7316,7317,production,0.5275
7317,7318,production,0.4037
7318,7319,production,0.5362
7319,7320,production,0.4483
7320,7321,production,0.4976
7321,7322,production,0.6507
7322,7323,production,0.4886
7323,7324,production,0.5181
7324,7325,production,0.5417
7325,7326,production,0.6454
7326,7327,production,0.5927
7327,7328,production,0.5895
7328,7329,production,0.3926
7329,7330,production,0.5751
7330,7331,production,0.6277
7331,7332,production,0.543
7332,7333,production,0.5686
7333,7334,production,0.5804
7334,7335,production,0.4989
7335,7336,production,0.6413
7336,7337,production,0.6414
7337,7338,production,0.5775
7338,7339,production,0.4921
7339,7340,production,0.4393
7340,7341,production,0.5648
7341,7342,production,0.4018
7342,7343,production,0.5109
7343,7344,production,0.4458
7344,7345,production,0.4972
7345,7346,production,0.4592
7346,7347,production,0.619
7347,7348,production,0.6445
7348,7349,production,0.5253
7349,7350,production,0.3962
7350,7351,production,0.4287
7351,7352,production,0.5992
7352,7353,production,0.4582
7353,7354,production,0.4889
7354,7355,production,0.5955
7355,7356,production,0.6007
7356,7357,production,0.6101
7357,7358,production,0.6802
7358,7359,production,0.5954
7359,7360,production,0.5195
7360,7361,production,0.5055
7361,7362,production,0.5559
7362,7363,production,0.5052
7363,7364,production,0.5513
7364,7365,production,0.6082
7365,7366,production,0.626
7366,7367,production,0.6262
7367,7368,production,0.5847
7368,7369,production,0.643
7369,7370,production,0.6163
7370,7371,production,0.4854
7371,7372,production,0.5449
7372,7373,production,0.4402
7373,7374,production,0.4674
7374,7375,production,0.5939
7375,7376,production,0.6189
7376,7377,production,0.6301
7377,7378,production,0.5763
7378,7379,production,0.4672
7379,7380,production,0.5106
7380,7381,production,0.4144
7381,7382,production,0.5595
7382,7383,production,0.567
7383,7384,production,0.4416
7384,7385,production,0.6398
7385,7386,production,0.5864
7386,7387,production,0.6034
7387,7388,production,0.5712
7388,7389,production,0.6142
7389,7390,production,0.6726
7390,7391,production,0.5061
7391,7392,production,0.6321
7392,7393,production,0.3846
7393,7394,production,0.5603
7394,7395,production,0.6505
7395,7396,production,0.4901
7396,7397,production,0.5578
7397,7398,production,0.4933
7398,7399,production,0.3594
7399,7400,production,0.4793
7400,7401,production,0.5013
7401,7402,production,0.4308
7402,7403,production,0.6124
7403,7404,production,0.5844
7404,7405,production,0.5242
7405,7406,production,0.5513
7406,7407,production,0.4737
7407,7408,production,0.5603
7408,7409,production,0.6158
7409,7410,production,0.5432
7410,7411,production,0.6233
7411,7412,production,0.5297
7412,7413,production,0.5416
7413,7414,production,0.4521
7414,7415,production,0.536
7415,7416,production,0.5983
7416,7417,production,0.6392
7417,7418,production,0.4327
7418,7419,production,0.5703
7419,7420,production,0.4314
7420,7421,production,0.5587
7421,7422,production,0.4852
7422,7423,production,0.6456
7423,7424,production,0.5792
7424,7425,production,0.5594
7425,7426,production,0.6318
7426,7427,production,0.4731
7427,7428,production,0.6955
7428,7429,production,0.5189
7429,7430,production,0.436
7430,7431,production,0.5112
7431,7432,production,0.5446
7432,7433,production,0.4606
7433,7434,production,0.5075
7434,7435,production,0.4499
7435,7436,production,0.4677
7436,7437,production,0.3997
7437,7438,production,0.5874
7438,7439,production,0.6499
7439,7440,production,0.6105
7440,7441,production,0.5512
7441,7442,production,0.373
7442,7443,production,0.6361
7443,7444,production,0.6274
7444,7445,production,0.6199
7445,7446,production,0.5196
7446,7447,production,0.5739
7447,7448,production,0.617
7448,7449,production,0.4512
7449,7450,production,0.6407
7450,7451,production,0.5935
7451,7452,production,0.577
7452,7453,production,0.4845
7453,7454,production,0.4237
7454,7455,production,0.6435
7455,7456,production,0.4217
7456,7457,production,0.4227
7457,7458,production,0.5223
7458,7459,production,0.4476
7459,7460,production,0.579
7460,7461,production,0.57
7461,7462,production,0.5298
7462,7463,production,0.5079
7463,7464,production,0.5534
7464,7465,production,0.6178
7465,7466,production,0.5873
7466,7467,production,0.4852
7467,7468,production,0.6021
7468,7469,production,0.4738
7469,7470,production,0.4746
7470,7471,production,0.6441
7471,7472,production,0.5481
7472,7473,production,0.5347
7473,7474,production,0.4748
7474,7475,production,0.5046
7475,7476,production,0.4513
7476,7477,production,0.4778
7477,7478,production,0.5655
7478,7479,production,0.56
7479,7480,production,0.5395
7480,7481,production,0.6025
7481,7482,production,0.5596
7482,7483,production,0.4556
7483,7484,production,0.6521
7484,7485,production,0.3574
7485,7486,production,0.6403
7486,7487,production,0.4507
7487,7488,production,0.5922
7488,7489,production,0.4992
7489,7490,production,0.6007
7490,7491,production,0.5844
7491,7492,production,0.6101
7492,7493,production,0.4848
7493,7494,production,0.6387
7494,7495,production,0.3851
7495,7496,production,0.3835
7496,7497,production,0.4868
7497,7498,production,0.4812
7498,7499,production,0.5463
7499,7500,production,0.5488
7500,7501,production,0.5937
7501,7502,production,0.5045
7502,7503,production,0.579
7503,7504,production,0.5691
7504,7505,production,0.6042
7505,7506,production,0.6097
7506,7507,production,0.6038
7507,7508,production,0.5441
7508,7509,production,0.667
7509,7510,production,0.63
7510,7511,production,0.4804
7511,7512,production,0.4344
7512,7513,production,0.54
7513,7514,production,0.6463
7514,7515,production,0.5958
7515,7516,production,0.5257
7516,7517,production,0.4899
7517,7518,production,0.5148
7518,7519,production,0.4703
7519,7520,production,0.4592
7520,7521,production,0.4873
7521,7522,production,0.5592
7522,7523,production,0.439
7523,7524,production,0.4581
7524,7525,production,0.4226
7525,7526,production,0.4992
7526,7527,production,0.4204
7527,7528,production,0.5681
7528,7529,production,0.4545
7529,7530,production,0.5916
7530,7531,production,0.4164
7531,7532,production,0.41
7532,7533,production,0.6205
7533,7534,production,0.4406
7534,7535,production,0.4493
7535,7536,production,0.6112
7536,7537,production,0.5803
7537,7538,production,0.3715
7538,7539,production,0.6153
7539,7540,production,0.4792
7540,7541,production,0.6082
7541,7542,production,0.3693
7542,7543,production,0.4237
7543,7544,production,0.4493
7544,7545,production,0.6055
7545,7546,production,0.4523
7546,7547,production,0.465
7547,7548,production,0.5664
7548,7549,production,0.6192
7549,7550,production,0.4274
7550,7551,production,0.4519
7551,7552,production,0.5695
7552,7553,production,0.6007
7553,7554,production,0.4945
7554,7555,production,0.408
7555,7556,production,0.6397
7556,7557,production,0.5536
7557,7558,production,0.5351
7558,7559,production,0.641
7559,7560,production,0.6707
7560,7561,production,0.4786
7561,7562,production,0.5073
7562,7563,production,0.511
7563,7564,production,0.6523
7564,7565,production,0.4681
7565,7566,production,0.4518
7566,7567,production,0.5511
7567,7568,production,0.4579
7568,7569,production,0.6085
7569,7570,production,0.5172
7570,7571,production,0.5704
7571,7572,production,0.4999
7572,7573,production,0.6065
7573,7574,production,0.5627
7574,7575,production,0.6003
7575,7576,production,0.6148
7576,7577,production,0.5926
7577,7578,production,0.4422
7578,7579,production,0.5313
7579,7580,production,0.462
7580,7581,production,0.5893
7581,7582,production,0.5803
7582,7583,production,0.553
7583,7584,production,0.4199
7584,7585,production,0.5004
7585,7586,production,0.3897
7586,7587,production,0.5456
7587,7588,production,0.4781
7588,7589,production,0.5563
7589,7590,production,0.6024
7590,7591,production,0.3987
7591,7592,production,0.5439
7592,7593,production,0.507
7593,7594,production,0.4857
7594,7595,production,0.6071
7595,7596,production,0.5835
7596,7597,production,0.433
7597,7598,production,0.5155
7598,7599,production,0.3852
7599,7600,production,0.6045
7600,7601,production,0.5229
7601,7602,production,0.4429
7602,7603,production,0.5076
7603,7604,production,0.5153
7604,7605,production,0.5075
7605,7606,production,0.5882
7606,7607,production,0.5575
7607,7608,production,0.5199
7608,7609,production,0.4263
7609,7610,production,0.5575
7610,7611,production,0.4845
7611,7612,production,0.5075
7612,7613,production,0.5646
7613,7614,production,0.5488
7614,7615,production,0.3788
7615,7616,production,0.4987
7616,7617,production,0.5402
7617,7618,production,0.5093
7618,7619,production,0.6421
7619,7620,production,0.5439
7620,7621,production,0.5127
7621,7622,production,0.567
7622,7623,production,0.4456
7623,7624,production,0.523
7624,7625,production,0.5427
7625,7626,production,0.6026
7626,7627,production,0.4573
7627,7628,production,0.4787
7628,7629,production,0.5002
7629,7630,production,0.4761
7630,7631,production,0.5048
7631,7632,production,0.4973
7632,7633,production,0.4759
7633,7634,production,0.5815
7634,7635,production,0.595
7635,7636,production,0.5792
7636,7637,production,0.4809
7637,7638,production,0.4638
7638,7639,production,0.5236
7639,7640,production,0.4019
7640,7641,production,0.5358
7641,7642,production,0.625
7642,7643,production,0.4439
7643,7644,production,0.5562
7644,7645,production,0.5075
7645,7646,production,0.4503
7646,7647,production,0.4298
7647,7648,production,0.6085
7648,7649,production,0.6458
7649,7650,production,0.357
7650,7651,production,0.4835
7651,7652,production,0.4981
7652,7653,production,0.5343
7653,7654,production,0.6455
7654,7655,production,0.5271
7655,7656,production,0.541
7656,7657,production,0.5787
7657,7658,production,0.522
7658,7659,production,0.4779
7659,7660,production,0.6112
7660,7661,production,0.5134
7661,7662,production,0.5597
7662,7663,production,0.4782
7663,7664,production,0.5494
7664,7665,production,0.4361
7665,7666,production,0.5281
7666,7667,production,0.4583
7667,7668,production,0.5114
7668,7669,production,0.4454
7669,7670,production,0.607
7670,7671,production,0.5354
7671,7672,production,0.6442
7672,7673,production,0.6497
7673,7674,production,0.5767
7674,7675,production,0.4972
7675,7676,production,0.6328
7676,7677,production,0.4058
7677,7678,production,0.5837
7678,7679,production,0.6382
7679,7680,production,0.3841
7680,7681,production,0.576
7681,7682,production,0.5408
7682,7683,production,0.5769
7683,7684,production,0.5036
7684,7685,production,0.4143
7685,7686,production,0.4687
7686,7687,production,0.4562
7687,7688,production,0.5432
7688,7689,production,0.4724
7689,7690,production,0.5738
7690,7691,production,0.6106
7691,7692,production,0.4489
7692,7693,production,0.5053
7693,7694,production,0.5222
7694,7695,production,0.4536
7695,7696,production,0.6281
7696,7697,production,0.5126
7697,7698,production,0.4389
7698,7699,production,0.4853
7699,7700,production,0.5908
7700,7701,production,0.5106
7701,7702,production,0.5091
7702,7703,production,0.5427
7703,7704,production,0.4959
7704,7705,production,0.4972
7705,7706,production,0.624
7706,7707,production,0.4784
7707,7708,production,0.5438
7708,7709,production,0.4464
7709,7710,production,0.4558
7710,7711,production,0.4859
7711,7712,production,0.5537
7712,7713,production,0.4126
7713,7714,production,0.4865
7714,7715,production,0.5311
7715,7716,production,0.4408
7716,7717,production,0.4257
7717,7718,production,0.3608
7718,7719,production,0.5535
7719,7720,production,0.6034
7720,7721,production,0.5651
7721,7722,production,0.4528
7722,7723,production,0.5051
7723,7724,production,0.5141
7724,7725,production,0.5206
7725,7726,production,0.5426
7726,7727,production,0.538
7727,7728,production,0.4892
7728,7729,production,0.5265
7729,7730,production,0.4061
7730,7731,production,0.4897
7731,7732,production,0.5091
7732,7733,production,0.5209
7733,7734,production,0.5365
7734,7735,production,0.5844
7735,7736,production,0.4932
7736,7737,production,0.5822
7737,7738,production,0.4497
7738,7739,production,0.5962
7739,7740,production,0.5348
7740,7741,production,0.4922
7741,7742,production,0.4239
7742,7743,production,0.6382
7743,7744,production,0.5822
7744,7745,production,0.6359
7745,7746,production,0.4815
7746,7747,production,0.4288
7747,7748,production,0.4932
7748,7749,production,0.5312
7749,7750,production,0.6481
7750,7751,production,0.5552
7751,7752,production,0.4564
7752,7753,production,0.6052
7753,7754,production,0.5744
7754,7755,production,0.5911
7755,7756,production,0.477
7756,7757,production,0.5473
7757,7758,production,0.5728
7758,7759,production,0.3306
7759,7760,production,0.4719
7760,7761,production,0.5198
7761,7762,production,0.4713
7762,7763,production,0.4321
7763,7764,production,0.579
7764,7765,production,0.3656
7765,7766,production,0.6207
7766,7767,production,0.5834
7767,7768,production,0.6087
7768,7769,production,0.4285
7769,7770,production,0.4095
7770,7771,production,0.5268
7771,7772,production,0.373
7772,7773,production,0.4545
7773,7774,production,0.3865
7774,7775,production,0.5967
7775,7776,production,0.4452
7776,7777,production,0.518
7777,7778,production,0.61
7778,7779,production,0.4579
7779,7780,production,0.5468
7780,7781,production,0.3709
7781,7782,production,0.4907
7782,7783,production,0.4988
7783,7784,production,0.4726
7784,7785,production,0.5731
7785,7786,production,0.5247
7786,7787,production,0.5264
7787,7788,production,0.4512
7788,7789,production,0.4529
7789,7790,production,0.5207
7790,7791,production,0.4777
7791,7792,production,0.5633
7792,7793,production,0.4677
7793,7794,production,0.4644
7794,7795,production,0.5271
7795,7796,production,0.4317
7796,7797,production,0.4187
7797,7798,production,0.4951
7798,7799,production,0.5775
7799,7800,production,0.663
7800,7801,production,0.5106
7801,7802,production,0.5232
7802,7803,production,0.4748
7803,7804,production,0.547
7804,7805,production,0.6037
7805,7806,production,0.4664
7806,7807,production,0.5312
7807,7808,production,0.5349
7808,7809,production,0.451
7809,7810,production,0.451
7810,7811,production,0.4383
7811,7812,production,0.5781
7812,7813,production,0.6024
7813,7814,production,0.5723
7814,7815,production,0.5043
7815,7816,production,0.5645
7816,7817,production,0.6137
7817,7818,production,0.4818
7818,7819,production,0.506
7819,7820,production,0.5184
7820,7821,production,0.3904
7821,7822,production,0.5503
7822,7823,production,0.4849
7823,7824,production,0.4649
7824,7825,production,0.5572
7825,7826,production,0.4352
7826,7827,production,0.5214
7827,7828,production,0.5587
7828,7829,production,0.6195
7829,7830,production,0.4168
7830,7831,production,0.5188
7831,7832,production,0.5143
7832,7833,production,0.4836
7833,7834,production,0.5342
7834,7835,production,0.5564
7835,7836,production,0.5073
7836,7837,production,0.5383
7837,7838,production,0.5757
7838,7839,production,0.4066
7839,7840,production,0.4716
7840,7841,production,0.5609
7841,7842,production,0.5442
7842,7843,production,0.518
7843,7844,production,0.5307
7844,7845,production,0.5347
7845,7846,production,0.4961
7846,7847,production,0.6082
7847,7848,production,0.4961
7848,7849,production,0.4675
7849,7850,production,0.6124
7850,7851,production,0.436
7851,7852,production,0.4933
7852,7853,production,0.5308
7853,7854,production,0.5192
7854,7855,production,0.5113
7855,7856,production,0.5363
7856,7857,production,0.5477
7857,7858,production,0.4941
7858,7859,production,0.5792
7859,7860,production,0.6337
7860,7861,production,0.5499
7861,7862,production,0.5711
7862,7863,production,0.6216
7863,7864,production,0.4366
7864,7865,production,0.5389
7865,7866,production,0.5315
7866,7867,production,0.5588
7867,7868,production,0.5154
7868,7869,production,0.5692
7869,7870,production,0.5215
7870,7871,production,0.5246
7871,7872,production,0.499
7872,7873,production,0.4716
7873,7874,production,0.6012
7874,7875,production,0.507
7875,7876,production,0.5201
7876,7877,production,0.4205
7877,7878,production,0.5384
7878,7879,production,0.4927
7879,7880,production,0.4323
7880,7881,production,0.5238
7881,7882,production,0.5805
7882,7883,production,0.4848
7883,7884,production,0.5028
7884,7885,production,0.5419
7885,7886,production,0.379
7886,7887,production,0.4532
7887,7888,production,0.5579
7888,7889,production,0.4898
7889,7890,production,0.4637
7890,7891,production,0.4579
7891,7892,production,0.511
7892,7893,production,0.4486
7893,7894,production,0.4631
7894,7895,production,0.4848
7895,7896,production,0.4948
7896,7897,production,0.5386
7897,7898,production,0.5995
7898,7899,production,0.5511
7899,7900,production,0.4436
7900,7901,production,0.5651
7901,7902,production,0.5634
7902,7903,production,0.4156
7903,7904,production,0.5684
7904,7905,production,0.5758
7905,7906,production,0.5884
7906,7907,production,0.5732
7907,7908,production,0.6214
7908,7909,production,0.5326
7909,7910,production,0.506
7910,7911,production,0.3899
7911,7912,production,0.398
7912,7913,production,0.4674
7913,7914,production,0.5302
7914,7915,production,0.4956
7915,7916,production,0.5597
7916,7917,production,0.5008
7917,7918,production,0.4534
7918,7919,production,0.5159
7919,7920,production,0.4793
7920,7921,production,0.4221
7921,7922,production,0.5175
7922,7923,production,0.5768
7923,7924,production,0.532
7924,7925,production,0.5012
7925,7926,production,0.5059
7926,7927,production,0.5179
7927,7928,production,0.5084
7928,7929,production,0.5514
7929,7930,production,0.4632
7930,7931,production,0.49
7931,7932,production,0.6106
7932,7933,production,0.4538
7933,7934,production,0.3957
7934,7935,production,0.4531
7935,7936,production,0.5068
7936,7937,production,0.5687
7937,7938,production,0.4642
7938,7939,production,0.4591
7939,7940,production,0.5118
7940,7941,production,0.4955
7941,7942,production,0.5488
7942,7943,production,0.6183
7943,7944,production,0.5768
7944,7945,production,0.5015
7945,7946,production,0.4487
7946,7947,production,0.5956
7947,7948,production,0.5425
7948,7949,production,0.4704
7949,7950,production,0.4944
7950,7951,production,0.46
7951,7952,production,0.3933
7952,7953,production,0.5969
7953,7954,production,0.6463
7954,7955,production,0.3955
7955,7956,production,0.5864
7956,7957,production,0.5372
7957,7958,production,0.5106
7958,7959,production,0.5128
7959,7960,production,0.406
7960,7961,production,0.5322
7961,7962,production,0.4016
7962,7963,production,0.3859
7963,7964,production,0.5167
7964,7965,production,0.6358
7965,7966,production,0.5122
7966,7967,production,0.5497
7967,7968,production,0.5183
7968,7969,production,0.5397
7969,7970,production,0.5274
7970,7971,production,0.5461
7971,7972,production,0.3728
7972,7973,production,0.4837
7973,7974,production,0.5489
7974,7975,production,0.5128
7975,7976,production,0.5311
7976,7977,production,0.5773
7977,7978,production,0.62
7978,7979,production,0.4597
7979,7980,production,0.467
7980,7981,production,0.5404
7981,7982,production,0.4273
7982,7983,production,0.5266
7983,7984,production,0.5136
7984,7985,production,0.4751
7985,7986,production,0.3974
7986,7987,production,0.5787
7987,7988,production,0.4194
7988,7989,production,0.582
7989,7990,production,0.5107
7990,7991,production,0.5865
7991,7992,production,0.5885
7992,7993,production,0.5178
7993,7994,production,0.6041
7994,7995,production,0.5715
7995,7996,production,0.4901
7996,7997,production,0.4538
7997,7998,production,0.527
7998,7999,production,0.4777
7999,8000,production,0.49
8000,8001,production,0.3923
8001,8002,production,0.5731
8002,8003,production,0.4511
8003,8004,production,0.5279
8004,8005,production,0.5231
8005,8006,production,0.5833
8006,8007,production,0.539
8007,8008,production,0.5009
8008,8009,production,0.5952
8009,8010,production,0.4452
8010,8011,production,0.2849
8011,8012,production,0.5462
8012,8013,production,0.4978
8013,8014,production,0.6495
8014,8015,production,0.5258
8015,8016,production,0.5345
8016,8017,production,0.5071
8017,8018,production,0.5352
8018,8019,production,0.5817
8019,8020,production,0.4289
8020,8021,production,0.5102
8021,8022,production,0.3091
8022,8023,production,0.5425
8023,8024,production,0.5814
8024,8025,production,0.4902
8025,8026,production,0.5444
8026,8027,production,0.5779
8027,8028,production,0.5504
8028,8029,production,0.4949
8029,8030,production,0.3817
8030,8031,production,0.4694
8031,8032,production,0.4089
8032,8033,production,0.5187
8033,8034,production,0.5917
8034,8035,production,0.4733
8035,8036,production,0.4445
8036,8037,production,0.5102
8037,8038,production,0.4818
8038,8039,production,0.593
8039,8040,production,0.6094
8040,8041,production,0.3908
8041,8042,production,0.496
8042,8043,production,0.5267
8043,8044,production,0.5632
8044,8045,production,0.5404
8045,8046,production,0.5297
8046,8047,production,0.4498
8047,8048,production,0.5198
8048,8049,production,0.5762
8049,8050,production,0.5409
8050,8051,production,0.4373
8051,8052,production,0.5634
8052,8053,production,0.4204
8053,8054,production,0.4958
8054,8055,production,0.532
8055,8056,production,0.5342
8056,8057,production,0.5047
8057,8058,production,0.5454
8058,8059,production,0.5038
8059,8060,production,0.5351
8060,8061,production,0.4586
8061,8062,production,0.5974
8062,8063,production,0.5126
8063,8064,production,0.4897
8064,8065,production,0.5104
8065,8066,production,0.5542
8066,8067,production,0.5538
8067,8068,production,0.5417
8068,8069,production,0.5695
8069,8070,production,0.6214
8070,8071,production,0.4744
8071,8072,production,0.5485
8072,8073,production,0.4541
8073,8074,production,0.5431
8074,8075,production,0.5131
8075,8076,production,0.5538
8076,8077,production,0.5908
8077,8078,production,0.5466
8078,8079,production,0.4877
8079,8080,production,0.4998
8080,8081,production,0.5223
8081,8082,production,0.5053
8082,8083,production,0.5657
8083,8084,production,0.4927
8084,8085,production,0.5748
8085,8086,production,0.4714
8086,8087,production,0.5049
8087,8088,production,0.5791
8088,8089,production,0.5509
8089,8090,production,0.5134
8090,8091,production,0.5556
8091,8092,production,0.5149
8092,8093,production,0.5631
8093,8094,production,0.5153
8094,8095,production,0.5324
8095,8096,production,0.5379
8096,8097,production,0.4088
8097,8098,production,0.5204
8098,8099,production,0.4506
8099,8100,production,0.5743
8100,8101,production,0.5855
8101,8102,production,0.508
8102,8103,production,0.457
8103,8104,production,0.4023
8104,8105,production,0.4701
8105,8106,production,0.4173
8106,8107,production,0.4603
8107,8108,production,0.4993
8108,8109,production,0.4172
8109,8110,production,0.4505
8110,8111,production,0.4273
8111,8112,production,0.4275
8112,8113,production,0.4367
8113,8114,production,0.4358
8114,8115,production,0.4574
8115,8116,production,0.4225
8116,8117,production,0.444
8117,8118,production,0.4184
8118,8119,production,0.4308
8119,8120,production,0.4116
8120,8121,production,0.3882
8121,8122,production,0.4128
8122,8123,production,0.4259
8123,8124,production,0.434
8124,8125,production,0.4195
8125,8126,production,0.4455
8126,8127,production,0.4166
8127,8128,production,0.4397
8128,8129,production,0.5012
8129,8130,production,0.4568
8130,8131,production,0.4699
8131,8132,production,0.454
8132,8133,production,0.4268
8133,8134,production,0.5221
8134,8135,production,0.5974
8135,8136,production,0.4767
8136,8137,production,0.4171
8137,8138,production,0.5861
8138,8139,production,0.4994
8139,8140,production,0.5107
8140,8141,production,0.4575
8141,8142,production,0.6832
8142,8143,production,0.4887
8143,8144,production,0.4862
8144,8145,production,0.4788
8145,8146,production,0.4986
8146,8147,production,0.525
8147,8148,production,0.6706
8148,8149,production,0.4464
8149,8150,production,0.5304
8150,8151,production,0.5561
8151,8152,production,0.5577
8152,8153,production,0.4227
8153,8154,production,0.5236
8154,8155,production,0.5163
8155,8156,production,0.6316
8156,8157,production,0.5171
8157,8158,production,0.5069
8158,8159,production,0.4263
8159,8160,production,0.5711
8160,8161,production,0.5677
8161,8162,production,0.6667
8162,8163,production,0.5757
8163,8164,production,0.6281
8164,8165,production,0.5182
8165,8166,production,0.5375
8166,8167,production,0.5182
8167,8168,production,0.5264
8168,8169,production,0.5207
8169,8170,production,0.5356
8170,8171,production,0.5079
8171,8172,production,0.5031
8172,8173,production,0.5481
8173,8174,production,0.4988
8174,8175,production,0.5365
8175,8176,production,0.4819
8176,8177,production,0.5325
8177,8178,production,0.5279
8178,8179,production,0.5848
8179,8180,production,0.535
8180,8181,production,0.5449
8181,8182,production,0.4762
8182,8183,production,0.5591
8183,8184,production,0.6072
8184,8185,production,0.5549
8185,8186,production,0.595
8186,8187,production,0.5565
8187,8188,production,0.5689
8188,8189,production,0.6698
8189,8190,production,0.5177
8190,8191,production,0.5096
8191,8192,production,0.5475
8192,8193,production,0.6034
8193,8194,production,0.5213
8194,8195,production,0.5457
8195,8196,production,0.554
8196,8197,production,0.5459
8197,8198,production,0.5788
8198,8199,production,0.5919
8199,8200,production,0.6117
8200,8201,production,0.5814
8201,8202,production,0.5297
8202,8203,production,0.5585
8203,8204,production,0.5256
8204,8205,production,0.5412
8205,8206,production,0.5082
8206,8207,production,0.5906
8207,8208,production,0.4971
8208,8209,production,0.4744
8209,8210,production,0.4933
8210,8211,production,0.5431
8211,8212,production,0.4966
8212,8213,production,0.495
8213,8214,production,0.4792
8214,8215,production,0.5366
8215,8216,production,0.5849
8216,8217,production,0.5519
8217,8218,production,0.5331
8218,8219,production,0.5041
8219,8220,production,0.4773
8220,8221,production,0.4695
8221,8222,production,0.4895
8222,8223,production,0.5243
8223,8224,production,0.5199
8224,8225,production,0.5364
8225,8226,production,0.5302
8226,8227,production,0.4939
8227,8228,production,0.5608
8228,8229,production,0.4715
8229,8230,production,0.5154
8230,8231,production,0.5547
8231,8232,production,0.5455
8232,8233,production,0.4909
8233,8234,production,0.5502
8234,8235,production,0.546
8235,8236,production,0.5122
8236,8237,production,0.4856
8237,8238,production,0.4988
8238,8239,production,0.5368
8239,8240,production,0.4773
8240,8241,production,0.5004
8241,8242,production,0.4785
8242,8243,production,0.5279
8243,8244,production,0.5307
8244,8245,production,0.5467
8245,8246,production,0.5417
8246,8247,production,0.5031
8247,8248,production,0.4752
8248,8249,production,0.5062
8249,8250,production,0.4636
8250,8251,production,0.5356
8251,8252,production,0.5518
8252,8253,production,0.4557
8253,8254,production,0.5412
8254,8255,production,0.5222
8255,8256,production,0.5031
8256,8257,production,0.4911
8257,8258,production,0.4542
8258,8259,production,0.4734
8259,8260,production,0.5418
8260,8261,production,0.586
8261,8262,production,0.5467
8262,8263,production,0.5348
8263,8264,production,0.5151
8264,8265,production,0.4591
8265,8266,production,0.4638
8266,8267,production,0.5307
8267,8268,production,0.5287
8268,8269,production,0.4962
8269,8270,production,0.5074
8270,8271,production,0.5308
8271,8272,production,0.5307
8272,8273,production,0.6832
8273,8274,production,0.2902
8274,8275,production,0.3901
8275,8276,production,0.0
8276,8277,production,0.4867
8277,8278,production,0.4998
8278,8279,production,0.4985
8279,8280,production,0.5123
8280,8281,production,0.517
8281,8282,production,0.5101
8282,8283,production,0.4501
8283,8284,production,0.0
8284,8285,production,0.0
8285,8286,production,0.0
8286,8287,production,0.0
8287,8288,production,0.0
8288,8289,production,0.0
8289,8290,production,0.0
8290,8291,production,0.0
8291,8292,production,0.0
8292,8293,production,0.0
8293,8294,production,0.0
8294,8295,production,0.0
8295,8296,production,0.0
8296,8297,production,0.0
8297,8298,production,0.0
8298,8299,production,0.0
8299,8300,production,0.0
8300,8301,production,0.0
8301,8302,production,0.0
8302,8303,production,0.0
8303,8304,production,0.0
8304,8305,production,0.0
8305,8306,production,0.0
8306,8307,production,0.0
8307,8308,production,0.0
8308,8309,production,0.0
8309,8310,production,0.0
8310,8311,production,0.0
8311,8312,production,0.0
8312,8313,production,0.0
8313,8314,production,0.0
8314,8315,production,0.0
8315,8316,production,0.0
8316,8317,production,0.0
8317,8318,production,0.0
8318,8319,production,0.0
8319,8320,production,0.0
8320,8321,production,0.0
8321,8322,production,0.0
8322,8323,production,0.0
8323,8324,production,0.0
8324,8325,production,0.0
8325,8326,production,0.0
8326,8327,production,0.0
8327,8328,production,0.0
8328,8329,production,0.0
8329,8330,production,0.0
8330,8331,production,0.0
8331,8332,production,0.0
8332,8333,production,0.0
8333,8334,production,0.0
8334,8335,production,0.0
8335,8336,production,0.0
8336,8337,production,0.0
8337,8338,production,0.0
8338,8339,production,0.0
8339,8340,production,0.0
8340,8341,production,0.0
8341,8342,production,0.0
8342,8343,production,0.0
8343,8344,production,0.0
8344,8345,production,0.0
8345,8346,production,0.0
8346,8347,production,0.0
8347,8348,production,0.0
8348,8349,production,0.0
8349,8350,production,0.0
8350,8351,production,0.0
8351,8352,production,0.0
8352,8353,production,0.0
8353,8354,production,0.0
8354,8355,production,0.0
8355,8356,production,0.0
8356,8357,production,0.0
8357,8358,production,0.0
8358,8359,production,0.0
8359,8360,production,0.0
8360,8361,production,0.0
8361,8362,production,0.0
8362,8363,production,0.6285
8363,8364,production,0.6288
8364,8365,production,0.6094
8365,8366,production,0.6489
8366,8367,production,0.6459
8367,8368,production,0.643
8368,8369,production,0.567
8369,8370,production,0.5634
8370,8371,production,0.5611
8371,8372,production,0.4416
8372,8373,production,0.4977
8373,8374,production,0.4982
8374,8375,production,0.5294
8375,8376,production,0.5563
8376,8377,production,0.5268
8377,8378,production,0.3968
8378,8379,production,0.3931
8379,8380,production,0.3982
8380,8381,production,0.3779
8381,8382,production,0.3798
8382,8383,production,0.3672
8383,8384,production,0.4158
8384,8385,production,0.4004
8385,8386,production,0.41
8386,8387,production,0.6015
8387,8388,production,0.612
8388,8389,production,0.6016
8389,8390,production,0.5328
8390,8391,production,0.5166
8391,8392,production,0.5006
8392,8393,production,0.5981
8393,8394,production,0.6023
8394,8395,production,0.5983
8395,8396,production,0.394
8396,8397,production,0.3822
8397,8398,production,0.4106
8398,8399,production,0.3347
8399,8400,production,0.3243
8400,8401,production,0.3969
8401,8402,production,0.4253
8402,8403,production,0.4199
8403,8404,production,0.4207
8404,8405,production,0.5806
8405,8406,production,0.5922
8406,8407,production,0.5978
8407,8408,production,0.5052
8408,8409,production,0.504
8409,8410,production,0.5077
8410,8411,production,0.5022
8411,8412,production,0.5091
8412,8413,production,0.5067
8413,8414,production,0.4498
8414,8415,production,0.4505
8415,8416,production,0.4637
8416,8417,production,0.5125
8417,8418,production,0.5049
8418,8419,production,0.5209
8419,8420,production,0.4759
8420,8421,production,0.4726
8421,8422,production,0.4775
8422,8423,production,0.463
8423,8424,production,0.4555
8424,8425,production,0.4574
8425,8426,production,0.3923
8426,8427,production,0.3491
8427,8428,production,0.3487
8428,8429,production,0.4433
8429,8430,production,0.4309
8430,8431,production,0.4429
8431,8432,production,0.5744
8432,8433,production,0.5837
8433,8434,production,0.57
8434,8435,production,0.7092
8435,8436,production,0.7005
8436,8437,production,0.7092
8437,8438,production,0.2033
8438,8439,production,0.2036
8439,8440,production,0.2016
8440,8441,production,0.4626
8441,8442,production,0.4635
8442,8443,production,0.4561
8443,8444,production,0.2213
8444,8445,production,0.2235
8445,8446,production,0.2407
8446,8447,production,0.4793
8447,8448,production,0.4845
8448,8449,production,0.4894
8449,8450,production,0.4948
8450,8451,production,0.483
8451,8452,production,0.4993
8452,8453,production,0.3602
8453,8454,production,0.377
8454,8455,production,0.3738
8455,8456,production,0.3246
8456,8457,production,0.3312
8457,8458,production,0.3992
8458,8459,production,0.3311
8459,8460,production,0.3324
8460,8461,production,0.3331
8461,8462,production,0.0
8462,8463,production,0.0
8463,8464,production,0.0
8464,8465,production,0.0
8465,8466,production,0.0
8466,8467,production,0.0
8467,8468,production,0.0
8468,8469,production,0.0
8469,8470,production,0.0
8470,8471,production,0.0
8471,8472,production,0.0
8472,8473,production,0.0
8473,8474,production,0.0
8474,8475,production,0.0
8475,8476,production,0.0
8476,8477,production,0.0
8477,8478,production,0.0
8478,8479,production,0.0
8479,8480,production,0.0
8480,8481,production,0.0
8481,8482,production,0.0
8482,8483,production,0.0
8483,8484,production,0.0
8484,8485,production,0.0
8485,8486,production,0.0
8486,8487,production,0.0
8487,8488,production,0.0
8488,8489,production,0.0
8489,8490,production,0.0
8490,8491,production,0.0
8491,8492,production,0.0
8492,8493,production,0.0
8493,8494,production,0.0
8494,8495,production,0.0
8495,8496,production,0.0
8496,8497,production,0.0
8497,8498,production,0.0
8498,8499,production,0.0
8499,8500,production,0.0
8500,8501,production,0.0
8501,8502,production,0.0
8502,8503,production,0.0
8503,8504,production,0.0
8504,8505,production,0.0
8505,8506,production,0.0
8506,8507,production,0.0
8507,8508,production,0.0
8508,8509,production,0.0
8509,8510,production,0.0
8510,8511,production,0.0
8511,8512,production,0.0
8512,8513,production,0.0
8513,8514,production,0.0
8514,8515,production,0.0
8515,8516,production,0.0
8516,8517,production,0.0
8517,8518,production,0.0
8518,8519,production,0.0
8519,8520,production,0.0
8520,8521,production,0.0
8521,8522,production,0.0
8522,8523,production,0.0
8523,8524,production,0.0
8524,8525,production,0.0
8525,8526,production,0.0
8526,8527,production,0.0
8527,8528,production,0.0
8528,8529,production,0.0
8529,8530,production,0.0
8530,8531,production,0.0
8531,8532,production,0.0
8532,8533,production,0.0
8533,8534,production,0.0
8534,8535,production,0.0
8535,8536,production,0.0
8536,8537,production,0.0
8537,8538,production,0.0
8538,8539,production,0.0
8539,8540,production,0.0
8540,8541,production,0.0
8541,8542,production,0.0
8542,8543,production,0.0
8543,8544,production,0.0
8544,8545,production,0.0
8545,8546,production,0.0
8546,8547,production,0.0
8547,8548,production,0.0
8548,8549,production,0.0
8549,8550,production,0.0
8550,8551,production,0.0
8551,8552,production,0.0
8552,8553,production,0.0
8553,8554,production,0.0
8554,8555,production,0.0
8555,8556,production,0.0
8556,8557,production,0.0
8557,8558,production,0.0
8558,8559,production,0.0
8559,8560,production,0.0
8560,8561,production,0.0
8561,8562,production,0.0
8562,8563,production,0.0
8563,8564,production,0.0
8564,8565,production,0.0
8565,8566,production,0.0
8566,8567,production,0.0
8567,8568,production,0.0
8568,8569,production,0.0
8569,8570,production,0.0
8570,8571,production,0.0
8571,8572,production,0.0
8572,8573,production,0.0
8573,8574,production,0.0
8574,8575,production,0.0
8575,8576,production,0.0
8576,8577,production,0.0
8577,8578,production,0.0
8578,8579,production,0.0
8579,8580,production,0.0
8580,8581,production,0.0
8581,8582,production,0.0
8582,8583,production,0.0
8583,8584,production,0.0
8584,8585,production,0.0
8585,8586,production,0.0
8586,8587,production,0.0
8587,8588,production,0.0
8588,8589,production,0.0
8589,8590,production,0.0
8590,8591,production,0.0
8591,8592,production,0.0
8592,8593,production,0.0
8593,8594,production,0.0
8594,8595,production,0.0
8595,8596,production,0.0
8596,8597,production,0.0
8597,8598,production,0.0
8598,8599,production,0.0
8599,8600,production,0.0
8600,8601,production,0.0
8601,8602,production,0.0
8602,8603,production,0.0
8603,8604,production,0.0
8604,8605,production,0.0
8605,8606,production,0.0
8606,8607,production,0.0
8607,8608,production,0.0
8608,8609,production,0.0
8609,8610,production,0.0
8610,8611,production,0.0
8611,8612,production,0.0
8612,8613,production,0.0
8613,8614,production,0.0
8614,8615,production,0.0
8615,8616,production,0.0
8616,8617,production,0.0
8617,8618,production,0.0
8618,8619,production,0.0
8619,8620,production,0.0
8620,8621,production,0.0
8621,8622,production,0.0
8622,8623,production,0.0
8623,8624,production,0.0
8624,8625,production,0.0
8625,8626,production,0.0
8626,8627,production,0.0
8627,8628,production,0.0
8628,8629,production,0.0
8629,8630,production,0.0
8630,8631,production,0.0
8631,8632,production,0.0
8632,8633,production,0.0
8633,8634,production,0.0
8634,8635,production,0.0
8635,8636,production,0.0
8636,8637,production,0.0
8637,8638,production,0.0
8638,8639,production,0.0
8639,8640,production,0.0
8640,8641,production,0.0
8641,8642,production,0.0
8642,8643,production,0.0
8643,8644,production,0.0
8644,8645,production,0.0
8645,8646,production,0.0
8646,8647,production,0.0
8647,8648,production,0.0
8648,8649,production,0.0
8649,8650,production,0.0
8650,8651,production,0.0
8651,8652,production,0.0
8652,8653,production,0.0
8653,8654,production,0.0
8654,8655,production,0.0
8655,8656,production,0.0
8656,8657,production,0.0
8657,8658,production,0.0
8658,8659,production,0.0
8659,8660,production,0.0
8660,8661,production,0.0
8661,8662,production,0.0
8662,8663,production,0.0
8663,8664,production,0.0
8664,8665,production,0.0
8665,8666,production,0.0
8666,8667,production,0.0
8667,8668,production,0.0
8668,8669,production,0.0
8669,8670,production,0.0
8670,8671,production,0.0
8671,8672,production,0.0
8672,8673,production,0.0
8673,8674,production,0.0
8674,8675,production,0.0
8675,8676,production,0.0
8676,8677,production,0.0
8677,8678,production,0.0
8678,8679,production,0.0
8679,8680,production,0.0
8680,8681,production,0.0
8681,8682,production,0.0
8682,8683,production,0.0
8683,8684,production,0.0
8684,8685,production,0.0
8685,8686,production,0.0
8686,8687,production,0.0
8687,8688,production,0.0
8688,8689,production,0.0
8689,8690,production,0.0
8690,8691,production,0.0
8691,8692,production,0.0
8692,8693,production,0.0
8693,8694,production,0.0
8694,8695,production,0.0
8695,8696,production,0.0
8696,8697,production,0.0
8697,8698,production,0.0
8698,8699,production,0.0
8699,8700,production,0.0
8700,8701,production,0.0
8701,8702,production,0.0
8702,8703,production,0.0
8703,8704,production,0.0
8704,8705,production,0.0
8705,8706,production,0.0
8706,8707,production,0.0
8707,8708,production,0.0
8708,8709,production,0.0
8709,8710,production,0.0
8710,8711,production,0.0
8711,8712,production,0.0
8712,8713,production,0.0
8713,8714,production,0.0
8714,8715,production,0.0
8715,8716,production,0.0
8716,8717,production,0.0
8717,8718,production,0.0
8718,8719,production,0.0
8719,8720,production,0.0
8720,8721,production,0.0
8721,8722,production,0.0
8722,8723,production,0.0
8723,8724,production,0.0
8724,8725,production,0.0
8725,8726,production,0.0
8726,8727,production,0.0
8727,8728,production,0.0
8728,8729,production,0.0
8729,8730,production,0.0
8730,8731,production,0.0
8731,8732,production,0.0
8732,8733,production,0.0
8733,8734,production,0.0
8734,8735,production,0.0
8735,8736,production,0.0
8736,8737,production,0.0
8737,8738,production,0.0
8738,8739,production,0.0
8739,8740,production,0.0
8740,8741,production,0.0
8741,8742,production,0.0
8742,8743,production,0.0
8743,8744,production,0.0
8744,8745,production,0.0
8745,8746,production,0.0
8746,8747,production,0.0
8747,8748,production,0.0
8748,8749,production,0.0
8749,8750,production,0.0
8750,8751,production,0.0
8751,8752,production,0.0
8752,8753,production,0.0
8753,8754,production,0.0
8754,8755,production,0.0
8755,8756,production,0.0
8756,8757,production,0.0
8757,8758,production,0.0
8758,8759,production,0.0
8759,8760,production,0.0
8760,8761,production,0.0
8761,8762,production,0.0
8762,8763,production,0.0
8763,8764,production,0.0
8764,8765,production,0.0
8765,8766,production,0.0
8766,8767,production,0.0
8767,8768,production,0.0
8768,8769,production,0.0
8769,8770,production,0.0
8770,8771,production,0.0
8771,8772,production,0.0
8772,8773,production,0.0
8773,8774,production,0.0
8774,8775,production,0.0
8775,8776,production,0.0
8776,8777,production,0.0
8777,8778,production,0.0
8778,8779,production,0.0
8779,8780,production,0.0
8780,8781,production,0.0
8781,8782,production,0.0
8782,8783,production,0.0
8783,8784,production,0.0
8784,8785,production,0.0
8785,8786,production,0.0
8786,8787,production,0.0
8787,8788,production,0.0
8788,8789,production,0.0
8789,8790,production,0.0
8790,8791,production,0.0
8791,8792,production,0.0
8792,8793,production,0.0
8793,8794,production,0.0
8794,8795,production,0.0
8795,8796,production,0.0
8796,8797,production,0.0
8797,8798,production,0.0
8798,8799,production,0.0
8799,8800,production,0.0
8800,8801,production,0.0
8801,8802,production,0.0
8802,8803,production,0.0
8803,8804,production,0.0
8804,8805,production,0.0
8805,8806,production,0.0
8806,8807,production,0.0
8807,8808,production,0.0
8808,8809,production,0.0
8809,8810,production,0.0
8810,8811,production,0.0
8811,8812,production,0.0
8812,8813,production,0.0
8813,8814,production,0.0
8814,8815,production,0.0
8815,8816,production,0.0
8816,8817,production,0.0
8817,8818,production,0.0
8818,8819,production,0.0
8819,8820,production,0.0
8820,8821,production,0.0
8821,8822,production,0.0
8822,8823,production,0.0
8823,8824,production,0.0
8824,8825,production,0.0
8825,8826,production,0.0
8826,8827,production,0.0
8827,8828,production,0.0
8828,8829,production,0.0
8829,8830,production,0.0
8830,8831,production,0.0
8831,8832,production,0.0
8832,8833,production,0.0
8833,8834,production,0.0
8834,8835,production,0.0
8835,8836,production,0.0
8836,8837,production,0.0
8837,8838,production,0.0
8838,8839,production,0.0
8839,8840,production,0.0
8840,8841,production,0.0
8841,8842,production,0.0
8842,8843,production,0.0
8843,8844,production,0.0
8844,8845,production,0.0
8845,8846,production,0.0
8846,8847,production,0.0
8847,8848,production,0.0
8848,8849,production,0.0
8849,8850,production,0.0
8850,8851,production,0.0
8851,8852,production,0.0
8852,8853,production,0.0
8853,8854,production,0.0
8854,8855,production,0.0
8855,8856,production,0.0
8856,8857,production,0.0
8857,8858,production,0.0
8858,8859,production,0.0
8859,8860,production,0.0
8860,8861,production,0.0
8861,8862,production,0.0
8862,8863,production,0.0
8863,8864,production,0.0
8864,8865,production,0.0
8865,8866,production,0.0
8866,8867,production,0.0
8867,8868,production,0.0
8868,8869,production,0.0
8869,8870,production,0.0
8870,8871,production,0.0
8871,8872,production,0.0
8872,8873,production,0.0
8873,8874,production,0.0
8874,8875,production,0.0
8875,8876,production,0.0
8876,8877,production,0.0
8877,8878,production,0.0
8878,8879,production,0.0
8879,8880,production,0.0
8880,8881,production,0.0
8881,8882,production,0.0
8882,8883,production,0.0
8883,8884,production,0.0
8884,8885,production,0.0
8885,8886,production,0.0
8886,8887,production,0.0
8887,8888,production,0.0
8888,8889,production,0.0
8889,8890,production,0.0
8890,8891,production,0.0
8891,8892,production,0.0
8892,8893,production,0.0
8893,8894,production,0.0
8894,8895,production,0.0
8895,8896,production,0.0
8896,8897,production,0.0
8897,8898,production,0.0
8898,8899,production,0.0
8899,8900,production,0.0
8900,8901,production,0.0
8901,8902,production,0.0
8902,8903,production,0.0
8903,8904,production,0.0
8904,8905,production,0.0
8905,8906,production,0.0
8906,8907,production,0.0
8907,8908,production,0.0
8908,8909,production,0.0
8909,8910,production,0.0
8910,8911,production,0.0
8911,8912,production,0.0
8912,8913,production,0.0
8913,8914,production,0.0
8914,8915,production,0.0
8915,8916,production,0.0
8916,8917,production,0.4888
8917,8918,production,0.4757
8918,8919,production,0.485
8919,8920,production,0.4267
8920,8921,production,0.4888
8921,8922,production,0.4757
8922,8923,production,0.485
8923,8924,production,0.4267
8924,8925,production,0.4888
8925,8926,production,0.4757
8926,8927,production,0.485
8927,8928,production,0.4267
8928,8929,production,0.4888
8929,8930,production,0.4757
8930,8931,production,0.485
8931,8932,production,0.4267
8932,8933,production,0.4888
8933,8934,production,0.4757
8934,8935,production,0.485
8935,8936,production,0.4267
8936,8937,production,0.4888
8937,8938,production,0.4757
8938,8939,production,0.485
8939,8940,production,0.4267
8940,8941,production,0.4888
8941,8942,production,0.4757
8942,8943,production,0.485
8943,8944,production,0.4267
8944,8945,production,0.4888
8945,8946,production,0.4757
8946,8947,production,0.485
8947,8948,production,0.4267
8948,8949,production,0.4888
8949,8950,production,0.4757
8950,8951,production,0.485
8951,8952,production,0.4267
8952,8953,production,0.4888
8953,8954,production,0.4757
8954,8955,production,0.485
8955,8956,production,0.4267
8956,8957,production,0.4888
8957,8958,production,0.4757
8958,8959,production,0.485
8959,8960,production,0.4267
8960,8961,production,0.4888
8961,8962,production,0.4757
8962,8963,production,0.485
8963,8964,production,0.4267
8964,8965,production,0.4888
8965,8966,production,0.4757
8966,8967,production,0.485
8967,8968,production,0.4267
8968,8969,production,0.4888
8969,8970,production,0.4757
8970,8971,production,0.485
8971,8972,production,0.4267
8972,8973,production,0.4888
8973,8974,production,0.4757
8974,8975,production,0.485
8975,8976,production,0.4267
8976,8977,production,0.4888
8977,8978,production,0.4757
8978,8979,production,0.485
8979,8980,production,0.4267
8980,8981,production,0.4888
8981,8982,production,0.4757
8982,8983,production,0.4888
8983,8984,production,0.4757
8984,8985,production,0.4888
8985,8986,production,0.4757
8986,8987,production,0.4888
8987,8988,production,0.4888
8988,8989,production,0.4888
8989,8990,production,0.4888
8990,8991,production,0.4888
8991,8992,production,0.4888
8992,8993,production,0.4888
8993,8994,production,0.4888
8994,8995,production,0.467
8995,8996,production,0.4861
8996,8997,production,0.4924
8997,8998,production,0.4928
8998,8999,production,0.4726
8999,9000,production,0.4711
9000,9001,production,0.5058
9001,9002,production,0.4842
9002,9003,production,0.4868
9003,9004,production,0.476
9004,9005,production,0.4928
9005,9006,production,0.4965
9006,9007,production,0.4808
9007,9008,production,0.4797
9008,9009,production,0.4823
9009,9010,production,0.4894
9010,9011,production,0.4965
9011,9012,production,0.5017
9012,9013,production,0.4823
9013,9014,production,0.5058
9014,9015,production,0.4711
9015,9016,production,0.4764
9016,9017,production,0.4756
9017,9018,production,0.4805
9018,9019,production,0.4764
9019,9020,production,0.4719
9020,9021,production,0.4678
9021,9022,production,0.4782
9022,9023,production,0.4808
9023,9024,production,0.4969
9024,9025,production,0.5017
9025,9026,production,0.4689
9026,9027,production,0.4857
9027,9028,production,0.4969
9028,9029,production,0.4812
9029,9030,production,0.473
9030,9031,production,0.4745
9031,9032,production,0.4779
9032,9033,production,0.4958
9033,9034,production,0.4958
9034,9035,production,0.4267
9035,9036,production,0.4248
9036,9037,production,0.4308
9037,9038,production,0.4356
9038,9039,production,0.4256
9039,9040,production,0.4163
9040,9041,production,0.4204
9041,9042,production,0.4342
9042,9043,production,0.411
9043,9044,production,0.4204
9044,9045,production,0.4491
9045,9046,production,0.4461
9046,9047,production,0.426
9047,9048,production,0.4207
9048,9049,production,0.4427
9049,9050,production,0.4263
9050,9051,production,0.4297
9051,9052,production,0.4178
9052,9053,production,0.4248
9053,9054,production,0.4215
9054,9055,production,0.4129
9055,9056,production,0.4189
9056,9057,production,0.4356
9057,9058,production,0.4084
9058,9059,production,0.4066
9059,9060,production,0.4207
9060,9061,production,0.439
9061,9062,production,0.4271
9062,9063,production,0.4356
9063,9064,production,0.4342
9064,9065,production,0.4066
9065,9066,production,0.445
9066,9067,production,0.423
9067,9068,production,0.4256
9068,9069,production,0.4353
9069,9070,production,0.4338
9070,9071,production,0.4241
9071,9072,production,0.4181
9072,9073,production,0.4144
9073,9074,production,0.4222
9074,9075,production,0.4701
9075,9076,production,0.4585
9076,9077,production,0.4623
9077,9078,production,0.4645
9078,9079,production,0.4843
9079,9080,production,0.4701
9080,9081,production,0.4854
9081,9082,production,0.4716
9082,9083,production,0.4693
9083,9084,production,0.5007
9084,9085,production,0.4813
9085,9086,production,0.4749
9086,9087,production,0.4701
9087,9088,production,0.4738
9088,9089,production,0.4708
9089,9090,production,0.4634
9090,9091,production,0.4708
9091,9092,production,0.4857
9092,9093,production,0.4768
9093,9094,production,0.4708
9094,9095,production,0.4802
9095,9096,production,0.4697
9096,9097,production,0.4604
9097,9098,production,0.4708
9098,9099,production,0.4746
9099,9100,production,0.4664
9100,9101,production,0.4645
9101,9102,production,0.4544
9102,9103,production,0.4746
9103,9104,production,0.4727
9104,9105,production,0.4757
9105,9106,production,0.4757
9106,9107,production,0.4723
9107,9108,production,0.4544
9108,9109,production,0.4719
9109,9110,production,0.463
9110,9111,production,0.4757
9111,9112,production,0.4869
9112,9113,production,0.4611
9113,9114,production,0.4854
9114,9115,production,0.4841
9115,9116,production,0.496
9116,9117,production,0.5065
9117,9118,production,0.4908
9118,9119,production,0.505
9119,9120,production,0.48
9120,9121,production,0.5012
9121,9122,production,0.4778
9122,9123,production,0.4901
9123,9124,production,0.486
9124,9125,production,0.4901
9125,9126,production,0.5027
9126,9127,production,0.5095
9127,9128,production,0.5046
9128,9129,production,0.4856
9129,9130,production,0.4897
9130,9131,production,0.4904
9131,9132,production,0.5046
9132,9133,production,0.5031
9133,9134,production,0.4878
9134,9135,production,0.4822
9135,9136,production,0.4964
9136,9137,production,0.4882
9137,9138,production,0.4878
9138,9139,production,0.5076
9139,9140,production,0.4986
9140,9141,production,0.5232
9141,9142,production,0.4904
9142,9143,production,0.4938
9143,9144,production,0.4889
9144,9145,production,0.4826
9145,9146,production,0.5121
9146,9147,production,0.4778
9147,9148,production,0.4778
9148,9149,production,0.5012
9149,9150,production,0.4901
9150,9151,production,0.4867
9151,9152,production,0.4893
9152,9153,production,0.4834
9153,9154,production,0.4893
9154,9155,production,0.5065
9155,9156,production,0.4897
9156,9157,production,0.4778
9157,9158,production,0.5132
9158,9159,production,0.4994
9159,9160,production,0.4878
9160,9161,production,0.4763
9161,9162,production,0.4792
9162,9163,production,0.4673
9163,9164,production,0.4651
9164,9165,production,0.4763
9165,9166,production,0.483
9166,9167,production,0.4584
9167,9168,production,0.4796
9168,9169,production,0.4774
9169,9170,production,0.4651
9170,9171,production,0.4699
9171,9172,production,0.4595
9172,9173,production,0.4658
9173,9174,production,0.4923
9174,9175,production,0.4602
9175,9176,production,0.4725
9176,9177,production,0.493
9177,9178,production,0.4841
9178,9179,production,0.474
9179,9180,production,0.4625
9180,9181,production,0.4632
9181,9182,production,0.4714
9182,9183,production,0.4584
9183,9184,production,0.4684
9184,9185,production,0.4584
9185,9186,production,0.4852
9186,9187,production,0.5068
9187,9188,production,0.4845
9188,9189,production,0.4584
9189,9190,production,0.4759
9190,9191,production,0.4692
9191,9192,production,0.4897
9192,9193,production,0.4766
9193,9194,production,0.4766
9194,9195,production,0.4669
9195,9196,production,0.4908
9196,9197,production,0.4584
9197,9198,production,0.4662
9198,9199,production,0.4778
9199,9200,production,0.4602
9200,9201,production,0.4598
9201,9202,production,0.4539
9202,9203,production,0.4684
9203,9204,production,0.4688
9204,9205,production,0.4539
9205,9206,production,0.4602
9206,9207,production,0.4688
9207,9208,production,0.4654
9208,9209,production,0.4863
9209,9210,production,0.4662
9210,9211,production,0.4617
9211,9212,production,0.4665
9212,9213,production,0.4792
9213,9214,production,0.4684
9214,9215,production,0.4848
9215,9216,production,0.4796
9216,9217,production,0.4568
9217,9218,production,0.4587
9218,9219,production,0.4829
9219,9220,production,0.4699
9220,9221,production,0.4807
9221,9222,production,0.4635
9222,9223,production,0.4647
9223,9224,production,0.4665
9224,9225,production,0.4911
9225,9226,production,0.471
9226,9227,production,0.4621
9227,9228,production,0.4829
9228,9229,production,0.4557
9229,9230,production,0.4695
9230,9231,production,0.4781
9231,9232,production,0.48
9232,9233,production,0.468
9233,9234,production,0.4714
9234,9235,production,0.4788
9235,9236,production,0.4878
9236,9237,production,0.4587
9237,9238,production,0.4628
9238,9239,production,0.471
9239,9240,production,0.4654
9240,9241,production,0.4583
9241,9242,production,0.4721
9242,9243,production,0.4841
9243,9244,production,0.4635
9244,9245,production,0.3897
9245,9246,production,0.421
9246,9247,production,0.4028
9247,9248,production,0.405
9248,9249,production,0.3946
9249,9250,production,0.3901
9250,9251,production,0.4113
9251,9252,production,0.3931
9252,9253,production,0.4214
9253,9254,production,0.4035
9254,9255,production,0.3987
9255,9256,production,0.4057
9256,9257,production,0.3994
9257,9258,production,0.4181
9258,9259,production,0.4117
9259,9260,production,0.3964
9260,9261,production,0.3975
9261,9262,production,0.4009
9262,9263,production,0.4035
9263,9264,production,0.421
9264,9265,production,0.4054
9265,9266,production,0.3949
9266,9267,production,0.3897
9267,9268,production,0.4002
9268,9269,production,0.3897
9269,9270,production,0.4184
9270,9271,production,0.3957
9271,9272,production,0.4147
9272,9273,production,0.3979
9273,9274,production,0.4095
9274,9275,production,0.3931
9275,9276,production,0.4151
9276,9277,production,0.4031
9277,9278,production,0.4106
9278,9279,production,0.4016
9279,9280,production,0.396
9280,9281,production,0.4147
9281,9282,production,0.4125
9282,9283,production,0.3897
9283,9284,production,0.4005
9284,9285,production,0.4539
9285,9286,production,0.4368
9286,9287,production,0.4513
9287,9288,production,0.4618
9288,9289,production,0.4573
9289,9290,production,0.4495
9290,9291,production,0.4573
9291,9292,production,0.4506
9292,9293,production,0.4509
9293,9294,production,0.4528
9294,9295,production,0.4606
9295,9296,production,0.4502
9296,9297,production,0.4368
9297,9298,production,0.4368
9298,9299,production,0.4584
9299,9300,production,0.4662
9300,9301,production,0.4539
9301,9302,production,0.4483
9302,9303,production,0.4688
9303,9304,production,0.4461
9304,9305,production,0.4621
9305,9306,production,0.445
9306,9307,production,0.4368
9307,9308,production,0.458
9308,9309,production,0.458
9309,9310,production,0.4644
9310,9311,production,0.4737
9311,9312,production,0.4539
9312,9313,production,0.4562
9313,9314,production,0.4551
9314,9315,production,0.4386
9315,9316,production,0.4476
9316,9317,production,0.4524
9317,9318,production,0.4495
9318,9319,production,0.4536
9319,9320,production,0.4372
9320,9321,production,0.4368
9321,9322,production,0.4774
9322,9323,production,0.4614
9323,9324,production,0.4368
9324,9325,production,0.4528
9325,9326,production,0.4595
9326,9327,production,0.4685
9327,9328,production,0.4383
9328,9329,production,0.4368
9329,9330,production,0.4439
9330,9331,production,0.4454
9331,9332,production,0.4498
9332,9333,production,0.4569
9333,9334,production,0.4513
9334,9335,production,0.4681
9335,9336,production,0.4554
9336,9337,production,0.461
9337,9338,production,0.458
9338,9339,production,0.4785
9339,9340,production,0.4543
9340,9341,production,0.4632
9341,9342,production,0.4684
9342,9343,production,0.4509
9343,9344,production,0.455
9344,9345,production,0.4535
9345,9346,production,0.4837
9346,9347,production,0.4509
9347,9348,production,0.4755
9348,9349,production,0.467
9349,9350,production,0.4532
9350,9351,production,0.4808
9351,9352,production,0.4617
9352,9353,production,0.467
9353,9354,production,0.4699
9354,9355,production,0.4636
9355,9356,production,0.458
9356,9357,production,0.4673
9357,9358,production,0.4804
9358,9359,production,0.4722
9359,9360,production,0.4684
9360,9361,production,0.4573
9361,9362,production,0.464
9362,9363,production,0.4643
9363,9364,production,0.4509
9364,9365,production,0.452
9365,9366,production,0.483
9366,9367,production,0.4539
9367,9368,production,0.458
9368,9369,production,0.4699
9369,9370,production,0.4539
9370,9371,production,0.4614
9371,9372,production,0.4509
9372,9373,production,0.467
9373,9374,production,0.4726
9374,9375,production,0.4487
9375,9376,production,0.4569
9376,9377,production,0.4338
9377,9378,production,0.4443
9378,9379,production,0.4499
9379,9380,production,0.4424
9380,9381,production,0.4375
9381,9382,production,0.4416
9382,9383,production,0.4375
9383,9384,production,0.4372
9384,9385,production,0.439
9385,9386,production,0.4439
9386,9387,production,0.4402
9387,9388,production,0.4245
9388,9389,production,0.4372
9389,9390,production,0.4297
9390,9391,production,0.429
9391,9392,production,0.4338
9392,9393,production,0.4346
9393,9394,production,0.4484
9394,9395,production,0.4349
9395,9396,production,0.4372
9396,9397,production,0.4278
9397,9398,production,0.4375
9398,9399,production,0.4237
9399,9400,production,0.4301
9400,9401,production,0.4237
9401,9402,production,0.4237
9402,9403,production,0.4659
9403,9404,production,0.4484
9404,9405,production,0.439
9405,9406,production,0.4286
9406,9407,production,0.4521
9407,9408,production,0.4405
9408,9409,production,0.4495
9409,9410,production,0.4264
9410,9411,production,0.4457
9411,9412,production,0.4357
9412,9413,production,0.4249
9413,9414,production,0.4301
9414,9415,production,0.4547
9415,9416,production,0.4443
9416,9417,production,0.461
9417,9418,production,0.4256
9418,9419,production,0.445
9419,9420,production,0.4272
9420,9421,production,0.4279
9421,9422,production,0.4503
9422,9423,production,0.4328
9423,9424,production,0.4276
9424,9425,production,0.438
9425,9426,production,0.4477
9426,9427,production,0.4667
9427,9428,production,0.444
9428,9429,production,0.4477
9429,9430,production,0.4317
9430,9431,production,0.4451
9431,9432,production,0.4376
9432,9433,production,0.4511
9433,9434,production,0.4578
9434,9435,production,0.4525
9435,9436,production,0.4485
9436,9437,production,0.4332
9437,9438,production,0.4298
9438,9439,production,0.4272
9439,9440,production,0.4235
9440,9441,production,0.4436
9441,9442,production,0.4626
9442,9443,production,0.4376
9443,9444,production,0.4488
9444,9445,production,0.4324
9445,9446,production,0.4447
9446,9447,production,0.4365
9447,9448,production,0.444
9448,9449,production,0.4376
9449,9450,production,0.4235
9450,9451,production,0.441
9451,9452,production,0.4365
9452,9453,production,0.4518
9453,9454,production,0.4253
9454,9455,production,0.3731
9455,9456,production,0.369
9456,9457,production,0.3459
9457,9458,production,0.3492
9458,9459,production,0.3455
9459,9460,production,0.3515
9460,9461,production,0.3533
9461,9462,production,0.3731
9462,9463,production,0.3742
9463,9464,production,0.369
9464,9465,production,0.3652
9465,9466,production,0.3727
9466,9467,production,0.3716
9467,9468,production,0.3571
9468,9469,production,0.369
9469,9470,production,0.3455
9470,9471,production,0.3563
9471,9472,production,0.3645
9472,9473,production,0.3716
9473,9474,production,0.3682
9474,9475,production,0.36
9475,9476,production,0.3582
9476,9477,production,0.3485
9477,9478,production,0.3671
9478,9479,production,0.3746
9479,9480,production,0.3511
9480,9481,production,0.3794
9481,9482,production,0.3742
9482,9483,production,0.3638
9483,9484,production,0.3455
9484,9485,production,0.3768
9485,9486,production,0.3455
9486,9487,production,0.3865
9487,9488,production,0.3585
9488,9489,production,0.3686
9489,9490,production,0.336
9490,9491,production,0.3416
9491,9492,production,0.3464
9492,9493,production,0.3621
9493,9494,production,0.3472
9494,9495,production,0.3542
9495,9496,production,0.3475
9496,9497,production,0.3438
9497,9498,production,0.3501
9498,9499,production,0.3591
9499,9500,production,0.3453
9500,9501,production,0.3408
9501,9502,production,0.349
9502,9503,production,0.3539
9503,9504,production,0.3375
9504,9505,production,0.3516
9505,9506,production,0.3453
9506,9507,production,0.346
9507,9508,production,0.3486
9508,9509,production,0.3464
9509,9510,production,0.3587
9510,9511,production,0.3617
9511,9512,production,0.3449
9512,9513,production,0.336
9513,9514,production,0.3524
9514,9515,production,0.3505
9515,9516,production,0.3554
9516,9517,production,0.3408
9517,9518,production,0.3561
9518,9519,production,0.3781
9519,9520,production,0.3542
9520,9521,production,0.361
9521,9522,production,0.3583
9522,9523,production,0.3557
9523,9524,production,0.3457
9524,9525,production,0.383
9525,9526,production,0.3774
9526,9527,production,0.3714
9527,9528,production,0.3684
9528,9529,production,0.3613
9529,9530,production,0.3584
9530,9531,production,0.3707
9531,9532,production,0.3721
9532,9533,production,0.3625
9533,9534,production,0.3613
9534,9535,production,0.3513
9535,9536,production,0.3632
9536,9537,production,0.3733
9537,9538,production,0.3822
9538,9539,production,0.3684
9539,9540,production,0.3725
9540,9541,production,0.3647
9541,9542,production,0.3688
9542,9543,production,0.3759
9543,9544,production,0.355
9544,9545,production,0.3703
9545,9546,production,0.352
9546,9547,production,0.3673
9547,9548,production,0.377
9548,9549,production,0.3762
9549,9550,production,0.3658
9550,9551,production,0.3561
9551,9552,production,0.3513
9552,9553,production,0.3546
9553,9554,production,0.3572
9554,9555,production,0.3513
9555,9556,production,0.3602
9556,9557,production,0.3598
9557,9558,production,0.3647
9558,9559,production,0.3718
9559,9560,production,0.3627
9560,9561,production,0.3567
9561,9562,production,0.3448
9562,9563,production,0.359
9563,9564,production,0.3407
9564,9565,production,0.369
9565,9566,production,0.3739
9566,9567,production,0.3381
9567,9568,production,0.3593
9568,9569,production,0.3627
9569,9570,production,0.3616
9570,9571,production,0.3511
9571,9572,production,0.3575
9572,9573,production,0.3478
9573,9574,production,0.3459
9574,9575,production,0.3578
9575,9576,production,0.3567
9576,9577,production,0.3575
9577,9578,production,0.3541
9578,9579,production,0.3444
9579,9580,production,0.369
9580,9581,production,0.3597
9581,9582,production,0.3448
9582,9583,production,0.3407
9583,9584,production,0.3657
9584,9585,production,0.3631
9585,9586,production,0.3511
9586,9587,production,0.3601
9587,9588,production,0.3627
9588,9589,production,0.3578
9589,9590,production,0.3425
9590,9591,production,0.3448
9591,9592,production,0.3496
9592,9593,production,0.3478
9593,9594,production,0.3638
9594,9595,production,0.3381
9595,9596,production,0.663
9596,9597,production,0.663
9597,9598,production,0.663
9598,9599,production,0.663
9599,9600,production,0.663
9600,9601,production,0.682
9601,9602,production,0.663
9602,9603,production,0.663
9603,9604,production,0.663
9604,9605,production,0.663
9605,9606,production,0.663
9606,9607,production,0.663
9607,9608,production,0.663
9608,9609,production,0.663
9609,9610,production,0.6636
9610,9611,production,0.663
9611,9612,production,0.663
9612,9613,production,0.663
9613,9614,production,0.663
9614,9615,production,0.6655
9615,9616,production,0.6662
9616,9617,production,0.663
9617,9618,production,0.663
9618,9619,production,0.663
9619,9620,production,0.663
9620,9621,production,0.663
9621,9622,production,0.663
9622,9623,production,0.663
9623,9624,production,0.663
9624,9625,production,0.663
9625,9626,production,0.663
9626,9627,production,0.663
9627,9628,production,0.663
9628,9629,production,0.682
9629,9630,production,0.663
9630,9631,production,0.663
9631,9632,production,0.663
9632,9633,production,0.663
9633,9634,production,0.663
9634,9635,production,0.663
9635,9636,production,0.682
9636,9637,production,0.663
9637,9638,production,0.663
9638,9639,production,0.663
9639,9640,production,0.663
9640,9641,production,0.663
9641,9642,production,0.663
9642,9643,production,0.663
9643,9644,production,0.663
9644,9645,production,0.663
9645,9646,production,0.663
9646,9647,production,0.663
9647,9648,production,0.4188
9648,9649,production,0.4188
9649,9650,production,0.4188
9650,9651,production,0.4188
9651,9652,production,0.4188
9652,9653,production,0.4188
9653,9654,production,0.4188
9654,9655,production,0.4188
9655,9656,production,0.4188
9656,9657,production,0.4188
9657,9658,production,0.4188
9658,9659,production,0.4188
9659,9660,production,0.4188
9660,9661,production,0.4378
9661,9662,production,0.4188
9662,9663,production,0.4188
9663,9664,production,0.4188
9664,9665,production,0.4188
9665,9666,production,0.4188
9666,9667,production,0.4188
9667,9668,production,0.4188
9668,9669,production,0.4188
9669,9670,production,0.4207
9670,9671,production,0.4188
9671,9672,production,0.4188
9672,9673,production,0.4188
9673,9674,production,0.4188
9674,9675,production,0.4188
9675,9676,production,0.4188
9676,9677,production,0.4188
9677,9678,production,0.693
9678,9679,production,0.7048
9679,9680,production,0.693
9680,9681,production,0.7007
9681,9682,production,0.6976
9682,9683,production,0.693
9683,9684,production,0.7151
9684,9685,production,0.693
9685,9686,production,0.7028
9686,9687,production,0.6971
9687,9688,production,0.693
9688,9689,production,0.7094
9689,9690,production,0.7028
9690,9691,production,0.693
9691,9692,production,0.693
9692,9693,production,0.7105
9693,9694,production,0.7192
9694,9695,production,0.7192
9695,9696,production,0.7182
9696,9697,production,0.7012
9697,9698,production,0.7002
9698,9699,production,0.693
9699,9700,production,0.6966
9700,9701,production,0.693
9701,9702,production,0.693
9702,9703,production,0.693
9703,9704,production,0.693
9704,9705,production,0.7012
9705,9706,production,0.7151
9706,9707,production,0.7033
9707,9708,production,0.693
9708,9709,production,0.693
9709,9710,production,0.7208
9710,9711,production,0.693
9711,9712,production,0.693
9712,9713,production,0.693
9713,9714,production,0.693
9714,9715,production,0.693
9715,9716,production,0.693
9716,9717,production,0.693
9717,9718,production,0.693
9718,9719,production,0.693
9719,9720,production,0.6951
9720,9721,production,0.693
9721,9722,production,0.693
9722,9723,production,0.693
9723,9724,production,0.693
9724,9725,production,0.693
9725,9726,production,0.693
9726,9727,production,0.693
9727,9728,production,0.7882
9728,9729,production,0.7882
9729,9730,production,0.7882
9730,9731,production,0.7882
9731,9732,production,0.7882
9732,9733,production,0.7882
9733,9734,production,0.7882
9734,9735,production,0.7882
9735,9736,production,0.7882
9736,9737,production,0.0
9737,9738,production,0.0
9738,9739,production,0.0
9739,9740,production,0.0
9740,9741,production,0.0
9741,9742,production,0.0
9742,9743,production,0.0
9743,9744,production,0.0
9744,9745,production,0.0
9745,9746,production,0.0
9746,9747,production,0.0
9747,9748,production,0.0
9748,9749,production,0.0
9749,9750,production,0.0
9750,9751,production,0.0
9751,9752,production,0.0
9752,9753,production,0.0
9753,9754,production,0.0
9754,9755,production,0.0
9755,9756,production,0.0
9756,9757,production,0.0
9757,9758,production,0.0
9758,9759,production,0.0
9759,9760,production,0.0
9760,9761,production,0.0
9761,9762,production,0.0
9762,9763,production,0.0
9763,9764,production,0.0
9764,9765,production,0.0
9765,9766,production,0.0
9766,9767,production,0.0
9767,9768,production,0.0
9768,9769,production,0.0
9769,9770,production,0.0
9770,9771,production,0.0
9771,9772,production,0.0
9772,9773,production,0.0
9773,9774,production,0.0
9774,9775,production,0.0
9775,9776,production,0.0
9776,9777,production,0.0
9777,9778,production,0.0
9778,9779,production,0.0
9779,9780,production,0.0
9780,9781,production,0.0
9781,9782,production,0.0
9782,9783,production,0.0
9783,9784,production,0.0
9784,9785,production,0.0
9785,9786,production,0.0
9786,9787,production,0.0
9787,9788,production,0.0
9788,9789,production,0.0
9789,9790,production,0.0
9790,9791,production,0.0
9791,9792,production,0.0
9792,9793,production,0.0
9793,9794,production,0.0
9794,9795,production,0.0
9795,9796,production,0.0
9796,9797,production,0.0
9797,9798,production,0.0
9798,9799,production,0.0
9799,9800,production,0.0
9800,9801,production,0.0
9801,9802,production,0.0
9802,9803,production,0.0
9803,9804,production,0.0
9804,9805,production,0.0
9805,9806,production,0.0
9806,9807,production,0.0
9807,9808,production,0.0
9808,9809,production,0.0
9809,9810,production,0.0
9810,9811,production,0.0
9811,9812,production,0.0
9812,9813,production,0.0
9813,9814,production,0.0
9814,9815,production,0.0
9815,9816,production,0.0
9816,9817,production,0.0
9817,9818,production,0.0
9818,9819,production,0.0
9819,9820,production,0.0
9820,9821,production,0.0
9821,9822,production,0.0
9822,9823,production,0.0
9823,9824,production,0.0
9824,9825,production,0.0
9825,9826,production,0.0
9826,9827,production,0.0
9827,9828,production,0.0
9828,9829,production,0.0
9829,9830,production,0.0
9830,9831,production,0.0
9831,9832,production,0.0
9832,9833,production,0.0
9833,9834,production,0.0
9834,9835,production,0.0
9835,9836,production,0.0
9836,9837,production,0.0
9837,9838,production,0.0
9838,9839,production,0.0
9839,9840,production,0.0
9840,9841,production,0.0
9841,9842,production,0.0
9842,9843,production,0.0
9843,9844,production,0.0
9844,9845,production,0.0
9845,9846,production,0.0
9846,9847,production,0.0
9847,9848,production,0.0
9848,9849,production,0.0
9849,9850,production,0.0
9850,9851,production,0.0
9851,9852,production,0.0
9852,9853,production,0.0
9853,9854,production,0.0
9854,9855,production,0.0
9855,9856,production,0.0
9856,9857,production,0.0
9857,9858,production,0.0
9858,9859,production,0.0
9859,9860,production,0.0
9860,9861,production,0.0
9861,9862,production,0.0
9862,9863,production,0.0
9863,9864,production,0.0
9864,9865,production,0.0
9865,9866,production,0.0
9866,9867,production,0.0
9867,9868,production,0.0
9868,9869,production,0.0
9869,9870,production,0.0
9870,9871,production,0.0
9871,9872,production,0.0
9872,9873,production,0.0
9873,9874,production,0.0
9874,9875,production,0.0
9875,9876,production,0.0
9876,9877,production,0.0
9877,9878,production,0.0
9878,9879,production,0.0
9879,9880,production,0.0
9880,9881,production,0.0
9881,9882,production,0.0
9882,9883,production,0.0
9883,9884,production,0.0
9884,9885,production,0.0
9885,9886,production,0.0
9886,9887,production,0.0
9887,9888,production,0.0
9888,9889,production,0.0
9889,9890,production,0.0
9890,9891,production,0.0
9891,9892,production,0.0
9892,9893,production,0.0
9893,9894,production,0.0
9894,9895,production,0.0
9895,9896,production,0.0
9896,9897,production,0.0
9897,9898,production,0.0
9898,9899,production,0.0
9899,9900,production,0.0
9900,9901,production,0.0
9901,9902,production,0.0
9902,9903,production,0.429
9903,9904,production,0.4964
9904,9905,production,0.4475
9905,9906,production,0.4158
9906,9907,production,0.4455
9907,9908,production,0.4468
9908,9909,production,0.4376
9909,9910,production,0.4058
9910,9911,production,0.414
9911,9912,production,0.4993
9912,9913,production,0.4632
9913,9914,production,0.4366
9914,9915,production,0.4563
9915,9916,production,0.4252
9916,9917,production,0.4157
9917,9918,production,0.43
9918,9919,production,0.4107
9919,9920,production,0.4564
9920,9921,production,0.4424
9921,9922,production,0.4529
9922,9923,production,0.4481
9923,9924,production,0.4721
9924,9925,production,0.4738
9925,9926,production,0.4105
9926,9927,production,0.4117
9927,9928,production,0.4759
9928,9929,production,0.4652
9929,9930,production,0.4827
9930,9931,production,0.4759
9931,9932,production,0.434
9932,9933,production,0.448
9933,9934,production,0.453
9934,9935,production,0.42
9935,9936,production,0.4386
9936,9937,production,0.4646
9937,9938,production,0.4437
9938,9939,production,0.4008
9939,9940,production,0.465
9940,9941,production,0.3963
9941,9942,production,0.4596
9942,9943,production,0.4308
9943,9944,production,0.4416
9944,9945,production,0.4277
9945,9946,production,0.4395
9946,9947,production,0.462
9947,9948,production,0.4443
9948,9949,production,0.4333
9949,9950,production,0.4108
9950,9951,production,0.399
9951,9952,production,0.431
9952,9953,production,0.0
9953,9954,production,0.0
9954,9955,production,0.0
9955,9956,production,0.0
9956,9957,production,0.0
9957,9958,production,0.0
9958,9959,production,0.0
9959,9960,production,0.0
9960,9961,production,0.0
9961,9962,production,0.0
9962,9963,production,0.0
9963,9964,production,0.0
9964,9965,production,0.0
9965,9966,production,0.0
9966,9967,production,0.0
9967,9968,production,0.0
9968,9969,production,0.0
9969,9970,production,0.0
9970,9971,production,0.0
9971,9972,production,0.0
9972,9973,production,0.0
9973,9974,production,0.0
9974,9975,production,0.0
9975,9976,production,0.0
9976,9977,production,0.0
9977,9978,production,0.0
9978,9979,production,0.0
9979,9980,production,0.0
9980,9981,production,0.0
9981,9982,production,0.0
9982,9983,production,0.0
9983,9984,production,0.0
9984,9985,production,0.0
9985,9986,production,0.0
9986,9987,production,0.0
9987,9988,production,0.0
9988,9989,production,0.0
9989,9990,production,0.0
9990,9991,production,0.0
9991,9992,production,0.0
9992,9993,production,0.0
9993,9994,production,0.0
9994,9995,production,0.0
9995,9996,production,0.0
9996,9997,production,0.0
9997,9998,production,0.0
9998,9999,production,0.0
9999,10000,production,0.0
10000,10001,production,0.0
10001,10002,production,0.0
10002,10003,production,0.0
10003,10004,production,0.0
10004,10005,production,0.0
10005,10006,production,0.0
10006,10007,production,0.0
10007,10008,production,0.0
10008,10009,production,0.0
10009,10010,production,0.0
10010,10011,production,0.0
10011,10012,production,0.0
10012,10013,production,0.0
10013,10014,production,0.0
10014,10015,production,0.0
10015,10016,production,0.0
10016,10017,production,0.0
10017,10018,production,0.0
10018,10019,production,0.0
10019,10020,production,0.0
10020,10021,production,0.0
10021,10022,production,0.0
10022,10023,production,0.0
10023,10024,production,0.0
10024,10025,production,0.0
10025,10026,production,0.0
10026,10027,production,0.0
10027,10028,production,0.0
10028,10029,production,0.0
10029,10030,production,0.0
10030,10031,production,0.0
10031,10032,production,0.0
10032,10033,production,0.0
10033,10034,production,0.0
10034,10035,production,0.0
10035,10036,production,0.0
10036,10037,production,0.0
10037,10038,production,0.0
10038,10039,production,0.0
10039,10040,production,0.0
10040,10041,production,0.0
10041,10042,production,0.0
10042,10043,production,0.0
10043,10044,production,0.0
10044,10045,production,0.0
10045,10046,production,0.0
10046,10047,production,0.0
10047,10048,production,0.0
10048,10049,production,0.0
10049,10050,production,0.0
10050,10051,production,0.0
10051,10052,production,0.0
10052,10053,production,0.0
10053,10054,production,0.0
10054,10055,production,0.0
10055,10056,production,0.0
10056,10057,production,0.0
10057,10058,production,0.0
10058,10059,production,0.0
10059,10060,production,0.0
10060,10061,production,0.0
10061,10062,production,0.0
10062,10063,production,0.0
10063,10064,production,0.0
10064,10065,production,0.0
10065,10066,production,0.0
10066,10067,production,0.0
10067,10068,production,0.0
10068,10069,production,0.0
10069,10070,production,0.0
10070,10071,production,0.0
10071,10072,production,0.0
10072,10073,production,0.0
10073,10074,production,0.0
10074,10075,production,0.0
10075,10076,production,0.0
10076,10077,production,0.0
10077,10078,production,0.0
10078,10079,production,0.0
10079,10080,production,0.0
10080,10081,production,0.0
10081,10082,production,0.0
10082,10083,production,0.0
10083,10084,production,0.0
10084,10085,production,0.0
10085,10086,production,0.0
10086,10087,production,0.0
10087,10088,production,0.0
10088,10089,production,0.0
10089,10090,production,0.0
10090,10091,production,0.0
10091,10092,production,0.0
10092,10093,production,0.0
10093,10094,production,0.0
10094,10095,production,0.0
10095,10096,production,0.0
10096,10097,production,0.0
10097,10098,production,0.0
10098,10099,production,0.0
10099,10100,production,0.0
10100,10101,production,0.0
10101,10102,production,0.0
10102,10103,production,0.0
10103,10104,production,0.0
10104,10105,production,0.0
10105,10106,production,0.0
10106,10107,production,0.0
10107,10108,production,0.0
10108,10109,production,0.0
10109,10110,production,0.0
10110,10111,production,0.0
10111,10112,production,0.0
10112,10113,production,0.0
10113,10114,production,0.0
10114,10115,production,0.0
10115,10116,production,0.0
10116,10117,production,0.0
10117,10118,production,0.0
10118,10119,production,0.0
10119,10120,production,0.0
10120,10121,production,0.0
10121,10122,production,0.0
10122,10123,production,0.0
10123,10124,production,0.0
10124,10125,production,0.0
10125,10126,production,0.0
10126,10127,production,0.0
10127,10128,production,0.0
10128,10129,production,0.0
10129,10130,production,0.0
10130,10131,production,0.0
10131,10132,production,0.0
10132,10133,production,0.0
10133,10134,production,0.0
10134,10135,production,0.0
10135,10136,production,0.0
10136,10137,production,0.0
10137,10138,production,0.0
10138,10139,production,0.0
10139,10140,production,0.0
10140,10141,production,0.0
10141,10142,production,0.0
10142,10143,production,0.0
10143,10144,production,0.0
10144,10145,production,0.0
10145,10146,production,0.0
10146,10147,production,0.0
10147,10148,production,0.0
10148,10149,production,0.0
10149,10150,production,0.0
10150,10151,production,0.0
10151,10152,production,0.0
10152,10153,production,0.0
10153,10154,production,0.0
10154,10155,production,0.0
10155,10156,production,0.0
10156,10157,production,0.0
10157,10158,production,0.0
10158,10159,production,0.0
10159,10160,production,0.0
10160,10161,production,0.0
10161,10162,production,0.0
10162,10163,production,0.0
10163,10164,production,0.0
10164,10165,production,0.0
10165,10166,production,0.0
10166,10167,production,0.0
10167,10168,production,0.0
10168,10169,production,0.0
10169,10170,production,0.0
10170,10171,production,0.0
10171,10172,production,0.0
10172,10173,production,0.0
10173,10174,production,0.0
10174,10175,production,0.0
10175,10176,production,0.0
10176,10177,production,0.0
10177,10178,production,0.0
10178,10179,production,0.0
10179,10180,production,0.0
10180,10181,production,0.0
10181,10182,production,0.0
10182,10183,production,0.0
10183,10184,production,0.0
10184,10185,production,0.0
10185,10186,production,0.0
10186,10187,production,0.0
10187,10188,production,0.0
10188,10189,production,0.0
10189,10190,production,0.0
10190,10191,production,0.0
10191,10192,production,0.0
10192,10193,production,0.0
10193,10194,production,0.0
10194,10195,production,0.0
10195,10196,production,0.0
10196,10197,production,0.0
10197,10198,production,0.0
10198,10199,production,0.0
10199,10200,production,0.0
10200,10201,production,0.0
10201,10202,production,0.0
10202,10203,production,0.0
10203,10204,production,0.0
10204,10205,production,0.0
10205,10206,production,0.0
10206,10207,production,0.0
10207,10208,production,0.0
10208,10209,production,0.0
10209,10210,production,0.0
10210,10211,production,0.0
10211,10212,production,0.0
10212,10213,production,0.0
10213,10214,production,0.0
10214,10215,production,0.0
10215,10216,production,0.0
10216,10217,production,0.0
10217,10218,production,0.0
10218,10219,production,0.0
10219,10220,production,0.0
10220,10221,production,0.0
10221,10222,production,0.0
10222,10223,production,0.0
10223,10224,production,0.0
10224,10225,production,0.0
10225,10226,production,0.0
10226,10227,production,0.0
10227,10228,production,0.0
10228,10229,production,0.0
10229,10230,production,0.0
10230,10231,production,0.0
10231,10232,production,0.0
10232,10233,production,0.0
10233,10234,production,0.0
10234,10235,production,0.0
10235,10236,production,0.0
10236,10237,production,0.0
10237,10238,production,0.0
10238,10239,production,0.0
10239,10240,production,0.0
10240,10241,production,0.0
10241,10242,production,0.0
10242,10243,production,0.0
10243,10244,production,0.0
10244,10245,production,0.0
10245,10246,production,0.0
10246,10247,production,0.0
10247,10248,production,0.0
10248,10249,production,0.0
10249,10250,production,0.0
10250,10251,production,0.0
10251,10252,production,0.0
10252,10253,production,0.0
10253,10254,production,0.0
10254,10255,production,0.0
10255,10256,production,0.0
10256,10257,production,0.0
10257,10258,production,0.0
10258,10259,production,0.0
10259,10260,production,0.0
10260,10261,production,0.0
10261,10262,production,0.0
10262,10263,production,0.0
10263,10264,production,0.0
10264,10265,production,0.0
10265,10266,production,0.0
10266,10267,production,0.0
10267,10268,production,0.0
10268,10269,production,0.0
10269,10270,production,0.0
10270,10271,production,0.0
10271,10272,production,0.0
10272,10273,production,0.0
10273,10274,production,0.0
10274,10275,production,0.0
10275,10276,production,0.0
10276,10277,production,0.0
10277,10278,production,0.0
10278,10279,production,0.0
10279,10280,production,0.0
10280,10281,production,0.0
10281,10282,production,0.0
10282,10283,production,0.0
10283,10284,production,0.0
10284,10285,production,0.0
10285,10286,production,0.0
10286,10287,production,0.0
10287,10288,production,0.0
10288,10289,production,0.0
10289,10290,production,0.0
10290,10291,production,0.0
10291,10292,production,0.0
10292,10293,production,0.0
10293,10294,production,0.0
10294,10295,production,0.0
10295,10296,production,0.0
10296,10297,production,0.0
10297,10298,production,0.0
10298,10299,production,0.0
10299,10300,production,0.0
10300,10301,production,0.0
10301,10302,production,0.0
10302,10303,production,0.0
10303,10304,production,0.0
10304,10305,production,0.0
10305,10306,production,0.0
10306,10307,production,0.0
10307,10308,production,0.0
10308,10309,production,0.0
10309,10310,production,0.0
10310,10311,production,0.0
10311,10312,production,0.0
10312,10313,production,0.0
10313,10314,production,0.0
10314,10315,production,0.0
10315,10316,production,0.0
10316,10317,production,0.0
10317,10318,production,0.0
10318,10319,production,0.0
10319,10320,production,0.0
10320,10321,production,0.0
10321,10322,production,0.0
10322,10323,production,0.0
10323,10324,production,0.0
10324,10325,production,0.0
10325,10326,production,0.0
10326,10327,production,0.0
10327,10328,production,0.0
10328,10329,production,0.0
10329,10330,production,0.0
10330,10331,production,0.0
10331,10332,production,0.0
10332,10333,production,0.0
10333,10334,production,0.0
10334,10335,production,0.0
10335,10336,production,0.0
10336,10337,production,0.0
10337,10338,production,0.0
10338,10339,production,0.0
10339,10340,production,0.0
10340,10341,production,0.0
10341,10342,production,0.0
10342,10343,production,0.0
10343,10344,production,0.0
10344,10345,production,0.0
10345,10346,production,0.0
10346,10347,production,0.0
10347,10348,production,0.0
10348,10349,production,0.0
10349,10350,production,0.0
10350,10351,production,0.0
10351,10352,production,0.0
10352,10353,production,0.0
10353,10354,production,0.0
10354,10355,production,0.0
10355,10356,production,0.0
10356,10357,production,0.0
10357,10358,production,0.0
10358,10359,production,0.0
10359,10360,production,0.0
10360,10361,production,0.0
10361,10362,production,0.0
10362,10363,production,0.0
10363,10364,production,0.0
10364,10365,production,0.0
10365,10366,production,0.0
10366,10367,production,0.0
10367,10368,production,0.0
10368,10369,production,0.0
10369,10370,production,0.0
10370,10371,production,0.0
10371,10372,production,0.0
10372,10373,production,0.0
10373,10374,production,0.0
10374,10375,production,0.0
10375,10376,production,0.0
10376,10377,production,0.0
10377,10378,production,0.0
10378,10379,production,0.0
10379,10380,production,0.0
10380,10381,production,0.0
10381,10382,production,0.0
10382,10383,production,0.0
10383,10384,production,0.0
10384,10385,production,0.0
10385,10386,production,0.0
10386,10387,production,0.0
10387,10388,production,0.0
10388,10389,production,0.0
10389,10390,production,0.0
10390,10391,production,0.0
10391,10392,production,0.0
10392,10393,production,0.0
10393,10394,production,0.0
10394,10395,production,0.0
10395,10396,production,0.0
10396,10397,production,0.0
10397,10398,production,0.0
10398,10399,production,0.0
10399,10400,production,0.0
10400,10401,production,0.0
10401,10402,production,0.0
10402,10403,production,0.0
10403,10404,production,0.0
10404,10405,production,0.0
10405,10406,production,0.0
10406,10407,production,0.0
10407,10408,production,0.0
10408,10409,production,0.0
10409,10410,production,0.0
10410,10411,production,0.0
10411,10412,production,0.0
10412,10413,production,0.0
10413,10414,production,0.0
10414,10415,production,0.0
10415,10416,production,0.0
10416,10417,production,0.0
10417,10418,production,0.0
10418,10419,production,0.0
10419,10420,production,0.0
10420,10421,production,0.0
10421,10422,production,0.0
10422,10423,production,0.0
10423,10424,production,0.0
10424,10425,production,0.0
10425,10426,production,0.0
10426,10427,production,0.0
10427,10428,production,0.0
10428,10429,production,0.0
10429,10430,production,0.0
10430,10431,production,0.0
10431,10432,production,0.0
10432,10433,production,0.0
10433,10434,production,0.0
10434,10435,production,0.0
10435,10436,production,0.0
10436,10437,production,0.0
10437,10438,production,0.0
10438,10439,production,0.0
10439,10440,production,0.0
10440,10441,production,0.0
10441,10442,production,0.0
10442,10443,production,0.0
10443,10444,production,0.0
10444,10445,production,0.3575
10445,10446,production,0.3332
10446,10447,production,0.3283
10447,10448,production,0.2744
10448,10449,production,0.3734
10449,10450,production,0.2379
10450,10451,production,0.3228
10451,10452,production,0.3447
10452,10453,production,0.3815
10453,10454,production,0.3453
10454,10455,production,0.3612
10455,10456,production,0.3655
10456,10457,production,0.2816
10457,10458,production,0.3612
10458,10459,production,0.322
10459,10460,production,0.1886
10460,10461,production,0.3707
10461,10462,production,0.3428
10462,10463,production,0.3058
10463,10464,production,0.35
10464,10465,production,0.3493
10465,10466,production,0.2128
10466,10467,production,0.3411
10467,10468,production,0.3184
10468,10469,production,0.348
10469,10470,production,0.2501
10470,10471,production,0.3721
10471,10472,production,0.3005
10472,10473,production,0.3071
10473,10474,production,0.2593
10474,10475,production,0.3806
10475,10476,production,0.3334
10476,10477,production,0.2997
10477,10478,production,0.2798
10478,10479,production,0.4087
10479,10480,production,0.3356
10480,10481,production,0.3244
10481,10482,production,0.3232
10482,10483,production,0.3848
10483,10484,production,0.3196
10484,10485,production,0.3375
10485,10486,production,0.2767
10486,10487,production,0.338
10487,10488,production,0.2936
10488,10489,production,0.3404
10489,10490,production,0.3417
10490,10491,production,0.2829
10491,10492,production,0.2958
10492,10493,production,0.4022
10493,10494,production,0.2273
10494,10495,production,0.1828
10495,10496,production,0.3351
10496,10497,production,0.3272
10497,10498,production,0.3337
10498,10499,production,0.3644
10499,10500,production,0.3506
10500,10501,production,0.359
10501,10502,production,0.2925
10502,10503,production,0.1979
10503,10504,production,0.3008
10504,10505,production,0.3059
10505,10506,production,0.2742
10506,10507,production,0.3131
10507,10508,production,0.2928
10508,10509,production,0.3346
10509,10510,production,0.3567
10510,10511,production,0.2701
10511,10512,production,0.2543
10512,10513,production,0.3729
10513,10514,production,0.3516
10514,10515,production,0.1749
10515,10516,production,0.3424
10516,10517,production,0.3235
10517,10518,production,0.3019
10518,10519,production,0.33
10519,10520,production,0.2665
10520,10521,production,0.2435
10521,10522,production,0.3481
10522,10523,production,0.3944
10523,10524,production,0.3202
10524,10525,production,0.388
10525,10526,production,0.3033
10526,10527,production,0.3068
10527,10528,production,0.2681
10528,10529,production,0.2422
10529,10530,production,0.3394
10530,10531,production,0.3024
10531,10532,production,0.1799
10532,10533,production,0.3338
10533,10534,production,0.3831
10534,10535,production,0.3007
10535,10536,production,0.2612
10536,10537,production,0.3471
10537,10538,production,0.3214
10538,10539,production,0.3694
10539,10540,production,0.3824
10540,10541,production,0.3652
10541,10542,production,0.3323
10542,10543,production,0.3912
10543,10544,production,0.3772
10544,10545,production,0.2645
10545,10546,production,0.3078
10546,10547,production,0.2707
10547,10548,production,0.3843
10548,10549,production,0.3246
10549,10550,production,0.2555
10550,10551,production,0.2684
10551,10552,production,0.3531
10552,10553,production,0.3134
10553,10554,production,0.3466
10554,10555,production,0.3485
10555,10556,production,0.2534
10556,10557,production,0.352
10557,10558,production,0.0
10558,10559,production,0.0
10559,10560,production,0.0
10560,10561,production,0.0
10561,10562,production,0.0
10562,10563,production,0.0
10563,10564,production,0.0
10564,10565,production,0.0
10565,10566,production,0.0
10566,10567,production,0.0
10567,10568,production,0.0
10568,10569,production,0.0
10569,10570,production,0.0
10570,10571,production,0.0
10571,10572,production,0.0
10572,10573,production,0.0
10573,10574,production,0.0
10574,10575,production,0.0
10575,10576,production,0.0
10576,10577,production,0.0
10577,10578,production,0.0
10578,10579,production,0.0
10579,10580,production,0.0
10580,10581,production,0.0
10581,10582,production,0.0
10582,10583,production,0.0
10583,10584,production,0.0
10584,10585,production,0.0
10585,10586,production,0.0
10586,10587,production,0.0
10587,10588,production,0.0
10588,10589,production,0.0
10589,10590,production,0.0
10590,10591,production,0.0
10591,10592,production,0.0
10592,10593,production,0.0
10593,10594,production,0.0
10594,10595,production,0.6443
10595,10596,production,0.6772
10596,10597,production,0.7215
10597,10598,production,0.5746
10598,10599,production,0.5528
10599,10600,production,0.5278
10600,10601,production,0.4748
10601,10602,production,0.6145
10602,10603,production,0.626
10603,10604,production,0.4599
10604,10605,production,0.4653
10605,10606,production,0.5111
10606,10607,production,0.54
10607,10608,production,0.5331
10608,10609,production,0.5023
10609,10610,production,0.4617
10610,10611,production,0.4858
10611,10612,production,0.6277
10612,10613,production,0.5011
10613,10614,production,0.5197
10614,10615,production,0.4702
10615,10616,production,0.5177
10616,10617,production,0.5974
10617,10618,production,0.4926
10618,10619,production,0.4704
10619,10620,production,0.5813
10620,10621,production,0.4453
10621,10622,production,0.4973
10622,10623,production,0.5631
10623,10624,production,0.5266
10624,10625,production,0.5275
10625,10626,production,0.5611
10626,10627,production,0.5446
10627,10628,production,0.5185
10628,10629,production,0.5779
10629,10630,production,0.4748
10630,10631,production,0.5417
10631,10632,production,0.6212
10632,10633,production,0.4559
10633,10634,production,0.5952
10634,10635,production,0.693
10635,10636,production,0.6976
10636,10637,production,0.693
10637,10638,production,0.693
10638,10639,production,0.7597
10639,10640,production,0.7593
10640,10641,production,0.693
10641,10642,production,0.7693
10642,10643,production,0.693
10643,10644,production,0.6825
10644,10645,production,0.7606
10645,10646,production,0.7889
10646,10647,production,0.693
10647,10648,production,0.7688
10648,10649,production,0.693
10649,10650,production,0.693
10650,10651,production,0.693
10651,10652,production,0.6612
10652,10653,production,0.7809
10653,10654,production,0.712
10654,10655,production,0.8291
10655,10656,production,0.693
10656,10657,production,0.6312
10657,10658,production,0.693
10658,10659,production,0.8083
10659,10660,production,0.7151
10660,10661,production,0.8075
10661,10662,production,0.6961
10662,10663,production,0.693
10663,10664,production,0.7617
10664,10665,production,0.6914
10665,10666,production,0.6945
10666,10667,production,0.7028
10667,10668,production,0.8261
10668,10669,production,0.7089
10669,10670,production,0.7187
10670,10671,production,0.7839
10671,10672,production,0.7942
10672,10673,production,0.7125
10673,10674,production,0.7766
10674,10675,production,0.693
10675,10676,production,0.6748
10676,10677,production,0.7136
10677,10678,production,0.7007
10678,10679,production,0.693
10679,10680,production,0.713
10680,10681,production,0.8237
10681,10682,production,0.7706
10682,10683,production,0.8222
10683,10684,production,0.7151
10684,10685,production,0.6554
10685,10686,production,0.7669
10686,10687,production,0.693
10687,10688,production,0.7804
10688,10689,production,0.7069
10689,10690,production,0.693
10690,10691,production,0.693
10691,10692,production,0.7473
10692,10693,production,0.7028
10693,10694,production,0.7678
10694,10695,production,0.7017
10695,10696,production,0.693
10696,10697,production,0.693
10697,10698,production,0.7941
10698,10699,production,0.693
10699,10700,production,0.693
10700,10701,production,0.8748
10701,10702,production,0.8232
10702,10703,production,0.6489
10703,10704,production,0.7613
10704,10705,production,0.7952
10705,10706,production,0.693
10706,10707,production,0.693
10707,10708,production,0.693
10708,10709,production,0.6943
10709,10710,production,0.6603
10710,10711,production,0.7486
10711,10712,production,0.7678
10712,10713,production,0.6909
10713,10714,production,0.833
10714,10715,production,0.8088
10715,10716,production,0.7105
10716,10717,production,0.7897
10717,10718,production,0.693
10718,10719,production,0.693
10719,10720,production,0.693
10720,10721,production,0.779
10721,10722,production,0.7125
10722,10723,production,0.693
10723,10724,production,0.6606
10724,10725,production,0.7223
10725,10726,production,0.693
10726,10727,production,0.8168
10727,10728,production,0.7926
10728,10729,production,0.7053
10729,10730,production,0.7094
10730,10731,production,0.7141
10731,10732,production,0.6997
10732,10733,production,0.693
10733,10734,production,0.7866
10734,10735,production,0.8023
10735,10736,production,0.693
10736,10737,production,0.7182
10737,10738,production,0.693
10738,10739,production,0.71
10739,10740,production,0.7612
10740,10741,production,0.693
10741,10742,production,0.7585
10742,10743,production,0.693
10743,10744,production,0.781
10744,10745,production,0.6758
10745,10746,production,0.7474
10746,10747,production,0.8112
10747,10748,production,0.693
10748,10749,production,0.693
10749,10750,production,0.693
10750,10751,production,0.691
10751,10752,production,0.693
10752,10753,production,0.7058
10753,10754,production,0.7833
10754,10755,production,0.6459
10755,10756,production,0.8001
10756,10757,production,0.7746
10757,10758,production,0.7197
10758,10759,production,0.7827
10759,10760,production,0.7827
10760,10761,production,0.693
10761,10762,production,0.693
10762,10763,production,0.693
10763,10764,production,0.7529
10764,10765,production,0.7483
10765,10766,production,0.693
10766,10767,production,0.8199
10767,10768,production,0.6793
10768,10769,production,0.7584
10769,10770,production,0.7156
10770,10771,production,0.6703
10771,10772,production,0.6935
10772,10773,production,0.693
10773,10774,production,0.806
10774,10775,production,0.8129
10775,10776,production,0.693
10776,10777,production,0.7656
10777,10778,production,0.7748
10778,10779,production,0.774
10779,10780,production,0.7637
10780,10781,production,0.7022
10781,10782,production,0.7636
10782,10783,production,0.693
10783,10784,production,0.693
10784,10785,production,0.7825
10785,10786,production,0.7503
10786,10787,production,0.7385
10787,10788,production,0.6961
10788,10789,production,0.693
10789,10790,production,0.693
10790,10791,production,0.693
10791,10792,production,0.693
10792,10793,production,0.6764
10793,10794,production,0.693
10794,10795,production,0.693
10795,10796,production,0.8101
10796,10797,production,0.6961
10797,10798,production,0.6841
10798,10799,production,0.693
10799,10800,production,0.7885
10800,10801,production,0.7022
10801,10802,production,0.6987
10802,10803,production,0.693
10803,10804,production,0.763
10804,10805,production,0.8484
10805,10806,production,0.693
10806,10807,production,0.7028
10807,10808,production,0.693
10808,10809,production,0.7223
10809,10810,production,0.693
10810,10811,production,0.7638
10811,10812,production,0.6958
10812,10813,production,0.6312
10813,10814,production,0.7514
10814,10815,production,0.7961
10815,10816,production,0.6986
10816,10817,production,0.7826
10817,10818,production,0.6966
10818,10819,production,0.8468
10819,10820,production,0.6801
10820,10821,production,0.749
10821,10822,production,0.694
10822,10823,production,0.6956
10823,10824,production,0.693
10824,10825,production,0.7069
10825,10826,production,0.769
10826,10827,production,0.6986
10827,10828,production,0.693
10828,10829,production,0.0
10829,10830,production,0.0
10830,10831,production,0.0
10831,10832,production,0.0
10832,10833,production,0.0
10833,10834,production,0.0
10834,10835,production,0.0
10835,10836,production,0.0
10836,10837,production,0.0
10837,10838,production,0.0
10838,10839,production,0.0
10839,10840,production,0.0
10840,10841,production,0.0
10841,10842,production,0.0
10842,10843,production,0.0
10843,10844,production,0.4631
10844,10845,production,0.4032
10845,10846,production,0.4318
10846,10847,production,0.4313
10847,10848,production,0.4688
10848,10849,production,0.4255
10849,10850,production,0.4674
10850,10851,production,0.4421
10851,10852,production,0.4752
10852,10853,production,0.4524
10853,10854,production,0.4428
10854,10855,production,0.4702
10855,10856,production,0.4448
10856,10857,production,0.4422
10857,10858,production,0.4572
10858,10859,production,0.4298
10859,10860,production,0.4399
10860,10861,production,0.4822
10861,10862,production,0.4458
10862,10863,production,0.4253
10863,10864,production,0.4511
10864,10865,production,0.4494
10865,10866,production,0.4391
10866,10867,production,0.4467
10867,10868,production,0.4259
10868,10869,production,0.4139
10869,10870,production,0.4085
10870,10871,production,0.4485
10871,10872,production,0.4498
10872,10873,production,0.4611
10873,10874,production,0.4508
10874,10875,production,0.4544
10875,10876,production,0.4166
10876,10877,production,0.4513
10877,10878,production,0.4677
10878,10879,production,0.4725
10879,10880,production,0.3925
10880,10881,production,0.4516
10881,10882,production,0.4404
10882,10883,production,0.4599
10883,10884,production,0.44
10884,10885,production,0.4626
10885,10886,production,0.474
10886,10887,production,0.4951
10887,10888,production,0.439
10888,10889,production,0.4844
10889,10890,production,0.4399
10890,10891,production,0.4441
10891,10892,production,0.4448
10892,10893,production,0.3547
10893,10894,production,0.349
10894,10895,production,0.4463
10895,10896,production,0.4507
10896,10897,production,0.4629
10897,10898,production,0.4527
10898,10899,production,0.4008
10899,10900,production,0.4528
10900,10901,production,0.4836
10901,10902,production,0.4136
10902,10903,production,0.4145
10903,10904,production,0.4668
10904,10905,production,0.4512
10905,10906,production,0.4615
10906,10907,production,0.4543
10907,10908,production,0.4461
10908,10909,production,0.4784
10909,10910,production,0.4822
10910,10911,production,0.3649
10911,10912,production,0.4013
10912,10913,production,0.4181
10913,10914,production,0.4273
10914,10915,production,0.4542
10915,10916,production,0.439
10916,10917,production,0.4843
10917,10918,production,0.4535
10918,10919,production,0.406
10919,10920,production,0.4546
10920,10921,production,0.4626
10921,10922,production,0.4372
10922,10923,production,0.4302
10923,10924,production,0.4627
10924,10925,production,0.4671
10925,10926,production,0.4514
10926,10927,production,0.4249
10927,10928,production,0.4599
10928,10929,production,0.4445
10929,10930,production,0.4733
10930,10931,production,0.4738
10931,10932,production,0.4258
10932,10933,production,0.4525
10933,10934,production,0.4409
10934,10935,production,0.448
10935,10936,production,0.4359
10936,10937,production,0.42
10937,10938,production,0.4262
10938,10939,production,0.4658
10939,10940,production,0.4242
10940,10941,production,0.4398
10941,10942,production,0.4072
10942,10943,production,0.4583
10943,10944,production,0.4089
10944,10945,production,0.418
10945,10946,production,0.4436
10946,10947,production,0.4902
10947,10948,production,0.4176
10948,10949,production,0.4332
10949,10950,production,0.4729
10950,10951,production,0.4725
10951,10952,production,0.4477
10952,10953,production,0.4204
10953,10954,production,0.4006
10954,10955,production,0.4731
10955,10956,production,0.4734
10956,10957,production,0.4216
10957,10958,production,0.4376
10958,10959,production,0.4507
10959,10960,production,0.4267
10960,10961,production,0.4337
10961,10962,production,0.4525
10962,10963,production,0.4769
10963,10964,production,0.4729
10964,10965,production,0.4705
10965,10966,production,0.365
10966,10967,production,0.4457
10967,10968,production,0.4674
10968,10969,production,0.428
10969,10970,production,0.4317
10970,10971,production,0.4337
10971,10972,production,0.457
10972,10973,production,0.4535
10973,10974,production,0.4582
10974,10975,production,0.4407
10975,10976,production,0.4594
10976,10977,production,0.4692
10977,10978,production,0.4421
10978,10979,production,0.4068
10979,10980,production,0.4926
10980,10981,production,0.4579
10981,10982,production,0.4399
10982,10983,production,0.4398
10983,10984,production,0.3638
10984,10985,production,0.4524
10985,10986,production,0.4594
10986,10987,production,0.4603
10987,10988,production,0.4349
10988,10989,production,0.4715
10989,10990,production,0.4217
10990,10991,production,0.4342
10991,10992,production,0.4433
10992,10993,production,0.4016
10993,10994,production,0.443
10994,10995,production,0.4621
10995,10996,production,0.4619
10996,10997,production,0.4432
10997,10998,production,0.435
10998,10999,production,0.4475
10999,11000,production,0.4442
11000,11001,production,0.4441
11001,11002,production,0.4703
11002,11003,production,0.4642
11003,11004,production,0.4388
11004,11005,production,0.4336
11005,11006,production,0.4864
11006,11007,production,0.4548
11007,11008,production,0.4529
11008,11009,production,0.4557
11009,11010,production,0.4593
11010,11011,production,0.4326
11011,11012,production,0.4399
11012,11013,production,0.3898
11013,11014,production,0.436
11014,11015,production,0.4322
11015,11016,production,0.4178
11016,11017,production,0.35
11017,11018,production,0.4549
11018,11019,production,0.4533
11019,11020,production,0.4053
11020,11021,production,0.4512
11021,11022,production,0.4305
11022,11023,production,0.4742
11023,11024,production,0.4661
11024,11025,production,0.4317
11025,11026,production,0.4281
11026,11027,production,0.473
11027,11028,production,0.4765
11028,11029,production,0.4862
11029,11030,production,0.4626
11030,11031,production,0.3524
11031,11032,production,0.3971
11032,11033,production,0.409
11033,11034,production,0.467
11034,11035,production,0.4354
11035,11036,production,0.4562
11036,11037,production,0.4051
11037,11038,production,0.4607
11038,11039,production,0.4553
11039,11040,production,0.455
11040,11041,production,0.4517
11041,11042,production,0.4721
11042,11043,production,0.4445
11043,11044,production,0.0
11044,11045,production,0.0
11045,11046,production,0.0
11046,11047,production,0.0
11047,11048,production,0.0
11048,11049,production,0.0
11049,11050,production,0.0
11050,11051,production,0.0
11051,11052,production,0.0
11052,11053,production,0.0
11053,11054,production,0.0
11054,11055,production,0.0
11055,11056,production,0.0
11056,11057,production,0.0
11057,11058,production,0.0
11058,11059,production,0.0
11059,11060,production,0.0
11060,11061,production,0.0
11061,11062,production,0.0
11062,11063,production,0.0
11063,11064,production,0.0
11064,11065,production,0.0
11065,11066,production,0.0
11066,11067,production,0.0
11067,11068,production,0.0
11068,11069,production,0.0
11069,11070,production,0.0
11070,11071,production,0.0
11071,11072,production,0.0
11072,11073,production,0.0
11073,11074,production,0.0
11074,11075,production,0.0
11075,11076,production,0.0
11076,11077,production,0.0
11077,11078,production,0.0
11078,11079,production,0.0
11079,11080,production,0.0
11080,11081,production,0.0
11081,11082,production,0.0
11082,11083,production,0.0
11083,11084,production,0.0
11084,11085,production,0.0
11085,11086,production,0.0
11086,11087,production,0.0
11087,11088,production,0.0
11088,11089,production,0.0
11089,11090,production,0.0
11090,11091,production,0.0
11091,11092,production,0.0
11092,11093,production,0.0
11093,11094,production,0.0
11094,11095,production,0.0
11095,11096,production,0.0
11096,11097,production,0.0
11097,11098,production,0.0
11098,11099,production,0.0
11099,11100,production,0.0
11100,11101,production,0.0
11101,11102,production,0.0
11102,11103,production,0.0
11103,11104,production,0.0
11104,11105,production,0.0
11105,11106,production,0.0
11106,11107,production,0.0
11107,11108,production,0.0
11108,11109,production,0.0
11109,11110,production,0.3154
11110,11111,production,0.2061
11111,11112,production,0.0227
11112,11113,production,0.268
11113,11114,production,0.1381
11114,11115,production,0.2618
11115,11116,production,0.0928
11116,11117,production,0.2824
11117,11118,production,0.2329
11118,11119,production,0.2412
11119,11120,production,0.099
11120,11121,production,0.1608
11121,11122,production,0.336
11122,11123,production,0.1876
11123,11124,production,0.268
11124,11125,production,0.2742
11125,11126,production,0.27
11126,11127,production,0.1896
11127,11128,production,0.1402
11128,11129,production,0.2185
11129,11130,production,0.0495
11130,11131,production,0.0824
11131,11132,production,0.1113
11132,11133,production,0.2103
11133,11134,production,0.1566
11134,11135,production,0.0144
11135,11136,production,0.0165
11136,11137,production,0.0165
11137,11138,production,0.0536
11138,11139,production,0.0
11139,11140,production,0.0
11140,11141,production,0.0392
11141,11142,production,0.1381
11142,11143,production,0.0
11143,11144,production,0.0392
11144,11145,production,0.1154
11145,11146,production,0.0289
11146,11147,production,0.0495
11147,11148,production,0.1072
11148,11149,production,0.0515
11149,11150,production,0.0
11150,11151,production,0.1154
11151,11152,production,0.169
11152,11153,production,0.1649
11153,11154,production,0.0639
11154,11155,production,0.1051
11155,11156,production,0.1134
11156,11157,production,0.2061
11157,11158,production,0.0969
11158,11159,production,0.2391
11159,11160,production,0.1587
11160,11161,production,0.1525
11161,11162,production,0.1443
11162,11163,production,0.2206
11163,11164,production,0.2185
11164,11165,production,0.235
11165,11166,production,0.1134
11166,11167,production,0.1773
11167,11168,production,0.0948
11168,11169,production,0.3113
11169,11170,production,0.2803
11170,11171,production,0.1835
11171,11172,production,0.1587
11172,11173,production,0.0
11173,11174,production,0.0
11174,11175,production,0.0
11175,11176,production,0.0
11176,11177,production,0.0
11177,11178,production,0.0
11178,11179,production,0.0
11179,11180,production,0.0469
11180,11181,production,0.0771
11181,11182,production,0.0
11182,11183,production,0.0
11183,11184,production,0.0
11184,11185,production,0.0
11185,11186,production,0.062
11186,11187,production,0.0
11187,11188,production,0.0
11188,11189,production,0.0577
11189,11190,production,0.0
11190,11191,production,0.1525
11191,11192,production,0.0
11192,11193,production,0.0
11193,11194,production,0.0
11194,11195,production,0.0
11195,11196,production,0.0
11196,11197,production,0.0536
11197,11198,production,0.0
11198,11199,production,0.0
11199,11200,production,0.0
11200,11201,production,0.0
11201,11202,production,0.0
11202,11203,production,0.1896
11203,11204,production,0.2185
11204,11205,production,0.1814
11205,11206,production,0.1979
11206,11207,production,0.1711
11207,11208,production,0.0763
11208,11209,production,0.1422
11209,11210,production,0.2948
11210,11211,production,0.1794
11211,11212,production,0.202
11212,11213,production,0.1237
11213,11214,production,0.1711
11214,11215,production,0.2247
11215,11216,production,0.2474
11216,11217,production,0.2907
11217,11218,production,0.202
11218,11219,production,0.402
11219,11220,production,0.268
11220,11221,production,0.3009
11221,11222,production,0.336
11222,11223,production,0.0186
11223,11224,production,0.2412
11224,11225,production,0.402
11225,11226,production,0.2267
11226,11227,production,0.0
11227,11228,production,0.0
11228,11229,production,0.0
11229,11230,production,0.0
11230,11231,production,0.101
11231,11232,production,0.0
11232,11233,production,0.0
11233,11234,production,0.0
11234,11235,production,0.0
11235,11236,production,0.0
11236,11237,production,0.0
11237,11238,production,0.0
11238,11239,production,0.0
11239,11240,production,0.0
11240,11241,production,0.0
11241,11242,production,0.0
11242,11243,production,0.27
11243,11244,production,0.2391
11244,11245,production,0.0
11245,11246,production,0.0
11246,11247,production,0.1154
11247,11248,production,0.0
11248,11249,production,0.0
11249,11250,production,0.0
11250,11251,production,0.0
11251,11252,production,0.0
11252,11253,production,0.0
11253,11254,production,0.0
11254,11255,production,0.0
11255,11256,production,0.0067
11256,11257,production,0.0
11257,11258,production,0.0
11258,11259,production,0.0
11259,11260,production,0.0247
11260,11261,production,0.0
11261,11262,production,0.0
11262,11263,production,0.0
11263,11264,production,0.0
11264,11265,production,0.0
11265,11266,production,0.0
11266,11267,production,0.0
11267,11268,production,0.0
11268,11269,production,0.057
11269,11270,production,0.0
11270,11271,production,0.0
11271,11272,production,0.0
11272,11273,production,0.0
11273,11274,production,0.0
11274,11275,production,0.0
11275,11276,production,0.0
11276,11277,production,0.0
11277,11278,production,0.0
11278,11279,production,0.0
11279,11280,production,0.0
11280,11281,production,0.0
11281,11282,production,0.0
11282,11283,production,0.0
11283,11284,production,0.0
11284,11285,production,0.0
11285,11286,production,0.0577
11286,11287,production,0.0886
11287,11288,production,0.2577
11288,11289,production,0.237
11289,11290,production,0.1072
11290,11291,production,0.1794
11291,11292,production,0.0598
11292,11293,production,0.0
11293,11294,production,0.0
11294,11295,production,0.0
11295,11296,production,0.0
11296,11297,production,0.0
11297,11298,production,0.0
11298,11299,production,0.0
11299,11300,production,0.0
11300,11301,production,0.0
11301,11302,production,0.0
11302,11303,production,0.0
11303,11304,production,0.0
11304,11305,production,0.0
11305,11306,production,0.0
11306,11307,production,0.0
11307,11308,production,0.0
11308,11309,production,0.0
11309,11310,production,0.0
11310,11311,production,0.0
11311,11312,production,0.0
11312,11313,production,0.0
11313,11314,production,0.0
11314,11315,production,0.0
11315,11316,production,0.0
11316,11317,production,0.0
11317,11318,production,0.0
11318,11319,production,0.0
11319,11320,production,0.0
11320,11321,production,0.0
11321,11322,production,0.0
11322,11323,production,0.0
11323,11324,production,0.0
11324,11325,production,0.0
11325,11326,production,0.0
11326,11327,production,0.0
11327,11328,production,0.0
11328,11329,production,0.0
11329,11330,production,0.0
11330,11331,production,0.0
11331,11332,production,0.0
11332,11333,production,0.0
11333,11334,production,0.0
11334,11335,production,0.0
11335,11336,production,0.0
11336,11337,production,0.0
11337,11338,production,0.0
11338,11339,production,0.0
11339,11340,production,0.0
11340,11341,production,0.0
11341,11342,production,0.0
11342,11343,production,0.0
11343,11344,production,0.0
11344,11345,production,0.0
11345,11346,production,0.0
11346,11347,production,0.0
11347,11348,production,0.0
11348,11349,production,0.0
11349,11350,production,0.0
11350,11351,production,0.0
11351,11352,production,0.0
11352,11353,production,0.0
11353,11354,production,0.0
11354,11355,production,0.0
11355,11356,production,0.0
11356,11357,production,0.0
11357,11358,production,0.0
11358,11359,production,0.0
11359,11360,production,0.0
11360,11361,production,0.0
11361,11362,production,0.0
11362,11363,production,0.0
11363,11364,production,0.0
11364,11365,production,0.0
11365,11366,production,0.0
11366,11367,production,0.0
11367,11368,production,0.0
11368,11369,production,0.0
11369,11370,production,0.0
11370,11371,production,0.0
11371,11372,production,0.0
11372,11373,production,0.0
11373,11374,production,0.0
11374,11375,production,0.0
11375,11376,production,0.0
11376,11377,production,0.0
11377,11378,production,0.0
11378,11379,production,0.0
11379,11380,production,0.0
11380,11381,production,0.0
11381,11382,production,0.0
11382,11383,production,0.0
11383,11384,production,0.0
11384,11385,production,0.0
11385,11386,production,0.0
11386,11387,production,0.0
11387,11388,production,0.0
11388,11389,production,0.0
11389,11390,production,0.0
11390,11391,production,0.0
11391,11392,production,0.0
11392,11393,production,0.0
11393,11394,production,0.0
11394,11395,production,0.0
11395,11396,production,0.0
11396,11397,production,0.0
11397,11398,production,0.0
11398,11399,production,0.0
11399,11400,production,0.0
11400,11401,production,0.0
11401,11402,production,0.0
11402,11403,production,0.0
11403,11404,production,0.0
11404,11405,production,0.7317
11405,11406,production,0.7662
11406,11407,production,0.7725
11407,11408,production,0.7679
11408,11409,production,0.8513
11409,11410,production,0.7625
11410,11411,production,0.7905
11411,11412,production,0.7905
11412,11413,production,0.7361
11413,11414,production,0.6889
11414,11415,production,0.772
11415,11416,production,0.7135
11416,11417,production,0.7905
11417,11418,production,0.762
11418,11419,production,0.7905
11419,11420,production,0.7849
11420,11421,production,0.6846
11421,11422,production,0.7905
11422,11423,production,0.789
11423,11424,production,0.7905
11424,11425,production,0.8555
11425,11426,production,0.7905
11426,11427,production,0.7905
11427,11428,production,0.7905
11428,11429,production,0.7154
11429,11430,production,0.7708
11430,11431,production,0.7839
11431,11432,production,0.7681
11432,11433,production,0.7905
11433,11434,production,0.7665
11434,11435,production,0.7529
11435,11436,production,0.7905
11436,11437,production,0.7377
11437,11438,production,0.7647
11438,11439,production,0.7905
11439,11440,production,0.7585
11440,11441,production,0.7539
11441,11442,production,0.7332
11442,11443,production,0.7219
11443,11444,production,0.7563
11444,11445,production,0.7905
11445,11446,production,0.7306
11446,11447,production,0.7723
11447,11448,production,0.773
11448,11449,production,0.734
11449,11450,production,0.6814
11450,11451,production,0.706
11451,11452,production,0.7537
11452,11453,production,0.7905
11453,11454,production,0.7038
11454,11455,production,0.7531
11455,11456,production,0.7905
11456,11457,production,0.7696
11457,11458,production,0.7018
11458,11459,production,0.7538
11459,11460,production,0.6353
11460,11461,production,0.7611
11461,11462,production,0.7232
11462,11463,production,0.7585
11463,11464,production,0.7824
11464,11465,production,0.7448
11465,11466,production,0.7361
11466,11467,production,0.7361
11467,11468,production,0.7905
11468,11469,production,0.7847
11469,11470,production,0.7487
11470,11471,production,0.7739
11471,11472,production,0.7348
11472,11473,production,0.6357
11473,11474,production,0.5408
11474,11475,production,0.5587
11475,11476,production,0.6126
11476,11477,production,0.5919
11477,11478,production,0.5735
11478,11479,production,0.6062
11479,11480,production,0.5719
11480,11481,production,0.6639
11481,11482,production,0.6261
11482,11483,production,0.5738
11483,11484,production,0.588
11484,11485,production,0.4774
11485,11486,production,0.5722
11486,11487,production,0.6137
11487,11488,production,0.6284
11488,11489,production,0.5716
11489,11490,production,0.5692
11490,11491,production,0.6634
11491,11492,production,0.5993
11492,11493,production,0.6121
11493,11494,production,0.6112
11494,11495,production,0.5602
11495,11496,production,0.6099
11496,11497,production,0.5998
11497,11498,production,0.6074
11498,11499,production,0.6565
11499,11500,production,0.5845
11500,11501,production,0.6118
11501,11502,production,0.5445
11502,11503,production,0.5383
11503,11504,production,0.0
11504,11505,production,0.0
11505,11506,production,0.0
11506,11507,production,0.0
11507,11508,production,0.0
11508,11509,production,0.0
11509,11510,production,0.0
11510,11511,production,0.0
11511,11512,production,0.0
11512,11513,production,0.0
11513,11514,production,0.0
11514,11515,production,0.0
11515,11516,production,0.0
11516,11517,production,0.0
11517,11518,production,0.0
11518,11519,production,0.0
11519,11520,production,0.0
11520,11521,production,0.0
11521,11522,production,0.0
11522,11523,production,0.0
11523,11524,production,0.0
11524,11525,production,0.0
11525,11526,production,0.0
11526,11527,production,0.0
11527,11528,production,0.0
11528,11529,production,0.0
11529,11530,production,0.0
11530,11531,production,0.0
11531,11532,production,0.0
11532,11533,production,0.0
11533,11534,production,0.0
11534,11535,production,0.0
11535,11536,production,0.0
11536,11537,production,0.0
11537,11538,production,0.0
11538,11539,production,0.0
11539,11540,production,0.0
11540,11541,production,0.0
11541,11542,production,0.0
11542,11543,production,0.0
11543,11544,production,0.0
11544,11545,production,0.0
11545,11546,production,0.0
11546,11547,production,0.0
11547,11548,production,0.0
11548,11549,production,0.0
11549,11550,production,0.0
11550,11551,production,0.0
11551,11552,production,0.0
11552,11553,production,0.0
11553,11554,production,0.0
11554,11555,production,0.0
11555,11556,production,0.0
11556,11557,production,0.0
11557,11558,production,0.0
11558,11559,production,0.0
11559,11560,production,0.0
11560,11561,production,0.0
11561,11562,production,0.0
11562,11563,production,0.0
11563,11564,production,0.0
11564,11565,production,0.0
11565,11566,production,0.0
11566,11567,production,0.0
11567,11568,production,0.0
11568,11569,production,0.0
11569,11570,production,0.0
11570,11571,production,0.0
11571,11572,production,0.0
11572,11573,production,0.0
11573,11574,production,0.0
11574,11575,production,0.0
11575,11576,production,0.0
11576,11577,production,0.0
11577,11578,production,0.0
11578,11579,production,0.0
11579,11580,production,0.0
11580,11581,production,0.0
11581,11582,production,0.0
11582,11583,production,0.0
11583,11584,production,0.0
11584,11585,production,0.0
11585,11586,production,0.0
11586,11587,production,0.0
11587,11588,production,0.0
11588,11589,production,0.0
11589,11590,production,0.0
11590,11591,production,0.0
11591,11592,production,0.0
11592,11593,production,0.0
11593,11594,production,0.0
11594,11595,production,0.0
11595,11596,production,0.0
11596,11597,production,0.0
11597,11598,production,0.0
11598,11599,production,0.0
11599,11600,production,0.0
11600,11601,production,0.0
11601,11602,production,0.0
11602,11603,production,0.0
11603,11604,production,0.0
11604,11605,production,0.0
11605,11606,production,0.0
11606,11607,production,0.0
11607,11608,production,0.0
11608,11609,production,0.0
11609,11610,production,0.0
11610,11611,production,0.0
11611,11612,production,0.0
11612,11613,production,0.0
11613,11614,production,0.0
11614,11615,production,0.0
11615,11616,production,0.0
11616,11617,production,0.0
11617,11618,production,0.0
11618,11619,production,0.0
11619,11620,production,0.0
11620,11621,production,0.0
11621,11622,production,0.0
11622,11623,production,0.0
11623,11624,production,0.0
11624,11625,production,0.0
11625,11626,production,0.0
11626,11627,production,0.0
11627,11628,production,0.0
11628,11629,production,0.0
11629,11630,production,0.0
11630,11631,production,0.0
11631,11632,production,0.0
11632,11633,production,0.0
11633,11634,production,0.0
11634,11635,production,0.0
11635,11636,production,0.0
11636,11637,production,0.0
11637,11638,production,0.0
11638,11639,production,0.0
11639,11640,production,0.0
11640,11641,production,0.0
11641,11642,production,0.0
11642,11643,production,0.0
11643,11644,production,0.0
11644,11645,production,0.0
11645,11646,production,0.0
11646,11647,production,0.0
11647,11648,production,0.0
11648,11649,production,0.0
11649,11650,production,0.0
11650,11651,production,0.0
11651,11652,production,0.0
11652,11653,production,0.0
11653,11654,production,0.0
11654,11655,production,0.0
11655,11656,production,0.0
11656,11657,production,0.0
11657,11658,production,0.0
11658,11659,production,0.0
11659,11660,production,0.0
11660,11661,production,0.0
11661,11662,production,0.0
11662,11663,production,0.0
11663,11664,production,0.0
11664,11665,production,0.0
11665,11666,production,0.0
11666,11667,production,0.0
11667,11668,production,0.0
11668,11669,production,0.0
11669,11670,production,0.0
11670,11671,production,0.0
11671,11672,production,0.0
11672,11673,production,0.1042
11673,11674,production,0.0
11674,11675,production,0.3417
11675,11676,production,0.15
11676,11677,production,0.0833
11677,11678,production,0.3167
11678,11679,production,0.3208
11679,11680,production,0.2583
11680,11681,production,0.0
11681,11682,production,0.025
11682,11683,production,0.0708
11683,11684,production,0.25
11684,11685,production,0.1833
11685,11686,production,0.2083
11686,11687,production,0.0375
11687,11688,production,0.4
11688,11689,production,0.1833
11689,11690,production,0.2208
11690,11691,production,0.2042
11691,11692,production,0.2875
11692,11693,production,0.1917
11693,11694,production,0.0
11694,11695,production,0.1292
11695,11696,production,0.1
11696,11697,production,0.025
11697,11698,production,0.3083
11698,11699,production,0.225
11699,11700,production,0.1333
11700,11701,production,0.4458
11701,11702,production,0.2125
11702,11703,production,0.0
11703,11704,production,0.2625
11704,11705,production,0.125
11705,11706,production,0.3292
11706,11707,production,0.4083
11707,11708,production,0.2292
11708,11709,production,0.0
11709,11710,production,0.0875
11710,11711,production,0.2792
11711,11712,production,0.3083
11712,11713,production,0.0
11713,11714,production,0.0
11714,11715,production,0.0792
11715,11716,production,0.0708
11716,11717,production,0.075
11717,11718,production,0.0708
11718,11719,production,0.275
11719,11720,production,0.3125
11720,11721,production,0.2167
11721,11722,production,0.175
11722,11723,production,0.1917
11723,11724,production,0.1792
11724,11725,production,0.1708
11725,11726,production,0.2292
11726,11727,production,0.15
11727,11728,production,0.2125
11728,11729,production,0.0292
11729,11730,production,0.0792
11730,11731,production,0.0
11731,11732,production,0.075
11732,11733,production,0.0625
11733,11734,production,0.2417
11734,11735,production,0.275
11735,11736,production,0.1208
11736,11737,production,0.1292
11737,11738,production,0.2625
11738,11739,production,0.2083
11739,11740,production,0.1125
11740,11741,production,0.0125
11741,11742,production,0.0
11742,11743,production,0.2333
11743,11744,production,0.1667
11744,11745,production,0.0
11745,11746,production,0.1083
11746,11747,production,0.2417
11747,11748,production,0.0917
11748,11749,production,0.0833
11749,11750,production,0.4
11750,11751,production,0.1083
11751,11752,production,0.2917
11752,11753,production,0.2833
11753,11754,production,0.0625
11754,11755,production,0.1583
11755,11756,production,0.0542
11756,11757,production,0.1083
11757,11758,production,0.2292
11758,11759,production,0.1
11759,11760,production,0.325
11760,11761,production,0.175
11761,11762,production,0.0167
11762,11763,production,0.3375
11763,11764,production,0.1125
11764,11765,production,0.0583
11765,11766,production,0.2583
11766,11767,production,0.2917
11767,11768,production,0.0
11768,11769,production,0.1667
11769,11770,production,0.1792
11770,11771,production,0.1958
11771,11772,production,0.1458
11772,11773,production,0.4
11773,11774,production,0.1875
11774,11775,production,0.3042
11775,11776,production,0.3542
11776,11777,production,0.2167
11777,11778,production,0.2917
11778,11779,production,0.0
11779,11780,production,0.2958
11780,11781,production,0.3417
11781,11782,production,0.1875
11782,11783,production,0.2125
11783,11784,production,0.0625
11784,11785,production,0.0417
11785,11786,production,0.3292
11786,11787,production,0.2375
11787,11788,production,0.0333
11788,11789,production,0.3125
11789,11790,production,0.2125
11790,11791,production,0.0
11791,11792,production,0.3333
11792,11793,production,0.1667
11793,11794,production,0.3292
11794,11795,production,0.2167
11795,11796,production,0.0
11796,11797,production,0.2333
11797,11798,production,0.125
11798,11799,production,0.2125
11799,11800,production,0.2042
11800,11801,production,0.1417
11801,11802,production,0.1458
11802,11803,production,0.175
11803,11804,production,0.3958
11804,11805,production,0.175
11805,11806,production,0.1458
11806,11807,production,0.0542
11807,11808,production,0.0917
11808,11809,production,0.1833
11809,11810,production,0.1458
11810,11811,production,0.0
11811,11812,production,0.2708
11812,11813,production,0.2875
11813,11814,production,0.2583
11814,11815,production,0.2875
11815,11816,production,0.0375
11816,11817,production,0.1958
11817,11818,production,0.0042
11818,11819,production,0.1292
11819,11820,production,0.1208
11820,11821,production,0.0
11821,11822,production,0.2167
11822,11823,production,0.3917
11823,11824,production,0.0708
11824,11825,production,0.0667
11825,11826,production,0.0083
11826,11827,production,0.05
11827,11828,production,0.1917
11828,11829,production,0.3208
11829,11830,production,0.1542
11830,11831,production,0.2042
11831,11832,production,0.2083
11832,11833,production,0.2167
11833,11834,production,0.3333
11834,11835,production,0.2958
11835,11836,production,0.275
11836,11837,production,0.1667
11837,11838,production,0.1208
11838,11839,production,0.175
11839,11840,production,0.0
11840,11841,production,0.2625
11841,11842,production,0.175
11842,11843,production,0.2375
11843,11844,production,0.1625
11844,11845,production,0.2708
11845,11846,production,0.1833
11846,11847,production,0.1125
11847,11848,production,0.1583
11848,11849,production,0.0875
11849,11850,production,0.4
11850,11851,production,0.1958
11851,11852,production,0.1542
11852,11853,production,0.1958
11853,11854,production,0.2708
11854,11855,production,0.175
11855,11856,production,0.1125
11856,11857,production,0.2458
11857,11858,production,0.1917
11858,11859,production,0.1917
11859,11860,production,0.125
11860,11861,production,0.2792
11861,11862,production,0.1
11862,11863,production,0.3042
11863,11864,production,0.15
11864,11865,production,0.2667
11865,11866,production,0.0792
11866,11867,production,0.3208
11867,11868,production,0.1917
11868,11869,production,0.2167
11869,11870,production,0.0583
11870,11871,production,0.3083
11871,11872,production,0.25
11872,11873,production,0.3083
11873,11874,production,0.05
11874,11875,production,0.0792
11875,11876,production,0.3208
11876,11877,production,0.3125
11877,11878,production,0.1208
11878,11879,production,0.0667
11879,11880,production,0.125
11880,11881,production,0.0833
11881,11882,production,0.0875
11882,11883,production,0.1
11883,11884,production,0.1833
11884,11885,production,0.4292
11885,11886,production,0.2958
11886,11887,production,0.1333
11887,11888,production,0.3042
11888,11889,production,0.225
11889,11890,production,0.3208
11890,11891,production,0.1917
11891,11892,production,0.0708
11892,11893,production,0.0167
11893,11894,production,0.2125
11894,11895,production,0.1167
11895,11896,production,0.1208
11896,11897,production,0.1083
11897,11898,production,0.3208
11898,11899,production,0.2833
11899,11900,production,0.3042
11900,11901,production,0.2292
11901,11902,production,0.3333
11902,11903,production,0.0208
11903,11904,production,0.2583
11904,11905,production,0.1583
11905,11906,production,0.225
11906,11907,production,0.0375
11907,11908,production,0.0042
11908,11909,production,0.1417
11909,11910,production,0.0708
11910,11911,production,0.1625
11911,11912,production,0.1625
11912,11913,production,0.0833
11913,11914,production,0.275
11914,11915,production,0.1667
11915,11916,production,0.4333
11916,11917,production,0.3708
11917,11918,production,0.0083
11918,11919,production,0.2625
11919,11920,production,0.2708
11920,11921,production,0.1333
11921,11922,production,0.2792
11922,11923,production,0.2125
11923,11924,production,0.3875
11924,11925,production,0.2958
11925,11926,production,0.0833
11926,11927,production,0.2208
11927,11928,production,0.2083
11928,11929,production,0.125
11929,11930,production,0.0
11930,11931,production,0.2542
11931,11932,production,0.1708
11932,11933,production,0.0
11933,11934,production,0.1333
11934,11935,production,0.1708
11935,11936,production,0.2042
11936,11937,production,0.3958
11937,11938,production,0.0875
11938,11939,production,0.0833
11939,11940,production,0.2167
11940,11941,production,0.1667
11941,11942,production,0.2
11942,11943,production,0.2083
11943,11944,production,0.3292
11944,11945,production,0.2792
11945,11946,production,0.1625
11946,11947,production,0.1417
11947,11948,production,0.1792
11948,11949,production,0.2458
11949,11950,production,0.1458
11950,11951,production,0.175
11951,11952,production,0.425
11952,11953,production,0.2667
11953,11954,production,0.175
11954,11955,production,0.2
11955,11956,production,0.2625
11956,11957,production,0.4958
11957,11958,production,0.2458
11958,11959,production,0.2333
11959,11960,production,0.2875
11960,11961,production,0.1958
11961,11962,production,0.0
11962,11963,production,0.0958
11963,11964,production,0.1458
11964,11965,production,0.1458
11965,11966,production,0.2167
11966,11967,production,0.2167
11967,11968,production,0.3083
11968,11969,production,0.1292
11969,11970,production,0.1667
11970,11971,production,0.3042
11971,11972,production,0.1167
11972,11973,production,0.0875
11973,11974,production,0.1042
11974,11975,production,0.2458
11975,11976,production,0.0958
11976,11977,production,0.1833
11977,11978,production,0.1917
11978,11979,production,0.2
11979,11980,production,0.0
11980,11981,production,0.1125
11981,11982,production,0.15
11982,11983,production,0.3833
11983,11984,production,0.2083
11984,11985,production,0.2583
11985,11986,production,0.1458
11986,11987,production,0.1
11987,11988,production,0.0
11988,11989,production,0.1542
11989,11990,production,0.3417
11990,11991,production,0.1542
11991,11992,production,0.2083
11992,11993,production,0.3083
11993,11994,production,0.0
11994,11995,production,0.1875
11995,11996,production,0.1958
11996,11997,production,0.1458
11997,11998,production,0.1458
11998,11999,production,0.2083
11999,12000,production,0.3083
12000,12001,production,0.1583
12001,12002,production,0.2792
12002,12003,production,0.1625
12003,12004,production,0.0875
12004,12005,production,0.0542
12005,12006,production,0.0
12006,12007,production,0.2792
12007,12008,production,0.075
12008,12009,production,0.25
12009,12010,production,0.0
12010,12011,production,0.0
12011,12012,production,0.3417
12012,12013,production,0.0208
12013,12014,production,0.2917
12014,12015,production,0.2292
12015,12016,production,0.15
12016,12017,production,0.3792
12017,12018,production,0.2417
12018,12019,production,0.0292
12019,12020,production,0.2667
12020,12021,production,0.0917
12021,12022,production,0.0917
12022,12023,production,0.1333
12023,12024,production,0.1208
12024,12025,production,0.1958
12025,12026,production,0.0708
12026,12027,production,0.2417
12027,12028,production,0.2667
12028,12029,production,0.2167
12029,12030,production,0.1667
12030,12031,production,0.35
12031,12032,production,0.15
12032,12033,production,0.0958
12033,12034,production,0.0
12034,12035,production,0.1875
12035,12036,production,0.2542
12036,12037,production,0.1083
12037,12038,production,0.2
12038,12039,production,0.2208
12039,12040,production,0.1083
12040,12041,production,0.2583
12041,12042,production,0.1667
12042,12043,production,0.1583
12043,12044,production,0.2125
12044,12045,production,0.0708
12045,12046,production,0.0
12046,12047,production,0.0458
12047,12048,production,0.2583
12048,12049,production,0.2417
12049,12050,production,0.1542
12050,12051,production,0.15
12051,12052,production,0.3208
12052,12053,production,0.2125
12053,12054,production,0.35
12054,12055,production,0.2917
12055,12056,production,0.0083
12056,12057,production,0.0833
12057,12058,production,0.4417
12058,12059,production,0.0917
12059,12060,production,0.3083
12060,12061,production,0.3458
12061,12062,production,0.1083
12062,12063,production,0.2667
12063,12064,production,0.0458
12064,12065,production,0.3375
12065,12066,production,0.2292
12066,12067,production,0.2417
12067,12068,production,0.3333
12068,12069,production,0.2167
12069,12070,production,0.3792
12070,12071,production,0.3083
12071,12072,production,0.1958
12072,12073,production,0.1917
12073,12074,production,0.0
12074,12075,production,0.1
12075,12076,production,0.2583
12076,12077,production,0.0
12077,12078,production,0.3292
12078,12079,production,0.3667
12079,12080,production,0.2333
12080,12081,production,0.1208
12081,12082,production,0.325
12082,12083,production,0.0333
12083,12084,production,0.0
12084,12085,production,0.1292
12085,12086,production,0.3125
12086,12087,production,0.15
12087,12088,production,0.2542
12088,12089,production,0.0208
12089,12090,production,0.2208
12090,12091,production,0.0167
12091,12092,production,0.0375
12092,12093,production,0.0542
12093,12094,production,0.0708
12094,12095,production,0.1333
12095,12096,production,0.075
12096,12097,production,0.2292
12097,12098,production,0.0917
12098,12099,production,0.1042
12099,12100,production,0.275
12100,12101,production,0.0
12101,12102,production,0.1917
12102,12103,production,0.1292
12103,12104,production,0.0042
12104,12105,production,0.2042
12105,12106,production,0.3417
12106,12107,production,0.0
12107,12108,production,0.1292
12108,12109,production,0.2625
12109,12110,production,0.3542
12110,12111,production,0.15
12111,12112,production,0.0417
12112,12113,production,0.0125
12113,12114,production,0.1375
12114,12115,production,0.0
12115,12116,production,0.275
12116,12117,production,0.2417
12117,12118,production,0.1625
12118,12119,production,0.0167
12119,12120,production,0.3125
12120,12121,production,0.2375
12121,12122,production,0.2958
12122,12123,production,0.2
12123,12124,production,0.075
12124,12125,production,0.0
12125,12126,production,0.1042
12126,12127,production,0.2667
12127,12128,production,0.1625
12128,12129,production,0.1625
12129,12130,production,0.1
12130,12131,production,0.2458
12131,12132,production,0.175
12132,12133,production,0.1417
12133,12134,production,0.275
12134,12135,production,0.1708
12135,12136,production,0.2583
12136,12137,production,0.0
12137,12138,production,0.1792
12138,12139,production,0.1708
12139,12140,production,0.3667
12140,12141,production,0.2875
12141,12142,production,0.2792
12142,12143,production,0.2542
12143,12144,production,0.0208
12144,12145,production,0.1792
12145,12146,production,0.0333
12146,12147,production,0.3208
12147,12148,production,0.2042
12148,12149,production,0.15
12149,12150,production,0.0
12150,12151,production,0.225
12151,12152,production,0.2083
12152,12153,production,0.1125
12153,12154,production,0.1833
12154,12155,production,0.1292
12155,12156,production,0.0042
12156,12157,production,0.4583
12157,12158,production,0.2458
12158,12159,production,0.0708
12159,12160,production,0.3667
12160,12161,production,0.1583
12161,12162,production,0.0958
12162,12163,production,0.0
12163,12164,production,0.4333
12164,12165,production,0.1792
12165,12166,production,0.125
12166,12167,production,0.1833
12167,12168,production,0.3
12168,12169,production,0.1542
12169,12170,production,0.1542
12170,12171,production,0.3792
12171,12172,production,0.3792
12172,12173,production,0.1042
12173,12174,production,0.1583
12174,12175,production,0.0542
12175,12176,production,0.0
12176,12177,production,0.3625
12177,12178,production,0.25
12178,12179,production,0.125
12179,12180,production,0.0042
12180,12181,production,0.1458
12181,12182,production,0.3625
12182,12183,production,0.3333
12183,12184,production,0.2542
12184,12185,production,0.2167
12185,12186,production,0.3875
12186,12187,production,0.2417
12187,12188,production,0.0583
12188,12189,production,0.1208
12189,12190,production,0.15
12190,12191,production,0.0833
12191,12192,production,0.4083
12192,12193,production,0.1458
12193,12194,production,0.2667
12194,12195,production,0.0625
12195,12196,production,0.2125
12196,12197,production,0.1167
12197,12198,production,0.1875
12198,12199,production,0.175
12199,12200,production,0.1375
12200,12201,production,0.0375
12201,12202,production,0.4792
12202,12203,production,0.1875
12203,12204,production,0.225
12204,12205,production,0.225
12205,12206,production,0.3417
12206,12207,production,0.025
12207,12208,production,0.275
12208,12209,production,0.3208
12209,12210,production,0.2625
12210,12211,production,0.2208
12211,12212,production,0.0333
12212,12213,production,0.0917
12213,12214,production,0.275
12214,12215,production,0.375
12215,12216,production,0.0833
12216,12217,production,0.0917
12217,12218,production,0.0
12218,12219,production,0.2125
12219,12220,production,0.0625
12220,12221,production,0.0667
12221,12222,production,0.0083
12222,12223,production,0.2958
12223,12224,production,0.3583
12224,12225,production,0.0125
12225,12226,production,0.2708
12226,12227,production,0.3375
12227,12228,production,0.0833
12228,12229,production,0.2708
12229,12230,production,0.0542
12230,12231,production,0.1875
12231,12232,production,0.0
12232,12233,production,0.2208
12233,12234,production,0.3542
12234,12235,production,0.4417
12235,12236,production,0.1917
12236,12237,production,0.2792
12237,12238,production,0.275
12238,12239,production,0.2708
12239,12240,production,0.225
12240,12241,production,0.0917
12241,12242,production,0.2667
12242,12243,production,0.3375
12243,12244,production,0.225
12244,12245,production,0.25
12245,12246,production,0.225
12246,12247,production,0.2042
12247,12248,production,0.125
12248,12249,production,0.0
12249,12250,production,0.0375
12250,12251,production,0.2917
12251,12252,production,0.4
12252,12253,production,0.2
12253,12254,production,0.0208
12254,12255,production,0.15
12255,12256,production,0.0958
12256,12257,production,0.0
12257,12258,production,0.1583
12258,12259,production,0.0
12259,12260,production,0.0875
12260,12261,production,0.0
12261,12262,production,0.2167
12262,12263,production,0.0833
12263,12264,production,0.2167
12264,12265,production,0.1333
12265,12266,production,0.0458
12266,12267,production,0.3417
12267,12268,production,0.25
12268,12269,production,0.3667
12269,12270,production,0.2083
12270,12271,production,0.1167
12271,12272,production,0.2417
12272,12273,production,0.2583
12273,12274,production,0.1083
12274,12275,production,0.0
12275,12276,production,0.275
12276,12277,production,0.0333
12277,12278,production,0.4625
12278,12279,production,0.0
12279,12280,production,0.1833
12280,12281,production,0.375
12281,12282,production,0.1167
12282,12283,production,0.2917
12283,12284,production,0.1042
12284,12285,production,0.1083
12285,12286,production,0.1
12286,12287,production,0.15
12287,12288,production,0.3667
12288,12289,production,0.025
12289,12290,production,0.0
12290,12291,production,0.0292
12291,12292,production,0.0
12292,12293,production,0.225
12293,12294,production,0.3689
12294,12295,production,0.4539
12295,12296,production,0.5001
12296,12297,production,0.4485
12297,12298,production,0.454
12298,12299,production,0.5005
12299,12300,production,0.5343
12300,12301,production,0.451
12301,12302,production,0.4639
12302,12303,production,0.4723
12303,12304,production,0.526
12304,12305,production,0.4949
12305,12306,production,0.5092
12306,12307,production,0.4907
12307,12308,production,0.4671
12308,12309,production,0.4919
12309,12310,production,0.5087
12310,12311,production,0.453
12311,12312,production,0.4875
12312,12313,production,0.4568
12313,12314,production,0.4934
12314,12315,production,0.5054
12315,12316,production,0.4576
12316,12317,production,0.4658
12317,12318,production,0.4928
12318,12319,production,0.4951
12319,12320,production,0.5542
12320,12321,production,0.5291
12321,12322,production,0.4842
12322,12323,production,0.4645
12323,12324,production,0.4255
12324,12325,production,0.4265
12325,12326,production,0.4365
12326,12327,production,0.5247
12327,12328,production,0.5606
12328,12329,production,0.4806
12329,12330,production,0.4838
12330,12331,production,0.4796
12331,12332,production,0.4638
12332,12333,production,0.437
12333,12334,production,0.4859
12334,12335,production,0.4592
12335,12336,production,0.4627
12336,12337,production,0.3825
12337,12338,production,0.5464
12338,12339,production,0.5071
12339,12340,production,0.4935
12340,12341,production,0.5507
12341,12342,production,0.4971
12342,12343,production,0.469
12343,12344,production,0.4358
12344,12345,production,0.4243
12345,12346,production,0.5287
12346,12347,production,0.4237
12347,12348,production,0.5138
12348,12349,production,0.5172
12349,12350,production,0.5099
12350,12351,production,0.3767
12351,12352,production,0.4264
12352,12353,production,0.4618
12353,12354,production,0.5242
12354,12355,production,0.4607
12355,12356,production,0.4349
12356,12357,production,0.4987
12357,12358,production,0.4617
12358,12359,production,0.4704
12359,12360,production,0.4691
12360,12361,production,0.4761
12361,12362,production,0.4682
12362,12363,production,0.5141
12363,12364,production,0.3978
12364,12365,production,0.4796
12365,12366,production,0.508
12366,12367,production,0.5001
12367,12368,production,0.5104
12368,12369,production,0.4809
12369,12370,production,0.4525
12370,12371,production,0.4849
12371,12372,production,0.495
12372,12373,production,0.4774
12373,12374,production,0.5
12374,12375,production,0.5144
12375,12376,production,0.5356
12376,12377,production,0.522
12377,12378,production,0.5178
12378,12379,production,0.4532
12379,12380,production,0.5155
12380,12381,production,0.4754
12381,12382,production,0.5362
12382,12383,production,0.5324
12383,12384,production,0.4964
12384,12385,production,0.5351
12385,12386,production,0.5032
12386,12387,production,0.5056
12387,12388,production,0.5264
12388,12389,production,0.5214
12389,12390,production,0.4813
12390,12391,production,0.4991
12391,12392,production,0.513
12392,12393,production,0.548
12393,12394,production,0.5242
12394,12395,production,0.4949
12395,12396,production,0.5535
12396,12397,production,0.5485
12397,12398,production,0.4617
12398,12399,production,0.5279
12399,12400,production,0.5556
12400,12401,production,0.4761
12401,12402,production,0.5781
12402,12403,production,0.5149
12403,12404,production,0.5239
12404,12405,production,0.4985
12405,12406,production,0.5495
12406,12407,production,0.5372
12407,12408,production,0.4759
12408,12409,production,0.5102
12409,12410,production,0.5301
12410,12411,production,0.4962
12411,12412,production,0.4894
12412,12413,production,0.5411
12413,12414,production,0.5004
12414,12415,production,0.5432
12415,12416,production,0.5552
12416,12417,production,0.5252
12417,12418,production,0.554
12418,12419,production,0.5231
12419,12420,production,0.5176
12420,12421,production,0.5026
12421,12422,production,0.5087
12422,12423,production,0.5671
12423,12424,production,0.4995
12424,12425,production,0.4957
12425,12426,production,0.4981
12426,12427,production,0.5594
12427,12428,production,0.5215
12428,12429,production,0.5
12429,12430,production,0.5397
12430,12431,production,0.5077
12431,12432,production,0.5039
12432,12433,production,0.5465
12433,12434,production,0.5272
12434,12435,production,0.5227
12435,12436,production,0.5229
12436,12437,production,0.5451
12437,12438,production,0.5345
12438,12439,production,0.4339
12439,12440,production,0.4188
12440,12441,production,0.4846
12441,12442,production,0.448
12442,12443,production,0.4747
12443,12444,production,0.5064
12444,12445,production,0.5026
12445,12446,production,0.4623
12446,12447,production,0.4695
12447,12448,production,0.442
12448,12449,production,0.4868
12449,12450,production,0.4998
12450,12451,production,0.4063
12451,12452,production,0.4548
12452,12453,production,0.4462
12453,12454,production,0.4777
12454,12455,production,0.5171
12455,12456,production,0.3754
12456,12457,production,0.4544
12457,12458,production,0.4554
12458,12459,production,0.4101
12459,12460,production,0.4467
12460,12461,production,0.4688
12461,12462,production,0.4247
12462,12463,production,0.4439
12463,12464,production,0.438
12464,12465,production,0.4322
12465,12466,production,0.4942
12466,12467,production,0.4481
12467,12468,production,0.4463
12468,12469,production,0.4096
12469,12470,production,0.3578
12470,12471,production,0.4871
12471,12472,production,0.421
12472,12473,production,0.4515
12473,12474,production,0.4755
12474,12475,production,0.5211
12475,12476,production,0.4798
12476,12477,production,0.4884
12477,12478,production,0.3614
12478,12479,production,0.449
12479,12480,production,0.4794
12480,12481,production,0.5371
12481,12482,production,0.4859
12482,12483,production,0.4241
12483,12484,production,0.511
12484,12485,production,0.4257
12485,12486,production,0.4734
12486,12487,production,0.531
12487,12488,production,0.4241
12488,12489,production,0.0
12489,12490,production,0.0
12490,12491,production,0.0
12491,12492,production,0.0
12492,12493,production,0.0
12493,12494,production,0.0
12494,12495,production,0.0
12495,12496,production,0.0
12496,12497,production,0.0
12497,12498,production,0.0
12498,12499,production,0.0
12499,12500,production,0.0
12500,12501,production,0.0
12501,12502,production,0.0
12502,12503,production,0.0
12503,12504,production,0.0
12504,12505,production,0.0
12505,12506,production,0.0
12506,12507,production,0.0
12507,12508,production,0.0
12508,12509,production,0.0
12509,12510,production,0.0
12510,12511,production,0.0
12511,12512,production,0.0
12512,12513,production,0.0
12513,12514,production,0.0
12514,12515,production,0.0
12515,12516,production,0.0
12516,12517,production,0.0
12517,12518,production,0.0
12518,12519,production,0.0
12519,12520,production,0.0
12520,12521,production,0.0
12521,12522,production,0.0
12522,12523,production,0.0
12523,12524,production,0.0
12524,12525,production,0.0
12525,12526,production,0.0
12526,12527,production,0.0
12527,12528,production,0.0
12528,12529,production,0.0
12529,12530,production,0.0
12530,12531,production,0.0
12531,12532,production,0.0
12532,12533,production,0.0
12533,12534,production,0.0
12534,12535,production,0.0
12535,12536,production,0.0
12536,12537,production,0.0
12537,12538,production,0.0
12538,12539,production,0.0
12539,12540,production,0.0
12540,12541,production,0.0
12541,12542,production,0.0
12542,12543,production,0.0
12543,12544,production,0.0
12544,12545,production,0.0
12545,12546,production,0.0
12546,12547,production,0.0
12547,12548,production,0.0
12548,12549,production,0.0
12549,12550,production,0.0
12550,12551,production,0.0
12551,12552,production,0.0
12552,12553,production,0.0
12553,12554,production,0.0
12554,12555,production,0.0
12555,12556,production,0.0
12556,12557,production,0.0
12557,12558,production,0.0
12558,12559,production,0.0
12559,12560,production,0.0
12560,12561,production,0.0
12561,12562,production,0.0
12562,12563,production,0.0
12563,12564,production,0.0
12564,12565,production,0.0
12565,12566,production,0.0
12566,12567,production,0.0
12567,12568,production,0.0
12568,12569,production,0.0
12569,12570,production,0.0
12570,12571,production,0.0
12571,12572,production,0.0
12572,12573,production,0.0
12573,12574,production,0.2051
12574,12575,production,0.2051
12575,12576,production,0.2051
12576,12577,production,0.2051
12577,12578,production,0.2051
12578,12579,production,0.2051
12579,12580,production,0.2051
12580,12581,production,0.2051
12581,12582,production,0.2051
12582,12583,production,0.2051
12583,12584,production,0.2051
12584,12585,production,0.2051
12585,12586,production,0.2051
12586,12587,production,0.2051
12587,12588,production,0.2051
12588,12589,production,0.2051
12589,12590,production,0.2051
12590,12591,production,0.2051
12591,12592,production,0.2051
12592,12593,production,0.2051
12593,12594,production,0.2051
12594,12595,production,0.2051
12595,12596,production,0.2051
12596,12597,production,0.2051
12597,12598,production,0.2051
12598,12599,production,0.2051
12599,12600,production,0.2051
12600,12601,production,0.2051
12601,12602,production,0.2051
12602,12603,production,0.2051
12603,12604,production,0.2051
12604,12605,production,0.2051
12605,12606,production,0.2051
12606,12607,production,0.2051
12607,12608,production,0.2051
12608,12609,production,0.2051
12609,12610,production,0.2051
12610,12611,production,0.2051
12611,12612,production,0.2051
12612,12613,production,0.2051
12613,12614,production,0.0
12614,12615,production,0.0
12615,12616,production,0.0
12616,12617,production,0.0
12617,12618,production,0.0
12618,12619,production,0.0
12619,12620,production,0.0
12620,12621,production,0.0
12621,12622,production,0.0
12622,12623,production,0.0
12623,12624,production,0.0
12624,12625,production,0.0
12625,12626,production,0.0
12626,12627,production,0.0
12627,12628,production,0.0
12628,12629,production,0.0
12629,12630,production,0.0
12630,12631,production,0.0
12631,12632,production,0.0
12632,12633,production,0.0
12633,12634,production,0.0
12634,12635,production,0.0
12635,12636,production,0.0
12636,12637,production,0.0
12637,12638,production,0.0
12638,12639,production,0.0
12639,12640,production,0.0
12640,12641,production,0.0
12641,12642,production,0.0
12642,12643,production,0.0
12643,12644,production,0.0
12644,12645,production,0.0
12645,12646,production,0.0
12646,12647,production,0.0
12647,12648,production,0.0
12648,12649,production,0.0
12649,12650,production,0.0
12650,12651,production,0.0
12651,12652,production,0.0
12652,12653,production,0.0
12653,12654,production,0.8923
12654,12655,production,0.9965
12655,12656,production,0.9697
12656,12657,production,0.7838
12657,12658,production,0.61
12658,12659,production,0.7861
12659,12660,production,0.8012
12660,12661,production,0.0
12661,12662,production,0.0
12662,12663,production,0.6403
12663,12664,production,0.6758
12664,12665,production,0.5188
12665,12666,production,0.6485
12666,12667,production,0.5071
12667,12668,production,0.8508
12668,12669,production,0.8067
12669,12670,production,0.673
12670,12671,production,0.673
12671,12672,production,0.673
12672,12673,production,0.673
12673,12674,production,0.6728
12674,12675,production,0.673
12675,12676,production,0.673
12676,12677,production,0.673
12677,12678,production,0.673
12678,12679,production,0.673
12679,12680,production,0.673
12680,12681,production,0.673
12681,12682,production,0.673
12682,12683,production,0.673
12683,12684,production,0.5435
12684,12685,production,0.0
12685,12686,production,0.0
12686,12687,production,0.1381
12687,12688,production,0.0
12688,12689,production,0.0
12689,12690,production,0.0
12690,12691,production,0.6179
12691,12692,production,0.5177
12692,12693,production,0.4764
12693,12694,production,0.7671
12694,12695,production,0.7671
12695,12696,production,0.7671
12696,12697,production,0.7671
12697,12698,production,0.0
12698,12699,production,0.0
12699,12700,production,0.0
12700,12701,production,0.0
12701,12702,production,0.0
12702,12703,production,0.0
12703,12704,production,0.0
12704,12705,production,0.0
12705,12706,production,0.0
12706,12707,production,0.0
12707,12708,production,0.0
12708,12709,production,0.0
12709,12710,production,0.0
12710,12711,production,0.0
12711,12712,production,0.0
12712,12713,production,0.0
12713,12714,production,0.0
12714,12715,production,0.0
12715,12716,production,0.0
12716,12717,production,0.0
12717,12718,production,0.5046
12718,12719,production,0.082
12719,12720,production,0.4778
12720,12721,production,0.4631
12721,12722,production,0.5472
12722,12723,production,0.7187
12723,12724,production,0.0
12724,12725,production,0.0
12725,12726,production,0.0
12726,12727,production,0.0
12727,12728,production,0.7677
12728,12729,production,0.6667
12729,12730,production,0.6667
12730,12731,production,0.6667
12731,12732,production,0.6667
12732,12733,production,0.6667
12733,12734,production,0.0
12734,12735,production,0.5759
12735,12736,production,0.667
12736,12737,production,0.0
12737,12738,production,0.0
12738,12739,production,0.0
12739,12740,production,0.0
12740,12741,production,0.0
12741,12742,production,0.0
12742,12743,production,0.0
12743,12744,production,0.5198
12744,12745,production,0.6737
12745,12746,production,0.6947
12746,12747,production,0.6277
12747,12748,production,0.7124
12748,12749,production,0.7556
12749,12750,production,0.5444
12750,12751,production,0.3233
12751,12752,production,0.55
12752,12753,production,0.5773
12753,12754,production,0.4957
12754,12755,production,0.0
12755,12756,production,0.0
12756,12757,production,0.0
12757,12758,production,0.5689
12758,12759,production,0.4844
12759,12760,production,0.6728
12760,12761,production,0.7285
12761,12762,production,0.4734
12762,12763,production,0.7009
12763,12764,production,0.546
12764,12765,production,0.4961
12765,12766,production,0.5015
12766,12767,production,0.5162
12767,12768,production,0.533
12768,12769,production,0.3314
12769,12770,production,0.4871
12770,12771,production,0.5043
12771,12772,production,0.5076
12772,12773,production,0.5335
12773,12774,production,0.7476
12774,12775,production,0.0
12775,12776,production,0.0
12776,12777,production,0.0
12777,12778,production,0.0
12778,12779,production,0.0
12779,12780,production,0.0
12780,12781,production,0.0
12781,12782,production,0.0
12782,12783,production,0.0
12783,12784,production,0.0
12784,12785,production,0.0
12785,12786,production,0.0
12786,12787,production,0.0
12787,12788,production,0.0
12788,12789,production,0.0
12789,12790,production,0.5212
12790,12791,production,0.5295
12791,12792,production,0.705
12792,12793,production,0.5344
12793,12794,production,0.5239
12794,12795,production,0.6406
12795,12796,production,0.6236
12796,12797,production,0.5852
12797,12798,production,0.5199
12798,12799,production,0.5108
12799,12800,production,0.5279
12800,12801,production,0.5252
12801,12802,production,0.0
12802,12803,production,0.0
12803,12804,production,0.0
12804,12805,production,0.7882
12805,12806,production,0.4738
12806,12807,production,0.0
12807,12808,production,0.0
12808,12809,production,0.0
12809,12810,production,0.0
12810,12811,production,0.0
12811,12812,production,0.0
12812,12813,production,0.0
12813,12814,production,0.0
12814,12815,production,0.0
12815,12816,production,0.0
12816,12817,production,0.0
12817,12818,production,0.0
12818,12819,production,0.0
12819,12820,production,0.5603
12820,12821,production,0.7396
12821,12822,production,0.0
12822,12823,production,0.4791
12823,12824,production,0.5204
12824,12825,production,0.3408
12825,12826,production,0.5513
12826,12827,production,0.5402
12827,12828,production,0.3533
12828,12829,production,0.4217
12829,12830,production,0.5137
12830,12831,production,0.2015
12831,12832,production,0.5704
12832,12833,production,0.1846
12833,12834,production,0.4837
12834,12835,production,0.4107
12835,12836,production,0.3405
12836,12837,production,0.4352
12837,12838,production,0.3963
12838,12839,production,0.3923
12839,12840,production,0.2147
12840,12841,production,0.759
12841,12842,production,0.45
12842,12843,production,0.5169
12843,12844,production,0.6603
12844,12845,production,0.7392
12845,12846,production,0.8106
12846,12847,production,0.6888
12847,12848,production,0.6187
12848,12849,production,0.4742
12849,12850,production,0.3993
12850,12851,production,0.0
12851,12852,production,0.0
12852,12853,production,0.0
12853,12854,production,0.0
12854,12855,production,0.0
12855,12856,production,0.0
12856,12857,production,0.0
12857,12858,production,0.0
12858,12859,production,0.4121
12859,12860,production,0.4679
12860,12861,production,0.4679
12861,12862,production,1.0
12862,12863,production,1.0
12863,12864,production,1.0
12864,12865,production,1.0
12865,12866,production,0.0
12866,12867,production,0.5274
12867,12868,production,0.3373
12868,12869,production,0.2054
12869,12870,production,0.2839
12870,12871,production,0.2461
12871,12872,production,0.2009
12872,12873,production,0.0
12873,12874,production,0.5574
12874,12875,production,0.5043
12875,12876,production,0.6736
12876,12877,production,0.3351
12877,12878,production,1.0
12878,12879,production,0.587
12879,12880,production,0.6397
12880,12881,production,0.6101
12881,12882,production,0.6033
12882,12883,production,0.5647
12883,12884,production,0.519
12884,12885,production,0.4608
12885,12886,production,0.5982
12886,12887,production,0.6099
12887,12888,production,0.5855
12888,12889,production,0.4639
12889,12890,production,0.524
12890,12891,production,0.5892
12891,12892,production,0.5075
12892,12893,production,0.5712
12893,12894,production,1.0
12894,12895,production,0.6397
12895,12896,production,0.8343
12896,12897,production,0.8483
12897,12898,production,0.7396
12898,12899,production,0.8466
12899,12900,production,0.8334
12900,12901,production,0.8294
12901,12902,production,0.955
12902,12903,production,0.7396
12903,12904,production,0.4874
12904,12905,production,0.8079
12905,12906,production,0.4624
12906,12907,production,0.4624
12907,12908,production,0.4624
12908,12909,production,0.4624
12909,12910,production,0.6397
12910,12911,production,0.3014
12911,12912,production,0.4128
12912,12913,production,1.0
12913,12914,production,0.8339
12914,12915,production,0.0
12915,12916,production,0.7895
12916,12917,production,0.3313
12917,12918,production,0.2269
12918,12919,production,0.7015
12919,12920,production,0.4636
12920,12921,production,0.2573
12921,12922,production,1.0
12922,12923,production,0.4802
12923,12924,production,1.0
12924,12925,production,1.0
12925,12926,production,0.4636
12926,12927,production,0.4743
12927,12928,production,1.0
12928,12929,production,0.2573
12929,12930,production,0.4717
12930,12931,production,0.6092
12931,12932,production,0.6089
12932,12933,production,0.5817
12933,12934,production,0.6192
12934,12935,production,0.5898
12935,12936,production,0.5766
12936,12937,production,0.5297
12937,12938,production,0.5242
12938,12939,production,0.6066
12939,12940,production,0.5851
12940,12941,production,0.574
12941,12942,production,0.3745
12942,12943,production,0.5883
12943,12944,production,0.5679
12944,12945,production,0.5643
12945,12946,production,0.8787
12946,12947,production,1.0
12947,12948,production,0.1528
12948,12949,production,0.3625
12949,12950,production,0.3065
12950,12951,production,0.3005
12951,12952,production,0.5445
12952,12953,production,0.5445
12953,12954,production,0.5823
12954,12955,production,0.3866
12955,12956,production,1.0
12956,12957,production,0.5823
12957,12958,production,0.7441
12958,12959,production,0.5968
12959,12960,production,0.5448
12960,12961,production,0.5838
12961,12962,production,0.5518
12962,12963,production,0.5312
12963,12964,production,0.8635
12964,12965,production,0.8577
12965,12966,production,0.8183
12966,12967,production,0.811
12967,12968,production,0.8157
12968,12969,production,0.1818
12969,12970,production,0.5345
12970,12971,production,0.4609
12971,12972,production,0.4735
12972,12973,production,0.335
12973,12974,production,0.0
12974,12975,production,1.0
12975,12976,production,0.4902
12976,12977,production,0.3104
12977,12978,production,1.0
12978,12979,production,0.4727
12979,12980,production,1.0
12980,12981,production,0.5132
12981,12982,production,0.4948
12982,12983,production,0.2767
12983,12984,production,0.5013
12984,12985,production,0.2934
12985,12986,production,1.0
12986,12987,production,0.499
12987,12988,production,0.5414
12988,12989,production,0.2844
12989,12990,production,1.0
12990,12991,production,0.2842
12991,12992,production,0.5566
12992,12993,production,0.3543
12993,12994,production,1.0
12994,12995,production,0.5934
12995,12996,production,1.0
12996,12997,production,0.3214
12997,12998,production,0.503
12998,12999,production,0.3537
12999,13000,production,0.5434
13000,13001,production,0.5269
13001,13002,production,0.5658
13002,13003,production,0.4753
13003,13004,production,0.5055
13004,13005,production,1.0
13005,13006,production,0.6121
13006,13007,production,0.203
13007,13008,production,1.0
13008,13009,production,0.2769
13009,13010,production,0.4907
13010,13011,production,0.4395
13011,13012,production,0.9838
13012,13013,production,0.4759
13013,13014,production,0.5246
13014,13015,production,0.4755
13015,13016,production,0.3502
13016,13017,production,0.3739
13017,13018,production,0.3694
13018,13019,production,0.3748
13019,13020,production,0.3711
13020,13021,production,0.537
13021,13022,production,0.5516
13022,13023,production,0.3622
13023,13024,production,0.3655
13024,13025,production,0.4826
13025,13026,production,0.5001
13026,13027,production,0.5381
13027,13028,production,0.4796
13028,13029,production,0.507
13029,13030,production,0.3634
13030,13031,production,0.4497
13031,13032,production,1.0
13032,13033,production,1.0
13033,13034,production,0.2829
13034,13035,production,0.3068
13035,13036,production,0.1748
13036,13037,production,0.8697
13037,13038,production,0.7757
13038,13039,production,0.89
13039,13040,production,0.8926
13040,13041,production,0.4898
13041,13042,production,0.6098
13042,13043,production,0.6705
13043,13044,production,0.5962
13044,13045,production,0.5623
13045,13046,production,0.0
13046,13047,production,0.4998
13047,13048,production,0.6369
13048,13049,production,0.4908
13049,13050,production,0.5744
13050,13051,production,0.3649
13051,13052,production,0.3649
13052,13053,production,0.615
13053,13054,production,0.6262
13054,13055,production,1.0
13055,13056,production,0.5893
13056,13057,production,0.5765
13057,13058,production,0.502
13058,13059,production,0.1741
13059,13060,production,0.7823
13060,13061,production,0.9224
13061,13062,production,0.939
13062,13063,production,0.8547
13063,13064,production,0.8229
13064,13065,production,0.9035
13065,13066,production,0.8086
13066,13067,production,0.9174
13067,13068,production,1.0
13068,13069,production,1.0
13069,13070,production,1.0
13070,13071,production,1.0
13071,13072,production,1.0
13072,13073,production,0.0
13073,13074,production,0.3966
13074,13075,production,0.5575
13075,13076,production,0.6244
13076,13077,production,0.6232
13077,13078,production,1.0
13078,13079,production,1.0
13079,13080,production,0.6397
13080,13081,production,0.5931
13081,13082,production,0.4549
13082,13083,production,0.6823
13083,13084,production,0.6652
13084,13085,production,0.6449
13085,13086,production,0.6733
13086,13087,production,0.661
13087,13088,production,0.4245
13088,13089,production,0.8987
13089,13090,production,1.0
13090,13091,production,1.0
13091,13092,production,0.0
13092,13093,production,0.4753
13093,13094,production,0.4649
13094,13095,production,0.4968
13095,13096,production,0.3262
13096,13097,production,0.4624
13097,13098,production,0.4811
13098,13099,production,0.4872
13099,13100,production,0.3681
13100,13101,production,0.4358
13101,13102,production,0.4624
13102,13103,production,0.3235
13103,13104,production,0.5007
13104,13105,production,0.6771
13105,13106,production,0.4035
13106,13107,production,0.3968
13107,13108,production,0.4135
13108,13109,production,0.3758
13109,13110,production,0.2973
13110,13111,production,0.2513
13111,13112,production,1.0
13112,13113,production,1.0
13113,13114,production,1.0
13114,13115,production,1.0
13115,13116,production,0.0
13116,13117,production,0.0
13117,13118,production,0.0
13118,13119,production,0.0
13119,13120,production,0.0
13120,13121,production,0.0
13121,13122,production,0.0
13122,13123,production,0.0
13123,13124,production,0.0
13124,13125,production,0.0
13125,13126,production,1.0
13126,13127,production,0.4696
13127,13128,production,1.0
13128,13129,production,0.0
13129,13130,production,0.4046
13130,13131,production,0.9421
13131,13132,production,0.0
13132,13133,production,1.0
13133,13134,production,1.0
13134,13135,production,0.6397
13135,13136,production,0.0
13136,13137,production,0.8081
13137,13138,production,0.0
13138,13139,production,0.6699
13139,13140,production,0.3397
13140,13141,production,0.9965
13141,13142,production,0.9887
13142,13143,production,0.9323
13143,13144,production,1.0
13144,13145,production,0.1833
13145,13146,production,0.1799
13146,13147,production,0.0
13147,13148,production,0.1529
13148,13149,production,0.2054
13149,13150,production,0.2255
13150,13151,production,0.2808
13151,13152,production,0.2009
13152,13153,production,0.2677
13153,13154,production,0.2537
13154,13155,production,0.2269
13155,13156,production,0.2829
13156,13157,production,0.2525
13157,13158,production,0.287
13158,13159,production,0.2185
13159,13160,production,0.2829
13160,13161,production,0.2931
13161,13162,production,0.1641
13162,13163,production,0.2349
13163,13164,production,0.1765
13164,13165,production,0.1833
13165,13166,production,0.5985
13166,13167,production,0.643
13167,13168,production,0.471
13168,13169,production,0.471
13169,13170,production,0.471
13170,13171,production,0.4664
13171,13172,production,0.0
13172,13173,production,0.6183
13173,13174,production,0.6397
13174,13175,production,0.9472
13175,13176,production,0.9327
13176,13177,production,0.5458
13177,13178,production,1.0
13178,13179,production,1.0
13179,13180,production,1.0
13180,13181,production,1.0
13181,13182,production,1.0
13182,13183,production,0.7019
13183,13184,production,1.0
13184,13185,production,1.0
13185,13186,production,1.0
13186,13187,production,0.2451
13187,13188,production,0.5541
13188,13189,production,0.5833
13189,13190,production,1.0
13190,13191,production,0.574
13191,13192,production,0.591
13192,13193,production,0.5609
13193,13194,production,0.5487
13194,13195,production,0.5394
13195,13196,production,1.0
13196,13197,production,0.4993
13197,13198,production,0.3614
13198,13199,production,0.0
13199,13200,production,0.922
13200,13201,production,0.2971
13201,13202,production,0.5648
13202,13203,production,0.4137
13203,13204,production,0.2831
13204,13205,production,0.4076
13205,13206,production,0.4175
13206,13207,production,0.4211
13207,13208,production,0.589
13208,13209,production,0.4904
13209,13210,production,0.4696
13210,13211,production,0.0
13211,13212,production,0.6472
13212,13213,production,0.2371
13213,13214,production,0.2366
13214,13215,production,0.5379
13215,13216,production,0.2663
13216,13217,production,0.1851
13217,13218,production,0.5945
13218,13219,production,0.5714
13219,13220,production,0.5942
13220,13221,production,0.5745
13221,13222,production,0.6397
13222,13223,production,0.466
13223,13224,production,0.4638
13224,13225,production,1.0
13225,13226,production,0.6126
13226,13227,production,0.588
13227,13228,production,1.0
13228,13229,production,1.0
13229,13230,production,1.0
13230,13231,production,1.0
13231,13232,production,1.0
13232,13233,production,0.3644
13233,13234,production,0.0
13234,13235,production,0.6898
13235,13236,production,0.7935
13236,13237,production,0.7738
13237,13238,production,0.5764
13238,13239,production,0.6121
13239,13240,production,1.0
13240,13241,production,0.6397
13241,13242,production,0.3002
13242,13243,production,0.308
13243,13244,production,0.3861
13244,13245,production,0.507
13245,13246,production,0.3789
13246,13247,production,0.292
13247,13248,production,0.4696
13248,13249,production,0.3453
13249,13250,production,0.3226
13250,13251,production,0.3119
13251,13252,production,0.3791
13252,13253,production,0.3767
13253,13254,production,0.2032
13254,13255,production,0.4994
13255,13256,production,0.6351
13256,13257,production,0.2306
13257,13258,production,0.5156
13258,13259,production,0.527
13259,13260,production,0.5029
13260,13261,production,0.5694
13261,13262,production,0.4992
13262,13263,production,0.3966
13263,13264,production,0.5198
13264,13265,production,0.3793
13265,13266,production,0.4348
13266,13267,production,0.4523
13267,13268,production,0.3517
13268,13269,production,0.7938
13269,13270,production,0.4577
13270,13271,production,0.471
13271,13272,production,0.4996
13272,13273,production,0.5162
13273,13274,production,1.0
13274,13275,production,0.4696
13275,13276,production,0.4917
13276,13277,production,0.3
13277,13278,production,0.5042
13278,13279,production,0.4973
13279,13280,production,0.3189
13280,13281,production,0.5411
13281,13282,production,0.4761
13282,13283,production,0.508
13283,13284,production,0.5005
13284,13285,production,0.7189
13285,13286,production,0.7394
13286,13287,production,0.7073
13287,13288,production,0.7127
13288,13289,production,0.8001
13289,13290,production,0.8189
13290,13291,production,0.7575
13291,13292,production,0.7654
13292,13293,production,0.587
13293,13294,production,1.0
13294,13295,production,0.6542
13295,13296,production,0.8862
13296,13297,production,0.471
13297,13298,production,0.6364
13298,13299,production,0.4696
13299,13300,production,0.6269
13300,13301,production,0.7159
13301,13302,production,0.271
13302,13303,production,0.2809
13303,13304,production,0.3041
13304,13305,production,0.6305
13305,13306,production,0.5041
13306,13307,production,0.5886
13307,13308,production,0.3416
13308,13309,production,0.3267
13309,13310,production,0.4806
13310,13311,production,0.5155
13311,13312,production,0.6049
13312,13313,production,0.6397
13313,13314,production,0.6287
13314,13315,production,0.6397
13315,13316,production,0.5899
13316,13317,production,0.6397
13317,13318,production,0.6397
13318,13319,production,0.6397
13319,13320,production,0.6397
13320,13321,production,0.6397
13321,13322,production,0.6397
13322,13323,production,0.6116
13323,13324,production,0.614
13324,13325,production,0.6365
13325,13326,production,0.6397
13326,13327,production,0.6344
13327,13328,production,0.7945
13328,13329,production,0.8125
13329,13330,production,0.8336
13330,13331,production,0.7396
13331,13332,production,0.8328
13332,13333,production,0.8624
13333,13334,production,0.4229
13334,13335,production,0.6397
13335,13336,production,0.9438
13336,13337,production,0.906
13337,13338,production,0.7752
13338,13339,production,0.9914
13339,13340,production,0.3744
13340,13341,production,0.3246
13341,13342,production,0.4207
13342,13343,production,0.6431
13343,13344,production,0.6322
13344,13345,production,0.5394
13345,13346,production,0.8792
13346,13347,production,1.0
13347,13348,production,0.636
13348,13349,production,0.6239
13349,13350,production,0.7554
13350,13351,production,1.0
13351,13352,production,0.3541
13352,13353,production,0.7051
13353,13354,production,0.471
13354,13355,production,0.6349
13355,13356,production,0.5958
13356,13357,production,0.7748
13357,13358,production,0.6356
13358,13359,production,0.6405
13359,13360,production,0.6515
13360,13361,production,0.7745
13361,13362,production,0.765
13362,13363,production,1.0
13363,13364,production,1.0
13364,13365,production,0.6397
13365,13366,production,1.0
13366,13367,production,0.453
13367,13368,production,0.3233
13368,13369,production,0.2895
13369,13370,production,0.4346
13370,13371,production,0.6397
13371,13372,production,1.0
13372,13373,production,0.6397
13373,13374,production,0.4305
13374,13375,production,0.6397
13375,13376,production,0.67
13376,13377,production,0.7301
13377,13378,production,0.5177
13378,13379,production,0.1945
13379,13380,production,0.1513
13380,13381,production,0.6353
13381,13382,production,0.6163
13382,13383,production,0.6336
13383,13384,production,0.6202
13384,13385,production,0.5818
13385,13386,production,0.6303
13386,13387,production,0.6237
13387,13388,production,0.6085
13388,13389,production,0.4407
13389,13390,production,0.433
13390,13391,production,0.0
13391,13392,production,0.0
13392,13393,production,0.0
13393,13394,production,0.0
13394,13395,production,0.0
13395,13396,production,0.0
13396,13397,production,0.0
13397,13398,production,0.0
13398,13399,production,0.0
13399,13400,production,0.0
13400,13401,production,0.4592
13401,13402,production,0.3836
13402,13403,production,0.5511
13403,13404,production,0.5099
13404,13405,production,0.4846
13405,13406,production,0.4973
13406,13407,production,0.4734
13407,13408,production,0.4911
13408,13409,production,0.5234
13409,13410,production,0.7229
13410,13411,production,0.64
13411,13412,production,0.0
13412,13413,production,0.4792
13413,13414,production,0.558
13414,13415,production,0.5202
13415,13416,production,0.5208
13416,13417,production,0.4343
13417,13418,production,0.4056
13418,13419,production,0.4498
13419,13420,production,0.0
13420,13421,production,0.1861
13421,13422,production,0.0
13422,13423,production,0.0
13423,13424,production,0.0
13424,13425,production,0.213
13425,13426,production,0.471
13426,13427,production,0.471
13427,13428,production,0.471
13428,13429,production,0.3839
13429,13430,production,0.3697
13430,13431,production,0.4696
13431,13432,production,0.4696
13432,13433,production,0.6494
13433,13434,production,0.4696
13434,13435,production,0.4696
13435,13436,production,0.6269
13436,13437,production,0.4696
13437,13438,production,0.4126
13438,13439,production,0.4396
13439,13440,production,0.4545
13440,13441,production,0.5074
13441,13442,production,0.0
13442,13443,production,0.0
13443,13444,production,0.0
13444,13445,production,0.0
13445,13446,production,0.0
13446,13447,production,0.0
13447,13448,production,0.0
13448,13449,production,0.0
13449,13450,production,0.0
13450,13451,production,0.2656
13451,13452,production,0.5658
13452,13453,production,0.2631
13453,13454,production,0.3057
13454,13455,production,0.286
13455,13456,production,0.0
13456,13457,production,0.0
13457,13458,production,0.0
13458,13459,production,0.0
13459,13460,production,0.0
13460,13461,production,0.0
13461,13462,production,0.0
13462,13463,production,0.0
13463,13464,production,0.0
13464,13465,production,0.0
13465,13466,production,0.0
13466,13467,production,0.0
13467,13468,production,0.1623
13468,13469,production,0.0
13469,13470,production,0.4014
13470,13471,production,0.0
13471,13472,production,1.0
13472,13473,production,1.0
13473,13474,production,0.5967
13474,13475,production,1.0
13475,13476,production,1.0
13476,13477,production,1.0
13477,13478,production,1.0
13478,13479,production,1.0
13479,13480,production,1.0
13480,13481,production,0.6966
13481,13482,production,0.0
13482,13483,production,0.34
13483,13484,production,0.6787
13484,13485,production,0.0
13485,13486,production,0.0
13486,13487,production,0.3945
13487,13488,production,0.3784
13488,13489,production,0.3604
13489,13490,production,0.3025
13490,13491,production,0.0
13491,13492,production,0.406
13492,13493,production,0.4313
13493,13494,production,0.0
13494,13495,production,0.3629
13495,13496,production,0.0
13496,13497,production,0.3591
13497,13498,production,0.3173
13498,13499,production,1.0
13499,13500,production,1.0
13500,13501,production,1.0
13501,13502,production,1.0
13502,13503,production,1.0
13503,13504,production,0.8757
13504,13505,production,1.0
13505,13506,production,1.0
13506,13507,production,1.0
13507,13508,production,1.0
13508,13509,production,1.0
13509,13510,production,0.0
13510,13511,production,0.0
13511,13512,production,0.0
13512,13513,production,0.0
13513,13514,production,0.0
13514,13515,production,0.0
13515,13516,production,0.0
13516,13517,production,0.0
13517,13518,production,0.0
13518,13519,production,0.0
13519,13520,production,0.0
13520,13521,production,0.0
13521,13522,production,0.0
13522,13523,production,0.0
13523,13524,production,0.0
13524,13525,production,0.0
13525,13526,production,0.0
13526,13527,production,0.0
13527,13528,production,0.0
13528,13529,production,0.0
13529,13530,production,0.0
13530,13531,production,0.0
13531,13532,production,0.0
13532,13533,production,1.0
13533,13534,production,0.6556
13534,13535,production,0.0
13535,13536,production,0.4035
13536,13537,production,0.471
13537,13538,production,0.4071
13538,13539,production,0.0
13539,13540,production,0.0
13540,13541,production,0.4541
13541,13542,production,0.3002
13542,13543,production,0.3002
13543,13544,production,0.3002
13544,13545,production,0.3002
13545,13546,production,0.3002
13546,13547,production,0.3002
13547,13548,production,0.3002
13548,13549,production,0.6604
13549,13550,production,0.6933
13550,13551,production,0.7497
13551,13552,production,0.7171
13552,13553,production,0.8326
13553,13554,production,0.699
13554,13555,production,0.3593
13555,13556,production,0.199
13556,13557,production,0.0
13557,13558,production,0.0
13558,13559,production,0.3724
13559,13560,production,0.265
13560,13561,production,0.3161
13561,13562,production,0.3218
13562,13563,production,0.3793
13563,13564,production,0.6056
13564,13565,production,0.3354
13565,13566,production,0.3161
13566,13567,production,0.6787
13567,13568,production,0.3444
13568,13569,production,1.0
13569,13570,production,0.0
13570,13571,production,0.3754
13571,13572,production,0.0
13572,13573,production,0.4131
13573,13574,production,0.0
13574,13575,production,0.0
13575,13576,production,1.0
13576,13577,production,0.0
13577,13578,production,0.0
13578,13579,production,0.4345
13579,13580,production,0.5487
13580,13581,production,1.0
13581,13582,production,0.0
13582,13583,production,0.4647
13583,13584,production,0.0
13584,13585,production,0.0
13585,13586,production,0.5126
13586,13587,production,0.0
13587,13588,production,1.0
13588,13589,production,1.0
13589,13590,production,0.0
13590,13591,production,0.0
13591,13592,production,0.0
13592,13593,production,1.0
13593,13594,production,0.5875
13594,13595,production,0.0
13595,13596,production,1.0
13596,13597,production,1.0
13597,13598,production,0.8812
13598,13599,production,1.0
13599,13600,production,0.7144
13600,13601,production,0.7777
13601,13602,production,1.0
13602,13603,production,0.6604
13603,13604,production,1.0
13604,13605,production,1.0
13605,13606,production,0.5567
13606,13607,production,1.0
13607,13608,production,0.7972
13608,13609,production,1.0
13609,13610,production,1.0
13610,13611,production,1.0
13611,13612,production,1.0
13612,13613,production,1.0
13613,13614,production,1.0
13614,13615,production,1.0
13615,13616,production,0.8137
13616,13617,production,0.9817
13617,13618,production,0.6494
13618,13619,production,0.662
13619,13620,production,0.7497
13620,13621,production,0.6364
13621,13622,production,0.5321
13622,13623,production,1.0
13623,13624,production,0.8527
13624,13625,production,1.0
13625,13626,production,1.0
13626,13627,production,1.0
13627,13628,production,1.0
13628,13629,production,0.0
13629,13630,production,0.0
13630,13631,production,0.0
13631,13632,production,0.0
13632,13633,production,0.0
13633,13634,production,0.0
13634,13635,production,1.0
13635,13636,production,0.5907
13636,13637,production,0.9247
13637,13638,production,0.5967
13638,13639,production,0.5967
13639,13640,production,0.5967
13640,13641,production,0.0
13641,13642,production,0.0
13642,13643,production,0.0
13643,13644,production,0.0
13644,13645,production,0.0
13645,13646,production,0.0
13646,13647,production,0.0
13647,13648,production,0.0
13648,13649,production,0.0
13649,13650,production,0.0
13650,13651,production,0.0
13651,13652,production,0.0
13652,13653,production,0.0
13653,13654,production,0.0
13654,13655,production,0.38
13655,13656,production,0.5815
13656,13657,production,0.5364
13657,13658,production,0.5496
13658,13659,production,0.5188
13659,13660,production,0.4754
13660,13661,production,1.0
13661,13662,production,0.6397
13662,13663,production,0.6045
13663,13664,production,0.0
13664,13665,production,0.0
13665,13666,production,0.0
13666,13667,production,0.2141
13667,13668,production,0.0
13668,13669,production,0.8991
13669,13670,production,0.4331
13670,13671,production,0.4993
13671,13672,production,0.1602
13672,13673,production,0.4094
13673,13674,production,0.1754
13674,13675,production,0.3421
13675,13676,production,0.6397
13676,13677,production,0.6397
13677,13678,production,0.1548
13678,13679,production,0.0
13679,13680,production,0.2756
13680,13681,production,0.0
13681,13682,production,0.0
13682,13683,production,0.0
13683,13684,production,0.0
13684,13685,production,0.0
13685,13686,production,0.0
13686,13687,production,0.0
13687,13688,production,0.0
13688,13689,production,0.0
13689,13690,production,0.0
13690,13691,production,0.0
13691,13692,production,0.0
13692,13693,production,0.0
13693,13694,production,0.0
13694,13695,production,0.0
13695,13696,production,0.0
13696,13697,production,0.0
13697,13698,production,0.0
13698,13699,production,0.0
13699,13700,production,0.0
13700,13701,production,0.4582
13701,13702,production,0.0
13702,13703,production,0.0
13703,13704,production,0.0
13704,13705,production,0.0
13705,13706,production,0.0
13706,13707,production,0.0
13707,13708,production,0.0
13708,13709,production,0.0
13709,13710,production,0.0
13710,13711,production,0.0
13711,13712,production,0.0
13712,13713,production,0.0
13713,13714,production,0.0
13714,13715,production,0.0
13715,13716,production,0.0
13716,13717,production,0.0
13717,13718,production,0.6177
13718,13719,production,0.4799
13719,13720,production,0.1621
13720,13721,production,0.0
13721,13722,production,0.8111
13722,13723,production,0.781
13723,13724,production,0.7902
13724,13725,production,0.5493
13725,13726,production,0.5558
13726,13727,production,0.5435
13727,13728,production,0.6359
13728,13729,production,0.4696
13729,13730,production,0.0
13730,13731,production,0.565
13731,13732,production,0.4727
13732,13733,production,1.0
13733,13734,production,1.0
13734,13735,production,1.0
13735,13736,production,0.0
13736,13737,production,0.0
13737,13738,production,1.0
13738,13739,production,1.0
13739,13740,production,1.0
13740,13741,production,1.0
13741,13742,production,1.0
13742,13743,production,1.0
13743,13744,production,1.0
13744,13745,production,1.0
13745,13746,production,1.0
13746,13747,production,1.0
13747,13748,production,1.0
13748,13749,production,1.0
13749,13750,production,1.0
13750,13751,production,1.0
13751,13752,production,1.0
13752,13753,production,1.0
13753,13754,production,0.0
13754,13755,production,1.0
13755,13756,production,0.0
13756,13757,production,1.0
13757,13758,production,0.0
13758,13759,production,1.0
13759,13760,production,0.0
13760,13761,production,0.0
13761,13762,production,0.0
13762,13763,production,0.0
13763,13764,production,0.0
13764,13765,production,0.0
13765,13766,production,1.0
13766,13767,production,0.0
13767,13768,production,0.0
13768,13769,production,0.0
13769,13770,production,1.0
13770,13771,production,0.0
13771,13772,production,1.0
13772,13773,production,1.0
13773,13774,production,0.0
13774,13775,production,0.0
13775,13776,production,0.0
13776,13777,production,0.0
13777,13778,production,0.0
13778,13779,production,1.0
13779,13780,production,0.5856
13780,13781,production,0.977
13781,13782,production,0.4541
13782,13783,production,0.3167
13783,13784,production,0.3713
13784,13785,production,0.3002
13785,13786,production,0.2448
13786,13787,production,0.3479
13787,13788,production,0.4198
13788,13789,production,0.2199
13789,13790,production,0.3002
13790,13791,production,0.2253
13791,13792,production,0.2659
13792,13793,production,0.4168
13793,13794,production,0.4179
13794,13795,production,0.2513
13795,13796,production,0.2738
13796,13797,production,0.2398
13797,13798,production,0.2047
13798,13799,production,0.2176
13799,13800,production,0.3333
13800,13801,production,0.2671
13801,13802,production,0.348
13802,13803,production,0.3566
13803,13804,production,0.2775
13804,13805,production,0.3583
13805,13806,production,0.4983
13806,13807,production,0.4491
13807,13808,production,0.1995
13808,13809,production,0.1894
13809,13810,production,0.2071
13810,13811,production,0.2079
13811,13812,production,0.2943
13812,13813,production,0.2818
13813,13814,production,1.0
13814,13815,production,0.5593
13815,13816,production,0.6397
13816,13817,production,0.6021
13817,13818,production,0.6397
13818,13819,production,0.6397
13819,13820,production,0.5986
13820,13821,production,0.6397
13821,13822,production,0.6092
13822,13823,production,0.432
13823,13824,production,0.5706
13824,13825,production,0.6277
13825,13826,production,0.6003
13826,13827,production,0.5615
13827,13828,production,0.4597
13828,13829,production,0.5882
13829,13830,production,0.6397
13830,13831,production,0.6397
13831,13832,production,0.6147
13832,13833,production,0.6187
13833,13834,production,0.6397
13834,13835,production,0.5668
13835,13836,production,0.6163
13836,13837,production,0.6397
13837,13838,production,0.2339
13838,13839,production,0.5568
13839,13840,production,0.401
13840,13841,production,0.5882
13841,13842,production,0.2788
13842,13843,production,0.5498
13843,13844,production,0.4696
13844,13845,production,0.4696
13845,13846,production,0.4696
13846,13847,production,0.4696
13847,13848,production,0.4696
13848,13849,production,0.4696
13849,13850,production,0.4696
13850,13851,production,0.4696
13851,13852,production,0.4696
13852,13853,production,0.4696
13853,13854,production,0.4696
13854,13855,production,0.4696
13855,13856,production,0.4696
13856,13857,production,0.4696
13857,13858,production,0.4991
13858,13859,production,0.532
13859,13860,production,0.5561
13860,13861,production,0.4984
13861,13862,production,0.5683
13862,13863,production,0.4889
13863,13864,production,0.6397
13864,13865,production,0.5392
13865,13866,production,0.583
13866,13867,production,0.6397
13867,13868,production,0.6359
13868,13869,production,0.5683
13869,13870,production,0.5088
13870,13871,production,0.6085
13871,13872,production,0.4835
13872,13873,production,0.4621
13873,13874,production,0.6397
13874,13875,production,0.6397
13875,13876,production,0.6213
13876,13877,production,0.5319
13877,13878,production,0.4645
13878,13879,production,0.6397
13879,13880,production,0.6397
13880,13881,production,0.6052
13881,13882,production,0.6279
13882,13883,production,0.4993
13883,13884,production,0.5931
13884,13885,production,0.6397
13885,13886,production,0.5496
13886,13887,production,0.5184
13887,13888,production,0.4696
13888,13889,production,0.6397
13889,13890,production,0.4677
13890,13891,production,0.4696
13891,13892,production,0.5212
13892,13893,production,0.61
13893,13894,production,0.6162
13894,13895,production,0.5145
13895,13896,production,0.3189
13896,13897,production,0.4597
13897,13898,production,0.584
13898,13899,production,0.5051
13899,13900,production,0.6287
13900,13901,production,0.5252
13901,13902,production,0.5665
13902,13903,production,0.4153
13903,13904,production,0.4754
13904,13905,production,0.5902
13905,13906,production,0.5675
13906,13907,production,0.6397
13907,13908,production,0.5539
13908,13909,production,0.5492
13909,13910,production,0.3945
13910,13911,production,0.6534
13911,13912,production,0.5743
13912,13913,production,0.7195
13913,13914,production,0.5552
13914,13915,production,1.0
13915,13916,production,0.0
13916,13917,production,0.0
13917,13918,production,1.0
13918,13919,production,0.6167
13919,13920,production,0.6058
13920,13921,production,0.5786
13921,13922,production,0.5707
13922,13923,production,0.474
13923,13924,production,0.0
13924,13925,production,0.594
13925,13926,production,1.0
13926,13927,production,1.0
13927,13928,production,1.0
13928,13929,production,0.4373
13929,13930,production,0.4755
13930,13931,production,0.5969
13931,13932,production,0.5059
13932,13933,production,0.4696
13933,13934,production,0.6427
13934,13935,production,0.4696
13935,13936,production,0.8406
13936,13937,production,0.6335
13937,13938,production,0.6492
13938,13939,production,0.0
13939,13940,production,0.34
13940,13941,production,1.0
13941,13942,production,0.6545
13942,13943,production,0.0
13943,13944,production,0.4696
13944,13945,production,0.3519
13945,13946,production,0.731
13946,13947,production,1.0
13947,13948,production,0.4965
13948,13949,production,0.0
13949,13950,production,1.0
13950,13951,production,1.0
13951,13952,production,0.0
13952,13953,production,0.379
13953,13954,production,0.3308
13954,13955,production,1.0
13955,13956,production,1.0
13956,13957,production,0.7497
13957,13958,production,0.7547
13958,13959,production,1.0
13959,13960,production,0.0
13960,13961,production,0.0
13961,13962,production,0.0
13962,13963,production,0.0
13963,13964,production,0.0
13964,13965,production,0.8222
13965,13966,production,0.8738
13966,13967,production,0.0
13967,13968,production,1.0
13968,13969,production,1.0
13969,13970,production,0.6705
13970,13971,production,0.9755
13971,13972,production,0.5656
13972,13973,production,0.5064
13973,13974,production,0.5385
13974,13975,production,1.0
13975,13976,production,0.9411
13976,13977,production,0.0
13977,13978,production,0.4551
13978,13979,production,1.0
13979,13980,production,1.0
13980,13981,production,1.0
13981,13982,production,1.0
13982,13983,production,0.0
13983,13984,production,0.0
13984,13985,production,0.0
13985,13986,production,0.0
13986,13987,production,0.0
13987,13988,production,0.0
13988,13989,production,0.0
13989,13990,production,0.471
13990,13991,production,0.471
13991,13992,production,0.0
13992,13993,production,1.0
13993,13994,production,0.0
13994,13995,production,1.0
13995,13996,production,0.0
13996,13997,production,0.0
13997,13998,production,1.0
13998,13999,production,0.4183
13999,14000,production,0.0
14000,14001,production,0.6294
14001,14002,production,0.0
14002,14003,production,0.1866
14003,14004,production,0.3611
14004,14005,production,0.3029
14005,14006,production,0.3468
14006,14007,production,0.3389
14007,14008,production,1.0
14008,14009,production,1.0
14009,14010,production,0.0
14010,14011,production,1.0
14011,14012,production,1.0
14012,14013,production,1.0
14013,14014,production,1.0
14014,14015,production,1.0
14015,14016,production,1.0
14016,14017,production,1.0
14017,14018,production,1.0
14018,14019,production,1.0
14019,14020,production,1.0
14020,14021,production,1.0
14021,14022,production,1.0
14022,14023,production,1.0
14023,14024,production,0.7116
14024,14025,production,1.0
14025,14026,production,1.0
14026,14027,production,1.0
14027,14028,production,1.0
14028,14029,production,1.0
14029,14030,production,1.0
14030,14031,production,1.0
14031,14032,production,1.0
14032,14033,production,1.0
14033,14034,production,1.0
14034,14035,production,1.0
14035,14036,production,1.0
14036,14037,production,1.0
14037,14038,production,1.0
14038,14039,production,0.5173
14039,14040,production,0.8123
14040,14041,production,1.0
14041,14042,production,1.0
14042,14043,production,1.0
14043,14044,production,1.0
14044,14045,production,1.0
14045,14046,production,0.755
14046,14047,production,0.6829
14047,14048,production,0.809
14048,14049,production,0.865
14049,14050,production,1.0
14050,14051,production,1.0
14051,14052,production,1.0
14052,14053,production,1.0
14053,14054,production,1.0
14054,14055,production,1.0
14055,14056,production,1.0
14056,14057,production,1.0
14057,14058,production,1.0
14058,14059,production,1.0
14059,14060,production,0.9987
14060,14061,production,1.0
14061,14062,production,1.0
14062,14063,production,1.0
14063,14064,production,1.0
14064,14065,production,1.0
14065,14066,production,0.891
14066,14067,production,1.0
14067,14068,production,0.9865
14068,14069,production,0.9059
14069,14070,production,1.0
14070,14071,production,0.9132
14071,14072,production,0.7007
14072,14073,production,0.6434
14073,14074,production,1.0
14074,14075,production,1.0
14075,14076,production,1.0
14076,14077,production,1.0
14077,14078,production,1.0
14078,14079,production,1.0
14079,14080,production,0.9835
14080,14081,production,1.0
14081,14082,production,0.6397
14082,14083,production,0.0
14083,14084,production,0.0
14084,14085,production,0.0
14085,14086,production,0.3497
14086,14087,production,0.4043
14087,14088,production,0.4582
14088,14089,production,0.5059
14089,14090,production,0.5487
14090,14091,production,0.6193
14091,14092,production,0.4122
14092,14093,production,0.0
14093,14094,production,0.4122
14094,14095,production,0.4122
14095,14096,production,0.4122
14096,14097,production,0.4122
14097,14098,production,0.623
14098,14099,production,0.6336
14099,14100,production,0.0
14100,14101,production,0.0
14101,14102,production,0.0
14102,14103,production,0.0
14103,14104,production,0.0
14104,14105,production,0.0
14105,14106,production,0.0
14106,14107,production,0.0
14107,14108,production,0.0
14108,14109,production,0.0
14109,14110,production,0.0
14110,14111,production,1.0
14111,14112,production,0.0
14112,14113,production,0.0
14113,14114,production,0.7105
14114,14115,production,0.6438
14115,14116,production,0.6068
14116,14117,production,0.2392
14117,14118,production,0.1953
14118,14119,production,0.2044
14119,14120,production,0.241
14120,14121,production,0.425
14121,14122,production,0.7102
14122,14123,production,0.502
14123,14124,production,0.5248
14124,14125,production,0.5101
14125,14126,production,0.5384
14126,14127,production,0.6146
14127,14128,production,0.6031
14128,14129,production,0.5493
14129,14130,production,0.6656
14130,14131,production,0.5494
14131,14132,production,0.5188
14132,14133,production,0.5761
14133,14134,production,0.2216
14134,14135,production,0.2306
14135,14136,production,0.2038
14136,14137,production,0.3942
14137,14138,production,0.1577
14138,14139,production,0.0
14139,14140,production,0.0
14140,14141,production,0.0
14141,14142,production,0.0
14142,14143,production,0.1624
14143,14144,production,0.0
14144,14145,production,0.0
14145,14146,production,0.0
14146,14147,production,0.0
14147,14148,production,0.3295
14148,14149,production,0.6317
14149,14150,production,0.6397
14150,14151,production,0.0
14151,14152,production,0.5409
14152,14153,production,1.0
14153,14154,production,0.4103
14154,14155,production,1.0
14155,14156,production,0.5991
14156,14157,production,0.2846
14157,14158,production,0.0
14158,14159,production,0.0
14159,14160,production,0.0
14160,14161,production,0.1656
14161,14162,production,0.0
14162,14163,production,0.3178
14163,14164,production,0.2856
14164,14165,production,0.3557
14165,14166,production,0.3436
14166,14167,production,0.5359
14167,14168,production,0.2509
14168,14169,production,0.3154
14169,14170,production,0.2997
14170,14171,production,0.241
14171,14172,production,0.28
14172,14173,production,0.5641
14173,14174,production,0.4994
14174,14175,production,0.5045
14175,14176,production,0.5097
14176,14177,production,0.4856
14177,14178,production,0.5349
14178,14179,production,0.515
14179,14180,production,0.5447
14180,14181,production,0.3771
14181,14182,production,0.0
14182,14183,production,0.0
14183,14184,production,1.0
14184,14185,production,0.4696
14185,14186,production,0.1632
14186,14187,production,0.2817
14187,14188,production,0.2128
14188,14189,production,0.215
14189,14190,production,0.2242
14190,14191,production,0.8402
14191,14192,production,0.7396
14192,14193,production,0.8953
14193,14194,production,0.3469
14194,14195,production,0.3351
14195,14196,production,0.3648
14196,14197,production,0.3777
14197,14198,production,0.3844
14198,14199,production,0.3316
14199,14200,production,0.4138
14200,14201,production,0.3859
14201,14202,production,0.4767
14202,14203,production,0.4147
14203,14204,production,0.0
14204,14205,production,1.0
14205,14206,production,1.0
14206,14207,production,0.3825
14207,14208,production,0.0
14208,14209,production,0.0
14209,14210,production,0.0
14210,14211,production,0.0
14211,14212,production,0.0
14212,14213,production,0.0
14213,14214,production,0.0
14214,14215,production,0.0
14215,14216,production,0.583
14216,14217,production,0.5468
14217,14218,production,0.5273
14218,14219,production,0.5022
14219,14220,production,0.5255
14220,14221,production,0.2685
14221,14222,production,0.3002
14222,14223,production,0.6129
14223,14224,production,0.19
14224,14225,production,0.5627
14225,14226,production,0.381
14226,14227,production,0.4749
14227,14228,production,0.5614
14228,14229,production,0.5833
14229,14230,production,0.5643
14230,14231,production,0.5537
14231,14232,production,0.635
14232,14233,production,0.3755
14233,14234,production,0.6174
14234,14235,production,0.7198
14235,14236,production,0.723
14236,14237,production,0.4117
14237,14238,production,0.3849
14238,14239,production,1.0
14239,14240,production,0.471
14240,14241,production,0.7009
14241,14242,production,0.8197
14242,14243,production,0.1713
14243,14244,production,0.4784
14244,14245,production,0.596
14245,14246,production,0.0
14246,14247,production,0.0
14247,14248,production,0.0
14248,14249,production,0.0
14249,14250,production,0.0
14250,14251,production,0.4117
14251,14252,production,0.3849
14252,14253,production,0.0
14253,14254,production,0.0
14254,14255,production,0.1801
14255,14256,production,0.2332
14256,14257,production,0.3084
14257,14258,production,0.6563
14258,14259,production,0.5929
14259,14260,production,0.4227
14260,14261,production,0.4516
14261,14262,production,0.2668
14262,14263,production,0.2386
14263,14264,production,0.2564
14264,14265,production,0.1937
14265,14266,production,0.7396
14266,14267,production,0.7602
14267,14268,production,0.7161
14268,14269,production,0.9933
14269,14270,production,0.5436
14270,14271,production,0.5339
14271,14272,production,0.3889
14272,14273,production,0.4281
14273,14274,production,0.4889
14274,14275,production,0.3191
14275,14276,production,0.4939
14276,14277,production,0.5368
14277,14278,production,0.5589
14278,14279,production,0.6397
14279,14280,production,0.4696
14280,14281,production,0.7396
14281,14282,production,0.854
14282,14283,production,1.0
14283,14284,production,0.9556
14284,14285,production,0.8818
14285,14286,production,0.8127
14286,14287,production,0.5494
14287,14288,production,0.3259
14288,14289,production,0.4683
14289,14290,production,0.5328
14290,14291,production,0.5204
14291,14292,production,0.5468
14292,14293,production,0.5601
14293,14294,production,0.5107
14294,14295,production,0.5356
14295,14296,production,0.492
14296,14297,production,0.5507
14297,14298,production,0.496
14298,14299,production,0.6287
14299,14300,production,0.6499
14300,14301,production,0.6258
14301,14302,production,0.5942
14302,14303,production,0.505
14303,14304,production,0.5204
14304,14305,production,0.3404
14305,14306,production,0.5407
14306,14307,production,0.5343
14307,14308,production,0.4988
14308,14309,production,0.0
14309,14310,production,0.0
14310,14311,production,0.0
14311,14312,production,1.0
14312,14313,production,0.9687
14313,14314,production,0.9859
14314,14315,production,1.0
14315,14316,production,0.7936
14316,14317,production,0.2789
14317,14318,production,0.4696
14318,14319,production,0.0
14319,14320,production,0.0
14320,14321,production,0.6397
14321,14322,production,0.296
14322,14323,production,0.4696
14323,14324,production,0.8106
14324,14325,production,0.551
14325,14326,production,0.4696
14326,14327,production,0.5187
14327,14328,production,0.5343
14328,14329,production,0.5801
14329,14330,production,0.5062
14330,14331,production,0.573
14331,14332,production,0.8701
14332,14333,production,0.4774
14333,14334,production,0.3776
14334,14335,production,0.6026
14335,14336,production,0.8712
14336,14337,production,0.4256
14337,14338,production,0.9334
14338,14339,production,0.9467
14339,14340,production,1.0
14340,14341,production,0.5224
14341,14342,production,0.4806
14342,14343,production,0.4919
14343,14344,production,0.4642
14344,14345,production,0.4904
14345,14346,production,0.4455
14346,14347,production,0.6726
14347,14348,production,0.6905
14348,14349,production,0.7238
14349,14350,production,0.7171
14350,14351,production,0.7484
14351,14352,production,0.6364
14352,14353,production,0.6358
14353,14354,production,0.7111
14354,14355,production,0.4696
14355,14356,production,0.4696
14356,14357,production,0.4696
14357,14358,production,0.4696
14358,14359,production,0.4182
14359,14360,production,0.6456
14360,14361,production,0.3656
14361,14362,production,0.6515
14362,14363,production,0.4732
14363,14364,production,0.4341
14364,14365,production,0.397
14365,14366,production,0.574
14366,14367,production,0.5497
14367,14368,production,0.5378
14368,14369,production,0.5255
14369,14370,production,0.526
14370,14371,production,0.5374
14371,14372,production,0.4696
14372,14373,production,0.7656
14373,14374,production,0.8378
14374,14375,production,0.5149
14375,14376,production,0.7056
14376,14377,production,0.6768
14377,14378,production,1.0
14378,14379,production,0.4368
14379,14380,production,0.3904
14380,14381,production,0.4455
14381,14382,production,0.391
14382,14383,production,0.6062
14383,14384,production,0.5564
14384,14385,production,0.4986
14385,14386,production,0.0
14386,14387,production,0.3208
14387,14388,production,0.2214
14388,14389,production,0.1209
14389,14390,production,0.3491
14390,14391,production,0.1686
14391,14392,production,0.1599
14392,14393,production,0.1274
14393,14394,production,0.1202
14394,14395,production,0.235
14395,14396,production,0.4763
14396,14397,production,0.6376
14397,14398,production,0.544
14398,14399,production,0.5751
14399,14400,production,0.6344
14400,14401,production,0.525
14401,14402,production,0.9284
14402,14403,production,0.9471
14403,14404,production,0.9433
14404,14405,production,0.9651
14405,14406,production,0.9324
14406,14407,production,0.9559
14407,14408,production,0.9383
14408,14409,production,0.9571
14409,14410,production,1.0
14410,14411,production,0.0
14411,14412,production,0.0
14412,14413,production,0.0
14413,14414,production,0.0
14414,14415,production,0.5778
14415,14416,production,0.6005
14416,14417,production,1.0
14417,14418,production,0.4302
14418,14419,production,0.2233
14419,14420,production,0.3755
14420,14421,production,0.191
14421,14422,production,0.3065
14422,14423,production,0.3812
14423,14424,production,0.4035
14424,14425,production,0.4379
14425,14426,production,0.327
14426,14427,production,0.5197
14427,14428,production,0.5652
14428,14429,production,1.0
14429,14430,production,0.9564
14430,14431,production,0.9711
14431,14432,production,0.9545
14432,14433,production,0.8503
14433,14434,production,1.0
14434,14435,production,0.7447
14435,14436,production,0.0
14436,14437,production,0.5464
14437,14438,production,0.0
14438,14439,production,0.5509
14439,14440,production,0.5247
14440,14441,production,0.4988
14441,14442,production,0.4709
14442,14443,production,0.3885
14443,14444,production,0.7115
14444,14445,production,0.8411
14445,14446,production,0.0
14446,14447,production,1.0
14447,14448,production,0.4815
14448,14449,production,0.6397
14449,14450,production,0.6397
14450,14451,production,0.6397
14451,14452,production,0.416
14452,14453,production,0.0
14453,14454,production,0.4696
14454,14455,production,0.0
14455,14456,production,0.4691
14456,14457,production,0.4783
14457,14458,production,0.5169
14458,14459,production,0.5366
14459,14460,production,0.4323
14460,14461,production,0.3855
14461,14462,production,0.6964
14462,14463,production,0.414
14463,14464,production,0.3922
14464,14465,production,0.0
14465,14466,production,0.5911
14466,14467,production,0.3014
14467,14468,production,1.0
14468,14469,production,0.0
14469,14470,production,0.0
14470,14471,production,0.0
14471,14472,production,0.0
14472,14473,production,0.0
14473,14474,production,0.0
14474,14475,production,0.0
14475,14476,production,0.5984
14476,14477,production,0.6397
14477,14478,production,0.571
14478,14479,production,0.7864
14479,14480,production,0.9247
14480,14481,production,0.7864
14481,14482,production,0.9247
14482,14483,production,0.9247
14483,14484,production,0.4944
14484,14485,production,0.6289
14485,14486,production,0.9247
14486,14487,production,0.4944
14487,14488,production,0.4743
14488,14489,production,0.0
14489,14490,production,0.0
14490,14491,production,0.0
14491,14492,production,0.0
14492,14493,production,0.0
14493,14494,production,0.0
14494,14495,production,0.0
14495,14496,production,0.0
14496,14497,production,0.0
14497,14498,production,0.0
14498,14499,production,0.0
14499,14500,production,0.0
14500,14501,production,0.5112
14501,14502,production,0.5581
14502,14503,production,0.2379
14503,14504,production,0.2379
14504,14505,production,0.0
14505,14506,production,0.0
14506,14507,production,0.0
14507,14508,production,0.0
14508,14509,production,0.0
14509,14510,production,0.7144
14510,14511,production,0.0
14511,14512,production,0.7144
14512,14513,production,0.0
14513,14514,production,0.0
14514,14515,production,0.0
14515,14516,production,0.0
14516,14517,production,0.7144
14517,14518,production,0.0
14518,14519,production,0.0
14519,14520,production,0.0
14520,14521,production,0.0
14521,14522,production,0.0
14522,14523,production,0.0
14523,14524,production,0.9685
14524,14525,production,1.0
14525,14526,production,0.0
14526,14527,production,1.0
14527,14528,production,0.0
14528,14529,production,0.9685
14529,14530,production,0.3511
14530,14531,production,0.3511
14531,14532,production,0.2331
14532,14533,production,0.0
14533,14534,production,1.0
14534,14535,production,0.2331
14535,14536,production,0.0
14536,14537,production,0.0
14537,14538,production,0.0
14538,14539,production,0.6056
14539,14540,production,0.0
14540,14541,production,0.0
14541,14542,production,0.3122
14542,14543,production,0.0
14543,14544,production,0.0
14544,14545,production,1.0
14545,14546,production,0.0
14546,14547,production,0.3587
14547,14548,production,1.0
14548,14549,production,0.8812
14549,14550,production,0.6056
14550,14551,production,1.0
14551,14552,production,0.0
14552,14553,production,0.4582
14553,14554,production,0.0
14554,14555,production,0.5487
14555,14556,production,0.7984
14556,14557,production,0.7197
14557,14558,production,0.0
14558,14559,production,0.0
14559,14560,production,0.4696
14560,14561,production,0.0
14561,14562,production,0.7864
14562,14563,production,0.7864
14563,14564,production,0.9247
14564,14565,production,1.0
14565,14566,production,0.4453
14566,14567,production,0.0
14567,14568,production,0.5181
14568,14569,production,0.6006
14569,14570,production,0.5722
14570,14571,production,0.5671
14571,14572,production,0.5638
14572,14573,production,1.0
14573,14574,production,1.0
14574,14575,production,0.5276
14575,14576,production,0.4896
14576,14577,production,0.8041
14577,14578,production,0.5156
14578,14579,production,0.591
14579,14580,production,0.5921
14580,14581,production,0.564
14581,14582,production,0.5124
14582,14583,production,0.5255
14583,14584,production,0.5818
14584,14585,production,0.4395
14585,14586,production,0.575
14586,14587,production,0.7647
14587,14588,production,0.5999
14588,14589,production,0.5665
14589,14590,production,0.5982
14590,14591,production,0.7544
14591,14592,production,0.498
14592,14593,production,0.5234
14593,14594,production,0.518
14594,14595,production,0.5129
14595,14596,production,0.7444
14596,14597,production,0.5081
14597,14598,production,0.0
14598,14599,production,0.4937
14599,14600,production,0.4828
14600,14601,production,0.767
14601,14602,production,0.8305
14602,14603,production,0.61
14603,14604,production,0.8321
14604,14605,production,0.8117
14605,14606,production,0.8452
14606,14607,production,1.0
14607,14608,production,0.2066
14608,14609,production,0.2032
14609,14610,production,0.2159
14610,14611,production,0.3845
14611,14612,production,0.52
14612,14613,production,1.0
14613,14614,production,1.0
14614,14615,production,0.0
14615,14616,production,0.5735
14616,14617,production,0.0
14617,14618,production,0.4533
14618,14619,production,0.4696
14619,14620,production,0.5122
14620,14621,production,0.5126
14621,14622,production,0.4673
14622,14623,production,0.5384
14623,14624,production,0.4235
14624,14625,production,0.6047
14625,14626,production,0.5274
14626,14627,production,0.5139
14627,14628,production,0.5766
14628,14629,production,0.3597
14629,14630,production,0.6099
14630,14631,production,0.5245
14631,14632,production,0.5785
14632,14633,production,0.0
14633,14634,production,0.5824
14634,14635,production,0.5203
14635,14636,production,0.5522
14636,14637,production,0.5171
14637,14638,production,0.5043
14638,14639,production,0.6515
14639,14640,production,0.7396
14640,14641,production,0.8203
14641,14642,production,0.8105
14642,14643,production,0.6966
14643,14644,production,0.5815
14644,14645,production,0.6617
14645,14646,production,0.6722
14646,14647,production,0.1767
14647,14648,production,0.1734
14648,14649,production,0.1968
14649,14650,production,0.1807
14650,14651,production,0.1828
14651,14652,production,0.176
14652,14653,production,0.1853
14653,14654,production,0.1629
14654,14655,production,0.1967
14655,14656,production,0.0
14656,14657,production,0.1784
14657,14658,production,0.1773
14658,14659,production,0.1946
14659,14660,production,0.1831
14660,14661,production,0.1924
14661,14662,production,0.1877
14662,14663,production,0.1932
14663,14664,production,0.1928
14664,14665,production,0.1739
14665,14666,production,0.1911
14666,14667,production,0.0
14667,14668,production,0.0
14668,14669,production,0.3457
14669,14670,production,0.0
14670,14671,production,0.9486
14671,14672,production,0.6029
14672,14673,production,0.0
14673,14674,production,0.0
14674,14675,production,0.7954
14675,14676,production,1.0
14676,14677,production,0.9874
14677,14678,production,1.0
14678,14679,production,0.8793
14679,14680,production,0.833
14680,14681,production,0.8698
14681,14682,production,0.8837
14682,14683,production,0.9624
14683,14684,production,0.9888
14684,14685,production,0.8666
14685,14686,production,0.732
14686,14687,production,0.7904
14687,14688,production,0.393
14688,14689,production,0.7904
14689,14690,production,0.4314
14690,14691,production,0.0
14691,14692,production,0.0
14692,14693,production,0.0
14693,14694,production,0.0
14694,14695,production,0.0
14695,14696,production,0.0
14696,14697,production,0.0
14697,14698,production,0.0
14698,14699,production,0.0
14699,14700,production,0.0
14700,14701,production,0.0
14701,14702,production,0.304
14702,14703,production,0.0
14703,14704,production,0.0
14704,14705,production,0.0
14705,14706,production,0.0
14706,14707,production,0.0
14707,14708,production,0.3219
14708,14709,production,0.7972
14709,14710,production,0.879
14710,14711,production,0.8634
14711,14712,production,0.0
14712,14713,production,0.0
14713,14714,production,0.0
14714,14715,production,0.0
14715,14716,production,0.0
14716,14717,production,0.0
14717,14718,production,0.0
14718,14719,production,0.0
14719,14720,production,0.0
14720,14721,production,0.0
14721,14722,production,0.0
14722,14723,production,0.0
14723,14724,production,0.9059
14724,14725,production,1.0
14725,14726,production,0.6336
14726,14727,production,0.6397
14727,14728,production,0.6397
14728,14729,production,0.6397
14729,14730,production,1.0
14730,14731,production,0.9248
14731,14732,production,0.4261
14732,14733,production,0.6397
14733,14734,production,0.6267
14734,14735,production,0.5868
14735,14736,production,0.5752
14736,14737,production,0.3996
14737,14738,production,1.0
14738,14739,production,0.8856
14739,14740,production,0.9919
14740,14741,production,0.952
14741,14742,production,0.8933
14742,14743,production,1.0
14743,14744,production,1.0
14744,14745,production,0.6786
14745,14746,production,0.3902
14746,14747,production,1.0
14747,14748,production,0.9972
14748,14749,production,0.7818
14749,14750,production,0.3226
14750,14751,production,0.0
14751,14752,production,0.7923
14752,14753,production,1.0
14753,14754,production,0.7689
14754,14755,production,0.8208
14755,14756,production,0.8629
14756,14757,production,0.6397
14757,14758,production,0.6397
14758,14759,production,0.3865
14759,14760,production,0.6113
14760,14761,production,0.4899
14761,14762,production,0.4311
14762,14763,production,0.5986
14763,14764,production,0.5654
14764,14765,production,0.515
14765,14766,production,0.5144
14766,14767,production,0.4021
14767,14768,production,0.4423
14768,14769,production,0.4103
14769,14770,production,0.0
14770,14771,production,0.1765
14771,14772,production,0.1548
14772,14773,production,0.0
14773,14774,production,0.3873
14774,14775,production,0.4027
14775,14776,production,0.4076
14776,14777,production,0.471
14777,14778,production,0.0
14778,14779,production,0.0
14779,14780,production,0.0
14780,14781,production,0.0
14781,14782,production,0.0
14782,14783,production,0.0
14783,14784,production,0.0
14784,14785,production,0.0
14785,14786,production,0.1496
14786,14787,production,0.0
14787,14788,production,0.0
14788,14789,production,0.0
14789,14790,production,0.5339
14790,14791,production,0.7842
14791,14792,production,0.9949
14792,14793,production,0.8484
14793,14794,production,0.9775
14794,14795,production,0.3956
14795,14796,production,0.3076
14796,14797,production,0.0
14797,14798,production,0.0
14798,14799,production,0.0
14799,14800,production,0.0
14800,14801,production,0.0
14801,14802,production,0.0
14802,14803,production,0.0
14803,14804,production,0.0
14804,14805,production,0.0
14805,14806,production,0.0
14806,14807,production,0.0
14807,14808,production,0.0
14808,14809,production,0.0
14809,14810,production,0.0
14810,14811,production,0.0
14811,14812,production,0.0
14812,14813,production,0.0
14813,14814,production,0.0
14814,14815,production,0.0
14815,14816,production,0.0
14816,14817,production,0.0
14817,14818,production,0.0
14818,14819,production,0.0
14819,14820,production,0.0
14820,14821,production,0.0
14821,14822,production,0.0
14822,14823,production,0.0
14823,14824,production,0.0
14824,14825,production,0.0
14825,14826,production,0.0
14826,14827,production,0.0
14827,14828,production,0.0
14828,14829,production,0.0
14829,14830,production,0.0
14830,14831,production,0.0
14831,14832,production,0.0
14832,14833,production,0.0
14833,14834,production,0.0
14834,14835,production,0.0
14835,14836,production,0.0
14836,14837,production,0.0
14837,14838,production,0.0
14838,14839,production,0.0
14839,14840,production,0.0
14840,14841,production,0.0
14841,14842,production,0.0
14842,14843,production,0.0
14843,14844,production,0.0
14844,14845,production,0.0
14845,14846,production,0.0
14846,14847,production,0.0
14847,14848,production,0.0
14848,14849,production,0.0
14849,14850,production,0.0
14850,14851,production,0.0
14851,14852,production,0.0
14852,14853,production,0.0
14853,14854,production,0.0
14854,14855,production,0.0
14855,14856,production,0.0
14856,14857,production,0.0
14857,14858,production,0.0
14858,14859,production,0.0
14859,14860,production,0.0
14860,14861,production,0.0
14861,14862,production,0.0
14862,14863,production,0.0
14863,14864,production,0.0
14864,14865,production,0.0
14865,14866,production,0.0
14866,14867,production,0.0
14867,14868,production,0.0
14868,14869,production,0.0
14869,14870,production,0.0
14870,14871,production,0.0
14871,14872,production,0.0
14872,14873,production,0.0
14873,14874,production,0.0
14874,14875,production,0.0
14875,14876,production,0.0
14876,14877,production,0.0
14877,14878,production,0.0
14878,14879,production,0.0
14879,14880,production,0.0
14880,14881,production,0.0
14881,14882,production,0.0
14882,14883,production,0.0
14883,14884,production,0.0
14884,14885,production,0.0
14885,14886,production,0.0
14886,14887,production,0.0
14887,14888,production,0.0
14888,14889,production,0.6249
14889,14890,production,0.6653
14890,14891,production,0.589
14891,14892,production,0.5592
14892,14893,production,0.6516
14893,14894,production,0.747
14894,14895,production,0.751
14895,14896,production,0.6324
14896,14897,production,0.6637
14897,14898,production,0.6746
14898,14899,production,0.7211
14899,14900,production,0.7067
14900,14901,production,0.3908
14901,14902,production,0.0
14902,14903,production,0.6073
14903,14904,production,0.8958
14904,14905,production,1.0
14905,14906,production,0.5743
14906,14907,production,0.5743
14907,14908,production,1.0
14908,14909,production,0.332
14909,14910,production,0.4668
14910,14911,production,0.4668
14911,14912,production,0.5697
14912,14913,production,0.5639
14913,14914,production,0.5639
14914,14915,production,0.7784
14915,14916,production,0.4666
14916,14917,production,0.6698
14917,14918,production,0.6798
14918,14919,production,1.0
14919,14920,production,0.9165
14920,14921,production,0.9505
14921,14922,production,0.7533
14922,14923,production,0.1293
14923,14924,production,1.0
14924,14925,production,0.9405
14925,14926,production,0.943
14926,14927,production,0.6509
14927,14928,production,0.5415
14928,14929,production,0.6403
14929,14930,production,0.6586
14930,14931,production,0.6586
14931,14932,production,0.5714
14932,14933,production,0.559
14933,14934,production,0.8359
14934,14935,production,0.7305
14935,14936,production,0.6728
14936,14937,production,0.8971
14937,14938,production,0.5571
14938,14939,production,0.3547
14939,14940,production,0.6825
14940,14941,production,0.694
14941,14942,production,0.3813
14942,14943,production,0.3384
14943,14944,production,0.6938
14944,14945,production,0.6885
14945,14946,production,0.6765
14946,14947,production,0.6684
14947,14948,production,0.6622
14948,14949,production,0.6689
14949,14950,production,0.6622
14950,14951,production,0.6073
14951,14952,production,0.4831
14952,14953,production,0.7305
14953,14954,production,0.3916
14954,14955,production,0.3619
14955,14956,production,0.5727
14956,14957,production,0.3383
14957,14958,production,0.4869
14958,14959,production,0.4808
14959,14960,production,0.4715
14960,14961,production,0.6454
14961,14962,production,0.4831
14962,14963,production,0.4831
14963,14964,production,0.6602
14964,14965,production,0.9307
14965,14966,production,0.6478
14966,14967,production,0.6871
14967,14968,production,0.5829
14968,14969,production,0.5884
14969,14970,production,0.6268
14970,14971,production,0.6588
14971,14972,production,0.7042
14972,14973,production,0.6928
14973,14974,production,0.6587
14974,14975,production,0.7092
14975,14976,production,0.6375
14976,14977,production,0.6848
14977,14978,production,0.6408
14978,14979,production,0.8323
14979,14980,production,0.6073
14980,14981,production,0.7007
14981,14982,production,0.6073
14982,14983,production,0.6073
14983,14984,production,0.5529
14984,14985,production,0.6073
14985,14986,production,0.4382
14986,14987,production,0.4383
14987,14988,production,0.4385
14988,14989,production,0.5451
14989,14990,production,0.4946
14990,14991,production,0.7153
14991,14992,production,0.6337
14992,14993,production,0.5867
14993,14994,production,0.5527
14994,14995,production,0.6073
14995,14996,production,0.8931
14996,14997,production,0.8519
14997,14998,production,0.8473
14998,14999,production,0.8612
14999,15000,production,0.4668
15000,15001,production,0.4428
15001,15002,production,0.338
15002,15003,production,0.2616
15003,15004,production,0.2466
15004,15005,production,0.8806
15005,15006,production,0.5816
15006,15007,production,0.6941
15007,15008,production,0.625
15008,15009,production,0.9192
15009,15010,production,0.9294
15010,15011,production,0.9635
15011,15012,production,0.5324
15012,15013,production,0.5064
15013,15014,production,0.4687
15014,15015,production,0.8922
15015,15016,production,0.5243
15016,15017,production,0.4766
15017,15018,production,0.9193
15018,15019,production,0.7305
15019,15020,production,0.5925
15020,15021,production,0.4798
15021,15022,production,0.3767
15022,15023,production,0.8263
15023,15024,production,0.706
15024,15025,production,0.6803
15025,15026,production,0.6864
15026,15027,production,0.6397
15027,15028,production,0.7305
15028,15029,production,0.5161
15029,15030,production,0.5059
15030,15031,production,0.5999
15031,15032,production,0.9651
15032,15033,production,0.9619
15033,15034,production,0.966
15034,15035,production,0.8228
15035,15036,production,0.7305
15036,15037,production,0.4603
15037,15038,production,0.8371
15038,15039,production,0.7249
15039,15040,production,0.8144
15040,15041,production,0.8347
15041,15042,production,0.636
15042,15043,production,0.6977
15043,15044,production,0.3288
15044,15045,production,0.6073
15045,15046,production,0.6073
15046,15047,production,0.6348
15047,15048,production,0.6073
15048,15049,production,0.6073
15049,15050,production,0.6136
15050,15051,production,0.55
15051,15052,production,0.4095
15052,15053,production,0.5154
15053,15054,production,0.5992
15054,15055,production,0.4875
15055,15056,production,0.6798
15056,15057,production,0.617
15057,15058,production,0.605
15058,15059,production,1.0
15059,15060,production,0.5922
15060,15061,production,0.6226
15061,15062,production,0.5779
15062,15063,production,0.6246
15063,15064,production,0.6301
15064,15065,production,0.5185
15065,15066,production,0.36
15066,15067,production,0.6153
15067,15068,production,0.6125
15068,15069,production,0.6316
15069,15070,production,0.5079
15070,15071,production,0.5675
15071,15072,production,0.6171
15072,15073,production,0.4416
15073,15074,production,0.6404
15074,15075,production,0.5547
15075,15076,production,0.481
15076,15077,production,0.4114
15077,15078,production,0.5301
15078,15079,production,1.0
15079,15080,production,0.6873
15080,15081,production,0.5327
15081,15082,production,0.5428
15082,15083,production,0.3608
15083,15084,production,0.6291
15084,15085,production,0.6163
15085,15086,production,0.6472
15086,15087,production,0.497
15087,15088,production,0.4814
15088,15089,production,0.646
15089,15090,production,0.7305
15090,15091,production,0.6206
15091,15092,production,0.4579
15092,15093,production,0.6073
15093,15094,production,0.6073
15094,15095,production,0.6505
15095,15096,production,0.508
15096,15097,production,0.5901
15097,15098,production,0.5617
15098,15099,production,0.7305
15099,15100,production,0.7305
15100,15101,production,0.6991
15101,15102,production,0.6073
15102,15103,production,0.6073
15103,15104,production,0.647
15104,15105,production,0.6875
15105,15106,production,1.0
15106,15107,production,0.703
15107,15108,production,0.6073
15108,15109,production,0.6813
15109,15110,production,0.6675
15110,15111,production,0.6718
15111,15112,production,0.6551
15112,15113,production,0.7174
15113,15114,production,0.7305
15114,15115,production,0.7114
15115,15116,production,0.7305
15116,15117,production,0.7017
15117,15118,production,0.7252
15118,15119,production,0.7278
15119,15120,production,0.6318
15120,15121,production,0.6073
15121,15122,production,0.664
15122,15123,production,0.6269
15123,15124,production,0.7305
15124,15125,production,0.7209
15125,15126,production,0.7305
15126,15127,production,0.6202
15127,15128,production,0.6954
15128,15129,production,0.6579
15129,15130,production,0.6722
15130,15131,production,0.7059
15131,15132,production,0.7236
15132,15133,production,0.6456
15133,15134,production,0.6537
15134,15135,production,0.7305
15135,15136,production,0.6889
15136,15137,production,0.6222
15137,15138,production,0.6813
15138,15139,production,0.7019
15139,15140,production,0.7305
15140,15141,production,0.6572
15141,15142,production,0.6988
15142,15143,production,0.6965
15143,15144,production,0.7163
15144,15145,production,0.7006
15145,15146,production,0.713
15146,15147,production,0.713
15147,15148,production,0.7254
15148,15149,production,0.5338
15149,15150,production,0.514
15150,15151,production,0.6073
15151,15152,production,0.6907
15152,15153,production,0.6824
15153,15154,production,0.3896
15154,15155,production,0.4831
15155,15156,production,0.7305
15156,15157,production,0.5164
15157,15158,production,0.5141
15158,15159,production,0.4926
15159,15160,production,0.5024
15160,15161,production,0.5642
15161,15162,production,0.5524
15162,15163,production,0.8613
15163,15164,production,0.2401
15164,15165,production,0.5503
15165,15166,production,0.6073
15166,15167,production,0.559
15167,15168,production,0.4267
15168,15169,production,0.6087
15169,15170,production,0.6234
15170,15171,production,0.4908
15171,15172,production,0.6151
15172,15173,production,0.6386
15173,15174,production,0.7074
15174,15175,production,0.6612
15175,15176,production,0.6892
15176,15177,production,0.5969
15177,15178,production,0.5451
15178,15179,production,0.6093
15179,15180,production,0.6043
15180,15181,production,0.5952
15181,15182,production,0.5618
15182,15183,production,0.6629
15183,15184,production,0.6069
15184,15185,production,0.3399
15185,15186,production,0.2505
15186,15187,production,0.3113
15187,15188,production,0.3127
15188,15189,production,0.3064
15189,15190,production,0.2732
15190,15191,production,0.2902
15191,15192,production,0.2334
15192,15193,production,0.267
15193,15194,production,0.2971
15194,15195,production,0.1488
15195,15196,production,0.6336
15196,15197,production,0.3363
15197,15198,production,0.2289
15198,15199,production,0.2789
15199,15200,production,0.333
15200,15201,production,0.2683
15201,15202,production,0.3176
15202,15203,production,0.4831
15203,15204,production,0.9002
15204,15205,production,0.3121
15205,15206,production,0.3439
15206,15207,production,0.2074
15207,15208,production,0.311
15208,15209,production,0.6139
15209,15210,production,0.5656
15210,15211,production,0.4831
15211,15212,production,0.895
15212,15213,production,0.8803
15213,15214,production,0.6569
15214,15215,production,1.0
15215,15216,production,0.6073
15216,15217,production,0.6812
15217,15218,production,0.6239
15218,15219,production,0.5635
15219,15220,production,0.4897
15220,15221,production,0.6258
15221,15222,production,0.487
15222,15223,production,0.6629
15223,15224,production,0.6136
15224,15225,production,0.4931
15225,15226,production,0.6344
15226,15227,production,0.5813
15227,15228,production,0.6182
15228,15229,production,0.6107
15229,15230,production,0.5992
15230,15231,production,0.7305
15231,15232,production,0.7305
15232,15233,production,0.6375
15233,15234,production,0.4883
15234,15235,production,0.5871
15235,15236,production,0.6145
15236,15237,production,0.6359
15237,15238,production,0.6446
15238,15239,production,0.0
15239,15240,production,0.6721
15240,15241,production,0.8204
15241,15242,production,0.3798
15242,15243,production,0.6454
15243,15244,production,0.6312
15244,15245,production,0.71
15245,15246,production,0.724
15246,15247,production,0.5417
15247,15248,production,0.6454
15248,15249,production,0.6454
15249,15250,production,0.705
15250,15251,production,0.5256
15251,15252,production,0.6325
15252,15253,production,0.5272
15253,15254,production,0.4244
15254,15255,production,0.4831
15255,15256,production,0.6811
15256,15257,production,0.4831
15257,15258,production,0.4514
15258,15259,production,0.4526
15259,15260,production,0.5954
15260,15261,production,0.516
15261,15262,production,0.593
15262,15263,production,0.5322
15263,15264,production,0.5222
15264,15265,production,0.4832
15265,15266,production,0.4793
15266,15267,production,0.6525
15267,15268,production,0.296
15268,15269,production,0.6388
15269,15270,production,0.6019
15270,15271,production,0.6297
15271,15272,production,0.5378
15272,15273,production,0.6869
15273,15274,production,0.5872
15274,15275,production,0.646
15275,15276,production,0.8184
15276,15277,production,0.8722
15277,15278,production,0.5788
15278,15279,production,0.6975
15279,15280,production,0.7045
15280,15281,production,0.6842
15281,15282,production,0.6636
15282,15283,production,0.6407
15283,15284,production,0.7305
15284,15285,production,0.7305
15285,15286,production,0.9571
15286,15287,production,0.9215
15287,15288,production,0.8888
15288,15289,production,0.674
15289,15290,production,0.3496
15290,15291,production,0.6624
15291,15292,production,0.9504
15292,15293,production,0.4896
15293,15294,production,0.4141
15294,15295,production,0.4993
15295,15296,production,0.5294
15296,15297,production,0.455
15297,15298,production,1.0
15298,15299,production,0.9553
15299,15300,production,0.414
15300,15301,production,0.4093
15301,15302,production,0.416
15302,15303,production,0.4111
15303,15304,production,0.4112
15304,15305,production,0.4053
15305,15306,production,0.5704
15306,15307,production,0.7048
15307,15308,production,0.668
15308,15309,production,0.6245
15309,15310,production,0.7778
15310,15311,production,0.6619
15311,15312,production,0.6898
15312,15313,production,0.5793
15313,15314,production,0.581
15314,15315,production,0.5898
15315,15316,production,0.728
15316,15317,production,0.6798
15317,15318,production,0.6135
15318,15319,production,0.7003
15319,15320,production,0.7168
15320,15321,production,0.5712
15321,15322,production,0.5544
15322,15323,production,0.7043
15323,15324,production,0.7159
15324,15325,production,0.6579
15325,15326,production,0.7305
15326,15327,production,0.6624
15327,15328,production,1.0
15328,15329,production,1.0
15329,15330,production,0.7915
15330,15331,production,0.883
15331,15332,production,0.7252
15332,15333,production,0.8072
15333,15334,production,0.7344
15334,15335,production,0.3774
15335,15336,production,0.6639
15336,15337,production,0.6084
15337,15338,production,0.531
15338,15339,production,0.5727
15339,15340,production,0.6193
15340,15341,production,0.6355
15341,15342,production,0.4665
15342,15343,production,0.4841
15343,15344,production,0.0
15344,15345,production,0.0
15345,15346,production,0.0
15346,15347,production,0.0
15347,15348,production,0.0
15348,15349,production,0.5784
15349,15350,production,0.4398
15350,15351,production,0.5616
15351,15352,production,0.5587
15352,15353,production,0.4285
15353,15354,production,0.385
15354,15355,production,0.4412
15355,15356,production,0.4307
15356,15357,production,0.5148
15357,15358,production,0.4709
15358,15359,production,0.4049
15359,15360,production,0.6212
15360,15361,production,0.5716
15361,15362,production,0.5811
15362,15363,production,0.59
15363,15364,production,0.5511
15364,15365,production,0.6073
15365,15366,production,0.4677
15366,15367,production,0.6217
15367,15368,production,0.6315
15368,15369,production,0.6073
15369,15370,production,0.6073
15370,15371,production,0.6486
15371,15372,production,0.7123
15372,15373,production,0.6851
15373,15374,production,0.4676
15374,15375,production,0.5345
15375,15376,production,0.8339
15376,15377,production,0.8657
15377,15378,production,0.8503
15378,15379,production,0.8375
15379,15380,production,0.8293
15380,15381,production,0.3039
15381,15382,production,0.5585
15382,15383,production,0.5144
15383,15384,production,0.5712
15384,15385,production,0.5947
15385,15386,production,0.5763
15386,15387,production,0.5603
15387,15388,production,0.5455
15388,15389,production,0.5488
15389,15390,production,0.5144
15390,15391,production,0.427
15391,15392,production,0.4804
15392,15393,production,0.4653
15393,15394,production,0.525
15394,15395,production,0.476
15395,15396,production,0.4008
15396,15397,production,0.4859
15397,15398,production,0.4243
15398,15399,production,0.386
15399,15400,production,0.4186
15400,15401,production,0.3792
15401,15402,production,0.3787
15402,15403,production,0.447
15403,15404,production,0.6158
15404,15405,production,0.4717
15405,15406,production,0.5269
15406,15407,production,0.4333
15407,15408,production,0.4502
15408,15409,production,0.4747
15409,15410,production,0.4568
15410,15411,production,0.4522
15411,15412,production,0.8479
15412,15413,production,0.0
15413,15414,production,0.0
15414,15415,production,0.0
15415,15416,production,0.4359
15416,15417,production,0.4509
15417,15418,production,0.4441
15418,15419,production,0.5009
15419,15420,production,0.4639
15420,15421,production,0.7268
15421,15422,production,0.1377
15422,15423,production,0.2931
15423,15424,production,0.309
15424,15425,production,0.3299
15425,15426,production,0.285
15426,15427,production,0.2476
15427,15428,production,0.3425
15428,15429,production,0.307
15429,15430,production,0.4536
15430,15431,production,0.0
15431,15432,production,0.0
15432,15433,production,0.0
15433,15434,production,0.5645
15434,15435,production,0.5867
15435,15436,production,0.0
15436,15437,production,0.0
15437,15438,production,0.47
15438,15439,production,0.47
15439,15440,production,0.47
15440,15441,production,0.47
15441,15442,production,0.576
15442,15443,production,0.5681
15443,15444,production,0.5557
15444,15445,production,0.5565
15445,15446,production,0.555
15446,15447,production,0.533
15447,15448,production,0.3654
15448,15449,production,0.3576
15449,15450,production,0.3281
15450,15451,production,0.3144
15451,15452,production,0.3343
15452,15453,production,0.3402
15453,15454,production,0.337
15454,15455,production,0.391
15455,15456,production,0.4052
15456,15457,production,0.2581
15457,15458,production,0.2388
15458,15459,production,0.5707
15459,15460,production,0.54
15460,15461,production,0.5352
15461,15462,production,0.5092
15462,15463,production,0.6272
15463,15464,production,0.63
15464,15465,production,0.6084
15465,15466,production,0.4831
15466,15467,production,0.4775
15467,15468,production,0.7305
15468,15469,production,0.6407
15469,15470,production,0.6613
15470,15471,production,0.7299
15471,15472,production,0.6891
15472,15473,production,0.6026
15473,15474,production,0.7094
15474,15475,production,0.7305
15475,15476,production,0.6465
15476,15477,production,0.9157
15477,15478,production,0.6073
15478,15479,production,0.4096
15479,15480,production,0.4831
15480,15481,production,0.2151
15481,15482,production,0.2425
15482,15483,production,0.2611
15483,15484,production,0.2909
15484,15485,production,0.2746
15485,15486,production,0.2189
15486,15487,production,0.177
15487,15488,production,0.1402
15488,15489,production,0.2487
15489,15490,production,0.2422
15490,15491,production,0.2651
15491,15492,production,0.267
15492,15493,production,0.2213
15493,15494,production,0.2951
15494,15495,production,0.2201
15495,15496,production,0.7305
15496,15497,production,0.0
15497,15498,production,0.5473
15498,15499,production,0.6476
15499,15500,production,0.6401
15500,15501,production,0.5981
15501,15502,production,0.6378
15502,15503,production,0.6697
15503,15504,production,0.6594
15504,15505,production,0.5591
15505,15506,production,0.4821
15506,15507,production,0.49
15507,15508,production,0.4789
15508,15509,production,0.4585
15509,15510,production,0.3859
15510,15511,production,0.5004
15511,15512,production,0.4583
15512,15513,production,0.4992
15513,15514,production,0.42
15514,15515,production,0.5033
15515,15516,production,0.4597
15516,15517,production,0.4567
15517,15518,production,0.4907
15518,15519,production,0.5216
15519,15520,production,0.4631
15520,15521,production,0.7283
15521,15522,production,0.6895
15522,15523,production,0.7356
15523,15524,production,0.3952
15524,15525,production,0.3494
15525,15526,production,0.3439
15526,15527,production,0.2578
15527,15528,production,0.5322
15528,15529,production,0.2715
15529,15530,production,0.8666
15530,15531,production,0.6887
15531,15532,production,0.0
15532,15533,production,0.0
15533,15534,production,0.0
15534,15535,production,0.0
15535,15536,production,0.0
15536,15537,production,0.0
15537,15538,production,0.0
15538,15539,production,0.0
15539,15540,production,0.0
15540,15541,production,0.0
15541,15542,production,0.0
15542,15543,production,0.0
15543,15544,production,0.0
15544,15545,production,0.0
15545,15546,production,0.0
15546,15547,production,0.0
15547,15548,production,0.0
15548,15549,production,0.0
15549,15550,production,0.0
15550,15551,production,0.0
15551,15552,production,0.0
15552,15553,production,0.0
15553,15554,production,0.0
15554,15555,production,0.0
15555,15556,production,0.0
15556,15557,production,0.0
15557,15558,production,0.0
15558,15559,production,0.0
15559,15560,production,0.0
15560,15561,production,0.0
15561,15562,production,0.0
15562,15563,production,0.0
15563,15564,production,0.0
15564,15565,production,0.0
15565,15566,production,0.0
15566,15567,production,0.0
15567,15568,production,0.0
15568,15569,production,0.0
15569,15570,production,0.0
15570,15571,production,0.0
15571,15572,production,0.0
15572,15573,production,0.0
15573,15574,production,0.0
15574,15575,production,0.0
15575,15576,production,0.0
15576,15577,production,0.0
15577,15578,production,0.0
15578,15579,production,0.0
15579,15580,production,0.0
15580,15581,production,0.0
15581,15582,production,0.0
15582,15583,production,0.0
15583,15584,production,0.0
15584,15585,production,0.0
15585,15586,production,0.0
15586,15587,production,0.0
15587,15588,production,0.0
15588,15589,production,0.0
15589,15590,production,0.0
15590,15591,production,0.0
15591,15592,production,0.0
15592,15593,production,0.0
15593,15594,production,0.0
15594,15595,production,0.0
15595,15596,production,0.0
15596,15597,production,0.0
15597,15598,production,0.0
15598,15599,production,0.0
15599,15600,production,0.0
15600,15601,production,0.0
15601,15602,production,0.0
15602,15603,production,0.0
15603,15604,production,0.0
15604,15605,production,0.0
15605,15606,production,0.0
15606,15607,production,0.0
15607,15608,production,0.0
15608,15609,production,0.0
15609,15610,production,0.0
15610,15611,production,0.0
15611,15612,production,0.0
15612,15613,production,0.0
15613,15614,production,0.0
15614,15615,production,0.0
15615,15616,production,0.0
15616,15617,production,0.0
15617,15618,production,0.0
15618,15619,production,0.0
15619,15620,production,0.0
15620,15621,production,0.0
15621,15622,production,0.0
15622,15623,production,0.0
15623,15624,production,0.0
15624,15625,production,0.0
15625,15626,production,0.0
15626,15627,production,0.0
15627,15628,production,0.0
15628,15629,production,0.0
15629,15630,production,0.0
15630,15631,production,0.0
15631,15632,production,0.0
15632,15633,production,0.0
15633,15634,production,0.0
15634,15635,production,0.0
15635,15636,production,0.0
15636,15637,production,0.0
15637,15638,production,0.0
15638,15639,production,0.0
15639,15640,production,0.0
15640,15641,production,0.0
15641,15642,production,0.0
15642,15643,production,0.0
15643,15644,production,0.0
15644,15645,production,0.0
15645,15646,production,0.0
15646,15647,production,0.0
15647,15648,production,0.0
15648,15649,production,0.0
15649,15650,production,0.0
15650,15651,production,0.0
15651,15652,production,0.0
15652,15653,production,0.0
15653,15654,production,0.0
15654,15655,production,0.0
15655,15656,production,0.0
15656,15657,production,0.0
15657,15658,production,0.0
15658,15659,production,0.0
15659,15660,production,0.0
15660,15661,production,0.0
15661,15662,production,0.0
15662,15663,production,0.0
15663,15664,production,0.0
15664,15665,production,0.0
15665,15666,production,0.0
15666,15667,production,0.0
15667,15668,production,0.0
15668,15669,production,0.0
15669,15670,production,0.0
15670,15671,production,0.0
15671,15672,production,0.0
15672,15673,production,0.0
15673,15674,production,0.0
15674,15675,production,0.0
15675,15676,production,0.0
15676,15677,production,0.0
15677,15678,production,0.0
15678,15679,production,0.0
15679,15680,production,0.0
15680,15681,production,0.0
15681,15682,production,0.0
15682,15683,production,0.0
15683,15684,production,0.0
15684,15685,production,0.0
15685,15686,production,0.0
15686,15687,production,0.0
15687,15688,production,0.0
15688,15689,production,0.0
15689,15690,production,0.0
15690,15691,production,0.0
15691,15692,production,0.0
15692,15693,production,0.0
15693,15694,production,0.0
15694,15695,production,0.0
15695,15696,production,0.0
15696,15697,production,0.0
15697,15698,production,0.0
15698,15699,production,0.0
15699,15700,production,0.0
15700,15701,production,0.0
15701,15702,production,0.0
15702,15703,production,0.0
15703,15704,production,0.0
15704,15705,production,0.0
15705,15706,production,0.0
15706,15707,production,0.0
15707,15708,production,0.0
15708,15709,production,0.0
15709,15710,production,0.0
15710,15711,production,0.0
15711,15712,production,0.0
15712,15713,production,0.0
15713,15714,production,0.0
15714,15715,production,0.0
15715,15716,production,0.0
15716,15717,production,0.0
15717,15718,production,0.0
15718,15719,production,0.0
15719,15720,production,0.0
15720,15721,production,0.0
15721,15722,production,0.0
15722,15723,production,0.0
15723,15724,production,0.0
15724,15725,production,0.0
15725,15726,production,0.0
15726,15727,production,0.0
15727,15728,production,0.0
15728,15729,production,0.0
15729,15730,production,0.0
15730,15731,production,0.0
15731,15732,production,0.0
15732,15733,production,0.0
15733,15734,production,0.0
15734,15735,production,0.0
15735,15736,production,0.0
15736,15737,production,0.0
15737,15738,production,0.0
15738,15739,production,0.0
15739,15740,production,0.0
15740,15741,production,0.0
15741,15742,production,0.0
15742,15743,production,0.0
15743,15744,production,0.0
15744,15745,production,0.0
15745,15746,production,0.0
15746,15747,production,0.0
15747,15748,production,0.0
15748,15749,production,0.0
15749,15750,production,0.0
15750,15751,production,0.0
15751,15752,production,0.0
15752,15753,production,0.0
15753,15754,production,0.0
15754,15755,production,0.0
15755,15756,production,0.0
15756,15757,production,0.0
15757,15758,production,0.0
15758,15759,production,0.0
15759,15760,production,0.0
15760,15761,production,0.0
15761,15762,production,0.0
15762,15763,production,0.0
15763,15764,production,0.0
15764,15765,production,0.0
15765,15766,production,0.0
15766,15767,production,0.0
15767,15768,production,0.0
15768,15769,production,0.0
15769,15770,production,0.0
15770,15771,production,0.0
15771,15772,production,0.0
15772,15773,production,0.0
15773,15774,production,0.0
15774,15775,production,0.0
15775,15776,production,0.0
15776,15777,production,0.0
15777,15778,production,0.0
15778,15779,production,0.0
15779,15780,production,0.0
15780,15781,production,0.0
15781,15782,production,0.0
15782,15783,production,0.0
15783,15784,production,0.0
15784,15785,production,0.0
15785,15786,production,0.0
15786,15787,production,0.0
15787,15788,production,0.0
15788,15789,production,0.0
15789,15790,production,0.0
15790,15791,production,0.0
15791,15792,production,0.0
15792,15793,production,0.0
15793,15794,production,0.0
15794,15795,production,0.0
15795,15796,production,0.0
15796,15797,production,0.516
15797,15798,production,0.1885
15798,15799,production,1.0
15799,15800,production,0.4629
15800,15801,production,1.0
15801,15802,production,0.577
15802,15803,production,0.4715
15803,15804,production,0.4943
15804,15805,production,0.5874
15805,15806,production,0.6037
15806,15807,production,0.5703
15807,15808,production,0.0
15808,15809,production,0.5037
15809,15810,production,0.4681
15810,15811,production,0.5529
15811,15812,production,0.2138
15812,15813,production,0.4948
15813,15814,production,0.0
15814,15815,production,0.3964
15815,15816,production,0.505
15816,15817,production,0.5668
15817,15818,production,0.4801
15818,15819,production,0.3913
15819,15820,production,0.7556
15820,15821,production,0.6435
15821,15822,production,0.5795
15822,15823,production,0.7
15823,15824,production,0.7237
15824,15825,production,0.5677
15825,15826,production,0.7424
15826,15827,production,0.4731
15827,15828,production,0.4145
15828,15829,production,0.3777
15829,15830,production,0.166
15830,15831,production,0.0974
15831,15832,production,0.5247
15832,15833,production,0.3628
15833,15834,production,0.6879
15834,15835,production,0.1984
15835,15836,production,0.1265
15836,15837,production,0.5008
15837,15838,production,0.5615
15838,15839,production,0.5105
15839,15840,production,0.6047
15840,15841,production,0.2896
15841,15842,production,0.5976
15842,15843,production,0.3134
15843,15844,production,0.4856
15844,15845,production,0.4341
15845,15846,production,0.4341
15846,15847,production,0.4341
15847,15848,production,0.4341
15848,15849,production,0.4341
15849,15850,production,0.4341
15850,15851,production,0.4341
15851,15852,production,0.4341
15852,15853,production,0.4341
15853,15854,production,0.4341
15854,15855,production,0.4341
15855,15856,production,0.4341
15856,15857,production,0.6597
15857,15858,production,0.8465
15858,15859,production,0.7258
15859,15860,production,0.5682
15860,15861,production,0.3438
15861,15862,production,0.5656
15862,15863,production,0.4855
15863,15864,production,0.8728
15864,15865,production,0.5519
15865,15866,production,0.3632
15866,15867,production,0.5893
15867,15868,production,0.5768
15868,15869,production,0.6303
15869,15870,production,0.6058
15870,15871,production,0.5799
15871,15872,production,0.5536
15872,15873,production,0.5294
15873,15874,production,0.5849
15874,15875,production,0.5307
15875,15876,production,0.6044
15876,15877,production,0.4769
15877,15878,production,0.3777
15878,15879,production,0.587
15879,15880,production,0.5549
15880,15881,production,0.4326
15881,15882,production,0.2812
15882,15883,production,0.6484
15883,15884,production,0.3524
15884,15885,production,0.3524
15885,15886,production,0.462
15886,15887,production,0.6429
15887,15888,production,0.5747
15888,15889,production,0.439
15889,15890,production,0.6363
15890,15891,production,0.5094
15891,15892,production,0.4332
15892,15893,production,0.4889
15893,15894,production,0.402
15894,15895,production,0.4855
15895,15896,production,0.5273
15896,15897,production,0.483
15897,15898,production,0.6373
15898,15899,production,0.5305
15899,15900,production,0.4962
15900,15901,production,0.5097
15901,15902,production,0.5028
15902,15903,production,0.478
15903,15904,production,0.478
15904,15905,production,0.5348
15905,15906,production,0.7707
15906,15907,production,0.4876
15907,15908,production,0.5583
15908,15909,production,0.4931
15909,15910,production,0.5106
15910,15911,production,0.4969
15911,15912,production,0.8925
15912,15913,production,0.5642
15913,15914,production,0.9305
15914,15915,production,0.4443
15915,15916,production,0.7981
15916,15917,production,0.4762
15917,15918,production,0.5709
15918,15919,production,0.5119
15919,15920,production,0.5465
15920,15921,production,0.4883
15921,15922,production,0.7671
15922,15923,production,0.7555
15923,15924,production,0.759
15924,15925,production,0.4796
15925,15926,production,0.4261
15926,15927,production,0.5045
15927,15928,production,0.5618
15928,15929,production,0.5546
15929,15930,production,0.5638
15930,15931,production,0.4933
15931,15932,production,0.5502
15932,15933,production,0.5684
15933,15934,production,0.5684
15934,15935,production,0.8819
15935,15936,production,0.4686
15936,15937,production,0.5151
15937,15938,production,0.5661
15938,15939,production,0.5162
15939,15940,production,0.6016
15940,15941,production,0.5128
15941,15942,production,0.6079
15942,15943,production,0.4865
15943,15944,production,0.5831
15944,15945,production,0.4818
15945,15946,production,0.6025
15946,15947,production,0.5035
15947,15948,production,0.6356
15948,15949,production,0.5088
15949,15950,production,0.4981
15950,15951,production,0.4311
15951,15952,production,0.4911
15952,15953,production,0.5641
15953,15954,production,0.5932
15954,15955,production,1.0
15955,15956,production,0.6547
15956,15957,production,0.5095
15957,15958,production,0.4411
15958,15959,production,0.477
15959,15960,production,0.7427
15960,15961,production,0.4948
15961,15962,production,0.4708
15962,15963,production,0.5134
15963,15964,production,0.5742
15964,15965,production,0.5699
15965,15966,production,0.6954
15966,15967,production,0.6825
15967,15968,production,0.5802
15968,15969,production,0.611
15969,15970,production,0.9043
15970,15971,production,1.0
15971,15972,production,0.5572
15972,15973,production,0.5819
15973,15974,production,0.358
15974,15975,production,0.5076
15975,15976,production,0.4888
15976,15977,production,0.5101
15977,15978,production,0.5235
15978,15979,production,0.4006
15979,15980,production,0.5665
15980,15981,production,0.6081
15981,15982,production,0.4754
15982,15983,production,0.6486
15983,15984,production,0.6486
15984,15985,production,0.5478
15985,15986,production,0.4536
15986,15987,production,0.4804
15987,15988,production,1.0
15988,15989,production,0.8782
15989,15990,production,0.5082
15990,15991,production,0.4486
15991,15992,production,0.5292
15992,15993,production,0.8335
15993,15994,production,0.8224
15994,15995,production,0.4468
15995,15996,production,0.5226
15996,15997,production,0.5287
15997,15998,production,0.5198
15998,15999,production,0.6642
15999,16000,production,0.469
16000,16001,production,0.8621
16001,16002,production,0.4906
16002,16003,production,0.5053
16003,16004,production,0.65
16004,16005,production,0.4754
16005,16006,production,0.5034
16006,16007,production,0.5212
16007,16008,production,0.5248
16008,16009,production,0.4474
16009,16010,production,0.6196
16010,16011,production,0.4701
16011,16012,production,0.3936
16012,16013,production,0.4815
16013,16014,production,0.4823
16014,16015,production,0.4823
16015,16016,production,0.4521
16016,16017,production,0.5553
16017,16018,production,0.5305
16018,16019,production,0.6808
16019,16020,production,0.6115
16020,16021,production,0.4603
16021,16022,production,0.5183
16022,16023,production,0.5183
16023,16024,production,0.5183
16024,16025,production,0.5183
16025,16026,production,0.5183
16026,16027,production,0.5183
16027,16028,production,0.5183
16028,16029,production,0.918
16029,16030,production,0.7643
16030,16031,production,0.4822
16031,16032,production,0.5452
16032,16033,production,0.5343
16033,16034,production,0.4191
16034,16035,production,0.5204
16035,16036,production,0.4316
16036,16037,production,0.6042
16037,16038,production,0.4954
16038,16039,production,0.5923
16039,16040,production,0.4143
16040,16041,production,0.5722
16041,16042,production,0.4517
16042,16043,production,0.4801
16043,16044,production,0.6337
16044,16045,production,0.6473
16045,16046,production,0.5209
16046,16047,production,0.4982
16047,16048,production,0.5506
16048,16049,production,0.5239
16049,16050,production,0.5277
16050,16051,production,0.5599
16051,16052,production,0.5862
16052,16053,production,0.5293
16053,16054,production,0.5356
16054,16055,production,0.5937
16055,16056,production,0.4011
16056,16057,production,0.6799
16057,16058,production,0.4174
16058,16059,production,0.5189
16059,16060,production,0.5152
16060,16061,production,0.4985
16061,16062,production,0.6218
16062,16063,production,0.586
16063,16064,production,0.9381
16064,16065,production,0.5848
16065,16066,production,0.6277
16066,16067,production,0.7714
16067,16068,production,0.5855
16068,16069,production,0.5234
16069,16070,production,0.5908
16070,16071,production,0.6675
16071,16072,production,0.5557
16072,16073,production,0.5957
16073,16074,production,0.4858
16074,16075,production,0.5603
16075,16076,production,0.4966
16076,16077,production,0.6693
16077,16078,production,0.5941
16078,16079,production,0.4954
16079,16080,production,0.5224
16080,16081,production,0.5172
16081,16082,production,0.5158
16082,16083,production,0.4562
16083,16084,production,0.5107
16084,16085,production,0.5346
16085,16086,production,0.5209
16086,16087,production,0.4862
16087,16088,production,0.703
16088,16089,production,0.5954
16089,16090,production,0.8049
16090,16091,production,0.5269
16091,16092,production,0.8081
16092,16093,production,0.5885
16093,16094,production,0.7667
16094,16095,production,0.4201
16095,16096,production,0.4866
16096,16097,production,0.4692
16097,16098,production,0.4713
16098,16099,production,0.675
16099,16100,production,0.6214
16100,16101,production,0.5148
16101,16102,production,0.6481
16102,16103,production,0.6832
16103,16104,production,0.5476
16104,16105,production,0.4419
16105,16106,production,0.5484
16106,16107,production,0.448
16107,16108,production,0.572
16108,16109,production,0.6889
16109,16110,production,0.5024
16110,16111,production,0.6738
16111,16112,production,0.5205
16112,16113,production,0.497
16113,16114,production,0.665
16114,16115,production,0.7212
16115,16116,production,0.436
16116,16117,production,0.4767
16117,16118,production,0.5403
16118,16119,production,0.4438
16119,16120,production,0.5254
16120,16121,production,0.5633
16121,16122,production,0.4872
16122,16123,production,0.7939
16123,16124,production,0.4406
16124,16125,production,0.6211
16125,16126,production,0.5294
16126,16127,production,0.4204
16127,16128,production,0.4828
16128,16129,production,0.6737
16129,16130,production,0.717
16130,16131,production,0.6343
16131,16132,production,0.5421
16132,16133,production,0.5096
16133,16134,production,0.5078
16134,16135,production,0.5396
16135,16136,production,0.8452
16136,16137,production,0.6508
16137,16138,production,0.4578
16138,16139,production,0.8369
16139,16140,production,0.6891
16140,16141,production,0.714
16141,16142,production,0.6968
16142,16143,production,0.5895
16143,16144,production,0.559
16144,16145,production,0.5674
16145,16146,production,0.3923
16146,16147,production,0.9324
16147,16148,production,0.9597
16148,16149,production,0.584
16149,16150,production,0.646
16150,16151,production,0.5588
16151,16152,production,0.6025
16152,16153,production,0.4807
16153,16154,production,0.7299
16154,16155,production,0.4699
16155,16156,production,0.6516
16156,16157,production,0.5903
16157,16158,production,0.5903
16158,16159,production,0.6679
16159,16160,production,0.5137
16160,16161,production,0.4812
16161,16162,production,0.6542
16162,16163,production,0.938
16163,16164,production,0.3995
16164,16165,production,0.6343
16165,16166,production,0.5767
16166,16167,production,0.448
16167,16168,production,0.4164
16168,16169,production,0.8845
16169,16170,production,0.8485
16170,16171,production,0.5644
16171,16172,production,0.5501
16172,16173,production,0.4978
16173,16174,production,0.4361
16174,16175,production,0.7009
16175,16176,production,0.549
16176,16177,production,0.549
16177,16178,production,0.549
16178,16179,production,0.5587
16179,16180,production,0.5587
16180,16181,production,0.538
16181,16182,production,0.5587
16182,16183,production,0.5587
16183,16184,production,0.5587
16184,16185,production,0.6768
16185,16186,production,0.5456
16186,16187,production,0.4973
16187,16188,production,0.6437
16188,16189,production,0.6927
16189,16190,production,0.5494
16190,16191,production,0.9337
16191,16192,production,0.7341
16192,16193,production,0.5864
16193,16194,production,0.5385
16194,16195,production,0.4
16195,16196,production,0.6558
16196,16197,production,0.9502
16197,16198,production,0.5891
16198,16199,production,0.9098
16199,16200,production,0.5545
16200,16201,production,0.6956
16201,16202,production,0.5288
16202,16203,production,0.8286
16203,16204,production,0.6552
16204,16205,production,0.6316
16205,16206,production,0.7209
16206,16207,production,0.7641
16207,16208,production,0.5588
16208,16209,production,0.7224
16209,16210,production,0.6314
16210,16211,production,0.902
16211,16212,production,0.6266
16212,16213,production,0.9284
16213,16214,production,0.509
16214,16215,production,0.7198
16215,16216,production,0.6657
16216,16217,production,0.6866
16217,16218,production,0.6865
16218,16219,production,0.7287
16219,16220,production,0.3354
16220,16221,production,0.6776
16221,16222,production,0.5339
16222,16223,production,0.5283
16223,16224,production,0.5023
16224,16225,production,0.9286
16225,16226,production,0.6544
16226,16227,production,0.6426
16227,16228,production,0.6772
16228,16229,production,0.5293
16229,16230,production,0.6692
16230,16231,production,0.5049
16231,16232,production,0.5292
16232,16233,production,0.6863
16233,16234,production,0.6639
16234,16235,production,0.541
16235,16236,production,0.5115
16236,16237,production,0.7575
16237,16238,production,0.4626
16238,16239,production,0.7459
16239,16240,production,0.7084
16240,16241,production,0.7961
16241,16242,production,0.7552
16242,16243,production,0.6734
16243,16244,production,0.563
16244,16245,production,0.4459
16245,16246,production,0.7013
16246,16247,production,0.8289
16247,16248,production,0.3746
16248,16249,production,0.7694
16249,16250,production,0.4479
16250,16251,production,0.6021
16251,16252,production,0.6933
16252,16253,production,0.6509
16253,16254,production,0.6675
16254,16255,production,0.4768
16255,16256,production,0.5295
16256,16257,production,0.5726
16257,16258,production,0.5265
16258,16259,production,0.541
16259,16260,production,0.6009
16260,16261,production,0.532
16261,16262,production,0.667
16262,16263,production,0.7905
16263,16264,production,0.5558
16264,16265,production,0.8816
16265,16266,production,0.7173
16266,16267,production,0.8872
16267,16268,production,0.6658
16268,16269,production,0.5488
16269,16270,production,0.5729
16270,16271,production,0.6323
16271,16272,production,0.538
16272,16273,production,0.5989
16273,16274,production,0.844
16274,16275,production,0.5374
16275,16276,production,0.5843
16276,16277,production,0.586
16277,16278,production,0.4395
16278,16279,production,0.8066
16279,16280,production,0.6638
16280,16281,production,0.6699
16281,16282,production,0.7537
16282,16283,production,0.4169
16283,16284,production,0.6237
16284,16285,production,0.5479
16285,16286,production,0.5405
16286,16287,production,0.5739
16287,16288,production,0.6624
16288,16289,production,0.7649
16289,16290,production,0.8677
16290,16291,production,0.7751
16291,16292,production,0.6209
16292,16293,production,0.765
16293,16294,production,0.765
16294,16295,production,0.765
16295,16296,production,0.6433
16296,16297,production,0.5296
16297,16298,production,0.5296
16298,16299,production,0.5296
16299,16300,production,0.6871
16300,16301,production,0.9233
16301,16302,production,0.6507
16302,16303,production,0.6507
16303,16304,production,0.7103
16304,16305,production,0.4618
16305,16306,production,0.4832
16306,16307,production,0.7578
16307,16308,production,0.5972
16308,16309,production,0.831
16309,16310,production,0.7305
16310,16311,production,0.6373
16311,16312,production,0.7305
16312,16313,production,0.9491
16313,16314,production,0.7284
16314,16315,production,0.5162
16315,16316,production,0.6
16316,16317,production,0.5739
16317,16318,production,0.6933
16318,16319,production,0.6627
16319,16320,production,0.6627
16320,16321,production,0.611
16321,16322,production,0.7305
16322,16323,production,0.5614
16323,16324,production,0.5994
16324,16325,production,0.6052
16325,16326,production,0.7709
16326,16327,production,0.7468
16327,16328,production,0.7567
16328,16329,production,0.6143
16329,16330,production,0.8259
16330,16331,production,0.6671
16331,16332,production,0.7305
16332,16333,production,0.7305
16333,16334,production,0.5321
16334,16335,production,0.7175
16335,16336,production,0.5991
16336,16337,production,0.688
16337,16338,production,0.6401
16338,16339,production,0.6003
16339,16340,production,0.6919
16340,16341,production,0.4565
16341,16342,production,0.858
16342,16343,production,0.5637
16343,16344,production,0.8978
16344,16345,production,0.4598
16345,16346,production,0.8672
16346,16347,production,0.6073
16347,16348,production,0.6622
16348,16349,production,0.5552
16349,16350,production,0.6685
16350,16351,production,0.783
16351,16352,production,0.7305
16352,16353,production,0.6528
16353,16354,production,0.4775
16354,16355,production,0.7304
16355,16356,production,0.9918
16356,16357,production,0.6498
16357,16358,production,0.7115
16358,16359,production,0.5769
16359,16360,production,0.6042
16360,16361,production,0.6933
16361,16362,production,0.6397
16362,16363,production,0.7619
16363,16364,production,0.6371
16364,16365,production,0.6825
16365,16366,production,0.7754
16366,16367,production,0.6454
16367,16368,production,0.5572
16368,16369,production,0.5244
16369,16370,production,0.8182
16370,16371,production,0.9711
16371,16372,production,0.6681
16372,16373,production,0.5444
16373,16374,production,0.7211
16374,16375,production,0.7305
16375,16376,production,0.7309
16376,16377,production,0.8116
16377,16378,production,0.9195
16378,16379,production,0.9133
16379,16380,production,0.4521
16380,16381,production,1.0
16381,16382,production,0.6066
16382,16383,production,0.3094
16383,16384,production,0.7485
16384,16385,production,0.9652
16385,16386,production,0.681
16386,16387,production,0.5602
16387,16388,production,1.0
16388,16389,production,0.5963
16389,16390,production,0.7455
16390,16391,production,0.6003
16391,16392,production,0.6278
16392,16393,production,0.8795
16393,16394,production,0.722
16394,16395,production,0.4186
16395,16396,production,0.7273
16396,16397,production,0.7305
16397,16398,production,0.7552
16398,16399,production,0.7305
16399,16400,production,0.852
16400,16401,production,0.5793
16401,16402,production,0.7136
16402,16403,production,0.7183
16403,16404,production,0.7083
16404,16405,production,0.6055
16405,16406,production,1.0
16406,16407,production,0.6854
16407,16408,production,0.7641
16408,16409,production,0.6178
16409,16410,production,0.9385
16410,16411,production,0.7305
16411,16412,production,0.8873
16412,16413,production,0.6295
16413,16414,production,0.588
16414,16415,production,0.6041
16415,16416,production,0.8415
16416,16417,production,0.754
16417,16418,production,0.6091
16418,16419,production,1.0
16419,16420,production,0.6989
16420,16421,production,0.639
16421,16422,production,0.783
16422,16423,production,0.7088
16423,16424,production,0.8271
16424,16425,production,0.5835
16425,16426,production,0.727
16426,16427,production,0.7289
16427,16428,production,0.7905
16428,16429,production,0.7043
16429,16430,production,0.7327
16430,16431,production,0.8542
16431,16432,production,0.783
16432,16433,production,0.8193
16433,16434,production,0.9053
16434,16435,production,1.0
16435,16436,production,0.8536
16436,16437,production,0.7425
16437,16438,production,0.7905
16438,16439,production,0.783
16439,16440,production,1.0
16440,16441,production,0.6353
16441,16442,production,0.783
16442,16443,production,0.7314
16443,16444,production,1.0
16444,16445,production,0.7305
16445,16446,production,0.6703
16446,16447,production,0.783
16447,16448,production,0.8019
16448,16449,production,1.0
16449,16450,production,0.6295
16450,16451,production,1.0
16451,16452,production,1.0
16452,16453,production,0.5577
16453,16454,production,1.0
16454,16455,production,0.8128
16455,16456,production,0.7479
16456,16457,production,0.7145
16457,16458,production,0.7305
16458,16459,production,1.0
16459,16460,production,0.4763
16460,16461,production,0.6072
16461,16462,production,0.3885
16462,16463,production,1.0
16463,16464,production,0.6072
16464,16465,production,0.6885
16465,16466,production,0.6304
16466,16467,production,0.8674
16467,16468,production,0.5147
16468,16469,production,0.863
16469,16470,production,0.9498
16470,16471,production,0.9888
16471,16472,production,0.9621
16472,16473,production,0.6997
16473,16474,production,0.8036
16474,16475,production,0.8071
16475,16476,production,1.0
16476,16477,production,0.7402
16477,16478,production,0.7235
16478,16479,production,0.798
16479,16480,production,0.7034
16480,16481,production,0.8627
16481,16482,production,0.9141
16482,16483,production,0.9813
16483,16484,production,0.9093
16484,16485,production,0.9701
16485,16486,production,1.0
16486,16487,production,0.0
16487,16488,production,0.0
16488,16489,production,0.0
16489,16490,production,0.0
16490,16491,production,0.0
16491,16492,production,0.0
16492,16493,production,0.0
16493,16494,production,0.0
16494,16495,production,0.2767
16495,16496,production,0.3844
16496,16497,production,0.0
16497,16498,production,0.0
16498,16499,production,0.4412
16499,16500,production,0.0
16500,16501,production,0.1056
16501,16502,production,0.2077
16502,16503,production,0.3526
16503,16504,production,0.0
16504,16505,production,0.5705
16505,16506,production,0.0
16506,16507,production,0.4147
16507,16508,production,0.2325
16508,16509,production,0.0
16509,16510,production,0.1423
16510,16511,production,0.0
16511,16512,production,0.4206
16512,16513,production,0.333
16513,16514,production,0.0
16514,16515,production,0.0
16515,16516,production,0.1844
16516,16517,production,0.4529
16517,16518,production,0.2577
16518,16519,production,0.181
16519,16520,production,0.2069
16520,16521,production,0.1688
16521,16522,production,0.3466
16522,16523,production,0.3604
16523,16524,production,0.3604
16524,16525,production,0.3604
16525,16526,production,0.318
16526,16527,production,0.3776
16527,16528,production,0.3458
16528,16529,production,0.2214
16529,16530,production,0.1236
16530,16531,production,0.4684
16531,16532,production,0.3349
16532,16533,production,0.0
16533,16534,production,0.0
16534,16535,production,0.0
16535,16536,production,0.3604
16536,16537,production,0.2851
16537,16538,production,0.1739
16538,16539,production,0.1067
16539,16540,production,0.3607
16540,16541,production,0.4127
16541,16542,production,0.0
16542,16543,production,0.3265
16543,16544,production,0.3218
16544,16545,production,0.0
16545,16546,production,0.2551
16546,16547,production,0.3726
16547,16548,production,0.3268
16548,16549,production,0.0
16549,16550,production,0.3878
16550,16551,production,0.6878
16551,16552,production,0.404
16552,16553,production,0.3612
16553,16554,production,0.4953
16554,16555,production,0.3695
16555,16556,production,0.4893
16556,16557,production,0.3483
16557,16558,production,0.0
16558,16559,production,0.3424
16559,16560,production,0.3666
16560,16561,production,0.0
16561,16562,production,0.4229
16562,16563,production,0.0
16563,16564,production,0.6697
16564,16565,production,0.5116
16565,16566,production,0.0
16566,16567,production,0.0
16567,16568,production,0.3341
16568,16569,production,0.3622
16569,16570,production,0.5204
16570,16571,production,0.0
16571,16572,production,0.369
16572,16573,production,0.0
16573,16574,production,0.3478
16574,16575,production,0.4259
16575,16576,production,0.3524
16576,16577,production,0.5385
16577,16578,production,0.1606
16578,16579,production,0.0
16579,16580,production,0.3696
16580,16581,production,0.7858
16581,16582,production,0.3539
16582,16583,production,0.5433
16583,16584,production,0.7972
16584,16585,production,0.358
16585,16586,production,0.3979
16586,16587,production,0.0
16587,16588,production,0.3782
16588,16589,production,0.6103
16589,16590,production,0.0
16590,16591,production,0.3772
16591,16592,production,0.213
16592,16593,production,0.0
16593,16594,production,0.341
16594,16595,production,0.3846
16595,16596,production,0.268
16596,16597,production,0.5623
16597,16598,production,0.0
16598,16599,production,0.0
16599,16600,production,0.5674
16600,16601,production,0.2022
16601,16602,production,0.0
16602,16603,production,0.0
16603,16604,production,0.2605
16604,16605,production,0.3847
16605,16606,production,0.2244
16606,16607,production,0.0
16607,16608,production,0.0
16608,16609,production,0.0
16609,16610,production,0.0
16610,16611,production,0.3016
16611,16612,production,0.6457
16612,16613,production,0.0
16613,16614,production,0.2642
16614,16615,production,0.4638
16615,16616,production,0.3523
16616,16617,production,0.0
16617,16618,production,0.0
16618,16619,production,0.3449
16619,16620,production,0.0
16620,16621,production,0.0
16621,16622,production,0.9424
16622,16623,production,0.3144
16623,16624,production,0.328
16624,16625,production,0.328
16625,16626,production,0.3084
16626,16627,production,0.0
16627,16628,production,0.0
16628,16629,production,0.3153
16629,16630,production,0.2746
16630,16631,production,0.9746
16631,16632,production,0.3235
16632,16633,production,0.4086
16633,16634,production,0.2189
16634,16635,production,0.4526
16635,16636,production,0.5494
16636,16637,production,1.0
16637,16638,production,0.762
16638,16639,production,0.7052
16639,16640,production,0.4558
16640,16641,production,0.4558
16641,16642,production,1.0
16642,16643,production,0.4195
16643,16644,production,0.0
16644,16645,production,0.2904
16645,16646,production,0.4831
16646,16647,production,0.369
16647,16648,production,0.2806
16648,16649,production,0.3438
16649,16650,production,0.0
16650,16651,production,0.0
16651,16652,production,0.4128
16652,16653,production,0.2008
16653,16654,production,0.0
16654,16655,production,0.4349
16655,16656,production,0.0
16656,16657,production,0.0
16657,16658,production,0.0
16658,16659,production,0.0
16659,16660,production,0.3998
16660,16661,production,0.0
16661,16662,production,0.7152
16662,16663,production,0.5846
16663,16664,production,0.4831
16664,16665,production,0.471
16665,16666,production,0.6494
16666,16667,production,0.0
16667,16668,production,1.0
16668,16669,production,0.0
16669,16670,production,0.0
16670,16671,production,0.346
16671,16672,production,0.3915
16672,16673,production,0.3952
16673,16674,production,0.0
16674,16675,production,0.0
16675,16676,production,0.0
16676,16677,production,0.4821
16677,16678,production,1.0
16678,16679,production,0.0
16679,16680,production,0.0
16680,16681,production,0.0
16681,16682,production,0.0
16682,16683,production,0.5312
16683,16684,production,0.0
16684,16685,production,0.0
16685,16686,production,0.0
16686,16687,production,0.0
16687,16688,production,0.6021
16688,16689,production,0.0
16689,16690,production,0.4951
16690,16691,production,0.471
16691,16692,production,0.5715
16692,16693,production,0.6099
16693,16694,production,0.6099
16694,16695,production,0.6099
16695,16696,production,0.7346
16696,16697,production,0.4292
16697,16698,production,0.7429
16698,16699,production,0.8193
16699,16700,production,0.0
16700,16701,production,1.0
16701,16702,production,0.8169
16702,16703,production,0.8358
16703,16704,production,0.7459
16704,16705,production,0.6756
16705,16706,production,0.425
16706,16707,production,0.806
16707,16708,production,0.6665
16708,16709,production,0.9531
16709,16710,production,0.9441
16710,16711,production,0.9334
16711,16712,production,0.6756
16712,16713,production,0.6644
16713,16714,production,0.6603
16714,16715,production,0.6875
16715,16716,production,0.6872
16716,16717,production,0.6851
16717,16718,production,0.5473
16718,16719,production,0.5421
16719,16720,production,0.5407
16720,16721,production,0.3754
16721,16722,production,0.4382
16722,16723,production,0.4388
16723,16724,production,0.5235
16724,16725,production,0.5402
16725,16726,production,0.5151
16726,16727,production,0.4438
16727,16728,production,0.4397
16728,16729,production,0.4454
16729,16730,production,0.3935
16730,16731,production,0.3914
16731,16732,production,0.3858
16732,16733,production,0.4353
16733,16734,production,0.4193
16734,16735,production,0.4336
16735,16736,production,0.6521
16736,16737,production,0.659
16737,16738,production,0.648
16738,16739,production,0.4774
16739,16740,production,0.463
16740,16741,production,0.4488
16741,16742,production,0.573
16742,16743,production,0.5788
16743,16744,production,0.5756
16744,16745,production,0.4407
16745,16746,production,0.4274
16746,16747,production,0.4593
16747,16748,production,0.3744
16748,16749,production,0.3627
16749,16750,production,0.444
16750,16751,production,0.4757
16751,16752,production,0.4697
16752,16753,production,0.4706
16753,16754,production,0.6494
16754,16755,production,0.6624
16755,16756,production,0.6686
16756,16757,production,0.5584
16757,16758,production,0.5613
16758,16759,production,0.5666
16759,16760,production,0.5616
16760,16761,production,0.5694
16761,16762,production,0.5652
16762,16763,production,0.4992
16763,16764,production,0.4965
16764,16765,production,0.5093
16765,16766,production,0.5377
16766,16767,production,0.5307
16767,16768,production,0.548
16768,16769,production,0.5323
16769,16770,production,0.5286
16770,16771,production,0.534
16771,16772,production,0.4838
16772,16773,production,0.4739
16773,16774,production,0.475
16774,16775,production,0.4388
16775,16776,production,0.3905
16776,16777,production,0.39
16777,16778,production,0.4958
16778,16779,production,0.4819
16779,16780,production,0.4954
16780,16781,production,0.5884
16781,16782,production,0.6012
16782,16783,production,0.5853
16783,16784,production,0.7228
16784,16785,production,0.7173
16785,16786,production,0.7264
16786,16787,production,0.2274
16787,16788,production,0.2277
16788,16789,production,0.2255
16789,16790,production,0.5003
16790,16791,production,0.5038
16791,16792,production,0.4974
16792,16793,production,0.2475
16793,16794,production,0.25
16794,16795,production,0.2693
16795,16796,production,0.5361
16796,16797,production,0.5419
16797,16798,production,0.5474
16798,16799,production,0.5163
16799,16800,production,0.5044
16800,16801,production,0.5184
16801,16802,production,0.3283
16802,16803,production,0.3452
16803,16804,production,0.3411
16804,16805,production,0.3631
16805,16806,production,0.3704
16806,16807,production,0.4465
16807,16808,production,0.3679
16808,16809,production,0.3712
16809,16810,production,0.3714
16810,16811,production,0.4728
16811,16812,production,0.0
16812,16813,production,0.0
16813,16814,production,0.0
16814,16815,production,0.0
16815,16816,production,0.0
16816,16817,production,0.0
16817,16818,production,0.0
16818,16819,production,0.0
16819,16820,production,0.0
16820,16821,production,0.0
16821,16822,production,0.0
16822,16823,production,0.0
16823,16824,production,0.0
16824,16825,production,0.0
16825,16826,production,0.0
16826,16827,production,0.0
16827,16828,production,0.0
16828,16829,production,0.0
16829,16830,production,0.0
16830,16831,production,0.0
16831,16832,production,0.0
16832,16833,production,0.0
16833,16834,production,0.0
16834,16835,production,0.0
16835,16836,production,0.0
16836,16837,production,0.0
16837,16838,production,0.0
16838,16839,production,0.0
16839,16840,production,0.0
16840,16841,production,0.0
16841,16842,production,0.0
16842,16843,production,0.0
16843,16844,production,0.0
16844,16845,production,0.0
16845,16846,production,0.0
16846,16847,production,0.0
16847,16848,production,0.0
16848,16849,production,0.0
16849,16850,production,0.0
16850,16851,production,0.0
16851,16852,production,0.0
16852,16853,production,0.0
16853,16854,production,0.0
16854,16855,production,0.0
16855,16856,production,0.0
16856,16857,production,0.0
16857,16858,production,0.0
16858,16859,production,0.0
16859,16860,production,0.0
16860,16861,production,0.0
16861,16862,production,0.0
16862,16863,production,0.0
16863,16864,production,0.0
16864,16865,production,0.0
16865,16866,production,0.0
16866,16867,production,0.0
16867,16868,production,0.0
16868,16869,production,0.0
16869,16870,production,0.0
16870,16871,production,0.0
16871,16872,production,0.0
16872,16873,production,0.0
16873,16874,production,0.0
16874,16875,production,0.0
16875,16876,production,0.0
16876,16877,production,0.0
16877,16878,production,0.0
16878,16879,production,0.0
16879,16880,production,0.0
16880,16881,production,0.0
16881,16882,production,0.0
16882,16883,production,0.0
16883,16884,production,0.0
16884,16885,production,0.0
16885,16886,production,0.0
16886,16887,production,0.0
16887,16888,production,0.0
16888,16889,production,0.0
16889,16890,production,0.0
16890,16891,production,0.0
16891,16892,production,0.0
16892,16893,production,0.0
16893,16894,production,0.0
16894,16895,production,0.0
16895,16896,production,0.0
16896,16897,production,0.0
16897,16898,production,0.0
16898,16899,production,0.0
16899,16900,production,0.0
16900,16901,production,0.0
16901,16902,production,0.0
16902,16903,production,0.0
16903,16904,production,0.0
16904,16905,production,0.0
16905,16906,production,0.0
16906,16907,production,0.0
16907,16908,production,0.0
16908,16909,production,0.0
16909,16910,production,0.0
16910,16911,production,0.0
16911,16912,production,0.0
16912,16913,production,0.0
16913,16914,production,0.0
16914,16915,production,0.0
16915,16916,production,0.0
16916,16917,production,0.0
16917,16918,production,0.0
16918,16919,production,0.0
16919,16920,production,0.0
16920,16921,production,0.0
16921,16922,production,0.0
16922,16923,production,0.0
16923,16924,production,0.0
16924,16925,production,0.0
16925,16926,production,0.0
16926,16927,production,0.0
16927,16928,production,0.0
16928,16929,production,0.0
16929,16930,production,0.0
16930,16931,production,0.0
16931,16932,production,0.0
16932,16933,production,0.0
16933,16934,production,0.0
16934,16935,production,0.0
16935,16936,production,0.0
16936,16937,production,0.0
16937,16938,production,0.0
16938,16939,production,0.0
16939,16940,production,0.0
16940,16941,production,0.0
16941,16942,production,0.0
16942,16943,production,0.0
16943,16944,production,0.0
16944,16945,production,0.0
16945,16946,production,0.0
16946,16947,production,0.0
16947,16948,production,0.0
16948,16949,production,0.0
16949,16950,production,0.0
16950,16951,production,0.0
16951,16952,production,0.0
16952,16953,production,0.0
16953,16954,production,0.0
16954,16955,production,0.0
16955,16956,production,0.0
16956,16957,production,0.0
16957,16958,production,0.0
16958,16959,production,0.0
16959,16960,production,0.0
16960,16961,production,0.0
16961,16962,production,0.0
16962,16963,production,0.0
16963,16964,production,0.0
16964,16965,production,0.0
16965,16966,production,0.0
16966,16967,production,0.0
16967,16968,production,0.0
16968,16969,production,0.0
16969,16970,production,0.0
16970,16971,production,0.0
16971,16972,production,0.0
16972,16973,production,0.0
16973,16974,production,0.0
16974,16975,production,0.0
16975,16976,production,0.0
16976,16977,production,0.0
16977,16978,production,0.0
16978,16979,production,0.0
16979,16980,production,0.0
16980,16981,production,0.0
16981,16982,production,0.0
16982,16983,production,0.0
16983,16984,production,0.0
16984,16985,production,0.0
16985,16986,production,0.0
16986,16987,production,0.0
16987,16988,production,0.0
16988,16989,production,0.0
16989,16990,production,0.0
16990,16991,production,0.0
16991,16992,production,0.0
16992,16993,production,0.0
16993,16994,production,0.0
16994,16995,production,0.0
16995,16996,production,0.0
16996,16997,production,0.0
16997,16998,production,0.0
16998,16999,production,0.0
16999,17000,production,0.0
17000,17001,production,0.0
17001,17002,production,0.0
17002,17003,production,0.0
17003,17004,production,0.0
17004,17005,production,0.0
17005,17006,production,0.0
17006,17007,production,0.0
17007,17008,production,0.0
17008,17009,production,0.0
17009,17010,production,0.0
17010,17011,production,0.0
17011,17012,production,0.0
17012,17013,production,0.0
17013,17014,production,0.0
17014,17015,production,0.0
17015,17016,production,0.0
17016,17017,production,0.0
17017,17018,production,0.0
17018,17019,production,0.0
17019,17020,production,0.0
17020,17021,production,0.0
17021,17022,production,0.0
17022,17023,production,0.0
17023,17024,production,0.0
17024,17025,production,0.0
17025,17026,production,0.0
17026,17027,production,0.0
17027,17028,production,0.0
17028,17029,production,0.0
17029,17030,production,0.0
17030,17031,production,0.0
17031,17032,production,0.0
17032,17033,production,0.0
17033,17034,production,0.0
17034,17035,production,0.0
17035,17036,production,0.0
17036,17037,production,0.0
17037,17038,production,0.0
17038,17039,production,0.0
17039,17040,production,0.0
17040,17041,production,0.0
17041,17042,production,0.0
17042,17043,production,0.0
17043,17044,production,0.0
17044,17045,production,0.0
17045,17046,production,0.0
17046,17047,production,0.0
17047,17048,production,0.0
17048,17049,production,0.0
17049,17050,production,0.0
17050,17051,production,0.0
17051,17052,production,0.0
17052,17053,production,0.0
17053,17054,production,0.0
17054,17055,production,0.0
17055,17056,production,0.0
17056,17057,production,0.0
17057,17058,production,0.0
17058,17059,production,0.0
17059,17060,production,0.0
17060,17061,production,0.0
17061,17062,production,0.0
17062,17063,production,0.0
17063,17064,production,0.0
17064,17065,production,0.0
17065,17066,production,0.0
17066,17067,production,0.0
17067,17068,production,0.0
17068,17069,production,0.0
17069,17070,production,0.0
17070,17071,production,0.0
17071,17072,production,0.0
17072,17073,production,0.0
17073,17074,production,0.0
17074,17075,production,0.0
17075,17076,production,0.0
17076,17077,production,0.0
17077,17078,production,0.0
17078,17079,production,0.0
17079,17080,production,0.0
17080,17081,production,0.0
17081,17082,production,0.0
17082,17083,production,0.0
17083,17084,production,0.0
17084,17085,production,0.0
17085,17086,production,0.0
17086,17087,production,0.0
17087,17088,production,0.0
17088,17089,production,0.0
17089,17090,production,0.0
17090,17091,production,0.0
17091,17092,production,0.0
17092,17093,production,0.0
17093,17094,production,0.0
17094,17095,production,0.0
17095,17096,production,0.0
17096,17097,production,0.0
17097,17098,production,0.0
17098,17099,production,0.0
17099,17100,production,0.0
17100,17101,production,0.0
17101,17102,production,0.0
17102,17103,production,0.0
17103,17104,production,0.0
17104,17105,production,0.0
17105,17106,production,0.0
17106,17107,production,0.0
17107,17108,production,0.0
17108,17109,production,0.0
17109,17110,production,0.0
17110,17111,production,0.0
17111,17112,production,0.0
17112,17113,production,0.0
17113,17114,production,0.0
17114,17115,production,0.0
17115,17116,production,0.0
17116,17117,production,0.0
17117,17118,production,0.0
17118,17119,production,0.0
17119,17120,production,0.0
17120,17121,production,0.0
17121,17122,production,0.0
17122,17123,production,0.0
17123,17124,production,0.0
17124,17125,production,0.0
17125,17126,production,0.0
17126,17127,production,0.0
17127,17128,production,0.0
17128,17129,production,0.0
17129,17130,production,0.0
17130,17131,production,0.0
17131,17132,production,0.0
17132,17133,production,0.0
17133,17134,production,0.0
17134,17135,production,0.0
17135,17136,production,0.0
17136,17137,production,0.0
17137,17138,production,0.0
17138,17139,production,0.0
17139,17140,production,0.0
17140,17141,production,0.0
17141,17142,production,0.0
17142,17143,production,0.0
17143,17144,production,0.0
17144,17145,production,0.0
17145,17146,production,0.0
17146,17147,production,0.0
17147,17148,production,0.0
17148,17149,production,0.0
17149,17150,production,0.0
17150,17151,production,0.0
17151,17152,production,0.0
17152,17153,production,0.0
17153,17154,production,0.0
17154,17155,production,0.0
17155,17156,production,0.0
17156,17157,production,0.0
17157,17158,production,0.0
17158,17159,production,0.0
17159,17160,production,0.0
17160,17161,production,0.0
17161,17162,production,0.0
17162,17163,production,0.0
17163,17164,production,0.0
17164,17165,production,0.0
17165,17166,production,0.0
17166,17167,production,0.0
17167,17168,production,0.0
17168,17169,production,0.0
17169,17170,production,0.0
17170,17171,production,0.0
17171,17172,production,0.0
17172,17173,production,0.0
17173,17174,production,0.0
17174,17175,production,0.0
17175,17176,production,0.0
17176,17177,production,0.0
17177,17178,production,0.0
17178,17179,production,0.0
17179,17180,production,0.0
17180,17181,production,0.0
17181,17182,production,0.0
17182,17183,production,0.0
17183,17184,production,0.0
17184,17185,production,0.0
17185,17186,production,0.0
17186,17187,production,0.0
17187,17188,production,0.0
17188,17189,production,0.0
17189,17190,production,0.0
17190,17191,production,0.0
17191,17192,production,0.0
17192,17193,production,0.0
17193,17194,production,0.0
17194,17195,production,0.0
17195,17196,production,0.0
17196,17197,production,0.0
17197,17198,production,0.0
17198,17199,production,0.0
17199,17200,production,0.0
17200,17201,production,0.0
17201,17202,production,0.0
17202,17203,production,0.0
17203,17204,production,0.0
17204,17205,production,0.0
17205,17206,production,0.0
17206,17207,production,0.0
17207,17208,production,0.0
17208,17209,production,0.0
17209,17210,production,0.0
17210,17211,production,0.0
17211,17212,production,0.0
17212,17213,production,0.0
17213,17214,production,0.0
17214,17215,production,0.0
17215,17216,production,0.0
17216,17217,production,0.0
17217,17218,production,0.0
17218,17219,production,0.0
17219,17220,production,0.0
17220,17221,production,0.0
17221,17222,production,0.0
17222,17223,production,0.0
17223,17224,production,0.0
17224,17225,production,0.0
17225,17226,production,0.0
17226,17227,production,0.0
17227,17228,production,0.0
17228,17229,production,0.0
17229,17230,production,0.0
17230,17231,production,0.0
17231,17232,production,0.0
17232,17233,production,0.0
17233,17234,production,0.0
17234,17235,production,0.0
17235,17236,production,0.0
17236,17237,production,0.0
17237,17238,production,0.0
17238,17239,production,0.0
17239,17240,production,0.0
17240,17241,production,0.0
17241,17242,production,0.0
17242,17243,production,0.0
17243,17244,production,0.0
17244,17245,production,0.0
17245,17246,production,0.0
17246,17247,production,0.0
17247,17248,production,0.0
17248,17249,production,0.0
17249,17250,production,0.0
17250,17251,production,0.0
17251,17252,production,0.0
17252,17253,production,0.0
17253,17254,production,0.6464
17254,17255,production,0.6321
17255,17256,production,0.6291
17256,17257,production,0.6783
17257,17258,production,0.6774
17258,17259,production,0.6742
17259,17260,production,0.5763
17260,17261,production,0.5682
17261,17262,production,0.5693
17262,17263,production,0.4621
17263,17264,production,0.4712
17264,17265,production,0.4712
17265,17266,production,0.4834
17266,17267,production,0.498
17267,17268,production,0.4867
17268,17269,production,0.5463
17269,17270,production,0.5412
17270,17271,production,0.5482
17271,17272,production,0.3989
17272,17273,production,0.3958
17273,17274,production,0.3905
17274,17275,production,0.4611
17275,17276,production,0.4489
17276,17277,production,0.4634
17277,17278,production,0.6299
17278,17279,production,0.6322
17279,17280,production,0.629
17280,17281,production,0.5122
17281,17282,production,0.4975
17282,17283,production,0.4805
17283,17284,production,0.5877
17284,17285,production,0.5938
17285,17286,production,0.59
17286,17287,production,0.4682
17287,17288,production,0.457
17288,17289,production,0.454
17289,17290,production,0.4608
17290,17291,production,0.4465
17291,17292,production,0.5465
17292,17293,production,0.4969
17293,17294,production,0.4902
17294,17295,production,0.4913
17295,17296,production,0.6154
17296,17297,production,0.6296
17297,17298,production,0.6293
17298,17299,production,0.5978
17299,17300,production,0.6032
17300,17301,production,0.6113
17301,17302,production,0.5773
17302,17303,production,0.5835
17303,17304,production,0.5807
17304,17305,production,0.5275
17305,17306,production,0.5232
17306,17307,production,0.5372
17307,17308,production,0.4969
17308,17309,production,0.4692
17309,17310,production,0.5011
17310,17311,production,0.5626
17311,17312,production,0.5542
17312,17313,production,0.5574
17313,17314,production,0.5167
17314,17315,production,0.5052
17315,17316,production,0.5063
17316,17317,production,0.4576
17317,17318,production,0.3985
17318,17319,production,0.3998
17319,17320,production,0.5197
17320,17321,production,0.506
17321,17322,production,0.5149
17322,17323,production,0.5945
17323,17324,production,0.6006
17324,17325,production,0.5868
17325,17326,production,0.7259
17326,17327,production,0.7144
17327,17328,production,0.7244
17328,17329,production,0.2799
17329,17330,production,0.2802
17330,17331,production,0.2775
17331,17332,production,0.5203
17332,17333,production,0.5236
17333,17334,production,0.5157
17334,17335,production,0.3046
17335,17336,production,0.3077
17336,17337,production,0.3314
17337,17338,production,0.5356
17338,17339,production,0.5414
17339,17340,production,0.5486
17340,17341,production,0.4836
17341,17342,production,0.4708
17342,17343,production,0.4884
17343,17344,production,0.3057
17344,17345,production,0.3203
17345,17346,production,0.316
17346,17347,production,0.362
17347,17348,production,0.3726
17348,17349,production,0.4705
17349,17350,production,0.4529
17350,17351,production,0.4569
17351,17352,production,0.4571
17352,17353,production,0.0
17353,17354,production,0.0
17354,17355,production,0.0
17355,17356,production,0.0
17356,17357,production,0.0
17357,17358,production,0.0
17358,17359,production,0.0
17359,17360,production,0.5517
17360,17361,production,0.0
17361,17362,production,0.0
17362,17363,production,0.0
17363,17364,production,0.0
17364,17365,production,0.0
17365,17366,production,0.0
17366,17367,production,0.0
17367,17368,production,0.0
17368,17369,production,0.0
17369,17370,production,0.0
17370,17371,production,0.0
17371,17372,production,0.0
17372,17373,production,0.0
17373,17374,production,0.0
17374,17375,production,0.5978
17375,17376,production,0.3863
17376,17377,production,0.0
17377,17378,production,0.0
17378,17379,production,0.0
17379,17380,production,0.0
17380,17381,production,0.0
17381,17382,production,0.0
17382,17383,production,0.0
17383,17384,production,0.0
17384,17385,production,0.0
17385,17386,production,0.0
17386,17387,production,0.0
17387,17388,production,0.0
17388,17389,production,0.0
17389,17390,production,0.0
17390,17391,production,0.0
17391,17392,production,0.0
17392,17393,production,0.0
17393,17394,production,0.0
17394,17395,production,0.0
17395,17396,production,0.0
17396,17397,production,0.0
17397,17398,production,0.0
17398,17399,production,0.0
17399,17400,production,0.0
17400,17401,production,0.0
17401,17402,production,0.4594
17402,17403,production,1.0
17403,17404,production,0.4561
17404,17405,production,0.0
17405,17406,production,0.0
17406,17407,production,0.0
17407,17408,production,0.0
17408,17409,production,0.0
17409,17410,production,0.0
17410,17411,production,0.0
17411,17412,production,0.0
17412,17413,production,0.0
17413,17414,production,0.0
17414,17415,production,0.0
17415,17416,production,0.0
17416,17417,production,0.0
17417,17418,production,0.0
17418,17419,production,0.0
17419,17420,production,0.0
17420,17421,production,0.0
17421,17422,production,0.0
17422,17423,production,0.0
17423,17424,production,0.0
17424,17425,production,0.0
17425,17426,production,0.0
17426,17427,production,0.0
17427,17428,production,0.0
17428,17429,production,0.0
17429,17430,production,0.0
17430,17431,production,0.0
17431,17432,production,0.324
17432,17433,production,0.0
17433,17434,production,0.0
17434,17435,production,0.0
17435,17436,production,0.0
17436,17437,production,0.0
17437,17438,production,0.0
17438,17439,production,0.0
17439,17440,production,0.0
17440,17441,production,0.0
17441,17442,production,0.0
17442,17443,production,0.324
17443,17444,production,0.0
17444,17445,production,0.4411
17445,17446,production,1.0
17446,17447,production,0.0
17447,17448,production,0.0
17448,17449,production,0.3958
17449,17450,production,1.0
17450,17451,production,0.3714
17451,17452,production,0.0
17452,17453,production,0.0
17453,17454,production,0.0
17454,17455,production,0.0
17455,17456,production,0.0
17456,17457,production,0.0
17457,17458,production,0.0
17458,17459,production,0.0
17459,17460,production,0.0
17460,17461,production,0.0
17461,17462,production,0.0
17462,17463,production,0.0
17463,17464,production,0.0
17464,17465,production,0.0
17465,17466,production,0.0
17466,17467,production,0.0
17467,17468,production,0.0
17468,17469,production,0.0
17469,17470,production,0.0
17470,17471,production,0.0
17471,17472,production,0.0
17472,17473,production,0.0
17473,17474,production,0.0
17474,17475,production,0.0
17475,17476,production,0.0
17476,17477,production,0.0
17477,17478,production,0.0
17478,17479,production,0.0
17479,17480,production,0.0
17480,17481,production,0.0
17481,17482,production,0.0
17482,17483,production,0.0
17483,17484,production,0.0
17484,17485,production,0.0
17485,17486,production,0.0
17486,17487,production,0.0
17487,17488,production,0.0
17488,17489,production,0.0
17489,17490,production,0.0
17490,17491,production,0.0
17491,17492,production,0.0
17492,17493,production,0.0
17493,17494,production,0.0
17494,17495,production,0.0
17495,17496,production,0.0
17496,17497,production,0.0
17497,17498,production,0.0
17498,17499,production,0.0
17499,17500,production,0.0
17500,17501,production,0.0
17501,17502,production,0.0
17502,17503,production,0.0
17503,17504,production,0.0
17504,17505,production,0.0
17505,17506,production,0.0
17506,17507,production,0.0
17507,17508,production,0.0
17508,17509,production,0.0
17509,17510,production,0.0
17510,17511,production,0.0
17511,17512,production,0.0
17512,17513,production,0.0
17513,17514,production,0.0
17514,17515,production,0.0
17515,17516,production,0.0
17516,17517,production,0.0
17517,17518,production,0.0
17518,17519,production,0.0
17519,17520,production,0.0
17520,17521,production,0.0
17521,17522,production,0.0
17522,17523,production,0.0
17523,17524,production,0.0
17524,17525,production,0.0
17525,17526,production,0.0
17526,17527,production,0.0
17527,17528,production,0.0
17528,17529,production,0.0
17529,17530,production,0.0
17530,17531,production,0.0
17531,17532,production,0.0
17532,17533,production,0.0
17533,17534,production,0.0
17534,17535,production,0.0
17535,17536,production,0.0
17536,17537,production,0.0
17537,17538,production,0.0
17538,17539,production,0.0
17539,17540,production,0.0
17540,17541,production,0.0
17541,17542,production,0.0
17542,17543,production,0.0
17543,17544,production,0.0
17544,17545,production,0.0
17545,17546,production,0.0
17546,17547,production,0.0
17547,17548,production,0.0
17548,17549,production,0.0
17549,17550,production,0.0
17550,17551,production,0.0
17551,17552,production,0.0
17552,17553,production,0.0
17553,17554,production,0.0
17554,17555,production,0.0
17555,17556,production,0.0
17556,17557,production,0.0
17557,17558,production,0.0
17558,17559,production,0.0
17559,17560,production,0.0
17560,17561,production,0.0
17561,17562,production,0.0
17562,17563,production,0.0
17563,17564,production,0.0
17564,17565,production,0.0
17565,17566,production,0.0
17566,17567,production,0.0
17567,17568,production,0.0
17568,17569,production,0.0
17569,17570,production,0.0
17570,17571,production,0.0
17571,17572,production,0.0
17572,17573,production,0.0
17573,17574,production,0.0
17574,17575,production,0.0
17575,17576,production,0.0
17576,17577,production,0.0
17577,17578,production,0.0
17578,17579,production,0.0
17579,17580,production,0.0
17580,17581,production,0.0
17581,17582,production,0.0
17582,17583,production,0.0
17583,17584,production,0.0
17584,17585,production,0.0
17585,17586,production,0.0
17586,17587,production,0.0
17587,17588,production,0.0
17588,17589,production,0.0
17589,17590,production,0.0
17590,17591,production,0.0
17591,17592,production,0.0
17592,17593,production,0.0
17593,17594,production,0.0
17594,17595,production,0.0
17595,17596,production,0.0
17596,17597,production,0.0
17597,17598,production,0.0
17598,17599,production,0.0
17599,17600,production,0.0
17600,17601,production,0.0
17601,17602,production,0.0
17602,17603,production,0.0
17603,17604,production,0.0
17604,17605,production,0.0
17605,17606,production,0.0
17606,17607,production,0.0
17607,17608,production,0.0
17608,17609,production,0.0
17609,17610,production,0.0
17610,17611,production,0.0
17611,17612,production,0.0
17612,17613,production,0.0
17613,17614,production,0.0
17614,17615,production,0.0
17615,17616,production,0.0
17616,17617,production,0.8119
17617,17618,production,0.7982
17618,17619,production,1.0
17619,17620,production,0.7182
17620,17621,production,0.8094
17621,17622,production,0.8598
17622,17623,production,0.5662
17623,17624,production,0.4184
17624,17625,production,0.7426
17625,17626,production,0.4083
17626,17627,production,0.6826
17627,17628,production,0.9294
17628,17629,production,0.4731
17629,17630,production,0.6186
17630,17631,production,0.9277
17631,17632,production,0.7393
17632,17633,production,0.0
17633,17634,production,0.0
17634,17635,production,0.408
17635,17636,production,0.0
17636,17637,production,0.8271
17637,17638,production,0.0
17638,17639,production,0.7183
17639,17640,production,0.6484
17640,17641,production,0.0
17641,17642,production,0.0
17642,17643,production,0.0
17643,17644,production,0.0
17644,17645,production,0.0
17645,17646,production,0.0
17646,17647,production,0.0
17647,17648,production,0.0
17648,17649,production,0.0
17649,17650,production,0.0
17650,17651,production,0.4602
17651,17652,production,0.0
17652,17653,production,0.0
17653,17654,production,0.0
17654,17655,production,0.0
17655,17656,production,0.0
17656,17657,production,0.0
17657,17658,production,0.0
17658,17659,production,0.0
17659,17660,production,0.0
17660,17661,production,0.0
17661,17662,production,0.0
17662,17663,production,0.0
17663,17664,production,0.0
17664,17665,production,0.0
17665,17666,production,0.0
17666,17667,production,0.0
17667,17668,production,0.0
17668,17669,production,0.0
17669,17670,production,0.0
17670,17671,production,0.0
17671,17672,production,0.0
17672,17673,production,0.0
17673,17674,production,0.0
17674,17675,production,0.0
17675,17676,production,0.0
17676,17677,production,0.0
17677,17678,production,0.0
17678,17679,production,0.0
17679,17680,production,0.0
17680,17681,production,0.0
17681,17682,production,0.0
17682,17683,production,0.0
17683,17684,production,0.0
17684,17685,production,0.0
17685,17686,production,0.0
17686,17687,production,1.0
17687,17688,production,1.0
17688,17689,production,0.8947
17689,17690,production,0.5278
17690,17691,production,1.0
17691,17692,production,1.0
17692,17693,production,1.0
17693,17694,production,1.0
17694,17695,production,1.0
17695,17696,production,1.0
17696,17697,production,1.0
17697,17698,production,0.9448
17698,17699,production,1.0
17699,17700,production,0.6787
17700,17701,production,1.0
17701,17702,production,1.0
17702,17703,production,1.0
17703,17704,production,1.0
17704,17705,production,0.9035
17705,17706,production,1.0
17706,17707,production,1.0
17707,17708,production,0.0
17708,17709,production,0.4388
17709,17710,production,0.9448
17710,17711,production,0.6256
17711,17712,production,0.0
17712,17713,production,0.0
17713,17714,production,0.0
17714,17715,production,0.0
17715,17716,production,0.0
17716,17717,production,0.0
17717,17718,production,0.0
17718,17719,production,0.0
17719,17720,production,0.0
17720,17721,production,0.9263
17721,17722,production,0.0
17722,17723,production,0.0
17723,17724,production,0.0
17724,17725,production,0.0
17725,17726,production,0.0
17726,17727,production,0.0
17727,17728,production,0.0
17728,17729,production,0.0
17729,17730,production,0.0
17730,17731,production,0.0
17731,17732,production,0.0
17732,17733,production,1.0
17733,17734,production,0.0
17734,17735,production,0.0
17735,17736,production,0.0
17736,17737,production,0.0
17737,17738,production,0.0
17738,17739,production,0.0
17739,17740,production,0.0
17740,17741,production,0.0
17741,17742,production,0.0
17742,17743,production,0.0
17743,17744,production,0.0
17744,17745,production,0.3651
17745,17746,production,0.0
17746,17747,production,0.339
17747,17748,production,0.0
17748,17749,production,0.0
17749,17750,production,0.0
17750,17751,production,0.0
17751,17752,production,0.0
17752,17753,production,0.0
17753,17754,production,0.0
17754,17755,production,0.0
17755,17756,production,0.0
17756,17757,production,0.2966
17757,17758,production,0.4921
17758,17759,production,0.0
17759,17760,production,0.0
17760,17761,production,0.0
17761,17762,production,0.0
17762,17763,production,0.0
17763,17764,production,0.0
17764,17765,production,0.0
17765,17766,production,0.0
17766,17767,production,0.0
17767,17768,production,0.0
17768,17769,production,0.0
17769,17770,production,0.0
17770,17771,production,0.0
17771,17772,production,0.0
17772,17773,production,0.0
17773,17774,production,0.0
17774,17775,production,0.0
17775,17776,production,0.0
17776,17777,production,0.0
17777,17778,production,0.0
17778,17779,production,0.0
17779,17780,production,0.0
17780,17781,production,0.0
17781,17782,production,0.0
17782,17783,production,0.0
17783,17784,production,0.0
17784,17785,production,0.0
17785,17786,production,0.0
17786,17787,production,0.0
17787,17788,production,0.0
17788,17789,production,0.0
17789,17790,production,0.0
17790,17791,production,0.0
17791,17792,production,0.0
17792,17793,production,0.0
17793,17794,production,0.0
17794,17795,production,0.0
17795,17796,production,0.0
17796,17797,production,0.0
17797,17798,production,0.0
17798,17799,production,0.0
17799,17800,production,0.0
17800,17801,production,0.0
17801,17802,production,0.0
17802,17803,production,0.0
17803,17804,production,0.0
17804,17805,production,0.0
17805,17806,production,0.0
17806,17807,production,0.0
17807,17808,production,1.0
17808,17809,production,1.0
17809,17810,production,1.0
17810,17811,production,1.0
17811,17812,production,0.0
17812,17813,production,0.0
17813,17814,production,0.0
17814,17815,production,0.0
17815,17816,production,0.0
17816,17817,production,0.0
17817,17818,production,0.0
17818,17819,production,0.0
17819,17820,production,0.0
17820,17821,production,0.0
17821,17822,production,0.0
17822,17823,production,0.5013
17823,17824,production,1.0
17824,17825,production,0.0
17825,17826,production,0.0
17826,17827,production,0.0
17827,17828,production,0.0
17828,17829,production,0.3254
17829,17830,production,0.0
17830,17831,production,0.0
17831,17832,production,0.0
17832,17833,production,0.0
17833,17834,production,0.0
17834,17835,production,0.3641
17835,17836,production,0.3476
17836,17837,production,0.0
17837,17838,production,0.0
17838,17839,production,0.0
17839,17840,production,0.0
17840,17841,production,0.0
17841,17842,production,0.0
17842,17843,production,0.0
17843,17844,production,0.0
17844,17845,production,0.0
17845,17846,production,0.0
17846,17847,production,0.0
17847,17848,production,0.0
17848,17849,production,0.0
17849,17850,production,0.0
17850,17851,production,0.0
17851,17852,production,0.0
17852,17853,production,0.0
17853,17854,production,0.0
17854,17855,production,0.0
17855,17856,production,0.0
17856,17857,production,0.0
17857,17858,production,0.0
17858,17859,production,0.0
17859,17860,production,0.0
17860,17861,production,0.0
17861,17862,production,0.0
17862,17863,production,0.0
17863,17864,production,0.0
17864,17865,production,0.0
17865,17866,production,0.0
17866,17867,production,0.0
17867,17868,production,0.0
17868,17869,production,0.0
17869,17870,production,0.0
17870,17871,production,0.0
17871,17872,production,0.0
17872,17873,production,0.0
17873,17874,production,0.0
17874,17875,production,0.0
17875,17876,production,0.0
17876,17877,production,0.0
17877,17878,production,0.0
17878,17879,production,0.0
17879,17880,production,0.0
17880,17881,production,0.0
17881,17882,production,0.9744
17882,17883,production,0.0
17883,17884,production,0.0
17884,17885,production,0.0
17885,17886,production,0.0
17886,17887,production,0.0
17887,17888,production,0.3312
17888,17889,production,0.5652
17889,17890,production,0.3745
17890,17891,production,0.5587
17891,17892,production,0.0
17892,17893,production,0.4497
17893,17894,production,0.3367
17894,17895,production,0.0
17895,17896,production,0.0
17896,17897,production,0.0
17897,17898,production,0.0
17898,17899,production,0.0
17899,17900,production,0.0
17900,17901,production,0.0
17901,17902,production,0.3641
17902,17903,production,0.0
17903,17904,production,0.3367
17904,17905,production,0.3845
17905,17906,production,0.0
17906,17907,production,0.0
17907,17908,production,0.0
17908,17909,production,0.0
17909,17910,production,0.0
17910,17911,production,0.0
17911,17912,production,0.0
17912,17913,production,0.0
17913,17914,production,0.0
17914,17915,production,0.0
17915,17916,production,0.0
17916,17917,production,0.0
17917,17918,production,0.0
17918,17919,production,0.0
17919,17920,production,0.7858
17920,17921,production,0.0
17921,17922,production,0.0
17922,17923,production,0.0
17923,17924,production,0.0
17924,17925,production,0.0
17925,17926,production,0.0
17926,17927,production,0.0
17927,17928,production,0.0
17928,17929,production,0.0
17929,17930,production,0.0
17930,17931,production,0.0
17931,17932,production,0.0
17932,17933,production,0.0
17933,17934,production,1.0
17934,17935,production,0.0
17935,17936,production,0.0
17936,17937,production,0.0
17937,17938,production,0.0
17938,17939,production,0.0
17939,17940,production,0.0
17940,17941,production,0.0
17941,17942,production,0.0
17942,17943,production,0.0
17943,17944,production,0.0
17944,17945,production,0.0
17945,17946,production,0.0
17946,17947,production,0.0
17947,17948,production,0.0
17948,17949,production,0.0
17949,17950,production,0.0
17950,17951,production,0.0
17951,17952,production,0.0
17952,17953,production,0.0
17953,17954,production,0.0
17954,17955,production,0.0
17955,17956,production,0.0
17956,17957,production,0.0
17957,17958,production,0.0
17958,17959,production,0.0
17959,17960,production,0.0
17960,17961,production,0.0
17961,17962,production,0.0
17962,17963,production,0.0
17963,17964,production,0.0
17964,17965,production,0.0
17965,17966,production,0.0
17966,17967,production,0.0
17967,17968,production,0.0
17968,17969,production,0.0
17969,17970,production,0.0
17970,17971,production,0.0
17971,17972,production,0.6003
17972,17973,production,0.0
17973,17974,production,0.8488
17974,17975,production,0.0
17975,17976,production,0.0
17976,17977,production,0.4731
17977,17978,production,0.0
17978,17979,production,0.0
17979,17980,production,0.0
17980,17981,production,0.0
17981,17982,production,0.0
17982,17983,production,0.0
17983,17984,production,0.0
17984,17985,production,0.0
17985,17986,production,0.0
17986,17987,production,0.0
17987,17988,production,0.0
17988,17989,production,0.0
17989,17990,production,0.0
17990,17991,production,0.0
17991,17992,production,0.0
17992,17993,production,1.0
17993,17994,production,0.0
17994,17995,production,0.0
17995,17996,production,0.0
17996,17997,production,0.0
17997,17998,production,0.0
17998,17999,production,0.0
17999,18000,production,0.0
18000,18001,production,0.0
18001,18002,production,0.0
18002,18003,production,0.0
18003,18004,production,0.6289
18004,18005,production,0.0
18005,18006,production,0.0
18006,18007,production,0.0
18007,18008,production,0.0
18008,18009,production,0.0
18009,18010,production,0.3539
18010,18011,production,0.4117
18011,18012,production,0.4801
18012,18013,production,0.814
18013,18014,production,0.0
18014,18015,production,0.0
18015,18016,production,1.0
18016,18017,production,0.8902
18017,18018,production,1.0
18018,18019,production,0.5978
18019,18020,production,0.0
18020,18021,production,1.0
18021,18022,production,0.0
18022,18023,production,0.0
18023,18024,production,0.0
18024,18025,production,0.0
18025,18026,production,1.0
18026,18027,production,0.0
18027,18028,production,0.0
18028,18029,production,0.0
18029,18030,production,0.0
18030,18031,production,0.0
18031,18032,production,0.3474
18032,18033,production,0.0
18033,18034,production,0.0
18034,18035,production,0.0
18035,18036,production,0.0
18036,18037,production,1.0
18037,18038,production,0.3007
18038,18039,production,0.4627
18039,18040,production,0.829
18040,18041,production,0.3474
18041,18042,production,0.3558
18042,18043,production,0.0
18043,18044,production,0.0
18044,18045,production,0.6999
18045,18046,production,0.0
18046,18047,production,0.0
18047,18048,production,0.0
18048,18049,production,0.5218
18049,18050,production,0.0
18050,18051,production,0.0
18051,18052,production,0.6306
18052,18053,production,0.0
18053,18054,production,0.3527
18054,18055,production,1.0
18055,18056,production,0.7061
18056,18057,production,0.8537
18057,18058,production,0.0
18058,18059,production,0.3288
18059,18060,production,0.0
18060,18061,production,0.0
18061,18062,production,0.0
18062,18063,production,0.0
18063,18064,production,0.0
18064,18065,production,0.0
18065,18066,production,0.0
18066,18067,production,0.0
18067,18068,production,0.0
18068,18069,production,0.0
18069,18070,production,0.0
18070,18071,production,0.0
18071,18072,production,0.0
18072,18073,production,0.0
18073,18074,production,0.0
18074,18075,production,0.0
18075,18076,production,0.0
18076,18077,production,0.7571
18077,18078,production,0.6728
18078,18079,production,0.944
18079,18080,production,1.0
18080,18081,production,1.0
18081,18082,production,0.0
18082,18083,production,0.0
18083,18084,production,0.0
18084,18085,production,0.0
18085,18086,production,0.0
18086,18087,production,0.0
18087,18088,production,0.0
18088,18089,production,0.0
18089,18090,production,0.0
18090,18091,production,0.0
18091,18092,production,0.0
18092,18093,production,0.0
18093,18094,production,0.0
18094,18095,production,0.4561
18095,18096,production,1.0
18096,18097,production,0.0
18097,18098,production,0.6834
18098,18099,production,0.4321
18099,18100,production,0.0
18100,18101,production,0.0
18101,18102,production,0.0
18102,18103,production,0.0
18103,18104,production,0.0
18104,18105,production,0.0
18105,18106,production,0.0
18106,18107,production,0.0
18107,18108,production,0.0
18108,18109,production,0.0
18109,18110,production,0.0
18110,18111,production,0.0
18111,18112,production,0.0
18112,18113,production,0.0
18113,18114,production,0.0
18114,18115,production,0.0
18115,18116,production,0.0
18116,18117,production,0.0
18117,18118,production,0.0
18118,18119,production,0.0
18119,18120,production,0.0
18120,18121,production,0.0
18121,18122,production,0.0
18122,18123,production,1.0
18123,18124,production,1.0
18124,18125,production,0.8091
18125,18126,production,0.7641
18126,18127,production,0.5921
18127,18128,production,0.7133
18128,18129,production,1.0
18129,18130,production,0.0
18130,18131,production,0.0
18131,18132,production,0.0
18132,18133,production,0.0
18133,18134,production,0.0
18134,18135,production,0.0
18135,18136,production,0.0
18136,18137,production,0.849
18137,18138,production,0.967
18138,18139,production,0.0
18139,18140,production,0.0
18140,18141,production,1.0
18141,18142,production,0.0
18142,18143,production,1.0
18143,18144,production,0.0
18144,18145,production,0.4057
18145,18146,production,0.0
18146,18147,production,0.0
18147,18148,production,0.0
18148,18149,production,0.0
18149,18150,production,0.0
18150,18151,production,0.0
18151,18152,production,0.0
18152,18153,production,0.2966
18153,18154,production,0.0
18154,18155,production,0.0
18155,18156,production,0.0
18156,18157,production,0.0
18157,18158,production,0.0
18158,18159,production,0.0
18159,18160,production,0.0
18160,18161,production,0.339
18161,18162,production,0.0
18162,18163,production,0.3651
18163,18164,production,0.0
18164,18165,production,0.0
18165,18166,production,0.0
18166,18167,production,0.0
18167,18168,production,0.0
18168,18169,production,0.0
18169,18170,production,0.0
18170,18171,production,0.404
18171,18172,production,0.0
18172,18173,production,0.0
18173,18174,production,0.0
18174,18175,production,0.4159
18175,18176,production,0.0
18176,18177,production,0.0
18177,18178,production,0.0
18178,18179,production,0.0
18179,18180,production,0.0
18180,18181,production,0.0
18181,18182,production,0.0
18182,18183,production,0.0
18183,18184,production,1.0
18184,18185,production,0.0
18185,18186,production,0.4951
18186,18187,production,0.861
18187,18188,production,0.0
18188,18189,production,0.0
18189,18190,production,0.0
18190,18191,production,0.0
18191,18192,production,0.0
18192,18193,production,0.0
18193,18194,production,0.0
18194,18195,production,0.0
18195,18196,production,0.0
18196,18197,production,0.0
18197,18198,production,0.0
18198,18199,production,0.5059
18199,18200,production,0.5278
18200,18201,production,0.7005
18201,18202,production,0.0
18202,18203,production,0.0
18203,18204,production,0.0
18204,18205,production,0.0
18205,18206,production,1.0
18206,18207,production,0.0
18207,18208,production,0.0
18208,18209,production,0.3226
18209,18210,production,0.7923
18210,18211,production,1.0
18211,18212,production,0.0
18212,18213,production,0.7818
18213,18214,production,0.0
18214,18215,production,0.0
18215,18216,production,0.4965
18216,18217,production,0.3091
18217,18218,production,0.3387
18218,18219,production,0.0
18219,18220,production,0.0
18220,18221,production,0.0
18221,18222,production,0.3264
18222,18223,production,0.6995
18223,18224,production,0.0
18224,18225,production,0.0
18225,18226,production,0.0
18226,18227,production,0.0
18227,18228,production,0.0
18228,18229,production,0.0
18229,18230,production,1.0
18230,18231,production,0.0
18231,18232,production,0.0
18232,18233,production,0.0
18233,18234,production,0.0
18234,18235,production,0.0
18235,18236,production,0.0
18236,18237,production,0.0
18237,18238,production,0.34
18238,18239,production,0.0
18239,18240,production,0.0
18240,18241,production,0.0
18241,18242,production,0.7497
18242,18243,production,0.0
18243,18244,production,0.0
18244,18245,production,0.0
18245,18246,production,0.0
18246,18247,production,0.0
18247,18248,production,0.4921
18248,18249,production,0.0
18249,18250,production,0.0
18250,18251,production,0.0
18251,18252,production,0.0
18252,18253,production,0.0
18253,18254,production,0.0
18254,18255,production,0.4156
18255,18256,production,0.0
18256,18257,production,0.4706
18257,18258,production,0.0
18258,18259,production,0.0
18259,18260,production,0.0
18260,18261,production,0.0
18261,18262,production,0.0
18262,18263,production,0.0
18263,18264,production,0.3682
18264,18265,production,0.0
18265,18266,production,0.0
18266,18267,production,0.0
18267,18268,production,0.0
18268,18269,production,0.0
18269,18270,production,0.0
18270,18271,production,0.0
18271,18272,production,0.0
18272,18273,production,0.0
18273,18274,production,0.0
18274,18275,production,0.0
18275,18276,production,0.0
18276,18277,production,0.0
18277,18278,production,0.0
18278,18279,production,0.0
18279,18280,production,0.0
18280,18281,production,0.0
18281,18282,production,0.4944
18282,18283,production,0.0
18283,18284,production,0.0
18284,18285,production,0.0
18285,18286,production,0.0
18286,18287,production,0.0
18287,18288,production,0.0
18288,18289,production,0.0
18289,18290,production,0.0
18290,18291,production,0.0
18291,18292,production,0.3682
18292,18293,production,0.0
18293,18294,production,0.0
18294,18295,production,0.6948
18295,18296,production,1.0
18296,18297,production,0.0
18297,18298,production,0.0
18298,18299,production,0.0
18299,18300,production,0.9853
18300,18301,production,0.0
18301,18302,production,0.0
18302,18303,production,0.5321
18303,18304,production,1.0
18304,18305,production,0.0
18305,18306,production,0.6462
18306,18307,production,1.0
18307,18308,production,0.0
18308,18309,production,0.0
18309,18310,production,0.0
18310,18311,production,0.0
18311,18312,production,0.4632
18312,18313,production,0.0
18313,18314,production,0.5646
18314,18315,production,0.4898
18315,18316,production,0.0
18316,18317,production,0.0
18317,18318,production,0.0
18318,18319,production,0.8911
18319,18320,production,0.0
18320,18321,production,0.4681
18321,18322,production,0.7547
18322,18323,production,0.8605
18323,18324,production,0.746
18324,18325,production,1.0
18325,18326,production,0.0
18326,18327,production,0.4921
18327,18328,production,0.4827
18328,18329,production,0.4128
18329,18330,production,0.0
18330,18331,production,0.0
18331,18332,production,0.3587
18332,18333,production,0.0
18333,18334,production,0.0
18334,18335,production,0.4267
18335,18336,production,0.0
18336,18337,production,1.0
18337,18338,production,0.593
18338,18339,production,0.339
18339,18340,production,1.0
18340,18341,production,0.0
18341,18342,production,1.0
18342,18343,production,0.958
18343,18344,production,0.78
18344,18345,production,0.58
18345,18346,production,0.0
18346,18347,production,1.0
18347,18348,production,0.5487
18348,18349,production,0.8738
18349,18350,production,0.0
18350,18351,production,0.7472
18351,18352,production,0.0
18352,18353,production,0.0
18353,18354,production,0.4156
18354,18355,production,0.0
18355,18356,production,0.0
18356,18357,production,0.6446
18357,18358,production,0.0
18358,18359,production,0.643
18359,18360,production,0.4321
18360,18361,production,0.0
18361,18362,production,1.0
18362,18363,production,0.0
18363,18364,production,0.0
18364,18365,production,0.7211
18365,18366,production,1.0
18366,18367,production,1.0
18367,18368,production,0.6196
18368,18369,production,0.0
18369,18370,production,0.7238
18370,18371,production,1.0
18371,18372,production,0.4321
18372,18373,production,0.9172
18373,18374,production,1.0
18374,18375,production,0.0
18375,18376,production,1.0
18376,18377,production,1.0
18377,18378,production,1.0
18378,18379,production,0.7938
18379,18380,production,0.4294
18380,18381,production,0.0
18381,18382,production,0.6861
18382,18383,production,0.3555
18383,18384,production,0.7291
18384,18385,production,0.0
18385,18386,production,0.0
18386,18387,production,0.0
18387,18388,production,0.0
18388,18389,production,0.0
18389,18390,production,0.0
18390,18391,production,0.0
18391,18392,production,0.0
18392,18393,production,0.0
18393,18394,production,1.0
18394,18395,production,0.4551
18395,18396,production,0.7254
18396,18397,production,0.0
18397,18398,production,0.0
18398,18399,production,0.0
18399,18400,production,1.0
18400,18401,production,0.0
18401,18402,production,0.0
18402,18403,production,0.0
18403,18404,production,0.0
18404,18405,production,0.0
18405,18406,production,0.0
18406,18407,production,1.0
18407,18408,production,0.0
18408,18409,production,1.0
18409,18410,production,0.0
18410,18411,production,0.3342
18411,18412,production,0.0
18412,18413,production,1.0
18413,18414,production,1.0
18414,18415,production,1.0
18415,18416,production,0.0
18416,18417,production,0.0
18417,18418,production,0.0
18418,18419,production,0.0
18419,18420,production,0.0
18420,18421,production,0.0
18421,18422,production,0.0
18422,18423,production,0.0
18423,18424,production,0.0
18424,18425,production,0.0
18425,18426,production,0.0
18426,18427,production,0.0
18427,18428,production,0.8005
18428,18429,production,0.4594
18429,18430,production,0.0
18430,18431,production,0.0
18431,18432,production,0.0
18432,18433,production,0.0
18433,18434,production,0.3523
18434,18435,production,0.3076
18435,18436,production,0.2981
18436,18437,production,0.0
18437,18438,production,0.0
18438,18439,production,0.0
18439,18440,production,0.0
18440,18441,production,0.0
18441,18442,production,0.0
18442,18443,production,0.0
18443,18444,production,0.0
18444,18445,production,0.0
18445,18446,production,0.0
18446,18447,production,0.0
18447,18448,production,0.7547
18448,18449,production,0.6344
18449,18450,production,0.8899
18450,18451,production,1.0
18451,18452,production,1.0
18452,18453,production,1.0
18453,18454,production,1.0
18454,18455,production,0.0
18455,18456,production,0.7547
18456,18457,production,0.6397
18457,18458,production,1.0
18458,18459,production,0.8363
18459,18460,production,1.0
18460,18461,production,0.8534
18461,18462,production,0.9288
18462,18463,production,0.9655
18463,18464,production,0.9773
18464,18465,production,0.0
18465,18466,production,1.0
18466,18467,production,1.0
18467,18468,production,0.7485
18468,18469,production,0.6651
18469,18470,production,0.6697
18470,18471,production,0.9817
18471,18472,production,0.918
18472,18473,production,1.0
18473,18474,production,1.0
18474,18475,production,0.6824
18475,18476,production,1.0
18476,18477,production,0.8285
18477,18478,production,1.0
18478,18479,production,1.0
18479,18480,production,0.7144
18480,18481,production,1.0
18481,18482,production,1.0
18482,18483,production,1.0
18483,18484,production,1.0
18484,18485,production,1.0
18485,18486,production,0.7198
18486,18487,production,1.0
18487,18488,production,1.0
18488,18489,production,0.7904
18489,18490,production,0.7813
18490,18491,production,0.7573
18491,18492,production,0.7904
18492,18493,production,0.7357
18493,18494,production,0.4531
18494,18495,production,1.0
18495,18496,production,1.0
18496,18497,production,0.6887
18497,18498,production,0.9888
18498,18499,production,1.0
18499,18500,production,0.8478
18500,18501,production,1.0
18501,18502,production,0.8903
18502,18503,production,0.7813
18503,18504,production,0.7995
18504,18505,production,0.7252
18505,18506,production,0.8016
18506,18507,production,1.0
18507,18508,production,0.897
18508,18509,production,0.897
18509,18510,production,0.897
18510,18511,production,0.897
18511,18512,production,0.7184
18512,18513,production,0.7434
18513,18514,production,0.7507
18514,18515,production,0.7482
18515,18516,production,0.7588
18516,18517,production,0.7104
18517,18518,production,0.8002
18518,18519,production,0.7443
18519,18520,production,0.8112
18520,18521,production,0.7994
18521,18522,production,0.8082
18522,18523,production,0.6293
18523,18524,production,1.0
18524,18525,production,1.0
18525,18526,production,1.0
18526,18527,production,1.0
18527,18528,production,0.9393
18528,18529,production,1.0
18529,18530,production,1.0
18530,18531,production,0.7984
18531,18532,production,1.0
18532,18533,production,1.0
18533,18534,production,1.0
18534,18535,production,1.0
18535,18536,production,1.0
18536,18537,production,1.0
18537,18538,production,0.7889
18538,18539,production,0.9668
18539,18540,production,1.0
18540,18541,production,1.0
18541,18542,production,0.9052
18542,18543,production,0.8478
18543,18544,production,0.8875
18544,18545,production,1.0
18545,18546,production,0.899
18546,18547,production,1.0
18547,18548,production,1.0
18548,18549,production,1.0
18549,18550,production,0.9615
18550,18551,production,0.8637
18551,18552,production,0.7816
18552,18553,production,1.0
18553,18554,production,0.5221
18554,18555,production,1.0
18555,18556,production,1.0
18556,18557,production,1.0
18557,18558,production,0.9722
18558,18559,production,0.7911
18559,18560,production,0.9297
18560,18561,production,0.9686
18561,18562,production,0.9095
18562,18563,production,0.6331
18563,18564,production,0.7964
18564,18565,production,1.0
18565,18566,production,0.4822
18566,18567,production,0.6973
18567,18568,production,0.6919
18568,18569,production,0.7753
18569,18570,production,0.7718
18570,18571,production,0.7198
18571,18572,production,0.6962
18572,18573,production,0.7788
18573,18574,production,0.6298
18574,18575,production,0.6542
18575,18576,production,0.9017
18576,18577,production,0.7472
18577,18578,production,0.859
18578,18579,production,0.6678
18579,18580,production,1.0
18580,18581,production,1.0
18581,18582,production,0.7904
18582,18583,production,0.8419
18583,18584,production,0.9863
18584,18585,production,0.0
18585,18586,production,0.4281
18586,18587,production,0.5873
18587,18588,production,0.7741
18588,18589,production,0.964
18589,18590,production,0.662
18590,18591,production,0.6701
18591,18592,production,0.586
18592,18593,production,0.7817
18593,18594,production,0.6451
18594,18595,production,1.0
18595,18596,production,0.7877
18596,18597,production,0.6631
18597,18598,production,0.6421
18598,18599,production,0.6933
18599,18600,production,0.609
18600,18601,production,0.7764
18601,18602,production,0.6446
18602,18603,production,0.722
18603,18604,production,1.0
18604,18605,production,0.8215
18605,18606,production,0.7218
18606,18607,production,1.0
18607,18608,production,0.7829
18608,18609,production,0.7061
18609,18610,production,0.7442
18610,18611,production,0.7075
18611,18612,production,0.6843
18612,18613,production,0.67
18613,18614,production,0.6632
18614,18615,production,0.7777
18615,18616,production,0.7758
18616,18617,production,0.7687
18617,18618,production,0.998
18618,18619,production,0.8962
18619,18620,production,0.6581
18620,18621,production,1.0
18621,18622,production,0.7202
18622,18623,production,0.8571
18623,18624,production,0.8265
18624,18625,production,0.8499
18625,18626,production,0.7673
18626,18627,production,1.0
18627,18628,production,0.7152
18628,18629,production,0.8018
18629,18630,production,0.7566
18630,18631,production,0.7814
18631,18632,production,0.6516
18632,18633,production,0.8124
18633,18634,production,1.0
18634,18635,production,0.7975
18635,18636,production,0.8251
18636,18637,production,1.0
18637,18638,production,1.0
18638,18639,production,0.8673
18639,18640,production,0.7502
18640,18641,production,0.8037
18641,18642,production,0.8896
18642,18643,production,0.8309
18643,18644,production,1.0
18644,18645,production,0.9221
18645,18646,production,0.8196
18646,18647,production,0.7535
18647,18648,production,0.7874
18648,18649,production,0.6135
18649,18650,production,0.5325
18650,18651,production,0.6187
18651,18652,production,0.6163
18652,18653,production,0.5895
18653,18654,production,0.5619
18654,18655,production,0.6088
18655,18656,production,0.5194
18656,18657,production,0.5348
18657,18658,production,0.5932
18658,18659,production,0.6489
18659,18660,production,0.573
18660,18661,production,0.573
18661,18662,production,0.5519
18662,18663,production,0.5101
18663,18664,production,0.5327
18664,18665,production,0.4728
18665,18666,production,0.5466
18666,18667,production,0.4624
18667,18668,production,0.5897
18668,18669,production,0.6299
18669,18670,production,0.5392
18670,18671,production,0.5205
18671,18672,production,0.6239
18672,18673,production,0.722
18673,18674,production,0.654
18674,18675,production,0.9505
18675,18676,production,0.6343
18676,18677,production,0.7934
18677,18678,production,0.8961
18678,18679,production,0.9447
18679,18680,production,0.6981
18680,18681,production,0.8831
18681,18682,production,0.7369
18682,18683,production,0.6948
18683,18684,production,0.6587
18684,18685,production,0.9302
18685,18686,production,0.6125
18686,18687,production,1.0
18687,18688,production,0.8398
18688,18689,production,0.8354
18689,18690,production,0.784
18690,18691,production,0.8299
18691,18692,production,0.7129
18692,18693,production,0.6261
18693,18694,production,0.8347
18694,18695,production,0.6567
18695,18696,production,0.6113
18696,18697,production,0.826
18697,18698,production,0.8218
18698,18699,production,0.693
18699,18700,production,0.7507
18700,18701,production,1.0
18701,18702,production,0.6211
18702,18703,production,0.5375
18703,18704,production,0.8103
18704,18705,production,0.7161
18705,18706,production,0.8599
18706,18707,production,0.654
18707,18708,production,0.7406
18708,18709,production,0.6484
18709,18710,production,0.6703
18710,18711,production,0.8313
18711,18712,production,0.7537
18712,18713,production,0.7356
18713,18714,production,0.6896
18714,18715,production,0.6765
18715,18716,production,0.7418
18716,18717,production,0.9152
18717,18718,production,0.6976
18718,18719,production,0.8093
18719,18720,production,0.5342
18720,18721,production,0.4944
18721,18722,production,0.8388
18722,18723,production,0.9959
18723,18724,production,0.9213
18724,18725,production,0.8487
18725,18726,production,0.9613
18726,18727,production,0.9163
18727,18728,production,0.9038
18728,18729,production,0.6046
18729,18730,production,0.7451
18730,18731,production,0.6794
18731,18732,production,0.7003
18732,18733,production,0.7661
18733,18734,production,0.904
18734,18735,production,0.8128
18735,18736,production,0.7575
18736,18737,production,1.0
18737,18738,production,1.0
18738,18739,production,1.0
18739,18740,production,0.8591
18740,18741,production,1.0
18741,18742,production,0.7679
18742,18743,production,1.0
18743,18744,production,1.0
18744,18745,production,1.0
18745,18746,production,0.9279
18746,18747,production,1.0
18747,18748,production,1.0
18748,18749,production,1.0
18749,18750,production,0.494
18750,18751,production,0.7609
18751,18752,production,1.0
18752,18753,production,0.8554
18753,18754,production,0.0
18754,18755,production,0.0
18755,18756,production,0.0
18756,18757,production,0.0
18757,18758,production,0.0
18758,18759,production,0.7064
18759,18760,production,0.9595
18760,18761,production,0.879
18761,18762,production,0.7229
18762,18763,production,1.0
18763,18764,production,0.82
18764,18765,production,0.6475
18765,18766,production,0.8624
18766,18767,production,0.8201
18767,18768,production,0.7761
18768,18769,production,0.7514
18769,18770,production,0.6658
18770,18771,production,0.7636
18771,18772,production,0.7098
18772,18773,production,0.8789
18773,18774,production,0.9564
18774,18775,production,0.4594
18775,18776,production,1.0
18776,18777,production,1.0
18777,18778,production,0.977
18778,18779,production,0.7905
18779,18780,production,0.7752
18780,18781,production,0.7252
18781,18782,production,0.8306
18782,18783,production,0.7847
18783,18784,production,0.5384
18784,18785,production,0.8468
18785,18786,production,0.787
18786,18787,production,0.5666
18787,18788,production,0.8093
18788,18789,production,0.756
18789,18790,production,0.6478
18790,18791,production,0.8243
18791,18792,production,0.7645
18792,18793,production,0.6604
18793,18794,production,0.6831
18794,18795,production,0.7485
18795,18796,production,0.746
18796,18797,production,0.6772
18797,18798,production,0.6348
18798,18799,production,0.7434
18799,18800,production,0.6962
18800,18801,production,0.5781
18801,18802,production,1.0
18802,18803,production,0.8624
18803,18804,production,0.7005
18804,18805,production,0.6314
18805,18806,production,0.7535
18806,18807,production,0.9288
18807,18808,production,0.8005
18808,18809,production,1.0
18809,18810,production,1.0
18810,18811,production,1.0
18811,18812,production,0.7597
18812,18813,production,0.5587
18813,18814,production,1.0
18814,18815,production,0.5587
18815,18816,production,1.0
18816,18817,production,0.7535
18817,18818,production,0.5967
18818,18819,production,1.0
18819,18820,production,0.9409
18820,18821,production,1.0
18821,18822,production,1.0
18822,18823,production,0.7763
18823,18824,production,1.0
18824,18825,production,0.8925
18825,18826,production,1.0
18826,18827,production,1.0
18827,18828,production,0.6434
18828,18829,production,0.6418
18829,18830,production,0.654
18830,18831,production,0.6328
18831,18832,production,0.958
18832,18833,production,1.0
18833,18834,production,1.0
18834,18835,production,0.9448
18835,18836,production,1.0
18836,18837,production,1.0
18837,18838,production,1.0
18838,18839,production,0.6844
18839,18840,production,0.6851
18840,18841,production,0.7893
18841,18842,production,0.7061
18842,18843,production,0.6593
18843,18844,production,0.7041
18844,18845,production,0.7512
18845,18846,production,0.7893
18846,18847,production,0.699
18847,18848,production,0.7033
18848,18849,production,0.8605
18849,18850,production,1.0
18850,18851,production,1.0
18851,18852,production,1.0
18852,18853,production,1.0
18853,18854,production,1.0
18854,18855,production,0.7972
18855,18856,production,0.8458
18856,18857,production,0.7238
18857,18858,production,0.9288
18858,18859,production,0.9993
18859,18860,production,0.7225
18860,18861,production,0.9744
18861,18862,production,1.0
18862,18863,production,1.0
18863,18864,production,1.0
18864,18865,production,1.0
18865,18866,production,1.0
18866,18867,production,1.0
18867,18868,production,1.0
18868,18869,production,1.0
18869,18870,production,0.9035
18870,18871,production,1.0
18871,18872,production,0.9263
18872,18873,production,0.9121
18873,18874,production,1.0
18874,18875,production,0.7972
18875,18876,production,1.0
18876,18877,production,0.8576
18877,18878,production,0.6397
18878,18879,production,0.6245
18879,18880,production,0.6961
18880,18881,production,0.6675
18881,18882,production,0.7183
18882,18883,production,1.0
18883,18884,production,0.5365
18884,18885,production,0.5633
18885,18886,production,0.7023
18886,18887,production,1.0
18887,18888,production,1.0
18888,18889,production,1.0
18889,18890,production,1.0
18890,18891,production,1.0
18891,18892,production,0.9274
18892,18893,production,1.0
18893,18894,production,0.7157
18894,18895,production,0.8741
18895,18896,production,0.9075
18896,18897,production,0.8538
18897,18898,production,0.976
18898,18899,production,0.8537
18899,18900,production,0.5828
18900,18901,production,1.0
18901,18902,production,0.6092
18902,18903,production,0.8256
18903,18904,production,0.6328
18904,18905,production,0.6662
18905,18906,production,0.6942
18906,18907,production,0.722
18907,18908,production,0.9302
18908,18909,production,0.5444
18909,18910,production,1.0
18910,18911,production,0.9328
18911,18912,production,0.8624
18912,18913,production,0.8902
18913,18914,production,0.8538
18914,18915,production,0.9264
18915,18916,production,0.9256
18916,18917,production,1.0
18917,18918,production,0.7694
18918,18919,production,0.7453
18919,18920,production,0.9715
18920,18921,production,1.0
18921,18922,production,0.9885
18922,18923,production,1.0
18923,18924,production,0.8008
18924,18925,production,0.9746
18925,18926,production,1.0
18926,18927,production,1.0
18927,18928,production,1.0
18928,18929,production,0.8168
18929,18930,production,1.0
18930,18931,production,1.0
18931,18932,production,0.6516
18932,18933,production,1.0
18933,18934,production,0.9176
18934,18935,production,0.9552
18935,18936,production,1.0
18936,18937,production,1.0
18937,18938,production,1.0
18938,18939,production,1.0
18939,18940,production,1.0
18940,18941,production,1.0
18941,18942,production,1.0
18942,18943,production,1.0
18943,18944,production,1.0
18944,18945,production,0.8461
18945,18946,production,0.8963
18946,18947,production,1.0
18947,18948,production,0.9241
18948,18949,production,1.0
18949,18950,production,1.0
18950,18951,production,1.0
18951,18952,production,0.8793
18952,18953,production,0.7847
18953,18954,production,0.8285
18954,18955,production,0.9511
18955,18956,production,0.8458
18956,18957,production,0.662
18957,18958,production,0.6817
18958,18959,production,0.7788
18959,18960,production,0.7893
18960,18961,production,0.7157
18961,18962,production,0.8634
18962,18963,production,0.6557
18963,18964,production,0.7365
18964,18965,production,0.7399
18965,18966,production,0.8383
18966,18967,production,1.0
18967,18968,production,0.7658
18968,18969,production,0.8285
18969,18970,production,0.8158
18970,18971,production,0.9026
18971,18972,production,0.7159
18972,18973,production,0.6109
18973,18974,production,1.0
18974,18975,production,0.4944
18975,18976,production,1.0
18976,18977,production,0.7573
18977,18978,production,0.8199
18978,18979,production,0.8716
18979,18980,production,0.7405
18980,18981,production,0.9931
18981,18982,production,1.0
18982,18983,production,0.8367
18983,18984,production,0.6151
18984,18985,production,0.7572
18985,18986,production,0.0
18986,18987,production,1.0
18987,18988,production,0.7823
18988,18989,production,0.2902
18989,18990,production,0.4827
18990,18991,production,1.0
18991,18992,production,0.9679
18992,18993,production,1.0
18993,18994,production,0.6421
18994,18995,production,0.6584
18995,18996,production,0.5936
18996,18997,production,0.5812
18997,18998,production,0.2898
18998,18999,production,0.9182
18999,19000,production,1.0
19000,19001,production,0.6444
19001,19002,production,1.0
19002,19003,production,0.7458
19003,19004,production,1.0
19004,19005,production,0.9255
19005,19006,production,1.0
19006,19007,production,0.8619
19007,19008,production,0.7949
19008,19009,production,0.3254
19009,19010,production,0.0
19010,19011,production,0.3532
19011,19012,production,0.8887
19012,19013,production,0.6738
19013,19014,production,0.4984
19014,19015,production,0.502
19015,19016,production,0.6861
19016,19017,production,0.3312
19017,19018,production,1.0
19018,19019,production,0.7893
19019,19020,production,1.0
19020,19021,production,1.0
19021,19022,production,1.0
19022,19023,production,1.0
19023,19024,production,0.5685
19024,19025,production,0.7968
19025,19026,production,0.4706
19026,19027,production,1.0
19027,19028,production,0.4366
19028,19029,production,1.0
19029,19030,production,1.0
19030,19031,production,1.0
19031,19032,production,1.0
19032,19033,production,1.0
19033,19034,production,1.0
19034,19035,production,1.0
19035,19036,production,1.0
19036,19037,production,1.0
19037,19038,production,1.0
19038,19039,production,1.0
19039,19040,production,0.878
19040,19041,production,1.0
19041,19042,production,0.6905
19042,19043,production,1.0
19043,19044,production,0.6666
19044,19045,production,1.0
19045,19046,production,1.0
19046,19047,production,1.0
19047,19048,production,1.0
19048,19049,production,1.0
19049,19050,production,1.0
19050,19051,production,0.7915
19051,19052,production,0.0
19052,19053,production,0.0
19053,19054,production,0.0
19054,19055,production,1.0
19055,19056,production,0.5587
19056,19057,production,0.819
19057,19058,production,1.0
19058,19059,production,1.0
19059,19060,production,1.0
19060,19061,production,1.0
19061,19062,production,0.8471
19062,19063,production,1.0
19063,19064,production,0.5214
19064,19065,production,1.0
19065,19066,production,0.8829
19066,19067,production,1.0
19067,19068,production,1.0
19068,19069,production,1.0
19069,19070,production,1.0
19070,19071,production,0.8384
19071,19072,production,1.0
19072,19073,production,0.0
19073,19074,production,0.0
19074,19075,production,0.0
19075,19076,production,0.0
19076,19077,production,0.9875
19077,19078,production,0.8568
19078,19079,production,1.0
19079,19080,production,1.0
19080,19081,production,0.7374
19081,19082,production,0.699
19082,19083,production,0.7709
19083,19084,production,0.7484
19084,19085,production,0.7802
19085,19086,production,0.0
19086,19087,production,0.5205
19087,19088,production,0.0
19088,19089,production,0.4031
19089,19090,production,0.0
19090,19091,production,0.4526
19091,19092,production,0.5141
19092,19093,production,0.8016
19093,19094,production,0.8373
19094,19095,production,0.8393
19095,19096,production,0.7667
19096,19097,production,0.8492
19097,19098,production,0.7229
19098,19099,production,0.7426
19099,19100,production,0.7622
19100,19101,production,0.6817
19101,19102,production,0.8469
19102,19103,production,0.6303
19103,19104,production,1.0
19104,19105,production,0.5218
19105,19106,production,1.0
19106,19107,production,1.0
19107,19108,production,1.0
19108,19109,production,0.9456
19109,19110,production,0.9898
19110,19111,production,1.0
19111,19112,production,1.0
19112,19113,production,1.0
19113,19114,production,0.8775
19114,19115,production,0.7535
19115,19116,production,0.7353
19116,19117,production,0.0
19117,19118,production,0.0
19118,19119,production,0.0
19119,19120,production,0.0
19120,19121,production,0.0
19121,19122,production,0.0
19122,19123,production,0.6232
19123,19124,production,0.7176
19124,19125,production,1.0
19125,19126,production,1.0
19126,19127,production,0.9484
19127,19128,production,1.0
19128,19129,production,0.8904
19129,19130,production,0.8803
19130,19131,production,0.8153
19131,19132,production,0.8489
19132,19133,production,0.7582
19133,19134,production,0.8887
19134,19135,production,0.8955
19135,19136,production,0.6053
19136,19137,production,0.688
19137,19138,production,0.748
19138,19139,production,0.7529
19139,19140,production,1.0
19140,19141,production,0.7061
19141,19142,production,0.6617
19142,19143,production,1.0
19143,19144,production,1.0
19144,19145,production,0.898
19145,19146,production,1.0
19146,19147,production,1.0
19147,19148,production,1.0
19148,19149,production,1.0
19149,19150,production,0.0
19150,19151,production,1.0
19151,19152,production,1.0
19152,19153,production,1.0
19153,19154,production,1.0
19154,19155,production,1.0
19155,19156,production,1.0
19156,19157,production,0.9061
19157,19158,production,1.0
19158,19159,production,0.8008
19159,19160,production,0.4479
19160,19161,production,1.0
19161,19162,production,0.6049
19162,19163,production,0.8028
19163,19164,production,1.0
19164,19165,production,1.0
19165,19166,production,0.8541
19166,19167,production,1.0
19167,19168,production,0.5011
19168,19169,production,1.0
19169,19170,production,0.902
19170,19171,production,0.791
19171,19172,production,0.6781
19172,19173,production,0.7261
19173,19174,production,1.0
19174,19175,production,1.0
19175,19176,production,1.0
19176,19177,production,0.8331
19177,19178,production,1.0
19178,19179,production,1.0
19179,19180,production,1.0
19180,19181,production,1.0
19181,19182,production,1.0
19182,19183,production,1.0
19183,19184,production,1.0
19184,19185,production,0.9522
19185,19186,production,1.0
19186,19187,production,0.7197
19187,19188,production,1.0
19188,19189,production,0.0
19189,19190,production,0.539
19190,19191,production,1.0
19191,19192,production,0.9354
19192,19193,production,0.8554
19193,19194,production,0.728
19194,19195,production,0.9558
19195,19196,production,0.828
19196,19197,production,1.0
19197,19198,production,1.0
19198,19199,production,1.0
19199,19200,production,1.0
19200,19201,production,1.0
19201,19202,production,1.0
19202,19203,production,1.0
19203,19204,production,1.0
19204,19205,production,0.8125
19205,19206,production,0.6591
19206,19207,production,0.7455
19207,19208,production,0.6179
19208,19209,production,0.7485
19209,19210,production,1.0
19210,19211,production,0.9155
19211,19212,production,0.97
19212,19213,production,0.7706
19213,19214,production,1.0
19214,19215,production,1.0
19215,19216,production,0.9737
19216,19217,production,1.0
19217,19218,production,0.513
19218,19219,production,1.0
19219,19220,production,0.0
19220,19221,production,0.6324
19221,19222,production,0.9679
19222,19223,production,0.4864
19223,19224,production,0.6519
19224,19225,production,0.8087
19225,19226,production,0.6085
19226,19227,production,0.6367
19227,19228,production,1.0
19228,19229,production,1.0
19229,19230,production,1.0
19230,19231,production,0.7943
19231,19232,production,1.0
19232,19233,production,1.0
19233,19234,production,0.8643
19234,19235,production,1.0
19235,19236,production,1.0
19236,19237,production,0.8956
19237,19238,production,0.9284
19238,19239,production,1.0
19239,19240,production,1.0
19240,19241,production,1.0
19241,19242,production,1.0
19242,19243,production,0.8278
19243,19244,production,0.9177
19244,19245,production,0.9269
19245,19246,production,0.8404
19246,19247,production,1.0
19247,19248,production,0.7594
19248,19249,production,0.7012
19249,19250,production,1.0
19250,19251,production,1.0
19251,19252,production,0.8133
19252,19253,production,1.0
19253,19254,production,1.0
19254,19255,production,0.6919
19255,19256,production,1.0
19256,19257,production,1.0
19257,19258,production,1.0
19258,19259,production,1.0
19259,19260,production,1.0
19260,19261,production,1.0
19261,19262,production,1.0
19262,19263,production,0.8393
19263,19264,production,1.0
19264,19265,production,1.0
19265,19266,production,1.0
19266,19267,production,1.0
19267,19268,production,1.0
19268,19269,production,0.7706
19269,19270,production,0.406
19270,19271,production,0.7343
19271,19272,production,0.8254
19272,19273,production,0.6264
19273,19274,production,0.9479
19274,19275,production,0.7835
19275,19276,production,0.9541
19276,19277,production,0.7209
19277,19278,production,1.0
19278,19279,production,1.0
19279,19280,production,1.0
19280,19281,production,1.0
19281,19282,production,1.0
19282,19283,production,1.0
19283,19284,production,1.0
19284,19285,production,1.0
19285,19286,production,1.0
19286,19287,production,0.8575
19287,19288,production,0.6074
19288,19289,production,0.7442
19289,19290,production,0.7559
19290,19291,production,0.7943
19291,19292,production,1.0
19292,19293,production,1.0
19293,19294,production,1.0
19294,19295,production,0.6298
19295,19296,production,1.0
19296,19297,production,0.5363
19297,19298,production,1.0
19298,19299,production,1.0
19299,19300,production,1.0
19300,19301,production,1.0
19301,19302,production,1.0
19302,19303,production,1.0
19303,19304,production,1.0
19304,19305,production,1.0
19305,19306,production,0.8905
19306,19307,production,1.0
19307,19308,production,1.0
19308,19309,production,1.0
19309,19310,production,1.0
19310,19311,production,1.0
19311,19312,production,1.0
19312,19313,production,0.7225
19313,19314,production,1.0
19314,19315,production,1.0
19315,19316,production,1.0
19316,19317,production,1.0
19317,19318,production,1.0
19318,19319,production,1.0
19319,19320,production,1.0
19320,19321,production,0.3183
19321,19322,production,1.0
19322,19323,production,0.8438
19323,19324,production,0.9744
19324,19325,production,0.9993
19325,19326,production,0.9288
19326,19327,production,0.8458
19327,19328,production,0.7972
19328,19329,production,1.0
19329,19330,production,1.0
19330,19331,production,1.0
19331,19332,production,1.0
19332,19333,production,0.8605
19333,19334,production,0.7225
19334,19335,production,1.0
19335,19336,production,1.0
19336,19337,production,0.9319
19337,19338,production,0.9873
19338,19339,production,0.9484
19339,19340,production,1.0
19340,19341,production,0.0
19341,19342,production,1.0
19342,19343,production,1.0
19343,19344,production,0.6786
19344,19345,production,0.8586
19345,19346,production,0.9407
19346,19347,production,1.0
19347,19348,production,0.69
19348,19349,production,0.6279
19349,19350,production,0.6497
19350,19351,production,0.531
19351,19352,production,0.6497
19352,19353,production,1.0
19353,19354,production,0.9751
19354,19355,production,0.9209
19355,19356,production,1.0
19356,19357,production,0.3058
19357,19358,production,0.753
19358,19359,production,0.8243
19359,19360,production,1.0
19360,19361,production,0.6692
19361,19362,production,0.4106
19362,19363,production,0.4834
19363,19364,production,0.6175
19364,19365,production,0.6047
19365,19366,production,0.4594
19366,19367,production,0.5398
19367,19368,production,0.4461
19368,19369,production,0.425
19369,19370,production,0.91
19370,19371,production,0.974
19371,19372,production,1.0
19372,19373,production,0.5895
19373,19374,production,0.5652
19374,19375,production,0.7522
19375,19376,production,0.8929
19376,19377,production,0.7176
19377,19378,production,1.0
19378,19379,production,1.0
19379,19380,production,0.8109
19380,19381,production,1.0
19381,19382,production,1.0
19382,19383,production,0.6905
19383,19384,production,0.7257
19384,19385,production,1.0
19385,19386,production,1.0
19386,19387,production,0.9682
19387,19388,production,0.7176
19388,19389,production,1.0
19389,19390,production,0.9337
19390,19391,production,1.0
19391,19392,production,1.0
19392,19393,production,1.0
19393,19394,production,1.0
19394,19395,production,0.8478
19395,19396,production,0.7806
19396,19397,production,0.7278
19397,19398,production,0.6852
19398,19399,production,0.3594
19399,19400,production,1.0
19400,19401,production,0.8537
19401,19402,production,1.0
19402,19403,production,0.7184
19403,19404,production,1.0
19404,19405,production,1.0
19405,19406,production,1.0
19406,19407,production,1.0
19407,19408,production,1.0
19408,19409,production,0.7238
19409,19410,production,0.7938
19410,19411,production,1.0
19411,19412,production,1.0
19412,19413,production,1.0
19413,19414,production,1.0
19414,19415,production,1.0
19415,19416,production,1.0
19416,19417,production,1.0
19417,19418,production,1.0
19418,19419,production,0.8719
19419,19420,production,1.0
19420,19421,production,1.0
19421,19422,production,0.9205
19422,19423,production,0.5013
19423,19424,production,0.7777
19424,19425,production,0.7621
19425,19426,production,1.0
19426,19427,production,0.7718
19427,19428,production,0.7305
19428,19429,production,1.0
19429,19430,production,0.8005
19430,19431,production,0.9312
19431,19432,production,0.7033
19432,19433,production,0.3523
19433,19434,production,0.5819
19434,19435,production,0.0
19435,19436,production,0.4944
19436,19437,production,0.3424
19437,19438,production,0.3148
19438,19439,production,1.0
19439,19440,production,0.0
19440,19441,production,0.6264
19441,19442,production,0.3003
19442,19443,production,0.3587
19443,19444,production,0.9205
19444,19445,production,0.5967
19445,19446,production,0.6247
19446,19447,production,1.0
19447,19448,production,1.0
19448,19449,production,1.0
19449,19450,production,1.0
19450,19451,production,0.8438
19451,19452,production,0.9112
19452,19453,production,0.8615
19453,19454,production,0.8812
19454,19455,production,0.8857
19455,19456,production,0.6144
19456,19457,production,1.0
19457,19458,production,0.7835
19458,19459,production,0.9744
19459,19460,production,1.0
19460,19461,production,1.0
19461,19462,production,0.6604
19462,19463,production,1.0
19463,19464,production,1.0
19464,19465,production,1.0
19465,19466,production,0.5627
19466,19467,production,0.3587
19467,19468,production,0.5627
19468,19469,production,0.7472
19469,19470,production,0.339
19470,19471,production,1.0
19471,19472,production,1.0
19472,19473,production,0.6162
19473,19474,production,0.6712
19474,19475,production,0.5894
19475,19476,production,1.0
19476,19477,production,1.0
19477,19478,production,1.0
19478,19479,production,1.0
19479,19480,production,1.0
19480,19481,production,1.0
19481,19482,production,1.0
19482,19483,production,0.7421
19483,19484,production,0.964
19484,19485,production,0.7252
19485,19486,production,1.0
19486,19487,production,1.0
19487,19488,production,1.0
19488,19489,production,1.0
19489,19490,production,0.6919
19490,19491,production,0.8264
19491,19492,production,1.0
19492,19493,production,1.0
19493,19494,production,1.0
19494,19495,production,1.0
19495,19496,production,1.0
19496,19497,production,1.0
19497,19498,production,1.0
19498,19499,production,1.0
19499,19500,production,1.0
19500,19501,production,1.0
19501,19502,production,1.0
19502,19503,production,1.0
19503,19504,production,1.0
19504,19505,production,1.0
19505,19506,production,1.0
19506,19507,production,0.9035
19507,19508,production,1.0
19508,19509,production,1.0
19509,19510,production,0.9663
19510,19511,production,1.0
19511,19512,production,1.0
19512,19513,production,1.0
19513,19514,production,1.0
19514,19515,production,1.0
19515,19516,production,1.0
19516,19517,production,1.0
19517,19518,production,1.0
19518,19519,production,1.0
19519,19520,production,1.0
19520,19521,production,1.0
19521,19522,production,1.0
19522,19523,production,1.0
19523,19524,production,1.0
19524,19525,production,1.0
19525,19526,production,1.0
19526,19527,production,1.0
19527,19528,production,1.0
19528,19529,production,1.0
19529,19530,production,1.0
19530,19531,production,1.0
19531,19532,production,1.0
19532,19533,production,1.0
19533,19534,production,1.0
19534,19535,production,1.0
19535,19536,production,1.0
19536,19537,production,1.0
19537,19538,production,1.0
19538,19539,production,1.0
19539,19540,production,1.0
19540,19541,production,1.0
19541,19542,production,1.0
19542,19543,production,0.5723
19543,19544,production,1.0
19544,19545,production,0.5973
19545,19546,production,0.574
19546,19547,production,0.5283
19547,19548,production,0.4828
19548,19549,production,0.776
19549,19550,production,0.9531
19550,19551,production,1.0
19551,19552,production,1.0
19552,19553,production,1.0
19553,19554,production,0.4968
19554,19555,production,1.0
19555,19556,production,0.6542
19556,19557,production,1.0
19557,19558,production,1.0
19558,19559,production,1.0
19559,19560,production,1.0
19560,19561,production,1.0
19561,19562,production,1.0
19562,19563,production,0.8175
19563,19564,production,1.0
19564,19565,production,0.7373
19565,19566,production,1.0
19566,19567,production,0.7037
19567,19568,production,1.0
19568,19569,production,0.4462
19569,19570,production,1.0
19570,19571,production,1.0
19571,19572,production,1.0
19572,19573,production,0.6439
19573,19574,production,0.8199
19574,19575,production,0.8906
19575,19576,production,0.6655
19576,19577,production,1.0
19577,19578,production,1.0
19578,19579,production,1.0
19579,19580,production,1.0
19580,19581,production,1.0
19581,19582,production,1.0
19582,19583,production,0.713
19583,19584,production,0.9541
19584,19585,production,0.5519
19585,19586,production,1.0
19586,19587,production,0.3312
19587,19588,production,1.0
19588,19589,production,0.7291
19589,19590,production,0.7521
19590,19591,production,0.8364
19591,19592,production,1.0
19592,19593,production,1.0
19593,19594,production,0.6225
19594,19595,production,0.836
19595,19596,production,1.0
19596,19597,production,1.0
19597,19598,production,1.0
19598,19599,production,0.6343
19599,19600,production,1.0
19600,19601,production,1.0
19601,19602,production,0.6106
19602,19603,production,0.5644
19603,19604,production,0.5413
19604,19605,production,0.609
19605,19606,production,0.6846
19606,19607,production,0.0
19607,19608,production,0.0
19608,19609,production,0.6965
19609,19610,production,0.4066
19610,19611,production,0.3982
19611,19612,production,0.3632
19612,19613,production,0.0
19613,19614,production,0.0
19614,19615,production,0.0
19615,19616,production,0.0
19616,19617,production,0.4286
19617,19618,production,0.4731
19618,19619,production,0.361
19619,19620,production,0.6976
19620,19621,production,0.5567
19621,19622,production,1.0
19622,19623,production,1.0
19623,19624,production,0.4307
19624,19625,production,0.8557
19625,19626,production,0.3619
19626,19627,production,0.3288
19627,19628,production,0.4587
19628,19629,production,0.0
19629,19630,production,0.0
19630,19631,production,0.0
19631,19632,production,0.0
19632,19633,production,0.0
19633,19634,production,0.4173
19634,19635,production,0.0
19635,19636,production,0.6681
19636,19637,production,0.6338
19637,19638,production,0.7875
19638,19639,production,0.4437
19639,19640,production,0.0
19640,19641,production,0.0
19641,19642,production,0.2958
19642,19643,production,0.4206
19643,19644,production,0.3076
19644,19645,production,0.0
19645,19646,production,0.0
19646,19647,production,0.0
19647,19648,production,0.0
19648,19649,production,0.0
19649,19650,production,0.0
19650,19651,production,0.3021
19651,19652,production,0.5192
19652,19653,production,0.5587
19653,19654,production,0.7425
19654,19655,production,0.7826
19655,19656,production,0.737
19656,19657,production,0.7586
19657,19658,production,0.494
19658,19659,production,0.5218
19659,19660,production,0.5346
19660,19661,production,0.7521
19661,19662,production,0.9623
19662,19663,production,0.6919
19663,19664,production,0.7005
19664,19665,production,0.7322
19665,19666,production,0.0
19666,19667,production,1.0
19667,19668,production,1.0
19668,19669,production,0.5605
19669,19670,production,0.5375
19670,19671,production,0.6397
19671,19672,production,1.0
19672,19673,production,0.5567
19673,19674,production,0.3288
19674,19675,production,0.8865
19675,19676,production,0.4888
19676,19677,production,0.0
19677,19678,production,0.7343
19678,19679,production,1.0
19679,19680,production,0.8075
19680,19681,production,0.3363
19681,19682,production,0.0
19682,19683,production,0.4315
19683,19684,production,0.4083
19684,19685,production,0.8028
19685,19686,production,0.5059
19686,19687,production,0.6031
19687,19688,production,0.9648
19688,19689,production,0.7972
19689,19690,production,0.9853
19690,19691,production,0.8072
19691,19692,production,0.6933
19692,19693,production,0.7812
19693,19694,production,0.7609
19694,19695,production,0.7893
19695,19696,production,0.7252
19696,19697,production,0.8418
19697,19698,production,0.6431
19698,19699,production,0.7652
19699,19700,production,0.7273
19700,19701,production,0.7027
19701,19702,production,0.6338
19702,19703,production,0.678
19703,19704,production,0.4986
19704,19705,production,0.8079
19705,19706,production,0.6291
19706,19707,production,0.6738
19707,19708,production,0.6331
19708,19709,production,0.7594
19709,19710,production,0.5772
19710,19711,production,0.5477
19711,19712,production,0.7124
19712,19713,production,0.6434
19713,19714,production,0.5643
19714,19715,production,0.6111
19715,19716,production,0.6153
19716,19717,production,0.6584
19717,19718,production,0.6208
19718,19719,production,0.7262
19719,19720,production,0.7727
19720,19721,production,0.7236
19721,19722,production,0.6814
19722,19723,production,0.6894
19723,19724,production,0.7726
19724,19725,production,0.4765
19725,19726,production,0.6408
19726,19727,production,0.6425
19727,19728,production,0.6329
19728,19729,production,0.7326
19729,19730,production,0.74
19730,19731,production,0.6256
19731,19732,production,0.7017
19732,19733,production,0.6083
19733,19734,production,0.5897
19734,19735,production,0.4403
19735,19736,production,0.6502
19736,19737,production,0.7002
19737,19738,production,0.7322
19738,19739,production,0.5242
19739,19740,production,0.5237
19740,19741,production,0.5237
19741,19742,production,0.66
19742,19743,production,0.5603
19743,19744,production,0.5751
19744,19745,production,0.5768
19745,19746,production,0.6321
19746,19747,production,0.5849
19747,19748,production,0.8221
19748,19749,production,0.5547
19749,19750,production,0.5774
19750,19751,production,0.5317
19751,19752,production,0.5533
19752,19753,production,0.5555
19753,19754,production,0.6225
19754,19755,production,0.5573
19755,19756,production,0.6742
19756,19757,production,0.6415
19757,19758,production,0.6023
19758,19759,production,0.5611
19759,19760,production,0.7522
19760,19761,production,0.4803
19761,19762,production,0.7316
19762,19763,production,0.5569
19763,19764,production,0.5925
19764,19765,production,0.6507
19765,19766,production,0.0
19766,19767,production,0.5934
19767,19768,production,0.7894
19768,19769,production,1.0
19769,19770,production,1.0
19770,19771,production,0.6431
19771,19772,production,0.8221
19772,19773,production,0.472
19773,19774,production,0.6206
19774,19775,production,0.4077
19775,19776,production,0.8775
19776,19777,production,0.9137
19777,19778,production,0.832
19778,19779,production,0.5233
19779,19780,production,0.4223
19780,19781,production,0.9154
19781,19782,production,0.7952
19782,19783,production,0.4077
19783,19784,production,0.577
19784,19785,production,0.6875
19785,19786,production,0.5029
19786,19787,production,0.6389
19787,19788,production,0.444
19788,19789,production,0.6925
19789,19790,production,0.5685
19790,19791,production,0.5941
19791,19792,production,0.4716
19792,19793,production,0.0
19793,19794,production,0.4528
19794,19795,production,0.6436
19795,19796,production,0.5853
19796,19797,production,0.581
19797,19798,production,0.6288
19798,19799,production,0.5013
19799,19800,production,0.4921
19800,19801,production,0.42
19801,19802,production,0.5209
19802,19803,production,0.3831
19803,19804,production,0.3886
19804,19805,production,0.4659
19805,19806,production,0.4793
19806,19807,production,0.5577
19807,19808,production,0.3863
19808,19809,production,0.5495
19809,19810,production,0.5056
19810,19811,production,1.0
19811,19812,production,0.6824
19812,19813,production,0.6267
19813,19814,production,0.5194
19814,19815,production,0.5
19815,19816,production,0.7157
19816,19817,production,0.5658
19817,19818,production,0.5513
19818,19819,production,0.7153
19819,19820,production,0.0
19820,19821,production,0.0
19821,19822,production,0.7758
19822,19823,production,0.4721
19823,19824,production,0.5927
19824,19825,production,0.855
19825,19826,production,1.0
19826,19827,production,0.5589
19827,19828,production,0.8614
19828,19829,production,0.5934
19829,19830,production,0.7111
19830,19831,production,0.7799
19831,19832,production,0.3121
19832,19833,production,0.751
19833,19834,production,0.4748
19834,19835,production,0.727
19835,19836,production,0.5207
19836,19837,production,0.4686
19837,19838,production,0.3285
19838,19839,production,0.3902
19839,19840,production,0.4704
19840,19841,production,0.4755
19841,19842,production,0.5287
19842,19843,production,0.5448
19843,19844,production,0.4664
19844,19845,production,0.4424
19845,19846,production,0.5009
19846,19847,production,0.5521
19847,19848,production,0.5325
19848,19849,production,0.5892
19849,19850,production,0.5068
19850,19851,production,0.4968
19851,19852,production,0.531
19852,19853,production,0.4292
19853,19854,production,0.4464
19854,19855,production,0.6033
19855,19856,production,0.5013
19856,19857,production,0.6961
19857,19858,production,0.6039
19858,19859,production,0.5693
19859,19860,production,0.4334
19860,19861,production,0.4422
19861,19862,production,0.5056
19862,19863,production,0.683
19863,19864,production,0.6867
19864,19865,production,0.5454
19865,19866,production,0.6593
19866,19867,production,0.6047
19867,19868,production,0.5485
19868,19869,production,0.3648
19869,19870,production,0.8009
19870,19871,production,0.0
19871,19872,production,0.7184
19872,19873,production,0.7105
19873,19874,production,0.6694
19874,19875,production,0.8671
19875,19876,production,0.7741
19876,19877,production,0.5525
19877,19878,production,0.5705
19878,19879,production,0.4944
19879,19880,production,0.6308
19880,19881,production,0.2957
19881,19882,production,0.5146
19882,19883,production,0.482
19883,19884,production,0.4326
19884,19885,production,0.583
19885,19886,production,0.6652
19886,19887,production,0.6085
19887,19888,production,1.0
19888,19889,production,0.901
19889,19890,production,1.0
19890,19891,production,0.9726
19891,19892,production,0.5648
19892,19893,production,0.6298
19893,19894,production,0.6939
19894,19895,production,0.0
19895,19896,production,0.8386
19896,19897,production,0.699
19897,19898,production,0.3418
19898,19899,production,0.3717
19899,19900,production,0.6017
19900,19901,production,0.5032
19901,19902,production,0.5099
19902,19903,production,0.6167
19903,19904,production,0.9548
19904,19905,production,0.5214
19905,19906,production,0.7633
19906,19907,production,0.4607
19907,19908,production,0.5525
19908,19909,production,0.3682
19909,19910,production,1.0
19910,19911,production,1.0
19911,19912,production,1.0
19912,19913,production,0.9361
19913,19914,production,1.0
19914,19915,production,0.6451
19915,19916,production,1.0
19916,19917,production,0.5923
19917,19918,production,0.0
19918,19919,production,0.0
19919,19920,production,0.0
19920,19921,production,0.0
19921,19922,production,0.0
19922,19923,production,0.917
19923,19924,production,0.4981
19924,19925,production,0.4398
19925,19926,production,0.6712
19926,19927,production,0.5081
19927,19928,production,0.397
19928,19929,production,0.4231
19929,19930,production,0.4217
19930,19931,production,0.3964
19931,19932,production,0.3555
19932,19933,production,0.5405
19933,19934,production,0.5287
19934,19935,production,0.8398
19935,19936,production,0.4005
19936,19937,production,0.4179
19937,19938,production,0.3036
19938,19939,production,0.4162
19939,19940,production,0.4731
19940,19941,production,0.4261
19941,19942,production,0.5229
19942,19943,production,0.3836
19943,19944,production,0.4162
19944,19945,production,0.4427
19945,19946,production,0.4556
19946,19947,production,0.6407
19947,19948,production,0.6019
19948,19949,production,0.6732
19949,19950,production,0.6031
19950,19951,production,0.61
19951,19952,production,0.6733
19952,19953,production,0.6455
19953,19954,production,0.6138
19954,19955,production,0.5066
19955,19956,production,1.0
19956,19957,production,0.9479
19957,19958,production,0.9488
19958,19959,production,1.0
19959,19960,production,1.0
19960,19961,production,1.0
19961,19962,production,1.0
19962,19963,production,1.0
19963,19964,production,1.0
19964,19965,production,1.0
19965,19966,production,0.717
19966,19967,production,0.8141
19967,19968,production,0.3911
19968,19969,production,0.4699
19969,19970,production,0.4528
19970,19971,production,0.4863
19971,19972,production,0.5214
19972,19973,production,0.5881
19973,19974,production,0.4716
19974,19975,production,0.4366
19975,19976,production,0.5317
19976,19977,production,0.5421
19977,19978,production,0.5978
19978,19979,production,0.5783
19979,19980,production,0.6072
19980,19981,production,0.3748
19981,19982,production,0.4954
19982,19983,production,0.0
19983,19984,production,0.4617
19984,19985,production,0.0
19985,19986,production,0.0
19986,19987,production,0.0
19987,19988,production,0.0
19988,19989,production,0.0
19989,19990,production,0.319
19990,19991,production,0.4972
19991,19992,production,0.5019
19992,19993,production,0.5791
19993,19994,production,0.511
19994,19995,production,0.584
19995,19996,production,0.5866
19996,19997,production,0.4151
19997,19998,production,0.6078
19998,19999,production,0.6444
19999,20000,production,0.7765
20000,20001,production,1.0
20001,20002,production,0.2973
20002,20003,production,0.7836
20003,20004,production,1.0
20004,20005,production,0.395
20005,20006,production,1.0
20006,20007,production,0.5157
20007,20008,production,0.3714
20008,20009,production,0.8263
20009,20010,production,0.7033
20010,20011,production,0.8132
20011,20012,production,0.8574
20012,20013,production,0.8771
20013,20014,production,0.7865
20014,20015,production,0.0
20015,20016,production,0.0
20016,20017,production,0.8233
20017,20018,production,0.8079
20018,20019,production,0.8739
20019,20020,production,0.7695
20020,20021,production,0.8444
20021,20022,production,0.5126
20022,20023,production,0.5446
20023,20024,production,0.4803
20024,20025,production,0.517
20025,20026,production,0.5507
20026,20027,production,0.5278
20027,20028,production,0.5321
20028,20029,production,0.4779
20029,20030,production,0.5257
20030,20031,production,0.4991
20031,20032,production,0.5547
20032,20033,production,0.5607
20033,20034,production,0.6312
20034,20035,production,0.6549
20035,20036,production,0.4762
20036,20037,production,0.8123
20037,20038,production,0.3619
20038,20039,production,0.3985
20039,20040,production,0.3555
20040,20041,production,0.3424
20041,20042,production,0.3917
20042,20043,production,0.349
20043,20044,production,0.8866
20044,20045,production,0.4979
20045,20046,production,1.0
20046,20047,production,0.7051
20047,20048,production,0.4944
20048,20049,production,0.3961
20049,20050,production,0.4212
20050,20051,production,0.7818
20051,20052,production,0.3707
20052,20053,production,0.3014
20053,20054,production,0.3212
20054,20055,production,0.4398
20055,20056,production,0.5553
20056,20057,production,0.4784
20057,20058,production,0.528
20058,20059,production,0.5159
20059,20060,production,0.392
20060,20061,production,1.0
20061,20062,production,0.3437
20062,20063,production,0.4657
20063,20064,production,0.0
20064,20065,production,0.0
20065,20066,production,0.6718
20066,20067,production,1.0
20067,20068,production,0.6364
20068,20069,production,0.5643
20069,20070,production,0.2966
20070,20071,production,0.7225
20071,20072,production,0.3219
20072,20073,production,0.9091
20073,20074,production,1.0
20074,20075,production,0.5838
20075,20076,production,1.0
20076,20077,production,0.5949
20077,20078,production,1.0
20078,20079,production,1.0
20079,20080,production,1.0
20080,20081,production,0.0
20081,20082,production,0.0
20082,20083,production,0.36
20083,20084,production,0.3911
20084,20085,production,0.6021
20085,20086,production,1.0
20086,20087,production,1.0
20087,20088,production,1.0
20088,20089,production,0.4321
20089,20090,production,1.0
20090,20091,production,0.3173
20091,20092,production,0.3506
20092,20093,production,0.297
20093,20094,production,0.3169
20094,20095,production,0.0
20095,20096,production,0.0
20096,20097,production,0.0
20097,20098,production,0.0
20098,20099,production,0.0
20099,20100,production,0.4006
20100,20101,production,0.3457
20101,20102,production,0.0
20102,20103,production,0.4609
20103,20104,production,0.0
20104,20105,production,0.0
20105,20106,production,0.0
20106,20107,production,0.4947
20107,20108,production,0.3704
20108,20109,production,0.3638
20109,20110,production,0.5888
20110,20111,production,1.0
20111,20112,production,0.0
20112,20113,production,0.2928
20113,20114,production,0.6721
20114,20115,production,0.3186
20115,20116,production,0.4137
20116,20117,production,0.4476
20117,20118,production,0.3758
20118,20119,production,0.4575
20119,20120,production,0.3884
20120,20121,production,0.3014
20121,20122,production,1.0
20122,20123,production,0.5231
20123,20124,production,0.5172
20124,20125,production,0.4895
20125,20126,production,0.5068
20126,20127,production,0.4738
20127,20128,production,0.4907
20128,20129,production,0.4949
20129,20130,production,0.4937
20130,20131,production,0.4403
20131,20132,production,0.4891
20132,20133,production,1.0
20133,20134,production,0.4731
20134,20135,production,0.784
20135,20136,production,0.5537
20136,20137,production,1.0
20137,20138,production,0.4184
20138,20139,production,1.0
20139,20140,production,1.0
20140,20141,production,0.422
20141,20142,production,0.0
20142,20143,production,1.0
20143,20144,production,1.0
20144,20145,production,0.2982
20145,20146,production,0.3742
20146,20147,production,0.7019
20147,20148,production,1.0
20148,20149,production,0.4602
20149,20150,production,1.0
20150,20151,production,1.0
20151,20152,production,0.5297
20152,20153,production,1.0
20153,20154,production,1.0
20154,20155,production,1.0
20155,20156,production,0.8812
20156,20157,production,1.0
20157,20158,production,1.0
20158,20159,production,0.8336
20159,20160,production,0.8054
20160,20161,production,0.8828
20161,20162,production,0.769
20162,20163,production,0.5463
20163,20164,production,0.4291
20164,20165,production,0.7264
20165,20166,production,0.5218
20166,20167,production,0.7989
20167,20168,production,0.5132
20168,20169,production,1.0
20169,20170,production,0.0
20170,20171,production,0.6206
20171,20172,production,0.4401
20172,20173,production,1.0
20173,20174,production,1.0
20174,20175,production,0.4159
20175,20176,production,1.0
20176,20177,production,0.4654
20177,20178,production,0.5941
20178,20179,production,0.334
20179,20180,production,0.4034
20180,20181,production,0.5737
20181,20182,production,0.7272
20182,20183,production,0.717
20183,20184,production,0.7171
20184,20185,production,0.6916
20185,20186,production,1.0
20186,20187,production,0.8749
20187,20188,production,1.0
20188,20189,production,0.6417
20189,20190,production,1.0
20190,20191,production,0.688
20191,20192,production,0.6141
20192,20193,production,0.4774
20193,20194,production,0.7024
20194,20195,production,0.3806
20195,20196,production,0.3619
20196,20197,production,0.4851
20197,20198,production,0.3896
20198,20199,production,0.5646
20199,20200,production,0.6526
20200,20201,production,0.3526
20201,20202,production,0.4427
20202,20203,production,0.3417
20203,20204,production,0.3938
20204,20205,production,0.301
20205,20206,production,0.7449
20206,20207,production,0.6976
20207,20208,production,1.0
20208,20209,production,0.9737
20209,20210,production,0.3076
20210,20211,production,0.6833
20211,20212,production,0.3343
20212,20213,production,0.2977
20213,20214,production,0.325
20214,20215,production,0.4321
20215,20216,production,0.3532
20216,20217,production,0.339
20217,20218,production,0.6085
20218,20219,production,0.2958
20219,20220,production,0.4551
20220,20221,production,0.4128
20221,20222,production,0.3517
20222,20223,production,0.4474
20223,20224,production,0.3302
20224,20225,production,0.4706
20225,20226,production,0.5714
20226,20227,production,0.5637
20227,20228,production,0.4474
20228,20229,production,0.509
20229,20230,production,0.4435
20230,20231,production,0.4073
20231,20232,production,0.4681
20232,20233,production,0.5487
20233,20234,production,0.3964
20234,20235,production,0.3373
20235,20236,production,0.4733
20236,20237,production,0.5507
20237,20238,production,0.3985
20238,20239,production,0.3701
20239,20240,production,0.5342
20240,20241,production,0.494
20241,20242,production,0.6433
20242,20243,production,0.0
20243,20244,production,0.8756
20244,20245,production,0.4361
20245,20246,production,0.4361
20246,20247,production,0.4551
20247,20248,production,0.5658
20248,20249,production,0.818
20249,20250,production,0.4411
20250,20251,production,0.0
20251,20252,production,0.6416
20252,20253,production,0.4409
20253,20254,production,0.4184
20254,20255,production,0.4148
20255,20256,production,0.3205
20256,20257,production,1.0
20257,20258,production,1.0
20258,20259,production,1.0
20259,20260,production,1.0
20260,20261,production,1.0
20261,20262,production,1.0
20262,20263,production,0.0
20263,20264,production,0.0
20264,20265,production,1.0
20265,20266,production,1.0
20266,20267,production,0.7777
20267,20268,production,0.0
20268,20269,production,0.5321
20269,20270,production,0.9802
20270,20271,production,0.5214
20271,20272,production,0.593
20272,20273,production,0.8605
20273,20274,production,0.8624
20274,20275,production,1.0
20275,20276,production,0.5446
20276,20277,production,0.7396
20277,20278,production,0.0
20278,20279,production,0.0
20279,20280,production,0.339
20280,20281,production,0.0
20281,20282,production,0.0
20282,20283,production,0.6003
20283,20284,production,1.0
20284,20285,production,0.6039
20285,20286,production,0.8848
20286,20287,production,0.0
20287,20288,production,0.0
20288,20289,production,1.0
20289,20290,production,0.964
20290,20291,production,0.805
20291,20292,production,1.0
20292,20293,production,1.0
20293,20294,production,1.0
20294,20295,production,1.0
20295,20296,production,0.8285
20296,20297,production,1.0
20297,20298,production,1.0
20298,20299,production,1.0
20299,20300,production,0.7597
20300,20301,production,0.7421
20301,20302,production,1.0
20302,20303,production,1.0
20303,20304,production,0.8093
20304,20305,production,1.0
20305,20306,production,1.0
20306,20307,production,0.9043
20307,20308,production,0.7938
20308,20309,production,0.8222
20309,20310,production,0.7823
20310,20311,production,0.8974
20311,20312,production,0.8517
20312,20313,production,0.8072
20313,20314,production,0.8488
20314,20315,production,0.787
20315,20316,production,1.0
20316,20317,production,1.0
20317,20318,production,0.8866
20318,20319,production,0.8738
20319,20320,production,0.8557
20320,20321,production,1.0
20321,20322,production,1.0
20322,20323,production,1.0
20323,20324,production,1.0
20324,20325,production,1.0
20325,20326,production,1.0
20326,20327,production,1.0
20327,20328,production,1.0
20328,20329,production,1.0
20329,20330,production,1.0
20330,20331,production,1.0
20331,20332,production,0.8408
20332,20333,production,0.9744
20333,20334,production,0.7344
20334,20335,production,0.7291
20335,20336,production,0.6933
20336,20337,production,1.0
20337,20338,production,1.0
20338,20339,production,1.0
20339,20340,production,1.0
20340,20341,production,1.0
20341,20342,production,1.0
20342,20343,production,1.0
20343,20344,production,1.0
20344,20345,production,1.0
20345,20346,production,0.8428
20346,20347,production,0.8211
20347,20348,production,0.8072
20348,20349,production,1.0
20349,20350,production,1.0
20350,20351,production,1.0
20351,20352,production,0.8093
20352,20353,production,0.7741
20353,20354,production,0.7609
20354,20355,production,0.751
20355,20356,production,1.0
20356,20357,production,0.7033
20357,20358,production,0.8222
20358,20359,production,1.0
20359,20360,production,1.0
20360,20361,production,0.9618
20361,20362,production,1.0
20362,20363,production,0.8061
20363,20364,production,1.0
20364,20365,production,0.7658
20365,20366,production,0.8115
20366,20367,production,1.0
20367,20368,production,1.0
20368,20369,production,1.0
20369,20370,production,0.7383
20370,20371,production,0.0
20371,20372,production,1.0
20372,20373,production,1.0
20373,20374,production,1.0
20374,20375,production,1.0
20375,20376,production,1.0
20376,20377,production,1.0
20377,20378,production,1.0
20378,20379,production,1.0
20379,20380,production,0.8458
20380,20381,production,0.9424
20381,20382,production,0.6742
20382,20383,production,0.4505
20383,20384,production,0.3148
20384,20385,production,0.3457
20385,20386,production,0.349
20386,20387,production,0.5547
20387,20388,production,1.0
20388,20389,production,1.0
20389,20390,production,0.8498
20390,20391,production,0.4332
20391,20392,production,0.4144
20392,20393,production,0.4312
20393,20394,production,0.0
20394,20395,production,0.3303
20395,20396,production,1.0
20396,20397,production,0.6594
20397,20398,production,0.7202
20398,20399,production,0.4695
20399,20400,production,0.4289
20400,20401,production,0.3723
20401,20402,production,1.0
20402,20403,production,0.3892
20403,20404,production,0.405
20404,20405,production,0.4022
20405,20406,production,0.4525
20406,20407,production,0.5067
20407,20408,production,0.334
20408,20409,production,1.0
20409,20410,production,0.5077
20410,20411,production,1.0
20411,20412,production,0.5213
20412,20413,production,0.5236
20413,20414,production,0.4209
20414,20415,production,1.0
20415,20416,production,1.0
20416,20417,production,0.6772
20417,20418,production,0.5083
20418,20419,production,0.4767
20419,20420,production,0.5375
20420,20421,production,1.0
20421,20422,production,0.6733
20422,20423,production,0.3771
20423,20424,production,0.5425
20424,20425,production,0.8123
20425,20426,production,0.4827
20426,20427,production,0.6379
20427,20428,production,0.3944
20428,20429,production,0.9197
20429,20430,production,0.6338
20430,20431,production,1.0
20431,20432,production,1.0
20432,20433,production,0.5132
20433,20434,production,0.4748
20434,20435,production,1.0
20435,20436,production,1.0
20436,20437,production,1.0
20437,20438,production,0.0
20438,20439,production,1.0
20439,20440,production,0.9812
20440,20441,production,0.0
20441,20442,production,0.336
20442,20443,production,0.0
20443,20444,production,0.0
20444,20445,production,0.602
20445,20446,production,0.6035
20446,20447,production,0.0
20447,20448,production,1.0
20448,20449,production,1.0
20449,20450,production,0.7658
20450,20451,production,0.9163
20451,20452,production,1.0
20452,20453,production,0.5558
20453,20454,production,0.5558
20454,20455,production,0.5942
20455,20456,production,0.5289
20456,20457,production,0.5558
20457,20458,production,0.5558
20458,20459,production,0.5558
20459,20460,production,0.5558
20460,20461,production,0.247
20461,20462,production,0.2671
20462,20463,production,0.2124
20463,20464,production,0.6832
20464,20465,production,0.6336
20465,20466,production,0.6143
20466,20467,production,0.4624
20467,20468,production,0.5734
20468,20469,production,0.0
20469,20470,production,0.0
20470,20471,production,0.0306
20471,20472,production,0.599
20472,20473,production,0.599
20473,20474,production,0.599
20474,20475,production,0.599
20475,20476,production,0.6649
20476,20477,production,0.0
20477,20478,production,0.0
20478,20479,production,0.0
20479,20480,production,0.0
20480,20481,production,0.3014
20481,20482,production,0.294
20482,20483,production,0.4538
20483,20484,production,0.4025
20484,20485,production,0.0
20485,20486,production,0.0
20486,20487,production,0.0
20487,20488,production,0.0
20488,20489,production,0.0
20489,20490,production,0.0
20490,20491,production,0.0
20491,20492,production,0.6477
20492,20493,production,0.8304
20493,20494,production,0.843
20494,20495,production,0.8495
20495,20496,production,0.7628
20496,20497,production,0.777
20497,20498,production,0.8017
20498,20499,production,0.8006
20499,20500,production,0.7545
20500,20501,production,0.7324
20501,20502,production,0.638
20502,20503,production,0.638
20503,20504,production,0.638
20504,20505,production,0.5599
20505,20506,production,0.4558
20506,20507,production,0.0
20507,20508,production,0.0
20508,20509,production,0.0
20509,20510,production,0.0
20510,20511,production,0.0
20511,20512,production,0.0
20512,20513,production,0.0
20513,20514,production,0.0
20514,20515,production,0.0
20515,20516,production,0.0
20516,20517,production,0.0
20517,20518,production,0.0
20518,20519,production,0.0
20519,20520,production,0.0
20520,20521,production,0.0
20521,20522,production,0.0
20522,20523,production,0.0
20523,20524,production,0.0
20524,20525,production,0.0
20525,20526,production,0.0
20526,20527,production,0.0
20527,20528,production,0.0
20528,20529,production,0.0
20529,20530,production,0.0
20530,20531,production,0.0
20531,20532,production,0.0
20532,20533,production,0.0
20533,20534,production,0.0
20534,20535,production,0.0
20535,20536,production,0.0
20536,20537,production,0.0
20537,20538,production,0.0
20538,20539,production,0.0
20539,20540,production,0.0
20540,20541,production,0.0
20541,20542,production,0.0
20542,20543,production,0.0
20543,20544,production,0.0
20544,20545,production,0.0
20545,20546,production,0.0
20546,20547,production,0.0
20547,20548,production,0.0
20548,20549,production,0.0
20549,20550,production,0.0
20550,20551,production,0.0
20551,20552,production,0.0
20552,20553,production,0.0
20553,20554,production,0.0
20554,20555,production,0.0
20555,20556,production,0.0
20556,20557,production,0.0
20557,20558,production,0.0
20558,20559,production,0.0
20559,20560,production,0.0
20560,20561,production,0.0
20561,20562,production,0.0
20562,20563,production,0.0
20563,20564,production,0.0
20564,20565,production,0.0
20565,20566,production,0.0
20566,20567,production,0.0
20567,20568,production,0.0
20568,20569,production,0.0
20569,20570,production,0.0
20570,20571,production,0.0
20571,20572,production,0.0
20572,20573,production,0.0
20573,20574,production,0.0
20574,20575,production,0.0
20575,20576,production,0.0
20576,20577,production,0.0
20577,20578,production,0.0
20578,20579,production,0.0
20579,20580,production,0.0
20580,20581,production,0.0
20581,20582,production,0.0
20582,20583,production,0.0
20583,20584,production,0.0
20584,20585,production,0.0
20585,20586,production,0.0
20586,20587,production,0.0
20587,20588,production,0.0
20588,20589,production,0.0
20589,20590,production,0.0
20590,20591,production,0.0
20591,20592,production,0.0
20592,20593,production,0.0
20593,20594,production,0.0
20594,20595,production,0.0
20595,20596,production,0.0
20596,20597,production,0.0
20597,20598,production,0.0
20598,20599,production,0.0
20599,20600,production,0.0
20600,20601,production,0.0
20601,20602,production,0.0
20602,20603,production,0.0
20603,20604,production,0.0
20604,20605,production,0.0
20605,20606,production,0.0
20606,20607,production,0.0
20607,20608,production,0.0
20608,20609,production,0.0
20609,20610,production,0.0
20610,20611,production,0.0
20611,20612,production,0.0
20612,20613,production,0.0
20613,20614,production,0.0
20614,20615,production,0.0
20615,20616,production,0.0
20616,20617,production,0.0
20617,20618,production,0.0
20618,20619,production,0.0
20619,20620,production,0.0
20620,20621,production,0.0
20621,20622,production,0.0
20622,20623,production,0.0
20623,20624,production,0.0
20624,20625,production,0.0
20625,20626,production,0.0
20626,20627,production,0.0
20627,20628,production,0.0
20628,20629,production,0.0
20629,20630,production,0.0
20630,20631,production,0.0
20631,20632,production,0.0
20632,20633,production,0.0
20633,20634,production,0.0
20634,20635,production,0.0
20635,20636,production,0.0
20636,20637,production,0.0
20637,20638,production,0.0
20638,20639,production,0.0
20639,20640,production,0.0
20640,20641,production,0.0
20641,20642,production,0.0
20642,20643,production,0.0
20643,20644,production,0.0
20644,20645,production,0.0
20645,20646,production,0.0
20646,20647,production,0.0
20647,20648,production,0.0
20648,20649,production,0.0
20649,20650,production,0.0
20650,20651,production,0.0
20651,20652,production,0.0
20652,20653,production,0.0
20653,20654,production,0.0
20654,20655,production,0.0
20655,20656,production,0.0
20656,20657,production,0.0
20657,20658,production,0.0
20658,20659,production,0.0
20659,20660,production,0.0
20660,20661,production,0.0
20661,20662,production,0.0
20662,20663,production,0.0
20663,20664,production,0.0
20664,20665,production,0.0
20665,20666,production,0.0
20666,20667,production,0.0
20667,20668,production,0.0
20668,20669,production,0.0
20669,20670,production,0.0
20670,20671,production,0.0
20671,20672,production,0.0
20672,20673,production,0.0
20673,20674,production,0.0
20674,20675,production,0.0
20675,20676,production,0.0
20676,20677,production,0.0
20677,20678,production,0.0
20678,20679,production,0.0
20679,20680,production,0.0
20680,20681,production,0.0
20681,20682,production,0.0
20682,20683,production,0.0
20683,20684,production,0.0
20684,20685,production,0.0
20685,20686,production,0.0
20686,20687,production,0.0
20687,20688,production,0.0
20688,20689,production,0.0
20689,20690,production,0.0
20690,20691,production,0.0
20691,20692,production,0.0
20692,20693,production,0.0
20693,20694,production,0.0
20694,20695,production,0.0
20695,20696,production,0.0
20696,20697,production,0.0
20697,20698,production,0.0
20698,20699,production,0.0
20699,20700,production,0.0
20700,20701,production,0.0
20701,20702,production,0.0
20702,20703,production,0.0
20703,20704,production,0.0
20704,20705,production,0.0
20705,20706,production,0.0
20706,20707,production,0.0
20707,20708,production,0.0
20708,20709,production,0.0
20709,20710,production,0.0
20710,20711,production,0.0
20711,20712,production,0.0
20712,20713,production,0.0
20713,20714,production,0.0
20714,20715,production,0.0
20715,20716,production,0.0
20716,20717,production,0.0
20717,20718,production,0.0
20718,20719,production,0.0
20719,20720,production,0.0
20720,20721,production,0.0
20721,20722,production,0.0
20722,20723,production,0.0
20723,20724,production,0.0
20724,20725,production,0.0
20725,20726,production,0.0
20726,20727,production,0.0
20727,20728,production,0.0
20728,20729,production,0.0
20729,20730,production,0.0
20730,20731,production,0.0
20731,20732,production,0.0
20732,20733,production,0.0
20733,20734,production,0.0
20734,20735,production,0.0
20735,20736,production,0.0
20736,20737,production,0.0
20737,20738,production,0.0
20738,20739,production,0.0
20739,20740,production,0.0
20740,20741,production,0.0
20741,20742,production,0.0
20742,20743,production,0.0
20743,20744,production,0.0
20744,20745,production,0.0
20745,20746,production,0.0
20746,20747,production,0.0
20747,20748,production,0.0
20748,20749,production,0.0
20749,20750,production,0.0
20750,20751,production,0.0
20751,20752,production,0.0
20752,20753,production,0.0
20753,20754,production,0.0
20754,20755,production,0.0
20755,20756,production,0.0
20756,20757,production,0.0
20757,20758,production,0.0
20758,20759,production,0.0
20759,20760,production,0.0
20760,20761,production,0.0
20761,20762,production,0.0
20762,20763,production,0.0
20763,20764,production,0.0
20764,20765,production,0.0
20765,20766,production,0.0
20766,20767,production,0.0
20767,20768,production,0.0
20768,20769,production,0.0
20769,20770,production,0.0
20770,20771,production,0.0
20771,20772,production,0.0
20772,20773,production,0.0
20773,20774,production,0.0
20774,20775,production,0.0
20775,20776,production,0.0
20776,20777,production,0.0
20777,20778,production,0.0
20778,20779,production,0.0
20779,20780,production,0.0
20780,20781,production,0.0
20781,20782,production,0.0
20782,20783,production,0.0
20783,20784,production,0.0
20784,20785,production,0.0
20785,20786,production,0.0
20786,20787,production,0.0
20787,20788,production,0.0
20788,20789,production,0.0
20789,20790,production,0.0
20790,20791,production,0.0
20791,20792,production,0.0
20792,20793,production,0.0
20793,20794,production,0.0
20794,20795,production,0.0
20795,20796,production,0.0
20796,20797,production,0.0
20797,20798,production,0.0
20798,20799,production,0.0
20799,20800,production,0.0
20800,20801,production,0.0
20801,20802,production,0.0
20802,20803,production,0.0
20803,20804,production,0.0
20804,20805,production,0.0
20805,20806,production,0.0
20806,20807,production,0.0
20807,20808,production,0.0
20808,20809,production,0.0
20809,20810,production,0.0
20810,20811,production,0.0
20811,20812,production,0.0
20812,20813,production,0.0
20813,20814,production,0.0
20814,20815,production,0.0
20815,20816,production,0.0
20816,20817,production,0.0
20817,20818,production,0.0
20818,20819,production,0.0
20819,20820,production,0.0
20820,20821,production,0.0
20821,20822,production,0.0
20822,20823,production,0.0
20823,20824,production,0.0
20824,20825,production,0.0
20825,20826,production,0.0
20826,20827,production,0.0
20827,20828,production,0.0
20828,20829,production,0.0
20829,20830,production,0.0
20830,20831,production,0.0
20831,20832,production,0.0
20832,20833,production,0.0
20833,20834,production,0.0
20834,20835,production,0.0
20835,20836,production,0.0
20836,20837,production,0.0
20837,20838,production,0.0
20838,20839,production,0.0
20839,20840,production,0.0
20840,20841,production,0.0
20841,20842,production,0.0
20842,20843,production,0.0
20843,20844,production,0.0
20844,20845,production,0.0
20845,20846,production,0.0
20846,20847,production,0.0
20847,20848,production,0.0
20848,20849,production,0.0
20849,20850,production,0.0
20850,20851,production,0.0
20851,20852,production,0.0
20852,20853,production,0.0
20853,20854,production,0.0
20854,20855,production,0.0
20855,20856,production,0.0
20856,20857,production,0.0
20857,20858,production,0.0
20858,20859,production,0.0
20859,20860,production,0.0
20860,20861,production,0.0
20861,20862,production,0.0
20862,20863,production,0.0
20863,20864,production,0.0
20864,20865,production,0.0
20865,20866,production,0.0
20866,20867,production,0.0
20867,20868,production,0.0
20868,20869,production,0.0
20869,20870,production,0.0
20870,20871,production,0.0
20871,20872,production,0.0
20872,20873,production,0.0
20873,20874,production,0.0
20874,20875,production,0.0
20875,20876,production,0.0
20876,20877,production,0.0
20877,20878,production,0.0
20878,20879,production,0.0
20879,20880,production,0.0
20880,20881,production,0.0
20881,20882,production,0.0
20882,20883,production,0.0
20883,20884,production,0.0
20884,20885,production,0.0
20885,20886,production,0.0
20886,20887,production,0.0
20887,20888,production,0.0
20888,20889,production,0.0
20889,20890,production,0.0
20890,20891,production,0.0
20891,20892,production,0.0
20892,20893,production,0.0
20893,20894,production,0.0
20894,20895,production,0.0
20895,20896,production,0.0
20896,20897,production,0.0
20897,20898,production,0.0
20898,20899,production,0.0
20899,20900,production,0.0
20900,20901,production,0.0
20901,20902,production,0.0
20902,20903,production,0.0
20903,20904,production,0.0
20904,20905,production,0.0
20905,20906,production,0.0
20906,20907,production,0.0
20907,20908,production,0.0
20908,20909,production,0.0
20909,20910,production,0.0
20910,20911,production,0.0
20911,20912,production,0.0
20912,20913,production,0.0
20913,20914,production,0.0
20914,20915,production,0.0
20915,20916,production,0.0
20916,20917,production,0.0
20917,20918,production,0.0
20918,20919,production,0.0
20919,20920,production,0.0
20920,20921,production,0.0
20921,20922,production,0.0
20922,20923,production,0.0
20923,20924,production,0.0
20924,20925,production,0.0
20925,20926,production,0.0
20926,20927,production,0.0
20927,20928,production,0.0
20928,20929,production,0.0
20929,20930,production,0.0
20930,20931,production,0.0
20931,20932,production,0.0
20932,20933,production,0.0
20933,20934,production,0.0
20934,20935,production,0.0
20935,20936,production,0.0
20936,20937,production,0.0
20937,20938,production,0.0
20938,20939,production,0.0
20939,20940,production,0.0
20940,20941,production,0.0
20941,20942,production,0.0
20942,20943,production,0.0
20943,20944,production,0.0
20944,20945,production,0.0
20945,20946,production,0.0
20946,20947,production,0.0
20947,20948,production,0.0
20948,20949,production,0.0
20949,20950,production,0.0
20950,20951,production,0.0
20951,20952,production,0.0
20952,20953,production,0.0
20953,20954,production,0.0
20954,20955,production,0.0
20955,20956,production,0.0
20956,20957,production,0.0
20957,20958,production,0.0
20958,20959,production,0.0
20959,20960,production,0.0
20960,20961,production,0.0
20961,20962,production,0.0
20962,20963,production,0.0
20963,20964,production,0.0
20964,20965,production,0.0
20965,20966,production,0.0
20966,20967,production,0.0
20967,20968,production,0.0
20968,20969,production,0.0
20969,20970,production,0.0
20970,20971,production,0.0
20971,20972,production,0.0
20972,20973,production,0.0
20973,20974,production,0.0
20974,20975,production,0.0
20975,20976,production,0.0
20976,20977,production,0.0
20977,20978,production,0.0
20978,20979,production,0.0
20979,20980,production,0.0
20980,20981,production,0.0
20981,20982,production,0.0
20982,20983,production,0.0
20983,20984,production,0.0
20984,20985,production,0.0
20985,20986,production,0.0
20986,20987,production,0.0
20987,20988,production,0.0
20988,20989,production,0.0
20989,20990,production,0.0
20990,20991,production,0.0
20991,20992,production,0.0
20992,20993,production,0.0
20993,20994,production,0.0
20994,20995,production,0.0
20995,20996,production,0.0
20996,20997,production,0.0
20997,20998,production,0.0
20998,20999,production,0.0
20999,21000,production,0.0
21000,21001,production,0.0
21001,21002,production,0.0
21002,21003,production,0.0
21003,21004,production,0.0
21004,21005,production,0.0
21005,21006,production,0.0
21006,21007,production,0.0
21007,21008,production,0.0
21008,21009,production,0.0
21009,21010,production,0.0
21010,21011,production,0.0
21011,21012,production,0.0
21012,21013,production,0.0
21013,21014,production,0.0
21014,21015,production,0.0
21015,21016,production,0.0
21016,21017,production,0.0
21017,21018,production,0.0
21018,21019,production,0.0
21019,21020,production,0.0
21020,21021,production,0.0
21021,21022,production,0.0
21022,21023,production,0.0
21023,21024,production,0.0
21024,21025,production,0.0
21025,21026,production,0.0
21026,21027,production,0.0
21027,21028,production,0.0
21028,21029,production,0.0
21029,21030,production,0.0
21030,21031,production,0.0
21031,21032,production,0.0
21032,21033,production,0.0
21033,21034,production,0.0
21034,21035,production,0.0
21035,21036,production,0.888
21036,21037,production,1.0
21037,21038,production,0.9688
21038,21039,production,1.0
21039,21040,production,0.8851
21040,21041,production,0.84
21041,21042,production,0.9172
21042,21043,production,0.0
21043,21044,production,0.6613
21044,21045,production,0.8536
21045,21046,production,1.0
21046,21047,production,0.0
21047,21048,production,0.0
21048,21049,production,0.8815
21049,21050,production,0.7323
21050,21051,production,0.774
21051,21052,production,0.9517
21052,21053,production,0.9254
21053,21054,production,0.7784
21054,21055,production,0.535
21055,21056,production,0.7191
21056,21057,production,0.3479
21057,21058,production,0.8483
21058,21059,production,0.5591
21059,21060,production,0.9034
21060,21061,production,0.7962
21061,21062,production,0.8318
21062,21063,production,0.4844
21063,21064,production,0.4201
21064,21065,production,0.1396
21065,21066,production,0.164
21066,21067,production,0.3233
21067,21068,production,0.6314
21068,21069,production,0.499
21069,21070,production,0.0
21070,21071,production,0.0
21071,21072,production,0.0
21072,21073,production,0.1538
21073,21074,production,0.1538
21074,21075,production,0.1538
21075,21076,production,0.0833
21076,21077,production,0.0
21077,21078,production,1.0
21078,21079,production,0.0
21079,21080,production,0.1667
21080,21081,production,0.4167
21081,21082,production,0.5167
21082,21083,production,0.0
21083,21084,production,0.0
21084,21085,production,0.0
21085,21086,production,0.0
21086,21087,production,0.0
21087,21088,production,0.0
21088,21089,production,0.0
21089,21090,production,0.2841
21090,21091,production,0.6692
21091,21092,production,0.1664
21092,21093,production,0.1485
21093,21094,production,0.3178
21094,21095,production,0.5816
21095,21096,production,0.5553
21096,21097,production,0.5086
21097,21098,production,0.0
21098,21099,production,0.5876
21099,21100,production,0.7748
21100,21101,production,0.7007
21101,21102,production,0.9352
21102,21103,production,0.6212
21103,21104,production,0.8888
21104,21105,production,0.6807
21105,21106,production,0.8947
21106,21107,production,0.7206
21107,21108,production,0.9291
21108,21109,production,0.6098
21109,21110,production,0.6098
21110,21111,production,0.0
21111,21112,production,0.0
21112,21113,production,0.4481
21113,21114,production,0.3154
21114,21115,production,0.3293
21115,21116,production,0.3225
21116,21117,production,0.2898
21117,21118,production,0.2035
21118,21119,production,0.1178
21119,21120,production,0.7122
21120,21121,production,0.6591
21121,21122,production,0.7502
21122,21123,production,0.734
21123,21124,production,0.4375
21124,21125,production,0.7895
21125,21126,production,0.8665
21126,21127,production,0.8355
21127,21128,production,0.8737
21128,21129,production,0.0
21129,21130,production,0.517
21130,21131,production,0.5061
21131,21132,production,0.5003
21132,21133,production,0.518
21133,21134,production,0.5137
21134,21135,production,0.4964
21135,21136,production,0.4526
21136,21137,production,0.4985
21137,21138,production,0.6599
21138,21139,production,0.7942
21139,21140,production,0.9919
21140,21141,production,0.8822
21141,21142,production,0.6714
21142,21143,production,0.7476
21143,21144,production,0.5037
21144,21145,production,0.0
21145,21146,production,0.0
21146,21147,production,0.0
21147,21148,production,0.0
21148,21149,production,0.0
21149,21150,production,0.305
21150,21151,production,0.2973
21151,21152,production,0.3308
21152,21153,production,0.2145
21153,21154,production,0.515
21154,21155,production,0.628
21155,21156,production,0.515
21156,21157,production,0.0
21157,21158,production,0.0
21158,21159,production,0.7831
21159,21160,production,0.7303
21160,21161,production,0.7999
21161,21162,production,0.7303
21162,21163,production,0.7696
21163,21164,production,0.7303
21164,21165,production,0.7303
21165,21166,production,0.7303
21166,21167,production,0.4058
21167,21168,production,0.8206
21168,21169,production,0.7023
21169,21170,production,0.8268
21170,21171,production,0.7544
21171,21172,production,0.1502
21172,21173,production,0.1502
21173,21174,production,0.2148
21174,21175,production,0.2359
21175,21176,production,0.5201
21176,21177,production,0.379
21177,21178,production,0.4681
21178,21179,production,0.3974
21179,21180,production,0.0
21180,21181,production,1.0
21181,21182,production,1.0
21182,21183,production,0.7874
21183,21184,production,0.0
21184,21185,production,0.0
21185,21186,production,0.0
21186,21187,production,0.0
21187,21188,production,0.3354
21188,21189,production,0.0473
21189,21190,production,0.4614
21190,21191,production,0.623
21191,21192,production,0.6008
21192,21193,production,0.6309
21193,21194,production,0.6553
21194,21195,production,0.5754
21195,21196,production,0.6687
21196,21197,production,0.6766
21197,21198,production,0.8989
21198,21199,production,0.8144
21199,21200,production,0.7152
21200,21201,production,0.4696
21201,21202,production,0.3953
21202,21203,production,0.2465
21203,21204,production,0.2905
21204,21205,production,0.6332
21205,21206,production,0.5259
21206,21207,production,0.522
21207,21208,production,0.641
21208,21209,production,0.6236
21209,21210,production,0.5627
21210,21211,production,0.4251
21211,21212,production,0.5434
21212,21213,production,0.6519
21213,21214,production,0.4646
21214,21215,production,0.6157
21215,21216,production,0.3915
21216,21217,production,0.5574
21217,21218,production,0.5202
21218,21219,production,0.3928
21219,21220,production,0.374
21220,21221,production,0.0027
21221,21222,production,0.0649
21222,21223,production,0.4373
21223,21224,production,0.2174
21224,21225,production,0.1533
21225,21226,production,0.2121
21226,21227,production,0.2874
21227,21228,production,0.2943
21228,21229,production,0.0643
21229,21230,production,0.7558
21230,21231,production,0.6555
21231,21232,production,0.5967
21232,21233,production,0.6184
21233,21234,production,0.5803
21234,21235,production,0.7278
21235,21236,production,0.0
21236,21237,production,0.7191
21237,21238,production,0.3356
21238,21239,production,1.0
21239,21240,production,0.0
21240,21241,production,0.0
21241,21242,production,0.0
21242,21243,production,0.0
21243,21244,production,0.543
21244,21245,production,0.0
21245,21246,production,0.0
21246,21247,production,0.0
21247,21248,production,0.0
21248,21249,production,0.6081
21249,21250,production,0.4574
21250,21251,production,0.6255
21251,21252,production,0.6255
21252,21253,production,0.6255
21253,21254,production,0.6255
21254,21255,production,0.0
21255,21256,production,0.0
21256,21257,production,0.0
21257,21258,production,0.0
21258,21259,production,0.0
21259,21260,production,0.0
21260,21261,production,0.0
21261,21262,production,0.0
21262,21263,production,0.0
21263,21264,production,0.0
21264,21265,production,0.0
21265,21266,production,0.474
21266,21267,production,0.0
21267,21268,production,0.3411
21268,21269,production,0.6281
21269,21270,production,0.5501
21270,21271,production,0.6468
21271,21272,production,0.5132
21272,21273,production,0.6223
21273,21274,production,0.528
21274,21275,production,0.0
21275,21276,production,0.0
21276,21277,production,0.3898
21277,21278,production,0.0
21278,21279,production,1.0
21279,21280,production,0.2624
21280,21281,production,0.2983
21281,21282,production,0.3889
21282,21283,production,0.4829
21283,21284,production,0.5384
21284,21285,production,0.482
21285,21286,production,0.4322
21286,21287,production,0.3688
21287,21288,production,0.518
21288,21289,production,0.501
21289,21290,production,0.6993
21290,21291,production,0.6834
21291,21292,production,0.6834
21292,21293,production,0.0
21293,21294,production,0.0
21294,21295,production,0.0
21295,21296,production,0.0
21296,21297,production,0.0
21297,21298,production,0.0
21298,21299,production,0.0
21299,21300,production,0.0
21300,21301,production,0.0
21301,21302,production,0.0
21302,21303,production,0.0
21303,21304,production,0.0
21304,21305,production,0.0
21305,21306,production,0.0
21306,21307,production,0.0
21307,21308,production,0.0
21308,21309,production,0.0
21309,21310,production,0.0
21310,21311,production,0.0
21311,21312,production,0.0
21312,21313,production,0.0
21313,21314,production,0.0
21314,21315,production,0.0
21315,21316,production,0.0
21316,21317,production,0.0
21317,21318,production,0.0
21318,21319,production,0.0
21319,21320,production,0.0
21320,21321,production,0.0
21321,21322,production,0.2392
21322,21323,production,0.2834
21323,21324,production,0.2539
21324,21325,production,0.1055
21325,21326,production,0.1282
21326,21327,production,0.1089
21327,21328,production,0.1539
21328,21329,production,0.0232
21329,21330,production,0.0756
21330,21331,production,0.0
21331,21332,production,0.0
21332,21333,production,0.0
21333,21334,production,0.0
21334,21335,production,0.0
21335,21336,production,0.0
21336,21337,production,0.0
21337,21338,production,0.0
21338,21339,production,0.0
21339,21340,production,0.0
21340,21341,production,0.0
21341,21342,production,0.0
21342,21343,production,0.0
21343,21344,production,0.0
21344,21345,production,0.728
21345,21346,production,0.6834
21346,21347,production,0.0
21347,21348,production,0.0
21348,21349,production,0.0
21349,21350,production,0.0
21350,21351,production,0.0
21351,21352,production,0.0
21352,21353,production,0.0
21353,21354,production,0.0
21354,21355,production,0.0
21355,21356,production,0.0
21356,21357,production,0.0
21357,21358,production,0.0
21358,21359,production,0.0
21359,21360,production,0.0
21360,21361,production,0.0
21361,21362,production,0.6269
21362,21363,production,0.6269
21363,21364,production,0.6269
21364,21365,production,0.6269
21365,21366,production,0.6269
21366,21367,production,0.7748
21367,21368,production,0.2152
21368,21369,production,0.2318
21369,21370,production,0.2092
21370,21371,production,0.2435
21371,21372,production,0.0
21372,21373,production,0.0
21373,21374,production,0.0
21374,21375,production,0.0
21375,21376,production,0.5557
21376,21377,production,0.5871
21377,21378,production,0.3131
21378,21379,production,0.6771
21379,21380,production,0.5433
21380,21381,production,0.4364
21381,21382,production,0.6758
21382,21383,production,0.5528
21383,21384,production,0.0
21384,21385,production,0.0
21385,21386,production,0.0
21386,21387,production,0.0
21387,21388,production,0.4771
21388,21389,production,0.0
21389,21390,production,0.0
21390,21391,production,0.0
21391,21392,production,0.0
21392,21393,production,0.0
21393,21394,production,0.0
21394,21395,production,0.0
21395,21396,production,0.0
21396,21397,production,0.0
21397,21398,production,0.4669
21398,21399,production,0.0
21399,21400,production,0.0
21400,21401,production,0.0
21401,21402,production,0.3035
21402,21403,production,0.3269
21403,21404,production,0.3538
21404,21405,production,0.2751
21405,21406,production,0.501
21406,21407,production,0.6993
21407,21408,production,0.6834
21408,21409,production,0.6834
21409,21410,production,0.5753
21410,21411,production,0.6508
21411,21412,production,0.6288
21412,21413,production,0.6435
21413,21414,production,0.0
21414,21415,production,0.0
21415,21416,production,0.0
21416,21417,production,0.0
21417,21418,production,0.0
21418,21419,production,0.0
21419,21420,production,0.5422
21420,21421,production,0.5429
21421,21422,production,0.5448
21422,21423,production,0.5346
21423,21424,production,0.0
21424,21425,production,0.0
21425,21426,production,0.0
21426,21427,production,0.0
21427,21428,production,0.0
21428,21429,production,0.0
21429,21430,production,0.0
21430,21431,production,0.0
21431,21432,production,0.0
21432,21433,production,0.0
21433,21434,production,0.0
21434,21435,production,0.0
21435,21436,production,0.0
21436,21437,production,0.0
21437,21438,production,0.0
21438,21439,production,0.0
21439,21440,production,0.0
21440,21441,production,0.0
21441,21442,production,0.0
21442,21443,production,1.0
21443,21444,production,1.0
21444,21445,production,0.783
21445,21446,production,0.0
21446,21447,production,0.0
21447,21448,production,0.0
21448,21449,production,0.1026
21449,21450,production,0.0
21450,21451,production,0.4605
21451,21452,production,0.0
21452,21453,production,0.0
21453,21454,production,0.4717
21454,21455,production,0.3989
21455,21456,production,0.0
21456,21457,production,0.0
21457,21458,production,0.664
21458,21459,production,0.7078
21459,21460,production,0.1167
21460,21461,production,0.1625
21461,21462,production,0.0042
21462,21463,production,0.0
21463,21464,production,0.025
21464,21465,production,0.1375
21465,21466,production,0.0417
21466,21467,production,0.0042
21467,21468,production,0.0
21468,21469,production,0.0
21469,21470,production,0.0
21470,21471,production,0.0
21471,21472,production,0.0
21472,21473,production,0.0
21473,21474,production,0.0417
21474,21475,production,0.0833
21475,21476,production,0.0417
21476,21477,production,0.0027
21477,21478,production,0.0649
21478,21479,production,0.4373
21479,21480,production,0.2174
21480,21481,production,0.1533
21481,21482,production,0.2121
21482,21483,production,0.2874
21483,21484,production,0.2943
21484,21485,production,0.0643
21485,21486,production,0.6555
21486,21487,production,0.7558
21487,21488,production,0.4587
21488,21489,production,0.2955
21489,21490,production,0.4701
21490,21491,production,0.621
21491,21492,production,0.3731
21492,21493,production,0.4192
21493,21494,production,0.6568
21494,21495,production,0.3945
21495,21496,production,0.3967
21496,21497,production,0.5978
21497,21498,production,0.4229
21498,21499,production,0.501
21499,21500,production,0.4219
21500,21501,production,0.5016
21501,21502,production,0.477
21502,21503,production,0.4947
21503,21504,production,0.3951
21504,21505,production,0.5613
21505,21506,production,0.3477
21506,21507,production,0.3778
21507,21508,production,0.2824
21508,21509,production,0.419
21509,21510,production,0.5915
21510,21511,production,0.6308
21511,21512,production,0.4204
21512,21513,production,0.1587
21513,21514,production,0.369
21514,21515,production,0.1422
21515,21516,production,0.2618
21516,21517,production,0.4636
21517,21518,production,0.3938
21518,21519,production,0.7305
21519,21520,production,0.0
21520,21521,production,0.5754
21521,21522,production,0.6687
21522,21523,production,0.6766
21523,21524,production,0.5465
21524,21525,production,1.0
21525,21526,production,1.0
21526,21527,production,0.783
21527,21528,production,0.0
21528,21529,production,0.518
21529,21530,production,0.4829
21530,21531,production,0.5384
21531,21532,production,0.4746
21532,21533,production,0.4322
21533,21534,production,0.3688
21534,21535,production,0.6846
21535,21536,production,0.3437
21536,21537,production,0.3824
21537,21538,production,0.3953
21538,21539,production,0.4145
21539,21540,production,0.4474
21540,21541,production,0.4594
21541,21542,production,0.4644
21542,21543,production,0.5764
21543,21544,production,0.5815
21544,21545,production,0.6129
21545,21546,production,0.7344
21546,21547,production,0.9823
21547,21548,production,0.5912
21548,21549,production,0.646
21549,21550,production,0.6454
21550,21551,production,0.8033
21551,21552,production,0.5621
21552,21553,production,0.0
21553,21554,production,0.0
21554,21555,production,0.0
21555,21556,production,0.0
21556,21557,production,0.0
21557,21558,production,0.0
21558,21559,production,0.0
21559,21560,production,0.0
21560,21561,production,0.0
21561,21562,production,0.0
21562,21563,production,0.0
21563,21564,production,0.0
21564,21565,production,0.0
21565,21566,production,0.0
21566,21567,production,0.0
21567,21568,production,0.0
21568,21569,production,0.0
21569,21570,production,0.3408
21570,21571,production,0.324
21571,21572,production,0.4766
21572,21573,production,0.4939
21573,21574,production,0.4885
21574,21575,production,0.4829
21575,21576,production,0.0
21576,21577,production,0.0
21577,21578,production,0.0
21578,21579,production,0.0
21579,21580,production,0.0
21580,21581,production,0.0
21581,21582,production,0.0
21582,21583,production,0.0
21583,21584,production,0.0
21584,21585,production,0.0
21585,21586,production,0.0
21586,21587,production,0.0
21587,21588,production,0.0
21588,21589,production,0.0
21589,21590,production,0.0
21590,21591,production,0.0756
21591,21592,production,0.0
21592,21593,production,0.0
21593,21594,production,0.0
21594,21595,production,0.0
21595,21596,production,0.0
21596,21597,production,0.0
21597,21598,production,0.0
21598,21599,production,0.0
21599,21600,production,0.0
21600,21601,production,0.0
21601,21602,production,0.0
21602,21603,production,0.0
21603,21604,production,0.0
21604,21605,production,0.0
21605,21606,production,0.0
21606,21607,production,0.0
21607,21608,production,0.0
21608,21609,production,0.0
21609,21610,production,0.0
21610,21611,production,0.0
21611,21612,production,0.0
21612,21613,production,0.0
21613,21614,production,0.0
21614,21615,production,0.0
21615,21616,production,0.0
21616,21617,production,0.4122
21617,21618,production,0.5211
21618,21619,production,0.5177
21619,21620,production,0.5202
21620,21621,production,0.5424
21621,21622,production,0.5383
21622,21623,production,0.5362
21623,21624,production,0.5318
21624,21625,production,0.5445
21625,21626,production,0.5404
21626,21627,production,0.5445
21627,21628,production,0.5177
21628,21629,production,0.5591
21629,21630,production,0.5521
21630,21631,production,0.5481
21631,21632,production,0.5445
21632,21633,production,0.5273
21633,21634,production,0.5445
21634,21635,production,0.5445
21635,21636,production,0.5445
21636,21637,production,0.0
21637,21638,production,0.1026
21638,21639,production,0.6305
21639,21640,production,0.6526
21640,21641,production,0.1026
21641,21642,production,0.6352
21642,21643,production,0.4637
21643,21644,production,0.4189
21644,21645,production,0.0
21645,21646,production,0.0
21646,21647,production,0.0
21647,21648,production,0.0
21648,21649,production,0.0
21649,21650,production,0.0
21650,21651,production,0.0
21651,21652,production,0.0
21652,21653,production,0.0
21653,21654,production,0.0
21654,21655,production,0.0
21655,21656,production,0.0
21656,21657,production,0.7452
21657,21658,production,0.7511
21658,21659,production,0.6859
21659,21660,production,0.6203
21660,21661,production,0.6267
21661,21662,production,0.5817
21662,21663,production,0.6589
21663,21664,production,0.5945
21664,21665,production,0.5838
21665,21666,production,0.0
21666,21667,production,0.0
21667,21668,production,0.0
21668,21669,production,0.0
21669,21670,production,0.0
21670,21671,production,0.0
21671,21672,production,0.0319
21672,21673,production,0.0314
21673,21674,production,0.0967
21674,21675,production,0.0309
21675,21676,production,0.032
21676,21677,production,0.0317
21677,21678,production,0.0
21678,21679,production,0.2512
21679,21680,production,0.1123
21680,21681,production,0.0609
21681,21682,production,0.1626
21682,21683,production,0.1987
21683,21684,production,0.0
21684,21685,production,0.0
21685,21686,production,0.0
21686,21687,production,0.6539
21687,21688,production,0.4414
21688,21689,production,0.0
21689,21690,production,0.4585
21690,21691,production,0.5531
21691,21692,production,0.4829
21692,21693,production,0.5384
21693,21694,production,0.4746
21694,21695,production,0.4322
21695,21696,production,0.3688
21696,21697,production,0.7209
21697,21698,production,0.6997
21698,21699,production,0.6997
21699,21700,production,0.7122
21700,21701,production,0.6411
21701,21702,production,0.7502
21702,21703,production,0.734
21703,21704,production,0.0
21704,21705,production,0.0
21705,21706,production,0.0
21706,21707,production,0.0
21707,21708,production,0.0
21708,21709,production,0.0
21709,21710,production,0.0
21710,21711,production,0.0
21711,21712,production,0.0
21712,21713,production,0.0
21713,21714,production,0.0
21714,21715,production,0.0
21715,21716,production,0.0
21716,21717,production,0.0
21717,21718,production,0.0
21718,21719,production,0.0
21719,21720,production,0.0
21720,21721,production,0.0
21721,21722,production,0.0
21722,21723,production,0.0
21723,21724,production,0.0027
21724,21725,production,0.0649
21725,21726,production,0.4373
21726,21727,production,0.2174
21727,21728,production,0.1533
21728,21729,production,0.2121
21729,21730,production,0.2874
21730,21731,production,0.2943
21731,21732,production,0.0643
21732,21733,production,0.0
21733,21734,production,0.0
21734,21735,production,0.5754
21735,21736,production,0.6687
21736,21737,production,0.6766
21737,21738,production,0.5754
21738,21739,production,0.6687
21739,21740,production,0.6766
21740,21741,production,0.5754
21741,21742,production,0.6687
21742,21743,production,0.6766
21743,21744,production,0.5135
21744,21745,production,0.6203
21745,21746,production,0.6294
21746,21747,production,0.0
21747,21748,production,0.0
21748,21749,production,0.0
21749,21750,production,0.0
21750,21751,production,0.8469
21751,21752,production,0.8469
21752,21753,production,0.8469
21753,21754,production,0.8469
21754,21755,production,0.8469
21755,21756,production,0.8469
21756,21757,production,0.8469
21757,21758,production,0.759
21758,21759,production,0.4564
21759,21760,production,0.8103
21760,21761,production,0.8308
21761,21762,production,0.4783
21762,21763,production,0.4025
21763,21764,production,0.0
21764,21765,production,0.0
21765,21766,production,0.0
21766,21767,production,0.0
21767,21768,production,0.0
21768,21769,production,0.0
21769,21770,production,0.0
21770,21771,production,0.0752
21771,21772,production,0.1416
21772,21773,production,0.0
21773,21774,production,0.0
21774,21775,production,0.0
21775,21776,production,0.0
21776,21777,production,0.0
21777,21778,production,0.6288
21778,21779,production,0.5595
21779,21780,production,0.6612
21780,21781,production,0.0932
21781,21782,production,0.3726
21782,21783,production,0.0
21783,21784,production,0.0165
21784,21785,production,0.0412
21785,21786,production,0.2886
21786,21787,production,0.0412
21787,21788,production,0.0
21788,21789,production,0.0
21789,21790,production,0.0
21790,21791,production,0.3299
21791,21792,production,0.0227
21792,21793,production,0.1855
21793,21794,production,0.3889
21794,21795,production,0.2216
21795,21796,production,0.303
21796,21797,production,0.2995
21797,21798,production,0.2531
21798,21799,production,0.2838
21799,21800,production,0.2797
21800,21801,production,0.2789
21801,21802,production,0.2574
21802,21803,production,0.2785
21803,21804,production,0.2751
21804,21805,production,0.2941
21805,21806,production,0.3017
21806,21807,production,0.2848
21807,21808,production,0.295
21808,21809,production,0.0
21809,21810,production,0.0
21810,21811,production,0.0
21811,21812,production,0.0
21812,21813,production,0.0
21813,21814,production,0.0
21814,21815,production,0.0
21815,21816,production,0.0436
21816,21817,production,0.0
21817,21818,production,0.0461
21818,21819,production,0.0
21819,21820,production,0.0484
21820,21821,production,0.0567
21821,21822,production,0.0539
21822,21823,production,0.0555
21823,21824,production,0.0939
21824,21825,production,0.4942
21825,21826,production,0.0
21826,21827,production,0.0
21827,21828,production,0.0
21828,21829,production,0.0
21829,21830,production,0.0
21830,21831,production,0.1312
21831,21832,production,0.0
21832,21833,production,0.0305
21833,21834,production,0.0562
21834,21835,production,0.0
21835,21836,production,0.0
21836,21837,production,0.0937
21837,21838,production,0.0
21838,21839,production,0.0761
21839,21840,production,0.0
21840,21841,production,0.0
21841,21842,production,0.0
21842,21843,production,0.0
21843,21844,production,0.1687
21844,21845,production,0.2742
21845,21846,production,0.0
21846,21847,production,0.0
21847,21848,production,0.2624
21848,21849,production,0.2983
21849,21850,production,0.3889
21850,21851,production,0.1943
21851,21852,production,0.4808
21852,21853,production,0.438
21853,21854,production,0.4398
21854,21855,production,0.4508
21855,21856,production,0.5305
21856,21857,production,0.0
21857,21858,production,0.0
21858,21859,production,0.082
21859,21860,production,0.0
21860,21861,production,0.0
21861,21862,production,0.0737
21862,21863,production,0.0775
21863,21864,production,0.0
21864,21865,production,0.0
21865,21866,production,0.0871
21866,21867,production,0.0854
21867,21868,production,0.3854
21868,21869,production,0.5043
21869,21870,production,0.522
21870,21871,production,0.5348
21871,21872,production,0.5223
21872,21873,production,0.0
21873,21874,production,0.0
21874,21875,production,0.0
21875,21876,production,0.0
21876,21877,production,0.0
21877,21878,production,0.0
21878,21879,production,0.0
21879,21880,production,0.0
21880,21881,production,0.2309
21881,21882,production,0.368
21882,21883,production,0.5141
21883,21884,production,0.2563
21884,21885,production,0.1099
21885,21886,production,0.2309
21886,21887,production,0.2421
21887,21888,production,0.2752
21888,21889,production,0.2724
21889,21890,production,0.0
21890,21891,production,0.2117
21891,21892,production,0.3153
21892,21893,production,0.3517
21893,21894,production,0.3798
21894,21895,production,0.3685
21895,21896,production,0.3371
21896,21897,production,0.2427
21897,21898,production,0.3214
21898,21899,production,0.0618
21899,21900,production,0.3927
21900,21901,production,0.8281
21901,21902,production,0.8404
21902,21903,production,0.8072
21903,21904,production,0.9762
21904,21905,production,1.0
21905,21906,production,0.8691
21906,21907,production,0.7887
21907,21908,production,0.5176
21908,21909,production,0.4052
21909,21910,production,0.0
21910,21911,production,0.0
21911,21912,production,0.0
21912,21913,production,0.6454
21913,21914,production,0.6454
21914,21915,production,0.2821
21915,21916,production,0.6667
21916,21917,production,0.2513
21917,21918,production,0.6686
21918,21919,production,0.5673
21919,21920,production,0.2257
21920,21921,production,0.3169
21921,21922,production,0.514
21922,21923,production,0.1776
21923,21924,production,0.6462
21924,21925,production,0.6677
21925,21926,production,0.6752
21926,21927,production,0.5828
21927,21928,production,0.3367
21928,21929,production,0.2216
21929,21930,production,1.0
21930,21931,production,1.0
21931,21932,production,1.0
21932,21933,production,1.0
21933,21934,production,1.0
21934,21935,production,1.0
21935,21936,production,1.0
21936,21937,production,1.0
21937,21938,production,1.0
21938,21939,production,1.0
21939,21940,production,0.9951
21940,21941,production,1.0
21941,21942,production,0.4709
21942,21943,production,0.8413
21943,21944,production,0.8869
21944,21945,production,0.9677
21945,21946,production,1.0
21946,21947,production,1.0
21947,21948,production,1.0
21948,21949,production,0.2506
21949,21950,production,0.1889
21950,21951,production,0.5786
21951,21952,production,0.7552
21952,21953,production,0.7437
21953,21954,production,0.7624
21954,21955,production,0.7475
21955,21956,production,0.6071
21956,21957,production,0.5847
21957,21958,production,0.569
21958,21959,production,0.0
21959,21960,production,0.0
21960,21961,production,0.575
21961,21962,production,0.391
21962,21963,production,0.4334
21963,21964,production,0.4165
21964,21965,production,0.4096
21965,21966,production,0.2473
21966,21967,production,0.2598
21967,21968,production,0.5815
21968,21969,production,0.0
21969,21970,production,0.6957
21970,21971,production,0.5452
21971,21972,production,0.5211
21972,21973,production,0.5436
21973,21974,production,0.5336
21974,21975,production,0.5323
21975,21976,production,0.544
21976,21977,production,0.5495
21977,21978,production,0.5463
21978,21979,production,0.55
21979,21980,production,0.5532
21980,21981,production,0.5538
21981,21982,production,1.0
21982,21983,production,0.7254
21983,21984,production,0.7629
21984,21985,production,0.0
21985,21986,production,0.0
21986,21987,production,0.097
21987,21988,production,0.0996
21988,21989,production,0.0996
21989,21990,production,0.0996
21990,21991,production,0.1047
21991,21992,production,0.1047
21992,21993,production,0.7031
21993,21994,production,0.6336
21994,21995,production,0.1776
21995,21996,production,0.0732
21996,21997,production,0.753
21997,21998,production,0.6184
21998,21999,production,0.6412
21999,22000,production,0.6515
22000,22001,production,0.6033
22001,22002,production,0.6628
22002,22003,production,0.3585
22003,22004,production,0.8214
22004,22005,production,0.0
22005,22006,production,0.3975
22006,22007,production,0.3895
22007,22008,production,0.625
22008,22009,production,0.7265
22009,22010,production,0.7466
22010,22011,production,0.7718
22011,22012,production,0.6888
22012,22013,production,0.8317
22013,22014,production,0.5842
22014,22015,production,0.701
22015,22016,production,0.7466
22016,22017,production,0.7466
22017,22018,production,0.5842
22018,22019,production,0.6908
22019,22020,production,0.0117
22020,22021,production,0.0
22021,22022,production,0.0
22022,22023,production,0.0
22023,22024,production,0.0
22024,22025,production,0.0
22025,22026,production,0.0
22026,22027,production,0.0
22027,22028,production,0.0
22028,22029,production,0.4176
22029,22030,production,0.7522
22030,22031,production,0.594
22031,22032,production,1.0
22032,22033,production,0.7522
22033,22034,production,0.5987
22034,22035,production,1.0
22035,22036,production,0.76
22036,22037,production,0.6022
22037,22038,production,0.5197
22038,22039,production,0.4397
22039,22040,production,0.008
22040,22041,production,0.2767
22041,22042,production,0.0
22042,22043,production,0.2913
22043,22044,production,0.6184
22044,22045,production,1.0
22045,22046,production,0.176
22046,22047,production,0.0
22047,22048,production,1.0
22048,22049,production,0.4681
22049,22050,production,0.0
22050,22051,production,0.0
22051,22052,production,0.2912
22052,22053,production,0.3479
22053,22054,production,0.4623
22054,22055,production,0.6172
22055,22056,production,1.0
22056,22057,production,0.9231
22057,22058,production,1.0
22058,22059,production,1.0
22059,22060,production,1.0
22060,22061,production,0.9744
22061,22062,production,0.3875
22062,22063,production,0.3875
22063,22064,production,0.5143
22064,22065,production,0.5508
22065,22066,production,0.2963
22066,22067,production,0.2963
22067,22068,production,0.4296
22068,22069,production,0.4648
22069,22070,production,0.4719
22070,22071,production,0.5458
22071,22072,production,0.5513
22072,22073,production,0.618
22073,22074,production,0.0
22074,22075,production,0.0
22075,22076,production,0.0
22076,22077,production,0.7179
22077,22078,production,0.5641
22078,22079,production,0.7179
22079,22080,production,0.5128
22080,22081,production,0.1026
22081,22082,production,0.359
22082,22083,production,0.7179
22083,22084,production,0.8205
22084,22085,production,0.7692
22085,22086,production,0.359
22086,22087,production,0.0
22087,22088,production,0.359
22088,22089,production,0.3077
22089,22090,production,0.4103
22090,22091,production,0.359
22091,22092,production,0.4103
22092,22093,production,0.0
22093,22094,production,0.0
22094,22095,production,0.0
22095,22096,production,0.5558
22096,22097,production,0.5897
22097,22098,production,0.0
22098,22099,production,0.0
22099,22100,production,0.0
22100,22101,production,0.518
22101,22102,production,0.5031
22102,22103,production,0.541
22103,22104,production,0.4303
22104,22105,production,0.0
22105,22106,production,0.0
22106,22107,production,0.0
22107,22108,production,0.0
22108,22109,production,0.0
22109,22110,production,0.6522
22110,22111,production,0.6282
22111,22112,production,0.6243
22112,22113,production,0.6506
22113,22114,production,0.0
22114,22115,production,0.0
22115,22116,production,0.0
22116,22117,production,0.0
22117,22118,production,0.0
22118,22119,production,0.0
22119,22120,production,0.0
22120,22121,production,0.0
22121,22122,production,0.0
22122,22123,production,0.608
22123,22124,production,0.144
22124,22125,production,0.0921
22125,22126,production,0.2834
22126,22127,production,0.5224
22127,22128,production,0.0
22128,22129,production,0.5721
22129,22130,production,0.5721
22130,22131,production,0.4279
22131,22132,production,0.9737
22132,22133,production,1.0
22133,22134,production,0.5387
22134,22135,production,0.4825
22135,22136,production,0.5001
22136,22137,production,0.4597
22137,22138,production,0.503
22138,22139,production,0.518
22139,22140,production,0.3509
22140,22141,production,0.5077
22141,22142,production,0.5037
22142,22143,production,0.6414
22143,22144,production,0.4396
22144,22145,production,0.4525
22145,22146,production,0.5597
22146,22147,production,0.7272
22147,22148,production,0.6973
22148,22149,production,0.5166
22149,22150,production,0.7009
22150,22151,production,0.6109
22151,22152,production,0.783
22152,22153,production,0.5289
22153,22154,production,0.7608
22154,22155,production,0.0
22155,22156,production,0.6719
22156,22157,production,0.6805
22157,22158,production,0.6541
22158,22159,production,0.6391
22159,22160,production,0.6312
22160,22161,production,0.0
22161,22162,production,0.0
22162,22163,production,0.0
22163,22164,production,0.0
22164,22165,production,0.5
22165,22166,production,0.5
22166,22167,production,0.2185
22167,22168,production,0.2556
22168,22169,production,0.2618
22169,22170,production,0.2577
22170,22171,production,0.2144
22171,22172,production,0.2329
22172,22173,production,0.8392
22173,22174,production,0.8434
22174,22175,production,0.833
22175,22176,production,0.8557
22176,22177,production,0.7694
22177,22178,production,0.8002
22178,22179,production,0.7707
22179,22180,production,0.8065
22180,22181,production,0.6477
22181,22182,production,0.6887
22182,22183,production,0.6285
22183,22184,production,0.5265
22184,22185,production,0.0667
22185,22186,production,1.0
22186,22187,production,1.0
22187,22188,production,1.0
22188,22189,production,1.0
22189,22190,production,1.0
22190,22191,production,0.0
22191,22192,production,0.0
22192,22193,production,0.3049
22193,22194,production,0.4953
22194,22195,production,0.5699
22195,22196,production,0.5699
22196,22197,production,0.5699
22197,22198,production,0.5699
22198,22199,production,0.4301
22199,22200,production,0.4301
22200,22201,production,0.6839
22201,22202,production,0.8126
22202,22203,production,0.9734
22203,22204,production,1.0
22204,22205,production,1.0
22205,22206,production,1.0
22206,22207,production,0.0
22207,22208,production,0.0
22208,22209,production,0.7523
22209,22210,production,0.0
22210,22211,production,0.0308
22211,22212,production,0.695
22212,22213,production,0.7189
22213,22214,production,0.6028
22214,22215,production,0.6789
22215,22216,production,0.783
22216,22217,production,0.4424
22217,22218,production,0.7159
22218,22219,production,0.6989
22219,22220,production,0.6644
22220,22221,production,0.6956
22221,22222,production,0.7325
22222,22223,production,0.7095
22223,22224,production,0.1125
22224,22225,production,0.0577
22225,22226,production,0.8778
22226,22227,production,0.0
22227,22228,production,0.5161
22228,22229,production,0.9062
22229,22230,production,0.7065
22230,22231,production,0.5791
22231,22232,production,0.4187
22232,22233,production,0.3403
22233,22234,production,0.5981
22234,22235,production,0.6812
22235,22236,production,0.5699
22236,22237,production,0.7552
22237,22238,production,0.6182
22238,22239,production,0.3813
22239,22240,production,0.4151
22240,22241,production,0.4979
22241,22242,production,0.4936
22242,22243,production,0.9014
22243,22244,production,0.5558
22244,22245,production,0.6034
22245,22246,production,0.7002
22246,22247,production,0.919
22247,22248,production,0.8568
22248,22249,production,0.5432
22249,22250,production,0.6166
22250,22251,production,0.5935
22251,22252,production,0.4709
22252,22253,production,0.7264
22253,22254,production,0.5987
22254,22255,production,0.3557
22255,22256,production,0.6526
22256,22257,production,0.1985
22257,22258,production,0.1985
22258,22259,production,0.1985
22259,22260,production,0.1985
22260,22261,production,0.0
22261,22262,production,0.0
22262,22263,production,0.0
22263,22264,production,0.2004
22264,22265,production,0.2002
22265,22266,production,0.1981
22266,22267,production,0.0
22267,22268,production,0.0
22268,22269,production,0.0
22269,22270,production,0.0
22270,22271,production,0.0
22271,22272,production,0.0
22272,22273,production,0.0
22273,22274,production,0.0
22274,22275,production,0.1542
22275,22276,production,0.6738
22276,22277,production,0.5668
22277,22278,production,0.4287
22278,22279,production,0.6184
22279,22280,production,0.7378
22280,22281,production,0.5608
22281,22282,production,0.6588
22282,22283,production,0.6656
22283,22284,production,0.6969
22284,22285,production,0.7458
22285,22286,production,0.8463
22286,22287,production,0.8005
22287,22288,production,0.7884
22288,22289,production,0.6463
22289,22290,production,0.6986
22290,22291,production,0.733
22291,22292,production,0.77
22292,22293,production,0.0
22293,22294,production,0.0
22294,22295,production,0.44
22295,22296,production,0.0
22296,22297,production,0.0319
22297,22298,production,0.0
22298,22299,production,0.0
22299,22300,production,0.5043
22300,22301,production,0.5308
22301,22302,production,0.0761
22302,22303,production,0.0761
22303,22304,production,0.4344
22304,22305,production,0.2359
22305,22306,production,0.9098
22306,22307,production,0.9187
22307,22308,production,0.9304
22308,22309,production,0.9255
22309,22310,production,0.3696
22310,22311,production,0.2275
22311,22312,production,0.4531
22312,22313,production,0.5148
22313,22314,production,1.0
22314,22315,production,1.0
22315,22316,production,1.0
22316,22317,production,0.65
22317,22318,production,0.6726
22318,22319,production,0.7871
22319,22320,production,0.8429
22320,22321,production,0.9449
22321,22322,production,0.0
22322,22323,production,0.373
22323,22324,production,0.3687
22324,22325,production,0.3846
22325,22326,production,0.3905
22326,22327,production,1.0
22327,22328,production,1.0
22328,22329,production,1.0
22329,22330,production,0.9897
22330,22331,production,0.6769
22331,22332,production,0.6029
22332,22333,production,0.0999
22333,22334,production,0.7023
22334,22335,production,0.7631
22335,22336,production,0.8318
22336,22337,production,0.7596
22337,22338,production,0.7405
22338,22339,production,0.7669
22339,22340,production,0.7641
22340,22341,production,0.2803
22341,22342,production,0.3319
22342,22343,production,0.9194
22343,22344,production,0.282
22344,22345,production,0.0
22345,22346,production,0.0
22346,22347,production,0.0
22347,22348,production,0.0
22348,22349,production,0.0
22349,22350,production,0.0
22350,22351,production,0.0
22351,22352,production,0.0
22352,22353,production,0.0
22353,22354,production,0.0
22354,22355,production,0.0
22355,22356,production,0.0513
22356,22357,production,0.0513
22357,22358,production,0.0513
22358,22359,production,0.0513
22359,22360,production,0.0513
22360,22361,production,0.0513
22361,22362,production,0.0513
22362,22363,production,0.0513
22363,22364,production,0.0513
22364,22365,production,0.7305
22365,22366,production,0.0
22366,22367,production,1.0
22367,22368,production,0.0
22368,22369,production,0.9273
22369,22370,production,0.3513
22370,22371,production,0.383
22371,22372,production,0.4781
22372,22373,production,0.4248
22373,22374,production,0.5441
22374,22375,production,0.4214
22375,22376,production,0.3949
22376,22377,production,0.3992
22377,22378,production,0.4155
22378,22379,production,0.4053
22379,22380,production,1.0
22380,22381,production,1.0
22381,22382,production,1.0
22382,22383,production,0.4111
22383,22384,production,0.0
22384,22385,production,0.0
22385,22386,production,0.0
22386,22387,production,0.0
22387,22388,production,0.0
22388,22389,production,0.0
22389,22390,production,0.5083
22390,22391,production,0.4836
22391,22392,production,0.4431
22392,22393,production,0.0722
22393,22394,production,0.5463
22394,22395,production,0.5454
22395,22396,production,0.5381
22396,22397,production,0.5457
22397,22398,production,0.5399
22398,22399,production,0.5431
22399,22400,production,0.0
22400,22401,production,0.0
22401,22402,production,0.0
22402,22403,production,0.0
22403,22404,production,0.6923
22404,22405,production,0.6257
22405,22406,production,0.6321
22406,22407,production,0.6286
22407,22408,production,0.6479
22408,22409,production,0.6509
22409,22410,production,0.6351
22410,22411,production,0.6301
22411,22412,production,0.6326
22412,22413,production,0.6266
22413,22414,production,0.6265
22414,22415,production,0.619
22415,22416,production,0.6254
22416,22417,production,0.6009
22417,22418,production,0.2817
22418,22419,production,0.2092
22419,22420,production,0.4372
22420,22421,production,0.4199
22421,22422,production,0.4547
22422,22423,production,0.4518
22423,22424,production,0.0
22424,22425,production,0.0
22425,22426,production,0.0
22426,22427,production,0.0
22427,22428,production,0.0
22428,22429,production,0.0
22429,22430,production,0.0
22430,22431,production,0.0
22431,22432,production,0.0
22432,22433,production,0.0
22433,22434,production,0.0
22434,22435,production,0.0
22435,22436,production,0.0
22436,22437,production,0.0
22437,22438,production,0.0
22438,22439,production,0.0
22439,22440,production,0.0
22440,22441,production,0.0
22441,22442,production,0.0
22442,22443,production,0.0
22443,22444,production,0.0
22444,22445,production,0.0
22445,22446,production,0.0
22446,22447,production,0.0
22447,22448,production,0.0
22448,22449,production,0.0
22449,22450,production,0.0
22450,22451,production,0.0
22451,22452,production,0.0
22452,22453,production,0.0
22453,22454,production,0.0
22454,22455,production,0.0
22455,22456,production,0.0
22456,22457,production,0.6768
22457,22458,production,0.6322
22458,22459,production,0.5813
22459,22460,production,0.6618
22460,22461,production,0.0
22461,22462,production,0.0
22462,22463,production,0.0
22463,22464,production,0.0
22464,22465,production,0.5163
22465,22466,production,0.5409
22466,22467,production,0.641
22467,22468,production,0.6314
22468,22469,production,0.6224
22469,22470,production,0.6091
22470,22471,production,0.4834
22471,22472,production,0.4266
22472,22473,production,0.4207
22473,22474,production,0.422
22474,22475,production,0.4015
22475,22476,production,0.5616
22476,22477,production,0.5338
22477,22478,production,0.5834
22478,22479,production,0.6201
22479,22480,production,0.5721
22480,22481,production,0.6981
22481,22482,production,0.7305
22482,22483,production,0.7305
22483,22484,production,0.6909
22484,22485,production,0.6066
22485,22486,production,0.8663
22486,22487,production,0.9329
22487,22488,production,0.9329
22488,22489,production,0.9668
22489,22490,production,1.0
22490,22491,production,0.9746
22491,22492,production,0.9749
22492,22493,production,0.9619
22493,22494,production,0.9761
22494,22495,production,1.0
22495,22496,production,1.0
22496,22497,production,0.954
22497,22498,production,0.7886
22498,22499,production,0.766
22499,22500,production,0.8521
22500,22501,production,0.826
22501,22502,production,0.8482
22502,22503,production,0.8319
22503,22504,production,0.826
22504,22505,production,0.8395
22505,22506,production,1.0
22506,22507,production,0.8314
22507,22508,production,0.8243
22508,22509,production,0.8745
22509,22510,production,0.8953
22510,22511,production,0.8519
22511,22512,production,0.7959
22512,22513,production,0.852
22513,22514,production,0.8305
22514,22515,production,1.0
22515,22516,production,0.5684
22516,22517,production,0.0
22517,22518,production,0.0
22518,22519,production,0.7254
22519,22520,production,0.5992
22520,22521,production,0.2736
22521,22522,production,0.912
22522,22523,production,0.7932
22523,22524,production,0.1485
22524,22525,production,1.0
22525,22526,production,0.0291
22526,22527,production,0.0
22527,22528,production,0.0291
22528,22529,production,0.0
22529,22530,production,0.4306
22530,22531,production,0.5052
22531,22532,production,0.4802
22532,22533,production,0.4924
22533,22534,production,0.0282
22534,22535,production,0.1436
22535,22536,production,0.2746
22536,22537,production,0.1535
22537,22538,production,0.5641
22538,22539,production,0.0
22539,22540,production,0.0
22540,22541,production,0.6216
22541,22542,production,0.0
22542,22543,production,0.0
22543,22544,production,0.7749
22544,22545,production,0.7749
22545,22546,production,0.8054
22546,22547,production,0.7878
22547,22548,production,0.6668
22548,22549,production,0.6977
22549,22550,production,0.6376
22550,22551,production,0.6889
22551,22552,production,0.6923
22552,22553,production,0.6772
22553,22554,production,0.6113
22554,22555,production,0.6619
22555,22556,production,0.7009
22556,22557,production,0.5156
22557,22558,production,0.7479
22558,22559,production,0.5156
22559,22560,production,0.5156
22560,22561,production,0.6064
22561,22562,production,0.7073
22562,22563,production,0.5156
22563,22564,production,0.5156
22564,22565,production,0.5156
22565,22566,production,0.5156
22566,22567,production,0.6587
22567,22568,production,0.0
22568,22569,production,0.0502
22569,22570,production,0.0502
22570,22571,production,0.0502
22571,22572,production,0.2342
22572,22573,production,1.0
22573,22574,production,0.7333
22574,22575,production,0.2292
22575,22576,production,0.225
22576,22577,production,0.2208
22577,22578,production,0.1625
22578,22579,production,0.2625
22579,22580,production,0.2125
22580,22581,production,0.1792
22581,22582,production,0.2333
22582,22583,production,0.1833
22583,22584,production,0.1583
22584,22585,production,0.1708
22585,22586,production,0.2542
22586,22587,production,0.1667
22587,22588,production,0.2583
22588,22589,production,0.0
22589,22590,production,0.6524
22590,22591,production,0.6939
22591,22592,production,0.6485
22592,22593,production,0.608
22593,22594,production,0.7254
22594,22595,production,0.7087
22595,22596,production,0.6465
22596,22597,production,0.593
22597,22598,production,0.4321
22598,22599,production,0.0
22599,22600,production,0.0
22600,22601,production,0.3356
22601,22602,production,0.3985
22602,22603,production,0.5487
22603,22604,production,0.4933
22604,22605,production,0.5787
22605,22606,production,0.6123
22606,22607,production,0.5944
22607,22608,production,0.5692
22608,22609,production,0.3837
22609,22610,production,0.4549
22610,22611,production,0.4829
22611,22612,production,0.4285
22612,22613,production,0.4569
22613,22614,production,0.618
22614,22615,production,0.5335
22615,22616,production,0.0
22616,22617,production,0.0
22617,22618,production,0.0
22618,22619,production,0.0
22619,22620,production,0.0
22620,22621,production,0.6336
22621,22622,production,0.6264
22622,22623,production,0.6512
22623,22624,production,0.5988
22624,22625,production,0.5543
22625,22626,production,0.6104
22626,22627,production,0.6256
22627,22628,production,0.6557
22628,22629,production,0.6528
22629,22630,production,0.6373
22630,22631,production,0.6686
22631,22632,production,0.6686
22632,22633,production,0.6686
22633,22634,production,0.6686
22634,22635,production,0.6686
22635,22636,production,0.6686
22636,22637,production,0.6686
22637,22638,production,0.6686
22638,22639,production,0.6686
22639,22640,production,0.6686
22640,22641,production,0.3396
22641,22642,production,0.3728
22642,22643,production,0.3104
22643,22644,production,0.2459
22644,22645,production,0.2143
22645,22646,production,0.2016
22646,22647,production,0.3574
22647,22648,production,0.3744
22648,22649,production,0.2143
22649,22650,production,0.1204
22650,22651,production,0.0
22651,22652,production,0.0
22652,22653,production,0.0
22653,22654,production,0.0
22654,22655,production,0.0
22655,22656,production,0.0
22656,22657,production,0.0
22657,22658,production,0.0
22658,22659,production,0.0
22659,22660,production,0.4528
22660,22661,production,0.5966
22661,22662,production,0.1431
22662,22663,production,0.697
22663,22664,production,0.7363
22664,22665,production,0.7183
22665,22666,production,0.8305
22666,22667,production,0.8783
22667,22668,production,0.8947
22668,22669,production,0.9493
22669,22670,production,0.8427
22670,22671,production,0.0
22671,22672,production,0.0
22672,22673,production,0.598
22673,22674,production,0.0
22674,22675,production,0.428
22675,22676,production,0.577
22676,22677,production,0.598
22677,22678,production,0.598
22678,22679,production,0.0
22679,22680,production,0.428
22680,22681,production,0.577
22681,22682,production,0.598
22682,22683,production,0.598
22683,22684,production,0.0
22684,22685,production,0.0
22685,22686,production,0.0
22686,22687,production,0.1608
22687,22688,production,0.5092
22688,22689,production,0.4181
22689,22690,production,0.3646
22690,22691,production,0.3134
22691,22692,production,0.289
22692,22693,production,0.2875
22693,22694,production,0.0
22694,22695,production,0.0
22695,22696,production,0.0
22696,22697,production,0.7609
22697,22698,production,0.4908
22698,22699,production,0.5035
22699,22700,production,0.4939
22700,22701,production,0.4938
22701,22702,production,0.4864
22702,22703,production,0.5111
22703,22704,production,0.4937
22704,22705,production,0.5106
22705,22706,production,0.5101
22706,22707,production,0.5046
22707,22708,production,0.4964
22708,22709,production,0.4839
22709,22710,production,0.8584
22710,22711,production,0.8087
22711,22712,production,1.0
22712,22713,production,1.0
22713,22714,production,0.2655
22714,22715,production,0.159
22715,22716,production,0.3308
22716,22717,production,0.5965
22717,22718,production,0.5635
22718,22719,production,1.0
22719,22720,production,1.0
22720,22721,production,1.0
22721,22722,production,0.0
22722,22723,production,0.0
22723,22724,production,0.1929
22724,22725,production,0.2724
22725,22726,production,0.6313
22726,22727,production,0.6344
22727,22728,production,0.6344
22728,22729,production,0.6344
22729,22730,production,0.6344
22730,22731,production,0.6344
22731,22732,production,0.0761
22732,22733,production,0.0761
22733,22734,production,0.3451
22734,22735,production,0.7057
22735,22736,production,0.7106
22736,22737,production,0.7106
22737,22738,production,0.7106
22738,22739,production,0.7106
22739,22740,production,0.7106
22740,22741,production,0.3656
22741,22742,production,0.3656
22742,22743,production,0.6464
22743,22744,production,0.9893
22744,22745,production,1.0
22745,22746,production,1.0
22746,22747,production,1.0
22747,22748,production,1.0
22748,22749,production,1.0
22749,22750,production,0.5794
22750,22751,production,0.9161
22751,22752,production,0.3151
22752,22753,production,0.2833
22753,22754,production,0.2689
22754,22755,production,0.4184
22755,22756,production,0.2611
22756,22757,production,0.2346
22757,22758,production,0.1969
22758,22759,production,0.2192
22759,22760,production,0.0
22760,22761,production,0.9503
22761,22762,production,1.0
22762,22763,production,0.7051
22763,22764,production,0.5211
22764,22765,production,0.5211
22765,22766,production,0.6404
22766,22767,production,0.0
22767,22768,production,0.1538
22768,22769,production,0.3077
22769,22770,production,0.2564
22770,22771,production,0.5641
22771,22772,production,0.5641
22772,22773,production,0.4615
22773,22774,production,0.3077
22774,22775,production,0.359
22775,22776,production,0.359
22776,22777,production,0.359
22777,22778,production,0.359
22778,22779,production,0.4103
22779,22780,production,0.4615
22780,22781,production,0.4103
22781,22782,production,0.4103
22782,22783,production,0.4615
22783,22784,production,0.4103
22784,22785,production,0.0
22785,22786,production,1.0
22786,22787,production,0.5817
22787,22788,production,1.0
22788,22789,production,0.932
22789,22790,production,0.2544
22790,22791,production,0.7557
22791,22792,production,0.0
22792,22793,production,0.0
22793,22794,production,0.0
22794,22795,production,0.0
22795,22796,production,0.0
22796,22797,production,0.0
22797,22798,production,0.0
22798,22799,production,0.0
22799,22800,production,0.0
22800,22801,production,0.0
22801,22802,production,0.0
22802,22803,production,0.0
22803,22804,production,0.0
22804,22805,production,0.0
22805,22806,production,0.0
22806,22807,production,0.0
22807,22808,production,0.0
22808,22809,production,0.0
22809,22810,production,0.0
22810,22811,production,0.0
22811,22812,production,0.0
22812,22813,production,0.0
22813,22814,production,0.0
22814,22815,production,0.0
22815,22816,production,0.0
22816,22817,production,0.0
22817,22818,production,0.0
22818,22819,production,0.0
22819,22820,production,0.0
22820,22821,production,0.0
22821,22822,production,0.0
22822,22823,production,0.0
22823,22824,production,0.0
22824,22825,production,0.2588
22825,22826,production,0.2628
22826,22827,production,0.2694
22827,22828,production,0.2412
22828,22829,production,0.8373
22829,22830,production,0.8654
22830,22831,production,0.8792
22831,22832,production,0.8836
22832,22833,production,0.907
22833,22834,production,0.3014
22834,22835,production,0.6222
22835,22836,production,0.6954
22836,22837,production,0.7071
22837,22838,production,0.4158
22838,22839,production,0.5993
22839,22840,production,0.5422
22840,22841,production,0.5247
22841,22842,production,0.5036
22842,22843,production,0.4901
22843,22844,production,0.3636
22844,22845,production,0.5203
22845,22846,production,0.5025
22846,22847,production,0.4894
22847,22848,production,0.4153
22848,22849,production,0.3593
22849,22850,production,0.6565
22850,22851,production,0.6373
22851,22852,production,0.6584
22852,22853,production,0.0
22853,22854,production,0.0
22854,22855,production,0.0
22855,22856,production,0.0
22856,22857,production,0.0
22857,22858,production,0.1756
22858,22859,production,0.1524
22859,22860,production,0.0
22860,22861,production,0.0
22861,22862,production,0.1789
22862,22863,production,0.0
22863,22864,production,0.0
22864,22865,production,0.0
22865,22866,production,0.0
22866,22867,production,0.0
22867,22868,production,0.0
22868,22869,production,0.0
22869,22870,production,0.6631
22870,22871,production,0.6587
22871,22872,production,0.6092
22872,22873,production,0.7364
22873,22874,production,0.843
22874,22875,production,0.6873
22875,22876,production,0.4989
22876,22877,production,0.484
22877,22878,production,0.4798
22878,22879,production,0.8388
22879,22880,production,0.0
22880,22881,production,0.0
22881,22882,production,0.5053
22882,22883,production,0.5387
22883,22884,production,0.4995
22884,22885,production,0.5186
22885,22886,production,0.4947
22886,22887,production,0.5269
22887,22888,production,0.5163
22888,22889,production,0.6005
22889,22890,production,0.5264
22890,22891,production,0.5087
22891,22892,production,0.5209
22892,22893,production,0.5039
22893,22894,production,0.5313
22894,22895,production,0.5678
22895,22896,production,0.6032
22896,22897,production,0.2742
22897,22898,production,0.1657
22898,22899,production,0.1515
22899,22900,production,0.1845
22900,22901,production,0.3036
22901,22902,production,0.3296
22902,22903,production,0.1357
22903,22904,production,0.3718
22904,22905,production,0.5204
22905,22906,production,0.526
22906,22907,production,0.5087
22907,22908,production,0.5024
22908,22909,production,0.526
22909,22910,production,0.5087
22910,22911,production,0.5552
22911,22912,production,0.6211
22912,22913,production,0.895
22913,22914,production,0.0
22914,22915,production,0.0
22915,22916,production,0.0
22916,22917,production,0.2608
22917,22918,production,0.384
22918,22919,production,0.5278
22919,22920,production,0.0093
22920,22921,production,0.0093
22921,22922,production,0.0093
22922,22923,production,0.2701
22923,22924,production,0.3933
22924,22925,production,0.5371
22925,22926,production,0.0
22926,22927,production,0.0
22927,22928,production,0.0
22928,22929,production,0.2608
22929,22930,production,0.384
22930,22931,production,0.5278
22931,22932,production,0.6208
22932,22933,production,0.609
22933,22934,production,0.3462
22934,22935,production,0.6009
22935,22936,production,0.5193
22936,22937,production,0.5928
22937,22938,production,0.7422
22938,22939,production,0.3664
22939,22940,production,0.4696
22940,22941,production,0.4696
22941,22942,production,0.4696
22942,22943,production,0.4696
22943,22944,production,0.4696
22944,22945,production,0.4696
22945,22946,production,0.4696
22946,22947,production,0.4696
22947,22948,production,0.4696
22948,22949,production,0.4696
22949,22950,production,0.7306
22950,22951,production,0.7192
22951,22952,production,0.8646
22952,22953,production,0.9023
22953,22954,production,0.9012
22954,22955,production,0.4696
22955,22956,production,0.4696
22956,22957,production,0.4696
22957,22958,production,0.6423
22958,22959,production,0.6491
22959,22960,production,0.1375
22960,22961,production,0.1375
22961,22962,production,0.4296
22962,22963,production,0.8464
22963,22964,production,1.0
22964,22965,production,0.3026
22965,22966,production,1.0
22966,22967,production,1.0
22967,22968,production,0.1949
22968,22969,production,0.0
22969,22970,production,0.2041
22970,22971,production,0.0
22971,22972,production,0.0
22972,22973,production,0.0
22973,22974,production,0.0
22974,22975,production,0.0
22975,22976,production,0.0
22976,22977,production,0.0
22977,22978,production,0.0
22978,22979,production,0.0
22979,22980,production,0.0
22980,22981,production,0.0
22981,22982,production,0.4055
22982,22983,production,0.4071
22983,22984,production,0.4077
22984,22985,production,0.419
22985,22986,production,0.6637
22986,22987,production,0.6134
22987,22988,production,0.73
22988,22989,production,0.5926
22989,22990,production,0.5476
22990,22991,production,0.5036
22991,22992,production,0.4874
22992,22993,production,0.586
22993,22994,production,0.5221
22994,22995,production,0.3909
22995,22996,production,0.252
22996,22997,production,0.1546
22997,22998,production,0.1546
22998,22999,production,0.1546
22999,23000,production,0.0
23000,23001,production,0.2617
23001,23002,production,0.3449
23002,23003,production,0.4619
23003,23004,production,0.5313
23004,23005,production,0.4498
23005,23006,production,0.0
23006,23007,production,0.0
23007,23008,production,0.0
23008,23009,production,0.0
23009,23010,production,0.0
23010,23011,production,0.0
23011,23012,production,0.0
23012,23013,production,0.2615
23013,23014,production,0.0
23014,23015,production,0.8367
23015,23016,production,1.0
23016,23017,production,0.6872
23017,23018,production,0.8006
23018,23019,production,0.8006
23019,23020,production,0.8006
23020,23021,production,0.8006
23021,23022,production,0.7493
23022,23023,production,0.8006
23023,23024,production,0.8006
23024,23025,production,0.7237
23025,23026,production,0.7877
23026,23027,production,0.0
23027,23028,production,0.0
23028,23029,production,0.0
23029,23030,production,0.6743
23030,23031,production,0.6172
23031,23032,production,0.6831
23032,23033,production,0.6366
23033,23034,production,0.5784
23034,23035,production,0.6676
23035,23036,production,0.6406
23036,23037,production,0.6263
23037,23038,production,0.6395
23038,23039,production,0.6482
23039,23040,production,0.6296
23040,23041,production,0.655
23041,23042,production,0.6854
23042,23043,production,0.6143
23043,23044,production,0.6776
23044,23045,production,0.7413
23045,23046,production,0.7316
23046,23047,production,0.6474
23047,23048,production,0.6579
23048,23049,production,0.6744
23049,23050,production,0.6225
23050,23051,production,0.7696
23051,23052,production,0.979
23052,23053,production,0.3703
23053,23054,production,0.1044
23054,23055,production,0.3495
23055,23056,production,0.0
23056,23057,production,0.0
23057,23058,production,0.0
23058,23059,production,0.0
23059,23060,production,0.0
23060,23061,production,0.0
23061,23062,production,0.0
23062,23063,production,0.0
23063,23064,production,0.0
23064,23065,production,0.0
23065,23066,production,0.0
23066,23067,production,0.0
23067,23068,production,0.0
23068,23069,production,0.0
23069,23070,production,0.1667
23070,23071,production,0.9199
23071,23072,production,0.7342
23072,23073,production,0.774
23073,23074,production,0.8044
23074,23075,production,0.8741
23075,23076,production,0.4073
23076,23077,production,0.5609
23077,23078,production,0.7354
23078,23079,production,0.7246
23079,23080,production,0.7396
23080,23081,production,1.0
23081,23082,production,1.0
23082,23083,production,1.0
23083,23084,production,0.0
23084,23085,production,0.0
23085,23086,production,0.0
23086,23087,production,0.7167
23087,23088,production,0.7322
23088,23089,production,0.693
23089,23090,production,0.5643
23090,23091,production,0.6005
23091,23092,production,0.5782
23092,23093,production,0.5881
23093,23094,production,0.5881
23094,23095,production,0.4659
23095,23096,production,0.4978
23096,23097,production,0.4957
23097,23098,production,0.0
23098,23099,production,0.0
23099,23100,production,0.6067
23100,23101,production,0.0
23101,23102,production,0.5427
23102,23103,production,0.5876
23103,23104,production,0.6147
23104,23105,production,0.538
23105,23106,production,0.0509
23106,23107,production,0.4449
23107,23108,production,0.9522
23108,23109,production,0.5589
23109,23110,production,0.7299
23110,23111,production,0.6862
23111,23112,production,0.6899
23112,23113,production,0.1949
23113,23114,production,0.148
23114,23115,production,0.1431
23115,23116,production,0.0985
23116,23117,production,0.1561
23117,23118,production,0.1742
23118,23119,production,0.1377
23119,23120,production,0.1755
23120,23121,production,0.1081
23121,23122,production,0.1483
23122,23123,production,0.1333
23123,23124,production,0.1773
23124,23125,production,0.1257
23125,23126,production,0.1392
23126,23127,production,0.1917
23127,23128,production,0.1493
23128,23129,production,0.1102
23129,23130,production,0.1228
23130,23131,production,0.1756
23131,23132,production,0.1956
23132,23133,production,0.1862
23133,23134,production,0.1546
23134,23135,production,0.3862
23135,23136,production,0.3674
23136,23137,production,0.5089
23137,23138,production,0.6444
23138,23139,production,0.4802
23139,23140,production,0.4847
23140,23141,production,0.1469
23141,23142,production,0.0
23142,23143,production,0.693
23143,23144,production,0.691
23144,23145,production,0.6908
23145,23146,production,0.6663
23146,23147,production,0.0079
23147,23148,production,0.0
23148,23149,production,0.0
23149,23150,production,0.3747
23150,23151,production,0.408
23151,23152,production,0.4311
23152,23153,production,0.4509
23153,23154,production,0.5696
23154,23155,production,0.5824
23155,23156,production,0.5967
23156,23157,production,0.6015
23157,23158,production,0.6158
23158,23159,production,0.6424
23159,23160,production,0.3638
23160,23161,production,0.3536
23161,23162,production,0.3996
23162,23163,production,0.409
23163,23164,production,0.4488
23164,23165,production,0.5507
23165,23166,production,0.5679
23166,23167,production,0.5737
23167,23168,production,0.5947
23168,23169,production,0.6356
23169,23170,production,0.647
23170,23171,production,1.0
23171,23172,production,1.0
23172,23173,production,1.0
23173,23174,production,0.2134
23174,23175,production,0.032
23175,23176,production,0.5967
23176,23177,production,0.7314
23177,23178,production,0.7179
23178,23179,production,0.7069
23179,23180,production,0.6779
23180,23181,production,0.6314
23181,23182,production,0.6604
23182,23183,production,0.0
23183,23184,production,0.2564
23184,23185,production,0.0513
23185,23186,production,0.4615
23186,23187,production,0.6667
23187,23188,production,1.0
23188,23189,production,1.0
23189,23190,production,0.8718
23190,23191,production,0.2564
23191,23192,production,0.0
23192,23193,production,0.0804
23193,23194,production,0.0804
23194,23195,production,0.0804
23195,23196,production,0.507
23196,23197,production,0.507
23197,23198,production,0.507
23198,23199,production,0.507
23199,23200,production,0.507
23200,23201,production,0.507
23201,23202,production,0.2292
23202,23203,production,0.2331
23203,23204,production,0.6431
23204,23205,production,0.485
23205,23206,production,0.5588
23206,23207,production,0.2575
23207,23208,production,0.4108
23208,23209,production,0.3123
23209,23210,production,0.7303
23210,23211,production,0.7303
23211,23212,production,0.7303
23212,23213,production,0.7303
23213,23214,production,0.7314
23214,23215,production,0.7303
23215,23216,production,0.7303
23216,23217,production,0.7303
23217,23218,production,0.7426
23218,23219,production,0.8965
23219,23220,production,0.8508
23220,23221,production,0.8827
23221,23222,production,0.8457
23222,23223,production,1.0
23223,23224,production,0.4109
23224,23225,production,0.359
23225,23226,production,0.0
23226,23227,production,0.8313
23227,23228,production,0.7615
23228,23229,production,0.1533
23229,23230,production,0.2337
23230,23231,production,0.2567
23231,23232,production,0.201
23232,23233,production,0.2166
23233,23234,production,0.0245
23234,23235,production,0.0
23235,23236,production,0.0022
23236,23237,production,0.9258
23237,23238,production,0.6892
23238,23239,production,0.8865
23239,23240,production,0.7522
23240,23241,production,0.8111
23241,23242,production,0.87
23242,23243,production,0.8767
23243,23244,production,0.8068
23244,23245,production,0.8121
23245,23246,production,0.6331
23246,23247,production,0.6486
23247,23248,production,0.6497
23248,23249,production,0.6053
23249,23250,production,0.588
23250,23251,production,0.5631
23251,23252,production,0.7364
23252,23253,production,0.4743
23253,23254,production,0.3272
23254,23255,production,0.4632
23255,23256,production,0.5148
23256,23257,production,0.0
23257,23258,production,0.0
23258,23259,production,0.4657
23259,23260,production,0.9035
23260,23261,production,0.8547
23261,23262,production,1.0
23262,23263,production,1.0
23263,23264,production,0.7676
23264,23265,production,0.4831
23265,23266,production,1.0
23266,23267,production,0.8689
23267,23268,production,0.7701
23268,23269,production,1.0
23269,23270,production,1.0
23270,23271,production,0.7144
23271,23272,production,1.0
23272,23273,production,0.7068
23273,23274,production,0.571
23274,23275,production,0.6984
23275,23276,production,0.6334
23276,23277,production,0.6717
23277,23278,production,0.7107
23278,23279,production,0.3128
23279,23280,production,0.0
23280,23281,production,0.0
23281,23282,production,0.0
23282,23283,production,0.3152
23283,23284,production,0.7305
23284,23285,production,0.7305
23285,23286,production,0.7305
23286,23287,production,0.7305
23287,23288,production,0.7305
23288,23289,production,0.7305
23289,23290,production,0.7305
23290,23291,production,0.7305
23291,23292,production,0.7305
23292,23293,production,0.7305
23293,23294,production,0.6834
23294,23295,production,0.5854
23295,23296,production,0.655
23296,23297,production,0.6663
23297,23298,production,0.6724
23298,23299,production,0.6229
23299,23300,production,0.0
23300,23301,production,0.0
23301,23302,production,0.0563
23302,23303,production,0.6184
23303,23304,production,0.0664
23304,23305,production,0.5475
23305,23306,production,0.5234
23306,23307,production,0.5627
23307,23308,production,0.5804
23308,23309,production,0.5811
23309,23310,production,0.5175
23310,23311,production,0.5668
23311,23312,production,0.5257
23312,23313,production,0.6395
23313,23314,production,0.5973
23314,23315,production,0.4629
23315,23316,production,0.4383
23316,23317,production,0.496
23317,23318,production,0.509
23318,23319,production,0.4701
23319,23320,production,0.385
23320,23321,production,0.3786
23321,23322,production,0.4857
23322,23323,production,0.5791
23323,23324,production,0.5779
23324,23325,production,0.0
23325,23326,production,0.0
23326,23327,production,0.0
23327,23328,production,0.0
23328,23329,production,0.0
23329,23330,production,0.0
23330,23331,production,0.0
23331,23332,production,0.0
23332,23333,production,0.0
23333,23334,production,0.0
23334,23335,production,0.0
23335,23336,production,0.0
23336,23337,production,0.0
23337,23338,production,0.0
23338,23339,production,0.0
23339,23340,production,0.0
23340,23341,production,0.0
23341,23342,production,0.0
23342,23343,production,0.0
23343,23344,production,0.0
23344,23345,production,0.0
23345,23346,production,0.0
23346,23347,production,0.0
23347,23348,production,0.0
23348,23349,production,0.0
23349,23350,production,0.0
23350,23351,production,0.51
23351,23352,production,0.6218
23352,23353,production,0.5803
23353,23354,production,0.5793
23354,23355,production,0.582
23355,23356,production,0.4426
23356,23357,production,0.5964
23357,23358,production,0.4786
23358,23359,production,0.3875
23359,23360,production,0.586
23360,23361,production,0.5652
23361,23362,production,0.453
23362,23363,production,0.3889
23363,23364,production,0.2389
23364,23365,production,0.3889
23365,23366,production,0.3889
23366,23367,production,0.3889
23367,23368,production,0.3889
23368,23369,production,0.3889
23369,23370,production,0.3647
23370,23371,production,0.5659
23371,23372,production,0.6007
23372,23373,production,0.5873
23373,23374,production,0.5911
23374,23375,production,0.693
23375,23376,production,0.0
23376,23377,production,0.741
23377,23378,production,0.6593
23378,23379,production,0.6359
23379,23380,production,0.3917
23380,23381,production,0.0
23381,23382,production,0.7851
23382,23383,production,0.2887
23383,23384,production,0.642
23384,23385,production,0.1237
23385,23386,production,0.0
23386,23387,production,0.8971
23387,23388,production,0.8467
23388,23389,production,0.8773
23389,23390,production,0.8055
23390,23391,production,0.8089
23391,23392,production,0.8019
23392,23393,production,0.6558
23393,23394,production,0.6673
23394,23395,production,0.7353
23395,23396,production,0.6553
23396,23397,production,0.7401
23397,23398,production,0.8259
23398,23399,production,0.6943
23399,23400,production,0.7391
23400,23401,production,0.8695
23401,23402,production,0.8029
23402,23403,production,0.3045
23403,23404,production,0.6643
23404,23405,production,0.6495
23405,23406,production,0.6169
23406,23407,production,0.6199
23407,23408,production,0.0
23408,23409,production,0.0
23409,23410,production,0.0
23410,23411,production,0.0
23411,23412,production,0.0
23412,23413,production,0.0
23413,23414,production,0.0
23414,23415,production,0.0
23415,23416,production,0.0
23416,23417,production,0.0
23417,23418,production,0.0
23418,23419,production,0.0
23419,23420,production,0.0
23420,23421,production,0.0
23421,23422,production,0.0
23422,23423,production,0.0
23423,23424,production,0.0
23424,23425,production,0.0
23425,23426,production,0.0
23426,23427,production,0.0
23427,23428,production,0.359
23428,23429,production,0.3077
23429,23430,production,0.1026
23430,23431,production,0.1026
23431,23432,production,0.8013
23432,23433,production,0.8013
23433,23434,production,0.8115
23434,23435,production,1.0
23435,23436,production,0.9847
23436,23437,production,0.9847
23437,23438,production,0.8013
23438,23439,production,0.9246
23439,23440,production,0.9036
23440,23441,production,0.6405
23441,23442,production,0.7257
23442,23443,production,0.6509
23443,23444,production,0.6487
23444,23445,production,0.8154
23445,23446,production,0.5483
23446,23447,production,0.6954
23447,23448,production,0.5122
23448,23449,production,0.3969
23449,23450,production,0.5232
23450,23451,production,0.5244
23451,23452,production,0.5446
23452,23453,production,0.6184
23453,23454,production,0.5154
23454,23455,production,0.3855
23455,23456,production,0.5054
23456,23457,production,0.3094
23457,23458,production,0.0
23458,23459,production,0.0
23459,23460,production,0.0
23460,23461,production,0.0
23461,23462,production,1.0
23462,23463,production,0.4625
23463,23464,production,0.549
23464,23465,production,0.5263
23465,23466,production,0.7332
23466,23467,production,0.8537
23467,23468,production,0.5945
23468,23469,production,0.6011
23469,23470,production,0.5726
23470,23471,production,0.5894
23471,23472,production,0.5952
23472,23473,production,0.5834
23473,23474,production,0.3286
23474,23475,production,1.0
23475,23476,production,0.059
23476,23477,production,0.1672
23477,23478,production,0.0
23478,23479,production,0.5527
23479,23480,production,0.6782
23480,23481,production,0.6067
23481,23482,production,0.7259
23482,23483,production,0.6545
23483,23484,production,1.0
23484,23485,production,1.0
23485,23486,production,1.0
23486,23487,production,1.0
23487,23488,production,1.0
23488,23489,production,0.7305
23489,23490,production,0.7305
23490,23491,production,0.4982
23491,23492,production,0.4576
23492,23493,production,0.0
23493,23494,production,0.0
23494,23495,production,0.0
23495,23496,production,0.0
23496,23497,production,0.0
23497,23498,production,0.0
23498,23499,production,0.0
23499,23500,production,0.0
23500,23501,production,0.0
23501,23502,production,0.0
23502,23503,production,0.0
23503,23504,production,0.0
23504,23505,production,0.0
23505,23506,production,0.0
23506,23507,production,0.0
23507,23508,production,0.0
23508,23509,production,0.0
23509,23510,production,0.0
23510,23511,production,0.0
23511,23512,production,0.0
23512,23513,production,0.0
23513,23514,production,0.0
23514,23515,production,0.0
23515,23516,production,0.0
23516,23517,production,0.0
23517,23518,production,0.0
23518,23519,production,0.0
23519,23520,production,0.0
23520,23521,production,0.0
23521,23522,production,0.0
23522,23523,production,0.0
23523,23524,production,0.0
23524,23525,production,0.0
23525,23526,production,0.0
23526,23527,production,0.0
23527,23528,production,0.0
23528,23529,production,0.0
23529,23530,production,0.0
23530,23531,production,0.0
23531,23532,production,0.0
23532,23533,production,0.0
23533,23534,production,0.0
23534,23535,production,0.0
23535,23536,production,0.0
23536,23537,production,0.0
23537,23538,production,0.0
23538,23539,production,0.0
23539,23540,production,0.0
23540,23541,production,0.0
23541,23542,production,0.0
23542,23543,production,0.0
23543,23544,production,0.709
23544,23545,production,0.6229
23545,23546,production,0.6299
23546,23547,production,0.6317
23547,23548,production,0.5875
23548,23549,production,0.6124
23549,23550,production,0.6372
23550,23551,production,0.654
23551,23552,production,0.6317
23552,23553,production,0.7258
23553,23554,production,0.6448
23554,23555,production,0.6187
23555,23556,production,0.5708
23556,23557,production,0.3508
23557,23558,production,0.3563
23558,23559,production,0.2507
23559,23560,production,0.2544
23560,23561,production,0.2544
23561,23562,production,0.2684
23562,23563,production,0.2545
23563,23564,production,0.5699
23564,23565,production,0.4098
23565,23566,production,0.658
23566,23567,production,0.1799
23567,23568,production,0.3809
23568,23569,production,0.2215
23569,23570,production,0.7421
23570,23571,production,0.7421
23571,23572,production,0.7421
23572,23573,production,0.7421
23573,23574,production,0.0
23574,23575,production,0.5699
23575,23576,production,0.8787
23576,23577,production,0.6595
23577,23578,production,1.0
23578,23579,production,1.0
23579,23580,production,1.0
23580,23581,production,1.0
23581,23582,production,1.0
23582,23583,production,1.0
23583,23584,production,1.0
23584,23585,production,1.0
23585,23586,production,1.0
23586,23587,production,1.0
23587,23588,production,1.0
23588,23589,production,1.0
23589,23590,production,1.0
23590,23591,production,0.0
23591,23592,production,0.6737
23592,23593,production,0.7143
23593,23594,production,0.7078
23594,23595,production,0.665
23595,23596,production,0.3948
23596,23597,production,0.0
23597,23598,production,0.0
23598,23599,production,0.0
23599,23600,production,0.0
23600,23601,production,0.6403
23601,23602,production,0.7592
23602,23603,production,0.7452
23603,23604,production,0.7562
23604,23605,production,0.7547
23605,23606,production,0.1267
23606,23607,production,0.609
23607,23608,production,0.8959
23608,23609,production,0.8732
23609,23610,production,0.83
23610,23611,production,0.8548
23611,23612,production,0.8257
23612,23613,production,0.8246
23613,23614,production,0.8325
23614,23615,production,0.6519
23615,23616,production,0.8463
23616,23617,production,0.8231
23617,23618,production,0.8284
23618,23619,production,0.7799
23619,23620,production,0.7799
23620,23621,production,0.7799
23621,23622,production,0.7799
23622,23623,production,0.7799
23623,23624,production,0.7242
23624,23625,production,0.7637
23625,23626,production,0.7799
23626,23627,production,0.7799
23627,23628,production,0.7582
23628,23629,production,0.7663
23629,23630,production,0.7101
23630,23631,production,0.703
23631,23632,production,0.7156
23632,23633,production,0.6883
23633,23634,production,0.6783
23634,23635,production,0.6627
23635,23636,production,0.65
23636,23637,production,0.6396
23637,23638,production,0.6727
23638,23639,production,0.5835
23639,23640,production,0.8837
23640,23641,production,0.4432
23641,23642,production,0.6297
23642,23643,production,0.5397
23643,23644,production,0.7096
23644,23645,production,0.7364
23645,23646,production,0.799
23646,23647,production,0.4146
23647,23648,production,0.4644
23648,23649,production,0.5044
23649,23650,production,0.6489
23650,23651,production,0.6907
23651,23652,production,0.6489
23652,23653,production,0.4934
23653,23654,production,0.4032
23654,23655,production,0.4137
23655,23656,production,0.1834
23656,23657,production,0.1729
23657,23658,production,0.175
23658,23659,production,0.1735
23659,23660,production,0.1951
23660,23661,production,0.1795
23661,23662,production,0.1906
23662,23663,production,0.1729
23663,23664,production,0.1877
23664,23665,production,0.1812
23665,23666,production,0.297
23666,23667,production,0.4253
23667,23668,production,0.3961
23668,23669,production,0.6461
23669,23670,production,0.4922
23670,23671,production,0.1866
23671,23672,production,0.2037
23672,23673,production,0.19
23673,23674,production,0.1965
23674,23675,production,0.1993
23675,23676,production,0.1997
23676,23677,production,0.1225
23677,23678,production,0.1298
23678,23679,production,0.1236
23679,23680,production,0.1357
23680,23681,production,0.1313
23681,23682,production,0.134
23682,23683,production,0.0412
23683,23684,production,0.4361
23684,23685,production,0.6767
23685,23686,production,0.6969
23686,23687,production,0.5916
23687,23688,production,0.6377
23688,23689,production,0.7862
23689,23690,production,0.5481
23690,23691,production,0.1382
23691,23692,production,0.6105
23692,23693,production,0.5491
23693,23694,production,1.0
23694,23695,production,0.5348
23695,23696,production,0.6407
23696,23697,production,0.4632
23697,23698,production,0.3846
23698,23699,production,0.3517
23699,23700,production,0.4501
23700,23701,production,0.4655
23701,23702,production,0.4622
23702,23703,production,0.4032
23703,23704,production,0.3983
23704,23705,production,0.3534
23705,23706,production,0.3417
23706,23707,production,0.4484
23707,23708,production,0.4509
23708,23709,production,0.4499
23709,23710,production,0.4587
23710,23711,production,0.447
23711,23712,production,0.0796
23712,23713,production,0.0796
23713,23714,production,0.0796
23714,23715,production,0.6578
23715,23716,production,0.7718
23716,23717,production,0.7522
23717,23718,production,0.6971
23718,23719,production,0.8195
23719,23720,production,0.7235
23720,23721,production,0.3363
23721,23722,production,0.6184
23722,23723,production,0.3363
23723,23724,production,0.1191
23724,23725,production,0.3779
23725,23726,production,0.2561
23726,23727,production,0.2291
23727,23728,production,0.5347
23728,23729,production,0.0
23729,23730,production,0.0
23730,23731,production,0.0
23731,23732,production,0.0
23732,23733,production,0.0
23733,23734,production,0.0
23734,23735,production,0.0
23735,23736,production,0.0
23736,23737,production,0.0
23737,23738,production,0.0
23738,23739,production,0.0
23739,23740,production,0.0
23740,23741,production,0.0
23741,23742,production,0.0
23742,23743,production,0.0
23743,23744,production,0.0
23744,23745,production,0.0
23745,23746,production,0.0
23746,23747,production,0.0
23747,23748,production,0.0
23748,23749,production,0.7672
23749,23750,production,0.6414
23750,23751,production,0.3261
23751,23752,production,0.1139
23752,23753,production,0.0
23753,23754,production,0.0
23754,23755,production,0.6078
23755,23756,production,0.5211
23756,23757,production,0.4041
23757,23758,production,0.0
23758,23759,production,0.0
23759,23760,production,0.0
23760,23761,production,0.0
23761,23762,production,0.0
23762,23763,production,0.0
23763,23764,production,0.0
23764,23765,production,0.0
23765,23766,production,0.7271
23766,23767,production,0.7559
23767,23768,production,0.7429
23768,23769,production,0.2336
23769,23770,production,0.0
23770,23771,production,0.0
23771,23772,production,0.0
23772,23773,production,0.0
23773,23774,production,0.0
23774,23775,production,0.0
23775,23776,production,0.0
23776,23777,production,0.0
23777,23778,production,0.0
23778,23779,production,0.0
23779,23780,production,0.1664
23780,23781,production,0.2386
23781,23782,production,0.0
23782,23783,production,0.0
23783,23784,production,0.5116
23784,23785,production,0.487
23785,23786,production,0.4855
23786,23787,production,0.3314
23787,23788,production,0.6149
23788,23789,production,0.5431
23789,23790,production,0.5485
23790,23791,production,0.5842
23791,23792,production,0.5796
23792,23793,production,0.5569
23793,23794,production,0.5768
23794,23795,production,0.5845
23795,23796,production,0.5512
23796,23797,production,0.5411
23797,23798,production,0.1127
23798,23799,production,0.1121
23799,23800,production,0.2445
23800,23801,production,0.0884
23801,23802,production,0.92
23802,23803,production,0.1713
23803,23804,production,0.8602
23804,23805,production,0.8731
23805,23806,production,0.8369
23806,23807,production,0.8695
23807,23808,production,0.8478
23808,23809,production,0.8444
23809,23810,production,0.8707
23810,23811,production,0.8656
23811,23812,production,0.8682
23812,23813,production,0.8558
23813,23814,production,0.2077
23814,23815,production,0.2127
23815,23816,production,0.2276
23816,23817,production,0.2774
23817,23818,production,0.2939
23818,23819,production,0.3016
23819,23820,production,0.2362
23820,23821,production,0.2437
23821,23822,production,0.2283
23822,23823,production,0.2354
23823,23824,production,0.3506
23824,23825,production,0.268
23825,23826,production,0.1034
23826,23827,production,0.0
23827,23828,production,0.7207
23828,23829,production,0.001
23829,23830,production,0.1383
23830,23831,production,0.0864
23831,23832,production,0.0
23832,23833,production,0.1167
23833,23834,production,0.0
23834,23835,production,0.0
23835,23836,production,0.1567
23836,23837,production,0.0
23837,23838,production,0.0
23838,23839,production,0.0
23839,23840,production,0.0
23840,23841,production,0.0
23841,23842,production,0.1097
23842,23843,production,0.0
23843,23844,production,0.0
23844,23845,production,0.0
23845,23846,production,0.0
23846,23847,production,0.0
23847,23848,production,0.6657
23848,23849,production,0.0
23849,23850,production,0.6398
23850,23851,production,0.3585
23851,23852,production,0.0
23852,23853,production,0.0
23853,23854,production,0.0
23854,23855,production,0.0
23855,23856,production,0.4486
23856,23857,production,0.0
23857,23858,production,0.0
23858,23859,production,0.0
23859,23860,production,0.0708
23860,23861,production,0.0965
23861,23862,production,0.2881
23862,23863,production,0.3801
23863,23864,production,0.4872
23864,23865,production,0.4483
23865,23866,production,0.5181
23866,23867,production,0.5181
23867,23868,production,0.5181
23868,23869,production,0.5261
23869,23870,production,0.5261
23870,23871,production,0.5261
23871,23872,production,0.5261
23872,23873,production,0.5152
23873,23874,production,0.5152
23874,23875,production,0.5152
23875,23876,production,0.5152
23876,23877,production,0.2152
23877,23878,production,0.4886
23878,23879,production,0.2152
23879,23880,production,0.4886
23880,23881,production,0.6742
23881,23882,production,0.6742
23882,23883,production,0.6742
23883,23884,production,0.6742
23884,23885,production,0.6742
23885,23886,production,0.6742
23886,23887,production,0.6742
23887,23888,production,0.2314
23888,23889,production,0.1837
23889,23890,production,0.1627
23890,23891,production,0.5721
23891,23892,production,0.0
23892,23893,production,0.2462
23893,23894,production,0.1632
23894,23895,production,0.5721
23895,23896,production,0.0
23896,23897,production,0.0
23897,23898,production,0.0
23898,23899,production,0.5721
23899,23900,production,0.0
23900,23901,production,0.2312
23901,23902,production,0.1621
23902,23903,production,0.5721
23903,23904,production,0.0
23904,23905,production,0.2164
23905,23906,production,0.5817
23906,23907,production,0.4883
23907,23908,production,0.4557
23908,23909,production,0.4688
23909,23910,production,0.4424
23910,23911,production,0.479
23911,23912,production,0.1747
23912,23913,production,0.3629
23913,23914,production,0.1747
23914,23915,production,0.4334
23915,23916,production,0.6806
23916,23917,production,0.4255
23917,23918,production,0.6449
23918,23919,production,0.1588
23919,23920,production,0.1453
23920,23921,production,0.6134
23921,23922,production,0.6595
23922,23923,production,0.0
23923,23924,production,0.0
23924,23925,production,0.0
23925,23926,production,0.0
23926,23927,production,0.0
23927,23928,production,0.0
23928,23929,production,0.0
23929,23930,production,0.0
23930,23931,production,0.0
23931,23932,production,0.0
23932,23933,production,0.0
23933,23934,production,0.0
23934,23935,production,0.0
23935,23936,production,0.0
23936,23937,production,0.0
23937,23938,production,0.0
23938,23939,production,0.0
23939,23940,production,0.0
23940,23941,production,0.0
23941,23942,production,0.0
23942,23943,production,0.0
23943,23944,production,0.0
23944,23945,production,0.0
23945,23946,production,0.0
23946,23947,production,0.0
23947,23948,production,0.0
23948,23949,production,0.0
23949,23950,production,0.0
23950,23951,production,0.0
23951,23952,production,0.0
23952,23953,production,0.0
23953,23954,production,0.0
23954,23955,production,0.0
23955,23956,production,0.0
23956,23957,production,0.0
23957,23958,production,0.0
23958,23959,production,0.8259
23959,23960,production,0.5433
23960,23961,production,0.1097
23961,23962,production,0.335
23962,23963,production,0.6164
23963,23964,production,0.3746
23964,23965,production,0.3012
23965,23966,production,0.3841
23966,23967,production,1.0
23967,23968,production,0.4611
23968,23969,production,0.4418
23969,23970,production,0.6469
23970,23971,production,0.2145
23971,23972,production,0.1794
23972,23973,production,0.3328
23973,23974,production,0.5529
23974,23975,production,0.4154
23975,23976,production,0.4475
23976,23977,production,0.4472
23977,23978,production,0.4458
23978,23979,production,0.6046
23979,23980,production,0.2189
23980,23981,production,0.417
23981,23982,production,0.372
23982,23983,production,0.342
23983,23984,production,0.3956
23984,23985,production,0.3387
23985,23986,production,0.3047
23986,23987,production,0.3917
23987,23988,production,0.0
23988,23989,production,0.0
23989,23990,production,0.3869
23990,23991,production,0.0
23991,23992,production,1.0
23992,23993,production,1.0
23993,23994,production,0.6707
23994,23995,production,0.6369
23995,23996,production,0.6583
23996,23997,production,0.5558
23997,23998,production,0.9069
23998,23999,production,0.6799
23999,24000,production,0.8839
24000,24001,production,0.8331
24001,24002,production,0.7875
24002,24003,production,0.7144
24003,24004,production,0.4531
24004,24005,production,0.6029
24005,24006,production,0.6029
24006,24007,production,0.6029
24007,24008,production,0.6029
24008,24009,production,0.4013
24009,24010,production,0.3537
24010,24011,production,0.5699
24011,24012,production,0.5627
24012,24013,production,0.3294
24013,24014,production,0.4178
24014,24015,production,0.5699
24015,24016,production,0.385
24016,24017,production,0.5788
24017,24018,production,0.5788
24018,24019,production,0.5788
24019,24020,production,0.5788
24020,24021,production,0.5363
24021,24022,production,0.5788
24022,24023,production,0.0
24023,24024,production,0.0
24024,24025,production,0.0
24025,24026,production,0.0
24026,24027,production,0.0
24027,24028,production,0.0
24028,24029,production,0.0
24029,24030,production,0.0
24030,24031,production,0.0
24031,24032,production,0.0
24032,24033,production,0.0
24033,24034,production,0.0
24034,24035,production,0.0
24035,24036,production,0.0
24036,24037,production,0.0
24037,24038,production,0.0
24038,24039,production,0.0
24039,24040,production,0.0
24040,24041,production,0.0
24041,24042,production,0.0
24042,24043,production,0.0
24043,24044,production,0.0
24044,24045,production,0.0
24045,24046,production,0.0
24046,24047,production,0.0
24047,24048,production,0.0
24048,24049,production,0.0
24049,24050,production,0.0
24050,24051,production,0.8053
24051,24052,production,1.0
24052,24053,production,1.0
24053,24054,production,0.5817
24054,24055,production,0.8779
24055,24056,production,0.8556
24056,24057,production,0.7488
24057,24058,production,0.6343
24058,24059,production,0.5748
24059,24060,production,0.722
24060,24061,production,0.6666
24061,24062,production,0.0
24062,24063,production,0.8718
24063,24064,production,0.0
24064,24065,production,0.0
24065,24066,production,0.4321
24066,24067,production,0.7144
24067,24068,production,0.964
24068,24069,production,1.0
24069,24070,production,0.7144
24070,24071,production,0.7144
24071,24072,production,0.7144
24072,24073,production,0.0
24073,24074,production,0.4321
24074,24075,production,0.7144
24075,24076,production,0.964
24076,24077,production,1.0
24077,24078,production,0.7144
24078,24079,production,0.7144
24079,24080,production,0.7144
24080,24081,production,0.0
24081,24082,production,0.4321
24082,24083,production,0.7144
24083,24084,production,0.964
24084,24085,production,1.0
24085,24086,production,0.7144
24086,24087,production,0.7144
24087,24088,production,0.7144
24088,24089,production,0.0
24089,24090,production,0.4321
24090,24091,production,0.7144
24091,24092,production,0.964
24092,24093,production,1.0
24093,24094,production,0.7144
24094,24095,production,0.7144
24095,24096,production,0.7144
24096,24097,production,0.6269
24097,24098,production,0.0
24098,24099,production,0.8311
24099,24100,production,0.8512
24100,24101,production,0.0
24101,24102,production,0.3424
24102,24103,production,0.3154
24103,24104,production,0.4919
24104,24105,production,0.7946
24105,24106,production,0.9318
24106,24107,production,0.6896
24107,24108,production,0.9582
24108,24109,production,0.9809
24109,24110,production,0.9686
24110,24111,production,1.0
24111,24112,production,0.0
24112,24113,production,1.0
24113,24114,production,0.0
24114,24115,production,0.0
24115,24116,production,0.5917
24116,24117,production,0.025
24117,24118,production,0.0
24118,24119,production,0.0
24119,24120,production,0.0
24120,24121,production,0.3462
24121,24122,production,0.5436
24122,24123,production,0.0
24123,24124,production,0.2668
24124,24125,production,0.5849
24125,24126,production,0.5694
24126,24127,production,0.5904
24127,24128,production,0.0
24128,24129,production,0.0
24129,24130,production,0.0
24130,24131,production,0.5343
24131,24132,production,0.0
24132,24133,production,0.0
24133,24134,production,0.3941
24134,24135,production,0.3072
24135,24136,production,0.2573
24136,24137,production,0.2571
24137,24138,production,0.5176
24138,24139,production,0.4281
24139,24140,production,0.7435
24140,24141,production,0.0
24141,24142,production,0.0
24142,24143,production,0.0
24143,24144,production,0.0
24144,24145,production,0.0
24145,24146,production,0.0
24146,24147,production,0.0
24147,24148,production,0.0
24148,24149,production,0.0
24149,24150,production,0.0
24150,24151,production,0.4684
24151,24152,production,0.5145
24152,24153,production,0.1533
24153,24154,production,0.5145
24154,24155,production,0.5145
24155,24156,production,0.0
24156,24157,production,0.0
24157,24158,production,0.0
24158,24159,production,0.2984
24159,24160,production,0.3587
24160,24161,production,0.097
24161,24162,production,0.9731
24162,24163,production,0.2977
24163,24164,production,0.5946
24164,24165,production,0.626
24165,24166,production,0.553
24166,24167,production,0.6385
24167,24168,production,0.5903
24168,24169,production,0.5046
24169,24170,production,0.5217
24170,24171,production,0.62
24171,24172,production,0.5423
24172,24173,production,0.5193
24173,24174,production,0.6144
24174,24175,production,0.4995
24175,24176,production,0.8668
24176,24177,production,0.7446
24177,24178,production,0.6334
24178,24179,production,0.7006
24179,24180,production,0.6559
24180,24181,production,0.6524
24181,24182,production,0.6056
24182,24183,production,0.7266
24183,24184,production,0.8349
24184,24185,production,0.8232
24185,24186,production,0.8281
24186,24187,production,0.8606
24187,24188,production,0.8628
24188,24189,production,0.8631
24189,24190,production,0.8271
24190,24191,production,0.8254
24191,24192,production,0.8309
24192,24193,production,0.8588
24193,24194,production,0.8756
24194,24195,production,0.8474
24195,24196,production,0.6253
24196,24197,production,0.6824
24197,24198,production,0.7152
24198,24199,production,0.7501
24199,24200,production,0.7124
24200,24201,production,0.723
24201,24202,production,0.7501
24202,24203,production,0.7647
24203,24204,production,0.7466
24204,24205,production,0.7587
24205,24206,production,0.7725
24206,24207,production,0.7796
24207,24208,production,0.7617
24208,24209,production,0.8098
24209,24210,production,0.7094
24210,24211,production,0.5367
24211,24212,production,0.618
24212,24213,production,0.4963
24213,24214,production,0.7452
24214,24215,production,0.6761
24215,24216,production,0.7375
24216,24217,production,0.617
24217,24218,production,0.4698
24218,24219,production,0.5891
24219,24220,production,0.2923
24220,24221,production,0.6922
24221,24222,production,0.7835
24222,24223,production,0.7399
24223,24224,production,0.684
24224,24225,production,0.6193
24225,24226,production,0.6908
24226,24227,production,0.5388
24227,24228,production,0.7365
24228,24229,production,0.0
24229,24230,production,0.0
24230,24231,production,0.0
24231,24232,production,0.3199
24232,24233,production,0.0
24233,24234,production,0.0
24234,24235,production,0.341
24235,24236,production,0.3571
24236,24237,production,0.4629
24237,24238,production,0.3934
24238,24239,production,0.3977
24239,24240,production,0.5844
24240,24241,production,0.7179
24241,24242,production,0.1026
24242,24243,production,0.1538
24243,24244,production,0.4001
24244,24245,production,0.4855
24245,24246,production,0.5387
24246,24247,production,0.3785
24247,24248,production,0.5603
24248,24249,production,0.4764
24249,24250,production,0.4709
24250,24251,production,0.314
24251,24252,production,0.4112
24252,24253,production,0.3491
24253,24254,production,0.6713
24254,24255,production,0.6691
24255,24256,production,0.3369
24256,24257,production,0.7992
24257,24258,production,0.7602
24258,24259,production,0.7411
24259,24260,production,0.7675
24260,24261,production,0.7533
24261,24262,production,0.7465
24262,24263,production,0.6741
24263,24264,production,0.5868
24264,24265,production,0.6837
24265,24266,production,0.3789
24266,24267,production,0.7235
24267,24268,production,0.3363
24268,24269,production,0.66
24269,24270,production,0.3363
24270,24271,production,0.6334
24271,24272,production,0.5906
24272,24273,production,0.286
24273,24274,production,0.3452
24274,24275,production,0.0
24275,24276,production,0.3491
24276,24277,production,0.0
24277,24278,production,0.0
24278,24279,production,0.0
24279,24280,production,0.0
24280,24281,production,0.0
24281,24282,production,0.0
24282,24283,production,0.0
24283,24284,production,0.0
24284,24285,production,0.8783
24285,24286,production,0.2474
24286,24287,production,0.8141
24287,24288,production,0.8346
24288,24289,production,0.8787
24289,24290,production,0.9007
24290,24291,production,0.0
24291,24292,production,0.0
24292,24293,production,0.0
24293,24294,production,0.6965
24294,24295,production,0.7561
24295,24296,production,0.7185
24296,24297,production,0.6965
24297,24298,production,0.8013
24298,24299,production,0.7793
24299,24300,production,0.7185
24300,24301,production,0.6965
24301,24302,production,0.8013
24302,24303,production,0.7793
24303,24304,production,0.7185
24304,24305,production,0.6965
24305,24306,production,0.8013
24306,24307,production,0.7793
24307,24308,production,0.7185
24308,24309,production,0.6965
24309,24310,production,0.8013
24310,24311,production,0.7793
24311,24312,production,0.7185
24312,24313,production,0.6965
24313,24314,production,0.8013
24314,24315,production,0.7793
24315,24316,production,0.7185
24316,24317,production,0.6965
24317,24318,production,0.8013
24318,24319,production,0.4888
24319,24320,production,0.8237
24320,24321,production,0.1735
24321,24322,production,0.2401
24322,24323,production,0.5346
24323,24324,production,0.5721
24324,24325,production,0.6934
24325,24326,production,0.5558
24326,24327,production,0.5354
24327,24328,production,0.4214
24328,24329,production,0.5787
24329,24330,production,0.5485
24330,24331,production,0.6087
24331,24332,production,0.5736
24332,24333,production,0.3863
24333,24334,production,0.4897
24334,24335,production,0.4601
24335,24336,production,0.0
24336,24337,production,0.0
24337,24338,production,0.0
24338,24339,production,0.0
24339,24340,production,0.0
24340,24341,production,0.0
24341,24342,production,0.7016
24342,24343,production,0.8207
24343,24344,production,0.6204
24344,24345,production,1.0
24345,24346,production,1.0
24346,24347,production,0.8597
24347,24348,production,0.7026
24348,24349,production,0.0
24349,24350,production,1.0
24350,24351,production,0.0
24351,24352,production,0.0
24352,24353,production,0.0
24353,24354,production,0.0
24354,24355,production,0.446
24355,24356,production,0.0
24356,24357,production,0.4189
24357,24358,production,0.0
24358,24359,production,0.0
24359,24360,production,0.0
24360,24361,production,0.0
24361,24362,production,0.0
24362,24363,production,0.0
24363,24364,production,0.0
24364,24365,production,0.4759
24365,24366,production,0.2985
24366,24367,production,0.4499
24367,24368,production,0.4222
24368,24369,production,0.4208
24369,24370,production,0.0
24370,24371,production,0.0
24371,24372,production,0.0
24372,24373,production,0.0
24373,24374,production,0.0
24374,24375,production,0.0
24375,24376,production,0.0
24376,24377,production,0.0
24377,24378,production,0.0
24378,24379,production,0.0
24379,24380,production,0.0
24380,24381,production,0.0
24381,24382,production,0.0
24382,24383,production,0.0
24383,24384,production,0.0
24384,24385,production,0.0
24385,24386,production,0.0
24386,24387,production,0.0
24387,24388,production,0.0
24388,24389,production,0.0
24389,24390,production,0.0
24390,24391,production,0.0
24391,24392,production,0.0
24392,24393,production,0.0
24393,24394,production,0.0
24394,24395,production,0.0
24395,24396,production,0.0
24396,24397,production,0.0
24397,24398,production,0.0
24398,24399,production,0.0
24399,24400,production,0.0
24400,24401,production,0.0
24401,24402,production,0.0
24402,24403,production,0.0
24403,24404,production,0.0
24404,24405,production,0.0
24405,24406,production,0.0
24406,24407,production,0.0
24407,24408,production,0.0
24408,24409,production,0.0
24409,24410,production,0.0
24410,24411,production,0.0
24411,24412,production,0.0
24412,24413,production,0.0
24413,24414,production,0.0
24414,24415,production,0.0
24415,24416,production,0.0
24416,24417,production,0.0
24417,24418,production,0.446
24418,24419,production,0.0
24419,24420,production,0.4189
24420,24421,production,0.0
24421,24422,production,0.0
24422,24423,production,0.0
24423,24424,production,0.0
24424,24425,production,0.0
24425,24426,production,0.0
24426,24427,production,0.0
24427,24428,production,0.4108
24428,24429,production,0.3123
24429,24430,production,0.767
24430,24431,production,0.3875
24431,24432,production,0.3247
24432,24433,production,0.4379
24433,24434,production,0.3294
24434,24435,production,0.342
24435,24436,production,0.3198
24436,24437,production,0.3241
24437,24438,production,0.3198
24438,24439,production,0.3355
24439,24440,production,0.6095
24440,24441,production,0.3084
24441,24442,production,0.355
24442,24443,production,0.7269
24443,24444,production,0.7269
24444,24445,production,0.6996
24445,24446,production,0.7269
24446,24447,production,0.7565
24447,24448,production,0.6805
24448,24449,production,0.7055
24449,24450,production,0.7192
24450,24451,production,0.6185
24451,24452,production,0.0794
24452,24453,production,0.0
24453,24454,production,0.0
24454,24455,production,0.0
24455,24456,production,0.0
24456,24457,production,0.0
24457,24458,production,0.0
24458,24459,production,0.0
24459,24460,production,0.0
24460,24461,production,0.2418
24461,24462,production,0.2729
24462,24463,production,0.0
24463,24464,production,0.0
24464,24465,production,0.3983
24465,24466,production,0.0
24466,24467,production,0.0
24467,24468,production,0.0
24468,24469,production,0.0
24469,24470,production,0.0
24470,24471,production,0.0
24471,24472,production,0.0
24472,24473,production,0.369
24473,24474,production,0.3682
24474,24475,production,0.3511
24475,24476,production,0.3596
24476,24477,production,0.3595
24477,24478,production,0.3742
24478,24479,production,0.3532
24479,24480,production,0.3988
24480,24481,production,0.13
24481,24482,production,0.1867
24482,24483,production,0.2451
24483,24484,production,0.1327
24484,24485,production,0.3049
24485,24486,production,0.3967
24486,24487,production,0.3977
24487,24488,production,0.1473
24488,24489,production,0.7168
24489,24490,production,0.6966
24490,24491,production,0.1029
24491,24492,production,0.783
24492,24493,production,0.7659
24493,24494,production,0.6462
24494,24495,production,1.0
24495,24496,production,0.68
24496,24497,production,0.3896
24497,24498,production,0.6114
24498,24499,production,0.6145
24499,24500,production,0.5971
24500,24501,production,0.6119
24501,24502,production,0.0
24502,24503,production,0.0
24503,24504,production,0.0
24504,24505,production,0.0
24505,24506,production,0.0
24506,24507,production,0.0
24507,24508,production,0.0
24508,24509,production,0.6093
24509,24510,production,0.578
24510,24511,production,0.578
24511,24512,production,0.6136
24512,24513,production,0.3544
24513,24514,production,0.4323
24514,24515,production,0.7169
24515,24516,production,0.8683
24516,24517,production,0.7016
24517,24518,production,0.5984
24518,24519,production,0.6379
24519,24520,production,0.6293
24520,24521,production,0.7421
24521,24522,production,0.0
24522,24523,production,0.2554
24523,24524,production,0.6543
24524,24525,production,0.713
24525,24526,production,0.7305
24526,24527,production,0.3624
24527,24528,production,0.6732
24528,24529,production,0.7245
24529,24530,production,0.7305
24530,24531,production,0.0
24531,24532,production,0.0
24532,24533,production,0.6997
24533,24534,production,0.8116
24534,24535,production,0.5421
24535,24536,production,0.6692
24536,24537,production,0.7524
24537,24538,production,0.7525
24538,24539,production,0.7896
24539,24540,production,0.7132
24540,24541,production,0.7471
24541,24542,production,0.7594
24542,24543,production,0.7558
24543,24544,production,0.1109
24544,24545,production,0.1198
24545,24546,production,0.1279
24546,24547,production,0.1169
24547,24548,production,0.1235
24548,24549,production,0.1218
24549,24550,production,0.1176
24550,24551,production,0.1198
24551,24552,production,0.0
24552,24553,production,0.0
24553,24554,production,0.0
24554,24555,production,0.0
24555,24556,production,0.0
24556,24557,production,0.0
24557,24558,production,0.0
24558,24559,production,0.0
24559,24560,production,0.0
24560,24561,production,0.0
24561,24562,production,0.0
24562,24563,production,0.0
24563,24564,production,0.0
24564,24565,production,0.1207
24565,24566,production,0.0
24566,24567,production,0.0
24567,24568,production,0.0
24568,24569,production,0.1778
24569,24570,production,0.1824
24570,24571,production,0.1796
24571,24572,production,0.0
24572,24573,production,0.0
24573,24574,production,0.0
24574,24575,production,0.0
24575,24576,production,0.0
24576,24577,production,0.0
24577,24578,production,0.8075
24578,24579,production,0.6823
24579,24580,production,0.5211
24580,24581,production,0.8075
24581,24582,production,0.6394
24582,24583,production,0.5179
24583,24584,production,0.6308
24584,24585,production,0.3846
24585,24586,production,0.2359
24586,24587,production,0.2974
24587,24588,production,0.3846
24588,24589,production,0.4718
24589,24590,production,0.3897
24590,24591,production,0.3385
24591,24592,production,0.5333
24592,24593,production,0.2974
24593,24594,production,0.0
24594,24595,production,0.2913
24595,24596,production,0.2913
24596,24597,production,0.2913
24597,24598,production,0.2913
24598,24599,production,0.2913
24599,24600,production,0.2913
24600,24601,production,0.0948
24601,24602,production,0.6929
24602,24603,production,0.7906
24603,24604,production,0.6429
24604,24605,production,1.0
24605,24606,production,1.0
24606,24607,production,1.0
24607,24608,production,1.0
24608,24609,production,1.0
24609,24610,production,1.0
24610,24611,production,1.0
24611,24612,production,1.0
24612,24613,production,1.0
24613,24614,production,1.0
24614,24615,production,1.0
24615,24616,production,1.0
24616,24617,production,1.0
24617,24618,production,1.0
24618,24619,production,1.0
24619,24620,production,1.0
24620,24621,production,1.0
24621,24622,production,1.0
24622,24623,production,1.0
24623,24624,production,1.0
24624,24625,production,1.0
24625,24626,production,1.0
24626,24627,production,1.0
24627,24628,production,1.0
24628,24629,production,1.0
24629,24630,production,0.8326
24630,24631,production,1.0
24631,24632,production,1.0
24632,24633,production,1.0
24633,24634,production,0.7777
24634,24635,production,1.0
24635,24636,production,1.0
24636,24637,production,1.0
24637,24638,production,1.0
24638,24639,production,1.0
24639,24640,production,1.0
24640,24641,production,1.0
24641,24642,production,0.9715
24642,24643,production,1.0
24643,24644,production,1.0
24644,24645,production,1.0
24645,24646,production,1.0
24646,24647,production,0.8005
24647,24648,production,0.9078
24648,24649,production,1.0
24649,24650,production,1.0
24650,24651,production,1.0
24651,24652,production,0.5699
24652,24653,production,1.0
24653,24654,production,0.5202
24654,24655,production,0.5402
24655,24656,production,0.5562
24656,24657,production,0.5215
24657,24658,production,0.4781
24658,24659,production,0.5252
24659,24660,production,0.5252
24660,24661,production,0.5139
24661,24662,production,0.5585
24662,24663,production,0.6092
24663,24664,production,0.5756
24664,24665,production,0.712
24665,24666,production,0.6028
24666,24667,production,0.7594
24667,24668,production,0.5546
24668,24669,production,0.471
24669,24670,production,0.471
24670,24671,production,0.471
24671,24672,production,0.471
24672,24673,production,0.1667
24673,24674,production,0.1667
24674,24675,production,0.1667
24675,24676,production,0.1667
24676,24677,production,0.125
24677,24678,production,0.3516
24678,24679,production,0.3457
24679,24680,production,0.4691
24680,24681,production,0.1751
24681,24682,production,0.3337
24682,24683,production,0.3642
24683,24684,production,0.365
24684,24685,production,0.1886
24685,24686,production,0.1904
24686,24687,production,0.2567
24687,24688,production,0.0
24688,24689,production,0.0
24689,24690,production,0.0
24690,24691,production,0.0
24691,24692,production,0.3356
24692,24693,production,0.5631
24693,24694,production,0.514
24694,24695,production,0.4986
24695,24696,production,0.4295
24696,24697,production,0.5474
24697,24698,production,0.4278
24698,24699,production,0.2449
24699,24700,production,0.0
24700,24701,production,0.0
24701,24702,production,0.0
24702,24703,production,0.7694
24703,24704,production,0.2062
24704,24705,production,1.0
24705,24706,production,1.0
24706,24707,production,0.0
24707,24708,production,0.0
24708,24709,production,0.0
24709,24710,production,0.5192
24710,24711,production,0.8636
24711,24712,production,0.0
24712,24713,production,0.0
24713,24714,production,0.1954
24714,24715,production,0.0
24715,24716,production,0.0
24716,24717,production,0.0
24717,24718,production,0.079
24718,24719,production,0.0
24719,24720,production,0.0
24720,24721,production,0.0
24721,24722,production,0.0
24722,24723,production,0.0
24723,24724,production,0.0
24724,24725,production,0.0
24725,24726,production,0.0
24726,24727,production,0.0
24727,24728,production,0.1
24728,24729,production,0.0757
24729,24730,production,0.0
24730,24731,production,0.0907
24731,24732,production,0.0
24732,24733,production,0.0657
24733,24734,production,0.0731
24734,24735,production,0.091
24735,24736,production,0.0747
24736,24737,production,0.0884
24737,24738,production,0.0657
24738,24739,production,0.0757
24739,24740,production,0.1407
24740,24741,production,0.0775
24741,24742,production,0.1532
24742,24743,production,0.0
24743,24744,production,0.2578
24744,24745,production,0.0884
24745,24746,production,0.0988
24746,24747,production,1.0
24747,24748,production,1.0
24748,24749,production,1.0
24749,24750,production,0.9702
24750,24751,production,0.7305
24751,24752,production,0.7305
24752,24753,production,0.7305
24753,24754,production,0.7305
24754,24755,production,0.7305
24755,24756,production,0.7305
24756,24757,production,0.7305
24757,24758,production,0.7305
24758,24759,production,0.7305
24759,24760,production,0.7305
24760,24761,production,0.7305
24761,24762,production,0.7305
24762,24763,production,0.7305
24763,24764,production,0.7305
24764,24765,production,0.7305
24765,24766,production,0.7305
24766,24767,production,0.7305
24767,24768,production,0.7305
24768,24769,production,0.7305
24769,24770,production,0.7305
24770,24771,production,0.7305
24771,24772,production,0.7305
24772,24773,production,0.7305
24773,24774,production,0.7305
24774,24775,production,0.7305
24775,24776,production,0.4478
24776,24777,production,0.4549
24777,24778,production,0.4435
24778,24779,production,0.5094
24779,24780,production,0.504
24780,24781,production,0.5108
24781,24782,production,0.5007
24782,24783,production,0.4966
24783,24784,production,0.4946
24784,24785,production,0.9128
24785,24786,production,0.1938
24786,24787,production,0.7365
24787,24788,production,0.7906
24788,24789,production,0.3724
24789,24790,production,0.3866
24790,24791,production,0.4002
24791,24792,production,0.5785
24792,24793,production,0.4041
24793,24794,production,0.5566
24794,24795,production,0.6115
24795,24796,production,0.5328
24796,24797,production,0.416
24797,24798,production,0.7275
24798,24799,production,0.3481
24799,24800,production,0.5865
24800,24801,production,0.7242
24801,24802,production,0.609
24802,24803,production,0.6869
24803,24804,production,0.6511
24804,24805,production,0.7721
24805,24806,production,0.4873
24806,24807,production,0.6105
24807,24808,production,0.6538
24808,24809,production,0.6847
24809,24810,production,0.5203
24810,24811,production,0.7204
24811,24812,production,0.4886
24812,24813,production,0.2773
24813,24814,production,0.1561
24814,24815,production,0.3362
24815,24816,production,0.3862
24816,24817,production,0.866
24817,24818,production,0.3061
24818,24819,production,0.1968
24819,24820,production,0.275
24820,24821,production,0.1373
24821,24822,production,0.4447
24822,24823,production,0.4382
24823,24824,production,0.3942
24824,24825,production,0.4899
24825,24826,production,0.471
24826,24827,production,0.8013
24827,24828,production,0.1506
24828,24829,production,0.3262
24829,24830,production,0.6489
24830,24831,production,1.0
24831,24832,production,0.7278
24832,24833,production,0.719
24833,24834,production,0.7278
24834,24835,production,0.5183
24835,24836,production,0.7278
24836,24837,production,0.2892
24837,24838,production,1.0
24838,24839,production,0.4288
24839,24840,production,0.9749
24840,24841,production,0.4461
24841,24842,production,0.7699
24842,24843,production,0.7454
24843,24844,production,1.0
24844,24845,production,1.0
24845,24846,production,1.0
24846,24847,production,0.4293
24847,24848,production,0.4356
24848,24849,production,0.4296
24849,24850,production,0.4253
24850,24851,production,0.6513
24851,24852,production,0.4562
24852,24853,production,0.8469
24853,24854,production,0.8087
24854,24855,production,0.8316
24855,24856,production,0.7306
24856,24857,production,0.5721
24857,24858,production,0.3695
24858,24859,production,0.3656
24859,24860,production,0.5721
24860,24861,production,0.492
24861,24862,production,0.4503
24862,24863,production,0.4448
24863,24864,production,0.5721
24864,24865,production,0.3656
24865,24866,production,0.6417
24866,24867,production,0.5406
24867,24868,production,0.483
24868,24869,production,0.0971
24869,24870,production,0.1629
24870,24871,production,0.1251
24871,24872,production,0.1521
24872,24873,production,0.153
24873,24874,production,0.3988
24874,24875,production,0.4011
24875,24876,production,0.4024
24876,24877,production,0.4087
24877,24878,production,0.2865
24878,24879,production,0.3655
24879,24880,production,0.8077
24880,24881,production,0.7548
24881,24882,production,0.8401
24882,24883,production,0.8321
24883,24884,production,0.8122
24884,24885,production,0.7732
24885,24886,production,0.0
24886,24887,production,0.0
24887,24888,production,0.0
24888,24889,production,0.0
24889,24890,production,0.0
24890,24891,production,0.6454
24891,24892,production,0.5755
24892,24893,production,0.7625
24893,24894,production,0.7649
24894,24895,production,0.2723
24895,24896,production,0.7991
24896,24897,production,0.7991
24897,24898,production,0.7991
24898,24899,production,0.359
24899,24900,production,0.359
24900,24901,production,0.359
24901,24902,production,0.359
24902,24903,production,0.359
24903,24904,production,0.4813
24904,24905,production,0.8349
24905,24906,production,0.0
24906,24907,production,0.2051
24907,24908,production,0.1538
24908,24909,production,0.0
24909,24910,production,0.0513
24910,24911,production,0.0
24911,24912,production,0.0
24912,24913,production,0.0
24913,24914,production,0.0
24914,24915,production,0.3168
24915,24916,production,0.3699
24916,24917,production,0.4831
24917,24918,production,0.4831
24918,24919,production,0.4831
24919,24920,production,0.3282
24920,24921,production,0.0
24921,24922,production,0.5741
24922,24923,production,0.6055
24923,24924,production,0.5261
24924,24925,production,0.3352
24925,24926,production,0.3724
24926,24927,production,0.0
24927,24928,production,0.2706
24928,24929,production,0.8681
24929,24930,production,0.0
24930,24931,production,0.0
24931,24932,production,0.2852
24932,24933,production,0.3119
24933,24934,production,1.0
24934,24935,production,1.0
24935,24936,production,0.6498
24936,24937,production,0.3893
24937,24938,production,0.0
24938,24939,production,0.0
24939,24940,production,0.0
24940,24941,production,0.0
24941,24942,production,0.8827
24942,24943,production,0.7898
24943,24944,production,0.0
24944,24945,production,0.5301
24945,24946,production,0.469
24946,24947,production,0.4473
24947,24948,production,0.427
24948,24949,production,0.4487
24949,24950,production,0.4322
24950,24951,production,0.5191
24951,24952,production,0.5066
24952,24953,production,0.4795
24953,24954,production,0.4789
24954,24955,production,0.4738
24955,24956,production,0.6783
24956,24957,production,1.0
24957,24958,production,1.0
24958,24959,production,1.0
24959,24960,production,1.0
24960,24961,production,0.9775
24961,24962,production,1.0
24962,24963,production,1.0
24963,24964,production,1.0
24964,24965,production,1.0
24965,24966,production,0.9466
24966,24967,production,1.0
24967,24968,production,1.0
24968,24969,production,1.0
24969,24970,production,1.0
24970,24971,production,1.0
24971,24972,production,1.0
24972,24973,production,1.0
24973,24974,production,1.0
24974,24975,production,1.0
24975,24976,production,1.0
24976,24977,production,1.0
24977,24978,production,1.0
24978,24979,production,1.0
24979,24980,production,0.9951
24980,24981,production,1.0
24981,24982,production,0.4177
24982,24983,production,1.0
24983,24984,production,1.0
24984,24985,production,1.0
24985,24986,production,0.0256
24986,24987,production,0.0
24987,24988,production,0.0
24988,24989,production,0.0
24989,24990,production,0.0
24990,24991,production,0.6184
24991,24992,production,0.0
24992,24993,production,0.0
24993,24994,production,0.7692
24994,24995,production,0.7692
24995,24996,production,0.4103
24996,24997,production,0.4103
24997,24998,production,0.5641
24998,24999,production,0.5641
24999,25000,production,0.6376
25000,25001,production,0.8188
25001,25002,production,0.0
25002,25003,production,0.0
25003,25004,production,0.0
25004,25005,production,0.0
25005,25006,production,0.0
25006,25007,production,0.0
25007,25008,production,0.0
25008,25009,production,0.0
25009,25010,production,0.0
25010,25011,production,0.0
25011,25012,production,0.0
25012,25013,production,0.8466
25013,25014,production,0.3972
25014,25015,production,0.4119
25015,25016,production,0.3314
25016,25017,production,0.4343
25017,25018,production,0.3972
25018,25019,production,0.3699
25019,25020,production,0.4071
25020,25021,production,0.3867
25021,25022,production,0.3314
25022,25023,production,0.3516
25023,25024,production,0.392
25024,25025,production,0.4119
25025,25026,production,0.43
25026,25027,production,0.392
25027,25028,production,0.3579
25028,25029,production,0.3813
25029,25030,production,0.3813
25030,25031,production,0.4071
25031,25032,production,0.392
25032,25033,production,0.2748
25033,25034,production,0.198
25034,25035,production,0.213
25035,25036,production,0.3888
25036,25037,production,0.6361
25037,25038,production,0.7278
25038,25039,production,0.7278
25039,25040,production,0.7278
25040,25041,production,0.7278
25041,25042,production,0.8372
25042,25043,production,0.609
25043,25044,production,0.5901
25044,25045,production,0.5348
25045,25046,production,0.5389
25046,25047,production,0.5131
25047,25048,production,0.478
25048,25049,production,0.5037
25049,25050,production,0.416
25050,25051,production,0.3599
25051,25052,production,0.609
25052,25053,production,0.5793
25053,25054,production,0.5307
25054,25055,production,0.609
25055,25056,production,0.5567
25056,25057,production,0.5416
25057,25058,production,0.4863
25058,25059,production,0.4702
25059,25060,production,0.4147
25060,25061,production,0.2475
25061,25062,production,0.1773
25062,25063,production,0.1558
25063,25064,production,0.4316
25064,25065,production,0.4884
25065,25066,production,0.5558
25066,25067,production,0.245
25067,25068,production,0.3085
25068,25069,production,0.5981
25069,25070,production,0.5223
25070,25071,production,0.7424
25071,25072,production,0.6841
25072,25073,production,0.7877
25073,25074,production,0.6989
25074,25075,production,0.5302
25075,25076,production,0.468
25076,25077,production,0.6869
25077,25078,production,0.6355
25078,25079,production,0.7877
25079,25080,production,0.7124
25080,25081,production,0.6827
25081,25082,production,0.6893
25082,25083,production,0.0
25083,25084,production,0.0
25084,25085,production,0.0
25085,25086,production,0.0
25086,25087,production,0.0
25087,25088,production,0.0
25088,25089,production,0.0
25089,25090,production,0.0
25090,25091,production,0.3897
25091,25092,production,0.0
25092,25093,production,0.0
25093,25094,production,0.0
25094,25095,production,0.0
25095,25096,production,0.0
25096,25097,production,0.3619
25097,25098,production,0.7432
25098,25099,production,0.5499
25099,25100,production,0.343
25100,25101,production,0.5032
25101,25102,production,0.3775
25102,25103,production,0.4492
25103,25104,production,0.0
25104,25105,production,0.0
25105,25106,production,0.0
25106,25107,production,0.0
25107,25108,production,0.0
25108,25109,production,0.0
25109,25110,production,0.0
25110,25111,production,0.0
25111,25112,production,0.0
25112,25113,production,0.0
25113,25114,production,0.0
25114,25115,production,0.0
25115,25116,production,0.0
25116,25117,production,0.0
25117,25118,production,0.0
25118,25119,production,0.0
25119,25120,production,0.0
25120,25121,production,0.0
25121,25122,production,0.0
25122,25123,production,0.0
25123,25124,production,0.0
25124,25125,production,0.0
25125,25126,production,0.8812
25126,25127,production,0.3745
25127,25128,production,0.8624
25128,25129,production,0.8005
25129,25130,production,1.0
25130,25131,production,1.0
25131,25132,production,1.0
25132,25133,production,1.0
25133,25134,production,1.0
25134,25135,production,0.6191
25135,25136,production,0.6191
25136,25137,production,0.3849
25137,25138,production,0.3387
25138,25139,production,0.3628
25139,25140,production,0.5537
25140,25141,production,0.315
25141,25142,production,0.3849
25142,25143,production,0.3163
25143,25144,production,0.3168
25144,25145,production,0.3575
25145,25146,production,0.3239
25146,25147,production,0.3205
25147,25148,production,0.3054
25148,25149,production,0.3036
25149,25150,production,0.3004
25150,25151,production,0.3011
25151,25152,production,0.363
25152,25153,production,0.3148
25153,25154,production,0.3024
25154,25155,production,0.3258
25155,25156,production,0.7254
25156,25157,production,0.5778
25157,25158,production,0.5205
25158,25159,production,0.3151
25159,25160,production,0.6591
25160,25161,production,0.4068
25161,25162,production,0.0
25162,25163,production,0.0
25163,25164,production,0.0
25164,25165,production,0.0
25165,25166,production,0.0
25166,25167,production,0.0
25167,25168,production,0.0
25168,25169,production,0.0
25169,25170,production,0.6184
25170,25171,production,0.6184
25171,25172,production,0.5798
25172,25173,production,0.6397
25173,25174,production,0.6397
25174,25175,production,0.3797
25175,25176,production,0.3705
25176,25177,production,0.515
25177,25178,production,0.515
25178,25179,production,0.0
25179,25180,production,0.0
25180,25181,production,0.0
25181,25182,production,0.0
25182,25183,production,0.0
25183,25184,production,0.419
25184,25185,production,0.9335
25185,25186,production,0.0833
25186,25187,production,0.0
25187,25188,production,0.0
25188,25189,production,0.0
25189,25190,production,0.0
25190,25191,production,0.0
25191,25192,production,0.0
25192,25193,production,0.0
25193,25194,production,0.7136
25194,25195,production,0.7121
25195,25196,production,0.8109
25196,25197,production,0.8237
25197,25198,production,0.718
25198,25199,production,0.4023
25199,25200,production,0.4156
25200,25201,production,0.3953
25201,25202,production,0.9967
25202,25203,production,0.0
25203,25204,production,0.0
25204,25205,production,0.0
25205,25206,production,0.0
25206,25207,production,0.3607
25207,25208,production,0.3642
25208,25209,production,0.3995
25209,25210,production,0.3919
25210,25211,production,0.3879
25211,25212,production,0.3762
25212,25213,production,0.4501
25213,25214,production,0.4479
25214,25215,production,0.7883
25215,25216,production,0.6528
25216,25217,production,0.5606
25217,25218,production,0.0
25218,25219,production,0.0
25219,25220,production,0.0
25220,25221,production,0.0
25221,25222,production,0.0
25222,25223,production,0.0
25223,25224,production,0.0
25224,25225,production,0.7941
25225,25226,production,0.7095
25226,25227,production,0.787
25227,25228,production,0.8582
25228,25229,production,0.724
25229,25230,production,0.8576
25230,25231,production,0.8315
25231,25232,production,0.7533
25232,25233,production,0.7737
25233,25234,production,0.8729
25234,25235,production,0.8392
25235,25236,production,0.8854
25236,25237,production,0.8536
25237,25238,production,0.4557
25238,25239,production,0.0
25239,25240,production,0.6576
25240,25241,production,0.5121
25241,25242,production,0.4338
25242,25243,production,0.5562
25243,25244,production,0.0
25244,25245,production,0.0
25245,25246,production,0.5524
25246,25247,production,0.1572
25247,25248,production,0.1417
25248,25249,production,0.5659
25249,25250,production,0.8559
25250,25251,production,0.0
25251,25252,production,0.0
25252,25253,production,0.0
25253,25254,production,0.0
25254,25255,production,0.0
25255,25256,production,0.0
25256,25257,production,0.0
25257,25258,production,0.0
25258,25259,production,0.0
25259,25260,production,0.0
25260,25261,production,0.0
25261,25262,production,0.0
25262,25263,production,0.0
25263,25264,production,0.0
25264,25265,production,0.8883
25265,25266,production,0.7365
25266,25267,production,0.8333
25267,25268,production,0.7308
25268,25269,production,0.7718
25269,25270,production,0.0
25270,25271,production,0.0
25271,25272,production,0.0
25272,25273,production,0.0
25273,25274,production,0.0
25274,25275,production,0.0
25275,25276,production,0.0
25276,25277,production,0.0
25277,25278,production,0.526
25278,25279,production,0.5316
25279,25280,production,0.646
25280,25281,production,0.0
25281,25282,production,0.0
25282,25283,production,0.5164
25283,25284,production,0.4754
25284,25285,production,0.5073
25285,25286,production,0.7258
25286,25287,production,0.5635
25287,25288,production,0.0
25288,25289,production,0.0
25289,25290,production,0.6797
25290,25291,production,0.3744
25291,25292,production,0.357
25292,25293,production,0.2954
25293,25294,production,0.6272
25294,25295,production,0.5257
25295,25296,production,0.0
25296,25297,production,0.6684
25297,25298,production,0.5941
25298,25299,production,0.2096
25299,25300,production,0.4768
25300,25301,production,0.5701
25301,25302,production,0.1535
25302,25303,production,0.2075
25303,25304,production,0.7683
25304,25305,production,0.6454
25305,25306,production,0.3383
25306,25307,production,0.0
25307,25308,production,0.2564
25308,25309,production,0.5744
25309,25310,production,0.5538
25310,25311,production,0.4308
25311,25312,production,0.0
25312,25313,production,0.2051
25313,25314,production,0.1538
25314,25315,production,0.0
25315,25316,production,0.0
25316,25317,production,0.0
25317,25318,production,0.0
25318,25319,production,0.0
25319,25320,production,0.0513
25320,25321,production,0.0
25321,25322,production,0.0
25322,25323,production,0.0
25323,25324,production,0.3077
25324,25325,production,0.2564
25325,25326,production,0.1538
25326,25327,production,0.2564
25327,25328,production,0.2051
25328,25329,production,0.0513
25329,25330,production,0.0
25330,25331,production,0.0
25331,25332,production,0.0
25332,25333,production,0.0
25333,25334,production,0.1026
25334,25335,production,0.0
25335,25336,production,0.0
25336,25337,production,0.0
25337,25338,production,0.0
25338,25339,production,0.0
25339,25340,production,0.0
25340,25341,production,0.0
25341,25342,production,0.0
25342,25343,production,0.0
25343,25344,production,0.0
25344,25345,production,0.0
25345,25346,production,0.0
25346,25347,production,0.0
25347,25348,production,0.0
25348,25349,production,0.0
25349,25350,production,0.0
25350,25351,production,0.0
25351,25352,production,0.0
25352,25353,production,0.0
25353,25354,production,0.0
25354,25355,production,0.0
25355,25356,production,0.0
25356,25357,production,0.0
25357,25358,production,0.0
25358,25359,production,1.0
25359,25360,production,0.5555
25360,25361,production,0.8375
25361,25362,production,0.7387
25362,25363,production,0.733
25363,25364,production,0.375
25364,25365,production,0.4583
25365,25366,production,0.0875
25366,25367,production,0.0
25367,25368,production,0.5699
25368,25369,production,0.5699
25369,25370,production,0.5699
25370,25371,production,0.5699
25371,25372,production,0.0
25372,25373,production,0.0
25373,25374,production,0.0
25374,25375,production,0.0
25375,25376,production,0.0
25376,25377,production,0.0
25377,25378,production,0.4292
25378,25379,production,0.3917
25379,25380,production,0.5125
25380,25381,production,0.4333
25381,25382,production,0.4
25382,25383,production,0.475
25383,25384,production,0.0
25384,25385,production,0.0
25385,25386,production,0.0
25386,25387,production,0.0
25387,25388,production,0.0
25388,25389,production,0.1891
25389,25390,production,0.1891
25390,25391,production,0.1891
25391,25392,production,0.1891
25392,25393,production,0.0
25393,25394,production,0.0
25394,25395,production,0.0
25395,25396,production,0.5962
25396,25397,production,0.6086
25397,25398,production,0.7359
25398,25399,production,0.4216
25399,25400,production,0.3357
25400,25401,production,0.0
25401,25402,production,0.4593
25402,25403,production,0.6413
25403,25404,production,0.0
25404,25405,production,0.0
25405,25406,production,0.0
25406,25407,production,0.0
25407,25408,production,0.0
25408,25409,production,0.7519
25409,25410,production,0.6117
25410,25411,production,0.5762
25411,25412,production,0.7394
25412,25413,production,0.827
25413,25414,production,0.0
25414,25415,production,0.0
25415,25416,production,0.3108
25416,25417,production,0.3806
25417,25418,production,0.3666
25418,25419,production,0.7393
25419,25420,production,0.8575
25420,25421,production,0.8143
25421,25422,production,1.0
25422,25423,production,0.516
25423,25424,production,0.8404
25424,25425,production,0.6903
25425,25426,production,0.6911
25426,25427,production,0.6787
25427,25428,production,0.6783
25428,25429,production,0.6499
25429,25430,production,0.6556
25430,25431,production,0.268
25431,25432,production,0.0
25432,25433,production,0.4047
25433,25434,production,0.5091
25434,25435,production,0.0
25435,25436,production,0.8385
25436,25437,production,0.7386
25437,25438,production,0.268
25438,25439,production,0.5538
25439,25440,production,0.5211
25440,25441,production,1.0
25441,25442,production,1.0
25442,25443,production,1.0
25443,25444,production,1.0
25444,25445,production,0.1831
25445,25446,production,0.111
25446,25447,production,0.1273
25447,25448,production,0.0849
25448,25449,production,0.0718
25449,25450,production,0.0979
25450,25451,production,0.0
25451,25452,production,0.0
25452,25453,production,0.0
25453,25454,production,0.137
25454,25455,production,0.8438
25455,25456,production,0.0
25456,25457,production,0.3109
25457,25458,production,0.0
25458,25459,production,0.0
25459,25460,production,0.0
25460,25461,production,0.0
25461,25462,production,0.0
25462,25463,production,0.0
25463,25464,production,0.0
25464,25465,production,0.0
25465,25466,production,0.0
25466,25467,production,0.0
25467,25468,production,0.0
25468,25469,production,0.0
25469,25470,production,0.0
25470,25471,production,0.0
25471,25472,production,0.0
25472,25473,production,0.0
25473,25474,production,0.0
25474,25475,production,0.0
25475,25476,production,0.0
25476,25477,production,0.0
25477,25478,production,0.0
25478,25479,production,0.0
25479,25480,production,0.0
25480,25481,production,0.0
25481,25482,production,0.0
25482,25483,production,0.0
25483,25484,production,0.0
25484,25485,production,0.0
25485,25486,production,0.0
25486,25487,production,0.0
25487,25488,production,0.0
25488,25489,production,0.0
25489,25490,production,0.0
25490,25491,production,0.0
25491,25492,production,0.0
25492,25493,production,0.0
25493,25494,production,0.0
25494,25495,production,0.0
25495,25496,production,0.0
25496,25497,production,0.0
25497,25498,production,0.0
25498,25499,production,0.0
25499,25500,production,0.0
25500,25501,production,0.0
25501,25502,production,0.0
25502,25503,production,0.0
25503,25504,production,0.0
25504,25505,production,0.0
25505,25506,production,0.0
25506,25507,production,0.0
25507,25508,production,0.0
25508,25509,production,0.0
25509,25510,production,0.0
25510,25511,production,0.0
25511,25512,production,0.0
25512,25513,production,0.0
25513,25514,production,0.0
25514,25515,production,0.0
25515,25516,production,0.0
25516,25517,production,0.0
25517,25518,production,0.0
25518,25519,production,0.0
25519,25520,production,0.0
25520,25521,production,0.0
25521,25522,production,0.0
25522,25523,production,0.0
25523,25524,production,0.0
25524,25525,production,0.0
25525,25526,production,0.0
25526,25527,production,0.0
25527,25528,production,0.0
25528,25529,production,0.0
25529,25530,production,0.0
25530,25531,production,0.0
25531,25532,production,0.0
25532,25533,production,0.0
25533,25534,production,0.0
25534,25535,production,0.0
25535,25536,production,0.0
25536,25537,production,0.0
25537,25538,production,0.0
25538,25539,production,0.0
25539,25540,production,0.0
25540,25541,production,0.0
25541,25542,production,0.7558
25542,25543,production,0.6555
25543,25544,production,0.5967
25544,25545,production,0.6184
25545,25546,production,0.4587
25546,25547,production,0.5211
25547,25548,production,0.5211
25548,25549,production,0.5066
25549,25550,production,0.4862
25550,25551,production,0.0
25551,25552,production,0.0
25552,25553,production,0.0
25553,25554,production,0.0
25554,25555,production,0.0
25555,25556,production,0.0
25556,25557,production,0.0
25557,25558,production,0.0
25558,25559,production,0.0
25559,25560,production,0.0
25560,25561,production,0.0
25561,25562,production,0.0
25562,25563,production,0.0
25563,25564,production,0.0
25564,25565,production,0.0
25565,25566,production,0.0
25566,25567,production,0.0
25567,25568,production,0.0
25568,25569,production,0.0
25569,25570,production,0.0
25570,25571,production,0.0
25571,25572,production,0.0
25572,25573,production,0.0
25573,25574,production,0.0
25574,25575,production,0.0
25575,25576,production,0.0
25576,25577,production,0.0
25577,25578,production,0.0
25578,25579,production,0.0
25579,25580,production,0.0
25580,25581,production,0.0
25581,25582,production,0.0
25582,25583,production,0.0
25583,25584,production,0.0
25584,25585,production,0.0
25585,25586,production,0.0
25586,25587,production,0.0
25587,25588,production,0.0
25588,25589,production,0.0
25589,25590,production,0.0
25590,25591,production,0.0
25591,25592,production,0.0
25592,25593,production,0.0
25593,25594,production,0.0
25594,25595,production,0.0
25595,25596,production,0.0
25596,25597,production,0.0
25597,25598,production,0.0
25598,25599,production,0.0
25599,25600,production,0.0
25600,25601,production,0.0
25601,25602,production,0.0
25602,25603,production,0.0
25603,25604,production,0.0
25604,25605,production,0.0
25605,25606,production,0.0
25606,25607,production,0.0
25607,25608,production,0.0
25608,25609,production,0.0
25609,25610,production,0.0
25610,25611,production,0.0
25611,25612,production,0.0
25612,25613,production,0.0
25613,25614,production,0.0
25614,25615,production,0.0
25615,25616,production,0.0
25616,25617,production,0.0
25617,25618,production,0.0
25618,25619,production,0.0
25619,25620,production,0.0
25620,25621,production,0.0
25621,25622,production,0.0
25622,25623,production,0.0
25623,25624,production,0.0
25624,25625,production,0.0
25625,25626,production,0.0
25626,25627,production,0.0
25627,25628,production,0.0
25628,25629,production,0.0
25629,25630,production,0.0
25630,25631,production,0.0
25631,25632,production,0.0
25632,25633,production,0.0
25633,25634,production,0.0
25634,25635,production,0.0
25635,25636,production,0.0
25636,25637,production,0.0
25637,25638,production,0.0
25638,25639,production,0.0
25639,25640,production,0.0
25640,25641,production,0.0
25641,25642,production,0.0
25642,25643,production,0.0
25643,25644,production,0.0
25644,25645,production,0.0
25645,25646,production,0.0
25646,25647,production,0.0
25647,25648,production,0.0
25648,25649,production,0.0
25649,25650,production,0.0
25650,25651,production,0.0
25651,25652,production,0.0
25652,25653,production,0.0
25653,25654,production,0.0
25654,25655,production,0.0
25655,25656,production,0.0
25656,25657,production,0.0
25657,25658,production,0.0
25658,25659,production,0.0
25659,25660,production,0.0
25660,25661,production,0.0
25661,25662,production,0.0
25662,25663,production,0.0
25663,25664,production,0.0
25664,25665,production,0.0
25665,25666,production,0.0
25666,25667,production,0.0
25667,25668,production,0.0
25668,25669,production,0.0
25669,25670,production,0.0
25670,25671,production,0.0
25671,25672,production,0.0
25672,25673,production,0.0
25673,25674,production,0.0
25674,25675,production,0.0
25675,25676,production,0.0
25676,25677,production,0.0
25677,25678,production,0.0
25678,25679,production,0.0
25679,25680,production,0.0
25680,25681,production,0.0
25681,25682,production,0.0
25682,25683,production,0.0
25683,25684,production,0.0
25684,25685,production,0.0
25685,25686,production,0.0
25686,25687,production,0.0
25687,25688,production,0.0
25688,25689,production,0.0
25689,25690,production,0.0
25690,25691,production,0.0
25691,25692,production,0.0
25692,25693,production,0.0
25693,25694,production,0.0
25694,25695,production,0.0
25695,25696,production,0.0
25696,25697,production,0.0
25697,25698,production,0.0
25698,25699,production,0.0
25699,25700,production,0.0
25700,25701,production,0.0
25701,25702,production,0.0
25702,25703,production,0.0
25703,25704,production,0.0
25704,25705,production,0.0
25705,25706,production,0.0
25706,25707,production,0.0
25707,25708,production,0.0
25708,25709,production,0.0
25709,25710,production,0.0
25710,25711,production,0.0
25711,25712,production,0.0
25712,25713,production,0.0
25713,25714,production,0.0
25714,25715,production,0.0
25715,25716,production,0.0
25716,25717,production,0.0
25717,25718,production,0.0
25718,25719,production,0.0
25719,25720,production,0.0
25720,25721,production,0.0
25721,25722,production,0.0
25722,25723,production,0.0
25723,25724,production,0.0
25724,25725,production,0.0
25725,25726,production,0.0
25726,25727,production,0.0
25727,25728,production,0.0
25728,25729,production,0.0
25729,25730,production,0.0
25730,25731,production,0.0
25731,25732,production,0.0
25732,25733,production,0.0
25733,25734,production,0.0
25734,25735,production,0.0
25735,25736,production,0.0
25736,25737,production,0.0
25737,25738,production,0.0
25738,25739,production,0.0
25739,25740,production,0.0
25740,25741,production,0.0
25741,25742,production,0.0
25742,25743,production,0.0
25743,25744,production,0.0
25744,25745,production,0.0
25745,25746,production,0.0
25746,25747,production,0.0
25747,25748,production,0.0
25748,25749,production,0.0
25749,25750,production,0.0
25750,25751,production,0.0
25751,25752,production,0.0
25752,25753,production,0.0
25753,25754,production,0.0
25754,25755,production,0.0
25755,25756,production,0.0
25756,25757,production,0.0
25757,25758,production,0.0
25758,25759,production,0.0
25759,25760,production,0.0
25760,25761,production,0.0
25761,25762,production,0.0
25762,25763,production,0.0
25763,25764,production,0.0
25764,25765,production,0.0
25765,25766,production,0.0
25766,25767,production,0.0
25767,25768,production,0.0
25768,25769,production,0.0
25769,25770,production,0.0
25770,25771,production,0.0
25771,25772,production,0.0
25772,25773,production,0.0
25773,25774,production,0.0
25774,25775,production,0.0
25775,25776,production,0.0
25776,25777,production,0.0
25777,25778,production,0.0
25778,25779,production,0.0
25779,25780,production,0.0
25780,25781,production,0.0
25781,25782,production,0.0
25782,25783,production,0.0
25783,25784,production,0.0
25784,25785,production,0.0
25785,25786,production,0.0
25786,25787,production,0.0
25787,25788,production,0.0
25788,25789,production,0.0
25789,25790,production,0.0
25790,25791,production,0.0
25791,25792,production,0.0
25792,25793,production,0.0
25793,25794,production,0.0
25794,25795,production,0.0
25795,25796,production,0.0
25796,25797,production,0.0
25797,25798,production,0.0
25798,25799,production,0.0
25799,25800,production,0.0
25800,25801,production,0.0
25801,25802,production,0.0
25802,25803,production,0.0
25803,25804,production,0.0
25804,25805,production,0.0
25805,25806,production,0.0
25806,25807,production,0.0
25807,25808,production,0.0
25808,25809,production,0.0
25809,25810,production,0.0
25810,25811,production,0.0
25811,25812,production,0.0
25812,25813,production,0.0
25813,25814,production,0.0
25814,25815,production,0.0
25815,25816,production,0.0
25816,25817,production,0.0
25817,25818,production,0.0
25818,25819,production,0.0
25819,25820,production,0.0
25820,25821,production,0.0
25821,25822,production,0.0
25822,25823,production,0.0
25823,25824,production,0.0
25824,25825,production,0.0
25825,25826,production,0.0
25826,25827,production,0.0
25827,25828,production,0.0
25828,25829,production,0.0
25829,25830,production,0.0
25830,25831,production,0.0
25831,25832,production,0.0
25832,25833,production,0.0
25833,25834,production,0.0
25834,25835,production,0.0
25835,25836,production,0.0
25836,25837,production,0.0
25837,25838,production,0.0
25838,25839,production,0.0
25839,25840,production,0.0
25840,25841,production,0.0
25841,25842,production,0.0
25842,25843,production,0.0
25843,25844,production,0.0
25844,25845,production,0.0
25845,25846,production,0.0
25846,25847,production,0.0
25847,25848,production,0.0
25848,25849,production,0.0
25849,25850,production,0.0
25850,25851,production,0.0
25851,25852,production,0.0
25852,25853,production,0.0
25853,25854,production,0.0
25854,25855,production,0.0
25855,25856,production,0.0
25856,25857,production,0.0
25857,25858,production,0.0
25858,25859,production,0.0
25859,25860,production,0.0
25860,25861,production,0.0
25861,25862,production,0.0
25862,25863,production,0.0
25863,25864,production,0.0
25864,25865,production,0.0
25865,25866,production,0.0
25866,25867,production,0.0
25867,25868,production,0.0
25868,25869,production,0.0
25869,25870,production,0.0
25870,25871,production,0.0
25871,25872,production,0.0
25872,25873,production,0.0
25873,25874,production,0.0
25874,25875,production,0.0
25875,25876,production,0.0
25876,25877,production,0.0
25877,25878,production,0.0
25878,25879,production,0.0
25879,25880,production,0.0
25880,25881,production,0.0
25881,25882,production,0.0
25882,25883,production,0.0
25883,25884,production,0.0
25884,25885,production,0.0
25885,25886,production,0.0
25886,25887,production,0.0
25887,25888,production,0.0
25888,25889,production,0.0
25889,25890,production,0.0
25890,25891,production,0.0
25891,25892,production,0.0
25892,25893,production,0.0
25893,25894,production,0.0
25894,25895,production,0.0
25895,25896,production,0.0
25896,25897,production,0.0
25897,25898,production,0.0
25898,25899,production,0.0
25899,25900,production,0.0
25900,25901,production,0.0
25901,25902,production,0.0
25902,25903,production,0.0
25903,25904,production,0.0
25904,25905,production,0.0
25905,25906,production,0.0
25906,25907,production,0.0
25907,25908,production,0.0
25908,25909,production,0.0
25909,25910,production,0.0
25910,25911,production,0.0
25911,25912,production,0.0
25912,25913,production,0.0
25913,25914,production,0.0
25914,25915,production,0.0
25915,25916,production,0.0
25916,25917,production,0.0
25917,25918,production,0.0
25918,25919,production,0.5754
25919,25920,production,0.6687
25920,25921,production,0.6766
25921,25922,production,0.3688
25922,25923,production,0.2663
25923,25924,production,0.2064
25924,25925,production,0.2465
25925,25926,production,0.2905
25926,25927,production,0.6332
25927,25928,production,0.5259
25928,25929,production,0.522
25929,25930,production,0.641
25930,25931,production,0.6236
25931,25932,production,0.5627
25932,25933,production,0.4251
25933,25934,production,0.5434
25934,25935,production,0.6519
25935,25936,production,0.4646
25936,25937,production,0.6157
25937,25938,production,0.3915
25938,25939,production,0.5574
25939,25940,production,0.5202
25940,25941,production,0.3928
25941,25942,production,0.374
25942,25943,production,0.3953
25943,25944,production,0.2465
25944,25945,production,0.2905
25945,25946,production,0.6332
25946,25947,production,0.5259
25947,25948,production,0.522
25948,25949,production,0.641
25949,25950,production,0.6236
25950,25951,production,0.5627
25951,25952,production,0.4251
25952,25953,production,0.5434
25953,25954,production,0.6519
25954,25955,production,0.4646
25955,25956,production,0.6157
25956,25957,production,0.3915
25957,25958,production,0.5574
25958,25959,production,0.5202
25959,25960,production,0.3928
25960,25961,production,0.374
25961,25962,production,0.0
25962,25963,production,0.0
25963,25964,production,0.0
25964,25965,production,0.0
25965,25966,production,0.2179
25966,25967,production,0.6172
25967,25968,production,0.5536
25968,25969,production,0.5754
25969,25970,production,0.6687
25970,25971,production,0.6766
25971,25972,production,0.0
25972,25973,production,0.0
25973,25974,production,0.0
25974,25975,production,0.3411
25975,25976,production,0.3237
25976,25977,production,0.4765
25977,25978,production,0.4941
25978,25979,production,0.4889
25979,25980,production,0.4831
25980,25981,production,0.0
25981,25982,production,0.0
25982,25983,production,0.0
25983,25984,production,0.0
25984,25985,production,0.0
25985,25986,production,0.0
25986,25987,production,0.0
25987,25988,production,1.0
25988,25989,production,1.0
25989,25990,production,0.5266
25990,25991,production,0.6336
25991,25992,production,0.6143
25992,25993,production,0.0
25993,25994,production,0.0
25994,25995,production,0.6255
25995,25996,production,0.6255
25996,25997,production,0.0
25997,25998,production,0.0
25998,25999,production,0.0
25999,26000,production,0.0
26000,26001,production,0.0
26001,26002,production,0.0
26002,26003,production,0.0
26003,26004,production,0.0
26004,26005,production,0.0
26005,26006,production,0.0
26006,26007,production,0.0
26007,26008,production,0.0
26008,26009,production,0.0
26009,26010,production,0.0
26010,26011,production,0.0
26011,26012,production,0.0
26012,26013,production,0.0
26013,26014,production,0.0
26014,26015,production,0.0
26015,26016,production,0.0
26016,26017,production,0.0
26017,26018,production,0.0
26018,26019,production,0.76
26019,26020,production,0.4562
26020,26021,production,0.856
26021,26022,production,0.7284
26022,26023,production,0.7733
26023,26024,production,0.0
26024,26025,production,0.0
26025,26026,production,0.0
26026,26027,production,0.0
26027,26028,production,0.0
26028,26029,production,0.0
26029,26030,production,0.3292
26030,26031,production,0.0
26031,26032,production,0.2333
26032,26033,production,0.0
26033,26034,production,0.1667
26034,26035,production,0.1583
26035,26036,production,0.2583
26036,26037,production,0.0
26037,26038,production,0.0
26038,26039,production,0.0
26039,26040,production,0.0833
26040,26041,production,0.25
26041,26042,production,0.0
26042,26043,production,0.0792
26043,26044,production,0.0
26044,26045,production,0.0
26045,26046,production,0.0
26046,26047,production,0.0
26047,26048,production,0.0
26048,26049,production,0.0
26049,26050,production,0.0
26050,26051,production,0.0
26051,26052,production,0.0
26052,26053,production,0.0
26053,26054,production,0.0
26054,26055,production,0.0
26055,26056,production,0.0
26056,26057,production,0.0
26057,26058,production,0.0
26058,26059,production,0.0
26059,26060,production,0.0
26060,26061,production,0.0
26061,26062,production,0.0
26062,26063,production,0.0
26063,26064,production,0.0
26064,26065,production,0.0
26065,26066,production,0.0
26066,26067,production,0.0
26067,26068,production,0.0
26068,26069,production,0.0
26069,26070,production,0.0
26070,26071,production,0.0
26071,26072,production,0.0
26072,26073,production,0.0
26073,26074,production,0.0
26074,26075,production,0.0
26075,26076,production,0.0
26076,26077,production,0.0
26077,26078,production,0.0
26078,26079,production,0.0
26079,26080,production,0.0
26080,26081,production,0.0
26081,26082,production,0.0
26082,26083,production,0.0
26083,26084,production,0.0
26084,26085,production,0.0
26085,26086,production,0.0
26086,26087,production,0.0
26087,26088,production,0.0
26088,26089,production,0.0
26089,26090,production,0.0
26090,26091,production,0.0
26091,26092,production,0.0
26092,26093,production,0.0
26093,26094,production,0.0
26094,26095,production,0.0
26095,26096,production,0.0
26096,26097,production,0.0
26097,26098,production,0.0
26098,26099,production,0.0
26099,26100,production,0.0
26100,26101,production,0.0
26101,26102,production,0.0
26102,26103,production,0.0
26103,26104,production,0.0
26104,26105,production,0.0
26105,26106,production,0.0
26106,26107,production,0.0
26107,26108,production,0.0
26108,26109,production,0.0
26109,26110,production,0.0
26110,26111,production,0.5449
26111,26112,production,0.5449
26112,26113,production,0.5449
26113,26114,production,0.5449
26114,26115,production,0.5449
26115,26116,production,0.5449
26116,26117,production,0.5449
26117,26118,production,0.569
26118,26119,production,0.569
26119,26120,production,0.569
26120,26121,production,0.569
26121,26122,production,0.569
26122,26123,production,0.569
26123,26124,production,0.569
26124,26125,production,0.569
26125,26126,production,0.0
26126,26127,production,0.0
26127,26128,production,0.0
26128,26129,production,0.0
26129,26130,production,0.0
26130,26131,production,0.0
26131,26132,production,0.0
26132,26133,production,0.0
26133,26134,production,0.0
26134,26135,production,0.0
26135,26136,production,0.0
26136,26137,production,0.0
26137,26138,production,0.0
26138,26139,production,0.0
26139,26140,production,0.0
26140,26141,production,0.0
26141,26142,production,0.0
26142,26143,production,0.0
26143,26144,production,0.0
26144,26145,production,0.0
26145,26146,production,0.501
26146,26147,production,0.6993
26147,26148,production,0.6834
26148,26149,production,0.6834
26149,26150,production,0.4892
26150,26151,production,0.0
26151,26152,production,0.0
26152,26153,production,0.2434
26153,26154,production,0.2479
26154,26155,production,0.3254
26155,26156,production,0.0
26156,26157,production,0.6255
26157,26158,production,0.602
26158,26159,production,0.6035
26159,26160,production,0.05
26160,26161,production,0.0
26161,26162,production,0.0
26162,26163,production,0.1538
26163,26164,production,0.576
26164,26165,production,0.8815
26165,26166,production,0.7323
26166,26167,production,0.774
26167,26168,production,0.9517
26168,26169,production,0.9254
26169,26170,production,0.7784
26170,26171,production,0.535
26171,26172,production,0.7191
26172,26173,production,0.5754
26173,26174,production,0.6687
26174,26175,production,0.6766
26175,26176,production,0.0
26176,26177,production,0.0
26177,26178,production,0.0
26178,26179,production,0.0
26179,26180,production,0.0
26180,26181,production,0.0
26181,26182,production,0.9231
26182,26183,production,0.8205
26183,26184,production,0.0
26184,26185,production,0.0
26185,26186,production,0.0
26186,26187,production,0.0
26187,26188,production,0.0
26188,26189,production,0.0
26189,26190,production,0.0
26190,26191,production,0.0
26191,26192,production,0.0
26192,26193,production,0.0
26193,26194,production,0.0
26194,26195,production,0.0
26195,26196,production,0.5319
26196,26197,production,1.0
26197,26198,production,0.0
26198,26199,production,0.6008
26199,26200,production,0.0
26200,26201,production,0.9511
26201,26202,production,0.9941
26202,26203,production,0.8013
26203,26204,production,0.8838
26204,26205,production,0.9796
26205,26206,production,0.8013
26206,26207,production,1.0
26207,26208,production,0.8013
26208,26209,production,0.76
26209,26210,production,0.4562
26210,26211,production,0.0
26211,26212,production,0.0
26212,26213,production,0.7209
26213,26214,production,0.0
26214,26215,production,0.0
26215,26216,production,0.5648
26216,26217,production,0.6588
26217,26218,production,0.4884
26218,26219,production,0.4884
26219,26220,production,0.464
26220,26221,production,0.0
26221,26222,production,0.0
26222,26223,production,0.0952
26223,26224,production,0.0634
26224,26225,production,0.0
26225,26226,production,0.0
26226,26227,production,0.0
26227,26228,production,0.0
26228,26229,production,0.0
26229,26230,production,0.0
26230,26231,production,0.0
26231,26232,production,0.0
26232,26233,production,0.0
26233,26234,production,0.6649
26234,26235,production,0.6649
26235,26236,production,0.0
26236,26237,production,0.0
26237,26238,production,0.0
26238,26239,production,0.0
26239,26240,production,0.0
26240,26241,production,0.0
26241,26242,production,0.0
26242,26243,production,0.0
26243,26244,production,0.0
26244,26245,production,0.0
26245,26246,production,0.0
26246,26247,production,0.0
26247,26248,production,0.0
26248,26249,production,0.0
26249,26250,production,0.0
26250,26251,production,0.0
26251,26252,production,0.0
26252,26253,production,0.0
26253,26254,production,0.0
26254,26255,production,0.0
26255,26256,production,0.0833
26256,26257,production,0.0
26257,26258,production,0.0
26258,26259,production,0.0
26259,26260,production,0.2151
26260,26261,production,0.2151
26261,26262,production,0.5304
26262,26263,production,0.4587
26263,26264,production,0.6336
26264,26265,production,0.6143
26265,26266,production,0.0
26266,26267,production,0.0
26267,26268,production,0.0
26268,26269,production,0.0
26269,26270,production,0.0
26270,26271,production,0.0
26271,26272,production,0.9231
26272,26273,production,0.6255
26273,26274,production,0.125
26274,26275,production,0.125
26275,26276,production,0.125
26276,26277,production,0.0
26277,26278,production,0.0
26278,26279,production,0.0
26279,26280,production,0.0
26280,26281,production,0.0
26281,26282,production,0.0
26282,26283,production,0.0
26283,26284,production,0.0
26284,26285,production,0.9231
26285,26286,production,0.8205
26286,26287,production,0.4103
26287,26288,production,0.0
26288,26289,production,0.0
26289,26290,production,0.0
26290,26291,production,0.0
26291,26292,production,0.0
26292,26293,production,0.0
26293,26294,production,0.0
26294,26295,production,0.0
26295,26296,production,0.5648
26296,26297,production,0.6588
26297,26298,production,0.4884
26298,26299,production,0.4884
26299,26300,production,0.464
26300,26301,production,0.0
26301,26302,production,0.501
26302,26303,production,0.6993
26303,26304,production,0.6834
26304,26305,production,0.6834
26305,26306,production,0.0
26306,26307,production,0.6255
26307,26308,production,0.6255
26308,26309,production,0.0
26309,26310,production,0.0
26310,26311,production,0.0
26311,26312,production,0.0
26312,26313,production,0.0
26313,26314,production,0.0
26314,26315,production,0.0
26315,26316,production,0.0
26316,26317,production,0.0
26317,26318,production,0.0
26318,26319,production,0.0
26319,26320,production,0.3491
26320,26321,production,0.5686
26321,26322,production,0.0
26322,26323,production,0.0
26323,26324,production,0.0
26324,26325,production,0.0
26325,26326,production,0.0
26326,26327,production,0.0
26327,26328,production,0.0
26328,26329,production,0.0
26329,26330,production,0.0
26330,26331,production,0.0
26331,26332,production,0.0
26332,26333,production,0.0
26333,26334,production,0.0
26334,26335,production,0.0
26335,26336,production,0.0
26336,26337,production,0.6477
26337,26338,production,0.8304
26338,26339,production,0.843
26339,26340,production,0.8495
26340,26341,production,0.7628
26341,26342,production,0.777
26342,26343,production,0.8017
26343,26344,production,0.8006
26344,26345,production,0.7545
26345,26346,production,0.7324
26346,26347,production,0.745
26347,26348,production,0.759
26348,26349,production,0.6686
26349,26350,production,0.6686
26350,26351,production,0.6442
26351,26352,production,0.7502
26352,26353,production,0.6477
26353,26354,production,1.0
26354,26355,production,1.0
26355,26356,production,1.0
26356,26357,production,0.9772
26357,26358,production,0.9995
26358,26359,production,0.9984
26359,26360,production,0.919
26360,26361,production,0.9763
26361,26362,production,0.7814
26362,26363,production,0.9511
26363,26364,production,0.9941
26364,26365,production,0.8013
26365,26366,production,0.8838
26366,26367,production,0.9796
26367,26368,production,0.8013
26368,26369,production,1.0
26369,26370,production,0.8013
26370,26371,production,0.9231
26371,26372,production,0.7104
26372,26373,production,0.0
26373,26374,production,0.379
26374,26375,production,0.0
26375,26376,production,0.0
26376,26377,production,0.0
26377,26378,production,0.0
26378,26379,production,0.0
26379,26380,production,0.0
26380,26381,production,0.0
26381,26382,production,0.0
26382,26383,production,0.6336
26383,26384,production,0.6143
26384,26385,production,0.0
26385,26386,production,0.0
26386,26387,production,0.0
26387,26388,production,0.0
26388,26389,production,0.0
26389,26390,production,0.0
26390,26391,production,0.0
26391,26392,production,0.0
26392,26393,production,0.0
26393,26394,production,0.0
26394,26395,production,0.0
26395,26396,production,0.0
26396,26397,production,0.0
26397,26398,production,0.0
26398,26399,production,0.0
26399,26400,production,0.0
26400,26401,production,0.0
26401,26402,production,0.0
26402,26403,production,0.0
26403,26404,production,0.0
26404,26405,production,0.0
26405,26406,production,0.0
26406,26407,production,0.0
26407,26408,production,0.0
26408,26409,production,0.0
26409,26410,production,0.0
26410,26411,production,0.0
26411,26412,production,0.4502
26412,26413,production,0.6378
26413,26414,production,0.0
26414,26415,production,0.0
26415,26416,production,0.0
26416,26417,production,0.0
26417,26418,production,0.0
26418,26419,production,0.9103
26419,26420,production,0.3109
26420,26421,production,0.0
26421,26422,production,0.0
26422,26423,production,0.0
26423,26424,production,0.0
26424,26425,production,0.0
26425,26426,production,0.0
26426,26427,production,0.0
26427,26428,production,0.0
26428,26429,production,0.0
26429,26430,production,0.5648
26430,26431,production,0.6588
26431,26432,production,0.4884
26432,26433,production,0.4884
26433,26434,production,0.464
26434,26435,production,0.0
26435,26436,production,0.0
26436,26437,production,0.0
26437,26438,production,0.5754
26438,26439,production,0.6687
26439,26440,production,0.6766
26440,26441,production,0.0
26441,26442,production,0.0
26442,26443,production,0.0
26443,26444,production,0.0
26444,26445,production,0.0
26445,26446,production,0.0
26446,26447,production,0.0
26447,26448,production,0.0
26448,26449,production,0.0
26449,26450,production,0.0
26450,26451,production,0.0
26451,26452,production,0.0
26452,26453,production,0.0
26453,26454,production,0.0
26454,26455,production,0.0
26455,26456,production,0.0
26456,26457,production,0.0
26457,26458,production,0.0
26458,26459,production,0.0
26459,26460,production,0.0
26460,26461,production,0.0
26461,26462,production,1.0
26462,26463,production,0.0
26463,26464,production,0.0
26464,26465,production,0.0
26465,26466,production,0.0
26466,26467,production,0.0
26467,26468,production,0.0
26468,26469,production,0.0
26469,26470,production,0.0
26470,26471,production,0.0
26471,26472,production,0.0
26472,26473,production,0.0
26473,26474,production,0.0
26474,26475,production,0.0
26475,26476,production,0.0
26476,26477,production,0.0
26477,26478,production,0.0
26478,26479,production,0.0
26479,26480,production,0.0
26480,26481,production,0.0
26481,26482,production,0.0
26482,26483,production,0.0
26483,26484,production,0.0
26484,26485,production,0.0833
26485,26486,production,0.0417
26486,26487,production,0.0
26487,26488,production,0.0
26488,26489,production,0.0
26489,26490,production,0.0
26490,26491,production,0.0
26491,26492,production,0.0
26492,26493,production,0.0
26493,26494,production,0.0417
26494,26495,production,0.0833
26495,26496,production,0.0417
26496,26497,production,0.0
26497,26498,production,0.0
26498,26499,production,0.0
26499,26500,production,0.0
26500,26501,production,0.0
26501,26502,production,0.0
26502,26503,production,0.0833
26503,26504,production,0.0417
26504,26505,production,0.0
26505,26506,production,0.0
26506,26507,production,0.0
26507,26508,production,0.0
26508,26509,production,0.0
26509,26510,production,0.0
26510,26511,production,0.0
26511,26512,production,0.0
26512,26513,production,0.0
26513,26514,production,0.0
26514,26515,production,0.0
26515,26516,production,0.5967
26516,26517,production,0.6184
26517,26518,production,0.5754
26518,26519,production,0.6687
26519,26520,production,0.6766
26520,26521,production,0.5754
26521,26522,production,0.6687
26522,26523,production,0.6766
26523,26524,production,0.5754
26524,26525,production,0.6687
26525,26526,production,0.6766
26526,26527,production,0.5754
26527,26528,production,0.6687
26528,26529,production,0.6766
26529,26530,production,0.0
26530,26531,production,0.0
26531,26532,production,0.0
26532,26533,production,0.0
26533,26534,production,0.0
26534,26535,production,0.0
26535,26536,production,0.2898
26536,26537,production,0.0
26537,26538,production,0.0
26538,26539,production,0.0
26539,26540,production,0.0
26540,26541,production,0.7522
26541,26542,production,0.594
26542,26543,production,1.0
26543,26544,production,0.7522
26544,26545,production,0.5987
26545,26546,production,1.0
26546,26547,production,0.76
26547,26548,production,0.6022
26548,26549,production,1.0
26549,26550,production,0.5641
26550,26551,production,0.0
26551,26552,production,0.0
26552,26553,production,0.0
26553,26554,production,0.0
26554,26555,production,0.0
26555,26556,production,0.7172
26556,26557,production,0.625
26557,26558,production,0.7265
26558,26559,production,0.7466
26559,26560,production,0.7718
26560,26561,production,0.6888
26561,26562,production,0.8317
26562,26563,production,0.5842
26563,26564,production,0.701
26564,26565,production,0.2506
26565,26566,production,0.1889
26566,26567,production,0.7874
26567,26568,production,0.5305
26568,26569,production,0.0
26569,26570,production,0.0
26570,26571,production,0.3875
26571,26572,production,0.3875
26572,26573,production,0.5143
26573,26574,production,0.5508
26574,26575,production,0.2963
26575,26576,production,0.2963
26576,26577,production,0.4296
26577,26578,production,0.4648
26578,26579,production,0.0
26579,26580,production,0.0
26580,26581,production,0.5086
26581,26582,production,0.5386
26582,26583,production,0.5088
26583,26584,production,0.5419
26584,26585,production,0.5457
26585,26586,production,0.6902
26586,26587,production,0.0303
26587,26588,production,0.0
26588,26589,production,0.0
26589,26590,production,0.6505
26590,26591,production,0.5042
26591,26592,production,0.6665
26592,26593,production,0.4493
26593,26594,production,0.5786
26594,26595,production,0.3759
26595,26596,production,0.3891
26596,26597,production,0.4033
26597,26598,production,0.5296
26598,26599,production,0.4404
26599,26600,production,0.5063
26600,26601,production,0.5252
26601,26602,production,0.4855
26602,26603,production,0.5114
26603,26604,production,0.5541
26604,26605,production,0.4975
26605,26606,production,0.5302
26606,26607,production,0.5787
26607,26608,production,0.6123
26608,26609,production,0.5944
26609,26610,production,0.5692
26610,26611,production,0.5273
26611,26612,production,0.7758
26612,26613,production,0.7706
26613,26614,production,0.3932
26614,26615,production,0.0
26615,26616,production,0.4161
26616,26617,production,0.753
26617,26618,production,0.6184
26618,26619,production,0.6412
26619,26620,production,0.6515
26620,26621,production,0.0464
26621,26622,production,0.6882
26622,26623,production,0.6725
26623,26624,production,0.7098
26624,26625,production,0.6829
26625,26626,production,0.6977
26626,26627,production,0.0
26627,26628,production,0.0
26628,26629,production,0.0
26629,26630,production,0.0
26630,26631,production,0.0
26631,26632,production,0.0
26632,26633,production,0.7254
26633,26634,production,0.0
26634,26635,production,0.4111
26635,26636,production,0.5388
26636,26637,production,0.3035
26637,26638,production,0.3269
26638,26639,production,0.3538
26639,26640,production,0.2751
26640,26641,production,0.3227
26641,26642,production,0.5815
26642,26643,production,0.0
26643,26644,production,0.0
26644,26645,production,0.4942
26645,26646,production,0.8072
26646,26647,production,0.8072
26647,26648,production,0.1943
26648,26649,production,0.4808
26649,26650,production,0.438
26650,26651,production,0.4398
26651,26652,production,0.4508
26652,26653,production,0.5991
26653,26654,production,0.5814
26654,26655,production,0.518
26655,26656,production,0.0
26656,26657,production,0.0
26657,26658,production,0.5651
26658,26659,production,0.1026
26659,26660,production,0.0667
26660,26661,production,0.569
26661,26662,production,0.2624
26662,26663,production,0.2983
26663,26664,production,0.3889
26664,26665,production,0.3552
26665,26666,production,0.0
26666,26667,production,0.0
26667,26668,production,0.6305
26668,26669,production,0.6526
26669,26670,production,0.386
26670,26671,production,0.5651
26671,26672,production,0.631
26672,26673,production,0.5685
26673,26674,production,0.5754
26674,26675,production,0.5736
26675,26676,production,0.632
26676,26677,production,0.5688
26677,26678,production,0.6094
26678,26679,production,0.5836
26679,26680,production,0.5899
26680,26681,production,0.602
26681,26682,production,0.5813
26682,26683,production,0.625
26683,26684,production,0.6091
26684,26685,production,0.6193
26685,26686,production,0.6117
26686,26687,production,0.5981
26687,26688,production,0.6132
26688,26689,production,0.6649
26689,26690,production,0.6649
26690,26691,production,0.7319
26691,26692,production,0.7625
26692,26693,production,0.6649
26693,26694,production,0.6649
26694,26695,production,0.7364
26695,26696,production,0.7736
26696,26697,production,0.4545
26697,26698,production,0.6832
26698,26699,production,0.3373
26699,26700,production,0.7426
26700,26701,production,0.6055
26701,26702,production,0.5261
26702,26703,production,0.8109
26703,26704,production,0.8522
26704,26705,production,0.8522
26705,26706,production,0.8522
26706,26707,production,0.8387
26707,26708,production,0.8522
26708,26709,production,0.8522
26709,26710,production,0.8026
26710,26711,production,0.6632
26711,26712,production,0.6375
26712,26713,production,0.6289
26713,26714,production,0.6533
26714,26715,production,0.6244
26715,26716,production,0.6108
26716,26717,production,0.6755
26717,26718,production,0.6461
26718,26719,production,0.6362
26719,26720,production,0.6712
26720,26721,production,0.6459
26721,26722,production,0.63
26722,26723,production,0.0
26723,26724,production,0.2125
26724,26725,production,0.0
26725,26726,production,0.2917
26726,26727,production,0.2125
26727,26728,production,0.075
26728,26729,production,0.0
26729,26730,production,0.5128
26730,26731,production,0.7744
26731,26732,production,0.0
26732,26733,production,0.5179
26733,26734,production,0.3795
26734,26735,production,0.1042
26735,26736,production,0.1875
26736,26737,production,0.2583
26737,26738,production,0.0
26738,26739,production,0.0
26739,26740,production,0.0
26740,26741,production,0.2958
26741,26742,production,0.1417
26742,26743,production,0.2292
26743,26744,production,0.5458
26744,26745,production,0.1208
26745,26746,production,0.3846
26746,26747,production,0.0
26747,26748,production,0.0
26748,26749,production,0.0
26749,26750,production,0.0
26750,26751,production,0.0
26751,26752,production,0.0
26752,26753,production,0.0
26753,26754,production,0.0
26754,26755,production,0.0
26755,26756,production,0.0
26756,26757,production,0.0
26757,26758,production,0.0
26758,26759,production,0.0
26759,26760,production,0.0
26760,26761,production,0.0
26761,26762,production,0.0
26762,26763,production,0.0
26763,26764,production,0.0
26764,26765,production,0.0
26765,26766,production,0.0
26766,26767,production,0.8691
26767,26768,production,0.831
26768,26769,production,0.8335
26769,26770,production,0.8113
26770,26771,production,0.911
26771,26772,production,0.8101
26772,26773,production,0.5834
26773,26774,production,0.6116
26774,26775,production,0.5821
26775,26776,production,0.3585
26776,26777,production,0.0
26777,26778,production,0.0
26778,26779,production,0.0
26779,26780,production,0.0
26780,26781,production,0.3065
26781,26782,production,0.3373
26782,26783,production,0.3581
26783,26784,production,0.3667
26784,26785,production,0.4777
26785,26786,production,0.5682
26786,26787,production,0.6834
26787,26788,production,0.6834
26788,26789,production,0.6834
26789,26790,production,0.7389
26790,26791,production,0.4183
26791,26792,production,0.4067
26792,26793,production,0.186
26793,26794,production,0.186
26794,26795,production,0.186
26795,26796,production,0.186
26796,26797,production,0.186
26797,26798,production,0.186
26798,26799,production,0.5094
26799,26800,production,0.5446
26800,26801,production,0.5299
26801,26802,production,0.1962
26802,26803,production,0.4231
26803,26804,production,0.4296
26804,26805,production,0.325
26805,26806,production,0.4792
26806,26807,production,0.4899
26807,26808,production,0.4697
26808,26809,production,0.475
26809,26810,production,0.471
26810,26811,production,0.4375
26811,26812,production,0.3044
26812,26813,production,0.0
26813,26814,production,0.0
26814,26815,production,0.0
26815,26816,production,0.0
26816,26817,production,0.0
26817,26818,production,0.0
26818,26819,production,0.0
26819,26820,production,0.0
26820,26821,production,0.0
26821,26822,production,1.0
26822,26823,production,1.0
26823,26824,production,1.0
26824,26825,production,0.3871
26825,26826,production,0.599
26826,26827,production,0.3871
26827,26828,production,0.1588
26828,26829,production,0.3871
26829,26830,production,0.5557
26830,26831,production,0.0
26831,26832,production,0.3375
26832,26833,production,0.3871
26833,26834,production,0.3871
26834,26835,production,0.3871
26835,26836,production,0.3871
26836,26837,production,0.0
26837,26838,production,0.0
26838,26839,production,0.0
26839,26840,production,0.0
26840,26841,production,0.0
26841,26842,production,0.0
26842,26843,production,0.0
26843,26844,production,0.0
26844,26845,production,0.0
26845,26846,production,0.574
26846,26847,production,0.515
26847,26848,production,0.2515
26848,26849,production,0.2845
26849,26850,production,0.5413
26850,26851,production,0.0
26851,26852,production,0.0
26852,26853,production,0.0
26853,26854,production,0.0
26854,26855,production,0.0
26855,26856,production,0.0
26856,26857,production,0.0
26857,26858,production,0.0
26858,26859,production,0.0
26859,26860,production,0.0
26860,26861,production,0.0
26861,26862,production,0.0
26862,26863,production,0.0
26863,26864,production,0.0
26864,26865,production,0.0
26865,26866,production,0.0
26866,26867,production,0.0
26867,26868,production,0.0
26868,26869,production,0.0
26869,26870,production,0.0
26870,26871,production,0.0
26871,26872,production,0.0
26872,26873,production,0.0
26873,26874,production,0.0
26874,26875,production,0.0
26875,26876,production,0.0
26876,26877,production,0.0
26877,26878,production,0.0
26878,26879,production,0.0
26879,26880,production,0.0
26880,26881,production,0.0
26881,26882,production,0.0
26882,26883,production,0.0
26883,26884,production,0.0
26884,26885,production,0.0
26885,26886,production,0.0
26886,26887,production,0.0
26887,26888,production,0.0
26888,26889,production,0.0
26889,26890,production,0.0
26890,26891,production,0.7138
26891,26892,production,0.4799
26892,26893,production,0.1171
26893,26894,production,0.4433
26894,26895,production,0.4831
26895,26896,production,0.9218
26896,26897,production,0.4568
26897,26898,production,0.4781
26898,26899,production,0.4539
26899,26900,production,0.3014
26900,26901,production,0.0
26901,26902,production,0.0
26902,26903,production,0.0
26903,26904,production,0.0
26904,26905,production,0.0
26905,26906,production,0.0
26906,26907,production,0.0
26907,26908,production,0.0
26908,26909,production,0.0
26909,26910,production,0.0
26910,26911,production,0.0
26911,26912,production,0.0
26912,26913,production,0.0
26913,26914,production,0.0
26914,26915,production,0.0
26915,26916,production,0.0
26916,26917,production,0.0
26917,26918,production,0.0
26918,26919,production,0.0
26919,26920,production,0.0
26920,26921,production,0.0
26921,26922,production,0.0
26922,26923,production,0.0
26923,26924,production,0.0
26924,26925,production,0.0
26925,26926,production,0.0
26926,26927,production,0.0
26927,26928,production,0.0
26928,26929,production,0.0
26929,26930,production,0.0
26930,26931,production,0.0
26931,26932,production,0.0
26932,26933,production,0.0
26933,26934,production,0.0
26934,26935,production,0.0
26935,26936,production,0.0
26936,26937,production,0.0
26937,26938,production,0.0
26938,26939,production,0.0
26939,26940,production,0.0
26940,26941,production,0.0
26941,26942,production,0.0
26942,26943,production,0.0
26943,26944,production,0.0
26944,26945,production,0.0
26945,26946,production,0.0
26946,26947,production,0.0
26947,26948,production,0.0
26948,26949,production,0.0
26949,26950,production,0.0
26950,26951,production,0.0
26951,26952,production,0.0
26952,26953,production,0.0
26953,26954,production,0.0
26954,26955,production,0.0
26955,26956,production,0.0
26956,26957,production,0.0
26957,26958,production,0.0
26958,26959,production,0.0
26959,26960,production,0.0
26960,26961,production,0.0
26961,26962,production,0.0
26962,26963,production,0.0
26963,26964,production,0.0
26964,26965,production,0.0
26965,26966,production,0.0
26966,26967,production,0.0
26967,26968,production,0.0
26968,26969,production,0.0
26969,26970,production,0.0
26970,26971,production,0.0
26971,26972,production,0.0
26972,26973,production,0.0
26973,26974,production,0.0
26974,26975,production,0.3802
26975,26976,production,0.0
26976,26977,production,0.0
26977,26978,production,0.0335
26978,26979,production,0.0
26979,26980,production,0.0
26980,26981,production,0.0
26981,26982,production,0.0
26982,26983,production,0.0268
26983,26984,production,0.0
26984,26985,production,0.0
26985,26986,production,0.0
26986,26987,production,0.0
26987,26988,production,0.0
26988,26989,production,0.0103
26989,26990,production,0.0
26990,26991,production,0.0
26991,26992,production,0.5995
26992,26993,production,0.6363
26993,26994,production,0.6529
26994,26995,production,0.391
26995,26996,production,0.4334
26996,26997,production,0.4165
26997,26998,production,0.4096
26998,26999,production,0.2473
26999,27000,production,0.2598
27000,27001,production,0.5071
27001,27002,production,0.4591
27002,27003,production,0.0417
27003,27004,production,0.0417
27004,27005,production,0.0417
27005,27006,production,0.1799
27006,27007,production,0.5169
27007,27008,production,0.6603
27008,27009,production,0.7392
27009,27010,production,0.8106
27010,27011,production,0.6888
27011,27012,production,0.6187
27012,27013,production,0.4742
27013,27014,production,0.6244
27014,27015,production,0.6944
27015,27016,production,0.0
27016,27017,production,0.6403
27017,27018,production,0.705
27018,27019,production,0.6407
27019,27020,production,1.0
27020,27021,production,0.4899
27021,27022,production,0.471
27022,27023,production,0.6861
27023,27024,production,0.3465
27024,27025,production,0.6403
27025,27026,production,0.4874
27026,27027,production,0.1449
27027,27028,production,0.2143
27028,27029,production,0.268
27029,27030,production,0.5538
27030,27031,production,0.5211
