SoilpH,pH,OC_pct,Sum_PAH_ngg,BaP_ngg,SumOCP_ngg,SumDDTs_ngg,SumPCB_ngg,SumHCHs_ngg,SumPAE_ugkg,SumPBDE_ngg,SumPFAS_ngg,TPH_ngg,HMWPAH_ngg,LMWPAH_ngg,标签,SoilpH__missing,pH__missing,Sum_PAH_ngg__missing,BaP_ngg__missing,SumOCP_ngg__missing,SumDDTs_ngg__missing,SumPCB_ngg__missing,SumHCHs_ngg__missing,SumPAE_ugkg__missing,SumPBDE_ngg__missing,SumPFAS_ngg__missing,TPH_ngg__missing,HMWPAH_ngg__missing,LMWPAH_ngg__missing
6.757532632999807,5.54,,460.0,1667.640569424486,104.36750726041244,12.740995215870532,47.39849624471043,6.001087970433774,2050.0,8.537,9.44,4933000.0,54.7,45.84,0,1.0,1.0,0.0,1.0,1.0,1.0,1.0,1.0,1.0,1.0,1.0,1.0,1.0,1.0
6.3758859577922085,5.54,,1228.0,1620.694422732843,63.08487522370304,70.17035417353394,51.45433060462972,5.881890234763863,2050.0,8.537,9.44,4933000.0,54.7,45.84,1,1.0,1.0,0.0,1.0,1.0,1.0,1.0,1.0,1.0,1.0,1.0,1.0,1.0,1.0
6.757532632999807,5.54,,360.0,1667.640569424486,104.36750726041244,12.740995215870532,47.39849624471043,5.972596231286924,2050.0,8.537,9.44,4933000.0,54.7,45.84,0,1.0,1.0,0.0,1.0,1.0,1.0,1.0,1.0,1.0,1.0,1.0,1.0,1.0,1.0
7.781243467875049,5.54,,1082.6,219.6812853784296,23327.923979166662,557.6147345459494,651.9339501384522,24.768170129543073,2050.0,8.537,9.44,4933000.0,54.7,45.84,1,1.0,1.0,0.0,1.0,1.0,1.0,1.0,1.0,1.0,1.0,1.0,1.0,1.0,1.0
6.415135957792208,5.54,,1989.0,1682.9390477328427,63.08487522370304,77.27963859110187,51.45433060462972,7.449298617710275,2050.0,8.537,9.44,4933000.0,54.7,45.84,1,1.0,1.0,0.0,1.0,1.0,1.0,1.0,1.0,1.0,1.0,1.0,1.0,1.0,1.0
6.569260237319848,5.54,,1285.0,1667.640569424486,130.2678751934937,58.89081932153215,45.22569423870903,7.444143147972616,2050.0,8.537,9.44,4933000.0,54.7,45.84,1,1.0,1.0,0.0,1.0,1.0,1.0,1.0,1.0,1.0,1.0,1.0,1.0,1.0,1.0
7.781243467875049,5.54,,1026.0,219.6812853784296,23327.923979166662,557.6147345459494,651.9339501384522,24.768170129543073,2050.0,8.537,9.44,4933000.0,54.7,45.84,1,1.0,1.0,0.0,1.0,1.0,1.0,1.0,1.0,1.0,1.0,1.0,1.0,1.0,1.0
6.761834716333139,5.54,,811.0,1667.640569424486,112.32332905527636,44.062430751516274,46.041581624213,5.937479224744466,2050.0,8.537,9.44,4933000.0,54.7,45.84,1,1.0,1.0,0.0,1.0,1.0,1.0,1.0,1.0,1.0,1.0,1.0,1.0,1.0,1.0
6.758282632999807,5.54,,673.0,1667.640569424486,104.36750726041244,11.30206905390373,47.39849624471043,5.812138243902128,2050.0,8.537,9.44,4933000.0,54.7,45.84,1,1.0,1.0,0.0,1.0,1.0,1.0,1.0,1.0,1.0,1.0,1.0,1.0,1.0,1.0
6.757532632999807,5.54,,538.0,1667.640569424486,104.36750726041244,12.407406557819462,47.39849624471043,5.946826396750153,2050.0,8.537,9.44,4933000.0,54.7,45.84,0,1.0,1.0,0.0,1.0,1.0,1.0,1.0,1.0,1.0,1.0,1.0,1.0,1.0,1.0
6.757532632999807,5.54,,523.0,1667.640569424486,104.36750726041244,12.407406557819462,47.39849624471043,5.946826396750153,2050.0,8.537,9.44,4933000.0,54.7,45.84,0,1.0,1.0,0.0,1.0,1.0,1.0,1.0,1.0,1.0,1.0,1.0,1.0,1.0,1.0
6.569260237319848,5.54,,1490.0,1667.640569424486,130.2678751934937,58.89081932153215,45.22569423870903,7.444143147972616,2050.0,8.537,9.44,4933000.0,54.7,45.84,1,1.0,1.0,0.0,1.0,1.0,1.0,1.0,1.0,1.0,1.0,1.0,1.0,1.0,1.0
6.758282632999807,5.54,,708.0,1667.640569424486,104.36750726041244,11.30206905390373,47.39849624471043,5.812138243902128,2050.0,8.537,9.44,4933000.0,54.7,45.84,1,1.0,1.0,0.0,1.0,1.0,1.0,1.0,1.0,1.0,1.0,1.0,1.0,1.0,1.0
6.722511186921375,5.54,,904.0,1667.640569424486,112.32332905527636,39.029679180860725,49.97347440199078,5.834386892132474,2050.0,8.537,9.44,4933000.0,54.7,45.84,1,1.0,1.0,0.0,1.0,1.0,1.0,1.0,1.0,1.0,1.0,1.0,1.0,1.0,1.0
6.758282632999807,5.54,,699.0,1667.640569424486,104.36750726041244,11.30206905390373,47.39849624471043,5.812138243902128,2050.0,8.537,9.44,4933000.0,54.7,45.84,1,1.0,1.0,0.0,1.0,1.0,1.0,1.0,1.0,1.0,1.0,1.0,1.0,1.0,1.0
6.837264759962238,5.54,,142.0,1667.640569424486,104.36750726041244,13.441373939160297,47.39849624471043,5.62995441690365,2050.0,8.537,9.44,4933000.0,54.7,45.84,0,1.0,1.0,0.0,1.0,1.0,1.0,1.0,1.0,1.0,1.0,1.0,1.0,1.0,1.0
6.757532632999807,5.54,,382.0,1667.640569424486,104.36750726041244,12.740995215870532,47.39849624471043,5.932494741782916,2050.0,8.537,9.44,4933000.0,54.7,45.84,0,1.0,1.0,0.0,1.0,1.0,1.0,1.0,1.0,1.0,1.0,1.0,1.0,1.0,1.0
7.781243467875049,5.54,,932.0,219.6812853784296,23327.923979166662,557.6147345459494,651.9339501384522,25.040902449699814,2050.0,8.537,9.44,4933000.0,54.7,45.84,1,1.0,1.0,0.0,1.0,1.0,1.0,1.0,1.0,1.0,1.0,1.0,1.0,1.0,1.0
7.781243467875049,5.54,,1004.1,219.6812853784296,23327.923979166662,557.6147345459494,651.9339501384522,25.16742012954307,2050.0,8.537,9.44,4933000.0,54.7,45.84,1,1.0,1.0,0.0,1.0,1.0,1.0,1.0,1.0,1.0,1.0,1.0,1.0,1.0,1.0
6.837264759962238,5.54,,321.8,1667.640569424486,104.36750726041244,13.441373939160297,47.39849624471043,5.947605926443679,2050.0,8.537,9.44,4933000.0,54.7,45.84,0,1.0,1.0,0.0,1.0,1.0,1.0,1.0,1.0,1.0,1.0,1.0,1.0,1.0,1.0
6.757532632999807,5.54,,622.4,1667.640569424486,104.36750726041244,11.30206905390373,47.39849624471043,5.911490210094597,2050.0,8.537,9.44,4933000.0,54.7,45.84,1,1.0,1.0,0.0,1.0,1.0,1.0,1.0,1.0,1.0,1.0,1.0,1.0,1.0,1.0
6.757532632999807,5.54,,460.8,1667.640569424486,104.36750726041244,12.740995215870532,47.39849624471043,6.001087970433774,2050.0,8.537,9.44,4933000.0,54.7,45.84,0,1.0,1.0,0.0,1.0,1.0,1.0,1.0,1.0,1.0,1.0,1.0,1.0,1.0,1.0
6.837264759962238,5.54,,219.2,1667.640569424486,104.36750726041244,13.441373939160297,47.39849624471043,5.62995441690365,2050.0,8.537,9.44,4933000.0,54.7,45.84,0,1.0,1.0,0.0,1.0,1.0,1.0,1.0,1.0,1.0,1.0,1.0,1.0,1.0,1.0
6.837264759962238,5.54,,195.3,1667.640569424486,104.36750726041244,13.441373939160297,47.39849624471043,5.62995441690365,2050.0,8.537,9.44,4933000.0,54.7,45.84,0,1.0,1.0,0.0,1.0,1.0,1.0,1.0,1.0,1.0,1.0,1.0,1.0,1.0,1.0
6.757532632999807,5.54,,489.6,1667.640569424486,104.36750726041244,12.740995215870532,47.39849624471043,6.001087970433774,2050.0,8.537,9.44,4933000.0,54.7,45.84,0,1.0,1.0,0.0,1.0,1.0,1.0,1.0,1.0,1.0,1.0,1.0,1.0,1.0,1.0
6.569260237319848,5.54,,1295.8,1667.640569424486,130.2678751934937,58.89081932153215,45.22569423870903,7.444143147972616,2050.0,8.537,9.44,4933000.0,54.7,45.84,1,1.0,1.0,0.0,1.0,1.0,1.0,1.0,1.0,1.0,1.0,1.0,1.0,1.0,1.0
6.3758859577922085,5.54,,1258.6,1620.694422732843,63.08487522370304,70.17035417353394,51.45433060462972,5.881890234763863,2050.0,8.537,9.44,4933000.0,54.7,45.84,1,1.0,1.0,0.0,1.0,1.0,1.0,1.0,1.0,1.0,1.0,1.0,1.0,1.0,1.0
6.757532632999807,5.54,,624.7,1667.640569424486,104.36750726041244,11.30206905390373,47.39849624471043,5.911490210094597,2050.0,8.537,9.44,4933000.0,54.7,45.84,1,1.0,1.0,0.0,1.0,1.0,1.0,1.0,1.0,1.0,1.0,1.0,1.0,1.0,1.0
7.781243467875049,5.54,,1003.9,219.6812853784296,23327.923979166662,557.6147345459494,651.9339501384522,25.16742012954307,2050.0,8.537,9.44,4933000.0,54.7,45.84,1,1.0,1.0,0.0,1.0,1.0,1.0,1.0,1.0,1.0,1.0,1.0,1.0,1.0,1.0
6.757532632999807,5.54,,481.8,1667.640569424486,104.36750726041244,12.740995215870532,47.39849624471043,6.001087970433774,2050.0,8.537,9.44,4933000.0,54.7,45.84,0,1.0,1.0,0.0,1.0,1.0,1.0,1.0,1.0,1.0,1.0,1.0,1.0,1.0,1.0
6.757532632999807,5.54,,435.1,1667.640569424486,104.36750726041244,12.740995215870532,47.39849624471043,6.001087970433774,2050.0,8.537,9.44,4933000.0,54.7,45.84,0,1.0,1.0,0.0,1.0,1.0,1.0,1.0,1.0,1.0,1.0,1.0,1.0,1.0,1.0
6.837264759962238,5.54,,289.1,1667.640569424486,104.36750726041244,13.441373939160297,47.39849624471043,5.947605926443679,2050.0,8.537,9.44,4933000.0,54.7,45.84,0,1.0,1.0,0.0,1.0,1.0,1.0,1.0,1.0,1.0,1.0,1.0,1.0,1.0,1.0
6.837264759962238,5.54,,175.7,1667.640569424486,104.36750726041244,13.441373939160297,47.39849624471043,5.62995441690365,2050.0,8.537,9.44,4933000.0,54.7,45.84,0,1.0,1.0,0.0,1.0,1.0,1.0,1.0,1.0,1.0,1.0,1.0,1.0,1.0,1.0
6.837264759962238,5.54,,296.1,1667.640569424486,104.36750726041244,13.441373939160297,47.39849624471043,5.947605926443679,2050.0,8.537,9.44,4933000.0,54.7,45.84,0,1.0,1.0,0.0,1.0,1.0,1.0,1.0,1.0,1.0,1.0,1.0,1.0,1.0,1.0
6.837264759962238,5.54,,229.3,1667.640569424486,104.36750726041244,13.441373939160297,47.39849624471043,5.62995441690365,2050.0,8.537,9.44,4933000.0,54.7,45.84,0,1.0,1.0,0.0,1.0,1.0,1.0,1.0,1.0,1.0,1.0,1.0,1.0,1.0,1.0
6.837264759962238,5.54,,286.0,1667.640569424486,104.36750726041244,13.441373939160297,47.39849624471043,5.947605926443679,2050.0,8.537,9.44,4933000.0,54.7,45.84,0,1.0,1.0,0.0,1.0,1.0,1.0,1.0,1.0,1.0,1.0,1.0,1.0,1.0,1.0
6.761834716333139,5.54,,772.9,1667.640569424486,112.32332905527636,44.062430751516274,46.041581624213,5.937479224744466,2050.0,8.537,9.44,4933000.0,54.7,45.84,1,1.0,1.0,0.0,1.0,1.0,1.0,1.0,1.0,1.0,1.0,1.0,1.0,1.0,1.0
6.837264759962238,5.54,,259.9,1667.640569424486,104.36750726041244,13.441373939160297,47.39849624471043,5.62995441690365,2050.0,8.537,9.44,4933000.0,54.7,45.84,0,1.0,1.0,0.0,1.0,1.0,1.0,1.0,1.0,1.0,1.0,1.0,1.0,1.0,1.0
6.837264759962238,5.54,,323.3,1667.640569424486,104.36750726041244,13.441373939160297,47.39849624471043,5.947605926443679,2050.0,8.537,9.44,4933000.0,54.7,45.84,0,1.0,1.0,0.0,1.0,1.0,1.0,1.0,1.0,1.0,1.0,1.0,1.0,1.0,1.0
6.757532632999807,5.54,,602.5,1667.640569424486,104.36750726041244,11.30206905390373,47.39849624471043,5.959375230791633,2050.0,8.537,9.44,4933000.0,54.7,45.84,1,1.0,1.0,0.0,1.0,1.0,1.0,1.0,1.0,1.0,1.0,1.0,1.0,1.0,1.0
6.339272712906955,5.54,,274097.40931858856,9199.243657022384,266.18,96.48,1929.6006314086433,108.523741477539,2050.0,8.537,9.44,4933000.0,54.7,45.84,0,1.0,1.0,1.0,1.0,0.0,0.0,1.0,1.0,1.0,1.0,1.0,1.0,1.0,1.0
6.257333333333333,5.54,,21042.969141616828,18240.97862119256,73.67,262.3983672503768,95.7152931270814,518.6769067245789,2050.0,8.537,9.44,4933000.0,54.7,45.84,0,1.0,1.0,1.0,1.0,0.0,1.0,1.0,1.0,1.0,1.0,1.0,1.0,1.0,1.0
6.271895833333334,5.54,,21042.969141616828,18240.97862119256,47.69,261.4591172503768,95.7152931270814,518.6769067245789,2050.0,8.537,9.44,4933000.0,54.7,45.84,0,1.0,1.0,1.0,1.0,0.0,1.0,1.0,1.0,1.0,1.0,1.0,1.0,1.0,1.0
6.220619130524999,5.54,,950.2670603764088,219.6812853784296,236.82572390670717,68.5,132.7568782858654,16.2,2050.0,8.537,9.44,4933000.0,54.7,45.84,0,1.0,1.0,1.0,1.0,1.0,0.0,1.0,0.0,1.0,1.0,1.0,1.0,1.0,1.0
6.837264759962238,5.54,,268.73,1667.640569424486,104.36750726041244,13.441373939160297,47.39849624471043,5.8631143240727415,2050.0,8.537,9.44,4933000.0,54.7,45.84,0,1.0,1.0,0.0,1.0,1.0,1.0,1.0,1.0,1.0,1.0,1.0,1.0,1.0,1.0
6.837264759962238,5.54,,149.8,1667.640569424486,104.36750726041244,13.441373939160297,47.39849624471043,5.62995441690365,2050.0,8.537,9.44,4933000.0,54.7,45.84,0,1.0,1.0,0.0,1.0,1.0,1.0,1.0,1.0,1.0,1.0,1.0,1.0,1.0,1.0
6.720972222222223,5.54,,406.0,1667.640569424486,112.32332905527636,40.75405913091942,46.041581624213,5.837615580811436,2050.0,8.537,9.44,4933000.0,54.7,45.84,0,1.0,1.0,0.0,1.0,1.0,1.0,1.0,1.0,1.0,1.0,1.0,1.0,1.0,1.0
6.837264759962238,5.54,,174.0,1667.640569424486,104.36750726041244,13.441373939160297,47.39849624471043,5.62995441690365,2050.0,8.537,9.44,4933000.0,54.7,45.84,0,1.0,1.0,0.0,1.0,1.0,1.0,1.0,1.0,1.0,1.0,1.0,1.0,1.0,1.0
6.837264759962238,5.54,,52.6,1667.640569424486,104.36750726041244,13.441373939160297,47.39849624471043,5.62995441690365,2050.0,8.537,9.44,4933000.0,54.7,45.84,0,1.0,1.0,0.0,1.0,1.0,1.0,1.0,1.0,1.0,1.0,1.0,1.0,1.0,1.0
6.837264759962238,5.54,,311.19,1667.640569424486,104.36750726041244,13.441373939160297,47.39849624471043,5.947605926443679,2050.0,8.537,9.44,4933000.0,54.7,45.84,0,1.0,1.0,0.0,1.0,1.0,1.0,1.0,1.0,1.0,1.0,1.0,1.0,1.0,1.0
6.722511186921375,5.54,,928.16,1667.640569424486,112.32332905527636,39.029679180860725,49.97347440199078,5.834386892132474,2050.0,8.537,9.44,4933000.0,54.7,45.84,1,1.0,1.0,0.0,1.0,1.0,1.0,1.0,1.0,1.0,1.0,1.0,1.0,1.0,1.0
6.837264759962238,5.54,,36.08,1667.640569424486,104.36750726041244,13.441373939160297,47.39849624471043,5.62995441690365,2050.0,8.537,9.44,4933000.0,54.7,45.84,0,1.0,1.0,0.0,1.0,1.0,1.0,1.0,1.0,1.0,1.0,1.0,1.0,1.0,1.0
6.757532632999807,5.54,,368.0,1667.640569424486,104.36750726041244,12.740995215870532,47.39849624471043,5.972596231286924,2050.0,8.537,9.44,4933000.0,54.7,45.84,0,1.0,1.0,0.0,1.0,1.0,1.0,1.0,1.0,1.0,1.0,1.0,1.0,1.0,1.0
6.722511186921375,5.54,,877.23,1667.640569424486,112.32332905527636,39.029679180860725,49.97347440199078,5.834386892132474,2050.0,8.537,9.44,4933000.0,54.7,45.84,1,1.0,1.0,0.0,1.0,1.0,1.0,1.0,1.0,1.0,1.0,1.0,1.0,1.0,1.0
6.7461576329998065,5.54,,740.21,1667.640569424486,104.36750726041244,11.30206905390373,47.39849624471043,5.812138243902128,2050.0,8.537,9.44,4933000.0,54.7,45.84,1,1.0,1.0,0.0,1.0,1.0,1.0,1.0,1.0,1.0,1.0,1.0,1.0,1.0,1.0
6.837264759962238,5.54,,118.0,1667.640569424486,104.36750726041244,13.441373939160297,47.39849624471043,5.62995441690365,2050.0,8.537,9.44,4933000.0,54.7,45.84,0,1.0,1.0,0.0,1.0,1.0,1.0,1.0,1.0,1.0,1.0,1.0,1.0,1.0,1.0
6.837264759962238,5.54,,128.0,1667.640569424486,104.36750726041244,13.441373939160297,47.39849624471043,5.62995441690365,2050.0,8.537,9.44,4933000.0,54.7,45.84,0,1.0,1.0,0.0,1.0,1.0,1.0,1.0,1.0,1.0,1.0,1.0,1.0,1.0,1.0
7.781243467875049,5.54,,941.27,219.6812853784296,23327.923979166662,557.6147345459494,651.9339501384522,25.040902449699814,2050.0,8.537,9.44,4933000.0,54.7,45.84,1,1.0,1.0,0.0,1.0,1.0,1.0,1.0,1.0,1.0,1.0,1.0,1.0,1.0,1.0
7.781243467875049,5.54,,1081.22,219.6812853784296,23327.923979166662,557.6147345459494,651.9339501384522,24.768170129543073,2050.0,8.537,9.44,4933000.0,54.7,45.84,1,1.0,1.0,0.0,1.0,1.0,1.0,1.0,1.0,1.0,1.0,1.0,1.0,1.0,1.0
6.757532632999807,5.54,,613.1,1667.640569424486,104.36750726041244,11.30206905390373,47.39849624471043,5.911490210094597,2050.0,8.537,9.44,4933000.0,54.7,45.84,1,1.0,1.0,0.0,1.0,1.0,1.0,1.0,1.0,1.0,1.0,1.0,1.0,1.0,1.0
6.837264759962238,5.54,,316.5,1667.640569424486,104.36750726041244,13.441373939160297,47.39849624471043,5.947605926443679,2050.0,8.537,9.44,4933000.0,54.7,45.84,0,1.0,1.0,0.0,1.0,1.0,1.0,1.0,1.0,1.0,1.0,1.0,1.0,1.0,1.0
6.837264759962238,5.54,,328.8,1667.640569424486,104.36750726041244,13.441373939160297,47.39849624471043,5.947605926443679,2050.0,8.537,9.44,4933000.0,54.7,45.84,0,1.0,1.0,0.0,1.0,1.0,1.0,1.0,1.0,1.0,1.0,1.0,1.0,1.0,1.0
6.757532632999807,5.54,,611.28,1667.640569424486,104.36750726041244,11.30206905390373,47.39849624471043,5.959375230791633,2050.0,8.537,9.44,4933000.0,54.7,45.84,1,1.0,1.0,0.0,1.0,1.0,1.0,1.0,1.0,1.0,1.0,1.0,1.0,1.0,1.0
6.837264759962238,5.54,,303.0,1667.640569424486,104.36750726041244,13.441373939160297,47.39849624471043,5.947605926443679,2050.0,8.537,9.44,4933000.0,54.7,45.84,0,1.0,1.0,0.0,1.0,1.0,1.0,1.0,1.0,1.0,1.0,1.0,1.0,1.0,1.0
6.758282632999807,5.54,,705.0,1667.640569424486,104.36750726041244,11.30206905390373,47.39849624471043,5.812138243902128,2050.0,8.537,9.44,4933000.0,54.7,45.84,1,1.0,1.0,0.0,1.0,1.0,1.0,1.0,1.0,1.0,1.0,1.0,1.0,1.0,1.0
6.837264759962238,5.54,,271.0,1667.640569424486,104.36750726041244,13.441373939160297,47.39849624471043,5.8631143240727415,2050.0,8.537,9.44,4933000.0,54.7,45.84,0,1.0,1.0,0.0,1.0,1.0,1.0,1.0,1.0,1.0,1.0,1.0,1.0,1.0,1.0
6.757532632999807,5.54,,336.4,1667.640569424486,104.36750726041244,12.407406557819462,47.39849624471043,5.947605926443679,2050.0,8.537,9.44,4933000.0,54.7,45.84,0,1.0,1.0,0.0,1.0,1.0,1.0,1.0,1.0,1.0,1.0,1.0,1.0,1.0,1.0
6.439847103863907,5.54,,3917.0,1628.0469342323377,139.09527691553018,82.90619998807507,45.22569423870903,7.629484243102849,2050.0,8.537,9.44,4933000.0,54.7,45.84,1,1.0,1.0,0.0,1.0,1.0,1.0,1.0,1.0,1.0,1.0,1.0,1.0,1.0,1.0
6.837264759962238,5.54,,116.0,1667.640569424486,104.36750726041244,13.441373939160297,47.39849624471043,5.62995441690365,2050.0,8.537,9.44,4933000.0,54.7,45.84,0,1.0,1.0,0.0,1.0,1.0,1.0,1.0,1.0,1.0,1.0,1.0,1.0,1.0,1.0
6.3758859577922085,5.54,,1228.1,1620.694422732843,63.08487522370304,70.17035417353394,51.45433060462972,5.881890234763863,2050.0,8.537,9.44,4933000.0,54.7,45.84,1,1.0,1.0,0.0,1.0,1.0,1.0,1.0,1.0,1.0,1.0,1.0,1.0,1.0,1.0
6.758282632999807,5.54,,665.8,1667.640569424486,104.36750726041244,11.30206905390373,47.39849624471043,5.812138243902128,2050.0,8.537,9.44,4933000.0,54.7,45.84,1,1.0,1.0,0.0,1.0,1.0,1.0,1.0,1.0,1.0,1.0,1.0,1.0,1.0,1.0
6.439847103863907,5.54,,3290.0,1628.0469342323377,139.09527691553018,82.90619998807507,45.22569423870903,7.629484243102849,2050.0,8.537,9.44,4933000.0,54.7,45.84,1,1.0,1.0,0.0,1.0,1.0,1.0,1.0,1.0,1.0,1.0,1.0,1.0,1.0,1.0
7.781243467875049,5.54,,1060.0,219.6812853784296,23327.923979166662,557.6147345459494,651.9339501384522,24.768170129543073,2050.0,8.537,9.44,4933000.0,54.7,45.84,1,1.0,1.0,0.0,1.0,1.0,1.0,1.0,1.0,1.0,1.0,1.0,1.0,1.0,1.0
6.837264759962238,5.54,,221.0,1667.640569424486,104.36750726041244,13.441373939160297,47.39849624471043,5.62995441690365,2050.0,8.537,9.44,4933000.0,54.7,45.84,0,1.0,1.0,0.0,1.0,1.0,1.0,1.0,1.0,1.0,1.0,1.0,1.0,1.0,1.0
6.757532632999807,5.54,,386.68,1667.640569424486,104.36750726041244,12.740995215870532,47.39849624471043,5.961265954381562,2050.0,8.537,9.44,4933000.0,54.7,45.84,0,1.0,1.0,0.0,1.0,1.0,1.0,1.0,1.0,1.0,1.0,1.0,1.0,1.0,1.0
6.439847103863907,5.54,,4586.6,1628.0469342323377,139.09527691553018,82.90619998807507,45.22569423870903,7.629484243102849,2050.0,8.537,9.44,4933000.0,54.7,45.84,1,1.0,1.0,0.0,1.0,1.0,1.0,1.0,1.0,1.0,1.0,1.0,1.0,1.0,1.0
6.762032632999807,5.54,,640.6,1667.640569424486,104.36750726041244,11.30206905390373,47.39849624471043,5.925660668525982,2050.0,8.537,9.44,4933000.0,54.7,45.84,1,1.0,1.0,0.0,1.0,1.0,1.0,1.0,1.0,1.0,1.0,1.0,1.0,1.0,1.0
6.757532632999807,5.54,,471.3,1667.640569424486,104.36750726041244,12.740995215870532,47.39849624471043,6.001087970433774,2050.0,8.537,9.44,4933000.0,54.7,45.84,0,1.0,1.0,0.0,1.0,1.0,1.0,1.0,1.0,1.0,1.0,1.0,1.0,1.0,1.0
6.757532632999807,5.54,,619.86,1667.640569424486,104.36750726041244,11.30206905390373,47.39849624471043,5.911490210094597,2050.0,8.537,9.44,4933000.0,54.7,45.84,1,1.0,1.0,0.0,1.0,1.0,1.0,1.0,1.0,1.0,1.0,1.0,1.0,1.0,1.0
6.569260237319848,5.54,,1295.79,1667.640569424486,130.2678751934937,58.89081932153215,45.22569423870903,7.444143147972616,2050.0,8.537,9.44,4933000.0,54.7,45.84,1,1.0,1.0,0.0,1.0,1.0,1.0,1.0,1.0,1.0,1.0,1.0,1.0,1.0,1.0
6.837264759962238,5.54,,180.0,1667.640569424486,104.36750726041244,13.441373939160297,47.39849624471043,5.62995441690365,2050.0,8.537,9.44,4933000.0,54.7,45.84,0,1.0,1.0,0.0,1.0,1.0,1.0,1.0,1.0,1.0,1.0,1.0,1.0,1.0,1.0
6.757532632999807,5.54,,480.28,1667.640569424486,104.36750726041244,12.740995215870532,47.39849624471043,6.001087970433774,2050.0,8.537,9.44,4933000.0,54.7,45.84,0,1.0,1.0,0.0,1.0,1.0,1.0,1.0,1.0,1.0,1.0,1.0,1.0,1.0,1.0
6.837264759962238,5.54,,41.3,1667.640569424486,104.36750726041244,13.441373939160297,47.39849624471043,5.62995441690365,2050.0,8.537,9.44,4933000.0,54.7,45.84,0,1.0,1.0,0.0,1.0,1.0,1.0,1.0,1.0,1.0,1.0,1.0,1.0,1.0,1.0
6.757532632999807,5.54,,339.0,1667.640569424486,104.36750726041244,12.407406557819462,47.39849624471043,5.947605926443679,2050.0,8.537,9.44,4933000.0,54.7,45.84,0,1.0,1.0,0.0,1.0,1.0,1.0,1.0,1.0,1.0,1.0,1.0,1.0,1.0,1.0
6.757532632999807,5.54,,460.0,1667.640569424486,104.36750726041244,12.740995215870532,47.39849624471043,6.001087970433774,2050.0,8.537,9.44,4933000.0,54.7,45.84,0,1.0,1.0,0.0,1.0,1.0,1.0,1.0,1.0,1.0,1.0,1.0,1.0,1.0,1.0
6.837264759962238,5.54,,42.42,1667.640569424486,104.36750726041244,13.441373939160297,47.39849624471043,5.62995441690365,2050.0,8.537,9.44,4933000.0,54.7,45.84,0,1.0,1.0,0.0,1.0,1.0,1.0,1.0,1.0,1.0,1.0,1.0,1.0,1.0,1.0
6.3758859577922085,5.54,,1970.0,1620.694422732843,63.08487522370304,76.19975409417138,51.45433060462972,7.1123986771569605,2050.0,8.537,9.44,4933000.0,54.7,45.84,1,1.0,1.0,0.0,1.0,1.0,1.0,1.0,1.0,1.0,1.0,1.0,1.0,1.0,1.0
6.837264759962238,5.54,,266.6,1667.640569424486,104.36750726041244,13.441373939160297,47.39849624471043,5.8631143240727415,2050.0,8.537,9.44,4933000.0,54.7,45.84,0,1.0,1.0,0.0,1.0,1.0,1.0,1.0,1.0,1.0,1.0,1.0,1.0,1.0,1.0
6.837264759962238,5.54,,87.66,1667.640569424486,104.36750726041244,13.441373939160297,47.39849624471043,5.62995441690365,2050.0,8.537,9.44,4933000.0,54.7,45.84,0,1.0,1.0,0.0,1.0,1.0,1.0,1.0,1.0,1.0,1.0,1.0,1.0,1.0,1.0
6.837264759962238,5.54,,133.84,1667.640569424486,104.36750726041244,13.441373939160297,47.39849624471043,5.62995441690365,2050.0,8.537,9.44,4933000.0,54.7,45.84,0,1.0,1.0,0.0,1.0,1.0,1.0,1.0,1.0,1.0,1.0,1.0,1.0,1.0,1.0
7.781243467875049,5.54,,1082.8,219.6812853784296,23327.923979166662,557.6147345459494,651.9339501384522,24.768170129543073,2050.0,8.537,9.44,4933000.0,54.7,45.84,1,1.0,1.0,0.0,1.0,1.0,1.0,1.0,1.0,1.0,1.0,1.0,1.0,1.0,1.0
6.4852009615384585,5.54,,6248.5,219.6812853784296,3511.276885714285,572.2718595459494,834.9675385764033,24.768170129543073,2050.0,8.537,9.44,4933000.0,54.7,45.84,1,1.0,1.0,0.0,1.0,1.0,1.0,1.0,1.0,1.0,1.0,1.0,1.0,1.0,1.0
7.781243467875049,5.54,,932.0,219.6812853784296,23327.923979166662,557.6147345459494,651.9339501384522,25.040902449699814,2050.0,8.537,9.44,4933000.0,54.7,45.84,1,1.0,1.0,0.0,1.0,1.0,1.0,1.0,1.0,1.0,1.0,1.0,1.0,1.0,1.0
6.757532632999807,5.54,,528.06,1667.640569424486,104.36750726041244,12.407406557819462,47.39849624471043,5.946826396750153,2050.0,8.537,9.44,4933000.0,54.7,45.84,0,1.0,1.0,0.0,1.0,1.0,1.0,1.0,1.0,1.0,1.0,1.0,1.0,1.0,1.0
6.757532632999807,5.54,,589.9,1667.640569424486,104.36750726041244,11.30206905390373,47.39849624471043,5.959375230791633,2050.0,8.537,9.44,4933000.0,54.7,45.84,1,1.0,1.0,0.0,1.0,1.0,1.0,1.0,1.0,1.0,1.0,1.0,1.0,1.0,1.0
5.629202678571427,5.54,,2580.0,1581.100787540695,148.4853296097139,82.90619998807507,45.22569423870903,7.030772072842562,2050.0,8.537,9.44,4933000.0,54.7,45.84,1,1.0,1.0,0.0,1.0,1.0,1.0,1.0,1.0,1.0,1.0,1.0,1.0,1.0,1.0
6.837264759962238,5.54,,225.0,1667.640569424486,104.36750726041244,13.441373939160297,47.39849624471043,5.62995441690365,2050.0,8.537,9.44,4933000.0,54.7,45.84,0,1.0,1.0,0.0,1.0,1.0,1.0,1.0,1.0,1.0,1.0,1.0,1.0,1.0,1.0
6.7461576329998065,5.54,,732.0,1667.640569424486,104.36750726041244,11.30206905390373,47.39849624471043,5.812138243902128,2050.0,8.537,9.44,4933000.0,54.7,45.84,1,1.0,1.0,0.0,1.0,1.0,1.0,1.0,1.0,1.0,1.0,1.0,1.0,1.0,1.0
6.837264759962238,5.54,,269.0,1667.640569424486,104.36750726041244,13.441373939160297,47.39849624471043,5.8631143240727415,2050.0,8.537,9.44,4933000.0,54.7,45.84,0,1.0,1.0,0.0,1.0,1.0,1.0,1.0,1.0,1.0,1.0,1.0,1.0,1.0,1.0
6.757532632999807,5.54,,484.0,1667.640569424486,104.36750726041244,12.740995215870532,47.39849624471043,6.001087970433774,2050.0,8.537,9.44,4933000.0,54.7,45.84,0,1.0,1.0,0.0,1.0,1.0,1.0,1.0,1.0,1.0,1.0,1.0,1.0,1.0,1.0
6.837264759962238,5.54,,278.0,1667.640569424486,104.36750726041244,13.441373939160297,47.39849624471043,5.8631143240727415,2050.0,8.537,9.44,4933000.0,54.7,45.84,0,1.0,1.0,0.0,1.0,1.0,1.0,1.0,1.0,1.0,1.0,1.0,1.0,1.0,1.0
6.837264759962238,5.54,,315.0,1667.640569424486,104.36750726041244,13.441373939160297,47.39849624471043,5.947605926443679,2050.0,8.537,9.44,4933000.0,54.7,45.84,0,1.0,1.0,0.0,1.0,1.0,1.0,1.0,1.0,1.0,1.0,1.0,1.0,1.0,1.0
6.837264759962238,5.54,,179.0,1667.640569424486,104.36750726041244,13.441373939160297,47.39849624471043,5.62995441690365,2050.0,8.537,9.44,4933000.0,54.7,45.84,0,1.0,1.0,0.0,1.0,1.0,1.0,1.0,1.0,1.0,1.0,1.0,1.0,1.0,1.0
6.720972222222223,5.54,,407.4,1667.640569424486,112.32332905527636,40.75405913091942,46.041581624213,5.837615580811436,2050.0,8.537,9.44,4933000.0,54.7,45.84,0,1.0,1.0,0.0,1.0,1.0,1.0,1.0,1.0,1.0,1.0,1.0,1.0,1.0,1.0
6.757532632999807,5.54,,352.94,1667.640569424486,104.36750726041244,12.740995215870532,47.39849624471043,5.972596231286924,2050.0,8.537,9.44,4933000.0,54.7,45.84,0,1.0,1.0,0.0,1.0,1.0,1.0,1.0,1.0,1.0,1.0,1.0,1.0,1.0,1.0
6.757532632999807,5.54,,489.6,1667.640569424486,104.36750726041244,12.740995215870532,47.39849624471043,6.001087970433774,2050.0,8.537,9.44,4933000.0,54.7,45.84,0,1.0,1.0,0.0,1.0,1.0,1.0,1.0,1.0,1.0,1.0,1.0,1.0,1.0,1.0
6.757532632999807,5.54,,382.5,1667.640569424486,104.36750726041244,12.740995215870532,47.39849624471043,5.932494741782916,2050.0,8.537,9.44,4933000.0,54.7,45.84,0,1.0,1.0,0.0,1.0,1.0,1.0,1.0,1.0,1.0,1.0,1.0,1.0,1.0,1.0
6.837264759962238,5.54,,139.3,1667.640569424486,104.36750726041244,13.441373939160297,47.39849624471043,5.62995441690365,2050.0,8.537,9.44,4933000.0,54.7,45.84,0,1.0,1.0,0.0,1.0,1.0,1.0,1.0,1.0,1.0,1.0,1.0,1.0,1.0,1.0
6.758282632999807,5.54,,689.6,1667.640569424486,104.36750726041244,11.30206905390373,47.39849624471043,5.812138243902128,2050.0,8.537,9.44,4933000.0,54.7,45.84,1,1.0,1.0,0.0,1.0,1.0,1.0,1.0,1.0,1.0,1.0,1.0,1.0,1.0,1.0
6.757532632999807,5.54,,368.0,1667.640569424486,104.36750726041244,12.740995215870532,47.39849624471043,5.972596231286924,2050.0,8.537,9.44,4933000.0,54.7,45.84,0,1.0,1.0,0.0,1.0,1.0,1.0,1.0,1.0,1.0,1.0,1.0,1.0,1.0,1.0
5.629202678571427,5.54,,2780.4,1581.100787540695,148.4853296097139,82.90619998807507,45.22569423870903,7.030772072842562,2050.0,8.537,9.44,4933000.0,54.7,45.84,1,1.0,1.0,0.0,1.0,1.0,1.0,1.0,1.0,1.0,1.0,1.0,1.0,1.0,1.0
6.569260237319848,5.54,,1552.0,1667.640569424486,130.2678751934937,58.89081932153215,45.22569423870903,7.444143147972616,2050.0,8.537,9.44,4933000.0,54.7,45.84,1,1.0,1.0,0.0,1.0,1.0,1.0,1.0,1.0,1.0,1.0,1.0,1.0,1.0,1.0
6.837264759962238,5.54,,223.85,1667.640569424486,104.36750726041244,13.441373939160297,47.39849624471043,5.62995441690365,2050.0,8.537,9.44,4933000.0,54.7,45.84,0,1.0,1.0,0.0,1.0,1.0,1.0,1.0,1.0,1.0,1.0,1.0,1.0,1.0,1.0
6.460365124458875,5.54,,2360.0,1682.9390477328427,63.08487522370304,71.25023867046443,51.45433060462972,6.009195085097611,2050.0,8.537,9.44,4933000.0,54.7,45.84,1,1.0,1.0,0.0,1.0,1.0,1.0,1.0,1.0,1.0,1.0,1.0,1.0,1.0,1.0
6.758282632999807,5.54,,691.0,1667.640569424486,104.36750726041244,11.30206905390373,47.39849624471043,5.812138243902128,2050.0,8.537,9.44,4933000.0,54.7,45.84,1,1.0,1.0,0.0,1.0,1.0,1.0,1.0,1.0,1.0,1.0,1.0,1.0,1.0,1.0
6.837264759962238,5.54,,52.34,1667.640569424486,104.36750726041244,13.441373939160297,47.39849624471043,5.62995441690365,2050.0,8.537,9.44,4933000.0,54.7,45.84,0,1.0,1.0,0.0,1.0,1.0,1.0,1.0,1.0,1.0,1.0,1.0,1.0,1.0,1.0
6.758282632999807,5.54,,723.0,1667.640569424486,104.36750726041244,11.30206905390373,47.39849624471043,5.812138243902128,2050.0,8.537,9.44,4933000.0,54.7,45.84,1,1.0,1.0,0.0,1.0,1.0,1.0,1.0,1.0,1.0,1.0,1.0,1.0,1.0,1.0
6.837264759962238,5.54,,119.88,1667.640569424486,104.36750726041244,13.441373939160297,47.39849624471043,5.62995441690365,2050.0,8.537,9.44,4933000.0,54.7,45.84,0,1.0,1.0,0.0,1.0,1.0,1.0,1.0,1.0,1.0,1.0,1.0,1.0,1.0,1.0
6.837264759962238,5.54,,9.21,1667.640569424486,104.36750726041244,13.441373939160297,47.39849624471043,5.62995441690365,2050.0,8.537,9.44,4933000.0,54.7,45.84,0,1.0,1.0,0.0,1.0,1.0,1.0,1.0,1.0,1.0,1.0,1.0,1.0,1.0,1.0
6.837264759962238,5.54,,59.9,1667.640569424486,104.36750726041244,13.441373939160297,47.39849624471043,5.62995441690365,2050.0,8.537,9.44,4933000.0,54.7,45.84,0,1.0,1.0,0.0,1.0,1.0,1.0,1.0,1.0,1.0,1.0,1.0,1.0,1.0,1.0
6.761834716333139,5.54,,807.0,1667.640569424486,112.32332905527636,44.062430751516274,46.041581624213,5.937479224744466,2050.0,8.537,9.44,4933000.0,54.7,45.84,1,1.0,1.0,0.0,1.0,1.0,1.0,1.0,1.0,1.0,1.0,1.0,1.0,1.0,1.0
6.757532632999807,5.54,,364.0,1667.640569424486,104.36750726041244,12.740995215870532,47.39849624471043,5.972596231286924,2050.0,8.537,9.44,4933000.0,54.7,45.84,0,1.0,1.0,0.0,1.0,1.0,1.0,1.0,1.0,1.0,1.0,1.0,1.0,1.0,1.0
6.837264759962238,5.54,,129.5,1667.640569424486,104.36750726041244,13.441373939160297,47.39849624471043,5.62995441690365,2050.0,8.537,9.44,4933000.0,54.7,45.84,0,1.0,1.0,0.0,1.0,1.0,1.0,1.0,1.0,1.0,1.0,1.0,1.0,1.0,1.0
6.837264759962238,5.54,,202.0,1667.640569424486,104.36750726041244,13.441373939160297,47.39849624471043,5.62995441690365,2050.0,8.537,9.44,4933000.0,54.7,45.84,0,1.0,1.0,0.0,1.0,1.0,1.0,1.0,1.0,1.0,1.0,1.0,1.0,1.0,1.0
6.3758859577922085,5.54,,1700.0,1620.694422732843,63.08487522370304,76.19975409417138,51.45433060462972,7.1123986771569605,2050.0,8.537,9.44,4933000.0,54.7,45.84,1,1.0,1.0,0.0,1.0,1.0,1.0,1.0,1.0,1.0,1.0,1.0,1.0,1.0,1.0
7.781243467875049,5.54,,1082.6,219.6812853784296,23327.923979166662,557.6147345459494,651.9339501384522,24.768170129543073,2050.0,8.537,9.44,4933000.0,54.7,45.84,1,1.0,1.0,0.0,1.0,1.0,1.0,1.0,1.0,1.0,1.0,1.0,1.0,1.0,1.0
6.757532632999807,5.54,,397.0,1667.640569424486,104.36750726041244,12.740995215870532,47.39849624471043,5.961265954381562,2050.0,8.537,9.44,4933000.0,54.7,45.84,0,1.0,1.0,0.0,1.0,1.0,1.0,1.0,1.0,1.0,1.0,1.0,1.0,1.0,1.0
6.3758859577922085,5.54,,1637.0,1620.694422732843,63.08487522370304,76.19975409417138,51.45433060462972,7.1123986771569605,2050.0,8.537,9.44,4933000.0,54.7,45.84,1,1.0,1.0,0.0,1.0,1.0,1.0,1.0,1.0,1.0,1.0,1.0,1.0,1.0,1.0
6.837264759962238,5.54,,318.2,1667.640569424486,104.36750726041244,13.441373939160297,47.39849624471043,5.947605926443679,2050.0,8.537,9.44,4933000.0,54.7,45.84,0,1.0,1.0,0.0,1.0,1.0,1.0,1.0,1.0,1.0,1.0,1.0,1.0,1.0,1.0
6.439847103863907,5.54,,3234.0,1628.0469342323377,139.09527691553018,82.90619998807507,45.22569423870903,7.629484243102849,2050.0,8.537,9.44,4933000.0,54.7,45.84,1,1.0,1.0,0.0,1.0,1.0,1.0,1.0,1.0,1.0,1.0,1.0,1.0,1.0,1.0
6.837264759962238,5.54,,287.0,1667.640569424486,104.36750726041244,13.441373939160297,47.39849624471043,5.947605926443679,2050.0,8.537,9.44,4933000.0,54.7,45.84,0,1.0,1.0,0.0,1.0,1.0,1.0,1.0,1.0,1.0,1.0,1.0,1.0,1.0,1.0
6.837264759962238,5.54,,195.0,1667.640569424486,104.36750726041244,13.441373939160297,47.39849624471043,5.62995441690365,2050.0,8.537,9.44,4933000.0,54.7,45.84,0,1.0,1.0,0.0,1.0,1.0,1.0,1.0,1.0,1.0,1.0,1.0,1.0,1.0,1.0
6.720972222222223,5.54,,407.3,1667.640569424486,112.32332905527636,40.75405913091942,46.041581624213,5.837615580811436,2050.0,8.537,9.44,4933000.0,54.7,45.84,0,1.0,1.0,0.0,1.0,1.0,1.0,1.0,1.0,1.0,1.0,1.0,1.0,1.0,1.0
6.757532632999807,5.54,,590.4,1667.640569424486,104.36750726041244,11.30206905390373,47.39849624471043,5.959375230791633,2050.0,8.537,9.44,4933000.0,54.7,45.84,1,1.0,1.0,0.0,1.0,1.0,1.0,1.0,1.0,1.0,1.0,1.0,1.0,1.0,1.0
6.722511186921375,5.54,,924.05,1667.640569424486,112.32332905527636,39.029679180860725,49.97347440199078,5.834386892132474,2050.0,8.537,9.44,4933000.0,54.7,45.84,1,1.0,1.0,0.0,1.0,1.0,1.0,1.0,1.0,1.0,1.0,1.0,1.0,1.0,1.0
6.837264759962238,5.54,,218.0,1667.640569424486,104.36750726041244,13.441373939160297,47.39849624471043,5.62995441690365,2050.0,8.537,9.44,4933000.0,54.7,45.84,0,1.0,1.0,0.0,1.0,1.0,1.0,1.0,1.0,1.0,1.0,1.0,1.0,1.0,1.0
6.837264759962238,5.54,,253.0,1667.640569424486,104.36750726041244,13.441373939160297,47.39849624471043,5.62995441690365,2050.0,8.537,9.44,4933000.0,54.7,45.84,0,1.0,1.0,0.0,1.0,1.0,1.0,1.0,1.0,1.0,1.0,1.0,1.0,1.0,1.0
6.837264759962238,5.54,,229.19,1667.640569424486,104.36750726041244,13.441373939160297,47.39849624471043,5.62995441690365,2050.0,8.537,9.44,4933000.0,54.7,45.84,0,1.0,1.0,0.0,1.0,1.0,1.0,1.0,1.0,1.0,1.0,1.0,1.0,1.0,1.0
6.757532632999807,5.54,,619.86,1667.640569424486,104.36750726041244,11.30206905390373,47.39849624471043,5.911490210094597,2050.0,8.537,9.44,4933000.0,54.7,45.84,1,1.0,1.0,0.0,1.0,1.0,1.0,1.0,1.0,1.0,1.0,1.0,1.0,1.0,1.0
6.569260237319848,5.54,,1295.79,1667.640569424486,130.2678751934937,58.89081932153215,45.22569423870903,7.444143147972616,2050.0,8.537,9.44,4933000.0,54.7,45.84,1,1.0,1.0,0.0,1.0,1.0,1.0,1.0,1.0,1.0,1.0,1.0,1.0,1.0,1.0
6.837264759962238,5.54,,188.0,1667.640569424486,104.36750726041244,13.441373939160297,47.39849624471043,5.62995441690365,2050.0,8.537,9.44,4933000.0,54.7,45.84,0,1.0,1.0,0.0,1.0,1.0,1.0,1.0,1.0,1.0,1.0,1.0,1.0,1.0,1.0
6.837264759962238,5.54,,116.0,1667.640569424486,104.36750726041244,13.441373939160297,47.39849624471043,5.62995441690365,2050.0,8.537,9.44,4933000.0,54.7,45.84,0,1.0,1.0,0.0,1.0,1.0,1.0,1.0,1.0,1.0,1.0,1.0,1.0,1.0,1.0
6.757532632999807,5.54,,565.8,1667.640569424486,104.36750726041244,11.30206905390373,47.39849624471043,5.959375230791633,2050.0,8.537,9.44,4933000.0,54.7,45.84,1,1.0,1.0,0.0,1.0,1.0,1.0,1.0,1.0,1.0,1.0,1.0,1.0,1.0,1.0
6.3758859577922085,5.54,,1581.87,1620.694422732843,63.08487522370304,76.19975409417138,51.45433060462972,7.1123986771569605,2050.0,8.537,9.44,4933000.0,54.7,45.84,1,1.0,1.0,0.0,1.0,1.0,1.0,1.0,1.0,1.0,1.0,1.0,1.0,1.0,1.0
7.781243467875049,5.54,,1001.9,219.6812853784296,23327.923979166662,557.6147345459494,651.9339501384522,25.16742012954307,2050.0,8.537,9.44,4933000.0,54.7,45.84,1,1.0,1.0,0.0,1.0,1.0,1.0,1.0,1.0,1.0,1.0,1.0,1.0,1.0,1.0
6.837264759962238,5.54,,331.0,1667.640569424486,104.36750726041244,13.441373939160297,47.39849624471043,5.947605926443679,2050.0,8.537,9.44,4933000.0,54.7,45.84,0,1.0,1.0,0.0,1.0,1.0,1.0,1.0,1.0,1.0,1.0,1.0,1.0,1.0,1.0
6.837264759962238,5.54,,32.0,1667.640569424486,104.36750726041244,13.441373939160297,47.39849624471043,5.62995441690365,2050.0,8.537,9.44,4933000.0,54.7,45.84,0,1.0,1.0,0.0,1.0,1.0,1.0,1.0,1.0,1.0,1.0,1.0,1.0,1.0,1.0
6.837264759962238,5.54,,50.0,1667.640569424486,104.36750726041244,13.441373939160297,47.39849624471043,5.62995441690365,2050.0,8.537,9.44,4933000.0,54.7,45.84,0,1.0,1.0,0.0,1.0,1.0,1.0,1.0,1.0,1.0,1.0,1.0,1.0,1.0,1.0
6.757532632999807,5.54,,394.52,1667.640569424486,104.36750726041244,12.407406557819462,47.39849624471043,5.961265954381562,2050.0,8.537,9.44,4933000.0,54.7,45.84,0,1.0,1.0,0.0,1.0,1.0,1.0,1.0,1.0,1.0,1.0,1.0,1.0,1.0,1.0
6.837264759962238,5.54,,6.09,1667.640569424486,104.36750726041244,13.441373939160297,47.39849624471043,5.62995441690365,2050.0,8.537,9.44,4933000.0,54.7,45.84,0,1.0,1.0,0.0,1.0,1.0,1.0,1.0,1.0,1.0,1.0,1.0,1.0,1.0,1.0
6.837264759962238,5.54,,123.09,1667.640569424486,104.36750726041244,13.441373939160297,47.39849624471043,5.62995441690365,2050.0,8.537,9.44,4933000.0,54.7,45.84,0,1.0,1.0,0.0,1.0,1.0,1.0,1.0,1.0,1.0,1.0,1.0,1.0,1.0,1.0
6.837264759962238,5.54,,9.0,1667.640569424486,104.36750726041244,13.441373939160297,47.39849624471043,5.62995441690365,2050.0,8.537,9.44,4933000.0,54.7,45.84,0,1.0,1.0,0.0,1.0,1.0,1.0,1.0,1.0,1.0,1.0,1.0,1.0,1.0,1.0
6.837264759962238,5.54,,260.0,1667.640569424486,104.36750726041244,13.441373939160297,47.39849624471043,5.62995441690365,2050.0,8.537,9.44,4933000.0,54.7,45.84,0,1.0,1.0,0.0,1.0,1.0,1.0,1.0,1.0,1.0,1.0,1.0,1.0,1.0,1.0
6.3758859577922085,5.54,,1280.12,1620.694422732843,63.08487522370304,70.17035417353394,51.45433060462972,5.881890234763863,2050.0,8.537,9.44,4933000.0,54.7,45.84,1,1.0,1.0,0.0,1.0,1.0,1.0,1.0,1.0,1.0,1.0,1.0,1.0,1.0,1.0
6.837264759962238,5.54,,30.1,1667.640569424486,104.36750726041244,13.441373939160297,47.39849624471043,5.62995441690365,2050.0,8.537,9.44,4933000.0,54.7,45.84,0,1.0,1.0,0.0,1.0,1.0,1.0,1.0,1.0,1.0,1.0,1.0,1.0,1.0,1.0
6.758282632999807,5.54,,675.4,1667.640569424486,104.36750726041244,11.30206905390373,47.39849624471043,5.812138243902128,2050.0,8.537,9.44,4933000.0,54.7,45.84,1,1.0,1.0,0.0,1.0,1.0,1.0,1.0,1.0,1.0,1.0,1.0,1.0,1.0,1.0
6.3758859577922085,5.54,,1246.0,1620.694422732843,63.08487522370304,70.17035417353394,51.45433060462972,5.881890234763863,2050.0,8.537,9.44,4933000.0,54.7,45.84,1,1.0,1.0,0.0,1.0,1.0,1.0,1.0,1.0,1.0,1.0,1.0,1.0,1.0,1.0
6.837264759962238,5.54,,57.7,1667.640569424486,104.36750726041244,13.441373939160297,47.39849624471043,5.62995441690365,2050.0,8.537,9.44,4933000.0,54.7,45.84,0,1.0,1.0,0.0,1.0,1.0,1.0,1.0,1.0,1.0,1.0,1.0,1.0,1.0,1.0
6.837264759962238,5.54,,303.0,1667.640569424486,104.36750726041244,13.441373939160297,47.39849624471043,5.947605926443679,2050.0,8.537,9.44,4933000.0,54.7,45.84,0,1.0,1.0,0.0,1.0,1.0,1.0,1.0,1.0,1.0,1.0,1.0,1.0,1.0,1.0
7.781243467875049,5.54,,1040.8,219.6812853784296,23327.923979166662,557.6147345459494,651.9339501384522,24.768170129543073,2050.0,8.537,9.44,4933000.0,54.7,45.84,1,1.0,1.0,0.0,1.0,1.0,1.0,1.0,1.0,1.0,1.0,1.0,1.0,1.0,1.0
6.3758859577922085,5.54,,1742.0,1620.694422732843,63.08487522370304,76.19975409417138,51.45433060462972,7.1123986771569605,2050.0,8.537,9.44,4933000.0,54.7,45.84,1,1.0,1.0,0.0,1.0,1.0,1.0,1.0,1.0,1.0,1.0,1.0,1.0,1.0,1.0
6.460365124458875,5.54,,2370.0,1682.9390477328427,63.08487522370304,71.25023867046443,51.45433060462972,6.009195085097611,2050.0,8.537,9.44,4933000.0,54.7,45.84,1,1.0,1.0,0.0,1.0,1.0,1.0,1.0,1.0,1.0,1.0,1.0,1.0,1.0,1.0
5.66168846153846,5.54,,8740.0,435.1127199748642,3491.450302380953,572.2718595459494,743.7101419454467,11.339022581014197,2050.0,8.537,9.44,4933000.0,54.7,45.84,1,1.0,1.0,0.0,1.0,1.0,1.0,1.0,1.0,1.0,1.0,1.0,1.0,1.0,1.0
6.569260237319848,5.54,,1567.0,1667.640569424486,130.2678751934937,58.89081932153215,45.22569423870903,7.444143147972616,2050.0,8.537,9.44,4933000.0,54.7,45.84,1,1.0,1.0,0.0,1.0,1.0,1.0,1.0,1.0,1.0,1.0,1.0,1.0,1.0,1.0
6.757532632999807,5.54,,508.0,1667.640569424486,104.36750726041244,12.407406557819462,47.39849624471043,5.946826396750153,2050.0,8.537,9.44,4933000.0,54.7,45.84,0,1.0,1.0,0.0,1.0,1.0,1.0,1.0,1.0,1.0,1.0,1.0,1.0,1.0,1.0
6.837264759962238,5.54,,9.8,1667.640569424486,104.36750726041244,13.441373939160297,47.39849624471043,5.62995441690365,2050.0,8.537,9.44,4933000.0,54.7,45.84,0,1.0,1.0,0.0,1.0,1.0,1.0,1.0,1.0,1.0,1.0,1.0,1.0,1.0,1.0
6.837264759962238,5.54,,310.0,1667.640569424486,104.36750726041244,13.441373939160297,47.39849624471043,5.947605926443679,2050.0,8.537,9.44,4933000.0,54.7,45.84,0,1.0,1.0,0.0,1.0,1.0,1.0,1.0,1.0,1.0,1.0,1.0,1.0,1.0,1.0
6.837264759962238,5.54,,10.95,1667.640569424486,104.36750726041244,13.441373939160297,47.39849624471043,5.62995441690365,2050.0,8.537,9.44,4933000.0,54.7,45.84,0,1.0,1.0,0.0,1.0,1.0,1.0,1.0,1.0,1.0,1.0,1.0,1.0,1.0,1.0
6.7535847163331395,5.54,,840.0,1667.640569424486,112.32332905527636,44.062430751516274,46.041581624213,5.937479224744466,2050.0,8.537,9.44,4933000.0,54.7,45.84,1,1.0,1.0,0.0,1.0,1.0,1.0,1.0,1.0,1.0,1.0,1.0,1.0,1.0,1.0
6.757532632999807,5.54,,472.05,1667.640569424486,104.36750726041244,12.740995215870532,47.39849624471043,6.001087970433774,2050.0,8.537,9.44,4933000.0,54.7,45.84,0,1.0,1.0,0.0,1.0,1.0,1.0,1.0,1.0,1.0,1.0,1.0,1.0,1.0,1.0
6.837264759962238,5.54,,75.0,1667.640569424486,104.36750726041244,13.441373939160297,47.39849624471043,5.62995441690365,2050.0,8.537,9.44,4933000.0,54.7,45.84,0,1.0,1.0,0.0,1.0,1.0,1.0,1.0,1.0,1.0,1.0,1.0,1.0,1.0,1.0
6.757532632999807,5.54,,537.6,1667.640569424486,104.36750726041244,12.407406557819462,47.39849624471043,5.946826396750153,2050.0,8.537,9.44,4933000.0,54.7,45.84,0,1.0,1.0,0.0,1.0,1.0,1.0,1.0,1.0,1.0,1.0,1.0,1.0,1.0,1.0
6.757532632999807,5.54,,381.83,1667.640569424486,104.36750726041244,12.740995215870532,47.39849624471043,5.932494741782916,2050.0,8.537,9.44,4933000.0,54.7,45.84,0,1.0,1.0,0.0,1.0,1.0,1.0,1.0,1.0,1.0,1.0,1.0,1.0,1.0,1.0
6.837264759962238,5.54,,190.6,1667.640569424486,104.36750726041244,13.441373939160297,47.39849624471043,5.62995441690365,2050.0,8.537,9.44,4933000.0,54.7,45.84,0,1.0,1.0,0.0,1.0,1.0,1.0,1.0,1.0,1.0,1.0,1.0,1.0,1.0,1.0
6.837264759962238,5.54,,114.0,1667.640569424486,104.36750726041244,13.441373939160297,47.39849624471043,5.62995441690365,2050.0,8.537,9.44,4933000.0,54.7,45.84,0,1.0,1.0,0.0,1.0,1.0,1.0,1.0,1.0,1.0,1.0,1.0,1.0,1.0,1.0
6.837264759962238,5.54,,51.8,1667.640569424486,104.36750726041244,13.441373939160297,47.39849624471043,5.62995441690365,2050.0,8.537,9.44,4933000.0,54.7,45.84,0,1.0,1.0,0.0,1.0,1.0,1.0,1.0,1.0,1.0,1.0,1.0,1.0,1.0,1.0
6.837264759962238,5.54,,267.97,1667.640569424486,104.36750726041244,13.441373939160297,47.39849624471043,5.8631143240727415,2050.0,8.537,9.44,4933000.0,54.7,45.84,0,1.0,1.0,0.0,1.0,1.0,1.0,1.0,1.0,1.0,1.0,1.0,1.0,1.0,1.0
6.837264759962238,5.54,,3.98,1667.640569424486,104.36750726041244,13.441373939160297,47.39849624471043,5.62995441690365,2050.0,8.537,9.44,4933000.0,54.7,45.84,0,1.0,1.0,0.0,1.0,1.0,1.0,1.0,1.0,1.0,1.0,1.0,1.0,1.0,1.0
6.3758859577922085,5.54,,1600.0,1620.694422732843,63.08487522370304,76.19975409417138,51.45433060462972,7.1123986771569605,2050.0,8.537,9.44,4933000.0,54.7,45.84,1,1.0,1.0,0.0,1.0,1.0,1.0,1.0,1.0,1.0,1.0,1.0,1.0,1.0,1.0
5.629202678571427,5.54,,2727.0,1581.100787540695,148.4853296097139,82.90619998807507,45.22569423870903,7.030772072842562,2050.0,8.537,9.44,4933000.0,54.7,45.84,1,1.0,1.0,0.0,1.0,1.0,1.0,1.0,1.0,1.0,1.0,1.0,1.0,1.0,1.0
6.757532632999807,5.54,,552.82,1667.640569424486,104.36750726041244,11.30206905390373,47.39849624471043,5.959375230791633,2050.0,8.537,9.44,4933000.0,54.7,45.84,1,1.0,1.0,0.0,1.0,1.0,1.0,1.0,1.0,1.0,1.0,1.0,1.0,1.0,1.0
7.781243467875049,5.54,,932.0,219.6812853784296,23327.923979166662,557.6147345459494,651.9339501384522,25.040902449699814,2050.0,8.537,9.44,4933000.0,54.7,45.84,1,1.0,1.0,0.0,1.0,1.0,1.0,1.0,1.0,1.0,1.0,1.0,1.0,1.0,1.0
6.757532632999807,5.54,,339.0,1667.640569424486,104.36750726041244,12.407406557819462,47.39849624471043,5.947605926443679,2050.0,8.537,9.44,4933000.0,54.7,45.84,0,1.0,1.0,0.0,1.0,1.0,1.0,1.0,1.0,1.0,1.0,1.0,1.0,1.0,1.0
6.762032632999807,5.54,,637.7,1667.640569424486,104.36750726041244,11.30206905390373,47.39849624471043,5.911490210094597,2050.0,8.537,9.44,4933000.0,54.7,45.84,1,1.0,1.0,0.0,1.0,1.0,1.0,1.0,1.0,1.0,1.0,1.0,1.0,1.0,1.0
5.693373981724796,5.54,,10100.0,5185.9193640353205,3689.682875,588.0643595459494,2020.2413986645688,110.74289175842192,2050.0,8.537,9.44,4933000.0,54.7,45.84,1,1.0,1.0,0.0,1.0,1.0,1.0,1.0,1.0,1.0,1.0,1.0,1.0,1.0,1.0
6.837264759962238,5.54,,318.37,1667.640569424486,104.36750726041244,13.441373939160297,47.39849624471043,5.947605926443679,2050.0,8.537,9.44,4933000.0,54.7,45.84,0,1.0,1.0,0.0,1.0,1.0,1.0,1.0,1.0,1.0,1.0,1.0,1.0,1.0,1.0
6.569260237319848,5.54,,1567.0,1667.640569424486,130.2678751934937,58.89081932153215,45.22569423870903,7.444143147972616,2050.0,8.537,9.44,4933000.0,54.7,45.84,1,1.0,1.0,0.0,1.0,1.0,1.0,1.0,1.0,1.0,1.0,1.0,1.0,1.0,1.0
6.757532632999807,5.54,,396.27,1667.640569424486,104.36750726041244,12.740995215870532,47.39849624471043,5.961265954381562,2050.0,8.537,9.44,4933000.0,54.7,45.84,0,1.0,1.0,0.0,1.0,1.0,1.0,1.0,1.0,1.0,1.0,1.0,1.0,1.0,1.0
6.837264759962238,5.54,,215.39,1667.640569424486,104.36750726041244,13.441373939160297,47.39849624471043,5.62995441690365,2050.0,8.537,9.44,4933000.0,54.7,45.84,0,1.0,1.0,0.0,1.0,1.0,1.0,1.0,1.0,1.0,1.0,1.0,1.0,1.0,1.0
6.757532632999807,5.54,,490.68,1667.640569424486,104.36750726041244,12.740995215870532,47.39849624471043,6.001087970433774,2050.0,8.537,9.44,4933000.0,54.7,45.84,0,1.0,1.0,0.0,1.0,1.0,1.0,1.0,1.0,1.0,1.0,1.0,1.0,1.0,1.0
6.837264759962238,5.54,,134.46,1667.640569424486,104.36750726041244,13.441373939160297,47.39849624471043,5.62995441690365,2050.0,8.537,9.44,4933000.0,54.7,45.84,0,1.0,1.0,0.0,1.0,1.0,1.0,1.0,1.0,1.0,1.0,1.0,1.0,1.0,1.0
6.757532632999807,5.54,,487.0,1667.640569424486,104.36750726041244,12.740995215870532,47.39849624471043,6.001087970433774,2050.0,8.537,9.44,4933000.0,54.7,45.84,0,1.0,1.0,0.0,1.0,1.0,1.0,1.0,1.0,1.0,1.0,1.0,1.0,1.0,1.0
6.757532632999807,5.54,,591.0,1667.640569424486,104.36750726041244,11.30206905390373,47.39849624471043,5.959375230791633,2050.0,8.537,9.44,4933000.0,54.7,45.84,1,1.0,1.0,0.0,1.0,1.0,1.0,1.0,1.0,1.0,1.0,1.0,1.0,1.0,1.0
6.439847103863907,5.54,,3918.92,1628.0469342323377,139.09527691553018,82.90619998807507,45.22569423870903,7.629484243102849,2050.0,8.537,9.44,4933000.0,54.7,45.84,1,1.0,1.0,0.0,1.0,1.0,1.0,1.0,1.0,1.0,1.0,1.0,1.0,1.0,1.0
6.837264759962238,5.54,,251.62,1667.640569424486,104.36750726041244,13.441373939160297,47.39849624471043,5.62995441690365,2050.0,8.537,9.44,4933000.0,54.7,45.84,0,1.0,1.0,0.0,1.0,1.0,1.0,1.0,1.0,1.0,1.0,1.0,1.0,1.0,1.0
6.757532632999807,5.54,,460.75,1667.640569424486,104.36750726041244,12.740995215870532,47.39849624471043,6.001087970433774,2050.0,8.537,9.44,4933000.0,54.7,45.84,0,1.0,1.0,0.0,1.0,1.0,1.0,1.0,1.0,1.0,1.0,1.0,1.0,1.0,1.0
6.837264759962238,5.54,,149.8,1667.640569424486,104.36750726041244,13.441373939160297,47.39849624471043,5.62995441690365,2050.0,8.537,9.44,4933000.0,54.7,45.84,0,1.0,1.0,0.0,1.0,1.0,1.0,1.0,1.0,1.0,1.0,1.0,1.0,1.0,1.0
7.781243467875049,5.54,,1151.7,219.6812853784296,23327.923979166662,557.6147345459494,651.9339501384522,24.768170129543073,2050.0,8.537,9.44,4933000.0,54.7,45.84,1,1.0,1.0,0.0,1.0,1.0,1.0,1.0,1.0,1.0,1.0,1.0,1.0,1.0,1.0
5.66168846153846,5.54,,8650.0,435.1127199748642,3491.450302380953,572.2718595459494,743.7101419454467,11.339022581014197,2050.0,8.537,9.44,4933000.0,54.7,45.84,1,1.0,1.0,0.0,1.0,1.0,1.0,1.0,1.0,1.0,1.0,1.0,1.0,1.0,1.0
6.837264759962238,5.54,,84.0,1667.640569424486,104.36750726041244,13.441373939160297,47.39849624471043,5.62995441690365,2050.0,8.537,9.44,4933000.0,54.7,45.84,0,1.0,1.0,0.0,1.0,1.0,1.0,1.0,1.0,1.0,1.0,1.0,1.0,1.0,1.0
6.758282632999807,5.54,,723.2,1667.640569424486,104.36750726041244,11.30206905390373,47.39849624471043,5.812138243902128,2050.0,8.537,9.44,4933000.0,54.7,45.84,1,1.0,1.0,0.0,1.0,1.0,1.0,1.0,1.0,1.0,1.0,1.0,1.0,1.0,1.0
6.837264759962238,5.54,,15.96,1667.640569424486,104.36750726041244,13.441373939160297,47.39849624471043,5.62995441690365,2050.0,8.537,9.44,4933000.0,54.7,45.84,0,1.0,1.0,0.0,1.0,1.0,1.0,1.0,1.0,1.0,1.0,1.0,1.0,1.0,1.0
7.781243467875049,5.54,,1148.1,219.6812853784296,23327.923979166662,557.6147345459494,651.9339501384522,24.768170129543073,2050.0,8.537,9.44,4933000.0,54.7,45.84,1,1.0,1.0,0.0,1.0,1.0,1.0,1.0,1.0,1.0,1.0,1.0,1.0,1.0,1.0
6.3758859577922085,5.54,,1626.0,1620.694422732843,63.08487522370304,76.19975409417138,51.45433060462972,7.1123986771569605,2050.0,8.537,9.44,4933000.0,54.7,45.84,1,1.0,1.0,0.0,1.0,1.0,1.0,1.0,1.0,1.0,1.0,1.0,1.0,1.0,1.0
6.837264759962238,5.54,,27.2,1667.640569424486,104.36750726041244,13.441373939160297,47.39849624471043,5.62995441690365,2050.0,8.537,9.44,4933000.0,54.7,45.84,0,1.0,1.0,0.0,1.0,1.0,1.0,1.0,1.0,1.0,1.0,1.0,1.0,1.0,1.0
6.3758859577922085,5.54,,1641.0,1620.694422732843,63.08487522370304,76.19975409417138,51.45433060462972,7.1123986771569605,2050.0,8.537,9.44,4933000.0,54.7,45.84,1,1.0,1.0,0.0,1.0,1.0,1.0,1.0,1.0,1.0,1.0,1.0,1.0,1.0,1.0
6.837264759962238,5.54,,56.8,1667.640569424486,104.36750726041244,13.441373939160297,47.39849624471043,5.62995441690365,2050.0,8.537,9.44,4933000.0,54.7,45.84,0,1.0,1.0,0.0,1.0,1.0,1.0,1.0,1.0,1.0,1.0,1.0,1.0,1.0,1.0
6.837264759962238,5.54,,68.7,1667.640569424486,104.36750726041244,13.441373939160297,47.39849624471043,5.62995441690365,2050.0,8.537,9.44,4933000.0,54.7,45.84,0,1.0,1.0,0.0,1.0,1.0,1.0,1.0,1.0,1.0,1.0,1.0,1.0,1.0,1.0
6.762032632999807,5.54,,664.7,1667.640569424486,104.36750726041244,11.30206905390373,47.39849624471043,5.812138243902128,2050.0,8.537,9.44,4933000.0,54.7,45.84,1,1.0,1.0,0.0,1.0,1.0,1.0,1.0,1.0,1.0,1.0,1.0,1.0,1.0,1.0
6.837264759962238,5.54,,32.24,1667.640569424486,104.36750726041244,13.441373939160297,47.39849624471043,5.62995441690365,2050.0,8.537,9.44,4933000.0,54.7,45.84,0,1.0,1.0,0.0,1.0,1.0,1.0,1.0,1.0,1.0,1.0,1.0,1.0,1.0,1.0
6.439847103863907,5.54,,3504.8,1628.0469342323377,139.09527691553018,82.90619998807507,45.22569423870903,7.629484243102849,2050.0,8.537,9.44,4933000.0,54.7,45.84,1,1.0,1.0,0.0,1.0,1.0,1.0,1.0,1.0,1.0,1.0,1.0,1.0,1.0,1.0
6.837264759962238,5.54,,142.06,1667.640569424486,104.36750726041244,13.441373939160297,47.39849624471043,5.62995441690365,2050.0,8.537,9.44,4933000.0,54.7,45.84,0,1.0,1.0,0.0,1.0,1.0,1.0,1.0,1.0,1.0,1.0,1.0,1.0,1.0,1.0
6.837264759962238,5.54,,258.5,1667.640569424486,104.36750726041244,13.441373939160297,47.39849624471043,5.62995441690365,2050.0,8.537,9.44,4933000.0,54.7,45.84,0,1.0,1.0,0.0,1.0,1.0,1.0,1.0,1.0,1.0,1.0,1.0,1.0,1.0,1.0
6.837264759962238,5.54,,60.76,1667.640569424486,104.36750726041244,13.441373939160297,47.39849624471043,5.62995441690365,2050.0,8.537,9.44,4933000.0,54.7,45.84,0,1.0,1.0,0.0,1.0,1.0,1.0,1.0,1.0,1.0,1.0,1.0,1.0,1.0,1.0
6.439847103863907,5.54,,3351.3,1628.0469342323377,139.09527691553018,82.90619998807507,45.22569423870903,7.629484243102849,2050.0,8.537,9.44,4933000.0,54.7,45.84,1,1.0,1.0,0.0,1.0,1.0,1.0,1.0,1.0,1.0,1.0,1.0,1.0,1.0,1.0
7.781243467875049,5.54,,1032.24,219.6812853784296,23327.923979166662,557.6147345459494,651.9339501384522,24.768170129543073,2050.0,8.537,9.44,4933000.0,54.7,45.84,1,1.0,1.0,0.0,1.0,1.0,1.0,1.0,1.0,1.0,1.0,1.0,1.0,1.0,1.0
6.837264759962238,5.54,,32.78,1667.640569424486,104.36750726041244,13.441373939160297,47.39849624471043,5.62995441690365,2050.0,8.537,9.44,4933000.0,54.7,45.84,0,1.0,1.0,0.0,1.0,1.0,1.0,1.0,1.0,1.0,1.0,1.0,1.0,1.0,1.0
6.837264759962238,5.54,,291.1,1667.640569424486,104.36750726041244,13.441373939160297,47.39849624471043,5.947605926443679,2050.0,8.537,9.44,4933000.0,54.7,45.84,0,1.0,1.0,0.0,1.0,1.0,1.0,1.0,1.0,1.0,1.0,1.0,1.0,1.0,1.0
6.837264759962238,5.54,,209.9,1667.640569424486,104.36750726041244,13.441373939160297,47.39849624471043,5.62995441690365,2050.0,8.537,9.44,4933000.0,54.7,45.84,0,1.0,1.0,0.0,1.0,1.0,1.0,1.0,1.0,1.0,1.0,1.0,1.0,1.0,1.0
6.837264759962238,5.54,,254.8,1667.640569424486,104.36750726041244,13.441373939160297,47.39849624471043,5.62995441690365,2050.0,8.537,9.44,4933000.0,54.7,45.84,0,1.0,1.0,0.0,1.0,1.0,1.0,1.0,1.0,1.0,1.0,1.0,1.0,1.0,1.0
6.837264759962238,5.54,,19.33,1667.640569424486,104.36750726041244,13.441373939160297,47.39849624471043,5.62995441690365,2050.0,8.537,9.44,4933000.0,54.7,45.84,0,1.0,1.0,0.0,1.0,1.0,1.0,1.0,1.0,1.0,1.0,1.0,1.0,1.0,1.0
6.837264759962238,5.54,,78.0,1667.640569424486,104.36750726041244,13.441373939160297,47.39849624471043,5.62995441690365,2050.0,8.537,9.44,4933000.0,54.7,45.84,0,1.0,1.0,0.0,1.0,1.0,1.0,1.0,1.0,1.0,1.0,1.0,1.0,1.0,1.0
5.629202678571427,5.54,,2564.7,1581.100787540695,148.4853296097139,82.90619998807507,45.22569423870903,7.030772072842562,2050.0,8.537,9.44,4933000.0,54.7,45.84,1,1.0,1.0,0.0,1.0,1.0,1.0,1.0,1.0,1.0,1.0,1.0,1.0,1.0,1.0
6.837264759962238,5.54,,205.0,1667.640569424486,104.36750726041244,13.441373939160297,47.39849624471043,5.62995441690365,2050.0,8.537,9.44,4933000.0,54.7,45.84,0,1.0,1.0,0.0,1.0,1.0,1.0,1.0,1.0,1.0,1.0,1.0,1.0,1.0,1.0
6.7461576329998065,5.54,,765.0,1667.640569424486,104.36750726041244,11.30206905390373,47.39849624471043,5.812138243902128,2050.0,8.537,9.44,4933000.0,54.7,45.84,1,1.0,1.0,0.0,1.0,1.0,1.0,1.0,1.0,1.0,1.0,1.0,1.0,1.0,1.0
6.758282632999807,5.54,,675.99,1667.640569424486,104.36750726041244,11.30206905390373,47.39849624471043,5.812138243902128,2050.0,8.537,9.44,4933000.0,54.7,45.84,1,1.0,1.0,0.0,1.0,1.0,1.0,1.0,1.0,1.0,1.0,1.0,1.0,1.0,1.0
6.757532632999807,5.54,,366.87,1667.640569424486,104.36750726041244,12.740995215870532,47.39849624471043,5.972596231286924,2050.0,8.537,9.44,4933000.0,54.7,45.84,0,1.0,1.0,0.0,1.0,1.0,1.0,1.0,1.0,1.0,1.0,1.0,1.0,1.0,1.0
6.837264759962238,5.54,,196.0,1667.640569424486,104.36750726041244,13.441373939160297,47.39849624471043,5.62995441690365,2050.0,8.537,9.44,4933000.0,54.7,45.84,0,1.0,1.0,0.0,1.0,1.0,1.0,1.0,1.0,1.0,1.0,1.0,1.0,1.0,1.0
6.6020416666666675,5.54,,487.0,1633.640569424486,43.14347471147051,24.3,46.99568477129639,9.8,2050.0,8.537,9.44,4933000.0,54.7,45.84,0,1.0,1.0,0.0,1.0,1.0,0.0,1.0,0.0,1.0,1.0,1.0,1.0,1.0,1.0
6.837264759962238,5.54,,32.24,1667.640569424486,104.36750726041244,13.441373939160297,47.39849624471043,5.62995441690365,2050.0,8.537,9.44,4933000.0,54.7,45.84,0,1.0,1.0,0.0,1.0,1.0,1.0,1.0,1.0,1.0,1.0,1.0,1.0,1.0,1.0
6.757532632999807,5.54,,489.82,1667.640569424486,104.36750726041244,12.740995215870532,47.39849624471043,6.001087970433774,2050.0,8.537,9.44,4933000.0,54.7,45.84,0,1.0,1.0,0.0,1.0,1.0,1.0,1.0,1.0,1.0,1.0,1.0,1.0,1.0,1.0
6.4852009615384585,5.54,,6050.0,219.6812853784296,3511.276885714285,572.2718595459494,834.9675385764033,24.768170129543073,2050.0,8.537,9.44,4933000.0,54.7,45.84,1,1.0,1.0,0.0,1.0,1.0,1.0,1.0,1.0,1.0,1.0,1.0,1.0,1.0,1.0
6.4852009615384585,5.54,,5018.0,219.6812853784296,3511.276885714285,572.2718595459494,834.9675385764033,24.768170129543073,2050.0,8.537,9.44,4933000.0,54.7,45.84,1,1.0,1.0,0.0,1.0,1.0,1.0,1.0,1.0,1.0,1.0,1.0,1.0,1.0,1.0
6.837264759962238,5.54,,190.6,1667.640569424486,104.36750726041244,13.441373939160297,47.39849624471043,5.62995441690365,2050.0,8.537,9.44,4933000.0,54.7,45.84,0,1.0,1.0,0.0,1.0,1.0,1.0,1.0,1.0,1.0,1.0,1.0,1.0,1.0,1.0
7.781243467875049,5.54,,984.5,219.6812853784296,23327.923979166662,557.6147345459494,651.9339501384522,25.040902449699814,2050.0,8.537,9.44,4933000.0,54.7,45.84,1,1.0,1.0,0.0,1.0,1.0,1.0,1.0,1.0,1.0,1.0,1.0,1.0,1.0,1.0
6.837264759962238,5.54,,46.49,1667.640569424486,104.36750726041244,13.441373939160297,47.39849624471043,5.62995441690365,2050.0,8.537,9.44,4933000.0,54.7,45.84,0,1.0,1.0,0.0,1.0,1.0,1.0,1.0,1.0,1.0,1.0,1.0,1.0,1.0,1.0
6.837264759962238,5.54,,157.87,1667.640569424486,104.36750726041244,13.441373939160297,47.39849624471043,5.62995441690365,2050.0,8.537,9.44,4933000.0,54.7,45.84,0,1.0,1.0,0.0,1.0,1.0,1.0,1.0,1.0,1.0,1.0,1.0,1.0,1.0,1.0
6.757532632999807,5.54,,425.95,1667.640569424486,104.36750726041244,12.740995215870532,47.39849624471043,5.961265954381562,2050.0,8.537,9.44,4933000.0,54.7,45.84,0,1.0,1.0,0.0,1.0,1.0,1.0,1.0,1.0,1.0,1.0,1.0,1.0,1.0,1.0
6.757532632999807,5.54,,382.2,1667.640569424486,104.36750726041244,12.740995215870532,47.39849624471043,5.932494741782916,2050.0,8.537,9.44,4933000.0,54.7,45.84,0,1.0,1.0,0.0,1.0,1.0,1.0,1.0,1.0,1.0,1.0,1.0,1.0,1.0,1.0
5.629202678571427,5.54,,2727.0,1581.100787540695,148.4853296097139,82.90619998807507,45.22569423870903,7.030772072842562,2050.0,8.537,9.44,4933000.0,54.7,45.84,1,1.0,1.0,0.0,1.0,1.0,1.0,1.0,1.0,1.0,1.0,1.0,1.0,1.0,1.0
6.837264759962238,5.54,,73.2,1667.640569424486,104.36750726041244,13.441373939160297,47.39849624471043,5.62995441690365,2050.0,8.537,9.44,4933000.0,54.7,45.84,0,1.0,1.0,0.0,1.0,1.0,1.0,1.0,1.0,1.0,1.0,1.0,1.0,1.0,1.0
6.837264759962238,5.54,,243.0,1667.640569424486,104.36750726041244,13.441373939160297,47.39849624471043,5.62995441690365,2050.0,8.537,9.44,4933000.0,54.7,45.84,0,1.0,1.0,0.0,1.0,1.0,1.0,1.0,1.0,1.0,1.0,1.0,1.0,1.0,1.0
6.837264759962238,5.54,,94.8,1667.640569424486,104.36750726041244,13.441373939160297,47.39849624471043,5.62995441690365,2050.0,8.537,9.44,4933000.0,54.7,45.84,0,1.0,1.0,0.0,1.0,1.0,1.0,1.0,1.0,1.0,1.0,1.0,1.0,1.0,1.0
6.837264759962238,5.54,,59.33,1667.640569424486,104.36750726041244,13.441373939160297,47.39849624471043,5.62995441690365,2050.0,8.537,9.44,4933000.0,54.7,45.84,0,1.0,1.0,0.0,1.0,1.0,1.0,1.0,1.0,1.0,1.0,1.0,1.0,1.0,1.0
6.837264759962238,5.54,,228.57,1667.640569424486,104.36750726041244,13.441373939160297,47.39849624471043,5.62995441690365,2050.0,8.537,9.44,4933000.0,54.7,45.84,0,1.0,1.0,0.0,1.0,1.0,1.0,1.0,1.0,1.0,1.0,1.0,1.0,1.0,1.0
6.837264759962238,5.54,,210.31,1667.640569424486,104.36750726041244,13.441373939160297,47.39849624471043,5.62995441690365,2050.0,8.537,9.44,4933000.0,54.7,45.84,0,1.0,1.0,0.0,1.0,1.0,1.0,1.0,1.0,1.0,1.0,1.0,1.0,1.0,1.0
6.757532632999807,5.54,,599.0,1667.640569424486,104.36750726041244,11.30206905390373,47.39849624471043,5.959375230791633,2050.0,8.537,9.44,4933000.0,54.7,45.84,1,1.0,1.0,0.0,1.0,1.0,1.0,1.0,1.0,1.0,1.0,1.0,1.0,1.0,1.0
6.460365124458875,5.54,,2054.0,1682.9390477328427,63.08487522370304,77.27963859110187,51.45433060462972,7.449298617710275,2050.0,8.537,9.44,4933000.0,54.7,45.84,1,1.0,1.0,0.0,1.0,1.0,1.0,1.0,1.0,1.0,1.0,1.0,1.0,1.0,1.0
6.757532632999807,5.54,,338.0,1667.640569424486,104.36750726041244,12.407406557819462,47.39849624471043,5.947605926443679,2050.0,8.537,9.44,4933000.0,54.7,45.84,0,1.0,1.0,0.0,1.0,1.0,1.0,1.0,1.0,1.0,1.0,1.0,1.0,1.0,1.0
6.757532632999807,5.54,,483.0,1667.640569424486,104.36750726041244,12.740995215870532,47.39849624471043,6.001087970433774,2050.0,8.537,9.44,4933000.0,54.7,45.84,0,1.0,1.0,0.0,1.0,1.0,1.0,1.0,1.0,1.0,1.0,1.0,1.0,1.0,1.0
6.761834716333139,5.54,,801.4,1667.640569424486,112.32332905527636,44.062430751516274,46.041581624213,5.937479224744466,2050.0,8.537,9.44,4933000.0,54.7,45.84,1,1.0,1.0,0.0,1.0,1.0,1.0,1.0,1.0,1.0,1.0,1.0,1.0,1.0,1.0
6.569260237319848,5.54,,1521.8,1667.640569424486,130.2678751934937,58.89081932153215,45.22569423870903,7.444143147972616,2050.0,8.537,9.44,4933000.0,54.7,45.84,1,1.0,1.0,0.0,1.0,1.0,1.0,1.0,1.0,1.0,1.0,1.0,1.0,1.0,1.0
6.757532632999807,5.54,,479.0,1667.640569424486,104.36750726041244,12.740995215870532,47.39849624471043,6.001087970433774,2050.0,8.537,9.44,4933000.0,54.7,45.84,0,1.0,1.0,0.0,1.0,1.0,1.0,1.0,1.0,1.0,1.0,1.0,1.0,1.0,1.0
6.837264759962238,5.54,,295.0,1667.640569424486,104.36750726041244,13.441373939160297,47.39849624471043,5.947605926443679,2050.0,8.537,9.44,4933000.0,54.7,45.84,0,1.0,1.0,0.0,1.0,1.0,1.0,1.0,1.0,1.0,1.0,1.0,1.0,1.0,1.0
6.837264759962238,5.54,,149.8,1667.640569424486,104.36750726041244,13.441373939160297,47.39849624471043,5.62995441690365,2050.0,8.537,9.44,4933000.0,54.7,45.84,0,1.0,1.0,0.0,1.0,1.0,1.0,1.0,1.0,1.0,1.0,1.0,1.0,1.0,1.0
6.757532632999807,5.54,,556.3,1667.640569424486,104.36750726041244,11.30206905390373,47.39849624471043,5.959375230791633,2050.0,8.537,9.44,4933000.0,54.7,45.84,1,1.0,1.0,0.0,1.0,1.0,1.0,1.0,1.0,1.0,1.0,1.0,1.0,1.0,1.0
6.757532632999807,5.54,,480.28,1667.640569424486,104.36750726041244,12.740995215870532,47.39849624471043,6.001087970433774,2050.0,8.537,9.44,4933000.0,54.7,45.84,0,1.0,1.0,0.0,1.0,1.0,1.0,1.0,1.0,1.0,1.0,1.0,1.0,1.0,1.0
6.837264759962238,5.54,,192.83,1667.640569424486,104.36750726041244,13.441373939160297,47.39849624471043,5.62995441690365,2050.0,8.537,9.44,4933000.0,54.7,45.84,0,1.0,1.0,0.0,1.0,1.0,1.0,1.0,1.0,1.0,1.0,1.0,1.0,1.0,1.0
6.837264759962238,5.54,,38.9,1667.640569424486,104.36750726041244,13.441373939160297,47.39849624471043,5.62995441690365,2050.0,8.537,9.44,4933000.0,54.7,45.84,0,1.0,1.0,0.0,1.0,1.0,1.0,1.0,1.0,1.0,1.0,1.0,1.0,1.0,1.0
6.720972222222223,5.54,,415.0,1667.640569424486,112.32332905527636,40.75405913091942,46.041581624213,5.837615580811436,2050.0,8.537,9.44,4933000.0,54.7,45.84,0,1.0,1.0,0.0,1.0,1.0,1.0,1.0,1.0,1.0,1.0,1.0,1.0,1.0,1.0
6.569260237319848,5.54,,1380.09,1667.640569424486,130.2678751934937,58.89081932153215,45.22569423870903,7.444143147972616,2050.0,8.537,9.44,4933000.0,54.7,45.84,1,1.0,1.0,0.0,1.0,1.0,1.0,1.0,1.0,1.0,1.0,1.0,1.0,1.0,1.0
6.757532632999807,5.54,,349.0,1667.640569424486,104.36750726041244,12.740995215870532,47.39849624471043,5.947605926443679,2050.0,8.537,9.44,4933000.0,54.7,45.84,0,1.0,1.0,0.0,1.0,1.0,1.0,1.0,1.0,1.0,1.0,1.0,1.0,1.0,1.0
6.837264759962238,5.54,,226.64,1667.640569424486,104.36750726041244,13.441373939160297,47.39849624471043,5.62995441690365,2050.0,8.537,9.44,4933000.0,54.7,45.84,0,1.0,1.0,0.0,1.0,1.0,1.0,1.0,1.0,1.0,1.0,1.0,1.0,1.0,1.0
6.837264759962238,5.54,,134.46,1667.640569424486,104.36750726041244,13.441373939160297,47.39849624471043,5.62995441690365,2050.0,8.537,9.44,4933000.0,54.7,45.84,0,1.0,1.0,0.0,1.0,1.0,1.0,1.0,1.0,1.0,1.0,1.0,1.0,1.0,1.0
6.757532632999807,5.54,,364.18,1667.640569424486,104.36750726041244,12.740995215870532,47.39849624471043,5.972596231286924,2050.0,8.537,9.44,4933000.0,54.7,45.84,0,1.0,1.0,0.0,1.0,1.0,1.0,1.0,1.0,1.0,1.0,1.0,1.0,1.0,1.0
6.757532632999807,5.54,,384.7,1667.640569424486,104.36750726041244,12.740995215870532,47.39849624471043,5.961265954381562,2050.0,8.537,9.44,4933000.0,54.7,45.84,0,1.0,1.0,0.0,1.0,1.0,1.0,1.0,1.0,1.0,1.0,1.0,1.0,1.0,1.0
6.837264759962238,5.54,,189.8,1667.640569424486,104.36750726041244,13.441373939160297,47.39849624471043,5.62995441690365,2050.0,8.537,9.44,4933000.0,54.7,45.84,0,1.0,1.0,0.0,1.0,1.0,1.0,1.0,1.0,1.0,1.0,1.0,1.0,1.0,1.0
6.569260237319848,5.54,,1370.3,1667.640569424486,130.2678751934937,58.89081932153215,45.22569423870903,7.444143147972616,2050.0,8.537,9.44,4933000.0,54.7,45.84,1,1.0,1.0,0.0,1.0,1.0,1.0,1.0,1.0,1.0,1.0,1.0,1.0,1.0,1.0
6.837264759962238,5.54,,210.8,1667.640569424486,104.36750726041244,13.441373939160297,47.39849624471043,5.62995441690365,2050.0,8.537,9.44,4933000.0,54.7,45.84,0,1.0,1.0,0.0,1.0,1.0,1.0,1.0,1.0,1.0,1.0,1.0,1.0,1.0,1.0
6.837264759962238,5.54,,126.7,1667.640569424486,104.36750726041244,13.441373939160297,47.39849624471043,5.62995441690365,2050.0,8.537,9.44,4933000.0,54.7,45.84,0,1.0,1.0,0.0,1.0,1.0,1.0,1.0,1.0,1.0,1.0,1.0,1.0,1.0,1.0
6.837264759962238,5.54,,214.23,1667.640569424486,104.36750726041244,13.441373939160297,47.39849624471043,5.62995441690365,2050.0,8.537,9.44,4933000.0,54.7,45.84,0,1.0,1.0,0.0,1.0,1.0,1.0,1.0,1.0,1.0,1.0,1.0,1.0,1.0,1.0
6.3758859577922085,5.54,,1696.0,1620.694422732843,63.08487522370304,76.19975409417138,51.45433060462972,7.1123986771569605,2050.0,8.537,9.44,4933000.0,54.7,45.84,1,1.0,1.0,0.0,1.0,1.0,1.0,1.0,1.0,1.0,1.0,1.0,1.0,1.0,1.0
6.757532632999807,5.54,,501.0,1667.640569424486,104.36750726041244,12.407406557819462,47.39849624471043,5.946826396750153,2050.0,8.537,9.44,4933000.0,54.7,45.84,0,1.0,1.0,0.0,1.0,1.0,1.0,1.0,1.0,1.0,1.0,1.0,1.0,1.0,1.0
6.758282632999807,5.54,,675.26,1667.640569424486,104.36750726041244,11.30206905390373,47.39849624471043,5.812138243902128,2050.0,8.537,9.44,4933000.0,54.7,45.84,1,1.0,1.0,0.0,1.0,1.0,1.0,1.0,1.0,1.0,1.0,1.0,1.0,1.0,1.0
6.837264759962238,5.54,,221.0,1667.640569424486,104.36750726041244,13.441373939160297,47.39849624471043,5.62995441690365,2050.0,8.537,9.44,4933000.0,54.7,45.84,0,1.0,1.0,0.0,1.0,1.0,1.0,1.0,1.0,1.0,1.0,1.0,1.0,1.0,1.0
6.757532632999807,5.54,,533.0,1667.640569424486,104.36750726041244,12.407406557819462,47.39849624471043,5.946826396750153,2050.0,8.537,9.44,4933000.0,54.7,45.84,0,1.0,1.0,0.0,1.0,1.0,1.0,1.0,1.0,1.0,1.0,1.0,1.0,1.0,1.0
6.837264759962238,5.54,,77.2,1667.640569424486,104.36750726041244,13.441373939160297,47.39849624471043,5.62995441690365,2050.0,8.537,9.44,4933000.0,54.7,45.84,0,1.0,1.0,0.0,1.0,1.0,1.0,1.0,1.0,1.0,1.0,1.0,1.0,1.0,1.0
6.837264759962238,5.54,,272.0,1667.640569424486,104.36750726041244,13.441373939160297,47.39849624471043,5.8631143240727415,2050.0,8.537,9.44,4933000.0,54.7,45.84,0,1.0,1.0,0.0,1.0,1.0,1.0,1.0,1.0,1.0,1.0,1.0,1.0,1.0,1.0
6.757532632999807,5.54,,387.0,1667.640569424486,104.36750726041244,12.740995215870532,47.39849624471043,5.961265954381562,2050.0,8.537,9.44,4933000.0,54.7,45.84,0,1.0,1.0,0.0,1.0,1.0,1.0,1.0,1.0,1.0,1.0,1.0,1.0,1.0,1.0
6.757532632999807,5.54,,479.0,1667.640569424486,104.36750726041244,12.740995215870532,47.39849624471043,6.001087970433774,2050.0,8.537,9.44,4933000.0,54.7,45.84,0,1.0,1.0,0.0,1.0,1.0,1.0,1.0,1.0,1.0,1.0,1.0,1.0,1.0,1.0
6.837264759962238,5.54,,114.0,1667.640569424486,104.36750726041244,13.441373939160297,47.39849624471043,5.62995441690365,2050.0,8.537,9.44,4933000.0,54.7,45.84,0,1.0,1.0,0.0,1.0,1.0,1.0,1.0,1.0,1.0,1.0,1.0,1.0,1.0,1.0
6.758282632999807,5.54,,672.0,1667.640569424486,104.36750726041244,11.30206905390373,47.39849624471043,5.812138243902128,2050.0,8.537,9.44,4933000.0,54.7,45.84,1,1.0,1.0,0.0,1.0,1.0,1.0,1.0,1.0,1.0,1.0,1.0,1.0,1.0,1.0
6.837264759962238,5.54,,142.0,1667.640569424486,104.36750726041244,13.441373939160297,47.39849624471043,5.62995441690365,2050.0,8.537,9.44,4933000.0,54.7,45.84,0,1.0,1.0,0.0,1.0,1.0,1.0,1.0,1.0,1.0,1.0,1.0,1.0,1.0,1.0
6.837264759962238,5.54,,96.5,1667.640569424486,104.36750726041244,13.441373939160297,47.39849624471043,5.62995441690365,2050.0,8.537,9.44,4933000.0,54.7,45.84,0,1.0,1.0,0.0,1.0,1.0,1.0,1.0,1.0,1.0,1.0,1.0,1.0,1.0,1.0
6.837264759962238,5.54,,248.8,1667.640569424486,104.36750726041244,13.441373939160297,47.39849624471043,5.62995441690365,2050.0,8.537,9.44,4933000.0,54.7,45.84,0,1.0,1.0,0.0,1.0,1.0,1.0,1.0,1.0,1.0,1.0,1.0,1.0,1.0,1.0
6.837264759962238,5.54,,231.5,1667.640569424486,104.36750726041244,13.441373939160297,47.39849624471043,5.62995441690365,2050.0,8.537,9.44,4933000.0,54.7,45.84,0,1.0,1.0,0.0,1.0,1.0,1.0,1.0,1.0,1.0,1.0,1.0,1.0,1.0,1.0
6.837264759962238,5.54,,170.2,1667.640569424486,104.36750726041244,13.441373939160297,47.39849624471043,5.62995441690365,2050.0,8.537,9.44,4933000.0,54.7,45.84,0,1.0,1.0,0.0,1.0,1.0,1.0,1.0,1.0,1.0,1.0,1.0,1.0,1.0,1.0
6.757532632999807,5.54,,522.7,1667.640569424486,104.36750726041244,12.407406557819462,47.39849624471043,5.946826396750153,2050.0,8.537,9.44,4933000.0,54.7,45.84,0,1.0,1.0,0.0,1.0,1.0,1.0,1.0,1.0,1.0,1.0,1.0,1.0,1.0,1.0
6.439847103863907,5.54,,4658.87,1628.0469342323377,139.09527691553018,82.90619998807507,45.22569423870903,7.629484243102849,2050.0,8.537,9.44,4933000.0,54.7,45.84,1,1.0,1.0,0.0,1.0,1.0,1.0,1.0,1.0,1.0,1.0,1.0,1.0,1.0,1.0
5.66168846153846,5.54,,8845.09,435.1127199748642,3491.450302380953,572.2718595459494,743.7101419454467,11.339022581014197,2050.0,8.537,9.44,4933000.0,54.7,45.84,1,1.0,1.0,0.0,1.0,1.0,1.0,1.0,1.0,1.0,1.0,1.0,1.0,1.0,1.0
6.3758859577922085,5.54,,1648.5,1620.694422732843,63.08487522370304,76.19975409417138,51.45433060462972,7.1123986771569605,2050.0,8.537,9.44,4933000.0,54.7,45.84,1,1.0,1.0,0.0,1.0,1.0,1.0,1.0,1.0,1.0,1.0,1.0,1.0,1.0,1.0
7.781243467875049,5.54,,1172.7,219.6812853784296,23327.923979166662,557.6147345459494,651.9339501384522,24.768170129543073,2050.0,8.537,9.44,4933000.0,54.7,45.84,1,1.0,1.0,0.0,1.0,1.0,1.0,1.0,1.0,1.0,1.0,1.0,1.0,1.0,1.0
6.3758859577922085,5.54,,1641.0,1620.694422732843,63.08487522370304,76.19975409417138,51.45433060462972,7.1123986771569605,2050.0,8.537,9.44,4933000.0,54.7,45.84,1,1.0,1.0,0.0,1.0,1.0,1.0,1.0,1.0,1.0,1.0,1.0,1.0,1.0,1.0
6.3758859577922085,5.54,,1270.0,1620.694422732843,63.08487522370304,70.17035417353394,51.45433060462972,5.881890234763863,2050.0,8.537,9.44,4933000.0,54.7,45.84,1,1.0,1.0,0.0,1.0,1.0,1.0,1.0,1.0,1.0,1.0,1.0,1.0,1.0,1.0
6.837264759962238,5.54,,27.2,1667.640569424486,104.36750726041244,13.441373939160297,47.39849624471043,5.62995441690365,2050.0,8.537,9.44,4933000.0,54.7,45.84,0,1.0,1.0,0.0,1.0,1.0,1.0,1.0,1.0,1.0,1.0,1.0,1.0,1.0,1.0
6.837264759962238,5.54,,311.0,1667.640569424486,104.36750726041244,13.441373939160297,47.39849624471043,5.947605926443679,2050.0,8.537,9.44,4933000.0,54.7,45.84,0,1.0,1.0,0.0,1.0,1.0,1.0,1.0,1.0,1.0,1.0,1.0,1.0,1.0,1.0
6.757532632999807,5.54,,541.6,1667.640569424486,104.36750726041244,11.30206905390373,47.39849624471043,5.959375230791633,2050.0,8.537,9.44,4933000.0,54.7,45.84,0,1.0,1.0,0.0,1.0,1.0,1.0,1.0,1.0,1.0,1.0,1.0,1.0,1.0,1.0
6.762032632999807,5.54,,649.0,1667.640569424486,104.36750726041244,11.30206905390373,47.39849624471043,5.925660668525982,2050.0,8.537,9.44,4933000.0,54.7,45.84,1,1.0,1.0,0.0,1.0,1.0,1.0,1.0,1.0,1.0,1.0,1.0,1.0,1.0,1.0
6.757532632999807,5.54,,379.2,1667.640569424486,104.36750726041244,12.740995215870532,47.39849624471043,5.932494741782916,2050.0,8.537,9.44,4933000.0,54.7,45.84,0,1.0,1.0,0.0,1.0,1.0,1.0,1.0,1.0,1.0,1.0,1.0,1.0,1.0,1.0
6.757532632999807,5.54,,512.5,1667.640569424486,104.36750726041244,12.407406557819462,47.39849624471043,5.946826396750153,2050.0,8.537,9.44,4933000.0,54.7,45.84,0,1.0,1.0,0.0,1.0,1.0,1.0,1.0,1.0,1.0,1.0,1.0,1.0,1.0,1.0
6.757532632999807,5.54,,396.0,1667.640569424486,104.36750726041244,12.740995215870532,47.39849624471043,5.961265954381562,2050.0,8.537,9.44,4933000.0,54.7,45.84,0,1.0,1.0,0.0,1.0,1.0,1.0,1.0,1.0,1.0,1.0,1.0,1.0,1.0,1.0
6.757532632999807,5.54,,343.6,1667.640569424486,104.36750726041244,12.740995215870532,47.39849624471043,5.947605926443679,2050.0,8.537,9.44,4933000.0,54.7,45.84,0,1.0,1.0,0.0,1.0,1.0,1.0,1.0,1.0,1.0,1.0,1.0,1.0,1.0,1.0
6.837264759962238,5.54,,329.2,1667.640569424486,104.36750726041244,13.441373939160297,47.39849624471043,5.947605926443679,2050.0,8.537,9.44,4933000.0,54.7,45.84,0,1.0,1.0,0.0,1.0,1.0,1.0,1.0,1.0,1.0,1.0,1.0,1.0,1.0,1.0
6.837264759962238,5.54,,326.4,1667.640569424486,104.36750726041244,13.441373939160297,47.39849624471043,5.947605926443679,2050.0,8.537,9.44,4933000.0,54.7,45.84,0,1.0,1.0,0.0,1.0,1.0,1.0,1.0,1.0,1.0,1.0,1.0,1.0,1.0,1.0
6.837264759962238,5.54,,197.0,1667.640569424486,104.36750726041244,13.441373939160297,47.39849624471043,5.62995441690365,2050.0,8.537,9.44,4933000.0,54.7,45.84,0,1.0,1.0,0.0,1.0,1.0,1.0,1.0,1.0,1.0,1.0,1.0,1.0,1.0,1.0
6.837264759962238,5.54,,236.4,1667.640569424486,104.36750726041244,13.441373939160297,47.39849624471043,5.62995441690365,2050.0,8.537,9.44,4933000.0,54.7,45.84,0,1.0,1.0,0.0,1.0,1.0,1.0,1.0,1.0,1.0,1.0,1.0,1.0,1.0,1.0
6.757532632999807,5.54,,336.7,1667.640569424486,104.36750726041244,12.407406557819462,47.39849624471043,5.947605926443679,2050.0,8.537,9.44,4933000.0,54.7,45.84,0,1.0,1.0,0.0,1.0,1.0,1.0,1.0,1.0,1.0,1.0,1.0,1.0,1.0,1.0
6.837264759962238,5.54,,160.3,1667.640569424486,104.36750726041244,13.441373939160297,47.39849624471043,5.62995441690365,2050.0,8.537,9.44,4933000.0,54.7,45.84,0,1.0,1.0,0.0,1.0,1.0,1.0,1.0,1.0,1.0,1.0,1.0,1.0,1.0,1.0
6.837264759962238,5.54,,262.4,1667.640569424486,104.36750726041244,13.441373939160297,47.39849624471043,5.62995441690365,2050.0,8.537,9.44,4933000.0,54.7,45.84,0,1.0,1.0,0.0,1.0,1.0,1.0,1.0,1.0,1.0,1.0,1.0,1.0,1.0,1.0
6.837264759962238,5.54,,96.6,1667.640569424486,104.36750726041244,13.441373939160297,47.39849624471043,5.62995441690365,2050.0,8.537,9.44,4933000.0,54.7,45.84,0,1.0,1.0,0.0,1.0,1.0,1.0,1.0,1.0,1.0,1.0,1.0,1.0,1.0,1.0
6.837264759962238,5.54,,270.8,1667.640569424486,104.36750726041244,13.441373939160297,47.39849624471043,5.8631143240727415,2050.0,8.537,9.44,4933000.0,54.7,45.84,0,1.0,1.0,0.0,1.0,1.0,1.0,1.0,1.0,1.0,1.0,1.0,1.0,1.0,1.0
6.762032632999807,5.54,,662.9,1667.640569424486,104.36750726041244,11.30206905390373,47.39849624471043,5.812138243902128,2050.0,8.537,9.44,4933000.0,54.7,45.84,1,1.0,1.0,0.0,1.0,1.0,1.0,1.0,1.0,1.0,1.0,1.0,1.0,1.0,1.0
6.720972222222223,5.54,,400.7,1667.640569424486,112.32332905527636,40.75405913091942,46.041581624213,5.837615580811436,2050.0,8.537,9.44,4933000.0,54.7,45.84,0,1.0,1.0,0.0,1.0,1.0,1.0,1.0,1.0,1.0,1.0,1.0,1.0,1.0,1.0
6.7461576329998065,5.54,,762.3,1667.640569424486,104.36750726041244,11.30206905390373,47.39849624471043,5.812138243902128,2050.0,8.537,9.44,4933000.0,54.7,45.84,1,1.0,1.0,0.0,1.0,1.0,1.0,1.0,1.0,1.0,1.0,1.0,1.0,1.0,1.0
7.781243467875049,5.54,,1102.8,219.6812853784296,23327.923979166662,557.6147345459494,651.9339501384522,24.768170129543073,2050.0,8.537,9.44,4933000.0,54.7,45.84,1,1.0,1.0,0.0,1.0,1.0,1.0,1.0,1.0,1.0,1.0,1.0,1.0,1.0,1.0
6.757532632999807,5.54,,483.7,1667.640569424486,104.36750726041244,12.740995215870532,47.39849624471043,6.001087970433774,2050.0,8.537,9.44,4933000.0,54.7,45.84,0,1.0,1.0,0.0,1.0,1.0,1.0,1.0,1.0,1.0,1.0,1.0,1.0,1.0,1.0
6.7535847163331395,5.54,,821.1,1667.640569424486,112.32332905527636,44.062430751516274,46.041581624213,5.937479224744466,2050.0,8.537,9.44,4933000.0,54.7,45.84,1,1.0,1.0,0.0,1.0,1.0,1.0,1.0,1.0,1.0,1.0,1.0,1.0,1.0,1.0
6.837264759962238,5.54,,324.3,1667.640569424486,104.36750726041244,13.441373939160297,47.39849624471043,5.947605926443679,2050.0,8.537,9.44,4933000.0,54.7,45.84,0,1.0,1.0,0.0,1.0,1.0,1.0,1.0,1.0,1.0,1.0,1.0,1.0,1.0,1.0
6.3758859577922085,5.54,,1838.6,1620.694422732843,63.08487522370304,76.19975409417138,51.45433060462972,7.1123986771569605,2050.0,8.537,9.44,4933000.0,54.7,45.84,1,1.0,1.0,0.0,1.0,1.0,1.0,1.0,1.0,1.0,1.0,1.0,1.0,1.0,1.0
6.720972222222223,5.54,,413.4,1667.640569424486,112.32332905527636,40.75405913091942,46.041581624213,5.837615580811436,2050.0,8.537,9.44,4933000.0,54.7,45.84,0,1.0,1.0,0.0,1.0,1.0,1.0,1.0,1.0,1.0,1.0,1.0,1.0,1.0,1.0
6.837264759962238,5.54,,273.2,1667.640569424486,104.36750726041244,13.441373939160297,47.39849624471043,5.8631143240727415,2050.0,8.537,9.44,4933000.0,54.7,45.84,0,1.0,1.0,0.0,1.0,1.0,1.0,1.0,1.0,1.0,1.0,1.0,1.0,1.0,1.0
7.781243467875049,5.54,,1093.05,219.6812853784296,23327.923979166662,557.6147345459494,651.9339501384522,24.768170129543073,2050.0,8.537,9.44,4933000.0,54.7,45.84,1,1.0,1.0,0.0,1.0,1.0,1.0,1.0,1.0,1.0,1.0,1.0,1.0,1.0,1.0
6.837264759962238,5.54,,106.2,1667.640569424486,104.36750726041244,13.441373939160297,47.39849624471043,5.62995441690365,2050.0,8.537,9.44,4933000.0,54.7,45.84,0,1.0,1.0,0.0,1.0,1.0,1.0,1.0,1.0,1.0,1.0,1.0,1.0,1.0,1.0
6.837264759962238,5.54,,91.5,1667.640569424486,104.36750726041244,13.441373939160297,47.39849624471043,5.62995441690365,2050.0,8.537,9.44,4933000.0,54.7,45.84,0,1.0,1.0,0.0,1.0,1.0,1.0,1.0,1.0,1.0,1.0,1.0,1.0,1.0,1.0
6.837264759962238,5.54,,80.2,1667.640569424486,104.36750726041244,13.441373939160297,47.39849624471043,5.62995441690365,2050.0,8.537,9.44,4933000.0,54.7,45.84,0,1.0,1.0,0.0,1.0,1.0,1.0,1.0,1.0,1.0,1.0,1.0,1.0,1.0,1.0
6.837264759962238,5.54,,79.1,1667.640569424486,104.36750726041244,13.441373939160297,47.39849624471043,5.62995441690365,2050.0,8.537,9.44,4933000.0,54.7,45.84,0,1.0,1.0,0.0,1.0,1.0,1.0,1.0,1.0,1.0,1.0,1.0,1.0,1.0,1.0
5.629202678571427,5.54,,2468.0,1581.100787540695,148.4853296097139,82.90619998807507,45.22569423870903,7.030772072842562,2050.0,8.537,9.44,4933000.0,54.7,45.84,1,1.0,1.0,0.0,1.0,1.0,1.0,1.0,1.0,1.0,1.0,1.0,1.0,1.0,1.0
7.781243467875049,5.54,,961.13,219.6812853784296,23327.923979166662,557.6147345459494,651.9339501384522,25.040902449699814,2050.0,8.537,9.44,4933000.0,54.7,45.84,1,1.0,1.0,0.0,1.0,1.0,1.0,1.0,1.0,1.0,1.0,1.0,1.0,1.0,1.0
6.837264759962238,5.54,,272.95,1667.640569424486,104.36750726041244,13.441373939160297,47.39849624471043,5.8631143240727415,2050.0,8.537,9.44,4933000.0,54.7,45.84,0,1.0,1.0,0.0,1.0,1.0,1.0,1.0,1.0,1.0,1.0,1.0,1.0,1.0,1.0
6.837264759962238,5.54,,237.26,1667.640569424486,104.36750726041244,13.441373939160297,47.39849624471043,5.62995441690365,2050.0,8.537,9.44,4933000.0,54.7,45.84,0,1.0,1.0,0.0,1.0,1.0,1.0,1.0,1.0,1.0,1.0,1.0,1.0,1.0,1.0
6.837264759962238,5.54,,146.1,1667.640569424486,104.36750726041244,13.441373939160297,47.39849624471043,5.62995441690365,2050.0,8.537,9.44,4933000.0,54.7,45.84,0,1.0,1.0,0.0,1.0,1.0,1.0,1.0,1.0,1.0,1.0,1.0,1.0,1.0,1.0
6.837264759962238,5.54,,181.12,1667.640569424486,104.36750726041244,13.441373939160297,47.39849624471043,5.62995441690365,2050.0,8.537,9.44,4933000.0,54.7,45.84,0,1.0,1.0,0.0,1.0,1.0,1.0,1.0,1.0,1.0,1.0,1.0,1.0,1.0,1.0
6.3758859577922085,5.54,,1939.58,1620.694422732843,63.08487522370304,76.19975409417138,51.45433060462972,7.1123986771569605,2050.0,8.537,9.44,4933000.0,54.7,45.84,1,1.0,1.0,0.0,1.0,1.0,1.0,1.0,1.0,1.0,1.0,1.0,1.0,1.0,1.0
6.837264759962238,5.54,,131.5,1667.640569424486,104.36750726041244,13.441373939160297,47.39849624471043,5.62995441690365,2050.0,8.537,9.44,4933000.0,54.7,45.84,0,1.0,1.0,0.0,1.0,1.0,1.0,1.0,1.0,1.0,1.0,1.0,1.0,1.0,1.0
6.837264759962238,5.54,,312.5,1667.640569424486,104.36750726041244,13.441373939160297,47.39849624471043,5.947605926443679,2050.0,8.537,9.44,4933000.0,54.7,45.84,0,1.0,1.0,0.0,1.0,1.0,1.0,1.0,1.0,1.0,1.0,1.0,1.0,1.0,1.0
6.837264759962238,5.54,,152.4,1667.640569424486,104.36750726041244,13.441373939160297,47.39849624471043,5.62995441690365,2050.0,8.537,9.44,4933000.0,54.7,45.84,0,1.0,1.0,0.0,1.0,1.0,1.0,1.0,1.0,1.0,1.0,1.0,1.0,1.0,1.0
6.837264759962238,5.54,,135.3,1667.640569424486,104.36750726041244,13.441373939160297,47.39849624471043,5.62995441690365,2050.0,8.537,9.44,4933000.0,54.7,45.84,0,1.0,1.0,0.0,1.0,1.0,1.0,1.0,1.0,1.0,1.0,1.0,1.0,1.0,1.0
6.837264759962238,5.54,,43.27,1667.640569424486,104.36750726041244,13.441373939160297,47.39849624471043,5.62995441690365,2050.0,8.537,9.44,4933000.0,54.7,45.84,0,1.0,1.0,0.0,1.0,1.0,1.0,1.0,1.0,1.0,1.0,1.0,1.0,1.0,1.0
6.761834716333139,5.54,,788.76,1667.640569424486,112.32332905527636,44.062430751516274,46.041581624213,5.937479224744466,2050.0,8.537,9.44,4933000.0,54.7,45.84,1,1.0,1.0,0.0,1.0,1.0,1.0,1.0,1.0,1.0,1.0,1.0,1.0,1.0,1.0
6.837264759962238,5.54,,19.88,1667.640569424486,104.36750726041244,13.441373939160297,47.39849624471043,5.62995441690365,2050.0,8.537,9.44,4933000.0,54.7,45.84,0,1.0,1.0,0.0,1.0,1.0,1.0,1.0,1.0,1.0,1.0,1.0,1.0,1.0,1.0
6.837264759962238,5.54,,150.28,1667.640569424486,104.36750726041244,13.441373939160297,47.39849624471043,5.62995441690365,2050.0,8.537,9.44,4933000.0,54.7,45.84,0,1.0,1.0,0.0,1.0,1.0,1.0,1.0,1.0,1.0,1.0,1.0,1.0,1.0,1.0
6.757532632999807,5.54,,435.36,1667.640569424486,104.36750726041244,12.740995215870532,47.39849624471043,6.001087970433774,2050.0,8.537,9.44,4933000.0,54.7,45.84,0,1.0,1.0,0.0,1.0,1.0,1.0,1.0,1.0,1.0,1.0,1.0,1.0,1.0,1.0
6.837264759962238,5.54,,152.4,1667.640569424486,104.36750726041244,13.441373939160297,47.39849624471043,5.62995441690365,2050.0,8.537,9.44,4933000.0,54.7,45.84,0,1.0,1.0,0.0,1.0,1.0,1.0,1.0,1.0,1.0,1.0,1.0,1.0,1.0,1.0
6.3758859577922085,5.54,,1793.0,1620.694422732843,63.08487522370304,76.19975409417138,51.45433060462972,7.1123986771569605,2050.0,8.537,9.44,4933000.0,54.7,45.84,1,1.0,1.0,0.0,1.0,1.0,1.0,1.0,1.0,1.0,1.0,1.0,1.0,1.0,1.0
6.837264759962238,5.54,,280.0,1667.640569424486,104.36750726041244,13.441373939160297,47.39849624471043,5.8631143240727415,2050.0,8.537,9.44,4933000.0,54.7,45.84,0,1.0,1.0,0.0,1.0,1.0,1.0,1.0,1.0,1.0,1.0,1.0,1.0,1.0,1.0
6.837264759962238,5.54,,311.6,1667.640569424486,104.36750726041244,13.441373939160297,47.39849624471043,5.947605926443679,2050.0,8.537,9.44,4933000.0,54.7,45.84,0,1.0,1.0,0.0,1.0,1.0,1.0,1.0,1.0,1.0,1.0,1.0,1.0,1.0,1.0
6.837264759962238,5.54,,41.89,1667.640569424486,104.36750726041244,13.441373939160297,47.39849624471043,5.62995441690365,2050.0,8.537,9.44,4933000.0,54.7,45.84,0,1.0,1.0,0.0,1.0,1.0,1.0,1.0,1.0,1.0,1.0,1.0,1.0,1.0,1.0
6.837264759962238,5.54,,218.2,1667.640569424486,104.36750726041244,13.441373939160297,47.39849624471043,5.62995441690365,2050.0,8.537,9.44,4933000.0,54.7,45.84,0,1.0,1.0,0.0,1.0,1.0,1.0,1.0,1.0,1.0,1.0,1.0,1.0,1.0,1.0
6.757532632999807,5.54,,364.2,1667.640569424486,104.36750726041244,12.740995215870532,47.39849624471043,5.972596231286924,2050.0,8.537,9.44,4933000.0,54.7,45.84,0,1.0,1.0,0.0,1.0,1.0,1.0,1.0,1.0,1.0,1.0,1.0,1.0,1.0,1.0
7.781243467875049,5.54,,991.0,219.6812853784296,23327.923979166662,557.6147345459494,651.9339501384522,25.16742012954307,2050.0,8.537,9.44,4933000.0,54.7,45.84,1,1.0,1.0,0.0,1.0,1.0,1.0,1.0,1.0,1.0,1.0,1.0,1.0,1.0,1.0
6.569260237319848,5.54,,1567.0,1667.640569424486,130.2678751934937,58.89081932153215,45.22569423870903,7.444143147972616,2050.0,8.537,9.44,4933000.0,54.7,45.84,1,1.0,1.0,0.0,1.0,1.0,1.0,1.0,1.0,1.0,1.0,1.0,1.0,1.0,1.0
6.837264759962238,5.54,,244.76,1667.640569424486,104.36750726041244,13.441373939160297,47.39849624471043,5.62995441690365,2050.0,8.537,9.44,4933000.0,54.7,45.84,0,1.0,1.0,0.0,1.0,1.0,1.0,1.0,1.0,1.0,1.0,1.0,1.0,1.0,1.0
6.460365124458875,5.54,,2087.0,1682.9390477328427,63.08487522370304,71.25023867046443,51.45433060462972,6.009195085097611,2050.0,8.537,9.44,4933000.0,54.7,45.84,1,1.0,1.0,0.0,1.0,1.0,1.0,1.0,1.0,1.0,1.0,1.0,1.0,1.0,1.0
6.757532632999807,5.54,,443.94,1667.640569424486,104.36750726041244,12.740995215870532,47.39849624471043,6.001087970433774,2050.0,8.537,9.44,4933000.0,54.7,45.84,0,1.0,1.0,0.0,1.0,1.0,1.0,1.0,1.0,1.0,1.0,1.0,1.0,1.0,1.0
6.720972222222223,5.54,,405.1,1667.640569424486,112.32332905527636,40.75405913091942,46.041581624213,5.837615580811436,2050.0,8.537,9.44,4933000.0,54.7,45.84,0,1.0,1.0,0.0,1.0,1.0,1.0,1.0,1.0,1.0,1.0,1.0,1.0,1.0,1.0
6.758282632999807,5.54,,717.09,1667.640569424486,104.36750726041244,11.30206905390373,47.39849624471043,5.812138243902128,2050.0,8.537,9.44,4933000.0,54.7,45.84,1,1.0,1.0,0.0,1.0,1.0,1.0,1.0,1.0,1.0,1.0,1.0,1.0,1.0,1.0
7.781243467875049,5.54,,1004.08,219.6812853784296,23327.923979166662,557.6147345459494,651.9339501384522,25.16742012954307,2050.0,8.537,9.44,4933000.0,54.7,45.84,1,1.0,1.0,0.0,1.0,1.0,1.0,1.0,1.0,1.0,1.0,1.0,1.0,1.0,1.0
6.7461576329998065,5.54,,765.0,1667.640569424486,104.36750726041244,11.30206905390373,47.39849624471043,5.812138243902128,2050.0,8.537,9.44,4933000.0,54.7,45.84,1,1.0,1.0,0.0,1.0,1.0,1.0,1.0,1.0,1.0,1.0,1.0,1.0,1.0,1.0
6.569260237319848,5.54,,1491.87,1667.640569424486,130.2678751934937,58.89081932153215,45.22569423870903,7.444143147972616,2050.0,8.537,9.44,4933000.0,54.7,45.84,1,1.0,1.0,0.0,1.0,1.0,1.0,1.0,1.0,1.0,1.0,1.0,1.0,1.0,1.0
6.758282632999807,5.54,,707.87,1667.640569424486,104.36750726041244,11.30206905390373,47.39849624471043,5.812138243902128,2050.0,8.537,9.44,4933000.0,54.7,45.84,1,1.0,1.0,0.0,1.0,1.0,1.0,1.0,1.0,1.0,1.0,1.0,1.0,1.0,1.0
6.722511186921375,5.54,,904.19,1667.640569424486,112.32332905527636,39.029679180860725,49.97347440199078,5.834386892132474,2050.0,8.537,9.44,4933000.0,54.7,45.84,1,1.0,1.0,0.0,1.0,1.0,1.0,1.0,1.0,1.0,1.0,1.0,1.0,1.0,1.0
6.758282632999807,5.54,,698.79,1667.640569424486,104.36750726041244,11.30206905390373,47.39849624471043,5.812138243902128,2050.0,8.537,9.44,4933000.0,54.7,45.84,1,1.0,1.0,0.0,1.0,1.0,1.0,1.0,1.0,1.0,1.0,1.0,1.0,1.0,1.0
6.569260237319848,5.54,,1356.46,1667.640569424486,130.2678751934937,58.89081932153215,45.22569423870903,7.444143147972616,2050.0,8.537,9.44,4933000.0,54.7,45.84,1,1.0,1.0,0.0,1.0,1.0,1.0,1.0,1.0,1.0,1.0,1.0,1.0,1.0,1.0
7.781243467875049,5.54,,1168.43,219.6812853784296,23327.923979166662,557.6147345459494,651.9339501384522,24.768170129543073,2050.0,8.537,9.44,4933000.0,54.7,45.84,1,1.0,1.0,0.0,1.0,1.0,1.0,1.0,1.0,1.0,1.0,1.0,1.0,1.0,1.0
6.757532632999807,5.54,,439.88,1667.640569424486,104.36750726041244,12.740995215870532,47.39849624471043,6.001087970433774,2050.0,8.537,9.44,4933000.0,54.7,45.84,0,1.0,1.0,0.0,1.0,1.0,1.0,1.0,1.0,1.0,1.0,1.0,1.0,1.0,1.0
6.837264759962238,5.54,,141.76,1667.640569424486,104.36750726041244,13.441373939160297,47.39849624471043,5.62995441690365,2050.0,8.537,9.44,4933000.0,54.7,45.84,0,1.0,1.0,0.0,1.0,1.0,1.0,1.0,1.0,1.0,1.0,1.0,1.0,1.0,1.0
6.757532632999807,5.54,,381.73,1667.640569424486,104.36750726041244,12.740995215870532,47.39849624471043,5.932494741782916,2050.0,8.537,9.44,4933000.0,54.7,45.84,0,1.0,1.0,0.0,1.0,1.0,1.0,1.0,1.0,1.0,1.0,1.0,1.0,1.0,1.0
6.837264759962238,5.54,,58.29,1667.640569424486,104.36750726041244,13.441373939160297,47.39849624471043,5.62995441690365,2050.0,8.537,9.44,4933000.0,54.7,45.84,0,1.0,1.0,0.0,1.0,1.0,1.0,1.0,1.0,1.0,1.0,1.0,1.0,1.0,1.0
6.837264759962238,5.54,,191.66,1667.640569424486,104.36750726041244,13.441373939160297,47.39849624471043,5.62995441690365,2050.0,8.537,9.44,4933000.0,54.7,45.84,0,1.0,1.0,0.0,1.0,1.0,1.0,1.0,1.0,1.0,1.0,1.0,1.0,1.0,1.0
6.757532632999807,5.54,,460.75,1667.640569424486,104.36750726041244,12.740995215870532,47.39849624471043,6.001087970433774,2050.0,8.537,9.44,4933000.0,54.7,45.84,0,1.0,1.0,0.0,1.0,1.0,1.0,1.0,1.0,1.0,1.0,1.0,1.0,1.0,1.0
6.720972222222223,5.54,,417.4,1667.640569424486,112.32332905527636,40.75405913091942,46.041581624213,5.837615580811436,2050.0,8.537,9.44,4933000.0,54.7,45.84,0,1.0,1.0,0.0,1.0,1.0,1.0,1.0,1.0,1.0,1.0,1.0,1.0,1.0,1.0
6.757532632999807,5.54,,485.3,1667.640569424486,104.36750726041244,12.740995215870532,47.39849624471043,6.001087970433774,2050.0,8.537,9.44,4933000.0,54.7,45.84,0,1.0,1.0,0.0,1.0,1.0,1.0,1.0,1.0,1.0,1.0,1.0,1.0,1.0,1.0
6.757532632999807,5.54,,336.3,1667.640569424486,104.36750726041244,12.407406557819462,47.39849624471043,5.947605926443679,2050.0,8.537,9.44,4933000.0,54.7,45.84,0,1.0,1.0,0.0,1.0,1.0,1.0,1.0,1.0,1.0,1.0,1.0,1.0,1.0,1.0
6.837264759962238,5.54,,292.7,1667.640569424486,104.36750726041244,13.441373939160297,47.39849624471043,5.947605926443679,2050.0,8.537,9.44,4933000.0,54.7,45.84,0,1.0,1.0,0.0,1.0,1.0,1.0,1.0,1.0,1.0,1.0,1.0,1.0,1.0,1.0
6.762032632999807,5.54,,645.7,1667.640569424486,104.36750726041244,11.30206905390373,47.39849624471043,5.925660668525982,2050.0,8.537,9.44,4933000.0,54.7,45.84,1,1.0,1.0,0.0,1.0,1.0,1.0,1.0,1.0,1.0,1.0,1.0,1.0,1.0,1.0
6.757532632999807,5.54,,460.3,1667.640569424486,104.36750726041244,12.740995215870532,47.39849624471043,6.001087970433774,2050.0,8.537,9.44,4933000.0,54.7,45.84,0,1.0,1.0,0.0,1.0,1.0,1.0,1.0,1.0,1.0,1.0,1.0,1.0,1.0,1.0
6.757532632999807,5.54,,495.4,1667.640569424486,104.36750726041244,12.407406557819462,47.39849624471043,5.946826396750153,2050.0,8.537,9.44,4933000.0,54.7,45.84,0,1.0,1.0,0.0,1.0,1.0,1.0,1.0,1.0,1.0,1.0,1.0,1.0,1.0,1.0
6.757532632999807,5.54,,477.0,1667.640569424486,104.36750726041244,12.740995215870532,47.39849624471043,6.001087970433774,2050.0,8.537,9.44,4933000.0,54.7,45.84,0,1.0,1.0,0.0,1.0,1.0,1.0,1.0,1.0,1.0,1.0,1.0,1.0,1.0,1.0
6.757532632999807,5.54,,445.8,1667.640569424486,104.36750726041244,12.740995215870532,47.39849624471043,6.001087970433774,2050.0,8.537,9.44,4933000.0,54.7,45.84,0,1.0,1.0,0.0,1.0,1.0,1.0,1.0,1.0,1.0,1.0,1.0,1.0,1.0,1.0
6.7535847163331395,5.54,,841.8,1667.640569424486,112.32332905527636,44.062430751516274,46.041581624213,5.937479224744466,2050.0,8.537,9.44,4933000.0,54.7,45.84,1,1.0,1.0,0.0,1.0,1.0,1.0,1.0,1.0,1.0,1.0,1.0,1.0,1.0,1.0
6.720972222222223,5.54,,398.9,1667.640569424486,112.32332905527636,40.75405913091942,46.041581624213,5.837615580811436,2050.0,8.537,9.44,4933000.0,54.7,45.84,0,1.0,1.0,0.0,1.0,1.0,1.0,1.0,1.0,1.0,1.0,1.0,1.0,1.0,1.0
6.758282632999807,5.54,,722.35,1667.640569424486,104.36750726041244,11.30206905390373,47.39849624471043,5.812138243902128,2050.0,8.537,9.44,4933000.0,54.7,45.84,1,1.0,1.0,0.0,1.0,1.0,1.0,1.0,1.0,1.0,1.0,1.0,1.0,1.0,1.0
6.757532632999807,5.54,,460.0,1667.640569424486,104.36750726041244,12.740995215870532,47.39849624471043,6.001087970433774,2050.0,8.537,9.44,4933000.0,54.7,45.84,0,1.0,1.0,0.0,1.0,1.0,1.0,1.0,1.0,1.0,1.0,1.0,1.0,1.0,1.0
6.837264759962238,5.54,,226.74,1667.640569424486,104.36750726041244,13.441373939160297,47.39849624471043,5.62995441690365,2050.0,8.537,9.44,4933000.0,54.7,45.84,0,1.0,1.0,0.0,1.0,1.0,1.0,1.0,1.0,1.0,1.0,1.0,1.0,1.0,1.0
6.757532632999807,5.54,,631.55,1667.640569424486,104.36750726041244,11.30206905390373,47.39849624471043,5.911490210094597,2050.0,8.537,9.44,4933000.0,54.7,45.84,1,1.0,1.0,0.0,1.0,1.0,1.0,1.0,1.0,1.0,1.0,1.0,1.0,1.0,1.0
6.757532632999807,5.54,,368.66,1667.640569424486,104.36750726041244,12.740995215870532,47.39849624471043,5.972596231286924,2050.0,8.537,9.44,4933000.0,54.7,45.84,0,1.0,1.0,0.0,1.0,1.0,1.0,1.0,1.0,1.0,1.0,1.0,1.0,1.0,1.0
6.837264759962238,5.54,,281.8,1667.640569424486,104.36750726041244,13.441373939160297,47.39849624471043,5.8631143240727415,2050.0,8.537,9.44,4933000.0,54.7,45.84,0,1.0,1.0,0.0,1.0,1.0,1.0,1.0,1.0,1.0,1.0,1.0,1.0,1.0,1.0
6.7535847163331395,5.54,,851.5,1667.640569424486,112.32332905527636,44.062430751516274,46.041581624213,5.937479224744466,2050.0,8.537,9.44,4933000.0,54.7,45.84,1,1.0,1.0,0.0,1.0,1.0,1.0,1.0,1.0,1.0,1.0,1.0,1.0,1.0,1.0
6.837264759962238,5.54,,234.4,1667.640569424486,104.36750726041244,13.441373939160297,47.39849624471043,5.62995441690365,2050.0,8.537,9.44,4933000.0,54.7,45.84,0,1.0,1.0,0.0,1.0,1.0,1.0,1.0,1.0,1.0,1.0,1.0,1.0,1.0,1.0
6.4852009615384585,5.54,,4952.4,219.6812853784296,3511.276885714285,572.2718595459494,834.9675385764033,24.768170129543073,2050.0,8.537,9.44,4933000.0,54.7,45.84,1,1.0,1.0,0.0,1.0,1.0,1.0,1.0,1.0,1.0,1.0,1.0,1.0,1.0,1.0
6.439847103863907,5.54,,3625.0,1628.0469342323377,139.09527691553018,82.90619998807507,45.22569423870903,7.629484243102849,2050.0,8.537,9.44,4933000.0,54.7,45.84,1,1.0,1.0,0.0,1.0,1.0,1.0,1.0,1.0,1.0,1.0,1.0,1.0,1.0,1.0
7.781243467875049,5.54,,1000.0,219.6812853784296,23327.923979166662,557.6147345459494,651.9339501384522,25.16742012954307,2050.0,8.537,9.44,4933000.0,54.7,45.84,1,1.0,1.0,0.0,1.0,1.0,1.0,1.0,1.0,1.0,1.0,1.0,1.0,1.0,1.0
6.757532632999807,5.54,,590.5,1667.640569424486,104.36750726041244,11.30206905390373,47.39849624471043,5.959375230791633,2050.0,8.537,9.44,4933000.0,54.7,45.84,1,1.0,1.0,0.0,1.0,1.0,1.0,1.0,1.0,1.0,1.0,1.0,1.0,1.0,1.0
6.757532632999807,5.54,,538.72,1667.640569424486,104.36750726041244,12.407406557819462,47.39849624471043,5.946826396750153,2050.0,8.537,9.44,4933000.0,54.7,45.84,0,1.0,1.0,0.0,1.0,1.0,1.0,1.0,1.0,1.0,1.0,1.0,1.0,1.0,1.0
6.757532632999807,5.54,,514.0,1667.640569424486,104.36750726041244,12.407406557819462,47.39849624471043,5.946826396750153,2050.0,8.537,9.44,4933000.0,54.7,45.84,0,1.0,1.0,0.0,1.0,1.0,1.0,1.0,1.0,1.0,1.0,1.0,1.0,1.0,1.0
6.4852009615384585,5.54,,5355.0,219.6812853784296,3511.276885714285,572.2718595459494,834.9675385764033,24.768170129543073,2050.0,8.537,9.44,4933000.0,54.7,45.84,1,1.0,1.0,0.0,1.0,1.0,1.0,1.0,1.0,1.0,1.0,1.0,1.0,1.0,1.0
6.837264759962238,5.54,,310.0,1667.640569424486,104.36750726041244,13.441373939160297,47.39849624471043,5.947605926443679,2050.0,8.537,9.44,4933000.0,54.7,45.84,0,1.0,1.0,0.0,1.0,1.0,1.0,1.0,1.0,1.0,1.0,1.0,1.0,1.0,1.0
6.722511186921375,5.54,,877.23,1667.640569424486,112.32332905527636,39.029679180860725,49.97347440199078,5.834386892132474,2050.0,8.537,9.44,4933000.0,54.7,45.84,1,1.0,1.0,0.0,1.0,1.0,1.0,1.0,1.0,1.0,1.0,1.0,1.0,1.0,1.0
6.757532632999807,5.54,,448.0,1667.640569424486,104.36750726041244,12.740995215870532,47.39849624471043,6.001087970433774,2050.0,8.537,9.44,4933000.0,54.7,45.84,0,1.0,1.0,0.0,1.0,1.0,1.0,1.0,1.0,1.0,1.0,1.0,1.0,1.0,1.0
6.758282632999807,5.54,,675.4,1667.640569424486,104.36750726041244,11.30206905390373,47.39849624471043,5.812138243902128,2050.0,8.537,9.44,4933000.0,54.7,45.84,1,1.0,1.0,0.0,1.0,1.0,1.0,1.0,1.0,1.0,1.0,1.0,1.0,1.0,1.0
6.4852009615384585,5.54,,6778.1,219.6812853784296,3511.276885714285,572.2718595459494,834.9675385764033,24.768170129543073,2050.0,8.537,9.44,4933000.0,54.7,45.84,1,1.0,1.0,0.0,1.0,1.0,1.0,1.0,1.0,1.0,1.0,1.0,1.0,1.0,1.0
6.757532632999807,5.54,,423.0,1667.640569424486,104.36750726041244,12.740995215870532,47.39849624471043,5.961265954381562,2050.0,8.537,9.44,4933000.0,54.7,45.84,0,1.0,1.0,0.0,1.0,1.0,1.0,1.0,1.0,1.0,1.0,1.0,1.0,1.0,1.0
6.837264759962238,5.54,,290.0,1667.640569424486,104.36750726041244,13.441373939160297,47.39849624471043,5.947605926443679,2050.0,8.537,9.44,4933000.0,54.7,45.84,0,1.0,1.0,0.0,1.0,1.0,1.0,1.0,1.0,1.0,1.0,1.0,1.0,1.0,1.0
6.3758859577922085,5.54,,1190.18,1620.694422732843,63.08487522370304,70.17035417353394,51.45433060462972,5.881890234763863,2050.0,8.537,9.44,4933000.0,54.7,45.84,1,1.0,1.0,0.0,1.0,1.0,1.0,1.0,1.0,1.0,1.0,1.0,1.0,1.0,1.0
6.837264759962238,5.54,,233.0,1667.640569424486,104.36750726041244,13.441373939160297,47.39849624471043,5.62995441690365,2050.0,8.537,9.44,4933000.0,54.7,45.84,0,1.0,1.0,0.0,1.0,1.0,1.0,1.0,1.0,1.0,1.0,1.0,1.0,1.0,1.0
6.837264759962238,5.54,,34.2,1667.640569424486,104.36750726041244,13.441373939160297,47.39849624471043,5.62995441690365,2050.0,8.537,9.44,4933000.0,54.7,45.84,0,1.0,1.0,0.0,1.0,1.0,1.0,1.0,1.0,1.0,1.0,1.0,1.0,1.0,1.0
6.720972222222223,5.54,,413.0,1667.640569424486,112.32332905527636,40.75405913091942,46.041581624213,5.837615580811436,2050.0,8.537,9.44,4933000.0,54.7,45.84,0,1.0,1.0,0.0,1.0,1.0,1.0,1.0,1.0,1.0,1.0,1.0,1.0,1.0,1.0
6.757532632999807,5.54,,578.6,1667.640569424486,104.36750726041244,11.30206905390373,47.39849624471043,5.959375230791633,2050.0,8.537,9.44,4933000.0,54.7,45.84,1,1.0,1.0,0.0,1.0,1.0,1.0,1.0,1.0,1.0,1.0,1.0,1.0,1.0,1.0
6.837264759962238,5.54,,280.5,1667.640569424486,104.36750726041244,13.441373939160297,47.39849624471043,5.8631143240727415,2050.0,8.537,9.44,4933000.0,54.7,45.84,0,1.0,1.0,0.0,1.0,1.0,1.0,1.0,1.0,1.0,1.0,1.0,1.0,1.0,1.0
6.837264759962238,5.54,,92.0,1667.640569424486,104.36750726041244,13.441373939160297,47.39849624471043,5.62995441690365,2050.0,8.537,9.44,4933000.0,54.7,45.84,0,1.0,1.0,0.0,1.0,1.0,1.0,1.0,1.0,1.0,1.0,1.0,1.0,1.0,1.0
6.757532632999807,5.54,,494.34,1667.640569424486,104.36750726041244,12.740995215870532,47.39849624471043,6.001087970433774,2050.0,8.537,9.44,4933000.0,54.7,45.84,0,1.0,1.0,0.0,1.0,1.0,1.0,1.0,1.0,1.0,1.0,1.0,1.0,1.0,1.0
6.837264759962238,5.54,,34.91,1667.640569424486,104.36750726041244,13.441373939160297,47.39849624471043,5.62995441690365,2050.0,8.537,9.44,4933000.0,54.7,45.84,0,1.0,1.0,0.0,1.0,1.0,1.0,1.0,1.0,1.0,1.0,1.0,1.0,1.0,1.0
6.837264759962238,5.54,,107.0,1667.640569424486,104.36750726041244,13.441373939160297,47.39849624471043,5.62995441690365,2050.0,8.537,9.44,4933000.0,54.7,45.84,0,1.0,1.0,0.0,1.0,1.0,1.0,1.0,1.0,1.0,1.0,1.0,1.0,1.0,1.0
6.837264759962238,5.54,,123.09,1667.640569424486,104.36750726041244,13.441373939160297,47.39849624471043,5.62995441690365,2050.0,8.537,9.44,4933000.0,54.7,45.84,0,1.0,1.0,0.0,1.0,1.0,1.0,1.0,1.0,1.0,1.0,1.0,1.0,1.0,1.0
6.757532632999807,5.54,,514.4,1667.640569424486,104.36750726041244,12.407406557819462,47.39849624471043,5.946826396750153,2050.0,8.537,9.44,4933000.0,54.7,45.84,0,1.0,1.0,0.0,1.0,1.0,1.0,1.0,1.0,1.0,1.0,1.0,1.0,1.0,1.0
6.757532632999807,5.54,,361.0,1667.640569424486,104.36750726041244,12.740995215870532,47.39849624471043,5.972596231286924,2050.0,8.537,9.44,4933000.0,54.7,45.84,0,1.0,1.0,0.0,1.0,1.0,1.0,1.0,1.0,1.0,1.0,1.0,1.0,1.0,1.0
6.837264759962238,5.54,,2.1,1667.640569424486,104.36750726041244,13.441373939160297,47.39849624471043,5.62995441690365,2050.0,8.537,9.44,4933000.0,54.7,45.84,0,1.0,1.0,0.0,1.0,1.0,1.0,1.0,1.0,1.0,1.0,1.0,1.0,1.0,1.0
6.837264759962238,5.54,,15.7,1667.640569424486,104.36750726041244,13.441373939160297,47.39849624471043,5.62995441690365,2050.0,8.537,9.44,4933000.0,54.7,45.84,0,1.0,1.0,0.0,1.0,1.0,1.0,1.0,1.0,1.0,1.0,1.0,1.0,1.0,1.0
6.757532632999807,5.54,,481.0,1667.640569424486,104.36750726041244,12.740995215870532,47.39849624471043,6.001087970433774,2050.0,8.537,9.44,4933000.0,54.7,45.84,0,1.0,1.0,0.0,1.0,1.0,1.0,1.0,1.0,1.0,1.0,1.0,1.0,1.0,1.0
6.757532632999807,5.54,,393.0,1667.640569424486,104.36750726041244,12.407406557819462,47.39849624471043,5.961265954381562,2050.0,8.537,9.44,4933000.0,54.7,45.84,0,1.0,1.0,0.0,1.0,1.0,1.0,1.0,1.0,1.0,1.0,1.0,1.0,1.0,1.0
6.837264759962238,5.54,,215.93,1667.640569424486,104.36750726041244,13.441373939160297,47.39849624471043,5.62995441690365,2050.0,8.537,9.44,4933000.0,54.7,45.84,0,1.0,1.0,0.0,1.0,1.0,1.0,1.0,1.0,1.0,1.0,1.0,1.0,1.0,1.0
6.837264759962238,5.54,,171.11,1667.640569424486,104.36750726041244,13.441373939160297,47.39849624471043,5.62995441690365,2050.0,8.537,9.44,4933000.0,54.7,45.84,0,1.0,1.0,0.0,1.0,1.0,1.0,1.0,1.0,1.0,1.0,1.0,1.0,1.0,1.0
6.439847103863907,5.54,,3351.3,1628.0469342323377,139.09527691553018,82.90619998807507,45.22569423870903,7.629484243102849,2050.0,8.537,9.44,4933000.0,54.7,45.84,1,1.0,1.0,0.0,1.0,1.0,1.0,1.0,1.0,1.0,1.0,1.0,1.0,1.0,1.0
6.720972222222223,5.54,,415.0,1667.640569424486,112.32332905527636,40.75405913091942,46.041581624213,5.837615580811436,2050.0,8.537,9.44,4933000.0,54.7,45.84,0,1.0,1.0,0.0,1.0,1.0,1.0,1.0,1.0,1.0,1.0,1.0,1.0,1.0,1.0
6.837264759962238,5.54,,105.77,1667.640569424486,104.36750726041244,13.441373939160297,47.39849624471043,5.62995441690365,2050.0,8.537,9.44,4933000.0,54.7,45.84,0,1.0,1.0,0.0,1.0,1.0,1.0,1.0,1.0,1.0,1.0,1.0,1.0,1.0,1.0
6.837264759962238,5.54,,82.45,1667.640569424486,104.36750726041244,13.441373939160297,47.39849624471043,5.62995441690365,2050.0,8.537,9.44,4933000.0,54.7,45.84,0,1.0,1.0,0.0,1.0,1.0,1.0,1.0,1.0,1.0,1.0,1.0,1.0,1.0,1.0
6.837264759962238,5.54,,58.63,1667.640569424486,104.36750726041244,13.441373939160297,47.39849624471043,5.62995441690365,2050.0,8.537,9.44,4933000.0,54.7,45.84,0,1.0,1.0,0.0,1.0,1.0,1.0,1.0,1.0,1.0,1.0,1.0,1.0,1.0,1.0
6.762032632999807,5.54,,639.0,1667.640569424486,104.36750726041244,11.30206905390373,47.39849624471043,5.925660668525982,2050.0,8.537,9.44,4933000.0,54.7,45.84,1,1.0,1.0,0.0,1.0,1.0,1.0,1.0,1.0,1.0,1.0,1.0,1.0,1.0,1.0
6.761834716333139,5.54,,794.0,1667.640569424486,112.32332905527636,44.062430751516274,46.041581624213,5.937479224744466,2050.0,8.537,9.44,4933000.0,54.7,45.84,1,1.0,1.0,0.0,1.0,1.0,1.0,1.0,1.0,1.0,1.0,1.0,1.0,1.0,1.0
6.757532632999807,5.54,,587.0,1667.640569424486,104.36750726041244,11.30206905390373,47.39849624471043,5.959375230791633,2050.0,8.537,9.44,4933000.0,54.7,45.84,1,1.0,1.0,0.0,1.0,1.0,1.0,1.0,1.0,1.0,1.0,1.0,1.0,1.0,1.0
6.757532632999807,5.54,,346.0,1667.640569424486,104.36750726041244,12.740995215870532,47.39849624471043,5.947605926443679,2050.0,8.537,9.44,4933000.0,54.7,45.84,0,1.0,1.0,0.0,1.0,1.0,1.0,1.0,1.0,1.0,1.0,1.0,1.0,1.0,1.0
6.7461576329998065,5.54,,739.0,1667.640569424486,104.36750726041244,11.30206905390373,47.39849624471043,5.812138243902128,2050.0,8.537,9.44,4933000.0,54.7,45.84,1,1.0,1.0,0.0,1.0,1.0,1.0,1.0,1.0,1.0,1.0,1.0,1.0,1.0,1.0
6.722511186921375,5.54,,866.0,1667.640569424486,112.32332905527636,39.029679180860725,49.97347440199078,5.834386892132474,2050.0,8.537,9.44,4933000.0,54.7,45.84,1,1.0,1.0,0.0,1.0,1.0,1.0,1.0,1.0,1.0,1.0,1.0,1.0,1.0,1.0
6.837264759962238,5.54,,229.0,1667.640569424486,104.36750726041244,13.441373939160297,47.39849624471043,5.62995441690365,2050.0,8.537,9.44,4933000.0,54.7,45.84,0,1.0,1.0,0.0,1.0,1.0,1.0,1.0,1.0,1.0,1.0,1.0,1.0,1.0,1.0
6.837264759962238,5.54,,59.6,1667.640569424486,104.36750726041244,13.441373939160297,47.39849624471043,5.62995441690365,2050.0,8.537,9.44,4933000.0,54.7,45.84,0,1.0,1.0,0.0,1.0,1.0,1.0,1.0,1.0,1.0,1.0,1.0,1.0,1.0,1.0
6.837264759962238,5.54,,327.0,1667.640569424486,104.36750726041244,13.441373939160297,47.39849624471043,5.947605926443679,2050.0,8.537,9.44,4933000.0,54.7,45.84,0,1.0,1.0,0.0,1.0,1.0,1.0,1.0,1.0,1.0,1.0,1.0,1.0,1.0,1.0
6.757532632999807,5.54,,506.0,1667.640569424486,104.36750726041244,12.407406557819462,47.39849624471043,5.946826396750153,2050.0,8.537,9.44,4933000.0,54.7,45.84,0,1.0,1.0,0.0,1.0,1.0,1.0,1.0,1.0,1.0,1.0,1.0,1.0,1.0,1.0
6.837264759962238,5.54,,240.0,1667.640569424486,104.36750726041244,13.441373939160297,47.39849624471043,5.62995441690365,2050.0,8.537,9.44,4933000.0,54.7,45.84,0,1.0,1.0,0.0,1.0,1.0,1.0,1.0,1.0,1.0,1.0,1.0,1.0,1.0,1.0
6.837264759962238,5.54,,138.0,1667.640569424486,104.36750726041244,13.441373939160297,47.39849624471043,5.62995441690365,2050.0,8.537,9.44,4933000.0,54.7,45.84,0,1.0,1.0,0.0,1.0,1.0,1.0,1.0,1.0,1.0,1.0,1.0,1.0,1.0,1.0
6.837264759962238,5.54,,41.32,1667.640569424486,104.36750726041244,13.441373939160297,47.39849624471043,5.62995441690365,2050.0,8.537,9.44,4933000.0,54.7,45.84,0,1.0,1.0,0.0,1.0,1.0,1.0,1.0,1.0,1.0,1.0,1.0,1.0,1.0,1.0
6.837264759962238,5.54,,56.8,1667.640569424486,104.36750726041244,13.441373939160297,47.39849624471043,5.62995441690365,2050.0,8.537,9.44,4933000.0,54.7,45.84,0,1.0,1.0,0.0,1.0,1.0,1.0,1.0,1.0,1.0,1.0,1.0,1.0,1.0,1.0
6.837264759962238,5.54,,68.7,1667.640569424486,104.36750726041244,13.441373939160297,47.39849624471043,5.62995441690365,2050.0,8.537,9.44,4933000.0,54.7,45.84,0,1.0,1.0,0.0,1.0,1.0,1.0,1.0,1.0,1.0,1.0,1.0,1.0,1.0,1.0
7.781243467875049,5.54,,976.176,219.6812853784296,23327.923979166662,557.6147345459494,651.9339501384522,25.040902449699814,2050.0,8.537,9.44,4933000.0,54.7,45.84,1,1.0,1.0,0.0,1.0,1.0,1.0,1.0,1.0,1.0,1.0,1.0,1.0,1.0,1.0
6.569260237319848,5.54,,1500.0,1667.640569424486,130.2678751934937,58.89081932153215,45.22569423870903,7.444143147972616,2050.0,8.537,9.44,4933000.0,54.7,45.84,1,1.0,1.0,0.0,1.0,1.0,1.0,1.0,1.0,1.0,1.0,1.0,1.0,1.0,1.0
6.837264759962238,5.54,,267.97,1667.640569424486,104.36750726041244,13.441373939160297,47.39849624471043,5.8631143240727415,2050.0,8.537,9.44,4933000.0,54.7,45.84,0,1.0,1.0,0.0,1.0,1.0,1.0,1.0,1.0,1.0,1.0,1.0,1.0,1.0,1.0
6.757532632999807,5.54,,583.6,1667.640569424486,104.36750726041244,11.30206905390373,47.39849624471043,5.959375230791633,2050.0,8.537,9.44,4933000.0,54.7,45.84,1,1.0,1.0,0.0,1.0,1.0,1.0,1.0,1.0,1.0,1.0,1.0,1.0,1.0,1.0
6.7535847163331395,5.54,,849.0,1667.640569424486,112.32332905527636,44.062430751516274,46.041581624213,5.937479224744466,2050.0,8.537,9.44,4933000.0,54.7,45.84,1,1.0,1.0,0.0,1.0,1.0,1.0,1.0,1.0,1.0,1.0,1.0,1.0,1.0,1.0
6.757532632999807,5.54,,614.0,1667.640569424486,104.36750726041244,11.30206905390373,47.39849624471043,5.911490210094597,2050.0,8.537,9.44,4933000.0,54.7,45.84,1,1.0,1.0,0.0,1.0,1.0,1.0,1.0,1.0,1.0,1.0,1.0,1.0,1.0,1.0
6.837264759962238,5.54,,170.0,1667.640569424486,104.36750726041244,13.441373939160297,47.39849624471043,5.62995441690365,2050.0,8.537,9.44,4933000.0,54.7,45.84,0,1.0,1.0,0.0,1.0,1.0,1.0,1.0,1.0,1.0,1.0,1.0,1.0,1.0,1.0
6.837264759962238,5.54,,60.6,1667.640569424486,104.36750726041244,13.441373939160297,47.39849624471043,5.62995441690365,2050.0,8.537,9.44,4933000.0,54.7,45.84,0,1.0,1.0,0.0,1.0,1.0,1.0,1.0,1.0,1.0,1.0,1.0,1.0,1.0,1.0
6.837264759962238,5.54,,287.02,1667.640569424486,104.36750726041244,13.441373939160297,47.39849624471043,5.947605926443679,2050.0,8.537,9.44,4933000.0,54.7,45.84,0,1.0,1.0,0.0,1.0,1.0,1.0,1.0,1.0,1.0,1.0,1.0,1.0,1.0,1.0
6.837264759962238,5.54,,1.05,1667.640569424486,104.36750726041244,13.441373939160297,47.39849624471043,5.62995441690365,2050.0,8.537,9.44,4933000.0,54.7,45.84,0,1.0,1.0,0.0,1.0,1.0,1.0,1.0,1.0,1.0,1.0,1.0,1.0,1.0,1.0
6.837264759962238,5.54,,240.0,1667.640569424486,104.36750726041244,13.441373939160297,47.39849624471043,5.62995441690365,2050.0,8.537,9.44,4933000.0,54.7,45.84,0,1.0,1.0,0.0,1.0,1.0,1.0,1.0,1.0,1.0,1.0,1.0,1.0,1.0,1.0
6.757532632999807,5.54,,567.0,1667.640569424486,104.36750726041244,11.30206905390373,47.39849624471043,5.959375230791633,2050.0,8.537,9.44,4933000.0,54.7,45.84,1,1.0,1.0,0.0,1.0,1.0,1.0,1.0,1.0,1.0,1.0,1.0,1.0,1.0,1.0
6.757532632999807,5.54,,361.0,1667.640569424486,104.36750726041244,12.740995215870532,47.39849624471043,5.972596231286924,2050.0,8.537,9.44,4933000.0,54.7,45.84,0,1.0,1.0,0.0,1.0,1.0,1.0,1.0,1.0,1.0,1.0,1.0,1.0,1.0,1.0
6.837264759962238,5.54,,126.0,1667.640569424486,104.36750726041244,13.441373939160297,47.39849624471043,5.62995441690365,2050.0,8.537,9.44,4933000.0,54.7,45.84,0,1.0,1.0,0.0,1.0,1.0,1.0,1.0,1.0,1.0,1.0,1.0,1.0,1.0,1.0
6.837264759962238,5.54,,147.84,1667.640569424486,104.36750726041244,13.441373939160297,47.39849624471043,5.62995441690365,2050.0,8.537,9.44,4933000.0,54.7,45.84,0,1.0,1.0,0.0,1.0,1.0,1.0,1.0,1.0,1.0,1.0,1.0,1.0,1.0,1.0
6.761834716333139,5.54,,781.32,1667.640569424486,112.32332905527636,44.062430751516274,46.041581624213,5.937479224744466,2050.0,8.537,9.44,4933000.0,54.7,45.84,1,1.0,1.0,0.0,1.0,1.0,1.0,1.0,1.0,1.0,1.0,1.0,1.0,1.0,1.0
6.757532632999807,5.54,,348.0,1667.640569424486,104.36750726041244,12.740995215870532,47.39849624471043,5.947605926443679,2050.0,8.537,9.44,4933000.0,54.7,45.84,0,1.0,1.0,0.0,1.0,1.0,1.0,1.0,1.0,1.0,1.0,1.0,1.0,1.0,1.0
6.837264759962238,5.54,,261.9,1667.640569424486,104.36750726041244,13.441373939160297,47.39849624471043,5.62995441690365,2050.0,8.537,9.44,4933000.0,54.7,45.84,0,1.0,1.0,0.0,1.0,1.0,1.0,1.0,1.0,1.0,1.0,1.0,1.0,1.0,1.0
6.837264759962238,5.54,,268.73,1667.640569424486,104.36750726041244,13.441373939160297,47.39849624471043,5.8631143240727415,2050.0,8.537,9.44,4933000.0,54.7,45.84,0,1.0,1.0,0.0,1.0,1.0,1.0,1.0,1.0,1.0,1.0,1.0,1.0,1.0,1.0
6.837264759962238,5.54,,149.8,1667.640569424486,104.36750726041244,13.441373939160297,47.39849624471043,5.62995441690365,2050.0,8.537,9.44,4933000.0,54.7,45.84,0,1.0,1.0,0.0,1.0,1.0,1.0,1.0,1.0,1.0,1.0,1.0,1.0,1.0,1.0
6.720972222222223,5.54,,406.0,1667.640569424486,112.32332905527636,40.75405913091942,46.041581624213,5.837615580811436,2050.0,8.537,9.44,4933000.0,54.7,45.84,0,1.0,1.0,0.0,1.0,1.0,1.0,1.0,1.0,1.0,1.0,1.0,1.0,1.0,1.0
6.837264759962238,5.54,,174.0,1667.640569424486,104.36750726041244,13.441373939160297,47.39849624471043,5.62995441690365,2050.0,8.537,9.44,4933000.0,54.7,45.84,0,1.0,1.0,0.0,1.0,1.0,1.0,1.0,1.0,1.0,1.0,1.0,1.0,1.0,1.0
6.837264759962238,5.54,,52.6,1667.640569424486,104.36750726041244,13.441373939160297,47.39849624471043,5.62995441690365,2050.0,8.537,9.44,4933000.0,54.7,45.84,0,1.0,1.0,0.0,1.0,1.0,1.0,1.0,1.0,1.0,1.0,1.0,1.0,1.0,1.0
6.837264759962238,5.54,,311.19,1667.640569424486,104.36750726041244,13.441373939160297,47.39849624471043,5.947605926443679,2050.0,8.537,9.44,4933000.0,54.7,45.84,0,1.0,1.0,0.0,1.0,1.0,1.0,1.0,1.0,1.0,1.0,1.0,1.0,1.0,1.0
6.722511186921375,5.54,,928.16,1667.640569424486,112.32332905527636,39.029679180860725,49.97347440199078,5.834386892132474,2050.0,8.537,9.44,4933000.0,54.7,45.84,1,1.0,1.0,0.0,1.0,1.0,1.0,1.0,1.0,1.0,1.0,1.0,1.0,1.0,1.0
6.837264759962238,5.54,,36.08,1667.640569424486,104.36750726041244,13.441373939160297,47.39849624471043,5.62995441690365,2050.0,8.537,9.44,4933000.0,54.7,45.84,0,1.0,1.0,0.0,1.0,1.0,1.0,1.0,1.0,1.0,1.0,1.0,1.0,1.0,1.0
6.757532632999807,5.54,,368.0,1667.640569424486,104.36750726041244,12.740995215870532,47.39849624471043,5.972596231286924,2050.0,8.537,9.44,4933000.0,54.7,45.84,0,1.0,1.0,0.0,1.0,1.0,1.0,1.0,1.0,1.0,1.0,1.0,1.0,1.0,1.0
6.722511186921375,5.54,,877.23,1667.640569424486,112.32332905527636,39.029679180860725,49.97347440199078,5.834386892132474,2050.0,8.537,9.44,4933000.0,54.7,45.84,1,1.0,1.0,0.0,1.0,1.0,1.0,1.0,1.0,1.0,1.0,1.0,1.0,1.0,1.0
6.7461576329998065,5.54,,740.21,1667.640569424486,104.36750726041244,11.30206905390373,47.39849624471043,5.812138243902128,2050.0,8.537,9.44,4933000.0,54.7,45.84,1,1.0,1.0,0.0,1.0,1.0,1.0,1.0,1.0,1.0,1.0,1.0,1.0,1.0,1.0
6.837264759962238,5.54,,118.0,1667.640569424486,104.36750726041244,13.441373939160297,47.39849624471043,5.62995441690365,2050.0,8.537,9.44,4933000.0,54.7,45.84,0,1.0,1.0,0.0,1.0,1.0,1.0,1.0,1.0,1.0,1.0,1.0,1.0,1.0,1.0
6.837264759962238,5.54,,128.0,1667.640569424486,104.36750726041244,13.441373939160297,47.39849624471043,5.62995441690365,2050.0,8.537,9.44,4933000.0,54.7,45.84,0,1.0,1.0,0.0,1.0,1.0,1.0,1.0,1.0,1.0,1.0,1.0,1.0,1.0,1.0
7.781243467875049,5.54,,941.27,219.6812853784296,23327.923979166662,557.6147345459494,651.9339501384522,25.040902449699814,2050.0,8.537,9.44,4933000.0,54.7,45.84,1,1.0,1.0,0.0,1.0,1.0,1.0,1.0,1.0,1.0,1.0,1.0,1.0,1.0,1.0
7.781243467875049,5.54,,1081.22,219.6812853784296,23327.923979166662,557.6147345459494,651.9339501384522,24.768170129543073,2050.0,8.537,9.44,4933000.0,54.7,45.84,1,1.0,1.0,0.0,1.0,1.0,1.0,1.0,1.0,1.0,1.0,1.0,1.0,1.0,1.0
6.757532632999807,5.54,,613.1,1667.640569424486,104.36750726041244,11.30206905390373,47.39849624471043,5.911490210094597,2050.0,8.537,9.44,4933000.0,54.7,45.84,1,1.0,1.0,0.0,1.0,1.0,1.0,1.0,1.0,1.0,1.0,1.0,1.0,1.0,1.0
6.837264759962238,5.54,,328.8,1667.640569424486,104.36750726041244,13.441373939160297,47.39849624471043,5.947605926443679,2050.0,8.537,9.44,4933000.0,54.7,45.84,0,1.0,1.0,0.0,1.0,1.0,1.0,1.0,1.0,1.0,1.0,1.0,1.0,1.0,1.0
6.757532632999807,5.54,,611.28,1667.640569424486,104.36750726041244,11.30206905390373,47.39849624471043,5.959375230791633,2050.0,8.537,9.44,4933000.0,54.7,45.84,1,1.0,1.0,0.0,1.0,1.0,1.0,1.0,1.0,1.0,1.0,1.0,1.0,1.0,1.0
6.837264759962238,5.54,,303.0,1667.640569424486,104.36750726041244,13.441373939160297,47.39849624471043,5.947605926443679,2050.0,8.537,9.44,4933000.0,54.7,45.84,0,1.0,1.0,0.0,1.0,1.0,1.0,1.0,1.0,1.0,1.0,1.0,1.0,1.0,1.0
6.758282632999807,5.54,,705.0,1667.640569424486,104.36750726041244,11.30206905390373,47.39849624471043,5.812138243902128,2050.0,8.537,9.44,4933000.0,54.7,45.84,1,1.0,1.0,0.0,1.0,1.0,1.0,1.0,1.0,1.0,1.0,1.0,1.0,1.0,1.0
6.837264759962238,5.54,,271.0,1667.640569424486,104.36750726041244,13.441373939160297,47.39849624471043,5.8631143240727415,2050.0,8.537,9.44,4933000.0,54.7,45.84,0,1.0,1.0,0.0,1.0,1.0,1.0,1.0,1.0,1.0,1.0,1.0,1.0,1.0,1.0
6.757532632999807,5.54,,336.4,1667.640569424486,104.36750726041244,12.407406557819462,47.39849624471043,5.947605926443679,2050.0,8.537,9.44,4933000.0,54.7,45.84,0,1.0,1.0,0.0,1.0,1.0,1.0,1.0,1.0,1.0,1.0,1.0,1.0,1.0,1.0
6.439847103863907,5.54,,3917.0,1628.0469342323377,139.09527691553018,82.90619998807507,45.22569423870903,7.629484243102849,2050.0,8.537,9.44,4933000.0,54.7,45.84,1,1.0,1.0,0.0,1.0,1.0,1.0,1.0,1.0,1.0,1.0,1.0,1.0,1.0,1.0
6.837264759962238,5.54,,116.0,1667.640569424486,104.36750726041244,13.441373939160297,47.39849624471043,5.62995441690365,2050.0,8.537,9.44,4933000.0,54.7,45.84,0,1.0,1.0,0.0,1.0,1.0,1.0,1.0,1.0,1.0,1.0,1.0,1.0,1.0,1.0
6.3758859577922085,5.54,,1228.1,1620.694422732843,63.08487522370304,70.17035417353394,51.45433060462972,5.881890234763863,2050.0,8.537,9.44,4933000.0,54.7,45.84,1,1.0,1.0,0.0,1.0,1.0,1.0,1.0,1.0,1.0,1.0,1.0,1.0,1.0,1.0
6.758282632999807,5.54,,665.8,1667.640569424486,104.36750726041244,11.30206905390373,47.39849624471043,5.812138243902128,2050.0,8.537,9.44,4933000.0,54.7,45.84,1,1.0,1.0,0.0,1.0,1.0,1.0,1.0,1.0,1.0,1.0,1.0,1.0,1.0,1.0
6.439847103863907,5.54,,3290.0,1628.0469342323377,139.09527691553018,82.90619998807507,45.22569423870903,7.629484243102849,2050.0,8.537,9.44,4933000.0,54.7,45.84,1,1.0,1.0,0.0,1.0,1.0,1.0,1.0,1.0,1.0,1.0,1.0,1.0,1.0,1.0
7.781243467875049,5.54,,1060.0,219.6812853784296,23327.923979166662,557.6147345459494,651.9339501384522,24.768170129543073,2050.0,8.537,9.44,4933000.0,54.7,45.84,1,1.0,1.0,0.0,1.0,1.0,1.0,1.0,1.0,1.0,1.0,1.0,1.0,1.0,1.0
6.837264759962238,5.54,,221.0,1667.640569424486,104.36750726041244,13.441373939160297,47.39849624471043,5.62995441690365,2050.0,8.537,9.44,4933000.0,54.7,45.84,0,1.0,1.0,0.0,1.0,1.0,1.0,1.0,1.0,1.0,1.0,1.0,1.0,1.0,1.0
6.757532632999807,5.54,,386.68,1667.640569424486,104.36750726041244,12.740995215870532,47.39849624471043,5.961265954381562,2050.0,8.537,9.44,4933000.0,54.7,45.84,0,1.0,1.0,0.0,1.0,1.0,1.0,1.0,1.0,1.0,1.0,1.0,1.0,1.0,1.0
6.439847103863907,5.54,,4586.6,1628.0469342323377,139.09527691553018,82.90619998807507,45.22569423870903,7.629484243102849,2050.0,8.537,9.44,4933000.0,54.7,45.84,1,1.0,1.0,0.0,1.0,1.0,1.0,1.0,1.0,1.0,1.0,1.0,1.0,1.0,1.0
6.762032632999807,5.54,,640.6,1667.640569424486,104.36750726041244,11.30206905390373,47.39849624471043,5.925660668525982,2050.0,8.537,9.44,4933000.0,54.7,45.84,1,1.0,1.0,0.0,1.0,1.0,1.0,1.0,1.0,1.0,1.0,1.0,1.0,1.0,1.0
6.757532632999807,5.54,,471.3,1667.640569424486,104.36750726041244,12.740995215870532,47.39849624471043,6.001087970433774,2050.0,8.537,9.44,4933000.0,54.7,45.84,0,1.0,1.0,0.0,1.0,1.0,1.0,1.0,1.0,1.0,1.0,1.0,1.0,1.0,1.0
6.757532632999807,5.54,,619.86,1667.640569424486,104.36750726041244,11.30206905390373,47.39849624471043,5.911490210094597,2050.0,8.537,9.44,4933000.0,54.7,45.84,1,1.0,1.0,0.0,1.0,1.0,1.0,1.0,1.0,1.0,1.0,1.0,1.0,1.0,1.0
6.569260237319848,5.54,,1295.79,1667.640569424486,130.2678751934937,58.89081932153215,45.22569423870903,7.444143147972616,2050.0,8.537,9.44,4933000.0,54.7,45.84,1,1.0,1.0,0.0,1.0,1.0,1.0,1.0,1.0,1.0,1.0,1.0,1.0,1.0,1.0
6.757532632999807,5.54,,480.28,1667.640569424486,104.36750726041244,12.740995215870532,47.39849624471043,6.001087970433774,2050.0,8.537,9.44,4933000.0,54.7,45.84,0,1.0,1.0,0.0,1.0,1.0,1.0,1.0,1.0,1.0,1.0,1.0,1.0,1.0,1.0
6.837264759962238,5.54,,41.3,1667.640569424486,104.36750726041244,13.441373939160297,47.39849624471043,5.62995441690365,2050.0,8.537,9.44,4933000.0,54.7,45.84,0,1.0,1.0,0.0,1.0,1.0,1.0,1.0,1.0,1.0,1.0,1.0,1.0,1.0,1.0
6.757532632999807,5.54,,339.0,1667.640569424486,104.36750726041244,12.407406557819462,47.39849624471043,5.947605926443679,2050.0,8.537,9.44,4933000.0,54.7,45.84,0,1.0,1.0,0.0,1.0,1.0,1.0,1.0,1.0,1.0,1.0,1.0,1.0,1.0,1.0
6.757532632999807,5.54,,460.0,1667.640569424486,104.36750726041244,12.740995215870532,47.39849624471043,6.001087970433774,2050.0,8.537,9.44,4933000.0,54.7,45.84,0,1.0,1.0,0.0,1.0,1.0,1.0,1.0,1.0,1.0,1.0,1.0,1.0,1.0,1.0
6.837264759962238,5.54,,42.42,1667.640569424486,104.36750726041244,13.441373939160297,47.39849624471043,5.62995441690365,2050.0,8.537,9.44,4933000.0,54.7,45.84,0,1.0,1.0,0.0,1.0,1.0,1.0,1.0,1.0,1.0,1.0,1.0,1.0,1.0,1.0
6.3758859577922085,5.54,,1970.0,1620.694422732843,63.08487522370304,76.19975409417138,51.45433060462972,7.1123986771569605,2050.0,8.537,9.44,4933000.0,54.7,45.84,1,1.0,1.0,0.0,1.0,1.0,1.0,1.0,1.0,1.0,1.0,1.0,1.0,1.0,1.0
6.837264759962238,5.54,,266.6,1667.640569424486,104.36750726041244,13.441373939160297,47.39849624471043,5.8631143240727415,2050.0,8.537,9.44,4933000.0,54.7,45.84,0,1.0,1.0,0.0,1.0,1.0,1.0,1.0,1.0,1.0,1.0,1.0,1.0,1.0,1.0
6.837264759962238,5.54,,87.66,1667.640569424486,104.36750726041244,13.441373939160297,47.39849624471043,5.62995441690365,2050.0,8.537,9.44,4933000.0,54.7,45.84,0,1.0,1.0,0.0,1.0,1.0,1.0,1.0,1.0,1.0,1.0,1.0,1.0,1.0,1.0
6.837264759962238,5.54,,133.84,1667.640569424486,104.36750726041244,13.441373939160297,47.39849624471043,5.62995441690365,2050.0,8.537,9.44,4933000.0,54.7,45.84,0,1.0,1.0,0.0,1.0,1.0,1.0,1.0,1.0,1.0,1.0,1.0,1.0,1.0,1.0
7.781243467875049,5.54,,1082.8,219.6812853784296,23327.923979166662,557.6147345459494,651.9339501384522,24.768170129543073,2050.0,8.537,9.44,4933000.0,54.7,45.84,1,1.0,1.0,0.0,1.0,1.0,1.0,1.0,1.0,1.0,1.0,1.0,1.0,1.0,1.0
6.4852009615384585,5.54,,6248.5,219.6812853784296,3511.276885714285,572.2718595459494,834.9675385764033,24.768170129543073,2050.0,8.537,9.44,4933000.0,54.7,45.84,1,1.0,1.0,0.0,1.0,1.0,1.0,1.0,1.0,1.0,1.0,1.0,1.0,1.0,1.0
7.781243467875049,5.54,,932.0,219.6812853784296,23327.923979166662,557.6147345459494,651.9339501384522,25.040902449699814,2050.0,8.537,9.44,4933000.0,54.7,45.84,1,1.0,1.0,0.0,1.0,1.0,1.0,1.0,1.0,1.0,1.0,1.0,1.0,1.0,1.0
6.757532632999807,5.54,,528.06,1667.640569424486,104.36750726041244,12.407406557819462,47.39849624471043,5.946826396750153,2050.0,8.537,9.44,4933000.0,54.7,45.84,0,1.0,1.0,0.0,1.0,1.0,1.0,1.0,1.0,1.0,1.0,1.0,1.0,1.0,1.0
6.757532632999807,5.54,,589.9,1667.640569424486,104.36750726041244,11.30206905390373,47.39849624471043,5.959375230791633,2050.0,8.537,9.44,4933000.0,54.7,45.84,1,1.0,1.0,0.0,1.0,1.0,1.0,1.0,1.0,1.0,1.0,1.0,1.0,1.0,1.0
5.629202678571427,5.54,,2580.0,1581.100787540695,148.4853296097139,82.90619998807507,45.22569423870903,7.030772072842562,2050.0,8.537,9.44,4933000.0,54.7,45.84,1,1.0,1.0,0.0,1.0,1.0,1.0,1.0,1.0,1.0,1.0,1.0,1.0,1.0,1.0
6.837264759962238,5.54,,225.0,1667.640569424486,104.36750726041244,13.441373939160297,47.39849624471043,5.62995441690365,2050.0,8.537,9.44,4933000.0,54.7,45.84,0,1.0,1.0,0.0,1.0,1.0,1.0,1.0,1.0,1.0,1.0,1.0,1.0,1.0,1.0
6.7461576329998065,5.54,,732.0,1667.640569424486,104.36750726041244,11.30206905390373,47.39849624471043,5.812138243902128,2050.0,8.537,9.44,4933000.0,54.7,45.84,1,1.0,1.0,0.0,1.0,1.0,1.0,1.0,1.0,1.0,1.0,1.0,1.0,1.0,1.0
6.837264759962238,5.54,,269.0,1667.640569424486,104.36750726041244,13.441373939160297,47.39849624471043,5.8631143240727415,2050.0,8.537,9.44,4933000.0,54.7,45.84,0,1.0,1.0,0.0,1.0,1.0,1.0,1.0,1.0,1.0,1.0,1.0,1.0,1.0,1.0
6.757532632999807,5.54,,484.0,1667.640569424486,104.36750726041244,12.740995215870532,47.39849624471043,6.001087970433774,2050.0,8.537,9.44,4933000.0,54.7,45.84,0,1.0,1.0,0.0,1.0,1.0,1.0,1.0,1.0,1.0,1.0,1.0,1.0,1.0,1.0
6.837264759962238,5.54,,278.0,1667.640569424486,104.36750726041244,13.441373939160297,47.39849624471043,5.8631143240727415,2050.0,8.537,9.44,4933000.0,54.7,45.84,0,1.0,1.0,0.0,1.0,1.0,1.0,1.0,1.0,1.0,1.0,1.0,1.0,1.0,1.0
6.837264759962238,5.54,,315.0,1667.640569424486,104.36750726041244,13.441373939160297,47.39849624471043,5.947605926443679,2050.0,8.537,9.44,4933000.0,54.7,45.84,0,1.0,1.0,0.0,1.0,1.0,1.0,1.0,1.0,1.0,1.0,1.0,1.0,1.0,1.0
6.720972222222223,5.54,,407.4,1667.640569424486,112.32332905527636,40.75405913091942,46.041581624213,5.837615580811436,2050.0,8.537,9.44,4933000.0,54.7,45.84,0,1.0,1.0,0.0,1.0,1.0,1.0,1.0,1.0,1.0,1.0,1.0,1.0,1.0,1.0
6.757532632999807,5.54,,352.94,1667.640569424486,104.36750726041244,12.740995215870532,47.39849624471043,5.972596231286924,2050.0,8.537,9.44,4933000.0,54.7,45.84,0,1.0,1.0,0.0,1.0,1.0,1.0,1.0,1.0,1.0,1.0,1.0,1.0,1.0,1.0
6.757532632999807,5.54,,489.6,1667.640569424486,104.36750726041244,12.740995215870532,47.39849624471043,6.001087970433774,2050.0,8.537,9.44,4933000.0,54.7,45.84,0,1.0,1.0,0.0,1.0,1.0,1.0,1.0,1.0,1.0,1.0,1.0,1.0,1.0,1.0
6.757532632999807,5.54,,382.5,1667.640569424486,104.36750726041244,12.740995215870532,47.39849624471043,5.932494741782916,2050.0,8.537,9.44,4933000.0,54.7,45.84,0,1.0,1.0,0.0,1.0,1.0,1.0,1.0,1.0,1.0,1.0,1.0,1.0,1.0,1.0
6.837264759962238,5.54,,139.3,1667.640569424486,104.36750726041244,13.441373939160297,47.39849624471043,5.62995441690365,2050.0,8.537,9.44,4933000.0,54.7,45.84,0,1.0,1.0,0.0,1.0,1.0,1.0,1.0,1.0,1.0,1.0,1.0,1.0,1.0,1.0
6.758282632999807,5.54,,689.6,1667.640569424486,104.36750726041244,11.30206905390373,47.39849624471043,5.812138243902128,2050.0,8.537,9.44,4933000.0,54.7,45.84,1,1.0,1.0,0.0,1.0,1.0,1.0,1.0,1.0,1.0,1.0,1.0,1.0,1.0,1.0
6.757532632999807,5.54,,368.0,1667.640569424486,104.36750726041244,12.740995215870532,47.39849624471043,5.972596231286924,2050.0,8.537,9.44,4933000.0,54.7,45.84,0,1.0,1.0,0.0,1.0,1.0,1.0,1.0,1.0,1.0,1.0,1.0,1.0,1.0,1.0
5.629202678571427,5.54,,2780.4,1581.100787540695,148.4853296097139,82.90619998807507,45.22569423870903,7.030772072842562,2050.0,8.537,9.44,4933000.0,54.7,45.84,1,1.0,1.0,0.0,1.0,1.0,1.0,1.0,1.0,1.0,1.0,1.0,1.0,1.0,1.0
6.569260237319848,5.54,,1552.0,1667.640569424486,130.2678751934937,58.89081932153215,45.22569423870903,7.444143147972616,2050.0,8.537,9.44,4933000.0,54.7,45.84,1,1.0,1.0,0.0,1.0,1.0,1.0,1.0,1.0,1.0,1.0,1.0,1.0,1.0,1.0
6.837264759962238,5.54,,223.85,1667.640569424486,104.36750726041244,13.441373939160297,47.39849624471043,5.62995441690365,2050.0,8.537,9.44,4933000.0,54.7,45.84,0,1.0,1.0,0.0,1.0,1.0,1.0,1.0,1.0,1.0,1.0,1.0,1.0,1.0,1.0
6.460365124458875,5.54,,2360.0,1682.9390477328427,63.08487522370304,71.25023867046443,51.45433060462972,6.009195085097611,2050.0,8.537,9.44,4933000.0,54.7,45.84,1,1.0,1.0,0.0,1.0,1.0,1.0,1.0,1.0,1.0,1.0,1.0,1.0,1.0,1.0
6.758282632999807,5.54,,691.0,1667.640569424486,104.36750726041244,11.30206905390373,47.39849624471043,5.812138243902128,2050.0,8.537,9.44,4933000.0,54.7,45.84,1,1.0,1.0,0.0,1.0,1.0,1.0,1.0,1.0,1.0,1.0,1.0,1.0,1.0,1.0
6.837264759962238,5.54,,52.34,1667.640569424486,104.36750726041244,13.441373939160297,47.39849624471043,5.62995441690365,2050.0,8.537,9.44,4933000.0,54.7,45.84,0,1.0,1.0,0.0,1.0,1.0,1.0,1.0,1.0,1.0,1.0,1.0,1.0,1.0,1.0
6.758282632999807,5.54,,723.0,1667.640569424486,104.36750726041244,11.30206905390373,47.39849624471043,5.812138243902128,2050.0,8.537,9.44,4933000.0,54.7,45.84,1,1.0,1.0,0.0,1.0,1.0,1.0,1.0,1.0,1.0,1.0,1.0,1.0,1.0,1.0
6.837264759962238,5.54,,119.88,1667.640569424486,104.36750726041244,13.441373939160297,47.39849624471043,5.62995441690365,2050.0,8.537,9.44,4933000.0,54.7,45.84,0,1.0,1.0,0.0,1.0,1.0,1.0,1.0,1.0,1.0,1.0,1.0,1.0,1.0,1.0
6.837264759962238,5.54,,9.21,1667.640569424486,104.36750726041244,13.441373939160297,47.39849624471043,5.62995441690365,2050.0,8.537,9.44,4933000.0,54.7,45.84,0,1.0,1.0,0.0,1.0,1.0,1.0,1.0,1.0,1.0,1.0,1.0,1.0,1.0,1.0
6.837264759962238,5.54,,59.9,1667.640569424486,104.36750726041244,13.441373939160297,47.39849624471043,5.62995441690365,2050.0,8.537,9.44,4933000.0,54.7,45.84,0,1.0,1.0,0.0,1.0,1.0,1.0,1.0,1.0,1.0,1.0,1.0,1.0,1.0,1.0
6.761834716333139,5.54,,807.0,1667.640569424486,112.32332905527636,44.062430751516274,46.041581624213,5.937479224744466,2050.0,8.537,9.44,4933000.0,54.7,45.84,1,1.0,1.0,0.0,1.0,1.0,1.0,1.0,1.0,1.0,1.0,1.0,1.0,1.0,1.0
6.757532632999807,5.54,,364.0,1667.640569424486,104.36750726041244,12.740995215870532,47.39849624471043,5.972596231286924,2050.0,8.537,9.44,4933000.0,54.7,45.84,0,1.0,1.0,0.0,1.0,1.0,1.0,1.0,1.0,1.0,1.0,1.0,1.0,1.0,1.0
6.757532632999807,5.54,,550.0,1667.640569424486,104.36750726041244,11.30206905390373,47.39849624471043,5.959375230791633,2050.0,8.537,9.44,4933000.0,54.7,45.84,0,1.0,1.0,0.0,1.0,1.0,1.0,1.0,1.0,1.0,1.0,1.0,1.0,1.0,1.0
6.837264759962238,5.54,,202.0,1667.640569424486,104.36750726041244,13.441373939160297,47.39849624471043,5.62995441690365,2050.0,8.537,9.44,4933000.0,54.7,45.84,0,1.0,1.0,0.0,1.0,1.0,1.0,1.0,1.0,1.0,1.0,1.0,1.0,1.0,1.0
6.3758859577922085,5.54,,1700.0,1620.694422732843,63.08487522370304,76.19975409417138,51.45433060462972,7.1123986771569605,2050.0,8.537,9.44,4933000.0,54.7,45.84,1,1.0,1.0,0.0,1.0,1.0,1.0,1.0,1.0,1.0,1.0,1.0,1.0,1.0,1.0
7.781243467875049,5.54,,1082.6,219.6812853784296,23327.923979166662,557.6147345459494,651.9339501384522,24.768170129543073,2050.0,8.537,9.44,4933000.0,54.7,45.84,1,1.0,1.0,0.0,1.0,1.0,1.0,1.0,1.0,1.0,1.0,1.0,1.0,1.0,1.0
6.837264759962238,5.54,,178.37,1667.640569424486,104.36750726041244,13.441373939160297,47.39849624471043,5.62995441690365,2050.0,8.537,9.44,4933000.0,54.7,45.84,0,1.0,1.0,0.0,1.0,1.0,1.0,1.0,1.0,1.0,1.0,1.0,1.0,1.0,1.0
6.757532632999807,5.54,,397.0,1667.640569424486,104.36750726041244,12.740995215870532,47.39849624471043,5.961265954381562,2050.0,8.537,9.44,4933000.0,54.7,45.84,0,1.0,1.0,0.0,1.0,1.0,1.0,1.0,1.0,1.0,1.0,1.0,1.0,1.0,1.0
6.3758859577922085,5.54,,1637.0,1620.694422732843,63.08487522370304,76.19975409417138,51.45433060462972,7.1123986771569605,2050.0,8.537,9.44,4933000.0,54.7,45.84,1,1.0,1.0,0.0,1.0,1.0,1.0,1.0,1.0,1.0,1.0,1.0,1.0,1.0,1.0
6.837264759962238,5.54,,318.2,1667.640569424486,104.36750726041244,13.441373939160297,47.39849624471043,5.947605926443679,2050.0,8.537,9.44,4933000.0,54.7,45.84,0,1.0,1.0,0.0,1.0,1.0,1.0,1.0,1.0,1.0,1.0,1.0,1.0,1.0,1.0
6.439847103863907,5.54,,3234.0,1628.0469342323377,139.09527691553018,82.90619998807507,45.22569423870903,7.629484243102849,2050.0,8.537,9.44,4933000.0,54.7,45.84,1,1.0,1.0,0.0,1.0,1.0,1.0,1.0,1.0,1.0,1.0,1.0,1.0,1.0,1.0
6.837264759962238,5.54,,287.0,1667.640569424486,104.36750726041244,13.441373939160297,47.39849624471043,5.947605926443679,2050.0,8.537,9.44,4933000.0,54.7,45.84,0,1.0,1.0,0.0,1.0,1.0,1.0,1.0,1.0,1.0,1.0,1.0,1.0,1.0,1.0
6.837264759962238,5.54,,195.0,1667.640569424486,104.36750726041244,13.441373939160297,47.39849624471043,5.62995441690365,2050.0,8.537,9.44,4933000.0,54.7,45.84,0,1.0,1.0,0.0,1.0,1.0,1.0,1.0,1.0,1.0,1.0,1.0,1.0,1.0,1.0
6.720972222222223,5.54,,407.3,1667.640569424486,112.32332905527636,40.75405913091942,46.041581624213,5.837615580811436,2050.0,8.537,9.44,4933000.0,54.7,45.84,0,1.0,1.0,0.0,1.0,1.0,1.0,1.0,1.0,1.0,1.0,1.0,1.0,1.0,1.0
6.757532632999807,5.54,,590.4,1667.640569424486,104.36750726041244,11.30206905390373,47.39849624471043,5.959375230791633,2050.0,8.537,9.44,4933000.0,54.7,45.84,1,1.0,1.0,0.0,1.0,1.0,1.0,1.0,1.0,1.0,1.0,1.0,1.0,1.0,1.0
6.722511186921375,5.54,,924.05,1667.640569424486,112.32332905527636,39.029679180860725,49.97347440199078,5.834386892132474,2050.0,8.537,9.44,4933000.0,54.7,45.84,1,1.0,1.0,0.0,1.0,1.0,1.0,1.0,1.0,1.0,1.0,1.0,1.0,1.0,1.0
6.837264759962238,5.54,,218.0,1667.640569424486,104.36750726041244,13.441373939160297,47.39849624471043,5.62995441690365,2050.0,8.537,9.44,4933000.0,54.7,45.84,0,1.0,1.0,0.0,1.0,1.0,1.0,1.0,1.0,1.0,1.0,1.0,1.0,1.0,1.0
6.837264759962238,5.54,,253.0,1667.640569424486,104.36750726041244,13.441373939160297,47.39849624471043,5.62995441690365,2050.0,8.537,9.44,4933000.0,54.7,45.84,0,1.0,1.0,0.0,1.0,1.0,1.0,1.0,1.0,1.0,1.0,1.0,1.0,1.0,1.0
6.837264759962238,5.54,,229.19,1667.640569424486,104.36750726041244,13.441373939160297,47.39849624471043,5.62995441690365,2050.0,8.537,9.44,4933000.0,54.7,45.84,0,1.0,1.0,0.0,1.0,1.0,1.0,1.0,1.0,1.0,1.0,1.0,1.0,1.0,1.0
6.569260237319848,5.54,,1295.79,1667.640569424486,130.2678751934937,58.89081932153215,45.22569423870903,7.444143147972616,2050.0,8.537,9.44,4933000.0,54.7,45.84,1,1.0,1.0,0.0,1.0,1.0,1.0,1.0,1.0,1.0,1.0,1.0,1.0,1.0,1.0
6.837264759962238,5.54,,188.0,1667.640569424486,104.36750726041244,13.441373939160297,47.39849624471043,5.62995441690365,2050.0,8.537,9.44,4933000.0,54.7,45.84,0,1.0,1.0,0.0,1.0,1.0,1.0,1.0,1.0,1.0,1.0,1.0,1.0,1.0,1.0
6.837264759962238,5.54,,116.0,1667.640569424486,104.36750726041244,13.441373939160297,47.39849624471043,5.62995441690365,2050.0,8.537,9.44,4933000.0,54.7,45.84,0,1.0,1.0,0.0,1.0,1.0,1.0,1.0,1.0,1.0,1.0,1.0,1.0,1.0,1.0
6.757532632999807,5.54,,565.8,1667.640569424486,104.36750726041244,11.30206905390373,47.39849624471043,5.959375230791633,2050.0,8.537,9.44,4933000.0,54.7,45.84,1,1.0,1.0,0.0,1.0,1.0,1.0,1.0,1.0,1.0,1.0,1.0,1.0,1.0,1.0
6.3758859577922085,5.54,,1581.87,1620.694422732843,63.08487522370304,76.19975409417138,51.45433060462972,7.1123986771569605,2050.0,8.537,9.44,4933000.0,54.7,45.84,1,1.0,1.0,0.0,1.0,1.0,1.0,1.0,1.0,1.0,1.0,1.0,1.0,1.0,1.0
6.837264759962238,5.54,,24.2,1667.640569424486,104.36750726041244,13.441373939160297,47.39849624471043,5.62995441690365,2050.0,8.537,9.44,4933000.0,54.7,45.84,0,1.0,1.0,0.0,1.0,1.0,1.0,1.0,1.0,1.0,1.0,1.0,1.0,1.0,1.0
6.837264759962238,5.54,,2.22,1667.640569424486,104.36750726041244,13.441373939160297,47.39849624471043,5.62995441690365,2050.0,8.537,9.44,4933000.0,54.7,45.84,0,1.0,1.0,0.0,1.0,1.0,1.0,1.0,1.0,1.0,1.0,1.0,1.0,1.0,1.0
7.781243467875049,5.54,,1001.9,219.6812853784296,23327.923979166662,557.6147345459494,651.9339501384522,25.16742012954307,2050.0,8.537,9.44,4933000.0,54.7,45.84,1,1.0,1.0,0.0,1.0,1.0,1.0,1.0,1.0,1.0,1.0,1.0,1.0,1.0,1.0
6.837264759962238,5.54,,331.0,1667.640569424486,104.36750726041244,13.441373939160297,47.39849624471043,5.947605926443679,2050.0,8.537,9.44,4933000.0,54.7,45.84,0,1.0,1.0,0.0,1.0,1.0,1.0,1.0,1.0,1.0,1.0,1.0,1.0,1.0,1.0
6.837264759962238,5.54,,32.0,1667.640569424486,104.36750726041244,13.441373939160297,47.39849624471043,5.62995441690365,2050.0,8.537,9.44,4933000.0,54.7,45.84,0,1.0,1.0,0.0,1.0,1.0,1.0,1.0,1.0,1.0,1.0,1.0,1.0,1.0,1.0
6.757532632999807,5.54,,448.0,1667.640569424486,104.36750726041244,12.740995215870532,47.39849624471043,6.001087970433774,2050.0,8.537,9.44,4933000.0,54.7,45.84,0,1.0,1.0,0.0,1.0,1.0,1.0,1.0,1.0,1.0,1.0,1.0,1.0,1.0,1.0
6.837264759962238,5.54,,210.31,1667.640569424486,104.36750726041244,13.441373939160297,47.39849624471043,5.62995441690365,2050.0,8.537,9.44,4933000.0,54.7,45.84,0,1.0,1.0,0.0,1.0,1.0,1.0,1.0,1.0,1.0,1.0,1.0,1.0,1.0,1.0
6.757532632999807,5.54,,394.52,1667.640569424486,104.36750726041244,12.407406557819462,47.39849624471043,5.961265954381562,2050.0,8.537,9.44,4933000.0,54.7,45.84,0,1.0,1.0,0.0,1.0,1.0,1.0,1.0,1.0,1.0,1.0,1.0,1.0,1.0,1.0
6.837264759962238,5.54,,181.5,1667.640569424486,104.36750726041244,13.441373939160297,47.39849624471043,5.62995441690365,2050.0,8.537,9.44,4933000.0,54.7,45.84,0,1.0,1.0,0.0,1.0,1.0,1.0,1.0,1.0,1.0,1.0,1.0,1.0,1.0,1.0
6.439847103863907,5.54,,3455.0,1628.0469342323377,139.09527691553018,82.90619998807507,45.22569423870903,7.629484243102849,2050.0,8.537,9.44,4933000.0,54.7,45.84,1,1.0,1.0,0.0,1.0,1.0,1.0,1.0,1.0,1.0,1.0,1.0,1.0,1.0,1.0
6.7461576329998065,5.54,,756.8,1667.640569424486,104.36750726041244,11.30206905390373,47.39849624471043,5.812138243902128,2050.0,8.537,9.44,4933000.0,54.7,45.84,1,1.0,1.0,0.0,1.0,1.0,1.0,1.0,1.0,1.0,1.0,1.0,1.0,1.0,1.0
6.837264759962238,5.54,,123.09,1667.640569424486,104.36750726041244,13.441373939160297,47.39849624471043,5.62995441690365,2050.0,8.537,9.44,4933000.0,54.7,45.84,0,1.0,1.0,0.0,1.0,1.0,1.0,1.0,1.0,1.0,1.0,1.0,1.0,1.0,1.0
6.722511186921375,5.54,,917.0,1667.640569424486,112.32332905527636,39.029679180860725,49.97347440199078,5.834386892132474,2050.0,8.537,9.44,4933000.0,54.7,45.84,1,1.0,1.0,0.0,1.0,1.0,1.0,1.0,1.0,1.0,1.0,1.0,1.0,1.0,1.0
6.757532632999807,5.54,,360.0,1667.640569424486,104.36750726041244,12.740995215870532,47.39849624471043,5.972596231286924,2050.0,8.537,9.44,4933000.0,54.7,45.84,0,1.0,1.0,0.0,1.0,1.0,1.0,1.0,1.0,1.0,1.0,1.0,1.0,1.0,1.0
6.3758859577922085,5.54,,1280.12,1620.694422732843,63.08487522370304,70.17035417353394,51.45433060462972,5.881890234763863,2050.0,8.537,9.44,4933000.0,54.7,45.84,1,1.0,1.0,0.0,1.0,1.0,1.0,1.0,1.0,1.0,1.0,1.0,1.0,1.0,1.0
6.837264759962238,5.54,,30.1,1667.640569424486,104.36750726041244,13.441373939160297,47.39849624471043,5.62995441690365,2050.0,8.537,9.44,4933000.0,54.7,45.84,0,1.0,1.0,0.0,1.0,1.0,1.0,1.0,1.0,1.0,1.0,1.0,1.0,1.0,1.0
6.758282632999807,5.54,,675.4,1667.640569424486,104.36750726041244,11.30206905390373,47.39849624471043,5.812138243902128,2050.0,8.537,9.44,4933000.0,54.7,45.84,1,1.0,1.0,0.0,1.0,1.0,1.0,1.0,1.0,1.0,1.0,1.0,1.0,1.0,1.0
6.3758859577922085,5.54,,1246.0,1620.694422732843,63.08487522370304,70.17035417353394,51.45433060462972,5.881890234763863,2050.0,8.537,9.44,4933000.0,54.7,45.84,1,1.0,1.0,0.0,1.0,1.0,1.0,1.0,1.0,1.0,1.0,1.0,1.0,1.0,1.0
6.837264759962238,5.54,,57.7,1667.640569424486,104.36750726041244,13.441373939160297,47.39849624471043,5.62995441690365,2050.0,8.537,9.44,4933000.0,54.7,45.84,0,1.0,1.0,0.0,1.0,1.0,1.0,1.0,1.0,1.0,1.0,1.0,1.0,1.0,1.0
6.837264759962238,5.54,,158.0,1667.640569424486,104.36750726041244,13.441373939160297,47.39849624471043,5.62995441690365,2050.0,8.537,9.44,4933000.0,54.7,45.84,0,1.0,1.0,0.0,1.0,1.0,1.0,1.0,1.0,1.0,1.0,1.0,1.0,1.0,1.0
6.722511186921375,5.54,,877.23,1667.640569424486,112.32332905527636,39.029679180860725,49.97347440199078,5.834386892132474,2050.0,8.537,9.44,4933000.0,54.7,45.84,1,1.0,1.0,0.0,1.0,1.0,1.0,1.0,1.0,1.0,1.0,1.0,1.0,1.0,1.0
7.781243467875049,5.54,,1040.8,219.6812853784296,23327.923979166662,557.6147345459494,651.9339501384522,24.768170129543073,2050.0,8.537,9.44,4933000.0,54.7,45.84,1,1.0,1.0,0.0,1.0,1.0,1.0,1.0,1.0,1.0,1.0,1.0,1.0,1.0,1.0
6.3758859577922085,5.54,,1742.0,1620.694422732843,63.08487522370304,76.19975409417138,51.45433060462972,7.1123986771569605,2050.0,8.537,9.44,4933000.0,54.7,45.84,1,1.0,1.0,0.0,1.0,1.0,1.0,1.0,1.0,1.0,1.0,1.0,1.0,1.0,1.0
6.460365124458875,5.54,,2370.0,1682.9390477328427,63.08487522370304,71.25023867046443,51.45433060462972,6.009195085097611,2050.0,8.537,9.44,4933000.0,54.7,45.84,1,1.0,1.0,0.0,1.0,1.0,1.0,1.0,1.0,1.0,1.0,1.0,1.0,1.0,1.0
5.66168846153846,5.54,,8740.0,435.1127199748642,3491.450302380953,572.2718595459494,743.7101419454467,11.339022581014197,2050.0,8.537,9.44,4933000.0,54.7,45.84,1,1.0,1.0,0.0,1.0,1.0,1.0,1.0,1.0,1.0,1.0,1.0,1.0,1.0,1.0
6.569260237319848,5.54,,1567.0,1667.640569424486,130.2678751934937,58.89081932153215,45.22569423870903,7.444143147972616,2050.0,8.537,9.44,4933000.0,54.7,45.84,1,1.0,1.0,0.0,1.0,1.0,1.0,1.0,1.0,1.0,1.0,1.0,1.0,1.0,1.0
6.757532632999807,5.54,,508.0,1667.640569424486,104.36750726041244,12.407406557819462,47.39849624471043,5.946826396750153,2050.0,8.537,9.44,4933000.0,54.7,45.84,0,1.0,1.0,0.0,1.0,1.0,1.0,1.0,1.0,1.0,1.0,1.0,1.0,1.0,1.0
6.837264759962238,5.54,,9.8,1667.640569424486,104.36750726041244,13.441373939160297,47.39849624471043,5.62995441690365,2050.0,8.537,9.44,4933000.0,54.7,45.84,0,1.0,1.0,0.0,1.0,1.0,1.0,1.0,1.0,1.0,1.0,1.0,1.0,1.0,1.0
6.837264759962238,5.54,,10.95,1667.640569424486,104.36750726041244,13.441373939160297,47.39849624471043,5.62995441690365,2050.0,8.537,9.44,4933000.0,54.7,45.84,0,1.0,1.0,0.0,1.0,1.0,1.0,1.0,1.0,1.0,1.0,1.0,1.0,1.0,1.0
6.7535847163331395,5.54,,840.0,1667.640569424486,112.32332905527636,44.062430751516274,46.041581624213,5.937479224744466,2050.0,8.537,9.44,4933000.0,54.7,45.84,1,1.0,1.0,0.0,1.0,1.0,1.0,1.0,1.0,1.0,1.0,1.0,1.0,1.0,1.0
6.3758859577922085,5.54,,1742.0,1620.694422732843,63.08487522370304,76.19975409417138,51.45433060462972,7.1123986771569605,2050.0,8.537,9.44,4933000.0,54.7,45.84,1,1.0,1.0,0.0,1.0,1.0,1.0,1.0,1.0,1.0,1.0,1.0,1.0,1.0,1.0
6.757532632999807,5.54,,472.05,1667.640569424486,104.36750726041244,12.740995215870532,47.39849624471043,6.001087970433774,2050.0,8.537,9.44,4933000.0,54.7,45.84,0,1.0,1.0,0.0,1.0,1.0,1.0,1.0,1.0,1.0,1.0,1.0,1.0,1.0,1.0
6.757532632999807,5.54,,427.0,1667.640569424486,104.36750726041244,12.740995215870532,47.39849624471043,5.961265954381562,2050.0,8.537,9.44,4933000.0,54.7,45.84,0,1.0,1.0,0.0,1.0,1.0,1.0,1.0,1.0,1.0,1.0,1.0,1.0,1.0,1.0
6.7461576329998065,5.54,,750.4,1667.640569424486,104.36750726041244,11.30206905390373,47.39849624471043,5.812138243902128,2050.0,8.537,9.44,4933000.0,54.7,45.84,1,1.0,1.0,0.0,1.0,1.0,1.0,1.0,1.0,1.0,1.0,1.0,1.0,1.0,1.0
6.837264759962238,5.54,,280.0,1667.640569424486,104.36750726041244,13.441373939160297,47.39849624471043,5.8631143240727415,2050.0,8.537,9.44,4933000.0,54.7,45.84,0,1.0,1.0,0.0,1.0,1.0,1.0,1.0,1.0,1.0,1.0,1.0,1.0,1.0,1.0
6.757532632999807,5.54,,522.7,1667.640569424486,104.36750726041244,12.407406557819462,47.39849624471043,5.946826396750153,2050.0,8.537,9.44,4933000.0,54.7,45.84,0,1.0,1.0,0.0,1.0,1.0,1.0,1.0,1.0,1.0,1.0,1.0,1.0,1.0,1.0
6.757532632999807,5.54,,537.6,1667.640569424486,104.36750726041244,12.407406557819462,47.39849624471043,5.946826396750153,2050.0,8.537,9.44,4933000.0,54.7,45.84,0,1.0,1.0,0.0,1.0,1.0,1.0,1.0,1.0,1.0,1.0,1.0,1.0,1.0,1.0
6.757532632999807,5.54,,381.83,1667.640569424486,104.36750726041244,12.740995215870532,47.39849624471043,5.932494741782916,2050.0,8.537,9.44,4933000.0,54.7,45.84,0,1.0,1.0,0.0,1.0,1.0,1.0,1.0,1.0,1.0,1.0,1.0,1.0,1.0,1.0
6.837264759962238,5.54,,190.6,1667.640569424486,104.36750726041244,13.441373939160297,47.39849624471043,5.62995441690365,2050.0,8.537,9.44,4933000.0,54.7,45.84,0,1.0,1.0,0.0,1.0,1.0,1.0,1.0,1.0,1.0,1.0,1.0,1.0,1.0,1.0
6.837264759962238,5.54,,58.64,1667.640569424486,104.36750726041244,13.441373939160297,47.39849624471043,5.62995441690365,2050.0,8.537,9.44,4933000.0,54.7,45.84,0,1.0,1.0,0.0,1.0,1.0,1.0,1.0,1.0,1.0,1.0,1.0,1.0,1.0,1.0
6.757532632999807,5.54,,338.0,1667.640569424486,104.36750726041244,12.407406557819462,47.39849624471043,5.947605926443679,2050.0,8.537,9.44,4933000.0,54.7,45.84,0,1.0,1.0,0.0,1.0,1.0,1.0,1.0,1.0,1.0,1.0,1.0,1.0,1.0,1.0
6.837264759962238,5.54,,51.8,1667.640569424486,104.36750726041244,13.441373939160297,47.39849624471043,5.62995441690365,2050.0,8.537,9.44,4933000.0,54.7,45.84,0,1.0,1.0,0.0,1.0,1.0,1.0,1.0,1.0,1.0,1.0,1.0,1.0,1.0,1.0
6.837264759962238,5.54,,267.97,1667.640569424486,104.36750726041244,13.441373939160297,47.39849624471043,5.8631143240727415,2050.0,8.537,9.44,4933000.0,54.7,45.84,0,1.0,1.0,0.0,1.0,1.0,1.0,1.0,1.0,1.0,1.0,1.0,1.0,1.0,1.0
6.837264759962238,5.54,,3.98,1667.640569424486,104.36750726041244,13.441373939160297,47.39849624471043,5.62995441690365,2050.0,8.537,9.44,4933000.0,54.7,45.84,0,1.0,1.0,0.0,1.0,1.0,1.0,1.0,1.0,1.0,1.0,1.0,1.0,1.0,1.0
6.3758859577922085,5.54,,1600.0,1620.694422732843,63.08487522370304,76.19975409417138,51.45433060462972,7.1123986771569605,2050.0,8.537,9.44,4933000.0,54.7,45.84,1,1.0,1.0,0.0,1.0,1.0,1.0,1.0,1.0,1.0,1.0,1.0,1.0,1.0,1.0
5.629202678571427,5.54,,2727.0,1581.100787540695,148.4853296097139,82.90619998807507,45.22569423870903,7.030772072842562,2050.0,8.537,9.44,4933000.0,54.7,45.84,1,1.0,1.0,0.0,1.0,1.0,1.0,1.0,1.0,1.0,1.0,1.0,1.0,1.0,1.0
6.837264759962238,5.54,,312.5,1667.640569424486,104.36750726041244,13.441373939160297,47.39849624471043,5.947605926443679,2050.0,8.537,9.44,4933000.0,54.7,45.84,0,1.0,1.0,0.0,1.0,1.0,1.0,1.0,1.0,1.0,1.0,1.0,1.0,1.0,1.0
6.837264759962238,5.54,,152.4,1667.640569424486,104.36750726041244,13.441373939160297,47.39849624471043,5.62995441690365,2050.0,8.537,9.44,4933000.0,54.7,45.84,0,1.0,1.0,0.0,1.0,1.0,1.0,1.0,1.0,1.0,1.0,1.0,1.0,1.0,1.0
7.781243467875049,5.54,,932.0,219.6812853784296,23327.923979166662,557.6147345459494,651.9339501384522,25.040902449699814,2050.0,8.537,9.44,4933000.0,54.7,45.84,1,1.0,1.0,0.0,1.0,1.0,1.0,1.0,1.0,1.0,1.0,1.0,1.0,1.0,1.0
6.757532632999807,5.54,,339.0,1667.640569424486,104.36750726041244,12.407406557819462,47.39849624471043,5.947605926443679,2050.0,8.537,9.44,4933000.0,54.7,45.84,0,1.0,1.0,0.0,1.0,1.0,1.0,1.0,1.0,1.0,1.0,1.0,1.0,1.0,1.0
6.762032632999807,5.54,,637.7,1667.640569424486,104.36750726041244,11.30206905390373,47.39849624471043,5.911490210094597,2050.0,8.537,9.44,4933000.0,54.7,45.84,1,1.0,1.0,0.0,1.0,1.0,1.0,1.0,1.0,1.0,1.0,1.0,1.0,1.0,1.0
5.693373981724796,5.54,,10100.0,5185.9193640353205,3689.682875,588.0643595459494,2020.2413986645688,110.74289175842192,2050.0,8.537,9.44,4933000.0,54.7,45.84,1,1.0,1.0,0.0,1.0,1.0,1.0,1.0,1.0,1.0,1.0,1.0,1.0,1.0,1.0
6.837264759962238,5.54,,318.37,1667.640569424486,104.36750726041244,13.441373939160297,47.39849624471043,5.947605926443679,2050.0,8.537,9.44,4933000.0,54.7,45.84,0,1.0,1.0,0.0,1.0,1.0,1.0,1.0,1.0,1.0,1.0,1.0,1.0,1.0,1.0
6.569260237319848,5.54,,1567.0,1667.640569424486,130.2678751934937,58.89081932153215,45.22569423870903,7.444143147972616,2050.0,8.537,9.44,4933000.0,54.7,45.84,1,1.0,1.0,0.0,1.0,1.0,1.0,1.0,1.0,1.0,1.0,1.0,1.0,1.0,1.0
6.757532632999807,5.54,,396.27,1667.640569424486,104.36750726041244,12.740995215870532,47.39849624471043,5.961265954381562,2050.0,8.537,9.44,4933000.0,54.7,45.84,0,1.0,1.0,0.0,1.0,1.0,1.0,1.0,1.0,1.0,1.0,1.0,1.0,1.0,1.0
6.837264759962238,5.54,,215.39,1667.640569424486,104.36750726041244,13.441373939160297,47.39849624471043,5.62995441690365,2050.0,8.537,9.44,4933000.0,54.7,45.84,0,1.0,1.0,0.0,1.0,1.0,1.0,1.0,1.0,1.0,1.0,1.0,1.0,1.0,1.0
6.757532632999807,5.54,,490.68,1667.640569424486,104.36750726041244,12.740995215870532,47.39849624471043,6.001087970433774,2050.0,8.537,9.44,4933000.0,54.7,45.84,0,1.0,1.0,0.0,1.0,1.0,1.0,1.0,1.0,1.0,1.0,1.0,1.0,1.0,1.0
6.837264759962238,5.54,,134.46,1667.640569424486,104.36750726041244,13.441373939160297,47.39849624471043,5.62995441690365,2050.0,8.537,9.44,4933000.0,54.7,45.84,0,1.0,1.0,0.0,1.0,1.0,1.0,1.0,1.0,1.0,1.0,1.0,1.0,1.0,1.0
6.757532632999807,5.54,,487.0,1667.640569424486,104.36750726041244,12.740995215870532,47.39849624471043,6.001087970433774,2050.0,8.537,9.44,4933000.0,54.7,45.84,0,1.0,1.0,0.0,1.0,1.0,1.0,1.0,1.0,1.0,1.0,1.0,1.0,1.0,1.0
7.781243467875049,5.54,,982.18,219.6812853784296,23327.923979166662,557.6147345459494,651.9339501384522,25.040902449699814,2050.0,8.537,9.44,4933000.0,54.7,45.84,1,1.0,1.0,0.0,1.0,1.0,1.0,1.0,1.0,1.0,1.0,1.0,1.0,1.0,1.0
6.837264759962238,5.54,,316.96,1667.640569424486,104.36750726041244,13.441373939160297,47.39849624471043,5.947605926443679,2050.0,8.537,9.44,4933000.0,54.7,45.84,0,1.0,1.0,0.0,1.0,1.0,1.0,1.0,1.0,1.0,1.0,1.0,1.0,1.0,1.0
6.757532632999807,5.54,,487.53,1667.640569424486,104.36750726041244,12.740995215870532,47.39849624471043,6.001087970433774,2050.0,8.537,9.44,4933000.0,54.7,45.84,0,1.0,1.0,0.0,1.0,1.0,1.0,1.0,1.0,1.0,1.0,1.0,1.0,1.0,1.0
6.757532632999807,5.54,,591.0,1667.640569424486,104.36750726041244,11.30206905390373,47.39849624471043,5.959375230791633,2050.0,8.537,9.44,4933000.0,54.7,45.84,1,1.0,1.0,0.0,1.0,1.0,1.0,1.0,1.0,1.0,1.0,1.0,1.0,1.0,1.0
6.837264759962238,5.54,,226.64,1667.640569424486,104.36750726041244,13.441373939160297,47.39849624471043,5.62995441690365,2050.0,8.537,9.44,4933000.0,54.7,45.84,0,1.0,1.0,0.0,1.0,1.0,1.0,1.0,1.0,1.0,1.0,1.0,1.0,1.0,1.0
6.837264759962238,5.54,,251.62,1667.640569424486,104.36750726041244,13.441373939160297,47.39849624471043,5.62995441690365,2050.0,8.537,9.44,4933000.0,54.7,45.84,0,1.0,1.0,0.0,1.0,1.0,1.0,1.0,1.0,1.0,1.0,1.0,1.0,1.0,1.0
6.757532632999807,5.54,,460.75,1667.640569424486,104.36750726041244,12.740995215870532,47.39849624471043,6.001087970433774,2050.0,8.537,9.44,4933000.0,54.7,45.84,0,1.0,1.0,0.0,1.0,1.0,1.0,1.0,1.0,1.0,1.0,1.0,1.0,1.0,1.0
6.837264759962238,5.54,,149.8,1667.640569424486,104.36750726041244,13.441373939160297,47.39849624471043,5.62995441690365,2050.0,8.537,9.44,4933000.0,54.7,45.84,0,1.0,1.0,0.0,1.0,1.0,1.0,1.0,1.0,1.0,1.0,1.0,1.0,1.0,1.0
7.781243467875049,5.54,,1151.7,219.6812853784296,23327.923979166662,557.6147345459494,651.9339501384522,24.768170129543073,2050.0,8.537,9.44,4933000.0,54.7,45.84,1,1.0,1.0,0.0,1.0,1.0,1.0,1.0,1.0,1.0,1.0,1.0,1.0,1.0,1.0
5.66168846153846,5.54,,8650.0,435.1127199748642,3491.450302380953,572.2718595459494,743.7101419454467,11.339022581014197,2050.0,8.537,9.44,4933000.0,54.7,45.84,1,1.0,1.0,0.0,1.0,1.0,1.0,1.0,1.0,1.0,1.0,1.0,1.0,1.0,1.0
6.837264759962238,5.54,,289.0,1667.640569424486,104.36750726041244,13.441373939160297,47.39849624471043,5.947605926443679,2050.0,8.537,9.44,4933000.0,54.7,45.84,0,1.0,1.0,0.0,1.0,1.0,1.0,1.0,1.0,1.0,1.0,1.0,1.0,1.0,1.0
6.758282632999807,5.54,,723.2,1667.640569424486,104.36750726041244,11.30206905390373,47.39849624471043,5.812138243902128,2050.0,8.537,9.44,4933000.0,54.7,45.84,1,1.0,1.0,0.0,1.0,1.0,1.0,1.0,1.0,1.0,1.0,1.0,1.0,1.0,1.0
6.837264759962238,5.54,,15.96,1667.640569424486,104.36750726041244,13.441373939160297,47.39849624471043,5.62995441690365,2050.0,8.537,9.44,4933000.0,54.7,45.84,0,1.0,1.0,0.0,1.0,1.0,1.0,1.0,1.0,1.0,1.0,1.0,1.0,1.0,1.0
7.781243467875049,5.54,,1148.1,219.6812853784296,23327.923979166662,557.6147345459494,651.9339501384522,24.768170129543073,2050.0,8.537,9.44,4933000.0,54.7,45.84,1,1.0,1.0,0.0,1.0,1.0,1.0,1.0,1.0,1.0,1.0,1.0,1.0,1.0,1.0
6.3758859577922085,5.54,,1626.0,1620.694422732843,63.08487522370304,76.19975409417138,51.45433060462972,7.1123986771569605,2050.0,8.537,9.44,4933000.0,54.7,45.84,1,1.0,1.0,0.0,1.0,1.0,1.0,1.0,1.0,1.0,1.0,1.0,1.0,1.0,1.0
6.837264759962238,5.54,,27.2,1667.640569424486,104.36750726041244,13.441373939160297,47.39849624471043,5.62995441690365,2050.0,8.537,9.44,4933000.0,54.7,45.84,0,1.0,1.0,0.0,1.0,1.0,1.0,1.0,1.0,1.0,1.0,1.0,1.0,1.0,1.0
6.3758859577922085,5.54,,1641.0,1620.694422732843,63.08487522370304,76.19975409417138,51.45433060462972,7.1123986771569605,2050.0,8.537,9.44,4933000.0,54.7,45.84,1,1.0,1.0,0.0,1.0,1.0,1.0,1.0,1.0,1.0,1.0,1.0,1.0,1.0,1.0
6.837264759962238,5.54,,56.8,1667.640569424486,104.36750726041244,13.441373939160297,47.39849624471043,5.62995441690365,2050.0,8.537,9.44,4933000.0,54.7,45.84,0,1.0,1.0,0.0,1.0,1.0,1.0,1.0,1.0,1.0,1.0,1.0,1.0,1.0,1.0
6.837264759962238,5.54,,68.7,1667.640569424486,104.36750726041244,13.441373939160297,47.39849624471043,5.62995441690365,2050.0,8.537,9.44,4933000.0,54.7,45.84,0,1.0,1.0,0.0,1.0,1.0,1.0,1.0,1.0,1.0,1.0,1.0,1.0,1.0,1.0
6.762032632999807,5.54,,664.7,1667.640569424486,104.36750726041244,11.30206905390373,47.39849624471043,5.812138243902128,2050.0,8.537,9.44,4933000.0,54.7,45.84,1,1.0,1.0,0.0,1.0,1.0,1.0,1.0,1.0,1.0,1.0,1.0,1.0,1.0,1.0
6.837264759962238,5.54,,32.24,1667.640569424486,104.36750726041244,13.441373939160297,47.39849624471043,5.62995441690365,2050.0,8.537,9.44,4933000.0,54.7,45.84,0,1.0,1.0,0.0,1.0,1.0,1.0,1.0,1.0,1.0,1.0,1.0,1.0,1.0,1.0
6.439847103863907,5.54,,3504.8,1628.0469342323377,139.09527691553018,82.90619998807507,45.22569423870903,7.629484243102849,2050.0,8.537,9.44,4933000.0,54.7,45.84,1,1.0,1.0,0.0,1.0,1.0,1.0,1.0,1.0,1.0,1.0,1.0,1.0,1.0,1.0
6.837264759962238,5.54,,258.5,1667.640569424486,104.36750726041244,13.441373939160297,47.39849624471043,5.62995441690365,2050.0,8.537,9.44,4933000.0,54.7,45.84,0,1.0,1.0,0.0,1.0,1.0,1.0,1.0,1.0,1.0,1.0,1.0,1.0,1.0,1.0
6.837264759962238,5.54,,60.76,1667.640569424486,104.36750726041244,13.441373939160297,47.39849624471043,5.62995441690365,2050.0,8.537,9.44,4933000.0,54.7,45.84,0,1.0,1.0,0.0,1.0,1.0,1.0,1.0,1.0,1.0,1.0,1.0,1.0,1.0,1.0
6.439847103863907,5.54,,3351.3,1628.0469342323377,139.09527691553018,82.90619998807507,45.22569423870903,7.629484243102849,2050.0,8.537,9.44,4933000.0,54.7,45.84,1,1.0,1.0,0.0,1.0,1.0,1.0,1.0,1.0,1.0,1.0,1.0,1.0,1.0,1.0
7.781243467875049,5.54,,1032.24,219.6812853784296,23327.923979166662,557.6147345459494,651.9339501384522,24.768170129543073,2050.0,8.537,9.44,4933000.0,54.7,45.84,1,1.0,1.0,0.0,1.0,1.0,1.0,1.0,1.0,1.0,1.0,1.0,1.0,1.0,1.0
6.837264759962238,5.54,,73.7,1667.640569424486,104.36750726041244,13.441373939160297,47.39849624471043,5.62995441690365,2050.0,8.537,9.44,4933000.0,54.7,45.84,0,1.0,1.0,0.0,1.0,1.0,1.0,1.0,1.0,1.0,1.0,1.0,1.0,1.0,1.0
6.837264759962238,5.54,,32.78,1667.640569424486,104.36750726041244,13.441373939160297,47.39849624471043,5.62995441690365,2050.0,8.537,9.44,4933000.0,54.7,45.84,0,1.0,1.0,0.0,1.0,1.0,1.0,1.0,1.0,1.0,1.0,1.0,1.0,1.0,1.0
6.837264759962238,5.54,,291.1,1667.640569424486,104.36750726041244,13.441373939160297,47.39849624471043,5.947605926443679,2050.0,8.537,9.44,4933000.0,54.7,45.84,0,1.0,1.0,0.0,1.0,1.0,1.0,1.0,1.0,1.0,1.0,1.0,1.0,1.0,1.0
6.837264759962238,5.54,,209.9,1667.640569424486,104.36750726041244,13.441373939160297,47.39849624471043,5.62995441690365,2050.0,8.537,9.44,4933000.0,54.7,45.84,0,1.0,1.0,0.0,1.0,1.0,1.0,1.0,1.0,1.0,1.0,1.0,1.0,1.0,1.0
6.837264759962238,5.54,,254.8,1667.640569424486,104.36750726041244,13.441373939160297,47.39849624471043,5.62995441690365,2050.0,8.537,9.44,4933000.0,54.7,45.84,0,1.0,1.0,0.0,1.0,1.0,1.0,1.0,1.0,1.0,1.0,1.0,1.0,1.0,1.0
6.837264759962238,5.54,,19.33,1667.640569424486,104.36750726041244,13.441373939160297,47.39849624471043,5.62995441690365,2050.0,8.537,9.44,4933000.0,54.7,45.84,0,1.0,1.0,0.0,1.0,1.0,1.0,1.0,1.0,1.0,1.0,1.0,1.0,1.0,1.0
6.837264759962238,5.54,,210.0,1667.640569424486,104.36750726041244,13.441373939160297,47.39849624471043,5.62995441690365,2050.0,8.537,9.44,4933000.0,54.7,45.84,0,1.0,1.0,0.0,1.0,1.0,1.0,1.0,1.0,1.0,1.0,1.0,1.0,1.0,1.0
5.629202678571427,5.54,,2564.7,1581.100787540695,148.4853296097139,82.90619998807507,45.22569423870903,7.030772072842562,2050.0,8.537,9.44,4933000.0,54.7,45.84,1,1.0,1.0,0.0,1.0,1.0,1.0,1.0,1.0,1.0,1.0,1.0,1.0,1.0,1.0
6.837264759962238,5.54,,205.0,1667.640569424486,104.36750726041244,13.441373939160297,47.39849624471043,5.62995441690365,2050.0,8.537,9.44,4933000.0,54.7,45.84,0,1.0,1.0,0.0,1.0,1.0,1.0,1.0,1.0,1.0,1.0,1.0,1.0,1.0,1.0
6.7461576329998065,5.54,,765.0,1667.640569424486,104.36750726041244,11.30206905390373,47.39849624471043,5.812138243902128,2050.0,8.537,9.44,4933000.0,54.7,45.84,1,1.0,1.0,0.0,1.0,1.0,1.0,1.0,1.0,1.0,1.0,1.0,1.0,1.0,1.0
6.758282632999807,5.54,,675.99,1667.640569424486,104.36750726041244,11.30206905390373,47.39849624471043,5.812138243902128,2050.0,8.537,9.44,4933000.0,54.7,45.84,1,1.0,1.0,0.0,1.0,1.0,1.0,1.0,1.0,1.0,1.0,1.0,1.0,1.0,1.0
6.757532632999807,5.54,,366.87,1667.640569424486,104.36750726041244,12.740995215870532,47.39849624471043,5.972596231286924,2050.0,8.537,9.44,4933000.0,54.7,45.84,0,1.0,1.0,0.0,1.0,1.0,1.0,1.0,1.0,1.0,1.0,1.0,1.0,1.0,1.0
6.569260237319848,5.54,,1500.0,1667.640569424486,130.2678751934937,58.89081932153215,45.22569423870903,7.444143147972616,2050.0,8.537,9.44,4933000.0,54.7,45.84,1,1.0,1.0,0.0,1.0,1.0,1.0,1.0,1.0,1.0,1.0,1.0,1.0,1.0,1.0
6.757532632999807,5.54,,384.7,1667.640569424486,104.36750726041244,12.740995215870532,47.39849624471043,5.961265954381562,2050.0,8.537,9.44,4933000.0,54.7,45.84,0,1.0,1.0,0.0,1.0,1.0,1.0,1.0,1.0,1.0,1.0,1.0,1.0,1.0,1.0
6.757532632999807,5.54,,454.6,1667.640569424486,104.36750726041244,12.740995215870532,47.39849624471043,6.001087970433774,2050.0,8.537,9.44,4933000.0,54.7,45.84,0,1.0,1.0,0.0,1.0,1.0,1.0,1.0,1.0,1.0,1.0,1.0,1.0,1.0,1.0
5.872536764705882,5.54,,487.0,1565.8023092323376,130.78086598236268,44.00887024886029,40.7670484053757,5.6612503220250705,2050.0,8.537,9.44,4933000.0,54.7,45.84,0,1.0,1.0,0.0,1.0,1.0,0.0,1.0,0.0,1.0,1.0,1.0,1.0,1.0,1.0
6.73288888888889,5.54,,306.0,1667.640569424486,106.62523597857428,10.013438482784233,46.87174318915488,6.125532916841829,2050.0,8.537,9.44,4933000.0,54.7,45.84,0,1.0,1.0,0.0,1.0,1.0,0.0,1.0,0.0,1.0,1.0,1.0,1.0,1.0,1.0
6.314899255503485,5.54,,412.0,219.6812853784296,278.99299915200436,39.61997799496861,68.11696246187293,14.188581852956627,2050.0,8.537,9.44,4933000.0,54.7,45.84,0,1.0,1.0,0.0,1.0,1.0,0.0,1.0,0.0,1.0,1.0,1.0,1.0,1.0,1.0
6.52393856448662,5.54,,550.0,1667.640569424486,139.91176154994008,78.14407380287474,40.7670484053757,9.583270315583736,2050.0,8.537,9.44,4933000.0,54.7,45.84,0,1.0,1.0,0.0,1.0,1.0,0.0,1.0,0.0,1.0,1.0,1.0,1.0,1.0,1.0
5.866293376068376,5.54,,398.0,871.271104608871,75.55121267685247,41.045070013769035,65.50283474853502,11.417942527630126,2050.0,8.537,9.44,4933000.0,54.7,45.84,0,1.0,1.0,0.0,1.0,1.0,0.0,1.0,0.0,1.0,1.0,1.0,1.0,1.0,1.0
5.888036764705882,5.54,,320.0,1565.8023092323376,129.29526517089627,30.670207729252812,40.7670484053757,5.4256754126127715,2050.0,8.537,9.44,4933000.0,54.7,45.84,0,1.0,1.0,0.0,1.0,1.0,0.0,1.0,0.0,1.0,1.0,1.0,1.0,1.0,1.0
5.8287933760683766,5.54,,485.0,803.4328444167227,71.3136122505632,9.883675726078868,65.50283474853502,11.422204266989525,2050.0,8.537,9.44,4933000.0,54.7,45.84,0,1.0,1.0,0.0,1.0,1.0,0.0,1.0,0.0,1.0,1.0,1.0,1.0,1.0,1.0
5.6387155982906,5.54,,463.0,843.9413496039809,101.3249932490801,67.7322080132485,65.50283474853502,11.798102646446818,2050.0,8.537,9.44,4933000.0,54.7,45.84,0,1.0,1.0,0.0,1.0,1.0,0.0,1.0,0.0,1.0,1.0,1.0,1.0,1.0,1.0
6.542556547619047,5.54,,519.0,1667.640569424486,137.98123358909825,55.53434546420407,40.7670484053757,8.965279919267374,2050.0,8.537,9.44,4933000.0,54.7,45.84,0,1.0,1.0,0.0,1.0,1.0,0.0,1.0,0.0,1.0,1.0,1.0,1.0,1.0,1.0
6.6049871031746035,5.54,,381.0,1667.640569424486,131.0207793644121,55.90124555116397,40.7670484053757,6.481632081866463,2050.0,8.537,9.44,4933000.0,54.7,45.84,0,1.0,1.0,0.0,1.0,1.0,0.0,1.0,0.0,1.0,1.0,1.0,1.0,1.0,1.0
6.492673214285714,5.54,,445.0,1620.694422732843,54.743690760531635,56.15426343390472,46.99568477129639,10.176557787622256,2050.0,8.537,9.44,4933000.0,54.7,45.84,0,1.0,1.0,0.0,1.0,1.0,0.0,1.0,0.0,1.0,1.0,1.0,1.0,1.0,1.0
6.59535073953824,5.54,,375.0,1667.640569424486,134.45613187249734,62.887548108637425,40.7670484053757,5.151016548172545,2050.0,8.537,9.44,4933000.0,54.7,45.84,0,1.0,1.0,0.0,1.0,1.0,0.0,1.0,0.0,1.0,1.0,1.0,1.0,1.0,1.0
5.672926709401709,5.54,,502.0,843.9413496039809,101.3249932490801,65.62366059814975,65.50283474853502,11.99390069325922,2050.0,8.537,9.44,4933000.0,54.7,45.84,0,1.0,1.0,0.0,1.0,1.0,0.0,1.0,0.0,1.0,1.0,1.0,1.0,1.0,1.0
6.530905193690749,5.54,,434.0,1633.640569424486,69.64950077762457,58.8259657346157,46.99568477129639,9.798870970950436,2050.0,8.537,9.44,4933000.0,54.7,45.84,0,1.0,1.0,0.0,1.0,1.0,0.0,1.0,0.0,1.0,1.0,1.0,1.0,1.0,1.0
6.537137140637142,5.54,,392.0,1667.640569424486,134.45613187249734,80.12744565459448,40.7670484053757,6.416673465535538,2050.0,8.537,9.44,4933000.0,54.7,45.84,0,1.0,1.0,0.0,1.0,1.0,0.0,1.0,0.0,1.0,1.0,1.0,1.0,1.0,1.0
5.905036764705882,5.54,,467.0,1565.8023092323376,124.04551879639034,28.725551133613685,40.7670484053757,6.694872443917047,2050.0,8.537,9.44,4933000.0,54.7,45.84,0,1.0,1.0,0.0,1.0,1.0,0.0,1.0,0.0,1.0,1.0,1.0,1.0,1.0,1.0
6.29108403811218,5.54,,521.0,219.6812853784296,470.9697207199762,9.660835293593047,68.11696246187293,14.492789751428615,2050.0,8.537,9.44,4933000.0,54.7,45.84,0,1.0,1.0,0.0,1.0,1.0,0.0,1.0,0.0,1.0,1.0,1.0,1.0,1.0,1.0
5.8287933760683766,5.54,,383.0,871.1866130847993,71.3136122505632,12.087868939234092,65.50283474853502,11.071203613693712,2050.0,8.537,9.44,4933000.0,54.7,45.84,0,1.0,1.0,0.0,1.0,1.0,0.0,1.0,0.0,1.0,1.0,1.0,1.0,1.0,1.0
6.542556547619047,5.54,,456.0,1667.640569424486,131.0207793644121,53.94434947599501,40.7670484053757,8.427670474765522,2050.0,8.537,9.44,4933000.0,54.7,45.84,0,1.0,1.0,0.0,1.0,1.0,0.0,1.0,0.0,1.0,1.0,1.0,1.0,1.0,1.0
6.213362490797602,5.54,,411.0,247.0110403833195,75.03053214076495,7.006316842566136,65.50283474853502,13.780789818641171,2050.0,8.537,9.44,4933000.0,54.7,45.84,0,1.0,1.0,0.0,1.0,1.0,0.0,1.0,0.0,1.0,1.0,1.0,1.0,1.0,1.0
6.565917180554459,5.54,,5300.0,1632.114047732843,137.10909182628308,35.25526870074577,45.22569423870903,10.430707193730363,2050.0,8.537,9.44,4933000.0,54.7,45.84,1,1.0,1.0,0.0,1.0,1.0,0.0,1.0,0.0,1.0,1.0,1.0,1.0,1.0,1.0
5.646862797619049,5.54,,3200.0,843.9413496039809,101.3249932490801,60.00089864482987,190.4250535070441,11.85596514879041,2050.0,8.537,9.44,4933000.0,54.7,45.84,1,1.0,1.0,0.0,1.0,1.0,0.0,1.0,0.0,1.0,1.0,1.0,1.0,1.0,1.0
6.542556547619047,5.54,,368.0,1667.640569424486,132.52560391165554,58.78691452270584,40.7670484053757,8.018526533448867,2050.0,8.537,9.44,4933000.0,54.7,45.84,0,1.0,1.0,0.0,1.0,1.0,0.0,1.0,0.0,1.0,1.0,1.0,1.0,1.0,1.0
5.905036764705882,5.54,,427.0,1565.8023092323376,129.29526517089627,37.341682839099406,40.7670484053757,6.8347898326770675,2050.0,8.537,9.44,4933000.0,54.7,45.84,0,1.0,1.0,0.0,1.0,1.0,0.0,1.0,0.0,1.0,1.0,1.0,1.0,1.0,1.0
6.482831585081586,5.54,,349.0,1667.640569424486,141.37898693541823,79.6315341905445,40.7670484053757,7.397062297799589,2050.0,8.537,9.44,4933000.0,54.7,45.84,0,1.0,1.0,0.0,1.0,1.0,0.0,1.0,0.0,1.0,1.0,1.0,1.0,1.0,1.0
6.73288888888889,5.54,,503.0,1667.640569424486,106.62523597857428,17.195682564747912,46.87174318915488,5.5612952715080635,2050.0,8.537,9.44,4933000.0,54.7,45.84,0,1.0,1.0,0.0,1.0,1.0,0.0,1.0,0.0,1.0,1.0,1.0,1.0,1.0,1.0
6.52393856448662,5.54,,477.0,1667.640569424486,134.45613187249734,77.74825983505018,40.7670484053757,8.122037069837464,2050.0,8.537,9.44,4933000.0,54.7,45.84,0,1.0,1.0,0.0,1.0,1.0,0.0,1.0,0.0,1.0,1.0,1.0,1.0,1.0,1.0
6.2458871543586785,5.54,,415.0,219.6812853784296,265.784168665617,61.751138600770034,68.11696246187293,14.607146243600928,2050.0,8.537,9.44,4933000.0,54.7,45.84,0,1.0,1.0,0.0,1.0,1.0,0.0,1.0,0.0,1.0,1.0,1.0,1.0,1.0,1.0
6.837264759962238,5.54,,268.73,1667.640569424486,104.36750726041244,13.441373939160297,47.39849624471043,5.8631143240727415,2050.0,8.537,9.44,4933000.0,54.7,45.84,0,1.0,1.0,0.0,1.0,1.0,1.0,1.0,1.0,1.0,1.0,1.0,1.0,1.0,1.0
6.837264759962238,5.54,,149.8,1667.640569424486,104.36750726041244,13.441373939160297,47.39849624471043,5.62995441690365,2050.0,8.537,9.44,4933000.0,54.7,45.84,0,1.0,1.0,0.0,1.0,1.0,1.0,1.0,1.0,1.0,1.0,1.0,1.0,1.0,1.0
6.720972222222223,5.54,,406.0,1667.640569424486,112.32332905527636,40.75405913091942,46.041581624213,5.837615580811436,2050.0,8.537,9.44,4933000.0,54.7,45.84,0,1.0,1.0,0.0,1.0,1.0,1.0,1.0,1.0,1.0,1.0,1.0,1.0,1.0,1.0
6.837264759962238,5.54,,174.0,1667.640569424486,104.36750726041244,13.441373939160297,47.39849624471043,5.62995441690365,2050.0,8.537,9.44,4933000.0,54.7,45.84,0,1.0,1.0,0.0,1.0,1.0,1.0,1.0,1.0,1.0,1.0,1.0,1.0,1.0,1.0
6.722511186921375,5.54,,928.16,1667.640569424486,112.32332905527636,39.029679180860725,49.97347440199078,5.834386892132474,2050.0,8.537,9.44,4933000.0,54.7,45.84,1,1.0,1.0,0.0,1.0,1.0,1.0,1.0,1.0,1.0,1.0,1.0,1.0,1.0,1.0
6.837264759962238,5.54,,36.08,1667.640569424486,104.36750726041244,13.441373939160297,47.39849624471043,5.62995441690365,2050.0,8.537,9.44,4933000.0,54.7,45.84,0,1.0,1.0,0.0,1.0,1.0,1.0,1.0,1.0,1.0,1.0,1.0,1.0,1.0,1.0
6.757532632999807,5.54,,368.0,1667.640569424486,104.36750726041244,12.740995215870532,47.39849624471043,5.972596231286924,2050.0,8.537,9.44,4933000.0,54.7,45.84,0,1.0,1.0,0.0,1.0,1.0,1.0,1.0,1.0,1.0,1.0,1.0,1.0,1.0,1.0
6.722511186921375,5.54,,877.23,1667.640569424486,112.32332905527636,39.029679180860725,49.97347440199078,5.834386892132474,2050.0,8.537,9.44,4933000.0,54.7,45.84,1,1.0,1.0,0.0,1.0,1.0,1.0,1.0,1.0,1.0,1.0,1.0,1.0,1.0,1.0
6.7461576329998065,5.54,,740.21,1667.640569424486,104.36750726041244,11.30206905390373,47.39849624471043,5.812138243902128,2050.0,8.537,9.44,4933000.0,54.7,45.84,1,1.0,1.0,0.0,1.0,1.0,1.0,1.0,1.0,1.0,1.0,1.0,1.0,1.0,1.0
7.781243467875049,5.54,,941.27,219.6812853784296,23327.923979166662,557.6147345459494,651.9339501384522,25.040902449699814,2050.0,8.537,9.44,4933000.0,54.7,45.84,1,1.0,1.0,0.0,1.0,1.0,1.0,1.0,1.0,1.0,1.0,1.0,1.0,1.0,1.0
7.781243467875049,5.54,,1081.22,219.6812853784296,23327.923979166662,557.6147345459494,651.9339501384522,24.768170129543073,2050.0,8.537,9.44,4933000.0,54.7,45.84,1,1.0,1.0,0.0,1.0,1.0,1.0,1.0,1.0,1.0,1.0,1.0,1.0,1.0,1.0
6.757532632999807,5.54,,613.1,1667.640569424486,104.36750726041244,11.30206905390373,47.39849624471043,5.911490210094597,2050.0,8.537,9.44,4933000.0,54.7,45.84,1,1.0,1.0,0.0,1.0,1.0,1.0,1.0,1.0,1.0,1.0,1.0,1.0,1.0,1.0
6.837264759962238,5.54,,328.8,1667.640569424486,104.36750726041244,13.441373939160297,47.39849624471043,5.947605926443679,2050.0,8.537,9.44,4933000.0,54.7,45.84,0,1.0,1.0,0.0,1.0,1.0,1.0,1.0,1.0,1.0,1.0,1.0,1.0,1.0,1.0
6.757532632999807,5.54,,611.28,1667.640569424486,104.36750726041244,11.30206905390373,47.39849624471043,5.959375230791633,2050.0,8.537,9.44,4933000.0,54.7,45.84,1,1.0,1.0,0.0,1.0,1.0,1.0,1.0,1.0,1.0,1.0,1.0,1.0,1.0,1.0
6.758282632999807,5.54,,705.0,1667.640569424486,104.36750726041244,11.30206905390373,47.39849624471043,5.812138243902128,2050.0,8.537,9.44,4933000.0,54.7,45.84,1,1.0,1.0,0.0,1.0,1.0,1.0,1.0,1.0,1.0,1.0,1.0,1.0,1.0,1.0
6.757532632999807,5.54,,336.4,1667.640569424486,104.36750726041244,12.407406557819462,47.39849624471043,5.947605926443679,2050.0,8.537,9.44,4933000.0,54.7,45.84,0,1.0,1.0,0.0,1.0,1.0,1.0,1.0,1.0,1.0,1.0,1.0,1.0,1.0,1.0
6.439847103863907,5.54,,3917.0,1628.0469342323377,139.09527691553018,82.90619998807507,45.22569423870903,7.629484243102849,2050.0,8.537,9.44,4933000.0,54.7,45.84,1,1.0,1.0,0.0,1.0,1.0,1.0,1.0,1.0,1.0,1.0,1.0,1.0,1.0,1.0
6.3758859577922085,5.54,,1228.1,1620.694422732843,63.08487522370304,70.17035417353394,51.45433060462972,5.881890234763863,2050.0,8.537,9.44,4933000.0,54.7,45.84,1,1.0,1.0,0.0,1.0,1.0,1.0,1.0,1.0,1.0,1.0,1.0,1.0,1.0,1.0
6.758282632999807,5.54,,665.8,1667.640569424486,104.36750726041244,11.30206905390373,47.39849624471043,5.812138243902128,2050.0,8.537,9.44,4933000.0,54.7,45.84,1,1.0,1.0,0.0,1.0,1.0,1.0,1.0,1.0,1.0,1.0,1.0,1.0,1.0,1.0
6.439847103863907,5.54,,3290.0,1628.0469342323377,139.09527691553018,82.90619998807507,45.22569423870903,7.629484243102849,2050.0,8.537,9.44,4933000.0,54.7,45.84,1,1.0,1.0,0.0,1.0,1.0,1.0,1.0,1.0,1.0,1.0,1.0,1.0,1.0,1.0
7.781243467875049,5.54,,1060.0,219.6812853784296,23327.923979166662,557.6147345459494,651.9339501384522,24.768170129543073,2050.0,8.537,9.44,4933000.0,54.7,45.84,1,1.0,1.0,0.0,1.0,1.0,1.0,1.0,1.0,1.0,1.0,1.0,1.0,1.0,1.0
6.757532632999807,5.54,,386.68,1667.640569424486,104.36750726041244,12.740995215870532,47.39849624471043,5.961265954381562,2050.0,8.537,9.44,4933000.0,54.7,45.84,0,1.0,1.0,0.0,1.0,1.0,1.0,1.0,1.0,1.0,1.0,1.0,1.0,1.0,1.0
6.439847103863907,5.54,,4586.6,1628.0469342323377,139.09527691553018,82.90619998807507,45.22569423870903,7.629484243102849,2050.0,8.537,9.44,4933000.0,54.7,45.84,1,1.0,1.0,0.0,1.0,1.0,1.0,1.0,1.0,1.0,1.0,1.0,1.0,1.0,1.0
6.762032632999807,5.54,,640.6,1667.640569424486,104.36750726041244,11.30206905390373,47.39849624471043,5.925660668525982,2050.0,8.537,9.44,4933000.0,54.7,45.84,1,1.0,1.0,0.0,1.0,1.0,1.0,1.0,1.0,1.0,1.0,1.0,1.0,1.0,1.0
6.757532632999807,5.54,,619.86,1667.640569424486,104.36750726041244,11.30206905390373,47.39849624471043,5.911490210094597,2050.0,8.537,9.44,4933000.0,54.7,45.84,1,1.0,1.0,0.0,1.0,1.0,1.0,1.0,1.0,1.0,1.0,1.0,1.0,1.0,1.0
6.757532632999807,5.54,,480.28,1667.640569424486,104.36750726041244,12.740995215870532,47.39849624471043,6.001087970433774,2050.0,8.537,9.44,4933000.0,54.7,45.84,0,1.0,1.0,0.0,1.0,1.0,1.0,1.0,1.0,1.0,1.0,1.0,1.0,1.0,1.0
6.837264759962238,5.54,,41.3,1667.640569424486,104.36750726041244,13.441373939160297,47.39849624471043,5.62995441690365,2050.0,8.537,9.44,4933000.0,54.7,45.84,0,1.0,1.0,0.0,1.0,1.0,1.0,1.0,1.0,1.0,1.0,1.0,1.0,1.0,1.0
6.757532632999807,5.54,,339.0,1667.640569424486,104.36750726041244,12.407406557819462,47.39849624471043,5.947605926443679,2050.0,8.537,9.44,4933000.0,54.7,45.84,0,1.0,1.0,0.0,1.0,1.0,1.0,1.0,1.0,1.0,1.0,1.0,1.0,1.0,1.0
6.757532632999807,5.54,,460.0,1667.640569424486,104.36750726041244,12.740995215870532,47.39849624471043,6.001087970433774,2050.0,8.537,9.44,4933000.0,54.7,45.84,0,1.0,1.0,0.0,1.0,1.0,1.0,1.0,1.0,1.0,1.0,1.0,1.0,1.0,1.0
6.837264759962238,5.54,,42.42,1667.640569424486,104.36750726041244,13.441373939160297,47.39849624471043,5.62995441690365,2050.0,8.537,9.44,4933000.0,54.7,45.84,0,1.0,1.0,0.0,1.0,1.0,1.0,1.0,1.0,1.0,1.0,1.0,1.0,1.0,1.0
6.837264759962238,5.54,,266.6,1667.640569424486,104.36750726041244,13.441373939160297,47.39849624471043,5.8631143240727415,2050.0,8.537,9.44,4933000.0,54.7,45.84,0,1.0,1.0,0.0,1.0,1.0,1.0,1.0,1.0,1.0,1.0,1.0,1.0,1.0,1.0
6.837264759962238,5.54,,87.66,1667.640569424486,104.36750726041244,13.441373939160297,47.39849624471043,5.62995441690365,2050.0,8.537,9.44,4933000.0,54.7,45.84,0,1.0,1.0,0.0,1.0,1.0,1.0,1.0,1.0,1.0,1.0,1.0,1.0,1.0,1.0
6.837264759962238,5.54,,133.84,1667.640569424486,104.36750726041244,13.441373939160297,47.39849624471043,5.62995441690365,2050.0,8.537,9.44,4933000.0,54.7,45.84,0,1.0,1.0,0.0,1.0,1.0,1.0,1.0,1.0,1.0,1.0,1.0,1.0,1.0,1.0
7.781243467875049,5.54,,932.0,219.6812853784296,23327.923979166662,557.6147345459494,651.9339501384522,25.040902449699814,2050.0,8.537,9.44,4933000.0,54.7,45.84,1,1.0,1.0,0.0,1.0,1.0,1.0,1.0,1.0,1.0,1.0,1.0,1.0,1.0,1.0
6.757532632999807,5.54,,589.9,1667.640569424486,104.36750726041244,11.30206905390373,47.39849624471043,5.959375230791633,2050.0,8.537,9.44,4933000.0,54.7,45.84,1,1.0,1.0,0.0,1.0,1.0,1.0,1.0,1.0,1.0,1.0,1.0,1.0,1.0,1.0
5.629202678571427,5.54,,2580.0,1581.100787540695,148.4853296097139,82.90619998807507,45.22569423870903,7.030772072842562,2050.0,8.537,9.44,4933000.0,54.7,45.84,1,1.0,1.0,0.0,1.0,1.0,1.0,1.0,1.0,1.0,1.0,1.0,1.0,1.0,1.0
6.837264759962238,5.54,,225.0,1667.640569424486,104.36750726041244,13.441373939160297,47.39849624471043,5.62995441690365,2050.0,8.537,9.44,4933000.0,54.7,45.84,0,1.0,1.0,0.0,1.0,1.0,1.0,1.0,1.0,1.0,1.0,1.0,1.0,1.0,1.0
6.7461576329998065,5.54,,732.0,1667.640569424486,104.36750726041244,11.30206905390373,47.39849624471043,5.812138243902128,2050.0,8.537,9.44,4933000.0,54.7,45.84,1,1.0,1.0,0.0,1.0,1.0,1.0,1.0,1.0,1.0,1.0,1.0,1.0,1.0,1.0
6.720972222222223,5.54,,407.4,1667.640569424486,112.32332905527636,40.75405913091942,46.041581624213,5.837615580811436,2050.0,8.537,9.44,4933000.0,54.7,45.84,0,1.0,1.0,0.0,1.0,1.0,1.0,1.0,1.0,1.0,1.0,1.0,1.0,1.0,1.0
6.757532632999807,5.54,,489.6,1667.640569424486,104.36750726041244,12.740995215870532,47.39849624471043,6.001087970433774,2050.0,8.537,9.44,4933000.0,54.7,45.84,0,1.0,1.0,0.0,1.0,1.0,1.0,1.0,1.0,1.0,1.0,1.0,1.0,1.0,1.0
6.837264759962238,5.54,,139.3,1667.640569424486,104.36750726041244,13.441373939160297,47.39849624471043,5.62995441690365,2050.0,8.537,9.44,4933000.0,54.7,45.84,0,1.0,1.0,0.0,1.0,1.0,1.0,1.0,1.0,1.0,1.0,1.0,1.0,1.0,1.0
6.758282632999807,5.54,,689.6,1667.640569424486,104.36750726041244,11.30206905390373,47.39849624471043,5.812138243902128,2050.0,8.537,9.44,4933000.0,54.7,45.84,1,1.0,1.0,0.0,1.0,1.0,1.0,1.0,1.0,1.0,1.0,1.0,1.0,1.0,1.0
5.629202678571427,5.54,,2780.4,1581.100787540695,148.4853296097139,82.90619998807507,45.22569423870903,7.030772072842562,2050.0,8.537,9.44,4933000.0,54.7,45.84,1,1.0,1.0,0.0,1.0,1.0,1.0,1.0,1.0,1.0,1.0,1.0,1.0,1.0,1.0
6.569260237319848,5.54,,1552.0,1667.640569424486,130.2678751934937,58.89081932153215,45.22569423870903,7.444143147972616,2050.0,8.537,9.44,4933000.0,54.7,45.84,1,1.0,1.0,0.0,1.0,1.0,1.0,1.0,1.0,1.0,1.0,1.0,1.0,1.0,1.0
6.837264759962238,5.54,,223.85,1667.640569424486,104.36750726041244,13.441373939160297,47.39849624471043,5.62995441690365,2050.0,8.537,9.44,4933000.0,54.7,45.84,0,1.0,1.0,0.0,1.0,1.0,1.0,1.0,1.0,1.0,1.0,1.0,1.0,1.0,1.0
6.460365124458875,5.54,,2360.0,1682.9390477328427,63.08487522370304,71.25023867046443,51.45433060462972,6.009195085097611,2050.0,8.537,9.44,4933000.0,54.7,45.84,1,1.0,1.0,0.0,1.0,1.0,1.0,1.0,1.0,1.0,1.0,1.0,1.0,1.0,1.0
6.758282632999807,5.54,,691.0,1667.640569424486,104.36750726041244,11.30206905390373,47.39849624471043,5.812138243902128,2050.0,8.537,9.44,4933000.0,54.7,45.84,1,1.0,1.0,0.0,1.0,1.0,1.0,1.0,1.0,1.0,1.0,1.0,1.0,1.0,1.0
6.837264759962238,5.54,,52.34,1667.640569424486,104.36750726041244,13.441373939160297,47.39849624471043,5.62995441690365,2050.0,8.537,9.44,4933000.0,54.7,45.84,0,1.0,1.0,0.0,1.0,1.0,1.0,1.0,1.0,1.0,1.0,1.0,1.0,1.0,1.0
6.758282632999807,5.54,,723.0,1667.640569424486,104.36750726041244,11.30206905390373,47.39849624471043,5.812138243902128,2050.0,8.537,9.44,4933000.0,54.7,45.84,1,1.0,1.0,0.0,1.0,1.0,1.0,1.0,1.0,1.0,1.0,1.0,1.0,1.0,1.0
6.837264759962238,5.54,,59.9,1667.640569424486,104.36750726041244,13.441373939160297,47.39849624471043,5.62995441690365,2050.0,8.537,9.44,4933000.0,54.7,45.84,0,1.0,1.0,0.0,1.0,1.0,1.0,1.0,1.0,1.0,1.0,1.0,1.0,1.0,1.0
6.761834716333139,5.54,,807.0,1667.640569424486,112.32332905527636,44.062430751516274,46.041581624213,5.937479224744466,2050.0,8.537,9.44,4933000.0,54.7,45.84,1,1.0,1.0,0.0,1.0,1.0,1.0,1.0,1.0,1.0,1.0,1.0,1.0,1.0,1.0
6.757532632999807,5.54,,364.0,1667.640569424486,104.36750726041244,12.740995215870532,47.39849624471043,5.972596231286924,2050.0,8.537,9.44,4933000.0,54.7,45.84,0,1.0,1.0,0.0,1.0,1.0,1.0,1.0,1.0,1.0,1.0,1.0,1.0,1.0,1.0
6.757532632999807,5.54,,550.0,1667.640569424486,104.36750726041244,11.30206905390373,47.39849624471043,5.959375230791633,2050.0,8.537,9.44,4933000.0,54.7,45.84,0,1.0,1.0,0.0,1.0,1.0,1.0,1.0,1.0,1.0,1.0,1.0,1.0,1.0,1.0
6.837264759962238,5.54,,202.0,1667.640569424486,104.36750726041244,13.441373939160297,47.39849624471043,5.62995441690365,2050.0,8.537,9.44,4933000.0,54.7,45.84,0,1.0,1.0,0.0,1.0,1.0,1.0,1.0,1.0,1.0,1.0,1.0,1.0,1.0,1.0
6.3758859577922085,5.54,,1700.0,1620.694422732843,63.08487522370304,76.19975409417138,51.45433060462972,7.1123986771569605,2050.0,8.537,9.44,4933000.0,54.7,45.84,1,1.0,1.0,0.0,1.0,1.0,1.0,1.0,1.0,1.0,1.0,1.0,1.0,1.0,1.0
7.781243467875049,5.54,,1082.6,219.6812853784296,23327.923979166662,557.6147345459494,651.9339501384522,24.768170129543073,2050.0,8.537,9.44,4933000.0,54.7,45.84,1,1.0,1.0,0.0,1.0,1.0,1.0,1.0,1.0,1.0,1.0,1.0,1.0,1.0,1.0
6.837264759962238,5.54,,178.37,1667.640569424486,104.36750726041244,13.441373939160297,47.39849624471043,5.62995441690365,2050.0,8.537,9.44,4933000.0,54.7,45.84,0,1.0,1.0,0.0,1.0,1.0,1.0,1.0,1.0,1.0,1.0,1.0,1.0,1.0,1.0
6.3758859577922085,5.54,,1637.0,1620.694422732843,63.08487522370304,76.19975409417138,51.45433060462972,7.1123986771569605,2050.0,8.537,9.44,4933000.0,54.7,45.84,1,1.0,1.0,0.0,1.0,1.0,1.0,1.0,1.0,1.0,1.0,1.0,1.0,1.0,1.0
6.837264759962238,5.54,,318.2,1667.640569424486,104.36750726041244,13.441373939160297,47.39849624471043,5.947605926443679,2050.0,8.537,9.44,4933000.0,54.7,45.84,0,1.0,1.0,0.0,1.0,1.0,1.0,1.0,1.0,1.0,1.0,1.0,1.0,1.0,1.0
6.439847103863907,5.54,,3234.0,1628.0469342323377,139.09527691553018,82.90619998807507,45.22569423870903,7.629484243102849,2050.0,8.537,9.44,4933000.0,54.7,45.84,1,1.0,1.0,0.0,1.0,1.0,1.0,1.0,1.0,1.0,1.0,1.0,1.0,1.0,1.0
6.837264759962238,5.54,,287.0,1667.640569424486,104.36750726041244,13.441373939160297,47.39849624471043,5.947605926443679,2050.0,8.537,9.44,4933000.0,54.7,45.84,0,1.0,1.0,0.0,1.0,1.0,1.0,1.0,1.0,1.0,1.0,1.0,1.0,1.0,1.0
6.720972222222223,5.54,,407.3,1667.640569424486,112.32332905527636,40.75405913091942,46.041581624213,5.837615580811436,2050.0,8.537,9.44,4933000.0,54.7,45.84,0,1.0,1.0,0.0,1.0,1.0,1.0,1.0,1.0,1.0,1.0,1.0,1.0,1.0,1.0
6.722511186921375,5.54,,924.05,1667.640569424486,112.32332905527636,39.029679180860725,49.97347440199078,5.834386892132474,2050.0,8.537,9.44,4933000.0,54.7,45.84,1,1.0,1.0,0.0,1.0,1.0,1.0,1.0,1.0,1.0,1.0,1.0,1.0,1.0,1.0
6.837264759962238,5.54,,229.19,1667.640569424486,104.36750726041244,13.441373939160297,47.39849624471043,5.62995441690365,2050.0,8.537,9.44,4933000.0,54.7,45.84,0,1.0,1.0,0.0,1.0,1.0,1.0,1.0,1.0,1.0,1.0,1.0,1.0,1.0,1.0
6.757532632999807,5.54,,565.8,1667.640569424486,104.36750726041244,11.30206905390373,47.39849624471043,5.959375230791633,2050.0,8.537,9.44,4933000.0,54.7,45.84,1,1.0,1.0,0.0,1.0,1.0,1.0,1.0,1.0,1.0,1.0,1.0,1.0,1.0,1.0
6.3758859577922085,5.54,,1581.87,1620.694422732843,63.08487522370304,76.19975409417138,51.45433060462972,7.1123986771569605,2050.0,8.537,9.44,4933000.0,54.7,45.84,1,1.0,1.0,0.0,1.0,1.0,1.0,1.0,1.0,1.0,1.0,1.0,1.0,1.0,1.0
6.837264759962238,5.54,,24.2,1667.640569424486,104.36750726041244,13.441373939160297,47.39849624471043,5.62995441690365,2050.0,8.537,9.44,4933000.0,54.7,45.84,0,1.0,1.0,0.0,1.0,1.0,1.0,1.0,1.0,1.0,1.0,1.0,1.0,1.0,1.0
6.837264759962238,5.54,,2.22,1667.640569424486,104.36750726041244,13.441373939160297,47.39849624471043,5.62995441690365,2050.0,8.537,9.44,4933000.0,54.7,45.84,0,1.0,1.0,0.0,1.0,1.0,1.0,1.0,1.0,1.0,1.0,1.0,1.0,1.0,1.0
7.781243467875049,5.54,,1001.9,219.6812853784296,23327.923979166662,557.6147345459494,651.9339501384522,25.16742012954307,2050.0,8.537,9.44,4933000.0,54.7,45.84,1,1.0,1.0,0.0,1.0,1.0,1.0,1.0,1.0,1.0,1.0,1.0,1.0,1.0,1.0
6.837264759962238,5.54,,331.0,1667.640569424486,104.36750726041244,13.441373939160297,47.39849624471043,5.947605926443679,2050.0,8.537,9.44,4933000.0,54.7,45.84,0,1.0,1.0,0.0,1.0,1.0,1.0,1.0,1.0,1.0,1.0,1.0,1.0,1.0,1.0
6.757532632999807,5.54,,448.0,1667.640569424486,104.36750726041244,12.740995215870532,47.39849624471043,6.001087970433774,2050.0,8.537,9.44,4933000.0,54.7,45.84,0,1.0,1.0,0.0,1.0,1.0,1.0,1.0,1.0,1.0,1.0,1.0,1.0,1.0,1.0
6.837264759962238,5.54,,210.31,1667.640569424486,104.36750726041244,13.441373939160297,47.39849624471043,5.62995441690365,2050.0,8.537,9.44,4933000.0,54.7,45.84,0,1.0,1.0,0.0,1.0,1.0,1.0,1.0,1.0,1.0,1.0,1.0,1.0,1.0,1.0
6.757532632999807,5.54,,394.52,1667.640569424486,104.36750726041244,12.407406557819462,47.39849624471043,5.961265954381562,2050.0,8.537,9.44,4933000.0,54.7,45.84,0,1.0,1.0,0.0,1.0,1.0,1.0,1.0,1.0,1.0,1.0,1.0,1.0,1.0,1.0
6.439847103863907,5.54,,3455.0,1628.0469342323377,139.09527691553018,82.90619998807507,45.22569423870903,7.629484243102849,2050.0,8.537,9.44,4933000.0,54.7,45.84,1,1.0,1.0,0.0,1.0,1.0,1.0,1.0,1.0,1.0,1.0,1.0,1.0,1.0,1.0
6.722511186921375,5.54,,917.0,1667.640569424486,112.32332905527636,39.029679180860725,49.97347440199078,5.834386892132474,2050.0,8.537,9.44,4933000.0,54.7,45.84,1,1.0,1.0,0.0,1.0,1.0,1.0,1.0,1.0,1.0,1.0,1.0,1.0,1.0,1.0
6.3758859577922085,5.54,,1280.12,1620.694422732843,63.08487522370304,70.17035417353394,51.45433060462972,5.881890234763863,2050.0,8.537,9.44,4933000.0,54.7,45.84,1,1.0,1.0,0.0,1.0,1.0,1.0,1.0,1.0,1.0,1.0,1.0,1.0,1.0,1.0
6.758282632999807,5.54,,675.4,1667.640569424486,104.36750726041244,11.30206905390373,47.39849624471043,5.812138243902128,2050.0,8.537,9.44,4933000.0,54.7,45.84,1,1.0,1.0,0.0,1.0,1.0,1.0,1.0,1.0,1.0,1.0,1.0,1.0,1.0,1.0
6.3758859577922085,5.54,,1246.0,1620.694422732843,63.08487522370304,70.17035417353394,51.45433060462972,5.881890234763863,2050.0,8.537,9.44,4933000.0,54.7,45.84,1,1.0,1.0,0.0,1.0,1.0,1.0,1.0,1.0,1.0,1.0,1.0,1.0,1.0,1.0
6.837264759962238,5.54,,158.0,1667.640569424486,104.36750726041244,13.441373939160297,47.39849624471043,5.62995441690365,2050.0,8.537,9.44,4933000.0,54.7,45.84,0,1.0,1.0,0.0,1.0,1.0,1.0,1.0,1.0,1.0,1.0,1.0,1.0,1.0,1.0
6.722511186921375,5.54,,877.23,1667.640569424486,112.32332905527636,39.029679180860725,49.97347440199078,5.834386892132474,2050.0,8.537,9.44,4933000.0,54.7,45.84,1,1.0,1.0,0.0,1.0,1.0,1.0,1.0,1.0,1.0,1.0,1.0,1.0,1.0,1.0
6.3758859577922085,5.54,,1742.0,1620.694422732843,63.08487522370304,76.19975409417138,51.45433060462972,7.1123986771569605,2050.0,8.537,9.44,4933000.0,54.7,45.84,1,1.0,1.0,0.0,1.0,1.0,1.0,1.0,1.0,1.0,1.0,1.0,1.0,1.0,1.0
6.460365124458875,5.54,,2370.0,1682.9390477328427,63.08487522370304,71.25023867046443,51.45433060462972,6.009195085097611,2050.0,8.537,9.44,4933000.0,54.7,45.84,1,1.0,1.0,0.0,1.0,1.0,1.0,1.0,1.0,1.0,1.0,1.0,1.0,1.0,1.0
5.66168846153846,5.54,,8740.0,435.1127199748642,3491.450302380953,572.2718595459494,743.7101419454467,11.339022581014197,2050.0,8.537,9.44,4933000.0,54.7,45.84,1,1.0,1.0,0.0,1.0,1.0,1.0,1.0,1.0,1.0,1.0,1.0,1.0,1.0,1.0
6.757532632999807,5.54,,508.0,1667.640569424486,104.36750726041244,12.407406557819462,47.39849624471043,5.946826396750153,2050.0,8.537,9.44,4933000.0,54.7,45.84,0,1.0,1.0,0.0,1.0,1.0,1.0,1.0,1.0,1.0,1.0,1.0,1.0,1.0,1.0
6.7535847163331395,5.54,,840.0,1667.640569424486,112.32332905527636,44.062430751516274,46.041581624213,5.937479224744466,2050.0,8.537,9.44,4933000.0,54.7,45.84,1,1.0,1.0,0.0,1.0,1.0,1.0,1.0,1.0,1.0,1.0,1.0,1.0,1.0,1.0
6.757532632999807,5.54,,472.05,1667.640569424486,104.36750726041244,12.740995215870532,47.39849624471043,6.001087970433774,2050.0,8.537,9.44,4933000.0,54.7,45.84,0,1.0,1.0,0.0,1.0,1.0,1.0,1.0,1.0,1.0,1.0,1.0,1.0,1.0,1.0
6.757532632999807,5.54,,427.0,1667.640569424486,104.36750726041244,12.740995215870532,47.39849624471043,5.961265954381562,2050.0,8.537,9.44,4933000.0,54.7,45.84,0,1.0,1.0,0.0,1.0,1.0,1.0,1.0,1.0,1.0,1.0,1.0,1.0,1.0,1.0
6.7461576329998065,5.54,,750.4,1667.640569424486,104.36750726041244,11.30206905390373,47.39849624471043,5.812138243902128,2050.0,8.537,9.44,4933000.0,54.7,45.84,1,1.0,1.0,0.0,1.0,1.0,1.0,1.0,1.0,1.0,1.0,1.0,1.0,1.0,1.0
6.837264759962238,5.54,,280.0,1667.640569424486,104.36750726041244,13.441373939160297,47.39849624471043,5.8631143240727415,2050.0,8.537,9.44,4933000.0,54.7,45.84,0,1.0,1.0,0.0,1.0,1.0,1.0,1.0,1.0,1.0,1.0,1.0,1.0,1.0,1.0
6.757532632999807,5.54,,522.7,1667.640569424486,104.36750726041244,12.407406557819462,47.39849624471043,5.946826396750153,2050.0,8.537,9.44,4933000.0,54.7,45.84,0,1.0,1.0,0.0,1.0,1.0,1.0,1.0,1.0,1.0,1.0,1.0,1.0,1.0,1.0
6.757532632999807,5.54,,537.6,1667.640569424486,104.36750726041244,12.407406557819462,47.39849624471043,5.946826396750153,2050.0,8.537,9.44,4933000.0,54.7,45.84,0,1.0,1.0,0.0,1.0,1.0,1.0,1.0,1.0,1.0,1.0,1.0,1.0,1.0,1.0
6.757532632999807,5.54,,381.83,1667.640569424486,104.36750726041244,12.740995215870532,47.39849624471043,5.932494741782916,2050.0,8.537,9.44,4933000.0,54.7,45.84,0,1.0,1.0,0.0,1.0,1.0,1.0,1.0,1.0,1.0,1.0,1.0,1.0,1.0,1.0
6.837264759962238,5.54,,190.6,1667.640569424486,104.36750726041244,13.441373939160297,47.39849624471043,5.62995441690365,2050.0,8.537,9.44,4933000.0,54.7,45.84,0,1.0,1.0,0.0,1.0,1.0,1.0,1.0,1.0,1.0,1.0,1.0,1.0,1.0,1.0
6.837264759962238,5.54,,58.64,1667.640569424486,104.36750726041244,13.441373939160297,47.39849624471043,5.62995441690365,2050.0,8.537,9.44,4933000.0,54.7,45.84,0,1.0,1.0,0.0,1.0,1.0,1.0,1.0,1.0,1.0,1.0,1.0,1.0,1.0,1.0
6.757532632999807,5.54,,338.0,1667.640569424486,104.36750726041244,12.407406557819462,47.39849624471043,5.947605926443679,2050.0,8.537,9.44,4933000.0,54.7,45.84,0,1.0,1.0,0.0,1.0,1.0,1.0,1.0,1.0,1.0,1.0,1.0,1.0,1.0,1.0
6.837264759962238,5.54,,51.8,1667.640569424486,104.36750726041244,13.441373939160297,47.39849624471043,5.62995441690365,2050.0,8.537,9.44,4933000.0,54.7,45.84,0,1.0,1.0,0.0,1.0,1.0,1.0,1.0,1.0,1.0,1.0,1.0,1.0,1.0,1.0
6.837264759962238,5.54,,267.97,1667.640569424486,104.36750726041244,13.441373939160297,47.39849624471043,5.8631143240727415,2050.0,8.537,9.44,4933000.0,54.7,45.84,0,1.0,1.0,0.0,1.0,1.0,1.0,1.0,1.0,1.0,1.0,1.0,1.0,1.0,1.0
6.837264759962238,5.54,,3.98,1667.640569424486,104.36750726041244,13.441373939160297,47.39849624471043,5.62995441690365,2050.0,8.537,9.44,4933000.0,54.7,45.84,0,1.0,1.0,0.0,1.0,1.0,1.0,1.0,1.0,1.0,1.0,1.0,1.0,1.0,1.0
5.629202678571427,5.54,,2727.0,1581.100787540695,148.4853296097139,82.90619998807507,45.22569423870903,7.030772072842562,2050.0,8.537,9.44,4933000.0,54.7,45.84,1,1.0,1.0,0.0,1.0,1.0,1.0,1.0,1.0,1.0,1.0,1.0,1.0,1.0,1.0
6.837264759962238,5.54,,312.5,1667.640569424486,104.36750726041244,13.441373939160297,47.39849624471043,5.947605926443679,2050.0,8.537,9.44,4933000.0,54.7,45.84,0,1.0,1.0,0.0,1.0,1.0,1.0,1.0,1.0,1.0,1.0,1.0,1.0,1.0,1.0
6.837264759962238,5.54,,152.4,1667.640569424486,104.36750726041244,13.441373939160297,47.39849624471043,5.62995441690365,2050.0,8.537,9.44,4933000.0,54.7,45.84,0,1.0,1.0,0.0,1.0,1.0,1.0,1.0,1.0,1.0,1.0,1.0,1.0,1.0,1.0
6.837264759962238,5.54,,318.37,1667.640569424486,104.36750726041244,13.441373939160297,47.39849624471043,5.947605926443679,2050.0,8.537,9.44,4933000.0,54.7,45.84,0,1.0,1.0,0.0,1.0,1.0,1.0,1.0,1.0,1.0,1.0,1.0,1.0,1.0,1.0
6.757532632999807,5.54,,396.27,1667.640569424486,104.36750726041244,12.740995215870532,47.39849624471043,5.961265954381562,2050.0,8.537,9.44,4933000.0,54.7,45.84,0,1.0,1.0,0.0,1.0,1.0,1.0,1.0,1.0,1.0,1.0,1.0,1.0,1.0,1.0
6.837264759962238,5.54,,215.39,1667.640569424486,104.36750726041244,13.441373939160297,47.39849624471043,5.62995441690365,2050.0,8.537,9.44,4933000.0,54.7,45.84,0,1.0,1.0,0.0,1.0,1.0,1.0,1.0,1.0,1.0,1.0,1.0,1.0,1.0,1.0
6.757532632999807,5.54,,490.68,1667.640569424486,104.36750726041244,12.740995215870532,47.39849624471043,6.001087970433774,2050.0,8.537,9.44,4933000.0,54.7,45.84,0,1.0,1.0,0.0,1.0,1.0,1.0,1.0,1.0,1.0,1.0,1.0,1.0,1.0,1.0
6.837264759962238,5.54,,134.46,1667.640569424486,104.36750726041244,13.441373939160297,47.39849624471043,5.62995441690365,2050.0,8.537,9.44,4933000.0,54.7,45.84,0,1.0,1.0,0.0,1.0,1.0,1.0,1.0,1.0,1.0,1.0,1.0,1.0,1.0,1.0
7.781243467875049,5.54,,982.18,219.6812853784296,23327.923979166662,557.6147345459494,651.9339501384522,25.040902449699814,2050.0,8.537,9.44,4933000.0,54.7,45.84,1,1.0,1.0,0.0,1.0,1.0,1.0,1.0,1.0,1.0,1.0,1.0,1.0,1.0,1.0
6.837264759962238,5.54,,316.96,1667.640569424486,104.36750726041244,13.441373939160297,47.39849624471043,5.947605926443679,2050.0,8.537,9.44,4933000.0,54.7,45.84,0,1.0,1.0,0.0,1.0,1.0,1.0,1.0,1.0,1.0,1.0,1.0,1.0,1.0,1.0
6.757532632999807,5.54,,487.53,1667.640569424486,104.36750726041244,12.740995215870532,47.39849624471043,6.001087970433774,2050.0,8.537,9.44,4933000.0,54.7,45.84,0,1.0,1.0,0.0,1.0,1.0,1.0,1.0,1.0,1.0,1.0,1.0,1.0,1.0,1.0
6.757532632999807,5.54,,591.0,1667.640569424486,104.36750726041244,11.30206905390373,47.39849624471043,5.959375230791633,2050.0,8.537,9.44,4933000.0,54.7,45.84,1,1.0,1.0,0.0,1.0,1.0,1.0,1.0,1.0,1.0,1.0,1.0,1.0,1.0,1.0
6.837264759962238,5.54,,226.64,1667.640569424486,104.36750726041244,13.441373939160297,47.39849624471043,5.62995441690365,2050.0,8.537,9.44,4933000.0,54.7,45.84,0,1.0,1.0,0.0,1.0,1.0,1.0,1.0,1.0,1.0,1.0,1.0,1.0,1.0,1.0
6.757532632999807,5.54,,460.75,1667.640569424486,104.36750726041244,12.740995215870532,47.39849624471043,6.001087970433774,2050.0,8.537,9.44,4933000.0,54.7,45.84,0,1.0,1.0,0.0,1.0,1.0,1.0,1.0,1.0,1.0,1.0,1.0,1.0,1.0,1.0
7.781243467875049,5.54,,1151.7,219.6812853784296,23327.923979166662,557.6147345459494,651.9339501384522,24.768170129543073,2050.0,8.537,9.44,4933000.0,54.7,45.84,1,1.0,1.0,0.0,1.0,1.0,1.0,1.0,1.0,1.0,1.0,1.0,1.0,1.0,1.0
5.66168846153846,5.54,,8650.0,435.1127199748642,3491.450302380953,572.2718595459494,743.7101419454467,11.339022581014197,2050.0,8.537,9.44,4933000.0,54.7,45.84,1,1.0,1.0,0.0,1.0,1.0,1.0,1.0,1.0,1.0,1.0,1.0,1.0,1.0,1.0
6.758282632999807,5.54,,723.2,1667.640569424486,104.36750726041244,11.30206905390373,47.39849624471043,5.812138243902128,2050.0,8.537,9.44,4933000.0,54.7,45.84,1,1.0,1.0,0.0,1.0,1.0,1.0,1.0,1.0,1.0,1.0,1.0,1.0,1.0,1.0
6.837264759962238,5.54,,15.96,1667.640569424486,104.36750726041244,13.441373939160297,47.39849624471043,5.62995441690365,2050.0,8.537,9.44,4933000.0,54.7,45.84,0,1.0,1.0,0.0,1.0,1.0,1.0,1.0,1.0,1.0,1.0,1.0,1.0,1.0,1.0
7.781243467875049,5.54,,1148.1,219.6812853784296,23327.923979166662,557.6147345459494,651.9339501384522,24.768170129543073,2050.0,8.537,9.44,4933000.0,54.7,45.84,1,1.0,1.0,0.0,1.0,1.0,1.0,1.0,1.0,1.0,1.0,1.0,1.0,1.0,1.0
6.3758859577922085,5.54,,1626.0,1620.694422732843,63.08487522370304,76.19975409417138,51.45433060462972,7.1123986771569605,2050.0,8.537,9.44,4933000.0,54.7,45.84,1,1.0,1.0,0.0,1.0,1.0,1.0,1.0,1.0,1.0,1.0,1.0,1.0,1.0,1.0
6.837264759962238,5.54,,27.2,1667.640569424486,104.36750726041244,13.441373939160297,47.39849624471043,5.62995441690365,2050.0,8.537,9.44,4933000.0,54.7,45.84,0,1.0,1.0,0.0,1.0,1.0,1.0,1.0,1.0,1.0,1.0,1.0,1.0,1.0,1.0
6.3758859577922085,5.54,,1641.0,1620.694422732843,63.08487522370304,76.19975409417138,51.45433060462972,7.1123986771569605,2050.0,8.537,9.44,4933000.0,54.7,45.84,1,1.0,1.0,0.0,1.0,1.0,1.0,1.0,1.0,1.0,1.0,1.0,1.0,1.0,1.0
6.762032632999807,5.54,,664.7,1667.640569424486,104.36750726041244,11.30206905390373,47.39849624471043,5.812138243902128,2050.0,8.537,9.44,4933000.0,54.7,45.84,1,1.0,1.0,0.0,1.0,1.0,1.0,1.0,1.0,1.0,1.0,1.0,1.0,1.0,1.0
6.837264759962238,5.54,,32.24,1667.640569424486,104.36750726041244,13.441373939160297,47.39849624471043,5.62995441690365,2050.0,8.537,9.44,4933000.0,54.7,45.84,0,1.0,1.0,0.0,1.0,1.0,1.0,1.0,1.0,1.0,1.0,1.0,1.0,1.0,1.0
6.439847103863907,5.54,,3504.8,1628.0469342323377,139.09527691553018,82.90619998807507,45.22569423870903,7.629484243102849,2050.0,8.537,9.44,4933000.0,54.7,45.84,1,1.0,1.0,0.0,1.0,1.0,1.0,1.0,1.0,1.0,1.0,1.0,1.0,1.0,1.0
6.439847103863907,5.54,,3351.3,1628.0469342323377,139.09527691553018,82.90619998807507,45.22569423870903,7.629484243102849,2050.0,8.537,9.44,4933000.0,54.7,45.84,1,1.0,1.0,0.0,1.0,1.0,1.0,1.0,1.0,1.0,1.0,1.0,1.0,1.0,1.0
7.781243467875049,5.54,,1032.24,219.6812853784296,23327.923979166662,557.6147345459494,651.9339501384522,24.768170129543073,2050.0,8.537,9.44,4933000.0,54.7,45.84,1,1.0,1.0,0.0,1.0,1.0,1.0,1.0,1.0,1.0,1.0,1.0,1.0,1.0,1.0
6.837264759962238,5.54,,32.78,1667.640569424486,104.36750726041244,13.441373939160297,47.39849624471043,5.62995441690365,2050.0,8.537,9.44,4933000.0,54.7,45.84,0,1.0,1.0,0.0,1.0,1.0,1.0,1.0,1.0,1.0,1.0,1.0,1.0,1.0,1.0
6.837264759962238,5.54,,291.1,1667.640569424486,104.36750726041244,13.441373939160297,47.39849624471043,5.947605926443679,2050.0,8.537,9.44,4933000.0,54.7,45.84,0,1.0,1.0,0.0,1.0,1.0,1.0,1.0,1.0,1.0,1.0,1.0,1.0,1.0,1.0
6.837264759962238,5.54,,209.9,1667.640569424486,104.36750726041244,13.441373939160297,47.39849624471043,5.62995441690365,2050.0,8.537,9.44,4933000.0,54.7,45.84,0,1.0,1.0,0.0,1.0,1.0,1.0,1.0,1.0,1.0,1.0,1.0,1.0,1.0,1.0
6.837264759962238,5.54,,254.8,1667.640569424486,104.36750726041244,13.441373939160297,47.39849624471043,5.62995441690365,2050.0,8.537,9.44,4933000.0,54.7,45.84,0,1.0,1.0,0.0,1.0,1.0,1.0,1.0,1.0,1.0,1.0,1.0,1.0,1.0,1.0
6.837264759962238,5.54,,210.0,1667.640569424486,104.36750726041244,13.441373939160297,47.39849624471043,5.62995441690365,2050.0,8.537,9.44,4933000.0,54.7,45.84,0,1.0,1.0,0.0,1.0,1.0,1.0,1.0,1.0,1.0,1.0,1.0,1.0,1.0,1.0
5.629202678571427,5.54,,2564.7,1581.100787540695,148.4853296097139,82.90619998807507,45.22569423870903,7.030772072842562,2050.0,8.537,9.44,4933000.0,54.7,45.84,1,1.0,1.0,0.0,1.0,1.0,1.0,1.0,1.0,1.0,1.0,1.0,1.0,1.0,1.0
6.837264759962238,5.54,,205.0,1667.640569424486,104.36750726041244,13.441373939160297,47.39849624471043,5.62995441690365,2050.0,8.537,9.44,4933000.0,54.7,45.84,0,1.0,1.0,0.0,1.0,1.0,1.0,1.0,1.0,1.0,1.0,1.0,1.0,1.0,1.0
6.7461576329998065,5.54,,765.0,1667.640569424486,104.36750726041244,11.30206905390373,47.39849624471043,5.812138243902128,2050.0,8.537,9.44,4933000.0,54.7,45.84,1,1.0,1.0,0.0,1.0,1.0,1.0,1.0,1.0,1.0,1.0,1.0,1.0,1.0,1.0
6.758282632999807,5.54,,675.99,1667.640569424486,104.36750726041244,11.30206905390373,47.39849624471043,5.812138243902128,2050.0,8.537,9.44,4933000.0,54.7,45.84,1,1.0,1.0,0.0,1.0,1.0,1.0,1.0,1.0,1.0,1.0,1.0,1.0,1.0,1.0
6.757532632999807,5.54,,366.87,1667.640569424486,104.36750726041244,12.740995215870532,47.39849624471043,5.972596231286924,2050.0,8.537,9.44,4933000.0,54.7,45.84,0,1.0,1.0,0.0,1.0,1.0,1.0,1.0,1.0,1.0,1.0,1.0,1.0,1.0,1.0
6.569260237319848,5.54,,1500.0,1667.640569424486,130.2678751934937,58.89081932153215,45.22569423870903,7.444143147972616,2050.0,8.537,9.44,4933000.0,54.7,45.84,1,1.0,1.0,0.0,1.0,1.0,1.0,1.0,1.0,1.0,1.0,1.0,1.0,1.0,1.0
6.757532632999807,5.54,,384.7,1667.640569424486,104.36750726041244,12.740995215870532,47.39849624471043,5.961265954381562,2050.0,8.537,9.44,4933000.0,54.7,45.84,0,1.0,1.0,0.0,1.0,1.0,1.0,1.0,1.0,1.0,1.0,1.0,1.0,1.0,1.0
6.757532632999807,5.54,,454.6,1667.640569424486,104.36750726041244,12.740995215870532,47.39849624471043,6.001087970433774,2050.0,8.537,9.44,4933000.0,54.7,45.84,0,1.0,1.0,0.0,1.0,1.0,1.0,1.0,1.0,1.0,1.0,1.0,1.0,1.0,1.0
6.3758859577922085,5.54,,1684.6540004529456,1620.694422732843,63.08487522370304,76.19975409417138,51.45433060462972,7.1123986771569605,2050.0,8.537,9.44,4933000.0,54.7,45.84,1,1.0,1.0,0.0,1.0,1.0,1.0,1.0,1.0,1.0,1.0,1.0,1.0,1.0,1.0
6.3758859577922085,5.54,,1764.6801346398377,1620.694422732843,63.08487522370304,76.19975409417138,51.45433060462972,7.1123986771569605,2050.0,8.537,9.44,4933000.0,54.7,45.84,1,1.0,1.0,0.0,1.0,1.0,1.0,1.0,1.0,1.0,1.0,1.0,1.0,1.0,1.0
6.7461576329998065,5.54,,737.4884376171605,1667.640569424486,104.36750726041244,11.30206905390373,47.39849624471043,5.812138243902128,2050.0,8.537,9.44,4933000.0,54.7,45.84,1,1.0,1.0,0.0,1.0,1.0,1.0,1.0,1.0,1.0,1.0,1.0,1.0,1.0,1.0
6.569260237319848,5.54,,1556.4900580371589,1667.640569424486,130.2678751934937,58.89081932153215,45.22569423870903,7.444143147972616,2050.0,8.537,9.44,4933000.0,54.7,45.84,1,1.0,1.0,0.0,1.0,1.0,1.0,1.0,1.0,1.0,1.0,1.0,1.0,1.0,1.0
6.758282632999807,5.54,,677.1623404107986,1667.640569424486,104.36750726041244,11.30206905390373,47.39849624471043,5.812138243902128,2050.0,8.537,9.44,4933000.0,54.7,45.84,1,1.0,1.0,0.0,1.0,1.0,1.0,1.0,1.0,1.0,1.0,1.0,1.0,1.0,1.0
6.757532632999807,5.54,,514.9993240587366,1667.640569424486,104.36750726041244,12.407406557819462,47.39849624471043,5.946826396750153,2050.0,8.537,9.44,4933000.0,54.7,45.84,0,1.0,1.0,0.0,1.0,1.0,1.0,1.0,1.0,1.0,1.0,1.0,1.0,1.0,1.0
6.415135957792208,5.54,,2003.6030105033155,1682.9390477328427,63.08487522370304,77.27963859110187,51.45433060462972,7.449298617710275,2050.0,8.537,9.44,4933000.0,54.7,45.84,1,1.0,1.0,0.0,1.0,1.0,1.0,1.0,1.0,1.0,1.0,1.0,1.0,1.0,1.0
6.460365124458875,5.54,,2311.645135612511,1682.9390477328427,63.08487522370304,71.25023867046443,51.45433060462972,6.009195085097611,2050.0,8.537,9.44,4933000.0,54.7,45.84,1,1.0,1.0,0.0,1.0,1.0,1.0,1.0,1.0,1.0,1.0,1.0,1.0,1.0,1.0
5.629202678571427,5.54,,2744.7192775846397,1581.100787540695,148.4853296097139,82.90619998807507,45.22569423870903,7.030772072842562,2050.0,8.537,9.44,4933000.0,54.7,45.84,1,1.0,1.0,0.0,1.0,1.0,1.0,1.0,1.0,1.0,1.0,1.0,1.0,1.0,1.0
6.3758859577922085,5.54,,1581.8505386634915,1620.694422732843,63.08487522370304,76.19975409417138,51.45433060462972,7.1123986771569605,2050.0,8.537,9.44,4933000.0,54.7,45.84,1,1.0,1.0,0.0,1.0,1.0,1.0,1.0,1.0,1.0,1.0,1.0,1.0,1.0,1.0
6.3758859577922085,5.54,,1934.8997357286044,1620.694422732843,63.08487522370304,76.19975409417138,51.45433060462972,7.1123986771569605,2050.0,8.537,9.44,4933000.0,54.7,45.84,1,1.0,1.0,0.0,1.0,1.0,1.0,1.0,1.0,1.0,1.0,1.0,1.0,1.0,1.0
6.757532632999807,5.54,,594.7763740366232,1667.640569424486,104.36750726041244,11.30206905390373,47.39849624471043,5.959375230791633,2050.0,8.537,9.44,4933000.0,54.7,45.84,1,1.0,1.0,0.0,1.0,1.0,1.0,1.0,1.0,1.0,1.0,1.0,1.0,1.0,1.0
6.3758859577922085,5.54,,1731.3516730061126,1620.694422732843,63.08487522370304,76.19975409417138,51.45433060462972,7.1123986771569605,2050.0,8.537,9.44,4933000.0,54.7,45.84,1,1.0,1.0,0.0,1.0,1.0,1.0,1.0,1.0,1.0,1.0,1.0,1.0,1.0,1.0
6.415135957792208,5.54,,1993.713453278227,1682.9390477328427,63.08487522370304,77.27963859110187,51.45433060462972,7.449298617710275,2050.0,8.537,9.44,4933000.0,54.7,45.84,1,1.0,1.0,0.0,1.0,1.0,1.0,1.0,1.0,1.0,1.0,1.0,1.0,1.0,1.0
6.569260237319848,5.54,,1462.234774615545,1667.640569424486,130.2678751934937,58.89081932153215,45.22569423870903,7.444143147972616,2050.0,8.537,9.44,4933000.0,54.7,45.84,1,1.0,1.0,0.0,1.0,1.0,1.0,1.0,1.0,1.0,1.0,1.0,1.0,1.0,1.0
6.757532632999807,5.54,,502.4397581474898,1667.640569424486,104.36750726041244,12.407406557819462,47.39849624471043,5.946826396750153,2050.0,8.537,9.44,4933000.0,54.7,45.84,0,1.0,1.0,0.0,1.0,1.0,1.0,1.0,1.0,1.0,1.0,1.0,1.0,1.0,1.0
6.7535847163331395,5.54,,861.8959027065594,1667.640569424486,112.32332905527636,44.062430751516274,46.041581624213,5.937479224744466,2050.0,8.537,9.44,4933000.0,54.7,45.84,1,1.0,1.0,0.0,1.0,1.0,1.0,1.0,1.0,1.0,1.0,1.0,1.0,1.0,1.0
6.3758859577922085,5.54,,1622.209435637267,1620.694422732843,63.08487522370304,76.19975409417138,51.45433060462972,7.1123986771569605,2050.0,8.537,9.44,4933000.0,54.7,45.84,1,1.0,1.0,0.0,1.0,1.0,1.0,1.0,1.0,1.0,1.0,1.0,1.0,1.0,1.0
6.415135957792208,5.54,,2039.8649108887184,1682.9390477328427,63.08487522370304,77.27963859110187,51.45433060462972,7.449298617710275,2050.0,8.537,9.44,4933000.0,54.7,45.84,1,1.0,1.0,0.0,1.0,1.0,1.0,1.0,1.0,1.0,1.0,1.0,1.0,1.0,1.0
6.569260237319848,5.54,,1524.8402731289618,1667.640569424486,130.2678751934937,58.89081932153215,45.22569423870903,7.444143147972616,2050.0,8.537,9.44,4933000.0,54.7,45.84,1,1.0,1.0,0.0,1.0,1.0,1.0,1.0,1.0,1.0,1.0,1.0,1.0,1.0,1.0
6.569260237319848,5.54,,1416.6369770701424,1667.640569424486,130.2678751934937,58.89081932153215,45.22569423870903,7.444143147972616,2050.0,8.537,9.44,4933000.0,54.7,45.84,1,1.0,1.0,0.0,1.0,1.0,1.0,1.0,1.0,1.0,1.0,1.0,1.0,1.0,1.0
6.761834716333139,5.54,,779.4548083304928,1667.640569424486,112.32332905527636,44.062430751516274,46.041581624213,5.937479224744466,2050.0,8.537,9.44,4933000.0,54.7,45.84,1,1.0,1.0,0.0,1.0,1.0,1.0,1.0,1.0,1.0,1.0,1.0,1.0,1.0,1.0
6.3758859577922085,5.54,,1228.2279621561638,1620.694422732843,63.08487522370304,70.17035417353394,51.45433060462972,5.881890234763863,2050.0,8.537,9.44,4933000.0,54.7,45.84,1,1.0,1.0,0.0,1.0,1.0,1.0,1.0,1.0,1.0,1.0,1.0,1.0,1.0,1.0
7.781243467875049,5.54,,1103.6563782800213,219.6812853784296,23327.923979166662,557.6147345459494,651.9339501384522,24.768170129543073,2050.0,8.537,9.44,4933000.0,54.7,45.84,1,1.0,1.0,0.0,1.0,1.0,1.0,1.0,1.0,1.0,1.0,1.0,1.0,1.0,1.0
6.7535847163331395,5.54,,854.1487623480191,1667.640569424486,112.32332905527636,44.062430751516274,46.041581624213,5.937479224744466,2050.0,8.537,9.44,4933000.0,54.7,45.84,1,1.0,1.0,0.0,1.0,1.0,1.0,1.0,1.0,1.0,1.0,1.0,1.0,1.0,1.0
6.569260237319848,5.54,,1471.2447644172594,1667.640569424486,130.2678751934937,58.89081932153215,45.22569423870903,7.444143147972616,2050.0,8.537,9.44,4933000.0,54.7,45.84,1,1.0,1.0,0.0,1.0,1.0,1.0,1.0,1.0,1.0,1.0,1.0,1.0,1.0,1.0
6.757532632999807,5.54,,553.8222862911227,1667.640569424486,104.36750726041244,11.30206905390373,47.39849624471043,5.959375230791633,2050.0,8.537,9.44,4933000.0,54.7,45.84,1,1.0,1.0,0.0,1.0,1.0,1.0,1.0,1.0,1.0,1.0,1.0,1.0,1.0,1.0
6.460365124458875,5.54,,2343.467393392088,1682.9390477328427,63.08487522370304,71.25023867046443,51.45433060462972,6.009195085097611,2050.0,8.537,9.44,4933000.0,54.7,45.84,1,1.0,1.0,0.0,1.0,1.0,1.0,1.0,1.0,1.0,1.0,1.0,1.0,1.0,1.0
7.781243467875049,5.54,,1088.6007563690716,219.6812853784296,23327.923979166662,557.6147345459494,651.9339501384522,24.768170129543073,2050.0,8.537,9.44,4933000.0,54.7,45.84,1,1.0,1.0,0.0,1.0,1.0,1.0,1.0,1.0,1.0,1.0,1.0,1.0,1.0,1.0
6.460365124458875,5.54,,2202.8332470700498,1682.9390477328427,63.08487522370304,71.25023867046443,51.45433060462972,6.009195085097611,2050.0,8.537,9.44,4933000.0,54.7,45.84,1,1.0,1.0,0.0,1.0,1.0,1.0,1.0,1.0,1.0,1.0,1.0,1.0,1.0,1.0
6.3758859577922085,5.54,,1943.5493788295823,1620.694422732843,63.08487522370304,76.19975409417138,51.45433060462972,7.1123986771569605,2050.0,8.537,9.44,4933000.0,54.7,45.84,1,1.0,1.0,0.0,1.0,1.0,1.0,1.0,1.0,1.0,1.0,1.0,1.0,1.0,1.0
7.781243467875049,5.54,,1152.062488387638,219.6812853784296,23327.923979166662,557.6147345459494,651.9339501384522,24.768170129543073,2050.0,8.537,9.44,4933000.0,54.7,45.84,1,1.0,1.0,0.0,1.0,1.0,1.0,1.0,1.0,1.0,1.0,1.0,1.0,1.0,1.0
6.569260237319848,5.54,,1345.368558135569,1667.640569424486,130.2678751934937,58.89081932153215,45.22569423870903,7.444143147972616,2050.0,8.537,9.44,4933000.0,54.7,45.84,1,1.0,1.0,0.0,1.0,1.0,1.0,1.0,1.0,1.0,1.0,1.0,1.0,1.0,1.0
6.415135957792208,5.54,,1996.7300851950947,1682.9390477328427,63.08487522370304,77.27963859110187,51.45433060462972,7.449298617710275,2050.0,8.537,9.44,4933000.0,54.7,45.84,1,1.0,1.0,0.0,1.0,1.0,1.0,1.0,1.0,1.0,1.0,1.0,1.0,1.0,1.0
5.629202678571427,5.54,,2429.124310535993,1581.100787540695,148.4853296097139,82.90619998807507,45.22569423870903,7.030772072842562,2050.0,8.537,9.44,4933000.0,54.7,45.84,1,1.0,1.0,0.0,1.0,1.0,1.0,1.0,1.0,1.0,1.0,1.0,1.0,1.0,1.0
6.569260237319848,5.54,,1553.0543525770756,1667.640569424486,130.2678751934937,58.89081932153215,45.22569423870903,7.444143147972616,2050.0,8.537,9.44,4933000.0,54.7,45.84,1,1.0,1.0,0.0,1.0,1.0,1.0,1.0,1.0,1.0,1.0,1.0,1.0,1.0,1.0
5.629202678571427,5.54,,2679.831552406758,1581.100787540695,148.4853296097139,82.90619998807507,45.22569423870903,7.030772072842562,2050.0,8.537,9.44,4933000.0,54.7,45.84,1,1.0,1.0,0.0,1.0,1.0,1.0,1.0,1.0,1.0,1.0,1.0,1.0,1.0,1.0
6.3758859577922085,5.54,,1693.0420989656734,1620.694422732843,63.08487522370304,76.19975409417138,51.45433060462972,7.1123986771569605,2050.0,8.537,9.44,4933000.0,54.7,45.84,1,1.0,1.0,0.0,1.0,1.0,1.0,1.0,1.0,1.0,1.0,1.0,1.0,1.0,1.0
6.757532632999807,5.54,,623.050856691385,1667.640569424486,104.36750726041244,11.30206905390373,47.39849624471043,5.911490210094597,2050.0,8.537,9.44,4933000.0,54.7,45.84,1,1.0,1.0,0.0,1.0,1.0,1.0,1.0,1.0,1.0,1.0,1.0,1.0,1.0,1.0
6.569260237319848,5.54,,1440.1482270468557,1667.640569424486,130.2678751934937,58.89081932153215,45.22569423870903,7.444143147972616,2050.0,8.537,9.44,4933000.0,54.7,45.84,1,1.0,1.0,0.0,1.0,1.0,1.0,1.0,1.0,1.0,1.0,1.0,1.0,1.0,1.0
7.781243467875049,5.54,,949.6789279345248,219.6812853784296,23327.923979166662,557.6147345459494,651.9339501384522,25.040902449699814,2050.0,8.537,9.44,4933000.0,54.7,45.84,1,1.0,1.0,0.0,1.0,1.0,1.0,1.0,1.0,1.0,1.0,1.0,1.0,1.0,1.0
6.3758859577922085,5.54,,1632.8906099011913,1620.694422732843,63.08487522370304,76.19975409417138,51.45433060462972,7.1123986771569605,2050.0,8.537,9.44,4933000.0,54.7,45.84,1,1.0,1.0,0.0,1.0,1.0,1.0,1.0,1.0,1.0,1.0,1.0,1.0,1.0,1.0
6.3758859577922085,5.54,,1246.5232386730895,1620.694422732843,63.08487522370304,70.17035417353394,51.45433060462972,5.881890234763863,2050.0,8.537,9.44,4933000.0,54.7,45.84,1,1.0,1.0,0.0,1.0,1.0,1.0,1.0,1.0,1.0,1.0,1.0,1.0,1.0,1.0
6.460365124458875,5.54,,2094.0603809203185,1682.9390477328427,63.08487522370304,71.25023867046443,51.45433060462972,6.009195085097611,2050.0,8.537,9.44,4933000.0,54.7,45.84,1,1.0,1.0,0.0,1.0,1.0,1.0,1.0,1.0,1.0,1.0,1.0,1.0,1.0,1.0
5.629202678571427,5.54,,2482.067402996693,1581.100787540695,148.4853296097139,82.90619998807507,45.22569423870903,7.030772072842562,2050.0,8.537,9.44,4933000.0,54.7,45.84,1,1.0,1.0,0.0,1.0,1.0,1.0,1.0,1.0,1.0,1.0,1.0,1.0,1.0,1.0
6.761834716333139,5.54,,772.778378139852,1667.640569424486,112.32332905527636,44.062430751516274,46.041581624213,5.937479224744466,2050.0,8.537,9.44,4933000.0,54.7,45.84,1,1.0,1.0,0.0,1.0,1.0,1.0,1.0,1.0,1.0,1.0,1.0,1.0,1.0,1.0
6.569260237319848,5.54,,1509.608106631811,1667.640569424486,130.2678751934937,58.89081932153215,45.22569423870903,7.444143147972616,2050.0,8.537,9.44,4933000.0,54.7,45.84,1,1.0,1.0,0.0,1.0,1.0,1.0,1.0,1.0,1.0,1.0,1.0,1.0,1.0,1.0
6.460365124458875,5.54,,2213.8739391622585,1682.9390477328427,63.08487522370304,71.25023867046443,51.45433060462972,6.009195085097611,2050.0,8.537,9.44,4933000.0,54.7,45.84,1,1.0,1.0,0.0,1.0,1.0,1.0,1.0,1.0,1.0,1.0,1.0,1.0,1.0,1.0
6.460365124458875,5.54,,2107.4980398138796,1682.9390477328427,63.08487522370304,71.25023867046443,51.45433060462972,6.009195085097611,2050.0,8.537,9.44,4933000.0,54.7,45.84,1,1.0,1.0,0.0,1.0,1.0,1.0,1.0,1.0,1.0,1.0,1.0,1.0,1.0,1.0
6.460365124458875,5.54,,2238.793778816295,1682.9390477328427,63.08487522370304,71.25023867046443,51.45433060462972,6.009195085097611,2050.0,8.537,9.44,4933000.0,54.7,45.84,1,1.0,1.0,0.0,1.0,1.0,1.0,1.0,1.0,1.0,1.0,1.0,1.0,1.0,1.0
6.460365124458875,5.54,,2309.5007824242984,1682.9390477328427,63.08487522370304,71.25023867046443,51.45433060462972,6.009195085097611,2050.0,8.537,9.44,4933000.0,54.7,45.84,1,1.0,1.0,0.0,1.0,1.0,1.0,1.0,1.0,1.0,1.0,1.0,1.0,1.0,1.0
6.761834716333139,5.54,,780.1468019084228,1667.640569424486,112.32332905527636,44.062430751516274,46.041581624213,5.937479224744466,2050.0,8.537,9.44,4933000.0,54.7,45.84,1,1.0,1.0,0.0,1.0,1.0,1.0,1.0,1.0,1.0,1.0,1.0,1.0,1.0,1.0
6.758282632999807,5.54,,666.5762557058383,1667.640569424486,104.36750726041244,11.30206905390373,47.39849624471043,5.812138243902128,2050.0,8.537,9.44,4933000.0,54.7,45.84,1,1.0,1.0,0.0,1.0,1.0,1.0,1.0,1.0,1.0,1.0,1.0,1.0,1.0,1.0
6.569260237319848,5.54,,1381.7620361163572,1667.640569424486,130.2678751934937,58.89081932153215,45.22569423870903,7.444143147972616,2050.0,8.537,9.44,4933000.0,54.7,45.84,1,1.0,1.0,0.0,1.0,1.0,1.0,1.0,1.0,1.0,1.0,1.0,1.0,1.0,1.0
6.460365124458875,5.54,,2346.643582294193,1682.9390477328427,63.08487522370304,71.25023867046443,51.45433060462972,6.009195085097611,2050.0,8.537,9.44,4933000.0,54.7,45.84,1,1.0,1.0,0.0,1.0,1.0,1.0,1.0,1.0,1.0,1.0,1.0,1.0,1.0,1.0
6.569260237319848,5.54,,1579.8535415446,1667.640569424486,130.2678751934937,58.89081932153215,45.22569423870903,7.444143147972616,2050.0,8.537,9.44,4933000.0,54.7,45.84,1,1.0,1.0,0.0,1.0,1.0,1.0,1.0,1.0,1.0,1.0,1.0,1.0,1.0,1.0
7.781243467875049,5.54,,1168.6868634878797,219.6812853784296,23327.923979166662,557.6147345459494,651.9339501384522,24.768170129543073,2050.0,8.537,9.44,4933000.0,54.7,45.84,1,1.0,1.0,0.0,1.0,1.0,1.0,1.0,1.0,1.0,1.0,1.0,1.0,1.0,1.0
6.569260237319848,5.54,,1386.0775791485328,1667.640569424486,130.2678751934937,58.89081932153215,45.22569423870903,7.444143147972616,2050.0,8.537,9.44,4933000.0,54.7,45.84,1,1.0,1.0,0.0,1.0,1.0,1.0,1.0,1.0,1.0,1.0,1.0,1.0,1.0,1.0
7.781243467875049,5.54,,1131.041012777952,219.6812853784296,23327.923979166662,557.6147345459494,651.9339501384522,24.768170129543073,2050.0,8.537,9.44,4933000.0,54.7,45.84,1,1.0,1.0,0.0,1.0,1.0,1.0,1.0,1.0,1.0,1.0,1.0,1.0,1.0,1.0
6.7535847163331395,5.54,,845.0303773631817,1667.640569424486,112.32332905527636,44.062430751516274,46.041581624213,5.937479224744466,2050.0,8.537,9.44,4933000.0,54.7,45.84,1,1.0,1.0,0.0,1.0,1.0,1.0,1.0,1.0,1.0,1.0,1.0,1.0,1.0,1.0
6.3758859577922085,5.54,,1651.808437565439,1620.694422732843,63.08487522370304,76.19975409417138,51.45433060462972,7.1123986771569605,2050.0,8.537,9.44,4933000.0,54.7,45.84,1,1.0,1.0,0.0,1.0,1.0,1.0,1.0,1.0,1.0,1.0,1.0,1.0,1.0,1.0
6.3758859577922085,5.54,,1629.778857874376,1620.694422732843,63.08487522370304,76.19975409417138,51.45433060462972,7.1123986771569605,2050.0,8.537,9.44,4933000.0,54.7,45.84,1,1.0,1.0,0.0,1.0,1.0,1.0,1.0,1.0,1.0,1.0,1.0,1.0,1.0,1.0
5.629202678571427,5.54,,2751.257044675909,1581.100787540695,148.4853296097139,82.90619998807507,45.22569423870903,7.030772072842562,2050.0,8.537,9.44,4933000.0,54.7,45.84,1,1.0,1.0,0.0,1.0,1.0,1.0,1.0,1.0,1.0,1.0,1.0,1.0,1.0,1.0
7.781243467875049,5.54,,1029.9628445571486,219.6812853784296,23327.923979166662,557.6147345459494,651.9339501384522,24.768170129543073,2050.0,8.537,9.44,4933000.0,54.7,45.84,1,1.0,1.0,0.0,1.0,1.0,1.0,1.0,1.0,1.0,1.0,1.0,1.0,1.0,1.0
5.629202678571427,5.54,,2579.7079839100293,1581.100787540695,148.4853296097139,82.90619998807507,45.22569423870903,7.030772072842562,2050.0,8.537,9.44,4933000.0,54.7,45.84,1,1.0,1.0,0.0,1.0,1.0,1.0,1.0,1.0,1.0,1.0,1.0,1.0,1.0,1.0
5.629202678571427,5.54,,2381.1129223284897,1581.100787540695,148.4853296097139,82.90619998807507,45.22569423870903,7.030772072842562,2050.0,8.537,9.44,4933000.0,54.7,45.84,1,1.0,1.0,0.0,1.0,1.0,1.0,1.0,1.0,1.0,1.0,1.0,1.0,1.0,1.0
6.569260237319848,5.54,,1452.3155814101494,1667.640569424486,130.2678751934937,58.89081932153215,45.22569423870903,7.444143147972616,2050.0,8.537,9.44,4933000.0,54.7,45.84,1,1.0,1.0,0.0,1.0,1.0,1.0,1.0,1.0,1.0,1.0,1.0,1.0,1.0,1.0
5.629202678571427,5.54,,2386.224118613197,1581.100787540695,148.4853296097139,82.90619998807507,45.22569423870903,7.030772072842562,2050.0,8.537,9.44,4933000.0,54.7,45.84,1,1.0,1.0,0.0,1.0,1.0,1.0,1.0,1.0,1.0,1.0,1.0,1.0,1.0,1.0
6.460365124458875,5.54,,2062.895990690455,1682.9390477328427,63.08487522370304,77.27963859110187,51.45433060462972,7.449298617710275,2050.0,8.537,9.44,4933000.0,54.7,45.84,1,1.0,1.0,0.0,1.0,1.0,1.0,1.0,1.0,1.0,1.0,1.0,1.0,1.0,1.0
6.757532632999807,5.54,,516.0830761227389,1667.640569424486,104.36750726041244,12.407406557819462,47.39849624471043,5.946826396750153,2050.0,8.537,9.44,4933000.0,54.7,45.84,0,1.0,1.0,0.0,1.0,1.0,1.0,1.0,1.0,1.0,1.0,1.0,1.0,1.0,1.0
6.3758859577922085,5.54,,1279.2232525205277,1620.694422732843,63.08487522370304,70.17035417353394,51.45433060462972,5.881890234763863,2050.0,8.537,9.44,4933000.0,54.7,45.84,1,1.0,1.0,0.0,1.0,1.0,1.0,1.0,1.0,1.0,1.0,1.0,1.0,1.0,1.0
6.757532632999807,5.54,,505.7191263348623,1667.640569424486,104.36750726041244,12.407406557819462,47.39849624471043,5.946826396750153,2050.0,8.537,9.44,4933000.0,54.7,45.84,0,1.0,1.0,0.0,1.0,1.0,1.0,1.0,1.0,1.0,1.0,1.0,1.0,1.0,1.0
6.460365124458875,5.54,,2204.8489030955097,1682.9390477328427,63.08487522370304,71.25023867046443,51.45433060462972,6.009195085097611,2050.0,8.537,9.44,4933000.0,54.7,45.84,1,1.0,1.0,0.0,1.0,1.0,1.0,1.0,1.0,1.0,1.0,1.0,1.0,1.0,1.0
5.629202678571427,5.54,,2631.995880901801,1581.100787540695,148.4853296097139,82.90619998807507,45.22569423870903,7.030772072842562,2050.0,8.537,9.44,4933000.0,54.7,45.84,1,1.0,1.0,0.0,1.0,1.0,1.0,1.0,1.0,1.0,1.0,1.0,1.0,1.0,1.0
6.757532632999807,5.54,,601.8979058428474,1667.640569424486,104.36750726041244,11.30206905390373,47.39849624471043,5.959375230791633,2050.0,8.537,9.44,4933000.0,54.7,45.84,1,1.0,1.0,0.0,1.0,1.0,1.0,1.0,1.0,1.0,1.0,1.0,1.0,1.0,1.0
5.629202678571427,5.54,,2723.375857138086,1581.100787540695,148.4853296097139,82.90619998807507,45.22569423870903,7.030772072842562,2050.0,8.537,9.44,4933000.0,54.7,45.84,1,1.0,1.0,0.0,1.0,1.0,1.0,1.0,1.0,1.0,1.0,1.0,1.0,1.0,1.0
6.722511186921375,5.54,,911.6099349368368,1667.640569424486,112.32332905527636,39.029679180860725,49.97347440199078,5.834386892132474,2050.0,8.537,9.44,4933000.0,54.7,45.84,1,1.0,1.0,0.0,1.0,1.0,1.0,1.0,1.0,1.0,1.0,1.0,1.0,1.0,1.0
5.629202678571427,5.54,,2547.8294469154653,1581.100787540695,148.4853296097139,82.90619998807507,45.22569423870903,7.030772072842562,2050.0,8.537,9.44,4933000.0,54.7,45.84,1,1.0,1.0,0.0,1.0,1.0,1.0,1.0,1.0,1.0,1.0,1.0,1.0,1.0,1.0
6.762032632999807,5.54,,655.0738582351846,1667.640569424486,104.36750726041244,11.30206905390373,47.39849624471043,5.812138243902128,2050.0,8.537,9.44,4933000.0,54.7,45.84,1,1.0,1.0,0.0,1.0,1.0,1.0,1.0,1.0,1.0,1.0,1.0,1.0,1.0,1.0
6.757532632999807,5.54,,548.0356439011912,1667.640569424486,104.36750726041244,11.30206905390373,47.39849624471043,5.959375230791633,2050.0,8.537,9.44,4933000.0,54.7,45.84,0,1.0,1.0,0.0,1.0,1.0,1.0,1.0,1.0,1.0,1.0,1.0,1.0,1.0,1.0
6.722511186921375,5.54,,870.6977599792959,1667.640569424486,112.32332905527636,39.029679180860725,49.97347440199078,5.834386892132474,2050.0,8.537,9.44,4933000.0,54.7,45.84,1,1.0,1.0,0.0,1.0,1.0,1.0,1.0,1.0,1.0,1.0,1.0,1.0,1.0,1.0
6.3758859577922085,5.54,,1253.4213539907726,1620.694422732843,63.08487522370304,70.17035417353394,51.45433060462972,5.881890234763863,2050.0,8.537,9.44,4933000.0,54.7,45.84,1,1.0,1.0,0.0,1.0,1.0,1.0,1.0,1.0,1.0,1.0,1.0,1.0,1.0,1.0
6.7535847163331395,5.54,,825.664143396122,1667.640569424486,112.32332905527636,44.062430751516274,46.041581624213,5.937479224744466,2050.0,8.537,9.44,4933000.0,54.7,45.84,1,1.0,1.0,0.0,1.0,1.0,1.0,1.0,1.0,1.0,1.0,1.0,1.0,1.0,1.0
5.629202678571427,5.54,,2468.177423486065,1581.100787540695,148.4853296097139,82.90619998807507,45.22569423870903,7.030772072842562,2050.0,8.537,9.44,4933000.0,54.7,45.84,1,1.0,1.0,0.0,1.0,1.0,1.0,1.0,1.0,1.0,1.0,1.0,1.0,1.0,1.0
6.761834716333139,5.54,,819.5728278355247,1667.640569424486,112.32332905527636,44.062430751516274,46.041581624213,5.937479224744466,2050.0,8.537,9.44,4933000.0,54.7,45.84,1,1.0,1.0,0.0,1.0,1.0,1.0,1.0,1.0,1.0,1.0,1.0,1.0,1.0,1.0
6.460365124458875,5.54,,2130.121077397353,1682.9390477328427,63.08487522370304,71.25023867046443,51.45433060462972,6.009195085097611,2050.0,8.537,9.44,4933000.0,54.7,45.84,1,1.0,1.0,0.0,1.0,1.0,1.0,1.0,1.0,1.0,1.0,1.0,1.0,1.0,1.0
6.460365124458875,5.54,,2365.5427192152465,1682.9390477328427,63.08487522370304,71.25023867046443,51.45433060462972,6.009195085097611,2050.0,8.537,9.44,4933000.0,54.7,45.84,1,1.0,1.0,0.0,1.0,1.0,1.0,1.0,1.0,1.0,1.0,1.0,1.0,1.0,1.0
6.3758859577922085,5.54,,1713.718965865498,1620.694422732843,63.08487522370304,76.19975409417138,51.45433060462972,7.1123986771569605,2050.0,8.537,9.44,4933000.0,54.7,45.84,1,1.0,1.0,0.0,1.0,1.0,1.0,1.0,1.0,1.0,1.0,1.0,1.0,1.0,1.0
5.629202678571427,5.54,,2450.1664848992027,1581.100787540695,148.4853296097139,82.90619998807507,45.22569423870903,7.030772072842562,2050.0,8.537,9.44,4933000.0,54.7,45.84,1,1.0,1.0,0.0,1.0,1.0,1.0,1.0,1.0,1.0,1.0,1.0,1.0,1.0,1.0
7.781243467875049,5.54,,1125.6160246198558,219.6812853784296,23327.923979166662,557.6147345459494,651.9339501384522,24.768170129543073,2050.0,8.537,9.44,4933000.0,54.7,45.84,1,1.0,1.0,0.0,1.0,1.0,1.0,1.0,1.0,1.0,1.0,1.0,1.0,1.0,1.0
6.3758859577922085,5.54,,1631.9535644959178,1620.694422732843,63.08487522370304,76.19975409417138,51.45433060462972,7.1123986771569605,2050.0,8.537,9.44,4933000.0,54.7,45.84,1,1.0,1.0,0.0,1.0,1.0,1.0,1.0,1.0,1.0,1.0,1.0,1.0,1.0,1.0
6.569260237319848,5.54,,1425.331674455581,1667.640569424486,130.2678751934937,58.89081932153215,45.22569423870903,7.444143147972616,2050.0,8.537,9.44,4933000.0,54.7,45.84,1,1.0,1.0,0.0,1.0,1.0,1.0,1.0,1.0,1.0,1.0,1.0,1.0,1.0,1.0
6.757532632999807,5.54,,568.5836828753585,1667.640569424486,104.36750726041244,11.30206905390373,47.39849624471043,5.959375230791633,2050.0,8.537,9.44,4933000.0,54.7,45.84,1,1.0,1.0,0.0,1.0,1.0,1.0,1.0,1.0,1.0,1.0,1.0,1.0,1.0,1.0
6.439847103863907,5.54,,3050.3353037814386,1628.0469342323377,139.09527691553018,82.90619998807507,45.22569423870903,7.629484243102849,2050.0,8.537,9.44,4933000.0,54.7,45.84,1,1.0,1.0,0.0,1.0,1.0,1.0,1.0,1.0,1.0,1.0,1.0,1.0,1.0,1.0
5.629202678571427,5.54,,2440.9966188108465,1581.100787540695,148.4853296097139,82.90619998807507,45.22569423870903,7.030772072842562,2050.0,8.537,9.44,4933000.0,54.7,45.84,1,1.0,1.0,0.0,1.0,1.0,1.0,1.0,1.0,1.0,1.0,1.0,1.0,1.0,1.0
6.439847103863907,5.54,,3051.7967237530743,1628.0469342323377,139.09527691553018,82.90619998807507,45.22569423870903,7.629484243102849,2050.0,8.537,9.44,4933000.0,54.7,45.84,1,1.0,1.0,0.0,1.0,1.0,1.0,1.0,1.0,1.0,1.0,1.0,1.0,1.0,1.0
5.629202678571427,5.54,,2493.577966469461,1581.100787540695,148.4853296097139,82.90619998807507,45.22569423870903,7.030772072842562,2050.0,8.537,9.44,4933000.0,54.7,45.84,1,1.0,1.0,0.0,1.0,1.0,1.0,1.0,1.0,1.0,1.0,1.0,1.0,1.0,1.0
6.7535847163331395,5.54,,823.6929706559645,1667.640569424486,112.32332905527636,44.062430751516274,46.041581624213,5.937479224744466,2050.0,8.537,9.44,4933000.0,54.7,45.84,1,1.0,1.0,0.0,1.0,1.0,1.0,1.0,1.0,1.0,1.0,1.0,1.0,1.0,1.0
6.3758859577922085,5.54,,1241.6428090631036,1620.694422732843,63.08487522370304,70.17035417353394,51.45433060462972,5.881890234763863,2050.0,8.537,9.44,4933000.0,54.7,45.84,1,1.0,1.0,0.0,1.0,1.0,1.0,1.0,1.0,1.0,1.0,1.0,1.0,1.0,1.0
7.781243467875049,5.54,,1020.9975901959856,219.6812853784296,23327.923979166662,557.6147345459494,651.9339501384522,24.768170129543073,2050.0,8.537,9.44,4933000.0,54.7,45.84,1,1.0,1.0,0.0,1.0,1.0,1.0,1.0,1.0,1.0,1.0,1.0,1.0,1.0,1.0
6.460365124458875,5.54,,2204.04421661476,1682.9390477328427,63.08487522370304,71.25023867046443,51.45433060462972,6.009195085097611,2050.0,8.537,9.44,4933000.0,54.7,45.84,1,1.0,1.0,0.0,1.0,1.0,1.0,1.0,1.0,1.0,1.0,1.0,1.0,1.0,1.0
6.569260237319848,5.54,,1283.4426296913937,1667.640569424486,130.2678751934937,58.89081932153215,45.22569423870903,7.444143147972616,2050.0,8.537,9.44,4933000.0,54.7,45.84,1,1.0,1.0,0.0,1.0,1.0,1.0,1.0,1.0,1.0,1.0,1.0,1.0,1.0,1.0
6.460365124458875,5.54,,2254.5784260879145,1682.9390477328427,63.08487522370304,71.25023867046443,51.45433060462972,6.009195085097611,2050.0,8.537,9.44,4933000.0,54.7,45.84,1,1.0,1.0,0.0,1.0,1.0,1.0,1.0,1.0,1.0,1.0,1.0,1.0,1.0,1.0
5.629202678571427,5.54,,2485.0665168466535,1581.100787540695,148.4853296097139,82.90619998807507,45.22569423870903,7.030772072842562,2050.0,8.537,9.44,4933000.0,54.7,45.84,1,1.0,1.0,0.0,1.0,1.0,1.0,1.0,1.0,1.0,1.0,1.0,1.0,1.0,1.0
5.629202678571427,5.54,,2968.895595667508,1581.100787540695,148.4853296097139,82.90619998807507,45.22569423870903,7.030772072842562,2050.0,8.537,9.44,4933000.0,54.7,45.84,1,1.0,1.0,0.0,1.0,1.0,1.0,1.0,1.0,1.0,1.0,1.0,1.0,1.0,1.0
6.3758859577922085,5.54,,1867.9618397745185,1620.694422732843,63.08487522370304,76.19975409417138,51.45433060462972,7.1123986771569605,2050.0,8.537,9.44,4933000.0,54.7,45.84,1,1.0,1.0,0.0,1.0,1.0,1.0,1.0,1.0,1.0,1.0,1.0,1.0,1.0,1.0
6.460365124458875,5.54,,2291.476833225008,1682.9390477328427,63.08487522370304,71.25023867046443,51.45433060462972,6.009195085097611,2050.0,8.537,9.44,4933000.0,54.7,45.84,1,1.0,1.0,0.0,1.0,1.0,1.0,1.0,1.0,1.0,1.0,1.0,1.0,1.0,1.0
5.629202678571427,5.54,,2695.119378562661,1581.100787540695,148.4853296097139,82.90619998807507,45.22569423870903,7.030772072842562,2050.0,8.537,9.44,4933000.0,54.7,45.84,1,1.0,1.0,0.0,1.0,1.0,1.0,1.0,1.0,1.0,1.0,1.0,1.0,1.0,1.0
7.781243467875049,5.54,,961.0268694888784,219.6812853784296,23327.923979166662,557.6147345459494,651.9339501384522,25.040902449699814,2050.0,8.537,9.44,4933000.0,54.7,45.84,1,1.0,1.0,0.0,1.0,1.0,1.0,1.0,1.0,1.0,1.0,1.0,1.0,1.0,1.0
6.3758859577922085,5.54,,1921.157979967365,1620.694422732843,63.08487522370304,76.19975409417138,51.45433060462972,7.1123986771569605,2050.0,8.537,9.44,4933000.0,54.7,45.84,1,1.0,1.0,0.0,1.0,1.0,1.0,1.0,1.0,1.0,1.0,1.0,1.0,1.0,1.0
5.629202678571427,5.54,,2444.9086915315725,1581.100787540695,148.4853296097139,82.90619998807507,45.22569423870903,7.030772072842562,2050.0,8.537,9.44,4933000.0,54.7,45.84,1,1.0,1.0,0.0,1.0,1.0,1.0,1.0,1.0,1.0,1.0,1.0,1.0,1.0,1.0
6.7535847163331395,5.54,,838.4971765277635,1667.640569424486,112.32332905527636,44.062430751516274,46.041581624213,5.937479224744466,2050.0,8.537,9.44,4933000.0,54.7,45.84,1,1.0,1.0,0.0,1.0,1.0,1.0,1.0,1.0,1.0,1.0,1.0,1.0,1.0,1.0
6.3758859577922085,5.54,,1805.8770017085037,1620.694422732843,63.08487522370304,76.19975409417138,51.45433060462972,7.1123986771569605,2050.0,8.537,9.44,4933000.0,54.7,45.84,1,1.0,1.0,0.0,1.0,1.0,1.0,1.0,1.0,1.0,1.0,1.0,1.0,1.0,1.0
7.781243467875049,5.54,,1105.7400934189411,219.6812853784296,23327.923979166662,557.6147345459494,651.9339501384522,24.768170129543073,2050.0,8.537,9.44,4933000.0,54.7,45.84,1,1.0,1.0,0.0,1.0,1.0,1.0,1.0,1.0,1.0,1.0,1.0,1.0,1.0,1.0
6.761834716333139,5.54,,791.5061009780878,1667.640569424486,112.32332905527636,44.062430751516274,46.041581624213,5.937479224744466,2050.0,8.537,9.44,4933000.0,54.7,45.84,1,1.0,1.0,0.0,1.0,1.0,1.0,1.0,1.0,1.0,1.0,1.0,1.0,1.0,1.0
6.460365124458875,5.54,,2226.6664075204217,1682.9390477328427,63.08487522370304,71.25023867046443,51.45433060462972,6.009195085097611,2050.0,8.537,9.44,4933000.0,54.7,45.84,1,1.0,1.0,0.0,1.0,1.0,1.0,1.0,1.0,1.0,1.0,1.0,1.0,1.0,1.0
5.629202678571427,5.54,,2987.764601474082,1581.100787540695,148.4853296097139,82.90619998807507,45.22569423870903,7.030772072842562,2050.0,8.537,9.44,4933000.0,54.7,45.84,1,1.0,1.0,0.0,1.0,1.0,1.0,1.0,1.0,1.0,1.0,1.0,1.0,1.0,1.0
5.629202678571427,5.54,,2681.657404912707,1581.100787540695,148.4853296097139,82.90619998807507,45.22569423870903,7.030772072842562,2050.0,8.537,9.44,4933000.0,54.7,45.84,1,1.0,1.0,0.0,1.0,1.0,1.0,1.0,1.0,1.0,1.0,1.0,1.0,1.0,1.0
5.629202678571427,5.54,,2668.5979154623783,1581.100787540695,148.4853296097139,82.90619998807507,45.22569423870903,7.030772072842562,2050.0,8.537,9.44,4933000.0,54.7,45.84,1,1.0,1.0,0.0,1.0,1.0,1.0,1.0,1.0,1.0,1.0,1.0,1.0,1.0,1.0
5.629202678571427,5.54,,2900.900155792111,1581.100787540695,148.4853296097139,82.90619998807507,45.22569423870903,7.030772072842562,2050.0,8.537,9.44,4933000.0,54.7,45.84,1,1.0,1.0,0.0,1.0,1.0,1.0,1.0,1.0,1.0,1.0,1.0,1.0,1.0,1.0
6.460365124458875,5.54,,2217.543334783724,1682.9390477328427,63.08487522370304,71.25023867046443,51.45433060462972,6.009195085097611,2050.0,8.537,9.44,4933000.0,54.7,45.84,1,1.0,1.0,0.0,1.0,1.0,1.0,1.0,1.0,1.0,1.0,1.0,1.0,1.0,1.0
6.460365124458875,5.54,,2262.455515715799,1682.9390477328427,63.08487522370304,71.25023867046443,51.45433060462972,6.009195085097611,2050.0,8.537,9.44,4933000.0,54.7,45.84,1,1.0,1.0,0.0,1.0,1.0,1.0,1.0,1.0,1.0,1.0,1.0,1.0,1.0,1.0
6.7535847163331395,5.54,,838.5366489921715,1667.640569424486,112.32332905527636,44.062430751516274,46.041581624213,5.937479224744466,2050.0,8.537,9.44,4933000.0,54.7,45.84,1,1.0,1.0,0.0,1.0,1.0,1.0,1.0,1.0,1.0,1.0,1.0,1.0,1.0,1.0
6.439847103863907,5.54,,3139.486279881687,1628.0469342323377,139.09527691553018,82.90619998807507,45.22569423870903,7.629484243102849,2050.0,8.537,9.44,4933000.0,54.7,45.84,1,1.0,1.0,0.0,1.0,1.0,1.0,1.0,1.0,1.0,1.0,1.0,1.0,1.0,1.0
6.460365124458875,5.54,,2249.6783063281505,1682.9390477328427,63.08487522370304,71.25023867046443,51.45433060462972,6.009195085097611,2050.0,8.537,9.44,4933000.0,54.7,45.84,1,1.0,1.0,0.0,1.0,1.0,1.0,1.0,1.0,1.0,1.0,1.0,1.0,1.0,1.0
6.439847103863907,5.54,,3095.4993302593457,1628.0469342323377,139.09527691553018,82.90619998807507,45.22569423870903,7.629484243102849,2050.0,8.537,9.44,4933000.0,54.7,45.84,1,1.0,1.0,0.0,1.0,1.0,1.0,1.0,1.0,1.0,1.0,1.0,1.0,1.0,1.0
6.415135957792208,5.54,,2038.1681206810583,1682.9390477328427,63.08487522370304,77.27963859110187,51.45433060462972,7.449298617710275,2050.0,8.537,9.44,4933000.0,54.7,45.84,1,1.0,1.0,0.0,1.0,1.0,1.0,1.0,1.0,1.0,1.0,1.0,1.0,1.0,1.0
6.761834716333139,5.54,,809.5914217854357,1667.640569424486,112.32332905527636,44.062430751516274,46.041581624213,5.937479224744466,2050.0,8.537,9.44,4933000.0,54.7,45.84,1,1.0,1.0,0.0,1.0,1.0,1.0,1.0,1.0,1.0,1.0,1.0,1.0,1.0,1.0
6.758282632999807,5.54,,690.4678867271759,1667.640569424486,104.36750726041244,11.30206905390373,47.39849624471043,5.812138243902128,2050.0,8.537,9.44,4933000.0,54.7,45.84,1,1.0,1.0,0.0,1.0,1.0,1.0,1.0,1.0,1.0,1.0,1.0,1.0,1.0,1.0
6.722511186921375,5.54,,864.76376458858,1667.640569424486,112.32332905527636,39.029679180860725,49.97347440199078,5.834386892132474,2050.0,8.537,9.44,4933000.0,54.7,45.84,1,1.0,1.0,0.0,1.0,1.0,1.0,1.0,1.0,1.0,1.0,1.0,1.0,1.0,1.0
6.837264759962238,5.54,,206.98935075815876,1667.640569424486,104.36750726041244,13.441373939160297,47.39849624471043,5.62995441690365,2050.0,8.537,9.44,4933000.0,54.7,45.84,0,1.0,1.0,0.0,1.0,1.0,1.0,1.0,1.0,1.0,1.0,1.0,1.0,1.0,1.0
6.837264759962238,5.54,,292.43026711870664,1667.640569424486,104.36750726041244,13.441373939160297,47.39849624471043,5.947605926443679,2050.0,8.537,9.44,4933000.0,54.7,45.84,0,1.0,1.0,0.0,1.0,1.0,1.0,1.0,1.0,1.0,1.0,1.0,1.0,1.0,1.0
6.837264759962238,5.54,,208.50082843240295,1667.640569424486,104.36750726041244,13.441373939160297,47.39849624471043,5.62995441690365,2050.0,8.537,9.44,4933000.0,54.7,45.84,0,1.0,1.0,0.0,1.0,1.0,1.0,1.0,1.0,1.0,1.0,1.0,1.0,1.0,1.0
6.837264759962238,5.54,,315.8516167253101,1667.640569424486,104.36750726041244,13.441373939160297,47.39849624471043,5.947605926443679,2050.0,8.537,9.44,4933000.0,54.7,45.84,0,1.0,1.0,0.0,1.0,1.0,1.0,1.0,1.0,1.0,1.0,1.0,1.0,1.0,1.0
6.837264759962238,5.54,,266.9007478493033,1667.640569424486,104.36750726041244,13.441373939160297,47.39849624471043,5.8631143240727415,2050.0,8.537,9.44,4933000.0,54.7,45.84,0,1.0,1.0,0.0,1.0,1.0,1.0,1.0,1.0,1.0,1.0,1.0,1.0,1.0,1.0
6.837264759962238,5.54,,210.1984002031663,1667.640569424486,104.36750726041244,13.441373939160297,47.39849624471043,5.62995441690365,2050.0,8.537,9.44,4933000.0,54.7,45.84,0,1.0,1.0,0.0,1.0,1.0,1.0,1.0,1.0,1.0,1.0,1.0,1.0,1.0,1.0
6.837264759962238,5.54,,224.90774366048825,1667.640569424486,104.36750726041244,13.441373939160297,47.39849624471043,5.62995441690365,2050.0,8.537,9.44,4933000.0,54.7,45.84,0,1.0,1.0,0.0,1.0,1.0,1.0,1.0,1.0,1.0,1.0,1.0,1.0,1.0,1.0
6.837264759962238,5.54,,70.05114972359749,1667.640569424486,104.36750726041244,13.441373939160297,47.39849624471043,5.62995441690365,2050.0,8.537,9.44,4933000.0,54.7,45.84,0,1.0,1.0,0.0,1.0,1.0,1.0,1.0,1.0,1.0,1.0,1.0,1.0,1.0,1.0
6.837264759962238,5.54,,299.04847068131824,1667.640569424486,104.36750726041244,13.441373939160297,47.39849624471043,5.947605926443679,2050.0,8.537,9.44,4933000.0,54.7,45.84,0,1.0,1.0,0.0,1.0,1.0,1.0,1.0,1.0,1.0,1.0,1.0,1.0,1.0,1.0
6.757532632999807,5.54,,364.9747545264899,1667.640569424486,104.36750726041244,12.740995215870532,47.39849624471043,5.972596231286924,2050.0,8.537,9.44,4933000.0,54.7,45.84,0,1.0,1.0,0.0,1.0,1.0,1.0,1.0,1.0,1.0,1.0,1.0,1.0,1.0,1.0
6.837264759962238,5.54,,324.3777517868123,1667.640569424486,104.36750726041244,13.441373939160297,47.39849624471043,5.947605926443679,2050.0,8.537,9.44,4933000.0,54.7,45.84,0,1.0,1.0,0.0,1.0,1.0,1.0,1.0,1.0,1.0,1.0,1.0,1.0,1.0,1.0
6.837264759962238,5.54,,178.29890293664624,1667.640569424486,104.36750726041244,13.441373939160297,47.39849624471043,5.62995441690365,2050.0,8.537,9.44,4933000.0,54.7,45.84,0,1.0,1.0,0.0,1.0,1.0,1.0,1.0,1.0,1.0,1.0,1.0,1.0,1.0,1.0
6.837264759962238,5.54,,188.55933104521563,1667.640569424486,104.36750726041244,13.441373939160297,47.39849624471043,5.62995441690365,2050.0,8.537,9.44,4933000.0,54.7,45.84,0,1.0,1.0,0.0,1.0,1.0,1.0,1.0,1.0,1.0,1.0,1.0,1.0,1.0,1.0
6.837264759962238,5.54,,315.2049492900065,1667.640569424486,104.36750726041244,13.441373939160297,47.39849624471043,5.947605926443679,2050.0,8.537,9.44,4933000.0,54.7,45.84,0,1.0,1.0,0.0,1.0,1.0,1.0,1.0,1.0,1.0,1.0,1.0,1.0,1.0,1.0
6.837264759962238,5.54,,135.5865672010408,1667.640569424486,104.36750726041244,13.441373939160297,47.39849624471043,5.62995441690365,2050.0,8.537,9.44,4933000.0,54.7,45.84,0,1.0,1.0,0.0,1.0,1.0,1.0,1.0,1.0,1.0,1.0,1.0,1.0,1.0,1.0
6.837264759962238,5.54,,152.44896767760844,1667.640569424486,104.36750726041244,13.441373939160297,47.39849624471043,5.62995441690365,2050.0,8.537,9.44,4933000.0,54.7,45.84,0,1.0,1.0,0.0,1.0,1.0,1.0,1.0,1.0,1.0,1.0,1.0,1.0,1.0,1.0
6.837264759962238,5.54,,373.5183085220136,1667.640569424486,104.36750726041244,13.441373939160297,47.39849624471043,5.932494741782916,2050.0,8.537,9.44,4933000.0,54.7,45.84,0,1.0,1.0,0.0,1.0,1.0,1.0,1.0,1.0,1.0,1.0,1.0,1.0,1.0,1.0
6.757532632999807,5.54,,347.3837924703564,1667.640569424486,104.36750726041244,12.740995215870532,47.39849624471043,5.947605926443679,2050.0,8.537,9.44,4933000.0,54.7,45.84,0,1.0,1.0,0.0,1.0,1.0,1.0,1.0,1.0,1.0,1.0,1.0,1.0,1.0,1.0
6.837264759962238,5.54,,91.60524366455908,1667.640569424486,104.36750726041244,13.441373939160297,47.39849624471043,5.62995441690365,2050.0,8.537,9.44,4933000.0,54.7,45.84,0,1.0,1.0,0.0,1.0,1.0,1.0,1.0,1.0,1.0,1.0,1.0,1.0,1.0,1.0
6.837264759962238,5.54,,191.872634302148,1667.640569424486,104.36750726041244,13.441373939160297,47.39849624471043,5.62995441690365,2050.0,8.537,9.44,4933000.0,54.7,45.84,0,1.0,1.0,0.0,1.0,1.0,1.0,1.0,1.0,1.0,1.0,1.0,1.0,1.0,1.0
6.837264759962238,5.54,,315.2810928916041,1667.640569424486,104.36750726041244,13.441373939160297,47.39849624471043,5.947605926443679,2050.0,8.537,9.44,4933000.0,54.7,45.84,0,1.0,1.0,0.0,1.0,1.0,1.0,1.0,1.0,1.0,1.0,1.0,1.0,1.0,1.0
6.837264759962238,5.54,,155.5208997451921,1667.640569424486,104.36750726041244,13.441373939160297,47.39849624471043,5.62995441690365,2050.0,8.537,9.44,4933000.0,54.7,45.84,0,1.0,1.0,0.0,1.0,1.0,1.0,1.0,1.0,1.0,1.0,1.0,1.0,1.0,1.0
6.757532632999807,5.54,,335.4359543580417,1667.640569424486,104.36750726041244,12.407406557819462,47.39849624471043,5.947605926443679,2050.0,8.537,9.44,4933000.0,54.7,45.84,0,1.0,1.0,0.0,1.0,1.0,1.0,1.0,1.0,1.0,1.0,1.0,1.0,1.0,1.0
6.837264759962238,5.54,,242.64395078918415,1667.640569424486,104.36750726041244,13.441373939160297,47.39849624471043,5.62995441690365,2050.0,8.537,9.44,4933000.0,54.7,45.84,0,1.0,1.0,0.0,1.0,1.0,1.0,1.0,1.0,1.0,1.0,1.0,1.0,1.0,1.0
6.837264759962238,5.54,,127.00911192432388,1667.640569424486,104.36750726041244,13.441373939160297,47.39849624471043,5.62995441690365,2050.0,8.537,9.44,4933000.0,54.7,45.84,0,1.0,1.0,0.0,1.0,1.0,1.0,1.0,1.0,1.0,1.0,1.0,1.0,1.0,1.0
6.837264759962238,5.54,,122.05355284563912,1667.640569424486,104.36750726041244,13.441373939160297,47.39849624471043,5.62995441690365,2050.0,8.537,9.44,4933000.0,54.7,45.84,0,1.0,1.0,0.0,1.0,1.0,1.0,1.0,1.0,1.0,1.0,1.0,1.0,1.0,1.0
6.837264759962238,5.54,,330.29041486659514,1667.640569424486,104.36750726041244,13.441373939160297,47.39849624471043,5.947605926443679,2050.0,8.537,9.44,4933000.0,54.7,45.84,0,1.0,1.0,0.0,1.0,1.0,1.0,1.0,1.0,1.0,1.0,1.0,1.0,1.0,1.0
6.837264759962238,5.54,,92.56070995367016,1667.640569424486,104.36750726041244,13.441373939160297,47.39849624471043,5.62995441690365,2050.0,8.537,9.44,4933000.0,54.7,45.84,0,1.0,1.0,0.0,1.0,1.0,1.0,1.0,1.0,1.0,1.0,1.0,1.0,1.0,1.0
6.837264759962238,5.54,,285.3269384736977,1667.640569424486,104.36750726041244,13.441373939160297,47.39849624471043,5.947605926443679,2050.0,8.537,9.44,4933000.0,54.7,45.84,0,1.0,1.0,0.0,1.0,1.0,1.0,1.0,1.0,1.0,1.0,1.0,1.0,1.0,1.0
6.837264759962238,5.54,,88.75176991894311,1667.640569424486,104.36750726041244,13.441373939160297,47.39849624471043,5.62995441690365,2050.0,8.537,9.44,4933000.0,54.7,45.84,0,1.0,1.0,0.0,1.0,1.0,1.0,1.0,1.0,1.0,1.0,1.0,1.0,1.0,1.0
6.837264759962238,5.54,,272.9022460180094,1667.640569424486,104.36750726041244,13.441373939160297,47.39849624471043,5.8631143240727415,2050.0,8.537,9.44,4933000.0,54.7,45.84,0,1.0,1.0,0.0,1.0,1.0,1.0,1.0,1.0,1.0,1.0,1.0,1.0,1.0,1.0
6.837264759962238,5.54,,217.01021565745205,1667.640569424486,104.36750726041244,13.441373939160297,47.39849624471043,5.62995441690365,2050.0,8.537,9.44,4933000.0,54.7,45.84,0,1.0,1.0,0.0,1.0,1.0,1.0,1.0,1.0,1.0,1.0,1.0,1.0,1.0,1.0
6.837264759962238,5.54,,262.8383197904024,1667.640569424486,104.36750726041244,13.441373939160297,47.39849624471043,5.62995441690365,2050.0,8.537,9.44,4933000.0,54.7,45.84,0,1.0,1.0,0.0,1.0,1.0,1.0,1.0,1.0,1.0,1.0,1.0,1.0,1.0,1.0
6.837264759962238,5.54,,119.83617198280142,1667.640569424486,104.36750726041244,13.441373939160297,47.39849624471043,5.62995441690365,2050.0,8.537,9.44,4933000.0,54.7,45.84,0,1.0,1.0,0.0,1.0,1.0,1.0,1.0,1.0,1.0,1.0,1.0,1.0,1.0,1.0
6.837264759962238,5.54,,313.25041888572775,1667.640569424486,104.36750726041244,13.441373939160297,47.39849624471043,5.947605926443679,2050.0,8.537,9.44,4933000.0,54.7,45.84,0,1.0,1.0,0.0,1.0,1.0,1.0,1.0,1.0,1.0,1.0,1.0,1.0,1.0,1.0
6.837264759962238,5.54,,171.72654225969225,1667.640569424486,104.36750726041244,13.441373939160297,47.39849624471043,5.62995441690365,2050.0,8.537,9.44,4933000.0,54.7,45.84,0,1.0,1.0,0.0,1.0,1.0,1.0,1.0,1.0,1.0,1.0,1.0,1.0,1.0,1.0
6.837264759962238,5.54,,58.26195633051989,1667.640569424486,104.36750726041244,13.441373939160297,47.39849624471043,5.62995441690365,2050.0,8.537,9.44,4933000.0,54.7,45.84,0,1.0,1.0,0.0,1.0,1.0,1.0,1.0,1.0,1.0,1.0,1.0,1.0,1.0,1.0
6.837264759962238,5.54,,315.11751605458903,1667.640569424486,104.36750726041244,13.441373939160297,47.39849624471043,5.947605926443679,2050.0,8.537,9.44,4933000.0,54.7,45.84,0,1.0,1.0,0.0,1.0,1.0,1.0,1.0,1.0,1.0,1.0,1.0,1.0,1.0,1.0
6.837264759962238,5.54,,137.30152963044404,1667.640569424486,104.36750726041244,13.441373939160297,47.39849624471043,5.62995441690365,2050.0,8.537,9.44,4933000.0,54.7,45.84,0,1.0,1.0,0.0,1.0,1.0,1.0,1.0,1.0,1.0,1.0,1.0,1.0,1.0,1.0
6.837264759962238,5.54,,50.87412545500986,1667.640569424486,104.36750726041244,13.441373939160297,47.39849624471043,5.62995441690365,2050.0,8.537,9.44,4933000.0,54.7,45.84,0,1.0,1.0,0.0,1.0,1.0,1.0,1.0,1.0,1.0,1.0,1.0,1.0,1.0,1.0
6.837264759962238,5.54,,254.41427128022696,1667.640569424486,104.36750726041244,13.441373939160297,47.39849624471043,5.62995441690365,2050.0,8.537,9.44,4933000.0,54.7,45.84,0,1.0,1.0,0.0,1.0,1.0,1.0,1.0,1.0,1.0,1.0,1.0,1.0,1.0,1.0
6.837264759962238,5.54,,65.19202856022594,1667.640569424486,104.36750726041244,13.441373939160297,47.39849624471043,5.62995441690365,2050.0,8.537,9.44,4933000.0,54.7,45.84,0,1.0,1.0,0.0,1.0,1.0,1.0,1.0,1.0,1.0,1.0,1.0,1.0,1.0,1.0
6.837264759962238,5.54,,39.09413203594026,1667.640569424486,104.36750726041244,13.441373939160297,47.39849624471043,5.62995441690365,2050.0,8.537,9.44,4933000.0,54.7,45.84,0,1.0,1.0,0.0,1.0,1.0,1.0,1.0,1.0,1.0,1.0,1.0,1.0,1.0,1.0
6.837264759962238,5.54,,64.13372027487557,1667.640569424486,104.36750726041244,13.441373939160297,47.39849624471043,5.62995441690365,2050.0,8.537,9.44,4933000.0,54.7,45.84,0,1.0,1.0,0.0,1.0,1.0,1.0,1.0,1.0,1.0,1.0,1.0,1.0,1.0,1.0
6.837264759962238,5.54,,149.39057332150315,1667.640569424486,104.36750726041244,13.441373939160297,47.39849624471043,5.62995441690365,2050.0,8.537,9.44,4933000.0,54.7,45.84,0,1.0,1.0,0.0,1.0,1.0,1.0,1.0,1.0,1.0,1.0,1.0,1.0,1.0,1.0
6.837264759962238,5.54,,30.38765541118529,1667.640569424486,104.36750726041244,13.441373939160297,47.39849624471043,5.62995441690365,2050.0,8.537,9.44,4933000.0,54.7,45.84,0,1.0,1.0,0.0,1.0,1.0,1.0,1.0,1.0,1.0,1.0,1.0,1.0,1.0,1.0
6.837264759962238,5.54,,26.492816384274256,1667.640569424486,104.36750726041244,13.441373939160297,47.39849624471043,5.62995441690365,2050.0,8.537,9.44,4933000.0,54.7,45.84,0,1.0,1.0,0.0,1.0,1.0,1.0,1.0,1.0,1.0,1.0,1.0,1.0,1.0,1.0
6.837264759962238,5.54,,160.62542845339493,1667.640569424486,104.36750726041244,13.441373939160297,47.39849624471043,5.62995441690365,2050.0,8.537,9.44,4933000.0,54.7,45.84,0,1.0,1.0,0.0,1.0,1.0,1.0,1.0,1.0,1.0,1.0,1.0,1.0,1.0,1.0
6.837264759962238,5.54,,74.467071690045,1667.640569424486,104.36750726041244,13.441373939160297,47.39849624471043,5.62995441690365,2050.0,8.537,9.44,4933000.0,54.7,45.84,0,1.0,1.0,0.0,1.0,1.0,1.0,1.0,1.0,1.0,1.0,1.0,1.0,1.0,1.0
6.837264759962238,5.54,,14.721889235183443,1667.640569424486,104.36750726041244,13.441373939160297,47.39849624471043,5.62995441690365,2050.0,8.537,9.44,4933000.0,54.7,45.84,0,1.0,1.0,0.0,1.0,1.0,1.0,1.0,1.0,1.0,1.0,1.0,1.0,1.0,1.0
6.837264759962238,5.54,,65.00045638789538,1667.640569424486,104.36750726041244,13.441373939160297,47.39849624471043,5.62995441690365,2050.0,8.537,9.44,4933000.0,54.7,45.84,0,1.0,1.0,0.0,1.0,1.0,1.0,1.0,1.0,1.0,1.0,1.0,1.0,1.0,1.0
6.837264759962238,5.54,,73.21015754452401,1667.640569424486,104.36750726041244,13.441373939160297,47.39849624471043,5.62995441690365,2050.0,8.537,9.44,4933000.0,54.7,45.84,0,1.0,1.0,0.0,1.0,1.0,1.0,1.0,1.0,1.0,1.0,1.0,1.0,1.0,1.0
6.757532632999807,5.54,,357.35613438254774,1667.640569424486,104.36750726041244,12.740995215870532,47.39849624471043,5.972596231286924,2050.0,8.537,9.44,4933000.0,54.7,45.84,0,1.0,1.0,0.0,1.0,1.0,1.0,1.0,1.0,1.0,1.0,1.0,1.0,1.0,1.0
6.837264759962238,5.54,,90.93383724925536,1667.640569424486,104.36750726041244,13.441373939160297,47.39849624471043,5.62995441690365,2050.0,8.537,9.44,4933000.0,54.7,45.84,0,1.0,1.0,0.0,1.0,1.0,1.0,1.0,1.0,1.0,1.0,1.0,1.0,1.0,1.0
6.837264759962238,5.54,,235.27989143933215,1667.640569424486,104.36750726041244,13.441373939160297,47.39849624471043,5.62995441690365,2050.0,8.537,9.44,4933000.0,54.7,45.84,0,1.0,1.0,0.0,1.0,1.0,1.0,1.0,1.0,1.0,1.0,1.0,1.0,1.0,1.0
6.837264759962238,5.54,,89.05899098785767,1667.640569424486,104.36750726041244,13.441373939160297,47.39849624471043,5.62995441690365,2050.0,8.537,9.44,4933000.0,54.7,45.84,0,1.0,1.0,0.0,1.0,1.0,1.0,1.0,1.0,1.0,1.0,1.0,1.0,1.0,1.0
6.837264759962238,5.54,,56.48342713578076,1667.640569424486,104.36750726041244,13.441373939160297,47.39849624471043,5.62995441690365,2050.0,8.537,9.44,4933000.0,54.7,45.84,0,1.0,1.0,0.0,1.0,1.0,1.0,1.0,1.0,1.0,1.0,1.0,1.0,1.0,1.0
6.837264759962238,5.54,,65.45393602260329,1667.640569424486,104.36750726041244,13.441373939160297,47.39849624471043,5.62995441690365,2050.0,8.537,9.44,4933000.0,54.7,45.84,0,1.0,1.0,0.0,1.0,1.0,1.0,1.0,1.0,1.0,1.0,1.0,1.0,1.0,1.0
6.837264759962238,5.54,,28.515826711193185,1667.640569424486,104.36750726041244,13.441373939160297,47.39849624471043,5.62995441690365,2050.0,8.537,9.44,4933000.0,54.7,45.84,0,1.0,1.0,0.0,1.0,1.0,1.0,1.0,1.0,1.0,1.0,1.0,1.0,1.0,1.0
6.837264759962238,5.54,,128.72446767776597,1667.640569424486,104.36750726041244,13.441373939160297,47.39849624471043,5.62995441690365,2050.0,8.537,9.44,4933000.0,54.7,45.84,0,1.0,1.0,0.0,1.0,1.0,1.0,1.0,1.0,1.0,1.0,1.0,1.0,1.0,1.0
6.757532632999807,5.54,,606.1682116021636,1667.640569424486,104.36750726041244,11.30206905390373,47.39849624471043,5.959375230791633,2050.0,8.537,9.44,4933000.0,54.7,45.84,1,1.0,1.0,0.0,1.0,1.0,1.0,1.0,1.0,1.0,1.0,1.0,1.0,1.0,1.0
6.837264759962238,5.54,,102.4960370619782,1667.640569424486,104.36750726041244,13.441373939160297,47.39849624471043,5.62995441690365,2050.0,8.537,9.44,4933000.0,54.7,45.84,0,1.0,1.0,0.0,1.0,1.0,1.0,1.0,1.0,1.0,1.0,1.0,1.0,1.0,1.0
6.837264759962238,5.54,,146.5336122451551,1667.640569424486,104.36750726041244,13.441373939160297,47.39849624471043,5.62995441690365,2050.0,8.537,9.44,4933000.0,54.7,45.84,0,1.0,1.0,0.0,1.0,1.0,1.0,1.0,1.0,1.0,1.0,1.0,1.0,1.0,1.0
6.757532632999807,5.54,,370.40019904120624,1667.640569424486,104.36750726041244,12.740995215870532,47.39849624471043,5.972596231286924,2050.0,8.537,9.44,4933000.0,54.7,45.84,0,1.0,1.0,0.0,1.0,1.0,1.0,1.0,1.0,1.0,1.0,1.0,1.0,1.0,1.0
6.837264759962238,5.54,,78.43089053429848,1667.640569424486,104.36750726041244,13.441373939160297,47.39849624471043,5.62995441690365,2050.0,8.537,9.44,4933000.0,54.7,45.84,0,1.0,1.0,0.0,1.0,1.0,1.0,1.0,1.0,1.0,1.0,1.0,1.0,1.0,1.0
6.837264759962238,5.54,,97.38787616269778,1667.640569424486,104.36750726041244,13.441373939160297,47.39849624471043,5.62995441690365,2050.0,8.537,9.44,4933000.0,54.7,45.84,0,1.0,1.0,0.0,1.0,1.0,1.0,1.0,1.0,1.0,1.0,1.0,1.0,1.0,1.0
6.837264759962238,5.54,,72.47123735721311,1667.640569424486,104.36750726041244,13.441373939160297,47.39849624471043,5.62995441690365,2050.0,8.537,9.44,4933000.0,54.7,45.84,0,1.0,1.0,0.0,1.0,1.0,1.0,1.0,1.0,1.0,1.0,1.0,1.0,1.0,1.0
6.837264759962238,5.54,,83.83557782866427,1667.640569424486,104.36750726041244,13.441373939160297,47.39849624471043,5.62995441690365,2050.0,8.537,9.44,4933000.0,54.7,45.84,0,1.0,1.0,0.0,1.0,1.0,1.0,1.0,1.0,1.0,1.0,1.0,1.0,1.0,1.0
6.837264759962238,5.54,,26.665273509719142,1667.640569424486,104.36750726041244,13.441373939160297,47.39849624471043,5.62995441690365,2050.0,8.537,9.44,4933000.0,54.7,45.84,0,1.0,1.0,0.0,1.0,1.0,1.0,1.0,1.0,1.0,1.0,1.0,1.0,1.0,1.0
6.837264759962238,5.54,,59.913299906508655,1667.640569424486,104.36750726041244,13.441373939160297,47.39849624471043,5.62995441690365,2050.0,8.537,9.44,4933000.0,54.7,45.84,0,1.0,1.0,0.0,1.0,1.0,1.0,1.0,1.0,1.0,1.0,1.0,1.0,1.0,1.0
6.837264759962238,5.54,,95.60216203560655,1667.640569424486,104.36750726041244,13.441373939160297,47.39849624471043,5.62995441690365,2050.0,8.537,9.44,4933000.0,54.7,45.84,0,1.0,1.0,0.0,1.0,1.0,1.0,1.0,1.0,1.0,1.0,1.0,1.0,1.0,1.0
6.837264759962238,5.54,,64.81149352737286,1667.640569424486,104.36750726041244,13.441373939160297,47.39849624471043,5.62995441690365,2050.0,8.537,9.44,4933000.0,54.7,45.84,0,1.0,1.0,0.0,1.0,1.0,1.0,1.0,1.0,1.0,1.0,1.0,1.0,1.0,1.0
6.837264759962238,5.54,,36.18041831358029,1667.640569424486,104.36750726041244,13.441373939160297,47.39849624471043,5.62995441690365,2050.0,8.537,9.44,4933000.0,54.7,45.84,0,1.0,1.0,0.0,1.0,1.0,1.0,1.0,1.0,1.0,1.0,1.0,1.0,1.0,1.0
6.837264759962238,5.54,,49.69688266612168,1667.640569424486,104.36750726041244,13.441373939160297,47.39849624471043,5.62995441690365,2050.0,8.537,9.44,4933000.0,54.7,45.84,0,1.0,1.0,0.0,1.0,1.0,1.0,1.0,1.0,1.0,1.0,1.0,1.0,1.0,1.0
6.837264759962238,5.54,,32.864478345438854,1667.640569424486,104.36750726041244,13.441373939160297,47.39849624471043,5.62995441690365,2050.0,8.537,9.44,4933000.0,54.7,45.84,0,1.0,1.0,0.0,1.0,1.0,1.0,1.0,1.0,1.0,1.0,1.0,1.0,1.0,1.0
6.837264759962238,5.54,,102.6806198899287,1667.640569424486,104.36750726041244,13.441373939160297,47.39849624471043,5.62995441690365,2050.0,8.537,9.44,4933000.0,54.7,45.84,0,1.0,1.0,0.0,1.0,1.0,1.0,1.0,1.0,1.0,1.0,1.0,1.0,1.0,1.0
6.837264759962238,5.54,,87.40788062216122,1667.640569424486,104.36750726041244,13.441373939160297,47.39849624471043,5.62995441690365,2050.0,8.537,9.44,4933000.0,54.7,45.84,0,1.0,1.0,0.0,1.0,1.0,1.0,1.0,1.0,1.0,1.0,1.0,1.0,1.0,1.0
6.837264759962238,5.54,,50.44690854021262,1667.640569424486,104.36750726041244,13.441373939160297,47.39849624471043,5.62995441690365,2050.0,8.537,9.44,4933000.0,54.7,45.84,0,1.0,1.0,0.0,1.0,1.0,1.0,1.0,1.0,1.0,1.0,1.0,1.0,1.0,1.0
6.837264759962238,5.54,,10.86654604121938,1667.640569424486,104.36750726041244,13.441373939160297,47.39849624471043,5.62995441690365,2050.0,8.537,9.44,4933000.0,54.7,45.84,0,1.0,1.0,0.0,1.0,1.0,1.0,1.0,1.0,1.0,1.0,1.0,1.0,1.0,1.0
6.837264759962238,5.54,,103.36603127382344,1667.640569424486,104.36750726041244,13.441373939160297,47.39849624471043,5.62995441690365,2050.0,8.537,9.44,4933000.0,54.7,45.84,0,1.0,1.0,0.0,1.0,1.0,1.0,1.0,1.0,1.0,1.0,1.0,1.0,1.0,1.0
6.837264759962238,5.54,,193.42446543435196,1667.640569424486,104.36750726041244,13.441373939160297,47.39849624471043,5.62995441690365,2050.0,8.537,9.44,4933000.0,54.7,45.84,0,1.0,1.0,0.0,1.0,1.0,1.0,1.0,1.0,1.0,1.0,1.0,1.0,1.0,1.0
6.837264759962238,5.54,,50.96909661417491,1667.640569424486,104.36750726041244,13.441373939160297,47.39849624471043,5.62995441690365,2050.0,8.537,9.44,4933000.0,54.7,45.84,0,1.0,1.0,0.0,1.0,1.0,1.0,1.0,1.0,1.0,1.0,1.0,1.0,1.0,1.0
6.837264759962238,5.54,,133.5237101277408,1667.640569424486,104.36750726041244,13.441373939160297,47.39849624471043,5.62995441690365,2050.0,8.537,9.44,4933000.0,54.7,45.84,0,1.0,1.0,0.0,1.0,1.0,1.0,1.0,1.0,1.0,1.0,1.0,1.0,1.0,1.0
6.837264759962238,5.54,,109.21366068046832,1667.640569424486,104.36750726041244,13.441373939160297,47.39849624471043,5.62995441690365,2050.0,8.537,9.44,4933000.0,54.7,45.84,0,1.0,1.0,0.0,1.0,1.0,1.0,1.0,1.0,1.0,1.0,1.0,1.0,1.0,1.0
6.837264759962238,5.54,,176.2318263962581,1667.640569424486,104.36750726041244,13.441373939160297,47.39849624471043,5.62995441690365,2050.0,8.537,9.44,4933000.0,54.7,45.84,0,1.0,1.0,0.0,1.0,1.0,1.0,1.0,1.0,1.0,1.0,1.0,1.0,1.0,1.0
6.837264759962238,5.54,,33.56849299071886,1667.640569424486,104.36750726041244,13.441373939160297,47.39849624471043,5.62995441690365,2050.0,8.537,9.44,4933000.0,54.7,45.84,0,1.0,1.0,0.0,1.0,1.0,1.0,1.0,1.0,1.0,1.0,1.0,1.0,1.0,1.0
6.837264759962238,5.54,,15.414330357161743,1667.640569424486,104.36750726041244,13.441373939160297,47.39849624471043,5.62995441690365,2050.0,8.537,9.44,4933000.0,54.7,45.84,0,1.0,1.0,0.0,1.0,1.0,1.0,1.0,1.0,1.0,1.0,1.0,1.0,1.0,1.0
6.837264759962238,5.54,,82.37332078640966,1667.640569424486,104.36750726041244,13.441373939160297,47.39849624471043,5.62995441690365,2050.0,8.537,9.44,4933000.0,54.7,45.84,0,1.0,1.0,0.0,1.0,1.0,1.0,1.0,1.0,1.0,1.0,1.0,1.0,1.0,1.0
6.837264759962238,5.54,,41.37775298862418,1667.640569424486,104.36750726041244,13.441373939160297,47.39849624471043,5.62995441690365,2050.0,8.537,9.44,4933000.0,54.7,45.84,0,1.0,1.0,0.0,1.0,1.0,1.0,1.0,1.0,1.0,1.0,1.0,1.0,1.0,1.0
6.837264759962238,5.54,,36.34564399287381,1667.640569424486,104.36750726041244,13.441373939160297,47.39849624471043,5.62995441690365,2050.0,8.537,9.44,4933000.0,54.7,45.84,0,1.0,1.0,0.0,1.0,1.0,1.0,1.0,1.0,1.0,1.0,1.0,1.0,1.0,1.0
6.837264759962238,5.54,,55.49860559055351,1667.640569424486,104.36750726041244,13.441373939160297,47.39849624471043,5.62995441690365,2050.0,8.537,9.44,4933000.0,54.7,45.84,0,1.0,1.0,0.0,1.0,1.0,1.0,1.0,1.0,1.0,1.0,1.0,1.0,1.0,1.0
6.837264759962238,5.54,,89.51162420694313,1667.640569424486,104.36750726041244,13.441373939160297,47.39849624471043,5.62995441690365,2050.0,8.537,9.44,4933000.0,54.7,45.84,0,1.0,1.0,0.0,1.0,1.0,1.0,1.0,1.0,1.0,1.0,1.0,1.0,1.0,1.0
6.837264759962238,5.54,,126.4799107595284,1667.640569424486,104.36750726041244,13.441373939160297,47.39849624471043,5.62995441690365,2050.0,8.537,9.44,4933000.0,54.7,45.84,0,1.0,1.0,0.0,1.0,1.0,1.0,1.0,1.0,1.0,1.0,1.0,1.0,1.0,1.0
6.837264759962238,5.54,,32.72994392079603,1667.640569424486,104.36750726041244,13.441373939160297,47.39849624471043,5.62995441690365,2050.0,8.537,9.44,4933000.0,54.7,45.84,0,1.0,1.0,0.0,1.0,1.0,1.0,1.0,1.0,1.0,1.0,1.0,1.0,1.0,1.0
6.837264759962238,5.54,,188.82032784325463,1667.640569424486,104.36750726041244,13.441373939160297,47.39849624471043,5.62995441690365,2050.0,8.537,9.44,4933000.0,54.7,45.84,0,1.0,1.0,0.0,1.0,1.0,1.0,1.0,1.0,1.0,1.0,1.0,1.0,1.0,1.0
6.837264759962238,5.54,,58.45102394903572,1667.640569424486,104.36750726041244,13.441373939160297,47.39849624471043,5.62995441690365,2050.0,8.537,9.44,4933000.0,54.7,45.84,0,1.0,1.0,0.0,1.0,1.0,1.0,1.0,1.0,1.0,1.0,1.0,1.0,1.0,1.0
6.837264759962238,5.54,,68.74212261613634,1667.640569424486,104.36750726041244,13.441373939160297,47.39849624471043,5.62995441690365,2050.0,8.537,9.44,4933000.0,54.7,45.84,0,1.0,1.0,0.0,1.0,1.0,1.0,1.0,1.0,1.0,1.0,1.0,1.0,1.0,1.0
6.837264759962238,5.54,,42.27867485974306,1667.640569424486,104.36750726041244,13.441373939160297,47.39849624471043,5.62995441690365,2050.0,8.537,9.44,4933000.0,54.7,45.84,0,1.0,1.0,0.0,1.0,1.0,1.0,1.0,1.0,1.0,1.0,1.0,1.0,1.0,1.0
6.837264759962238,5.54,,81.41923654603248,1667.640569424486,104.36750726041244,13.441373939160297,47.39849624471043,5.62995441690365,2050.0,8.537,9.44,4933000.0,54.7,45.84,0,1.0,1.0,0.0,1.0,1.0,1.0,1.0,1.0,1.0,1.0,1.0,1.0,1.0,1.0
6.837264759962238,5.54,,15.703501702537729,1667.640569424486,104.36750726041244,13.441373939160297,47.39849624471043,5.62995441690365,2050.0,8.537,9.44,4933000.0,54.7,45.84,0,1.0,1.0,0.0,1.0,1.0,1.0,1.0,1.0,1.0,1.0,1.0,1.0,1.0,1.0
6.837264759962238,5.54,,40.59767278492467,1667.640569424486,104.36750726041244,13.441373939160297,47.39849624471043,5.62995441690365,2050.0,8.537,9.44,4933000.0,54.7,45.84,0,1.0,1.0,0.0,1.0,1.0,1.0,1.0,1.0,1.0,1.0,1.0,1.0,1.0,1.0
6.837264759962238,5.54,,92.21650985101508,1667.640569424486,104.36750726041244,13.441373939160297,47.39849624471043,5.62995441690365,2050.0,8.537,9.44,4933000.0,54.7,45.84,0,1.0,1.0,0.0,1.0,1.0,1.0,1.0,1.0,1.0,1.0,1.0,1.0,1.0,1.0
6.837264759962238,5.54,,86.30782716445394,1667.640569424486,104.36750726041244,13.441373939160297,47.39849624471043,5.62995441690365,2050.0,8.537,9.44,4933000.0,54.7,45.84,0,1.0,1.0,0.0,1.0,1.0,1.0,1.0,1.0,1.0,1.0,1.0,1.0,1.0,1.0
6.837264759962238,5.54,,58.90029836915973,1667.640569424486,104.36750726041244,13.441373939160297,47.39849624471043,5.62995441690365,2050.0,8.537,9.44,4933000.0,54.7,45.84,0,1.0,1.0,0.0,1.0,1.0,1.0,1.0,1.0,1.0,1.0,1.0,1.0,1.0,1.0
6.837264759962238,5.54,,25.292770578935983,1667.640569424486,104.36750726041244,13.441373939160297,47.39849624471043,5.62995441690365,2050.0,8.537,9.44,4933000.0,54.7,45.84,0,1.0,1.0,0.0,1.0,1.0,1.0,1.0,1.0,1.0,1.0,1.0,1.0,1.0,1.0
6.837264759962238,5.54,,66.33540567299156,1667.640569424486,104.36750726041244,13.441373939160297,47.39849624471043,5.62995441690365,2050.0,8.537,9.44,4933000.0,54.7,45.84,0,1.0,1.0,0.0,1.0,1.0,1.0,1.0,1.0,1.0,1.0,1.0,1.0,1.0,1.0
6.837264759962238,5.54,,35.79349887231683,1667.640569424486,104.36750726041244,13.441373939160297,47.39849624471043,5.62995441690365,2050.0,8.537,9.44,4933000.0,54.7,45.84,0,1.0,1.0,0.0,1.0,1.0,1.0,1.0,1.0,1.0,1.0,1.0,1.0,1.0,1.0
6.837264759962238,5.54,,128.79222657432294,1667.640569424486,104.36750726041244,13.441373939160297,47.39849624471043,5.62995441690365,2050.0,8.537,9.44,4933000.0,54.7,45.84,0,1.0,1.0,0.0,1.0,1.0,1.0,1.0,1.0,1.0,1.0,1.0,1.0,1.0,1.0
6.837264759962238,5.54,,91.57234723633997,1667.640569424486,104.36750726041244,13.441373939160297,47.39849624471043,5.62995441690365,2050.0,8.537,9.44,4933000.0,54.7,45.84,0,1.0,1.0,0.0,1.0,1.0,1.0,1.0,1.0,1.0,1.0,1.0,1.0,1.0,1.0
6.837264759962238,5.54,,107.62388036452911,1667.640569424486,104.36750726041244,13.441373939160297,47.39849624471043,5.62995441690365,2050.0,8.537,9.44,4933000.0,54.7,45.84,0,1.0,1.0,0.0,1.0,1.0,1.0,1.0,1.0,1.0,1.0,1.0,1.0,1.0,1.0
6.837264759962238,5.54,,34.431223384798606,1667.640569424486,104.36750726041244,13.441373939160297,47.39849624471043,5.62995441690365,2050.0,8.537,9.44,4933000.0,54.7,45.84,0,1.0,1.0,0.0,1.0,1.0,1.0,1.0,1.0,1.0,1.0,1.0,1.0,1.0,1.0
6.837264759962238,5.54,,166.2073213986142,1667.640569424486,104.36750726041244,13.441373939160297,47.39849624471043,5.62995441690365,2050.0,8.537,9.44,4933000.0,54.7,45.84,0,1.0,1.0,0.0,1.0,1.0,1.0,1.0,1.0,1.0,1.0,1.0,1.0,1.0,1.0
6.837264759962238,5.54,,300.0580356651412,1667.640569424486,104.36750726041244,13.441373939160297,47.39849624471043,5.947605926443679,2050.0,8.537,9.44,4933000.0,54.7,45.84,0,1.0,1.0,0.0,1.0,1.0,1.0,1.0,1.0,1.0,1.0,1.0,1.0,1.0,1.0
6.837264759962238,5.54,,58.31917257735623,1667.640569424486,104.36750726041244,13.441373939160297,47.39849624471043,5.62995441690365,2050.0,8.537,9.44,4933000.0,54.7,45.84,0,1.0,1.0,0.0,1.0,1.0,1.0,1.0,1.0,1.0,1.0,1.0,1.0,1.0,1.0
6.837264759962238,5.54,,14.817386000801289,1667.640569424486,104.36750726041244,13.441373939160297,47.39849624471043,5.62995441690365,2050.0,8.537,9.44,4933000.0,54.7,45.84,0,1.0,1.0,0.0,1.0,1.0,1.0,1.0,1.0,1.0,1.0,1.0,1.0,1.0,1.0
6.837264759962238,5.54,,43.93575741961905,1667.640569424486,104.36750726041244,13.441373939160297,47.39849624471043,5.62995441690365,2050.0,8.537,9.44,4933000.0,54.7,45.84,0,1.0,1.0,0.0,1.0,1.0,1.0,1.0,1.0,1.0,1.0,1.0,1.0,1.0,1.0
6.837264759962238,5.54,,41.198060683634424,1667.640569424486,104.36750726041244,13.441373939160297,47.39849624471043,5.62995441690365,2050.0,8.537,9.44,4933000.0,54.7,45.84,0,1.0,1.0,0.0,1.0,1.0,1.0,1.0,1.0,1.0,1.0,1.0,1.0,1.0,1.0
6.837264759962238,5.54,,133.79603327302675,1667.640569424486,104.36750726041244,13.441373939160297,47.39849624471043,5.62995441690365,2050.0,8.537,9.44,4933000.0,54.7,45.84,0,1.0,1.0,0.0,1.0,1.0,1.0,1.0,1.0,1.0,1.0,1.0,1.0,1.0,1.0
6.837264759962238,5.54,,251.98297466737807,1667.640569424486,104.36750726041244,13.441373939160297,47.39849624471043,5.62995441690365,2050.0,8.537,9.44,4933000.0,54.7,45.84,0,1.0,1.0,0.0,1.0,1.0,1.0,1.0,1.0,1.0,1.0,1.0,1.0,1.0,1.0
6.837264759962238,5.54,,285.6729918225401,1667.640569424486,104.36750726041244,13.441373939160297,47.39849624471043,5.947605926443679,2050.0,8.537,9.44,4933000.0,54.7,45.84,0,1.0,1.0,0.0,1.0,1.0,1.0,1.0,1.0,1.0,1.0,1.0,1.0,1.0,1.0
6.837264759962238,5.54,,57.28331615736718,1667.640569424486,104.36750726041244,13.441373939160297,47.39849624471043,5.62995441690365,2050.0,8.537,9.44,4933000.0,54.7,45.84,0,1.0,1.0,0.0,1.0,1.0,1.0,1.0,1.0,1.0,1.0,1.0,1.0,1.0,1.0
6.837264759962238,5.54,,69.35396252234517,1667.640569424486,104.36750726041244,13.441373939160297,47.39849624471043,5.62995441690365,2050.0,8.537,9.44,4933000.0,54.7,45.84,0,1.0,1.0,0.0,1.0,1.0,1.0,1.0,1.0,1.0,1.0,1.0,1.0,1.0,1.0
6.837264759962238,5.54,,95.8991298730559,1667.640569424486,104.36750726041244,13.441373939160297,47.39849624471043,5.62995441690365,2050.0,8.537,9.44,4933000.0,54.7,45.84,0,1.0,1.0,0.0,1.0,1.0,1.0,1.0,1.0,1.0,1.0,1.0,1.0,1.0,1.0
6.837264759962238,5.54,,32.97281009530082,1667.640569424486,104.36750726041244,13.441373939160297,47.39849624471043,5.62995441690365,2050.0,8.537,9.44,4933000.0,54.7,45.84,0,1.0,1.0,0.0,1.0,1.0,1.0,1.0,1.0,1.0,1.0,1.0,1.0,1.0,1.0
6.837264759962238,5.54,,73.40080025230847,1667.640569424486,104.36750726041244,13.441373939160297,47.39849624471043,5.62995441690365,2050.0,8.537,9.44,4933000.0,54.7,45.84,0,1.0,1.0,0.0,1.0,1.0,1.0,1.0,1.0,1.0,1.0,1.0,1.0,1.0,1.0
6.837264759962238,5.54,,106.60224432901757,1667.640569424486,104.36750726041244,13.441373939160297,47.39849624471043,5.62995441690365,2050.0,8.537,9.44,4933000.0,54.7,45.84,0,1.0,1.0,0.0,1.0,1.0,1.0,1.0,1.0,1.0,1.0,1.0,1.0,1.0,1.0
6.837264759962238,5.54,,98.54122548099384,1667.640569424486,104.36750726041244,13.441373939160297,47.39849624471043,5.62995441690365,2050.0,8.537,9.44,4933000.0,54.7,45.84,0,1.0,1.0,0.0,1.0,1.0,1.0,1.0,1.0,1.0,1.0,1.0,1.0,1.0,1.0
6.837264759962238,5.54,,128.25475265141495,1667.640569424486,104.36750726041244,13.441373939160297,47.39849624471043,5.62995441690365,2050.0,8.537,9.44,4933000.0,54.7,45.84,0,1.0,1.0,0.0,1.0,1.0,1.0,1.0,1.0,1.0,1.0,1.0,1.0,1.0,1.0
6.837264759962238,5.54,,18.50324499463803,1667.640569424486,104.36750726041244,13.441373939160297,47.39849624471043,5.62995441690365,2050.0,8.537,9.44,4933000.0,54.7,45.84,0,1.0,1.0,0.0,1.0,1.0,1.0,1.0,1.0,1.0,1.0,1.0,1.0,1.0,1.0
6.837264759962238,5.54,,63.65903835645531,1667.640569424486,104.36750726041244,13.441373939160297,47.39849624471043,5.62995441690365,2050.0,8.537,9.44,4933000.0,54.7,45.84,0,1.0,1.0,0.0,1.0,1.0,1.0,1.0,1.0,1.0,1.0,1.0,1.0,1.0,1.0
6.837264759962238,5.54,,15.231488892052134,1667.640569424486,104.36750726041244,13.441373939160297,47.39849624471043,5.62995441690365,2050.0,8.537,9.44,4933000.0,54.7,45.84,0,1.0,1.0,0.0,1.0,1.0,1.0,1.0,1.0,1.0,1.0,1.0,1.0,1.0,1.0
6.837264759962238,5.54,,77.70423702305088,1667.640569424486,104.36750726041244,13.441373939160297,47.39849624471043,5.62995441690365,2050.0,8.537,9.44,4933000.0,54.7,45.84,0,1.0,1.0,0.0,1.0,1.0,1.0,1.0,1.0,1.0,1.0,1.0,1.0,1.0,1.0
6.837264759962238,5.54,,31.59347099943616,1667.640569424486,104.36750726041244,13.441373939160297,47.39849624471043,5.62995441690365,2050.0,8.537,9.44,4933000.0,54.7,45.84,0,1.0,1.0,0.0,1.0,1.0,1.0,1.0,1.0,1.0,1.0,1.0,1.0,1.0,1.0
6.837264759962238,5.54,,28.924973832198305,1667.640569424486,104.36750726041244,13.441373939160297,47.39849624471043,5.62995441690365,2050.0,8.537,9.44,4933000.0,54.7,45.84,0,1.0,1.0,0.0,1.0,1.0,1.0,1.0,1.0,1.0,1.0,1.0,1.0,1.0,1.0
6.837264759962238,5.54,,71.85828928678215,1667.640569424486,104.36750726041244,13.441373939160297,47.39849624471043,5.62995441690365,2050.0,8.537,9.44,4933000.0,54.7,45.84,0,1.0,1.0,0.0,1.0,1.0,1.0,1.0,1.0,1.0,1.0,1.0,1.0,1.0,1.0
6.837264759962238,5.54,,23.26722766850427,1667.640569424486,104.36750726041244,13.441373939160297,47.39849624471043,5.62995441690365,2050.0,8.537,9.44,4933000.0,54.7,45.84,0,1.0,1.0,0.0,1.0,1.0,1.0,1.0,1.0,1.0,1.0,1.0,1.0,1.0,1.0
6.837264759962238,5.54,,117.05074044492832,1667.640569424486,104.36750726041244,13.441373939160297,47.39849624471043,5.62995441690365,2050.0,8.537,9.44,4933000.0,54.7,45.84,0,1.0,1.0,0.0,1.0,1.0,1.0,1.0,1.0,1.0,1.0,1.0,1.0,1.0,1.0
6.837264759962238,5.54,,160.30395175085815,1667.640569424486,104.36750726041244,13.441373939160297,47.39849624471043,5.62995441690365,2050.0,8.537,9.44,4933000.0,54.7,45.84,0,1.0,1.0,0.0,1.0,1.0,1.0,1.0,1.0,1.0,1.0,1.0,1.0,1.0,1.0
6.837264759962238,5.54,,39.94574906690123,1667.640569424486,104.36750726041244,13.441373939160297,47.39849624471043,5.62995441690365,2050.0,8.537,9.44,4933000.0,54.7,45.84,0,1.0,1.0,0.0,1.0,1.0,1.0,1.0,1.0,1.0,1.0,1.0,1.0,1.0,1.0
6.837264759962238,5.54,,23.408387467669577,1667.640569424486,104.36750726041244,13.441373939160297,47.39849624471043,5.62995441690365,2050.0,8.537,9.44,4933000.0,54.7,45.84,0,1.0,1.0,0.0,1.0,1.0,1.0,1.0,1.0,1.0,1.0,1.0,1.0,1.0,1.0
6.837264759962238,5.54,,100.8831310524221,1667.640569424486,104.36750726041244,13.441373939160297,47.39849624471043,5.62995441690365,2050.0,8.537,9.44,4933000.0,54.7,45.84,0,1.0,1.0,0.0,1.0,1.0,1.0,1.0,1.0,1.0,1.0,1.0,1.0,1.0,1.0
6.837264759962238,5.54,,87.79699527272882,1667.640569424486,104.36750726041244,13.441373939160297,47.39849624471043,5.62995441690365,2050.0,8.537,9.44,4933000.0,54.7,45.84,0,1.0,1.0,0.0,1.0,1.0,1.0,1.0,1.0,1.0,1.0,1.0,1.0,1.0,1.0
6.837264759962238,5.54,,145.27107954683072,1667.640569424486,104.36750726041244,13.441373939160297,47.39849624471043,5.62995441690365,2050.0,8.537,9.44,4933000.0,54.7,45.84,0,1.0,1.0,0.0,1.0,1.0,1.0,1.0,1.0,1.0,1.0,1.0,1.0,1.0,1.0
6.837264759962238,5.54,,128.00938177504491,1667.640569424486,104.36750726041244,13.441373939160297,47.39849624471043,5.62995441690365,2050.0,8.537,9.44,4933000.0,54.7,45.84,0,1.0,1.0,0.0,1.0,1.0,1.0,1.0,1.0,1.0,1.0,1.0,1.0,1.0,1.0
6.837264759962238,5.54,,84.86291333352051,1667.640569424486,104.36750726041244,13.441373939160297,47.39849624471043,5.62995441690365,2050.0,8.537,9.44,4933000.0,54.7,45.84,0,1.0,1.0,0.0,1.0,1.0,1.0,1.0,1.0,1.0,1.0,1.0,1.0,1.0,1.0
6.837264759962238,5.54,,107.28743745240732,1667.640569424486,104.36750726041244,13.441373939160297,47.39849624471043,5.62995441690365,2050.0,8.537,9.44,4933000.0,54.7,45.84,0,1.0,1.0,0.0,1.0,1.0,1.0,1.0,1.0,1.0,1.0,1.0,1.0,1.0,1.0
6.837264759962238,5.54,,46.3701945296258,1667.640569424486,104.36750726041244,13.441373939160297,47.39849624471043,5.62995441690365,2050.0,8.537,9.44,4933000.0,54.7,45.84,0,1.0,1.0,0.0,1.0,1.0,1.0,1.0,1.0,1.0,1.0,1.0,1.0,1.0,1.0
6.837264759962238,5.54,,29.84844593754528,1667.640569424486,104.36750726041244,13.441373939160297,47.39849624471043,5.62995441690365,2050.0,8.537,9.44,4933000.0,54.7,45.84,0,1.0,1.0,0.0,1.0,1.0,1.0,1.0,1.0,1.0,1.0,1.0,1.0,1.0,1.0
6.837264759962238,5.54,,20.396796604403917,1667.640569424486,104.36750726041244,13.441373939160297,47.39849624471043,5.62995441690365,2050.0,8.537,9.44,4933000.0,54.7,45.84,0,1.0,1.0,0.0,1.0,1.0,1.0,1.0,1.0,1.0,1.0,1.0,1.0,1.0,1.0
6.837264759962238,5.54,,64.19575542859599,1667.640569424486,104.36750726041244,13.441373939160297,47.39849624471043,5.62995441690365,2050.0,8.537,9.44,4933000.0,54.7,45.84,0,1.0,1.0,0.0,1.0,1.0,1.0,1.0,1.0,1.0,1.0,1.0,1.0,1.0,1.0
6.837264759962238,5.54,,109.27015621650014,1667.640569424486,104.36750726041244,13.441373939160297,47.39849624471043,5.62995441690365,2050.0,8.537,9.44,4933000.0,54.7,45.84,0,1.0,1.0,0.0,1.0,1.0,1.0,1.0,1.0,1.0,1.0,1.0,1.0,1.0,1.0
6.837264759962238,5.54,,12.800098029550377,1667.640569424486,104.36750726041244,13.441373939160297,47.39849624471043,5.62995441690365,2050.0,8.537,9.44,4933000.0,54.7,45.84,0,1.0,1.0,0.0,1.0,1.0,1.0,1.0,1.0,1.0,1.0,1.0,1.0,1.0,1.0
6.837264759962238,5.54,,90.16016080468148,1667.640569424486,104.36750726041244,13.441373939160297,47.39849624471043,5.62995441690365,2050.0,8.537,9.44,4933000.0,54.7,45.84,0,1.0,1.0,0.0,1.0,1.0,1.0,1.0,1.0,1.0,1.0,1.0,1.0,1.0,1.0
6.837264759962238,5.54,,46.24767748616805,1667.640569424486,104.36750726041244,13.441373939160297,47.39849624471043,5.62995441690365,2050.0,8.537,9.44,4933000.0,54.7,45.84,0,1.0,1.0,0.0,1.0,1.0,1.0,1.0,1.0,1.0,1.0,1.0,1.0,1.0,1.0
6.837264759962238,5.54,,15.996624680229337,1667.640569424486,104.36750726041244,13.441373939160297,47.39849624471043,5.62995441690365,2050.0,8.537,9.44,4933000.0,54.7,45.84,0,1.0,1.0,0.0,1.0,1.0,1.0,1.0,1.0,1.0,1.0,1.0,1.0,1.0,1.0
6.837264759962238,5.54,,37.13950464749151,1667.640569424486,104.36750726041244,13.441373939160297,47.39849624471043,5.62995441690365,2050.0,8.537,9.44,4933000.0,54.7,45.84,0,1.0,1.0,0.0,1.0,1.0,1.0,1.0,1.0,1.0,1.0,1.0,1.0,1.0,1.0
6.837264759962238,5.54,,202.2285711015681,1667.640569424486,104.36750726041244,13.441373939160297,47.39849624471043,5.62995441690365,2050.0,8.537,9.44,4933000.0,54.7,45.84,0,1.0,1.0,0.0,1.0,1.0,1.0,1.0,1.0,1.0,1.0,1.0,1.0,1.0,1.0
6.837264759962238,5.54,,54.56705942052661,1667.640569424486,104.36750726041244,13.441373939160297,47.39849624471043,5.62995441690365,2050.0,8.537,9.44,4933000.0,54.7,45.84,0,1.0,1.0,0.0,1.0,1.0,1.0,1.0,1.0,1.0,1.0,1.0,1.0,1.0,1.0
6.837264759962238,5.54,,32.994934865073944,1667.640569424486,104.36750726041244,13.441373939160297,47.39849624471043,5.62995441690365,2050.0,8.537,9.44,4933000.0,54.7,45.84,0,1.0,1.0,0.0,1.0,1.0,1.0,1.0,1.0,1.0,1.0,1.0,1.0,1.0,1.0
6.757532632999807,5.54,,426.5133473572242,1667.640569424486,104.36750726041244,12.740995215870532,47.39849624471043,5.961265954381562,2050.0,8.537,9.44,4933000.0,54.7,45.84,0,1.0,1.0,0.0,1.0,1.0,1.0,1.0,1.0,1.0,1.0,1.0,1.0,1.0,1.0
6.837264759962238,5.54,,73.61161892848986,1667.640569424486,104.36750726041244,13.441373939160297,47.39849624471043,5.62995441690365,2050.0,8.537,9.44,4933000.0,54.7,45.84,0,1.0,1.0,0.0,1.0,1.0,1.0,1.0,1.0,1.0,1.0,1.0,1.0,1.0,1.0
6.837264759962238,5.54,,185.18421096552677,1667.640569424486,104.36750726041244,13.441373939160297,47.39849624471043,5.62995441690365,2050.0,8.537,9.44,4933000.0,54.7,45.84,0,1.0,1.0,0.0,1.0,1.0,1.0,1.0,1.0,1.0,1.0,1.0,1.0,1.0,1.0
6.837264759962238,5.54,,15.735434600854171,1667.640569424486,104.36750726041244,13.441373939160297,47.39849624471043,5.62995441690365,2050.0,8.537,9.44,4933000.0,54.7,45.84,0,1.0,1.0,0.0,1.0,1.0,1.0,1.0,1.0,1.0,1.0,1.0,1.0,1.0,1.0
6.837264759962238,5.54,,70.66389538939316,1667.640569424486,104.36750726041244,13.441373939160297,47.39849624471043,5.62995441690365,2050.0,8.537,9.44,4933000.0,54.7,45.84,0,1.0,1.0,0.0,1.0,1.0,1.0,1.0,1.0,1.0,1.0,1.0,1.0,1.0,1.0
6.837264759962238,5.54,,49.54394026738743,1667.640569424486,104.36750726041244,13.441373939160297,47.39849624471043,5.62995441690365,2050.0,8.537,9.44,4933000.0,54.7,45.84,0,1.0,1.0,0.0,1.0,1.0,1.0,1.0,1.0,1.0,1.0,1.0,1.0,1.0,1.0
6.837264759962238,5.54,,75.69311071765873,1667.640569424486,104.36750726041244,13.441373939160297,47.39849624471043,5.62995441690365,2050.0,8.537,9.44,4933000.0,54.7,45.84,0,1.0,1.0,0.0,1.0,1.0,1.0,1.0,1.0,1.0,1.0,1.0,1.0,1.0,1.0
6.837264759962238,5.54,,153.44126775710052,1667.640569424486,104.36750726041244,13.441373939160297,47.39849624471043,5.62995441690365,2050.0,8.537,9.44,4933000.0,54.7,45.84,0,1.0,1.0,0.0,1.0,1.0,1.0,1.0,1.0,1.0,1.0,1.0,1.0,1.0,1.0
6.837264759962238,5.54,,157.23390585420776,1667.640569424486,104.36750726041244,13.441373939160297,47.39849624471043,5.62995441690365,2050.0,8.537,9.44,4933000.0,54.7,45.84,0,1.0,1.0,0.0,1.0,1.0,1.0,1.0,1.0,1.0,1.0,1.0,1.0,1.0,1.0
6.7535847163331395,5.54,,829.749715123794,1667.640569424486,112.32332905527636,44.062430751516274,46.041581624213,5.937479224744466,2050.0,8.537,9.44,4933000.0,54.7,45.84,1,1.0,1.0,0.0,1.0,1.0,1.0,1.0,1.0,1.0,1.0,1.0,1.0,1.0,1.0
6.757532632999807,5.54,,449.7754656136434,1667.640569424486,104.36750726041244,12.740995215870532,47.39849624471043,6.001087970433774,2050.0,8.537,9.44,4933000.0,54.7,45.84,0,1.0,1.0,0.0,1.0,1.0,1.0,1.0,1.0,1.0,1.0,1.0,1.0,1.0,1.0
6.837264759962238,5.54,,69.80916462057817,1667.640569424486,104.36750726041244,13.441373939160297,47.39849624471043,5.62995441690365,2050.0,8.537,9.44,4933000.0,54.7,45.84,0,1.0,1.0,0.0,1.0,1.0,1.0,1.0,1.0,1.0,1.0,1.0,1.0,1.0,1.0
6.837264759962238,5.54,,77.47206522847314,1667.640569424486,104.36750726041244,13.441373939160297,47.39849624471043,5.62995441690365,2050.0,8.537,9.44,4933000.0,54.7,45.84,0,1.0,1.0,0.0,1.0,1.0,1.0,1.0,1.0,1.0,1.0,1.0,1.0,1.0,1.0
6.837264759962238,5.54,,24.414294524955743,1667.640569424486,104.36750726041244,13.441373939160297,47.39849624471043,5.62995441690365,2050.0,8.537,9.44,4933000.0,54.7,45.84,0,1.0,1.0,0.0,1.0,1.0,1.0,1.0,1.0,1.0,1.0,1.0,1.0,1.0,1.0
6.837264759962238,5.54,,62.881933345832465,1667.640569424486,104.36750726041244,13.441373939160297,47.39849624471043,5.62995441690365,2050.0,8.537,9.44,4933000.0,54.7,45.84,0,1.0,1.0,0.0,1.0,1.0,1.0,1.0,1.0,1.0,1.0,1.0,1.0,1.0,1.0
6.837264759962238,5.54,,62.15590052514226,1667.640569424486,104.36750726041244,13.441373939160297,47.39849624471043,5.62995441690365,2050.0,8.537,9.44,4933000.0,54.7,45.84,0,1.0,1.0,0.0,1.0,1.0,1.0,1.0,1.0,1.0,1.0,1.0,1.0,1.0,1.0
6.837264759962238,5.54,,114.6772263573888,1667.640569424486,104.36750726041244,13.441373939160297,47.39849624471043,5.62995441690365,2050.0,8.537,9.44,4933000.0,54.7,45.84,0,1.0,1.0,0.0,1.0,1.0,1.0,1.0,1.0,1.0,1.0,1.0,1.0,1.0,1.0
6.837264759962238,5.54,,8.215621286201156,1667.640569424486,104.36750726041244,13.441373939160297,47.39849624471043,5.62995441690365,2050.0,8.537,9.44,4933000.0,54.7,45.84,0,1.0,1.0,0.0,1.0,1.0,1.0,1.0,1.0,1.0,1.0,1.0,1.0,1.0,1.0
6.837264759962238,5.54,,70.4037876388036,1667.640569424486,104.36750726041244,13.441373939160297,47.39849624471043,5.62995441690365,2050.0,8.537,9.44,4933000.0,54.7,45.84,0,1.0,1.0,0.0,1.0,1.0,1.0,1.0,1.0,1.0,1.0,1.0,1.0,1.0,1.0
6.837264759962238,5.54,,58.59754179267138,1667.640569424486,104.36750726041244,13.441373939160297,47.39849624471043,5.62995441690365,2050.0,8.537,9.44,4933000.0,54.7,45.84,0,1.0,1.0,0.0,1.0,1.0,1.0,1.0,1.0,1.0,1.0,1.0,1.0,1.0,1.0
6.837264759962238,5.54,,27.35031114279888,1667.640569424486,104.36750726041244,13.441373939160297,47.39849624471043,5.62995441690365,2050.0,8.537,9.44,4933000.0,54.7,45.84,0,1.0,1.0,0.0,1.0,1.0,1.0,1.0,1.0,1.0,1.0,1.0,1.0,1.0,1.0
6.837264759962238,5.54,,11.57489764604736,1667.640569424486,104.36750726041244,13.441373939160297,47.39849624471043,5.62995441690365,2050.0,8.537,9.44,4933000.0,54.7,45.84,0,1.0,1.0,0.0,1.0,1.0,1.0,1.0,1.0,1.0,1.0,1.0,1.0,1.0,1.0
6.837264759962238,5.54,,268.35031650922974,1667.640569424486,104.36750726041244,13.441373939160297,47.39849624471043,5.8631143240727415,2050.0,8.537,9.44,4933000.0,54.7,45.84,0,1.0,1.0,0.0,1.0,1.0,1.0,1.0,1.0,1.0,1.0,1.0,1.0,1.0,1.0
6.837264759962238,5.54,,62.032003637297976,1667.640569424486,104.36750726041244,13.441373939160297,47.39849624471043,5.62995441690365,2050.0,8.537,9.44,4933000.0,54.7,45.84,0,1.0,1.0,0.0,1.0,1.0,1.0,1.0,1.0,1.0,1.0,1.0,1.0,1.0,1.0
6.837264759962238,5.54,,88.77310974766617,1667.640569424486,104.36750726041244,13.441373939160297,47.39849624471043,5.62995441690365,2050.0,8.537,9.44,4933000.0,54.7,45.84,0,1.0,1.0,0.0,1.0,1.0,1.0,1.0,1.0,1.0,1.0,1.0,1.0,1.0,1.0
6.837264759962238,5.54,,118.20351471174754,1667.640569424486,104.36750726041244,13.441373939160297,47.39849624471043,5.62995441690365,2050.0,8.537,9.44,4933000.0,54.7,45.84,0,1.0,1.0,0.0,1.0,1.0,1.0,1.0,1.0,1.0,1.0,1.0,1.0,1.0,1.0
6.837264759962238,5.54,,54.42108583649837,1667.640569424486,104.36750726041244,13.441373939160297,47.39849624471043,5.62995441690365,2050.0,8.537,9.44,4933000.0,54.7,45.84,0,1.0,1.0,0.0,1.0,1.0,1.0,1.0,1.0,1.0,1.0,1.0,1.0,1.0,1.0
6.837264759962238,5.54,,56.474440911045704,1667.640569424486,104.36750726041244,13.441373939160297,47.39849624471043,5.62995441690365,2050.0,8.537,9.44,4933000.0,54.7,45.84,0,1.0,1.0,0.0,1.0,1.0,1.0,1.0,1.0,1.0,1.0,1.0,1.0,1.0,1.0
6.837264759962238,5.54,,43.42749103816307,1667.640569424486,104.36750726041244,13.441373939160297,47.39849624471043,5.62995441690365,2050.0,8.537,9.44,4933000.0,54.7,45.84,0,1.0,1.0,0.0,1.0,1.0,1.0,1.0,1.0,1.0,1.0,1.0,1.0,1.0,1.0
6.837264759962238,5.54,,29.608678590902414,1667.640569424486,104.36750726041244,13.441373939160297,47.39849624471043,5.62995441690365,2050.0,8.537,9.44,4933000.0,54.7,45.84,0,1.0,1.0,0.0,1.0,1.0,1.0,1.0,1.0,1.0,1.0,1.0,1.0,1.0,1.0
6.837264759962238,5.54,,97.46838853486037,1667.640569424486,104.36750726041244,13.441373939160297,47.39849624471043,5.62995441690365,2050.0,8.537,9.44,4933000.0,54.7,45.84,0,1.0,1.0,0.0,1.0,1.0,1.0,1.0,1.0,1.0,1.0,1.0,1.0,1.0,1.0
6.837264759962238,5.54,,45.9419148615812,1667.640569424486,104.36750726041244,13.441373939160297,47.39849624471043,5.62995441690365,2050.0,8.537,9.44,4933000.0,54.7,45.84,0,1.0,1.0,0.0,1.0,1.0,1.0,1.0,1.0,1.0,1.0,1.0,1.0,1.0,1.0
6.837264759962238,5.54,,109.40988763986888,1667.640569424486,104.36750726041244,13.441373939160297,47.39849624471043,5.62995441690365,2050.0,8.537,9.44,4933000.0,54.7,45.84,0,1.0,1.0,0.0,1.0,1.0,1.0,1.0,1.0,1.0,1.0,1.0,1.0,1.0,1.0
6.7535847163331395,5.54,,827.4170161610559,1667.640569424486,112.32332905527636,44.062430751516274,46.041581624213,5.937479224744466,2050.0,8.537,9.44,4933000.0,54.7,45.84,1,1.0,1.0,0.0,1.0,1.0,1.0,1.0,1.0,1.0,1.0,1.0,1.0,1.0,1.0
6.757532632999807,5.54,,349.8334757699894,1667.640569424486,104.36750726041244,12.740995215870532,47.39849624471043,5.947605926443679,2050.0,8.537,9.44,4933000.0,54.7,45.84,0,1.0,1.0,0.0,1.0,1.0,1.0,1.0,1.0,1.0,1.0,1.0,1.0,1.0,1.0
6.837264759962238,5.54,,32.38821049545288,1667.640569424486,104.36750726041244,13.441373939160297,47.39849624471043,5.62995441690365,2050.0,8.537,9.44,4933000.0,54.7,45.84,0,1.0,1.0,0.0,1.0,1.0,1.0,1.0,1.0,1.0,1.0,1.0,1.0,1.0,1.0
6.837264759962238,5.54,,43.78891106929594,1667.640569424486,104.36750726041244,13.441373939160297,47.39849624471043,5.62995441690365,2050.0,8.537,9.44,4933000.0,54.7,45.84,0,1.0,1.0,0.0,1.0,1.0,1.0,1.0,1.0,1.0,1.0,1.0,1.0,1.0,1.0
6.837264759962238,5.54,,32.979334926095525,1667.640569424486,104.36750726041244,13.441373939160297,47.39849624471043,5.62995441690365,2050.0,8.537,9.44,4933000.0,54.7,45.84,0,1.0,1.0,0.0,1.0,1.0,1.0,1.0,1.0,1.0,1.0,1.0,1.0,1.0,1.0
6.837264759962238,5.54,,25.98997098894325,1667.640569424486,104.36750726041244,13.441373939160297,47.39849624471043,5.62995441690365,2050.0,8.537,9.44,4933000.0,54.7,45.84,0,1.0,1.0,0.0,1.0,1.0,1.0,1.0,1.0,1.0,1.0,1.0,1.0,1.0,1.0
6.837264759962238,5.54,,98.01110716023672,1667.640569424486,104.36750726041244,13.441373939160297,47.39849624471043,5.62995441690365,2050.0,8.537,9.44,4933000.0,54.7,45.84,0,1.0,1.0,0.0,1.0,1.0,1.0,1.0,1.0,1.0,1.0,1.0,1.0,1.0,1.0
6.837264759962238,5.54,,69.97342184557785,1667.640569424486,104.36750726041244,13.441373939160297,47.39849624471043,5.62995441690365,2050.0,8.537,9.44,4933000.0,54.7,45.84,0,1.0,1.0,0.0,1.0,1.0,1.0,1.0,1.0,1.0,1.0,1.0,1.0,1.0,1.0
6.837264759962238,5.54,,312.58584799724247,1667.640569424486,104.36750726041244,13.441373939160297,47.39849624471043,5.947605926443679,2050.0,8.537,9.44,4933000.0,54.7,45.84,0,1.0,1.0,0.0,1.0,1.0,1.0,1.0,1.0,1.0,1.0,1.0,1.0,1.0,1.0
6.837264759962238,5.54,,67.97962829038946,1667.640569424486,104.36750726041244,13.441373939160297,47.39849624471043,5.62995441690365,2050.0,8.537,9.44,4933000.0,54.7,45.84,0,1.0,1.0,0.0,1.0,1.0,1.0,1.0,1.0,1.0,1.0,1.0,1.0,1.0,1.0
6.837264759962238,5.54,,137.36919500762653,1667.640569424486,104.36750726041244,13.441373939160297,47.39849624471043,5.62995441690365,2050.0,8.537,9.44,4933000.0,54.7,45.84,0,1.0,1.0,0.0,1.0,1.0,1.0,1.0,1.0,1.0,1.0,1.0,1.0,1.0,1.0
6.837264759962238,5.54,,182.93493350050613,1667.640569424486,104.36750726041244,13.441373939160297,47.39849624471043,5.62995441690365,2050.0,8.537,9.44,4933000.0,54.7,45.84,0,1.0,1.0,0.0,1.0,1.0,1.0,1.0,1.0,1.0,1.0,1.0,1.0,1.0,1.0
6.837264759962238,5.54,,28.43534544915939,1667.640569424486,104.36750726041244,13.441373939160297,47.39849624471043,5.62995441690365,2050.0,8.537,9.44,4933000.0,54.7,45.84,0,1.0,1.0,0.0,1.0,1.0,1.0,1.0,1.0,1.0,1.0,1.0,1.0,1.0,1.0
6.837264759962238,5.54,,57.88155358683734,1667.640569424486,104.36750726041244,13.441373939160297,47.39849624471043,5.62995441690365,2050.0,8.537,9.44,4933000.0,54.7,45.84,0,1.0,1.0,0.0,1.0,1.0,1.0,1.0,1.0,1.0,1.0,1.0,1.0,1.0,1.0
6.837264759962238,5.54,,63.179480657558656,1667.640569424486,104.36750726041244,13.441373939160297,47.39849624471043,5.62995441690365,2050.0,8.537,9.44,4933000.0,54.7,45.84,0,1.0,1.0,0.0,1.0,1.0,1.0,1.0,1.0,1.0,1.0,1.0,1.0,1.0,1.0
6.837264759962238,5.54,,85.55483463558103,1667.640569424486,104.36750726041244,13.441373939160297,47.39849624471043,5.62995441690365,2050.0,8.537,9.44,4933000.0,54.7,45.84,0,1.0,1.0,0.0,1.0,1.0,1.0,1.0,1.0,1.0,1.0,1.0,1.0,1.0,1.0
6.837264759962238,5.54,,203.54568973127604,1667.640569424486,104.36750726041244,13.441373939160297,47.39849624471043,5.62995441690365,2050.0,8.537,9.44,4933000.0,54.7,45.84,0,1.0,1.0,0.0,1.0,1.0,1.0,1.0,1.0,1.0,1.0,1.0,1.0,1.0,1.0
6.837264759962238,5.54,,26.518425979135724,1667.640569424486,104.36750726041244,13.441373939160297,47.39849624471043,5.62995441690365,2050.0,8.537,9.44,4933000.0,54.7,45.84,0,1.0,1.0,0.0,1.0,1.0,1.0,1.0,1.0,1.0,1.0,1.0,1.0,1.0,1.0
6.837264759962238,5.54,,85.3148289343978,1667.640569424486,104.36750726041244,13.441373939160297,47.39849624471043,5.62995441690365,2050.0,8.537,9.44,4933000.0,54.7,45.84,0,1.0,1.0,0.0,1.0,1.0,1.0,1.0,1.0,1.0,1.0,1.0,1.0,1.0,1.0
6.837264759962238,5.54,,35.23651939731652,1667.640569424486,104.36750726041244,13.441373939160297,47.39849624471043,5.62995441690365,2050.0,8.537,9.44,4933000.0,54.7,45.84,0,1.0,1.0,0.0,1.0,1.0,1.0,1.0,1.0,1.0,1.0,1.0,1.0,1.0,1.0
6.837264759962238,5.54,,264.257269307777,1667.640569424486,104.36750726041244,13.441373939160297,47.39849624471043,5.62995441690365,2050.0,8.537,9.44,4933000.0,54.7,45.84,0,1.0,1.0,0.0,1.0,1.0,1.0,1.0,1.0,1.0,1.0,1.0,1.0,1.0,1.0
6.837264759962238,5.54,,21.15957756664408,1667.640569424486,104.36750726041244,13.441373939160297,47.39849624471043,5.62995441690365,2050.0,8.537,9.44,4933000.0,54.7,45.84,0,1.0,1.0,0.0,1.0,1.0,1.0,1.0,1.0,1.0,1.0,1.0,1.0,1.0,1.0
6.837264759962238,5.54,,28.969748566026553,1667.640569424486,104.36750726041244,13.441373939160297,47.39849624471043,5.62995441690365,2050.0,8.537,9.44,4933000.0,54.7,45.84,0,1.0,1.0,0.0,1.0,1.0,1.0,1.0,1.0,1.0,1.0,1.0,1.0,1.0,1.0
6.837264759962238,5.54,,249.83663267603697,1667.640569424486,104.36750726041244,13.441373939160297,47.39849624471043,5.62995441690365,2050.0,8.537,9.44,4933000.0,54.7,45.84,0,1.0,1.0,0.0,1.0,1.0,1.0,1.0,1.0,1.0,1.0,1.0,1.0,1.0,1.0
6.837264759962238,5.54,,54.722874007186334,1667.640569424486,104.36750726041244,13.441373939160297,47.39849624471043,5.62995441690365,2050.0,8.537,9.44,4933000.0,54.7,45.84,0,1.0,1.0,0.0,1.0,1.0,1.0,1.0,1.0,1.0,1.0,1.0,1.0,1.0,1.0
6.837264759962238,5.54,,88.91258534299885,1667.640569424486,104.36750726041244,13.441373939160297,47.39849624471043,5.62995441690365,2050.0,8.537,9.44,4933000.0,54.7,45.84,0,1.0,1.0,0.0,1.0,1.0,1.0,1.0,1.0,1.0,1.0,1.0,1.0,1.0,1.0
6.837264759962238,5.54,,43.44556731500885,1667.640569424486,104.36750726041244,13.441373939160297,47.39849624471043,5.62995441690365,2050.0,8.537,9.44,4933000.0,54.7,45.84,0,1.0,1.0,0.0,1.0,1.0,1.0,1.0,1.0,1.0,1.0,1.0,1.0,1.0,1.0
6.837264759962238,5.54,,148.18442722044233,1667.640569424486,104.36750726041244,13.441373939160297,47.39849624471043,5.62995441690365,2050.0,8.537,9.44,4933000.0,54.7,45.84,0,1.0,1.0,0.0,1.0,1.0,1.0,1.0,1.0,1.0,1.0,1.0,1.0,1.0,1.0
6.837264759962238,5.54,,9.033902415512934,1667.640569424486,104.36750726041244,13.441373939160297,47.39849624471043,5.62995441690365,2050.0,8.537,9.44,4933000.0,54.7,45.84,0,1.0,1.0,0.0,1.0,1.0,1.0,1.0,1.0,1.0,1.0,1.0,1.0,1.0,1.0
6.837264759962238,5.54,,83.5461075041847,1667.640569424486,104.36750726041244,13.441373939160297,47.39849624471043,5.62995441690365,2050.0,8.537,9.44,4933000.0,54.7,45.84,0,1.0,1.0,0.0,1.0,1.0,1.0,1.0,1.0,1.0,1.0,1.0,1.0,1.0,1.0
6.837264759962238,5.54,,97.66164674011372,1667.640569424486,104.36750726041244,13.441373939160297,47.39849624471043,5.62995441690365,2050.0,8.537,9.44,4933000.0,54.7,45.84,0,1.0,1.0,0.0,1.0,1.0,1.0,1.0,1.0,1.0,1.0,1.0,1.0,1.0,1.0
6.837264759962238,5.54,,82.81342251598004,1667.640569424486,104.36750726041244,13.441373939160297,47.39849624471043,5.62995441690365,2050.0,8.537,9.44,4933000.0,54.7,45.84,0,1.0,1.0,0.0,1.0,1.0,1.0,1.0,1.0,1.0,1.0,1.0,1.0,1.0,1.0
6.837264759962238,5.54,,95.16280761140966,1667.640569424486,104.36750726041244,13.441373939160297,47.39849624471043,5.62995441690365,2050.0,8.537,9.44,4933000.0,54.7,45.84,0,1.0,1.0,0.0,1.0,1.0,1.0,1.0,1.0,1.0,1.0,1.0,1.0,1.0,1.0
6.837264759962238,5.54,,29.398748397921743,1667.640569424486,104.36750726041244,13.441373939160297,47.39849624471043,5.62995441690365,2050.0,8.537,9.44,4933000.0,54.7,45.84,0,1.0,1.0,0.0,1.0,1.0,1.0,1.0,1.0,1.0,1.0,1.0,1.0,1.0,1.0
6.837264759962238,5.54,,107.07141678525512,1667.640569424486,104.36750726041244,13.441373939160297,47.39849624471043,5.62995441690365,2050.0,8.537,9.44,4933000.0,54.7,45.84,0,1.0,1.0,0.0,1.0,1.0,1.0,1.0,1.0,1.0,1.0,1.0,1.0,1.0,1.0
6.837264759962238,5.54,,32.93981063290666,1667.640569424486,104.36750726041244,13.441373939160297,47.39849624471043,5.62995441690365,2050.0,8.537,9.44,4933000.0,54.7,45.84,0,1.0,1.0,0.0,1.0,1.0,1.0,1.0,1.0,1.0,1.0,1.0,1.0,1.0,1.0
6.837264759962238,5.54,,19.284577218488383,1667.640569424486,104.36750726041244,13.441373939160297,47.39849624471043,5.62995441690365,2050.0,8.537,9.44,4933000.0,54.7,45.84,0,1.0,1.0,0.0,1.0,1.0,1.0,1.0,1.0,1.0,1.0,1.0,1.0,1.0,1.0
6.837264759962238,5.54,,34.74793867510706,1667.640569424486,104.36750726041244,13.441373939160297,47.39849624471043,5.62995441690365,2050.0,8.537,9.44,4933000.0,54.7,45.84,0,1.0,1.0,0.0,1.0,1.0,1.0,1.0,1.0,1.0,1.0,1.0,1.0,1.0,1.0
6.837264759962238,5.54,,10.358317415418227,1667.640569424486,104.36750726041244,13.441373939160297,47.39849624471043,5.62995441690365,2050.0,8.537,9.44,4933000.0,54.7,45.84,0,1.0,1.0,0.0,1.0,1.0,1.0,1.0,1.0,1.0,1.0,1.0,1.0,1.0,1.0
6.837264759962238,5.54,,66.4726279127874,1667.640569424486,104.36750726041244,13.441373939160297,47.39849624471043,5.62995441690365,2050.0,8.537,9.44,4933000.0,54.7,45.84,0,1.0,1.0,0.0,1.0,1.0,1.0,1.0,1.0,1.0,1.0,1.0,1.0,1.0,1.0
6.837264759962238,5.54,,300.04102061976124,1667.640569424486,104.36750726041244,13.441373939160297,47.39849624471043,5.947605926443679,2050.0,8.537,9.44,4933000.0,54.7,45.84,0,1.0,1.0,0.0,1.0,1.0,1.0,1.0,1.0,1.0,1.0,1.0,1.0,1.0,1.0
6.837264759962238,5.54,,36.48874467471878,1667.640569424486,104.36750726041244,13.441373939160297,47.39849624471043,5.62995441690365,2050.0,8.537,9.44,4933000.0,54.7,45.84,0,1.0,1.0,0.0,1.0,1.0,1.0,1.0,1.0,1.0,1.0,1.0,1.0,1.0,1.0
6.837264759962238,5.54,,218.1168742750721,1667.640569424486,104.36750726041244,13.441373939160297,47.39849624471043,5.62995441690365,2050.0,8.537,9.44,4933000.0,54.7,45.84,0,1.0,1.0,0.0,1.0,1.0,1.0,1.0,1.0,1.0,1.0,1.0,1.0,1.0,1.0
6.837264759962238,5.54,,133.63240154912722,1667.640569424486,104.36750726041244,13.441373939160297,47.39849624471043,5.62995441690365,2050.0,8.537,9.44,4933000.0,54.7,45.84,0,1.0,1.0,0.0,1.0,1.0,1.0,1.0,1.0,1.0,1.0,1.0,1.0,1.0,1.0
6.837264759962238,5.54,,77.44590406194227,1667.640569424486,104.36750726041244,13.441373939160297,47.39849624471043,5.62995441690365,2050.0,8.537,9.44,4933000.0,54.7,45.84,0,1.0,1.0,0.0,1.0,1.0,1.0,1.0,1.0,1.0,1.0,1.0,1.0,1.0,1.0
6.837264759962238,5.54,,147.20856933455505,1667.640569424486,104.36750726041244,13.441373939160297,47.39849624471043,5.62995441690365,2050.0,8.537,9.44,4933000.0,54.7,45.84,0,1.0,1.0,0.0,1.0,1.0,1.0,1.0,1.0,1.0,1.0,1.0,1.0,1.0,1.0
6.837264759962238,5.54,,68.98329710710264,1667.640569424486,104.36750726041244,13.441373939160297,47.39849624471043,5.62995441690365,2050.0,8.537,9.44,4933000.0,54.7,45.84,0,1.0,1.0,0.0,1.0,1.0,1.0,1.0,1.0,1.0,1.0,1.0,1.0,1.0,1.0
6.837264759962238,5.54,,108.23049635346506,1667.640569424486,104.36750726041244,13.441373939160297,47.39849624471043,5.62995441690365,2050.0,8.537,9.44,4933000.0,54.7,45.84,0,1.0,1.0,0.0,1.0,1.0,1.0,1.0,1.0,1.0,1.0,1.0,1.0,1.0,1.0
6.837264759962238,5.54,,80.1715655844696,1667.640569424486,104.36750726041244,13.441373939160297,47.39849624471043,5.62995441690365,2050.0,8.537,9.44,4933000.0,54.7,45.84,0,1.0,1.0,0.0,1.0,1.0,1.0,1.0,1.0,1.0,1.0,1.0,1.0,1.0,1.0
6.837264759962238,5.54,,89.85150424675656,1667.640569424486,104.36750726041244,13.441373939160297,47.39849624471043,5.62995441690365,2050.0,8.537,9.44,4933000.0,54.7,45.84,0,1.0,1.0,0.0,1.0,1.0,1.0,1.0,1.0,1.0,1.0,1.0,1.0,1.0,1.0
6.837264759962238,5.54,,30.389670522481232,1667.640569424486,104.36750726041244,13.441373939160297,47.39849624471043,5.62995441690365,2050.0,8.537,9.44,4933000.0,54.7,45.84,0,1.0,1.0,0.0,1.0,1.0,1.0,1.0,1.0,1.0,1.0,1.0,1.0,1.0,1.0
6.837264759962238,5.54,,134.3435937052831,1667.640569424486,104.36750726041244,13.441373939160297,47.39849624471043,5.62995441690365,2050.0,8.537,9.44,4933000.0,54.7,45.84,0,1.0,1.0,0.0,1.0,1.0,1.0,1.0,1.0,1.0,1.0,1.0,1.0,1.0,1.0
6.837264759962238,5.54,,64.3009828315433,1667.640569424486,104.36750726041244,13.441373939160297,47.39849624471043,5.62995441690365,2050.0,8.537,9.44,4933000.0,54.7,45.84,0,1.0,1.0,0.0,1.0,1.0,1.0,1.0,1.0,1.0,1.0,1.0,1.0,1.0,1.0
6.837264759962238,5.54,,70.35904193797217,1667.640569424486,104.36750726041244,13.441373939160297,47.39849624471043,5.62995441690365,2050.0,8.537,9.44,4933000.0,54.7,45.84,0,1.0,1.0,0.0,1.0,1.0,1.0,1.0,1.0,1.0,1.0,1.0,1.0,1.0,1.0
6.837264759962238,5.54,,62.59990746879968,1667.640569424486,104.36750726041244,13.441373939160297,47.39849624471043,5.62995441690365,2050.0,8.537,9.44,4933000.0,54.7,45.84,0,1.0,1.0,0.0,1.0,1.0,1.0,1.0,1.0,1.0,1.0,1.0,1.0,1.0,1.0
6.837264759962238,5.54,,50.39493224967106,1667.640569424486,104.36750726041244,13.441373939160297,47.39849624471043,5.62995441690365,2050.0,8.537,9.44,4933000.0,54.7,45.84,0,1.0,1.0,0.0,1.0,1.0,1.0,1.0,1.0,1.0,1.0,1.0,1.0,1.0,1.0
6.837264759962238,5.54,,56.82383503090114,1667.640569424486,104.36750726041244,13.441373939160297,47.39849624471043,5.62995441690365,2050.0,8.537,9.44,4933000.0,54.7,45.84,0,1.0,1.0,0.0,1.0,1.0,1.0,1.0,1.0,1.0,1.0,1.0,1.0,1.0,1.0
6.837264759962238,5.54,,69.78365122274583,1667.640569424486,104.36750726041244,13.441373939160297,47.39849624471043,5.62995441690365,2050.0,8.537,9.44,4933000.0,54.7,45.84,0,1.0,1.0,0.0,1.0,1.0,1.0,1.0,1.0,1.0,1.0,1.0,1.0,1.0,1.0
6.837264759962238,5.54,,131.8771082628235,1667.640569424486,104.36750726041244,13.441373939160297,47.39849624471043,5.62995441690365,2050.0,8.537,9.44,4933000.0,54.7,45.84,0,1.0,1.0,0.0,1.0,1.0,1.0,1.0,1.0,1.0,1.0,1.0,1.0,1.0,1.0
6.837264759962238,5.54,,49.261634984470774,1667.640569424486,104.36750726041244,13.441373939160297,47.39849624471043,5.62995441690365,2050.0,8.537,9.44,4933000.0,54.7,45.84,0,1.0,1.0,0.0,1.0,1.0,1.0,1.0,1.0,1.0,1.0,1.0,1.0,1.0,1.0
6.837264759962238,5.54,,53.40646280290684,1667.640569424486,104.36750726041244,13.441373939160297,47.39849624471043,5.62995441690365,2050.0,8.537,9.44,4933000.0,54.7,45.84,0,1.0,1.0,0.0,1.0,1.0,1.0,1.0,1.0,1.0,1.0,1.0,1.0,1.0,1.0
6.837264759962238,5.54,,63.25771766008592,1667.640569424486,104.36750726041244,13.441373939160297,47.39849624471043,5.62995441690365,2050.0,8.537,9.44,4933000.0,54.7,45.84,0,1.0,1.0,0.0,1.0,1.0,1.0,1.0,1.0,1.0,1.0,1.0,1.0,1.0,1.0
6.837264759962238,5.54,,77.37084936282284,1667.640569424486,104.36750726041244,13.441373939160297,47.39849624471043,5.62995441690365,2050.0,8.537,9.44,4933000.0,54.7,45.84,0,1.0,1.0,0.0,1.0,1.0,1.0,1.0,1.0,1.0,1.0,1.0,1.0,1.0,1.0
6.837264759962238,5.54,,51.151545513845306,1667.640569424486,104.36750726041244,13.441373939160297,47.39849624471043,5.62995441690365,2050.0,8.537,9.44,4933000.0,54.7,45.84,0,1.0,1.0,0.0,1.0,1.0,1.0,1.0,1.0,1.0,1.0,1.0,1.0,1.0,1.0
6.837264759962238,5.54,,36.633248334761625,1667.640569424486,104.36750726041244,13.441373939160297,47.39849624471043,5.62995441690365,2050.0,8.537,9.44,4933000.0,54.7,45.84,0,1.0,1.0,0.0,1.0,1.0,1.0,1.0,1.0,1.0,1.0,1.0,1.0,1.0,1.0
6.837264759962238,5.54,,14.87003500574844,1667.640569424486,104.36750726041244,13.441373939160297,47.39849624471043,5.62995441690365,2050.0,8.537,9.44,4933000.0,54.7,45.84,0,1.0,1.0,0.0,1.0,1.0,1.0,1.0,1.0,1.0,1.0,1.0,1.0,1.0,1.0
6.837264759962238,5.54,,71.34251649202241,1667.640569424486,104.36750726041244,13.441373939160297,47.39849624471043,5.62995441690365,2050.0,8.537,9.44,4933000.0,54.7,45.84,0,1.0,1.0,0.0,1.0,1.0,1.0,1.0,1.0,1.0,1.0,1.0,1.0,1.0,1.0
6.837264759962238,5.54,,95.3312479586917,1667.640569424486,104.36750726041244,13.441373939160297,47.39849624471043,5.62995441690365,2050.0,8.537,9.44,4933000.0,54.7,45.84,0,1.0,1.0,0.0,1.0,1.0,1.0,1.0,1.0,1.0,1.0,1.0,1.0,1.0,1.0
6.837264759962238,5.54,,29.553169057181652,1667.640569424486,104.36750726041244,13.441373939160297,47.39849624471043,5.62995441690365,2050.0,8.537,9.44,4933000.0,54.7,45.84,0,1.0,1.0,0.0,1.0,1.0,1.0,1.0,1.0,1.0,1.0,1.0,1.0,1.0,1.0
6.837264759962238,5.54,,39.573515402011665,1667.640569424486,104.36750726041244,13.441373939160297,47.39849624471043,5.62995441690365,2050.0,8.537,9.44,4933000.0,54.7,45.84,0,1.0,1.0,0.0,1.0,1.0,1.0,1.0,1.0,1.0,1.0,1.0,1.0,1.0,1.0
6.837264759962238,5.54,,40.56303984630112,1667.640569424486,104.36750726041244,13.441373939160297,47.39849624471043,5.62995441690365,2050.0,8.537,9.44,4933000.0,54.7,45.84,0,1.0,1.0,0.0,1.0,1.0,1.0,1.0,1.0,1.0,1.0,1.0,1.0,1.0,1.0
6.837264759962238,5.54,,112.01902733086288,1667.640569424486,104.36750726041244,13.441373939160297,47.39849624471043,5.62995441690365,2050.0,8.537,9.44,4933000.0,54.7,45.84,0,1.0,1.0,0.0,1.0,1.0,1.0,1.0,1.0,1.0,1.0,1.0,1.0,1.0,1.0
6.837264759962238,5.54,,68.72532845347406,1667.640569424486,104.36750726041244,13.441373939160297,47.39849624471043,5.62995441690365,2050.0,8.537,9.44,4933000.0,54.7,45.84,0,1.0,1.0,0.0,1.0,1.0,1.0,1.0,1.0,1.0,1.0,1.0,1.0,1.0,1.0
6.837264759962238,5.54,,65.78136135568151,1667.640569424486,104.36750726041244,13.441373939160297,47.39849624471043,5.62995441690365,2050.0,8.537,9.44,4933000.0,54.7,45.84,0,1.0,1.0,0.0,1.0,1.0,1.0,1.0,1.0,1.0,1.0,1.0,1.0,1.0,1.0
6.837264759962238,5.54,,162.17653033207935,1667.640569424486,104.36750726041244,13.441373939160297,47.39849624471043,5.62995441690365,2050.0,8.537,9.44,4933000.0,54.7,45.84,0,1.0,1.0,0.0,1.0,1.0,1.0,1.0,1.0,1.0,1.0,1.0,1.0,1.0,1.0
6.837264759962238,5.54,,10.443412942319132,1667.640569424486,104.36750726041244,13.441373939160297,47.39849624471043,5.62995441690365,2050.0,8.537,9.44,4933000.0,54.7,45.84,0,1.0,1.0,0.0,1.0,1.0,1.0,1.0,1.0,1.0,1.0,1.0,1.0,1.0,1.0
6.837264759962238,5.54,,117.09339367294716,1667.640569424486,104.36750726041244,13.441373939160297,47.39849624471043,5.62995441690365,2050.0,8.537,9.44,4933000.0,54.7,45.84,0,1.0,1.0,0.0,1.0,1.0,1.0,1.0,1.0,1.0,1.0,1.0,1.0,1.0,1.0
6.837264759962238,5.54,,118.81707679018096,1667.640569424486,104.36750726041244,13.441373939160297,47.39849624471043,5.62995441690365,2050.0,8.537,9.44,4933000.0,54.7,45.84,0,1.0,1.0,0.0,1.0,1.0,1.0,1.0,1.0,1.0,1.0,1.0,1.0,1.0,1.0
6.837264759962238,5.54,,39.34673879907344,1667.640569424486,104.36750726041244,13.441373939160297,47.39849624471043,5.62995441690365,2050.0,8.537,9.44,4933000.0,54.7,45.84,0,1.0,1.0,0.0,1.0,1.0,1.0,1.0,1.0,1.0,1.0,1.0,1.0,1.0,1.0
6.837264759962238,5.54,,24.826441695167524,1667.640569424486,104.36750726041244,13.441373939160297,47.39849624471043,5.62995441690365,2050.0,8.537,9.44,4933000.0,54.7,45.84,0,1.0,1.0,0.0,1.0,1.0,1.0,1.0,1.0,1.0,1.0,1.0,1.0,1.0,1.0
6.837264759962238,5.54,,62.8171541548339,1667.640569424486,104.36750726041244,13.441373939160297,47.39849624471043,5.62995441690365,2050.0,8.537,9.44,4933000.0,54.7,45.84,0,1.0,1.0,0.0,1.0,1.0,1.0,1.0,1.0,1.0,1.0,1.0,1.0,1.0,1.0
6.837264759962238,5.54,,93.58040237782218,1667.640569424486,104.36750726041244,13.441373939160297,47.39849624471043,5.62995441690365,2050.0,8.537,9.44,4933000.0,54.7,45.84,0,1.0,1.0,0.0,1.0,1.0,1.0,1.0,1.0,1.0,1.0,1.0,1.0,1.0,1.0
6.837264759962238,5.54,,309.95877391221416,1667.640569424486,104.36750726041244,13.441373939160297,47.39849624471043,5.947605926443679,2050.0,8.537,9.44,4933000.0,54.7,45.84,0,1.0,1.0,0.0,1.0,1.0,1.0,1.0,1.0,1.0,1.0,1.0,1.0,1.0,1.0
6.837264759962238,5.54,,112.33297850643748,1667.640569424486,104.36750726041244,13.441373939160297,47.39849624471043,5.62995441690365,2050.0,8.537,9.44,4933000.0,54.7,45.84,0,1.0,1.0,0.0,1.0,1.0,1.0,1.0,1.0,1.0,1.0,1.0,1.0,1.0,1.0
6.837264759962238,5.54,,146.573583146991,1667.640569424486,104.36750726041244,13.441373939160297,47.39849624471043,5.62995441690365,2050.0,8.537,9.44,4933000.0,54.7,45.84,0,1.0,1.0,0.0,1.0,1.0,1.0,1.0,1.0,1.0,1.0,1.0,1.0,1.0,1.0
6.837264759962238,5.54,,48.12223510480028,1667.640569424486,104.36750726041244,13.441373939160297,47.39849624471043,5.62995441690365,2050.0,8.537,9.44,4933000.0,54.7,45.84,0,1.0,1.0,0.0,1.0,1.0,1.0,1.0,1.0,1.0,1.0,1.0,1.0,1.0,1.0
6.837264759962238,5.54,,61.42734303557655,1667.640569424486,104.36750726041244,13.441373939160297,47.39849624471043,5.62995441690365,2050.0,8.537,9.44,4933000.0,54.7,45.84,0,1.0,1.0,0.0,1.0,1.0,1.0,1.0,1.0,1.0,1.0,1.0,1.0,1.0,1.0
6.837264759962238,5.54,,198.93896384061364,1667.640569424486,104.36750726041244,13.441373939160297,47.39849624471043,5.62995441690365,2050.0,8.537,9.44,4933000.0,54.7,45.84,0,1.0,1.0,0.0,1.0,1.0,1.0,1.0,1.0,1.0,1.0,1.0,1.0,1.0,1.0
6.837264759962238,5.54,,37.524602452280426,1667.640569424486,104.36750726041244,13.441373939160297,47.39849624471043,5.62995441690365,2050.0,8.537,9.44,4933000.0,54.7,45.84,0,1.0,1.0,0.0,1.0,1.0,1.0,1.0,1.0,1.0,1.0,1.0,1.0,1.0,1.0
6.837264759962238,5.54,,53.81678251992007,1667.640569424486,104.36750726041244,13.441373939160297,47.39849624471043,5.62995441690365,2050.0,8.537,9.44,4933000.0,54.7,45.84,0,1.0,1.0,0.0,1.0,1.0,1.0,1.0,1.0,1.0,1.0,1.0,1.0,1.0,1.0
6.837264759962238,5.54,,16.695469200815513,1667.640569424486,104.36750726041244,13.441373939160297,47.39849624471043,5.62995441690365,2050.0,8.537,9.44,4933000.0,54.7,45.84,0,1.0,1.0,0.0,1.0,1.0,1.0,1.0,1.0,1.0,1.0,1.0,1.0,1.0,1.0
6.837264759962238,5.54,,74.55988022205801,1667.640569424486,104.36750726041244,13.441373939160297,47.39849624471043,5.62995441690365,2050.0,8.537,9.44,4933000.0,54.7,45.84,0,1.0,1.0,0.0,1.0,1.0,1.0,1.0,1.0,1.0,1.0,1.0,1.0,1.0,1.0
6.837264759962238,5.54,,66.43877491536152,1667.640569424486,104.36750726041244,13.441373939160297,47.39849624471043,5.62995441690365,2050.0,8.537,9.44,4933000.0,54.7,45.84,0,1.0,1.0,0.0,1.0,1.0,1.0,1.0,1.0,1.0,1.0,1.0,1.0,1.0,1.0
6.837264759962238,5.54,,128.0989636533928,1667.640569424486,104.36750726041244,13.441373939160297,47.39849624471043,5.62995441690365,2050.0,8.537,9.44,4933000.0,54.7,45.84,0,1.0,1.0,0.0,1.0,1.0,1.0,1.0,1.0,1.0,1.0,1.0,1.0,1.0,1.0
6.837264759962238,5.54,,294.6315947387944,1667.640569424486,104.36750726041244,13.441373939160297,47.39849624471043,5.947605926443679,2050.0,8.537,9.44,4933000.0,54.7,45.84,0,1.0,1.0,0.0,1.0,1.0,1.0,1.0,1.0,1.0,1.0,1.0,1.0,1.0,1.0
6.837264759962238,5.54,,51.770884274403514,1667.640569424486,104.36750726041244,13.441373939160297,47.39849624471043,5.62995441690365,2050.0,8.537,9.44,4933000.0,54.7,45.84,0,1.0,1.0,0.0,1.0,1.0,1.0,1.0,1.0,1.0,1.0,1.0,1.0,1.0,1.0
6.837264759962238,5.54,,80.49759503883715,1667.640569424486,104.36750726041244,13.441373939160297,47.39849624471043,5.62995441690365,2050.0,8.537,9.44,4933000.0,54.7,45.84,0,1.0,1.0,0.0,1.0,1.0,1.0,1.0,1.0,1.0,1.0,1.0,1.0,1.0,1.0
6.837264759962238,5.54,,243.8623985393405,1667.640569424486,104.36750726041244,13.441373939160297,47.39849624471043,5.62995441690365,2050.0,8.537,9.44,4933000.0,54.7,45.84,0,1.0,1.0,0.0,1.0,1.0,1.0,1.0,1.0,1.0,1.0,1.0,1.0,1.0,1.0
6.837264759962238,5.54,,36.60333101540847,1667.640569424486,104.36750726041244,13.441373939160297,47.39849624471043,5.62995441690365,2050.0,8.537,9.44,4933000.0,54.7,45.84,0,1.0,1.0,0.0,1.0,1.0,1.0,1.0,1.0,1.0,1.0,1.0,1.0,1.0,1.0
6.837264759962238,5.54,,160.47879961362702,1667.640569424486,104.36750726041244,13.441373939160297,47.39849624471043,5.62995441690365,2050.0,8.537,9.44,4933000.0,54.7,45.84,0,1.0,1.0,0.0,1.0,1.0,1.0,1.0,1.0,1.0,1.0,1.0,1.0,1.0,1.0
6.837264759962238,5.54,,91.0594336675084,1667.640569424486,104.36750726041244,13.441373939160297,47.39849624471043,5.62995441690365,2050.0,8.537,9.44,4933000.0,54.7,45.84,0,1.0,1.0,0.0,1.0,1.0,1.0,1.0,1.0,1.0,1.0,1.0,1.0,1.0,1.0
6.837264759962238,5.54,,35.22408682179666,1667.640569424486,104.36750726041244,13.441373939160297,47.39849624471043,5.62995441690365,2050.0,8.537,9.44,4933000.0,54.7,45.84,0,1.0,1.0,0.0,1.0,1.0,1.0,1.0,1.0,1.0,1.0,1.0,1.0,1.0,1.0
6.837264759962238,5.54,,65.29632459857906,1667.640569424486,104.36750726041244,13.441373939160297,47.39849624471043,5.62995441690365,2050.0,8.537,9.44,4933000.0,54.7,45.84,0,1.0,1.0,0.0,1.0,1.0,1.0,1.0,1.0,1.0,1.0,1.0,1.0,1.0,1.0
6.837264759962238,5.54,,18.166199311430823,1667.640569424486,104.36750726041244,13.441373939160297,47.39849624471043,5.62995441690365,2050.0,8.537,9.44,4933000.0,54.7,45.84,0,1.0,1.0,0.0,1.0,1.0,1.0,1.0,1.0,1.0,1.0,1.0,1.0,1.0,1.0
6.837264759962238,5.54,,41.38445128461087,1667.640569424486,104.36750726041244,13.441373939160297,47.39849624471043,5.62995441690365,2050.0,8.537,9.44,4933000.0,54.7,45.84,0,1.0,1.0,0.0,1.0,1.0,1.0,1.0,1.0,1.0,1.0,1.0,1.0,1.0,1.0
6.837264759962238,5.54,,21.4676794780752,1667.640569424486,104.36750726041244,13.441373939160297,47.39849624471043,5.62995441690365,2050.0,8.537,9.44,4933000.0,54.7,45.84,0,1.0,1.0,0.0,1.0,1.0,1.0,1.0,1.0,1.0,1.0,1.0,1.0,1.0,1.0
6.837264759962238,5.54,,109.1891911269974,1667.640569424486,104.36750726041244,13.441373939160297,47.39849624471043,5.62995441690365,2050.0,8.537,9.44,4933000.0,54.7,45.84,0,1.0,1.0,0.0,1.0,1.0,1.0,1.0,1.0,1.0,1.0,1.0,1.0,1.0,1.0
6.837264759962238,5.54,,22.989305301461236,1667.640569424486,104.36750726041244,13.441373939160297,47.39849624471043,5.62995441690365,2050.0,8.537,9.44,4933000.0,54.7,45.84,0,1.0,1.0,0.0,1.0,1.0,1.0,1.0,1.0,1.0,1.0,1.0,1.0,1.0,1.0
6.837264759962238,5.54,,74.8137298842681,1667.640569424486,104.36750726041244,13.441373939160297,47.39849624471043,5.62995441690365,2050.0,8.537,9.44,4933000.0,54.7,45.84,0,1.0,1.0,0.0,1.0,1.0,1.0,1.0,1.0,1.0,1.0,1.0,1.0,1.0,1.0
6.837264759962238,5.54,,236.5416618173728,1667.640569424486,104.36750726041244,13.441373939160297,47.39849624471043,5.62995441690365,2050.0,8.537,9.44,4933000.0,54.7,45.84,0,1.0,1.0,0.0,1.0,1.0,1.0,1.0,1.0,1.0,1.0,1.0,1.0,1.0,1.0
6.837264759962238,5.54,,152.83990770684164,1667.640569424486,104.36750726041244,13.441373939160297,47.39849624471043,5.62995441690365,2050.0,8.537,9.44,4933000.0,54.7,45.84,0,1.0,1.0,0.0,1.0,1.0,1.0,1.0,1.0,1.0,1.0,1.0,1.0,1.0,1.0
6.837264759962238,5.54,,179.57374096142,1667.640569424486,104.36750726041244,13.441373939160297,47.39849624471043,5.62995441690365,2050.0,8.537,9.44,4933000.0,54.7,45.84,0,1.0,1.0,0.0,1.0,1.0,1.0,1.0,1.0,1.0,1.0,1.0,1.0,1.0,1.0
6.837264759962238,5.54,,211.9765099419304,1667.640569424486,104.36750726041244,13.441373939160297,47.39849624471043,5.62995441690365,2050.0,8.537,9.44,4933000.0,54.7,45.84,0,1.0,1.0,0.0,1.0,1.0,1.0,1.0,1.0,1.0,1.0,1.0,1.0,1.0,1.0
6.837264759962238,5.54,,82.0184278142394,1667.640569424486,104.36750726041244,13.441373939160297,47.39849624471043,5.62995441690365,2050.0,8.537,9.44,4933000.0,54.7,45.84,0,1.0,1.0,0.0,1.0,1.0,1.0,1.0,1.0,1.0,1.0,1.0,1.0,1.0,1.0
6.837264759962238,5.54,,56.31156581779909,1667.640569424486,104.36750726041244,13.441373939160297,47.39849624471043,5.62995441690365,2050.0,8.537,9.44,4933000.0,54.7,45.84,0,1.0,1.0,0.0,1.0,1.0,1.0,1.0,1.0,1.0,1.0,1.0,1.0,1.0,1.0
6.837264759962238,5.54,,35.50282634279331,1667.640569424486,104.36750726041244,13.441373939160297,47.39849624471043,5.62995441690365,2050.0,8.537,9.44,4933000.0,54.7,45.84,0,1.0,1.0,0.0,1.0,1.0,1.0,1.0,1.0,1.0,1.0,1.0,1.0,1.0,1.0
6.837264759962238,5.54,,214.36901547180196,1667.640569424486,104.36750726041244,13.441373939160297,47.39849624471043,5.62995441690365,2050.0,8.537,9.44,4933000.0,54.7,45.84,0,1.0,1.0,0.0,1.0,1.0,1.0,1.0,1.0,1.0,1.0,1.0,1.0,1.0,1.0
6.837264759962238,5.54,,50.28908563855368,1667.640569424486,104.36750726041244,13.441373939160297,47.39849624471043,5.62995441690365,2050.0,8.537,9.44,4933000.0,54.7,45.84,0,1.0,1.0,0.0,1.0,1.0,1.0,1.0,1.0,1.0,1.0,1.0,1.0,1.0,1.0
6.837264759962238,5.54,,21.33336335969803,1667.640569424486,104.36750726041244,13.441373939160297,47.39849624471043,5.62995441690365,2050.0,8.537,9.44,4933000.0,54.7,45.84,0,1.0,1.0,0.0,1.0,1.0,1.0,1.0,1.0,1.0,1.0,1.0,1.0,1.0,1.0
6.757532632999807,5.54,,395.91609063256846,1667.640569424486,104.36750726041244,12.740995215870532,47.39849624471043,5.961265954381562,2050.0,8.537,9.44,4933000.0,54.7,45.84,0,1.0,1.0,0.0,1.0,1.0,1.0,1.0,1.0,1.0,1.0,1.0,1.0,1.0,1.0
6.837264759962238,5.54,,47.619761937572385,1667.640569424486,104.36750726041244,13.441373939160297,47.39849624471043,5.62995441690365,2050.0,8.537,9.44,4933000.0,54.7,45.84,0,1.0,1.0,0.0,1.0,1.0,1.0,1.0,1.0,1.0,1.0,1.0,1.0,1.0,1.0
6.720972222222223,5.54,,401.8614949679739,1667.640569424486,112.32332905527636,40.75405913091942,46.041581624213,5.837615580811436,2050.0,8.537,9.44,4933000.0,54.7,45.84,0,1.0,1.0,0.0,1.0,1.0,1.0,1.0,1.0,1.0,1.0,1.0,1.0,1.0,1.0
6.837264759962238,5.54,,180.57840941096953,1667.640569424486,104.36750726041244,13.441373939160297,47.39849624471043,5.62995441690365,2050.0,8.537,9.44,4933000.0,54.7,45.84,0,1.0,1.0,0.0,1.0,1.0,1.0,1.0,1.0,1.0,1.0,1.0,1.0,1.0,1.0
6.837264759962238,5.54,,94.1579303968825,1667.640569424486,104.36750726041244,13.441373939160297,47.39849624471043,5.62995441690365,2050.0,8.537,9.44,4933000.0,54.7,45.84,0,1.0,1.0,0.0,1.0,1.0,1.0,1.0,1.0,1.0,1.0,1.0,1.0,1.0,1.0
6.837264759962238,5.54,,43.12167431642068,1667.640569424486,104.36750726041244,13.441373939160297,47.39849624471043,5.62995441690365,2050.0,8.537,9.44,4933000.0,54.7,45.84,0,1.0,1.0,0.0,1.0,1.0,1.0,1.0,1.0,1.0,1.0,1.0,1.0,1.0,1.0
6.837264759962238,5.54,,24.89404550256754,1667.640569424486,104.36750726041244,13.441373939160297,47.39849624471043,5.62995441690365,2050.0,8.537,9.44,4933000.0,54.7,45.84,0,1.0,1.0,0.0,1.0,1.0,1.0,1.0,1.0,1.0,1.0,1.0,1.0,1.0,1.0
6.837264759962238,5.54,,86.59275046820797,1667.640569424486,104.36750726041244,13.441373939160297,47.39849624471043,5.62995441690365,2050.0,8.537,9.44,4933000.0,54.7,45.84,0,1.0,1.0,0.0,1.0,1.0,1.0,1.0,1.0,1.0,1.0,1.0,1.0,1.0,1.0
6.837264759962238,5.54,,117.31105690123584,1667.640569424486,104.36750726041244,13.441373939160297,47.39849624471043,5.62995441690365,2050.0,8.537,9.44,4933000.0,54.7,45.84,0,1.0,1.0,0.0,1.0,1.0,1.0,1.0,1.0,1.0,1.0,1.0,1.0,1.0,1.0
6.837264759962238,5.54,,41.94184730548844,1667.640569424486,104.36750726041244,13.441373939160297,47.39849624471043,5.62995441690365,2050.0,8.537,9.44,4933000.0,54.7,45.84,0,1.0,1.0,0.0,1.0,1.0,1.0,1.0,1.0,1.0,1.0,1.0,1.0,1.0,1.0
7.781243467875049,5.54,,1082.068382413004,219.6812853784296,23327.923979166662,557.6147345459494,651.9339501384522,24.768170129543073,2050.0,8.537,9.44,4933000.0,54.7,45.84,1,1.0,1.0,0.0,1.0,1.0,1.0,1.0,1.0,1.0,1.0,1.0,1.0,1.0,1.0
6.837264759962238,5.54,,110.34038203689178,1667.640569424486,104.36750726041244,13.441373939160297,47.39849624471043,5.62995441690365,2050.0,8.537,9.44,4933000.0,54.7,45.84,0,1.0,1.0,0.0,1.0,1.0,1.0,1.0,1.0,1.0,1.0,1.0,1.0,1.0,1.0
6.837264759962238,5.54,,50.21863075742938,1667.640569424486,104.36750726041244,13.441373939160297,47.39849624471043,5.62995441690365,2050.0,8.537,9.44,4933000.0,54.7,45.84,0,1.0,1.0,0.0,1.0,1.0,1.0,1.0,1.0,1.0,1.0,1.0,1.0,1.0,1.0
6.837264759962238,5.54,,93.52644840529987,1667.640569424486,104.36750726041244,13.441373939160297,47.39849624471043,5.62995441690365,2050.0,8.537,9.44,4933000.0,54.7,45.84,0,1.0,1.0,0.0,1.0,1.0,1.0,1.0,1.0,1.0,1.0,1.0,1.0,1.0,1.0
6.837264759962238,5.54,,44.50704175937954,1667.640569424486,104.36750726041244,13.441373939160297,47.39849624471043,5.62995441690365,2050.0,8.537,9.44,4933000.0,54.7,45.84,0,1.0,1.0,0.0,1.0,1.0,1.0,1.0,1.0,1.0,1.0,1.0,1.0,1.0,1.0
6.837264759962238,5.54,,88.170959033955,1667.640569424486,104.36750726041244,13.441373939160297,47.39849624471043,5.62995441690365,2050.0,8.537,9.44,4933000.0,54.7,45.84,0,1.0,1.0,0.0,1.0,1.0,1.0,1.0,1.0,1.0,1.0,1.0,1.0,1.0,1.0
6.837264759962238,5.54,,35.29698235276359,1667.640569424486,104.36750726041244,13.441373939160297,47.39849624471043,5.62995441690365,2050.0,8.537,9.44,4933000.0,54.7,45.84,0,1.0,1.0,0.0,1.0,1.0,1.0,1.0,1.0,1.0,1.0,1.0,1.0,1.0,1.0
6.837264759962238,5.54,,77.6369309142595,1667.640569424486,104.36750726041244,13.441373939160297,47.39849624471043,5.62995441690365,2050.0,8.537,9.44,4933000.0,54.7,45.84,0,1.0,1.0,0.0,1.0,1.0,1.0,1.0,1.0,1.0,1.0,1.0,1.0,1.0,1.0
6.837264759962238,5.54,,23.122912082423465,1667.640569424486,104.36750726041244,13.441373939160297,47.39849624471043,5.62995441690365,2050.0,8.537,9.44,4933000.0,54.7,45.84,0,1.0,1.0,0.0,1.0,1.0,1.0,1.0,1.0,1.0,1.0,1.0,1.0,1.0,1.0
6.837264759962238,5.54,,44.438143863900194,1667.640569424486,104.36750726041244,13.441373939160297,47.39849624471043,5.62995441690365,2050.0,8.537,9.44,4933000.0,54.7,45.84,0,1.0,1.0,0.0,1.0,1.0,1.0,1.0,1.0,1.0,1.0,1.0,1.0,1.0,1.0
6.837264759962238,5.54,,108.17015244077338,1667.640569424486,104.36750726041244,13.441373939160297,47.39849624471043,5.62995441690365,2050.0,8.537,9.44,4933000.0,54.7,45.84,0,1.0,1.0,0.0,1.0,1.0,1.0,1.0,1.0,1.0,1.0,1.0,1.0,1.0,1.0
6.837264759962238,5.54,,54.912796963455754,1667.640569424486,104.36750726041244,13.441373939160297,47.39849624471043,5.62995441690365,2050.0,8.537,9.44,4933000.0,54.7,45.84,0,1.0,1.0,0.0,1.0,1.0,1.0,1.0,1.0,1.0,1.0,1.0,1.0,1.0,1.0
6.837264759962238,5.54,,40.469164968424465,1667.640569424486,104.36750726041244,13.441373939160297,47.39849624471043,5.62995441690365,2050.0,8.537,9.44,4933000.0,54.7,45.84,0,1.0,1.0,0.0,1.0,1.0,1.0,1.0,1.0,1.0,1.0,1.0,1.0,1.0,1.0
6.837264759962238,5.54,,48.04263082887325,1667.640569424486,104.36750726041244,13.441373939160297,47.39849624471043,5.62995441690365,2050.0,8.537,9.44,4933000.0,54.7,45.84,0,1.0,1.0,0.0,1.0,1.0,1.0,1.0,1.0,1.0,1.0,1.0,1.0,1.0,1.0
6.837264759962238,5.54,,232.33561462830568,1667.640569424486,104.36750726041244,13.441373939160297,47.39849624471043,5.62995441690365,2050.0,8.537,9.44,4933000.0,54.7,45.84,0,1.0,1.0,0.0,1.0,1.0,1.0,1.0,1.0,1.0,1.0,1.0,1.0,1.0,1.0
6.837264759962238,5.54,,69.61226135190402,1667.640569424486,104.36750726041244,13.441373939160297,47.39849624471043,5.62995441690365,2050.0,8.537,9.44,4933000.0,54.7,45.84,0,1.0,1.0,0.0,1.0,1.0,1.0,1.0,1.0,1.0,1.0,1.0,1.0,1.0,1.0
6.837264759962238,5.54,,50.234951786072806,1667.640569424486,104.36750726041244,13.441373939160297,47.39849624471043,5.62995441690365,2050.0,8.537,9.44,4933000.0,54.7,45.84,0,1.0,1.0,0.0,1.0,1.0,1.0,1.0,1.0,1.0,1.0,1.0,1.0,1.0,1.0
6.837264759962238,5.54,,151.4159580217956,1667.640569424486,104.36750726041244,13.441373939160297,47.39849624471043,5.62995441690365,2050.0,8.537,9.44,4933000.0,54.7,45.84,0,1.0,1.0,0.0,1.0,1.0,1.0,1.0,1.0,1.0,1.0,1.0,1.0,1.0,1.0
6.837264759962238,5.54,,111.99284073303826,1667.640569424486,104.36750726041244,13.441373939160297,47.39849624471043,5.62995441690365,2050.0,8.537,9.44,4933000.0,54.7,45.84,0,1.0,1.0,0.0,1.0,1.0,1.0,1.0,1.0,1.0,1.0,1.0,1.0,1.0,1.0
6.837264759962238,5.54,,53.124244244877445,1667.640569424486,104.36750726041244,13.441373939160297,47.39849624471043,5.62995441690365,2050.0,8.537,9.44,4933000.0,54.7,45.84,0,1.0,1.0,0.0,1.0,1.0,1.0,1.0,1.0,1.0,1.0,1.0,1.0,1.0,1.0
6.837264759962238,5.54,,63.323751152154486,1667.640569424486,104.36750726041244,13.441373939160297,47.39849624471043,5.62995441690365,2050.0,8.537,9.44,4933000.0,54.7,45.84,0,1.0,1.0,0.0,1.0,1.0,1.0,1.0,1.0,1.0,1.0,1.0,1.0,1.0,1.0
6.837264759962238,5.54,,21.46414912123014,1667.640569424486,104.36750726041244,13.441373939160297,47.39849624471043,5.62995441690365,2050.0,8.537,9.44,4933000.0,54.7,45.84,0,1.0,1.0,0.0,1.0,1.0,1.0,1.0,1.0,1.0,1.0,1.0,1.0,1.0,1.0
6.837264759962238,5.54,,300.5572389837065,1667.640569424486,104.36750726041244,13.441373939160297,47.39849624471043,5.947605926443679,2050.0,8.537,9.44,4933000.0,54.7,45.84,0,1.0,1.0,0.0,1.0,1.0,1.0,1.0,1.0,1.0,1.0,1.0,1.0,1.0,1.0
6.837264759962238,5.54,,36.2666267948913,1667.640569424486,104.36750726041244,13.441373939160297,47.39849624471043,5.62995441690365,2050.0,8.537,9.44,4933000.0,54.7,45.84,0,1.0,1.0,0.0,1.0,1.0,1.0,1.0,1.0,1.0,1.0,1.0,1.0,1.0,1.0
6.837264759962238,5.54,,72.8062560901939,1667.640569424486,104.36750726041244,13.441373939160297,47.39849624471043,5.62995441690365,2050.0,8.537,9.44,4933000.0,54.7,45.84,0,1.0,1.0,0.0,1.0,1.0,1.0,1.0,1.0,1.0,1.0,1.0,1.0,1.0,1.0
6.837264759962238,5.54,,69.91352804430703,1667.640569424486,104.36750726041244,13.441373939160297,47.39849624471043,5.62995441690365,2050.0,8.537,9.44,4933000.0,54.7,45.84,0,1.0,1.0,0.0,1.0,1.0,1.0,1.0,1.0,1.0,1.0,1.0,1.0,1.0,1.0
6.837264759962238,5.54,,90.64288126078569,1667.640569424486,104.36750726041244,13.441373939160297,47.39849624471043,5.62995441690365,2050.0,8.537,9.44,4933000.0,54.7,45.84,0,1.0,1.0,0.0,1.0,1.0,1.0,1.0,1.0,1.0,1.0,1.0,1.0,1.0,1.0
6.837264759962238,5.54,,66.54998993976898,1667.640569424486,104.36750726041244,13.441373939160297,47.39849624471043,5.62995441690365,2050.0,8.537,9.44,4933000.0,54.7,45.84,0,1.0,1.0,0.0,1.0,1.0,1.0,1.0,1.0,1.0,1.0,1.0,1.0,1.0,1.0
6.837264759962238,5.54,,139.0114475169389,1667.640569424486,104.36750726041244,13.441373939160297,47.39849624471043,5.62995441690365,2050.0,8.537,9.44,4933000.0,54.7,45.84,0,1.0,1.0,0.0,1.0,1.0,1.0,1.0,1.0,1.0,1.0,1.0,1.0,1.0,1.0
6.837264759962238,5.54,,35.50721748105997,1667.640569424486,104.36750726041244,13.441373939160297,47.39849624471043,5.62995441690365,2050.0,8.537,9.44,4933000.0,54.7,45.84,0,1.0,1.0,0.0,1.0,1.0,1.0,1.0,1.0,1.0,1.0,1.0,1.0,1.0,1.0
6.837264759962238,5.54,,231.37219981960777,1667.640569424486,104.36750726041244,13.441373939160297,47.39849624471043,5.62995441690365,2050.0,8.537,9.44,4933000.0,54.7,45.84,0,1.0,1.0,0.0,1.0,1.0,1.0,1.0,1.0,1.0,1.0,1.0,1.0,1.0,1.0
6.837264759962238,5.54,,107.60203184660377,1667.640569424486,104.36750726041244,13.441373939160297,47.39849624471043,5.62995441690365,2050.0,8.537,9.44,4933000.0,54.7,45.84,0,1.0,1.0,0.0,1.0,1.0,1.0,1.0,1.0,1.0,1.0,1.0,1.0,1.0,1.0
6.837264759962238,5.54,,244.91467195312688,1667.640569424486,104.36750726041244,13.441373939160297,47.39849624471043,5.62995441690365,2050.0,8.537,9.44,4933000.0,54.7,45.84,0,1.0,1.0,0.0,1.0,1.0,1.0,1.0,1.0,1.0,1.0,1.0,1.0,1.0,1.0
6.837264759962238,5.54,,63.16231300541267,1667.640569424486,104.36750726041244,13.441373939160297,47.39849624471043,5.62995441690365,2050.0,8.537,9.44,4933000.0,54.7,45.84,0,1.0,1.0,0.0,1.0,1.0,1.0,1.0,1.0,1.0,1.0,1.0,1.0,1.0,1.0
6.837264759962238,5.54,,126.36478019092326,1667.640569424486,104.36750726041244,13.441373939160297,47.39849624471043,5.62995441690365,2050.0,8.537,9.44,4933000.0,54.7,45.84,0,1.0,1.0,0.0,1.0,1.0,1.0,1.0,1.0,1.0,1.0,1.0,1.0,1.0,1.0
6.837264759962238,5.54,,28.927195468168215,1667.640569424486,104.36750726041244,13.441373939160297,47.39849624471043,5.62995441690365,2050.0,8.537,9.44,4933000.0,54.7,45.84,0,1.0,1.0,0.0,1.0,1.0,1.0,1.0,1.0,1.0,1.0,1.0,1.0,1.0,1.0
6.837264759962238,5.54,,94.96315902648098,1667.640569424486,104.36750726041244,13.441373939160297,47.39849624471043,5.62995441690365,2050.0,8.537,9.44,4933000.0,54.7,45.84,0,1.0,1.0,0.0,1.0,1.0,1.0,1.0,1.0,1.0,1.0,1.0,1.0,1.0,1.0
6.837264759962238,5.54,,108.47092988028668,1667.640569424486,104.36750726041244,13.441373939160297,47.39849624471043,5.62995441690365,2050.0,8.537,9.44,4933000.0,54.7,45.84,0,1.0,1.0,0.0,1.0,1.0,1.0,1.0,1.0,1.0,1.0,1.0,1.0,1.0,1.0
6.837264759962238,5.54,,135.60536932130742,1667.640569424486,104.36750726041244,13.441373939160297,47.39849624471043,5.62995441690365,2050.0,8.537,9.44,4933000.0,54.7,45.84,0,1.0,1.0,0.0,1.0,1.0,1.0,1.0,1.0,1.0,1.0,1.0,1.0,1.0,1.0
6.837264759962238,5.54,,20.466462912370208,1667.640569424486,104.36750726041244,13.441373939160297,47.39849624471043,5.62995441690365,2050.0,8.537,9.44,4933000.0,54.7,45.84,0,1.0,1.0,0.0,1.0,1.0,1.0,1.0,1.0,1.0,1.0,1.0,1.0,1.0,1.0
6.837264759962238,5.54,,22.461611179885296,1667.640569424486,104.36750726041244,13.441373939160297,47.39849624471043,5.62995441690365,2050.0,8.537,9.44,4933000.0,54.7,45.84,0,1.0,1.0,0.0,1.0,1.0,1.0,1.0,1.0,1.0,1.0,1.0,1.0,1.0,1.0
6.154328168507618,5.54,,950.2670603764088,1620.694422732843,100.99402525904856,70.40571025924274,68.11963272016729,6.847192294563155,2050.0,8.537,9.44,4933000.0,54.7,45.84,0,1.0,1.0,1.0,1.0,0.0,0.0,1.0,0.0,1.0,1.0,1.0,1.0,1.0,1.0
6.455931809376084,5.54,,758.3672181071645,1616.8155694244858,264.721821505394,0.5,59.594047190176,4.545087973967098,2050.0,8.537,9.44,4933000.0,54.7,45.84,0,1.0,1.0,1.0,1.0,0.0,0.0,1.0,0.0,1.0,1.0,1.0,1.0,1.0,1.0
6.587968574081965,5.54,,758.3672181071645,1667.640569424486,200.4080587179793,12.816633485055313,59.594047190176,4.176548621246154,2050.0,8.537,9.44,4933000.0,54.7,45.84,0,1.0,1.0,1.0,1.0,0.0,0.0,1.0,0.0,1.0,1.0,1.0,1.0,1.0,1.0
6.223334062484639,5.54,,950.2670603764088,1620.694422732843,77.66521148457937,61.03193700273747,70.28132938943003,1.7948059614466176,2050.0,8.537,9.44,4933000.0,54.7,45.84,0,1.0,1.0,1.0,1.0,0.0,0.0,1.0,0.0,1.0,1.0,1.0,1.0,1.0,1.0
6.283979469320626,5.54,,778.317554748448,1667.640569424486,249.93459326677825,69.76649888406084,59.594047190176,4.567357778161536,2050.0,8.537,9.44,4933000.0,54.7,45.84,0,1.0,1.0,1.0,1.0,0.0,0.0,1.0,0.0,1.0,1.0,1.0,1.0,1.0,1.0
6.3524096577227365,5.54,,950.2670603764088,1620.694422732843,56.07614494688025,5.0379872173951625,70.28132938943003,0.7501984750884443,2050.0,8.537,9.44,4933000.0,54.7,45.84,0,1.0,1.0,1.0,1.0,0.0,0.0,1.0,0.0,1.0,1.0,1.0,1.0,1.0,1.0
6.503703407722737,5.54,,950.2670603764088,1620.694422732843,84.44639288348347,12.159869526534834,70.28132938943003,3.320428878959695,2050.0,8.537,9.44,4933000.0,54.7,45.84,0,1.0,1.0,1.0,1.0,0.0,0.0,1.0,0.0,1.0,1.0,1.0,1.0,1.0,1.0
6.747963824389406,5.54,,950.2670603764088,1620.694422732843,35.26676887496185,24.52623728455337,72.31908447655124,3.969781174016077,2050.0,8.537,9.44,4933000.0,54.7,45.84,0,1.0,1.0,1.0,1.0,0.0,0.0,1.0,0.0,1.0,1.0,1.0,1.0,1.0,1.0
6.512026324389403,5.54,,950.2670603764088,1620.694422732843,43.51152266280107,24.70036526194951,70.28132938943003,1.4607496527270918,2050.0,8.537,9.44,4933000.0,54.7,45.84,0,1.0,1.0,1.0,1.0,0.0,0.0,1.0,0.0,1.0,1.0,1.0,1.0,1.0,1.0
6.590789122008452,5.54,,950.2670603764088,1620.694422732843,47.60429677960711,14.93432969736141,70.28132938943003,6.75944718036594,2050.0,8.537,9.44,4933000.0,54.7,45.84,0,1.0,1.0,1.0,1.0,0.0,0.0,1.0,0.0,1.0,1.0,1.0,1.0,1.0,1.0
6.619602316452898,5.54,,950.2670603764088,1620.694422732843,81.44464376853472,43.74446896536179,70.28132938943003,7.621658223941096,2050.0,8.537,9.44,4933000.0,54.7,45.84,0,1.0,1.0,1.0,1.0,0.0,0.0,1.0,0.0,1.0,1.0,1.0,1.0,1.0,1.0
6.605082788252602,5.54,,950.2670603764088,1620.694422732843,104.2450882874501,38.21537345528158,68.11963272016729,8.076268983154318,2050.0,8.537,9.44,4933000.0,54.7,45.84,0,1.0,1.0,1.0,1.0,0.0,0.0,1.0,0.0,1.0,1.0,1.0,1.0,1.0,1.0
6.581230788675119,5.54,,950.2670603764088,1620.694422732843,66.27438972018851,21.756290677937947,70.28132938943003,4.913268617586791,2050.0,8.537,9.44,4933000.0,54.7,45.84,0,1.0,1.0,1.0,1.0,0.0,0.0,1.0,0.0,1.0,1.0,1.0,1.0,1.0,1.0
6.578721023546718,5.54,,950.2670603764088,1620.694422732843,48.25422578586898,32.86994210720417,70.28132938943003,8.07893353554022,2050.0,8.537,9.44,4933000.0,54.7,45.84,0,1.0,1.0,1.0,1.0,0.0,0.0,1.0,0.0,1.0,1.0,1.0,1.0,1.0,1.0
6.089550627439558,5.54,,950.2670603764088,268.7159495357508,15.005940693976534,35.699000585970495,145.91635444386628,13.204083202106222,2050.0,8.537,9.44,4933000.0,54.7,45.84,0,1.0,1.0,1.0,1.0,0.0,0.0,1.0,0.0,1.0,1.0,1.0,1.0,1.0,1.0
6.837264759962238,5.54,,52.6,1667.640569424486,104.36750726041244,13.441373939160297,47.39849624471043,5.62995441690365,2050.0,8.537,9.44,4933000.0,54.7,45.84,0,1.0,1.0,0.0,1.0,1.0,1.0,1.0,1.0,1.0,1.0,1.0,1.0,1.0,1.0
6.837264759962238,5.54,,311.19,1667.640569424486,104.36750726041244,13.441373939160297,47.39849624471043,5.947605926443679,2050.0,8.537,9.44,4933000.0,54.7,45.84,0,1.0,1.0,0.0,1.0,1.0,1.0,1.0,1.0,1.0,1.0,1.0,1.0,1.0,1.0
6.837264759962238,5.54,,118.0,1667.640569424486,104.36750726041244,13.441373939160297,47.39849624471043,5.62995441690365,2050.0,8.537,9.44,4933000.0,54.7,45.84,0,1.0,1.0,0.0,1.0,1.0,1.0,1.0,1.0,1.0,1.0,1.0,1.0,1.0,1.0
6.837264759962238,5.54,,128.0,1667.640569424486,104.36750726041244,13.441373939160297,47.39849624471043,5.62995441690365,2050.0,8.537,9.44,4933000.0,54.7,45.84,0,1.0,1.0,0.0,1.0,1.0,1.0,1.0,1.0,1.0,1.0,1.0,1.0,1.0,1.0
6.837264759962238,5.54,,303.0,1667.640569424486,104.36750726041244,13.441373939160297,47.39849624471043,5.947605926443679,2050.0,8.537,9.44,4933000.0,54.7,45.84,0,1.0,1.0,0.0,1.0,1.0,1.0,1.0,1.0,1.0,1.0,1.0,1.0,1.0,1.0
6.837264759962238,5.54,,271.0,1667.640569424486,104.36750726041244,13.441373939160297,47.39849624471043,5.8631143240727415,2050.0,8.537,9.44,4933000.0,54.7,45.84,0,1.0,1.0,0.0,1.0,1.0,1.0,1.0,1.0,1.0,1.0,1.0,1.0,1.0,1.0
6.837264759962238,5.54,,116.0,1667.640569424486,104.36750726041244,13.441373939160297,47.39849624471043,5.62995441690365,2050.0,8.537,9.44,4933000.0,54.7,45.84,0,1.0,1.0,0.0,1.0,1.0,1.0,1.0,1.0,1.0,1.0,1.0,1.0,1.0,1.0
6.837264759962238,5.54,,221.0,1667.640569424486,104.36750726041244,13.441373939160297,47.39849624471043,5.62995441690365,2050.0,8.537,9.44,4933000.0,54.7,45.84,0,1.0,1.0,0.0,1.0,1.0,1.0,1.0,1.0,1.0,1.0,1.0,1.0,1.0,1.0
6.757532632999807,5.54,,471.3,1667.640569424486,104.36750726041244,12.740995215870532,47.39849624471043,6.001087970433774,2050.0,8.537,9.44,4933000.0,54.7,45.84,0,1.0,1.0,0.0,1.0,1.0,1.0,1.0,1.0,1.0,1.0,1.0,1.0,1.0,1.0
6.569260237319848,5.54,,1295.79,1667.640569424486,130.2678751934937,58.89081932153215,45.22569423870903,7.444143147972616,2050.0,8.537,9.44,4933000.0,54.7,45.84,1,1.0,1.0,0.0,1.0,1.0,1.0,1.0,1.0,1.0,1.0,1.0,1.0,1.0,1.0
6.3758859577922085,5.54,,1970.0,1620.694422732843,63.08487522370304,76.19975409417138,51.45433060462972,7.1123986771569605,2050.0,8.537,9.44,4933000.0,54.7,45.84,1,1.0,1.0,0.0,1.0,1.0,1.0,1.0,1.0,1.0,1.0,1.0,1.0,1.0,1.0
7.781243467875049,5.54,,1082.8,219.6812853784296,23327.923979166662,557.6147345459494,651.9339501384522,24.768170129543073,2050.0,8.537,9.44,4933000.0,54.7,45.84,1,1.0,1.0,0.0,1.0,1.0,1.0,1.0,1.0,1.0,1.0,1.0,1.0,1.0,1.0
6.4852009615384585,5.54,,6248.5,219.6812853784296,3511.276885714285,572.2718595459494,834.9675385764033,24.768170129543073,2050.0,8.537,9.44,4933000.0,54.7,45.84,1,1.0,1.0,0.0,1.0,1.0,1.0,1.0,1.0,1.0,1.0,1.0,1.0,1.0,1.0
6.757532632999807,5.54,,528.06,1667.640569424486,104.36750726041244,12.407406557819462,47.39849624471043,5.946826396750153,2050.0,8.537,9.44,4933000.0,54.7,45.84,0,1.0,1.0,0.0,1.0,1.0,1.0,1.0,1.0,1.0,1.0,1.0,1.0,1.0,1.0
6.837264759962238,5.54,,269.0,1667.640569424486,104.36750726041244,13.441373939160297,47.39849624471043,5.8631143240727415,2050.0,8.537,9.44,4933000.0,54.7,45.84,0,1.0,1.0,0.0,1.0,1.0,1.0,1.0,1.0,1.0,1.0,1.0,1.0,1.0,1.0
6.757532632999807,5.54,,484.0,1667.640569424486,104.36750726041244,12.740995215870532,47.39849624471043,6.001087970433774,2050.0,8.537,9.44,4933000.0,54.7,45.84,0,1.0,1.0,0.0,1.0,1.0,1.0,1.0,1.0,1.0,1.0,1.0,1.0,1.0,1.0
6.837264759962238,5.54,,278.0,1667.640569424486,104.36750726041244,13.441373939160297,47.39849624471043,5.8631143240727415,2050.0,8.537,9.44,4933000.0,54.7,45.84,0,1.0,1.0,0.0,1.0,1.0,1.0,1.0,1.0,1.0,1.0,1.0,1.0,1.0,1.0
6.837264759962238,5.54,,315.0,1667.640569424486,104.36750726041244,13.441373939160297,47.39849624471043,5.947605926443679,2050.0,8.537,9.44,4933000.0,54.7,45.84,0,1.0,1.0,0.0,1.0,1.0,1.0,1.0,1.0,1.0,1.0,1.0,1.0,1.0,1.0
6.757532632999807,5.54,,352.94,1667.640569424486,104.36750726041244,12.740995215870532,47.39849624471043,5.972596231286924,2050.0,8.537,9.44,4933000.0,54.7,45.84,0,1.0,1.0,0.0,1.0,1.0,1.0,1.0,1.0,1.0,1.0,1.0,1.0,1.0,1.0
6.757532632999807,5.54,,382.5,1667.640569424486,104.36750726041244,12.740995215870532,47.39849624471043,5.932494741782916,2050.0,8.537,9.44,4933000.0,54.7,45.84,0,1.0,1.0,0.0,1.0,1.0,1.0,1.0,1.0,1.0,1.0,1.0,1.0,1.0,1.0
6.757532632999807,5.54,,368.0,1667.640569424486,104.36750726041244,12.740995215870532,47.39849624471043,5.972596231286924,2050.0,8.537,9.44,4933000.0,54.7,45.84,0,1.0,1.0,0.0,1.0,1.0,1.0,1.0,1.0,1.0,1.0,1.0,1.0,1.0,1.0
6.837264759962238,5.54,,119.88,1667.640569424486,104.36750726041244,13.441373939160297,47.39849624471043,5.62995441690365,2050.0,8.537,9.44,4933000.0,54.7,45.84,0,1.0,1.0,0.0,1.0,1.0,1.0,1.0,1.0,1.0,1.0,1.0,1.0,1.0,1.0
6.837264759962238,5.54,,9.21,1667.640569424486,104.36750726041244,13.441373939160297,47.39849624471043,5.62995441690365,2050.0,8.537,9.44,4933000.0,54.7,45.84,0,1.0,1.0,0.0,1.0,1.0,1.0,1.0,1.0,1.0,1.0,1.0,1.0,1.0,1.0
6.757532632999807,5.54,,397.0,1667.640569424486,104.36750726041244,12.740995215870532,47.39849624471043,5.961265954381562,2050.0,8.537,9.44,4933000.0,54.7,45.84,0,1.0,1.0,0.0,1.0,1.0,1.0,1.0,1.0,1.0,1.0,1.0,1.0,1.0,1.0
6.837264759962238,5.54,,195.0,1667.640569424486,104.36750726041244,13.441373939160297,47.39849624471043,5.62995441690365,2050.0,8.537,9.44,4933000.0,54.7,45.84,0,1.0,1.0,0.0,1.0,1.0,1.0,1.0,1.0,1.0,1.0,1.0,1.0,1.0,1.0
6.757532632999807,5.54,,590.4,1667.640569424486,104.36750726041244,11.30206905390373,47.39849624471043,5.959375230791633,2050.0,8.537,9.44,4933000.0,54.7,45.84,1,1.0,1.0,0.0,1.0,1.0,1.0,1.0,1.0,1.0,1.0,1.0,1.0,1.0,1.0
6.837264759962238,5.54,,218.0,1667.640569424486,104.36750726041244,13.441373939160297,47.39849624471043,5.62995441690365,2050.0,8.537,9.44,4933000.0,54.7,45.84,0,1.0,1.0,0.0,1.0,1.0,1.0,1.0,1.0,1.0,1.0,1.0,1.0,1.0,1.0
6.837264759962238,5.54,,253.0,1667.640569424486,104.36750726041244,13.441373939160297,47.39849624471043,5.62995441690365,2050.0,8.537,9.44,4933000.0,54.7,45.84,0,1.0,1.0,0.0,1.0,1.0,1.0,1.0,1.0,1.0,1.0,1.0,1.0,1.0,1.0
6.569260237319848,5.54,,1295.79,1667.640569424486,130.2678751934937,58.89081932153215,45.22569423870903,7.444143147972616,2050.0,8.537,9.44,4933000.0,54.7,45.84,1,1.0,1.0,0.0,1.0,1.0,1.0,1.0,1.0,1.0,1.0,1.0,1.0,1.0,1.0
6.837264759962238,5.54,,188.0,1667.640569424486,104.36750726041244,13.441373939160297,47.39849624471043,5.62995441690365,2050.0,8.537,9.44,4933000.0,54.7,45.84,0,1.0,1.0,0.0,1.0,1.0,1.0,1.0,1.0,1.0,1.0,1.0,1.0,1.0,1.0
6.837264759962238,5.54,,116.0,1667.640569424486,104.36750726041244,13.441373939160297,47.39849624471043,5.62995441690365,2050.0,8.537,9.44,4933000.0,54.7,45.84,0,1.0,1.0,0.0,1.0,1.0,1.0,1.0,1.0,1.0,1.0,1.0,1.0,1.0,1.0
6.837264759962238,5.54,,32.0,1667.640569424486,104.36750726041244,13.441373939160297,47.39849624471043,5.62995441690365,2050.0,8.537,9.44,4933000.0,54.7,45.84,0,1.0,1.0,0.0,1.0,1.0,1.0,1.0,1.0,1.0,1.0,1.0,1.0,1.0,1.0
6.837264759962238,5.54,,181.5,1667.640569424486,104.36750726041244,13.441373939160297,47.39849624471043,5.62995441690365,2050.0,8.537,9.44,4933000.0,54.7,45.84,0,1.0,1.0,0.0,1.0,1.0,1.0,1.0,1.0,1.0,1.0,1.0,1.0,1.0,1.0
6.7461576329998065,5.54,,756.8,1667.640569424486,104.36750726041244,11.30206905390373,47.39849624471043,5.812138243902128,2050.0,8.537,9.44,4933000.0,54.7,45.84,1,1.0,1.0,0.0,1.0,1.0,1.0,1.0,1.0,1.0,1.0,1.0,1.0,1.0,1.0
6.837264759962238,5.54,,123.09,1667.640569424486,104.36750726041244,13.441373939160297,47.39849624471043,5.62995441690365,2050.0,8.537,9.44,4933000.0,54.7,45.84,0,1.0,1.0,0.0,1.0,1.0,1.0,1.0,1.0,1.0,1.0,1.0,1.0,1.0,1.0
6.757532632999807,5.54,,360.0,1667.640569424486,104.36750726041244,12.740995215870532,47.39849624471043,5.972596231286924,2050.0,8.537,9.44,4933000.0,54.7,45.84,0,1.0,1.0,0.0,1.0,1.0,1.0,1.0,1.0,1.0,1.0,1.0,1.0,1.0,1.0
6.837264759962238,5.54,,30.1,1667.640569424486,104.36750726041244,13.441373939160297,47.39849624471043,5.62995441690365,2050.0,8.537,9.44,4933000.0,54.7,45.84,0,1.0,1.0,0.0,1.0,1.0,1.0,1.0,1.0,1.0,1.0,1.0,1.0,1.0,1.0
6.837264759962238,5.54,,57.7,1667.640569424486,104.36750726041244,13.441373939160297,47.39849624471043,5.62995441690365,2050.0,8.537,9.44,4933000.0,54.7,45.84,0,1.0,1.0,0.0,1.0,1.0,1.0,1.0,1.0,1.0,1.0,1.0,1.0,1.0,1.0
7.781243467875049,5.54,,1040.8,219.6812853784296,23327.923979166662,557.6147345459494,651.9339501384522,24.768170129543073,2050.0,8.537,9.44,4933000.0,54.7,45.84,1,1.0,1.0,0.0,1.0,1.0,1.0,1.0,1.0,1.0,1.0,1.0,1.0,1.0,1.0
6.569260237319848,5.54,,1567.0,1667.640569424486,130.2678751934937,58.89081932153215,45.22569423870903,7.444143147972616,2050.0,8.537,9.44,4933000.0,54.7,45.84,1,1.0,1.0,0.0,1.0,1.0,1.0,1.0,1.0,1.0,1.0,1.0,1.0,1.0,1.0
6.837264759962238,5.54,,9.8,1667.640569424486,104.36750726041244,13.441373939160297,47.39849624471043,5.62995441690365,2050.0,8.537,9.44,4933000.0,54.7,45.84,0,1.0,1.0,0.0,1.0,1.0,1.0,1.0,1.0,1.0,1.0,1.0,1.0,1.0,1.0
6.837264759962238,5.54,,10.95,1667.640569424486,104.36750726041244,13.441373939160297,47.39849624471043,5.62995441690365,2050.0,8.537,9.44,4933000.0,54.7,45.84,0,1.0,1.0,0.0,1.0,1.0,1.0,1.0,1.0,1.0,1.0,1.0,1.0,1.0,1.0
6.3758859577922085,5.54,,1742.0,1620.694422732843,63.08487522370304,76.19975409417138,51.45433060462972,7.1123986771569605,2050.0,8.537,9.44,4933000.0,54.7,45.84,1,1.0,1.0,0.0,1.0,1.0,1.0,1.0,1.0,1.0,1.0,1.0,1.0,1.0,1.0
6.3758859577922085,5.54,,1600.0,1620.694422732843,63.08487522370304,76.19975409417138,51.45433060462972,7.1123986771569605,2050.0,8.537,9.44,4933000.0,54.7,45.84,1,1.0,1.0,0.0,1.0,1.0,1.0,1.0,1.0,1.0,1.0,1.0,1.0,1.0,1.0
7.781243467875049,5.54,,932.0,219.6812853784296,23327.923979166662,557.6147345459494,651.9339501384522,25.040902449699814,2050.0,8.537,9.44,4933000.0,54.7,45.84,1,1.0,1.0,0.0,1.0,1.0,1.0,1.0,1.0,1.0,1.0,1.0,1.0,1.0,1.0
6.757532632999807,5.54,,339.0,1667.640569424486,104.36750726041244,12.407406557819462,47.39849624471043,5.947605926443679,2050.0,8.537,9.44,4933000.0,54.7,45.84,0,1.0,1.0,0.0,1.0,1.0,1.0,1.0,1.0,1.0,1.0,1.0,1.0,1.0,1.0
6.762032632999807,5.54,,637.7,1667.640569424486,104.36750726041244,11.30206905390373,47.39849624471043,5.911490210094597,2050.0,8.537,9.44,4933000.0,54.7,45.84,1,1.0,1.0,0.0,1.0,1.0,1.0,1.0,1.0,1.0,1.0,1.0,1.0,1.0,1.0
5.693373981724796,5.54,,10100.0,5185.9193640353205,3689.682875,588.0643595459494,2020.2413986645688,110.74289175842192,2050.0,8.537,9.44,4933000.0,54.7,45.84,1,1.0,1.0,0.0,1.0,1.0,1.0,1.0,1.0,1.0,1.0,1.0,1.0,1.0,1.0
6.569260237319848,5.54,,1567.0,1667.640569424486,130.2678751934937,58.89081932153215,45.22569423870903,7.444143147972616,2050.0,8.537,9.44,4933000.0,54.7,45.84,1,1.0,1.0,0.0,1.0,1.0,1.0,1.0,1.0,1.0,1.0,1.0,1.0,1.0,1.0
6.757532632999807,5.54,,487.0,1667.640569424486,104.36750726041244,12.740995215870532,47.39849624471043,6.001087970433774,2050.0,8.537,9.44,4933000.0,54.7,45.84,0,1.0,1.0,0.0,1.0,1.0,1.0,1.0,1.0,1.0,1.0,1.0,1.0,1.0,1.0
6.837264759962238,5.54,,251.62,1667.640569424486,104.36750726041244,13.441373939160297,47.39849624471043,5.62995441690365,2050.0,8.537,9.44,4933000.0,54.7,45.84,0,1.0,1.0,0.0,1.0,1.0,1.0,1.0,1.0,1.0,1.0,1.0,1.0,1.0,1.0
6.837264759962238,5.54,,149.8,1667.640569424486,104.36750726041244,13.441373939160297,47.39849624471043,5.62995441690365,2050.0,8.537,9.44,4933000.0,54.7,45.84,0,1.0,1.0,0.0,1.0,1.0,1.0,1.0,1.0,1.0,1.0,1.0,1.0,1.0,1.0
6.837264759962238,5.54,,289.0,1667.640569424486,104.36750726041244,13.441373939160297,47.39849624471043,5.947605926443679,2050.0,8.537,9.44,4933000.0,54.7,45.84,0,1.0,1.0,0.0,1.0,1.0,1.0,1.0,1.0,1.0,1.0,1.0,1.0,1.0,1.0
6.837264759962238,5.54,,56.8,1667.640569424486,104.36750726041244,13.441373939160297,47.39849624471043,5.62995441690365,2050.0,8.537,9.44,4933000.0,54.7,45.84,0,1.0,1.0,0.0,1.0,1.0,1.0,1.0,1.0,1.0,1.0,1.0,1.0,1.0,1.0
6.837264759962238,5.54,,68.7,1667.640569424486,104.36750726041244,13.441373939160297,47.39849624471043,5.62995441690365,2050.0,8.537,9.44,4933000.0,54.7,45.84,0,1.0,1.0,0.0,1.0,1.0,1.0,1.0,1.0,1.0,1.0,1.0,1.0,1.0,1.0
6.837264759962238,5.54,,258.5,1667.640569424486,104.36750726041244,13.441373939160297,47.39849624471043,5.62995441690365,2050.0,8.537,9.44,4933000.0,54.7,45.84,0,1.0,1.0,0.0,1.0,1.0,1.0,1.0,1.0,1.0,1.0,1.0,1.0,1.0,1.0
6.837264759962238,5.54,,60.76,1667.640569424486,104.36750726041244,13.441373939160297,47.39849624471043,5.62995441690365,2050.0,8.537,9.44,4933000.0,54.7,45.84,0,1.0,1.0,0.0,1.0,1.0,1.0,1.0,1.0,1.0,1.0,1.0,1.0,1.0,1.0
6.837264759962238,5.54,,73.7,1667.640569424486,104.36750726041244,13.441373939160297,47.39849624471043,5.62995441690365,2050.0,8.537,9.44,4933000.0,54.7,45.84,0,1.0,1.0,0.0,1.0,1.0,1.0,1.0,1.0,1.0,1.0,1.0,1.0,1.0,1.0
6.837264759962238,5.54,,19.33,1667.640569424486,104.36750726041244,13.441373939160297,47.39849624471043,5.62995441690365,2050.0,8.537,9.44,4933000.0,54.7,45.84,0,1.0,1.0,0.0,1.0,1.0,1.0,1.0,1.0,1.0,1.0,1.0,1.0,1.0,1.0
6.651318883913217,5.54,8.5,950.2670603764088,1620.694422732843,21.116871970972692,0.5,70.28132938943003,4.953216645836846,2050.0,8.537,9.44,4933000.0,54.7,45.84,0,1.0,1.0,1.0,1.0,0.0,0.0,1.0,0.0,1.0,1.0,1.0,1.0,1.0,1.0
6.670818883913216,5.54,8.5,950.2670603764088,1620.694422732843,24.350796568759797,9.35168967393717,70.28132938943003,4.3424260079724855,2050.0,8.537,9.44,4933000.0,54.7,45.84,0,1.0,1.0,1.0,1.0,0.0,0.0,1.0,0.0,1.0,1.0,1.0,1.0,1.0,1.0
6.506367991056071,5.54,8.5,950.2670603764088,1620.694422732843,14.953676274332157,0.5,70.28132938943003,1.2512705763320071,2050.0,8.537,9.44,4933000.0,54.7,45.84,0,1.0,1.0,1.0,1.0,0.0,0.0,1.0,0.0,1.0,1.0,1.0,1.0,1.0,1.0
6.679193883913216,5.54,8.5,950.2670603764088,1620.694422732843,11.414347382998162,15.955342734903802,70.28132938943003,4.735109782634991,2050.0,8.537,9.44,4933000.0,54.7,45.84,0,1.0,1.0,1.0,1.0,0.0,0.0,1.0,0.0,1.0,1.0,1.0,1.0,1.0,1.0
6.679193883913216,5.54,8.5,950.2670603764088,1620.694422732843,6.632259420279993,11.36217785508206,70.28132938943003,5.6386441967245675,2050.0,8.537,9.44,4933000.0,54.7,45.84,0,1.0,1.0,1.0,1.0,0.0,0.0,1.0,0.0,1.0,1.0,1.0,1.0,1.0,1.0
6.506367991056071,5.54,8.5,950.2670603764088,1620.694422732843,20.19921261088511,5.802553433264951,70.28132938943003,0.4528128147673418,2050.0,8.537,9.44,4933000.0,54.7,45.84,0,1.0,1.0,1.0,1.0,0.0,0.0,1.0,0.0,1.0,1.0,1.0,1.0,1.0,1.0
6.679193883913216,5.54,8.5,950.2670603764088,1620.694422732843,19.45208505608761,11.847813783685323,70.28132938943003,5.410194565246265,2050.0,8.537,9.44,4933000.0,54.7,45.84,0,1.0,1.0,1.0,1.0,0.0,0.0,1.0,0.0,1.0,1.0,1.0,1.0,1.0,1.0
6.679193883913216,5.54,8.5,950.2670603764088,1620.694422732843,11.800830856320168,17.056363233365378,70.28132938943003,6.143891409696838,2050.0,8.537,9.44,4933000.0,54.7,45.84,0,1.0,1.0,1.0,1.0,0.0,0.0,1.0,0.0,1.0,1.0,1.0,1.0,1.0,1.0
6.651318883913217,5.54,8.5,950.2670603764088,1620.694422732843,5.774273623817104,4.724298099119277,70.28132938943003,6.361588021707625,2050.0,8.537,9.44,4933000.0,54.7,45.84,0,1.0,1.0,1.0,1.0,0.0,0.0,1.0,0.0,1.0,1.0,1.0,1.0,1.0,1.0
6.643336741056073,5.54,8.5,950.2670603764088,1620.694422732843,8.167650783627556,7.126705260899287,70.28132938943003,3.8250899671134224,2050.0,8.537,9.44,4933000.0,54.7,45.84,0,1.0,1.0,1.0,1.0,0.0,0.0,1.0,0.0,1.0,1.0,1.0,1.0,1.0,1.0
6.679193883913216,5.54,8.5,950.2670603764088,1620.694422732843,19.888932998089224,10.922238271511308,70.28132938943003,7.0954503379497424,2050.0,8.537,9.44,4933000.0,54.7,45.84,0,1.0,1.0,1.0,1.0,0.0,0.0,1.0,0.0,1.0,1.0,1.0,1.0,1.0,1.0
6.651318883913217,5.54,8.5,950.2670603764088,1620.694422732843,11.892453235891049,1.3733816617333856,70.28132938943003,6.341111191126572,2050.0,8.537,9.44,4933000.0,54.7,45.84,0,1.0,1.0,1.0,1.0,0.0,0.0,1.0,0.0,1.0,1.0,1.0,1.0,1.0,1.0
6.679193883913216,5.54,8.5,950.2670603764088,1620.694422732843,12.123856840402487,16.469498638585577,70.28132938943003,5.587292718953945,2050.0,8.537,9.44,4933000.0,54.7,45.84,0,1.0,1.0,1.0,1.0,0.0,0.0,1.0,0.0,1.0,1.0,1.0,1.0,1.0,1.0
6.662836741056073,5.54,8.5,950.2670603764088,1620.694422732843,20.12760595444132,8.70935108795107,70.28132938943003,3.89691655174674,2050.0,8.537,9.44,4933000.0,54.7,45.84,0,1.0,1.0,1.0,1.0,0.0,0.0,1.0,0.0,1.0,1.0,1.0,1.0,1.0,1.0
6.651318883913217,5.54,8.5,950.2670603764088,1620.694422732843,29.46181896054849,2.5654812093400103,70.28132938943003,4.406924436944903,2050.0,8.537,9.44,4933000.0,54.7,45.84,0,1.0,1.0,1.0,1.0,0.0,0.0,1.0,0.0,1.0,1.0,1.0,1.0,1.0,1.0
6.671211741056072,5.54,8.5,950.2670603764088,1620.694422732843,15.41349971970431,9.729234950682413,70.28132938943003,4.117484545353567,2050.0,8.537,9.44,4933000.0,54.7,45.84,0,1.0,1.0,1.0,1.0,0.0,0.0,1.0,0.0,1.0,1.0,1.0,1.0,1.0,1.0
6.607211741056072,5.54,8.5,950.2670603764088,1620.694422732843,7.278575201462524,2.675427849900706,70.28132938943003,2.7591689826917034,2050.0,8.537,9.44,4933000.0,54.7,45.84,0,1.0,1.0,1.0,1.0,0.0,0.0,1.0,0.0,1.0,1.0,1.0,1.0,1.0,1.0
6.635086741056073,5.54,8.5,950.2670603764088,1620.694422732843,9.967578487295892,17.96239299539244,70.28132938943003,3.3342762494433273,2050.0,8.537,9.44,4933000.0,54.7,45.84,0,1.0,1.0,1.0,1.0,0.0,0.0,1.0,0.0,1.0,1.0,1.0,1.0,1.0,1.0
6.67926388888889,5.54,8.7333,20.350252226755615,1667.640569424486,96.21354908710045,1.6011590672274472,46.99568477129639,2.0234935048981892,2050.0,8.537,9.44,4933000.0,54.7,45.84,0,1.0,1.0,0.0,1.0,1.0,0.0,1.0,0.0,1.0,1.0,1.0,1.0,1.0,1.0
6.638263888888891,5.54,8.7333,23.70952186310691,1667.640569424486,96.21354908710045,0.8874030891287399,46.99568477129639,0.9817884814842698,2050.0,8.537,9.44,4933000.0,54.7,45.84,0,1.0,1.0,0.0,1.0,1.0,0.0,1.0,0.0,1.0,1.0,1.0,1.0,1.0,1.0
6.638263888888891,5.54,8.7333,41.081911776013385,1667.640569424486,96.21354908710045,1.321707224273288,46.99568477129639,0.9606695891624278,2050.0,8.537,9.44,4933000.0,54.7,45.84,0,1.0,1.0,0.0,1.0,1.0,0.0,1.0,0.0,1.0,1.0,1.0,1.0,1.0,1.0
6.638263888888891,5.54,8.7333,7.942789116003086,1667.640569424486,100.31149389076054,0.2612638794923977,44.83398810203367,0.765810566355611,2050.0,8.537,9.44,4933000.0,54.7,45.84,0,1.0,1.0,0.0,1.0,1.0,0.0,1.0,0.0,1.0,1.0,1.0,1.0,1.0,1.0
6.638263888888891,5.54,8.7333,126.88665674946049,1667.640569424486,96.21354908710045,0.9565654823599922,46.99568477129639,0.2279255674813161,2050.0,8.537,9.44,4933000.0,54.7,45.84,0,1.0,1.0,0.0,1.0,1.0,0.0,1.0,0.0,1.0,1.0,1.0,1.0,1.0,1.0
6.67926388888889,5.54,8.7333,104.18722527738738,1667.640569424486,102.4862305620782,0.813982628904012,44.83398810203367,2.4571388844118767,2050.0,8.537,9.44,4933000.0,54.7,45.84,0,1.0,1.0,0.0,1.0,1.0,0.0,1.0,0.0,1.0,1.0,1.0,1.0,1.0,1.0
6.638263888888891,5.54,8.7333,8.256677061877777,1667.640569424486,96.21354908710045,1.2969228852331067,46.99568477129639,0.3540113086483689,2050.0,8.537,9.44,4933000.0,54.7,45.84,0,1.0,1.0,0.0,1.0,1.0,0.0,1.0,0.0,1.0,1.0,1.0,1.0,1.0,1.0
6.638263888888891,5.54,8.7333,51.96276214235745,1667.640569424486,100.31149389076054,0.203689981681385,44.83398810203367,1.3888039114046598,2050.0,8.537,9.44,4933000.0,54.7,45.84,0,1.0,1.0,0.0,1.0,1.0,0.0,1.0,0.0,1.0,1.0,1.0,1.0,1.0,1.0
6.638263888888891,5.54,8.7333,4.383237865339499,1667.640569424486,96.21354908710045,2.1938899409105734,46.99568477129639,1.402287851116005,2050.0,8.537,9.44,4933000.0,54.7,45.84,0,1.0,1.0,0.0,1.0,1.0,0.0,1.0,0.0,1.0,1.0,1.0,1.0,1.0,1.0
6.67926388888889,5.54,8.7333,23.9625990432705,1667.640569424486,100.31149389076054,0.4697394453817468,44.83398810203367,2.047611459770053,2050.0,8.537,9.44,4933000.0,54.7,45.84,0,1.0,1.0,0.0,1.0,1.0,0.0,1.0,0.0,1.0,1.0,1.0,1.0,1.0,1.0
6.638263888888891,5.54,8.7333,33.04027480295065,1667.640569424486,96.21354908710045,0.7207915817158814,46.99568477129639,1.850095941503606,2050.0,8.537,9.44,4933000.0,54.7,45.84,0,1.0,1.0,0.0,1.0,1.0,0.0,1.0,0.0,1.0,1.0,1.0,1.0,1.0,1.0
6.638263888888891,5.54,8.7333,15.25859909059892,1667.640569424486,100.31149389076054,0.05,44.83398810203367,1.099081366703794,2050.0,8.537,9.44,4933000.0,54.7,45.84,0,1.0,1.0,0.0,1.0,1.0,0.0,1.0,0.0,1.0,1.0,1.0,1.0,1.0,1.0
6.67926388888889,5.54,8.7333,25.846681747330184,1667.640569424486,96.21354908710045,1.518531946071504,46.99568477129639,2.1991787681722887,2050.0,8.537,9.44,4933000.0,54.7,45.84,0,1.0,1.0,0.0,1.0,1.0,0.0,1.0,0.0,1.0,1.0,1.0,1.0,1.0,1.0
6.638263888888891,5.54,8.7333,59.57789145560238,1667.640569424486,100.31149389076054,0.4835074498995427,44.83398810203367,1.5653163075685284,2050.0,8.537,9.44,4933000.0,54.7,45.84,0,1.0,1.0,0.0,1.0,1.0,0.0,1.0,0.0,1.0,1.0,1.0,1.0,1.0,1.0
6.67926388888889,5.54,8.7333,29.77660184223675,1667.640569424486,102.4862305620782,1.427257163299918,44.83398810203367,2.758244578856652,2050.0,8.537,9.44,4933000.0,54.7,45.84,0,1.0,1.0,0.0,1.0,1.0,0.0,1.0,0.0,1.0,1.0,1.0,1.0,1.0,1.0
6.67926388888889,5.54,8.7333,56.4976678929834,1667.640569424486,102.4862305620782,1.3086192760042263,44.83398810203367,2.601085371052064,2050.0,8.537,9.44,4933000.0,54.7,45.84,0,1.0,1.0,0.0,1.0,1.0,0.0,1.0,0.0,1.0,1.0,1.0,1.0,1.0,1.0
6.638263888888891,5.54,8.7333,51.97636356327852,1667.640569424486,96.21354908710045,1.6961559335304657,46.99568477129639,1.223649190416049,2050.0,8.537,9.44,4933000.0,54.7,45.84,0,1.0,1.0,0.0,1.0,1.0,0.0,1.0,0.0,1.0,1.0,1.0,1.0,1.0,1.0
6.67926388888889,5.54,8.7333,12.399771797817673,1667.640569424486,102.4862305620782,1.17424381916203,44.83398810203367,2.6531349622628135,2050.0,8.537,9.44,4933000.0,54.7,45.84,0,1.0,1.0,0.0,1.0,1.0,0.0,1.0,0.0,1.0,1.0,1.0,1.0,1.0,1.0
6.67926388888889,5.54,8.7333,94.3130699228373,1667.640569424486,96.21354908710045,1.5977713178577828,46.99568477129639,2.053153711621631,2050.0,8.537,9.44,4933000.0,54.7,45.84,0,1.0,1.0,0.0,1.0,1.0,0.0,1.0,0.0,1.0,1.0,1.0,1.0,1.0,1.0
6.638263888888891,5.54,8.7333,31.23664331945015,1667.640569424486,96.21354908710045,1.245869579200757,46.99568477129639,1.522118779057215,2050.0,8.537,9.44,4933000.0,54.7,45.84,0,1.0,1.0,0.0,1.0,1.0,0.0,1.0,0.0,1.0,1.0,1.0,1.0,1.0,1.0
6.67926388888889,5.54,8.7333,38.61272187490723,1667.640569424486,102.4862305620782,1.955919041440752,44.83398810203367,2.7340110700716576,2050.0,8.537,9.44,4933000.0,54.7,45.84,0,1.0,1.0,0.0,1.0,1.0,0.0,1.0,0.0,1.0,1.0,1.0,1.0,1.0,1.0
6.638263888888891,5.54,8.7333,36.95381328998539,1667.640569424486,96.21354908710045,0.6050881416623819,46.99568477129639,1.0153995943391676,2050.0,8.537,9.44,4933000.0,54.7,45.84,0,1.0,1.0,0.0,1.0,1.0,0.0,1.0,0.0,1.0,1.0,1.0,1.0,1.0,1.0
6.638263888888891,5.54,8.7333,128.66081359677423,1667.640569424486,96.21354908710045,1.5117411224226796,46.99568477129639,0.9807698536285314,2050.0,8.537,9.44,4933000.0,54.7,45.84,0,1.0,1.0,0.0,1.0,1.0,0.0,1.0,0.0,1.0,1.0,1.0,1.0,1.0,1.0
6.638263888888891,5.54,8.7333,37.701653700361675,1667.640569424486,96.21354908710045,1.0806329575922125,46.99568477129639,1.2803454765314466,2050.0,8.537,9.44,4933000.0,54.7,45.84,0,1.0,1.0,0.0,1.0,1.0,0.0,1.0,0.0,1.0,1.0,1.0,1.0,1.0,1.0
6.67926388888889,5.54,8.7333,23.4523525362121,1667.640569424486,102.4862305620782,1.0243604800923594,44.83398810203367,2.6025205454281983,2050.0,8.537,9.44,4933000.0,54.7,45.84,0,1.0,1.0,0.0,1.0,1.0,0.0,1.0,0.0,1.0,1.0,1.0,1.0,1.0,1.0
6.403134524766173,5.54,0.76,950.2670603764088,219.6812853784296,626.45,29.74,182.4310772291545,20.42,2050.0,8.537,9.44,4933000.0,54.7,45.84,1,1.0,1.0,1.0,1.0,0.0,0.0,1.0,0.0,1.0,1.0,1.0,1.0,1.0,1.0
6.281005817134794,5.54,0.76,950.2670603764088,247.0110403833195,152.18,55.99,188.17939419657944,26.75,2050.0,8.537,9.44,4933000.0,54.7,45.84,0,1.0,1.0,1.0,1.0,0.0,0.0,1.0,0.0,1.0,1.0,1.0,1.0,1.0,1.0
6.126946340359586,5.54,0.76,950.2670603764088,247.0110403833195,93.29,108.5,145.91635444386628,19.2,2050.0,8.537,9.44,4933000.0,54.7,45.84,0,1.0,1.0,1.0,1.0,0.0,0.0,1.0,0.0,1.0,1.0,1.0,1.0,1.0,1.0
6.281005817134794,5.54,0.76,950.2670603764088,219.6812853784296,207.06,57.6,200.30631660688704,44.05,2050.0,8.537,9.44,4933000.0,54.7,45.84,0,1.0,1.0,1.0,1.0,0.0,0.0,1.0,0.0,1.0,1.0,1.0,1.0,1.0,1.0
6.359866526645871,5.54,0.76,950.2670603764088,247.0110403833195,114.88,48.15,188.17939419657944,22.53,2050.0,8.537,9.44,4933000.0,54.7,45.84,0,1.0,1.0,1.0,1.0,0.0,0.0,1.0,0.0,1.0,1.0,1.0,1.0,1.0,1.0
6.354366526645871,5.54,0.76,950.2670603764088,219.6812853784296,178.84,48.42,186.61680246547292,21.81,2050.0,8.537,9.44,4933000.0,54.7,45.84,0,1.0,1.0,1.0,1.0,0.0,0.0,1.0,0.0,1.0,1.0,1.0,1.0,1.0,1.0
6.40084776006029,5.54,0.76,950.2670603764088,247.0110403833195,83.1,24.24,197.69218889354912,37.03,2050.0,8.537,9.44,4933000.0,54.7,45.84,0,1.0,1.0,1.0,1.0,0.0,0.0,1.0,0.0,1.0,1.0,1.0,1.0,1.0,1.0
6.205855346063846,5.54,0.76,950.2670603764088,247.0110403833195,82.78,68.46,145.91635444386628,16.8,2050.0,8.537,9.44,4933000.0,54.7,45.84,0,1.0,1.0,1.0,1.0,0.0,0.0,1.0,0.0,1.0,1.0,1.0,1.0,1.0,1.0
6.403134524766173,5.54,0.76,950.2670603764088,219.6812853784296,304.94,30.07,186.61680246547292,20.47,2050.0,8.537,9.44,4933000.0,54.7,45.84,0,1.0,1.0,1.0,1.0,0.0,0.0,1.0,0.0,1.0,1.0,1.0,1.0,1.0,1.0
6.13159217369292,5.54,0.76,950.2670603764088,247.0110403833195,49.61,88.96,145.91635444386628,18.28,2050.0,8.537,9.44,4933000.0,54.7,45.84,0,1.0,1.0,1.0,1.0,0.0,0.0,1.0,0.0,1.0,1.0,1.0,1.0,1.0,1.0
6.152349224974971,5.54,0.76,950.2670603764088,247.0110403833195,117.16,92.7,197.69218889354912,44.38,2050.0,8.537,9.44,4933000.0,54.7,45.84,0,1.0,1.0,1.0,1.0,0.0,0.0,1.0,0.0,1.0,1.0,1.0,1.0,1.0,1.0
6.136826168340604,5.54,0.76,950.2670603764088,247.0110403833195,158.25,145.79,188.17939419657944,23.08,2050.0,8.537,9.44,4933000.0,54.7,45.84,0,1.0,1.0,1.0,1.0,0.0,0.0,1.0,0.0,1.0,1.0,1.0,1.0,1.0,1.0
5.921676143365579,5.54,0.76,989.5876664931608,247.0110403833195,78.15,215.77,193.3254444941985,26.87,2050.0,8.537,9.44,4933000.0,54.7,45.84,0,1.0,1.0,1.0,1.0,0.0,0.0,1.0,0.0,1.0,1.0,1.0,1.0,1.0,1.0
6.408634524766173,5.54,0.76,950.2670603764088,247.0110403833195,133.16,31.13,197.69218889354912,34.05,2050.0,8.537,9.44,4933000.0,54.7,45.84,0,1.0,1.0,1.0,1.0,0.0,0.0,1.0,0.0,1.0,1.0,1.0,1.0,1.0,1.0
6.370467858099506,5.54,0.76,950.2670603764088,228.36467935733964,124.41,34.44,200.30631660688704,62.33,2050.0,8.537,9.44,4933000.0,54.7,45.84,0,1.0,1.0,1.0,1.0,0.0,0.0,1.0,0.0,1.0,1.0,1.0,1.0,1.0,1.0
6.403509524766173,5.54,0.76,950.2670603764088,247.0110403833195,127.27,42.15,176.39120735630166,19.79,2050.0,8.537,9.44,4933000.0,54.7,45.84,0,1.0,1.0,1.0,1.0,0.0,0.0,1.0,0.0,1.0,1.0,1.0,1.0,1.0,1.0
6.189572439260686,5.54,0.76,950.2670603764088,228.36467935733964,101.78,75.3,200.30631660688704,50.59,2050.0,8.537,9.44,4933000.0,54.7,45.84,0,1.0,1.0,1.0,1.0,0.0,0.0,1.0,0.0,1.0,1.0,1.0,1.0,1.0,1.0
6.362414667570228,5.54,0.76,950.2670603764088,219.6812853784296,246.82,40.56,148.5304821572042,15.5,2050.0,8.537,9.44,4933000.0,54.7,45.84,0,1.0,1.0,1.0,1.0,0.0,0.0,1.0,0.0,1.0,1.0,1.0,1.0,1.0,1.0
6.285585147200153,5.54,0.76,950.2670603764088,219.6812853784296,173.9,69.05,148.5304821572042,17.98,2050.0,8.537,9.44,4933000.0,54.7,45.84,0,1.0,1.0,1.0,1.0,0.0,0.0,1.0,0.0,1.0,1.0,1.0,1.0,1.0,1.0
6.337753572385219,5.54,0.76,950.2670603764088,201.0349243524495,352.84,36.2,217.2881652410093,70.23,2050.0,8.537,9.44,4933000.0,54.7,45.84,0,1.0,1.0,1.0,1.0,0.0,0.0,1.0,0.0,1.0,1.0,1.0,1.0,1.0,1.0
6.400578136684656,5.54,0.76,950.2670603764088,1620.694422732843,233.47,45.25,64.05269302350933,9.82,2050.0,8.537,9.44,4933000.0,54.7,45.84,0,1.0,1.0,1.0,1.0,0.0,0.0,1.0,0.0,1.0,1.0,1.0,1.0,1.0,1.0
6.408634524766173,5.54,0.76,950.2670603764088,247.0110403833195,128.44,25.67,197.69218889354912,38.97,2050.0,8.537,9.44,4933000.0,54.7,45.84,0,1.0,1.0,1.0,1.0,0.0,0.0,1.0,0.0,1.0,1.0,1.0,1.0,1.0,1.0
6.147974224974972,5.54,0.76,950.2670603764088,247.0110403833195,155.69,99.76,194.2090184390037,30.13,2050.0,8.537,9.44,4933000.0,54.7,45.84,0,1.0,1.0,1.0,1.0,0.0,0.0,1.0,0.0,1.0,1.0,1.0,1.0,1.0,1.0
6.343556867554961,5.54,0.76,950.2670603764088,219.6812853784296,254.9,50.83,186.61680246547292,20.49,2050.0,8.537,9.44,4933000.0,54.7,45.84,0,1.0,1.0,1.0,1.0,0.0,0.0,1.0,0.0,1.0,1.0,1.0,1.0,1.0,1.0
6.046406866808803,5.54,0.76,950.2670603764088,247.0110403833195,138.84,171.18,202.8382391911682,38.24,2050.0,8.537,9.44,4933000.0,54.7,45.84,0,1.0,1.0,1.0,1.0,0.0,0.0,1.0,0.0,1.0,1.0,1.0,1.0,1.0,1.0
6.044821839336274,5.54,0.76,950.2670603764088,247.0110403833195,38.08,182.01,193.3254444941985,26.99,2050.0,8.537,9.44,4933000.0,54.7,45.84,0,1.0,1.0,1.0,1.0,0.0,0.0,1.0,0.0,1.0,1.0,1.0,1.0,1.0,1.0
6.608497422398943,5.54,0.76,950.2670603764088,1620.694422732843,118.91,36.41,64.05269302350933,8.28,2050.0,8.537,9.44,4933000.0,54.7,45.84,0,1.0,1.0,1.0,1.0,0.0,0.0,1.0,0.0,1.0,1.0,1.0,1.0,1.0,1.0
6.398009524766172,5.54,0.76,950.2670603764088,219.6812853784296,311.17,40.85,190.79352190991736,28.22,2050.0,8.537,9.44,4933000.0,54.7,45.84,0,1.0,1.0,1.0,1.0,0.0,0.0,1.0,0.0,1.0,1.0,1.0,1.0,1.0,1.0
6.184001931711264,5.54,0.76,950.2670603764088,247.0110403833195,80.41,58.17,145.91635444386628,13.85,2050.0,8.537,9.44,4933000.0,54.7,45.84,0,1.0,1.0,1.0,1.0,0.0,0.0,1.0,0.0,1.0,1.0,1.0,1.0,1.0,1.0
6.028217672669609,5.54,0.76,950.2670603764088,219.6812853784296,196.23,163.79,191.762852763092,20.5,2050.0,8.537,9.44,4933000.0,54.7,45.84,0,1.0,1.0,1.0,1.0,0.0,0.0,1.0,0.0,1.0,1.0,1.0,1.0,1.0,1.0
6.381790774766172,5.54,0.76,950.2670603764088,247.0110403833195,129.02,18.77,165.9048596606495,19.34,2050.0,8.537,9.44,4933000.0,54.7,45.84,0,1.0,1.0,1.0,1.0,0.0,0.0,1.0,0.0,1.0,1.0,1.0,1.0,1.0,1.0
6.3957227600602895,5.54,0.76,950.2670603764088,247.0110403833195,74.17,33.51,188.17939419657944,29.65,2050.0,8.537,9.44,4933000.0,54.7,45.84,0,1.0,1.0,1.0,1.0,0.0,0.0,1.0,0.0,1.0,1.0,1.0,1.0,1.0,1.0
6.297713158404635,5.54,0.76,950.2670603764088,219.6812853784296,175.82,65.61,200.30631660688704,39.24,2050.0,8.537,9.44,4933000.0,54.7,45.84,0,1.0,1.0,1.0,1.0,0.0,0.0,1.0,0.0,1.0,1.0,1.0,1.0,1.0,1.0
6.302088158404635,5.54,0.76,950.2670603764088,228.36467935733964,147.64,66.66,200.30631660688704,59.9,2050.0,8.537,9.44,4933000.0,54.7,45.84,0,1.0,1.0,1.0,1.0,0.0,0.0,1.0,0.0,1.0,1.0,1.0,1.0,1.0,1.0
6.298555817134794,5.54,0.76,950.2670603764088,219.6812853784296,337.17,54.81,200.30631660688704,34.33,2050.0,8.537,9.44,4933000.0,54.7,45.84,0,1.0,1.0,1.0,1.0,0.0,0.0,1.0,0.0,1.0,1.0,1.0,1.0,1.0,1.0
6.179301605927353,5.54,0.76,950.2670603764088,219.6812853784296,202.18,114.35,200.30631660688704,33.77,2050.0,8.537,9.44,4933000.0,54.7,45.84,0,1.0,1.0,1.0,1.0,0.0,0.0,1.0,0.0,1.0,1.0,1.0,1.0,1.0,1.0
6.375776378081938,5.54,0.76,950.2670603764088,247.0110403833195,119.85,32.13,145.91635444386628,17.22,2050.0,8.537,9.44,4933000.0,54.7,45.84,0,1.0,1.0,1.0,1.0,0.0,0.0,1.0,0.0,1.0,1.0,1.0,1.0,1.0,1.0
6.304055817134794,5.54,0.76,950.2670603764088,247.0110403833195,138.74,53.59,197.69218889354912,32.84,2050.0,8.537,9.44,4933000.0,54.7,45.84,0,1.0,1.0,1.0,1.0,0.0,0.0,1.0,0.0,1.0,1.0,1.0,1.0,1.0,1.0
6.311123850478774,5.54,0.76,950.2670603764088,219.6812853784296,342.26,30.33,148.5304821572042,14.01,2050.0,8.537,9.44,4933000.0,54.7,45.84,0,1.0,1.0,1.0,1.0,0.0,0.0,1.0,0.0,1.0,1.0,1.0,1.0,1.0,1.0
6.169104052955988,5.54,0.76,950.2670603764088,247.0110403833195,66.24,148.83,199.3550687366227,30.72,2050.0,8.537,9.44,4933000.0,54.7,45.84,0,1.0,1.0,1.0,1.0,0.0,0.0,1.0,0.0,1.0,1.0,1.0,1.0,1.0,1.0
6.99,5.54,1.42,1083.0,219.6812853784296,20386.853881763433,172.33011141829246,260.0517831393101,24.56466694245344,2050.0,8.537,9.44,4933000.0,54.7,45.84,1,0.0,1.0,0.0,1.0,1.0,1.0,1.0,1.0,1.0,1.0,1.0,1.0,1.0,1.0
7.1,5.54,1.42,6248.0,219.6812853784296,23368.624535714283,581.8959528284307,808.6120623859272,24.56466694245344,2050.0,8.537,9.44,4933000.0,54.7,45.84,1,0.0,1.0,0.0,1.0,1.0,1.0,1.0,1.0,1.0,1.0,1.0,1.0,1.0,1.0
7.173527168021039,5.54,,818818.2599077802,22427.304525223513,411339.825,59000.0,35764.540999999976,5183.375,2050.0,8.537,9.44,4933000.0,54.7,45.84,1,1.0,1.0,1.0,1.0,1.0,0.0,1.0,1.0,1.0,1.0,1.0,1.0,1.0,1.0
6.556932745726497,5.54,,65000.0,38000.0,5173.493750000003,586.6494861662767,1186.2577063773408,546.03025,2050.0,8.537,9.44,4933000.0,54.7,45.84,1,1.0,1.0,0.0,0.0,1.0,1.0,1.0,1.0,1.0,1.0,1.0,1.0,1.0,1.0
6.586233820042423,5.54,,31000.0,23000.0,198.63815973427324,266.36290582164327,270.59496013098084,544.53025,2050.0,8.537,9.44,4933000.0,54.7,45.84,1,1.0,1.0,0.0,0.0,1.0,1.0,1.0,1.0,1.0,1.0,1.0,1.0,1.0,1.0
6.556932745726497,5.54,,55000.0,34000.0,5173.493750000003,586.6494861662767,1186.2577063773408,546.03025,2050.0,8.537,9.44,4933000.0,54.7,45.84,1,1.0,1.0,0.0,0.0,1.0,1.0,1.0,1.0,1.0,1.0,1.0,1.0,1.0,1.0
7.511308559696289,5.54,,26000.0,18000.0,25071.06275,586.4779861662768,1155.0755728025931,529.43025,2050.0,8.537,9.44,4933000.0,54.7,45.84,1,1.0,1.0,0.0,0.0,1.0,1.0,1.0,1.0,1.0,1.0,1.0,1.0,1.0,1.0
6.613698656876704,5.54,,48000.0,30000.0,198.63815973427324,266.36290582164327,312.22354440898033,546.03025,2050.0,8.537,9.44,4933000.0,54.7,45.84,1,1.0,1.0,0.0,0.0,1.0,1.0,1.0,1.0,1.0,1.0,1.0,1.0,1.0,1.0
7.5104196708074,5.54,,21000.0,14000.0,24900.26166666667,586.4779861662768,1155.0755728025931,364.3696338399217,2050.0,8.537,9.44,4933000.0,54.7,45.84,1,1.0,1.0,0.0,0.0,1.0,1.0,1.0,1.0,1.0,1.0,1.0,1.0,1.0,1.0
6.616013688463475,5.54,,42000.0,26000.0,198.63815973427324,266.36290582164327,236.58881996225904,546.03025,2050.0,8.537,9.44,4933000.0,54.7,45.84,1,1.0,1.0,0.0,0.0,1.0,1.0,1.0,1.0,1.0,1.0,1.0,1.0,1.0,1.0
7.618230062067563,5.54,,18000.0,12000.0,25109.21791666667,577.6021255892579,1094.11798946926,364.3696338399217,2050.0,8.537,9.44,4933000.0,54.7,45.84,1,1.0,1.0,0.0,0.0,1.0,1.0,1.0,1.0,1.0,1.0,1.0,1.0,1.0,1.0
6.59213249269006,5.54,,758.3672181071645,1667.640569424486,106.62523597857428,7.87,44.83398810203367,3.49,2050.0,8.537,9.44,4933000.0,54.7,45.84,0,1.0,1.0,1.0,1.0,1.0,0.0,1.0,0.0,1.0,1.0,1.0,1.0,1.0,1.0
6.636707492690059,5.54,,758.3672181071645,1667.640569424486,106.62523597857428,9.15,44.83398810203367,4.19,2050.0,8.537,9.44,4933000.0,54.7,45.84,0,1.0,1.0,1.0,1.0,1.0,0.0,1.0,0.0,1.0,1.0,1.0,1.0,1.0,1.0
6.5047387426900585,5.54,,758.3672181071645,1667.640569424486,101.30274495013025,4.07,44.83398810203367,1.95,2050.0,8.537,9.44,4933000.0,54.7,45.84,0,1.0,1.0,1.0,1.0,1.0,0.0,1.0,0.0,1.0,1.0,1.0,1.0,1.0,1.0
6.662957492690059,5.54,,758.3672181071645,1667.640569424486,106.62523597857428,17.04,44.83398810203367,6.23,2050.0,8.537,9.44,4933000.0,54.7,45.84,0,1.0,1.0,1.0,1.0,1.0,0.0,1.0,0.0,1.0,1.0,1.0,1.0,1.0,1.0
6.6448324926900595,5.54,,758.3672181071645,1667.640569424486,106.62523597857428,9.19,44.83398810203367,4.23,2050.0,8.537,9.44,4933000.0,54.7,45.84,0,1.0,1.0,1.0,1.0,1.0,0.0,1.0,0.0,1.0,1.0,1.0,1.0,1.0,1.0
6.60438249269006,5.54,,758.3672181071645,1667.640569424486,106.62523597857428,7.68,44.83398810203367,3.76,2050.0,8.537,9.44,4933000.0,54.7,45.84,0,1.0,1.0,1.0,1.0,1.0,0.0,1.0,0.0,1.0,1.0,1.0,1.0,1.0,1.0
6.636707492690059,5.54,,758.3672181071645,1667.640569424486,106.62523597857428,9.1,44.83398810203367,3.99,2050.0,8.537,9.44,4933000.0,54.7,45.84,0,1.0,1.0,1.0,1.0,1.0,0.0,1.0,0.0,1.0,1.0,1.0,1.0,1.0,1.0
6.577738742690059,5.54,,758.3672181071645,1667.640569424486,102.4862305620782,5.96,44.83398810203367,2.53,2050.0,8.537,9.44,4933000.0,54.7,45.84,0,1.0,1.0,1.0,1.0,1.0,0.0,1.0,0.0,1.0,1.0,1.0,1.0,1.0,1.0
6.5709436038011715,5.54,,758.3672181071645,1667.640569424486,107.29735804297226,17.18,44.83398810203367,8.04,2050.0,8.537,9.44,4933000.0,54.7,45.84,0,1.0,1.0,1.0,1.0,1.0,0.0,1.0,0.0,1.0,1.0,1.0,1.0,1.0,1.0
6.662957492690059,5.54,,758.3672181071645,1667.640569424486,106.62523597857428,14.18,44.83398810203367,5.6,2050.0,8.537,9.44,4933000.0,54.7,45.84,0,1.0,1.0,1.0,1.0,1.0,0.0,1.0,0.0,1.0,1.0,1.0,1.0,1.0,1.0
5.1878006944444435,5.54,,1027.543136654311,871.1866130847993,72.84794929223789,15.66,130.1427505725275,11.05,2050.0,8.537,9.44,4933000.0,54.7,45.84,0,1.0,1.0,1.0,1.0,1.0,0.0,1.0,0.0,1.0,1.0,1.0,1.0,1.0,1.0
6.64200749269006,5.54,,758.3672181071645,1667.640569424486,106.62523597857428,11.04,44.83398810203367,4.02,2050.0,8.537,9.44,4933000.0,54.7,45.84,0,1.0,1.0,1.0,1.0,1.0,0.0,1.0,0.0,1.0,1.0,1.0,1.0,1.0,1.0
6.629757492690059,5.54,,758.3672181071645,1667.640569424486,106.62523597857428,10.48,44.83398810203367,3.72,2050.0,8.537,9.44,4933000.0,54.7,45.84,0,1.0,1.0,1.0,1.0,1.0,0.0,1.0,0.0,1.0,1.0,1.0,1.0,1.0,1.0
6.654832492690059,5.54,,758.3672181071645,1667.640569424486,106.62523597857428,9.7,44.83398810203367,3.81,2050.0,8.537,9.44,4933000.0,54.7,45.84,0,1.0,1.0,1.0,1.0,1.0,0.0,1.0,0.0,1.0,1.0,1.0,1.0,1.0,1.0
6.577738742690059,5.54,,758.3672181071645,1667.640569424486,96.21354908710045,4.91,46.99568477129639,2.1,2050.0,8.537,9.44,4933000.0,54.7,45.84,0,1.0,1.0,1.0,1.0,1.0,0.0,1.0,0.0,1.0,1.0,1.0,1.0,1.0,1.0
6.694334576023392,5.54,,758.3672181071645,1667.640569424486,107.55045514010077,23.89,44.83398810203367,3.77,2050.0,8.537,9.44,4933000.0,54.7,45.84,0,1.0,1.0,1.0,1.0,1.0,0.0,1.0,0.0,1.0,1.0,1.0,1.0,1.0,1.0
7.218679460023493,5.54,,1175140.8717368855,21317.877828313944,411347.325,30070.0,293441.756,11210.0,2050.0,8.537,9.44,4933000.0,54.7,45.84,1,1.0,1.0,1.0,1.0,1.0,0.0,1.0,0.0,1.0,1.0,1.0,1.0,1.0,1.0
7.432480478379235,5.54,,321800.0,19888.57512490044,228023.825,29043.1,31312.416499999985,4199.95,2050.0,8.537,9.44,4933000.0,54.7,45.84,1,1.0,1.0,0.0,1.0,1.0,1.0,1.0,1.0,1.0,1.0,1.0,1.0,1.0,1.0
6.837264759962238,5.54,2.85,146.0,1667.640569424486,104.36750726041244,13.441373939160297,47.39849624471043,5.62995441690365,2050.0,8.537,9.44,4933000.0,54.7,45.84,0,1.0,1.0,0.0,1.0,1.0,1.0,1.0,1.0,1.0,1.0,1.0,1.0,1.0,1.0
6.837264759962238,5.54,0.93,148.0,1667.640569424486,104.36750726041244,13.441373939160297,47.39849624471043,5.62995441690365,2050.0,8.537,9.44,4933000.0,54.7,45.84,0,1.0,1.0,0.0,1.0,1.0,1.0,1.0,1.0,1.0,1.0,1.0,1.0,1.0,1.0
6.757532632999807,5.54,1.52,502.0,1667.640569424486,104.36750726041244,12.407406557819462,47.39849624471043,5.946826396750153,2050.0,8.537,9.44,4933000.0,54.7,45.84,0,1.0,1.0,0.0,1.0,1.0,1.0,1.0,1.0,1.0,1.0,1.0,1.0,1.0,1.0
4.0,5.54,3,1027.543136654311,776.1030894118326,1303.5331217625242,330.9124330756785,177.91801381387535,12.944641379942734,2050.0,8.537,9.44,4933000.0,54.7,45.84,0,0.0,1.0,1.0,1.0,1.0,1.0,1.0,1.0,1.0,1.0,1.0,1.0,1.0,1.0
4.2,5.54,2.9,1027.543136654311,776.1030894118326,1303.5331217625242,330.9124330756785,177.91801381387535,12.944641379942734,2050.0,8.537,9.44,4933000.0,54.7,45.84,0,0.0,1.0,1.0,1.0,1.0,1.0,1.0,1.0,1.0,1.0,1.0,1.0,1.0,1.0
5.8,5.54,3.5,24250.929029789266,8986.956256228732,4399.565532186045,391.8923652136128,911.6681010764032,104.30544656873248,2050.0,8.537,9.44,4933000.0,54.7,45.84,0,0.0,1.0,1.0,1.0,1.0,1.0,1.0,1.0,1.0,1.0,1.0,1.0,1.0,1.0
5.5,5.54,3.1,1027.543136654311,219.6812853784296,248.95848592777745,155.92487125194006,175.9892488917532,24.239989003543663,2050.0,8.537,9.44,4933000.0,54.7,45.84,0,0.0,1.0,1.0,1.0,1.0,1.0,1.0,1.0,1.0,1.0,1.0,1.0,1.0,1.0
7.421056235954992,5.54,,356470.0,19684.585541567107,226282.05,38454.15,31824.792749999982,4199.95,2050.0,8.537,9.44,4933000.0,54.7,45.84,1,1.0,1.0,0.0,1.0,1.0,1.0,1.0,1.0,1.0,1.0,1.0,1.0,1.0,1.0
7.712221755315833,5.54,,152.1,4.59,21254.711479166665,529.6690931682651,386.1631897217854,30.429689526353194,2050.0,8.537,9.44,4933000.0,54.7,45.84,0,1.0,1.0,0.0,0.0,1.0,1.0,1.0,1.0,1.0,1.0,1.0,1.0,1.0,1.0
7.712221755315833,5.54,,73.67,1.14,21254.711479166665,529.6690931682651,386.1631897217854,30.429689526353194,2050.0,8.537,9.44,4933000.0,54.7,45.84,0,1.0,1.0,0.0,0.0,1.0,1.0,1.0,1.0,1.0,1.0,1.0,1.0,1.0,1.0
7.712221755315833,5.54,,35.86,0.27,21254.711479166665,529.6690931682651,386.1631897217854,30.429689526353194,2050.0,8.537,9.44,4933000.0,54.7,45.84,0,1.0,1.0,0.0,0.0,1.0,1.0,1.0,1.0,1.0,1.0,1.0,1.0,1.0,1.0
6.486071391658736,5.54,0.76,778.317554748448,1667.640569424486,141.74866764138363,63.6,40.7670484053757,3.9,2050.0,8.537,9.44,4933000.0,54.7,45.84,0,1.0,1.0,1.0,1.0,1.0,0.0,1.0,0.0,1.0,1.0,1.0,1.0,1.0,1.0
6.1,5.54,3.42,950.2670603764088,219.6812853784296,236.82572390670717,71.02732389774852,132.7568782858654,19.15126791267152,2050.0,8.537,9.44,4933000.0,54.7,45.84,0,0.0,1.0,1.0,1.0,1.0,1.0,1.0,1.0,1.0,1.0,1.0,1.0,1.0,1.0
5.2,5.54,,758.3672181071645,1565.8023092323376,112.80877394189068,9.3,0.2,1.5,2050.0,8.537,9.44,4933000.0,54.7,45.84,0,0.0,1.0,1.0,1.0,1.0,0.0,0.0,0.0,1.0,1.0,1.0,1.0,1.0,1.0
5.2,5.54,,758.3672181071645,1565.8023092323376,112.80877394189068,9.3,0.2,1.5,2050.0,8.537,9.44,4933000.0,54.7,45.84,0,0.0,1.0,1.0,1.0,1.0,0.0,0.0,0.0,1.0,1.0,1.0,1.0,1.0,1.0
5.2,5.54,,758.3672181071645,1565.8023092323376,112.80877394189068,9.3,0.2,1.5,2050.0,8.537,9.44,4933000.0,54.7,45.84,0,0.0,1.0,1.0,1.0,1.0,0.0,0.0,0.0,1.0,1.0,1.0,1.0,1.0,1.0
5.2,5.54,,758.3672181071645,1565.8023092323376,112.80877394189068,9.3,0.2,1.5,2050.0,8.537,9.44,4933000.0,54.7,45.84,0,0.0,1.0,1.0,1.0,1.0,0.0,0.0,0.0,1.0,1.0,1.0,1.0,1.0,1.0
5.2,5.54,,758.3672181071645,1565.8023092323376,112.77365975565944,5.0,0.1,0.8,2050.0,8.537,9.44,4933000.0,54.7,45.84,0,0.0,1.0,1.0,1.0,1.0,0.0,0.0,0.0,1.0,1.0,1.0,1.0,1.0,1.0
6.713240695762572,5.54,4.85,38641.40527878342,24472.84924135018,2286.889887715308,332.10604390175746,564.8559725651824,544.53025,2050.0,8.537,9.44,4933000.0,54.7,45.84,0,1.0,1.0,1.0,1.0,1.0,1.0,1.0,1.0,1.0,1.0,1.0,1.0,1.0,1.0
6.713240695762572,5.54,18.7,38641.40527878342,24472.84924135018,2286.889887715308,332.10604390175746,564.8559725651824,544.53025,2050.0,8.537,9.44,4933000.0,54.7,45.84,0,1.0,1.0,1.0,1.0,1.0,1.0,1.0,1.0,1.0,1.0,1.0,1.0,1.0,1.0
6.713240695762572,5.54,9.34,38641.40527878342,24472.84924135018,2286.889887715308,332.10604390175746,564.8559725651824,544.53025,2050.0,8.537,9.44,4933000.0,54.7,45.84,0,1.0,1.0,1.0,1.0,1.0,1.0,1.0,1.0,1.0,1.0,1.0,1.0,1.0,1.0
6.713240695762572,5.54,11.9,38641.40527878342,24472.84924135018,2286.889887715308,332.10604390175746,564.8559725651824,544.53025,2050.0,8.537,9.44,4933000.0,54.7,45.84,0,1.0,1.0,1.0,1.0,1.0,1.0,1.0,1.0,1.0,1.0,1.0,1.0,1.0,1.0
6.713240695762572,5.54,10.9,38641.40527878342,24472.84924135018,2286.889887715308,332.10604390175746,564.8559725651824,544.53025,2050.0,8.537,9.44,4933000.0,54.7,45.84,0,1.0,1.0,1.0,1.0,1.0,1.0,1.0,1.0,1.0,1.0,1.0,1.0,1.0,1.0
6.713240695762572,5.54,5.67,38641.40527878342,24472.84924135018,2286.889887715308,332.10604390175746,564.8559725651824,544.53025,2050.0,8.537,9.44,4933000.0,54.7,45.84,0,1.0,1.0,1.0,1.0,1.0,1.0,1.0,1.0,1.0,1.0,1.0,1.0,1.0,1.0
6.713240695762572,5.54,13.2,38641.40527878342,24472.84924135018,2286.889887715308,332.10604390175746,564.8559725651824,544.53025,2050.0,8.537,9.44,4933000.0,54.7,45.84,0,1.0,1.0,1.0,1.0,1.0,1.0,1.0,1.0,1.0,1.0,1.0,1.0,1.0,1.0
7.261559504725392,5.54,,1347000.0,55.0,812700.825,561245.75,585598.6305,6672.7235625,2050.0,8.537,9.44,4933000.0,54.7,45.84,1,1.0,1.0,0.0,0.0,1.0,1.0,1.0,1.0,1.0,1.0,1.0,1.0,1.0,1.0
5.297230718954248,5.54,24,1027.543136654311,201.0349243524495,2500.0,310.7125469543438,120.0,26.35051296869363,2050.0,8.537,9.44,4933000.0,54.7,45.84,1,1.0,1.0,1.0,1.0,0.0,1.0,0.0,1.0,1.0,1.0,1.0,1.0,1.0,1.0
5.128609432234433,5.54,1.5,778.317554748448,1616.8155694244858,800.0,680.0885835725826,50.0,4.965704988850152,2050.0,8.537,9.44,4933000.0,54.7,45.84,1,1.0,1.0,1.0,1.0,0.0,1.0,0.0,1.0,1.0,1.0,1.0,1.0,1.0,1.0
5.484492261904761,5.54,0.7,778.317554748448,219.6812853784296,600.0,168.8192284606986,30.0,18.64214573198353,2050.0,8.537,9.44,4933000.0,54.7,45.84,1,1.0,1.0,1.0,1.0,0.0,1.0,0.0,1.0,1.0,1.0,1.0,1.0,1.0,1.0
7.347950556952765,5.54,,460000.0,80138.37089910192,527088.05,2631942.083333333,221284.4825,6097.375,2050.0,8.537,9.44,4933000.0,54.7,45.84,1,1.0,1.0,0.0,1.0,1.0,1.0,1.0,1.0,1.0,1.0,1.0,1.0,1.0,1.0
7.712221755315833,5.54,,1888.0,159.0,23207.805598214287,564.9693120273791,642.7144397217857,32.81395720619645,2050.0,8.537,9.44,4933000.0,54.7,45.84,1,1.0,1.0,0.0,0.0,1.0,1.0,1.0,1.0,1.0,1.0,1.0,1.0,1.0,1.0
7.712221755315833,5.54,,1632.0,139.0,23207.805598214287,564.9693120273791,642.7144397217857,32.81395720619645,2050.0,8.537,9.44,4933000.0,54.7,45.84,1,1.0,1.0,0.0,0.0,1.0,1.0,1.0,1.0,1.0,1.0,1.0,1.0,1.0,1.0
7.712221755315833,5.54,,227.0,22.0,23073.086479166665,544.1066325957588,385.7381897217853,30.429689526353194,2050.0,8.537,9.44,4933000.0,54.7,45.84,0,1.0,1.0,0.0,0.0,1.0,1.0,1.0,1.0,1.0,1.0,1.0,1.0,1.0,1.0
6.719832886904763,5.54,10.2,38641.40527878342,24472.84924135018,2286.889887715308,332.10604390175746,564.8559725651824,544.53025,2050.0,8.537,0.009,4933000.0,54.7,45.84,0,1.0,1.0,1.0,1.0,1.0,1.0,1.0,1.0,1.0,1.0,0.0,1.0,1.0,1.0
6.719832886904763,5.54,,38641.40527878342,24472.84924135018,2286.889887715308,332.10604390175746,564.8559725651824,544.53025,2050.0,8.537,0.003,4933000.0,54.7,45.84,0,1.0,1.0,1.0,1.0,1.0,1.0,1.0,1.0,1.0,1.0,0.0,1.0,1.0,1.0
4.62,5.54,2.38,34300.0,10807.616010916385,6501.17275,584.3117119907785,1270.8865180016903,85.41562770014832,2050.0,8.537,9.44,4933000.0,54.7,45.84,1,0.0,1.0,0.0,1.0,1.0,1.0,1.0,1.0,1.0,1.0,1.0,1.0,1.0,1.0
5.980448354934062,5.54,1.87,950.2670603764088,219.6812853784296,268.85726696611147,59.6339559131393,155.0,17.585140961623555,2050.0,10.5,9.44,4933000.0,54.7,45.84,0,1.0,1.0,1.0,1.0,1.0,1.0,0.0,1.0,1.0,0.0,1.0,1.0,1.0,1.0
5.529309035082564,5.54,2.21,1027.543136654311,219.6812853784296,499.4970565839141,229.39506069885837,371.0,18.695294553926583,2050.0,34.9,9.44,4933000.0,54.7,45.84,1,1.0,1.0,1.0,1.0,1.0,1.0,0.0,1.0,1.0,0.0,1.0,1.0,1.0,1.0
5.772176056863673,5.54,1.23,3778.78174001895,219.6812853784296,483.0142621394697,229.39506069885837,423.0,19.280771073691476,2050.0,13.5,9.44,4933000.0,54.7,45.84,1,1.0,1.0,1.0,1.0,1.0,1.0,0.0,1.0,1.0,0.0,1.0,1.0,1.0,1.0
5.6771150560224095,5.54,1.6,989.5876664931608,219.6812853784296,527.1916786077237,243.32149239204128,236.0,19.83425339384822,2050.0,9.4,9.44,4933000.0,54.7,45.84,1,1.0,1.0,1.0,1.0,1.0,1.0,0.0,1.0,1.0,0.0,1.0,1.0,1.0,1.0
5.6771150560224095,5.54,1.92,989.5876664931608,219.6812853784296,527.1916786077237,243.32149239204128,236.0,19.83425339384822,2050.0,9.3,9.44,4933000.0,54.7,45.84,1,1.0,1.0,1.0,1.0,1.0,1.0,0.0,1.0,1.0,0.0,1.0,1.0,1.0,1.0
5.809558556394324,5.54,2.7,950.2670603764088,247.0110403833195,108.43082231162803,105.35500046584352,176.0,23.067937708688486,2050.0,19.9,9.44,4933000.0,54.7,45.84,0,1.0,1.0,1.0,1.0,1.0,1.0,0.0,1.0,1.0,0.0,1.0,1.0,1.0,1.0
4.822424206349206,5.54,1.63,1027.543136654311,803.4328444167227,94.00515345736169,70.40268550868934,127.0,10.845581735456747,2050.0,7.7,9.44,4933000.0,54.7,45.84,0,1.0,1.0,1.0,1.0,1.0,1.0,0.0,1.0,1.0,0.0,1.0,1.0,1.0,1.0
5.897915056022408,5.54,1.85,950.2670603764088,219.6812853784296,271.48103881502954,156.30674211928277,339.0,20.66078613194345,2050.0,8.9,9.44,4933000.0,54.7,45.84,1,1.0,1.0,1.0,1.0,1.0,1.0,0.0,1.0,1.0,0.0,1.0,1.0,1.0,1.0
5.5056828207009705,5.54,1.63,1027.543136654311,241.38619453086068,94.53912883614956,71.53602815502846,139.0,17.216905005382152,2050.0,4.3,9.44,4933000.0,54.7,45.84,0,1.0,1.0,1.0,1.0,1.0,1.0,0.0,1.0,1.0,0.0,1.0,1.0,1.0,1.0
5.814204389727658,5.54,1.91,950.2670603764088,247.0110403833195,106.55577413467238,75.17029326095562,162.0,24.59417461345039,2050.0,6.3,9.44,4933000.0,54.7,45.84,0,1.0,1.0,1.0,1.0,1.0,1.0,0.0,1.0,1.0,0.0,1.0,1.0,1.0,1.0
6.282562710168637,5.54,0.31,758.3672181071645,1667.640569424486,102.76048491185308,10.569147669825549,70.0,4.999655196717859,2050.0,5.9,9.44,4933000.0,54.7,45.84,0,1.0,1.0,1.0,1.0,1.0,1.0,0.0,1.0,1.0,0.0,1.0,1.0,1.0,1.0
4.818824206349207,5.54,1.03,1027.543136654311,803.4328444167227,95.508000264721,68.03059065502846,147.0,12.07781963591869,2050.0,10.1,9.44,4933000.0,54.7,45.84,0,1.0,1.0,1.0,1.0,1.0,1.0,0.0,1.0,1.0,0.0,1.0,1.0,1.0,1.0
5.421646381578946,5.54,0.47,758.3672181071645,1565.8023092323376,132.35463317919198,13.24581173086633,47.0,4.011800488645982,2050.0,8.7,9.44,4933000.0,54.7,45.84,0,1.0,1.0,1.0,1.0,1.0,1.0,0.0,1.0,1.0,0.0,1.0,1.0,1.0,1.0
6.28181479350197,5.54,0.2,950.2670603764088,1620.694422732843,40.30570793950826,39.30302939204965,80.0,5.018065581582634,2050.0,6.0,9.44,4933000.0,54.7,45.84,0,1.0,1.0,1.0,1.0,1.0,1.0,0.0,1.0,1.0,0.0,1.0,1.0,1.0,1.0
6.2172710435019685,5.54,0.2,950.2670603764088,1620.694422732843,80.80337683238012,37.8116529642726,78.0,5.17588568584364,2050.0,7.4,9.44,4933000.0,54.7,45.84,0,1.0,1.0,1.0,1.0,1.0,1.0,0.0,1.0,1.0,0.0,1.0,1.0,1.0,1.0
6.251041666666664,5.54,8.5,758.3672181071645,1667.640569424486,0.25,0.65,0.013,0.39,2050.0,8.537,9.44,4933000.0,54.7,45.84,0,1.0,1.0,1.0,1.0,0.0,0.0,0.0,0.0,1.0,1.0,1.0,1.0,1.0,1.0
7.217770405019442,5.54,,911554.3578175058,9455.785557115754,266180.0,9349.7,20376.458,2907.0762499999996,2050.0,8.537,9.44,4933000.0,54.7,45.84,1,1.0,1.0,1.0,1.0,0.0,1.0,1.0,1.0,1.0,1.0,1.0,1.0,1.0,1.0
5.476515560247186,5.54,,250555.65344319856,9786.856390449087,73670.0,631.7990750581741,5893.216749999999,105.68850000000002,2050.0,8.537,9.44,4933000.0,54.7,45.84,1,1.0,1.0,1.0,1.0,0.0,1.0,1.0,1.0,1.0,1.0,1.0,1.0,1.0,1.0
5.8130713828967595,5.54,,305305.04175520455,9825.064128544323,47690.0,3601.4380952380952,11981.750250000005,98.44433333333338,2050.0,8.537,9.44,4933000.0,54.7,45.84,1,1.0,1.0,1.0,1.0,0.0,1.0,1.0,1.0,1.0,1.0,1.0,1.0,1.0,1.0
6.5047387426900585,5.54,0.303,758.3672181071645,1667.640569424486,101.30274495013025,1.48,44.83398810203367,0.73,2050.0,8.537,9.44,4933000.0,54.7,45.84,0,1.0,1.0,1.0,1.0,1.0,0.0,1.0,0.0,1.0,1.0,1.0,1.0,1.0,1.0
6.713240695762572,5.54,0.142,38641.40527878342,24472.84924135018,2286.889887715308,332.10604390175746,564.8559725651824,544.53025,2050.0,8.537,9.44,4933000.0,54.7,45.84,0,1.0,1.0,1.0,1.0,1.0,1.0,1.0,1.0,1.0,1.0,1.0,1.0,1.0,1.0
6.5047387426900585,5.54,0.376,758.3672181071645,1667.640569424486,101.30274495013025,2.76,44.83398810203367,0.2,2050.0,8.537,9.44,4933000.0,54.7,45.84,0,1.0,1.0,1.0,1.0,1.0,0.0,1.0,0.0,1.0,1.0,1.0,1.0,1.0,1.0
6.5047387426900585,5.54,0.698,758.3672181071645,1667.640569424486,101.30274495013025,6.07,44.83398810203367,1.45,2050.0,8.537,9.44,4933000.0,54.7,45.84,0,1.0,1.0,1.0,1.0,1.0,0.0,1.0,0.0,1.0,1.0,1.0,1.0,1.0,1.0
6.5047387426900585,5.54,0.926,758.3672181071645,1667.640569424486,101.30274495013025,4.68,44.83398810203367,1.06,2050.0,8.537,9.44,4933000.0,54.7,45.84,0,1.0,1.0,1.0,1.0,1.0,0.0,1.0,0.0,1.0,1.0,1.0,1.0,1.0,1.0
6.5047387426900585,5.54,0.239,758.3672181071645,1667.640569424486,101.30274495013025,0.81,44.83398810203367,1.0,2050.0,8.537,9.44,4933000.0,54.7,45.84,0,1.0,1.0,1.0,1.0,1.0,0.0,1.0,0.0,1.0,1.0,1.0,1.0,1.0,1.0
6.5047387426900585,5.54,0.655,758.3672181071645,1667.640569424486,101.30274495013025,4.82,44.83398810203367,0.86,2050.0,8.537,9.44,4933000.0,54.7,45.84,0,1.0,1.0,1.0,1.0,1.0,0.0,1.0,0.0,1.0,1.0,1.0,1.0,1.0,1.0
6.5047387426900585,5.54,0.924,758.3672181071645,1667.640569424486,101.30274495013025,4.16,44.83398810203367,0.75,2050.0,8.537,9.44,4933000.0,54.7,45.84,0,1.0,1.0,1.0,1.0,1.0,0.0,1.0,0.0,1.0,1.0,1.0,1.0,1.0,1.0
5.6900629757122,5.54,9.63,950.2670603764088,871.271104608871,97.741421476541,62.83622462624301,132.60293418995175,11.39935279914595,2050.0,0.0111,9.44,4933000.0,54.7,45.84,0,1.0,1.0,1.0,1.0,1.0,1.0,1.0,1.0,1.0,0.0,1.0,1.0,1.0,1.0
5.6900629757122,5.54,12.36,950.2670603764088,871.271104608871,97.741421476541,62.83622462624301,132.60293418995175,11.39935279914595,2050.0,0.0093,9.44,4933000.0,54.7,45.84,0,1.0,1.0,1.0,1.0,1.0,1.0,1.0,1.0,1.0,0.0,1.0,1.0,1.0,1.0
5.6900629757122,5.54,7.14,950.2670603764088,871.271104608871,97.741421476541,62.83622462624301,132.60293418995175,11.39935279914595,2050.0,0.0196,9.44,4933000.0,54.7,45.84,0,1.0,1.0,1.0,1.0,1.0,1.0,1.0,1.0,1.0,0.0,1.0,1.0,1.0,1.0
5.6900629757122,5.54,8.23,950.2670603764088,871.271104608871,97.741421476541,62.83622462624301,132.60293418995175,11.39935279914595,2050.0,0.0312,9.44,4933000.0,54.7,45.84,0,1.0,1.0,1.0,1.0,1.0,1.0,1.0,1.0,1.0,0.0,1.0,1.0,1.0,1.0
6.713240695762572,5.54,8.1,38641.40527878342,24472.84924135018,2286.889887715308,332.10604390175746,564.8559725651824,544.53025,2050.0,8.537,9.44,4933000.0,54.7,45.84,0,1.0,1.0,1.0,1.0,1.0,1.0,1.0,1.0,1.0,1.0,1.0,1.0,1.0,1.0
5.6900629757122,5.54,3.87,950.2670603764088,871.271104608871,97.741421476541,62.83622462624301,132.60293418995175,11.39935279914595,2050.0,0.0057,9.44,4933000.0,54.7,45.84,0,1.0,1.0,1.0,1.0,1.0,1.0,1.0,1.0,1.0,0.0,1.0,1.0,1.0,1.0
5.6900629757122,5.54,3.6,950.2670603764088,871.271104608871,97.741421476541,62.83622462624301,132.60293418995175,11.39935279914595,2050.0,0.0154,9.44,4933000.0,54.7,45.84,0,1.0,1.0,1.0,1.0,1.0,1.0,1.0,1.0,1.0,0.0,1.0,1.0,1.0,1.0
5.6900629757122,5.54,6.25,950.2670603764088,871.271104608871,97.741421476541,62.83622462624301,132.60293418995175,11.39935279914595,2050.0,0.013,9.44,4933000.0,54.7,45.84,0,1.0,1.0,1.0,1.0,1.0,1.0,1.0,1.0,1.0,0.0,1.0,1.0,1.0,1.0
5.6900629757122,5.54,9.6,950.2670603764088,871.271104608871,97.741421476541,62.83622462624301,132.60293418995175,11.39935279914595,2050.0,0.0078,9.44,4933000.0,54.7,45.84,0,1.0,1.0,1.0,1.0,1.0,1.0,1.0,1.0,1.0,0.0,1.0,1.0,1.0,1.0
5.6900629757122,5.54,8.23,950.2670603764088,871.271104608871,97.741421476541,62.83622462624301,132.60293418995175,11.39935279914595,2050.0,0.0382,9.44,4933000.0,54.7,45.84,0,1.0,1.0,1.0,1.0,1.0,1.0,1.0,1.0,1.0,0.0,1.0,1.0,1.0,1.0
5.6900629757122,5.54,9.84,950.2670603764088,871.271104608871,97.741421476541,62.83622462624301,132.60293418995175,11.39935279914595,2050.0,0.0114,9.44,4933000.0,54.7,45.84,0,1.0,1.0,1.0,1.0,1.0,1.0,1.0,1.0,1.0,0.0,1.0,1.0,1.0,1.0
5.6900629757122,5.54,5.3,950.2670603764088,871.271104608871,97.741421476541,62.83622462624301,132.60293418995175,11.39935279914595,2050.0,0.0247,9.44,4933000.0,54.7,45.84,0,1.0,1.0,1.0,1.0,1.0,1.0,1.0,1.0,1.0,0.0,1.0,1.0,1.0,1.0
5.6900629757122,5.54,6.84,950.2670603764088,871.271104608871,97.741421476541,62.83622462624301,132.60293418995175,11.39935279914595,2050.0,0.0093,9.44,4933000.0,54.7,45.84,0,1.0,1.0,1.0,1.0,1.0,1.0,1.0,1.0,1.0,0.0,1.0,1.0,1.0,1.0
5.6900629757122,5.54,6.51,950.2670603764088,871.271104608871,97.741421476541,62.83622462624301,132.60293418995175,11.39935279914595,2050.0,0.0106,9.44,4933000.0,54.7,45.84,0,1.0,1.0,1.0,1.0,1.0,1.0,1.0,1.0,1.0,0.0,1.0,1.0,1.0,1.0
5.6900629757122,5.54,9.11,950.2670603764088,871.271104608871,97.741421476541,62.83622462624301,132.60293418995175,11.39935279914595,2050.0,0.0128,9.44,4933000.0,54.7,45.84,0,1.0,1.0,1.0,1.0,1.0,1.0,1.0,1.0,1.0,0.0,1.0,1.0,1.0,1.0
6.66724953867512,5.54,,950.2670603764088,1620.694422732843,47.7,40.5,70.28132938943003,7.2,2050.0,8.537,9.44,4933000.0,54.7,45.84,0,1.0,1.0,1.0,1.0,0.0,0.0,1.0,0.0,1.0,1.0,1.0,1.0,1.0,1.0
7.235561659305402,5.54,,874714.8119212929,63871.96665414616,812700.825,334500.0,825369.7787499999,7020.3,2050.0,8.537,9.44,4933000.0,54.7,45.84,1,1.0,1.0,1.0,1.0,1.0,0.0,1.0,1.0,1.0,1.0,1.0,1.0,1.0,1.0
6.722511186921375,5.54,,920.0,1667.640569424486,112.32332905527636,39.029679180860725,49.97347440199078,5.834386892132474,2050.0,8.537,9.44,4933000.0,54.7,45.84,1,1.0,1.0,0.0,1.0,1.0,1.0,1.0,1.0,1.0,1.0,1.0,1.0,1.0,1.0
5.110296550778675,5.54,,1027.543136654311,0.0019066802114763,889.6574181910566,294.26823262546833,153.18137220593317,19.328239583333335,2050.0,8.537,9.44,4933000.0,54.7,45.84,0,1.0,1.0,1.0,0.0,1.0,1.0,1.0,1.0,1.0,1.0,1.0,1.0,1.0,1.0
5.110296550778675,5.54,,1027.543136654311,0.0056346954903384,889.6574181910566,294.26823262546833,153.18137220593317,19.328239583333335,2050.0,8.537,9.44,4933000.0,54.7,45.84,0,1.0,1.0,1.0,0.0,1.0,1.0,1.0,1.0,1.0,1.0,1.0,1.0,1.0,1.0
5.110296550778675,5.54,,1027.543136654311,0.0060898260697171,889.6574181910566,294.26823262546833,153.18137220593317,19.328239583333335,2050.0,8.537,9.44,4933000.0,54.7,45.84,0,1.0,1.0,1.0,0.0,1.0,1.0,1.0,1.0,1.0,1.0,1.0,1.0,1.0,1.0
5.110296550778675,5.54,,1027.543136654311,0.0107758350829031,889.6574181910566,294.26823262546833,153.18137220593317,19.328239583333335,2050.0,8.537,9.44,4933000.0,54.7,45.84,0,1.0,1.0,1.0,0.0,1.0,1.0,1.0,1.0,1.0,1.0,1.0,1.0,1.0,1.0
5.110296550778675,5.54,,1027.543136654311,0.0049540225614138,889.6574181910566,294.26823262546833,153.18137220593317,19.328239583333335,2050.0,8.537,9.44,4933000.0,54.7,45.84,0,1.0,1.0,1.0,0.0,1.0,1.0,1.0,1.0,1.0,1.0,1.0,1.0,1.0,1.0
5.110296550778675,5.54,,1027.543136654311,0.0052848955650909,889.6574181910566,294.26823262546833,153.18137220593317,19.328239583333335,2050.0,8.537,9.44,4933000.0,54.7,45.84,0,1.0,1.0,1.0,0.0,1.0,1.0,1.0,1.0,1.0,1.0,1.0,1.0,1.0,1.0
5.110296550778675,5.54,,1027.543136654311,0.0038543253583388,889.6574181910566,294.26823262546833,153.18137220593317,19.328239583333335,2050.0,8.537,9.44,4933000.0,54.7,45.84,0,1.0,1.0,1.0,0.0,1.0,1.0,1.0,1.0,1.0,1.0,1.0,1.0,1.0,1.0
5.110296550778675,5.54,,1027.543136654311,0.0085918802640564,889.6574181910566,294.26823262546833,153.18137220593317,19.328239583333335,2050.0,8.537,9.44,4933000.0,54.7,45.84,0,1.0,1.0,1.0,0.0,1.0,1.0,1.0,1.0,1.0,1.0,1.0,1.0,1.0,1.0
5.110296550778675,5.54,,1027.543136654311,0.0042144704910294,889.6574181910566,294.26823262546833,153.18137220593317,19.328239583333335,2050.0,8.537,9.44,4933000.0,54.7,45.84,0,1.0,1.0,1.0,0.0,1.0,1.0,1.0,1.0,1.0,1.0,1.0,1.0,1.0,1.0
5.110296550778675,5.54,,1027.543136654311,0.0037978317322265,889.6574181910566,294.26823262546833,153.18137220593317,19.328239583333335,2050.0,8.537,9.44,4933000.0,54.7,45.84,0,1.0,1.0,1.0,0.0,1.0,1.0,1.0,1.0,1.0,1.0,1.0,1.0,1.0,1.0
5.110296550778675,5.54,,1027.543136654311,0.0088598070531158,889.6574181910566,294.26823262546833,153.18137220593317,19.328239583333335,2050.0,8.537,9.44,4933000.0,54.7,45.84,0,1.0,1.0,1.0,0.0,1.0,1.0,1.0,1.0,1.0,1.0,1.0,1.0,1.0,1.0
5.110296550778675,5.54,,1027.543136654311,0.0160658155592508,889.6574181910566,294.26823262546833,153.18137220593317,19.328239583333335,2050.0,8.537,9.44,4933000.0,54.7,45.84,0,1.0,1.0,1.0,0.0,1.0,1.0,1.0,1.0,1.0,1.0,1.0,1.0,1.0,1.0
5.110296550778675,5.54,,1027.543136654311,0.0022498523848585,889.6574181910566,294.26823262546833,153.18137220593317,19.328239583333335,2050.0,8.537,9.44,4933000.0,54.7,45.84,0,1.0,1.0,1.0,0.0,1.0,1.0,1.0,1.0,1.0,1.0,1.0,1.0,1.0,1.0
5.110296550778675,5.54,,1027.543136654311,0.0036043072523456,889.6574181910566,294.26823262546833,153.18137220593317,19.328239583333335,2050.0,8.537,9.44,4933000.0,54.7,45.84,0,1.0,1.0,1.0,0.0,1.0,1.0,1.0,1.0,1.0,1.0,1.0,1.0,1.0,1.0
5.110296550778675,5.54,,1027.543136654311,0.0029037144334968,889.6574181910566,294.26823262546833,153.18137220593317,19.328239583333335,2050.0,8.537,9.44,4933000.0,54.7,45.84,0,1.0,1.0,1.0,0.0,1.0,1.0,1.0,1.0,1.0,1.0,1.0,1.0,1.0,1.0
5.110296550778675,5.54,,1027.543136654311,0.0103714195415629,889.6574181910566,294.26823262546833,153.18137220593317,19.328239583333335,2050.0,8.537,9.44,4933000.0,54.7,45.84,0,1.0,1.0,1.0,0.0,1.0,1.0,1.0,1.0,1.0,1.0,1.0,1.0,1.0,1.0
5.110296550778675,5.54,,1027.543136654311,0.0357966891086082,889.6574181910566,294.26823262546833,153.18137220593317,19.328239583333335,2050.0,8.537,9.44,4933000.0,54.7,45.84,0,1.0,1.0,1.0,0.0,1.0,1.0,1.0,1.0,1.0,1.0,1.0,1.0,1.0,1.0
5.110296550778675,5.54,,1027.543136654311,0.0064271152249126,889.6574181910566,294.26823262546833,153.18137220593317,19.328239583333335,2050.0,8.537,9.44,4933000.0,54.7,45.84,0,1.0,1.0,1.0,0.0,1.0,1.0,1.0,1.0,1.0,1.0,1.0,1.0,1.0,1.0
5.110296550778675,5.54,,1027.543136654311,0.0064464644214218,889.6574181910566,294.26823262546833,153.18137220593317,19.328239583333335,2050.0,8.537,9.44,4933000.0,54.7,45.84,0,1.0,1.0,1.0,0.0,1.0,1.0,1.0,1.0,1.0,1.0,1.0,1.0,1.0,1.0
5.110296550778675,5.54,,1027.543136654311,0.0019737181725608,889.6574181910566,294.26823262546833,153.18137220593317,19.328239583333335,2050.0,8.537,9.44,4933000.0,54.7,45.84,0,1.0,1.0,1.0,0.0,1.0,1.0,1.0,1.0,1.0,1.0,1.0,1.0,1.0,1.0
5.110296550778675,5.54,,1027.543136654311,0.0017949027457245,889.6574181910566,294.26823262546833,153.18137220593317,19.328239583333335,2050.0,8.537,9.44,4933000.0,54.7,45.84,0,1.0,1.0,1.0,0.0,1.0,1.0,1.0,1.0,1.0,1.0,1.0,1.0,1.0,1.0
5.110296550778675,5.54,,1027.543136654311,0.0014465364681588,889.6574181910566,294.26823262546833,153.18137220593317,19.328239583333335,2050.0,8.537,9.44,4933000.0,54.7,45.84,0,1.0,1.0,1.0,0.0,1.0,1.0,1.0,1.0,1.0,1.0,1.0,1.0,1.0,1.0
5.110296550778675,5.54,,1027.543136654311,0.0007627944868059,889.6574181910566,294.26823262546833,153.18137220593317,19.328239583333335,2050.0,8.537,9.44,4933000.0,54.7,45.84,0,1.0,1.0,1.0,0.0,1.0,1.0,1.0,1.0,1.0,1.0,1.0,1.0,1.0,1.0
5.110296550778675,5.54,,1027.543136654311,0.0419257627196009,889.6574181910566,294.26823262546833,153.18137220593317,19.328239583333335,2050.0,8.537,9.44,4933000.0,54.7,45.84,0,1.0,1.0,1.0,0.0,1.0,1.0,1.0,1.0,1.0,1.0,1.0,1.0,1.0,1.0
5.110296550778675,5.54,,1027.543136654311,0.0024421336432677,889.6574181910566,294.26823262546833,153.18137220593317,19.328239583333335,2050.0,8.537,9.44,4933000.0,54.7,45.84,0,1.0,1.0,1.0,0.0,1.0,1.0,1.0,1.0,1.0,1.0,1.0,1.0,1.0,1.0
5.110296550778675,5.54,,1027.543136654311,0.0022831541969293,889.6574181910566,294.26823262546833,153.18137220593317,19.328239583333335,2050.0,8.537,9.44,4933000.0,54.7,45.84,0,1.0,1.0,1.0,0.0,1.0,1.0,1.0,1.0,1.0,1.0,1.0,1.0,1.0,1.0
4.967238963227336,5.54,,1027.543136654311,377.8685395161939,112.7134235244844,166.54883659331313,173.37512117841524,23.535909519654968,2050.0,8.537,9.44,4933000.0,54.7,45.84,0,1.0,1.0,1.0,0.0,1.0,1.0,1.0,1.0,1.0,1.0,1.0,1.0,1.0,1.0
4.965635148292272,5.54,,1027.543136654311,473.92827790618986,99.14976689656744,71.53602815502846,130.1427505725275,14.30738339502128,2050.0,8.537,9.44,4933000.0,54.7,45.84,0,1.0,1.0,1.0,0.0,1.0,1.0,1.0,1.0,1.0,1.0,1.0,1.0,1.0,1.0
4.965635148292272,5.54,,1027.543136654311,481.8108012572651,99.14976689656744,71.53602815502846,130.1427505725275,14.270939663778682,2050.0,8.537,9.44,4933000.0,54.7,45.84,0,1.0,1.0,1.0,0.0,1.0,1.0,1.0,1.0,1.0,1.0,1.0,1.0,1.0,1.0
4.910635148292272,5.54,,1027.543136654311,495.7903101659007,99.14976689656744,71.53602815502846,130.1427505725275,14.30738339502128,2050.0,8.537,9.44,4933000.0,54.7,45.84,0,1.0,1.0,1.0,0.0,1.0,1.0,1.0,1.0,1.0,1.0,1.0,1.0,1.0,1.0
4.910635148292272,5.54,,1027.543136654311,491.8774111187438,99.14976689656744,71.53602815502846,130.1427505725275,14.30738339502128,2050.0,8.537,9.44,4933000.0,54.7,45.84,0,1.0,1.0,1.0,0.0,1.0,1.0,1.0,1.0,1.0,1.0,1.0,1.0,1.0,1.0
4.910635148292272,5.54,,1027.543136654311,498.19873840357303,99.14976689656744,71.53602815502846,130.1427505725275,14.30738339502128,2050.0,8.537,9.44,4933000.0,54.7,45.84,0,1.0,1.0,1.0,0.0,1.0,1.0,1.0,1.0,1.0,1.0,1.0,1.0,1.0,1.0
5.064568481625604,5.54,,1027.543136654311,436.811081968953,107.7102459946436,114.84857219348751,130.1427505725275,14.603620807881232,2050.0,8.537,9.44,4933000.0,54.7,45.84,0,1.0,1.0,1.0,0.0,1.0,1.0,1.0,1.0,1.0,1.0,1.0,1.0,1.0,1.0
4.965531242042272,5.54,,1027.543136654311,706.7653965144665,100.72638832513886,66.28065722168581,130.1427505725275,11.793178472596036,2050.0,8.537,9.44,4933000.0,54.7,45.84,0,1.0,1.0,1.0,0.0,1.0,1.0,1.0,1.0,1.0,1.0,1.0,1.0,1.0,1.0
4.893257767339891,5.54,,1027.543136654311,559.9085424571593,99.14976689656744,70.40268550868934,130.1427505725275,11.749131020973252,2050.0,8.537,9.44,4933000.0,54.7,45.84,0,1.0,1.0,1.0,0.0,1.0,1.0,1.0,1.0,1.0,1.0,1.0,1.0,1.0,1.0
4.910635148292272,5.54,,1027.543136654311,509.054152449123,99.14976689656744,71.53602815502846,130.1427505725275,14.30738339502128,2050.0,8.537,9.44,4933000.0,54.7,45.84,0,1.0,1.0,1.0,0.0,1.0,1.0,1.0,1.0,1.0,1.0,1.0,1.0,1.0,1.0
5.685416705723446,5.54,,950.2670603764088,457.5454265359351,124.11012831519348,100.70684476369316,130.1427505725275,15.103965788278014,2050.0,8.537,9.44,4933000.0,54.7,45.84,0,1.0,1.0,1.0,0.0,1.0,1.0,1.0,1.0,1.0,1.0,1.0,1.0,1.0,1.0
4.986822691197691,5.54,,1027.543136654311,773.1519205252386,100.72638832513886,66.28065722168581,130.1427505725275,11.793178472596036,2050.0,8.537,9.44,4933000.0,54.7,45.84,0,1.0,1.0,1.0,0.0,1.0,1.0,1.0,1.0,1.0,1.0,1.0,1.0,1.0,1.0
4.86322983624321,5.54,,1027.543136654311,333.7100821127668,98.19493582616144,166.15357231028017,135.28880087014653,16.662264455190527,2050.0,8.537,9.44,4933000.0,54.7,45.84,0,1.0,1.0,1.0,0.0,1.0,1.0,1.0,1.0,1.0,1.0,1.0,1.0,1.0,1.0
4.929402184728058,5.54,,1027.543136654311,291.8917312509883,112.7134235244844,166.15357231028017,173.37512117841524,23.535909519654968,2050.0,8.537,9.44,4933000.0,54.7,45.84,0,1.0,1.0,1.0,0.0,1.0,1.0,1.0,1.0,1.0,1.0,1.0,1.0,1.0,1.0
4.86322983624321,5.54,,1027.543136654311,327.9485292385913,98.19493582616144,166.15357231028017,135.28880087014653,16.662264455190527,2050.0,8.537,9.44,4933000.0,54.7,45.84,0,1.0,1.0,1.0,0.0,1.0,1.0,1.0,1.0,1.0,1.0,1.0,1.0,1.0,1.0
4.994057539682539,5.54,,1027.543136654311,833.8417679886195,100.72638832513886,66.28065722168581,130.1427505725275,11.793178472596036,2050.0,8.537,9.44,4933000.0,54.7,45.84,0,1.0,1.0,1.0,0.0,1.0,1.0,1.0,1.0,1.0,1.0,1.0,1.0,1.0,1.0
5.685416705723446,5.54,,950.2670603764088,455.8427446019551,124.11012831519348,100.70684476369316,130.1427505725275,15.103965788278014,2050.0,8.537,9.44,4933000.0,54.7,45.84,0,1.0,1.0,1.0,0.0,1.0,1.0,1.0,1.0,1.0,1.0,1.0,1.0,1.0,1.0
5.685416705723446,5.54,,950.2670603764088,440.2033805849206,124.11012831519348,100.70684476369316,130.1427505725275,15.103965788278014,2050.0,8.537,9.44,4933000.0,54.7,45.84,0,1.0,1.0,1.0,0.0,1.0,1.0,1.0,1.0,1.0,1.0,1.0,1.0,1.0,1.0
4.994057539682539,5.54,,1027.543136654311,832.6896016543303,100.72638832513886,66.28065722168581,130.1427505725275,11.793178472596036,2050.0,8.537,9.44,4933000.0,54.7,45.84,0,1.0,1.0,1.0,0.0,1.0,1.0,1.0,1.0,1.0,1.0,1.0,1.0,1.0,1.0
4.967238963227336,5.54,,1027.543136654311,405.7154926221991,112.7134235244844,166.54883659331313,173.37512117841524,23.535909519654968,2050.0,8.537,9.44,4933000.0,54.7,45.84,0,1.0,1.0,1.0,0.0,1.0,1.0,1.0,1.0,1.0,1.0,1.0,1.0,1.0,1.0
4.929402184728058,5.54,,1027.543136654311,307.3073925622917,112.7134235244844,166.15357231028017,173.37512117841524,23.535909519654968,2050.0,8.537,9.44,4933000.0,54.7,45.84,0,1.0,1.0,1.0,0.0,1.0,1.0,1.0,1.0,1.0,1.0,1.0,1.0,1.0,1.0
4.929402184728058,5.54,,1027.543136654311,306.37685908078635,112.7134235244844,166.15357231028017,173.37512117841524,23.535909519654968,2050.0,8.537,9.44,4933000.0,54.7,45.84,0,1.0,1.0,1.0,0.0,1.0,1.0,1.0,1.0,1.0,1.0,1.0,1.0,1.0,1.0
5.1236036936358165,5.54,,1027.543136654311,192.86031409700033,923.1608192327236,291.0553417756543,171.2791872974187,25.55645705516392,2050.0,8.537,9.44,4933000.0,54.7,45.84,0,1.0,1.0,1.0,0.0,1.0,1.0,1.0,1.0,1.0,1.0,1.0,1.0,1.0,1.0
4.815703365124459,5.54,,1027.543136654311,997.5765938261112,99.14976689656744,68.65275207534671,130.1427505725275,11.249265283572878,2050.0,8.537,9.44,4933000.0,54.7,45.84,0,1.0,1.0,1.0,0.0,1.0,1.0,1.0,1.0,1.0,1.0,1.0,1.0,1.0,1.0
4.86322983624321,5.54,,1027.543136654311,351.4882808136385,98.19493582616144,166.15357231028017,135.28880087014653,16.662264455190527,2050.0,8.537,9.44,4933000.0,54.7,45.84,0,1.0,1.0,1.0,0.0,1.0,1.0,1.0,1.0,1.0,1.0,1.0,1.0,1.0,1.0
4.929402184728058,5.54,,1027.543136654311,310.70020198862454,112.7134235244844,166.15357231028017,173.37512117841524,23.535909519654968,2050.0,8.537,9.44,4933000.0,54.7,45.84,0,1.0,1.0,1.0,0.0,1.0,1.0,1.0,1.0,1.0,1.0,1.0,1.0,1.0,1.0
6.837264759962238,5.54,,0.0,1667.640569424486,104.36750726041244,13.441373939160297,47.39849624471043,5.62995441690365,2050.0,8.537,9.44,4933000.0,54.7,45.84,0,1.0,1.0,0.0,1.0,1.0,1.0,1.0,1.0,1.0,1.0,1.0,1.0,1.0,1.0
6.713240695762572,5.54,,38641.40527878342,24472.84924135018,2286.889887715308,332.10604390175746,564.8559725651824,544.53025,2050.0,8.537,9.44,4933000.0,54.7,45.84,0,1.0,1.0,1.0,1.0,1.0,1.0,1.0,1.0,1.0,1.0,1.0,1.0,1.0,1.0
5.110296550778675,5.54,,1027.543136654311,1.0,889.6574181910566,294.26823262546833,153.18137220593317,19.328239583333335,2050.0,8.537,9.44,4933000.0,54.7,45.84,0,1.0,1.0,1.0,0.0,1.0,1.0,1.0,1.0,1.0,1.0,1.0,1.0,1.0,1.0
5.110296550778675,5.54,1,1027.543136654311,0.27,889.6574181910566,294.26823262546833,153.18137220593317,19.328239583333335,2050.0,8.537,9.44,4933000.0,54.7,45.84,0,1.0,1.0,1.0,0.0,1.0,1.0,1.0,1.0,1.0,1.0,1.0,1.0,1.0,1.0
5.110296550778675,5.54,0.32,1027.543136654311,0.12,889.6574181910566,294.26823262546833,153.18137220593317,19.328239583333335,2050.0,8.537,9.44,4933000.0,54.7,45.84,0,1.0,1.0,1.0,0.0,1.0,1.0,1.0,1.0,1.0,1.0,1.0,1.0,1.0,1.0
6.713240695762572,5.54,.432*,38641.40527878342,24472.84924135018,2286.889887715308,332.10604390175746,564.8559725651824,544.53025,2050.0,8.537,9.44,4933000.0,54.7,45.84,0,1.0,1.0,1.0,1.0,1.0,1.0,1.0,1.0,1.0,1.0,1.0,1.0,1.0,1.0
6.506367991056071,5.54,,950.2670603764088,1620.694422732843,3.66,0.51,70.28132938943003,0.45,2050.0,8.537,9.44,4933000.0,54.7,45.84,0,1.0,1.0,1.0,1.0,0.0,0.0,1.0,0.0,1.0,1.0,1.0,1.0,1.0,1.0
5.568919858051462,5.54,,1027.543136654311,8257.672145693457,658.42,241.3,85.3009315248423,151.21,2050.0,8.537,9.44,4933000.0,54.7,45.84,1,1.0,1.0,1.0,1.0,0.0,0.0,1.0,0.0,1.0,1.0,1.0,1.0,1.0,1.0
6.713240695762572,5.54,,38641.40527878342,24472.84924135018,2286.889887715308,332.10604390175746,564.8559725651824,544.53025,2050.0,8.537,9.44,4933000.0,54.7,45.84,0,1.0,1.0,1.0,1.0,1.0,1.0,1.0,1.0,1.0,1.0,1.0,1.0,1.0,1.0
6.713240695762572,5.54,,38641.40527878342,24472.84924135018,2286.889887715308,332.10604390175746,564.8559725651824,544.53025,2050.0,8.537,9.44,4933000.0,54.7,45.84,0,1.0,1.0,1.0,1.0,1.0,1.0,1.0,1.0,1.0,1.0,1.0,1.0,1.0,1.0
6.713240695762572,5.54,,38641.40527878342,24472.84924135018,2286.889887715308,332.10604390175746,564.8559725651824,544.53025,2050.0,8.537,9.44,4933000.0,54.7,45.84,0,1.0,1.0,1.0,1.0,1.0,1.0,1.0,1.0,1.0,1.0,1.0,1.0,1.0,1.0
6.713240695762572,5.54,,38641.40527878342,24472.84924135018,2286.889887715308,332.10604390175746,564.8559725651824,544.53025,2050.0,8.537,9.44,4933000.0,54.7,45.84,0,1.0,1.0,1.0,1.0,1.0,1.0,1.0,1.0,1.0,1.0,1.0,1.0,1.0,1.0
6.713240695762572,5.54,,38641.40527878342,24472.84924135018,2286.889887715308,332.10604390175746,564.8559725651824,544.53025,2050.0,8.537,9.44,4933000.0,54.7,45.84,0,1.0,1.0,1.0,1.0,1.0,1.0,1.0,1.0,1.0,1.0,1.0,1.0,1.0,1.0
6.713240695762572,5.54,,38641.40527878342,24472.84924135018,2286.889887715308,332.10604390175746,564.8559725651824,544.53025,2050.0,8.537,9.44,4933000.0,54.7,45.84,0,1.0,1.0,1.0,1.0,1.0,1.0,1.0,1.0,1.0,1.0,1.0,1.0,1.0,1.0
6.713240695762572,5.54,,38641.40527878342,24472.84924135018,2286.889887715308,332.10604390175746,564.8559725651824,544.53025,2050.0,8.537,9.44,4933000.0,54.7,45.84,0,1.0,1.0,1.0,1.0,1.0,1.0,1.0,1.0,1.0,1.0,1.0,1.0,1.0,1.0
6.713240695762572,5.54,,38641.40527878342,24472.84924135018,2286.889887715308,332.10604390175746,564.8559725651824,544.53025,2050.0,8.537,9.44,4933000.0,54.7,45.84,0,1.0,1.0,1.0,1.0,1.0,1.0,1.0,1.0,1.0,1.0,1.0,1.0,1.0,1.0
6.713240695762572,5.54,,38641.40527878342,24472.84924135018,2286.889887715308,332.10604390175746,564.8559725651824,544.53025,2050.0,8.537,9.44,4933000.0,54.7,45.84,0,1.0,1.0,1.0,1.0,1.0,1.0,1.0,1.0,1.0,1.0,1.0,1.0,1.0,1.0
6.713240695762572,5.54,,38641.40527878342,24472.84924135018,2286.889887715308,332.10604390175746,564.8559725651824,544.53025,2050.0,8.537,9.44,4933000.0,54.7,45.84,0,1.0,1.0,1.0,1.0,1.0,1.0,1.0,1.0,1.0,1.0,1.0,1.0,1.0,1.0
6.713240695762572,5.54,,38641.40527878342,24472.84924135018,2286.889887715308,332.10604390175746,564.8559725651824,544.53025,2050.0,8.537,9.44,4933000.0,54.7,45.84,0,1.0,1.0,1.0,1.0,1.0,1.0,1.0,1.0,1.0,1.0,1.0,1.0,1.0,1.0
6.713240695762572,5.54,,38641.40527878342,24472.84924135018,2286.889887715308,332.10604390175746,564.8559725651824,544.53025,2050.0,8.537,9.44,4933000.0,54.7,45.84,0,1.0,1.0,1.0,1.0,1.0,1.0,1.0,1.0,1.0,1.0,1.0,1.0,1.0,1.0
6.713240695762572,5.54,,38641.40527878342,24472.84924135018,2286.889887715308,332.10604390175746,564.8559725651824,544.53025,2050.0,8.537,9.44,4933000.0,54.7,45.84,0,1.0,1.0,1.0,1.0,1.0,1.0,1.0,1.0,1.0,1.0,1.0,1.0,1.0,1.0
6.713240695762572,5.54,,38641.40527878342,24472.84924135018,2286.889887715308,332.10604390175746,564.8559725651824,544.53025,2050.0,8.537,9.44,4933000.0,54.7,45.84,0,1.0,1.0,1.0,1.0,1.0,1.0,1.0,1.0,1.0,1.0,1.0,1.0,1.0,1.0
6.713240695762572,5.54,,38641.40527878342,24472.84924135018,2286.889887715308,332.10604390175746,564.8559725651824,544.53025,2050.0,8.537,9.44,4933000.0,54.7,45.84,0,1.0,1.0,1.0,1.0,1.0,1.0,1.0,1.0,1.0,1.0,1.0,1.0,1.0,1.0
6.713240695762572,5.54,,38641.40527878342,24472.84924135018,2286.889887715308,332.10604390175746,564.8559725651824,544.53025,2050.0,8.537,9.44,4933000.0,54.7,45.84,0,1.0,1.0,1.0,1.0,1.0,1.0,1.0,1.0,1.0,1.0,1.0,1.0,1.0,1.0
6.713240695762572,5.54,,38641.40527878342,24472.84924135018,2286.889887715308,332.10604390175746,564.8559725651824,544.53025,2050.0,8.537,9.44,4933000.0,54.7,45.84,0,1.0,1.0,1.0,1.0,1.0,1.0,1.0,1.0,1.0,1.0,1.0,1.0,1.0,1.0
6.713240695762572,5.54,,38641.40527878342,24472.84924135018,2286.889887715308,332.10604390175746,564.8559725651824,544.53025,2050.0,8.537,9.44,4933000.0,54.7,45.84,0,1.0,1.0,1.0,1.0,1.0,1.0,1.0,1.0,1.0,1.0,1.0,1.0,1.0,1.0
6.713240695762572,5.54,,38641.40527878342,24472.84924135018,2286.889887715308,332.10604390175746,564.8559725651824,544.53025,2050.0,8.537,9.44,4933000.0,54.7,45.84,0,1.0,1.0,1.0,1.0,1.0,1.0,1.0,1.0,1.0,1.0,1.0,1.0,1.0,1.0
6.713240695762572,5.54,,38641.40527878342,24472.84924135018,2286.889887715308,332.10604390175746,564.8559725651824,544.53025,2050.0,8.537,9.44,4933000.0,54.7,45.84,0,1.0,1.0,1.0,1.0,1.0,1.0,1.0,1.0,1.0,1.0,1.0,1.0,1.0,1.0
6.713240695762572,5.54,,38641.40527878342,24472.84924135018,2286.889887715308,332.10604390175746,564.8559725651824,544.53025,2050.0,8.537,9.44,4933000.0,54.7,45.84,0,1.0,1.0,1.0,1.0,1.0,1.0,1.0,1.0,1.0,1.0,1.0,1.0,1.0,1.0
6.713240695762572,5.54,,38641.40527878342,24472.84924135018,2286.889887715308,332.10604390175746,564.8559725651824,544.53025,2050.0,8.537,9.44,4933000.0,54.7,45.84,0,1.0,1.0,1.0,1.0,1.0,1.0,1.0,1.0,1.0,1.0,1.0,1.0,1.0,1.0
6.713240695762572,5.54,,38641.40527878342,24472.84924135018,2286.889887715308,332.10604390175746,564.8559725651824,544.53025,2050.0,8.537,9.44,4933000.0,54.7,45.84,0,1.0,1.0,1.0,1.0,1.0,1.0,1.0,1.0,1.0,1.0,1.0,1.0,1.0,1.0
6.713240695762572,5.54,,38641.40527878342,24472.84924135018,2286.889887715308,332.10604390175746,564.8559725651824,544.53025,2050.0,8.537,9.44,4933000.0,54.7,45.84,0,1.0,1.0,1.0,1.0,1.0,1.0,1.0,1.0,1.0,1.0,1.0,1.0,1.0,1.0
6.713240695762572,5.54,,38641.40527878342,24472.84924135018,2286.889887715308,332.10604390175746,564.8559725651824,544.53025,2050.0,8.537,9.44,4933000.0,54.7,45.84,0,1.0,1.0,1.0,1.0,1.0,1.0,1.0,1.0,1.0,1.0,1.0,1.0,1.0,1.0
6.713240695762572,5.54,,38641.40527878342,24472.84924135018,2286.889887715308,332.10604390175746,564.8559725651824,544.53025,2050.0,8.537,9.44,4933000.0,54.7,45.84,0,1.0,1.0,1.0,1.0,1.0,1.0,1.0,1.0,1.0,1.0,1.0,1.0,1.0,1.0
6.713240695762572,5.54,,38641.40527878342,24472.84924135018,2286.889887715308,332.10604390175746,564.8559725651824,544.53025,2050.0,8.537,9.44,4933000.0,54.7,45.84,0,1.0,1.0,1.0,1.0,1.0,1.0,1.0,1.0,1.0,1.0,1.0,1.0,1.0,1.0
6.713240695762572,5.54,,38641.40527878342,24472.84924135018,2286.889887715308,332.10604390175746,564.8559725651824,544.53025,2050.0,8.537,9.44,4933000.0,54.7,45.84,0,1.0,1.0,1.0,1.0,1.0,1.0,1.0,1.0,1.0,1.0,1.0,1.0,1.0,1.0
6.713240695762572,5.54,,38641.40527878342,24472.84924135018,2286.889887715308,332.10604390175746,564.8559725651824,544.53025,2050.0,8.537,9.44,4933000.0,54.7,45.84,0,1.0,1.0,1.0,1.0,1.0,1.0,1.0,1.0,1.0,1.0,1.0,1.0,1.0,1.0
6.713240695762572,5.54,,38641.40527878342,24472.84924135018,2286.889887715308,332.10604390175746,564.8559725651824,544.53025,2050.0,8.537,9.44,4933000.0,54.7,45.84,0,1.0,1.0,1.0,1.0,1.0,1.0,1.0,1.0,1.0,1.0,1.0,1.0,1.0,1.0
6.713240695762572,5.54,,38641.40527878342,24472.84924135018,2286.889887715308,332.10604390175746,564.8559725651824,544.53025,2050.0,8.537,9.44,4933000.0,54.7,45.84,0,1.0,1.0,1.0,1.0,1.0,1.0,1.0,1.0,1.0,1.0,1.0,1.0,1.0,1.0
6.713240695762572,5.54,,38641.40527878342,24472.84924135018,2286.889887715308,332.10604390175746,564.8559725651824,544.53025,2050.0,8.537,9.44,4933000.0,54.7,45.84,0,1.0,1.0,1.0,1.0,1.0,1.0,1.0,1.0,1.0,1.0,1.0,1.0,1.0,1.0
6.713240695762572,5.54,,38641.40527878342,24472.84924135018,2286.889887715308,332.10604390175746,564.8559725651824,544.53025,2050.0,8.537,9.44,4933000.0,54.7,45.84,0,1.0,1.0,1.0,1.0,1.0,1.0,1.0,1.0,1.0,1.0,1.0,1.0,1.0,1.0
6.713240695762572,5.54,,38641.40527878342,24472.84924135018,2286.889887715308,332.10604390175746,564.8559725651824,544.53025,2050.0,8.537,9.44,4933000.0,54.7,45.84,0,1.0,1.0,1.0,1.0,1.0,1.0,1.0,1.0,1.0,1.0,1.0,1.0,1.0,1.0
6.713240695762572,5.54,,38641.40527878342,24472.84924135018,2286.889887715308,332.10604390175746,564.8559725651824,544.53025,2050.0,8.537,9.44,4933000.0,54.7,45.84,0,1.0,1.0,1.0,1.0,1.0,1.0,1.0,1.0,1.0,1.0,1.0,1.0,1.0,1.0
6.713240695762572,5.54,,38641.40527878342,24472.84924135018,2286.889887715308,332.10604390175746,564.8559725651824,544.53025,2050.0,8.537,9.44,4933000.0,54.7,45.84,0,1.0,1.0,1.0,1.0,1.0,1.0,1.0,1.0,1.0,1.0,1.0,1.0,1.0,1.0
6.713240695762572,5.54,,38641.40527878342,24472.84924135018,2286.889887715308,332.10604390175746,564.8559725651824,544.53025,2050.0,8.537,9.44,4933000.0,54.7,45.84,0,1.0,1.0,1.0,1.0,1.0,1.0,1.0,1.0,1.0,1.0,1.0,1.0,1.0,1.0
6.713240695762572,5.54,,38641.40527878342,24472.84924135018,2286.889887715308,332.10604390175746,564.8559725651824,544.53025,2050.0,8.537,9.44,4933000.0,54.7,45.84,0,1.0,1.0,1.0,1.0,1.0,1.0,1.0,1.0,1.0,1.0,1.0,1.0,1.0,1.0
6.713240695762572,5.54,,38641.40527878342,24472.84924135018,2286.889887715308,332.10604390175746,564.8559725651824,544.53025,2050.0,8.537,9.44,4933000.0,54.7,45.84,0,1.0,1.0,1.0,1.0,1.0,1.0,1.0,1.0,1.0,1.0,1.0,1.0,1.0,1.0
6.713240695762572,5.54,,38641.40527878342,24472.84924135018,2286.889887715308,332.10604390175746,564.8559725651824,544.53025,2050.0,8.537,9.44,4933000.0,54.7,45.84,0,1.0,1.0,1.0,1.0,1.0,1.0,1.0,1.0,1.0,1.0,1.0,1.0,1.0,1.0
6.713240695762572,5.54,,38641.40527878342,24472.84924135018,2286.889887715308,332.10604390175746,564.8559725651824,544.53025,2050.0,8.537,9.44,4933000.0,54.7,45.84,0,1.0,1.0,1.0,1.0,1.0,1.0,1.0,1.0,1.0,1.0,1.0,1.0,1.0,1.0
6.713240695762572,5.54,,38641.40527878342,24472.84924135018,2286.889887715308,332.10604390175746,564.8559725651824,544.53025,2050.0,8.537,9.44,4933000.0,54.7,45.84,0,1.0,1.0,1.0,1.0,1.0,1.0,1.0,1.0,1.0,1.0,1.0,1.0,1.0,1.0
6.713240695762572,5.54,,38641.40527878342,24472.84924135018,2286.889887715308,332.10604390175746,564.8559725651824,544.53025,2050.0,8.537,9.44,4933000.0,54.7,45.84,0,1.0,1.0,1.0,1.0,1.0,1.0,1.0,1.0,1.0,1.0,1.0,1.0,1.0,1.0
6.713240695762572,5.54,,38641.40527878342,24472.84924135018,2286.889887715308,332.10604390175746,564.8559725651824,544.53025,2050.0,8.537,9.44,4933000.0,54.7,45.84,0,1.0,1.0,1.0,1.0,1.0,1.0,1.0,1.0,1.0,1.0,1.0,1.0,1.0,1.0
6.713240695762572,5.54,,38641.40527878342,24472.84924135018,2286.889887715308,332.10604390175746,564.8559725651824,544.53025,2050.0,8.537,9.44,4933000.0,54.7,45.84,0,1.0,1.0,1.0,1.0,1.0,1.0,1.0,1.0,1.0,1.0,1.0,1.0,1.0,1.0
6.713240695762572,5.54,,38641.40527878342,24472.84924135018,2286.889887715308,332.10604390175746,564.8559725651824,544.53025,2050.0,8.537,9.44,4933000.0,54.7,45.84,0,1.0,1.0,1.0,1.0,1.0,1.0,1.0,1.0,1.0,1.0,1.0,1.0,1.0,1.0
6.713240695762572,5.54,,38641.40527878342,24472.84924135018,2286.889887715308,332.10604390175746,564.8559725651824,544.53025,2050.0,8.537,9.44,4933000.0,54.7,45.84,0,1.0,1.0,1.0,1.0,1.0,1.0,1.0,1.0,1.0,1.0,1.0,1.0,1.0,1.0
6.713240695762572,5.54,,38641.40527878342,24472.84924135018,2286.889887715308,332.10604390175746,564.8559725651824,544.53025,2050.0,8.537,9.44,4933000.0,54.7,45.84,0,1.0,1.0,1.0,1.0,1.0,1.0,1.0,1.0,1.0,1.0,1.0,1.0,1.0,1.0
6.713240695762572,5.54,,38641.40527878342,24472.84924135018,2286.889887715308,332.10604390175746,564.8559725651824,544.53025,2050.0,8.537,9.44,4933000.0,54.7,45.84,0,1.0,1.0,1.0,1.0,1.0,1.0,1.0,1.0,1.0,1.0,1.0,1.0,1.0,1.0
6.713240695762572,5.54,,38641.40527878342,24472.84924135018,2286.889887715308,332.10604390175746,564.8559725651824,544.53025,2050.0,8.537,9.44,4933000.0,54.7,45.84,0,1.0,1.0,1.0,1.0,1.0,1.0,1.0,1.0,1.0,1.0,1.0,1.0,1.0,1.0
6.713240695762572,5.54,,38641.40527878342,24472.84924135018,2286.889887715308,332.10604390175746,564.8559725651824,544.53025,2050.0,8.537,9.44,4933000.0,54.7,45.84,0,1.0,1.0,1.0,1.0,1.0,1.0,1.0,1.0,1.0,1.0,1.0,1.0,1.0,1.0
6.713240695762572,5.54,,38641.40527878342,24472.84924135018,2286.889887715308,332.10604390175746,564.8559725651824,544.53025,2050.0,8.537,9.44,4933000.0,54.7,45.84,0,1.0,1.0,1.0,1.0,1.0,1.0,1.0,1.0,1.0,1.0,1.0,1.0,1.0,1.0
6.713240695762572,5.54,,38641.40527878342,24472.84924135018,2286.889887715308,332.10604390175746,564.8559725651824,544.53025,2050.0,8.537,9.44,4933000.0,54.7,45.84,0,1.0,1.0,1.0,1.0,1.0,1.0,1.0,1.0,1.0,1.0,1.0,1.0,1.0,1.0
6.713240695762572,5.54,,38641.40527878342,24472.84924135018,2286.889887715308,332.10604390175746,564.8559725651824,544.53025,2050.0,8.537,9.44,4933000.0,54.7,45.84,0,1.0,1.0,1.0,1.0,1.0,1.0,1.0,1.0,1.0,1.0,1.0,1.0,1.0,1.0
6.713240695762572,5.54,,38641.40527878342,24472.84924135018,2286.889887715308,332.10604390175746,564.8559725651824,544.53025,2050.0,8.537,9.44,4933000.0,54.7,45.84,0,1.0,1.0,1.0,1.0,1.0,1.0,1.0,1.0,1.0,1.0,1.0,1.0,1.0,1.0
6.713240695762572,5.54,,38641.40527878342,24472.84924135018,2286.889887715308,332.10604390175746,564.8559725651824,544.53025,2050.0,8.537,9.44,4933000.0,54.7,45.84,0,1.0,1.0,1.0,1.0,1.0,1.0,1.0,1.0,1.0,1.0,1.0,1.0,1.0,1.0
6.713240695762572,5.54,,38641.40527878342,24472.84924135018,2286.889887715308,332.10604390175746,564.8559725651824,544.53025,2050.0,8.537,9.44,4933000.0,54.7,45.84,0,1.0,1.0,1.0,1.0,1.0,1.0,1.0,1.0,1.0,1.0,1.0,1.0,1.0,1.0
6.713240695762572,5.54,,38641.40527878342,24472.84924135018,2286.889887715308,332.10604390175746,564.8559725651824,544.53025,2050.0,8.537,9.44,4933000.0,54.7,45.84,0,1.0,1.0,1.0,1.0,1.0,1.0,1.0,1.0,1.0,1.0,1.0,1.0,1.0,1.0
6.713240695762572,5.54,,38641.40527878342,24472.84924135018,2286.889887715308,332.10604390175746,564.8559725651824,544.53025,2050.0,8.537,9.44,4933000.0,54.7,45.84,0,1.0,1.0,1.0,1.0,1.0,1.0,1.0,1.0,1.0,1.0,1.0,1.0,1.0,1.0
6.713240695762572,5.54,,38641.40527878342,24472.84924135018,2286.889887715308,332.10604390175746,564.8559725651824,544.53025,2050.0,8.537,9.44,4933000.0,54.7,45.84,0,1.0,1.0,1.0,1.0,1.0,1.0,1.0,1.0,1.0,1.0,1.0,1.0,1.0,1.0
6.713240695762572,5.54,,38641.40527878342,24472.84924135018,2286.889887715308,332.10604390175746,564.8559725651824,544.53025,2050.0,8.537,9.44,4933000.0,54.7,45.84,0,1.0,1.0,1.0,1.0,1.0,1.0,1.0,1.0,1.0,1.0,1.0,1.0,1.0,1.0
6.713240695762572,5.54,,38641.40527878342,24472.84924135018,2286.889887715308,332.10604390175746,564.8559725651824,544.53025,2050.0,8.537,9.44,4933000.0,54.7,45.84,0,1.0,1.0,1.0,1.0,1.0,1.0,1.0,1.0,1.0,1.0,1.0,1.0,1.0,1.0
6.713240695762572,5.54,,38641.40527878342,24472.84924135018,2286.889887715308,332.10604390175746,564.8559725651824,544.53025,2050.0,8.537,9.44,4933000.0,54.7,45.84,0,1.0,1.0,1.0,1.0,1.0,1.0,1.0,1.0,1.0,1.0,1.0,1.0,1.0,1.0
6.713240695762572,5.54,,38641.40527878342,24472.84924135018,2286.889887715308,332.10604390175746,564.8559725651824,544.53025,2050.0,8.537,9.44,4933000.0,54.7,45.84,0,1.0,1.0,1.0,1.0,1.0,1.0,1.0,1.0,1.0,1.0,1.0,1.0,1.0,1.0
6.713240695762572,5.54,,38641.40527878342,24472.84924135018,2286.889887715308,332.10604390175746,564.8559725651824,544.53025,2050.0,8.537,9.44,4933000.0,54.7,45.84,0,1.0,1.0,1.0,1.0,1.0,1.0,1.0,1.0,1.0,1.0,1.0,1.0,1.0,1.0
6.713240695762572,5.54,,38641.40527878342,24472.84924135018,2286.889887715308,332.10604390175746,564.8559725651824,544.53025,2050.0,8.537,9.44,4933000.0,54.7,45.84,0,1.0,1.0,1.0,1.0,1.0,1.0,1.0,1.0,1.0,1.0,1.0,1.0,1.0,1.0
6.713240695762572,5.54,,38641.40527878342,24472.84924135018,2286.889887715308,332.10604390175746,564.8559725651824,544.53025,2050.0,8.537,9.44,4933000.0,54.7,45.84,0,1.0,1.0,1.0,1.0,1.0,1.0,1.0,1.0,1.0,1.0,1.0,1.0,1.0,1.0
6.713240695762572,5.54,,38641.40527878342,24472.84924135018,2286.889887715308,332.10604390175746,564.8559725651824,544.53025,2050.0,8.537,9.44,4933000.0,54.7,45.84,0,1.0,1.0,1.0,1.0,1.0,1.0,1.0,1.0,1.0,1.0,1.0,1.0,1.0,1.0
6.713240695762572,5.54,,38641.40527878342,24472.84924135018,2286.889887715308,332.10604390175746,564.8559725651824,544.53025,2050.0,8.537,9.44,4933000.0,54.7,45.84,0,1.0,1.0,1.0,1.0,1.0,1.0,1.0,1.0,1.0,1.0,1.0,1.0,1.0,1.0
6.713240695762572,5.54,,38641.40527878342,24472.84924135018,2286.889887715308,332.10604390175746,564.8559725651824,544.53025,2050.0,8.537,9.44,4933000.0,54.7,45.84,0,1.0,1.0,1.0,1.0,1.0,1.0,1.0,1.0,1.0,1.0,1.0,1.0,1.0,1.0
6.713240695762572,5.54,,38641.40527878342,24472.84924135018,2286.889887715308,332.10604390175746,564.8559725651824,544.53025,2050.0,8.537,9.44,4933000.0,54.7,45.84,0,1.0,1.0,1.0,1.0,1.0,1.0,1.0,1.0,1.0,1.0,1.0,1.0,1.0,1.0
6.713240695762572,5.54,,38641.40527878342,24472.84924135018,2286.889887715308,332.10604390175746,564.8559725651824,544.53025,2050.0,8.537,9.44,4933000.0,54.7,45.84,0,1.0,1.0,1.0,1.0,1.0,1.0,1.0,1.0,1.0,1.0,1.0,1.0,1.0,1.0
6.713240695762572,5.54,,38641.40527878342,24472.84924135018,2286.889887715308,332.10604390175746,564.8559725651824,544.53025,2050.0,8.537,9.44,4933000.0,54.7,45.84,0,1.0,1.0,1.0,1.0,1.0,1.0,1.0,1.0,1.0,1.0,1.0,1.0,1.0,1.0
6.713240695762572,5.54,,38641.40527878342,24472.84924135018,2286.889887715308,332.10604390175746,564.8559725651824,544.53025,2050.0,8.537,9.44,4933000.0,54.7,45.84,0,1.0,1.0,1.0,1.0,1.0,1.0,1.0,1.0,1.0,1.0,1.0,1.0,1.0,1.0
6.713240695762572,5.54,,38641.40527878342,24472.84924135018,2286.889887715308,332.10604390175746,564.8559725651824,544.53025,2050.0,8.537,9.44,4933000.0,54.7,45.84,0,1.0,1.0,1.0,1.0,1.0,1.0,1.0,1.0,1.0,1.0,1.0,1.0,1.0,1.0
6.713240695762572,5.54,,38641.40527878342,24472.84924135018,2286.889887715308,332.10604390175746,564.8559725651824,544.53025,2050.0,8.537,9.44,4933000.0,54.7,45.84,0,1.0,1.0,1.0,1.0,1.0,1.0,1.0,1.0,1.0,1.0,1.0,1.0,1.0,1.0
6.713240695762572,5.54,,38641.40527878342,24472.84924135018,2286.889887715308,332.10604390175746,564.8559725651824,544.53025,2050.0,8.537,9.44,4933000.0,54.7,45.84,0,1.0,1.0,1.0,1.0,1.0,1.0,1.0,1.0,1.0,1.0,1.0,1.0,1.0,1.0
6.713240695762572,5.54,,38641.40527878342,24472.84924135018,2286.889887715308,332.10604390175746,564.8559725651824,544.53025,2050.0,8.537,9.44,4933000.0,54.7,45.84,0,1.0,1.0,1.0,1.0,1.0,1.0,1.0,1.0,1.0,1.0,1.0,1.0,1.0,1.0
6.713240695762572,5.54,,38641.40527878342,24472.84924135018,2286.889887715308,332.10604390175746,564.8559725651824,544.53025,2050.0,8.537,9.44,4933000.0,54.7,45.84,0,1.0,1.0,1.0,1.0,1.0,1.0,1.0,1.0,1.0,1.0,1.0,1.0,1.0,1.0
6.713240695762572,5.54,,38641.40527878342,24472.84924135018,2286.889887715308,332.10604390175746,564.8559725651824,544.53025,2050.0,8.537,9.44,4933000.0,54.7,45.84,0,1.0,1.0,1.0,1.0,1.0,1.0,1.0,1.0,1.0,1.0,1.0,1.0,1.0,1.0
6.713240695762572,5.54,,38641.40527878342,24472.84924135018,2286.889887715308,332.10604390175746,564.8559725651824,544.53025,2050.0,8.537,9.44,4933000.0,54.7,45.84,0,1.0,1.0,1.0,1.0,1.0,1.0,1.0,1.0,1.0,1.0,1.0,1.0,1.0,1.0
6.713240695762572,5.54,,38641.40527878342,24472.84924135018,2286.889887715308,332.10604390175746,564.8559725651824,544.53025,2050.0,8.537,9.44,4933000.0,54.7,45.84,0,1.0,1.0,1.0,1.0,1.0,1.0,1.0,1.0,1.0,1.0,1.0,1.0,1.0,1.0
6.713240695762572,5.54,,38641.40527878342,24472.84924135018,2286.889887715308,332.10604390175746,564.8559725651824,544.53025,2050.0,8.537,9.44,4933000.0,54.7,45.84,0,1.0,1.0,1.0,1.0,1.0,1.0,1.0,1.0,1.0,1.0,1.0,1.0,1.0,1.0
6.713240695762572,5.54,,38641.40527878342,24472.84924135018,2286.889887715308,332.10604390175746,564.8559725651824,544.53025,2050.0,8.537,9.44,4933000.0,54.7,45.84,0,1.0,1.0,1.0,1.0,1.0,1.0,1.0,1.0,1.0,1.0,1.0,1.0,1.0,1.0
6.713240695762572,5.54,,38641.40527878342,24472.84924135018,2286.889887715308,332.10604390175746,564.8559725651824,544.53025,2050.0,8.537,9.44,4933000.0,54.7,45.84,0,1.0,1.0,1.0,1.0,1.0,1.0,1.0,1.0,1.0,1.0,1.0,1.0,1.0,1.0
6.713240695762572,5.54,,38641.40527878342,24472.84924135018,2286.889887715308,332.10604390175746,564.8559725651824,544.53025,2050.0,8.537,9.44,4933000.0,54.7,45.84,0,1.0,1.0,1.0,1.0,1.0,1.0,1.0,1.0,1.0,1.0,1.0,1.0,1.0,1.0
6.713240695762572,5.54,,38641.40527878342,24472.84924135018,2286.889887715308,332.10604390175746,564.8559725651824,544.53025,2050.0,8.537,9.44,4933000.0,54.7,45.84,0,1.0,1.0,1.0,1.0,1.0,1.0,1.0,1.0,1.0,1.0,1.0,1.0,1.0,1.0
6.713240695762572,5.54,,38641.40527878342,24472.84924135018,2286.889887715308,332.10604390175746,564.8559725651824,544.53025,2050.0,8.537,9.44,4933000.0,54.7,45.84,0,1.0,1.0,1.0,1.0,1.0,1.0,1.0,1.0,1.0,1.0,1.0,1.0,1.0,1.0
6.713240695762572,5.54,,38641.40527878342,24472.84924135018,2286.889887715308,332.10604390175746,564.8559725651824,544.53025,2050.0,8.537,9.44,4933000.0,54.7,45.84,0,1.0,1.0,1.0,1.0,1.0,1.0,1.0,1.0,1.0,1.0,1.0,1.0,1.0,1.0
6.713240695762572,5.54,,38641.40527878342,24472.84924135018,2286.889887715308,332.10604390175746,564.8559725651824,544.53025,2050.0,8.537,9.44,4933000.0,54.7,45.84,0,1.0,1.0,1.0,1.0,1.0,1.0,1.0,1.0,1.0,1.0,1.0,1.0,1.0,1.0
6.713240695762572,5.54,,38641.40527878342,24472.84924135018,2286.889887715308,332.10604390175746,564.8559725651824,544.53025,2050.0,8.537,9.44,4933000.0,54.7,45.84,0,1.0,1.0,1.0,1.0,1.0,1.0,1.0,1.0,1.0,1.0,1.0,1.0,1.0,1.0
6.713240695762572,5.54,,38641.40527878342,24472.84924135018,2286.889887715308,332.10604390175746,564.8559725651824,544.53025,2050.0,8.537,9.44,4933000.0,54.7,45.84,0,1.0,1.0,1.0,1.0,1.0,1.0,1.0,1.0,1.0,1.0,1.0,1.0,1.0,1.0
6.713240695762572,5.54,,38641.40527878342,24472.84924135018,2286.889887715308,332.10604390175746,564.8559725651824,544.53025,2050.0,8.537,9.44,4933000.0,54.7,45.84,0,1.0,1.0,1.0,1.0,1.0,1.0,1.0,1.0,1.0,1.0,1.0,1.0,1.0,1.0
6.713240695762572,5.54,,38641.40527878342,24472.84924135018,2286.889887715308,332.10604390175746,564.8559725651824,544.53025,2050.0,8.537,9.44,4933000.0,54.7,45.84,0,1.0,1.0,1.0,1.0,1.0,1.0,1.0,1.0,1.0,1.0,1.0,1.0,1.0,1.0
6.713240695762572,5.54,,38641.40527878342,24472.84924135018,2286.889887715308,332.10604390175746,564.8559725651824,544.53025,2050.0,8.537,9.44,4933000.0,54.7,45.84,0,1.0,1.0,1.0,1.0,1.0,1.0,1.0,1.0,1.0,1.0,1.0,1.0,1.0,1.0
6.713240695762572,5.54,,38641.40527878342,24472.84924135018,2286.889887715308,332.10604390175746,564.8559725651824,544.53025,2050.0,8.537,9.44,4933000.0,54.7,45.84,0,1.0,1.0,1.0,1.0,1.0,1.0,1.0,1.0,1.0,1.0,1.0,1.0,1.0,1.0
6.713240695762572,5.54,,38641.40527878342,24472.84924135018,2286.889887715308,332.10604390175746,564.8559725651824,544.53025,2050.0,8.537,9.44,4933000.0,54.7,45.84,0,1.0,1.0,1.0,1.0,1.0,1.0,1.0,1.0,1.0,1.0,1.0,1.0,1.0,1.0
6.713240695762572,5.54,,38641.40527878342,24472.84924135018,2286.889887715308,332.10604390175746,564.8559725651824,544.53025,2050.0,8.537,9.44,4933000.0,54.7,45.84,0,1.0,1.0,1.0,1.0,1.0,1.0,1.0,1.0,1.0,1.0,1.0,1.0,1.0,1.0
6.713240695762572,5.54,,38641.40527878342,24472.84924135018,2286.889887715308,332.10604390175746,564.8559725651824,544.53025,2050.0,8.537,9.44,4933000.0,54.7,45.84,0,1.0,1.0,1.0,1.0,1.0,1.0,1.0,1.0,1.0,1.0,1.0,1.0,1.0,1.0
6.713240695762572,5.54,,38641.40527878342,24472.84924135018,2286.889887715308,332.10604390175746,564.8559725651824,544.53025,2050.0,8.537,9.44,4933000.0,54.7,45.84,0,1.0,1.0,1.0,1.0,1.0,1.0,1.0,1.0,1.0,1.0,1.0,1.0,1.0,1.0
6.713240695762572,5.54,,38641.40527878342,24472.84924135018,2286.889887715308,332.10604390175746,564.8559725651824,544.53025,2050.0,8.537,9.44,4933000.0,54.7,45.84,0,1.0,1.0,1.0,1.0,1.0,1.0,1.0,1.0,1.0,1.0,1.0,1.0,1.0,1.0
6.713240695762572,5.54,,38641.40527878342,24472.84924135018,2286.889887715308,332.10604390175746,564.8559725651824,544.53025,2050.0,8.537,9.44,4933000.0,54.7,45.84,0,1.0,1.0,1.0,1.0,1.0,1.0,1.0,1.0,1.0,1.0,1.0,1.0,1.0,1.0
6.713240695762572,5.54,,38641.40527878342,24472.84924135018,2286.889887715308,332.10604390175746,564.8559725651824,544.53025,2050.0,8.537,9.44,4933000.0,54.7,45.84,0,1.0,1.0,1.0,1.0,1.0,1.0,1.0,1.0,1.0,1.0,1.0,1.0,1.0,1.0
6.713240695762572,5.54,,38641.40527878342,24472.84924135018,2286.889887715308,332.10604390175746,564.8559725651824,544.53025,2050.0,8.537,9.44,4933000.0,54.7,45.84,0,1.0,1.0,1.0,1.0,1.0,1.0,1.0,1.0,1.0,1.0,1.0,1.0,1.0,1.0
6.713240695762572,5.54,,38641.40527878342,24472.84924135018,2286.889887715308,332.10604390175746,564.8559725651824,544.53025,2050.0,8.537,9.44,4933000.0,54.7,45.84,0,1.0,1.0,1.0,1.0,1.0,1.0,1.0,1.0,1.0,1.0,1.0,1.0,1.0,1.0
6.713240695762572,5.54,,38641.40527878342,24472.84924135018,2286.889887715308,332.10604390175746,564.8559725651824,544.53025,2050.0,8.537,9.44,4933000.0,54.7,45.84,0,1.0,1.0,1.0,1.0,1.0,1.0,1.0,1.0,1.0,1.0,1.0,1.0,1.0,1.0
6.713240695762572,5.54,,38641.40527878342,24472.84924135018,2286.889887715308,332.10604390175746,564.8559725651824,544.53025,2050.0,8.537,9.44,4933000.0,54.7,45.84,0,1.0,1.0,1.0,1.0,1.0,1.0,1.0,1.0,1.0,1.0,1.0,1.0,1.0,1.0
6.713240695762572,5.54,,38641.40527878342,24472.84924135018,2286.889887715308,332.10604390175746,564.8559725651824,544.53025,2050.0,8.537,9.44,4933000.0,54.7,45.84,0,1.0,1.0,1.0,1.0,1.0,1.0,1.0,1.0,1.0,1.0,1.0,1.0,1.0,1.0
6.713240695762572,5.54,,38641.40527878342,24472.84924135018,2286.889887715308,332.10604390175746,564.8559725651824,544.53025,2050.0,8.537,9.44,4933000.0,54.7,45.84,0,1.0,1.0,1.0,1.0,1.0,1.0,1.0,1.0,1.0,1.0,1.0,1.0,1.0,1.0
6.713240695762572,5.54,,38641.40527878342,24472.84924135018,2286.889887715308,332.10604390175746,564.8559725651824,544.53025,2050.0,8.537,9.44,4933000.0,54.7,45.84,0,1.0,1.0,1.0,1.0,1.0,1.0,1.0,1.0,1.0,1.0,1.0,1.0,1.0,1.0
6.713240695762572,5.54,,38641.40527878342,24472.84924135018,2286.889887715308,332.10604390175746,564.8559725651824,544.53025,2050.0,8.537,9.44,4933000.0,54.7,45.84,0,1.0,1.0,1.0,1.0,1.0,1.0,1.0,1.0,1.0,1.0,1.0,1.0,1.0,1.0
6.713240695762572,5.54,,38641.40527878342,24472.84924135018,2286.889887715308,332.10604390175746,564.8559725651824,544.53025,2050.0,8.537,9.44,4933000.0,54.7,45.84,0,1.0,1.0,1.0,1.0,1.0,1.0,1.0,1.0,1.0,1.0,1.0,1.0,1.0,1.0
6.713240695762572,5.54,,38641.40527878342,24472.84924135018,2286.889887715308,332.10604390175746,564.8559725651824,544.53025,2050.0,8.537,9.44,4933000.0,54.7,45.84,0,1.0,1.0,1.0,1.0,1.0,1.0,1.0,1.0,1.0,1.0,1.0,1.0,1.0,1.0
6.713240695762572,5.54,,38641.40527878342,24472.84924135018,2286.889887715308,332.10604390175746,564.8559725651824,544.53025,2050.0,8.537,9.44,4933000.0,54.7,45.84,0,1.0,1.0,1.0,1.0,1.0,1.0,1.0,1.0,1.0,1.0,1.0,1.0,1.0,1.0
6.713240695762572,5.54,,38641.40527878342,24472.84924135018,2286.889887715308,332.10604390175746,564.8559725651824,544.53025,2050.0,8.537,9.44,4933000.0,54.7,45.84,0,1.0,1.0,1.0,1.0,1.0,1.0,1.0,1.0,1.0,1.0,1.0,1.0,1.0,1.0
6.713240695762572,5.54,,38641.40527878342,24472.84924135018,2286.889887715308,332.10604390175746,564.8559725651824,544.53025,2050.0,8.537,9.44,4933000.0,54.7,45.84,0,1.0,1.0,1.0,1.0,1.0,1.0,1.0,1.0,1.0,1.0,1.0,1.0,1.0,1.0
6.713240695762572,5.54,,38641.40527878342,24472.84924135018,2286.889887715308,332.10604390175746,564.8559725651824,544.53025,2050.0,8.537,9.44,4933000.0,54.7,45.84,0,1.0,1.0,1.0,1.0,1.0,1.0,1.0,1.0,1.0,1.0,1.0,1.0,1.0,1.0
6.713240695762572,5.54,,38641.40527878342,24472.84924135018,2286.889887715308,332.10604390175746,564.8559725651824,544.53025,2050.0,8.537,9.44,4933000.0,54.7,45.84,0,1.0,1.0,1.0,1.0,1.0,1.0,1.0,1.0,1.0,1.0,1.0,1.0,1.0,1.0
6.713240695762572,5.54,,38641.40527878342,24472.84924135018,2286.889887715308,332.10604390175746,564.8559725651824,544.53025,2050.0,8.537,9.44,4933000.0,54.7,45.84,0,1.0,1.0,1.0,1.0,1.0,1.0,1.0,1.0,1.0,1.0,1.0,1.0,1.0,1.0
6.713240695762572,5.54,,38641.40527878342,24472.84924135018,2286.889887715308,332.10604390175746,564.8559725651824,544.53025,2050.0,8.537,9.44,4933000.0,54.7,45.84,0,1.0,1.0,1.0,1.0,1.0,1.0,1.0,1.0,1.0,1.0,1.0,1.0,1.0,1.0
6.713240695762572,5.54,,38641.40527878342,24472.84924135018,2286.889887715308,332.10604390175746,564.8559725651824,544.53025,2050.0,8.537,9.44,4933000.0,54.7,45.84,0,1.0,1.0,1.0,1.0,1.0,1.0,1.0,1.0,1.0,1.0,1.0,1.0,1.0,1.0
6.713240695762572,5.54,,38641.40527878342,24472.84924135018,2286.889887715308,332.10604390175746,564.8559725651824,544.53025,2050.0,8.537,9.44,4933000.0,54.7,45.84,0,1.0,1.0,1.0,1.0,1.0,1.0,1.0,1.0,1.0,1.0,1.0,1.0,1.0,1.0
6.713240695762572,5.54,,38641.40527878342,24472.84924135018,2286.889887715308,332.10604390175746,564.8559725651824,544.53025,2050.0,8.537,9.44,4933000.0,54.7,45.84,0,1.0,1.0,1.0,1.0,1.0,1.0,1.0,1.0,1.0,1.0,1.0,1.0,1.0,1.0
6.713240695762572,5.54,,38641.40527878342,24472.84924135018,2286.889887715308,332.10604390175746,564.8559725651824,544.53025,2050.0,8.537,9.44,4933000.0,54.7,45.84,0,1.0,1.0,1.0,1.0,1.0,1.0,1.0,1.0,1.0,1.0,1.0,1.0,1.0,1.0
6.713240695762572,5.54,,38641.40527878342,24472.84924135018,2286.889887715308,332.10604390175746,564.8559725651824,544.53025,2050.0,8.537,9.44,4933000.0,54.7,45.84,0,1.0,1.0,1.0,1.0,1.0,1.0,1.0,1.0,1.0,1.0,1.0,1.0,1.0,1.0
6.713240695762572,5.54,,38641.40527878342,24472.84924135018,2286.889887715308,332.10604390175746,564.8559725651824,544.53025,2050.0,8.537,9.44,4933000.0,54.7,45.84,0,1.0,1.0,1.0,1.0,1.0,1.0,1.0,1.0,1.0,1.0,1.0,1.0,1.0,1.0
6.713240695762572,5.54,,38641.40527878342,24472.84924135018,2286.889887715308,332.10604390175746,564.8559725651824,544.53025,2050.0,8.537,9.44,4933000.0,54.7,45.84,0,1.0,1.0,1.0,1.0,1.0,1.0,1.0,1.0,1.0,1.0,1.0,1.0,1.0,1.0
6.713240695762572,5.54,,38641.40527878342,24472.84924135018,2286.889887715308,332.10604390175746,564.8559725651824,544.53025,2050.0,8.537,9.44,4933000.0,54.7,45.84,0,1.0,1.0,1.0,1.0,1.0,1.0,1.0,1.0,1.0,1.0,1.0,1.0,1.0,1.0
6.713240695762572,5.54,,38641.40527878342,24472.84924135018,2286.889887715308,332.10604390175746,564.8559725651824,544.53025,2050.0,8.537,9.44,4933000.0,54.7,45.84,0,1.0,1.0,1.0,1.0,1.0,1.0,1.0,1.0,1.0,1.0,1.0,1.0,1.0,1.0
6.713240695762572,5.54,,38641.40527878342,24472.84924135018,2286.889887715308,332.10604390175746,564.8559725651824,544.53025,2050.0,8.537,9.44,4933000.0,54.7,45.84,0,1.0,1.0,1.0,1.0,1.0,1.0,1.0,1.0,1.0,1.0,1.0,1.0,1.0,1.0
6.713240695762572,5.54,,38641.40527878342,24472.84924135018,2286.889887715308,332.10604390175746,564.8559725651824,544.53025,2050.0,8.537,9.44,4933000.0,54.7,45.84,0,1.0,1.0,1.0,1.0,1.0,1.0,1.0,1.0,1.0,1.0,1.0,1.0,1.0,1.0
6.713240695762572,5.54,,38641.40527878342,24472.84924135018,2286.889887715308,332.10604390175746,564.8559725651824,544.53025,2050.0,8.537,9.44,4933000.0,54.7,45.84,0,1.0,1.0,1.0,1.0,1.0,1.0,1.0,1.0,1.0,1.0,1.0,1.0,1.0,1.0
6.713240695762572,5.54,,38641.40527878342,24472.84924135018,2286.889887715308,332.10604390175746,564.8559725651824,544.53025,2050.0,8.537,9.44,4933000.0,54.7,45.84,0,1.0,1.0,1.0,1.0,1.0,1.0,1.0,1.0,1.0,1.0,1.0,1.0,1.0,1.0
6.713240695762572,5.54,,38641.40527878342,24472.84924135018,2286.889887715308,332.10604390175746,564.8559725651824,544.53025,2050.0,8.537,9.44,4933000.0,54.7,45.84,0,1.0,1.0,1.0,1.0,1.0,1.0,1.0,1.0,1.0,1.0,1.0,1.0,1.0,1.0
6.713240695762572,5.54,,38641.40527878342,24472.84924135018,2286.889887715308,332.10604390175746,564.8559725651824,544.53025,2050.0,8.537,9.44,4933000.0,54.7,45.84,0,1.0,1.0,1.0,1.0,1.0,1.0,1.0,1.0,1.0,1.0,1.0,1.0,1.0,1.0
6.713240695762572,5.54,,38641.40527878342,24472.84924135018,2286.889887715308,332.10604390175746,564.8559725651824,544.53025,2050.0,8.537,9.44,4933000.0,54.7,45.84,0,1.0,1.0,1.0,1.0,1.0,1.0,1.0,1.0,1.0,1.0,1.0,1.0,1.0,1.0
6.713240695762572,5.54,,38641.40527878342,24472.84924135018,2286.889887715308,332.10604390175746,564.8559725651824,544.53025,2050.0,8.537,9.44,4933000.0,54.7,45.84,0,1.0,1.0,1.0,1.0,1.0,1.0,1.0,1.0,1.0,1.0,1.0,1.0,1.0,1.0
6.713240695762572,5.54,,38641.40527878342,24472.84924135018,2286.889887715308,332.10604390175746,564.8559725651824,544.53025,2050.0,8.537,9.44,4933000.0,54.7,45.84,0,1.0,1.0,1.0,1.0,1.0,1.0,1.0,1.0,1.0,1.0,1.0,1.0,1.0,1.0
6.713240695762572,5.54,,38641.40527878342,24472.84924135018,2286.889887715308,332.10604390175746,564.8559725651824,544.53025,2050.0,8.537,9.44,4933000.0,54.7,45.84,0,1.0,1.0,1.0,1.0,1.0,1.0,1.0,1.0,1.0,1.0,1.0,1.0,1.0,1.0
6.713240695762572,5.54,,38641.40527878342,24472.84924135018,2286.889887715308,332.10604390175746,564.8559725651824,544.53025,2050.0,8.537,9.44,4933000.0,54.7,45.84,0,1.0,1.0,1.0,1.0,1.0,1.0,1.0,1.0,1.0,1.0,1.0,1.0,1.0,1.0
6.713240695762572,5.54,,38641.40527878342,24472.84924135018,2286.889887715308,332.10604390175746,564.8559725651824,544.53025,2050.0,8.537,9.44,4933000.0,54.7,45.84,0,1.0,1.0,1.0,1.0,1.0,1.0,1.0,1.0,1.0,1.0,1.0,1.0,1.0,1.0
6.713240695762572,5.54,,38641.40527878342,24472.84924135018,2286.889887715308,332.10604390175746,564.8559725651824,544.53025,2050.0,8.537,9.44,4933000.0,54.7,45.84,0,1.0,1.0,1.0,1.0,1.0,1.0,1.0,1.0,1.0,1.0,1.0,1.0,1.0,1.0
6.713240695762572,5.54,,38641.40527878342,24472.84924135018,2286.889887715308,332.10604390175746,564.8559725651824,544.53025,2050.0,8.537,9.44,4933000.0,54.7,45.84,0,1.0,1.0,1.0,1.0,1.0,1.0,1.0,1.0,1.0,1.0,1.0,1.0,1.0,1.0
6.713240695762572,5.54,,38641.40527878342,24472.84924135018,2286.889887715308,332.10604390175746,564.8559725651824,544.53025,2050.0,8.537,9.44,4933000.0,54.7,45.84,0,1.0,1.0,1.0,1.0,1.0,1.0,1.0,1.0,1.0,1.0,1.0,1.0,1.0,1.0
6.713240695762572,5.54,,38641.40527878342,24472.84924135018,2286.889887715308,332.10604390175746,564.8559725651824,544.53025,2050.0,8.537,9.44,4933000.0,54.7,45.84,0,1.0,1.0,1.0,1.0,1.0,1.0,1.0,1.0,1.0,1.0,1.0,1.0,1.0,1.0
6.713240695762572,5.54,,38641.40527878342,24472.84924135018,2286.889887715308,332.10604390175746,564.8559725651824,544.53025,2050.0,8.537,9.44,4933000.0,54.7,45.84,0,1.0,1.0,1.0,1.0,1.0,1.0,1.0,1.0,1.0,1.0,1.0,1.0,1.0,1.0
6.713240695762572,5.54,,38641.40527878342,24472.84924135018,2286.889887715308,332.10604390175746,564.8559725651824,544.53025,2050.0,8.537,9.44,4933000.0,54.7,45.84,0,1.0,1.0,1.0,1.0,1.0,1.0,1.0,1.0,1.0,1.0,1.0,1.0,1.0,1.0
6.713240695762572,5.54,,38641.40527878342,24472.84924135018,2286.889887715308,332.10604390175746,564.8559725651824,544.53025,2050.0,8.537,9.44,4933000.0,54.7,45.84,0,1.0,1.0,1.0,1.0,1.0,1.0,1.0,1.0,1.0,1.0,1.0,1.0,1.0,1.0
6.713240695762572,5.54,,38641.40527878342,24472.84924135018,2286.889887715308,332.10604390175746,564.8559725651824,544.53025,2050.0,8.537,9.44,4933000.0,54.7,45.84,0,1.0,1.0,1.0,1.0,1.0,1.0,1.0,1.0,1.0,1.0,1.0,1.0,1.0,1.0
6.713240695762572,5.54,,38641.40527878342,24472.84924135018,2286.889887715308,332.10604390175746,564.8559725651824,544.53025,2050.0,8.537,9.44,4933000.0,54.7,45.84,0,1.0,1.0,1.0,1.0,1.0,1.0,1.0,1.0,1.0,1.0,1.0,1.0,1.0,1.0
6.713240695762572,5.54,,38641.40527878342,24472.84924135018,2286.889887715308,332.10604390175746,564.8559725651824,544.53025,2050.0,8.537,9.44,4933000.0,54.7,45.84,0,1.0,1.0,1.0,1.0,1.0,1.0,1.0,1.0,1.0,1.0,1.0,1.0,1.0,1.0
6.713240695762572,5.54,,38641.40527878342,24472.84924135018,2286.889887715308,332.10604390175746,564.8559725651824,544.53025,2050.0,8.537,9.44,4933000.0,54.7,45.84,0,1.0,1.0,1.0,1.0,1.0,1.0,1.0,1.0,1.0,1.0,1.0,1.0,1.0,1.0
6.713240695762572,5.54,,38641.40527878342,24472.84924135018,2286.889887715308,332.10604390175746,564.8559725651824,544.53025,2050.0,8.537,9.44,4933000.0,54.7,45.84,0,1.0,1.0,1.0,1.0,1.0,1.0,1.0,1.0,1.0,1.0,1.0,1.0,1.0,1.0
6.713240695762572,5.54,,38641.40527878342,24472.84924135018,2286.889887715308,332.10604390175746,564.8559725651824,544.53025,2050.0,8.537,9.44,4933000.0,54.7,45.84,0,1.0,1.0,1.0,1.0,1.0,1.0,1.0,1.0,1.0,1.0,1.0,1.0,1.0,1.0
6.713240695762572,5.54,,38641.40527878342,24472.84924135018,2286.889887715308,332.10604390175746,564.8559725651824,544.53025,2050.0,8.537,9.44,4933000.0,54.7,45.84,0,1.0,1.0,1.0,1.0,1.0,1.0,1.0,1.0,1.0,1.0,1.0,1.0,1.0,1.0
6.713240695762572,5.54,,38641.40527878342,24472.84924135018,2286.889887715308,332.10604390175746,564.8559725651824,544.53025,2050.0,8.537,9.44,4933000.0,54.7,45.84,0,1.0,1.0,1.0,1.0,1.0,1.0,1.0,1.0,1.0,1.0,1.0,1.0,1.0,1.0
6.713240695762572,5.54,,38641.40527878342,24472.84924135018,2286.889887715308,332.10604390175746,564.8559725651824,544.53025,2050.0,8.537,9.44,4933000.0,54.7,45.84,0,1.0,1.0,1.0,1.0,1.0,1.0,1.0,1.0,1.0,1.0,1.0,1.0,1.0,1.0
6.713240695762572,5.54,,38641.40527878342,24472.84924135018,2286.889887715308,332.10604390175746,564.8559725651824,544.53025,2050.0,8.537,9.44,4933000.0,54.7,45.84,0,1.0,1.0,1.0,1.0,1.0,1.0,1.0,1.0,1.0,1.0,1.0,1.0,1.0,1.0
6.713240695762572,5.54,,38641.40527878342,24472.84924135018,2286.889887715308,332.10604390175746,564.8559725651824,544.53025,2050.0,8.537,9.44,4933000.0,54.7,45.84,0,1.0,1.0,1.0,1.0,1.0,1.0,1.0,1.0,1.0,1.0,1.0,1.0,1.0,1.0
6.713240695762572,5.54,,38641.40527878342,24472.84924135018,2286.889887715308,332.10604390175746,564.8559725651824,544.53025,2050.0,8.537,9.44,4933000.0,54.7,45.84,0,1.0,1.0,1.0,1.0,1.0,1.0,1.0,1.0,1.0,1.0,1.0,1.0,1.0,1.0
6.713240695762572,5.54,,38641.40527878342,24472.84924135018,2286.889887715308,332.10604390175746,564.8559725651824,544.53025,2050.0,8.537,9.44,4933000.0,54.7,45.84,0,1.0,1.0,1.0,1.0,1.0,1.0,1.0,1.0,1.0,1.0,1.0,1.0,1.0,1.0
6.713240695762572,5.54,,38641.40527878342,24472.84924135018,2286.889887715308,332.10604390175746,564.8559725651824,544.53025,2050.0,8.537,9.44,4933000.0,54.7,45.84,0,1.0,1.0,1.0,1.0,1.0,1.0,1.0,1.0,1.0,1.0,1.0,1.0,1.0,1.0
6.713240695762572,5.54,,38641.40527878342,24472.84924135018,2286.889887715308,332.10604390175746,564.8559725651824,544.53025,2050.0,8.537,9.44,4933000.0,54.7,45.84,0,1.0,1.0,1.0,1.0,1.0,1.0,1.0,1.0,1.0,1.0,1.0,1.0,1.0,1.0
6.713240695762572,5.54,,38641.40527878342,24472.84924135018,2286.889887715308,332.10604390175746,564.8559725651824,544.53025,2050.0,8.537,9.44,4933000.0,54.7,45.84,0,1.0,1.0,1.0,1.0,1.0,1.0,1.0,1.0,1.0,1.0,1.0,1.0,1.0,1.0
6.713240695762572,5.54,,38641.40527878342,24472.84924135018,2286.889887715308,332.10604390175746,564.8559725651824,544.53025,2050.0,8.537,9.44,4933000.0,54.7,45.84,0,1.0,1.0,1.0,1.0,1.0,1.0,1.0,1.0,1.0,1.0,1.0,1.0,1.0,1.0
6.713240695762572,5.54,,38641.40527878342,24472.84924135018,2286.889887715308,332.10604390175746,564.8559725651824,544.53025,2050.0,8.537,9.44,4933000.0,54.7,45.84,0,1.0,1.0,1.0,1.0,1.0,1.0,1.0,1.0,1.0,1.0,1.0,1.0,1.0,1.0
6.713240695762572,5.54,,38641.40527878342,24472.84924135018,2286.889887715308,332.10604390175746,564.8559725651824,544.53025,2050.0,8.537,9.44,4933000.0,54.7,45.84,0,1.0,1.0,1.0,1.0,1.0,1.0,1.0,1.0,1.0,1.0,1.0,1.0,1.0,1.0
6.713240695762572,5.54,,38641.40527878342,24472.84924135018,2286.889887715308,332.10604390175746,564.8559725651824,544.53025,2050.0,8.537,9.44,4933000.0,54.7,45.84,0,1.0,1.0,1.0,1.0,1.0,1.0,1.0,1.0,1.0,1.0,1.0,1.0,1.0,1.0
6.713240695762572,5.54,,38641.40527878342,24472.84924135018,2286.889887715308,332.10604390175746,564.8559725651824,544.53025,2050.0,8.537,9.44,4933000.0,54.7,45.84,0,1.0,1.0,1.0,1.0,1.0,1.0,1.0,1.0,1.0,1.0,1.0,1.0,1.0,1.0
6.713240695762572,5.54,,38641.40527878342,24472.84924135018,2286.889887715308,332.10604390175746,564.8559725651824,544.53025,2050.0,8.537,9.44,4933000.0,54.7,45.84,0,1.0,1.0,1.0,1.0,1.0,1.0,1.0,1.0,1.0,1.0,1.0,1.0,1.0,1.0
6.713240695762572,5.54,,38641.40527878342,24472.84924135018,2286.889887715308,332.10604390175746,564.8559725651824,544.53025,2050.0,8.537,9.44,4933000.0,54.7,45.84,0,1.0,1.0,1.0,1.0,1.0,1.0,1.0,1.0,1.0,1.0,1.0,1.0,1.0,1.0
6.713240695762572,5.54,,38641.40527878342,24472.84924135018,2286.889887715308,332.10604390175746,564.8559725651824,544.53025,2050.0,8.537,9.44,4933000.0,54.7,45.84,0,1.0,1.0,1.0,1.0,1.0,1.0,1.0,1.0,1.0,1.0,1.0,1.0,1.0,1.0
6.713240695762572,5.54,,38641.40527878342,24472.84924135018,2286.889887715308,332.10604390175746,564.8559725651824,544.53025,2050.0,8.537,9.44,4933000.0,54.7,45.84,0,1.0,1.0,1.0,1.0,1.0,1.0,1.0,1.0,1.0,1.0,1.0,1.0,1.0,1.0
6.713240695762572,5.54,,38641.40527878342,24472.84924135018,2286.889887715308,332.10604390175746,564.8559725651824,544.53025,2050.0,8.537,9.44,4933000.0,54.7,45.84,0,1.0,1.0,1.0,1.0,1.0,1.0,1.0,1.0,1.0,1.0,1.0,1.0,1.0,1.0
6.713240695762572,5.54,,38641.40527878342,24472.84924135018,2286.889887715308,332.10604390175746,564.8559725651824,544.53025,2050.0,8.537,9.44,4933000.0,54.7,45.84,0,1.0,1.0,1.0,1.0,1.0,1.0,1.0,1.0,1.0,1.0,1.0,1.0,1.0,1.0
6.713240695762572,5.54,,38641.40527878342,24472.84924135018,2286.889887715308,332.10604390175746,564.8559725651824,544.53025,2050.0,8.537,9.44,4933000.0,54.7,45.84,0,1.0,1.0,1.0,1.0,1.0,1.0,1.0,1.0,1.0,1.0,1.0,1.0,1.0,1.0
6.713240695762572,5.54,,38641.40527878342,24472.84924135018,2286.889887715308,332.10604390175746,564.8559725651824,544.53025,2050.0,8.537,9.44,4933000.0,54.7,45.84,0,1.0,1.0,1.0,1.0,1.0,1.0,1.0,1.0,1.0,1.0,1.0,1.0,1.0,1.0
6.713240695762572,5.54,,38641.40527878342,24472.84924135018,2286.889887715308,332.10604390175746,564.8559725651824,544.53025,2050.0,8.537,9.44,4933000.0,54.7,45.84,0,1.0,1.0,1.0,1.0,1.0,1.0,1.0,1.0,1.0,1.0,1.0,1.0,1.0,1.0
6.713240695762572,5.54,,38641.40527878342,24472.84924135018,2286.889887715308,332.10604390175746,564.8559725651824,544.53025,2050.0,8.537,9.44,4933000.0,54.7,45.84,0,1.0,1.0,1.0,1.0,1.0,1.0,1.0,1.0,1.0,1.0,1.0,1.0,1.0,1.0
6.713240695762572,5.54,,38641.40527878342,24472.84924135018,2286.889887715308,332.10604390175746,564.8559725651824,544.53025,2050.0,8.537,9.44,4933000.0,54.7,45.84,0,1.0,1.0,1.0,1.0,1.0,1.0,1.0,1.0,1.0,1.0,1.0,1.0,1.0,1.0
6.713240695762572,5.54,,38641.40527878342,24472.84924135018,2286.889887715308,332.10604390175746,564.8559725651824,544.53025,2050.0,8.537,9.44,4933000.0,54.7,45.84,0,1.0,1.0,1.0,1.0,1.0,1.0,1.0,1.0,1.0,1.0,1.0,1.0,1.0,1.0
6.713240695762572,5.54,,38641.40527878342,24472.84924135018,2286.889887715308,332.10604390175746,564.8559725651824,544.53025,2050.0,8.537,9.44,4933000.0,54.7,45.84,0,1.0,1.0,1.0,1.0,1.0,1.0,1.0,1.0,1.0,1.0,1.0,1.0,1.0,1.0
6.713240695762572,5.54,,38641.40527878342,24472.84924135018,2286.889887715308,332.10604390175746,564.8559725651824,544.53025,2050.0,8.537,9.44,4933000.0,54.7,45.84,0,1.0,1.0,1.0,1.0,1.0,1.0,1.0,1.0,1.0,1.0,1.0,1.0,1.0,1.0
6.713240695762572,5.54,,38641.40527878342,24472.84924135018,2286.889887715308,332.10604390175746,564.8559725651824,544.53025,2050.0,8.537,9.44,4933000.0,54.7,45.84,0,1.0,1.0,1.0,1.0,1.0,1.0,1.0,1.0,1.0,1.0,1.0,1.0,1.0,1.0
6.713240695762572,5.54,,38641.40527878342,24472.84924135018,2286.889887715308,332.10604390175746,564.8559725651824,544.53025,2050.0,8.537,9.44,4933000.0,54.7,45.84,0,1.0,1.0,1.0,1.0,1.0,1.0,1.0,1.0,1.0,1.0,1.0,1.0,1.0,1.0
6.713240695762572,5.54,,38641.40527878342,24472.84924135018,2286.889887715308,332.10604390175746,564.8559725651824,544.53025,2050.0,8.537,9.44,4933000.0,54.7,45.84,0,1.0,1.0,1.0,1.0,1.0,1.0,1.0,1.0,1.0,1.0,1.0,1.0,1.0,1.0
6.713240695762572,5.54,,38641.40527878342,24472.84924135018,2286.889887715308,332.10604390175746,564.8559725651824,544.53025,2050.0,8.537,9.44,4933000.0,54.7,45.84,0,1.0,1.0,1.0,1.0,1.0,1.0,1.0,1.0,1.0,1.0,1.0,1.0,1.0,1.0
6.713240695762572,5.54,,38641.40527878342,24472.84924135018,2286.889887715308,332.10604390175746,564.8559725651824,544.53025,2050.0,8.537,9.44,4933000.0,54.7,45.84,0,1.0,1.0,1.0,1.0,1.0,1.0,1.0,1.0,1.0,1.0,1.0,1.0,1.0,1.0
6.713240695762572,5.54,,38641.40527878342,24472.84924135018,2286.889887715308,332.10604390175746,564.8559725651824,544.53025,2050.0,8.537,9.44,4933000.0,54.7,45.84,0,1.0,1.0,1.0,1.0,1.0,1.0,1.0,1.0,1.0,1.0,1.0,1.0,1.0,1.0
6.713240695762572,5.54,,38641.40527878342,24472.84924135018,2286.889887715308,332.10604390175746,564.8559725651824,544.53025,2050.0,8.537,9.44,4933000.0,54.7,45.84,0,1.0,1.0,1.0,1.0,1.0,1.0,1.0,1.0,1.0,1.0,1.0,1.0,1.0,1.0
6.713240695762572,5.54,,38641.40527878342,24472.84924135018,2286.889887715308,332.10604390175746,564.8559725651824,544.53025,2050.0,8.537,9.44,4933000.0,54.7,45.84,0,1.0,1.0,1.0,1.0,1.0,1.0,1.0,1.0,1.0,1.0,1.0,1.0,1.0,1.0
6.713240695762572,5.54,,38641.40527878342,24472.84924135018,2286.889887715308,332.10604390175746,564.8559725651824,544.53025,2050.0,8.537,9.44,4933000.0,54.7,45.84,0,1.0,1.0,1.0,1.0,1.0,1.0,1.0,1.0,1.0,1.0,1.0,1.0,1.0,1.0
6.713240695762572,5.54,,38641.40527878342,24472.84924135018,2286.889887715308,332.10604390175746,564.8559725651824,544.53025,2050.0,8.537,9.44,4933000.0,54.7,45.84,0,1.0,1.0,1.0,1.0,1.0,1.0,1.0,1.0,1.0,1.0,1.0,1.0,1.0,1.0
6.713240695762572,5.54,,38641.40527878342,24472.84924135018,2286.889887715308,332.10604390175746,564.8559725651824,544.53025,2050.0,8.537,9.44,4933000.0,54.7,45.84,0,1.0,1.0,1.0,1.0,1.0,1.0,1.0,1.0,1.0,1.0,1.0,1.0,1.0,1.0
6.713240695762572,5.54,,38641.40527878342,24472.84924135018,2286.889887715308,332.10604390175746,564.8559725651824,544.53025,2050.0,8.537,9.44,4933000.0,54.7,45.84,0,1.0,1.0,1.0,1.0,1.0,1.0,1.0,1.0,1.0,1.0,1.0,1.0,1.0,1.0
6.713240695762572,5.54,,38641.40527878342,24472.84924135018,2286.889887715308,332.10604390175746,564.8559725651824,544.53025,2050.0,8.537,9.44,4933000.0,54.7,45.84,0,1.0,1.0,1.0,1.0,1.0,1.0,1.0,1.0,1.0,1.0,1.0,1.0,1.0,1.0
6.713240695762572,5.54,,38641.40527878342,24472.84924135018,2286.889887715308,332.10604390175746,564.8559725651824,544.53025,2050.0,8.537,9.44,4933000.0,54.7,45.84,0,1.0,1.0,1.0,1.0,1.0,1.0,1.0,1.0,1.0,1.0,1.0,1.0,1.0,1.0
6.713240695762572,5.54,,38641.40527878342,24472.84924135018,2286.889887715308,332.10604390175746,564.8559725651824,544.53025,2050.0,8.537,9.44,4933000.0,54.7,45.84,0,1.0,1.0,1.0,1.0,1.0,1.0,1.0,1.0,1.0,1.0,1.0,1.0,1.0,1.0
6.713240695762572,5.54,,38641.40527878342,24472.84924135018,2286.889887715308,332.10604390175746,564.8559725651824,544.53025,2050.0,8.537,9.44,4933000.0,54.7,45.84,0,1.0,1.0,1.0,1.0,1.0,1.0,1.0,1.0,1.0,1.0,1.0,1.0,1.0,1.0
6.713240695762572,5.54,,38641.40527878342,24472.84924135018,2286.889887715308,332.10604390175746,564.8559725651824,544.53025,2050.0,8.537,9.44,4933000.0,54.7,45.84,0,1.0,1.0,1.0,1.0,1.0,1.0,1.0,1.0,1.0,1.0,1.0,1.0,1.0,1.0
6.713240695762572,5.54,,38641.40527878342,24472.84924135018,2286.889887715308,332.10604390175746,564.8559725651824,544.53025,2050.0,8.537,9.44,4933000.0,54.7,45.84,0,1.0,1.0,1.0,1.0,1.0,1.0,1.0,1.0,1.0,1.0,1.0,1.0,1.0,1.0
6.713240695762572,5.54,,38641.40527878342,24472.84924135018,2286.889887715308,332.10604390175746,564.8559725651824,544.53025,2050.0,8.537,9.44,4933000.0,54.7,45.84,0,1.0,1.0,1.0,1.0,1.0,1.0,1.0,1.0,1.0,1.0,1.0,1.0,1.0,1.0
6.713240695762572,5.54,,38641.40527878342,24472.84924135018,2286.889887715308,332.10604390175746,564.8559725651824,544.53025,2050.0,8.537,9.44,4933000.0,54.7,45.84,0,1.0,1.0,1.0,1.0,1.0,1.0,1.0,1.0,1.0,1.0,1.0,1.0,1.0,1.0
6.713240695762572,5.54,,38641.40527878342,24472.84924135018,2286.889887715308,332.10604390175746,564.8559725651824,544.53025,2050.0,8.537,9.44,4933000.0,54.7,45.84,0,1.0,1.0,1.0,1.0,1.0,1.0,1.0,1.0,1.0,1.0,1.0,1.0,1.0,1.0
6.713240695762572,5.54,,38641.40527878342,24472.84924135018,2286.889887715308,332.10604390175746,564.8559725651824,544.53025,2050.0,8.537,9.44,4933000.0,54.7,45.84,0,1.0,1.0,1.0,1.0,1.0,1.0,1.0,1.0,1.0,1.0,1.0,1.0,1.0,1.0
6.713240695762572,5.54,,38641.40527878342,24472.84924135018,2286.889887715308,332.10604390175746,564.8559725651824,544.53025,2050.0,8.537,9.44,4933000.0,54.7,45.84,0,1.0,1.0,1.0,1.0,1.0,1.0,1.0,1.0,1.0,1.0,1.0,1.0,1.0,1.0
6.713240695762572,5.54,,38641.40527878342,24472.84924135018,2286.889887715308,332.10604390175746,564.8559725651824,544.53025,2050.0,8.537,9.44,4933000.0,54.7,45.84,0,1.0,1.0,1.0,1.0,1.0,1.0,1.0,1.0,1.0,1.0,1.0,1.0,1.0,1.0
6.713240695762572,5.54,,38641.40527878342,24472.84924135018,2286.889887715308,332.10604390175746,564.8559725651824,544.53025,2050.0,8.537,9.44,4933000.0,54.7,45.84,0,1.0,1.0,1.0,1.0,1.0,1.0,1.0,1.0,1.0,1.0,1.0,1.0,1.0,1.0
6.713240695762572,5.54,,38641.40527878342,24472.84924135018,2286.889887715308,332.10604390175746,564.8559725651824,544.53025,2050.0,8.537,9.44,4933000.0,54.7,45.84,0,1.0,1.0,1.0,1.0,1.0,1.0,1.0,1.0,1.0,1.0,1.0,1.0,1.0,1.0
6.713240695762572,5.54,,38641.40527878342,24472.84924135018,2286.889887715308,332.10604390175746,564.8559725651824,544.53025,2050.0,8.537,9.44,4933000.0,54.7,45.84,0,1.0,1.0,1.0,1.0,1.0,1.0,1.0,1.0,1.0,1.0,1.0,1.0,1.0,1.0
6.713240695762572,5.54,,38641.40527878342,24472.84924135018,2286.889887715308,332.10604390175746,564.8559725651824,544.53025,2050.0,8.537,9.44,4933000.0,54.7,45.84,0,1.0,1.0,1.0,1.0,1.0,1.0,1.0,1.0,1.0,1.0,1.0,1.0,1.0,1.0
6.713240695762572,5.54,,38641.40527878342,24472.84924135018,2286.889887715308,332.10604390175746,564.8559725651824,544.53025,2050.0,8.537,9.44,4933000.0,54.7,45.84,0,1.0,1.0,1.0,1.0,1.0,1.0,1.0,1.0,1.0,1.0,1.0,1.0,1.0,1.0
6.713240695762572,5.54,,38641.40527878342,24472.84924135018,2286.889887715308,332.10604390175746,564.8559725651824,544.53025,2050.0,8.537,9.44,4933000.0,54.7,45.84,0,1.0,1.0,1.0,1.0,1.0,1.0,1.0,1.0,1.0,1.0,1.0,1.0,1.0,1.0
6.713240695762572,5.54,,38641.40527878342,24472.84924135018,2286.889887715308,332.10604390175746,564.8559725651824,544.53025,2050.0,8.537,9.44,4933000.0,54.7,45.84,0,1.0,1.0,1.0,1.0,1.0,1.0,1.0,1.0,1.0,1.0,1.0,1.0,1.0,1.0
6.713240695762572,5.54,,38641.40527878342,24472.84924135018,2286.889887715308,332.10604390175746,564.8559725651824,544.53025,2050.0,8.537,9.44,4933000.0,54.7,45.84,0,1.0,1.0,1.0,1.0,1.0,1.0,1.0,1.0,1.0,1.0,1.0,1.0,1.0,1.0
6.713240695762572,5.54,,38641.40527878342,24472.84924135018,2286.889887715308,332.10604390175746,564.8559725651824,544.53025,2050.0,8.537,9.44,4933000.0,54.7,45.84,0,1.0,1.0,1.0,1.0,1.0,1.0,1.0,1.0,1.0,1.0,1.0,1.0,1.0,1.0
6.713240695762572,5.54,,38641.40527878342,24472.84924135018,2286.889887715308,332.10604390175746,564.8559725651824,544.53025,2050.0,8.537,9.44,4933000.0,54.7,45.84,0,1.0,1.0,1.0,1.0,1.0,1.0,1.0,1.0,1.0,1.0,1.0,1.0,1.0,1.0
6.713240695762572,5.54,,38641.40527878342,24472.84924135018,2286.889887715308,332.10604390175746,564.8559725651824,544.53025,2050.0,8.537,9.44,4933000.0,54.7,45.84,0,1.0,1.0,1.0,1.0,1.0,1.0,1.0,1.0,1.0,1.0,1.0,1.0,1.0,1.0
6.713240695762572,5.54,,38641.40527878342,24472.84924135018,2286.889887715308,332.10604390175746,564.8559725651824,544.53025,2050.0,8.537,9.44,4933000.0,54.7,45.84,0,1.0,1.0,1.0,1.0,1.0,1.0,1.0,1.0,1.0,1.0,1.0,1.0,1.0,1.0
6.713240695762572,5.54,,38641.40527878342,24472.84924135018,2286.889887715308,332.10604390175746,564.8559725651824,544.53025,2050.0,8.537,9.44,4933000.0,54.7,45.84,0,1.0,1.0,1.0,1.0,1.0,1.0,1.0,1.0,1.0,1.0,1.0,1.0,1.0,1.0
6.713240695762572,5.54,,38641.40527878342,24472.84924135018,2286.889887715308,332.10604390175746,564.8559725651824,544.53025,2050.0,8.537,9.44,4933000.0,54.7,45.84,0,1.0,1.0,1.0,1.0,1.0,1.0,1.0,1.0,1.0,1.0,1.0,1.0,1.0,1.0
6.713240695762572,5.54,,38641.40527878342,24472.84924135018,2286.889887715308,332.10604390175746,564.8559725651824,544.53025,2050.0,8.537,9.44,4933000.0,54.7,45.84,0,1.0,1.0,1.0,1.0,1.0,1.0,1.0,1.0,1.0,1.0,1.0,1.0,1.0,1.0
6.713240695762572,5.54,,38641.40527878342,24472.84924135018,2286.889887715308,332.10604390175746,564.8559725651824,544.53025,2050.0,8.537,9.44,4933000.0,54.7,45.84,0,1.0,1.0,1.0,1.0,1.0,1.0,1.0,1.0,1.0,1.0,1.0,1.0,1.0,1.0
6.713240695762572,5.54,,38641.40527878342,24472.84924135018,2286.889887715308,332.10604390175746,564.8559725651824,544.53025,2050.0,8.537,9.44,4933000.0,54.7,45.84,0,1.0,1.0,1.0,1.0,1.0,1.0,1.0,1.0,1.0,1.0,1.0,1.0,1.0,1.0
6.713240695762572,5.54,,38641.40527878342,24472.84924135018,2286.889887715308,332.10604390175746,564.8559725651824,544.53025,2050.0,8.537,9.44,4933000.0,54.7,45.84,0,1.0,1.0,1.0,1.0,1.0,1.0,1.0,1.0,1.0,1.0,1.0,1.0,1.0,1.0
6.713240695762572,5.54,,38641.40527878342,24472.84924135018,2286.889887715308,332.10604390175746,564.8559725651824,544.53025,2050.0,8.537,9.44,4933000.0,54.7,45.84,0,1.0,1.0,1.0,1.0,1.0,1.0,1.0,1.0,1.0,1.0,1.0,1.0,1.0,1.0
6.713240695762572,5.54,,38641.40527878342,24472.84924135018,2286.889887715308,332.10604390175746,564.8559725651824,544.53025,2050.0,8.537,9.44,4933000.0,54.7,45.84,0,1.0,1.0,1.0,1.0,1.0,1.0,1.0,1.0,1.0,1.0,1.0,1.0,1.0,1.0
6.713240695762572,5.54,,38641.40527878342,24472.84924135018,2286.889887715308,332.10604390175746,564.8559725651824,544.53025,2050.0,8.537,9.44,4933000.0,54.7,45.84,0,1.0,1.0,1.0,1.0,1.0,1.0,1.0,1.0,1.0,1.0,1.0,1.0,1.0,1.0
6.713240695762572,5.54,,38641.40527878342,24472.84924135018,2286.889887715308,332.10604390175746,564.8559725651824,544.53025,2050.0,8.537,9.44,4933000.0,54.7,45.84,0,1.0,1.0,1.0,1.0,1.0,1.0,1.0,1.0,1.0,1.0,1.0,1.0,1.0,1.0
6.713240695762572,5.54,,38641.40527878342,24472.84924135018,2286.889887715308,332.10604390175746,564.8559725651824,544.53025,2050.0,8.537,9.44,4933000.0,54.7,45.84,0,1.0,1.0,1.0,1.0,1.0,1.0,1.0,1.0,1.0,1.0,1.0,1.0,1.0,1.0
6.713240695762572,5.54,,38641.40527878342,24472.84924135018,2286.889887715308,332.10604390175746,564.8559725651824,544.53025,2050.0,8.537,9.44,4933000.0,54.7,45.84,0,1.0,1.0,1.0,1.0,1.0,1.0,1.0,1.0,1.0,1.0,1.0,1.0,1.0,1.0
6.713240695762572,5.54,,38641.40527878342,24472.84924135018,2286.889887715308,332.10604390175746,564.8559725651824,544.53025,2050.0,8.537,9.44,4933000.0,54.7,45.84,0,1.0,1.0,1.0,1.0,1.0,1.0,1.0,1.0,1.0,1.0,1.0,1.0,1.0,1.0
6.713240695762572,5.54,,38641.40527878342,24472.84924135018,2286.889887715308,332.10604390175746,564.8559725651824,544.53025,2050.0,8.537,9.44,4933000.0,54.7,45.84,0,1.0,1.0,1.0,1.0,1.0,1.0,1.0,1.0,1.0,1.0,1.0,1.0,1.0,1.0
6.713240695762572,5.54,,38641.40527878342,24472.84924135018,2286.889887715308,332.10604390175746,564.8559725651824,544.53025,2050.0,8.537,9.44,4933000.0,54.7,45.84,0,1.0,1.0,1.0,1.0,1.0,1.0,1.0,1.0,1.0,1.0,1.0,1.0,1.0,1.0
6.713240695762572,5.54,,38641.40527878342,24472.84924135018,2286.889887715308,332.10604390175746,564.8559725651824,544.53025,2050.0,8.537,9.44,4933000.0,54.7,45.84,0,1.0,1.0,1.0,1.0,1.0,1.0,1.0,1.0,1.0,1.0,1.0,1.0,1.0,1.0
6.713240695762572,5.54,,38641.40527878342,24472.84924135018,2286.889887715308,332.10604390175746,564.8559725651824,544.53025,2050.0,8.537,9.44,4933000.0,54.7,45.84,0,1.0,1.0,1.0,1.0,1.0,1.0,1.0,1.0,1.0,1.0,1.0,1.0,1.0,1.0
6.713240695762572,5.54,,38641.40527878342,24472.84924135018,2286.889887715308,332.10604390175746,564.8559725651824,544.53025,2050.0,8.537,9.44,4933000.0,54.7,45.84,0,1.0,1.0,1.0,1.0,1.0,1.0,1.0,1.0,1.0,1.0,1.0,1.0,1.0,1.0
6.713240695762572,5.54,,38641.40527878342,24472.84924135018,2286.889887715308,332.10604390175746,564.8559725651824,544.53025,2050.0,8.537,9.44,4933000.0,54.7,45.84,0,1.0,1.0,1.0,1.0,1.0,1.0,1.0,1.0,1.0,1.0,1.0,1.0,1.0,1.0
6.713240695762572,5.54,,38641.40527878342,24472.84924135018,2286.889887715308,332.10604390175746,564.8559725651824,544.53025,2050.0,8.537,9.44,4933000.0,54.7,45.84,0,1.0,1.0,1.0,1.0,1.0,1.0,1.0,1.0,1.0,1.0,1.0,1.0,1.0,1.0
6.713240695762572,5.54,,38641.40527878342,24472.84924135018,2286.889887715308,332.10604390175746,564.8559725651824,544.53025,2050.0,8.537,9.44,4933000.0,54.7,45.84,0,1.0,1.0,1.0,1.0,1.0,1.0,1.0,1.0,1.0,1.0,1.0,1.0,1.0,1.0
6.713240695762572,5.54,,38641.40527878342,24472.84924135018,2286.889887715308,332.10604390175746,564.8559725651824,544.53025,2050.0,8.537,9.44,4933000.0,54.7,45.84,0,1.0,1.0,1.0,1.0,1.0,1.0,1.0,1.0,1.0,1.0,1.0,1.0,1.0,1.0
6.713240695762572,5.54,,38641.40527878342,24472.84924135018,2286.889887715308,332.10604390175746,564.8559725651824,544.53025,2050.0,8.537,9.44,4933000.0,54.7,45.84,0,1.0,1.0,1.0,1.0,1.0,1.0,1.0,1.0,1.0,1.0,1.0,1.0,1.0,1.0
6.713240695762572,5.54,,38641.40527878342,24472.84924135018,2286.889887715308,332.10604390175746,564.8559725651824,544.53025,2050.0,8.537,9.44,4933000.0,54.7,45.84,0,1.0,1.0,1.0,1.0,1.0,1.0,1.0,1.0,1.0,1.0,1.0,1.0,1.0,1.0
6.713240695762572,5.54,,38641.40527878342,24472.84924135018,2286.889887715308,332.10604390175746,564.8559725651824,544.53025,2050.0,8.537,9.44,4933000.0,54.7,45.84,0,1.0,1.0,1.0,1.0,1.0,1.0,1.0,1.0,1.0,1.0,1.0,1.0,1.0,1.0
6.713240695762572,5.54,,38641.40527878342,24472.84924135018,2286.889887715308,332.10604390175746,564.8559725651824,544.53025,2050.0,8.537,9.44,4933000.0,54.7,45.84,0,1.0,1.0,1.0,1.0,1.0,1.0,1.0,1.0,1.0,1.0,1.0,1.0,1.0,1.0
6.713240695762572,5.54,,38641.40527878342,24472.84924135018,2286.889887715308,332.10604390175746,564.8559725651824,544.53025,2050.0,8.537,9.44,4933000.0,54.7,45.84,0,1.0,1.0,1.0,1.0,1.0,1.0,1.0,1.0,1.0,1.0,1.0,1.0,1.0,1.0
6.713240695762572,5.54,,38641.40527878342,24472.84924135018,2286.889887715308,332.10604390175746,564.8559725651824,544.53025,2050.0,8.537,9.44,4933000.0,54.7,45.84,0,1.0,1.0,1.0,1.0,1.0,1.0,1.0,1.0,1.0,1.0,1.0,1.0,1.0,1.0
6.713240695762572,5.54,,38641.40527878342,24472.84924135018,2286.889887715308,332.10604390175746,564.8559725651824,544.53025,2050.0,8.537,9.44,4933000.0,54.7,45.84,0,1.0,1.0,1.0,1.0,1.0,1.0,1.0,1.0,1.0,1.0,1.0,1.0,1.0,1.0
6.713240695762572,5.54,,38641.40527878342,24472.84924135018,2286.889887715308,332.10604390175746,564.8559725651824,544.53025,2050.0,8.537,9.44,4933000.0,54.7,45.84,0,1.0,1.0,1.0,1.0,1.0,1.0,1.0,1.0,1.0,1.0,1.0,1.0,1.0,1.0
6.713240695762572,5.54,,38641.40527878342,24472.84924135018,2286.889887715308,332.10604390175746,564.8559725651824,544.53025,2050.0,8.537,9.44,4933000.0,54.7,45.84,0,1.0,1.0,1.0,1.0,1.0,1.0,1.0,1.0,1.0,1.0,1.0,1.0,1.0,1.0
6.713240695762572,5.54,,38641.40527878342,24472.84924135018,2286.889887715308,332.10604390175746,564.8559725651824,544.53025,2050.0,8.537,9.44,4933000.0,54.7,45.84,0,1.0,1.0,1.0,1.0,1.0,1.0,1.0,1.0,1.0,1.0,1.0,1.0,1.0,1.0
6.713240695762572,5.54,,38641.40527878342,24472.84924135018,2286.889887715308,332.10604390175746,564.8559725651824,544.53025,2050.0,8.537,9.44,4933000.0,54.7,45.84,0,1.0,1.0,1.0,1.0,1.0,1.0,1.0,1.0,1.0,1.0,1.0,1.0,1.0,1.0
6.713240695762572,5.54,,38641.40527878342,24472.84924135018,2286.889887715308,332.10604390175746,564.8559725651824,544.53025,2050.0,8.537,9.44,4933000.0,54.7,45.84,0,1.0,1.0,1.0,1.0,1.0,1.0,1.0,1.0,1.0,1.0,1.0,1.0,1.0,1.0
6.713240695762572,5.54,,38641.40527878342,24472.84924135018,2286.889887715308,332.10604390175746,564.8559725651824,544.53025,2050.0,8.537,9.44,4933000.0,54.7,45.84,0,1.0,1.0,1.0,1.0,1.0,1.0,1.0,1.0,1.0,1.0,1.0,1.0,1.0,1.0
6.713240695762572,5.54,,38641.40527878342,24472.84924135018,2286.889887715308,332.10604390175746,564.8559725651824,544.53025,2050.0,8.537,9.44,4933000.0,54.7,45.84,0,1.0,1.0,1.0,1.0,1.0,1.0,1.0,1.0,1.0,1.0,1.0,1.0,1.0,1.0
6.713240695762572,5.54,,38641.40527878342,24472.84924135018,2286.889887715308,332.10604390175746,564.8559725651824,544.53025,2050.0,8.537,9.44,4933000.0,54.7,45.84,0,1.0,1.0,1.0,1.0,1.0,1.0,1.0,1.0,1.0,1.0,1.0,1.0,1.0,1.0
6.713240695762572,5.54,,38641.40527878342,24472.84924135018,2286.889887715308,332.10604390175746,564.8559725651824,544.53025,2050.0,8.537,9.44,4933000.0,54.7,45.84,0,1.0,1.0,1.0,1.0,1.0,1.0,1.0,1.0,1.0,1.0,1.0,1.0,1.0,1.0
6.713240695762572,5.54,,38641.40527878342,24472.84924135018,2286.889887715308,332.10604390175746,564.8559725651824,544.53025,2050.0,8.537,9.44,4933000.0,54.7,45.84,0,1.0,1.0,1.0,1.0,1.0,1.0,1.0,1.0,1.0,1.0,1.0,1.0,1.0,1.0
6.713240695762572,5.54,,38641.40527878342,24472.84924135018,2286.889887715308,332.10604390175746,564.8559725651824,544.53025,2050.0,8.537,9.44,4933000.0,54.7,45.84,0,1.0,1.0,1.0,1.0,1.0,1.0,1.0,1.0,1.0,1.0,1.0,1.0,1.0,1.0
6.713240695762572,5.54,,38641.40527878342,24472.84924135018,2286.889887715308,332.10604390175746,564.8559725651824,544.53025,2050.0,8.537,9.44,4933000.0,54.7,45.84,0,1.0,1.0,1.0,1.0,1.0,1.0,1.0,1.0,1.0,1.0,1.0,1.0,1.0,1.0
6.713240695762572,5.54,,38641.40527878342,24472.84924135018,2286.889887715308,332.10604390175746,564.8559725651824,544.53025,2050.0,8.537,9.44,4933000.0,54.7,45.84,0,1.0,1.0,1.0,1.0,1.0,1.0,1.0,1.0,1.0,1.0,1.0,1.0,1.0,1.0
6.713240695762572,5.54,,38641.40527878342,24472.84924135018,2286.889887715308,332.10604390175746,564.8559725651824,544.53025,2050.0,8.537,9.44,4933000.0,54.7,45.84,0,1.0,1.0,1.0,1.0,1.0,1.0,1.0,1.0,1.0,1.0,1.0,1.0,1.0,1.0
6.713240695762572,5.54,,38641.40527878342,24472.84924135018,2286.889887715308,332.10604390175746,564.8559725651824,544.53025,2050.0,8.537,9.44,4933000.0,54.7,45.84,0,1.0,1.0,1.0,1.0,1.0,1.0,1.0,1.0,1.0,1.0,1.0,1.0,1.0,1.0
6.713240695762572,5.54,,38641.40527878342,24472.84924135018,2286.889887715308,332.10604390175746,564.8559725651824,544.53025,2050.0,8.537,9.44,4933000.0,54.7,45.84,0,1.0,1.0,1.0,1.0,1.0,1.0,1.0,1.0,1.0,1.0,1.0,1.0,1.0,1.0
6.713240695762572,5.54,,38641.40527878342,24472.84924135018,2286.889887715308,332.10604390175746,564.8559725651824,544.53025,2050.0,8.537,9.44,4933000.0,54.7,45.84,0,1.0,1.0,1.0,1.0,1.0,1.0,1.0,1.0,1.0,1.0,1.0,1.0,1.0,1.0
6.713240695762572,5.54,,38641.40527878342,24472.84924135018,2286.889887715308,332.10604390175746,564.8559725651824,544.53025,2050.0,8.537,9.44,4933000.0,54.7,45.84,0,1.0,1.0,1.0,1.0,1.0,1.0,1.0,1.0,1.0,1.0,1.0,1.0,1.0,1.0
6.713240695762572,5.54,,38641.40527878342,24472.84924135018,2286.889887715308,332.10604390175746,564.8559725651824,544.53025,2050.0,8.537,9.44,4933000.0,54.7,45.84,0,1.0,1.0,1.0,1.0,1.0,1.0,1.0,1.0,1.0,1.0,1.0,1.0,1.0,1.0
6.713240695762572,5.54,,38641.40527878342,24472.84924135018,2286.889887715308,332.10604390175746,564.8559725651824,544.53025,2050.0,8.537,9.44,4933000.0,54.7,45.84,0,1.0,1.0,1.0,1.0,1.0,1.0,1.0,1.0,1.0,1.0,1.0,1.0,1.0,1.0
6.713240695762572,5.54,,38641.40527878342,24472.84924135018,2286.889887715308,332.10604390175746,564.8559725651824,544.53025,2050.0,8.537,9.44,4933000.0,54.7,45.84,0,1.0,1.0,1.0,1.0,1.0,1.0,1.0,1.0,1.0,1.0,1.0,1.0,1.0,1.0
6.713240695762572,5.54,,38641.40527878342,24472.84924135018,2286.889887715308,332.10604390175746,564.8559725651824,544.53025,2050.0,8.537,9.44,4933000.0,54.7,45.84,0,1.0,1.0,1.0,1.0,1.0,1.0,1.0,1.0,1.0,1.0,1.0,1.0,1.0,1.0
6.713240695762572,5.54,,38641.40527878342,24472.84924135018,2286.889887715308,332.10604390175746,564.8559725651824,544.53025,2050.0,8.537,9.44,4933000.0,54.7,45.84,0,1.0,1.0,1.0,1.0,1.0,1.0,1.0,1.0,1.0,1.0,1.0,1.0,1.0,1.0
6.713240695762572,5.54,,38641.40527878342,24472.84924135018,2286.889887715308,332.10604390175746,564.8559725651824,544.53025,2050.0,8.537,9.44,4933000.0,54.7,45.84,0,1.0,1.0,1.0,1.0,1.0,1.0,1.0,1.0,1.0,1.0,1.0,1.0,1.0,1.0
6.713240695762572,5.54,,38641.40527878342,24472.84924135018,2286.889887715308,332.10604390175746,564.8559725651824,544.53025,2050.0,8.537,9.44,4933000.0,54.7,45.84,0,1.0,1.0,1.0,1.0,1.0,1.0,1.0,1.0,1.0,1.0,1.0,1.0,1.0,1.0
6.713240695762572,5.54,,38641.40527878342,24472.84924135018,2286.889887715308,332.10604390175746,564.8559725651824,544.53025,2050.0,8.537,9.44,4933000.0,54.7,45.84,0,1.0,1.0,1.0,1.0,1.0,1.0,1.0,1.0,1.0,1.0,1.0,1.0,1.0,1.0
6.713240695762572,5.54,,38641.40527878342,24472.84924135018,2286.889887715308,332.10604390175746,564.8559725651824,544.53025,2050.0,8.537,9.44,4933000.0,54.7,45.84,0,1.0,1.0,1.0,1.0,1.0,1.0,1.0,1.0,1.0,1.0,1.0,1.0,1.0,1.0
6.713240695762572,5.54,,38641.40527878342,24472.84924135018,2286.889887715308,332.10604390175746,564.8559725651824,544.53025,2050.0,8.537,9.44,4933000.0,54.7,45.84,0,1.0,1.0,1.0,1.0,1.0,1.0,1.0,1.0,1.0,1.0,1.0,1.0,1.0,1.0
6.713240695762572,5.54,,38641.40527878342,24472.84924135018,2286.889887715308,332.10604390175746,564.8559725651824,544.53025,2050.0,8.537,9.44,4933000.0,54.7,45.84,0,1.0,1.0,1.0,1.0,1.0,1.0,1.0,1.0,1.0,1.0,1.0,1.0,1.0,1.0
6.713240695762572,5.54,,38641.40527878342,24472.84924135018,2286.889887715308,332.10604390175746,564.8559725651824,544.53025,2050.0,8.537,9.44,4933000.0,54.7,45.84,0,1.0,1.0,1.0,1.0,1.0,1.0,1.0,1.0,1.0,1.0,1.0,1.0,1.0,1.0
6.713240695762572,5.54,,38641.40527878342,24472.84924135018,2286.889887715308,332.10604390175746,564.8559725651824,544.53025,2050.0,8.537,9.44,4933000.0,54.7,45.84,0,1.0,1.0,1.0,1.0,1.0,1.0,1.0,1.0,1.0,1.0,1.0,1.0,1.0,1.0
6.713240695762572,5.54,,38641.40527878342,24472.84924135018,2286.889887715308,332.10604390175746,564.8559725651824,544.53025,2050.0,8.537,9.44,4933000.0,54.7,45.84,0,1.0,1.0,1.0,1.0,1.0,1.0,1.0,1.0,1.0,1.0,1.0,1.0,1.0,1.0
6.713240695762572,5.54,,38641.40527878342,24472.84924135018,2286.889887715308,332.10604390175746,564.8559725651824,544.53025,2050.0,8.537,9.44,4933000.0,54.7,45.84,0,1.0,1.0,1.0,1.0,1.0,1.0,1.0,1.0,1.0,1.0,1.0,1.0,1.0,1.0
6.713240695762572,5.54,,38641.40527878342,24472.84924135018,2286.889887715308,332.10604390175746,564.8559725651824,544.53025,2050.0,8.537,9.44,4933000.0,54.7,45.84,0,1.0,1.0,1.0,1.0,1.0,1.0,1.0,1.0,1.0,1.0,1.0,1.0,1.0,1.0
6.713240695762572,5.54,,38641.40527878342,24472.84924135018,2286.889887715308,332.10604390175746,564.8559725651824,544.53025,2050.0,8.537,9.44,4933000.0,54.7,45.84,0,1.0,1.0,1.0,1.0,1.0,1.0,1.0,1.0,1.0,1.0,1.0,1.0,1.0,1.0
6.713240695762572,5.54,,38641.40527878342,24472.84924135018,2286.889887715308,332.10604390175746,564.8559725651824,544.53025,2050.0,8.537,9.44,4933000.0,54.7,45.84,0,1.0,1.0,1.0,1.0,1.0,1.0,1.0,1.0,1.0,1.0,1.0,1.0,1.0,1.0
6.713240695762572,5.54,,38641.40527878342,24472.84924135018,2286.889887715308,332.10604390175746,564.8559725651824,544.53025,2050.0,8.537,9.44,4933000.0,54.7,45.84,0,1.0,1.0,1.0,1.0,1.0,1.0,1.0,1.0,1.0,1.0,1.0,1.0,1.0,1.0
6.713240695762572,5.54,,38641.40527878342,24472.84924135018,2286.889887715308,332.10604390175746,564.8559725651824,544.53025,2050.0,8.537,9.44,4933000.0,54.7,45.84,0,1.0,1.0,1.0,1.0,1.0,1.0,1.0,1.0,1.0,1.0,1.0,1.0,1.0,1.0
6.713240695762572,5.54,,38641.40527878342,24472.84924135018,2286.889887715308,332.10604390175746,564.8559725651824,544.53025,2050.0,8.537,9.44,4933000.0,54.7,45.84,0,1.0,1.0,1.0,1.0,1.0,1.0,1.0,1.0,1.0,1.0,1.0,1.0,1.0,1.0
6.713240695762572,5.54,,38641.40527878342,24472.84924135018,2286.889887715308,332.10604390175746,564.8559725651824,544.53025,2050.0,8.537,9.44,4933000.0,54.7,45.84,0,1.0,1.0,1.0,1.0,1.0,1.0,1.0,1.0,1.0,1.0,1.0,1.0,1.0,1.0
6.713240695762572,5.54,,38641.40527878342,24472.84924135018,2286.889887715308,332.10604390175746,564.8559725651824,544.53025,2050.0,8.537,9.44,4933000.0,54.7,45.84,0,1.0,1.0,1.0,1.0,1.0,1.0,1.0,1.0,1.0,1.0,1.0,1.0,1.0,1.0
6.713240695762572,5.54,,38641.40527878342,24472.84924135018,2286.889887715308,332.10604390175746,564.8559725651824,544.53025,2050.0,8.537,9.44,4933000.0,54.7,45.84,0,1.0,1.0,1.0,1.0,1.0,1.0,1.0,1.0,1.0,1.0,1.0,1.0,1.0,1.0
6.713240695762572,5.54,,38641.40527878342,24472.84924135018,2286.889887715308,332.10604390175746,564.8559725651824,544.53025,2050.0,8.537,9.44,4933000.0,54.7,45.84,0,1.0,1.0,1.0,1.0,1.0,1.0,1.0,1.0,1.0,1.0,1.0,1.0,1.0,1.0
6.713240695762572,5.54,,38641.40527878342,24472.84924135018,2286.889887715308,332.10604390175746,564.8559725651824,544.53025,2050.0,8.537,9.44,4933000.0,54.7,45.84,0,1.0,1.0,1.0,1.0,1.0,1.0,1.0,1.0,1.0,1.0,1.0,1.0,1.0,1.0
6.713240695762572,5.54,,38641.40527878342,24472.84924135018,2286.889887715308,332.10604390175746,564.8559725651824,544.53025,2050.0,8.537,9.44,4933000.0,54.7,45.84,0,1.0,1.0,1.0,1.0,1.0,1.0,1.0,1.0,1.0,1.0,1.0,1.0,1.0,1.0
6.713240695762572,5.54,,38641.40527878342,24472.84924135018,2286.889887715308,332.10604390175746,564.8559725651824,544.53025,2050.0,8.537,9.44,4933000.0,54.7,45.84,0,1.0,1.0,1.0,1.0,1.0,1.0,1.0,1.0,1.0,1.0,1.0,1.0,1.0,1.0
6.713240695762572,5.54,,38641.40527878342,24472.84924135018,2286.889887715308,332.10604390175746,564.8559725651824,544.53025,2050.0,8.537,9.44,4933000.0,54.7,45.84,0,1.0,1.0,1.0,1.0,1.0,1.0,1.0,1.0,1.0,1.0,1.0,1.0,1.0,1.0
6.713240695762572,5.54,,38641.40527878342,24472.84924135018,2286.889887715308,332.10604390175746,564.8559725651824,544.53025,2050.0,8.537,9.44,4933000.0,54.7,45.84,0,1.0,1.0,1.0,1.0,1.0,1.0,1.0,1.0,1.0,1.0,1.0,1.0,1.0,1.0
6.713240695762572,5.54,,38641.40527878342,24472.84924135018,2286.889887715308,332.10604390175746,564.8559725651824,544.53025,2050.0,8.537,9.44,4933000.0,54.7,45.84,0,1.0,1.0,1.0,1.0,1.0,1.0,1.0,1.0,1.0,1.0,1.0,1.0,1.0,1.0
6.713240695762572,5.54,,38641.40527878342,24472.84924135018,2286.889887715308,332.10604390175746,564.8559725651824,544.53025,2050.0,8.537,9.44,4933000.0,54.7,45.84,0,1.0,1.0,1.0,1.0,1.0,1.0,1.0,1.0,1.0,1.0,1.0,1.0,1.0,1.0
6.713240695762572,5.54,,38641.40527878342,24472.84924135018,2286.889887715308,332.10604390175746,564.8559725651824,544.53025,2050.0,8.537,9.44,4933000.0,54.7,45.84,0,1.0,1.0,1.0,1.0,1.0,1.0,1.0,1.0,1.0,1.0,1.0,1.0,1.0,1.0
6.713240695762572,5.54,,38641.40527878342,24472.84924135018,2286.889887715308,332.10604390175746,564.8559725651824,544.53025,2050.0,8.537,9.44,4933000.0,54.7,45.84,0,1.0,1.0,1.0,1.0,1.0,1.0,1.0,1.0,1.0,1.0,1.0,1.0,1.0,1.0
6.713240695762572,5.54,,38641.40527878342,24472.84924135018,2286.889887715308,332.10604390175746,564.8559725651824,544.53025,2050.0,8.537,9.44,4933000.0,54.7,45.84,0,1.0,1.0,1.0,1.0,1.0,1.0,1.0,1.0,1.0,1.0,1.0,1.0,1.0,1.0
6.713240695762572,5.54,,38641.40527878342,24472.84924135018,2286.889887715308,332.10604390175746,564.8559725651824,544.53025,2050.0,8.537,9.44,4933000.0,54.7,45.84,0,1.0,1.0,1.0,1.0,1.0,1.0,1.0,1.0,1.0,1.0,1.0,1.0,1.0,1.0
6.713240695762572,5.54,,38641.40527878342,24472.84924135018,2286.889887715308,332.10604390175746,564.8559725651824,544.53025,2050.0,8.537,9.44,4933000.0,54.7,45.84,0,1.0,1.0,1.0,1.0,1.0,1.0,1.0,1.0,1.0,1.0,1.0,1.0,1.0,1.0
6.713240695762572,5.54,,38641.40527878342,24472.84924135018,2286.889887715308,332.10604390175746,564.8559725651824,544.53025,2050.0,8.537,9.44,4933000.0,54.7,45.84,0,1.0,1.0,1.0,1.0,1.0,1.0,1.0,1.0,1.0,1.0,1.0,1.0,1.0,1.0
6.713240695762572,5.54,,38641.40527878342,24472.84924135018,2286.889887715308,332.10604390175746,564.8559725651824,544.53025,2050.0,8.537,9.44,4933000.0,54.7,45.84,0,1.0,1.0,1.0,1.0,1.0,1.0,1.0,1.0,1.0,1.0,1.0,1.0,1.0,1.0
6.713240695762572,5.54,,38641.40527878342,24472.84924135018,2286.889887715308,332.10604390175746,564.8559725651824,544.53025,2050.0,8.537,9.44,4933000.0,54.7,45.84,0,1.0,1.0,1.0,1.0,1.0,1.0,1.0,1.0,1.0,1.0,1.0,1.0,1.0,1.0
6.713240695762572,5.54,,38641.40527878342,24472.84924135018,2286.889887715308,332.10604390175746,564.8559725651824,544.53025,2050.0,8.537,9.44,4933000.0,54.7,45.84,0,1.0,1.0,1.0,1.0,1.0,1.0,1.0,1.0,1.0,1.0,1.0,1.0,1.0,1.0
6.713240695762572,5.54,,38641.40527878342,24472.84924135018,2286.889887715308,332.10604390175746,564.8559725651824,544.53025,2050.0,8.537,9.44,4933000.0,54.7,45.84,0,1.0,1.0,1.0,1.0,1.0,1.0,1.0,1.0,1.0,1.0,1.0,1.0,1.0,1.0
6.713240695762572,5.54,,38641.40527878342,24472.84924135018,2286.889887715308,332.10604390175746,564.8559725651824,544.53025,2050.0,8.537,9.44,4933000.0,54.7,45.84,0,1.0,1.0,1.0,1.0,1.0,1.0,1.0,1.0,1.0,1.0,1.0,1.0,1.0,1.0
6.713240695762572,5.54,,38641.40527878342,24472.84924135018,2286.889887715308,332.10604390175746,564.8559725651824,544.53025,2050.0,8.537,9.44,4933000.0,54.7,45.84,0,1.0,1.0,1.0,1.0,1.0,1.0,1.0,1.0,1.0,1.0,1.0,1.0,1.0,1.0
6.713240695762572,5.54,,38641.40527878342,24472.84924135018,2286.889887715308,332.10604390175746,564.8559725651824,544.53025,2050.0,8.537,9.44,4933000.0,54.7,45.84,0,1.0,1.0,1.0,1.0,1.0,1.0,1.0,1.0,1.0,1.0,1.0,1.0,1.0,1.0
6.713240695762572,5.54,,38641.40527878342,24472.84924135018,2286.889887715308,332.10604390175746,564.8559725651824,544.53025,2050.0,8.537,9.44,4933000.0,54.7,45.84,0,1.0,1.0,1.0,1.0,1.0,1.0,1.0,1.0,1.0,1.0,1.0,1.0,1.0,1.0
6.713240695762572,5.54,,38641.40527878342,24472.84924135018,2286.889887715308,332.10604390175746,564.8559725651824,544.53025,2050.0,8.537,9.44,4933000.0,54.7,45.84,0,1.0,1.0,1.0,1.0,1.0,1.0,1.0,1.0,1.0,1.0,1.0,1.0,1.0,1.0
6.713240695762572,5.54,,38641.40527878342,24472.84924135018,2286.889887715308,332.10604390175746,564.8559725651824,544.53025,2050.0,8.537,9.44,4933000.0,54.7,45.84,0,1.0,1.0,1.0,1.0,1.0,1.0,1.0,1.0,1.0,1.0,1.0,1.0,1.0,1.0
6.713240695762572,5.54,,38641.40527878342,24472.84924135018,2286.889887715308,332.10604390175746,564.8559725651824,544.53025,2050.0,8.537,9.44,4933000.0,54.7,45.84,0,1.0,1.0,1.0,1.0,1.0,1.0,1.0,1.0,1.0,1.0,1.0,1.0,1.0,1.0
6.713240695762572,5.54,,38641.40527878342,24472.84924135018,2286.889887715308,332.10604390175746,564.8559725651824,544.53025,2050.0,8.537,9.44,4933000.0,54.7,45.84,0,1.0,1.0,1.0,1.0,1.0,1.0,1.0,1.0,1.0,1.0,1.0,1.0,1.0,1.0
6.713240695762572,5.54,,38641.40527878342,24472.84924135018,2286.889887715308,332.10604390175746,564.8559725651824,544.53025,2050.0,8.537,9.44,4933000.0,54.7,45.84,0,1.0,1.0,1.0,1.0,1.0,1.0,1.0,1.0,1.0,1.0,1.0,1.0,1.0,1.0
6.713240695762572,5.54,,38641.40527878342,24472.84924135018,2286.889887715308,332.10604390175746,564.8559725651824,544.53025,2050.0,8.537,9.44,4933000.0,54.7,45.84,0,1.0,1.0,1.0,1.0,1.0,1.0,1.0,1.0,1.0,1.0,1.0,1.0,1.0,1.0
6.713240695762572,5.54,,38641.40527878342,24472.84924135018,2286.889887715308,332.10604390175746,564.8559725651824,544.53025,2050.0,8.537,9.44,4933000.0,54.7,45.84,0,1.0,1.0,1.0,1.0,1.0,1.0,1.0,1.0,1.0,1.0,1.0,1.0,1.0,1.0
6.713240695762572,5.54,,38641.40527878342,24472.84924135018,2286.889887715308,332.10604390175746,564.8559725651824,544.53025,2050.0,8.537,9.44,4933000.0,54.7,45.84,0,1.0,1.0,1.0,1.0,1.0,1.0,1.0,1.0,1.0,1.0,1.0,1.0,1.0,1.0
6.713240695762572,5.54,,38641.40527878342,24472.84924135018,2286.889887715308,332.10604390175746,564.8559725651824,544.53025,2050.0,8.537,9.44,4933000.0,54.7,45.84,0,1.0,1.0,1.0,1.0,1.0,1.0,1.0,1.0,1.0,1.0,1.0,1.0,1.0,1.0
6.713240695762572,5.54,,38641.40527878342,24472.84924135018,2286.889887715308,332.10604390175746,564.8559725651824,544.53025,2050.0,8.537,9.44,4933000.0,54.7,45.84,0,1.0,1.0,1.0,1.0,1.0,1.0,1.0,1.0,1.0,1.0,1.0,1.0,1.0,1.0
6.713240695762572,5.54,,38641.40527878342,24472.84924135018,2286.889887715308,332.10604390175746,564.8559725651824,544.53025,2050.0,8.537,9.44,4933000.0,54.7,45.84,0,1.0,1.0,1.0,1.0,1.0,1.0,1.0,1.0,1.0,1.0,1.0,1.0,1.0,1.0
6.713240695762572,5.54,,38641.40527878342,24472.84924135018,2286.889887715308,332.10604390175746,564.8559725651824,544.53025,2050.0,8.537,9.44,4933000.0,54.7,45.84,0,1.0,1.0,1.0,1.0,1.0,1.0,1.0,1.0,1.0,1.0,1.0,1.0,1.0,1.0
6.713240695762572,5.54,,38641.40527878342,24472.84924135018,2286.889887715308,332.10604390175746,564.8559725651824,544.53025,2050.0,8.537,9.44,4933000.0,54.7,45.84,0,1.0,1.0,1.0,1.0,1.0,1.0,1.0,1.0,1.0,1.0,1.0,1.0,1.0,1.0
6.713240695762572,5.54,,38641.40527878342,24472.84924135018,2286.889887715308,332.10604390175746,564.8559725651824,544.53025,2050.0,8.537,9.44,4933000.0,54.7,45.84,0,1.0,1.0,1.0,1.0,1.0,1.0,1.0,1.0,1.0,1.0,1.0,1.0,1.0,1.0
6.713240695762572,5.54,,38641.40527878342,24472.84924135018,2286.889887715308,332.10604390175746,564.8559725651824,544.53025,2050.0,8.537,9.44,4933000.0,54.7,45.84,0,1.0,1.0,1.0,1.0,1.0,1.0,1.0,1.0,1.0,1.0,1.0,1.0,1.0,1.0
6.713240695762572,5.54,,38641.40527878342,24472.84924135018,2286.889887715308,332.10604390175746,564.8559725651824,544.53025,2050.0,8.537,9.44,4933000.0,54.7,45.84,0,1.0,1.0,1.0,1.0,1.0,1.0,1.0,1.0,1.0,1.0,1.0,1.0,1.0,1.0
6.713240695762572,5.54,,38641.40527878342,24472.84924135018,2286.889887715308,332.10604390175746,564.8559725651824,544.53025,2050.0,8.537,9.44,4933000.0,54.7,45.84,0,1.0,1.0,1.0,1.0,1.0,1.0,1.0,1.0,1.0,1.0,1.0,1.0,1.0,1.0
6.713240695762572,5.54,,38641.40527878342,24472.84924135018,2286.889887715308,332.10604390175746,564.8559725651824,544.53025,2050.0,8.537,9.44,4933000.0,54.7,45.84,0,1.0,1.0,1.0,1.0,1.0,1.0,1.0,1.0,1.0,1.0,1.0,1.0,1.0,1.0
6.713240695762572,5.54,,38641.40527878342,24472.84924135018,2286.889887715308,332.10604390175746,564.8559725651824,544.53025,2050.0,8.537,9.44,4933000.0,54.7,45.84,0,1.0,1.0,1.0,1.0,1.0,1.0,1.0,1.0,1.0,1.0,1.0,1.0,1.0,1.0
6.713240695762572,5.54,,38641.40527878342,24472.84924135018,2286.889887715308,332.10604390175746,564.8559725651824,544.53025,2050.0,8.537,9.44,4933000.0,54.7,45.84,0,1.0,1.0,1.0,1.0,1.0,1.0,1.0,1.0,1.0,1.0,1.0,1.0,1.0,1.0
6.713240695762572,5.54,,38641.40527878342,24472.84924135018,2286.889887715308,332.10604390175746,564.8559725651824,544.53025,2050.0,8.537,9.44,4933000.0,54.7,45.84,0,1.0,1.0,1.0,1.0,1.0,1.0,1.0,1.0,1.0,1.0,1.0,1.0,1.0,1.0
6.713240695762572,5.54,,38641.40527878342,24472.84924135018,2286.889887715308,332.10604390175746,564.8559725651824,544.53025,2050.0,8.537,9.44,4933000.0,54.7,45.84,0,1.0,1.0,1.0,1.0,1.0,1.0,1.0,1.0,1.0,1.0,1.0,1.0,1.0,1.0
6.713240695762572,5.54,,38641.40527878342,24472.84924135018,2286.889887715308,332.10604390175746,564.8559725651824,544.53025,2050.0,8.537,9.44,4933000.0,54.7,45.84,0,1.0,1.0,1.0,1.0,1.0,1.0,1.0,1.0,1.0,1.0,1.0,1.0,1.0,1.0
6.713240695762572,5.54,,38641.40527878342,24472.84924135018,2286.889887715308,332.10604390175746,564.8559725651824,544.53025,2050.0,8.537,9.44,4933000.0,54.7,45.84,0,1.0,1.0,1.0,1.0,1.0,1.0,1.0,1.0,1.0,1.0,1.0,1.0,1.0,1.0
6.713240695762572,5.54,,38641.40527878342,24472.84924135018,2286.889887715308,332.10604390175746,564.8559725651824,544.53025,2050.0,8.537,9.44,4933000.0,54.7,45.84,0,1.0,1.0,1.0,1.0,1.0,1.0,1.0,1.0,1.0,1.0,1.0,1.0,1.0,1.0
6.713240695762572,5.54,,38641.40527878342,24472.84924135018,2286.889887715308,332.10604390175746,564.8559725651824,544.53025,2050.0,8.537,9.44,4933000.0,54.7,45.84,0,1.0,1.0,1.0,1.0,1.0,1.0,1.0,1.0,1.0,1.0,1.0,1.0,1.0,1.0
6.713240695762572,5.54,,38641.40527878342,24472.84924135018,2286.889887715308,332.10604390175746,564.8559725651824,544.53025,2050.0,8.537,9.44,4933000.0,54.7,45.84,0,1.0,1.0,1.0,1.0,1.0,1.0,1.0,1.0,1.0,1.0,1.0,1.0,1.0,1.0
6.713240695762572,5.54,,38641.40527878342,24472.84924135018,2286.889887715308,332.10604390175746,564.8559725651824,544.53025,2050.0,8.537,9.44,4933000.0,54.7,45.84,0,1.0,1.0,1.0,1.0,1.0,1.0,1.0,1.0,1.0,1.0,1.0,1.0,1.0,1.0
6.713240695762572,5.54,,38641.40527878342,24472.84924135018,2286.889887715308,332.10604390175746,564.8559725651824,544.53025,2050.0,8.537,9.44,4933000.0,54.7,45.84,0,1.0,1.0,1.0,1.0,1.0,1.0,1.0,1.0,1.0,1.0,1.0,1.0,1.0,1.0
6.713240695762572,5.54,,38641.40527878342,24472.84924135018,2286.889887715308,332.10604390175746,564.8559725651824,544.53025,2050.0,8.537,9.44,4933000.0,54.7,45.84,0,1.0,1.0,1.0,1.0,1.0,1.0,1.0,1.0,1.0,1.0,1.0,1.0,1.0,1.0
6.713240695762572,5.54,,38641.40527878342,24472.84924135018,2286.889887715308,332.10604390175746,564.8559725651824,544.53025,2050.0,8.537,9.44,4933000.0,54.7,45.84,0,1.0,1.0,1.0,1.0,1.0,1.0,1.0,1.0,1.0,1.0,1.0,1.0,1.0,1.0
6.713240695762572,5.54,,38641.40527878342,24472.84924135018,2286.889887715308,332.10604390175746,564.8559725651824,544.53025,2050.0,8.537,9.44,4933000.0,54.7,45.84,0,1.0,1.0,1.0,1.0,1.0,1.0,1.0,1.0,1.0,1.0,1.0,1.0,1.0,1.0
6.713240695762572,5.54,,38641.40527878342,24472.84924135018,2286.889887715308,332.10604390175746,564.8559725651824,544.53025,2050.0,8.537,9.44,4933000.0,54.7,45.84,0,1.0,1.0,1.0,1.0,1.0,1.0,1.0,1.0,1.0,1.0,1.0,1.0,1.0,1.0
6.713240695762572,5.54,,38641.40527878342,24472.84924135018,2286.889887715308,332.10604390175746,564.8559725651824,544.53025,2050.0,8.537,9.44,4933000.0,54.7,45.84,0,1.0,1.0,1.0,1.0,1.0,1.0,1.0,1.0,1.0,1.0,1.0,1.0,1.0,1.0
6.713240695762572,5.54,,38641.40527878342,24472.84924135018,2286.889887715308,332.10604390175746,564.8559725651824,544.53025,2050.0,8.537,9.44,4933000.0,54.7,45.84,0,1.0,1.0,1.0,1.0,1.0,1.0,1.0,1.0,1.0,1.0,1.0,1.0,1.0,1.0
6.713240695762572,5.54,,38641.40527878342,24472.84924135018,2286.889887715308,332.10604390175746,564.8559725651824,544.53025,2050.0,8.537,9.44,4933000.0,54.7,45.84,0,1.0,1.0,1.0,1.0,1.0,1.0,1.0,1.0,1.0,1.0,1.0,1.0,1.0,1.0
6.713240695762572,5.54,,38641.40527878342,24472.84924135018,2286.889887715308,332.10604390175746,564.8559725651824,544.53025,2050.0,8.537,9.44,4933000.0,54.7,45.84,0,1.0,1.0,1.0,1.0,1.0,1.0,1.0,1.0,1.0,1.0,1.0,1.0,1.0,1.0
6.713240695762572,5.54,,38641.40527878342,24472.84924135018,2286.889887715308,332.10604390175746,564.8559725651824,544.53025,2050.0,8.537,9.44,4933000.0,54.7,45.84,0,1.0,1.0,1.0,1.0,1.0,1.0,1.0,1.0,1.0,1.0,1.0,1.0,1.0,1.0
6.713240695762572,5.54,,38641.40527878342,24472.84924135018,2286.889887715308,332.10604390175746,564.8559725651824,544.53025,2050.0,8.537,9.44,4933000.0,54.7,45.84,0,1.0,1.0,1.0,1.0,1.0,1.0,1.0,1.0,1.0,1.0,1.0,1.0,1.0,1.0
6.713240695762572,5.54,,38641.40527878342,24472.84924135018,2286.889887715308,332.10604390175746,564.8559725651824,544.53025,2050.0,8.537,9.44,4933000.0,54.7,45.84,0,1.0,1.0,1.0,1.0,1.0,1.0,1.0,1.0,1.0,1.0,1.0,1.0,1.0,1.0
6.713240695762572,5.54,,38641.40527878342,24472.84924135018,2286.889887715308,332.10604390175746,564.8559725651824,544.53025,2050.0,8.537,9.44,4933000.0,54.7,45.84,0,1.0,1.0,1.0,1.0,1.0,1.0,1.0,1.0,1.0,1.0,1.0,1.0,1.0,1.0
6.713240695762572,5.54,,38641.40527878342,24472.84924135018,2286.889887715308,332.10604390175746,564.8559725651824,544.53025,2050.0,8.537,9.44,4933000.0,54.7,45.84,0,1.0,1.0,1.0,1.0,1.0,1.0,1.0,1.0,1.0,1.0,1.0,1.0,1.0,1.0
6.713240695762572,5.54,,38641.40527878342,24472.84924135018,2286.889887715308,332.10604390175746,564.8559725651824,544.53025,2050.0,8.537,9.44,4933000.0,54.7,45.84,0,1.0,1.0,1.0,1.0,1.0,1.0,1.0,1.0,1.0,1.0,1.0,1.0,1.0,1.0
6.713240695762572,5.54,,38641.40527878342,24472.84924135018,2286.889887715308,332.10604390175746,564.8559725651824,544.53025,2050.0,8.537,9.44,4933000.0,54.7,45.84,0,1.0,1.0,1.0,1.0,1.0,1.0,1.0,1.0,1.0,1.0,1.0,1.0,1.0,1.0
6.713240695762572,5.54,,38641.40527878342,24472.84924135018,2286.889887715308,332.10604390175746,564.8559725651824,544.53025,2050.0,8.537,9.44,4933000.0,54.7,45.84,0,1.0,1.0,1.0,1.0,1.0,1.0,1.0,1.0,1.0,1.0,1.0,1.0,1.0,1.0
6.713240695762572,5.54,,38641.40527878342,24472.84924135018,2286.889887715308,332.10604390175746,564.8559725651824,544.53025,2050.0,8.537,9.44,4933000.0,54.7,45.84,0,1.0,1.0,1.0,1.0,1.0,1.0,1.0,1.0,1.0,1.0,1.0,1.0,1.0,1.0
6.713240695762572,5.54,,38641.40527878342,24472.84924135018,2286.889887715308,332.10604390175746,564.8559725651824,544.53025,2050.0,8.537,9.44,4933000.0,54.7,45.84,0,1.0,1.0,1.0,1.0,1.0,1.0,1.0,1.0,1.0,1.0,1.0,1.0,1.0,1.0
6.713240695762572,5.54,,38641.40527878342,24472.84924135018,2286.889887715308,332.10604390175746,564.8559725651824,544.53025,2050.0,8.537,9.44,4933000.0,54.7,45.84,0,1.0,1.0,1.0,1.0,1.0,1.0,1.0,1.0,1.0,1.0,1.0,1.0,1.0,1.0
6.713240695762572,5.54,,38641.40527878342,24472.84924135018,2286.889887715308,332.10604390175746,564.8559725651824,544.53025,2050.0,8.537,9.44,4933000.0,54.7,45.84,0,1.0,1.0,1.0,1.0,1.0,1.0,1.0,1.0,1.0,1.0,1.0,1.0,1.0,1.0
6.713240695762572,5.54,,38641.40527878342,24472.84924135018,2286.889887715308,332.10604390175746,564.8559725651824,544.53025,2050.0,8.537,9.44,4933000.0,54.7,45.84,0,1.0,1.0,1.0,1.0,1.0,1.0,1.0,1.0,1.0,1.0,1.0,1.0,1.0,1.0
6.713240695762572,5.54,,38641.40527878342,24472.84924135018,2286.889887715308,332.10604390175746,564.8559725651824,544.53025,2050.0,8.537,9.44,4933000.0,54.7,45.84,0,1.0,1.0,1.0,1.0,1.0,1.0,1.0,1.0,1.0,1.0,1.0,1.0,1.0,1.0
6.713240695762572,5.54,,38641.40527878342,24472.84924135018,2286.889887715308,332.10604390175746,564.8559725651824,544.53025,2050.0,8.537,9.44,4933000.0,54.7,45.84,0,1.0,1.0,1.0,1.0,1.0,1.0,1.0,1.0,1.0,1.0,1.0,1.0,1.0,1.0
6.713240695762572,5.54,,38641.40527878342,24472.84924135018,2286.889887715308,332.10604390175746,564.8559725651824,544.53025,2050.0,8.537,9.44,4933000.0,54.7,45.84,0,1.0,1.0,1.0,1.0,1.0,1.0,1.0,1.0,1.0,1.0,1.0,1.0,1.0,1.0
6.713240695762572,5.54,,38641.40527878342,24472.84924135018,2286.889887715308,332.10604390175746,564.8559725651824,544.53025,2050.0,8.537,9.44,4933000.0,54.7,45.84,0,1.0,1.0,1.0,1.0,1.0,1.0,1.0,1.0,1.0,1.0,1.0,1.0,1.0,1.0
6.713240695762572,5.54,,38641.40527878342,24472.84924135018,2286.889887715308,332.10604390175746,564.8559725651824,544.53025,2050.0,8.537,9.44,4933000.0,54.7,45.84,0,1.0,1.0,1.0,1.0,1.0,1.0,1.0,1.0,1.0,1.0,1.0,1.0,1.0,1.0
6.713240695762572,5.54,,38641.40527878342,24472.84924135018,2286.889887715308,332.10604390175746,564.8559725651824,544.53025,2050.0,8.537,9.44,4933000.0,54.7,45.84,0,1.0,1.0,1.0,1.0,1.0,1.0,1.0,1.0,1.0,1.0,1.0,1.0,1.0,1.0
6.713240695762572,5.54,,38641.40527878342,24472.84924135018,2286.889887715308,332.10604390175746,564.8559725651824,544.53025,2050.0,8.537,9.44,4933000.0,54.7,45.84,0,1.0,1.0,1.0,1.0,1.0,1.0,1.0,1.0,1.0,1.0,1.0,1.0,1.0,1.0
6.713240695762572,5.54,,38641.40527878342,24472.84924135018,2286.889887715308,332.10604390175746,564.8559725651824,544.53025,2050.0,8.537,9.44,4933000.0,54.7,45.84,0,1.0,1.0,1.0,1.0,1.0,1.0,1.0,1.0,1.0,1.0,1.0,1.0,1.0,1.0
6.713240695762572,5.54,,38641.40527878342,24472.84924135018,2286.889887715308,332.10604390175746,564.8559725651824,544.53025,2050.0,8.537,9.44,4933000.0,54.7,45.84,0,1.0,1.0,1.0,1.0,1.0,1.0,1.0,1.0,1.0,1.0,1.0,1.0,1.0,1.0
6.713240695762572,5.54,,38641.40527878342,24472.84924135018,2286.889887715308,332.10604390175746,564.8559725651824,544.53025,2050.0,8.537,9.44,4933000.0,54.7,45.84,0,1.0,1.0,1.0,1.0,1.0,1.0,1.0,1.0,1.0,1.0,1.0,1.0,1.0,1.0
6.713240695762572,5.54,,38641.40527878342,24472.84924135018,2286.889887715308,332.10604390175746,564.8559725651824,544.53025,2050.0,8.537,9.44,4933000.0,54.7,45.84,0,1.0,1.0,1.0,1.0,1.0,1.0,1.0,1.0,1.0,1.0,1.0,1.0,1.0,1.0
6.713240695762572,5.54,,38641.40527878342,24472.84924135018,2286.889887715308,332.10604390175746,564.8559725651824,544.53025,2050.0,8.537,9.44,4933000.0,54.7,45.84,0,1.0,1.0,1.0,1.0,1.0,1.0,1.0,1.0,1.0,1.0,1.0,1.0,1.0,1.0
6.713240695762572,5.54,,38641.40527878342,24472.84924135018,2286.889887715308,332.10604390175746,564.8559725651824,544.53025,2050.0,8.537,9.44,4933000.0,54.7,45.84,0,1.0,1.0,1.0,1.0,1.0,1.0,1.0,1.0,1.0,1.0,1.0,1.0,1.0,1.0
6.713240695762572,5.54,,38641.40527878342,24472.84924135018,2286.889887715308,332.10604390175746,564.8559725651824,544.53025,2050.0,8.537,9.44,4933000.0,54.7,45.84,0,1.0,1.0,1.0,1.0,1.0,1.0,1.0,1.0,1.0,1.0,1.0,1.0,1.0,1.0
6.713240695762572,5.54,,38641.40527878342,24472.84924135018,2286.889887715308,332.10604390175746,564.8559725651824,544.53025,2050.0,8.537,9.44,4933000.0,54.7,45.84,0,1.0,1.0,1.0,1.0,1.0,1.0,1.0,1.0,1.0,1.0,1.0,1.0,1.0,1.0
6.713240695762572,5.54,,38641.40527878342,24472.84924135018,2286.889887715308,332.10604390175746,564.8559725651824,544.53025,2050.0,8.537,9.44,4933000.0,54.7,45.84,0,1.0,1.0,1.0,1.0,1.0,1.0,1.0,1.0,1.0,1.0,1.0,1.0,1.0,1.0
6.713240695762572,5.54,,38641.40527878342,24472.84924135018,2286.889887715308,332.10604390175746,564.8559725651824,544.53025,2050.0,8.537,9.44,4933000.0,54.7,45.84,0,1.0,1.0,1.0,1.0,1.0,1.0,1.0,1.0,1.0,1.0,1.0,1.0,1.0,1.0
6.713240695762572,5.54,,38641.40527878342,24472.84924135018,2286.889887715308,332.10604390175746,564.8559725651824,544.53025,2050.0,8.537,9.44,4933000.0,54.7,45.84,0,1.0,1.0,1.0,1.0,1.0,1.0,1.0,1.0,1.0,1.0,1.0,1.0,1.0,1.0
6.713240695762572,5.54,,38641.40527878342,24472.84924135018,2286.889887715308,332.10604390175746,564.8559725651824,544.53025,2050.0,8.537,9.44,4933000.0,54.7,45.84,0,1.0,1.0,1.0,1.0,1.0,1.0,1.0,1.0,1.0,1.0,1.0,1.0,1.0,1.0
6.713240695762572,5.54,,38641.40527878342,24472.84924135018,2286.889887715308,332.10604390175746,564.8559725651824,544.53025,2050.0,8.537,9.44,4933000.0,54.7,45.84,0,1.0,1.0,1.0,1.0,1.0,1.0,1.0,1.0,1.0,1.0,1.0,1.0,1.0,1.0
6.713240695762572,5.54,,38641.40527878342,24472.84924135018,2286.889887715308,332.10604390175746,564.8559725651824,544.53025,2050.0,8.537,9.44,4933000.0,54.7,45.84,0,1.0,1.0,1.0,1.0,1.0,1.0,1.0,1.0,1.0,1.0,1.0,1.0,1.0,1.0
6.713240695762572,5.54,,38641.40527878342,24472.84924135018,2286.889887715308,332.10604390175746,564.8559725651824,544.53025,2050.0,8.537,9.44,4933000.0,54.7,45.84,0,1.0,1.0,1.0,1.0,1.0,1.0,1.0,1.0,1.0,1.0,1.0,1.0,1.0,1.0
6.713240695762572,5.54,,38641.40527878342,24472.84924135018,2286.889887715308,332.10604390175746,564.8559725651824,544.53025,2050.0,8.537,9.44,4933000.0,54.7,45.84,0,1.0,1.0,1.0,1.0,1.0,1.0,1.0,1.0,1.0,1.0,1.0,1.0,1.0,1.0
6.713240695762572,5.54,,38641.40527878342,24472.84924135018,2286.889887715308,332.10604390175746,564.8559725651824,544.53025,2050.0,8.537,9.44,4933000.0,54.7,45.84,0,1.0,1.0,1.0,1.0,1.0,1.0,1.0,1.0,1.0,1.0,1.0,1.0,1.0,1.0
6.713240695762572,5.54,,38641.40527878342,24472.84924135018,2286.889887715308,332.10604390175746,564.8559725651824,544.53025,2050.0,8.537,9.44,4933000.0,54.7,45.84,0,1.0,1.0,1.0,1.0,1.0,1.0,1.0,1.0,1.0,1.0,1.0,1.0,1.0,1.0
6.713240695762572,5.54,,38641.40527878342,24472.84924135018,2286.889887715308,332.10604390175746,564.8559725651824,544.53025,2050.0,8.537,9.44,4933000.0,54.7,45.84,0,1.0,1.0,1.0,1.0,1.0,1.0,1.0,1.0,1.0,1.0,1.0,1.0,1.0,1.0
6.713240695762572,5.54,,38641.40527878342,24472.84924135018,2286.889887715308,332.10604390175746,564.8559725651824,544.53025,2050.0,8.537,9.44,4933000.0,54.7,45.84,0,1.0,1.0,1.0,1.0,1.0,1.0,1.0,1.0,1.0,1.0,1.0,1.0,1.0,1.0
6.713240695762572,5.54,,38641.40527878342,24472.84924135018,2286.889887715308,332.10604390175746,564.8559725651824,544.53025,2050.0,8.537,9.44,4933000.0,54.7,45.84,0,1.0,1.0,1.0,1.0,1.0,1.0,1.0,1.0,1.0,1.0,1.0,1.0,1.0,1.0
6.713240695762572,5.54,,38641.40527878342,24472.84924135018,2286.889887715308,332.10604390175746,564.8559725651824,544.53025,2050.0,8.537,9.44,4933000.0,54.7,45.84,0,1.0,1.0,1.0,1.0,1.0,1.0,1.0,1.0,1.0,1.0,1.0,1.0,1.0,1.0
6.713240695762572,5.54,,38641.40527878342,24472.84924135018,2286.889887715308,332.10604390175746,564.8559725651824,544.53025,2050.0,8.537,9.44,4933000.0,54.7,45.84,0,1.0,1.0,1.0,1.0,1.0,1.0,1.0,1.0,1.0,1.0,1.0,1.0,1.0,1.0
6.713240695762572,5.54,,38641.40527878342,24472.84924135018,2286.889887715308,332.10604390175746,564.8559725651824,544.53025,2050.0,8.537,9.44,4933000.0,54.7,45.84,0,1.0,1.0,1.0,1.0,1.0,1.0,1.0,1.0,1.0,1.0,1.0,1.0,1.0,1.0
6.713240695762572,5.54,,38641.40527878342,24472.84924135018,2286.889887715308,332.10604390175746,564.8559725651824,544.53025,2050.0,8.537,9.44,4933000.0,54.7,45.84,0,1.0,1.0,1.0,1.0,1.0,1.0,1.0,1.0,1.0,1.0,1.0,1.0,1.0,1.0
6.713240695762572,5.54,,38641.40527878342,24472.84924135018,2286.889887715308,332.10604390175746,564.8559725651824,544.53025,2050.0,8.537,9.44,4933000.0,54.7,45.84,0,1.0,1.0,1.0,1.0,1.0,1.0,1.0,1.0,1.0,1.0,1.0,1.0,1.0,1.0
6.713240695762572,5.54,,38641.40527878342,24472.84924135018,2286.889887715308,332.10604390175746,564.8559725651824,544.53025,2050.0,8.537,9.44,4933000.0,54.7,45.84,0,1.0,1.0,1.0,1.0,1.0,1.0,1.0,1.0,1.0,1.0,1.0,1.0,1.0,1.0
6.713240695762572,5.54,,38641.40527878342,24472.84924135018,2286.889887715308,332.10604390175746,564.8559725651824,544.53025,2050.0,8.537,9.44,4933000.0,54.7,45.84,0,1.0,1.0,1.0,1.0,1.0,1.0,1.0,1.0,1.0,1.0,1.0,1.0,1.0,1.0
6.713240695762572,5.54,,38641.40527878342,24472.84924135018,2286.889887715308,332.10604390175746,564.8559725651824,544.53025,2050.0,8.537,9.44,4933000.0,54.7,45.84,0,1.0,1.0,1.0,1.0,1.0,1.0,1.0,1.0,1.0,1.0,1.0,1.0,1.0,1.0
6.713240695762572,5.54,,38641.40527878342,24472.84924135018,2286.889887715308,332.10604390175746,564.8559725651824,544.53025,2050.0,8.537,9.44,4933000.0,54.7,45.84,0,1.0,1.0,1.0,1.0,1.0,1.0,1.0,1.0,1.0,1.0,1.0,1.0,1.0,1.0
6.713240695762572,5.54,,38641.40527878342,24472.84924135018,2286.889887715308,332.10604390175746,564.8559725651824,544.53025,2050.0,8.537,9.44,4933000.0,54.7,45.84,0,1.0,1.0,1.0,1.0,1.0,1.0,1.0,1.0,1.0,1.0,1.0,1.0,1.0,1.0
6.713240695762572,5.54,,38641.40527878342,24472.84924135018,2286.889887715308,332.10604390175746,564.8559725651824,544.53025,2050.0,8.537,9.44,4933000.0,54.7,45.84,0,1.0,1.0,1.0,1.0,1.0,1.0,1.0,1.0,1.0,1.0,1.0,1.0,1.0,1.0
6.713240695762572,5.54,,38641.40527878342,24472.84924135018,2286.889887715308,332.10604390175746,564.8559725651824,544.53025,2050.0,8.537,9.44,4933000.0,54.7,45.84,0,1.0,1.0,1.0,1.0,1.0,1.0,1.0,1.0,1.0,1.0,1.0,1.0,1.0,1.0
6.713240695762572,5.54,,38641.40527878342,24472.84924135018,2286.889887715308,332.10604390175746,564.8559725651824,544.53025,2050.0,8.537,9.44,4933000.0,54.7,45.84,0,1.0,1.0,1.0,1.0,1.0,1.0,1.0,1.0,1.0,1.0,1.0,1.0,1.0,1.0
6.713240695762572,5.54,,38641.40527878342,24472.84924135018,2286.889887715308,332.10604390175746,564.8559725651824,544.53025,2050.0,8.537,9.44,4933000.0,54.7,45.84,0,1.0,1.0,1.0,1.0,1.0,1.0,1.0,1.0,1.0,1.0,1.0,1.0,1.0,1.0
6.713240695762572,5.54,,38641.40527878342,24472.84924135018,2286.889887715308,332.10604390175746,564.8559725651824,544.53025,2050.0,8.537,9.44,4933000.0,54.7,45.84,0,1.0,1.0,1.0,1.0,1.0,1.0,1.0,1.0,1.0,1.0,1.0,1.0,1.0,1.0
6.713240695762572,5.54,,38641.40527878342,24472.84924135018,2286.889887715308,332.10604390175746,564.8559725651824,544.53025,2050.0,8.537,9.44,4933000.0,54.7,45.84,0,1.0,1.0,1.0,1.0,1.0,1.0,1.0,1.0,1.0,1.0,1.0,1.0,1.0,1.0
6.713240695762572,5.54,,38641.40527878342,24472.84924135018,2286.889887715308,332.10604390175746,564.8559725651824,544.53025,2050.0,8.537,9.44,4933000.0,54.7,45.84,0,1.0,1.0,1.0,1.0,1.0,1.0,1.0,1.0,1.0,1.0,1.0,1.0,1.0,1.0
6.713240695762572,5.54,,38641.40527878342,24472.84924135018,2286.889887715308,332.10604390175746,564.8559725651824,544.53025,2050.0,8.537,9.44,4933000.0,54.7,45.84,0,1.0,1.0,1.0,1.0,1.0,1.0,1.0,1.0,1.0,1.0,1.0,1.0,1.0,1.0
6.713240695762572,5.54,,38641.40527878342,24472.84924135018,2286.889887715308,332.10604390175746,564.8559725651824,544.53025,2050.0,8.537,9.44,4933000.0,54.7,45.84,0,1.0,1.0,1.0,1.0,1.0,1.0,1.0,1.0,1.0,1.0,1.0,1.0,1.0,1.0
6.713240695762572,5.54,,38641.40527878342,24472.84924135018,2286.889887715308,332.10604390175746,564.8559725651824,544.53025,2050.0,8.537,9.44,4933000.0,54.7,45.84,0,1.0,1.0,1.0,1.0,1.0,1.0,1.0,1.0,1.0,1.0,1.0,1.0,1.0,1.0
6.713240695762572,5.54,,38641.40527878342,24472.84924135018,2286.889887715308,332.10604390175746,564.8559725651824,544.53025,2050.0,8.537,9.44,4933000.0,54.7,45.84,0,1.0,1.0,1.0,1.0,1.0,1.0,1.0,1.0,1.0,1.0,1.0,1.0,1.0,1.0
6.713240695762572,5.54,,38641.40527878342,24472.84924135018,2286.889887715308,332.10604390175746,564.8559725651824,544.53025,2050.0,8.537,9.44,4933000.0,54.7,45.84,0,1.0,1.0,1.0,1.0,1.0,1.0,1.0,1.0,1.0,1.0,1.0,1.0,1.0,1.0
6.713240695762572,5.54,,38641.40527878342,24472.84924135018,2286.889887715308,332.10604390175746,564.8559725651824,544.53025,2050.0,8.537,9.44,4933000.0,54.7,45.84,0,1.0,1.0,1.0,1.0,1.0,1.0,1.0,1.0,1.0,1.0,1.0,1.0,1.0,1.0
6.713240695762572,5.54,,38641.40527878342,24472.84924135018,2286.889887715308,332.10604390175746,564.8559725651824,544.53025,2050.0,8.537,9.44,4933000.0,54.7,45.84,0,1.0,1.0,1.0,1.0,1.0,1.0,1.0,1.0,1.0,1.0,1.0,1.0,1.0,1.0
6.713240695762572,5.54,,38641.40527878342,24472.84924135018,2286.889887715308,332.10604390175746,564.8559725651824,544.53025,2050.0,8.537,9.44,4933000.0,54.7,45.84,0,1.0,1.0,1.0,1.0,1.0,1.0,1.0,1.0,1.0,1.0,1.0,1.0,1.0,1.0
6.713240695762572,5.54,,38641.40527878342,24472.84924135018,2286.889887715308,332.10604390175746,564.8559725651824,544.53025,2050.0,8.537,9.44,4933000.0,54.7,45.84,0,1.0,1.0,1.0,1.0,1.0,1.0,1.0,1.0,1.0,1.0,1.0,1.0,1.0,1.0
6.713240695762572,5.54,,38641.40527878342,24472.84924135018,2286.889887715308,332.10604390175746,564.8559725651824,544.53025,2050.0,8.537,9.44,4933000.0,54.7,45.84,0,1.0,1.0,1.0,1.0,1.0,1.0,1.0,1.0,1.0,1.0,1.0,1.0,1.0,1.0
6.713240695762572,5.54,,38641.40527878342,24472.84924135018,2286.889887715308,332.10604390175746,564.8559725651824,544.53025,2050.0,8.537,9.44,4933000.0,54.7,45.84,0,1.0,1.0,1.0,1.0,1.0,1.0,1.0,1.0,1.0,1.0,1.0,1.0,1.0,1.0
6.713240695762572,5.54,,38641.40527878342,24472.84924135018,2286.889887715308,332.10604390175746,564.8559725651824,544.53025,2050.0,8.537,9.44,4933000.0,54.7,45.84,0,1.0,1.0,1.0,1.0,1.0,1.0,1.0,1.0,1.0,1.0,1.0,1.0,1.0,1.0
6.713240695762572,5.54,,38641.40527878342,24472.84924135018,2286.889887715308,332.10604390175746,564.8559725651824,544.53025,2050.0,8.537,9.44,4933000.0,54.7,45.84,0,1.0,1.0,1.0,1.0,1.0,1.0,1.0,1.0,1.0,1.0,1.0,1.0,1.0,1.0
6.713240695762572,5.54,,38641.40527878342,24472.84924135018,2286.889887715308,332.10604390175746,564.8559725651824,544.53025,2050.0,8.537,9.44,4933000.0,54.7,45.84,0,1.0,1.0,1.0,1.0,1.0,1.0,1.0,1.0,1.0,1.0,1.0,1.0,1.0,1.0
6.713240695762572,5.54,,38641.40527878342,24472.84924135018,2286.889887715308,332.10604390175746,564.8559725651824,544.53025,2050.0,8.537,9.44,4933000.0,54.7,45.84,0,1.0,1.0,1.0,1.0,1.0,1.0,1.0,1.0,1.0,1.0,1.0,1.0,1.0,1.0
6.713240695762572,5.54,,38641.40527878342,24472.84924135018,2286.889887715308,332.10604390175746,564.8559725651824,544.53025,2050.0,8.537,9.44,4933000.0,54.7,45.84,0,1.0,1.0,1.0,1.0,1.0,1.0,1.0,1.0,1.0,1.0,1.0,1.0,1.0,1.0
6.713240695762572,5.54,,38641.40527878342,24472.84924135018,2286.889887715308,332.10604390175746,564.8559725651824,544.53025,2050.0,8.537,9.44,4933000.0,54.7,45.84,0,1.0,1.0,1.0,1.0,1.0,1.0,1.0,1.0,1.0,1.0,1.0,1.0,1.0,1.0
6.713240695762572,5.54,,38641.40527878342,24472.84924135018,2286.889887715308,332.10604390175746,564.8559725651824,544.53025,2050.0,8.537,9.44,4933000.0,54.7,45.84,0,1.0,1.0,1.0,1.0,1.0,1.0,1.0,1.0,1.0,1.0,1.0,1.0,1.0,1.0
6.713240695762572,5.54,,38641.40527878342,24472.84924135018,2286.889887715308,332.10604390175746,564.8559725651824,544.53025,2050.0,8.537,9.44,4933000.0,54.7,45.84,0,1.0,1.0,1.0,1.0,1.0,1.0,1.0,1.0,1.0,1.0,1.0,1.0,1.0,1.0
6.713240695762572,5.54,,38641.40527878342,24472.84924135018,2286.889887715308,332.10604390175746,564.8559725651824,544.53025,2050.0,8.537,9.44,4933000.0,54.7,45.84,0,1.0,1.0,1.0,1.0,1.0,1.0,1.0,1.0,1.0,1.0,1.0,1.0,1.0,1.0
6.713240695762572,5.54,,38641.40527878342,24472.84924135018,2286.889887715308,332.10604390175746,564.8559725651824,544.53025,2050.0,8.537,9.44,4933000.0,54.7,45.84,0,1.0,1.0,1.0,1.0,1.0,1.0,1.0,1.0,1.0,1.0,1.0,1.0,1.0,1.0
6.713240695762572,5.54,,38641.40527878342,24472.84924135018,2286.889887715308,332.10604390175746,564.8559725651824,544.53025,2050.0,8.537,9.44,4933000.0,54.7,45.84,0,1.0,1.0,1.0,1.0,1.0,1.0,1.0,1.0,1.0,1.0,1.0,1.0,1.0,1.0
6.713240695762572,5.54,,38641.40527878342,24472.84924135018,2286.889887715308,332.10604390175746,564.8559725651824,544.53025,2050.0,8.537,9.44,4933000.0,54.7,45.84,0,1.0,1.0,1.0,1.0,1.0,1.0,1.0,1.0,1.0,1.0,1.0,1.0,1.0,1.0
6.713240695762572,5.54,,38641.40527878342,24472.84924135018,2286.889887715308,332.10604390175746,564.8559725651824,544.53025,2050.0,8.537,9.44,4933000.0,54.7,45.84,0,1.0,1.0,1.0,1.0,1.0,1.0,1.0,1.0,1.0,1.0,1.0,1.0,1.0,1.0
6.713240695762572,5.54,,38641.40527878342,24472.84924135018,2286.889887715308,332.10604390175746,564.8559725651824,544.53025,2050.0,8.537,9.44,4933000.0,54.7,45.84,0,1.0,1.0,1.0,1.0,1.0,1.0,1.0,1.0,1.0,1.0,1.0,1.0,1.0,1.0
6.713240695762572,5.54,,38641.40527878342,24472.84924135018,2286.889887715308,332.10604390175746,564.8559725651824,544.53025,2050.0,8.537,9.44,4933000.0,54.7,45.84,0,1.0,1.0,1.0,1.0,1.0,1.0,1.0,1.0,1.0,1.0,1.0,1.0,1.0,1.0
6.713240695762572,5.54,,38641.40527878342,24472.84924135018,2286.889887715308,332.10604390175746,564.8559725651824,544.53025,2050.0,8.537,9.44,4933000.0,54.7,45.84,0,1.0,1.0,1.0,1.0,1.0,1.0,1.0,1.0,1.0,1.0,1.0,1.0,1.0,1.0
6.713240695762572,5.54,,38641.40527878342,24472.84924135018,2286.889887715308,332.10604390175746,564.8559725651824,544.53025,2050.0,8.537,9.44,4933000.0,54.7,45.84,0,1.0,1.0,1.0,1.0,1.0,1.0,1.0,1.0,1.0,1.0,1.0,1.0,1.0,1.0
6.713240695762572,5.54,,38641.40527878342,24472.84924135018,2286.889887715308,332.10604390175746,564.8559725651824,544.53025,2050.0,8.537,9.44,4933000.0,54.7,45.84,0,1.0,1.0,1.0,1.0,1.0,1.0,1.0,1.0,1.0,1.0,1.0,1.0,1.0,1.0
6.713240695762572,5.54,,38641.40527878342,24472.84924135018,2286.889887715308,332.10604390175746,564.8559725651824,544.53025,2050.0,8.537,9.44,4933000.0,54.7,45.84,0,1.0,1.0,1.0,1.0,1.0,1.0,1.0,1.0,1.0,1.0,1.0,1.0,1.0,1.0
6.713240695762572,5.54,,38641.40527878342,24472.84924135018,2286.889887715308,332.10604390175746,564.8559725651824,544.53025,2050.0,8.537,9.44,4933000.0,54.7,45.84,0,1.0,1.0,1.0,1.0,1.0,1.0,1.0,1.0,1.0,1.0,1.0,1.0,1.0,1.0
6.713240695762572,5.54,,38641.40527878342,24472.84924135018,2286.889887715308,332.10604390175746,564.8559725651824,544.53025,2050.0,8.537,9.44,4933000.0,54.7,45.84,0,1.0,1.0,1.0,1.0,1.0,1.0,1.0,1.0,1.0,1.0,1.0,1.0,1.0,1.0
6.713240695762572,5.54,,38641.40527878342,24472.84924135018,2286.889887715308,332.10604390175746,564.8559725651824,544.53025,2050.0,8.537,9.44,4933000.0,54.7,45.84,0,1.0,1.0,1.0,1.0,1.0,1.0,1.0,1.0,1.0,1.0,1.0,1.0,1.0,1.0
6.713240695762572,5.54,,38641.40527878342,24472.84924135018,2286.889887715308,332.10604390175746,564.8559725651824,544.53025,2050.0,8.537,9.44,4933000.0,54.7,45.84,0,1.0,1.0,1.0,1.0,1.0,1.0,1.0,1.0,1.0,1.0,1.0,1.0,1.0,1.0
6.713240695762572,5.54,,38641.40527878342,24472.84924135018,2286.889887715308,332.10604390175746,564.8559725651824,544.53025,2050.0,8.537,9.44,4933000.0,54.7,45.84,0,1.0,1.0,1.0,1.0,1.0,1.0,1.0,1.0,1.0,1.0,1.0,1.0,1.0,1.0
6.713240695762572,5.54,,38641.40527878342,24472.84924135018,2286.889887715308,332.10604390175746,564.8559725651824,544.53025,2050.0,8.537,9.44,4933000.0,54.7,45.84,0,1.0,1.0,1.0,1.0,1.0,1.0,1.0,1.0,1.0,1.0,1.0,1.0,1.0,1.0
6.713240695762572,5.54,,38641.40527878342,24472.84924135018,2286.889887715308,332.10604390175746,564.8559725651824,544.53025,2050.0,8.537,9.44,4933000.0,54.7,45.84,0,1.0,1.0,1.0,1.0,1.0,1.0,1.0,1.0,1.0,1.0,1.0,1.0,1.0,1.0
6.713240695762572,5.54,,38641.40527878342,24472.84924135018,2286.889887715308,332.10604390175746,564.8559725651824,544.53025,2050.0,8.537,9.44,4933000.0,54.7,45.84,0,1.0,1.0,1.0,1.0,1.0,1.0,1.0,1.0,1.0,1.0,1.0,1.0,1.0,1.0
6.713240695762572,5.54,,38641.40527878342,24472.84924135018,2286.889887715308,332.10604390175746,564.8559725651824,544.53025,2050.0,8.537,9.44,4933000.0,54.7,45.84,0,1.0,1.0,1.0,1.0,1.0,1.0,1.0,1.0,1.0,1.0,1.0,1.0,1.0,1.0
6.713240695762572,5.54,,38641.40527878342,24472.84924135018,2286.889887715308,332.10604390175746,564.8559725651824,544.53025,2050.0,8.537,9.44,4933000.0,54.7,45.84,0,1.0,1.0,1.0,1.0,1.0,1.0,1.0,1.0,1.0,1.0,1.0,1.0,1.0,1.0
7.31,5.54,1.62,573000.0,21592.80591193748,401805.05,304526.625,65200.70725,3696.95,2050.0,8.537,9.44,4933000.0,54.7,45.84,1,0.0,1.0,0.0,1.0,1.0,1.0,1.0,1.0,1.0,1.0,1.0,1.0,1.0,1.0
7.54,5.54,0.87,292000.0,19942.57512490044,153794.925,39056.65,29660.045249999985,2661.95,2050.0,8.537,9.44,4933000.0,54.7,45.84,1,0.0,1.0,0.0,1.0,1.0,1.0,1.0,1.0,1.0,1.0,1.0,1.0,1.0,1.0
7.66,5.54,2.03,350000.0,21735.15035638192,157885.375,37312.95,29660.045249999985,2661.95,2050.0,8.537,9.44,4933000.0,54.7,45.84,1,0.0,1.0,0.0,1.0,1.0,1.0,1.0,1.0,1.0,1.0,1.0,1.0,1.0,1.0
6.757532632999807,5.54,,590.0,1667.640569424486,104.36750726041244,11.30206905390373,47.39849624471043,5.959375230791633,2050.0,8.537,9.44,4933000.0,54.7,45.84,1,1.0,1.0,0.0,1.0,1.0,1.0,1.0,1.0,1.0,1.0,1.0,1.0,1.0,1.0
6.543484829059828,5.54,,29000.0,24443.727943386773,5167.107750000003,586.6494861662767,1192.5539969097365,546.03025,2050.0,8.537,9.44,4933000.0,54.7,45.84,1,1.0,1.0,0.0,1.0,1.0,1.0,1.0,1.0,1.0,1.0,1.0,1.0,1.0,1.0
5.110296550778675,5.54,,1027.543136654311,100.0,889.6574181910566,294.26823262546833,153.18137220593317,19.328239583333335,2050.0,8.537,9.44,4933000.0,54.7,45.84,0,1.0,1.0,1.0,0.0,1.0,1.0,1.0,1.0,1.0,1.0,1.0,1.0,1.0,1.0
6.52,5.54,1.72,185107.61371406587,27160.349241350184,2286.889887715308,302.2182939017574,2107.9660602412646,566.25,2050.0,8.537,9.44,4933000.0,54.7,45.84,0,0.0,1.0,1.0,1.0,1.0,1.0,1.0,1.0,1.0,1.0,1.0,1.0,1.0,1.0
7.88,5.54,1.32,34825653.01136364,1163842.275,439569.575,31211.35,66155.64050000001,4501.375,2050.0,8.537,9.44,4933000.0,54.7,45.84,0,0.0,1.0,1.0,1.0,1.0,1.0,1.0,1.0,1.0,1.0,1.0,1.0,1.0,1.0
7.75,5.54,0.95,1868433.504180868,121418.52998148146,286483.65,22390.6875,34550.94049999998,3562.3,2050.0,8.537,9.44,4933000.0,54.7,45.84,0,0.0,1.0,1.0,1.0,1.0,1.0,1.0,1.0,1.0,1.0,1.0,1.0,1.0,1.0
8.1,5.54,0.56,357000000.0,101501396.44166666,439569.575,31211.35,68448.24175000002,4501.375,2050.0,8.537,9.44,4933000.0,54.7,45.84,1,0.0,1.0,0.0,1.0,1.0,1.0,1.0,1.0,1.0,1.0,1.0,1.0,1.0,1.0
7.343475316873882,5.54,,1258600.0,36300.79846341005,297388.28725,70.0,577.1840189784384,3645.25,2050.0,8.537,9.44,4933000.0,54.7,45.84,1,1.0,1.0,0.0,1.0,1.0,0.0,1.0,1.0,1.0,1.0,1.0,1.0,1.0,1.0
8.000153562409812,5.54,,167000000.0,137650000.0,615092.575,688313.7166666667,105869.7505,4472.375,2050.0,8.537,9.44,4933000.0,54.7,45.84,1,1.0,1.0,0.0,0.0,1.0,1.0,1.0,1.0,1.0,1.0,1.0,1.0,1.0,1.0
8.6,5.54,0.7,1000000000.0,221388216.6666667,439569.575,31124.8,66594.3305,3998.375,2050.0,8.537,9.44,4933000.0,54.7,45.84,0,0.0,1.0,1.0,1.0,1.0,1.0,1.0,1.0,1.0,1.0,1.0,1.0,1.0,1.0
6.9,5.54,2.38,346347.3178374557,22089.80924135018,21021.275,20011.925,15868.275999999998,687.75,2050.0,8.537,9.44,4933000.0,54.7,45.84,0,0.0,1.0,1.0,1.0,1.0,1.0,1.0,1.0,1.0,1.0,1.0,1.0,1.0,1.0
5.8,5.54,0.56,24250.929029789266,8986.956256228732,4399.565532186045,391.8923652136128,911.6681010764032,104.30544656873248,2050.0,8.537,9.44,4933000.0,54.7,45.84,0,0.0,1.0,1.0,1.0,1.0,1.0,1.0,1.0,1.0,1.0,1.0,1.0,1.0,1.0
7.159114452765297,5.54,,550581.3680860363,10500.0,158247.55,13614.4375,22217.316,1840.1970176798425,2050.0,8.537,9.44,4933000.0,54.7,45.84,1,1.0,1.0,1.0,0.0,1.0,1.0,1.0,1.0,1.0,1.0,1.0,1.0,1.0,1.0
7.3,5.54,1.13,1206665.747711235,17635.05837896609,229350.125,2601.0088293650792,9335.953458333332,3074.825,2050.0,8.537,9.44,4933000.0,54.7,45.84,0,0.0,1.0,1.0,1.0,1.0,1.0,1.0,1.0,1.0,1.0,1.0,1.0,1.0,1.0
7.45,5.54,1.32,252537.15112146703,9579.034961877658,34117.5315,603.4256750581742,5582.327750000001,219.3079015197649,1015.0,8.537,9.44,4933000.0,54.7,45.84,0,0.0,1.0,1.0,1.0,1.0,1.0,1.0,1.0,0.0,1.0,1.0,1.0,1.0,1.0
7.45,5.54,1.32,252537.15112146703,9579.034961877658,34117.5315,603.4256750581742,5582.327750000001,219.3079015197649,1015.0,8.537,9.44,4933000.0,54.7,45.84,0,0.0,1.0,1.0,1.0,1.0,1.0,1.0,1.0,0.0,1.0,1.0,1.0,1.0,1.0
7.45,5.54,1.32,252537.15112146703,9579.034961877658,34117.5315,603.4256750581742,5582.327750000001,219.3079015197649,1015.0,8.537,9.44,4933000.0,54.7,45.84,0,0.0,1.0,1.0,1.0,1.0,1.0,1.0,1.0,0.0,1.0,1.0,1.0,1.0,1.0
6.2,5.54,3.75,950.2670603764088,215.0,244.6740676567072,128.6118715140125,152.7453835026486,19.351268815937576,2050.0,8.537,9.44,4933000.0,54.7,45.84,0,0.0,1.0,1.0,0.0,1.0,1.0,1.0,1.0,1.0,1.0,1.0,1.0,1.0,1.0
6.2,5.54,3.75,950.2670603764088,449.0,111.00838156194676,59.51952416217672,130.1427505725275,18.68673287413732,2050.0,8.537,9.44,4933000.0,54.7,45.84,0,0.0,1.0,1.0,0.0,1.0,1.0,1.0,1.0,1.0,1.0,1.0,1.0,1.0,1.0
6.2,5.54,3.75,950.2670603764088,219.6812853784296,265.784168665617,62.12660067671096,132.7568782858654,18.575756709162995,2050.0,8.537,9.44,4933000.0,54.7,45.84,0,0.0,1.0,1.0,1.0,1.0,1.0,1.0,1.0,1.0,1.0,1.0,1.0,1.0,1.0
7.781243467875049,5.54,,990.0,219.6812853784296,23327.923979166662,557.6147345459494,651.9339501384522,25.16742012954307,2050.0,8.537,9.44,4933000.0,54.7,45.84,1,1.0,1.0,0.0,1.0,1.0,1.0,1.0,1.0,1.0,1.0,1.0,1.0,1.0,1.0
6.837264759962238,5.54,,30.0,1667.640569424486,104.36750726041244,13.441373939160297,47.39849624471043,5.62995441690365,2050.0,8.537,9.44,4933000.0,54.7,45.84,0,1.0,1.0,0.0,1.0,1.0,1.0,1.0,1.0,1.0,1.0,1.0,1.0,1.0,1.0
6.837264759962238,5.54,,0.0,1667.640569424486,104.36750726041244,13.441373939160297,47.39849624471043,5.62995441690365,2050.0,8.537,9.44,4933000.0,54.7,45.84,0,1.0,1.0,0.0,1.0,1.0,1.0,1.0,1.0,1.0,1.0,1.0,1.0,1.0,1.0
6.837264759962238,5.54,,30.0,1667.640569424486,104.36750726041244,13.441373939160297,47.39849624471043,5.62995441690365,2050.0,8.537,9.44,4933000.0,54.7,45.84,0,1.0,1.0,0.0,1.0,1.0,1.0,1.0,1.0,1.0,1.0,1.0,1.0,1.0,1.0
6.837264759962238,5.54,,70.0,1667.640569424486,104.36750726041244,13.441373939160297,47.39849624471043,5.62995441690365,2050.0,8.537,9.44,4933000.0,54.7,45.84,0,1.0,1.0,0.0,1.0,1.0,1.0,1.0,1.0,1.0,1.0,1.0,1.0,1.0,1.0
6.837264759962238,5.54,,110.0,1667.640569424486,104.36750726041244,13.441373939160297,47.39849624471043,5.62995441690365,2050.0,8.537,9.44,4933000.0,54.7,45.84,0,1.0,1.0,0.0,1.0,1.0,1.0,1.0,1.0,1.0,1.0,1.0,1.0,1.0,1.0
6.837264759962238,5.54,,40.0,1667.640569424486,104.36750726041244,13.441373939160297,47.39849624471043,5.62995441690365,2050.0,8.537,9.44,4933000.0,54.7,45.84,0,1.0,1.0,0.0,1.0,1.0,1.0,1.0,1.0,1.0,1.0,1.0,1.0,1.0,1.0
6.244824015567765,5.54,,6040.0,201.0349243524495,604.0,236.65197204774464,279.720159514232,38.06298379007244,2050.0,8.537,9.44,4933000.0,54.7,45.84,1,1.0,1.0,0.0,1.0,0.0,1.0,1.0,1.0,1.0,1.0,1.0,1.0,1.0,1.0
6.14,5.54,1.48,950.2670603764088,1620.694422732843,59.3,56.2,78.18931522685776,2.46,782000.0,12.4,9.44,4933000.0,54.7,45.84,0,0.0,1.0,1.0,1.0,0.0,0.0,1.0,0.0,0.0,0.0,1.0,1.0,1.0,1.0
5.4797820235685375,5.54,,3778.78174001895,44.97,336.13,162.8839440498432,486.12,30.53827326492974,2050.0,8.537,9.44,4933000.0,54.7,45.84,1,1.0,1.0,1.0,0.0,0.0,1.0,0.0,1.0,1.0,1.0,1.0,1.0,1.0,1.0
7.4,5.54,2.52,5216273.668688358,85149.76484391534,496029.075,233854.05,152550.01000000004,6783.3,3180.0,8.537,9.44,4933000.0,54.7,45.84,0,0.0,1.0,1.0,1.0,1.0,1.0,1.0,1.0,0.0,1.0,1.0,1.0,1.0,1.0
7.4,5.54,2.52,5216273.668688358,85149.76484391534,496029.075,233854.05,152550.01000000004,6783.3,810.0,8.537,9.44,4933000.0,54.7,45.84,0,0.0,1.0,1.0,1.0,1.0,1.0,1.0,1.0,0.0,1.0,1.0,1.0,1.0,1.0
7.4,5.54,2.52,5216273.668688358,85149.76484391534,496029.075,233854.05,152550.01000000004,6783.3,1870.0,8.537,9.44,4933000.0,54.7,45.84,0,0.0,1.0,1.0,1.0,1.0,1.0,1.0,1.0,0.0,1.0,1.0,1.0,1.0,1.0
7.4,5.54,2.52,5216273.668688358,85149.76484391534,496029.075,233854.05,152550.01000000004,6783.3,3160.0,8.537,9.44,4933000.0,54.7,45.84,0,0.0,1.0,1.0,1.0,1.0,1.0,1.0,1.0,0.0,1.0,1.0,1.0,1.0,1.0
7.4,5.54,2.52,5216273.668688358,85149.76484391534,496029.075,233854.05,152550.01000000004,6783.3,300.0,8.537,9.44,4933000.0,54.7,45.84,0,0.0,1.0,1.0,1.0,1.0,1.0,1.0,1.0,0.0,1.0,1.0,1.0,1.0,1.0
6.67,5.54,5.4,20635.052474950156,6430.033181233142,139.48758136382872,84.63958648022054,59.16451051252271,44.23590261611015,27779.76,8.537,9.44,4933000.0,54.7,45.84,0,0.0,1.0,1.0,1.0,1.0,1.0,1.0,1.0,0.0,1.0,1.0,1.0,1.0,1.0
6.67,5.54,5.4,20635.052474950156,6430.033181233142,139.48758136382872,84.63958648022054,59.16451051252271,44.23590261611015,10450.25,8.537,9.44,4933000.0,54.7,45.84,0,0.0,1.0,1.0,1.0,1.0,1.0,1.0,1.0,0.0,1.0,1.0,1.0,1.0,1.0
6.67,5.54,5.4,20635.052474950156,6430.033181233142,139.48758136382872,84.63958648022054,59.16451051252271,44.23590261611015,8291.68,8.537,9.44,4933000.0,54.7,45.84,0,0.0,1.0,1.0,1.0,1.0,1.0,1.0,1.0,0.0,1.0,1.0,1.0,1.0,1.0
6.62,5.54,7.08,299400.0,29924.03979002054,6450.375999999999,2264.3037265730454,7200.0,567.0,2050.0,10600.0,9.44,4933000.0,54.7,45.84,1,0.0,1.0,0.0,1.0,1.0,1.0,0.0,1.0,1.0,0.0,1.0,1.0,1.0,1.0
6.73,5.54,6.1,486900.0,30274.03979002054,20763.325,2982.20625,9200.0,568.5,2050.0,45100.0,9.44,4933000.0,54.7,45.84,1,0.0,1.0,0.0,1.0,1.0,1.0,0.0,1.0,1.0,0.0,1.0,1.0,1.0,1.0
6.54,5.54,8.75,567900.0,24338.465699111443,21901.8,14777.18125,15900.0,570.0,2050.0,85000.0,9.44,4933000.0,54.7,45.84,1,0.0,1.0,0.0,1.0,1.0,1.0,0.0,1.0,1.0,0.0,1.0,1.0,1.0,1.0
5.76,5.54,14.3,1066000.0,29516.598293327424,393783.375,34468.25,162000.0,6754.3,2050.0,2906000.0,9.44,4933000.0,54.7,45.84,1,0.0,1.0,0.0,1.0,1.0,1.0,0.0,1.0,1.0,0.0,1.0,1.0,1.0,1.0
6.12,5.54,13.2,899900.0,28148.883918327425,392764.3,34829.0,174000.0,6754.3,2050.0,36215000.0,9.44,4933000.0,54.7,45.84,1,0.0,1.0,0.0,1.0,1.0,1.0,0.0,1.0,1.0,0.0,1.0,1.0,1.0,1.0
6.38,5.54,7.33,2777000.0,323884.5290993124,420994.05,89825.775,61700.0,4709.375,2050.0,200000.0,9.44,4933000.0,54.7,45.84,1,0.0,1.0,0.0,1.0,1.0,1.0,0.0,1.0,1.0,0.0,1.0,1.0,1.0,1.0
7.424711337548445,5.54,,200000.0,17692.53743509025,25483.732,589.5922657368972,5274.282625000002,663.975,2050.0,8.537,9.44,4933000.0,54.7,45.84,1,1.0,1.0,0.0,1.0,1.0,1.0,1.0,1.0,1.0,1.0,1.0,1.0,1.0,1.0
7.88,5.54,0.88,34825653.01136364,1163842.275,439569.575,31211.35,66155.64050000001,4501.375,2975.0,8.537,9.44,4933000.0,54.7,45.84,0,0.0,1.0,1.0,1.0,1.0,1.0,1.0,1.0,0.0,1.0,1.0,1.0,1.0,1.0
6.5990263243894045,5.54,,950.2670603764088,1620.694422732843,26.6,24.8,70.28132938943003,0.18,2050.0,8.537,9.44,4933000.0,54.7,45.84,0,1.0,1.0,1.0,1.0,0.0,0.0,1.0,0.0,1.0,1.0,1.0,1.0,1.0,1.0
7.712221755315833,5.54,,1335.0,59.43,23207.805598214287,561.7582148878164,642.7144397217857,30.030439526353195,2050.0,8.537,9.44,4933000.0,54.7,45.84,1,1.0,1.0,0.0,0.0,1.0,1.0,1.0,1.0,1.0,1.0,1.0,1.0,1.0,1.0
6.430583874458874,5.54,,33200.0,7510.0,78.45191730741274,84.53355105117154,246.28720634479504,48.07135652799082,2050.0,8.537,9.44,4933000.0,19970.0,4640.0,1,1.0,1.0,0.0,0.0,1.0,1.0,1.0,1.0,1.0,1.0,1.0,1.0,0.0,0.0
7.93,5.54,0.244,33268396.666666664,691.0,411339.825,122283.75,153884.96300000005,6313.681184229127,2050.0,8.537,9.44,4933000.0,54.7,45.84,0,0.0,1.0,1.0,0.0,1.0,1.0,1.0,1.0,1.0,1.0,1.0,1.0,1.0,1.0
7.86,5.54,0.232,33291346.666666664,335.0,411339.825,122283.75,153884.96300000005,6313.599119759897,2050.0,8.537,9.44,4933000.0,54.7,45.84,0,0.0,1.0,1.0,0.0,1.0,1.0,1.0,1.0,1.0,1.0,1.0,1.0,1.0,1.0
7.09,5.54,0.223,994427.3843419278,840.0,411339.825,121549.25,151177.86675000004,6284.681184229127,2050.0,8.537,9.44,4933000.0,54.7,45.84,0,0.0,1.0,1.0,0.0,1.0,1.0,1.0,1.0,1.0,1.0,1.0,1.0,1.0,1.0
6.53,5.54,0.221,950.2670603764088,483.0,85.36366915397751,66.81395071696456,130.1427505725275,15.829838163271427,2050.0,8.537,9.44,4933000.0,54.7,45.84,0,0.0,1.0,1.0,0.0,1.0,1.0,1.0,1.0,1.0,1.0,1.0,1.0,1.0,1.0
4.965635148292272,5.54,,1027.543136654311,481.0,99.14976689656744,71.53602815502846,130.1427505725275,14.270939663778682,2050.0,8.537,9.44,4933000.0,54.7,45.84,0,1.0,1.0,1.0,0.0,1.0,1.0,1.0,1.0,1.0,1.0,1.0,1.0,1.0,1.0
5.094796550778674,5.54,,1027.543136654311,128.0,1508.4603973577234,312.84930723805917,168.2018493188587,22.66523958333334,2050.0,8.537,9.44,4933000.0,54.7,45.84,0,1.0,1.0,1.0,0.0,1.0,1.0,1.0,1.0,1.0,1.0,1.0,1.0,1.0,1.0
4.929402184728058,5.54,,1027.543136654311,306.0,112.7134235244844,166.15357231028017,173.37512117841524,23.535909519654968,2050.0,8.537,9.44,4933000.0,54.7,45.84,0,1.0,1.0,1.0,0.0,1.0,1.0,1.0,1.0,1.0,1.0,1.0,1.0,1.0,1.0
5.026457265064389,5.54,,1027.543136654311,146.0,1570.0654416666669,367.5924919774776,251.49182741843197,22.688706250000003,2050.0,8.537,9.44,4933000.0,54.7,45.84,0,1.0,1.0,1.0,0.0,1.0,1.0,1.0,1.0,1.0,1.0,1.0,1.0,1.0,1.0
5.126853693635817,5.54,,1027.543136654311,209.0,923.1608192327236,291.0553417756543,171.2791872974187,25.55645705516392,2050.0,8.537,9.44,4933000.0,54.7,45.84,0,1.0,1.0,1.0,0.0,1.0,1.0,1.0,1.0,1.0,1.0,1.0,1.0,1.0,1.0
5.1236036936358165,5.54,,1027.543136654311,206.0,923.1608192327236,291.0553417756543,171.2791872974187,25.55645705516392,2050.0,8.537,9.44,4933000.0,54.7,45.84,0,1.0,1.0,1.0,0.0,1.0,1.0,1.0,1.0,1.0,1.0,1.0,1.0,1.0,1.0
4.891335148292271,5.54,,1027.543136654311,533.0,99.14976689656744,73.90812300868934,130.1427505725275,12.664920215474153,2050.0,8.537,9.44,4933000.0,54.7,45.84,0,1.0,1.0,1.0,0.0,1.0,1.0,1.0,1.0,1.0,1.0,1.0,1.0,1.0,1.0
4.86322983624321,5.54,,1027.543136654311,337.0,98.19493582616144,166.15357231028017,135.28880087014653,16.662264455190527,2050.0,8.537,9.44,4933000.0,54.7,45.84,0,1.0,1.0,1.0,0.0,1.0,1.0,1.0,1.0,1.0,1.0,1.0,1.0,1.0,1.0
5.1122704441391935,5.54,1.68,1027.543136654311,1518.8561625406946,98.01386087878448,140.79,49.292633935367,10.35,2050.0,8.537,9.44,4933000.0,54.7,45.84,0,1.0,1.0,1.0,1.0,1.0,0.0,1.0,0.0,1.0,1.0,1.0,1.0,1.0,1.0
6.5047387426900585,5.54,0.6,758.3672181071645,1667.640569424486,101.30274495013025,5.59,44.83398810203367,1.51,2050.0,8.537,9.44,4933000.0,54.7,45.84,0,1.0,1.0,1.0,1.0,1.0,0.0,1.0,0.0,1.0,1.0,1.0,1.0,1.0,1.0
6.713240695762572,5.54,5.325,38641.40527878342,24472.84924135018,2286.889887715308,332.10604390175746,564.8559725651824,544.53025,2050.0,8.537,9.44,4933000.0,54.7,45.84,0,1.0,1.0,1.0,1.0,1.0,1.0,1.0,1.0,1.0,1.0,1.0,1.0,1.0,1.0
6.713240695762572,5.54,5.325,38641.40527878342,24472.84924135018,2286.889887715308,332.10604390175746,564.8559725651824,544.53025,2050.0,8.537,9.44,4933000.0,54.7,45.84,0,1.0,1.0,1.0,1.0,1.0,1.0,1.0,1.0,1.0,1.0,1.0,1.0,1.0,1.0
6.713240695762572,5.54,5.325,38641.40527878342,24472.84924135018,2286.889887715308,332.10604390175746,564.8559725651824,544.53025,2050.0,8.537,9.44,4933000.0,54.7,45.84,0,1.0,1.0,1.0,1.0,1.0,1.0,1.0,1.0,1.0,1.0,1.0,1.0,1.0,1.0
6.713240695762572,5.54,5.325,38641.40527878342,24472.84924135018,2286.889887715308,332.10604390175746,564.8559725651824,544.53025,2050.0,8.537,9.44,4933000.0,54.7,45.84,0,1.0,1.0,1.0,1.0,1.0,1.0,1.0,1.0,1.0,1.0,1.0,1.0,1.0,1.0
6.713240695762572,5.54,5.325,38641.40527878342,24472.84924135018,2286.889887715308,332.10604390175746,564.8559725651824,544.53025,2050.0,8.537,9.44,4933000.0,54.7,45.84,0,1.0,1.0,1.0,1.0,1.0,1.0,1.0,1.0,1.0,1.0,1.0,1.0,1.0,1.0
6.271895833333334,5.54,,21042.969141616828,18240.97862119256,17.0,261.4591172503768,95.7152931270814,518.6769067245789,2050.0,8.537,9.44,4933000.0,54.7,45.84,0,1.0,1.0,1.0,1.0,0.0,1.0,1.0,1.0,1.0,1.0,1.0,1.0,1.0,1.0
6.713240695762572,5.54,,38641.40527878342,24472.84924135018,2581.5891337937396,335.7404484723778,959.0,544.53025,2050.0,8.537,9.44,4933000.0,54.7,45.84,1,1.0,1.0,1.0,1.0,1.0,1.0,0.0,1.0,1.0,1.0,1.0,1.0,1.0,1.0
6.7148317632663845,5.54,,21324.618220048196,25254.45634341478,1953.277081788025,307.0249472662964,28.5,539.3452500000001,2050.0,8.537,9.44,4933000.0,54.7,45.84,0,1.0,1.0,1.0,1.0,1.0,1.0,0.0,1.0,1.0,1.0,1.0,1.0,1.0,1.0
6.699167129120044,5.54,,21324.618220048196,25254.45634341478,1953.277081788025,307.0249472662964,19.1,539.3452500000001,2050.0,8.537,9.44,4933000.0,54.7,45.84,0,1.0,1.0,1.0,1.0,1.0,1.0,0.0,1.0,1.0,1.0,1.0,1.0,1.0,1.0
6.699167129120044,5.54,,21324.618220048196,25254.45634341478,1953.277081788025,307.0249472662964,8.95,539.3452500000001,2050.0,8.537,9.44,4933000.0,54.7,45.84,0,1.0,1.0,1.0,1.0,1.0,1.0,0.0,1.0,1.0,1.0,1.0,1.0,1.0,1.0
6.699167129120044,5.54,,21324.618220048196,25254.45634341478,1953.277081788025,307.0249472662964,10.3,539.3452500000001,2050.0,8.537,9.44,4933000.0,54.7,45.84,0,1.0,1.0,1.0,1.0,1.0,1.0,0.0,1.0,1.0,1.0,1.0,1.0,1.0,1.0
6.576415139525937,5.54,5.325,213179.39339917753,27707.849241350184,286.5062342878447,273.0468265278466,3057.0,567.75,2050.0,8.537,9.44,4933000.0,54.7,45.84,1,1.0,1.0,1.0,1.0,1.0,1.0,0.0,1.0,1.0,1.0,1.0,1.0,1.0,1.0
5.110296550778675,5.54,,1027.543136654311,1.31,889.6574181910566,294.26823262546833,153.18137220593317,19.328239583333335,2050.0,8.537,9.44,4933000.0,54.7,45.84,0,1.0,1.0,1.0,0.0,1.0,1.0,1.0,1.0,1.0,1.0,1.0,1.0,1.0,1.0
6.713240695762572,5.54,,38641.40527878342,24472.84924135018,2286.889887715308,332.10604390175746,564.8559725651824,544.53025,2050.0,8.537,9.44,4933000.0,54.7,45.84,0,1.0,1.0,1.0,1.0,1.0,1.0,1.0,1.0,1.0,1.0,1.0,1.0,1.0,1.0
6.397827025644376,5.54,,109.0,219.6812853784296,196.0,79.06235437970949,118.63727021786929,19.86407441155594,2050.0,8.537,9.44,4933000.0,54.7,45.84,0,1.0,1.0,0.0,1.0,0.0,1.0,1.0,1.0,1.0,1.0,1.0,1.0,1.0,1.0
6.006055619747899,5.54,,1600.0,219.6812853784296,935.0,395.889848827899,283.3687270832502,28.888740861662928,2050.0,8.537,9.44,4933000.0,54.7,45.84,1,1.0,1.0,0.0,1.0,0.0,1.0,1.0,1.0,1.0,1.0,1.0,1.0,1.0,1.0
6.468802140567765,5.54,,345.0,219.6812853784296,387.0,118.75719685544644,136.4550813005713,39.04107976813847,2050.0,8.537,9.44,4933000.0,54.7,45.84,0,1.0,1.0,0.0,1.0,0.0,1.0,1.0,1.0,1.0,1.0,1.0,1.0,1.0,1.0
5.991193398779105,5.54,,950.2670603764088,219.6812853784296,268.85726696611147,62.12660067671096,152.87,17.585140961623555,2050.0,37.04,9.44,4933000.0,54.7,45.84,0,1.0,1.0,1.0,1.0,1.0,1.0,0.0,1.0,1.0,0.0,1.0,1.0,1.0,1.0
5.6279045787545785,5.54,,778.317554748448,219.6812853784296,265.26170209389755,140.3362284606986,16.2,14.9861090775097,2050.0,3.27,9.44,4933000.0,54.7,45.84,0,1.0,1.0,1.0,1.0,1.0,1.0,0.0,1.0,1.0,0.0,1.0,1.0,1.0,1.0
5.778812555781422,5.54,,3778.78174001895,201.0349243524495,2038.3485857142855,352.23301146656473,680.02,24.481420776353193,2050.0,7.12,9.44,4933000.0,54.7,45.84,1,1.0,1.0,1.0,1.0,1.0,1.0,0.0,1.0,1.0,0.0,1.0,1.0,1.0,1.0
5.355646381578946,5.54,,758.3672181071645,1565.8023092323376,132.35463317919198,13.24581173086633,40.57,4.011800488645982,2050.0,29.71,9.44,4933000.0,54.7,45.84,0,1.0,1.0,1.0,1.0,1.0,1.0,0.0,1.0,1.0,0.0,1.0,1.0,1.0,1.0
5.355646381578946,5.54,,758.3672181071645,1565.8023092323376,132.35463317919198,13.24581173086633,34.42,4.011800488645982,2050.0,18.28,9.44,4933000.0,54.7,45.84,0,1.0,1.0,1.0,1.0,1.0,1.0,0.0,1.0,1.0,0.0,1.0,1.0,1.0,1.0
5.355646381578946,5.54,,758.3672181071645,1565.8023092323376,120.38436637877956,13.24581173086633,32.75,4.011800488645982,2050.0,7.41,9.44,4933000.0,54.7,45.84,0,1.0,1.0,1.0,1.0,1.0,1.0,0.0,1.0,1.0,0.0,1.0,1.0,1.0,1.0
5.6279045787545785,5.54,,778.317554748448,219.6812853784296,265.26170209389755,140.3362284606986,28.19,14.9861090775097,2050.0,4.73,9.44,4933000.0,54.7,45.84,0,1.0,1.0,1.0,1.0,1.0,1.0,0.0,1.0,1.0,0.0,1.0,1.0,1.0,1.0
6.3463265990575275,5.54,,758.3672181071645,1667.640569424486,102.76048491185308,11.432839012385704,68.36,4.563949621024973,2050.0,11.1,9.44,4933000.0,54.7,45.84,0,1.0,1.0,1.0,1.0,1.0,1.0,0.0,1.0,1.0,0.0,1.0,1.0,1.0,1.0
5.788484943079794,5.54,,950.2670603764088,247.0110403833195,120.57754067304022,137.10733963372667,181.99,23.067937708688486,2050.0,29.64,9.44,4933000.0,54.7,45.84,0,1.0,1.0,1.0,1.0,1.0,1.0,0.0,1.0,1.0,0.0,1.0,1.0,1.0,1.0
5.6279045787545785,5.54,,778.317554748448,219.6812853784296,265.26170209389755,140.3362284606986,13.3,14.9861090775097,2050.0,4.49,9.44,4933000.0,54.7,45.84,0,1.0,1.0,1.0,1.0,1.0,1.0,0.0,1.0,1.0,0.0,1.0,1.0,1.0,1.0
6.699167129120044,5.54,,21324.618220048196,25254.45634341478,1947.2423513548188,307.0249472662964,0.0079,539.3452500000001,2050.0,8.537,9.44,4933000.0,54.7,45.84,0,1.0,1.0,1.0,1.0,1.0,1.0,0.0,1.0,1.0,1.0,1.0,1.0,1.0,1.0
6.699167129120044,5.54,,21324.618220048196,25254.45634341478,1947.2423513548188,307.0249472662964,0.0089,539.3452500000001,2050.0,8.537,9.44,4933000.0,54.7,45.84,0,1.0,1.0,1.0,1.0,1.0,1.0,0.0,1.0,1.0,1.0,1.0,1.0,1.0,1.0
6.699167129120044,5.54,,21324.618220048196,25254.45634341478,1947.2423513548188,307.0249472662964,0.0093,539.3452500000001,2050.0,8.537,9.44,4933000.0,54.7,45.84,0,1.0,1.0,1.0,1.0,1.0,1.0,0.0,1.0,1.0,1.0,1.0,1.0,1.0,1.0
6.699167129120044,5.54,,21324.618220048196,25254.45634341478,1947.2423513548188,307.0249472662964,0.0092,539.3452500000001,2050.0,8.537,9.44,4933000.0,54.7,45.84,0,1.0,1.0,1.0,1.0,1.0,1.0,0.0,1.0,1.0,1.0,1.0,1.0,1.0,1.0
6.699167129120044,5.54,,21324.618220048196,25254.45634341478,1947.2423513548188,307.0249472662964,0.0105,539.3452500000001,2050.0,8.537,9.44,4933000.0,54.7,45.84,0,1.0,1.0,1.0,1.0,1.0,1.0,0.0,1.0,1.0,1.0,1.0,1.0,1.0,1.0
6.837264759962238,5.54,,31.7,1667.640569424486,104.36750726041244,13.441373939160297,47.39849624471043,5.62995441690365,2050.0,8.537,9.44,4933000.0,54.7,45.84,0,1.0,1.0,0.0,1.0,1.0,1.0,1.0,1.0,1.0,1.0,1.0,1.0,1.0,1.0
6.837264759962238,5.54,,18.2,1667.640569424486,104.36750726041244,13.441373939160297,47.39849624471043,5.62995441690365,2050.0,8.537,9.44,4933000.0,54.7,45.84,0,1.0,1.0,0.0,1.0,1.0,1.0,1.0,1.0,1.0,1.0,1.0,1.0,1.0,1.0
6.724385933857808,5.54,,38641.40527878342,24472.84924135018,2286.889887715308,332.10604390175746,564.8559725651824,544.53025,2050.0,8.537,59.0,4933000.0,54.7,45.84,0,1.0,1.0,1.0,1.0,1.0,1.0,1.0,1.0,1.0,1.0,0.0,1.0,1.0,1.0
6.723757362429237,5.54,,38641.40527878342,24472.84924135018,2286.889887715308,332.10604390175746,564.8559725651824,544.53025,2050.0,8.537,18.0,4933000.0,54.7,45.84,0,1.0,1.0,1.0,1.0,1.0,1.0,1.0,1.0,1.0,1.0,0.0,1.0,1.0,1.0
6.717882362429236,5.54,,38641.40527878342,24472.84924135018,2286.889887715308,332.10604390175746,564.8559725651824,544.53025,2050.0,8.537,8.6,4933000.0,54.7,45.84,0,1.0,1.0,1.0,1.0,1.0,1.0,1.0,1.0,1.0,1.0,0.0,1.0,1.0,1.0
6.722307886904761,5.54,,38641.40527878342,24472.84924135018,2286.889887715308,332.10604390175746,564.8559725651824,544.53025,2050.0,8.537,2.7,4933000.0,54.7,45.84,0,1.0,1.0,1.0,1.0,1.0,1.0,1.0,1.0,1.0,1.0,0.0,1.0,1.0,1.0
6.724391220238094,5.54,,38641.40527878342,24472.84924135018,2286.889887715308,332.10604390175746,564.8559725651824,544.53025,2050.0,8.537,1.5,4933000.0,54.7,45.84,0,1.0,1.0,1.0,1.0,1.0,1.0,1.0,1.0,1.0,1.0,0.0,1.0,1.0,1.0
5.1772325487013,5.54,,20707.552474950156,6177.715260166563,1189.26,557.0420227083125,636.15,105.3860119047619,2050.0,8.537,9.44,4933000.0,54.7,45.84,1,1.0,1.0,1.0,1.0,0.0,1.0,0.0,1.0,1.0,1.0,1.0,1.0,1.0,1.0
5.521898270067136,5.54,,3778.78174001895,201.0349243524495,914.01,448.0795479853522,437.75,34.28814021069458,2050.0,8.537,9.44,4933000.0,54.7,45.84,1,1.0,1.0,1.0,1.0,0.0,1.0,0.0,1.0,1.0,1.0,1.0,1.0,1.0,1.0
6.225395833333334,5.54,,21042.969141616828,18240.97862119256,83.21,241.0645435191463,121.16,518.6769067245789,2050.0,8.537,9.44,4933000.0,54.7,45.84,0,1.0,1.0,1.0,1.0,0.0,1.0,0.0,1.0,1.0,1.0,1.0,1.0,1.0,1.0
5.443264575375604,5.54,,1027.543136654311,201.0349243524495,484.19,218.86625986461937,289.57,34.49602921731069,2050.0,8.537,9.44,4933000.0,54.7,45.84,1,1.0,1.0,1.0,1.0,0.0,1.0,0.0,1.0,1.0,1.0,1.0,1.0,1.0,1.0
5.83812471719457,5.54,,950.2670603764088,219.6812853784296,229.84,167.26238179547107,221.74,27.304647991371304,2050.0,8.537,9.44,4933000.0,54.7,45.84,1,1.0,1.0,1.0,1.0,0.0,1.0,0.0,1.0,1.0,1.0,1.0,1.0,1.0,1.0
6.225395833333334,5.54,,21042.969141616828,18240.97862119256,71.49,228.01831600252305,215.62,522.2552499999999,2050.0,8.537,9.44,4933000.0,54.7,45.84,1,1.0,1.0,1.0,1.0,0.0,1.0,0.0,1.0,1.0,1.0,1.0,1.0,1.0,1.0
5.519853767028724,5.54,,950.2670603764088,1121.722837574834,122.03,62.83622462624301,154.0,11.741748504181272,2050.0,8.537,9.44,4933000.0,54.7,45.84,0,1.0,1.0,1.0,1.0,0.0,1.0,0.0,1.0,1.0,1.0,1.0,1.0,1.0,1.0
5.712848068842921,5.54,,989.5876664931608,219.6812853784296,395.04,229.13925571415055,218.82,27.038341443752252,2050.0,8.537,9.44,4933000.0,54.7,45.84,1,1.0,1.0,1.0,1.0,0.0,1.0,0.0,1.0,1.0,1.0,1.0,1.0,1.0,1.0
5.885914868138137,5.54,,950.2670603764088,219.6812853784296,329.96,97.30926835369556,179.34,29.606611979466532,2050.0,8.537,9.44,4933000.0,54.7,45.84,0,1.0,1.0,1.0,1.0,0.0,1.0,0.0,1.0,1.0,1.0,1.0,1.0,1.0,1.0
5.521898270067136,5.54,,3778.78174001895,201.0349243524495,846.49,480.0795479853522,428.66,30.953140210694578,2050.0,8.537,9.44,4933000.0,54.7,45.84,1,1.0,1.0,1.0,1.0,0.0,1.0,0.0,1.0,1.0,1.0,1.0,1.0,1.0,1.0
5.443264575375604,5.54,,1027.543136654311,201.0349243524495,476.64,195.96587174649972,315.43,34.49602921731069,2050.0,8.537,9.44,4933000.0,54.7,45.84,1,1.0,1.0,1.0,1.0,0.0,1.0,0.0,1.0,1.0,1.0,1.0,1.0,1.0,1.0
5.450843859266586,5.54,,3778.78174001895,8257.672145693457,1061.54,448.5006704300834,461.49,135.93005357142857,2050.0,8.537,9.44,4933000.0,54.7,45.84,1,1.0,1.0,1.0,1.0,0.0,1.0,0.0,1.0,1.0,1.0,1.0,1.0,1.0,1.0
5.547738491784273,5.54,,1027.543136654311,219.6812853784296,352.06,89.7822940064933,130.96,18.7747461239708,2050.0,8.537,9.44,4933000.0,54.7,45.84,0,1.0,1.0,1.0,1.0,0.0,1.0,0.0,1.0,1.0,1.0,1.0,1.0,1.0,1.0
6.239958333333333,5.54,,21042.969141616828,18240.97862119256,47.15,239.7168941667668,197.02,522.2552499999999,2050.0,8.537,9.44,4933000.0,54.7,45.84,0,1.0,1.0,1.0,1.0,0.0,1.0,0.0,1.0,1.0,1.0,1.0,1.0,1.0,1.0
5.6479375557814215,5.54,,3778.78174001895,201.0349243524495,584.74,268.22087769658003,412.55,32.43217505064403,2050.0,8.537,9.44,4933000.0,54.7,45.84,1,1.0,1.0,1.0,1.0,0.0,1.0,0.0,1.0,1.0,1.0,1.0,1.0,1.0,1.0
5.226354541210423,5.54,,1027.543136654311,201.0349243524495,633.28,268.22087769658003,339.81,32.15142505064402,2050.0,8.537,9.44,4933000.0,54.7,45.84,1,1.0,1.0,1.0,1.0,0.0,1.0,0.0,1.0,1.0,1.0,1.0,1.0,1.0,1.0
5.551843814464895,5.54,,206045.72700305685,9199.243657022384,6079.46,619.0814443495532,5158.6,110.75425000000004,2050.0,8.537,9.44,4933000.0,54.7,45.84,1,1.0,1.0,1.0,1.0,0.0,1.0,0.0,1.0,1.0,1.0,1.0,1.0,1.0,1.0
5.1772325487013,5.54,,20369.46624995016,6177.715260166563,1343.51,555.04563601622,826.85,105.3860119047619,2050.0,8.537,9.44,4933000.0,54.7,45.84,1,1.0,1.0,1.0,1.0,0.0,1.0,0.0,1.0,1.0,1.0,1.0,1.0,1.0,1.0
6.837264759962238,5.54,,56.2,1667.640569424486,104.36750726041244,13.441373939160297,47.39849624471043,5.62995441690365,2050.0,8.537,9.44,4933000.0,54.7,45.84,0,1.0,1.0,0.0,1.0,1.0,1.0,1.0,1.0,1.0,1.0,1.0,1.0,1.0,1.0
6.837264759962238,5.54,,56.2,1667.640569424486,104.36750726041244,13.441373939160297,47.39849624471043,5.62995441690365,2050.0,8.537,9.44,4933000.0,54.7,45.84,0,1.0,1.0,0.0,1.0,1.0,1.0,1.0,1.0,1.0,1.0,1.0,1.0,1.0,1.0
6.837264759962238,5.54,,56.2,1667.640569424486,104.36750726041244,13.441373939160297,47.39849624471043,5.62995441690365,2050.0,8.537,9.44,4933000.0,54.7,45.84,0,1.0,1.0,0.0,1.0,1.0,1.0,1.0,1.0,1.0,1.0,1.0,1.0,1.0,1.0
6.837264759962238,5.54,,56.2,1667.640569424486,104.36750726041244,13.441373939160297,47.39849624471043,5.62995441690365,2050.0,8.537,9.44,4933000.0,54.7,45.84,0,1.0,1.0,0.0,1.0,1.0,1.0,1.0,1.0,1.0,1.0,1.0,1.0,1.0,1.0
6.837264759962238,5.54,,56.2,1667.640569424486,104.36750726041244,13.441373939160297,47.39849624471043,5.62995441690365,2050.0,8.537,9.44,4933000.0,54.7,45.84,0,1.0,1.0,0.0,1.0,1.0,1.0,1.0,1.0,1.0,1.0,1.0,1.0,1.0,1.0
6.837264759962238,5.54,,56.2,1667.640569424486,104.36750726041244,13.441373939160297,47.39849624471043,5.62995441690365,2050.0,8.537,9.44,4933000.0,54.7,45.84,0,1.0,1.0,0.0,1.0,1.0,1.0,1.0,1.0,1.0,1.0,1.0,1.0,1.0,1.0
6.837264759962238,5.54,,56.2,1667.640569424486,104.36750726041244,13.441373939160297,47.39849624471043,5.62995441690365,2050.0,8.537,9.44,4933000.0,54.7,45.84,0,1.0,1.0,0.0,1.0,1.0,1.0,1.0,1.0,1.0,1.0,1.0,1.0,1.0,1.0
6.837264759962238,5.54,,56.2,1667.640569424486,104.36750726041244,13.441373939160297,47.39849624471043,5.62995441690365,2050.0,8.537,9.44,4933000.0,54.7,45.84,0,1.0,1.0,0.0,1.0,1.0,1.0,1.0,1.0,1.0,1.0,1.0,1.0,1.0,1.0
6.837264759962238,5.54,,56.2,1667.640569424486,104.36750726041244,13.441373939160297,47.39849624471043,5.62995441690365,2050.0,8.537,9.44,4933000.0,54.7,45.84,0,1.0,1.0,0.0,1.0,1.0,1.0,1.0,1.0,1.0,1.0,1.0,1.0,1.0,1.0
6.837264759962238,5.54,,56.2,1667.640569424486,104.36750726041244,13.441373939160297,47.39849624471043,5.62995441690365,2050.0,8.537,9.44,4933000.0,54.7,45.84,0,1.0,1.0,0.0,1.0,1.0,1.0,1.0,1.0,1.0,1.0,1.0,1.0,1.0,1.0
7.712221755315833,5.54,,350.2,7.4,21254.711479166665,529.6690931682651,386.07318972178535,30.429689526353194,2050.0,8.537,9.44,4933000.0,54.7,45.84,0,1.0,1.0,0.0,0.0,1.0,1.0,1.0,1.0,1.0,1.0,1.0,1.0,1.0,1.0
7.8,5.54,1.385,1725079.927543644,121418.52998148146,284935.9408999678,175.56555833333334,2600.0,3231.75,2050.0,8.537,9.44,4933000.0,54.7,45.84,1,0.0,1.0,1.0,1.0,1.0,1.0,0.0,1.0,1.0,1.0,1.0,1.0,1.0,1.0
5.597184520139634,5.54,,300092.3903115539,9304.53532368905,21241.423499999997,4004.3518333333327,11923.820666666668,97.41726767984332,2050.0,25478.84,9.44,4933000.0,54.7,45.84,0,1.0,1.0,1.0,1.0,1.0,1.0,1.0,1.0,1.0,0.0,1.0,1.0,1.0,1.0
5.891815455691271,5.54,,3778.78174001895,247.0110403833195,130.59602391995662,182.22807132743657,288.6544141092016,21.949746470516867,2050.0,143.54,9.44,4933000.0,54.7,45.84,0,1.0,1.0,1.0,1.0,1.0,1.0,1.0,1.0,1.0,0.0,1.0,1.0,1.0,1.0
5.169705944781644,5.54,,3599.443103655314,266.36664368115896,280.26856353763594,272.2966155737223,246.87646091429565,14.97369306607782,2050.0,116.15,9.44,4933000.0,54.7,45.84,0,1.0,1.0,1.0,1.0,1.0,1.0,1.0,1.0,1.0,0.0,1.0,1.0,1.0,1.0
5.868815455691271,5.54,,3778.78174001895,247.0110403833195,132.7235653846124,169.7306292942164,288.6544141092016,21.949746470516867,2050.0,161.51,9.44,4933000.0,54.7,45.84,0,1.0,1.0,1.0,1.0,1.0,1.0,1.0,1.0,1.0,0.0,1.0,1.0,1.0,1.0
5.891815455691271,5.54,,3778.78174001895,247.0110403833195,212.32732391995663,180.31140346127944,301.3054641092016,21.949746470516867,2050.0,277.73,9.44,4933000.0,54.7,45.84,0,1.0,1.0,1.0,1.0,1.0,1.0,1.0,1.0,1.0,0.0,1.0,1.0,1.0,1.0
5.755121501749863,5.54,,3843.771894780856,1598.1140477328431,415.9985788500268,288.234493766166,219.94158106651625,7.983395339614748,2050.0,326.0,9.44,4933000.0,54.7,45.84,0,1.0,1.0,1.0,1.0,1.0,1.0,1.0,1.0,1.0,0.0,1.0,1.0,1.0,1.0
4.4605,5.54,,313696.7500885379,9471.72421257794,29044.375,11120.0,16211.976166666664,44.78,2050.0,8.537,9.44,4933000.0,54.7,45.84,1,1.0,1.0,1.0,1.0,1.0,0.0,1.0,0.0,1.0,1.0,1.0,1.0,1.0,1.0
6.424291666666666,5.54,,370585.7577593759,18590.80924135018,20961.575,11120.0,14139.994249999994,566.25,2050.0,8.537,9.44,4933000.0,54.7,45.84,1,1.0,1.0,1.0,1.0,1.0,0.0,1.0,1.0,1.0,1.0,1.0,1.0,1.0,1.0
6.566120074389405,5.54,,950.2670603764088,1667.640569424486,106.62523597857428,18.97,49.292633935367,4.113021343712977,2050.0,8.537,9.44,4933000.0,54.7,45.84,0,1.0,1.0,1.0,1.0,1.0,0.0,1.0,1.0,1.0,1.0,1.0,1.0,1.0,1.0
5.098762011599511,5.54,,950.2670603764088,1535.8694227328428,1120.3988041666669,1641.0,4280.884785164152,5.37,2050.0,8.537,9.44,4933000.0,54.7,45.84,1,1.0,1.0,1.0,1.0,1.0,0.0,1.0,0.0,1.0,1.0,1.0,1.0,1.0,1.0
5.45473869047619,5.54,,778.317554748448,1667.640569424486,1344.728129516007,378.2,179.85341256136158,6.68,2050.0,8.537,9.44,4933000.0,54.7,45.84,0,1.0,1.0,1.0,1.0,1.0,0.0,1.0,0.0,1.0,1.0,1.0,1.0,1.0,1.0
5.098762011599511,5.54,,950.2670603764088,1535.8694227328428,1120.3988041666669,1641.0,4280.884785164152,5.37,2050.0,8.537,9.44,4933000.0,54.7,45.84,1,1.0,1.0,1.0,1.0,1.0,0.0,1.0,0.0,1.0,1.0,1.0,1.0,1.0,1.0
5.2110925595238085,5.54,,1027.543136654311,1518.8561625406946,134.0542006078985,84.06855783251535,45.22569423870903,6.2971601211970505,2300.0,8.537,9.44,4933000.0,54.7,45.84,0,1.0,1.0,1.0,1.0,1.0,1.0,1.0,1.0,0.0,1.0,1.0,1.0,1.0,1.0
5.2110925595238085,5.54,,1027.543136654311,1518.8561625406946,134.0542006078985,84.06855783251535,45.22569423870903,6.2971601211970505,2300.0,8.537,9.44,4933000.0,54.7,45.84,0,1.0,1.0,1.0,1.0,1.0,1.0,1.0,1.0,0.0,1.0,1.0,1.0,1.0,1.0
5.2110925595238085,5.54,,1027.543136654311,1518.8561625406946,134.0542006078985,84.06855783251535,45.22569423870903,6.2971601211970505,2300.0,8.537,9.44,4933000.0,54.7,45.84,0,1.0,1.0,1.0,1.0,1.0,1.0,1.0,1.0,0.0,1.0,1.0,1.0,1.0,1.0
5.2110925595238085,5.54,,1027.543136654311,1518.8561625406946,134.0542006078985,84.06855783251535,45.22569423870903,6.2971601211970505,2300.0,8.537,9.44,4933000.0,54.7,45.84,0,1.0,1.0,1.0,1.0,1.0,1.0,1.0,1.0,0.0,1.0,1.0,1.0,1.0,1.0
5.2110925595238085,5.54,,1027.543136654311,1518.8561625406946,134.0542006078985,84.06855783251535,45.22569423870903,6.2971601211970505,2300.0,8.537,9.44,4933000.0,54.7,45.84,0,1.0,1.0,1.0,1.0,1.0,1.0,1.0,1.0,0.0,1.0,1.0,1.0,1.0,1.0
5.2110925595238085,5.54,,1027.543136654311,1518.8561625406946,134.0542006078985,84.06855783251535,45.22569423870903,6.2971601211970505,2300.0,8.537,9.44,4933000.0,54.7,45.84,0,1.0,1.0,1.0,1.0,1.0,1.0,1.0,1.0,0.0,1.0,1.0,1.0,1.0,1.0
5.2110925595238085,5.54,,1027.543136654311,1518.8561625406946,134.0542006078985,84.06855783251535,45.22569423870903,6.2971601211970505,2300.0,8.537,9.44,4933000.0,54.7,45.84,0,1.0,1.0,1.0,1.0,1.0,1.0,1.0,1.0,0.0,1.0,1.0,1.0,1.0,1.0
5.2110925595238085,5.54,,1027.543136654311,1518.8561625406946,134.0542006078985,84.06855783251535,45.22569423870903,6.2971601211970505,2300.0,8.537,9.44,4933000.0,54.7,45.84,0,1.0,1.0,1.0,1.0,1.0,1.0,1.0,1.0,0.0,1.0,1.0,1.0,1.0,1.0
5.2110925595238085,5.54,,1027.543136654311,1518.8561625406946,134.0542006078985,84.06855783251535,45.22569423870903,6.2971601211970505,2300.0,8.537,9.44,4933000.0,54.7,45.84,0,1.0,1.0,1.0,1.0,1.0,1.0,1.0,1.0,0.0,1.0,1.0,1.0,1.0,1.0
5.2110925595238085,5.54,,1027.543136654311,1518.8561625406946,134.0542006078985,84.06855783251535,45.22569423870903,6.2971601211970505,2300.0,8.537,9.44,4933000.0,54.7,45.84,0,1.0,1.0,1.0,1.0,1.0,1.0,1.0,1.0,0.0,1.0,1.0,1.0,1.0,1.0
5.110296550778675,5.54,,1027.543136654311,5.5,889.6574181910566,294.26823262546833,153.18137220593317,19.328239583333335,2050.0,8.537,9.44,4933000.0,54.7,45.84,0,1.0,1.0,1.0,0.0,1.0,1.0,1.0,1.0,1.0,1.0,1.0,1.0,1.0,1.0
5.110296550778675,5.54,,1027.543136654311,0.0,889.6574181910566,294.26823262546833,153.18137220593317,19.328239583333335,2050.0,8.537,9.44,4933000.0,54.7,45.84,0,1.0,1.0,1.0,0.0,1.0,1.0,1.0,1.0,1.0,1.0,1.0,1.0,1.0,1.0
5.110296550778675,5.54,,1027.543136654311,0.75,889.6574181910566,294.26823262546833,153.18137220593317,19.328239583333335,2050.0,8.537,9.44,4933000.0,54.7,45.84,0,1.0,1.0,1.0,0.0,1.0,1.0,1.0,1.0,1.0,1.0,1.0,1.0,1.0,1.0
5.110296550778675,5.54,,1027.543136654311,3.33,889.6574181910566,294.26823262546833,153.18137220593317,19.328239583333335,2050.0,8.537,9.44,4933000.0,54.7,45.84,0,1.0,1.0,1.0,0.0,1.0,1.0,1.0,1.0,1.0,1.0,1.0,1.0,1.0,1.0
5.54,5.54,0.04215,1027.543136654311,1518.8561625406946,41.2,4.8,70.28132938943003,10.4,2050.0,8.537,9.44,4933000.0,54.7,45.84,0,0.0,0.0,1.0,1.0,0.0,0.0,1.0,0.0,1.0,1.0,1.0,1.0,1.0,1.0
5.54,5.54,0.04215,1027.543136654311,1518.8561625406946,41.2,4.8,70.28132938943003,10.4,2050.0,8.537,9.44,4933000.0,54.7,45.84,0,0.0,0.0,1.0,1.0,0.0,0.0,1.0,0.0,1.0,1.0,1.0,1.0,1.0,1.0
5.54,5.54,0.04215,1027.543136654311,247.0110403833195,53.7,16.7,145.91635444386628,14.1,2050.0,8.537,9.44,4933000.0,54.7,45.84,0,0.0,0.0,1.0,1.0,0.0,0.0,1.0,0.0,1.0,1.0,1.0,1.0,1.0,1.0
5.54,5.54,0.04215,1027.543136654311,247.0110403833195,53.7,16.7,145.91635444386628,14.1,2050.0,8.537,9.44,4933000.0,54.7,45.84,0,0.0,0.0,1.0,1.0,0.0,0.0,1.0,0.0,1.0,1.0,1.0,1.0,1.0,1.0
5.755510973547698,5.54,,950.2670603764088,871.271104608871,44.0,50.91650508345474,145.91635444386628,12.0,2050.0,8.537,9.44,4933000.0,54.7,45.84,0,1.0,1.0,1.0,1.0,0.0,1.0,1.0,0.0,1.0,1.0,1.0,1.0,1.0,1.0
5.755510973547698,5.54,,950.2670603764088,871.271104608871,44.0,50.91650508345474,145.91635444386628,12.0,2050.0,8.537,9.44,4933000.0,54.7,45.84,0,1.0,1.0,1.0,1.0,0.0,1.0,1.0,0.0,1.0,1.0,1.0,1.0,1.0,1.0
5.54,5.54,0.04215,1027.543136654311,247.0110403833195,122.6,67.7,188.17939419657944,24.8,2050.0,8.537,9.44,4933000.0,54.7,45.84,0,0.0,0.0,1.0,1.0,0.0,0.0,1.0,0.0,1.0,1.0,1.0,1.0,1.0,1.0
5.54,5.54,0.04215,1027.543136654311,219.6812853784296,240.5,160.7,205.4523669045061,39.8,2050.0,8.537,9.44,4933000.0,54.7,45.84,0,0.0,0.0,1.0,1.0,0.0,0.0,1.0,0.0,1.0,1.0,1.0,1.0,1.0,1.0
6.151712211987959,5.54,,950.2670603764088,219.6812853784296,216.0,71.09232765125428,148.5304821572042,18.0,2050.0,8.537,9.44,4933000.0,54.7,45.84,0,1.0,1.0,1.0,1.0,0.0,1.0,1.0,0.0,1.0,1.0,1.0,1.0,1.0,1.0
6.713240695762572,5.54,,38641.40527878342,24472.84924135018,2286.889887715308,332.10604390175746,564.8559725651824,544.53025,2050.0,8.537,9.44,4933000.0,54.7,45.84,0,1.0,1.0,1.0,1.0,1.0,1.0,1.0,1.0,1.0,1.0,1.0,1.0,1.0,1.0
6.713240695762572,5.54,,38641.40527878342,24472.84924135018,2286.889887715308,332.10604390175746,564.8559725651824,544.53025,2050.0,8.537,9.44,4933000.0,54.7,45.84,0,1.0,1.0,1.0,1.0,1.0,1.0,1.0,1.0,1.0,1.0,1.0,1.0,1.0,1.0
6.713240695762572,5.54,,38641.40527878342,24472.84924135018,2286.889887715308,332.10604390175746,564.8559725651824,544.53025,2050.0,8.537,9.44,4933000.0,54.7,45.84,0,1.0,1.0,1.0,1.0,1.0,1.0,1.0,1.0,1.0,1.0,1.0,1.0,1.0,1.0
7.712221755315833,5.54,,38.89,1.42,21254.711479166665,529.6690931682651,386.1631897217854,30.429689526353194,2050.0,8.537,9.44,4933000.0,54.7,45.84,0,1.0,1.0,0.0,0.0,1.0,1.0,1.0,1.0,1.0,1.0,1.0,1.0,1.0,1.0
7.712221755315833,5.54,,39.59,1.42,21254.711479166665,529.6690931682651,386.1631897217854,30.429689526353194,2050.0,8.537,9.44,4933000.0,54.7,45.84,0,1.0,1.0,0.0,0.0,1.0,1.0,1.0,1.0,1.0,1.0,1.0,1.0,1.0,1.0
7.712221755315833,5.54,,31.08,1.23,21254.711479166665,529.6690931682651,386.1631897217854,30.429689526353194,2050.0,8.537,9.44,4933000.0,54.7,45.84,0,1.0,1.0,0.0,0.0,1.0,1.0,1.0,1.0,1.0,1.0,1.0,1.0,1.0,1.0
7.712221755315833,5.54,,42.29,1.64,21254.711479166665,529.6690931682651,386.1631897217854,30.429689526353194,2050.0,8.537,9.44,4933000.0,54.7,45.84,0,1.0,1.0,0.0,0.0,1.0,1.0,1.0,1.0,1.0,1.0,1.0,1.0,1.0,1.0
6.5047387426900585,5.54,,758.3672181071645,1667.640569424486,110.36111608946707,0.4,40.7670484053757,0.13,2050.0,8.537,9.44,4933000.0,54.7,45.84,0,1.0,1.0,1.0,1.0,1.0,0.0,1.0,0.0,1.0,1.0,1.0,1.0,1.0,1.0
6.5047387426900585,5.54,,758.3672181071645,1667.640569424486,106.26317128580698,0.51,44.83398810203367,0.21,2050.0,8.537,9.44,4933000.0,54.7,45.84,0,1.0,1.0,1.0,1.0,1.0,0.0,1.0,0.0,1.0,1.0,1.0,1.0,1.0,1.0
6.5047387426900585,5.54,,758.3672181071645,1667.640569424486,101.30274495013025,1.0,44.83398810203367,0.04,2050.0,8.537,9.44,4933000.0,54.7,45.84,0,1.0,1.0,1.0,1.0,1.0,0.0,1.0,0.0,1.0,1.0,1.0,1.0,1.0,1.0
6.5047387426900585,5.54,,758.3672181071645,1667.640569424486,110.36111608946707,0.5,40.7670484053757,0.11,2050.0,8.537,9.44,4933000.0,54.7,45.84,0,1.0,1.0,1.0,1.0,1.0,0.0,1.0,0.0,1.0,1.0,1.0,1.0,1.0,1.0
6.5047387426900585,5.54,,758.3672181071645,1667.640569424486,110.36111608946707,0.18,40.7670484053757,0.02,2050.0,8.537,9.44,4933000.0,54.7,45.84,0,1.0,1.0,1.0,1.0,1.0,0.0,1.0,0.0,1.0,1.0,1.0,1.0,1.0,1.0
6.5047387426900585,5.54,,758.3672181071645,1667.640569424486,101.30274495013025,1.21,44.83398810203367,0.12,2050.0,8.537,9.44,4933000.0,54.7,45.84,0,1.0,1.0,1.0,1.0,1.0,0.0,1.0,0.0,1.0,1.0,1.0,1.0,1.0,1.0
6.5047387426900585,5.54,,758.3672181071645,1667.640569424486,101.30274495013025,1.11,44.83398810203367,0.09,2050.0,8.537,9.44,4933000.0,54.7,45.84,0,1.0,1.0,1.0,1.0,1.0,0.0,1.0,0.0,1.0,1.0,1.0,1.0,1.0,1.0
6.5047387426900585,5.54,,758.3672181071645,1667.640569424486,110.36111608946707,0.47,40.7670484053757,0.22,2050.0,8.537,9.44,4933000.0,54.7,45.84,0,1.0,1.0,1.0,1.0,1.0,0.0,1.0,0.0,1.0,1.0,1.0,1.0,1.0,1.0
6.5047387426900585,5.54,,758.3672181071645,1667.640569424486,101.30274495013025,0.65,44.83398810203367,0.84,2050.0,8.537,9.44,4933000.0,54.7,45.84,0,1.0,1.0,1.0,1.0,1.0,0.0,1.0,0.0,1.0,1.0,1.0,1.0,1.0,1.0
7.4,5.54,1.46,5216273.668688358,85149.76484391534,496029.075,233854.05,152550.01000000004,6783.3,2050.0,8.537,9.44,4933000.0,54.7,45.84,0,0.0,1.0,1.0,1.0,1.0,1.0,1.0,1.0,0.0,1.0,1.0,1.0,1.0,1.0
7.4,5.54,1.46,5216273.668688358,85149.76484391534,496029.075,233854.05,152550.01000000004,6783.3,2450.0,8.537,9.44,4933000.0,54.7,45.84,0,0.0,1.0,1.0,1.0,1.0,1.0,1.0,1.0,0.0,1.0,1.0,1.0,1.0,1.0
7.4,5.54,1.46,5216273.668688358,85149.76484391534,496029.075,233854.05,152550.01000000004,6783.3,1420.0,8.537,9.44,4933000.0,54.7,45.84,0,0.0,1.0,1.0,1.0,1.0,1.0,1.0,1.0,0.0,1.0,1.0,1.0,1.0,1.0
7.4,5.54,1.46,5216273.668688358,85149.76484391534,496029.075,233854.05,152550.01000000004,6783.3,930.0,8.537,9.44,4933000.0,54.7,45.84,0,0.0,1.0,1.0,1.0,1.0,1.0,1.0,1.0,0.0,1.0,1.0,1.0,1.0,1.0
5.755002601951711,5.54,,950.2670603764088,871.271104608871,134.0,62.11343254999124,145.91635444386628,9.174203013909343,2050.0,8.537,9.44,4933000.0,54.7,45.84,0,1.0,1.0,1.0,1.0,0.0,1.0,1.0,1.0,1.0,1.0,1.0,1.0,1.0,1.0
7.316924500776527,5.54,,286964.91047053307,13530.0,27095.4455,1719.42083590557,8368.5165,771.5749999999998,2050.0,8.537,9.44,4933000.0,54.7,45.84,1,1.0,1.0,1.0,0.0,1.0,1.0,1.0,1.0,1.0,1.0,1.0,1.0,1.0,1.0
6.713240695762572,5.54,,38641.40527878342,24472.84924135018,2286.889887715308,332.10604390175746,564.8559725651824,544.53025,2050.0,8.537,9.44,4933000.0,54.7,45.84,0,1.0,1.0,1.0,1.0,1.0,1.0,1.0,1.0,1.0,1.0,1.0,1.0,1.0,1.0
6.713240695762572,5.54,,38641.40527878342,24472.84924135018,2286.889887715308,332.10604390175746,564.8559725651824,544.53025,2050.0,8.537,9.44,4933000.0,54.7,45.84,0,1.0,1.0,1.0,1.0,1.0,1.0,1.0,1.0,1.0,1.0,1.0,1.0,1.0,1.0
6.713240695762572,5.54,,38641.40527878342,24472.84924135018,2286.889887715308,332.10604390175746,564.8559725651824,544.53025,2050.0,8.537,9.44,4933000.0,54.7,45.84,0,1.0,1.0,1.0,1.0,1.0,1.0,1.0,1.0,1.0,1.0,1.0,1.0,1.0,1.0
6.713240695762572,5.54,,38641.40527878342,24472.84924135018,2286.889887715308,332.10604390175746,564.8559725651824,544.53025,2050.0,8.537,9.44,4933000.0,54.7,45.84,0,1.0,1.0,1.0,1.0,1.0,1.0,1.0,1.0,1.0,1.0,1.0,1.0,1.0,1.0
5.2110925595238085,5.54,,1027.543136654311,1518.8561625406946,134.0542006078985,84.06855783251535,45.22569423870903,6.2971601211970505,195.0,8.537,9.44,4933000.0,54.7,45.84,0,1.0,1.0,1.0,1.0,1.0,1.0,1.0,1.0,0.0,1.0,1.0,1.0,1.0,1.0
5.779317798030142,5.54,,778.317554748448,1565.8023092323376,166.33146571513612,61.405779973826554,41.29380146093125,4.39745695170101,33600.0,8.537,9.44,4933000.0,54.7,45.84,0,1.0,1.0,1.0,1.0,1.0,1.0,1.0,1.0,0.0,1.0,1.0,1.0,1.0,1.0
6.3758859577922085,5.54,,1259.0,1620.694422732843,63.08487522370304,70.17035417353394,51.45433060462972,5.881890234763863,2050.0,8.537,9.44,4933000.0,54.7,45.84,1,1.0,1.0,0.0,1.0,1.0,1.0,1.0,1.0,1.0,1.0,1.0,1.0,1.0,1.0
6.761834716333139,5.54,,794.0,1667.640569424486,112.32332905527636,44.062430751516274,46.041581624213,5.937479224744466,2050.0,8.537,9.44,4933000.0,54.7,45.84,1,1.0,1.0,0.0,1.0,1.0,1.0,1.0,1.0,1.0,1.0,1.0,1.0,1.0,1.0
6.837264759962238,5.54,,112.0,1667.640569424486,104.36750726041244,13.441373939160297,47.39849624471043,5.62995441690365,2050.0,8.537,9.44,4933000.0,54.7,45.84,0,1.0,1.0,0.0,1.0,1.0,1.0,1.0,1.0,1.0,1.0,1.0,1.0,1.0,1.0
6.001025592425552,5.54,,950.2670603764088,268.7159495357508,29.6,50.91650508345474,153.82434028129398,12.70304379223229,2050.0,40.5,9.44,4933000.0,54.7,45.84,0,1.0,1.0,1.0,1.0,0.0,1.0,1.0,1.0,1.0,0.0,1.0,1.0,1.0,1.0
5.790886983648708,5.54,,950.2670603764088,871.271104608871,4.85,50.91650508345474,145.91635444386628,8.412025841299485,2050.0,1.81,9.44,4933000.0,54.7,45.84,0,1.0,1.0,1.0,1.0,0.0,1.0,1.0,1.0,1.0,0.0,1.0,1.0,1.0,1.0
5.762586983648708,5.54,,950.2670603764088,871.271104608871,5.73,50.91650508345474,145.91635444386628,8.181522564422773,2050.0,5.54,9.44,4933000.0,54.7,45.84,0,1.0,1.0,1.0,1.0,0.0,1.0,1.0,1.0,1.0,0.0,1.0,1.0,1.0,1.0
5.110296550778675,5.54,,1027.543136654311,22.0,889.6574181910566,294.26823262546833,153.18137220593317,19.328239583333335,2050.0,8.537,9.44,4933000.0,54.7,45.84,0,1.0,1.0,1.0,0.0,1.0,1.0,1.0,1.0,1.0,1.0,1.0,1.0,1.0,1.0
4.929402184728058,5.54,,1027.543136654311,313.0,112.7134235244844,166.15357231028017,173.37512117841524,23.535909519654968,2050.0,8.537,9.44,4933000.0,54.7,45.84,0,1.0,1.0,1.0,0.0,1.0,1.0,1.0,1.0,1.0,1.0,1.0,1.0,1.0,1.0
4.986822691197691,5.54,,1027.543136654311,749.0,100.72638832513886,66.28065722168581,130.1427505725275,11.793178472596036,2050.0,8.537,9.44,4933000.0,54.7,45.84,0,1.0,1.0,1.0,0.0,1.0,1.0,1.0,1.0,1.0,1.0,1.0,1.0,1.0,1.0
5.110296550778675,5.54,,1027.543136654311,17.9,889.6574181910566,294.26823262546833,153.18137220593317,19.328239583333335,2050.0,8.537,9.44,4933000.0,54.7,45.84,0,1.0,1.0,1.0,0.0,1.0,1.0,1.0,1.0,1.0,1.0,1.0,1.0,1.0,1.0
5.110296550778675,5.54,,1027.543136654311,34.0,889.6574181910566,294.26823262546833,153.18137220593317,19.328239583333335,2050.0,8.537,9.44,4933000.0,54.7,45.84,0,1.0,1.0,1.0,0.0,1.0,1.0,1.0,1.0,1.0,1.0,1.0,1.0,1.0,1.0
5.110296550778675,5.54,,1027.543136654311,14.0,889.6574181910566,294.26823262546833,153.18137220593317,19.328239583333335,2050.0,8.537,9.44,4933000.0,54.7,45.84,0,1.0,1.0,1.0,0.0,1.0,1.0,1.0,1.0,1.0,1.0,1.0,1.0,1.0,1.0
5.110296550778675,5.54,,1027.543136654311,52.0,889.6574181910566,294.26823262546833,153.18137220593317,19.328239583333335,2050.0,8.537,9.44,4933000.0,54.7,45.84,0,1.0,1.0,1.0,0.0,1.0,1.0,1.0,1.0,1.0,1.0,1.0,1.0,1.0,1.0
5.110296550778675,5.54,,1027.543136654311,34.0,889.6574181910566,294.26823262546833,153.18137220593317,19.328239583333335,2050.0,8.537,9.44,4933000.0,54.7,45.84,0,1.0,1.0,1.0,0.0,1.0,1.0,1.0,1.0,1.0,1.0,1.0,1.0,1.0,1.0
5.110296550778675,5.54,,1027.543136654311,5.0,889.6574181910566,294.26823262546833,153.18137220593317,19.328239583333335,2050.0,8.537,9.44,4933000.0,54.7,45.84,0,1.0,1.0,1.0,0.0,1.0,1.0,1.0,1.0,1.0,1.0,1.0,1.0,1.0,1.0
5.685416705723446,5.54,,950.2670603764088,460.0,124.11012831519348,100.70684476369316,130.1427505725275,15.103965788278014,2050.0,8.537,9.44,4933000.0,54.7,45.84,0,1.0,1.0,1.0,0.0,1.0,1.0,1.0,1.0,1.0,1.0,1.0,1.0,1.0,1.0
5.026457265064389,5.54,,1027.543136654311,152.0,1570.0654416666669,367.5924919774776,251.49182741843197,22.688706250000003,2050.0,8.537,9.44,4933000.0,54.7,45.84,0,1.0,1.0,1.0,0.0,1.0,1.0,1.0,1.0,1.0,1.0,1.0,1.0,1.0,1.0
5.110296550778675,5.54,,1027.543136654311,2.0,889.6574181910566,294.26823262546833,153.18137220593317,19.328239583333335,2050.0,8.537,9.44,4933000.0,54.7,45.84,0,1.0,1.0,1.0,0.0,1.0,1.0,1.0,1.0,1.0,1.0,1.0,1.0,1.0,1.0
5.110296550778675,5.54,,1027.543136654311,22.0,889.6574181910566,294.26823262546833,153.18137220593317,19.328239583333335,2050.0,8.537,9.44,4933000.0,54.7,45.84,0,1.0,1.0,1.0,0.0,1.0,1.0,1.0,1.0,1.0,1.0,1.0,1.0,1.0,1.0
5.110296550778675,5.54,,1027.543136654311,38.0,889.6574181910566,294.26823262546833,153.18137220593317,19.328239583333335,2050.0,8.537,9.44,4933000.0,54.7,45.84,0,1.0,1.0,1.0,0.0,1.0,1.0,1.0,1.0,1.0,1.0,1.0,1.0,1.0,1.0
4.929402184728058,5.54,,1027.543136654311,285.0,112.7134235244844,166.15357231028017,173.37512117841524,23.535909519654968,2050.0,8.537,9.44,4933000.0,54.7,45.84,0,1.0,1.0,1.0,0.0,1.0,1.0,1.0,1.0,1.0,1.0,1.0,1.0,1.0,1.0
5.110296550778675,5.54,,1027.543136654311,96.0,889.6574181910566,294.26823262546833,153.18137220593317,19.328239583333335,2050.0,8.537,9.44,4933000.0,54.7,45.84,0,1.0,1.0,1.0,0.0,1.0,1.0,1.0,1.0,1.0,1.0,1.0,1.0,1.0,1.0
4.8890492164953105,5.54,,1027.543136654311,628.0,99.14976689656744,72.59435217535602,130.1427505725275,11.309952960419984,2050.0,8.537,9.44,4933000.0,54.7,45.84,0,1.0,1.0,1.0,0.0,1.0,1.0,1.0,1.0,1.0,1.0,1.0,1.0,1.0,1.0
5.094796550778674,5.54,,1027.543136654311,131.0,1508.4603973577234,312.84930723805917,168.2018493188587,22.66523958333334,2050.0,8.537,9.44,4933000.0,54.7,45.84,0,1.0,1.0,1.0,0.0,1.0,1.0,1.0,1.0,1.0,1.0,1.0,1.0,1.0,1.0
4.869716100673224,5.54,,1027.543136654311,567.0,99.14976689656744,70.40268550868934,130.1427505725275,11.749131020973252,2050.0,8.537,9.44,4933000.0,54.7,45.84,0,1.0,1.0,1.0,0.0,1.0,1.0,1.0,1.0,1.0,1.0,1.0,1.0,1.0,1.0
4.967238963227336,5.54,,1027.543136654311,422.0,112.7134235244844,166.54883659331313,173.37512117841524,23.535909519654968,2050.0,8.537,9.44,4933000.0,54.7,45.84,0,1.0,1.0,1.0,0.0,1.0,1.0,1.0,1.0,1.0,1.0,1.0,1.0,1.0,1.0
7.451022834946014,5.54,,6867000.0,29000.0,411339.825,146026.75,42520.412999999986,5093.875,2050.0,8.537,9.44,4933000.0,45030000.0,1144500.0,1,1.0,1.0,0.0,0.0,1.0,1.0,1.0,1.0,1.0,1.0,1.0,1.0,0.0,0.0
7.240797789847646,5.54,,6867000.0,249036.52487745095,728011.575,707163.7166666667,114811.22375000003,5093.875,2050.0,8.537,9.44,4933000.0,54.7,45.84,1,1.0,1.0,0.0,1.0,1.0,1.0,1.0,1.0,1.0,1.0,1.0,1.0,1.0,1.0
6.69151388888889,5.54,,42.4,1667.640569424486,103.15835262647616,4.75,44.83398810203367,7.03,2050.0,8.537,9.44,4933000.0,54.7,45.84,0,1.0,1.0,0.0,1.0,1.0,0.0,1.0,0.0,1.0,1.0,1.0,1.0,1.0,1.0
5.2110925595238085,5.54,,1027.543136654311,1518.8561625406946,134.0542006078985,84.06855783251535,45.22569423870903,6.2971601211970505,990.0,8.537,9.44,4933000.0,54.7,45.84,0,1.0,1.0,1.0,1.0,1.0,1.0,1.0,1.0,0.0,1.0,1.0,1.0,1.0,1.0
6.724385933857808,5.54,,38641.40527878342,24472.84924135018,2286.889887715308,332.10604390175746,564.8559725651824,544.53025,2050.0,8.537,1462.0,4933000.0,54.7,45.84,0,1.0,1.0,1.0,1.0,1.0,1.0,1.0,1.0,1.0,1.0,0.0,1.0,1.0,1.0
6.837264759962238,5.54,,64.3,1667.640569424486,104.36750726041244,13.441373939160297,47.39849624471043,5.62995441690365,2050.0,8.537,9.44,4933000.0,54.7,45.84,0,1.0,1.0,0.0,1.0,1.0,1.0,1.0,1.0,1.0,1.0,1.0,1.0,1.0,1.0
6.724391220238094,5.54,,38641.40527878342,24472.84924135018,2286.889887715308,332.10604390175746,564.8559725651824,544.53025,2050.0,8.537,1.319,4933000.0,54.7,45.84,0,1.0,1.0,1.0,1.0,1.0,1.0,1.0,1.0,1.0,1.0,0.0,1.0,1.0,1.0
6.726141220238096,5.54,,38641.40527878342,24472.84924135018,2286.889887715308,332.10604390175746,564.8559725651824,544.53025,2050.0,8.537,1.283,4933000.0,54.7,45.84,0,1.0,1.0,1.0,1.0,1.0,1.0,1.0,1.0,1.0,1.0,0.0,1.0,1.0,1.0
6.699167129120044,5.54,,21324.618220048196,25254.45634341478,1953.277081788025,307.0249472662964,1.84,539.3452500000001,2050.0,8.537,9.44,4933000.0,54.7,45.84,0,1.0,1.0,1.0,1.0,1.0,1.0,0.0,1.0,1.0,1.0,1.0,1.0,1.0,1.0
6.699167129120044,5.54,,21324.618220048196,25254.45634341478,1953.277081788025,307.0249472662964,1.73,539.3452500000001,2050.0,8.537,9.44,4933000.0,54.7,45.84,0,1.0,1.0,1.0,1.0,1.0,1.0,0.0,1.0,1.0,1.0,1.0,1.0,1.0,1.0
6.699167129120044,5.54,,21324.618220048196,25254.45634341478,1947.2423513548188,307.0249472662964,1.14,539.3452500000001,2050.0,8.537,9.44,4933000.0,54.7,45.84,0,1.0,1.0,1.0,1.0,1.0,1.0,0.0,1.0,1.0,1.0,1.0,1.0,1.0,1.0
6.699167129120044,5.54,,21324.618220048196,25254.45634341478,1947.2423513548188,307.0249472662964,0.75,539.3452500000001,2050.0,8.537,9.44,4933000.0,54.7,45.84,0,1.0,1.0,1.0,1.0,1.0,1.0,0.0,1.0,1.0,1.0,1.0,1.0,1.0,1.0
6.699167129120044,5.54,,21324.618220048196,25254.45634341478,1947.2423513548188,307.0249472662964,0.66,539.3452500000001,2050.0,8.537,9.44,4933000.0,54.7,45.84,0,1.0,1.0,1.0,1.0,1.0,1.0,0.0,1.0,1.0,1.0,1.0,1.0,1.0,1.0
6.699167129120044,5.54,,21324.618220048196,25254.45634341478,1947.2423513548188,307.0249472662964,0.138,539.3452500000001,2050.0,8.537,9.44,4933000.0,54.7,45.84,0,1.0,1.0,1.0,1.0,1.0,1.0,0.0,1.0,1.0,1.0,1.0,1.0,1.0,1.0
6.837264759962238,5.54,6.92,201.0,1667.640569424486,104.36750726041244,13.441373939160297,47.39849624471043,5.62995441690365,2050.0,8.537,9.44,4933000.0,54.7,45.84,0,1.0,1.0,0.0,1.0,1.0,1.0,1.0,1.0,1.0,1.0,1.0,1.0,1.0,1.0
6.837264759962238,5.54,,271.0,1667.640569424486,104.36750726041244,13.441373939160297,47.39849624471043,5.8631143240727415,2050.0,8.537,9.44,4933000.0,54.7,45.84,0,1.0,1.0,0.0,1.0,1.0,1.0,1.0,1.0,1.0,1.0,1.0,1.0,1.0,1.0
6.837264759962238,5.54,,260.0,1667.640569424486,104.36750726041244,13.441373939160297,47.39849624471043,5.62995441690365,2050.0,8.537,9.44,4933000.0,54.7,45.84,0,1.0,1.0,0.0,1.0,1.0,1.0,1.0,1.0,1.0,1.0,1.0,1.0,1.0,1.0
6.837264759962238,5.54,,253.0,1667.640569424486,104.36750726041244,13.441373939160297,47.39849624471043,5.62995441690365,2050.0,8.537,9.44,4933000.0,54.7,45.84,0,1.0,1.0,0.0,1.0,1.0,1.0,1.0,1.0,1.0,1.0,1.0,1.0,1.0,1.0
5.910307586312037,5.54,,778.317554748448,1667.640569424486,165.65858551741408,119.0,40.7670484053757,8.95,2050.0,8.537,9.44,4933000.0,47.8,45.84,0,1.0,1.0,1.0,1.0,1.0,0.0,1.0,0.0,1.0,1.0,1.0,1.0,0.0,1.0
6.502538742690058,5.54,,758.3672181071645,1667.640569424486,107.08470862254296,8.71,44.83398810203367,0.47,2050.0,8.537,9.44,4933000.0,13.6,45.84,0,1.0,1.0,1.0,1.0,1.0,0.0,1.0,0.0,1.0,1.0,1.0,1.0,0.0,1.0
6.5047387426900585,5.54,,758.3672181071645,1667.640569424486,101.30274495013025,2.85,44.83398810203367,0.4,2050.0,8.537,9.44,4933000.0,54.7,45.84,0,1.0,1.0,1.0,1.0,1.0,0.0,1.0,0.0,1.0,1.0,1.0,1.0,1.0,1.0
6.662957492690059,5.54,,758.3672181071645,1667.640569424486,106.62523597857428,9.73,44.83398810203367,5.69,2050.0,8.537,9.44,4933000.0,54.7,45.84,0,1.0,1.0,1.0,1.0,1.0,0.0,1.0,0.0,1.0,1.0,1.0,1.0,1.0,1.0
6.6425824926900585,5.54,,758.3672181071645,1667.640569424486,106.62523597857428,11.4,44.83398810203367,2.65,2050.0,8.537,9.44,4933000.0,54.7,45.84,0,1.0,1.0,1.0,1.0,1.0,0.0,1.0,0.0,1.0,1.0,1.0,1.0,1.0,1.0
6.5047387426900585,5.54,,758.3672181071645,1667.640569424486,105.44175036662634,7.18,44.83398810203367,1.44,2050.0,8.537,9.44,4933000.0,54.7,45.84,0,1.0,1.0,1.0,1.0,1.0,0.0,1.0,0.0,1.0,1.0,1.0,1.0,1.0,1.0
6.757532632999807,5.54,,456.0,1667.640569424486,104.36750726041244,12.740995215870532,47.39849624471043,6.001087970433774,2050.0,8.537,9.44,4933000.0,54.7,45.84,0,1.0,1.0,0.0,1.0,1.0,1.0,1.0,1.0,1.0,1.0,1.0,1.0,1.0,1.0
6.7461576329998065,5.54,,747.0,1667.640569424486,104.36750726041244,11.30206905390373,47.39849624471043,5.812138243902128,2050.0,8.537,9.44,4933000.0,54.7,45.84,1,1.0,1.0,0.0,1.0,1.0,1.0,1.0,1.0,1.0,1.0,1.0,1.0,1.0,1.0
6.544245074389404,5.54,,950.2670603764088,1667.640569424486,106.62523597857428,8.06,49.292633935367,2.605235793938861,2050.0,8.537,9.44,4933000.0,54.7,45.84,0,1.0,1.0,1.0,1.0,1.0,0.0,1.0,1.0,1.0,1.0,1.0,1.0,1.0,1.0
6.713240695762572,5.54,,38641.40527878342,24472.84924135018,2286.889887715308,332.10604390175746,564.8559725651824,544.53025,2050.0,8.537,9.44,4933000.0,54.7,45.84,0,1.0,1.0,1.0,1.0,1.0,1.0,1.0,1.0,1.0,1.0,1.0,1.0,1.0,1.0
6.713240695762572,5.54,,38641.40527878342,24472.84924135018,2286.889887715308,332.10604390175746,564.8559725651824,544.53025,2050.0,8.537,9.44,4933000.0,54.7,45.84,0,1.0,1.0,1.0,1.0,1.0,1.0,1.0,1.0,1.0,1.0,1.0,1.0,1.0,1.0
6.713240695762572,5.54,,38641.40527878342,24472.84924135018,2286.889887715308,332.10604390175746,564.8559725651824,544.53025,2050.0,8.537,9.44,4933000.0,54.7,45.84,0,1.0,1.0,1.0,1.0,1.0,1.0,1.0,1.0,1.0,1.0,1.0,1.0,1.0,1.0
6.62,5.54,3.176,20635.052474950156,6369.4188955188565,139.48758136382872,84.63958648022054,59.16451051252271,44.100335459158934,6748.0,8.537,9.44,4933000.0,54.7,45.84,0,0.0,1.0,1.0,1.0,1.0,1.0,1.0,1.0,0.0,1.0,1.0,1.0,1.0,1.0
6.718581763266384,5.54,,21324.618220048196,25254.45634341478,1959.426562961063,306.9999472662964,62.33,539.3452500000001,2050.0,8.537,9.44,4933000.0,54.7,45.84,0,1.0,1.0,1.0,1.0,1.0,1.0,0.0,1.0,1.0,1.0,1.0,1.0,1.0,1.0
6.718581763266384,5.54,,21324.618220048196,25254.45634341478,1959.426562961063,307.0249472662964,51.09,539.3452500000001,2050.0,8.537,9.44,4933000.0,54.7,45.84,0,1.0,1.0,1.0,1.0,1.0,1.0,0.0,1.0,1.0,1.0,1.0,1.0,1.0,1.0
7.72417156038406,5.54,,447.0,39.783,21254.711479166665,530.1350931682651,386.07318972178535,30.429689526353194,2050.0,8.537,9.44,4933000.0,223.5,223.5,0,1.0,1.0,0.0,0.0,1.0,1.0,1.0,1.0,1.0,1.0,1.0,1.0,0.0,0.0
7.72417156038406,5.54,,624.0,48.672,21254.711479166665,530.1350931682651,385.46818972178534,30.429689526353194,2050.0,8.537,9.44,4933000.0,312.0,312.0,1,1.0,1.0,0.0,0.0,1.0,1.0,1.0,1.0,1.0,1.0,1.0,1.0,0.0,0.0
7.793193272943276,5.54,,711.0,219.6812853784296,23327.923979166662,558.0807345459494,651.9339501384522,24.98822219348553,2050.0,8.537,9.44,4933000.0,213.3,497.7,1,1.0,1.0,0.0,1.0,1.0,1.0,1.0,1.0,1.0,1.0,1.0,1.0,0.0,0.0
7.793193272943276,5.54,,718.0,219.6812853784296,23327.923979166662,558.0807345459494,651.9339501384522,24.98822219348553,2050.0,8.537,9.44,4933000.0,251.3,466.7,1,1.0,1.0,0.0,1.0,1.0,1.0,1.0,1.0,1.0,1.0,1.0,1.0,0.0,0.0
5.107046550778674,5.54,,1027.543136654311,97.3,1508.4603973577234,312.84930723805917,130.11552901059,19.072789583333336,2050.0,8.537,9.44,4933000.0,1623.7,429.0,0,1.0,1.0,1.0,0.0,1.0,1.0,1.0,1.0,1.0,1.0,1.0,1.0,0.0,0.0
6.713240695762572,5.54,,38641.40527878342,24472.84924135018,2286.889887715308,332.10604390175746,564.8559725651824,544.53025,2050.0,8.537,9.44,4933000.0,54.7,45.84,0,1.0,1.0,1.0,1.0,1.0,1.0,1.0,1.0,1.0,1.0,1.0,1.0,1.0,1.0
6.713240695762572,5.54,,38641.40527878342,24472.84924135018,2286.889887715308,332.10604390175746,564.8559725651824,544.53025,2050.0,8.537,9.44,4933000.0,54.7,45.84,0,1.0,1.0,1.0,1.0,1.0,1.0,1.0,1.0,1.0,1.0,1.0,1.0,1.0,1.0
6.713240695762572,5.54,,38641.40527878342,24472.84924135018,2286.889887715308,332.10604390175746,564.8559725651824,544.53025,2050.0,8.537,9.44,4933000.0,54.7,45.84,0,1.0,1.0,1.0,1.0,1.0,1.0,1.0,1.0,1.0,1.0,1.0,1.0,1.0,1.0
6.713240695762572,5.54,,38641.40527878342,24472.84924135018,2286.889887715308,332.10604390175746,564.8559725651824,544.53025,2050.0,8.537,9.44,4933000.0,54.7,45.84,0,1.0,1.0,1.0,1.0,1.0,1.0,1.0,1.0,1.0,1.0,1.0,1.0,1.0,1.0
5.8,5.54,1.64,24250.929029789266,8986.956256228732,4399.565532186045,391.8923652136128,911.6681010764032,104.30544656873248,2050.0,8.537,9.44,4933000.0,54.7,45.84,0,0.0,1.0,1.0,1.0,1.0,1.0,1.0,1.0,1.0,1.0,1.0,1.0,1.0,1.0
6.69,5.54,,304861.1591188701,17857.445352461295,946.0,3519.640436507936,9522.328958333335,524.7,2050.0,8.537,9.44,4933000.0,54.7,45.84,1,0.0,1.0,1.0,1.0,0.0,1.0,1.0,1.0,1.0,1.0,1.0,1.0,1.0,1.0
6.837264759962238,5.54,,218.56,1667.640569424486,104.36750726041244,13.441373939160297,47.39849624471043,5.62995441690365,2050.0,8.537,9.44,4933000.0,54.7,45.84,0,1.0,1.0,0.0,1.0,1.0,1.0,1.0,1.0,1.0,1.0,1.0,1.0,1.0,1.0
6.837264759962238,5.54,,194.62,1667.640569424486,104.36750726041244,13.441373939160297,47.39849624471043,5.62995441690365,2050.0,8.537,9.44,4933000.0,54.7,45.84,0,1.0,1.0,0.0,1.0,1.0,1.0,1.0,1.0,1.0,1.0,1.0,1.0,1.0,1.0
6.837264759962238,5.54,,188.81,1667.640569424486,104.36750726041244,13.441373939160297,47.39849624471043,5.62995441690365,2050.0,8.537,9.44,4933000.0,54.7,45.84,0,1.0,1.0,0.0,1.0,1.0,1.0,1.0,1.0,1.0,1.0,1.0,1.0,1.0,1.0
7.305007940968453,5.54,,1095000.0,42000.0,411339.825,123749.75,295482.63999999996,7020.3,2050.0,8.537,9.44,4933000.0,54.7,45.84,1,1.0,1.0,0.0,0.0,1.0,1.0,1.0,1.0,1.0,1.0,1.0,1.0,1.0,1.0
7.279135545135119,5.54,,896000.0,47000.0,411339.825,103029.25,294896.57749999996,7020.3,2050.0,8.537,9.44,4933000.0,54.7,45.84,1,1.0,1.0,0.0,0.0,1.0,1.0,1.0,1.0,1.0,1.0,1.0,1.0,1.0,1.0
7.343556811770489,5.54,,338000.0,13000.0,228643.125,37414.65,31824.792749999982,3996.309,2050.0,8.537,9.44,4933000.0,54.7,45.84,1,1.0,1.0,0.0,0.0,1.0,1.0,1.0,1.0,1.0,1.0,1.0,1.0,1.0,1.0
5.856870983978426,5.54,,239000.0,11000.0,23296.6685,810.9324165888268,6067.319874999999,95.0117676798433,2050.0,8.537,9.44,4933000.0,54.7,45.84,1,1.0,1.0,0.0,0.0,1.0,1.0,1.0,1.0,1.0,1.0,1.0,1.0,1.0,1.0
6.7148317632663845,5.54,,21324.618220048196,25254.45634341478,1953.277081788025,307.0249472662964,30.21,539.3452500000001,2050.0,8.537,9.44,4933000.0,54.7,45.84,0,1.0,1.0,1.0,1.0,1.0,1.0,0.0,1.0,1.0,1.0,1.0,1.0,1.0,1.0
6.805442548437097,5.54,,39342.408170450086,24801.807574683517,2361.782892573501,335.7404484723778,363.0,544.53025,2050.0,8.537,9.44,4933000.0,54.7,45.84,1,1.0,1.0,1.0,1.0,1.0,1.0,0.0,1.0,1.0,1.0,1.0,1.0,1.0,1.0
6.580265077977581,5.54,,21401.314886714863,24801.807574683517,2731.6879841443097,365.23747338531257,224.0,544.53025,2050.0,8.537,9.44,4933000.0,54.7,45.84,1,1.0,1.0,1.0,1.0,1.0,1.0,0.0,1.0,1.0,1.0,1.0,1.0,1.0,1.0
6.805442548437097,5.54,,39342.408170450086,24801.807574683517,2361.782892573501,335.7404484723778,386.0,544.53025,2050.0,8.537,9.44,4933000.0,54.7,45.84,1,1.0,1.0,1.0,1.0,1.0,1.0,0.0,1.0,1.0,1.0,1.0,1.0,1.0,1.0
6.699167129120044,5.54,,21324.618220048196,25254.45634341478,1953.277081788025,307.0249472662964,18.3,539.3452500000001,2050.0,8.537,9.44,4933000.0,54.7,45.84,0,1.0,1.0,1.0,1.0,1.0,1.0,0.0,1.0,1.0,1.0,1.0,1.0,1.0,1.0
6.718581763266384,5.54,,21324.618220048196,25254.45634341478,1959.426562961063,306.9999472662964,59.3,539.3452500000001,2050.0,8.537,9.44,4933000.0,54.7,45.84,0,1.0,1.0,1.0,1.0,1.0,1.0,0.0,1.0,1.0,1.0,1.0,1.0,1.0,1.0
5.110546550778674,5.54,,1027.543136654311,124.5,1508.4603973577234,312.84930723805917,168.2018493188587,22.66523958333334,2050.0,8.537,9.44,4933000.0,54.7,45.84,0,1.0,1.0,1.0,0.0,1.0,1.0,1.0,1.0,1.0,1.0,1.0,1.0,1.0,1.0
5.110296550778675,5.54,,1027.543136654311,16.0,889.6574181910566,294.26823262546833,153.18137220593317,19.328239583333335,2050.0,8.537,9.44,4933000.0,54.7,45.84,0,1.0,1.0,1.0,0.0,1.0,1.0,1.0,1.0,1.0,1.0,1.0,1.0,1.0,1.0
5.026457265064389,5.54,,1027.543136654311,179.4,1570.0654416666669,367.5924919774776,251.49182741843197,22.688706250000003,2050.0,8.537,9.44,4933000.0,54.7,45.84,0,1.0,1.0,1.0,0.0,1.0,1.0,1.0,1.0,1.0,1.0,1.0,1.0,1.0,1.0
5.110296550778675,5.54,,1027.543136654311,63.1,889.6574181910566,294.26823262546833,153.18137220593317,19.328239583333335,2050.0,8.537,9.44,4933000.0,54.7,45.84,0,1.0,1.0,1.0,0.0,1.0,1.0,1.0,1.0,1.0,1.0,1.0,1.0,1.0,1.0
5.110296550778675,5.54,,1027.543136654311,7.4,889.6574181910566,294.26823262546833,153.18137220593317,19.328239583333335,2050.0,8.537,9.44,4933000.0,54.7,45.84,0,1.0,1.0,1.0,0.0,1.0,1.0,1.0,1.0,1.0,1.0,1.0,1.0,1.0,1.0
5.110296550778675,5.54,,1027.543136654311,72.1,889.6574181910566,294.26823262546833,153.18137220593317,19.328239583333335,2050.0,8.537,9.44,4933000.0,54.7,45.84,0,1.0,1.0,1.0,0.0,1.0,1.0,1.0,1.0,1.0,1.0,1.0,1.0,1.0,1.0
5.110296550778675,5.54,,1027.543136654311,26.8,889.6574181910566,294.26823262546833,153.18137220593317,19.328239583333335,2050.0,8.537,9.44,4933000.0,54.7,45.84,0,1.0,1.0,1.0,0.0,1.0,1.0,1.0,1.0,1.0,1.0,1.0,1.0,1.0,1.0
4.929402184728058,5.54,,1027.543136654311,299.4,112.7134235244844,166.15357231028017,173.37512117841524,23.535909519654968,2050.0,8.537,9.44,4933000.0,54.7,45.84,0,1.0,1.0,1.0,0.0,1.0,1.0,1.0,1.0,1.0,1.0,1.0,1.0,1.0,1.0
5.37,5.54,,1027.543136654311,219.6812853784296,257.19663592777744,164.76181716394106,175.9892488917532,23.118007094906453,2050.0,8.537,12.35,4933000.0,54.7,45.84,0,0.0,1.0,1.0,1.0,1.0,1.0,1.0,1.0,1.0,1.0,0.0,1.0,1.0,1.0
6.51,5.54,,185107.61371406587,27160.349241350184,2286.889887715308,302.2182939017574,2107.9660602412646,566.25,2050.0,8.537,1.66,4933000.0,54.7,45.84,0,0.0,1.0,1.0,1.0,1.0,1.0,1.0,1.0,1.0,1.0,0.0,1.0,1.0,1.0
6.86,5.54,,42899.88351429066,24472.84924135018,2202.7218131617365,332.10604390175746,544.5331808985158,544.53025,2050.0,8.537,0.98,4933000.0,54.7,45.84,0,0.0,1.0,1.0,1.0,1.0,1.0,1.0,1.0,1.0,1.0,0.0,1.0,1.0,1.0
5.74,5.54,,1027.543136654311,219.6812853784296,272.63344292902144,121.90671468678764,163.2317311983008,19.871406963346875,2050.0,8.537,13.37,4933000.0,54.7,45.84,0,0.0,1.0,1.0,1.0,1.0,1.0,1.0,1.0,1.0,1.0,0.0,1.0,1.0,1.0
5.93,5.54,,989.5876664931608,219.6812853784296,242.0345027771926,111.30800513393989,163.2317311983008,19.560187756804005,2050.0,8.537,12.49,4933000.0,54.7,45.84,0,0.0,1.0,1.0,1.0,1.0,1.0,1.0,1.0,1.0,1.0,0.0,1.0,1.0,1.0
6.84,5.54,,42899.88351429066,24472.84924135018,2202.7218131617365,332.10604390175746,544.5331808985158,544.53025,2050.0,8.537,0.76,4933000.0,54.7,45.84,0,0.0,1.0,1.0,1.0,1.0,1.0,1.0,1.0,1.0,1.0,0.0,1.0,1.0,1.0
6.7,5.54,,315710.55666757136,24472.84924135018,19448.0,2940.5039747944593,7745.626191666667,568.5,2050.0,8.537,3.09,4933000.0,54.7,45.84,0,0.0,1.0,1.0,1.0,1.0,1.0,1.0,1.0,1.0,1.0,0.0,1.0,1.0,1.0
5.69,5.54,,1027.543136654311,219.6812853784296,398.5368377290825,177.17772311364067,175.9892488917532,28.048311888268778,2050.0,8.537,25.41,4933000.0,54.7,45.84,0,0.0,1.0,1.0,1.0,1.0,1.0,1.0,1.0,1.0,1.0,0.0,1.0,1.0,1.0
6.24,5.54,,950.2670603764088,247.0110403833195,95.48274911733868,59.007135094764195,130.1427505725275,18.182895695911732,2050.0,8.537,4.86,4933000.0,54.7,45.84,0,0.0,1.0,1.0,1.0,1.0,1.0,1.0,1.0,1.0,1.0,0.0,1.0,1.0,1.0
5.44,5.54,,1027.543136654311,219.6812853784296,248.11823592777745,154.48353978030732,175.9892488917532,23.118007094906453,2050.0,8.537,19.4,4933000.0,54.7,45.84,0,0.0,1.0,1.0,1.0,1.0,1.0,1.0,1.0,1.0,1.0,0.0,1.0,1.0,1.0
6.53,5.54,,225015.3729130664,27160.349241350184,2286.889887715308,302.2182939017574,1957.2635602412645,568.5,2050.0,8.537,11.72,4933000.0,54.7,45.84,0,0.0,1.0,1.0,1.0,1.0,1.0,1.0,1.0,1.0,1.0,0.0,1.0,1.0,1.0
6.6,5.54,,225015.3729130664,27160.349241350184,2286.889887715308,302.2182939017574,1957.2635602412645,568.5,2050.0,8.537,3.78,4933000.0,54.7,45.84,0,0.0,1.0,1.0,1.0,1.0,1.0,1.0,1.0,1.0,1.0,0.0,1.0,1.0,1.0
5.01,5.54,,1027.543136654311,201.0349243524495,279.4728889904373,166.15357231028017,187.58003502587547,27.05065627971612,2050.0,8.537,13.24,4933000.0,54.7,45.84,0,0.0,1.0,1.0,1.0,1.0,1.0,1.0,1.0,1.0,1.0,0.0,1.0,1.0,1.0
6.86,5.54,,42899.88351429066,24472.84924135018,2202.7218131617365,332.10604390175746,544.5331808985158,544.53025,2050.0,8.537,0.8,4933000.0,54.7,45.84,0,0.0,1.0,1.0,1.0,1.0,1.0,1.0,1.0,1.0,1.0,0.0,1.0,1.0,1.0
7.49,5.54,,282736.04910689674,9579.034961877658,31952.9995,603.4256750581742,5582.327750000001,219.3079015197649,2050.0,8.537,0.63,4933000.0,54.7,45.84,0,0.0,1.0,1.0,1.0,1.0,1.0,1.0,1.0,1.0,1.0,0.0,1.0,1.0,1.0
6.97,5.54,,346347.3178374557,22089.80924135018,21021.275,18880.525,15186.146,687.75,2050.0,8.537,21.2,4933000.0,54.7,45.84,0,0.0,1.0,1.0,1.0,1.0,1.0,1.0,1.0,1.0,1.0,0.0,1.0,1.0,1.0
6.63,5.54,,225015.3729130664,27160.349241350184,2286.889887715308,302.2182939017574,1957.2635602412645,568.5,2050.0,8.537,25.58,4933000.0,54.7,45.84,0,0.0,1.0,1.0,1.0,1.0,1.0,1.0,1.0,1.0,1.0,0.0,1.0,1.0,1.0
5.74,5.54,,1027.543136654311,219.6812853784296,272.63344292902144,121.90671468678764,163.2317311983008,19.871406963346875,2050.0,8.537,15.48,4933000.0,54.7,45.84,0,0.0,1.0,1.0,1.0,1.0,1.0,1.0,1.0,1.0,1.0,0.0,1.0,1.0,1.0
5.78,5.54,,3778.78174001895,201.0349243524495,2033.8268357142856,346.0468196919586,498.327504318056,24.481420776353193,2050.0,8.537,9.44,4933000.0,54.7,45.84,0,0.0,1.0,1.0,1.0,1.0,1.0,1.0,1.0,1.0,1.0,0.0,1.0,1.0,1.0
6.35,5.54,,950.2670603764088,247.0110403833195,85.19266073599479,67.16962989858945,130.1427505725275,18.97460512128872,2050.0,8.537,24.55,4933000.0,54.7,45.84,0,0.0,1.0,1.0,1.0,1.0,1.0,1.0,1.0,1.0,1.0,0.0,1.0,1.0,1.0
6.85,5.54,,42899.88351429066,24472.84924135018,2202.7218131617365,332.10604390175746,544.5331808985158,544.53025,2050.0,8.537,1.6,4933000.0,54.7,45.84,0,0.0,1.0,1.0,1.0,1.0,1.0,1.0,1.0,1.0,1.0,0.0,1.0,1.0,1.0
5.26,5.54,,1027.543136654311,219.6812853784296,248.11823592777745,161.62149052054272,175.9892488917532,23.118007094906453,2050.0,8.537,6.39,4933000.0,54.7,45.84,0,0.0,1.0,1.0,1.0,1.0,1.0,1.0,1.0,1.0,1.0,0.0,1.0,1.0,1.0
7.26,5.54,,984628.604854092,20841.14531923343,229350.125,2591.933829365079,9343.380958333331,3201.25,2050.0,8.537,2.6,4933000.0,54.7,45.84,0,0.0,1.0,1.0,1.0,1.0,1.0,1.0,1.0,1.0,1.0,0.0,1.0,1.0,1.0
6.22,5.54,,950.2670603764088,219.6812853784296,265.784168665617,62.12660067671096,132.7568782858654,18.575756709162995,2050.0,8.537,8.33,4933000.0,54.7,45.84,0,0.0,1.0,1.0,1.0,1.0,1.0,1.0,1.0,1.0,1.0,0.0,1.0,1.0,1.0
6.76,5.54,,43237.96973929067,24801.807574683517,2202.7218131617365,332.10604390175746,418.73144525638,544.53025,2050.0,8.537,3.33,4933000.0,54.7,45.84,0,0.0,1.0,1.0,1.0,1.0,1.0,1.0,1.0,1.0,1.0,0.0,1.0,1.0,1.0
6.83,5.54,,43237.96973929067,24801.807574683517,2202.7218131617365,332.10604390175746,418.73144525638,544.53025,2050.0,8.537,2.89,4933000.0,54.7,45.84,0,0.0,1.0,1.0,1.0,1.0,1.0,1.0,1.0,1.0,1.0,0.0,1.0,1.0,1.0
4.88,5.54,,1027.543136654311,803.4328444167227,101.84937602346182,68.03059065502846,130.1427505725275,19.033516556698775,2050.0,8.537,16.6,4933000.0,54.7,45.84,0,0.0,1.0,1.0,1.0,1.0,1.0,1.0,1.0,1.0,1.0,0.0,1.0,1.0,1.0
5.84,5.54,,24250.929029789266,8986.956256228732,3751.840532186044,383.6794935723721,708.4628497189265,104.30544656873248,2050.0,8.537,19.63,4933000.0,54.7,45.84,0,0.0,1.0,1.0,1.0,1.0,1.0,1.0,1.0,1.0,1.0,0.0,1.0,1.0,1.0
6.713240695762572,5.54,,38641.40527878342,24472.84924135018,2286.889887715308,332.10604390175746,564.8559725651824,544.53025,2050.0,8.537,9.44,4933000.0,54.7,45.84,0,1.0,1.0,1.0,1.0,1.0,1.0,1.0,1.0,1.0,1.0,1.0,1.0,1.0,1.0
6.713240695762572,5.54,,38641.40527878342,24472.84924135018,2286.889887715308,332.10604390175746,564.8559725651824,544.53025,2050.0,8.537,9.44,4933000.0,54.7,45.84,0,1.0,1.0,1.0,1.0,1.0,1.0,1.0,1.0,1.0,1.0,1.0,1.0,1.0,1.0
6.713240695762572,5.54,,38641.40527878342,24472.84924135018,2286.889887715308,332.10604390175746,564.8559725651824,544.53025,2050.0,8.537,9.44,4933000.0,54.7,45.84,0,1.0,1.0,1.0,1.0,1.0,1.0,1.0,1.0,1.0,1.0,1.0,1.0,1.0,1.0
6.713240695762572,5.54,,38641.40527878342,24472.84924135018,2286.889887715308,332.10604390175746,564.8559725651824,544.53025,2050.0,8.537,9.44,4933000.0,54.7,45.84,0,1.0,1.0,1.0,1.0,1.0,1.0,1.0,1.0,1.0,1.0,1.0,1.0,1.0,1.0
6.713240695762572,5.54,,38641.40527878342,24472.84924135018,2286.889887715308,332.10604390175746,564.8559725651824,544.53025,2050.0,8.537,9.44,4933000.0,54.7,45.84,0,1.0,1.0,1.0,1.0,1.0,1.0,1.0,1.0,1.0,1.0,1.0,1.0,1.0,1.0
8.06,5.54,1.31,233589320.41666663,101518654.16666666,439569.575,31211.35,66594.3305,4501.375,1369.3,8.537,9.44,4933000.0,54.7,45.84,0,0.0,1.0,1.0,1.0,1.0,1.0,1.0,1.0,0.0,1.0,1.0,1.0,1.0,1.0
5.941713267064623,5.54,,3778.78174001895,1.31,839.5411890243904,292.78643900397026,241.33200613055288,21.889644167938503,2050.0,8.537,9.44,4933000.0,12.8,12.9,0,1.0,1.0,1.0,0.0,1.0,1.0,1.0,1.0,1.0,1.0,1.0,1.0,0.0,0.0
5.868815455691271,5.54,,3778.78174001895,247.0110403833195,132.7235653846124,169.7306292942164,288.6544141092016,21.949746470516867,2050.0,149.0,9.44,4933000.0,54.7,45.84,0,1.0,1.0,1.0,1.0,1.0,1.0,1.0,1.0,1.0,0.0,1.0,1.0,1.0,1.0
5.6900629757122,5.54,,950.2670603764088,871.271104608871,97.741421476541,62.83622462624301,132.60293418995175,11.39935279914595,2050.0,0.698,9.44,4933000.0,54.7,45.84,0,1.0,1.0,1.0,1.0,1.0,1.0,1.0,1.0,1.0,0.0,1.0,1.0,1.0,1.0
5.6900629757122,5.54,,950.2670603764088,871.271104608871,97.741421476541,62.83622462624301,132.60293418995175,11.39935279914595,2050.0,0.316,9.44,4933000.0,54.7,45.84,0,1.0,1.0,1.0,1.0,1.0,1.0,1.0,1.0,1.0,0.0,1.0,1.0,1.0,1.0
5.6900629757122,5.54,,950.2670603764088,871.271104608871,97.741421476541,62.83622462624301,132.60293418995175,11.39935279914595,2050.0,0.076,9.44,4933000.0,54.7,45.84,0,1.0,1.0,1.0,1.0,1.0,1.0,1.0,1.0,1.0,0.0,1.0,1.0,1.0,1.0
5.6900629757122,5.54,,950.2670603764088,871.271104608871,97.741421476541,62.83622462624301,132.60293418995175,11.39935279914595,2050.0,1.135,9.44,4933000.0,54.7,45.84,0,1.0,1.0,1.0,1.0,1.0,1.0,1.0,1.0,1.0,0.0,1.0,1.0,1.0,1.0
5.6900629757122,5.54,,950.2670603764088,871.271104608871,97.741421476541,62.83622462624301,132.60293418995175,11.39935279914595,2050.0,0.4,9.44,4933000.0,54.7,45.84,0,1.0,1.0,1.0,1.0,1.0,1.0,1.0,1.0,1.0,0.0,1.0,1.0,1.0,1.0
5.6900629757122,5.54,,950.2670603764088,871.271104608871,97.741421476541,62.83622462624301,132.60293418995175,11.39935279914595,2050.0,0.237,9.44,4933000.0,54.7,45.84,0,1.0,1.0,1.0,1.0,1.0,1.0,1.0,1.0,1.0,0.0,1.0,1.0,1.0,1.0
5.6900629757122,5.54,,950.2670603764088,871.271104608871,97.741421476541,62.83622462624301,132.60293418995175,11.39935279914595,2050.0,0.171,9.44,4933000.0,54.7,45.84,0,1.0,1.0,1.0,1.0,1.0,1.0,1.0,1.0,1.0,0.0,1.0,1.0,1.0,1.0
5.6900629757122,5.54,,950.2670603764088,871.271104608871,97.741421476541,62.83622462624301,132.60293418995175,11.39935279914595,2050.0,0.42,9.44,4933000.0,54.7,45.84,0,1.0,1.0,1.0,1.0,1.0,1.0,1.0,1.0,1.0,0.0,1.0,1.0,1.0,1.0
5.6900629757122,5.54,,950.2670603764088,871.271104608871,97.741421476541,62.83622462624301,132.60293418995175,11.39935279914595,2050.0,0.33,9.44,4933000.0,54.7,45.84,0,1.0,1.0,1.0,1.0,1.0,1.0,1.0,1.0,1.0,0.0,1.0,1.0,1.0,1.0
5.6900629757122,5.54,,950.2670603764088,871.271104608871,97.741421476541,62.83622462624301,132.60293418995175,11.39935279914595,2050.0,1.029,9.44,4933000.0,54.7,45.84,0,1.0,1.0,1.0,1.0,1.0,1.0,1.0,1.0,1.0,0.0,1.0,1.0,1.0,1.0
5.6900629757122,5.54,,950.2670603764088,871.271104608871,97.741421476541,62.83622462624301,132.60293418995175,11.39935279914595,2050.0,0.729,9.44,4933000.0,54.7,45.84,0,1.0,1.0,1.0,1.0,1.0,1.0,1.0,1.0,1.0,0.0,1.0,1.0,1.0,1.0
5.6900629757122,5.54,,950.2670603764088,871.271104608871,97.741421476541,62.83622462624301,132.60293418995175,11.39935279914595,2050.0,0.368,9.44,4933000.0,54.7,45.84,0,1.0,1.0,1.0,1.0,1.0,1.0,1.0,1.0,1.0,0.0,1.0,1.0,1.0,1.0
5.6900629757122,5.54,,950.2670603764088,871.271104608871,97.741421476541,62.83622462624301,132.60293418995175,11.39935279914595,2050.0,0.243,9.44,4933000.0,54.7,45.84,0,1.0,1.0,1.0,1.0,1.0,1.0,1.0,1.0,1.0,0.0,1.0,1.0,1.0,1.0
5.6900629757122,5.54,,950.2670603764088,871.271104608871,97.741421476541,62.83622462624301,132.60293418995175,11.39935279914595,2050.0,0.738,9.44,4933000.0,54.7,45.84,0,1.0,1.0,1.0,1.0,1.0,1.0,1.0,1.0,1.0,0.0,1.0,1.0,1.0,1.0
5.7230629757122,5.54,,950.2670603764088,871.271104608871,102.15373903790191,62.83622462624301,147.56888853351796,11.55312120667402,2050.0,15.946,9.44,4933000.0,54.7,45.84,0,1.0,1.0,1.0,1.0,1.0,1.0,1.0,1.0,1.0,0.0,1.0,1.0,1.0,1.0
5.6900629757122,5.54,,950.2670603764088,871.271104608871,97.741421476541,62.83622462624301,132.60293418995175,11.39935279914595,2050.0,0.486,9.44,4933000.0,54.7,45.84,0,1.0,1.0,1.0,1.0,1.0,1.0,1.0,1.0,1.0,0.0,1.0,1.0,1.0,1.0
5.6900629757122,5.54,,950.2670603764088,871.271104608871,97.741421476541,62.83622462624301,132.60293418995175,11.39935279914595,2050.0,8.537,9.44,4933000.0,54.7,45.84,0,1.0,1.0,1.0,1.0,1.0,1.0,1.0,1.0,1.0,0.0,1.0,1.0,1.0,1.0
5.6900629757122,5.54,,950.2670603764088,871.271104608871,97.741421476541,62.83622462624301,132.60293418995175,11.39935279914595,2050.0,0.778,9.44,4933000.0,54.7,45.84,0,1.0,1.0,1.0,1.0,1.0,1.0,1.0,1.0,1.0,0.0,1.0,1.0,1.0,1.0
5.6900629757122,5.54,,950.2670603764088,871.271104608871,97.741421476541,62.83622462624301,132.60293418995175,11.39935279914595,2050.0,7.556,9.44,4933000.0,54.7,45.84,0,1.0,1.0,1.0,1.0,1.0,1.0,1.0,1.0,1.0,0.0,1.0,1.0,1.0,1.0
5.6900629757122,5.54,,950.2670603764088,871.271104608871,97.741421476541,62.83622462624301,132.60293418995175,11.39935279914595,2050.0,0.42,9.44,4933000.0,54.7,45.84,0,1.0,1.0,1.0,1.0,1.0,1.0,1.0,1.0,1.0,0.0,1.0,1.0,1.0,1.0
5.6900629757122,5.54,,950.2670603764088,871.271104608871,97.741421476541,62.83622462624301,132.60293418995175,11.39935279914595,2050.0,0.899,9.44,4933000.0,54.7,45.84,0,1.0,1.0,1.0,1.0,1.0,1.0,1.0,1.0,1.0,0.0,1.0,1.0,1.0,1.0
5.6900629757122,5.54,,950.2670603764088,871.271104608871,97.741421476541,62.83622462624301,132.60293418995175,11.39935279914595,2050.0,0.379,9.44,4933000.0,54.7,45.84,0,1.0,1.0,1.0,1.0,1.0,1.0,1.0,1.0,1.0,0.0,1.0,1.0,1.0,1.0
5.2110925595238085,5.54,,1027.543136654311,1518.8561625406946,134.0542006078985,84.06855783251535,45.22569423870903,6.2971601211970505,1330.0,8.537,9.44,4933000.0,54.7,45.84,0,1.0,1.0,1.0,1.0,1.0,1.0,1.0,1.0,0.0,1.0,1.0,1.0,1.0,1.0
5.2110925595238085,5.54,,1027.543136654311,1518.8561625406946,134.0542006078985,84.06855783251535,45.22569423870903,6.2971601211970505,798.0,8.537,9.44,4933000.0,54.7,45.84,0,1.0,1.0,1.0,1.0,1.0,1.0,1.0,1.0,0.0,1.0,1.0,1.0,1.0,1.0
5.2110925595238085,5.54,,1027.543136654311,1518.8561625406946,134.0542006078985,84.06855783251535,45.22569423870903,6.2971601211970505,1090.0,8.537,9.44,4933000.0,54.7,45.84,0,1.0,1.0,1.0,1.0,1.0,1.0,1.0,1.0,0.0,1.0,1.0,1.0,1.0,1.0
5.2110925595238085,5.54,,1027.543136654311,1518.8561625406946,134.0542006078985,84.06855783251535,45.22569423870903,6.2971601211970505,2449.0,8.537,9.44,4933000.0,54.7,45.84,0,1.0,1.0,1.0,1.0,1.0,1.0,1.0,1.0,0.0,1.0,1.0,1.0,1.0,1.0
5.2110925595238085,5.54,,1027.543136654311,1518.8561625406946,134.0542006078985,84.06855783251535,45.22569423870903,6.2971601211970505,1890.0,8.537,9.44,4933000.0,54.7,45.84,0,1.0,1.0,1.0,1.0,1.0,1.0,1.0,1.0,0.0,1.0,1.0,1.0,1.0,1.0
5.2110925595238085,5.54,,1027.543136654311,1518.8561625406946,134.0542006078985,84.06855783251535,45.22569423870903,6.2971601211970505,1490.0,8.537,9.44,4933000.0,54.7,45.84,0,1.0,1.0,1.0,1.0,1.0,1.0,1.0,1.0,0.0,1.0,1.0,1.0,1.0,1.0
5.2110925595238085,5.54,,1027.543136654311,1518.8561625406946,134.0542006078985,84.06855783251535,45.22569423870903,6.2971601211970505,1330.0,8.537,9.44,4933000.0,54.7,45.84,0,1.0,1.0,1.0,1.0,1.0,1.0,1.0,1.0,0.0,1.0,1.0,1.0,1.0,1.0
5.2110925595238085,5.54,,1027.543136654311,1518.8561625406946,134.0542006078985,84.06855783251535,45.22569423870903,6.2971601211970505,798.0,8.537,9.44,4933000.0,54.7,45.84,0,1.0,1.0,1.0,1.0,1.0,1.0,1.0,1.0,0.0,1.0,1.0,1.0,1.0,1.0
5.2110925595238085,5.54,,1027.543136654311,1518.8561625406946,134.0542006078985,84.06855783251535,45.22569423870903,6.2971601211970505,1090.0,8.537,9.44,4933000.0,54.7,45.84,0,1.0,1.0,1.0,1.0,1.0,1.0,1.0,1.0,0.0,1.0,1.0,1.0,1.0,1.0
5.2110925595238085,5.54,,1027.543136654311,1518.8561625406946,134.0542006078985,84.06855783251535,45.22569423870903,6.2971601211970505,2449.0,8.537,9.44,4933000.0,54.7,45.84,0,1.0,1.0,1.0,1.0,1.0,1.0,1.0,1.0,0.0,1.0,1.0,1.0,1.0,1.0
5.2110925595238085,5.54,,1027.543136654311,1518.8561625406946,134.0542006078985,84.06855783251535,45.22569423870903,6.2971601211970505,1890.0,8.537,9.44,4933000.0,54.7,45.84,0,1.0,1.0,1.0,1.0,1.0,1.0,1.0,1.0,0.0,1.0,1.0,1.0,1.0,1.0
5.2110925595238085,5.54,,1027.543136654311,1518.8561625406946,134.0542006078985,84.06855783251535,45.22569423870903,6.2971601211970505,1490.0,8.537,9.44,4933000.0,54.7,45.84,0,1.0,1.0,1.0,1.0,1.0,1.0,1.0,1.0,0.0,1.0,1.0,1.0,1.0,1.0
6.048019588368245,5.54,,950.2670603764088,1620.694422732843,131.0,85.2,64.05269302350933,2.94,2050.0,8.537,9.44,4933000.0,54.7,45.84,0,1.0,1.0,1.0,1.0,0.0,0.0,1.0,0.0,1.0,1.0,1.0,1.0,1.0,1.0
6.448159657722736,5.54,,950.2670603764088,1620.694422732843,47.8,20.9,70.28132938943003,1.51,2050.0,8.537,9.44,4933000.0,54.7,45.84,0,1.0,1.0,1.0,1.0,0.0,0.0,1.0,0.0,1.0,1.0,1.0,1.0,1.0,1.0
6.651318883913217,5.54,,950.2670603764088,1620.694422732843,9.67,1.17,70.28132938943003,5.0817609367849075,2050.0,8.537,9.44,4933000.0,54.7,45.84,0,1.0,1.0,1.0,1.0,0.0,0.0,1.0,1.0,1.0,1.0,1.0,1.0,1.0,1.0
6.506367991056071,5.54,,950.2670603764088,1620.694422732843,6.22,2.33,70.28132938943003,0.622,2050.0,8.537,9.44,4933000.0,54.7,45.84,0,1.0,1.0,1.0,1.0,0.0,0.0,1.0,0.0,1.0,1.0,1.0,1.0,1.0,1.0
6.506367991056071,5.54,,950.2670603764088,1620.694422732843,3.44,3.7,70.28132938943003,0.69,2050.0,8.537,9.44,4933000.0,54.7,45.84,0,1.0,1.0,1.0,1.0,0.0,0.0,1.0,0.0,1.0,1.0,1.0,1.0,1.0,1.0
6.651318883913217,5.54,,950.2670603764088,1620.694422732843,0.883,0.296,70.28132938943003,5.147061333150275,2050.0,8.537,9.44,4933000.0,54.7,45.84,0,1.0,1.0,1.0,1.0,0.0,0.0,1.0,1.0,1.0,1.0,1.0,1.0,1.0,1.0
6.271895833333334,5.54,,21042.969141616828,18240.97862119256,0.092,261.4591172503768,95.7152931270814,518.6769067245789,2050.0,8.537,9.44,4933000.0,54.7,45.84,0,1.0,1.0,1.0,1.0,0.0,1.0,1.0,1.0,1.0,1.0,1.0,1.0,1.0,1.0
5.941713267064623,5.54,,3778.78174001895,0.54,839.5411890243904,292.78643900397026,241.33200613055288,21.889644167938503,2050.0,8.537,9.44,4933000.0,48.8,24.6,0,1.0,1.0,1.0,0.0,1.0,1.0,1.0,1.0,1.0,1.0,1.0,1.0,0.0,0.0
5.635172559058588,5.54,,950.2670603764088,8.24,1752.375275,361.1339785272797,188.34832055731667,16.7142067565883,2050.0,8.537,9.44,4933000.0,155.0,29.3,0,1.0,1.0,1.0,0.0,1.0,1.0,1.0,1.0,1.0,1.0,1.0,1.0,0.0,0.0
5.941713267064623,5.54,,3778.78174001895,1.22,839.5411890243904,292.78643900397026,241.33200613055288,21.889644167938503,2050.0,8.537,9.44,4933000.0,40.3,16.1,0,1.0,1.0,1.0,0.0,1.0,1.0,1.0,1.0,1.0,1.0,1.0,1.0,0.0,0.0
6.859602995256357,5.54,,12.3,1667.640569424486,104.36750726041244,12.689387702367547,47.39849624471043,5.665727923215989,2050.0,8.537,9.44,4933000.0,5.09,7.17,0,1.0,1.0,0.0,1.0,1.0,1.0,1.0,1.0,1.0,1.0,1.0,1.0,0.0,0.0
6.859602995256357,5.54,,6.06,1667.640569424486,104.36750726041244,12.689387702367547,47.39849624471043,5.665727923215989,2050.0,8.537,9.44,4933000.0,2.69,3.36,0,1.0,1.0,0.0,1.0,1.0,1.0,1.0,1.0,1.0,1.0,1.0,1.0,0.0,0.0
6.859602995256357,5.54,,3.2,1667.640569424486,104.36750726041244,12.689387702367547,47.39849624471043,5.665727923215989,2050.0,8.537,9.44,4933000.0,1.58,1.62,0,1.0,1.0,0.0,1.0,1.0,1.0,1.0,1.0,1.0,1.0,1.0,1.0,0.0,0.0
6.859602995256357,5.54,,27.1,1667.640569424486,104.36750726041244,12.689387702367547,47.39849624471043,5.665727923215989,2050.0,8.537,9.44,4933000.0,19.0,8.04,0,1.0,1.0,0.0,1.0,1.0,1.0,1.0,1.0,1.0,1.0,1.0,1.0,0.0,0.0
6.859602995256357,5.54,,46.2,1667.640569424486,104.36750726041244,11.989008979077786,47.39849624471043,5.665727923215989,2050.0,8.537,9.44,4933000.0,25.35,20.9,0,1.0,1.0,0.0,1.0,1.0,1.0,1.0,1.0,1.0,1.0,1.0,1.0,0.0,0.0
6.859602995256357,5.54,,22.1,1667.640569424486,104.36750726041244,12.689387702367547,47.39849624471043,5.665727923215989,2050.0,8.537,9.44,4933000.0,9.04,13.1,0,1.0,1.0,0.0,1.0,1.0,1.0,1.0,1.0,1.0,1.0,1.0,1.0,0.0,0.0
6.859602995256357,5.54,,37.7,1667.640569424486,104.36750726041244,12.689387702367547,47.39849624471043,5.665727923215989,2050.0,8.537,9.44,4933000.0,23.18,14.5,0,1.0,1.0,0.0,1.0,1.0,1.0,1.0,1.0,1.0,1.0,1.0,1.0,0.0,0.0
6.859602995256357,5.54,,44.0,1667.640569424486,104.36750726041244,11.989008979077786,47.39849624471043,5.665727923215989,2050.0,8.537,9.44,4933000.0,30.64,13.3,0,1.0,1.0,0.0,1.0,1.0,1.0,1.0,1.0,1.0,1.0,1.0,1.0,0.0,0.0
6.859602995256357,5.54,,16.1,1667.640569424486,104.36750726041244,12.689387702367547,47.39849624471043,5.665727923215989,2050.0,8.537,9.44,4933000.0,7.41,8.73,0,1.0,1.0,0.0,1.0,1.0,1.0,1.0,1.0,1.0,1.0,1.0,1.0,0.0,0.0
6.859602995256357,5.54,,67.8,1667.640569424486,104.36750726041244,11.989008979077786,47.39849624471043,5.532806823640458,2050.0,8.537,9.44,4933000.0,57.2,10.5,0,1.0,1.0,0.0,1.0,1.0,1.0,1.0,1.0,1.0,1.0,1.0,1.0,0.0,0.0
6.859602995256357,5.54,,31.9,1667.640569424486,104.36750726041244,12.689387702367547,47.39849624471043,5.665727923215989,2050.0,8.537,9.44,4933000.0,8.13,23.8,0,1.0,1.0,0.0,1.0,1.0,1.0,1.0,1.0,1.0,1.0,1.0,1.0,0.0,0.0
6.859602995256357,5.54,,17.1,1667.640569424486,104.36750726041244,12.689387702367547,47.39849624471043,5.665727923215989,2050.0,8.537,9.44,4933000.0,10.17,6.89,0,1.0,1.0,0.0,1.0,1.0,1.0,1.0,1.0,1.0,1.0,1.0,1.0,0.0,0.0
6.859602995256357,5.54,,69.3,1667.640569424486,104.36750726041244,11.989008979077786,47.39849624471043,5.532806823640458,2050.0,8.537,9.44,4933000.0,54.7,14.6,0,1.0,1.0,0.0,1.0,1.0,1.0,1.0,1.0,1.0,1.0,1.0,1.0,0.0,0.0
6.859602995256357,5.54,,8.07,1667.640569424486,104.36750726041244,12.689387702367547,47.39849624471043,5.665727923215989,2050.0,8.537,9.44,4933000.0,4.94,3.13,0,1.0,1.0,0.0,1.0,1.0,1.0,1.0,1.0,1.0,1.0,1.0,1.0,0.0,0.0
6.859602995256357,5.54,,51.3,1667.640569424486,104.36750726041244,11.989008979077786,47.39849624471043,5.665727923215989,2050.0,8.537,9.44,4933000.0,41.6,9.77,0,1.0,1.0,0.0,1.0,1.0,1.0,1.0,1.0,1.0,1.0,1.0,1.0,0.0,0.0
6.859602995256357,5.54,,91.9,1667.640569424486,104.36750726041244,11.989008979077786,47.39849624471043,5.532806823640458,2050.0,8.537,9.44,4933000.0,53.6,38.3,0,1.0,1.0,0.0,1.0,1.0,1.0,1.0,1.0,1.0,1.0,1.0,1.0,0.0,0.0
6.859602995256357,5.54,,12.8,1667.640569424486,104.36750726041244,12.689387702367547,47.39849624471043,5.665727923215989,2050.0,8.537,9.44,4933000.0,7.54,5.21,0,1.0,1.0,0.0,1.0,1.0,1.0,1.0,1.0,1.0,1.0,1.0,1.0,0.0,0.0
6.581916666666667,5.54,,398.0,1667.640569424486,111.83908169678048,50.54120612752139,41.29380146093125,7.038000532779849,2050.0,8.537,9.44,4933000.0,366.3,29.7,0,1.0,1.0,0.0,1.0,1.0,1.0,1.0,1.0,1.0,1.0,1.0,1.0,0.0,0.0
6.859602995256357,5.54,,20.1,1667.640569424486,104.36750726041244,12.689387702367547,47.39849624471043,5.665727923215989,2050.0,8.537,9.44,4933000.0,8.49,11.6,0,1.0,1.0,0.0,1.0,1.0,1.0,1.0,1.0,1.0,1.0,1.0,1.0,0.0,0.0
6.859602995256357,5.54,,27.5,1667.640569424486,104.36750726041244,12.689387702367547,47.39849624471043,5.665727923215989,2050.0,8.537,9.44,4933000.0,18.73,8.79,0,1.0,1.0,0.0,1.0,1.0,1.0,1.0,1.0,1.0,1.0,1.0,1.0,0.0,0.0
6.859602995256357,5.54,,7.94,1667.640569424486,104.36750726041244,12.689387702367547,47.39849624471043,5.665727923215989,2050.0,8.537,9.44,4933000.0,3.59,4.35,0,1.0,1.0,0.0,1.0,1.0,1.0,1.0,1.0,1.0,1.0,1.0,1.0,0.0,0.0
6.859602995256357,5.54,,13.3,1667.640569424486,104.36750726041244,12.689387702367547,47.39849624471043,5.665727923215989,2050.0,8.537,9.44,4933000.0,6.95,6.34,0,1.0,1.0,0.0,1.0,1.0,1.0,1.0,1.0,1.0,1.0,1.0,1.0,0.0,0.0
6.859602995256357,5.54,,17.0,1667.640569424486,104.36750726041244,12.689387702367547,47.39849624471043,5.665727923215989,2050.0,8.537,9.44,4933000.0,9.82,7.22,0,1.0,1.0,0.0,1.0,1.0,1.0,1.0,1.0,1.0,1.0,1.0,1.0,0.0,0.0
6.859602995256357,5.54,,55.2,1667.640569424486,104.36750726041244,11.989008979077786,47.39849624471043,5.665727923215989,2050.0,8.537,9.44,4933000.0,23.4,31.9,0,1.0,1.0,0.0,1.0,1.0,1.0,1.0,1.0,1.0,1.0,1.0,1.0,0.0,0.0
6.859602995256357,5.54,,22.8,1667.640569424486,104.36750726041244,12.689387702367547,47.39849624471043,5.665727923215989,2050.0,8.537,9.44,4933000.0,7.03,15.7,0,1.0,1.0,0.0,1.0,1.0,1.0,1.0,1.0,1.0,1.0,1.0,1.0,0.0,0.0
6.581916666666667,5.54,,324.0,1667.640569424486,111.83908169678048,50.54120612752139,41.29380146093125,7.012413598752643,2050.0,8.537,9.44,4933000.0,256.6,67.3,0,1.0,1.0,0.0,1.0,1.0,1.0,1.0,1.0,1.0,1.0,1.0,1.0,0.0,0.0
6.237291666666665,5.54,5.83,758.3672181071645,1667.640569424486,1.2,0.65,0.057,0.14,2050.0,0.024,9.44,4933000.0,54.7,45.84,0,1.0,1.0,1.0,1.0,0.0,0.0,0.0,0.0,1.0,0.0,1.0,1.0,1.0,1.0
6.713240695762572,5.54,,38641.40527878342,24472.84924135018,2286.889887715308,332.10604390175746,564.8559725651824,544.53025,2050.0,8.537,9.44,4933000.0,54.7,45.84,0,1.0,1.0,1.0,1.0,1.0,1.0,1.0,1.0,1.0,1.0,1.0,1.0,1.0,1.0
7.9,5.54,1.03,224089320.41666663,101518654.16666666,439569.575,31211.35,66594.3305,4501.375,2050.0,8.537,9.44,4933000.0,54.7,45.84,0,0.0,1.0,1.0,1.0,1.0,1.0,1.0,1.0,1.0,1.0,1.0,1.0,1.0,1.0
6.720972222222223,5.54,,418.8,1667.640569424486,112.32332905527636,40.75405913091942,46.041581624213,5.837615580811436,2050.0,8.537,9.44,4933000.0,54.7,45.84,0,1.0,1.0,0.0,1.0,1.0,1.0,1.0,1.0,1.0,1.0,1.0,1.0,1.0,1.0
6.837264759962238,5.54,,254.8,1667.640569424486,104.36750726041244,13.441373939160297,47.39849624471043,5.62995441690365,2050.0,8.537,9.44,4933000.0,54.7,45.84,0,1.0,1.0,0.0,1.0,1.0,1.0,1.0,1.0,1.0,1.0,1.0,1.0,1.0,1.0
6.837264759962238,5.54,,239.6,1667.640569424486,104.36750726041244,13.441373939160297,47.39849624471043,5.62995441690365,2050.0,8.537,9.44,4933000.0,54.7,45.84,0,1.0,1.0,0.0,1.0,1.0,1.0,1.0,1.0,1.0,1.0,1.0,1.0,1.0,1.0
6.757532632999807,5.54,,502.0,1667.640569424486,104.36750726041244,12.407406557819462,47.39849624471043,5.946826396750153,2050.0,8.537,9.44,4933000.0,54.7,45.84,0,1.0,1.0,0.0,1.0,1.0,1.0,1.0,1.0,1.0,1.0,1.0,1.0,1.0,1.0
7.781243467875049,5.54,,1133.0,219.6812853784296,23327.923979166662,557.6147345459494,651.9339501384522,24.768170129543073,2050.0,8.537,9.44,4933000.0,54.7,45.84,1,1.0,1.0,0.0,1.0,1.0,1.0,1.0,1.0,1.0,1.0,1.0,1.0,1.0,1.0
6.757532632999807,5.54,,524.9,1667.640569424486,104.36750726041244,12.407406557819462,47.39849624471043,5.946826396750153,2050.0,8.537,9.44,4933000.0,54.7,45.84,0,1.0,1.0,0.0,1.0,1.0,1.0,1.0,1.0,1.0,1.0,1.0,1.0,1.0,1.0
6.837264759962238,5.54,,334.0,1667.640569424486,104.36750726041244,13.441373939160297,47.39849624471043,5.947605926443679,2050.0,8.537,9.44,4933000.0,54.7,45.84,0,1.0,1.0,0.0,1.0,1.0,1.0,1.0,1.0,1.0,1.0,1.0,1.0,1.0,1.0
6.837264759962238,5.54,,260.7,1667.640569424486,104.36750726041244,13.441373939160297,47.39849624471043,5.62995441690365,2050.0,8.537,9.44,4933000.0,54.7,45.84,0,1.0,1.0,0.0,1.0,1.0,1.0,1.0,1.0,1.0,1.0,1.0,1.0,1.0,1.0
6.837264759962238,5.54,,194.1,1667.640569424486,104.36750726041244,13.441373939160297,47.39849624471043,5.62995441690365,2050.0,8.537,9.44,4933000.0,54.7,45.84,0,1.0,1.0,0.0,1.0,1.0,1.0,1.0,1.0,1.0,1.0,1.0,1.0,1.0,1.0
6.837264759962238,5.54,,186.4,1667.640569424486,104.36750726041244,13.441373939160297,47.39849624471043,5.62995441690365,2050.0,8.537,9.44,4933000.0,54.7,45.84,0,1.0,1.0,0.0,1.0,1.0,1.0,1.0,1.0,1.0,1.0,1.0,1.0,1.0,1.0
6.757532632999807,5.54,,344.4,1667.640569424486,104.36750726041244,12.740995215870532,47.39849624471043,5.947605926443679,2050.0,8.537,9.44,4933000.0,54.7,45.84,0,1.0,1.0,0.0,1.0,1.0,1.0,1.0,1.0,1.0,1.0,1.0,1.0,1.0,1.0
6.837264759962238,5.54,,207.9,1667.640569424486,104.36750726041244,13.441373939160297,47.39849624471043,5.62995441690365,2050.0,8.537,9.44,4933000.0,54.7,45.84,0,1.0,1.0,0.0,1.0,1.0,1.0,1.0,1.0,1.0,1.0,1.0,1.0,1.0,1.0
6.837264759962238,5.54,,211.5,1667.640569424486,104.36750726041244,13.441373939160297,47.39849624471043,5.62995441690365,2050.0,8.537,9.44,4933000.0,54.7,45.84,0,1.0,1.0,0.0,1.0,1.0,1.0,1.0,1.0,1.0,1.0,1.0,1.0,1.0,1.0
6.761834716333139,5.54,,813.6,1667.640569424486,112.32332905527636,44.062430751516274,46.041581624213,5.937479224744466,2050.0,8.537,9.44,4933000.0,54.7,45.84,1,1.0,1.0,0.0,1.0,1.0,1.0,1.0,1.0,1.0,1.0,1.0,1.0,1.0,1.0
6.757532632999807,5.54,,582.3,1667.640569424486,104.36750726041244,11.30206905390373,47.39849624471043,5.959375230791633,2050.0,8.537,9.44,4933000.0,54.7,45.84,1,1.0,1.0,0.0,1.0,1.0,1.0,1.0,1.0,1.0,1.0,1.0,1.0,1.0,1.0
6.3758859577922085,5.54,,1706.9,1620.694422732843,63.08487522370304,76.19975409417138,51.45433060462972,7.1123986771569605,2050.0,8.537,9.44,4933000.0,54.7,45.84,1,1.0,1.0,0.0,1.0,1.0,1.0,1.0,1.0,1.0,1.0,1.0,1.0,1.0,1.0
6.7461576329998065,5.54,,759.6,1667.640569424486,104.36750726041244,11.30206905390373,47.39849624471043,5.812138243902128,2050.0,8.537,9.44,4933000.0,54.7,45.84,1,1.0,1.0,0.0,1.0,1.0,1.0,1.0,1.0,1.0,1.0,1.0,1.0,1.0,1.0
6.3758859577922085,5.54,,1652.0,1620.694422732843,63.08487522370304,76.19975409417138,51.45433060462972,7.1123986771569605,2050.0,8.537,9.44,4933000.0,54.7,45.84,1,1.0,1.0,0.0,1.0,1.0,1.0,1.0,1.0,1.0,1.0,1.0,1.0,1.0,1.0
6.722511186921375,5.54,,898.9,1667.640569424486,112.32332905527636,39.029679180860725,49.97347440199078,5.834386892132474,2050.0,8.537,9.44,4933000.0,54.7,45.84,1,1.0,1.0,0.0,1.0,1.0,1.0,1.0,1.0,1.0,1.0,1.0,1.0,1.0,1.0
6.569260237319848,5.54,,1402.0,1667.640569424486,130.2678751934937,58.89081932153215,45.22569423870903,7.444143147972616,2050.0,8.537,9.44,4933000.0,54.7,45.84,1,1.0,1.0,0.0,1.0,1.0,1.0,1.0,1.0,1.0,1.0,1.0,1.0,1.0,1.0
6.837264759962238,5.54,,90.6,1667.640569424486,104.36750726041244,13.441373939160297,47.39849624471043,5.62995441690365,2050.0,8.537,9.44,4933000.0,54.7,45.84,0,1.0,1.0,0.0,1.0,1.0,1.0,1.0,1.0,1.0,1.0,1.0,1.0,1.0,1.0
5.912434210526315,5.54,,380575.9600239761,16349.61215834985,25100.375,8814.26,15412.910916666664,502.75,2050.0,30700.0,9.44,4933000.0,54.7,45.84,0,1.0,1.0,1.0,1.0,1.0,1.0,1.0,1.0,1.0,0.0,1.0,1.0,1.0,1.0
5.7230629757122,5.54,,950.2670603764088,871.271104608871,102.15373903790191,62.83622462624301,147.56888853351796,11.55312120667402,2050.0,30.6,9.44,4933000.0,54.7,45.84,0,1.0,1.0,1.0,1.0,1.0,1.0,1.0,1.0,1.0,0.0,1.0,1.0,1.0,1.0
6.118269790037281,5.54,,20369.46624995016,6125.163235643198,413.7640276618413,221.38785272061108,397.2216811508201,100.61876210032187,2050.0,1910.0,9.44,4933000.0,54.7,45.84,0,1.0,1.0,1.0,1.0,1.0,1.0,1.0,1.0,1.0,0.0,1.0,1.0,1.0,1.0
5.915749999999998,5.54,,397936.62419064273,16349.61215834985,25377.875,10718.1125,16081.585166666666,502.75,2050.0,45500.0,9.44,4933000.0,54.7,45.84,0,1.0,1.0,1.0,1.0,1.0,1.0,1.0,1.0,1.0,0.0,1.0,1.0,1.0,1.0
5.7230629757122,5.54,,950.2670603764088,871.271104608871,102.15373903790191,62.83622462624301,147.56888853351796,11.55312120667402,2050.0,40.6,9.44,4933000.0,54.7,45.84,0,1.0,1.0,1.0,1.0,1.0,1.0,1.0,1.0,1.0,0.0,1.0,1.0,1.0,1.0
5.6900629757122,5.54,,950.2670603764088,871.271104608871,97.741421476541,62.83622462624301,132.60293418995175,11.39935279914595,2050.0,0.19,9.44,4933000.0,54.7,45.84,0,1.0,1.0,1.0,1.0,1.0,1.0,1.0,1.0,1.0,0.0,1.0,1.0,1.0,1.0
6.127492012259503,5.54,,20369.46624995016,6125.163235643198,413.7640276618413,221.38785272061108,400.8466811508201,100.61876210032187,2050.0,883.0,9.44,4933000.0,54.7,45.84,0,1.0,1.0,1.0,1.0,1.0,1.0,1.0,1.0,1.0,0.0,1.0,1.0,1.0,1.0
5.868815455691271,5.54,,3778.78174001895,247.0110403833195,132.7235653846124,169.7306292942164,288.6544141092016,21.949746470516867,2050.0,188.0,9.44,4933000.0,54.7,45.84,0,1.0,1.0,1.0,1.0,1.0,1.0,1.0,1.0,1.0,0.0,1.0,1.0,1.0,1.0
5.891815455691271,5.54,,3778.78174001895,247.0110403833195,212.32732391995663,180.31140346127944,301.3054641092016,21.949746470516867,2050.0,288.0,9.44,4933000.0,54.7,45.84,0,1.0,1.0,1.0,1.0,1.0,1.0,1.0,1.0,1.0,0.0,1.0,1.0,1.0,1.0
5.891815455691271,5.54,,3778.78174001895,247.0110403833195,130.59602391995662,182.22807132743657,288.6544141092016,21.949746470516867,2050.0,137.0,9.44,4933000.0,54.7,45.84,0,1.0,1.0,1.0,1.0,1.0,1.0,1.0,1.0,1.0,0.0,1.0,1.0,1.0,1.0
5.868815455691271,5.54,,3778.78174001895,247.0110403833195,214.45486538461245,169.7306292942164,288.6544141092016,21.949746470516867,2050.0,237.0,9.44,4933000.0,54.7,45.84,0,1.0,1.0,1.0,1.0,1.0,1.0,1.0,1.0,1.0,0.0,1.0,1.0,1.0,1.0
5.868815455691271,5.54,,3778.78174001895,247.0110403833195,132.7235653846124,169.7306292942164,288.6544141092016,21.949746470516867,2050.0,183.0,9.44,4933000.0,54.7,45.84,0,1.0,1.0,1.0,1.0,1.0,1.0,1.0,1.0,1.0,0.0,1.0,1.0,1.0,1.0
5.755121501749863,5.54,,3843.771894780856,1598.1140477328431,415.9985788500268,288.234493766166,219.94158106651625,7.983395339614748,2050.0,362.0,9.44,4933000.0,54.7,45.84,0,1.0,1.0,1.0,1.0,1.0,1.0,1.0,1.0,1.0,0.0,1.0,1.0,1.0,1.0
5.910307586312037,5.54,,778.317554748448,1667.640569424486,165.65858551741408,119.0,40.7670484053757,8.95,2050.0,8.537,9.44,4933000.0,47.8,45.84,0,1.0,1.0,1.0,1.0,1.0,0.0,1.0,0.0,1.0,1.0,1.0,1.0,0.0,1.0
6.502538742690058,5.54,,758.3672181071645,1667.640569424486,107.08470862254296,8.71,44.83398810203367,0.47,2050.0,8.537,9.44,4933000.0,13.6,45.84,0,1.0,1.0,1.0,1.0,1.0,0.0,1.0,0.0,1.0,1.0,1.0,1.0,0.0,1.0
7.88,5.54,,34825653.01136364,1163842.275,439569.575,31211.35,66155.64050000001,4501.375,2975.0,8.537,9.44,4933000.0,54.7,45.84,0,0.0,1.0,1.0,1.0,1.0,1.0,1.0,1.0,0.0,1.0,1.0,1.0,1.0,1.0
6.094679767677882,5.54,,950.2670603764088,219.6812853784296,236.82572390670717,71.02732389774852,132.7568782858654,16.80381159884418,4899.0,8.537,9.44,4933000.0,54.7,45.84,0,1.0,1.0,1.0,1.0,1.0,1.0,1.0,1.0,0.0,1.0,1.0,1.0,1.0,1.0
5.2110925595238085,5.54,,1027.543136654311,1518.8561625406946,134.0542006078985,84.06855783251535,45.22569423870903,6.2971601211970505,2988.0,8.537,9.44,4933000.0,54.7,45.84,0,1.0,1.0,1.0,1.0,1.0,1.0,1.0,1.0,0.0,1.0,1.0,1.0,1.0,1.0
5.2110925595238085,5.54,,1027.543136654311,1518.8561625406946,134.0542006078985,84.06855783251535,45.22569423870903,6.2971601211970505,1782.0,8.537,9.44,4933000.0,54.7,45.84,0,1.0,1.0,1.0,1.0,1.0,1.0,1.0,1.0,0.0,1.0,1.0,1.0,1.0,1.0
5.217842559523808,5.54,,1027.543136654311,1518.8561625406946,134.0542006078985,84.06855783251535,45.22569423870903,6.2971601211970505,5566.0,8.537,9.44,4933000.0,54.7,45.84,0,1.0,1.0,1.0,1.0,1.0,1.0,1.0,1.0,0.0,1.0,1.0,1.0,1.0,1.0
6.094679767677882,5.54,,950.2670603764088,219.6812853784296,236.82572390670717,71.02732389774852,132.7568782858654,16.80381159884418,5055.0,8.537,9.44,4933000.0,54.7,45.84,0,1.0,1.0,1.0,1.0,1.0,1.0,1.0,1.0,0.0,1.0,1.0,1.0,1.0,1.0
5.2110925595238085,5.54,,1027.543136654311,1518.8561625406946,134.0542006078985,84.06855783251535,45.22569423870903,6.2971601211970505,2521.0,8.537,9.44,4933000.0,54.7,45.84,0,1.0,1.0,1.0,1.0,1.0,1.0,1.0,1.0,0.0,1.0,1.0,1.0,1.0,1.0
5.2110925595238085,5.54,,1027.543136654311,1518.8561625406946,134.0542006078985,84.06855783251535,45.22569423870903,6.2971601211970505,2092.0,8.537,9.44,4933000.0,54.7,45.84,0,1.0,1.0,1.0,1.0,1.0,1.0,1.0,1.0,0.0,1.0,1.0,1.0,1.0,1.0
5.2110925595238085,5.54,,1027.543136654311,1518.8561625406946,134.0542006078985,84.06855783251535,45.22569423870903,6.2971601211970505,1555.0,8.537,9.44,4933000.0,54.7,45.84,0,1.0,1.0,1.0,1.0,1.0,1.0,1.0,1.0,0.0,1.0,1.0,1.0,1.0,1.0
5.755002601951711,5.54,,950.2670603764088,871.271104608871,134.0,62.11343254999124,145.91635444386628,8.883703013909344,946.0,8.537,9.44,4933000.0,54.7,45.84,0,1.0,1.0,1.0,1.0,0.0,1.0,1.0,1.0,0.0,1.0,1.0,1.0,1.0,1.0
6.713240695762572,5.54,,38641.40527878342,24472.84924135018,2286.889887715308,332.10604390175746,564.8559725651824,544.53025,2050.0,8.537,9.44,4933000.0,54.7,45.84,0,1.0,1.0,1.0,1.0,1.0,1.0,1.0,1.0,1.0,1.0,1.0,1.0,1.0,1.0
6.713240695762572,5.54,,38641.40527878342,24472.84924135018,2286.889887715308,332.10604390175746,564.8559725651824,544.53025,2050.0,8.537,9.44,4933000.0,54.7,45.84,0,1.0,1.0,1.0,1.0,1.0,1.0,1.0,1.0,1.0,1.0,1.0,1.0,1.0,1.0
6.713240695762572,5.54,,38641.40527878342,24472.84924135018,2286.889887715308,332.10604390175746,564.8559725651824,544.53025,2050.0,8.537,9.44,4933000.0,54.7,45.84,0,1.0,1.0,1.0,1.0,1.0,1.0,1.0,1.0,1.0,1.0,1.0,1.0,1.0,1.0
6.713240695762572,5.54,,38641.40527878342,24472.84924135018,2286.889887715308,332.10604390175746,564.8559725651824,544.53025,2050.0,8.537,9.44,4933000.0,54.7,45.84,0,1.0,1.0,1.0,1.0,1.0,1.0,1.0,1.0,1.0,1.0,1.0,1.0,1.0,1.0
8.73,5.54,0.225,1000000000.0,221388216.6666667,439569.575,31124.8,66594.3305,3998.375,2050.0,8.537,9.44,4933000.0,54.7,45.84,0,0.0,1.0,1.0,1.0,1.0,1.0,1.0,1.0,1.0,1.0,1.0,1.0,1.0,1.0
4.78,5.54,1.762,1027.543136654311,803.4328444167227,101.84937602346182,68.03059065502846,130.1427505725275,19.033516556698775,2050.0,8.537,9.44,4933000.0,54.7,45.84,0,0.0,1.0,1.0,1.0,1.0,1.0,1.0,1.0,1.0,1.0,1.0,1.0,1.0,1.0
6.544245074389404,5.54,,950.2670603764088,1667.640569424486,106.62523597857428,8.06,49.292633935367,2.605235793938861,2050.0,8.537,9.44,4933000.0,54.7,45.84,0,1.0,1.0,1.0,1.0,1.0,0.0,1.0,1.0,1.0,1.0,1.0,1.0,1.0,1.0
6.713240695762572,5.54,,38641.40527878342,24472.84924135018,2286.889887715308,332.10604390175746,564.8559725651824,544.53025,2050.0,8.537,9.44,4933000.0,54.7,45.84,0,1.0,1.0,1.0,1.0,1.0,1.0,1.0,1.0,1.0,1.0,1.0,1.0,1.0,1.0
6.713240695762572,5.54,,38641.40527878342,24472.84924135018,2286.889887715308,332.10604390175746,564.8559725651824,544.53025,2050.0,8.537,9.44,4933000.0,54.7,45.84,0,1.0,1.0,1.0,1.0,1.0,1.0,1.0,1.0,1.0,1.0,1.0,1.0,1.0,1.0
6.713240695762572,5.54,,38641.40527878342,24472.84924135018,2286.889887715308,332.10604390175746,564.8559725651824,544.53025,2050.0,8.537,9.44,4933000.0,54.7,45.84,0,1.0,1.0,1.0,1.0,1.0,1.0,1.0,1.0,1.0,1.0,1.0,1.0,1.0,1.0
6.713240695762572,5.54,,38641.40527878342,24472.84924135018,2286.889887715308,332.10604390175746,564.8559725651824,544.53025,2050.0,8.537,9.44,4933000.0,54.7,45.84,0,1.0,1.0,1.0,1.0,1.0,1.0,1.0,1.0,1.0,1.0,1.0,1.0,1.0,1.0
6.713240695762572,5.54,,38641.40527878342,24472.84924135018,2286.889887715308,332.10604390175746,564.8559725651824,544.53025,2050.0,8.537,9.44,4933000.0,54.7,45.84,0,1.0,1.0,1.0,1.0,1.0,1.0,1.0,1.0,1.0,1.0,1.0,1.0,1.0,1.0
6.713240695762572,5.54,,38641.40527878342,24472.84924135018,2286.889887715308,332.10604390175746,564.8559725651824,544.53025,2050.0,8.537,9.44,4933000.0,54.7,45.84,0,1.0,1.0,1.0,1.0,1.0,1.0,1.0,1.0,1.0,1.0,1.0,1.0,1.0,1.0
6.713240695762572,5.54,,38641.40527878342,24472.84924135018,2286.889887715308,332.10604390175746,564.8559725651824,544.53025,2050.0,8.537,9.44,4933000.0,54.7,45.84,0,1.0,1.0,1.0,1.0,1.0,1.0,1.0,1.0,1.0,1.0,1.0,1.0,1.0,1.0
6.713240695762572,5.54,,38641.40527878342,24472.84924135018,2286.889887715308,332.10604390175746,564.8559725651824,544.53025,2050.0,8.537,9.44,4933000.0,54.7,45.84,0,1.0,1.0,1.0,1.0,1.0,1.0,1.0,1.0,1.0,1.0,1.0,1.0,1.0,1.0
6.713240695762572,5.54,,38641.40527878342,24472.84924135018,2286.889887715308,332.10604390175746,564.8559725651824,544.53025,2050.0,8.537,9.44,4933000.0,54.7,45.84,0,1.0,1.0,1.0,1.0,1.0,1.0,1.0,1.0,1.0,1.0,1.0,1.0,1.0,1.0
6.713240695762572,5.54,,38641.40527878342,24472.84924135018,2286.889887715308,332.10604390175746,564.8559725651824,544.53025,2050.0,8.537,9.44,4933000.0,54.7,45.84,0,1.0,1.0,1.0,1.0,1.0,1.0,1.0,1.0,1.0,1.0,1.0,1.0,1.0,1.0
6.713240695762572,5.54,,38641.40527878342,24472.84924135018,2286.889887715308,332.10604390175746,564.8559725651824,544.53025,2050.0,8.537,9.44,4933000.0,54.7,45.84,0,1.0,1.0,1.0,1.0,1.0,1.0,1.0,1.0,1.0,1.0,1.0,1.0,1.0,1.0
6.713240695762572,5.54,,38641.40527878342,24472.84924135018,2286.889887715308,332.10604390175746,564.8559725651824,544.53025,2050.0,8.537,9.44,4933000.0,54.7,45.84,0,1.0,1.0,1.0,1.0,1.0,1.0,1.0,1.0,1.0,1.0,1.0,1.0,1.0,1.0
6.713240695762572,5.54,,38641.40527878342,24472.84924135018,2286.889887715308,332.10604390175746,564.8559725651824,544.53025,2050.0,8.537,9.44,4933000.0,54.7,45.84,0,1.0,1.0,1.0,1.0,1.0,1.0,1.0,1.0,1.0,1.0,1.0,1.0,1.0,1.0
6.713240695762572,5.54,,38641.40527878342,24472.84924135018,2286.889887715308,332.10604390175746,564.8559725651824,544.53025,2050.0,8.537,9.44,4933000.0,54.7,45.84,0,1.0,1.0,1.0,1.0,1.0,1.0,1.0,1.0,1.0,1.0,1.0,1.0,1.0,1.0
6.713240695762572,5.54,,38641.40527878342,24472.84924135018,2286.889887715308,332.10604390175746,564.8559725651824,544.53025,2050.0,8.537,9.44,4933000.0,54.7,45.84,0,1.0,1.0,1.0,1.0,1.0,1.0,1.0,1.0,1.0,1.0,1.0,1.0,1.0,1.0
6.713240695762572,5.54,,38641.40527878342,24472.84924135018,2286.889887715308,332.10604390175746,564.8559725651824,544.53025,2050.0,8.537,9.44,4933000.0,54.7,45.84,0,1.0,1.0,1.0,1.0,1.0,1.0,1.0,1.0,1.0,1.0,1.0,1.0,1.0,1.0
6.713240695762572,5.54,,38641.40527878342,24472.84924135018,2286.889887715308,332.10604390175746,564.8559725651824,544.53025,2050.0,8.537,9.44,4933000.0,54.7,45.84,0,1.0,1.0,1.0,1.0,1.0,1.0,1.0,1.0,1.0,1.0,1.0,1.0,1.0,1.0
6.713240695762572,5.54,,38641.40527878342,24472.84924135018,2286.889887715308,332.10604390175746,564.8559725651824,544.53025,2050.0,8.537,9.44,4933000.0,54.7,45.84,0,1.0,1.0,1.0,1.0,1.0,1.0,1.0,1.0,1.0,1.0,1.0,1.0,1.0,1.0
6.713240695762572,5.54,,38641.40527878342,24472.84924135018,2286.889887715308,332.10604390175746,564.8559725651824,544.53025,2050.0,8.537,9.44,4933000.0,54.7,45.84,0,1.0,1.0,1.0,1.0,1.0,1.0,1.0,1.0,1.0,1.0,1.0,1.0,1.0,1.0
6.713240695762572,5.54,,38641.40527878342,24472.84924135018,2286.889887715308,332.10604390175746,564.8559725651824,544.53025,2050.0,8.537,9.44,4933000.0,54.7,45.84,0,1.0,1.0,1.0,1.0,1.0,1.0,1.0,1.0,1.0,1.0,1.0,1.0,1.0,1.0
6.713240695762572,5.54,,38641.40527878342,24472.84924135018,2286.889887715308,332.10604390175746,564.8559725651824,544.53025,2050.0,8.537,9.44,4933000.0,54.7,45.84,0,1.0,1.0,1.0,1.0,1.0,1.0,1.0,1.0,1.0,1.0,1.0,1.0,1.0,1.0
6.713240695762572,5.54,,38641.40527878342,24472.84924135018,2286.889887715308,332.10604390175746,564.8559725651824,544.53025,2050.0,8.537,9.44,4933000.0,54.7,45.84,0,1.0,1.0,1.0,1.0,1.0,1.0,1.0,1.0,1.0,1.0,1.0,1.0,1.0,1.0
6.713240695762572,5.54,,38641.40527878342,24472.84924135018,2286.889887715308,332.10604390175746,564.8559725651824,544.53025,2050.0,8.537,9.44,4933000.0,54.7,45.84,0,1.0,1.0,1.0,1.0,1.0,1.0,1.0,1.0,1.0,1.0,1.0,1.0,1.0,1.0
6.713240695762572,5.54,,38641.40527878342,24472.84924135018,2286.889887715308,332.10604390175746,564.8559725651824,544.53025,2050.0,8.537,9.44,4933000.0,54.7,45.84,0,1.0,1.0,1.0,1.0,1.0,1.0,1.0,1.0,1.0,1.0,1.0,1.0,1.0,1.0
6.713240695762572,5.54,,38641.40527878342,24472.84924135018,2286.889887715308,332.10604390175746,564.8559725651824,544.53025,2050.0,8.537,9.44,4933000.0,54.7,45.84,0,1.0,1.0,1.0,1.0,1.0,1.0,1.0,1.0,1.0,1.0,1.0,1.0,1.0,1.0
6.713240695762572,5.54,,38641.40527878342,24472.84924135018,2286.889887715308,332.10604390175746,564.8559725651824,544.53025,2050.0,8.537,9.44,4933000.0,54.7,45.84,0,1.0,1.0,1.0,1.0,1.0,1.0,1.0,1.0,1.0,1.0,1.0,1.0,1.0,1.0
6.713240695762572,5.54,,38641.40527878342,24472.84924135018,2286.889887715308,332.10604390175746,564.8559725651824,544.53025,2050.0,8.537,9.44,4933000.0,54.7,45.84,0,1.0,1.0,1.0,1.0,1.0,1.0,1.0,1.0,1.0,1.0,1.0,1.0,1.0,1.0
6.713240695762572,5.54,,38641.40527878342,24472.84924135018,2286.889887715308,332.10604390175746,564.8559725651824,544.53025,2050.0,8.537,9.44,4933000.0,54.7,45.84,0,1.0,1.0,1.0,1.0,1.0,1.0,1.0,1.0,1.0,1.0,1.0,1.0,1.0,1.0
6.713240695762572,5.54,,38641.40527878342,24472.84924135018,2286.889887715308,332.10604390175746,564.8559725651824,544.53025,2050.0,8.537,9.44,4933000.0,54.7,45.84,0,1.0,1.0,1.0,1.0,1.0,1.0,1.0,1.0,1.0,1.0,1.0,1.0,1.0,1.0
6.713240695762572,5.54,,38641.40527878342,24472.84924135018,2286.889887715308,332.10604390175746,564.8559725651824,544.53025,2050.0,8.537,9.44,4933000.0,54.7,45.84,0,1.0,1.0,1.0,1.0,1.0,1.0,1.0,1.0,1.0,1.0,1.0,1.0,1.0,1.0
6.713240695762572,5.54,,38641.40527878342,24472.84924135018,2286.889887715308,332.10604390175746,564.8559725651824,544.53025,2050.0,8.537,9.44,4933000.0,54.7,45.84,0,1.0,1.0,1.0,1.0,1.0,1.0,1.0,1.0,1.0,1.0,1.0,1.0,1.0,1.0
6.713240695762572,5.54,,38641.40527878342,24472.84924135018,2286.889887715308,332.10604390175746,564.8559725651824,544.53025,2050.0,8.537,9.44,4933000.0,54.7,45.84,0,1.0,1.0,1.0,1.0,1.0,1.0,1.0,1.0,1.0,1.0,1.0,1.0,1.0,1.0
6.713240695762572,5.54,,38641.40527878342,24472.84924135018,2286.889887715308,332.10604390175746,564.8559725651824,544.53025,2050.0,8.537,9.44,4933000.0,54.7,45.84,0,1.0,1.0,1.0,1.0,1.0,1.0,1.0,1.0,1.0,1.0,1.0,1.0,1.0,1.0
6.713240695762572,5.54,,38641.40527878342,24472.84924135018,2286.889887715308,332.10604390175746,564.8559725651824,544.53025,2050.0,8.537,9.44,4933000.0,54.7,45.84,0,1.0,1.0,1.0,1.0,1.0,1.0,1.0,1.0,1.0,1.0,1.0,1.0,1.0,1.0
6.713240695762572,5.54,,38641.40527878342,24472.84924135018,2286.889887715308,332.10604390175746,564.8559725651824,544.53025,2050.0,8.537,9.44,4933000.0,54.7,45.84,0,1.0,1.0,1.0,1.0,1.0,1.0,1.0,1.0,1.0,1.0,1.0,1.0,1.0,1.0
6.713240695762572,5.54,,38641.40527878342,24472.84924135018,2286.889887715308,332.10604390175746,564.8559725651824,544.53025,2050.0,8.537,9.44,4933000.0,54.7,45.84,0,1.0,1.0,1.0,1.0,1.0,1.0,1.0,1.0,1.0,1.0,1.0,1.0,1.0,1.0
6.713240695762572,5.54,,38641.40527878342,24472.84924135018,2286.889887715308,332.10604390175746,564.8559725651824,544.53025,2050.0,8.537,9.44,4933000.0,54.7,45.84,0,1.0,1.0,1.0,1.0,1.0,1.0,1.0,1.0,1.0,1.0,1.0,1.0,1.0,1.0
6.713240695762572,5.54,,38641.40527878342,24472.84924135018,2286.889887715308,332.10604390175746,564.8559725651824,544.53025,2050.0,8.537,9.44,4933000.0,54.7,45.84,0,1.0,1.0,1.0,1.0,1.0,1.0,1.0,1.0,1.0,1.0,1.0,1.0,1.0,1.0
6.713240695762572,5.54,,38641.40527878342,24472.84924135018,2286.889887715308,332.10604390175746,564.8559725651824,544.53025,2050.0,8.537,9.44,4933000.0,54.7,45.84,0,1.0,1.0,1.0,1.0,1.0,1.0,1.0,1.0,1.0,1.0,1.0,1.0,1.0,1.0
6.713240695762572,5.54,,38641.40527878342,24472.84924135018,2286.889887715308,332.10604390175746,564.8559725651824,544.53025,2050.0,8.537,9.44,4933000.0,54.7,45.84,0,1.0,1.0,1.0,1.0,1.0,1.0,1.0,1.0,1.0,1.0,1.0,1.0,1.0,1.0
6.713240695762572,5.54,,38641.40527878342,24472.84924135018,2286.889887715308,332.10604390175746,564.8559725651824,544.53025,2050.0,8.537,9.44,4933000.0,54.7,45.84,0,1.0,1.0,1.0,1.0,1.0,1.0,1.0,1.0,1.0,1.0,1.0,1.0,1.0,1.0
6.713240695762572,5.54,,38641.40527878342,24472.84924135018,2286.889887715308,332.10604390175746,564.8559725651824,544.53025,2050.0,8.537,9.44,4933000.0,54.7,45.84,0,1.0,1.0,1.0,1.0,1.0,1.0,1.0,1.0,1.0,1.0,1.0,1.0,1.0,1.0
6.713240695762572,5.54,,38641.40527878342,24472.84924135018,2286.889887715308,332.10604390175746,564.8559725651824,544.53025,2050.0,8.537,9.44,4933000.0,54.7,45.84,0,1.0,1.0,1.0,1.0,1.0,1.0,1.0,1.0,1.0,1.0,1.0,1.0,1.0,1.0
6.713240695762572,5.54,,38641.40527878342,24472.84924135018,2286.889887715308,332.10604390175746,564.8559725651824,544.53025,2050.0,8.537,9.44,4933000.0,54.7,45.84,0,1.0,1.0,1.0,1.0,1.0,1.0,1.0,1.0,1.0,1.0,1.0,1.0,1.0,1.0
6.713240695762572,5.54,,38641.40527878342,24472.84924135018,2286.889887715308,332.10604390175746,564.8559725651824,544.53025,2050.0,8.537,9.44,4933000.0,54.7,45.84,0,1.0,1.0,1.0,1.0,1.0,1.0,1.0,1.0,1.0,1.0,1.0,1.0,1.0,1.0
6.713240695762572,5.54,,38641.40527878342,24472.84924135018,2286.889887715308,332.10604390175746,564.8559725651824,544.53025,2050.0,8.537,9.44,4933000.0,54.7,45.84,0,1.0,1.0,1.0,1.0,1.0,1.0,1.0,1.0,1.0,1.0,1.0,1.0,1.0,1.0
7.71,5.54,1.375,1868433.504180868,121418.52998148146,286483.65,22390.6875,34550.94049999998,3562.3,294.0,8.537,9.44,4933000.0,54.7,45.84,0,0.0,1.0,1.0,1.0,1.0,1.0,1.0,1.0,0.0,1.0,1.0,1.0,1.0,1.0
6.713240695762572,5.54,,38641.40527878342,24472.84924135018,2286.889887715308,332.10604390175746,564.8559725651824,544.53025,2050.0,8.537,9.44,4933000.0,54.7,45.84,0,1.0,1.0,1.0,1.0,1.0,1.0,1.0,1.0,1.0,1.0,1.0,1.0,1.0,1.0
6.713240695762572,5.54,,38641.40527878342,24472.84924135018,2286.889887715308,332.10604390175746,564.8559725651824,544.53025,2050.0,8.537,9.44,4933000.0,54.7,45.84,0,1.0,1.0,1.0,1.0,1.0,1.0,1.0,1.0,1.0,1.0,1.0,1.0,1.0,1.0
6.713240695762572,5.54,,38641.40527878342,24472.84924135018,2286.889887715308,332.10604390175746,564.8559725651824,544.53025,2050.0,8.537,9.44,4933000.0,54.7,45.84,0,1.0,1.0,1.0,1.0,1.0,1.0,1.0,1.0,1.0,1.0,1.0,1.0,1.0,1.0
5.1122704441391935,5.54,1.68,1027.543136654311,1518.8561625406946,98.01386087878448,140.79,49.292633935367,10.35,2050.0,8.537,9.44,4933000.0,54.7,45.84,0,1.0,1.0,1.0,1.0,1.0,0.0,1.0,0.0,1.0,1.0,1.0,1.0,1.0,1.0
6.5047387426900585,5.54,0.6,758.3672181071645,1667.640569424486,101.30274495013025,5.59,44.83398810203367,1.51,2050.0,8.537,9.44,4933000.0,54.7,45.84,0,1.0,1.0,1.0,1.0,1.0,0.0,1.0,0.0,1.0,1.0,1.0,1.0,1.0,1.0
5.571150961538461,5.54,,7050.0,321.0,3496.020052380952,557.1150194950975,729.0838606954467,10.465752842568875,2050.0,8.537,9.44,4933000.0,54.7,45.84,1,1.0,1.0,0.0,0.0,1.0,1.0,1.0,1.0,1.0,1.0,1.0,1.0,1.0,1.0
7.712221755315833,5.54,,2400.0,186.0,23208.967848214284,564.9693120273791,754.0222853025937,32.81395720619645,2050.0,8.537,9.44,4933000.0,54.7,45.84,1,1.0,1.0,0.0,0.0,1.0,1.0,1.0,1.0,1.0,1.0,1.0,1.0,1.0,1.0
7.712221755315833,5.54,,2520.0,161.0,23208.967848214284,564.9693120273791,796.9042186359271,32.81395720619645,2050.0,8.537,9.44,4933000.0,54.7,45.84,1,1.0,1.0,0.0,0.0,1.0,1.0,1.0,1.0,1.0,1.0,1.0,1.0,1.0,1.0
7.712221755315833,5.54,,1530.0,93.2,23207.805598214287,561.7582148878164,642.7144397217857,30.030439526353195,2050.0,8.537,9.44,4933000.0,54.7,45.84,1,1.0,1.0,0.0,0.0,1.0,1.0,1.0,1.0,1.0,1.0,1.0,1.0,1.0,1.0
7.712221755315833,5.54,,2950.0,184.0,23208.967848214284,564.9693120273791,796.9042186359271,32.81395720619645,2050.0,8.537,9.44,4933000.0,54.7,45.84,1,1.0,1.0,0.0,0.0,1.0,1.0,1.0,1.0,1.0,1.0,1.0,1.0,1.0,1.0
6.679193883913216,5.54,,950.2670603764088,1620.694422732843,17.0,12.0,70.28132938943003,4.6,2050.0,8.537,9.44,4933000.0,54.7,45.84,0,1.0,1.0,1.0,1.0,0.0,0.0,1.0,0.0,1.0,1.0,1.0,1.0,1.0,1.0
6.699167129120044,5.54,,21324.618220048196,25254.45634341478,1953.277081788025,307.0249472662964,2.49,539.3452500000001,2050.0,8.537,9.44,4933000.0,54.7,45.84,0,1.0,1.0,1.0,1.0,1.0,1.0,0.0,1.0,1.0,1.0,1.0,1.0,1.0,1.0
6.699167129120044,5.54,,21324.618220048196,25254.45634341478,1953.277081788025,307.0249472662964,3.057,539.3452500000001,2050.0,8.537,9.44,4933000.0,54.7,45.84,0,1.0,1.0,1.0,1.0,1.0,1.0,0.0,1.0,1.0,1.0,1.0,1.0,1.0,1.0
6.699167129120044,5.54,,21324.618220048196,25254.45634341478,1953.277081788025,307.0249472662964,4.02,539.3452500000001,2050.0,8.537,9.44,4933000.0,54.7,45.84,0,1.0,1.0,1.0,1.0,1.0,1.0,0.0,1.0,1.0,1.0,1.0,1.0,1.0,1.0
6.699167129120044,5.54,,21324.618220048196,25254.45634341478,1953.277081788025,307.0249472662964,4.45,539.3452500000001,2050.0,8.537,9.44,4933000.0,54.7,45.84,0,1.0,1.0,1.0,1.0,1.0,1.0,0.0,1.0,1.0,1.0,1.0,1.0,1.0,1.0
6.699167129120044,5.54,,21324.618220048196,25254.45634341478,1953.277081788025,307.0249472662964,12.65,539.3452500000001,2050.0,8.537,9.44,4933000.0,54.7,45.84,0,1.0,1.0,1.0,1.0,1.0,1.0,0.0,1.0,1.0,1.0,1.0,1.0,1.0,1.0
6.699167129120044,5.54,,21324.618220048196,25254.45634341478,1953.277081788025,307.0249472662964,3.2,539.3452500000001,2050.0,8.537,9.44,4933000.0,54.7,45.84,0,1.0,1.0,1.0,1.0,1.0,1.0,0.0,1.0,1.0,1.0,1.0,1.0,1.0,1.0
6.699167129120044,5.54,,21324.618220048196,25254.45634341478,1953.277081788025,307.0249472662964,4.83,539.3452500000001,2050.0,8.537,9.44,4933000.0,54.7,45.84,0,1.0,1.0,1.0,1.0,1.0,1.0,0.0,1.0,1.0,1.0,1.0,1.0,1.0,1.0
6.699167129120044,5.54,,21324.618220048196,25254.45634341478,1953.277081788025,307.0249472662964,6.38,539.3452500000001,2050.0,8.537,9.44,4933000.0,54.7,45.84,0,1.0,1.0,1.0,1.0,1.0,1.0,0.0,1.0,1.0,1.0,1.0,1.0,1.0,1.0
6.699167129120044,5.54,,21324.618220048196,25254.45634341478,1953.277081788025,307.0249472662964,4.8,539.3452500000001,2050.0,8.537,9.44,4933000.0,54.7,45.84,0,1.0,1.0,1.0,1.0,1.0,1.0,0.0,1.0,1.0,1.0,1.0,1.0,1.0,1.0
6.699167129120044,5.54,,21324.618220048196,25254.45634341478,1953.277081788025,307.0249472662964,4.0,539.3452500000001,2050.0,8.537,9.44,4933000.0,54.7,45.84,0,1.0,1.0,1.0,1.0,1.0,1.0,0.0,1.0,1.0,1.0,1.0,1.0,1.0,1.0
6.699167129120044,5.54,,21324.618220048196,25254.45634341478,1953.277081788025,307.0249472662964,3.95,539.3452500000001,2050.0,8.537,9.44,4933000.0,54.7,45.84,0,1.0,1.0,1.0,1.0,1.0,1.0,0.0,1.0,1.0,1.0,1.0,1.0,1.0,1.0
6.699167129120044,5.54,,21324.618220048196,25254.45634341478,1953.277081788025,307.0249472662964,3.36,539.3452500000001,2050.0,8.537,9.44,4933000.0,54.7,45.84,0,1.0,1.0,1.0,1.0,1.0,1.0,0.0,1.0,1.0,1.0,1.0,1.0,1.0,1.0
6.699167129120044,5.54,,21324.618220048196,25254.45634341478,1953.277081788025,307.0249472662964,1.96,539.3452500000001,2050.0,8.537,9.44,4933000.0,54.7,45.84,0,1.0,1.0,1.0,1.0,1.0,1.0,0.0,1.0,1.0,1.0,1.0,1.0,1.0,1.0
6.699167129120044,5.54,,21324.618220048196,25254.45634341478,1953.277081788025,307.0249472662964,3.32,539.3452500000001,2050.0,8.537,9.44,4933000.0,54.7,45.84,0,1.0,1.0,1.0,1.0,1.0,1.0,0.0,1.0,1.0,1.0,1.0,1.0,1.0,1.0
6.118269790037281,5.54,,20369.46624995016,6125.163235643198,413.7640276618413,221.38785272061108,397.2216811508201,100.61876210032187,2050.0,2665.0,9.44,4933000.0,54.7,45.84,0,1.0,1.0,1.0,1.0,1.0,1.0,1.0,1.0,1.0,0.0,1.0,1.0,1.0,1.0
6.127492012259503,5.54,,20369.46624995016,6125.163235643198,413.7640276618413,221.38785272061108,400.8466811508201,100.61876210032187,2050.0,1014.0,9.44,4933000.0,54.7,45.84,0,1.0,1.0,1.0,1.0,1.0,1.0,1.0,1.0,1.0,0.0,1.0,1.0,1.0,1.0
5.110296550778675,5.54,,1027.543136654311,1.31,889.6574181910566,294.26823262546833,153.18137220593317,19.328239583333335,2050.0,8.537,9.44,4933000.0,54.7,45.84,0,1.0,1.0,1.0,0.0,1.0,1.0,1.0,1.0,1.0,1.0,1.0,1.0,1.0,1.0
6.713240695762572,5.54,,38641.40527878342,24472.84924135018,2286.889887715308,332.10604390175746,564.8559725651824,544.53025,2050.0,8.537,9.44,4933000.0,54.7,45.84,0,1.0,1.0,1.0,1.0,1.0,1.0,1.0,1.0,1.0,1.0,1.0,1.0,1.0,1.0
6.713240695762572,5.54,,38641.40527878342,24472.84924135018,2286.889887715308,332.10604390175746,564.8559725651824,544.53025,2050.0,8.537,9.44,4933000.0,54.7,45.84,0,1.0,1.0,1.0,1.0,1.0,1.0,1.0,1.0,1.0,1.0,1.0,1.0,1.0,1.0
5.779317798030142,5.54,,778.317554748448,1565.8023092323376,166.33146571513612,61.405779973826554,41.29380146093125,4.39745695170101,10800.0,8.537,9.44,4933000.0,54.7,45.84,0,1.0,1.0,1.0,1.0,1.0,1.0,1.0,1.0,0.0,1.0,1.0,1.0,1.0,1.0
5.779317798030142,5.54,,778.317554748448,1565.8023092323376,166.33146571513612,61.405779973826554,41.29380146093125,4.39745695170101,8990.0,8.537,9.44,4933000.0,54.7,45.84,0,1.0,1.0,1.0,1.0,1.0,1.0,1.0,1.0,0.0,1.0,1.0,1.0,1.0,1.0
5.779317798030142,5.54,,778.317554748448,1565.8023092323376,166.33146571513612,61.405779973826554,41.29380146093125,4.39745695170101,11600.0,8.537,9.44,4933000.0,54.7,45.84,0,1.0,1.0,1.0,1.0,1.0,1.0,1.0,1.0,0.0,1.0,1.0,1.0,1.0,1.0
5.779317798030142,5.54,,778.317554748448,1565.8023092323376,166.33146571513612,61.405779973826554,41.29380146093125,4.39745695170101,8280.0,8.537,9.44,4933000.0,54.7,45.84,0,1.0,1.0,1.0,1.0,1.0,1.0,1.0,1.0,0.0,1.0,1.0,1.0,1.0,1.0
5.217842559523808,5.54,,1027.543136654311,1518.8561625406946,134.0542006078985,84.06855783251535,45.22569423870903,6.2971601211970505,5200.0,8.537,9.44,4933000.0,54.7,45.84,0,1.0,1.0,1.0,1.0,1.0,1.0,1.0,1.0,0.0,1.0,1.0,1.0,1.0,1.0
6.701915096599717,5.54,,21732.534886714864,25254.45634341478,1980.7216610888145,303.2725472662964,152.87,544.53025,2050.0,8.537,9.44,4933000.0,54.7,45.84,0,1.0,1.0,1.0,1.0,1.0,1.0,0.0,1.0,1.0,1.0,1.0,1.0,1.0,1.0
6.699167129120044,5.54,,21324.618220048196,25254.45634341478,1953.277081788025,307.0249472662964,16.2,539.3452500000001,2050.0,8.537,9.44,4933000.0,54.7,45.84,0,1.0,1.0,1.0,1.0,1.0,1.0,0.0,1.0,1.0,1.0,1.0,1.0,1.0,1.0
6.713240695762572,5.54,,38641.40527878342,24472.84924135018,2286.889887715308,332.10604390175746,564.8559725651824,544.53025,2050.0,8.537,9.44,4933000.0,54.7,45.84,0,1.0,1.0,1.0,1.0,1.0,1.0,1.0,1.0,1.0,1.0,1.0,1.0,1.0,1.0
6.713240695762572,5.54,,38641.40527878342,24472.84924135018,2286.889887715308,332.10604390175746,564.8559725651824,544.53025,2050.0,8.537,9.44,4933000.0,54.7,45.84,0,1.0,1.0,1.0,1.0,1.0,1.0,1.0,1.0,1.0,1.0,1.0,1.0,1.0,1.0
5.623678969314998,5.54,,950.2670603764088,1.4,1752.375275,362.7566814119123,188.77332055731668,16.97977809650993,2050.0,8.537,9.44,4933000.0,13.0,200.0,0,1.0,1.0,1.0,0.0,1.0,1.0,1.0,1.0,1.0,1.0,1.0,1.0,0.0,0.0
7.781243467875049,5.54,,1060.0,219.6812853784296,23327.923979166662,557.6147345459494,651.9339501384522,24.768170129543073,2050.0,8.537,9.44,4933000.0,54.7,45.84,1,1.0,1.0,0.0,1.0,1.0,1.0,1.0,1.0,1.0,1.0,1.0,1.0,1.0,1.0
6.724385933857808,5.54,,38641.40527878342,24472.84924135018,2286.889887715308,332.10604390175746,564.8559725651824,544.53025,2050.0,8.537,59.0,4933000.0,54.7,45.84,0,1.0,1.0,1.0,1.0,1.0,1.0,1.0,1.0,1.0,1.0,0.0,1.0,1.0,1.0
6.723757362429237,5.54,,38641.40527878342,24472.84924135018,2286.889887715308,332.10604390175746,564.8559725651824,544.53025,2050.0,8.537,18.0,4933000.0,54.7,45.84,0,1.0,1.0,1.0,1.0,1.0,1.0,1.0,1.0,1.0,1.0,0.0,1.0,1.0,1.0
6.717882362429236,5.54,,38641.40527878342,24472.84924135018,2286.889887715308,332.10604390175746,564.8559725651824,544.53025,2050.0,8.537,8.6,4933000.0,54.7,45.84,0,1.0,1.0,1.0,1.0,1.0,1.0,1.0,1.0,1.0,1.0,0.0,1.0,1.0,1.0
6.722307886904761,5.54,,38641.40527878342,24472.84924135018,2286.889887715308,332.10604390175746,564.8559725651824,544.53025,2050.0,8.537,2.7,4933000.0,54.7,45.84,0,1.0,1.0,1.0,1.0,1.0,1.0,1.0,1.0,1.0,1.0,0.0,1.0,1.0,1.0
6.724391220238094,5.54,,38641.40527878342,24472.84924135018,2286.889887715308,332.10604390175746,564.8559725651824,544.53025,2050.0,8.537,1.5,4933000.0,54.7,45.84,0,1.0,1.0,1.0,1.0,1.0,1.0,1.0,1.0,1.0,1.0,0.0,1.0,1.0,1.0
6.699167129120044,5.54,,21324.618220048196,25254.45634341478,1947.2423513548188,307.0249472662964,0.637,539.3452500000001,2050.0,8.537,9.44,4933000.0,54.7,45.84,0,1.0,1.0,1.0,1.0,1.0,1.0,0.0,1.0,1.0,1.0,1.0,1.0,1.0,1.0
6.713240695762572,5.54,,38641.40527878342,24472.84924135018,2286.889887715308,332.10604390175746,564.8559725651824,544.53025,2050.0,8.537,9.44,4933000.0,54.7,45.84,0,1.0,1.0,1.0,1.0,1.0,1.0,1.0,1.0,1.0,1.0,1.0,1.0,1.0,1.0
6.713240695762572,5.54,,38641.40527878342,24472.84924135018,2286.889887715308,332.10604390175746,564.8559725651824,544.53025,2050.0,8.537,9.44,4933000.0,54.7,45.84,0,1.0,1.0,1.0,1.0,1.0,1.0,1.0,1.0,1.0,1.0,1.0,1.0,1.0,1.0
6.713240695762572,5.54,,38641.40527878342,24472.84924135018,2286.889887715308,332.10604390175746,564.8559725651824,544.53025,2050.0,8.537,9.44,4933000.0,54.7,45.84,0,1.0,1.0,1.0,1.0,1.0,1.0,1.0,1.0,1.0,1.0,1.0,1.0,1.0,1.0
6.713240695762572,5.54,,38641.40527878342,24472.84924135018,2286.889887715308,332.10604390175746,564.8559725651824,544.53025,2050.0,8.537,9.44,4933000.0,54.7,45.84,0,1.0,1.0,1.0,1.0,1.0,1.0,1.0,1.0,1.0,1.0,1.0,1.0,1.0,1.0
6.3758859577922085,5.54,,1259.0,1620.694422732843,63.08487522370304,70.17035417353394,51.45433060462972,5.881890234763863,2050.0,8.537,9.44,4933000.0,54.7,45.84,1,1.0,1.0,0.0,1.0,1.0,1.0,1.0,1.0,1.0,1.0,1.0,1.0,1.0,1.0
6.761834716333139,5.54,,794.0,1667.640569424486,112.32332905527636,44.062430751516274,46.041581624213,5.937479224744466,2050.0,8.537,9.44,4933000.0,54.7,45.84,1,1.0,1.0,0.0,1.0,1.0,1.0,1.0,1.0,1.0,1.0,1.0,1.0,1.0,1.0
6.837264759962238,5.54,,112.0,1667.640569424486,104.36750726041244,13.441373939160297,47.39849624471043,5.62995441690365,2050.0,8.537,9.44,4933000.0,54.7,45.84,0,1.0,1.0,0.0,1.0,1.0,1.0,1.0,1.0,1.0,1.0,1.0,1.0,1.0,1.0
6.757532632999807,5.54,,394.0,1667.640569424486,104.36750726041244,12.407406557819462,47.39849624471043,5.961265954381562,2050.0,8.537,9.44,4933000.0,54.7,45.84,0,1.0,1.0,0.0,1.0,1.0,1.0,1.0,1.0,1.0,1.0,1.0,1.0,1.0,1.0
5.7230629757122,5.54,,950.2670603764088,871.271104608871,102.15373903790191,62.83622462624301,147.56888853351796,11.55312120667402,2050.0,40.5,9.44,4933000.0,54.7,45.84,0,1.0,1.0,1.0,1.0,1.0,1.0,1.0,1.0,1.0,0.0,1.0,1.0,1.0,1.0
5.6900629757122,5.54,,950.2670603764088,871.271104608871,97.741421476541,62.83622462624301,132.60293418995175,11.39935279914595,2050.0,1.81,9.44,4933000.0,54.7,45.84,0,1.0,1.0,1.0,1.0,1.0,1.0,1.0,1.0,1.0,0.0,1.0,1.0,1.0,1.0
5.6900629757122,5.54,,950.2670603764088,871.271104608871,97.741421476541,62.83622462624301,132.60293418995175,11.39935279914595,2050.0,5.54,9.44,4933000.0,54.7,45.84,0,1.0,1.0,1.0,1.0,1.0,1.0,1.0,1.0,1.0,0.0,1.0,1.0,1.0,1.0
5.110296550778675,5.54,19.64,1027.543136654311,22.0,889.6574181910566,294.26823262546833,153.18137220593317,19.328239583333335,2050.0,8.537,9.44,4933000.0,54.7,45.84,0,1.0,1.0,1.0,0.0,1.0,1.0,1.0,1.0,1.0,1.0,1.0,1.0,1.0,1.0
4.972561698457793,5.54,19.64,1027.543136654311,1350.0,97.75191069919046,69.72275590570015,51.45433060462972,10.523112910692,2050.0,8.537,9.44,4933000.0,54.7,45.84,0,1.0,1.0,1.0,0.0,1.0,1.0,1.0,1.0,1.0,1.0,1.0,1.0,1.0,1.0
6.592151561273671,5.54,19.64,12635.878016229792,5280.0,139.48758136382872,86.89837576278849,59.16451051252271,44.65183606298679,2050.0,8.537,9.44,4933000.0,54.7,45.84,0,1.0,1.0,1.0,0.0,1.0,1.0,1.0,1.0,1.0,1.0,1.0,1.0,1.0,1.0
6.323151740620489,5.54,19.64,21042.969141616828,7400.0,76.85173553687055,98.75618272749357,65.39314687844339,46.73986185370258,2050.0,8.537,9.44,4933000.0,54.7,45.84,1,1.0,1.0,1.0,0.0,1.0,1.0,1.0,1.0,1.0,1.0,1.0,1.0,1.0,1.0
7.294547439096377,5.54,19.64,299904.11236701894,15160.0,30569.640999999996,3393.336388888888,14342.598125000004,870.07475,2050.0,8.537,9.44,4933000.0,54.7,45.84,1,1.0,1.0,1.0,0.0,1.0,1.0,1.0,1.0,1.0,1.0,1.0,1.0,1.0,1.0
4.869716100673224,5.54,0.349,1027.543136654311,590.0,99.14976689656744,70.40268550868934,130.1427505725275,11.749131020973252,2050.0,8.537,9.44,4933000.0,54.7,45.84,0,1.0,1.0,1.0,0.0,1.0,1.0,1.0,1.0,1.0,1.0,1.0,1.0,1.0,1.0
6.568302751749863,5.54,0.349,2943.2200096562997,3920.0,132.1984031543355,83.23292400113853,45.22569423870903,5.083904089379906,2050.0,8.537,9.44,4933000.0,54.7,45.84,0,1.0,1.0,1.0,0.0,1.0,1.0,1.0,1.0,1.0,1.0,1.0,1.0,1.0,1.0
6.3985306212509325,5.54,0.349,778.317554748448,3170.0,139.09527691553018,115.09717731342124,41.29380146093125,5.698523957163374,2050.0,8.537,9.44,4933000.0,54.7,45.84,0,1.0,1.0,1.0,0.0,1.0,1.0,1.0,1.0,1.0,1.0,1.0,1.0,1.0,1.0
5.981270788239536,5.54,0.349,21042.969141616828,8490.0,131.39242014066085,103.278680670363,59.16451051252271,60.18361586618596,2050.0,8.537,9.44,4933000.0,54.7,45.84,1,1.0,1.0,1.0,0.0,1.0,1.0,1.0,1.0,1.0,1.0,1.0,1.0,1.0,1.0
6.180851666666666,5.54,0.349,21042.969141616828,16500.0,4103.823568533171,413.49251651125826,972.6694864930698,476.59204512253143,2050.0,8.537,9.44,4933000.0,54.7,45.84,1,1.0,1.0,1.0,0.0,1.0,1.0,1.0,1.0,1.0,1.0,1.0,1.0,1.0,1.0
4.914561698457793,5.54,1.15,1027.543136654311,1340.0,97.75191069919046,69.72275590570015,116.3119238366272,10.523112910692,2050.0,8.537,9.44,4933000.0,54.7,45.84,0,1.0,1.0,1.0,0.0,1.0,1.0,1.0,1.0,1.0,1.0,1.0,1.0,1.0,1.0
6.115670111845507,5.54,1.15,1027.543136654311,1780.0,112.1312865768288,86.92609873596399,45.22569423870903,5.452644302941017,2050.0,8.537,9.44,4933000.0,54.7,45.84,0,1.0,1.0,1.0,0.0,1.0,1.0,1.0,1.0,1.0,1.0,1.0,1.0,1.0,1.0
6.475252843473155,5.54,1.15,778.317554748448,2270.0,139.09527691553018,78.77517432734409,41.29380146093125,5.032988374629197,2050.0,8.537,9.44,4933000.0,54.7,45.84,0,1.0,1.0,1.0,0.0,1.0,1.0,1.0,1.0,1.0,1.0,1.0,1.0,1.0,1.0
6.592151561273671,5.54,1.15,20635.052474950156,5610.0,139.48758136382872,90.08269464838862,59.16451051252271,44.65183606298679,2050.0,8.537,9.44,4933000.0,54.7,45.84,1,1.0,1.0,1.0,0.0,1.0,1.0,1.0,1.0,1.0,1.0,1.0,1.0,1.0,1.0
7.159114452765297,5.54,1.15,550581.3680860363,10790.0,158247.55,13614.4375,22217.316,1840.1970176798425,2050.0,8.537,9.44,4933000.0,54.7,45.84,1,1.0,1.0,1.0,0.0,1.0,1.0,1.0,1.0,1.0,1.0,1.0,1.0,1.0,1.0
6.325975212906955,5.54,,248973.06743745576,9315.566276070003,131.0,85.2,1888.4918814086436,108.523741477539,2050.0,8.537,9.44,4933000.0,54.7,45.84,0,1.0,1.0,1.0,1.0,0.0,0.0,1.0,1.0,1.0,1.0,1.0,1.0,1.0,1.0
6.603789122008453,5.54,,950.2670603764088,1620.694422732843,47.8,20.9,70.28132938943003,4.226600246177728,2050.0,8.537,9.44,4933000.0,54.7,45.84,0,1.0,1.0,1.0,1.0,0.0,0.0,1.0,1.0,1.0,1.0,1.0,1.0,1.0,1.0
6.271895833333334,5.54,,21042.969141616828,18240.97862119256,9.67,261.4591172503768,95.7152931270814,518.6769067245789,2050.0,8.537,9.44,4933000.0,54.7,45.84,0,1.0,1.0,1.0,1.0,0.0,1.0,1.0,1.0,1.0,1.0,1.0,1.0,1.0,1.0
6.271895833333334,5.54,,21042.969141616828,18240.97862119256,6.22,261.4591172503768,95.7152931270814,518.6769067245789,2050.0,8.537,9.44,4933000.0,54.7,45.84,0,1.0,1.0,1.0,1.0,0.0,1.0,1.0,1.0,1.0,1.0,1.0,1.0,1.0,1.0
6.271895833333334,5.54,,21042.969141616828,18240.97862119256,3.44,261.4591172503768,95.7152931270814,518.6769067245789,2050.0,8.537,9.44,4933000.0,54.7,45.84,0,1.0,1.0,1.0,1.0,0.0,1.0,1.0,1.0,1.0,1.0,1.0,1.0,1.0,1.0
6.271895833333334,5.54,,21042.969141616828,18240.97862119256,0.883,261.4591172503768,95.7152931270814,518.6769067245789,2050.0,8.537,9.44,4933000.0,54.7,45.84,0,1.0,1.0,1.0,1.0,0.0,1.0,1.0,1.0,1.0,1.0,1.0,1.0,1.0,1.0
6.271895833333334,5.54,,21042.969141616828,18240.97862119256,0.092,261.4591172503768,95.7152931270814,518.6769067245789,2050.0,8.537,9.44,4933000.0,54.7,45.84,0,1.0,1.0,1.0,1.0,0.0,1.0,1.0,1.0,1.0,1.0,1.0,1.0,1.0,1.0
6.271895833333334,5.54,,21042.969141616828,18240.97862119256,0.0,261.4591172503768,95.7152931270814,518.6769067245789,2050.0,8.537,9.44,4933000.0,54.7,45.84,0,1.0,1.0,1.0,1.0,0.0,1.0,1.0,1.0,1.0,1.0,1.0,1.0,1.0,1.0
6.54399299105607,5.54,,950.2670603764088,1620.694422732843,32.6,19.7,70.28132938943003,0.926,2050.0,8.537,9.44,4933000.0,54.7,45.84,0,1.0,1.0,1.0,1.0,0.0,0.0,1.0,0.0,1.0,1.0,1.0,1.0,1.0,1.0
6.713240695762572,5.54,,38641.40527878342,24472.84924135018,2286.889887715308,332.10604390175746,564.8559725651824,544.53025,2050.0,8.537,9.44,4933000.0,54.7,45.84,0,1.0,1.0,1.0,1.0,1.0,1.0,1.0,1.0,1.0,1.0,1.0,1.0,1.0,1.0
6.713240695762572,5.54,,38641.40527878342,24472.84924135018,2286.889887715308,332.10604390175746,564.8559725651824,544.53025,2050.0,8.537,9.44,4933000.0,54.7,45.84,0,1.0,1.0,1.0,1.0,1.0,1.0,1.0,1.0,1.0,1.0,1.0,1.0,1.0,1.0
6.713240695762572,5.54,,38641.40527878342,24472.84924135018,2286.889887715308,332.10604390175746,564.8559725651824,544.53025,2050.0,8.537,9.44,4933000.0,54.7,45.84,0,1.0,1.0,1.0,1.0,1.0,1.0,1.0,1.0,1.0,1.0,1.0,1.0,1.0,1.0
6.713240695762572,5.54,,38641.40527878342,24472.84924135018,2286.889887715308,332.10604390175746,564.8559725651824,544.53025,2050.0,8.537,9.44,4933000.0,54.7,45.84,0,1.0,1.0,1.0,1.0,1.0,1.0,1.0,1.0,1.0,1.0,1.0,1.0,1.0,1.0
6.713240695762572,5.54,,38641.40527878342,24472.84924135018,2286.889887715308,332.10604390175746,564.8559725651824,544.53025,2050.0,8.537,9.44,4933000.0,54.7,45.84,0,1.0,1.0,1.0,1.0,1.0,1.0,1.0,1.0,1.0,1.0,1.0,1.0,1.0,1.0
6.713240695762572,5.54,,38641.40527878342,24472.84924135018,2286.889887715308,332.10604390175746,564.8559725651824,544.53025,2050.0,8.537,9.44,4933000.0,54.7,45.84,0,1.0,1.0,1.0,1.0,1.0,1.0,1.0,1.0,1.0,1.0,1.0,1.0,1.0,1.0
6.713240695762572,5.54,,38641.40527878342,24472.84924135018,2286.889887715308,332.10604390175746,564.8559725651824,544.53025,2050.0,8.537,9.44,4933000.0,54.7,45.84,0,1.0,1.0,1.0,1.0,1.0,1.0,1.0,1.0,1.0,1.0,1.0,1.0,1.0,1.0
6.713240695762572,5.54,,38641.40527878342,24472.84924135018,2286.889887715308,332.10604390175746,564.8559725651824,544.53025,2050.0,8.537,9.44,4933000.0,54.7,45.84,0,1.0,1.0,1.0,1.0,1.0,1.0,1.0,1.0,1.0,1.0,1.0,1.0,1.0,1.0
6.713240695762572,5.54,,38641.40527878342,24472.84924135018,2286.889887715308,332.10604390175746,564.8559725651824,544.53025,2050.0,8.537,9.44,4933000.0,54.7,45.84,0,1.0,1.0,1.0,1.0,1.0,1.0,1.0,1.0,1.0,1.0,1.0,1.0,1.0,1.0
6.713240695762572,5.54,,38641.40527878342,24472.84924135018,2286.889887715308,332.10604390175746,564.8559725651824,544.53025,2050.0,8.537,9.44,4933000.0,54.7,45.84,0,1.0,1.0,1.0,1.0,1.0,1.0,1.0,1.0,1.0,1.0,1.0,1.0,1.0,1.0
6.713240695762572,5.54,,38641.40527878342,24472.84924135018,2286.889887715308,332.10604390175746,564.8559725651824,544.53025,2050.0,8.537,9.44,4933000.0,54.7,45.84,0,1.0,1.0,1.0,1.0,1.0,1.0,1.0,1.0,1.0,1.0,1.0,1.0,1.0,1.0
6.713240695762572,5.54,,38641.40527878342,24472.84924135018,2286.889887715308,332.10604390175746,564.8559725651824,544.53025,2050.0,8.537,9.44,4933000.0,54.7,45.84,0,1.0,1.0,1.0,1.0,1.0,1.0,1.0,1.0,1.0,1.0,1.0,1.0,1.0,1.0
6.713240695762572,5.54,,38641.40527878342,24472.84924135018,2286.889887715308,332.10604390175746,564.8559725651824,544.53025,2050.0,8.537,9.44,4933000.0,54.7,45.84,0,1.0,1.0,1.0,1.0,1.0,1.0,1.0,1.0,1.0,1.0,1.0,1.0,1.0,1.0
6.713240695762572,5.54,,38641.40527878342,24472.84924135018,2286.889887715308,332.10604390175746,564.8559725651824,544.53025,2050.0,8.537,9.44,4933000.0,54.7,45.84,0,1.0,1.0,1.0,1.0,1.0,1.0,1.0,1.0,1.0,1.0,1.0,1.0,1.0,1.0
6.713240695762572,5.54,,38641.40527878342,24472.84924135018,2286.889887715308,332.10604390175746,564.8559725651824,544.53025,2050.0,8.537,9.44,4933000.0,54.7,45.84,0,1.0,1.0,1.0,1.0,1.0,1.0,1.0,1.0,1.0,1.0,1.0,1.0,1.0,1.0
6.713240695762572,5.54,,38641.40527878342,24472.84924135018,2286.889887715308,332.10604390175746,564.8559725651824,544.53025,2050.0,8.537,9.44,4933000.0,54.7,45.84,0,1.0,1.0,1.0,1.0,1.0,1.0,1.0,1.0,1.0,1.0,1.0,1.0,1.0,1.0
6.713240695762572,5.54,,38641.40527878342,24472.84924135018,2286.889887715308,332.10604390175746,564.8559725651824,544.53025,2050.0,8.537,9.44,4933000.0,54.7,45.84,0,1.0,1.0,1.0,1.0,1.0,1.0,1.0,1.0,1.0,1.0,1.0,1.0,1.0,1.0
6.713240695762572,5.54,,38641.40527878342,24472.84924135018,2286.889887715308,332.10604390175746,564.8559725651824,544.53025,2050.0,8.537,9.44,4933000.0,54.7,45.84,0,1.0,1.0,1.0,1.0,1.0,1.0,1.0,1.0,1.0,1.0,1.0,1.0,1.0,1.0
6.713240695762572,5.54,,38641.40527878342,24472.84924135018,2286.889887715308,332.10604390175746,564.8559725651824,544.53025,2050.0,8.537,9.44,4933000.0,54.7,45.84,0,1.0,1.0,1.0,1.0,1.0,1.0,1.0,1.0,1.0,1.0,1.0,1.0,1.0,1.0
6.713240695762572,5.54,,38641.40527878342,24472.84924135018,2286.889887715308,332.10604390175746,564.8559725651824,544.53025,2050.0,8.537,9.44,4933000.0,54.7,45.84,0,1.0,1.0,1.0,1.0,1.0,1.0,1.0,1.0,1.0,1.0,1.0,1.0,1.0,1.0
7.712221755315833,5.54,,350.2,7.4,21254.711479166665,529.6690931682651,386.07318972178535,30.429689526353194,2050.0,8.537,9.44,4933000.0,54.7,45.84,0,1.0,1.0,0.0,0.0,1.0,1.0,1.0,1.0,1.0,1.0,1.0,1.0,1.0,1.0
6.718581763266384,5.54,,21324.618220048196,25254.45634341478,1959.426562961063,307.0249472662964,46.52,539.3452500000001,2050.0,8.537,9.44,4933000.0,54.7,45.84,0,1.0,1.0,1.0,1.0,1.0,1.0,0.0,1.0,1.0,1.0,1.0,1.0,1.0,1.0
6.713240695762572,5.54,,38641.40527878342,24472.84924135018,2286.889887715308,332.10604390175746,564.8559725651824,544.53025,2050.0,8.537,9.44,4933000.0,54.7,45.84,0,1.0,1.0,1.0,1.0,1.0,1.0,1.0,1.0,1.0,1.0,1.0,1.0,1.0,1.0
6.713240695762572,5.54,,38641.40527878342,24472.84924135018,2286.889887715308,332.10604390175746,564.8559725651824,544.53025,2050.0,8.537,9.44,4933000.0,54.7,45.84,0,1.0,1.0,1.0,1.0,1.0,1.0,1.0,1.0,1.0,1.0,1.0,1.0,1.0,1.0
6.713240695762572,5.54,,38641.40527878342,24472.84924135018,2286.889887715308,332.10604390175746,564.8559725651824,544.53025,2050.0,8.537,9.44,4933000.0,54.7,45.84,0,1.0,1.0,1.0,1.0,1.0,1.0,1.0,1.0,1.0,1.0,1.0,1.0,1.0,1.0
7.8,5.54,1.385,1706571.522790172,121418.52998148146,284944.7778554332,191.0,2.6,3230.25,2050.0,8.537,9.44,4933000.0,54.7,45.84,0,0.0,1.0,1.0,1.0,1.0,0.0,0.0,1.0,1.0,1.0,1.0,1.0,1.0,1.0
6.713240695762572,5.54,,38641.40527878342,24472.84924135018,2286.889887715308,332.10604390175746,564.8559725651824,544.53025,2050.0,8.537,9.44,4933000.0,54.7,45.84,0,1.0,1.0,1.0,1.0,1.0,1.0,1.0,1.0,1.0,1.0,1.0,1.0,1.0,1.0
6.62,5.54,1.822,225015.3729130664,27160.349241350184,2286.889887715308,302.2182939017574,1957.2635602412645,568.5,2050.0,8.537,9.44,4933000.0,54.7,45.84,0,0.0,1.0,1.0,1.0,1.0,1.0,1.0,1.0,1.0,1.0,1.0,1.0,1.0,1.0
6.62,5.54,1.822,225015.3729130664,27160.349241350184,2286.889887715308,302.2182939017574,1957.2635602412645,568.5,2050.0,8.537,9.44,4933000.0,54.7,45.84,0,0.0,1.0,1.0,1.0,1.0,1.0,1.0,1.0,1.0,1.0,1.0,1.0,1.0,1.0
6.718581763266384,5.54,,21324.618220048196,25254.45634341478,1959.426562961063,306.9999472662964,62.33,539.3452500000001,2050.0,8.537,9.44,4933000.0,54.7,45.84,0,1.0,1.0,1.0,1.0,1.0,1.0,0.0,1.0,1.0,1.0,1.0,1.0,1.0,1.0
6.718581763266384,5.54,,21324.618220048196,25254.45634341478,1959.426562961063,307.0249472662964,51.09,539.3452500000001,2050.0,8.537,9.44,4933000.0,54.7,45.84,0,1.0,1.0,1.0,1.0,1.0,1.0,0.0,1.0,1.0,1.0,1.0,1.0,1.0,1.0
5.910307586312037,5.54,,778.317554748448,1667.640569424486,165.65858551741408,119.0,40.7670484053757,8.95,2050.0,8.537,9.44,4933000.0,47.8,45.84,0,1.0,1.0,1.0,1.0,1.0,0.0,1.0,0.0,1.0,1.0,1.0,1.0,0.0,1.0
6.502538742690058,5.54,,758.3672181071645,1667.640569424486,107.08470862254296,8.71,44.83398810203367,0.47,2050.0,8.537,9.44,4933000.0,13.6,45.84,0,1.0,1.0,1.0,1.0,1.0,0.0,1.0,0.0,1.0,1.0,1.0,1.0,0.0,1.0
6.638263888888891,5.54,6.92,201.0,1667.640569424486,96.21354908710045,2.85,46.99568477129639,0.4,2050.0,8.537,9.44,4933000.0,54.7,45.84,0,1.0,1.0,0.0,1.0,1.0,0.0,1.0,0.0,1.0,1.0,1.0,1.0,1.0,1.0
5.19455915761628,5.54,,1027.543136654311,39.8,1851.2731333333336,345.68858838964167,226.22312093529703,19.525944256588296,2050.0,8.537,9.44,4933000.0,222.6,223.5,0,1.0,1.0,1.0,0.0,1.0,1.0,1.0,1.0,1.0,1.0,1.0,1.0,0.0,0.0
5.203506531613113,5.54,,1027.543136654311,201.0349243524495,580.8380177621353,274.3461760771296,187.58003502587547,28.63920705516392,2050.0,8.537,9.44,4933000.0,214.0,497.7,0,1.0,1.0,1.0,1.0,1.0,1.0,1.0,1.0,1.0,1.0,1.0,1.0,0.0,0.0
5.19455915761628,5.54,,1027.543136654311,48.7,1851.2731333333336,345.68858838964167,226.22312093529703,19.525944256588296,2050.0,8.537,9.44,4933000.0,307.0,316.4,0,1.0,1.0,1.0,0.0,1.0,1.0,1.0,1.0,1.0,1.0,1.0,1.0,0.0,0.0
5.203506531613113,5.54,,1027.543136654311,201.0349243524495,580.8380177621353,274.3461760771296,187.58003502587547,28.63920705516392,2050.0,8.537,9.44,4933000.0,249.9,468.1,0,1.0,1.0,1.0,1.0,1.0,1.0,1.0,1.0,1.0,1.0,1.0,1.0,0.0,0.0
6.724391220238094,5.54,,38641.40527878342,24472.84924135018,2286.889887715308,332.10604390175746,564.8559725651824,544.53025,2050.0,8.537,1.309,4933000.0,54.7,45.84,0,1.0,1.0,1.0,1.0,1.0,1.0,1.0,1.0,1.0,1.0,0.0,1.0,1.0,1.0
6.724391220238094,5.54,,38641.40527878342,24472.84924135018,2286.889887715308,332.10604390175746,564.8559725651824,544.53025,2050.0,8.537,1.319,4933000.0,54.7,45.84,0,1.0,1.0,1.0,1.0,1.0,1.0,1.0,1.0,1.0,1.0,0.0,1.0,1.0,1.0
6.726141220238096,5.54,,38641.40527878342,24472.84924135018,2286.889887715308,332.10604390175746,564.8559725651824,544.53025,2050.0,8.537,1.283,4933000.0,54.7,45.84,0,1.0,1.0,1.0,1.0,1.0,1.0,1.0,1.0,1.0,1.0,0.0,1.0,1.0,1.0
6.713240695762572,5.54,,38641.40527878342,24472.84924135018,2286.889887715308,332.10604390175746,564.8559725651824,544.53025,2050.0,8.537,9.44,4933000.0,54.7,45.84,0,1.0,1.0,1.0,1.0,1.0,1.0,1.0,1.0,1.0,1.0,1.0,1.0,1.0,1.0
6.713240695762572,5.54,,38641.40527878342,24472.84924135018,2286.889887715308,332.10604390175746,564.8559725651824,544.53025,2050.0,8.537,9.44,4933000.0,54.7,45.84,0,1.0,1.0,1.0,1.0,1.0,1.0,1.0,1.0,1.0,1.0,1.0,1.0,1.0,1.0
6.713240695762572,5.54,,38641.40527878342,24472.84924135018,2286.889887715308,332.10604390175746,564.8559725651824,544.53025,2050.0,8.537,9.44,4933000.0,54.7,45.84,0,1.0,1.0,1.0,1.0,1.0,1.0,1.0,1.0,1.0,1.0,1.0,1.0,1.0,1.0
6.713240695762572,5.54,,38641.40527878342,24472.84924135018,2286.889887715308,332.10604390175746,564.8559725651824,544.53025,2050.0,8.537,9.44,4933000.0,54.7,45.84,0,1.0,1.0,1.0,1.0,1.0,1.0,1.0,1.0,1.0,1.0,1.0,1.0,1.0,1.0
6.713240695762572,5.54,,38641.40527878342,24472.84924135018,2286.889887715308,332.10604390175746,564.8559725651824,544.53025,2050.0,8.537,9.44,4933000.0,54.7,45.84,0,1.0,1.0,1.0,1.0,1.0,1.0,1.0,1.0,1.0,1.0,1.0,1.0,1.0,1.0
6.713240695762572,5.54,,38641.40527878342,24472.84924135018,2286.889887715308,332.10604390175746,564.8559725651824,544.53025,2050.0,8.537,9.44,4933000.0,54.7,45.84,0,1.0,1.0,1.0,1.0,1.0,1.0,1.0,1.0,1.0,1.0,1.0,1.0,1.0,1.0
6.713240695762572,5.54,,38641.40527878342,24472.84924135018,2286.889887715308,332.10604390175746,564.8559725651824,544.53025,2050.0,8.537,9.44,4933000.0,54.7,45.84,0,1.0,1.0,1.0,1.0,1.0,1.0,1.0,1.0,1.0,1.0,1.0,1.0,1.0,1.0
6.713240695762572,5.54,,38641.40527878342,24472.84924135018,2286.889887715308,332.10604390175746,564.8559725651824,544.53025,2050.0,8.537,9.44,4933000.0,54.7,45.84,0,1.0,1.0,1.0,1.0,1.0,1.0,1.0,1.0,1.0,1.0,1.0,1.0,1.0,1.0
6.713240695762572,5.54,,38641.40527878342,24472.84924135018,2286.889887715308,332.10604390175746,564.8559725651824,544.53025,2050.0,8.537,9.44,4933000.0,54.7,45.84,0,1.0,1.0,1.0,1.0,1.0,1.0,1.0,1.0,1.0,1.0,1.0,1.0,1.0,1.0
6.713240695762572,5.54,,38641.40527878342,24472.84924135018,2286.889887715308,332.10604390175746,564.8559725651824,544.53025,2050.0,8.537,9.44,4933000.0,54.7,45.84,0,1.0,1.0,1.0,1.0,1.0,1.0,1.0,1.0,1.0,1.0,1.0,1.0,1.0,1.0
6.713240695762572,5.54,,38641.40527878342,24472.84924135018,2286.889887715308,332.10604390175746,564.8559725651824,544.53025,2050.0,8.537,9.44,4933000.0,54.7,45.84,0,1.0,1.0,1.0,1.0,1.0,1.0,1.0,1.0,1.0,1.0,1.0,1.0,1.0,1.0
6.713240695762572,5.54,,38641.40527878342,24472.84924135018,2286.889887715308,332.10604390175746,564.8559725651824,544.53025,2050.0,8.537,9.44,4933000.0,54.7,45.84,0,1.0,1.0,1.0,1.0,1.0,1.0,1.0,1.0,1.0,1.0,1.0,1.0,1.0,1.0
6.713240695762572,5.54,,38641.40527878342,24472.84924135018,2286.889887715308,332.10604390175746,564.8559725651824,544.53025,2050.0,8.537,9.44,4933000.0,54.7,45.84,0,1.0,1.0,1.0,1.0,1.0,1.0,1.0,1.0,1.0,1.0,1.0,1.0,1.0,1.0
6.713240695762572,5.54,,38641.40527878342,24472.84924135018,2286.889887715308,332.10604390175746,564.8559725651824,544.53025,2050.0,8.537,9.44,4933000.0,54.7,45.84,0,1.0,1.0,1.0,1.0,1.0,1.0,1.0,1.0,1.0,1.0,1.0,1.0,1.0,1.0
5.107046550778674,5.54,,1027.543136654311,97.3,1508.4603973577234,312.84930723805917,130.11552901059,19.072789583333336,2050.0,8.537,9.44,4933000.0,1623.7,429.0,0,1.0,1.0,1.0,0.0,1.0,1.0,1.0,1.0,1.0,1.0,1.0,1.0,0.0,0.0
5.110296550778675,5.54,,1027.543136654311,42.0,889.6574181910566,294.26823262546833,153.18137220593317,19.328239583333335,2050.0,8.537,9.44,4933000.0,54.7,45.84,0,1.0,1.0,1.0,0.0,1.0,1.0,1.0,1.0,1.0,1.0,1.0,1.0,1.0,1.0
5.110296550778675,5.54,,1027.543136654311,47.0,889.6574181910566,294.26823262546833,153.18137220593317,19.328239583333335,2050.0,8.537,9.44,4933000.0,54.7,45.84,0,1.0,1.0,1.0,0.0,1.0,1.0,1.0,1.0,1.0,1.0,1.0,1.0,1.0,1.0
5.110296550778675,5.54,,1027.543136654311,13.0,889.6574181910566,294.26823262546833,153.18137220593317,19.328239583333335,2050.0,8.537,9.44,4933000.0,54.7,45.84,0,1.0,1.0,1.0,0.0,1.0,1.0,1.0,1.0,1.0,1.0,1.0,1.0,1.0,1.0
5.110296550778675,5.54,,1027.543136654311,11.0,889.6574181910566,294.26823262546833,153.18137220593317,19.328239583333335,2050.0,8.537,9.44,4933000.0,54.7,45.84,0,1.0,1.0,1.0,0.0,1.0,1.0,1.0,1.0,1.0,1.0,1.0,1.0,1.0,1.0
4.86322983624321,5.54,,1027.543136654311,345.0,98.19493582616144,166.15357231028017,135.28880087014653,16.662264455190527,2050.0,8.537,9.44,4933000.0,54.7,45.84,0,1.0,1.0,1.0,0.0,1.0,1.0,1.0,1.0,1.0,1.0,1.0,1.0,1.0,1.0
5.094796550778674,5.54,,1027.543136654311,137.0,1508.4603973577234,307.11155723805916,168.2018493188587,22.688706250000003,2050.0,8.537,9.44,4933000.0,54.7,45.84,0,1.0,1.0,1.0,0.0,1.0,1.0,1.0,1.0,1.0,1.0,1.0,1.0,1.0,1.0
5.026457265064389,5.54,,1027.543136654311,139.0,1570.0654416666669,367.5924919774776,251.49182741843197,22.688706250000003,2050.0,8.537,9.44,4933000.0,54.7,45.84,0,1.0,1.0,1.0,0.0,1.0,1.0,1.0,1.0,1.0,1.0,1.0,1.0,1.0,1.0
5.110296550778675,5.54,,1027.543136654311,42.0,889.6574181910566,294.26823262546833,153.18137220593317,19.328239583333335,2050.0,8.537,9.44,4933000.0,54.7,45.84,0,1.0,1.0,1.0,0.0,1.0,1.0,1.0,1.0,1.0,1.0,1.0,1.0,1.0,1.0
5.110296550778675,5.54,,1027.543136654311,47.0,889.6574181910566,294.26823262546833,153.18137220593317,19.328239583333335,2050.0,8.537,9.44,4933000.0,54.7,45.84,0,1.0,1.0,1.0,0.0,1.0,1.0,1.0,1.0,1.0,1.0,1.0,1.0,1.0,1.0
5.110296550778675,5.54,,1027.543136654311,13.0,889.6574181910566,294.26823262546833,153.18137220593317,19.328239583333335,2050.0,8.537,9.44,4933000.0,54.7,45.84,0,1.0,1.0,1.0,0.0,1.0,1.0,1.0,1.0,1.0,1.0,1.0,1.0,1.0,1.0
5.110296550778675,5.54,,1027.543136654311,11.0,889.6574181910566,294.26823262546833,153.18137220593317,19.328239583333335,2050.0,8.537,9.44,4933000.0,54.7,45.84,0,1.0,1.0,1.0,0.0,1.0,1.0,1.0,1.0,1.0,1.0,1.0,1.0,1.0,1.0
4.86322983624321,5.54,,1027.543136654311,345.0,98.19493582616144,166.15357231028017,135.28880087014653,16.662264455190527,2050.0,8.537,9.44,4933000.0,54.7,45.84,0,1.0,1.0,1.0,0.0,1.0,1.0,1.0,1.0,1.0,1.0,1.0,1.0,1.0,1.0
5.094796550778674,5.54,,1027.543136654311,137.0,1508.4603973577234,307.11155723805916,168.2018493188587,22.688706250000003,2050.0,8.537,9.44,4933000.0,54.7,45.84,0,1.0,1.0,1.0,0.0,1.0,1.0,1.0,1.0,1.0,1.0,1.0,1.0,1.0,1.0
5.026457265064389,5.54,,1027.543136654311,139.0,1570.0654416666669,367.5924919774776,251.49182741843197,22.688706250000003,2050.0,8.537,9.44,4933000.0,54.7,45.84,0,1.0,1.0,1.0,0.0,1.0,1.0,1.0,1.0,1.0,1.0,1.0,1.0,1.0,1.0
6.69,5.54,1.29,758.3672181071645,1667.640569424486,114.58105777343818,34.2,40.7670484053757,4.52,2050.0,8.537,9.44,4933000.0,54.7,45.84,0,0.0,1.0,1.0,1.0,1.0,0.0,1.0,0.0,1.0,1.0,1.0,1.0,1.0,1.0
6.69,5.54,1.29,950.2670603764088,1620.694422732843,65.5,34.2,70.28132938943003,4.52,2050.0,8.537,9.44,4933000.0,54.7,45.84,0,0.0,1.0,1.0,1.0,0.0,0.0,1.0,0.0,1.0,1.0,1.0,1.0,1.0,1.0
5.110296550778675,5.54,,1027.543136654311,25.1,889.6574181910566,294.26823262546833,153.18137220593317,19.328239583333335,2050.0,8.537,9.44,4933000.0,54.7,45.84,0,1.0,1.0,1.0,0.0,1.0,1.0,1.0,1.0,1.0,1.0,1.0,1.0,1.0,1.0
5.110296550778675,5.54,,1027.543136654311,25.1,889.6574181910566,294.26823262546833,153.18137220593317,19.328239583333335,2050.0,8.537,9.44,4933000.0,54.7,45.84,0,1.0,1.0,1.0,0.0,1.0,1.0,1.0,1.0,1.0,1.0,1.0,1.0,1.0,1.0
6.486071391658736,5.54,0.76,778.317554748448,1667.640569424486,141.74866764138363,63.6,40.7670484053757,3.9,2050.0,8.537,9.44,4933000.0,54.7,45.84,0,1.0,1.0,1.0,1.0,1.0,0.0,1.0,0.0,1.0,1.0,1.0,1.0,1.0,1.0
5.6900629757122,5.54,,950.2670603764088,871.271104608871,97.741421476541,62.83622462624301,132.60293418995175,11.39935279914595,2050.0,2.4,9.44,4933000.0,54.7,45.84,0,1.0,1.0,1.0,1.0,1.0,1.0,1.0,1.0,1.0,0.0,1.0,1.0,1.0,1.0
5.6900629757122,5.54,,950.2670603764088,871.271104608871,97.741421476541,62.83622462624301,132.60293418995175,11.39935279914595,2050.0,0.454,9.44,4933000.0,54.7,45.84,0,1.0,1.0,1.0,1.0,1.0,1.0,1.0,1.0,1.0,0.0,1.0,1.0,1.0,1.0
5.6900629757122,5.54,,950.2670603764088,871.271104608871,97.741421476541,62.83622462624301,132.60293418995175,11.39935279914595,2050.0,0.841,9.44,4933000.0,54.7,45.84,0,1.0,1.0,1.0,1.0,1.0,1.0,1.0,1.0,1.0,0.0,1.0,1.0,1.0,1.0
5.6900629757122,5.54,,950.2670603764088,871.271104608871,97.741421476541,62.83622462624301,132.60293418995175,11.39935279914595,2050.0,0.889,9.44,4933000.0,54.7,45.84,0,1.0,1.0,1.0,1.0,1.0,1.0,1.0,1.0,1.0,0.0,1.0,1.0,1.0,1.0
5.6900629757122,5.54,,950.2670603764088,871.271104608871,97.741421476541,62.83622462624301,132.60293418995175,11.39935279914595,2050.0,2.42,9.44,4933000.0,54.7,45.84,0,1.0,1.0,1.0,1.0,1.0,1.0,1.0,1.0,1.0,0.0,1.0,1.0,1.0,1.0
5.7230629757122,5.54,,950.2670603764088,871.271104608871,102.15373903790191,62.83622462624301,147.56888853351796,11.55312120667402,2050.0,19.5,9.44,4933000.0,54.7,45.84,0,1.0,1.0,1.0,1.0,1.0,1.0,1.0,1.0,1.0,0.0,1.0,1.0,1.0,1.0
5.6900629757122,5.54,,950.2670603764088,871.271104608871,97.741421476541,62.83622462624301,132.60293418995175,11.39935279914595,2050.0,1.93,9.44,4933000.0,54.7,45.84,0,1.0,1.0,1.0,1.0,1.0,1.0,1.0,1.0,1.0,0.0,1.0,1.0,1.0,1.0
6.699167129120044,5.54,,21324.618220048196,25254.45634341478,1953.277081788025,307.0249472662964,1.84,539.3452500000001,2050.0,8.537,9.44,4933000.0,54.7,45.84,0,1.0,1.0,1.0,1.0,1.0,1.0,0.0,1.0,1.0,1.0,1.0,1.0,1.0,1.0
6.699167129120044,5.54,,21324.618220048196,25254.45634341478,1953.277081788025,307.0249472662964,1.73,539.3452500000001,2050.0,8.537,9.44,4933000.0,54.7,45.84,0,1.0,1.0,1.0,1.0,1.0,1.0,0.0,1.0,1.0,1.0,1.0,1.0,1.0,1.0
6.699167129120044,5.54,,21324.618220048196,25254.45634341478,1947.2423513548188,307.0249472662964,0.138,539.3452500000001,2050.0,8.537,9.44,4933000.0,54.7,45.84,0,1.0,1.0,1.0,1.0,1.0,1.0,0.0,1.0,1.0,1.0,1.0,1.0,1.0,1.0
6.699167129120044,5.54,,21324.618220048196,25254.45634341478,1947.2423513548188,307.0249472662964,1.14,539.3452500000001,2050.0,8.537,9.44,4933000.0,54.7,45.84,0,1.0,1.0,1.0,1.0,1.0,1.0,0.0,1.0,1.0,1.0,1.0,1.0,1.0,1.0
6.699167129120044,5.54,,21324.618220048196,25254.45634341478,1947.2423513548188,307.0249472662964,0.75,539.3452500000001,2050.0,8.537,9.44,4933000.0,54.7,45.84,0,1.0,1.0,1.0,1.0,1.0,1.0,0.0,1.0,1.0,1.0,1.0,1.0,1.0,1.0
6.699167129120044,5.54,,21324.618220048196,25254.45634341478,1947.2423513548188,307.0249472662964,0.66,539.3452500000001,2050.0,8.537,9.44,4933000.0,54.7,45.84,0,1.0,1.0,1.0,1.0,1.0,1.0,0.0,1.0,1.0,1.0,1.0,1.0,1.0,1.0
5.755002601951711,5.54,,950.2670603764088,871.271104608871,134.0,62.11343254999124,145.91635444386628,8.883703013909344,946.0,8.537,9.44,4933000.0,54.7,45.84,0,1.0,1.0,1.0,1.0,0.0,1.0,1.0,1.0,0.0,1.0,1.0,1.0,1.0,1.0
6.0254367656509285,5.54,,950.2670603764088,247.0110403833195,134.0,120.0,145.91635444386628,14.4,946.0,8.537,9.44,4933000.0,54.7,45.84,0,1.0,1.0,1.0,1.0,0.0,0.0,1.0,0.0,0.0,1.0,1.0,1.0,1.0,1.0
5.6900629757122,5.54,,950.2670603764088,871.271104608871,97.741421476541,62.83622462624301,132.60293418995175,11.39935279914595,2050.0,0.92,9.44,4933000.0,54.7,45.84,0,1.0,1.0,1.0,1.0,1.0,1.0,1.0,1.0,1.0,0.0,1.0,1.0,1.0,1.0
5.6900629757122,5.54,,950.2670603764088,871.271104608871,97.741421476541,62.83622462624301,132.60293418995175,11.39935279914595,2050.0,0.22,9.44,4933000.0,54.7,45.84,0,1.0,1.0,1.0,1.0,1.0,1.0,1.0,1.0,1.0,0.0,1.0,1.0,1.0,1.0
6.281005817134794,5.54,,950.2670603764088,219.6812853784296,266.18,61.61174264437297,200.30631660688704,33.64346724775655,2050.0,8.537,9.44,4933000.0,54.7,45.84,0,1.0,1.0,1.0,1.0,0.0,1.0,1.0,1.0,1.0,1.0,1.0,1.0,1.0,1.0
6.257333333333333,5.54,,21042.969141616828,18240.97862119256,73.67,262.3983672503768,95.7152931270814,518.6769067245789,2050.0,8.537,9.44,4933000.0,54.7,45.84,0,1.0,1.0,1.0,1.0,0.0,1.0,1.0,1.0,1.0,1.0,1.0,1.0,1.0,1.0
6.271895833333334,5.54,,21042.969141616828,18240.97862119256,47.69,261.4591172503768,95.7152931270814,518.6769067245789,2050.0,8.537,9.44,4933000.0,54.7,45.84,0,1.0,1.0,1.0,1.0,0.0,1.0,1.0,1.0,1.0,1.0,1.0,1.0,1.0,1.0
5.859768700866103,5.54,,285145.5532579825,15350.52435046329,10862.001,407.44,2051.8588030492424,478.3997499999999,2050.0,8.537,9.44,4933000.0,54.7,45.84,1,1.0,1.0,1.0,1.0,1.0,0.0,1.0,1.0,1.0,1.0,1.0,1.0,1.0,1.0
6.286870521348511,5.54,,285145.5532579825,15350.52435046329,4971.628308736683,96.48,1382.9240837219136,478.3997499999999,2050.0,8.537,9.44,4933000.0,54.7,45.84,0,1.0,1.0,1.0,1.0,1.0,0.0,1.0,1.0,1.0,1.0,1.0,1.0,1.0,1.0
6.281005817134794,5.54,,950.2670603764088,219.6812853784296,266.18,61.61174264437297,200.30631660688704,33.64346724775655,2050.0,8.537,9.44,4933000.0,54.7,45.84,0,1.0,1.0,1.0,1.0,0.0,1.0,1.0,1.0,1.0,1.0,1.0,1.0,1.0,1.0
6.257333333333333,5.54,,21042.969141616828,18240.97862119256,73.67,262.3983672503768,95.7152931270814,518.6769067245789,2050.0,8.537,9.44,4933000.0,54.7,45.84,0,1.0,1.0,1.0,1.0,0.0,1.0,1.0,1.0,1.0,1.0,1.0,1.0,1.0,1.0
6.271895833333334,5.54,,21042.969141616828,18240.97862119256,47.69,261.4591172503768,95.7152931270814,518.6769067245789,2050.0,8.537,9.44,4933000.0,54.7,45.84,0,1.0,1.0,1.0,1.0,0.0,1.0,1.0,1.0,1.0,1.0,1.0,1.0,1.0,1.0
5.859768700866103,5.54,,285145.5532579825,15350.52435046329,10862.001,407.44,2051.8588030492424,478.3997499999999,2050.0,8.537,9.44,4933000.0,54.7,45.84,1,1.0,1.0,1.0,1.0,1.0,0.0,1.0,1.0,1.0,1.0,1.0,1.0,1.0,1.0
6.355,5.54,,20635.052474950156,6330.154709010921,122.61968188005888,8.06,59.16451051252271,45.273407203926816,2050.0,8.537,9.44,4933000.0,54.7,45.84,0,0.0,1.0,1.0,1.0,1.0,0.0,1.0,1.0,1.0,1.0,1.0,1.0,1.0,1.0
6.837264759962238,5.54,,218.56,1667.640569424486,104.36750726041244,13.441373939160297,47.39849624471043,5.62995441690365,2050.0,8.537,9.44,4933000.0,54.7,45.84,0,1.0,1.0,0.0,1.0,1.0,1.0,1.0,1.0,1.0,1.0,1.0,1.0,1.0,1.0
6.837264759962238,5.54,,194.62,1667.640569424486,104.36750726041244,13.441373939160297,47.39849624471043,5.62995441690365,2050.0,8.537,9.44,4933000.0,54.7,45.84,0,1.0,1.0,0.0,1.0,1.0,1.0,1.0,1.0,1.0,1.0,1.0,1.0,1.0,1.0
6.837264759962238,5.54,,188.81,1667.640569424486,104.36750726041244,13.441373939160297,47.39849624471043,5.62995441690365,2050.0,8.537,9.44,4933000.0,54.7,45.84,0,1.0,1.0,0.0,1.0,1.0,1.0,1.0,1.0,1.0,1.0,1.0,1.0,1.0,1.0
6.837264759962238,5.54,,218.56,1667.640569424486,104.36750726041244,13.441373939160297,47.39849624471043,5.62995441690365,2050.0,8.537,9.44,4933000.0,54.7,45.84,0,1.0,1.0,0.0,1.0,1.0,1.0,1.0,1.0,1.0,1.0,1.0,1.0,1.0,1.0
6.837264759962238,5.54,,194.62,1667.640569424486,104.36750726041244,13.441373939160297,47.39849624471043,5.62995441690365,2050.0,8.537,9.44,4933000.0,54.7,45.84,0,1.0,1.0,0.0,1.0,1.0,1.0,1.0,1.0,1.0,1.0,1.0,1.0,1.0,1.0
6.837264759962238,5.54,,188.81,1667.640569424486,104.36750726041244,13.441373939160297,47.39849624471043,5.62995441690365,2050.0,8.537,9.44,4933000.0,54.7,45.84,0,1.0,1.0,0.0,1.0,1.0,1.0,1.0,1.0,1.0,1.0,1.0,1.0,1.0,1.0
6.837264759962238,5.54,,125.79,1667.640569424486,104.36750726041244,13.441373939160297,47.39849624471043,5.62995441690365,2050.0,8.537,9.44,4933000.0,54.7,45.84,0,1.0,1.0,0.0,1.0,1.0,1.0,1.0,1.0,1.0,1.0,1.0,1.0,1.0,1.0
6.718581763266384,5.54,,21324.618220048196,25254.45634341478,1959.426562961063,306.9999472662964,62.33,539.3452500000001,2050.0,8.537,9.44,4933000.0,54.7,45.84,0,1.0,1.0,1.0,1.0,1.0,1.0,0.0,1.0,1.0,1.0,1.0,1.0,1.0,1.0
6.718581763266384,5.54,,21324.618220048196,25254.45634341478,1959.426562961063,307.0249472662964,51.09,539.3452500000001,2050.0,8.537,9.44,4933000.0,54.7,45.84,0,1.0,1.0,1.0,1.0,1.0,1.0,0.0,1.0,1.0,1.0,1.0,1.0,1.0,1.0
6.7148317632663845,5.54,,21324.618220048196,25254.45634341478,1953.277081788025,307.0249472662964,30.21,539.3452500000001,2050.0,8.537,9.44,4933000.0,54.7,45.84,0,1.0,1.0,1.0,1.0,1.0,1.0,0.0,1.0,1.0,1.0,1.0,1.0,1.0,1.0
6.7148317632663845,5.54,,21324.618220048196,25254.45634341478,1959.426562961063,307.0249472662964,38.51,539.3452500000001,2050.0,8.537,9.44,4933000.0,54.7,45.84,0,1.0,1.0,1.0,1.0,1.0,1.0,0.0,1.0,1.0,1.0,1.0,1.0,1.0,1.0
6.718581763266384,5.54,,21732.534886714864,25254.45634341478,1925.6403484417556,306.9999472662964,82.16,539.4702546367367,2050.0,8.537,9.44,4933000.0,54.7,45.84,0,1.0,1.0,1.0,1.0,1.0,1.0,0.0,1.0,1.0,1.0,1.0,1.0,1.0,1.0
6.701915096599717,5.54,,21732.534886714864,25254.45634341478,773.2902086989054,292.5681555996297,111.05,541.0244386338776,2050.0,8.537,9.44,4933000.0,54.7,45.84,0,1.0,1.0,1.0,1.0,1.0,1.0,0.0,1.0,1.0,1.0,1.0,1.0,1.0,1.0
6.718581763266384,5.54,,21324.618220048196,25254.45634341478,1959.426562961063,307.0249472662964,48.59,539.3452500000001,2050.0,8.537,9.44,4933000.0,54.7,45.84,0,1.0,1.0,1.0,1.0,1.0,1.0,0.0,1.0,1.0,1.0,1.0,1.0,1.0,1.0
6.718581763266384,5.54,,21324.618220048196,25254.45634341478,1959.426562961063,307.0249472662964,51.64,539.3452500000001,2050.0,8.537,9.44,4933000.0,54.7,45.84,0,1.0,1.0,1.0,1.0,1.0,1.0,0.0,1.0,1.0,1.0,1.0,1.0,1.0,1.0
6.718581763266384,5.54,,21324.618220048196,25254.45634341478,1959.426562961063,307.0249472662964,52.26,539.3452500000001,2050.0,8.537,9.44,4933000.0,54.7,45.84,0,1.0,1.0,1.0,1.0,1.0,1.0,0.0,1.0,1.0,1.0,1.0,1.0,1.0,1.0
6.718581763266384,5.54,,21324.618220048196,25254.45634341478,1959.426562961063,307.0249472662964,53.65,539.3452500000001,2050.0,8.537,9.44,4933000.0,54.7,45.84,0,1.0,1.0,1.0,1.0,1.0,1.0,0.0,1.0,1.0,1.0,1.0,1.0,1.0,1.0
6.718581763266384,5.54,,21732.534886714864,25254.45634341478,1925.6403484417556,306.9999472662964,82.27,539.4702546367367,2050.0,8.537,9.44,4933000.0,54.7,45.84,0,1.0,1.0,1.0,1.0,1.0,1.0,0.0,1.0,1.0,1.0,1.0,1.0,1.0,1.0
6.718581763266384,5.54,,21324.618220048196,25254.45634341478,1959.426562961063,306.9999472662964,65.44,539.4702546367367,2050.0,8.537,9.44,4933000.0,54.7,45.84,0,1.0,1.0,1.0,1.0,1.0,1.0,0.0,1.0,1.0,1.0,1.0,1.0,1.0,1.0
6.718581763266384,5.54,,21324.618220048196,25254.45634341478,1959.426562961063,307.0249472662964,51.12,539.3452500000001,2050.0,8.537,9.44,4933000.0,54.7,45.84,0,1.0,1.0,1.0,1.0,1.0,1.0,0.0,1.0,1.0,1.0,1.0,1.0,1.0,1.0
6.7148317632663845,5.54,,21324.618220048196,25254.45634341478,1953.277081788025,307.0249472662964,28.68,539.3452500000001,2050.0,8.537,9.44,4933000.0,54.7,45.84,0,1.0,1.0,1.0,1.0,1.0,1.0,0.0,1.0,1.0,1.0,1.0,1.0,1.0,1.0
6.699167129120044,5.54,,21324.618220048196,25254.45634341478,1953.277081788025,307.0249472662964,23.87,539.3452500000001,2050.0,8.537,9.44,4933000.0,54.7,45.84,0,1.0,1.0,1.0,1.0,1.0,1.0,0.0,1.0,1.0,1.0,1.0,1.0,1.0,1.0
6.718581763266384,5.54,,21324.618220048196,25254.45634341478,1925.6403484417556,306.9999472662964,74.52,539.4702546367367,2050.0,8.537,9.44,4933000.0,54.7,45.84,0,1.0,1.0,1.0,1.0,1.0,1.0,0.0,1.0,1.0,1.0,1.0,1.0,1.0,1.0
6.59,5.54,1.05,225015.3729130664,27160.349241350184,2286.889887715308,302.2182939017574,1957.2635602412645,568.5,2050.0,8.537,255.0,4933000.0,54.7,45.84,0,0.0,1.0,1.0,1.0,1.0,1.0,1.0,1.0,1.0,1.0,0.0,1.0,1.0,1.0
7.712221755315833,5.54,,141.4,1.8,21254.711479166665,529.6690931682651,386.1631897217854,30.429689526353194,2050.0,8.537,9.44,4933000.0,54.7,45.84,0,1.0,1.0,0.0,0.0,1.0,1.0,1.0,1.0,1.0,1.0,1.0,1.0,1.0,1.0
7.712221755315833,5.54,,115.3,2.9,21254.711479166665,529.6690931682651,386.1631897217854,30.429689526353194,2050.0,8.537,9.44,4933000.0,54.7,45.84,0,1.0,1.0,0.0,0.0,1.0,1.0,1.0,1.0,1.0,1.0,1.0,1.0,1.0,1.0
6.837264759962238,5.54,,36.9,1667.640569424486,104.36750726041244,13.441373939160297,47.39849624471043,5.62995441690365,2050.0,8.537,9.44,4933000.0,54.7,45.84,0,1.0,1.0,0.0,1.0,1.0,1.0,1.0,1.0,1.0,1.0,1.0,1.0,1.0,1.0
6.837264759962238,5.54,,377.6,1667.640569424486,104.36750726041244,13.441373939160297,47.39849624471043,5.932494741782916,2050.0,8.537,9.44,4933000.0,54.7,45.84,0,1.0,1.0,0.0,1.0,1.0,1.0,1.0,1.0,1.0,1.0,1.0,1.0,1.0,1.0
5.110296550778675,5.54,,1027.543136654311,12.24,889.6574181910566,294.26823262546833,153.18137220593317,19.328239583333335,2050.0,8.537,9.44,4933000.0,54.7,45.84,0,1.0,1.0,1.0,0.0,1.0,1.0,1.0,1.0,1.0,1.0,1.0,1.0,1.0,1.0
5.110296550778675,5.54,,1027.543136654311,1.73,889.6574181910566,294.26823262546833,153.18137220593317,19.328239583333335,2050.0,8.537,9.44,4933000.0,54.7,45.84,0,1.0,1.0,1.0,0.0,1.0,1.0,1.0,1.0,1.0,1.0,1.0,1.0,1.0,1.0
5.110296550778675,5.54,,1027.543136654311,4.31,889.6574181910566,294.26823262546833,153.18137220593317,19.328239583333335,2050.0,8.537,9.44,4933000.0,54.7,45.84,0,1.0,1.0,1.0,0.0,1.0,1.0,1.0,1.0,1.0,1.0,1.0,1.0,1.0,1.0
6.713240695762572,5.54,,38641.40527878342,24472.84924135018,2286.889887715308,332.10604390175746,564.8559725651824,544.53025,2050.0,8.537,9.44,4933000.0,54.7,45.84,0,1.0,1.0,1.0,1.0,1.0,1.0,1.0,1.0,1.0,1.0,1.0,1.0,1.0,1.0
6.713240695762572,5.54,,38641.40527878342,24472.84924135018,2286.889887715308,332.10604390175746,564.8559725651824,544.53025,2050.0,8.537,9.44,4933000.0,54.7,45.84,0,1.0,1.0,1.0,1.0,1.0,1.0,1.0,1.0,1.0,1.0,1.0,1.0,1.0,1.0
6.713240695762572,5.54,,38641.40527878342,24472.84924135018,2286.889887715308,332.10604390175746,564.8559725651824,544.53025,2050.0,8.537,9.44,4933000.0,54.7,45.84,0,1.0,1.0,1.0,1.0,1.0,1.0,1.0,1.0,1.0,1.0,1.0,1.0,1.0,1.0
6.713240695762572,5.54,,38641.40527878342,24472.84924135018,2286.889887715308,332.10604390175746,564.8559725651824,544.53025,2050.0,8.537,9.44,4933000.0,54.7,45.84,0,1.0,1.0,1.0,1.0,1.0,1.0,1.0,1.0,1.0,1.0,1.0,1.0,1.0,1.0
6.713240695762572,5.54,,38641.40527878342,24472.84924135018,2286.889887715308,332.10604390175746,564.8559725651824,544.53025,2050.0,8.537,9.44,4933000.0,54.7,45.84,0,1.0,1.0,1.0,1.0,1.0,1.0,1.0,1.0,1.0,1.0,1.0,1.0,1.0,1.0
6.713240695762572,5.54,,38641.40527878342,24472.84924135018,2286.889887715308,332.10604390175746,564.8559725651824,544.53025,2050.0,8.537,9.44,4933000.0,54.7,45.84,0,1.0,1.0,1.0,1.0,1.0,1.0,1.0,1.0,1.0,1.0,1.0,1.0,1.0,1.0
6.713240695762572,5.54,,38641.40527878342,24472.84924135018,2286.889887715308,332.10604390175746,564.8559725651824,544.53025,2050.0,8.537,9.44,4933000.0,54.7,45.84,0,1.0,1.0,1.0,1.0,1.0,1.0,1.0,1.0,1.0,1.0,1.0,1.0,1.0,1.0
6.713240695762572,5.54,,38641.40527878342,24472.84924135018,2286.889887715308,332.10604390175746,564.8559725651824,544.53025,2050.0,8.537,9.44,4933000.0,54.7,45.84,0,1.0,1.0,1.0,1.0,1.0,1.0,1.0,1.0,1.0,1.0,1.0,1.0,1.0,1.0
6.713240695762572,5.54,,38641.40527878342,24472.84924135018,2286.889887715308,332.10604390175746,564.8559725651824,544.53025,2050.0,8.537,9.44,4933000.0,54.7,45.84,0,1.0,1.0,1.0,1.0,1.0,1.0,1.0,1.0,1.0,1.0,1.0,1.0,1.0,1.0
6.713240695762572,5.54,,38641.40527878342,24472.84924135018,2286.889887715308,332.10604390175746,564.8559725651824,544.53025,2050.0,8.537,9.44,4933000.0,54.7,45.84,0,1.0,1.0,1.0,1.0,1.0,1.0,1.0,1.0,1.0,1.0,1.0,1.0,1.0,1.0
6.713240695762572,5.54,,38641.40527878342,24472.84924135018,2286.889887715308,332.10604390175746,564.8559725651824,544.53025,2050.0,8.537,9.44,4933000.0,54.7,45.84,0,1.0,1.0,1.0,1.0,1.0,1.0,1.0,1.0,1.0,1.0,1.0,1.0,1.0,1.0
6.713240695762572,5.54,,38641.40527878342,24472.84924135018,2286.889887715308,332.10604390175746,564.8559725651824,544.53025,2050.0,8.537,9.44,4933000.0,54.7,45.84,0,1.0,1.0,1.0,1.0,1.0,1.0,1.0,1.0,1.0,1.0,1.0,1.0,1.0,1.0
6.713240695762572,5.54,,38641.40527878342,24472.84924135018,2286.889887715308,332.10604390175746,564.8559725651824,544.53025,2050.0,8.537,9.44,4933000.0,54.7,45.84,0,1.0,1.0,1.0,1.0,1.0,1.0,1.0,1.0,1.0,1.0,1.0,1.0,1.0,1.0
6.713240695762572,5.54,,38641.40527878342,24472.84924135018,2286.889887715308,332.10604390175746,564.8559725651824,544.53025,2050.0,8.537,9.44,4933000.0,54.7,45.84,0,1.0,1.0,1.0,1.0,1.0,1.0,1.0,1.0,1.0,1.0,1.0,1.0,1.0,1.0
6.791633986928105,5.54,,600.0,1667.640569424486,104.36750726041244,11.285669851106691,47.39849624471043,5.623853148433633,6906.0,8.537,9.44,4933000.0,54.7,45.84,1,1.0,1.0,0.0,1.0,1.0,1.0,1.0,1.0,0.0,1.0,1.0,1.0,1.0,1.0
6.790383986928106,5.54,,285.0,1667.640569424486,104.36750726041244,13.441373939160297,47.39849624471043,5.947605926443679,5605.0,8.537,9.44,4933000.0,54.7,45.84,0,1.0,1.0,0.0,1.0,1.0,1.0,1.0,1.0,0.0,1.0,1.0,1.0,1.0,1.0
6.813891459754191,5.54,,290.0,1667.640569424486,104.36750726041244,13.441373939160297,47.39849624471043,5.947605926443679,4364.0,8.537,9.44,4933000.0,54.7,45.84,0,1.0,1.0,0.0,1.0,1.0,1.0,1.0,1.0,0.0,1.0,1.0,1.0,1.0,1.0
6.794133986928104,5.54,,322.0,1667.640569424486,104.36750726041244,12.689387702367547,47.39849624471043,5.677250680724067,10698.0,8.537,9.44,4933000.0,54.7,45.84,0,1.0,1.0,0.0,1.0,1.0,1.0,1.0,1.0,0.0,1.0,1.0,1.0,1.0,1.0
6.7943371119281055,5.54,,234.0,1667.640569424486,104.36750726041244,13.441373939160297,47.39849624471043,5.62995441690365,4505.0,8.537,9.44,4933000.0,54.7,45.84,0,1.0,1.0,0.0,1.0,1.0,1.0,1.0,1.0,0.0,1.0,1.0,1.0,1.0,1.0
6.756282084754193,5.54,,773.0,1667.640569424486,112.32332905527636,44.062430751516274,46.041581624213,5.937479224744466,4247.0,8.537,9.44,4933000.0,54.7,45.84,1,1.0,1.0,0.0,1.0,1.0,1.0,1.0,1.0,0.0,1.0,1.0,1.0,1.0,1.0
6.713240695762572,5.54,,38641.40527878342,24472.84924135018,2286.889887715308,332.10604390175746,564.8559725651824,544.53025,2050.0,8.537,9.44,4933000.0,54.7,45.84,0,1.0,1.0,1.0,1.0,1.0,1.0,1.0,1.0,1.0,1.0,1.0,1.0,1.0,1.0
6.713240695762572,5.54,,38641.40527878342,24472.84924135018,2286.889887715308,332.10604390175746,564.8559725651824,544.53025,2050.0,8.537,9.44,4933000.0,54.7,45.84,0,1.0,1.0,1.0,1.0,1.0,1.0,1.0,1.0,1.0,1.0,1.0,1.0,1.0,1.0
6.713240695762572,5.54,,38641.40527878342,24472.84924135018,2286.889887715308,332.10604390175746,564.8559725651824,544.53025,2050.0,8.537,9.44,4933000.0,54.7,45.84,0,1.0,1.0,1.0,1.0,1.0,1.0,1.0,1.0,1.0,1.0,1.0,1.0,1.0,1.0
6.713240695762572,5.54,,38641.40527878342,24472.84924135018,2286.889887715308,332.10604390175746,564.8559725651824,544.53025,2050.0,8.537,9.44,4933000.0,54.7,45.84,0,1.0,1.0,1.0,1.0,1.0,1.0,1.0,1.0,1.0,1.0,1.0,1.0,1.0,1.0
6.713240695762572,5.54,,38641.40527878342,24472.84924135018,2286.889887715308,332.10604390175746,564.8559725651824,544.53025,2050.0,8.537,9.44,4933000.0,54.7,45.84,0,1.0,1.0,1.0,1.0,1.0,1.0,1.0,1.0,1.0,1.0,1.0,1.0,1.0,1.0
6.837264759962238,5.54,,207.0,1667.640569424486,104.36750726041244,13.441373939160297,47.39849624471043,5.62995441690365,2050.0,8.537,9.44,4933000.0,54.7,45.84,0,1.0,1.0,0.0,1.0,1.0,1.0,1.0,1.0,1.0,1.0,1.0,1.0,1.0,1.0
5.2110925595238085,5.54,,1027.543136654311,1518.8561625406946,134.0542006078985,84.06855783251535,45.22569423870903,6.2971601211970505,2070.0,8.537,9.44,4933000.0,54.7,45.84,0,1.0,1.0,1.0,1.0,1.0,1.0,1.0,1.0,0.0,1.0,1.0,1.0,1.0,1.0
5.2110925595238085,5.54,,1027.543136654311,1518.8561625406946,134.0542006078985,84.06855783251535,45.22569423870903,6.2971601211970505,2560.0,8.537,9.44,4933000.0,54.7,45.84,0,1.0,1.0,1.0,1.0,1.0,1.0,1.0,1.0,0.0,1.0,1.0,1.0,1.0,1.0
5.2110925595238085,5.54,,1027.543136654311,1518.8561625406946,134.0542006078985,84.06855783251535,45.22569423870903,6.2971601211970505,1290.0,8.537,9.44,4933000.0,54.7,45.84,0,1.0,1.0,1.0,1.0,1.0,1.0,1.0,1.0,0.0,1.0,1.0,1.0,1.0,1.0
5.2110925595238085,5.54,,1027.543136654311,1518.8561625406946,134.0542006078985,84.06855783251535,45.22569423870903,6.2971601211970505,940.0,8.537,9.44,4933000.0,54.7,45.84,0,1.0,1.0,1.0,1.0,1.0,1.0,1.0,1.0,0.0,1.0,1.0,1.0,1.0,1.0
5.2110925595238085,5.54,,1027.543136654311,1518.8561625406946,134.0542006078985,84.06855783251535,45.22569423870903,6.2971601211970505,3180.0,8.537,9.44,4933000.0,54.7,45.84,0,1.0,1.0,1.0,1.0,1.0,1.0,1.0,1.0,0.0,1.0,1.0,1.0,1.0,1.0
5.2110925595238085,5.54,,1027.543136654311,1518.8561625406946,134.0542006078985,84.06855783251535,45.22569423870903,6.2971601211970505,810.0,8.537,9.44,4933000.0,54.7,45.84,0,1.0,1.0,1.0,1.0,1.0,1.0,1.0,1.0,0.0,1.0,1.0,1.0,1.0,1.0
5.2110925595238085,5.54,,1027.543136654311,1518.8561625406946,134.0542006078985,84.06855783251535,45.22569423870903,6.2971601211970505,3160.0,8.537,9.44,4933000.0,54.7,45.84,0,1.0,1.0,1.0,1.0,1.0,1.0,1.0,1.0,0.0,1.0,1.0,1.0,1.0,1.0
5.2110925595238085,5.54,,1027.543136654311,1518.8561625406946,134.0542006078985,84.06855783251535,45.22569423870903,6.2971601211970505,1870.0,8.537,9.44,4933000.0,54.7,45.84,0,1.0,1.0,1.0,1.0,1.0,1.0,1.0,1.0,0.0,1.0,1.0,1.0,1.0,1.0
6.713240695762572,5.54,,38641.40527878342,24472.84924135018,2286.889887715308,332.10604390175746,564.8559725651824,544.53025,2050.0,8.537,9.44,4933000.0,54.7,45.84,0,1.0,1.0,1.0,1.0,1.0,1.0,1.0,1.0,1.0,1.0,1.0,1.0,1.0,1.0
6.713240695762572,5.54,,38641.40527878342,24472.84924135018,2286.889887715308,332.10604390175746,564.8559725651824,544.53025,2050.0,8.537,9.44,4933000.0,54.7,45.84,0,1.0,1.0,1.0,1.0,1.0,1.0,1.0,1.0,1.0,1.0,1.0,1.0,1.0,1.0
6.713240695762572,5.54,,38641.40527878342,24472.84924135018,2286.889887715308,332.10604390175746,564.8559725651824,544.53025,2050.0,8.537,9.44,4933000.0,54.7,45.84,0,1.0,1.0,1.0,1.0,1.0,1.0,1.0,1.0,1.0,1.0,1.0,1.0,1.0,1.0
6.713240695762572,5.54,,38641.40527878342,24472.84924135018,2286.889887715308,332.10604390175746,564.8559725651824,544.53025,2050.0,8.537,9.44,4933000.0,54.7,45.84,0,1.0,1.0,1.0,1.0,1.0,1.0,1.0,1.0,1.0,1.0,1.0,1.0,1.0,1.0
6.713240695762572,5.54,,38641.40527878342,24472.84924135018,2286.889887715308,332.10604390175746,564.8559725651824,544.53025,2050.0,8.537,9.44,4933000.0,54.7,45.84,0,1.0,1.0,1.0,1.0,1.0,1.0,1.0,1.0,1.0,1.0,1.0,1.0,1.0,1.0
6.713240695762572,5.54,,38641.40527878342,24472.84924135018,2286.889887715308,332.10604390175746,564.8559725651824,544.53025,2050.0,8.537,9.44,4933000.0,54.7,45.84,0,1.0,1.0,1.0,1.0,1.0,1.0,1.0,1.0,1.0,1.0,1.0,1.0,1.0,1.0
6.713240695762572,5.54,,38641.40527878342,24472.84924135018,2286.889887715308,332.10604390175746,564.8559725651824,544.53025,2050.0,8.537,9.44,4933000.0,54.7,45.84,0,1.0,1.0,1.0,1.0,1.0,1.0,1.0,1.0,1.0,1.0,1.0,1.0,1.0,1.0
6.713240695762572,5.54,,38641.40527878342,24472.84924135018,2286.889887715308,332.10604390175746,564.8559725651824,544.53025,2050.0,8.537,9.44,4933000.0,54.7,45.84,0,1.0,1.0,1.0,1.0,1.0,1.0,1.0,1.0,1.0,1.0,1.0,1.0,1.0,1.0
6.713240695762572,5.54,,38641.40527878342,24472.84924135018,2286.889887715308,332.10604390175746,564.8559725651824,544.53025,2050.0,8.537,9.44,4933000.0,54.7,45.84,0,1.0,1.0,1.0,1.0,1.0,1.0,1.0,1.0,1.0,1.0,1.0,1.0,1.0,1.0
6.713240695762572,5.54,,38641.40527878342,24472.84924135018,2286.889887715308,332.10604390175746,564.8559725651824,544.53025,2050.0,8.537,9.44,4933000.0,54.7,45.84,0,1.0,1.0,1.0,1.0,1.0,1.0,1.0,1.0,1.0,1.0,1.0,1.0,1.0,1.0
6.713240695762572,5.54,,38641.40527878342,24472.84924135018,2286.889887715308,332.10604390175746,564.8559725651824,544.53025,2050.0,8.537,9.44,4933000.0,54.7,45.84,0,1.0,1.0,1.0,1.0,1.0,1.0,1.0,1.0,1.0,1.0,1.0,1.0,1.0,1.0
6.713240695762572,5.54,,38641.40527878342,24472.84924135018,2286.889887715308,332.10604390175746,564.8559725651824,544.53025,2050.0,8.537,9.44,4933000.0,54.7,45.84,0,1.0,1.0,1.0,1.0,1.0,1.0,1.0,1.0,1.0,1.0,1.0,1.0,1.0,1.0
6.713240695762572,5.54,,38641.40527878342,24472.84924135018,2286.889887715308,332.10604390175746,564.8559725651824,544.53025,2050.0,8.537,9.44,4933000.0,54.7,45.84,0,1.0,1.0,1.0,1.0,1.0,1.0,1.0,1.0,1.0,1.0,1.0,1.0,1.0,1.0
6.713240695762572,5.54,,38641.40527878342,24472.84924135018,2286.889887715308,332.10604390175746,564.8559725651824,544.53025,2050.0,8.537,9.44,4933000.0,54.7,45.84,0,1.0,1.0,1.0,1.0,1.0,1.0,1.0,1.0,1.0,1.0,1.0,1.0,1.0,1.0
6.713240695762572,5.54,,38641.40527878342,24472.84924135018,2286.889887715308,332.10604390175746,564.8559725651824,544.53025,2050.0,8.537,9.44,4933000.0,54.7,45.84,0,1.0,1.0,1.0,1.0,1.0,1.0,1.0,1.0,1.0,1.0,1.0,1.0,1.0,1.0
6.713240695762572,5.54,,38641.40527878342,24472.84924135018,2286.889887715308,332.10604390175746,564.8559725651824,544.53025,2050.0,8.537,9.44,4933000.0,54.7,45.84,0,1.0,1.0,1.0,1.0,1.0,1.0,1.0,1.0,1.0,1.0,1.0,1.0,1.0,1.0
6.713240695762572,5.54,,38641.40527878342,24472.84924135018,2286.889887715308,332.10604390175746,564.8559725651824,544.53025,2050.0,8.537,9.44,4933000.0,54.7,45.84,0,1.0,1.0,1.0,1.0,1.0,1.0,1.0,1.0,1.0,1.0,1.0,1.0,1.0,1.0
6.713240695762572,5.54,,38641.40527878342,24472.84924135018,2286.889887715308,332.10604390175746,564.8559725651824,544.53025,2050.0,8.537,9.44,4933000.0,54.7,45.84,0,1.0,1.0,1.0,1.0,1.0,1.0,1.0,1.0,1.0,1.0,1.0,1.0,1.0,1.0
6.713240695762572,5.54,,38641.40527878342,24472.84924135018,2286.889887715308,332.10604390175746,564.8559725651824,544.53025,2050.0,8.537,9.44,4933000.0,54.7,45.84,0,1.0,1.0,1.0,1.0,1.0,1.0,1.0,1.0,1.0,1.0,1.0,1.0,1.0,1.0
6.713240695762572,5.54,,38641.40527878342,24472.84924135018,2286.889887715308,332.10604390175746,564.8559725651824,544.53025,2050.0,8.537,9.44,4933000.0,54.7,45.84,0,1.0,1.0,1.0,1.0,1.0,1.0,1.0,1.0,1.0,1.0,1.0,1.0,1.0,1.0
6.713240695762572,5.54,,38641.40527878342,24472.84924135018,2286.889887715308,332.10604390175746,564.8559725651824,544.53025,2050.0,8.537,9.44,4933000.0,54.7,45.84,0,1.0,1.0,1.0,1.0,1.0,1.0,1.0,1.0,1.0,1.0,1.0,1.0,1.0,1.0
6.713240695762572,5.54,,38641.40527878342,24472.84924135018,2286.889887715308,332.10604390175746,564.8559725651824,544.53025,2050.0,8.537,9.44,4933000.0,54.7,45.84,0,1.0,1.0,1.0,1.0,1.0,1.0,1.0,1.0,1.0,1.0,1.0,1.0,1.0,1.0
6.713240695762572,5.54,,38641.40527878342,24472.84924135018,2286.889887715308,332.10604390175746,564.8559725651824,544.53025,2050.0,8.537,9.44,4933000.0,54.7,45.84,0,1.0,1.0,1.0,1.0,1.0,1.0,1.0,1.0,1.0,1.0,1.0,1.0,1.0,1.0
6.713240695762572,5.54,,38641.40527878342,24472.84924135018,2286.889887715308,332.10604390175746,564.8559725651824,544.53025,2050.0,8.537,9.44,4933000.0,54.7,45.84,0,1.0,1.0,1.0,1.0,1.0,1.0,1.0,1.0,1.0,1.0,1.0,1.0,1.0,1.0
6.713240695762572,5.54,,38641.40527878342,24472.84924135018,2286.889887715308,332.10604390175746,564.8559725651824,544.53025,2050.0,8.537,9.44,4933000.0,54.7,45.84,0,1.0,1.0,1.0,1.0,1.0,1.0,1.0,1.0,1.0,1.0,1.0,1.0,1.0,1.0
6.713240695762572,5.54,,38641.40527878342,24472.84924135018,2286.889887715308,332.10604390175746,564.8559725651824,544.53025,2050.0,8.537,9.44,4933000.0,54.7,45.84,0,1.0,1.0,1.0,1.0,1.0,1.0,1.0,1.0,1.0,1.0,1.0,1.0,1.0,1.0
6.713240695762572,5.54,,38641.40527878342,24472.84924135018,2286.889887715308,332.10604390175746,564.8559725651824,544.53025,2050.0,8.537,9.44,4933000.0,54.7,45.84,0,1.0,1.0,1.0,1.0,1.0,1.0,1.0,1.0,1.0,1.0,1.0,1.0,1.0,1.0
6.713240695762572,5.54,,38641.40527878342,24472.84924135018,2286.889887715308,332.10604390175746,564.8559725651824,544.53025,2050.0,8.537,9.44,4933000.0,54.7,45.84,0,1.0,1.0,1.0,1.0,1.0,1.0,1.0,1.0,1.0,1.0,1.0,1.0,1.0,1.0
6.713240695762572,5.54,,38641.40527878342,24472.84924135018,2286.889887715308,332.10604390175746,564.8559725651824,544.53025,2050.0,8.537,9.44,4933000.0,54.7,45.84,0,1.0,1.0,1.0,1.0,1.0,1.0,1.0,1.0,1.0,1.0,1.0,1.0,1.0,1.0
6.713240695762572,5.54,,38641.40527878342,24472.84924135018,2286.889887715308,332.10604390175746,564.8559725651824,544.53025,2050.0,8.537,9.44,4933000.0,54.7,45.84,0,1.0,1.0,1.0,1.0,1.0,1.0,1.0,1.0,1.0,1.0,1.0,1.0,1.0,1.0
6.713240695762572,5.54,,38641.40527878342,24472.84924135018,2286.889887715308,332.10604390175746,564.8559725651824,544.53025,2050.0,8.537,9.44,4933000.0,54.7,45.84,0,1.0,1.0,1.0,1.0,1.0,1.0,1.0,1.0,1.0,1.0,1.0,1.0,1.0,1.0
6.713240695762572,5.54,,38641.40527878342,24472.84924135018,2286.889887715308,332.10604390175746,564.8559725651824,544.53025,2050.0,8.537,9.44,4933000.0,54.7,45.84,0,1.0,1.0,1.0,1.0,1.0,1.0,1.0,1.0,1.0,1.0,1.0,1.0,1.0,1.0
6.713240695762572,5.54,,38641.40527878342,24472.84924135018,2286.889887715308,332.10604390175746,564.8559725651824,544.53025,2050.0,8.537,9.44,4933000.0,54.7,45.84,0,1.0,1.0,1.0,1.0,1.0,1.0,1.0,1.0,1.0,1.0,1.0,1.0,1.0,1.0
6.713240695762572,5.54,,38641.40527878342,24472.84924135018,2286.889887715308,332.10604390175746,564.8559725651824,544.53025,2050.0,8.537,9.44,4933000.0,54.7,45.84,0,1.0,1.0,1.0,1.0,1.0,1.0,1.0,1.0,1.0,1.0,1.0,1.0,1.0,1.0
6.713240695762572,5.54,,38641.40527878342,24472.84924135018,2286.889887715308,332.10604390175746,564.8559725651824,544.53025,2050.0,8.537,9.44,4933000.0,54.7,45.84,0,1.0,1.0,1.0,1.0,1.0,1.0,1.0,1.0,1.0,1.0,1.0,1.0,1.0,1.0
6.713240695762572,5.54,,38641.40527878342,24472.84924135018,2286.889887715308,332.10604390175746,564.8559725651824,544.53025,2050.0,8.537,9.44,4933000.0,54.7,45.84,0,1.0,1.0,1.0,1.0,1.0,1.0,1.0,1.0,1.0,1.0,1.0,1.0,1.0,1.0
6.713240695762572,5.54,,38641.40527878342,24472.84924135018,2286.889887715308,332.10604390175746,564.8559725651824,544.53025,2050.0,8.537,9.44,4933000.0,54.7,45.84,0,1.0,1.0,1.0,1.0,1.0,1.0,1.0,1.0,1.0,1.0,1.0,1.0,1.0,1.0
6.713240695762572,5.54,,38641.40527878342,24472.84924135018,2286.889887715308,332.10604390175746,564.8559725651824,544.53025,2050.0,8.537,9.44,4933000.0,54.7,45.84,0,1.0,1.0,1.0,1.0,1.0,1.0,1.0,1.0,1.0,1.0,1.0,1.0,1.0,1.0
6.713240695762572,5.54,,38641.40527878342,24472.84924135018,2286.889887715308,332.10604390175746,564.8559725651824,544.53025,2050.0,8.537,9.44,4933000.0,54.7,45.84,0,1.0,1.0,1.0,1.0,1.0,1.0,1.0,1.0,1.0,1.0,1.0,1.0,1.0,1.0
6.713240695762572,5.54,,38641.40527878342,24472.84924135018,2286.889887715308,332.10604390175746,564.8559725651824,544.53025,2050.0,8.537,9.44,4933000.0,54.7,45.84,0,1.0,1.0,1.0,1.0,1.0,1.0,1.0,1.0,1.0,1.0,1.0,1.0,1.0,1.0
6.713240695762572,5.54,,38641.40527878342,24472.84924135018,2286.889887715308,332.10604390175746,564.8559725651824,544.53025,2050.0,8.537,9.44,4933000.0,54.7,45.84,0,1.0,1.0,1.0,1.0,1.0,1.0,1.0,1.0,1.0,1.0,1.0,1.0,1.0,1.0
6.713240695762572,5.54,,38641.40527878342,24472.84924135018,2286.889887715308,332.10604390175746,564.8559725651824,544.53025,2050.0,8.537,9.44,4933000.0,54.7,45.84,0,1.0,1.0,1.0,1.0,1.0,1.0,1.0,1.0,1.0,1.0,1.0,1.0,1.0,1.0
6.713240695762572,5.54,,38641.40527878342,24472.84924135018,2286.889887715308,332.10604390175746,564.8559725651824,544.53025,2050.0,8.537,9.44,4933000.0,54.7,45.84,0,1.0,1.0,1.0,1.0,1.0,1.0,1.0,1.0,1.0,1.0,1.0,1.0,1.0,1.0
6.713240695762572,5.54,,38641.40527878342,24472.84924135018,2286.889887715308,332.10604390175746,564.8559725651824,544.53025,2050.0,8.537,9.44,4933000.0,54.7,45.84,0,1.0,1.0,1.0,1.0,1.0,1.0,1.0,1.0,1.0,1.0,1.0,1.0,1.0,1.0
6.713240695762572,5.54,,38641.40527878342,24472.84924135018,2286.889887715308,332.10604390175746,564.8559725651824,544.53025,2050.0,8.537,9.44,4933000.0,54.7,45.84,0,1.0,1.0,1.0,1.0,1.0,1.0,1.0,1.0,1.0,1.0,1.0,1.0,1.0,1.0
6.713240695762572,5.54,,38641.40527878342,24472.84924135018,2286.889887715308,332.10604390175746,564.8559725651824,544.53025,2050.0,8.537,9.44,4933000.0,54.7,45.84,0,1.0,1.0,1.0,1.0,1.0,1.0,1.0,1.0,1.0,1.0,1.0,1.0,1.0,1.0
4.87547983624321,5.54,1.6,1027.543136654311,336.6,98.19493582616144,166.15357231028017,135.28880087014653,16.662264455190527,2050.0,8.537,9.44,4933000.0,3021.0,483.8,0,1.0,1.0,1.0,0.0,1.0,1.0,1.0,1.0,1.0,1.0,1.0,1.0,0.0,0.0
6.42,5.54,,42899.88351429066,18590.80924135018,2946.079025810977,342.2974724731861,833.5473200850238,540.78025,2050.0,8.537,9.44,4933000.0,54.7,45.84,0,0.0,1.0,1.0,1.0,1.0,1.0,1.0,1.0,1.0,1.0,1.0,1.0,1.0,1.0
6.42,5.54,,42899.88351429066,18590.80924135018,2946.079025810977,342.2974724731861,833.5473200850238,540.78025,2050.0,8.537,9.44,4933000.0,54.7,45.84,0,0.0,1.0,1.0,1.0,1.0,1.0,1.0,1.0,1.0,1.0,1.0,1.0,1.0,1.0
6.42,5.54,,42899.88351429066,18590.80924135018,2946.079025810977,342.2974724731861,833.5473200850238,540.78025,2050.0,8.537,9.44,4933000.0,54.7,45.84,0,0.0,1.0,1.0,1.0,1.0,1.0,1.0,1.0,1.0,1.0,1.0,1.0,1.0,1.0
6.713240695762572,5.54,,38641.40527878342,24472.84924135018,2286.889887715308,332.10604390175746,564.8559725651824,544.53025,2050.0,8.537,9.44,4933000.0,54.7,45.84,0,1.0,1.0,1.0,1.0,1.0,1.0,1.0,1.0,1.0,1.0,1.0,1.0,1.0,1.0
6.271895833333334,5.54,,21042.969141616828,18240.97862119256,2.96,261.4591172503768,95.7152931270814,518.6769067245789,2050.0,8.537,9.44,4933000.0,54.7,45.84,0,1.0,1.0,1.0,1.0,0.0,1.0,1.0,1.0,1.0,1.0,1.0,1.0,1.0,1.0
6.58,5.54,1.799,225015.3729130664,27160.349241350184,2286.889887715308,302.2182939017574,1957.2635602412645,568.5,2050.0,8.537,9.44,4933000.0,54.7,45.84,0,0.0,1.0,1.0,1.0,1.0,1.0,1.0,1.0,1.0,1.0,1.0,1.0,1.0,1.0
6.58,5.54,1.799,225015.3729130664,27160.349241350184,2286.889887715308,302.2182939017574,1957.2635602412645,568.5,2050.0,8.537,9.44,4933000.0,54.7,45.84,0,0.0,1.0,1.0,1.0,1.0,1.0,1.0,1.0,1.0,1.0,1.0,1.0,1.0,1.0
6.58,5.54,1.799,225015.3729130664,27160.349241350184,2286.889887715308,302.2182939017574,1957.2635602412645,568.5,2050.0,8.537,9.44,4933000.0,54.7,45.84,0,0.0,1.0,1.0,1.0,1.0,1.0,1.0,1.0,1.0,1.0,1.0,1.0,1.0,1.0
6.571524412393162,5.54,,168000.0,25342.599852507064,5641.2384999999995,589.7637657368971,4959.31025,566.25,2050.0,8.537,9.44,4933000.0,54.7,45.84,1,1.0,1.0,0.0,1.0,1.0,1.0,1.0,1.0,1.0,1.0,1.0,1.0,1.0,1.0
7.424711337548445,5.54,,234000.0,17692.53743509025,25483.732,589.5922657368972,5319.905125000001,664.725,2050.0,8.537,9.44,4933000.0,54.7,45.84,1,1.0,1.0,0.0,1.0,1.0,1.0,1.0,1.0,1.0,1.0,1.0,1.0,1.0,1.0
6.439847103863907,5.54,,4105.0,1628.0469342323377,139.09527691553018,82.90619998807507,45.22569423870903,7.629484243102849,2050.0,8.537,9.44,4933000.0,54.7,45.84,1,1.0,1.0,0.0,1.0,1.0,1.0,1.0,1.0,1.0,1.0,1.0,1.0,1.0,1.0
5.6923739817247965,5.54,,14470.0,5502.260012242159,3930.894125,589.5875656401098,2901.9109715812365,95.9646417584219,2050.0,8.537,9.44,4933000.0,54.7,45.84,1,1.0,1.0,0.0,1.0,1.0,1.0,1.0,1.0,1.0,1.0,1.0,1.0,1.0,1.0
6.439847103863907,5.54,,3515.0,1628.0469342323377,139.09527691553018,82.90619998807507,45.22569423870903,7.629484243102849,2050.0,8.537,9.44,4933000.0,54.7,45.84,1,1.0,1.0,0.0,1.0,1.0,1.0,1.0,1.0,1.0,1.0,1.0,1.0,1.0,1.0
6.439847103863907,5.54,,3935.0,1628.0469342323377,139.09527691553018,82.90619998807507,45.22569423870903,7.629484243102849,2050.0,8.537,9.44,4933000.0,54.7,45.84,1,1.0,1.0,0.0,1.0,1.0,1.0,1.0,1.0,1.0,1.0,1.0,1.0,1.0,1.0
5.693373981724796,5.54,,13197.0,5185.9193640353205,3718.736625000001,588.0643595459494,2112.087231997902,95.9646417584219,2050.0,8.537,9.44,4933000.0,54.7,45.84,1,1.0,1.0,0.0,1.0,1.0,1.0,1.0,1.0,1.0,1.0,1.0,1.0,1.0,1.0
5.693373981724796,5.54,,13337.0,5185.9193640353205,3718.736625000001,588.0643595459494,2112.087231997902,95.9646417584219,2050.0,8.537,9.44,4933000.0,54.7,45.84,1,1.0,1.0,0.0,1.0,1.0,1.0,1.0,1.0,1.0,1.0,1.0,1.0,1.0,1.0
7.59416186011209,5.54,,24488.0,18295.8415884369,25071.06275,586.4779861662768,1169.7018540525935,542.28025,2050.0,8.537,9.44,4933000.0,54.7,45.84,1,1.0,1.0,0.0,1.0,1.0,1.0,1.0,1.0,1.0,1.0,1.0,1.0,1.0,1.0
4.8,5.54,,1027.543136654311,803.4328444167227,101.84937602346182,68.03059065502846,130.1427505725275,19.033516556698775,2050.0,8.537,9.44,4933000.0,54.7,45.84,0,0.0,1.0,1.0,1.0,1.0,1.0,1.0,1.0,1.0,1.0,1.0,1.0,1.0,1.0
5.2,5.54,,1027.543136654311,219.6812853784296,426.26345752074906,175.5532821872094,168.37778149591983,19.601957276277524,2050.0,8.537,9.44,4933000.0,54.7,45.84,0,0.0,1.0,1.0,1.0,1.0,1.0,1.0,1.0,1.0,1.0,1.0,1.0,1.0,1.0
5.1,5.54,,1027.543136654311,201.0349243524495,1126.4048166666666,448.0649591303454,318.9453785854975,22.36293742987109,2050.0,8.537,9.44,4933000.0,54.7,45.84,0,0.0,1.0,1.0,1.0,1.0,1.0,1.0,1.0,1.0,1.0,1.0,1.0,1.0,1.0
5.8,5.54,,24250.929029789266,8986.956256228732,4399.565532186045,391.8923652136128,911.6681010764032,104.30544656873248,2050.0,8.537,9.44,4933000.0,54.7,45.84,0,0.0,1.0,1.0,1.0,1.0,1.0,1.0,1.0,1.0,1.0,1.0,1.0,1.0,1.0
5.8,5.54,,24250.929029789266,8986.956256228732,4399.565532186045,391.8923652136128,911.6681010764032,104.30544656873248,2050.0,8.537,9.44,4933000.0,54.7,45.84,0,0.0,1.0,1.0,1.0,1.0,1.0,1.0,1.0,1.0,1.0,1.0,1.0,1.0,1.0
6.713240695762572,5.54,,38641.40527878342,24472.84924135018,2286.889887715308,332.10604390175746,564.8559725651824,544.53025,2050.0,8.537,9.44,4933000.0,54.7,45.84,0,1.0,1.0,1.0,1.0,1.0,1.0,1.0,1.0,1.0,1.0,1.0,1.0,1.0,1.0
6.713240695762572,5.54,,38641.40527878342,24472.84924135018,2286.889887715308,332.10604390175746,564.8559725651824,544.53025,2050.0,8.537,9.44,4933000.0,54.7,45.84,0,1.0,1.0,1.0,1.0,1.0,1.0,1.0,1.0,1.0,1.0,1.0,1.0,1.0,1.0
6.713240695762572,5.54,,38641.40527878342,24472.84924135018,2286.889887715308,332.10604390175746,564.8559725651824,544.53025,2050.0,8.537,9.44,4933000.0,54.7,45.84,0,1.0,1.0,1.0,1.0,1.0,1.0,1.0,1.0,1.0,1.0,1.0,1.0,1.0,1.0
6.713240695762572,5.54,,38641.40527878342,24472.84924135018,2286.889887715308,332.10604390175746,564.8559725651824,544.53025,2050.0,8.537,9.44,4933000.0,54.7,45.84,0,1.0,1.0,1.0,1.0,1.0,1.0,1.0,1.0,1.0,1.0,1.0,1.0,1.0,1.0
6.713240695762572,5.54,,38641.40527878342,24472.84924135018,2286.889887715308,332.10604390175746,564.8559725651824,544.53025,2050.0,8.537,9.44,4933000.0,54.7,45.84,0,1.0,1.0,1.0,1.0,1.0,1.0,1.0,1.0,1.0,1.0,1.0,1.0,1.0,1.0
5.629202678571427,5.54,,2713.8,1581.100787540695,148.4853296097139,82.90619998807507,45.22569423870903,7.030772072842562,2050.0,8.537,9.44,4933000.0,54.7,45.84,1,1.0,1.0,0.0,1.0,1.0,1.0,1.0,1.0,1.0,1.0,1.0,1.0,1.0,1.0
6.439847103863907,5.54,,4020.1,1628.0469342323377,139.09527691553018,82.90619998807507,45.22569423870903,7.629484243102849,2050.0,8.537,9.44,4933000.0,54.7,45.84,1,1.0,1.0,0.0,1.0,1.0,1.0,1.0,1.0,1.0,1.0,1.0,1.0,1.0,1.0
6.460365124458875,5.54,,2244.9,1682.9390477328427,63.08487522370304,71.25023867046443,51.45433060462972,6.009195085097611,2050.0,8.537,9.44,4933000.0,54.7,45.84,1,1.0,1.0,0.0,1.0,1.0,1.0,1.0,1.0,1.0,1.0,1.0,1.0,1.0,1.0
6.439847103863907,5.54,,3169.1,1628.0469342323377,139.09527691553018,82.90619998807507,45.22569423870903,7.629484243102849,2050.0,8.537,9.44,4933000.0,54.7,45.84,1,1.0,1.0,0.0,1.0,1.0,1.0,1.0,1.0,1.0,1.0,1.0,1.0,1.0,1.0
6.569260237319848,5.54,,1421.1,1667.640569424486,130.2678751934937,58.89081932153215,45.22569423870903,7.444143147972616,2050.0,8.537,9.44,4933000.0,54.7,45.84,1,1.0,1.0,0.0,1.0,1.0,1.0,1.0,1.0,1.0,1.0,1.0,1.0,1.0,1.0
5.671204222448088,5.54,,3778.78174001895,201.0349243524495,481.1143315839142,229.39932600105615,515.0,25.88705978296931,2050.0,118.0,9.44,4933000.0,54.7,45.84,1,1.0,1.0,1.0,1.0,1.0,1.0,0.0,1.0,1.0,0.0,1.0,1.0,1.0,1.0
5.2672585102397615,5.54,,20369.46624995016,6125.163235643198,3153.9667499999996,404.92641432006616,929.0,103.33043690476192,2050.0,207.0,9.44,4933000.0,54.7,45.84,1,1.0,1.0,1.0,1.0,1.0,1.0,0.0,1.0,1.0,0.0,1.0,1.0,1.0,1.0
5.729291979099332,5.54,,989.5876664931608,219.6812853784296,530.9189286077237,245.14536443158767,229.0,19.568682053926587,2050.0,59.2,9.44,4933000.0,54.7,45.84,1,1.0,1.0,1.0,1.0,1.0,1.0,0.0,1.0,1.0,0.0,1.0,1.0,1.0,1.0
5.297942720766078,5.54,,20369.46624995016,6125.163235643198,3077.2032499999996,404.92641432006616,989.0,103.36143690476192,2050.0,1005.0,9.44,4933000.0,54.7,45.84,1,1.0,1.0,1.0,1.0,1.0,1.0,0.0,1.0,1.0,0.0,1.0,1.0,1.0,1.0
5.297942720766078,5.54,,20369.46624995016,6125.163235643198,3131.615499999999,404.92641432006616,1283.0,103.36143690476192,2050.0,1202.0,9.44,4933000.0,54.7,45.84,1,1.0,1.0,1.0,1.0,1.0,1.0,0.0,1.0,1.0,0.0,1.0,1.0,1.0,1.0
5.8177251640065295,5.54,,3947.8671566856174,219.6812853784296,564.2218231150796,229.39506069885837,391.0,20.038708573691473,2050.0,310.0,9.44,4933000.0,54.7,45.84,1,1.0,1.0,1.0,1.0,1.0,1.0,0.0,1.0,1.0,0.0,1.0,1.0,1.0,1.0
5.143533171076636,5.54,,21059.031995048197,8863.677684800161,3845.517,404.92641432006616,1373.0,101.00022857142858,2050.0,426.0,9.44,4933000.0,54.7,45.84,1,1.0,1.0,1.0,1.0,1.0,1.0,0.0,1.0,1.0,0.0,1.0,1.0,1.0,1.0
5.143533171076636,5.54,,21059.031995048197,8863.677684800161,3845.517,404.92641432006616,1428.0,101.00022857142858,2050.0,954.0,9.44,4933000.0,54.7,45.84,1,1.0,1.0,1.0,1.0,1.0,1.0,0.0,1.0,1.0,0.0,1.0,1.0,1.0,1.0
5.5056828207009705,5.54,,1027.543136654311,241.38619453086068,94.53912883614956,71.53602815502846,139.0,17.216905005382152,2050.0,115.0,9.44,4933000.0,54.7,45.84,0,1.0,1.0,1.0,1.0,1.0,1.0,0.0,1.0,1.0,0.0,1.0,1.0,1.0,1.0
6.811266666666664,5.54,,386318.28681365494,22089.80924135018,20696.3,8611.36,12142.0,568.5,2050.0,320.0,9.44,4933000.0,54.7,45.84,1,1.0,1.0,1.0,1.0,1.0,1.0,0.0,1.0,1.0,0.0,1.0,1.0,1.0,1.0
6.84943333333333,5.54,,386318.28681365494,21542.30924135018,21407.95,18601.2875,16788.0,687.75,2050.0,466.0,9.44,4933000.0,54.7,45.84,1,1.0,1.0,1.0,1.0,1.0,1.0,0.0,1.0,1.0,0.0,1.0,1.0,1.0,1.0
5.191249837743303,5.54,,118930.9438759854,8863.677684800161,4737.2495,404.92641432006616,2265.0,114.10047857142855,2050.0,84.0,9.44,4933000.0,54.7,45.84,1,1.0,1.0,1.0,1.0,1.0,1.0,0.0,1.0,1.0,0.0,1.0,1.0,1.0,1.0
5.458882398973574,5.54,,1027.543136654311,241.38619453086068,185.6605319406336,87.83991467535601,97.7,13.9522861659205,2050.0,212.0,9.44,4933000.0,54.7,45.84,0,1.0,1.0,1.0,1.0,1.0,1.0,0.0,1.0,1.0,0.0,1.0,1.0,1.0,1.0
5.458882398973574,5.54,,1027.543136654311,241.38619453086068,203.9510581524694,87.83991467535601,90.6,12.105929850721353,2050.0,452.0,9.44,4933000.0,54.7,45.84,0,1.0,1.0,1.0,1.0,1.0,1.0,0.0,1.0,1.0,0.0,1.0,1.0,1.0,1.0
5.6279045787545785,5.54,,778.317554748448,219.6812853784296,265.26170209389755,140.3362284606986,0.16,14.9861090775097,2050.0,44.2,9.44,4933000.0,54.7,45.84,0,1.0,1.0,1.0,1.0,1.0,1.0,0.0,1.0,1.0,0.0,1.0,1.0,1.0,1.0
7.32,5.54,,2165306.508397852,84253.1697962963,586862.825,255048.8,41495.66049999998,4856.875,2050.0,8.537,9.44,4933000.0,54.7,45.84,0,0.0,1.0,1.0,1.0,1.0,1.0,1.0,1.0,1.0,1.0,1.0,1.0,1.0,1.0
8.1,5.54,4.45,878.1,79.1,23203.910729166662,569.1326325957588,642.7144397217857,30.31835050658831,2050.0,8.537,9.44,4933000.0,54.7,45.84,1,0.0,1.0,0.0,0.0,1.0,1.0,1.0,1.0,1.0,1.0,1.0,1.0,1.0,1.0
6.757532632999807,5.54,,350.0,1667.640569424486,104.36750726041244,12.740995215870532,47.39849624471043,5.947605926443679,2050.0,8.537,9.44,4933000.0,54.7,45.84,0,1.0,1.0,0.0,1.0,1.0,1.0,1.0,1.0,1.0,1.0,1.0,1.0,1.0,1.0
6.713240695762572,5.54,,38641.40527878342,24472.84924135018,2286.889887715308,332.10604390175746,564.8559725651824,544.53025,2050.0,8.537,9.44,4933000.0,54.7,45.84,0,1.0,1.0,1.0,1.0,1.0,1.0,1.0,1.0,1.0,1.0,1.0,1.0,1.0,1.0
6.713240695762572,5.54,,38641.40527878342,24472.84924135018,2286.889887715308,332.10604390175746,564.8559725651824,544.53025,2050.0,8.537,9.44,7719000.0,54.7,45.84,0,1.0,1.0,1.0,1.0,1.0,1.0,1.0,1.0,1.0,1.0,1.0,0.0,1.0,1.0
6.713240695762572,5.54,,38641.40527878342,24472.84924135018,2286.889887715308,332.10604390175746,564.8559725651824,544.53025,2050.0,8.537,9.44,4933000.0,54.7,45.84,0,1.0,1.0,1.0,1.0,1.0,1.0,1.0,1.0,1.0,1.0,1.0,0.0,1.0,1.0
6.713240695762572,5.54,,38641.40527878342,24472.84924135018,2286.889887715308,332.10604390175746,564.8559725651824,544.53025,2050.0,8.537,9.44,5138000.0,54.7,45.84,0,1.0,1.0,1.0,1.0,1.0,1.0,1.0,1.0,1.0,1.0,1.0,0.0,1.0,1.0
6.713240695762572,5.54,,38641.40527878342,24472.84924135018,2286.889887715308,332.10604390175746,564.8559725651824,544.53025,2050.0,8.537,9.44,3463000.0,54.7,45.84,0,1.0,1.0,1.0,1.0,1.0,1.0,1.0,1.0,1.0,1.0,1.0,0.0,1.0,1.0
6.713240695762572,5.54,,38641.40527878342,24472.84924135018,2286.889887715308,332.10604390175746,564.8559725651824,544.53025,2050.0,8.537,9.44,5054000.0,54.7,45.84,0,1.0,1.0,1.0,1.0,1.0,1.0,1.0,1.0,1.0,1.0,1.0,0.0,1.0,1.0
6.713240695762572,5.54,,38641.40527878342,24472.84924135018,2286.889887715308,332.10604390175746,564.8559725651824,544.53025,2050.0,8.537,9.44,4933000.0,54.7,45.84,0,1.0,1.0,1.0,1.0,1.0,1.0,1.0,1.0,1.0,1.0,1.0,1.0,1.0,1.0
6.713240695762572,5.54,,38641.40527878342,24472.84924135018,2286.889887715308,332.10604390175746,564.8559725651824,544.53025,2050.0,8.537,9.44,4933000.0,54.7,45.84,0,1.0,1.0,1.0,1.0,1.0,1.0,1.0,1.0,1.0,1.0,1.0,1.0,1.0,1.0
6.713240695762572,5.54,,38641.40527878342,24472.84924135018,2286.889887715308,332.10604390175746,564.8559725651824,544.53025,2050.0,8.537,9.44,4933000.0,54.7,45.84,0,1.0,1.0,1.0,1.0,1.0,1.0,1.0,1.0,1.0,1.0,1.0,1.0,1.0,1.0
6.713240695762572,5.54,,38641.40527878342,24472.84924135018,2286.889887715308,332.10604390175746,564.8559725651824,544.53025,2050.0,8.537,9.44,4933000.0,54.7,45.84,0,1.0,1.0,1.0,1.0,1.0,1.0,1.0,1.0,1.0,1.0,1.0,1.0,1.0,1.0
6.713240695762572,5.54,1.2,38641.40527878342,24472.84924135018,2286.889887715308,332.10604390175746,564.8559725651824,544.53025,2050.0,8.537,9.44,4933000.0,54.7,45.84,0,1.0,1.0,1.0,1.0,1.0,1.0,1.0,1.0,1.0,1.0,1.0,1.0,1.0,1.0
6.713240695762572,5.54,1.7,38641.40527878342,24472.84924135018,2286.889887715308,332.10604390175746,564.8559725651824,544.53025,2050.0,8.537,9.44,4933000.0,54.7,45.84,0,1.0,1.0,1.0,1.0,1.0,1.0,1.0,1.0,1.0,1.0,1.0,1.0,1.0,1.0
6.713240695762572,5.54,2.1,38641.40527878342,24472.84924135018,2286.889887715308,332.10604390175746,564.8559725651824,544.53025,2050.0,8.537,9.44,4933000.0,54.7,45.84,0,1.0,1.0,1.0,1.0,1.0,1.0,1.0,1.0,1.0,1.0,1.0,1.0,1.0,1.0
7.1,5.54,1.27,948578.604854092,20775.069406175895,229350.125,2591.933829365079,9343.380958333331,3348.75,2050.0,8.537,9.44,4933000.0,54.7,45.84,0,0.0,1.0,1.0,1.0,1.0,1.0,1.0,1.0,1.0,1.0,1.0,1.0,1.0,1.0
7.1,5.54,1.27,948578.604854092,20775.069406175895,229350.125,2591.933829365079,9343.380958333331,3348.75,2050.0,8.537,9.44,4933000.0,54.7,45.84,0,0.0,1.0,1.0,1.0,1.0,1.0,1.0,1.0,1.0,1.0,1.0,1.0,1.0,1.0
7.1,5.54,1.27,948578.604854092,20775.069406175895,229350.125,2591.933829365079,9343.380958333331,3348.75,2050.0,8.537,9.44,4933000.0,54.7,45.84,0,0.0,1.0,1.0,1.0,1.0,1.0,1.0,1.0,1.0,1.0,1.0,1.0,1.0,1.0
7.1,5.54,1.27,948578.604854092,20775.069406175895,229350.125,2591.933829365079,9343.380958333331,3348.75,2050.0,8.537,9.44,4933000.0,54.7,45.84,0,0.0,1.0,1.0,1.0,1.0,1.0,1.0,1.0,1.0,1.0,1.0,1.0,1.0,1.0
7.1,5.54,1.27,948578.604854092,20775.069406175895,229350.125,2591.933829365079,9343.380958333331,3348.75,2050.0,8.537,9.44,4933000.0,54.7,45.84,0,0.0,1.0,1.0,1.0,1.0,1.0,1.0,1.0,1.0,1.0,1.0,1.0,1.0,1.0
7.1,5.54,1.27,948578.604854092,20775.069406175895,229350.125,2591.933829365079,9343.380958333331,3348.75,2050.0,8.537,9.44,4933000.0,54.7,45.84,0,0.0,1.0,1.0,1.0,1.0,1.0,1.0,1.0,1.0,1.0,1.0,1.0,1.0,1.0
7.1,5.54,1.27,948578.604854092,20775.069406175895,229350.125,2591.933829365079,9343.380958333331,3348.75,2050.0,8.537,9.44,4933000.0,54.7,45.84,0,0.0,1.0,1.0,1.0,1.0,1.0,1.0,1.0,1.0,1.0,1.0,1.0,1.0,1.0
7.1,5.54,1.27,948578.604854092,20775.069406175895,229350.125,2591.933829365079,9343.380958333331,3348.75,2050.0,8.537,9.44,4933000.0,54.7,45.84,0,0.0,1.0,1.0,1.0,1.0,1.0,1.0,1.0,1.0,1.0,1.0,1.0,1.0,1.0
6.205867628205128,5.54,0.535,4430.0,200.0,3305.7126982142872,584.8679370273792,817.1546948264033,29.967335777625017,2050.0,8.537,9.44,4933000.0,2930.0,1500.0,1,1.0,1.0,0.0,0.0,1.0,1.0,1.0,1.0,1.0,1.0,1.0,1.0,0.0,0.0
4.51,5.54,0.38,1027.543136654311,776.1030894118326,1303.5331217625242,330.9124330756785,177.91801381387535,12.125191089515988,2050.0,8.537,9.44,4933000.0,54.7,45.84,0,0.0,1.0,1.0,1.0,1.0,1.0,1.0,1.0,1.0,1.0,1.0,1.0,1.0,1.0
4.51,5.54,0.38,1027.543136654311,776.1030894118326,1303.5331217625242,330.9124330756785,177.91801381387535,12.125191089515988,2050.0,8.537,9.44,4933000.0,54.7,45.84,0,0.0,1.0,1.0,1.0,1.0,1.0,1.0,1.0,1.0,1.0,1.0,1.0,1.0,1.0
4.51,5.54,0.38,1027.543136654311,776.1030894118326,1303.5331217625242,330.9124330756785,177.91801381387535,12.125191089515988,2050.0,8.537,9.44,4933000.0,54.7,45.84,0,0.0,1.0,1.0,1.0,1.0,1.0,1.0,1.0,1.0,1.0,1.0,1.0,1.0,1.0
4.51,5.54,0.38,1027.543136654311,776.1030894118326,1303.5331217625242,330.9124330756785,177.91801381387535,12.125191089515988,2050.0,8.537,9.44,4933000.0,54.7,45.84,0,0.0,1.0,1.0,1.0,1.0,1.0,1.0,1.0,1.0,1.0,1.0,1.0,1.0,1.0
4.51,5.54,0.38,1027.543136654311,776.1030894118326,1303.5331217625242,330.9124330756785,177.91801381387535,12.125191089515988,2050.0,8.537,9.44,4933000.0,54.7,45.84,0,0.0,1.0,1.0,1.0,1.0,1.0,1.0,1.0,1.0,1.0,1.0,1.0,1.0,1.0
6.713240695762572,5.54,,38641.40527878342,24472.84924135018,2286.889887715308,332.10604390175746,564.8559725651824,544.53025,2050.0,8.537,9.44,4933000.0,54.7,45.84,0,1.0,1.0,1.0,1.0,1.0,1.0,1.0,1.0,1.0,1.0,1.0,1.0,1.0,1.0
5.110296550778675,5.54,,1027.543136654311,11.38,889.6574181910566,294.26823262546833,153.18137220593317,19.328239583333335,2050.0,8.537,9.44,4933000.0,54.7,45.84,0,1.0,1.0,1.0,0.0,1.0,1.0,1.0,1.0,1.0,1.0,1.0,1.0,1.0,1.0
6.713240695762572,5.54,,38641.40527878342,24472.84924135018,2286.889887715308,332.10604390175746,564.8559725651824,544.53025,2050.0,8.537,9.44,4933000.0,54.7,45.84,0,1.0,1.0,1.0,1.0,1.0,1.0,1.0,1.0,1.0,1.0,1.0,1.0,1.0,1.0
6.713240695762572,5.54,,38641.40527878342,24472.84924135018,2286.889887715308,332.10604390175746,564.8559725651824,544.53025,2050.0,8.537,9.44,4933000.0,54.7,45.84,0,1.0,1.0,1.0,1.0,1.0,1.0,1.0,1.0,1.0,1.0,1.0,1.0,1.0,1.0
6.713240695762572,5.54,,38641.40527878342,24472.84924135018,2286.889887715308,332.10604390175746,564.8559725651824,544.53025,2050.0,8.537,9.44,4933000.0,54.7,45.84,0,1.0,1.0,1.0,1.0,1.0,1.0,1.0,1.0,1.0,1.0,1.0,1.0,1.0,1.0
6.699167129120044,5.54,,21324.618220048196,25254.45634341478,1947.2423513548188,307.0249472662964,0.1722,539.3452500000001,2050.0,8.537,9.44,4933000.0,54.7,45.84,0,1.0,1.0,1.0,1.0,1.0,1.0,0.0,1.0,1.0,1.0,1.0,1.0,1.0,1.0
6.699167129120044,5.54,,21324.618220048196,25254.45634341478,1947.2423513548188,307.0249472662964,1.24,539.3452500000001,2050.0,8.537,9.44,4933000.0,54.7,45.84,0,1.0,1.0,1.0,1.0,1.0,1.0,0.0,1.0,1.0,1.0,1.0,1.0,1.0,1.0
6.699167129120044,5.54,,21324.618220048196,25254.45634341478,1947.2423513548188,307.0249472662964,0.0132,539.3452500000001,2050.0,8.537,9.44,4933000.0,54.7,45.84,0,1.0,1.0,1.0,1.0,1.0,1.0,0.0,1.0,1.0,1.0,1.0,1.0,1.0,1.0
6.713240695762572,5.54,,38641.40527878342,24472.84924135018,2286.889887715308,332.10604390175746,564.8559725651824,544.53025,2050.0,8.537,9.44,4933000.0,54.7,45.84,0,1.0,1.0,1.0,1.0,1.0,1.0,1.0,1.0,1.0,1.0,1.0,1.0,1.0,1.0
5.107046550778674,5.54,,1027.543136654311,100.91,1508.4603973577234,312.84930723805917,130.11552901059,19.072789583333336,2050.0,8.537,9.44,4933000.0,2245.56,2775.74,0,1.0,1.0,1.0,0.0,1.0,1.0,1.0,1.0,1.0,1.0,1.0,1.0,0.0,0.0
5.107046550778674,5.54,,1027.543136654311,96.0,1508.4603973577234,312.84930723805917,130.11552901059,19.072789583333336,2050.0,8.537,9.44,4933000.0,2772.41,2890.4,0,1.0,1.0,1.0,0.0,1.0,1.0,1.0,1.0,1.0,1.0,1.0,1.0,0.0,0.0
6.21,5.54,0.0383,950.2670603764088,219.6812853784296,265.784168665617,62.12660067671096,132.7568782858654,18.575756709162995,2050.0,8.537,9.44,4933000.0,54.7,45.84,0,0.0,1.0,1.0,1.0,1.0,1.0,1.0,1.0,1.0,1.0,1.0,1.0,1.0,1.0
6.713240695762572,5.54,,38641.40527878342,24472.84924135018,2286.889887715308,332.10604390175746,564.8559725651824,544.53025,2050.0,8.537,9.44,4933000.0,54.7,45.84,0,1.0,1.0,1.0,1.0,1.0,1.0,1.0,1.0,1.0,1.0,1.0,1.0,1.0,1.0
6.713240695762572,5.54,,38641.40527878342,24472.84924135018,2286.889887715308,332.10604390175746,564.8559725651824,544.53025,2050.0,8.537,9.44,4933000.0,54.7,45.84,0,1.0,1.0,1.0,1.0,1.0,1.0,1.0,1.0,1.0,1.0,1.0,1.0,1.0,1.0
6.713240695762572,5.54,,38641.40527878342,24472.84924135018,2286.889887715308,332.10604390175746,564.8559725651824,544.53025,2050.0,8.537,9.44,4933000.0,54.7,45.84,0,1.0,1.0,1.0,1.0,1.0,1.0,1.0,1.0,1.0,1.0,1.0,1.0,1.0,1.0
6.713240695762572,5.54,,38641.40527878342,24472.84924135018,2286.889887715308,332.10604390175746,564.8559725651824,544.53025,2050.0,8.537,9.44,4933000.0,54.7,45.84,0,1.0,1.0,1.0,1.0,1.0,1.0,1.0,1.0,1.0,1.0,1.0,1.0,1.0,1.0
6.713240695762572,5.54,,38641.40527878342,24472.84924135018,2286.889887715308,332.10604390175746,564.8559725651824,544.53025,2050.0,8.537,9.44,4933000.0,54.7,45.84,0,1.0,1.0,1.0,1.0,1.0,1.0,1.0,1.0,1.0,1.0,1.0,1.0,1.0,1.0
5.110296550778675,5.54,,1027.543136654311,34.22,889.6574181910566,294.26823262546833,153.18137220593317,19.328239583333335,2050.0,8.537,9.44,4933000.0,54.7,45.84,0,1.0,1.0,1.0,0.0,1.0,1.0,1.0,1.0,1.0,1.0,1.0,1.0,1.0,1.0
5.110296550778675,5.54,,1027.543136654311,28.97,889.6574181910566,294.26823262546833,153.18137220593317,19.328239583333335,2050.0,8.537,9.44,4933000.0,54.7,45.84,0,1.0,1.0,1.0,0.0,1.0,1.0,1.0,1.0,1.0,1.0,1.0,1.0,1.0,1.0
6.713240695762572,5.54,,38641.40527878342,24472.84924135018,2286.889887715308,332.10604390175746,564.8559725651824,544.53025,2050.0,8.537,9.44,4933000.0,54.7,45.84,0,1.0,1.0,1.0,1.0,1.0,1.0,1.0,1.0,1.0,1.0,1.0,1.0,1.0,1.0
5.87,5.54,0.56,298680.3460069002,9304.53532368905,16054.923,4863.0,9245.674729166669,97.31426767984333,2050.0,8.537,9.44,4933000.0,54.7,45.84,1,0.0,1.0,1.0,1.0,1.0,0.0,1.0,1.0,1.0,1.0,1.0,1.0,1.0,1.0
5.87,5.54,0.56,296421.06029261445,14897.875581732023,15294.036499999998,2893.0,7037.6413982142885,478.3997499999999,2050.0,8.537,9.44,4933000.0,54.7,45.84,1,0.0,1.0,1.0,1.0,1.0,0.0,1.0,1.0,1.0,1.0,1.0,1.0,1.0,1.0
5.87,5.54,0.56,296421.06029261445,14897.875581732023,15294.036499999998,2504.0,7055.828064880955,478.3997499999999,2050.0,8.537,9.44,4933000.0,54.7,45.84,1,0.0,1.0,1.0,1.0,1.0,0.0,1.0,1.0,1.0,1.0,1.0,1.0,1.0,1.0
5.87,5.54,0.56,285145.5532579825,15350.52435046329,10750.7365,1528.0,6534.584431547619,478.3997499999999,2050.0,8.537,9.44,4933000.0,54.7,45.84,1,0.0,1.0,1.0,1.0,1.0,0.0,1.0,1.0,1.0,1.0,1.0,1.0,1.0,1.0
5.87,5.54,0.56,296421.06029261445,9304.53532368905,15014.659499999998,3171.0,7488.277387500004,97.31426767984333,2050.0,8.537,9.44,4933000.0,54.7,45.84,1,0.0,1.0,1.0,1.0,1.0,0.0,1.0,1.0,1.0,1.0,1.0,1.0,1.0,1.0
5.87,5.54,0.56,296421.06029261445,14897.875581732023,15294.036499999998,2782.0,7037.6413982142885,478.3997499999999,2050.0,8.537,9.44,4933000.0,54.7,45.84,1,0.0,1.0,1.0,1.0,1.0,0.0,1.0,1.0,1.0,1.0,1.0,1.0,1.0,1.0
5.87,5.54,0.56,296421.06029261445,14897.875581732023,15294.036499999998,2359.0,7055.828064880955,478.3997499999999,2050.0,8.537,9.44,4933000.0,54.7,45.84,1,0.0,1.0,1.0,1.0,1.0,0.0,1.0,1.0,1.0,1.0,1.0,1.0,1.0,1.0
2.5,5.54,0.56,296421.06029261445,14897.875581732023,22634.459499999997,2621.0,8534.211248214287,430.7639999999999,2050.0,8.537,9.44,4933000.0,54.7,45.84,1,0.0,1.0,1.0,1.0,1.0,0.0,1.0,1.0,1.0,1.0,1.0,1.0,1.0,1.0
3.5,5.54,0.56,296421.06029261445,14897.875581732023,22634.459499999997,2446.0,8542.471664880952,430.7639999999999,2050.0,8.537,9.44,4933000.0,54.7,45.84,1,0.0,1.0,1.0,1.0,1.0,0.0,1.0,1.0,1.0,1.0,1.0,1.0,1.0,1.0
4.5,5.54,0.56,296421.06029261445,14897.875581732023,22634.459499999997,2558.0,8542.471664880952,430.7639999999999,2050.0,8.537,9.44,4933000.0,54.7,45.84,1,0.0,1.0,1.0,1.0,1.0,0.0,1.0,1.0,1.0,1.0,1.0,1.0,1.0,1.0
5.5,5.54,0.56,296421.06029261445,14897.875581732023,22883.4845,2811.0,8514.211248214287,478.3997499999999,2050.0,8.537,9.44,4933000.0,54.7,45.84,1,0.0,1.0,1.0,1.0,1.0,0.0,1.0,1.0,1.0,1.0,1.0,1.0,1.0,1.0
6.5,5.54,0.56,288029.3519592812,9366.403379244606,7166.739,2981.0,7214.754087500002,98.6915176798433,2050.0,8.537,9.44,4933000.0,54.7,45.84,1,0.0,1.0,1.0,1.0,1.0,0.0,1.0,1.0,1.0,1.0,1.0,1.0,1.0,1.0
6.761834716333139,5.54,,774.0,1667.640569424486,112.32332905527636,44.062430751516274,46.041581624213,5.937479224744466,2050.0,8.537,9.44,4933000.0,54.7,45.84,1,1.0,1.0,0.0,1.0,1.0,1.0,1.0,1.0,1.0,1.0,1.0,1.0,1.0,1.0
6.757532632999807,5.54,,562.0,1667.640569424486,104.36750726041244,11.30206905390373,47.39849624471043,5.959375230791633,2050.0,8.537,9.44,4933000.0,54.7,45.84,1,1.0,1.0,0.0,1.0,1.0,1.0,1.0,1.0,1.0,1.0,1.0,1.0,1.0,1.0
7.781243467875049,5.54,,934.0,219.6812853784296,23327.923979166662,557.6147345459494,651.9339501384522,25.040902449699814,2050.0,8.537,9.44,4933000.0,54.7,45.84,1,1.0,1.0,0.0,1.0,1.0,1.0,1.0,1.0,1.0,1.0,1.0,1.0,1.0,1.0
6.762032632999807,5.54,,644.0,1667.640569424486,104.36750726041244,11.30206905390373,47.39849624471043,5.925660668525982,2050.0,8.537,9.44,4933000.0,54.7,45.84,1,1.0,1.0,0.0,1.0,1.0,1.0,1.0,1.0,1.0,1.0,1.0,1.0,1.0,1.0
8.54517608209064,5.54,,10069200000.0,294900000.0,615092.575,688671.4416666667,105869.7505,4235.375,2050.0,8.537,9.44,4933000.0,54.7,45.84,1,1.0,1.0,0.0,0.0,1.0,1.0,1.0,1.0,1.0,1.0,1.0,1.0,1.0,1.0
8.54517608209064,5.54,,10956800000.0,432800000.0,615092.575,688671.4416666667,105869.7505,4235.375,2050.0,8.537,9.44,4933000.0,54.7,45.84,1,1.0,1.0,0.0,0.0,1.0,1.0,1.0,1.0,1.0,1.0,1.0,1.0,1.0,1.0
8.54517608209064,5.54,,11346500000.0,508100000.0,615092.575,688671.4416666667,105869.7505,4235.375,2050.0,8.537,9.44,4933000.0,54.7,45.84,1,1.0,1.0,0.0,0.0,1.0,1.0,1.0,1.0,1.0,1.0,1.0,1.0,1.0,1.0
8.54517608209064,5.54,,11978500000.0,430200000.0,615092.575,688671.4416666667,105869.7505,4235.375,2050.0,8.537,9.44,4933000.0,54.7,45.84,1,1.0,1.0,0.0,0.0,1.0,1.0,1.0,1.0,1.0,1.0,1.0,1.0,1.0,1.0
8.37,5.54,,1000000000.0,221388216.6666667,439569.575,31124.8,66594.3305,3998.375,2050.0,8.537,9.44,4933000.0,54.7,45.84,0,0.0,1.0,1.0,1.0,1.0,1.0,1.0,1.0,1.0,1.0,1.0,1.0,1.0,1.0
6.713240695762572,5.54,1.3,38641.40527878342,24472.84924135018,2286.889887715308,332.10604390175746,564.8559725651824,544.53025,2050.0,8.537,9.44,4933000.0,54.7,45.84,0,1.0,1.0,1.0,1.0,1.0,1.0,1.0,1.0,1.0,1.0,1.0,1.0,1.0,1.0
6.713240695762572,5.54,1.6,38641.40527878342,24472.84924135018,2286.889887715308,332.10604390175746,564.8559725651824,544.53025,2050.0,8.537,9.44,4933000.0,54.7,45.84,0,1.0,1.0,1.0,1.0,1.0,1.0,1.0,1.0,1.0,1.0,1.0,1.0,1.0,1.0
6.713240695762572,5.54,2.4,38641.40527878342,24472.84924135018,2286.889887715308,332.10604390175746,564.8559725651824,544.53025,2050.0,8.537,9.44,4933000.0,54.7,45.84,0,1.0,1.0,1.0,1.0,1.0,1.0,1.0,1.0,1.0,1.0,1.0,1.0,1.0,1.0
6.724385933857808,5.54,,38641.40527878342,24472.84924135018,2286.889887715308,332.10604390175746,564.8559725651824,544.53025,2050.0,8.537,6402.0,4933000.0,54.7,45.84,0,1.0,1.0,1.0,1.0,1.0,1.0,1.0,1.0,1.0,1.0,0.0,1.0,1.0,1.0
6.724385933857808,5.54,,38641.40527878342,24472.84924135018,2286.889887715308,332.10604390175746,564.8559725651824,544.53025,2050.0,8.537,1568.0,4933000.0,54.7,45.84,0,1.0,1.0,1.0,1.0,1.0,1.0,1.0,1.0,1.0,1.0,0.0,1.0,1.0,1.0
6.724385933857808,5.54,,38641.40527878342,24472.84924135018,2286.889887715308,332.10604390175746,564.8559725651824,544.53025,2050.0,8.537,812.0,4933000.0,54.7,45.84,0,1.0,1.0,1.0,1.0,1.0,1.0,1.0,1.0,1.0,1.0,0.0,1.0,1.0,1.0
6.724385933857808,5.54,,38641.40527878342,24472.84924135018,2286.889887715308,332.10604390175746,564.8559725651824,544.53025,2050.0,8.537,243.0,4933000.0,54.7,45.84,0,1.0,1.0,1.0,1.0,1.0,1.0,1.0,1.0,1.0,1.0,0.0,1.0,1.0,1.0
6.724385933857808,5.54,,38641.40527878342,24472.84924135018,2286.889887715308,332.10604390175746,564.8559725651824,544.53025,2050.0,8.537,747.0,4933000.0,54.7,45.84,0,1.0,1.0,1.0,1.0,1.0,1.0,1.0,1.0,1.0,1.0,0.0,1.0,1.0,1.0
6.724385933857808,5.54,,38641.40527878342,24472.84924135018,2286.889887715308,332.10604390175746,564.8559725651824,544.53025,2050.0,8.537,319.0,4933000.0,54.7,45.84,0,1.0,1.0,1.0,1.0,1.0,1.0,1.0,1.0,1.0,1.0,0.0,1.0,1.0,1.0
6.724385933857808,5.54,,38641.40527878342,24472.84924135018,2286.889887715308,332.10604390175746,564.8559725651824,544.53025,2050.0,8.537,77.6,4933000.0,54.7,45.84,0,1.0,1.0,1.0,1.0,1.0,1.0,1.0,1.0,1.0,1.0,0.0,1.0,1.0,1.0
6.724385933857808,5.54,,38641.40527878342,24472.84924135018,2286.889887715308,332.10604390175746,564.8559725651824,544.53025,2050.0,8.537,34.7,4933000.0,54.7,45.84,0,1.0,1.0,1.0,1.0,1.0,1.0,1.0,1.0,1.0,1.0,0.0,1.0,1.0,1.0
7.32,5.54,,2165306.508397852,84253.1697962963,586862.825,255048.8,41495.66049999998,4856.875,2050.0,8.537,9.44,4933000.0,54.7,45.84,0,0.0,1.0,1.0,1.0,1.0,1.0,1.0,1.0,1.0,1.0,1.0,1.0,1.0,1.0
7.32,5.54,,2165306.508397852,84253.1697962963,586862.825,255048.8,41495.66049999998,4856.875,2050.0,8.537,9.44,4933000.0,54.7,45.84,0,0.0,1.0,1.0,1.0,1.0,1.0,1.0,1.0,1.0,1.0,1.0,1.0,1.0,1.0
7.32,5.54,,2165306.508397852,84253.1697962963,586862.825,255048.8,41495.66049999998,4856.875,2050.0,8.537,9.44,4933000.0,54.7,45.84,0,0.0,1.0,1.0,1.0,1.0,1.0,1.0,1.0,1.0,1.0,1.0,1.0,1.0,1.0
6.713240695762572,5.54,,38641.40527878342,24472.84924135018,2286.889887715308,332.10604390175746,564.8559725651824,544.53025,2050.0,8.537,9.44,4933000.0,54.7,45.84,0,1.0,1.0,1.0,1.0,1.0,1.0,1.0,1.0,1.0,1.0,1.0,1.0,1.0,1.0
6.713240695762572,5.54,,38641.40527878342,24472.84924135018,2286.889887715308,332.10604390175746,564.8559725651824,544.53025,2050.0,8.537,9.44,4933000.0,54.7,45.84,0,1.0,1.0,1.0,1.0,1.0,1.0,1.0,1.0,1.0,1.0,1.0,1.0,1.0,1.0
6.713240695762572,5.54,,38641.40527878342,24472.84924135018,2286.889887715308,332.10604390175746,564.8559725651824,544.53025,2050.0,8.537,9.44,4933000.0,54.7,45.84,0,1.0,1.0,1.0,1.0,1.0,1.0,1.0,1.0,1.0,1.0,1.0,1.0,1.0,1.0
6.713240695762572,5.54,,38641.40527878342,24472.84924135018,2286.889887715308,332.10604390175746,564.8559725651824,544.53025,2050.0,8.537,9.44,4933000.0,54.7,45.84,0,1.0,1.0,1.0,1.0,1.0,1.0,1.0,1.0,1.0,1.0,1.0,1.0,1.0,1.0
6.713240695762572,5.54,,38641.40527878342,24472.84924135018,2286.889887715308,332.10604390175746,564.8559725651824,544.53025,2050.0,8.537,9.44,4933000.0,54.7,45.84,0,1.0,1.0,1.0,1.0,1.0,1.0,1.0,1.0,1.0,1.0,1.0,1.0,1.0,1.0
6.713240695762572,5.54,,38641.40527878342,24472.84924135018,2286.889887715308,332.10604390175746,564.8559725651824,544.53025,2050.0,8.537,9.44,4933000.0,54.7,45.84,0,1.0,1.0,1.0,1.0,1.0,1.0,1.0,1.0,1.0,1.0,1.0,1.0,1.0,1.0
6.713240695762572,5.54,,38641.40527878342,24472.84924135018,2286.889887715308,332.10604390175746,564.8559725651824,544.53025,2050.0,8.537,9.44,4933000.0,54.7,45.84,0,1.0,1.0,1.0,1.0,1.0,1.0,1.0,1.0,1.0,1.0,1.0,1.0,1.0,1.0
6.713240695762572,5.54,,38641.40527878342,24472.84924135018,2286.889887715308,332.10604390175746,564.8559725651824,544.53025,2050.0,8.537,9.44,4933000.0,54.7,45.84,0,1.0,1.0,1.0,1.0,1.0,1.0,1.0,1.0,1.0,1.0,1.0,1.0,1.0,1.0
6.713240695762572,5.54,,38641.40527878342,24472.84924135018,2286.889887715308,332.10604390175746,564.8559725651824,544.53025,2050.0,8.537,9.44,4933000.0,54.7,45.84,0,1.0,1.0,1.0,1.0,1.0,1.0,1.0,1.0,1.0,1.0,1.0,1.0,1.0,1.0
6.5047387426900585,5.54,,758.3672181071645,1667.640569424486,110.36111608946707,0.4779,40.7670484053757,0.1794,2050.0,8.537,9.44,4933000.0,54.7,45.84,0,1.0,1.0,1.0,1.0,1.0,0.0,1.0,0.0,1.0,1.0,1.0,1.0,1.0,1.0
6.5047387426900585,5.54,,758.3672181071645,1667.640569424486,110.36111608946707,0.2308,40.7670484053757,0.037,2050.0,8.537,9.44,4933000.0,54.7,45.84,0,1.0,1.0,1.0,1.0,1.0,0.0,1.0,0.0,1.0,1.0,1.0,1.0,1.0,1.0
5.6900629757122,5.54,,950.2670603764088,871.271104608871,97.741421476541,62.83622462624301,132.60293418995175,11.39935279914595,2050.0,3.66,9.44,4933000.0,54.7,45.84,0,1.0,1.0,1.0,1.0,1.0,1.0,1.0,1.0,1.0,0.0,1.0,1.0,1.0,1.0
5.02,5.54,1.28,1027.543136654311,201.0349243524495,279.4728889904373,166.15357231028017,187.58003502587547,27.05065627971612,2050.0,8.537,9.44,4933000.0,54.7,45.84,0,0.0,1.0,1.0,1.0,1.0,1.0,1.0,1.0,1.0,1.0,1.0,1.0,1.0,1.0
5.33,5.54,2.32,1027.543136654311,219.6812853784296,257.19663592777744,164.76181716394106,175.9892488917532,23.118007094906453,2050.0,8.537,9.44,4933000.0,54.7,45.84,0,0.0,1.0,1.0,1.0,1.0,1.0,1.0,1.0,1.0,1.0,1.0,1.0,1.0,1.0
5.94,5.54,1.54,989.5876664931608,219.6812853784296,242.0345027771926,111.30800513393989,163.2317311983008,19.560187756804005,2050.0,8.537,9.44,4933000.0,54.7,45.84,0,0.0,1.0,1.0,1.0,1.0,1.0,1.0,1.0,1.0,1.0,1.0,1.0,1.0,1.0
6.14,5.54,0.83,950.2670603764088,219.6812853784296,260.2626044295059,63.142831800223995,132.7568782858654,18.575756709162995,2050.0,8.537,9.44,4933000.0,54.7,45.84,0,0.0,1.0,1.0,1.0,1.0,1.0,1.0,1.0,1.0,1.0,1.0,1.0,1.0,1.0
6.45,5.54,1.74,183747.29903549445,18590.80924135018,2286.889887715308,303.0220734723778,2046.1870857945432,562.5,2050.0,8.537,9.44,4933000.0,54.7,45.84,0,0.0,1.0,1.0,1.0,1.0,1.0,1.0,1.0,1.0,1.0,1.0,1.0,1.0,1.0
6.8,5.54,0.93,43237.96973929067,24801.807574683517,2202.7218131617365,332.10604390175746,418.73144525638,544.53025,2050.0,8.537,9.44,4933000.0,54.7,45.84,0,0.0,1.0,1.0,1.0,1.0,1.0,1.0,1.0,1.0,1.0,1.0,1.0,1.0,1.0
7.43,5.54,1.92,252537.15112146703,9579.034961877658,34053.1815,603.4256750581742,5582.327750000001,219.3079015197649,2050.0,8.537,9.44,4933000.0,54.7,45.84,0,0.0,1.0,1.0,1.0,1.0,1.0,1.0,1.0,1.0,1.0,1.0,1.0,1.0,1.0
7.6,5.54,4.7,14107903.011363637,577378.9797916666,552488.575,31263.35,65813.89050000001,4856.875,2050.0,8.537,9.44,4933000.0,54.7,45.84,0,0.0,1.0,1.0,1.0,1.0,1.0,1.0,1.0,1.0,1.0,1.0,1.0,1.0,1.0
7.95,5.54,1.57,224089320.41666663,101518654.16666666,439569.575,31211.35,66594.3305,4501.375,2050.0,8.537,9.44,4933000.0,54.7,45.84,0,0.0,1.0,1.0,1.0,1.0,1.0,1.0,1.0,1.0,1.0,1.0,1.0,1.0,1.0
7.99,5.54,2.24,224089320.41666663,101518654.16666666,439569.575,31211.35,66594.3305,4501.375,2050.0,8.537,9.44,4933000.0,54.7,45.84,0,0.0,1.0,1.0,1.0,1.0,1.0,1.0,1.0,1.0,1.0,1.0,1.0,1.0,1.0
8.2,5.54,0.58,483535120.4166666,101518654.16666666,439569.575,31569.075,66594.3305,4501.375,2050.0,8.537,9.44,4933000.0,54.7,45.84,0,0.0,1.0,1.0,1.0,1.0,1.0,1.0,1.0,1.0,1.0,1.0,1.0,1.0,1.0
8.69,5.54,0.59,1000000000.0,221388216.6666667,439569.575,31124.8,66594.3305,3998.375,2050.0,8.537,9.44,4933000.0,54.7,45.84,0,0.0,1.0,1.0,1.0,1.0,1.0,1.0,1.0,1.0,1.0,1.0,1.0,1.0,1.0
5.2110925595238085,5.54,0.33,1027.543136654311,1518.8561625406946,134.0542006078985,84.06855783251535,45.22569423870903,6.2971601211970505,11.8,8.537,9.44,4933000.0,54.7,45.84,0,1.0,1.0,1.0,1.0,1.0,1.0,1.0,1.0,0.0,1.0,1.0,1.0,1.0,1.0
5.2110925595238085,5.54,0.41,1027.543136654311,1518.8561625406946,134.0542006078985,84.06855783251535,45.22569423870903,6.2971601211970505,10.8,8.537,9.44,4933000.0,54.7,45.84,0,1.0,1.0,1.0,1.0,1.0,1.0,1.0,1.0,0.0,1.0,1.0,1.0,1.0,1.0
5.2110925595238085,5.54,0.37,1027.543136654311,1518.8561625406946,134.0542006078985,84.06855783251535,45.22569423870903,6.2971601211970505,7.4,8.537,9.44,4933000.0,54.7,45.84,0,1.0,1.0,1.0,1.0,1.0,1.0,1.0,1.0,0.0,1.0,1.0,1.0,1.0,1.0
6.4,5.54,1.92,42899.88351429066,18590.80924135018,2946.079025810977,342.2974724731861,833.5473200850238,540.78025,2050.0,8.537,9.44,4933000.0,54.7,45.84,0,0.0,1.0,1.0,1.0,1.0,1.0,1.0,1.0,1.0,1.0,1.0,1.0,1.0,1.0
6.4,5.54,1.92,42899.88351429066,18590.80924135018,2946.079025810977,342.2974724731861,833.5473200850238,540.78025,2050.0,8.537,9.44,4933000.0,54.7,45.84,0,0.0,1.0,1.0,1.0,1.0,1.0,1.0,1.0,1.0,1.0,1.0,1.0,1.0,1.0
6.4,5.54,1.92,42899.88351429066,18590.80924135018,2946.079025810977,342.2974724731861,833.5473200850238,540.78025,2050.0,8.537,9.44,4933000.0,54.7,45.84,0,0.0,1.0,1.0,1.0,1.0,1.0,1.0,1.0,1.0,1.0,1.0,1.0,1.0,1.0
6.4,5.54,1.92,42899.88351429066,18590.80924135018,2946.079025810977,342.2974724731861,833.5473200850238,540.78025,2050.0,8.537,9.44,4933000.0,54.7,45.84,0,0.0,1.0,1.0,1.0,1.0,1.0,1.0,1.0,1.0,1.0,1.0,1.0,1.0,1.0
6.4,5.54,1.92,42899.88351429066,18590.80924135018,2946.079025810977,342.2974724731861,833.5473200850238,540.78025,2050.0,8.537,9.44,4933000.0,54.7,45.84,0,0.0,1.0,1.0,1.0,1.0,1.0,1.0,1.0,1.0,1.0,1.0,1.0,1.0,1.0
6.4,5.54,1.92,42899.88351429066,18590.80924135018,2946.079025810977,342.2974724731861,833.5473200850238,540.78025,2050.0,8.537,9.44,4933000.0,54.7,45.84,0,0.0,1.0,1.0,1.0,1.0,1.0,1.0,1.0,1.0,1.0,1.0,1.0,1.0,1.0
6.4,5.54,1.92,42899.88351429066,18590.80924135018,2946.079025810977,342.2974724731861,833.5473200850238,540.78025,2050.0,8.537,9.44,4933000.0,54.7,45.84,0,0.0,1.0,1.0,1.0,1.0,1.0,1.0,1.0,1.0,1.0,1.0,1.0,1.0,1.0
6.4,5.54,1.92,42899.88351429066,18590.80924135018,2946.079025810977,342.2974724731861,833.5473200850238,540.78025,2050.0,8.537,9.44,4933000.0,54.7,45.84,0,0.0,1.0,1.0,1.0,1.0,1.0,1.0,1.0,1.0,1.0,1.0,1.0,1.0,1.0
6.4,5.54,1.92,42899.88351429066,18590.80924135018,2946.079025810977,342.2974724731861,833.5473200850238,540.78025,2050.0,8.537,9.44,4933000.0,54.7,45.84,0,0.0,1.0,1.0,1.0,1.0,1.0,1.0,1.0,1.0,1.0,1.0,1.0,1.0,1.0
5.64,5.54,,1027.543136654311,219.6812853784296,242.37589217777744,157.3166263982792,175.9892488917532,28.048311888268778,2050.0,8.537,9.44,4933000.0,54.7,45.84,0,0.0,1.0,1.0,1.0,1.0,1.0,1.0,1.0,1.0,1.0,1.0,1.0,1.0,1.0
6.718581763266384,5.54,1.96,21324.618220048196,25254.45634341478,1959.426562961063,307.0249472662964,45.0,539.3452500000001,2050.0,8.537,9.44,4933000.0,54.7,45.84,0,1.0,1.0,1.0,1.0,1.0,1.0,0.0,1.0,1.0,1.0,1.0,1.0,1.0,1.0
6.7148317632663845,5.54,2.28,21324.618220048196,25254.45634341478,1959.426562961063,307.0249472662964,35.2,539.3452500000001,2050.0,8.537,9.44,4933000.0,54.7,45.84,0,1.0,1.0,1.0,1.0,1.0,1.0,0.0,1.0,1.0,1.0,1.0,1.0,1.0,1.0
6.718581763266384,5.54,2.03,21324.618220048196,25254.45634341478,1959.426562961063,307.0249472662964,44.6,539.3452500000001,2050.0,8.537,9.44,4933000.0,54.7,45.84,0,1.0,1.0,1.0,1.0,1.0,1.0,0.0,1.0,1.0,1.0,1.0,1.0,1.0,1.0
6.7148317632663845,5.54,2.32,21324.618220048196,25254.45634341478,1959.426562961063,307.0249472662964,37.3,539.3452500000001,2050.0,8.537,9.44,4933000.0,54.7,45.84,0,1.0,1.0,1.0,1.0,1.0,1.0,0.0,1.0,1.0,1.0,1.0,1.0,1.0,1.0
6.718581763266384,5.54,1.34,21324.618220048196,25254.45634341478,1959.426562961063,307.0249472662964,48.5,539.3452500000001,2050.0,8.537,9.44,4933000.0,54.7,45.84,0,1.0,1.0,1.0,1.0,1.0,1.0,0.0,1.0,1.0,1.0,1.0,1.0,1.0,1.0
6.718581763266384,5.54,1.34,21324.618220048196,25254.45634341478,1959.426562961063,306.9999472662964,67.6,539.4702546367367,2050.0,8.537,9.44,4933000.0,54.7,45.84,0,1.0,1.0,1.0,1.0,1.0,1.0,0.0,1.0,1.0,1.0,1.0,1.0,1.0,1.0
6.718581763266384,5.54,1.81,21324.618220048196,25254.45634341478,1959.426562961063,307.0249472662964,48.2,539.3452500000001,2050.0,8.537,9.44,4933000.0,54.7,45.84,0,1.0,1.0,1.0,1.0,1.0,1.0,0.0,1.0,1.0,1.0,1.0,1.0,1.0,1.0
6.701915096599717,5.54,2.04,21732.534886714864,25254.45634341478,1925.6403484417556,306.9999472662964,85.5,539.4702546367367,2050.0,8.537,9.44,4933000.0,54.7,45.84,0,1.0,1.0,1.0,1.0,1.0,1.0,0.0,1.0,1.0,1.0,1.0,1.0,1.0,1.0
6.718581763266384,5.54,1.49,21324.618220048196,25254.45634341478,1959.426562961063,307.0249472662964,47.0,539.3452500000001,2050.0,8.537,9.44,4933000.0,54.7,45.84,0,1.0,1.0,1.0,1.0,1.0,1.0,0.0,1.0,1.0,1.0,1.0,1.0,1.0,1.0
6.701915096599717,5.54,1.24,21732.534886714864,25254.45634341478,1925.6403484417556,306.9999472662964,94.1,539.4702546367367,2050.0,8.537,9.44,4933000.0,54.7,45.84,0,1.0,1.0,1.0,1.0,1.0,1.0,0.0,1.0,1.0,1.0,1.0,1.0,1.0,1.0
6.718581763266384,5.54,1.6,21324.618220048196,25254.45634341478,1959.426562961063,307.0249472662964,48.1,539.3452500000001,2050.0,8.537,9.44,4933000.0,54.7,45.84,0,1.0,1.0,1.0,1.0,1.0,1.0,0.0,1.0,1.0,1.0,1.0,1.0,1.0,1.0
6.718581763266384,5.54,2.16,21324.618220048196,25254.45634341478,1959.426562961063,307.0249472662964,42.9,539.3452500000001,2050.0,8.537,9.44,4933000.0,54.7,45.84,0,1.0,1.0,1.0,1.0,1.0,1.0,0.0,1.0,1.0,1.0,1.0,1.0,1.0,1.0
6.7148317632663845,5.54,2.14,21324.618220048196,25254.45634341478,1953.277081788025,307.0249472662964,30.7,539.3452500000001,2050.0,8.537,9.44,4933000.0,54.7,45.84,0,1.0,1.0,1.0,1.0,1.0,1.0,0.0,1.0,1.0,1.0,1.0,1.0,1.0,1.0
6.7148317632663845,5.54,2.56,21324.618220048196,25254.45634341478,1959.426562961063,307.0249472662964,34.7,539.3452500000001,2050.0,8.537,9.44,4933000.0,54.7,45.84,0,1.0,1.0,1.0,1.0,1.0,1.0,0.0,1.0,1.0,1.0,1.0,1.0,1.0,1.0
6.7148317632663845,5.54,2.76,21324.618220048196,25254.45634341478,1953.277081788025,307.0249472662964,29.5,539.3452500000001,2050.0,8.537,9.44,4933000.0,54.7,45.84,0,1.0,1.0,1.0,1.0,1.0,1.0,0.0,1.0,1.0,1.0,1.0,1.0,1.0,1.0
6.7148317632663845,5.54,2,21324.618220048196,25254.45634341478,1959.426562961063,307.0249472662964,35.7,539.3452500000001,2050.0,8.537,9.44,4933000.0,54.7,45.84,0,1.0,1.0,1.0,1.0,1.0,1.0,0.0,1.0,1.0,1.0,1.0,1.0,1.0,1.0
6.699167129120044,5.54,2,21324.618220048196,25254.45634341478,1953.277081788025,307.0249472662964,23.9,539.3452500000001,2050.0,8.537,9.44,4933000.0,54.7,45.84,0,1.0,1.0,1.0,1.0,1.0,1.0,0.0,1.0,1.0,1.0,1.0,1.0,1.0,1.0
6.7148317632663845,5.54,1.68,21324.618220048196,25254.45634341478,1953.277081788025,307.0249472662964,29.9,539.3452500000001,2050.0,8.537,9.44,4933000.0,54.7,45.84,0,1.0,1.0,1.0,1.0,1.0,1.0,0.0,1.0,1.0,1.0,1.0,1.0,1.0,1.0
6.7148317632663845,5.54,1.98,21324.618220048196,25254.45634341478,1959.426562961063,307.0249472662964,37.4,539.3452500000001,2050.0,8.537,9.44,4933000.0,54.7,45.84,0,1.0,1.0,1.0,1.0,1.0,1.0,0.0,1.0,1.0,1.0,1.0,1.0,1.0,1.0
6.5047387426900585,5.54,,758.3672181071645,1667.640569424486,110.36111608946707,0.48,40.7670484053757,0.69,2050.0,8.537,9.44,4933000.0,54.7,45.84,0,1.0,1.0,1.0,1.0,1.0,0.0,1.0,0.0,1.0,1.0,1.0,1.0,1.0,1.0
6.5047387426900585,5.54,,758.3672181071645,1667.640569424486,101.30274495013025,1.0,44.83398810203367,1.37,2050.0,8.537,9.44,4933000.0,54.7,45.84,0,1.0,1.0,1.0,1.0,1.0,0.0,1.0,0.0,1.0,1.0,1.0,1.0,1.0,1.0
6.5047387426900585,5.54,,758.3672181071645,1667.640569424486,101.30274495013025,0.93,44.83398810203367,1.23,2050.0,8.537,9.44,4933000.0,54.7,45.84,0,1.0,1.0,1.0,1.0,1.0,0.0,1.0,0.0,1.0,1.0,1.0,1.0,1.0,1.0
6.5047387426900585,5.54,,758.3672181071645,1667.640569424486,110.36111608946707,0.28,40.7670484053757,1.03,2050.0,8.537,9.44,4933000.0,54.7,45.84,0,1.0,1.0,1.0,1.0,1.0,0.0,1.0,0.0,1.0,1.0,1.0,1.0,1.0,1.0
4.5,5.54,,1027.543136654311,1176.0,280.8417302043026,274.10914766719367,135.28880087014653,14.731891379942738,2050.0,8.537,9.44,4933000.0,54.7,45.84,0,0.0,1.0,1.0,0.0,1.0,1.0,1.0,1.0,1.0,1.0,1.0,1.0,1.0,1.0
4.77,5.54,,1027.543136654311,1072.5,99.14976689656744,68.65275207534671,130.1427505725275,12.174072703290287,2050.0,8.537,9.44,4933000.0,54.7,45.84,0,0.0,1.0,1.0,0.0,1.0,1.0,1.0,1.0,1.0,1.0,1.0,1.0,1.0,1.0
4.61,5.54,,1027.543136654311,391.6,1303.5331217625242,330.7155592531765,177.91801381387535,13.560162732971063,2050.0,8.537,9.44,4933000.0,54.7,45.84,0,0.0,1.0,1.0,0.0,1.0,1.0,1.0,1.0,1.0,1.0,1.0,1.0,1.0,1.0
4.76,5.54,,1027.543136654311,496.3,100.47279227535532,113.13685330660265,130.1427505725275,16.123092636815052,2050.0,8.537,9.44,4933000.0,54.7,45.84,0,0.0,1.0,1.0,0.0,1.0,1.0,1.0,1.0,1.0,1.0,1.0,1.0,1.0,1.0
4.24,5.54,,1027.543136654311,255.2,1848.135191666667,411.50734198404245,222.29888908549327,15.881945040064078,2050.0,8.537,9.44,4933000.0,54.7,45.84,0,0.0,1.0,1.0,0.0,1.0,1.0,1.0,1.0,1.0,1.0,1.0,1.0,1.0,1.0
7.186539456514312,5.54,,903527.4133198943,213662.8615379759,953849.575,582855.1666666666,516000.0,6872.8,2050.0,8.537,9.44,4933000.0,54.7,45.84,1,1.0,1.0,1.0,1.0,1.0,1.0,0.0,1.0,1.0,1.0,1.0,1.0,1.0,1.0
6.713240695762572,5.54,,38641.40527878342,24472.84924135018,2286.889887715308,332.10604390175746,564.8559725651824,544.53025,2050.0,8.537,9.44,4933000.0,54.7,45.84,0,1.0,1.0,1.0,1.0,1.0,1.0,1.0,1.0,1.0,1.0,1.0,1.0,1.0,1.0
6.713240695762572,5.54,,38641.40527878342,24472.84924135018,2286.889887715308,332.10604390175746,564.8559725651824,544.53025,2050.0,8.537,9.44,4933000.0,54.7,45.84,0,1.0,1.0,1.0,1.0,1.0,1.0,1.0,1.0,1.0,1.0,1.0,1.0,1.0,1.0
6.713240695762572,5.54,,38641.40527878342,24472.84924135018,2286.889887715308,332.10604390175746,564.8559725651824,544.53025,2050.0,8.537,9.44,4933000.0,54.7,45.84,0,1.0,1.0,1.0,1.0,1.0,1.0,1.0,1.0,1.0,1.0,1.0,1.0,1.0,1.0
6.713240695762572,5.54,,38641.40527878342,24472.84924135018,2286.889887715308,332.10604390175746,564.8559725651824,544.53025,2050.0,8.537,9.44,4933000.0,54.7,45.84,0,1.0,1.0,1.0,1.0,1.0,1.0,1.0,1.0,1.0,1.0,1.0,1.0,1.0,1.0
4.46,5.54,0.148,778.317554748448,201.0349243524495,1580.984525,373.8044273631524,0.0,20.00186145469982,2050.0,8.537,9.44,4933000.0,54.7,45.84,0,0.0,1.0,1.0,1.0,1.0,1.0,0.0,1.0,1.0,1.0,1.0,1.0,1.0,1.0
4.46,5.54,0.148,302787.34066328546,9304.53532368905,19422.0605,3114.8018333333334,8000.0,83.86512500000003,2050.0,8.537,9.44,4933000.0,54.7,45.84,1,0.0,1.0,1.0,1.0,1.0,1.0,0.0,1.0,1.0,1.0,1.0,1.0,1.0,1.0
4.46,5.54,0.148,314062.8476979175,9304.53532368905,31394.775,13529.5,16000.0,74.70837500000005,2050.0,8.537,9.44,4933000.0,54.7,45.84,1,0.0,1.0,1.0,1.0,1.0,1.0,0.0,1.0,1.0,1.0,1.0,1.0,1.0,1.0
6.713240695762572,5.54,,38641.40527878342,24472.84924135018,2286.889887715308,332.10604390175746,564.8559725651824,544.53025,2050.0,8.537,9.44,4933000.0,54.7,45.84,0,1.0,1.0,1.0,1.0,1.0,1.0,1.0,1.0,1.0,1.0,1.0,1.0,1.0,1.0
6.713240695762572,5.54,,38641.40527878342,24472.84924135018,2286.889887715308,332.10604390175746,564.8559725651824,544.53025,2050.0,8.537,9.44,4933000.0,54.7,45.84,0,1.0,1.0,1.0,1.0,1.0,1.0,1.0,1.0,1.0,1.0,1.0,1.0,1.0,1.0
6.713240695762572,5.54,,38641.40527878342,24472.84924135018,2286.889887715308,332.10604390175746,564.8559725651824,544.53025,2050.0,8.537,9.44,4933000.0,54.7,45.84,0,1.0,1.0,1.0,1.0,1.0,1.0,1.0,1.0,1.0,1.0,1.0,1.0,1.0,1.0
6.713240695762572,5.54,,38641.40527878342,24472.84924135018,2286.889887715308,332.10604390175746,564.8559725651824,544.53025,2050.0,8.537,9.44,4933000.0,54.7,45.84,0,1.0,1.0,1.0,1.0,1.0,1.0,1.0,1.0,1.0,1.0,1.0,1.0,1.0,1.0
6.24,5.54,,950.2670603764088,247.0110403833195,95.48274911733868,59.007135094764195,130.1427505725275,18.182895695911732,2050.0,8.537,9.44,4933000.0,54.7,45.84,0,0.0,1.0,1.0,1.0,1.0,1.0,1.0,1.0,1.0,1.0,1.0,1.0,1.0,1.0
6.57,5.54,,225015.3729130664,27160.349241350184,2286.889887715308,302.2182939017574,1957.2635602412645,568.5,2050.0,8.537,9.44,4933000.0,54.7,45.84,0,0.0,1.0,1.0,1.0,1.0,1.0,1.0,1.0,1.0,1.0,1.0,1.0,1.0,1.0
6.57,5.54,,225015.3729130664,27160.349241350184,2286.889887715308,302.2182939017574,1957.2635602412645,568.5,2050.0,8.537,9.44,4933000.0,54.7,45.84,0,0.0,1.0,1.0,1.0,1.0,1.0,1.0,1.0,1.0,1.0,1.0,1.0,1.0,1.0
8.55,5.54,,1000000000.0,221388216.6666667,439569.575,31124.8,66594.3305,3998.375,2050.0,8.537,9.44,4933000.0,54.7,45.84,0,0.0,1.0,1.0,1.0,1.0,1.0,1.0,1.0,1.0,1.0,1.0,1.0,1.0,1.0
8.54,5.54,,1000000000.0,221388216.6666667,439569.575,31124.8,66594.3305,3998.375,2050.0,8.537,9.44,4933000.0,54.7,45.84,0,0.0,1.0,1.0,1.0,1.0,1.0,1.0,1.0,1.0,1.0,1.0,1.0,1.0,1.0
8.53,5.54,,1000000000.0,221388216.6666667,439569.575,31124.8,66594.3305,3998.375,2050.0,8.537,9.44,4933000.0,54.7,45.84,0,0.0,1.0,1.0,1.0,1.0,1.0,1.0,1.0,1.0,1.0,1.0,1.0,1.0,1.0
8.39,5.54,,1000000000.0,221388216.6666667,439569.575,31124.8,66594.3305,3998.375,2050.0,8.537,9.44,4933000.0,54.7,45.84,0,0.0,1.0,1.0,1.0,1.0,1.0,1.0,1.0,1.0,1.0,1.0,1.0,1.0,1.0
8.63,5.54,,1000000000.0,221388216.6666667,439569.575,31124.8,66594.3305,3998.375,2050.0,8.537,9.44,4933000.0,54.7,45.84,0,0.0,1.0,1.0,1.0,1.0,1.0,1.0,1.0,1.0,1.0,1.0,1.0,1.0,1.0
8.51,5.54,,1000000000.0,221388216.6666667,439569.575,31124.8,66594.3305,3998.375,2050.0,8.537,9.44,4933000.0,54.7,45.84,0,0.0,1.0,1.0,1.0,1.0,1.0,1.0,1.0,1.0,1.0,1.0,1.0,1.0,1.0
8.43,5.54,,1000000000.0,221388216.6666667,439569.575,31124.8,66594.3305,3998.375,2050.0,8.537,9.44,4933000.0,54.7,45.84,0,0.0,1.0,1.0,1.0,1.0,1.0,1.0,1.0,1.0,1.0,1.0,1.0,1.0,1.0
8.56,5.54,,1000000000.0,221388216.6666667,439569.575,31124.8,66594.3305,3998.375,2050.0,8.537,9.44,4933000.0,54.7,45.84,0,0.0,1.0,1.0,1.0,1.0,1.0,1.0,1.0,1.0,1.0,1.0,1.0,1.0,1.0
8.44,5.54,,1000000000.0,221388216.6666667,439569.575,31124.8,66594.3305,3998.375,2050.0,8.537,9.44,4933000.0,54.7,45.84,0,0.0,1.0,1.0,1.0,1.0,1.0,1.0,1.0,1.0,1.0,1.0,1.0,1.0,1.0
8.38,5.54,,1000000000.0,221388216.6666667,439569.575,31124.8,66594.3305,3998.375,2050.0,8.537,9.44,4933000.0,54.7,45.84,0,0.0,1.0,1.0,1.0,1.0,1.0,1.0,1.0,1.0,1.0,1.0,1.0,1.0,1.0
8.41,5.54,,1000000000.0,221388216.6666667,439569.575,31124.8,66594.3305,3998.375,2050.0,8.537,9.44,4933000.0,54.7,45.84,0,0.0,1.0,1.0,1.0,1.0,1.0,1.0,1.0,1.0,1.0,1.0,1.0,1.0,1.0
8.61,5.54,,1000000000.0,221388216.6666667,439569.575,31124.8,66594.3305,3998.375,2050.0,8.537,9.44,4933000.0,54.7,45.84,0,0.0,1.0,1.0,1.0,1.0,1.0,1.0,1.0,1.0,1.0,1.0,1.0,1.0,1.0
8.4,5.54,,1000000000.0,221388216.6666667,439569.575,31124.8,66594.3305,3998.375,2050.0,8.537,9.44,4933000.0,54.7,45.84,0,0.0,1.0,1.0,1.0,1.0,1.0,1.0,1.0,1.0,1.0,1.0,1.0,1.0,1.0
8.62,5.54,,1000000000.0,221388216.6666667,439569.575,31124.8,66594.3305,3998.375,2050.0,8.537,9.44,4933000.0,54.7,45.84,0,0.0,1.0,1.0,1.0,1.0,1.0,1.0,1.0,1.0,1.0,1.0,1.0,1.0,1.0
6.724391220238094,5.54,,38641.40527878342,24472.84924135018,2286.889887715308,332.10604390175746,564.8559725651824,544.53025,2050.0,8.537,1.72,4933000.0,54.7,45.84,0,1.0,1.0,1.0,1.0,1.0,1.0,1.0,1.0,1.0,1.0,0.0,1.0,1.0,1.0
6.719832886904763,5.54,,38641.40527878342,24472.84924135018,2286.889887715308,332.10604390175746,564.8559725651824,544.53025,2050.0,8.537,0.333,4933000.0,54.7,45.84,0,1.0,1.0,1.0,1.0,1.0,1.0,1.0,1.0,1.0,1.0,0.0,1.0,1.0,1.0
6.719832886904763,5.54,,38641.40527878342,24472.84924135018,2286.889887715308,332.10604390175746,564.8559725651824,544.53025,2050.0,8.537,0.402,4933000.0,54.7,45.84,0,1.0,1.0,1.0,1.0,1.0,1.0,1.0,1.0,1.0,1.0,0.0,1.0,1.0,1.0
6.719832886904763,5.54,,38641.40527878342,24472.84924135018,2286.889887715308,332.10604390175746,564.8559725651824,544.53025,2050.0,8.537,0.264,4933000.0,54.7,45.84,0,1.0,1.0,1.0,1.0,1.0,1.0,1.0,1.0,1.0,1.0,0.0,1.0,1.0,1.0
6.719832886904763,5.54,,38641.40527878342,24472.84924135018,2286.889887715308,332.10604390175746,564.8559725651824,544.53025,2050.0,8.537,0.565,4933000.0,54.7,45.84,0,1.0,1.0,1.0,1.0,1.0,1.0,1.0,1.0,1.0,1.0,0.0,1.0,1.0,1.0
6.713240695762572,5.54,,38641.40527878342,24472.84924135018,2286.889887715308,332.10604390175746,564.8559725651824,544.53025,2050.0,8.537,9.44,4933000.0,54.7,45.84,0,1.0,1.0,1.0,1.0,1.0,1.0,1.0,1.0,1.0,1.0,1.0,1.0,1.0,1.0
6.713240695762572,5.54,,38641.40527878342,24472.84924135018,2286.889887715308,332.10604390175746,564.8559725651824,544.53025,2050.0,8.537,9.44,4933000.0,54.7,45.84,0,1.0,1.0,1.0,1.0,1.0,1.0,1.0,1.0,1.0,1.0,1.0,1.0,1.0,1.0
6.713240695762572,5.54,,38641.40527878342,24472.84924135018,2286.889887715308,332.10604390175746,564.8559725651824,544.53025,2050.0,8.537,9.44,4933000.0,54.7,45.84,0,1.0,1.0,1.0,1.0,1.0,1.0,1.0,1.0,1.0,1.0,1.0,1.0,1.0,1.0
7.43,5.54,1.67,21042.969141616828,9001.798751560198,36.46,10.8,72.31908447655124,14.08,2050.0,8.537,9.44,4933000.0,54.7,45.84,0,0.0,1.0,1.0,1.0,0.0,0.0,1.0,0.0,1.0,1.0,1.0,1.0,1.0,1.0
6.713240695762572,5.54,,38641.40527878342,24472.84924135018,2286.889887715308,332.10604390175746,564.8559725651824,544.53025,2050.0,8.537,9.44,4933000.0,54.7,45.84,0,1.0,1.0,1.0,1.0,1.0,1.0,1.0,1.0,1.0,1.0,1.0,1.0,1.0,1.0
6.713240695762572,5.54,,38641.40527878342,24472.84924135018,2286.889887715308,332.10604390175746,564.8559725651824,544.53025,2050.0,8.537,9.44,4933000.0,54.7,45.84,0,1.0,1.0,1.0,1.0,1.0,1.0,1.0,1.0,1.0,1.0,1.0,1.0,1.0,1.0
6.713240695762572,5.54,,38641.40527878342,24472.84924135018,2286.889887715308,332.10604390175746,564.8559725651824,544.53025,2050.0,8.537,9.44,4933000.0,54.7,45.84,0,1.0,1.0,1.0,1.0,1.0,1.0,1.0,1.0,1.0,1.0,1.0,1.0,1.0,1.0
6.713240695762572,5.54,,38641.40527878342,24472.84924135018,2286.889887715308,332.10604390175746,564.8559725651824,544.53025,2050.0,8.537,9.44,4933000.0,54.7,45.84,0,1.0,1.0,1.0,1.0,1.0,1.0,1.0,1.0,1.0,1.0,1.0,1.0,1.0,1.0
6.713240695762572,5.54,,38641.40527878342,24472.84924135018,2286.889887715308,332.10604390175746,564.8559725651824,544.53025,2050.0,8.537,9.44,4933000.0,54.7,45.84,0,1.0,1.0,1.0,1.0,1.0,1.0,1.0,1.0,1.0,1.0,1.0,1.0,1.0,1.0
6.837264759962238,5.54,,62.09,1667.640569424486,104.36750726041244,13.441373939160297,47.39849624471043,5.62995441690365,2050.0,8.537,9.44,4933000.0,54.7,45.84,0,1.0,1.0,0.0,1.0,1.0,1.0,1.0,1.0,1.0,1.0,1.0,1.0,1.0,1.0
6.837264759962238,5.54,,120.59,1667.640569424486,104.36750726041244,13.441373939160297,47.39849624471043,5.62995441690365,2050.0,8.537,9.44,4933000.0,54.7,45.84,0,1.0,1.0,0.0,1.0,1.0,1.0,1.0,1.0,1.0,1.0,1.0,1.0,1.0,1.0
6.837264759962238,5.54,,55.079,1667.640569424486,104.36750726041244,13.441373939160297,47.39849624471043,5.62995441690365,2050.0,8.537,9.44,4933000.0,54.7,45.84,0,1.0,1.0,0.0,1.0,1.0,1.0,1.0,1.0,1.0,1.0,1.0,1.0,1.0,1.0
6.837264759962238,5.54,,8.2,1667.640569424486,104.36750726041244,13.441373939160297,47.39849624471043,5.62995441690365,2050.0,8.537,9.44,4933000.0,54.7,45.84,0,1.0,1.0,0.0,1.0,1.0,1.0,1.0,1.0,1.0,1.0,1.0,1.0,1.0,1.0
6.837264759962238,5.54,,36.96,1667.640569424486,104.36750726041244,13.441373939160297,47.39849624471043,5.62995441690365,2050.0,8.537,9.44,4933000.0,54.7,45.84,0,1.0,1.0,0.0,1.0,1.0,1.0,1.0,1.0,1.0,1.0,1.0,1.0,1.0,1.0
6.837264759962238,5.54,,2.12,1667.640569424486,104.36750726041244,13.441373939160297,47.39849624471043,5.62995441690365,2050.0,8.537,9.44,4933000.0,54.7,45.84,0,1.0,1.0,0.0,1.0,1.0,1.0,1.0,1.0,1.0,1.0,1.0,1.0,1.0,1.0
6.837264759962238,5.54,,5.38,1667.640569424486,104.36750726041244,13.441373939160297,47.39849624471043,5.62995441690365,2050.0,8.537,9.44,4933000.0,54.7,45.84,0,1.0,1.0,0.0,1.0,1.0,1.0,1.0,1.0,1.0,1.0,1.0,1.0,1.0,1.0
6.837264759962238,5.54,,67.66,1667.640569424486,104.36750726041244,13.441373939160297,47.39849624471043,5.62995441690365,2050.0,8.537,9.44,4933000.0,54.7,45.84,0,1.0,1.0,0.0,1.0,1.0,1.0,1.0,1.0,1.0,1.0,1.0,1.0,1.0,1.0
6.837264759962238,5.54,,10.52,1667.640569424486,104.36750726041244,13.441373939160297,47.39849624471043,5.62995441690365,2050.0,8.537,9.44,4933000.0,54.7,45.84,0,1.0,1.0,0.0,1.0,1.0,1.0,1.0,1.0,1.0,1.0,1.0,1.0,1.0,1.0
6.837264759962238,5.54,,5.76,1667.640569424486,104.36750726041244,13.441373939160297,47.39849624471043,5.62995441690365,2050.0,8.537,9.44,4933000.0,54.7,45.84,0,1.0,1.0,0.0,1.0,1.0,1.0,1.0,1.0,1.0,1.0,1.0,1.0,1.0,1.0
6.713240695762572,5.54,,38641.40527878342,24472.84924135018,2286.889887715308,332.10604390175746,564.8559725651824,544.53025,2050.0,8.537,9.44,4933000.0,54.7,45.84,0,1.0,1.0,1.0,1.0,1.0,1.0,1.0,1.0,1.0,1.0,1.0,1.0,1.0,1.0
6.713240695762572,5.54,,38641.40527878342,24472.84924135018,2286.889887715308,332.10604390175746,564.8559725651824,544.53025,2050.0,8.537,9.44,4933000.0,54.7,45.84,0,1.0,1.0,1.0,1.0,1.0,1.0,1.0,1.0,1.0,1.0,1.0,1.0,1.0,1.0
6.713240695762572,5.54,,38641.40527878342,24472.84924135018,2286.889887715308,332.10604390175746,564.8559725651824,544.53025,2050.0,8.537,9.44,4933000.0,54.7,45.84,0,1.0,1.0,1.0,1.0,1.0,1.0,1.0,1.0,1.0,1.0,1.0,1.0,1.0,1.0
6.713240695762572,5.54,,38641.40527878342,24472.84924135018,2286.889887715308,332.10604390175746,564.8559725651824,544.53025,2050.0,8.537,9.44,4933000.0,54.7,45.84,0,1.0,1.0,1.0,1.0,1.0,1.0,1.0,1.0,1.0,1.0,1.0,1.0,1.0,1.0
6.713240695762572,5.54,,38641.40527878342,24472.84924135018,2286.889887715308,332.10604390175746,564.8559725651824,544.53025,2050.0,8.537,9.44,4933000.0,54.7,45.84,0,1.0,1.0,1.0,1.0,1.0,1.0,1.0,1.0,1.0,1.0,1.0,1.0,1.0,1.0
6.713240695762572,5.54,,38641.40527878342,24472.84924135018,2286.889887715308,332.10604390175746,564.8559725651824,544.53025,2050.0,8.537,9.44,4933000.0,54.7,45.84,0,1.0,1.0,1.0,1.0,1.0,1.0,1.0,1.0,1.0,1.0,1.0,1.0,1.0,1.0
6.713240695762572,5.54,,38641.40527878342,24472.84924135018,2286.889887715308,332.10604390175746,564.8559725651824,544.53025,2050.0,8.537,9.44,4933000.0,54.7,45.84,0,1.0,1.0,1.0,1.0,1.0,1.0,1.0,1.0,1.0,1.0,1.0,1.0,1.0,1.0
6.713240695762572,5.54,,38641.40527878342,24472.84924135018,2286.889887715308,332.10604390175746,564.8559725651824,544.53025,2050.0,8.537,9.44,4933000.0,54.7,45.84,0,1.0,1.0,1.0,1.0,1.0,1.0,1.0,1.0,1.0,1.0,1.0,1.0,1.0,1.0
6.713240695762572,5.54,,38641.40527878342,24472.84924135018,2286.889887715308,332.10604390175746,564.8559725651824,544.53025,2050.0,8.537,9.44,4933000.0,54.7,45.84,0,1.0,1.0,1.0,1.0,1.0,1.0,1.0,1.0,1.0,1.0,1.0,1.0,1.0,1.0
6.713240695762572,5.54,,38641.40527878342,24472.84924135018,2286.889887715308,332.10604390175746,564.8559725651824,544.53025,2050.0,8.537,9.44,4933000.0,54.7,45.84,0,1.0,1.0,1.0,1.0,1.0,1.0,1.0,1.0,1.0,1.0,1.0,1.0,1.0,1.0
6.713240695762572,5.54,,38641.40527878342,24472.84924135018,2286.889887715308,332.10604390175746,564.8559725651824,544.53025,2050.0,8.537,9.44,4933000.0,54.7,45.84,0,1.0,1.0,1.0,1.0,1.0,1.0,1.0,1.0,1.0,1.0,1.0,1.0,1.0,1.0
6.713240695762572,5.54,,38641.40527878342,24472.84924135018,2286.889887715308,332.10604390175746,564.8559725651824,544.53025,2050.0,8.537,9.44,4933000.0,54.7,45.84,0,1.0,1.0,1.0,1.0,1.0,1.0,1.0,1.0,1.0,1.0,1.0,1.0,1.0,1.0
6.713240695762572,5.54,,38641.40527878342,24472.84924135018,2286.889887715308,332.10604390175746,564.8559725651824,544.53025,2050.0,8.537,9.44,4933000.0,54.7,45.84,0,1.0,1.0,1.0,1.0,1.0,1.0,1.0,1.0,1.0,1.0,1.0,1.0,1.0,1.0
6.713240695762572,5.54,,38641.40527878342,24472.84924135018,2286.889887715308,332.10604390175746,564.8559725651824,544.53025,2050.0,8.537,9.44,4933000.0,54.7,45.84,0,1.0,1.0,1.0,1.0,1.0,1.0,1.0,1.0,1.0,1.0,1.0,1.0,1.0,1.0
6.713240695762572,5.54,,38641.40527878342,24472.84924135018,2286.889887715308,332.10604390175746,564.8559725651824,544.53025,2050.0,8.537,9.44,4933000.0,54.7,45.84,0,1.0,1.0,1.0,1.0,1.0,1.0,1.0,1.0,1.0,1.0,1.0,1.0,1.0,1.0
6.713240695762572,5.54,,38641.40527878342,24472.84924135018,2286.889887715308,332.10604390175746,564.8559725651824,544.53025,2050.0,8.537,9.44,4933000.0,54.7,45.84,0,1.0,1.0,1.0,1.0,1.0,1.0,1.0,1.0,1.0,1.0,1.0,1.0,1.0,1.0
6.713240695762572,5.54,,38641.40527878342,24472.84924135018,2286.889887715308,332.10604390175746,564.8559725651824,544.53025,2050.0,8.537,9.44,4933000.0,54.7,45.84,0,1.0,1.0,1.0,1.0,1.0,1.0,1.0,1.0,1.0,1.0,1.0,1.0,1.0,1.0
6.713240695762572,5.54,,38641.40527878342,24472.84924135018,2286.889887715308,332.10604390175746,564.8559725651824,544.53025,2050.0,8.537,9.44,4933000.0,54.7,45.84,0,1.0,1.0,1.0,1.0,1.0,1.0,1.0,1.0,1.0,1.0,1.0,1.0,1.0,1.0
4.994057539682539,5.54,,1027.543136654311,798.6,100.72638832513886,66.28065722168581,130.1427505725275,11.793178472596036,2050.0,8.537,9.44,4933000.0,54.7,45.84,0,1.0,1.0,1.0,0.0,1.0,1.0,1.0,1.0,1.0,1.0,1.0,1.0,1.0,1.0
6.713240695762572,5.54,,38641.40527878342,24472.84924135018,2286.889887715308,332.10604390175746,564.8559725651824,544.53025,2050.0,8.537,9.44,4933000.0,54.7,45.84,0,1.0,1.0,1.0,1.0,1.0,1.0,1.0,1.0,1.0,1.0,1.0,1.0,1.0,1.0
6.3758859577922085,5.54,,1841.4,1620.694422732843,63.08487522370304,76.19975409417138,51.45433060462972,7.1123986771569605,2050.0,8.537,9.44,4933000.0,54.7,45.84,1,1.0,1.0,0.0,1.0,1.0,1.0,1.0,1.0,1.0,1.0,1.0,1.0,1.0,1.0
6.4852009615384585,5.54,,5363.5,219.6812853784296,3511.276885714285,572.2718595459494,834.9675385764033,24.768170129543073,2050.0,8.537,9.44,4933000.0,54.7,45.84,1,1.0,1.0,0.0,1.0,1.0,1.0,1.0,1.0,1.0,1.0,1.0,1.0,1.0,1.0
6.713240695762572,5.54,,38641.40527878342,24472.84924135018,2286.889887715308,332.10604390175746,564.8559725651824,544.53025,2050.0,8.537,9.44,4933000.0,54.7,45.84,0,1.0,1.0,1.0,1.0,1.0,1.0,1.0,1.0,1.0,1.0,1.0,1.0,1.0,1.0
6.720972222222223,5.54,,414.05,1667.640569424486,112.32332905527636,40.75405913091942,46.041581624213,5.837615580811436,2050.0,8.537,9.44,4933000.0,54.7,45.84,0,1.0,1.0,0.0,1.0,1.0,1.0,1.0,1.0,1.0,1.0,1.0,1.0,1.0,1.0
6.565074412393163,5.54,,108650.0,25342.599852507064,5511.226000000001,587.6247657368971,2571.2640242687075,566.25,2050.0,8.537,9.44,4933000.0,54.7,45.84,1,1.0,1.0,0.0,1.0,1.0,1.0,1.0,1.0,1.0,1.0,1.0,1.0,1.0,1.0
6.6,5.54,,225015.3729130664,27160.349241350184,2286.889887715308,302.2182939017574,1957.2635602412645,568.5,2050.0,8.537,9.44,4933000.0,54.7,45.84,0,0.0,1.0,1.0,1.0,1.0,1.0,1.0,1.0,1.0,1.0,1.0,1.0,1.0,1.0
8.53,5.54,,1000000000.0,221388216.6666667,439569.575,31124.8,66594.3305,3998.375,2050.0,8.537,9.44,4933000.0,54.7,45.84,0,0.0,1.0,1.0,1.0,1.0,1.0,1.0,1.0,1.0,1.0,1.0,1.0,1.0,1.0
8.32,5.54,,1000000000.0,221388216.6666667,439569.575,31124.8,66594.3305,3998.375,2050.0,8.537,9.44,4933000.0,54.7,45.84,0,0.0,1.0,1.0,1.0,1.0,1.0,1.0,1.0,1.0,1.0,1.0,1.0,1.0,1.0
8.22,5.54,,483535120.4166666,101518654.16666666,439569.575,31569.075,66594.3305,4501.375,2050.0,8.537,9.44,4933000.0,54.7,45.84,0,0.0,1.0,1.0,1.0,1.0,1.0,1.0,1.0,1.0,1.0,1.0,1.0,1.0,1.0
8.73,5.54,,1000000000.0,221388216.6666667,439569.575,31124.8,66594.3305,3998.375,2050.0,8.537,9.44,4933000.0,54.7,45.84,0,0.0,1.0,1.0,1.0,1.0,1.0,1.0,1.0,1.0,1.0,1.0,1.0,1.0,1.0
8.25,5.54,,731090120.4166666,128276779.16666669,439569.575,31124.8,66594.3305,3998.375,2050.0,8.537,9.44,4933000.0,54.7,45.84,0,0.0,1.0,1.0,1.0,1.0,1.0,1.0,1.0,1.0,1.0,1.0,1.0,1.0,1.0
7.69,5.54,,14078653.011363637,578078.9797916666,552488.575,31263.35,65155.85549999999,4856.875,2050.0,8.537,9.44,4933000.0,54.7,45.84,0,0.0,1.0,1.0,1.0,1.0,1.0,1.0,1.0,1.0,1.0,1.0,1.0,1.0,1.0
7.91,5.54,,224089320.41666663,101518654.16666666,439569.575,31211.35,66594.3305,4501.375,2050.0,8.537,9.44,4933000.0,54.7,45.84,0,0.0,1.0,1.0,1.0,1.0,1.0,1.0,1.0,1.0,1.0,1.0,1.0,1.0,1.0
8.03,5.54,,233589320.41666663,101518654.16666666,439569.575,31211.35,66594.3305,4501.375,2050.0,8.537,9.44,4933000.0,54.7,45.84,0,0.0,1.0,1.0,1.0,1.0,1.0,1.0,1.0,1.0,1.0,1.0,1.0,1.0,1.0
6.580613059947299,5.54,,411531.0188110793,27160.349241350184,20700.0,14500.0,15818.54575,570.0,2050.0,8.537,9.44,4933000.0,54.7,45.84,1,1.0,1.0,1.0,1.0,0.0,0.0,1.0,0.0,1.0,1.0,1.0,1.0,1.0,1.0
6.364002902864344,5.54,,950.2670603764088,247.0110403833195,63.3,29.3,145.91635444386628,16.6,2050.0,8.537,9.44,4933000.0,54.7,45.84,0,1.0,1.0,1.0,1.0,0.0,0.0,1.0,0.0,1.0,1.0,1.0,1.0,1.0,1.0
5.800125077128728,5.54,,25528.245981426404,8968.969351466827,9150.0,403.1663943495532,945.4911380293712,97.29455357142857,2050.0,8.537,9.44,4933000.0,54.7,45.84,1,1.0,1.0,1.0,1.0,0.0,1.0,1.0,1.0,1.0,1.0,1.0,1.0,1.0,1.0
5.957918407701665,5.54,,348879.6788225488,9304.56449035572,20400.0,3313.8899966581134,10366.359666666667,94.59000000000002,2050.0,8.537,9.44,4933000.0,54.7,45.84,1,1.0,1.0,1.0,1.0,0.0,1.0,1.0,1.0,1.0,1.0,1.0,1.0,1.0,1.0
5.973668407701664,5.54,,348879.6788225488,9304.56449035572,17100.0,3313.8899966581134,9499.23991666667,94.59000000000002,2050.0,8.537,9.44,4933000.0,54.7,45.84,1,1.0,1.0,1.0,1.0,0.0,1.0,1.0,1.0,1.0,1.0,1.0,1.0,1.0,1.0
6.297713158404635,5.54,,950.2670603764088,219.6812853784296,190.0,65.74020706710813,200.30631660688704,34.147267247756545,2050.0,8.537,9.44,4933000.0,54.7,45.84,0,1.0,1.0,1.0,1.0,0.0,1.0,1.0,1.0,1.0,1.0,1.0,1.0,1.0,1.0
5.286730157986738,5.54,,1027.543136654311,201.0349243524495,615.0,285.87197330191395,212.6409325537614,32.032925050644025,2050.0,8.537,9.44,4933000.0,54.7,45.84,1,1.0,1.0,1.0,1.0,0.0,1.0,1.0,1.0,1.0,1.0,1.0,1.0,1.0,1.0
5.723946309045532,5.54,,950.2670603764088,871.271104608871,122.0,60.36349911664862,145.91635444386628,9.378731183295404,2050.0,8.537,9.44,4933000.0,54.7,45.84,0,1.0,1.0,1.0,1.0,0.0,1.0,1.0,1.0,1.0,1.0,1.0,1.0,1.0,1.0
6.281005817134794,5.54,,950.2670603764088,219.6812853784296,331.0,61.61174264437297,200.30631660688704,33.86793599775655,2050.0,8.537,9.44,4933000.0,54.7,45.84,0,1.0,1.0,1.0,1.0,0.0,1.0,1.0,1.0,1.0,1.0,1.0,1.0,1.0,1.0
5.723946309045532,5.54,,950.2670603764088,871.271104608871,122.0,60.36349911664862,145.91635444386628,9.378731183295404,2050.0,8.537,9.44,4933000.0,54.7,45.84,0,1.0,1.0,1.0,1.0,0.0,1.0,1.0,1.0,1.0,1.0,1.0,1.0,1.0,1.0
6.257333333333333,5.54,,21042.969141616828,18240.97862119256,55.4,261.4591172503768,95.7152931270814,518.6769067245789,2050.0,8.537,9.44,4933000.0,54.7,45.84,0,1.0,1.0,1.0,1.0,0.0,1.0,1.0,1.0,1.0,1.0,1.0,1.0,1.0,1.0
6.713240695762572,5.54,,38641.40527878342,24472.84924135018,2286.889887715308,332.10604390175746,564.8559725651824,544.53025,2050.0,8.537,9.44,4933000.0,54.7,45.84,0,1.0,1.0,1.0,1.0,1.0,1.0,1.0,1.0,1.0,1.0,1.0,1.0,1.0,1.0
6.271895833333334,5.54,,21042.969141616828,18240.97862119256,0.93,261.4591172503768,95.7152931270814,518.6769067245789,2050.0,8.537,9.44,4933000.0,54.7,45.84,0,1.0,1.0,1.0,1.0,0.0,1.0,1.0,1.0,1.0,1.0,1.0,1.0,1.0,1.0
6.271895833333334,5.54,,21042.969141616828,18240.97862119256,1.26,261.4591172503768,95.7152931270814,518.6769067245789,2050.0,8.537,9.44,4933000.0,54.7,45.84,0,1.0,1.0,1.0,1.0,0.0,1.0,1.0,1.0,1.0,1.0,1.0,1.0,1.0,1.0
6.271895833333334,5.54,,21042.969141616828,18240.97862119256,0.86,261.4591172503768,95.7152931270814,518.6769067245789,2050.0,8.537,9.44,4933000.0,54.7,45.84,0,1.0,1.0,1.0,1.0,0.0,1.0,1.0,1.0,1.0,1.0,1.0,1.0,1.0,1.0
6.271895833333334,5.54,,21042.969141616828,18240.97862119256,0.46,261.4591172503768,95.7152931270814,518.6769067245789,2050.0,8.537,9.44,4933000.0,54.7,45.84,0,1.0,1.0,1.0,1.0,0.0,1.0,1.0,1.0,1.0,1.0,1.0,1.0,1.0,1.0
6.271895833333334,5.54,,21042.969141616828,18240.97862119256,0.31,261.4591172503768,95.7152931270814,518.6769067245789,2050.0,8.537,9.44,4933000.0,54.7,45.84,0,1.0,1.0,1.0,1.0,0.0,1.0,1.0,1.0,1.0,1.0,1.0,1.0,1.0,1.0
6.271895833333334,5.54,,21042.969141616828,18240.97862119256,0.28,261.4591172503768,95.7152931270814,518.6769067245789,2050.0,8.537,9.44,4933000.0,54.7,45.84,0,1.0,1.0,1.0,1.0,0.0,1.0,1.0,1.0,1.0,1.0,1.0,1.0,1.0,1.0
6.271895833333334,5.54,,21042.969141616828,18240.97862119256,0.38,261.4591172503768,95.7152931270814,518.6769067245789,2050.0,8.537,9.44,4933000.0,54.7,45.84,0,1.0,1.0,1.0,1.0,0.0,1.0,1.0,1.0,1.0,1.0,1.0,1.0,1.0,1.0
6.271895833333334,5.54,,21042.969141616828,18240.97862119256,0.7,261.4591172503768,95.7152931270814,518.6769067245789,2050.0,8.537,9.44,4933000.0,54.7,45.84,0,1.0,1.0,1.0,1.0,0.0,1.0,1.0,1.0,1.0,1.0,1.0,1.0,1.0,1.0
6.271895833333334,5.54,,21042.969141616828,18240.97862119256,0.82,261.4591172503768,95.7152931270814,518.6769067245789,2050.0,8.537,9.44,4933000.0,54.7,45.84,0,1.0,1.0,1.0,1.0,0.0,1.0,1.0,1.0,1.0,1.0,1.0,1.0,1.0,1.0
6.271895833333334,5.54,,21042.969141616828,18240.97862119256,1.68,261.4591172503768,95.7152931270814,518.6769067245789,2050.0,8.537,9.44,4933000.0,54.7,45.84,0,1.0,1.0,1.0,1.0,0.0,1.0,1.0,1.0,1.0,1.0,1.0,1.0,1.0,1.0
6.271895833333334,5.54,,21042.969141616828,18240.97862119256,1.79,261.4591172503768,95.7152931270814,518.6769067245789,2050.0,8.537,9.44,4933000.0,54.7,45.84,0,1.0,1.0,1.0,1.0,0.0,1.0,1.0,1.0,1.0,1.0,1.0,1.0,1.0,1.0
6.271895833333334,5.54,,21042.969141616828,18240.97862119256,2.52,261.4591172503768,95.7152931270814,518.6769067245789,2050.0,8.537,9.44,4933000.0,54.7,45.84,0,1.0,1.0,1.0,1.0,0.0,1.0,1.0,1.0,1.0,1.0,1.0,1.0,1.0,1.0
6.271895833333334,5.54,,21042.969141616828,18240.97862119256,4.14,261.4591172503768,95.7152931270814,518.6769067245789,2050.0,8.537,9.44,4933000.0,54.7,45.84,0,1.0,1.0,1.0,1.0,0.0,1.0,1.0,1.0,1.0,1.0,1.0,1.0,1.0,1.0
6.271895833333334,5.54,,21042.969141616828,18240.97862119256,0.55,261.4591172503768,95.7152931270814,518.6769067245789,2050.0,8.537,9.44,4933000.0,54.7,45.84,0,1.0,1.0,1.0,1.0,0.0,1.0,1.0,1.0,1.0,1.0,1.0,1.0,1.0,1.0
6.271895833333334,5.54,,21042.969141616828,18240.97862119256,0.63,261.4591172503768,95.7152931270814,518.6769067245789,2050.0,8.537,9.44,4933000.0,54.7,45.84,0,1.0,1.0,1.0,1.0,0.0,1.0,1.0,1.0,1.0,1.0,1.0,1.0,1.0,1.0
6.271895833333334,5.54,,21042.969141616828,18240.97862119256,0.88,261.4591172503768,95.7152931270814,518.6769067245789,2050.0,8.537,9.44,4933000.0,54.7,45.84,0,1.0,1.0,1.0,1.0,0.0,1.0,1.0,1.0,1.0,1.0,1.0,1.0,1.0,1.0
6.271895833333334,5.54,,21042.969141616828,18240.97862119256,2.27,261.4591172503768,95.7152931270814,518.6769067245789,2050.0,8.537,9.44,4933000.0,54.7,45.84,0,1.0,1.0,1.0,1.0,0.0,1.0,1.0,1.0,1.0,1.0,1.0,1.0,1.0,1.0
6.271895833333334,5.54,,21042.969141616828,18240.97862119256,0.54,261.4591172503768,95.7152931270814,518.6769067245789,2050.0,8.537,9.44,4933000.0,54.7,45.84,0,1.0,1.0,1.0,1.0,0.0,1.0,1.0,1.0,1.0,1.0,1.0,1.0,1.0,1.0
6.271895833333334,5.54,,21042.969141616828,18240.97862119256,0.85,261.4591172503768,95.7152931270814,518.6769067245789,2050.0,8.537,9.44,4933000.0,54.7,45.84,0,1.0,1.0,1.0,1.0,0.0,1.0,1.0,1.0,1.0,1.0,1.0,1.0,1.0,1.0
6.271895833333334,5.54,,21042.969141616828,18240.97862119256,44.81,261.4591172503768,95.7152931270814,518.6769067245789,2050.0,8.537,9.44,4933000.0,54.7,45.84,0,1.0,1.0,1.0,1.0,0.0,1.0,1.0,1.0,1.0,1.0,1.0,1.0,1.0,1.0
6.271895833333334,5.54,,21042.969141616828,18240.97862119256,1.58,261.4591172503768,95.7152931270814,518.6769067245789,2050.0,8.537,9.44,4933000.0,54.7,45.84,0,1.0,1.0,1.0,1.0,0.0,1.0,1.0,1.0,1.0,1.0,1.0,1.0,1.0,1.0
6.02,5.54,1.43,950.2670603764088,219.6812853784296,236.82572390670717,71.7876655035647,132.7568782858654,19.007676019841597,2050.0,8.537,9.44,4933000.0,54.7,45.84,0,0.0,1.0,1.0,1.0,1.0,1.0,1.0,1.0,1.0,1.0,1.0,1.0,1.0,1.0
6.02,5.54,1.43,950.2670603764088,219.6812853784296,236.82572390670717,71.7876655035647,132.7568782858654,19.007676019841597,2050.0,8.537,9.44,4933000.0,54.7,45.84,0,0.0,1.0,1.0,1.0,1.0,1.0,1.0,1.0,1.0,1.0,1.0,1.0,1.0,1.0
6.02,5.54,1.43,950.2670603764088,219.6812853784296,236.82572390670717,71.7876655035647,132.7568782858654,19.007676019841597,2050.0,8.537,9.44,4933000.0,54.7,45.84,0,0.0,1.0,1.0,1.0,1.0,1.0,1.0,1.0,1.0,1.0,1.0,1.0,1.0,1.0
6.02,5.54,1.43,950.2670603764088,219.6812853784296,236.82572390670717,71.7876655035647,132.7568782858654,19.007676019841597,2050.0,8.537,9.44,4933000.0,54.7,45.84,0,0.0,1.0,1.0,1.0,1.0,1.0,1.0,1.0,1.0,1.0,1.0,1.0,1.0,1.0
6.02,5.54,1.43,950.2670603764088,219.6812853784296,236.82572390670717,71.7876655035647,132.7568782858654,19.007676019841597,2050.0,8.537,9.44,4933000.0,54.7,45.84,0,0.0,1.0,1.0,1.0,1.0,1.0,1.0,1.0,1.0,1.0,1.0,1.0,1.0,1.0
6.02,5.54,1.43,950.2670603764088,219.6812853784296,236.82572390670717,71.7876655035647,132.7568782858654,19.007676019841597,2050.0,8.537,9.44,4933000.0,54.7,45.84,0,0.0,1.0,1.0,1.0,1.0,1.0,1.0,1.0,1.0,1.0,1.0,1.0,1.0,1.0
6.02,5.54,1.43,950.2670603764088,219.6812853784296,236.82572390670717,71.7876655035647,132.7568782858654,19.007676019841597,2050.0,8.537,9.44,4933000.0,54.7,45.84,0,0.0,1.0,1.0,1.0,1.0,1.0,1.0,1.0,1.0,1.0,1.0,1.0,1.0,1.0
6.02,5.54,1.43,950.2670603764088,219.6812853784296,236.82572390670717,71.7876655035647,132.7568782858654,19.007676019841597,2050.0,8.537,9.44,4933000.0,54.7,45.84,0,0.0,1.0,1.0,1.0,1.0,1.0,1.0,1.0,1.0,1.0,1.0,1.0,1.0,1.0
6.713240695762572,5.54,,38641.40527878342,24472.84924135018,2286.889887715308,332.10604390175746,564.8559725651824,544.53025,2050.0,8.537,9.44,4933000.0,54.7,45.84,0,1.0,1.0,1.0,1.0,1.0,1.0,1.0,1.0,1.0,1.0,1.0,1.0,1.0,1.0
6.713240695762572,5.54,,38641.40527878342,24472.84924135018,2286.889887715308,332.10604390175746,564.8559725651824,544.53025,2050.0,8.537,9.44,4933000.0,54.7,45.84,0,1.0,1.0,1.0,1.0,1.0,1.0,1.0,1.0,1.0,1.0,1.0,1.0,1.0,1.0
6.713240695762572,5.54,,38641.40527878342,24472.84924135018,2286.889887715308,332.10604390175746,564.8559725651824,544.53025,2050.0,8.537,9.44,4933000.0,54.7,45.84,0,1.0,1.0,1.0,1.0,1.0,1.0,1.0,1.0,1.0,1.0,1.0,1.0,1.0,1.0
6.713240695762572,5.54,,38641.40527878342,24472.84924135018,2286.889887715308,332.10604390175746,564.8559725651824,544.53025,2050.0,8.537,9.44,4933000.0,54.7,45.84,0,1.0,1.0,1.0,1.0,1.0,1.0,1.0,1.0,1.0,1.0,1.0,1.0,1.0,1.0
6.713240695762572,5.54,,38641.40527878342,24472.84924135018,2286.889887715308,332.10604390175746,564.8559725651824,544.53025,2050.0,8.537,9.44,4933000.0,54.7,45.84,0,1.0,1.0,1.0,1.0,1.0,1.0,1.0,1.0,1.0,1.0,1.0,1.0,1.0,1.0
6.713240695762572,5.54,,38641.40527878342,24472.84924135018,2286.889887715308,332.10604390175746,564.8559725651824,544.53025,2050.0,8.537,9.44,4933000.0,54.7,45.84,0,1.0,1.0,1.0,1.0,1.0,1.0,1.0,1.0,1.0,1.0,1.0,1.0,1.0,1.0
6.713240695762572,5.54,,38641.40527878342,24472.84924135018,2286.889887715308,332.10604390175746,564.8559725651824,544.53025,2050.0,8.537,9.44,4933000.0,54.7,45.84,0,1.0,1.0,1.0,1.0,1.0,1.0,1.0,1.0,1.0,1.0,1.0,1.0,1.0,1.0
6.713240695762572,5.54,,38641.40527878342,24472.84924135018,2286.889887715308,332.10604390175746,564.8559725651824,544.53025,2050.0,8.537,9.44,4933000.0,54.7,45.84,0,1.0,1.0,1.0,1.0,1.0,1.0,1.0,1.0,1.0,1.0,1.0,1.0,1.0,1.0
6.713240695762572,5.54,,38641.40527878342,24472.84924135018,2286.889887715308,332.10604390175746,564.8559725651824,544.53025,2050.0,8.537,9.44,4933000.0,54.7,45.84,0,1.0,1.0,1.0,1.0,1.0,1.0,1.0,1.0,1.0,1.0,1.0,1.0,1.0,1.0
6.713240695762572,5.54,,38641.40527878342,24472.84924135018,2286.889887715308,332.10604390175746,564.8559725651824,544.53025,2050.0,8.537,9.44,4933000.0,54.7,45.84,0,1.0,1.0,1.0,1.0,1.0,1.0,1.0,1.0,1.0,1.0,1.0,1.0,1.0,1.0
6.713240695762572,5.54,,38641.40527878342,24472.84924135018,2286.889887715308,332.10604390175746,564.8559725651824,544.53025,2050.0,8.537,9.44,4933000.0,54.7,45.84,0,1.0,1.0,1.0,1.0,1.0,1.0,1.0,1.0,1.0,1.0,1.0,1.0,1.0,1.0
6.713240695762572,5.54,,38641.40527878342,24472.84924135018,2286.889887715308,332.10604390175746,564.8559725651824,544.53025,2050.0,8.537,9.44,4933000.0,54.7,45.84,0,1.0,1.0,1.0,1.0,1.0,1.0,1.0,1.0,1.0,1.0,1.0,1.0,1.0,1.0
6.713240695762572,5.54,,38641.40527878342,24472.84924135018,2286.889887715308,332.10604390175746,564.8559725651824,544.53025,2050.0,8.537,9.44,4933000.0,54.7,45.84,0,1.0,1.0,1.0,1.0,1.0,1.0,1.0,1.0,1.0,1.0,1.0,1.0,1.0,1.0
5.110296550778675,5.54,,1027.543136654311,35.8,889.6574181910566,294.26823262546833,153.18137220593317,19.328239583333335,2050.0,8.537,9.44,4933000.0,54.7,45.84,0,1.0,1.0,1.0,0.0,1.0,1.0,1.0,1.0,1.0,1.0,1.0,1.0,1.0,1.0
5.110296550778675,5.54,,1027.543136654311,2.1,889.6574181910566,294.26823262546833,153.18137220593317,19.328239583333335,2050.0,8.537,9.44,4933000.0,54.7,45.84,0,1.0,1.0,1.0,0.0,1.0,1.0,1.0,1.0,1.0,1.0,1.0,1.0,1.0,1.0
5.110296550778675,5.54,,1027.543136654311,0.0,889.6574181910566,294.26823262546833,153.18137220593317,19.328239583333335,2050.0,8.537,9.44,4933000.0,54.7,45.84,0,1.0,1.0,1.0,0.0,1.0,1.0,1.0,1.0,1.0,1.0,1.0,1.0,1.0,1.0
5.110296550778675,5.54,,1027.543136654311,0.0,889.6574181910566,294.26823262546833,153.18137220593317,19.328239583333335,2050.0,8.537,9.44,4933000.0,54.7,45.84,0,1.0,1.0,1.0,0.0,1.0,1.0,1.0,1.0,1.0,1.0,1.0,1.0,1.0,1.0
5.110296550778675,5.54,,1027.543136654311,2.7,889.6574181910566,294.26823262546833,153.18137220593317,19.328239583333335,2050.0,8.537,9.44,4933000.0,54.7,45.84,0,1.0,1.0,1.0,0.0,1.0,1.0,1.0,1.0,1.0,1.0,1.0,1.0,1.0,1.0
5.110296550778675,5.54,,1027.543136654311,0.0,889.6574181910566,294.26823262546833,153.18137220593317,19.328239583333335,2050.0,8.537,9.44,4933000.0,54.7,45.84,0,1.0,1.0,1.0,0.0,1.0,1.0,1.0,1.0,1.0,1.0,1.0,1.0,1.0,1.0
5.110296550778675,5.54,,1027.543136654311,0.0,889.6574181910566,294.26823262546833,153.18137220593317,19.328239583333335,2050.0,8.537,9.44,4933000.0,54.7,45.84,0,1.0,1.0,1.0,0.0,1.0,1.0,1.0,1.0,1.0,1.0,1.0,1.0,1.0,1.0
5.24,5.54,1.63,1027.543136654311,219.6812853784296,426.26345752074906,175.5532821872094,168.37778149591983,19.601957276277524,2050.0,8.537,9.44,4933000.0,54.7,45.84,0,0.0,1.0,1.0,1.0,1.0,1.0,1.0,1.0,1.0,1.0,1.0,1.0,1.0,1.0
7.34,7.34,,2636199.2127629314,81657.75312962962,586862.825,343812.775,92070.53925000005,4856.875,2050.0,8.537,9.44,4933000.0,54.7,45.84,0,0.0,0.0,1.0,1.0,1.0,1.0,1.0,1.0,1.0,1.0,1.0,1.0,1.0,1.0
7.28,7.28,,1206665.747711235,18163.252753966088,229350.125,2601.0088293650792,9335.953458333332,3074.825,2050.0,8.537,9.44,4933000.0,54.7,45.84,0,0.0,0.0,1.0,1.0,1.0,1.0,1.0,1.0,1.0,1.0,1.0,1.0,1.0,1.0
6.713240695762572,5.54,,38641.40527878342,24472.84924135018,2286.889887715308,332.10604390175746,564.8559725651824,544.53025,2050.0,8.537,9.44,4933000.0,54.7,45.84,0,1.0,1.0,1.0,1.0,1.0,1.0,1.0,1.0,1.0,1.0,1.0,1.0,1.0,1.0
6.713240695762572,5.54,,38641.40527878342,24472.84924135018,2286.889887715308,332.10604390175746,564.8559725651824,544.53025,2050.0,8.537,9.44,4933000.0,54.7,45.84,0,1.0,1.0,1.0,1.0,1.0,1.0,1.0,1.0,1.0,1.0,1.0,1.0,1.0,1.0
6.713240695762572,5.54,,38641.40527878342,24472.84924135018,2286.889887715308,332.10604390175746,564.8559725651824,544.53025,2050.0,8.537,9.44,4933000.0,54.7,45.84,0,1.0,1.0,1.0,1.0,1.0,1.0,1.0,1.0,1.0,1.0,1.0,1.0,1.0,1.0
6.713240695762572,5.54,,38641.40527878342,24472.84924135018,2286.889887715308,332.10604390175746,564.8559725651824,544.53025,2050.0,8.537,9.44,4933000.0,54.7,45.84,0,1.0,1.0,1.0,1.0,1.0,1.0,1.0,1.0,1.0,1.0,1.0,1.0,1.0,1.0
6.460365124458875,5.54,,2306.6,1682.9390477328427,63.08487522370304,71.25023867046443,51.45433060462972,6.009195085097611,2050.0,8.537,9.44,4933000.0,54.7,45.84,1,1.0,1.0,0.0,1.0,1.0,1.0,1.0,1.0,1.0,1.0,1.0,1.0,1.0,1.0
6.713240695762572,5.54,,38641.40527878342,24472.84924135018,2286.889887715308,332.10604390175746,564.8559725651824,544.53025,2050.0,8.537,9.44,4933000.0,54.7,45.84,0,1.0,1.0,1.0,1.0,1.0,1.0,1.0,1.0,1.0,1.0,1.0,1.0,1.0,1.0
6.713240695762572,5.54,,38641.40527878342,24472.84924135018,2286.889887715308,332.10604390175746,564.8559725651824,544.53025,2050.0,8.537,9.44,4933000.0,54.7,45.84,0,1.0,1.0,1.0,1.0,1.0,1.0,1.0,1.0,1.0,1.0,1.0,1.0,1.0,1.0
6.713240695762572,5.54,,38641.40527878342,24472.84924135018,2286.889887715308,332.10604390175746,564.8559725651824,544.53025,2050.0,8.537,9.44,4933000.0,54.7,45.84,0,1.0,1.0,1.0,1.0,1.0,1.0,1.0,1.0,1.0,1.0,1.0,1.0,1.0,1.0
6.439847103863907,5.54,,3057.79,1628.0469342323377,139.09527691553018,82.90619998807507,45.22569423870903,7.629484243102849,2050.0,8.537,9.44,4933000.0,54.7,45.84,1,1.0,1.0,0.0,1.0,1.0,1.0,1.0,1.0,1.0,1.0,1.0,1.0,1.0,1.0
6.713240695762572,5.54,,38641.40527878342,24472.84924135018,2286.889887715308,332.10604390175746,564.8559725651824,544.53025,2050.0,8.537,9.44,4933000.0,54.7,45.84,0,1.0,1.0,1.0,1.0,1.0,1.0,1.0,1.0,1.0,1.0,1.0,1.0,1.0,1.0
6.758282632999807,5.54,,700.37,1667.640569424486,104.36750726041244,11.30206905390373,47.39849624471043,5.812138243902128,2050.0,8.537,9.44,4933000.0,54.7,45.84,1,1.0,1.0,0.0,1.0,1.0,1.0,1.0,1.0,1.0,1.0,1.0,1.0,1.0,1.0
6.713240695762572,5.54,,38641.40527878342,24472.84924135018,2286.889887715308,332.10604390175746,564.8559725651824,544.53025,2050.0,8.537,9.44,4933000.0,54.7,45.84,0,1.0,1.0,1.0,1.0,1.0,1.0,1.0,1.0,1.0,1.0,1.0,1.0,1.0,1.0
6.713240695762572,5.54,,38641.40527878342,24472.84924135018,2286.889887715308,332.10604390175746,564.8559725651824,544.53025,2050.0,8.537,9.44,4933000.0,54.7,45.84,0,1.0,1.0,1.0,1.0,1.0,1.0,1.0,1.0,1.0,1.0,1.0,1.0,1.0,1.0
6.713240695762572,5.54,,38641.40527878342,24472.84924135018,2286.889887715308,332.10604390175746,564.8559725651824,544.53025,2050.0,8.537,9.44,4933000.0,54.7,45.84,0,1.0,1.0,1.0,1.0,1.0,1.0,1.0,1.0,1.0,1.0,1.0,1.0,1.0,1.0
6.713240695762572,5.54,,38641.40527878342,24472.84924135018,2286.889887715308,332.10604390175746,564.8559725651824,544.53025,2050.0,8.537,9.44,4933000.0,54.7,45.84,0,1.0,1.0,1.0,1.0,1.0,1.0,1.0,1.0,1.0,1.0,1.0,1.0,1.0,1.0
6.713240695762572,5.54,,38641.40527878342,24472.84924135018,2286.889887715308,332.10604390175746,564.8559725651824,544.53025,2050.0,8.537,9.44,4933000.0,54.7,45.84,0,1.0,1.0,1.0,1.0,1.0,1.0,1.0,1.0,1.0,1.0,1.0,1.0,1.0,1.0
6.713240695762572,5.54,,38641.40527878342,24472.84924135018,2286.889887715308,332.10604390175746,564.8559725651824,544.53025,2050.0,8.537,9.44,4933000.0,54.7,45.84,0,1.0,1.0,1.0,1.0,1.0,1.0,1.0,1.0,1.0,1.0,1.0,1.0,1.0,1.0
6.713240695762572,5.54,,38641.40527878342,24472.84924135018,2286.889887715308,332.10604390175746,564.8559725651824,544.53025,2050.0,8.537,9.44,4933000.0,54.7,45.84,0,1.0,1.0,1.0,1.0,1.0,1.0,1.0,1.0,1.0,1.0,1.0,1.0,1.0,1.0
6.569260237319848,5.54,,1527.23,1667.640569424486,130.2678751934937,58.89081932153215,45.22569423870903,7.444143147972616,2050.0,8.537,9.44,4933000.0,54.7,45.84,1,1.0,1.0,0.0,1.0,1.0,1.0,1.0,1.0,1.0,1.0,1.0,1.0,1.0,1.0
6.439847103863907,5.54,,4097.34,1628.0469342323377,139.09527691553018,82.90619998807507,45.22569423870903,7.629484243102849,2050.0,8.537,9.44,4933000.0,54.7,45.84,1,1.0,1.0,0.0,1.0,1.0,1.0,1.0,1.0,1.0,1.0,1.0,1.0,1.0,1.0
6.713240695762572,5.54,,38641.40527878342,24472.84924135018,2286.889887715308,332.10604390175746,564.8559725651824,544.53025,2050.0,8.537,9.44,4933000.0,54.7,45.84,0,1.0,1.0,1.0,1.0,1.0,1.0,1.0,1.0,1.0,1.0,1.0,1.0,1.0,1.0
6.713240695762572,5.54,,38641.40527878342,24472.84924135018,2286.889887715308,332.10604390175746,564.8559725651824,544.53025,2050.0,8.537,9.44,4933000.0,54.7,45.84,0,1.0,1.0,1.0,1.0,1.0,1.0,1.0,1.0,1.0,1.0,1.0,1.0,1.0,1.0
6.713240695762572,5.54,,38641.40527878342,24472.84924135018,2286.889887715308,332.10604390175746,564.8559725651824,544.53025,2050.0,8.537,9.44,4933000.0,54.7,45.84,0,1.0,1.0,1.0,1.0,1.0,1.0,1.0,1.0,1.0,1.0,1.0,1.0,1.0,1.0
6.713240695762572,5.54,,38641.40527878342,24472.84924135018,2286.889887715308,332.10604390175746,564.8559725651824,544.53025,2050.0,8.537,9.44,4933000.0,54.7,45.84,0,1.0,1.0,1.0,1.0,1.0,1.0,1.0,1.0,1.0,1.0,1.0,1.0,1.0,1.0
6.713240695762572,5.54,,38641.40527878342,24472.84924135018,2286.889887715308,332.10604390175746,564.8559725651824,544.53025,2050.0,8.537,9.44,4933000.0,54.7,45.84,0,1.0,1.0,1.0,1.0,1.0,1.0,1.0,1.0,1.0,1.0,1.0,1.0,1.0,1.0
6.713240695762572,5.54,,38641.40527878342,24472.84924135018,2286.889887715308,332.10604390175746,564.8559725651824,544.53025,2050.0,8.537,9.44,4933000.0,54.7,45.84,0,1.0,1.0,1.0,1.0,1.0,1.0,1.0,1.0,1.0,1.0,1.0,1.0,1.0,1.0
6.713240695762572,5.54,,38641.40527878342,24472.84924135018,2286.889887715308,332.10604390175746,564.8559725651824,544.53025,2050.0,8.537,9.44,4933000.0,54.7,45.84,0,1.0,1.0,1.0,1.0,1.0,1.0,1.0,1.0,1.0,1.0,1.0,1.0,1.0,1.0
6.32,5.54,1.57,950.2670603764088,219.6812853784296,246.53089775124505,66.81395071696456,132.7568782858654,18.960441211732757,2050.0,8.537,9.44,4933000.0,54.7,45.84,0,0.0,1.0,1.0,1.0,1.0,1.0,1.0,1.0,1.0,1.0,1.0,1.0,1.0,1.0
6.577738742690059,5.54,,758.3672181071645,1667.640569424486,102.4862305620782,3.69,44.83398810203367,2.49,2050.0,8.537,9.44,4933000.0,54.7,45.84,0,1.0,1.0,1.0,1.0,1.0,0.0,1.0,0.0,1.0,1.0,1.0,1.0,1.0,1.0
6.577738742690059,5.54,,758.3672181071645,1667.640569424486,96.21354908710045,3.6,46.99568477129639,2.256,2050.0,8.537,9.44,4933000.0,54.7,45.84,0,1.0,1.0,1.0,1.0,1.0,0.0,1.0,0.0,1.0,1.0,1.0,1.0,1.0,1.0
6.664582492690059,5.54,,758.3672181071645,1667.640569424486,107.55045514010077,20.54,44.83398810203367,4.1785,2050.0,8.537,9.44,4933000.0,54.7,45.84,0,1.0,1.0,1.0,1.0,1.0,0.0,1.0,0.0,1.0,1.0,1.0,1.0,1.0,1.0
6.64200749269006,5.54,,758.3672181071645,1667.640569424486,106.62523597857428,10.57,44.83398810203367,4.156,2050.0,8.537,9.44,4933000.0,54.7,45.84,0,1.0,1.0,1.0,1.0,1.0,0.0,1.0,0.0,1.0,1.0,1.0,1.0,1.0,1.0
6.6064887426900585,5.54,,758.3672181071645,1667.640569424486,106.62523597857428,17.98,44.83398810203367,2.566,2050.0,8.537,9.44,4933000.0,54.7,45.84,0,1.0,1.0,1.0,1.0,1.0,0.0,1.0,0.0,1.0,1.0,1.0,1.0,1.0,1.0
6.5047387426900585,5.54,,758.3672181071645,1667.640569424486,101.30274495013025,3.92,44.83398810203367,1.3085,2050.0,8.537,9.44,4933000.0,54.7,45.84,0,1.0,1.0,1.0,1.0,1.0,0.0,1.0,0.0,1.0,1.0,1.0,1.0,1.0,1.0
6.5047387426900585,5.54,,758.3672181071645,1667.640569424486,101.30274495013025,1.9,44.83398810203367,1.256,2050.0,8.537,9.44,4933000.0,54.7,45.84,0,1.0,1.0,1.0,1.0,1.0,0.0,1.0,0.0,1.0,1.0,1.0,1.0,1.0,1.0
6.612507492690059,5.54,,758.3672181071645,1667.640569424486,102.4862305620782,4.92,44.83398810203367,4.42,2050.0,8.537,9.44,4933000.0,54.7,45.84,0,1.0,1.0,1.0,1.0,1.0,0.0,1.0,0.0,1.0,1.0,1.0,1.0,1.0,1.0
6.5047387426900585,5.54,,758.3672181071645,1667.640569424486,101.30274495013025,2.34,44.83398810203367,1.856,2050.0,8.537,9.44,4933000.0,54.7,45.84,0,1.0,1.0,1.0,1.0,1.0,0.0,1.0,0.0,1.0,1.0,1.0,1.0,1.0,1.0
6.577738742690059,5.54,,758.3672181071645,1667.640569424486,102.4862305620782,3.39,44.83398810203367,2.53,2050.0,8.537,9.44,4933000.0,54.7,45.84,0,1.0,1.0,1.0,1.0,1.0,0.0,1.0,0.0,1.0,1.0,1.0,1.0,1.0,1.0
6.5047387426900585,5.54,,758.3672181071645,1667.640569424486,101.30274495013025,2.12,44.83398810203367,0.4385,2050.0,8.537,9.44,4933000.0,54.7,45.84,0,1.0,1.0,1.0,1.0,1.0,0.0,1.0,0.0,1.0,1.0,1.0,1.0,1.0,1.0
6.5047387426900585,5.54,,758.3672181071645,1667.640569424486,101.30274495013025,3.97,44.83398810203367,1.7685,2050.0,8.537,9.44,4933000.0,54.7,45.84,0,1.0,1.0,1.0,1.0,1.0,0.0,1.0,0.0,1.0,1.0,1.0,1.0,1.0,1.0
6.5047387426900585,5.54,,758.3672181071645,1667.640569424486,101.30274495013025,4.01,44.83398810203367,1.1685,2050.0,8.537,9.44,4933000.0,54.7,45.84,0,1.0,1.0,1.0,1.0,1.0,0.0,1.0,0.0,1.0,1.0,1.0,1.0,1.0,1.0
6.59213249269006,5.54,,758.3672181071645,1667.640569424486,102.4862305620782,4.24,44.83398810203367,3.546,2050.0,8.537,9.44,4933000.0,54.7,45.84,0,1.0,1.0,1.0,1.0,1.0,0.0,1.0,0.0,1.0,1.0,1.0,1.0,1.0,1.0
6.60438249269006,5.54,,758.3672181071645,1667.640569424486,102.4862305620782,5.59,44.83398810203367,3.926,2050.0,8.537,9.44,4933000.0,54.7,45.84,0,1.0,1.0,1.0,1.0,1.0,0.0,1.0,0.0,1.0,1.0,1.0,1.0,1.0,1.0
6.60438249269006,5.54,,758.3672181071645,1667.640569424486,102.4862305620782,4.91,44.83398810203367,3.926,2050.0,8.537,9.44,4933000.0,54.7,45.84,0,1.0,1.0,1.0,1.0,1.0,0.0,1.0,0.0,1.0,1.0,1.0,1.0,1.0,1.0
6.59213249269006,5.54,,758.3672181071645,1667.640569424486,102.4862305620782,4.1,44.83398810203367,3.036,2050.0,8.537,9.44,4933000.0,54.7,45.84,0,1.0,1.0,1.0,1.0,1.0,0.0,1.0,0.0,1.0,1.0,1.0,1.0,1.0,1.0
6.59213249269006,5.54,,758.3672181071645,1667.640569424486,102.4862305620782,5.59,44.83398810203367,3.3,2050.0,8.537,9.44,4933000.0,54.7,45.84,0,1.0,1.0,1.0,1.0,1.0,0.0,1.0,0.0,1.0,1.0,1.0,1.0,1.0,1.0
5.828596381578947,5.54,,758.3672181071645,1565.8023092323376,133.24038984241042,4.24,40.7670484053757,2.816,2050.0,8.537,9.44,4933000.0,54.7,45.84,0,1.0,1.0,1.0,1.0,1.0,0.0,1.0,0.0,1.0,1.0,1.0,1.0,1.0,1.0
6.59213249269006,5.54,,758.3672181071645,1667.640569424486,102.4862305620782,4.87,44.83398810203367,3.636,2050.0,8.537,9.44,4933000.0,54.7,45.84,0,1.0,1.0,1.0,1.0,1.0,0.0,1.0,0.0,1.0,1.0,1.0,1.0,1.0,1.0
6.632007492690059,5.54,,758.3672181071645,1667.640569424486,106.62523597857428,9.19,44.83398810203367,4.966,2050.0,8.537,9.44,4933000.0,54.7,45.84,0,1.0,1.0,1.0,1.0,1.0,0.0,1.0,0.0,1.0,1.0,1.0,1.0,1.0,1.0
5.828596381578947,5.54,,758.3672181071645,1565.8023092323376,133.24038984241042,3.89,40.7670484053757,2.716,2050.0,8.537,9.44,4933000.0,54.7,45.84,0,1.0,1.0,1.0,1.0,1.0,0.0,1.0,0.0,1.0,1.0,1.0,1.0,1.0,1.0
6.577738742690059,5.54,,758.3672181071645,1667.640569424486,102.4862305620782,4.12,44.83398810203367,2.506,2050.0,8.537,9.44,4933000.0,54.7,45.84,0,1.0,1.0,1.0,1.0,1.0,0.0,1.0,0.0,1.0,1.0,1.0,1.0,1.0,1.0
6.5047387426900585,5.54,,758.3672181071645,1667.640569424486,101.30274495013025,3.74,44.83398810203367,1.7185,2050.0,8.537,9.44,4933000.0,54.7,45.84,0,1.0,1.0,1.0,1.0,1.0,0.0,1.0,0.0,1.0,1.0,1.0,1.0,1.0,1.0
6.577738742690059,5.54,,758.3672181071645,1667.640569424486,96.21354908710045,3.13,46.99568477129639,2.026,2050.0,8.537,9.44,4933000.0,54.7,45.84,0,1.0,1.0,1.0,1.0,1.0,0.0,1.0,0.0,1.0,1.0,1.0,1.0,1.0,1.0
6.577738742690059,5.54,,758.3672181071645,1667.640569424486,96.21354908710045,3.71,46.99568477129639,2.186,2050.0,8.537,9.44,4933000.0,54.7,45.84,0,1.0,1.0,1.0,1.0,1.0,0.0,1.0,0.0,1.0,1.0,1.0,1.0,1.0,1.0
6.577738742690059,5.54,,758.3672181071645,1667.640569424486,102.4862305620782,3.08,44.83398810203367,2.346,2050.0,8.537,9.44,4933000.0,54.7,45.84,0,1.0,1.0,1.0,1.0,1.0,0.0,1.0,0.0,1.0,1.0,1.0,1.0,1.0,1.0
6.577738742690059,5.54,,758.3672181071645,1667.640569424486,96.21354908710045,3.23,46.99568477129639,2.2,2050.0,8.537,9.44,4933000.0,54.7,45.84,0,1.0,1.0,1.0,1.0,1.0,0.0,1.0,0.0,1.0,1.0,1.0,1.0,1.0,1.0
6.577738742690059,5.54,,758.3672181071645,1667.640569424486,96.21354908710045,2.62,46.99568477129639,1.996,2050.0,8.537,9.44,4933000.0,54.7,45.84,0,1.0,1.0,1.0,1.0,1.0,0.0,1.0,0.0,1.0,1.0,1.0,1.0,1.0,1.0
7.8,5.54,2.07,1868433.504180868,121418.52998148146,286483.65,22390.6875,34550.94049999998,3562.3,2050.0,8.537,9.44,4933000.0,54.7,45.84,0,0.0,1.0,1.0,1.0,1.0,1.0,1.0,1.0,1.0,1.0,1.0,1.0,1.0,1.0
6.713240695762572,5.54,3.02,38641.40527878342,24472.84924135018,2286.889887715308,332.10604390175746,564.8559725651824,544.53025,2050.0,8.537,9.44,4933000.0,54.7,45.84,0,1.0,1.0,1.0,1.0,1.0,1.0,1.0,1.0,1.0,1.0,1.0,1.0,1.0,1.0
6.713240695762572,5.54,3.02,38641.40527878342,24472.84924135018,2286.889887715308,332.10604390175746,564.8559725651824,544.53025,2050.0,8.537,9.44,4933000.0,54.7,45.84,0,1.0,1.0,1.0,1.0,1.0,1.0,1.0,1.0,1.0,1.0,1.0,1.0,1.0,1.0
6.713240695762572,5.54,3.02,38641.40527878342,24472.84924135018,2286.889887715308,332.10604390175746,564.8559725651824,544.53025,2050.0,8.537,9.44,4933000.0,54.7,45.84,0,1.0,1.0,1.0,1.0,1.0,1.0,1.0,1.0,1.0,1.0,1.0,1.0,1.0,1.0
6.713240695762572,5.54,3.02,38641.40527878342,24472.84924135018,2286.889887715308,332.10604390175746,564.8559725651824,544.53025,2050.0,8.537,9.44,4933000.0,54.7,45.84,0,1.0,1.0,1.0,1.0,1.0,1.0,1.0,1.0,1.0,1.0,1.0,1.0,1.0,1.0
6.713240695762572,5.54,3.02,38641.40527878342,24472.84924135018,2286.889887715308,332.10604390175746,564.8559725651824,544.53025,2050.0,8.537,9.44,4933000.0,54.7,45.84,0,1.0,1.0,1.0,1.0,1.0,1.0,1.0,1.0,1.0,1.0,1.0,1.0,1.0,1.0
6.713240695762572,5.54,3.02,38641.40527878342,24472.84924135018,2286.889887715308,332.10604390175746,564.8559725651824,544.53025,2050.0,8.537,9.44,4933000.0,54.7,45.84,0,1.0,1.0,1.0,1.0,1.0,1.0,1.0,1.0,1.0,1.0,1.0,1.0,1.0,1.0
6.713240695762572,5.54,3.02,38641.40527878342,24472.84924135018,2286.889887715308,332.10604390175746,564.8559725651824,544.53025,2050.0,8.537,9.44,4933000.0,54.7,45.84,0,1.0,1.0,1.0,1.0,1.0,1.0,1.0,1.0,1.0,1.0,1.0,1.0,1.0,1.0
6.713240695762572,5.54,3.02,38641.40527878342,24472.84924135018,2286.889887715308,332.10604390175746,564.8559725651824,544.53025,2050.0,8.537,9.44,4933000.0,54.7,45.84,0,1.0,1.0,1.0,1.0,1.0,1.0,1.0,1.0,1.0,1.0,1.0,1.0,1.0,1.0
6.713240695762572,5.54,,38641.40527878342,24472.84924135018,2286.889887715308,332.10604390175746,564.8559725651824,544.53025,2050.0,8.537,9.44,4933000.0,54.7,45.84,0,1.0,1.0,1.0,1.0,1.0,1.0,1.0,1.0,1.0,1.0,1.0,1.0,1.0,1.0
6.125694434391989,5.54,,285145.5532579825,15350.52435046329,5823.377313839292,100.0,1382.9240837219136,478.3997499999999,2050.0,8.537,9.44,4933000.0,54.7,45.84,0,1.0,1.0,1.0,1.0,1.0,0.0,1.0,1.0,1.0,1.0,1.0,1.0,1.0,1.0
6.305626136363636,5.54,,21042.969141616828,19372.41634341478,69.46487768785045,200.0,70.53919717606244,535.5920451225313,2050.0,8.537,9.44,4933000.0,54.7,45.84,0,1.0,1.0,1.0,1.0,1.0,0.0,1.0,1.0,1.0,1.0,1.0,1.0,1.0,1.0
5.859768700866103,5.54,,285145.5532579825,15350.52435046329,10862.001,400.0,1900.147553049242,478.3997499999999,2050.0,8.537,9.44,4933000.0,54.7,45.84,0,1.0,1.0,1.0,1.0,1.0,0.0,1.0,1.0,1.0,1.0,1.0,1.0,1.0,1.0
5.859768700866103,5.54,,285145.5532579825,15350.52435046329,13907.939500000002,600.0,5078.313291666669,478.3997499999999,2050.0,8.537,9.44,4933000.0,54.7,45.84,1,1.0,1.0,1.0,1.0,1.0,0.0,1.0,1.0,1.0,1.0,1.0,1.0,1.0,1.0
5.863345623943025,5.54,,285145.5532579825,15350.52435046329,15784.765500000003,1000.0,5189.729854166669,478.3997499999999,2050.0,8.537,9.44,4933000.0,54.7,45.84,1,1.0,1.0,1.0,1.0,1.0,0.0,1.0,1.0,1.0,1.0,1.0,1.0,1.0,1.0
7.5,5.54,3.02,282736.04910689674,9579.034961877658,31952.9995,603.4256750581742,5582.327750000001,219.3079015197649,2050.0,8.537,9.44,4933000.0,54.7,45.84,0,0.0,1.0,1.0,1.0,1.0,1.0,1.0,1.0,1.0,1.0,1.0,1.0,1.0,1.0
7.02,5.54,,690.1,219.6812853784296,20293.949780469466,47.94,195.9354878770608,23.5518440063959,2050.0,8.537,9.44,4933000.0,446.25,243.85,1,0.0,1.0,0.0,1.0,1.0,0.0,1.0,1.0,1.0,1.0,1.0,1.0,0.0,0.0
6.713240695762572,5.54,,38641.40527878342,24472.84924135018,2286.889887715308,332.10604390175746,564.8559725651824,544.53025,2050.0,8.537,9.44,4933000.0,54.7,45.84,0,1.0,1.0,1.0,1.0,1.0,1.0,1.0,1.0,1.0,1.0,1.0,1.0,1.0,1.0
6.713240695762572,5.54,,38641.40527878342,24472.84924135018,2286.889887715308,332.10604390175746,564.8559725651824,544.53025,2050.0,8.537,9.44,4933000.0,54.7,45.84,0,1.0,1.0,1.0,1.0,1.0,1.0,1.0,1.0,1.0,1.0,1.0,1.0,1.0,1.0
6.713240695762572,5.54,,38641.40527878342,24472.84924135018,2286.889887715308,332.10604390175746,564.8559725651824,544.53025,2050.0,8.537,9.44,4933000.0,54.7,45.84,0,1.0,1.0,1.0,1.0,1.0,1.0,1.0,1.0,1.0,1.0,1.0,1.0,1.0,1.0
6.713240695762572,5.54,,38641.40527878342,24472.84924135018,2286.889887715308,332.10604390175746,564.8559725651824,544.53025,2050.0,8.537,9.44,4933000.0,54.7,45.84,0,1.0,1.0,1.0,1.0,1.0,1.0,1.0,1.0,1.0,1.0,1.0,1.0,1.0,1.0
6.713240695762572,5.54,,38641.40527878342,24472.84924135018,2286.889887715308,332.10604390175746,564.8559725651824,544.53025,2050.0,8.537,9.44,4933000.0,54.7,45.84,0,1.0,1.0,1.0,1.0,1.0,1.0,1.0,1.0,1.0,1.0,1.0,1.0,1.0,1.0
6.713240695762572,5.54,,38641.40527878342,24472.84924135018,2286.889887715308,332.10604390175746,564.8559725651824,544.53025,2050.0,8.537,9.44,4933000.0,54.7,45.84,0,1.0,1.0,1.0,1.0,1.0,1.0,1.0,1.0,1.0,1.0,1.0,1.0,1.0,1.0
6.713240695762572,5.54,,38641.40527878342,24472.84924135018,2286.889887715308,332.10604390175746,564.8559725651824,544.53025,2050.0,8.537,9.44,4933000.0,54.7,45.84,0,1.0,1.0,1.0,1.0,1.0,1.0,1.0,1.0,1.0,1.0,1.0,1.0,1.0,1.0
6.713240695762572,5.54,,38641.40527878342,24472.84924135018,2286.889887715308,332.10604390175746,564.8559725651824,544.53025,2050.0,8.537,9.44,4933000.0,54.7,45.84,0,1.0,1.0,1.0,1.0,1.0,1.0,1.0,1.0,1.0,1.0,1.0,1.0,1.0,1.0
6.713240695762572,5.54,,38641.40527878342,24472.84924135018,2286.889887715308,332.10604390175746,564.8559725651824,544.53025,2050.0,8.537,9.44,4933000.0,54.7,45.84,0,1.0,1.0,1.0,1.0,1.0,1.0,1.0,1.0,1.0,1.0,1.0,1.0,1.0,1.0
6.89,5.54,,346347.3178374557,22089.80924135018,21021.275,20011.925,15868.275999999998,687.75,2050.0,8.537,9.44,4933000.0,54.7,45.84,0,0.0,1.0,1.0,1.0,1.0,1.0,1.0,1.0,1.0,1.0,1.0,1.0,1.0,1.0
7.34,5.54,4.743,2636199.2127629314,81657.75312962962,586862.825,343812.775,92070.53925000005,4856.875,2050.0,8.537,9.44,4933000.0,54.7,45.84,0,0.0,1.0,1.0,1.0,1.0,1.0,1.0,1.0,1.0,1.0,1.0,1.0,1.0,1.0
6.713240695762572,5.54,,38641.40527878342,24472.84924135018,2286.889887715308,332.10604390175746,564.8559725651824,544.53025,2050.0,8.537,9.44,4933000.0,54.7,45.84,0,1.0,1.0,1.0,1.0,1.0,1.0,1.0,1.0,1.0,1.0,1.0,1.0,1.0,1.0
6.713240695762572,5.54,,38641.40527878342,24472.84924135018,2286.889887715308,332.10604390175746,564.8559725651824,544.53025,2050.0,8.537,9.44,4933000.0,54.7,45.84,0,1.0,1.0,1.0,1.0,1.0,1.0,1.0,1.0,1.0,1.0,1.0,1.0,1.0,1.0
6.713240695762572,5.54,,38641.40527878342,24472.84924135018,2286.889887715308,332.10604390175746,564.8559725651824,544.53025,2050.0,8.537,9.44,4933000.0,54.7,45.84,0,1.0,1.0,1.0,1.0,1.0,1.0,1.0,1.0,1.0,1.0,1.0,1.0,1.0,1.0
6.713240695762572,5.54,,38641.40527878342,24472.84924135018,2286.889887715308,332.10604390175746,564.8559725651824,544.53025,2050.0,8.537,9.44,4933000.0,54.7,45.84,0,1.0,1.0,1.0,1.0,1.0,1.0,1.0,1.0,1.0,1.0,1.0,1.0,1.0,1.0
6.713240695762572,5.54,,38641.40527878342,24472.84924135018,2286.889887715308,332.10604390175746,564.8559725651824,544.53025,2050.0,8.537,9.44,4933000.0,54.7,45.84,0,1.0,1.0,1.0,1.0,1.0,1.0,1.0,1.0,1.0,1.0,1.0,1.0,1.0,1.0
6.713240695762572,5.54,,38641.40527878342,24472.84924135018,2286.889887715308,332.10604390175746,564.8559725651824,544.53025,2050.0,8.537,9.44,4933000.0,54.7,45.84,0,1.0,1.0,1.0,1.0,1.0,1.0,1.0,1.0,1.0,1.0,1.0,1.0,1.0,1.0
6.713240695762572,5.54,,38641.40527878342,24472.84924135018,2286.889887715308,332.10604390175746,564.8559725651824,544.53025,2050.0,8.537,9.44,4933000.0,54.7,45.84,0,1.0,1.0,1.0,1.0,1.0,1.0,1.0,1.0,1.0,1.0,1.0,1.0,1.0,1.0
6.713240695762572,5.54,,38641.40527878342,24472.84924135018,2286.889887715308,332.10604390175746,564.8559725651824,544.53025,2050.0,8.537,9.44,4933000.0,54.7,45.84,0,1.0,1.0,1.0,1.0,1.0,1.0,1.0,1.0,1.0,1.0,1.0,1.0,1.0,1.0
6.713240695762572,5.54,,38641.40527878342,24472.84924135018,2286.889887715308,332.10604390175746,564.8559725651824,544.53025,2050.0,8.537,9.44,4933000.0,54.7,45.84,0,1.0,1.0,1.0,1.0,1.0,1.0,1.0,1.0,1.0,1.0,1.0,1.0,1.0,1.0
6.713240695762572,5.54,,38641.40527878342,24472.84924135018,2286.889887715308,332.10604390175746,564.8559725651824,544.53025,2050.0,8.537,9.44,4933000.0,54.7,45.84,0,1.0,1.0,1.0,1.0,1.0,1.0,1.0,1.0,1.0,1.0,1.0,1.0,1.0,1.0
6.713240695762572,5.54,,38641.40527878342,24472.84924135018,2286.889887715308,332.10604390175746,564.8559725651824,544.53025,2050.0,8.537,9.44,4933000.0,54.7,45.84,0,1.0,1.0,1.0,1.0,1.0,1.0,1.0,1.0,1.0,1.0,1.0,1.0,1.0,1.0
6.713240695762572,5.54,,38641.40527878342,24472.84924135018,2286.889887715308,332.10604390175746,564.8559725651824,544.53025,2050.0,8.537,9.44,4933000.0,54.7,45.84,0,1.0,1.0,1.0,1.0,1.0,1.0,1.0,1.0,1.0,1.0,1.0,1.0,1.0,1.0
6.713240695762572,5.54,,38641.40527878342,24472.84924135018,2286.889887715308,332.10604390175746,564.8559725651824,544.53025,2050.0,8.537,9.44,4933000.0,54.7,45.84,0,1.0,1.0,1.0,1.0,1.0,1.0,1.0,1.0,1.0,1.0,1.0,1.0,1.0,1.0
6.713240695762572,5.54,,38641.40527878342,24472.84924135018,2286.889887715308,332.10604390175746,564.8559725651824,544.53025,2050.0,8.537,9.44,4933000.0,54.7,45.84,0,1.0,1.0,1.0,1.0,1.0,1.0,1.0,1.0,1.0,1.0,1.0,1.0,1.0,1.0
6.713240695762572,5.54,,38641.40527878342,24472.84924135018,2286.889887715308,332.10604390175746,564.8559725651824,544.53025,2050.0,8.537,9.44,4933000.0,54.7,45.84,0,1.0,1.0,1.0,1.0,1.0,1.0,1.0,1.0,1.0,1.0,1.0,1.0,1.0,1.0
6.713240695762572,5.54,,38641.40527878342,24472.84924135018,2286.889887715308,332.10604390175746,564.8559725651824,544.53025,2050.0,8.537,9.44,4933000.0,54.7,45.84,0,1.0,1.0,1.0,1.0,1.0,1.0,1.0,1.0,1.0,1.0,1.0,1.0,1.0,1.0
6.713240695762572,5.54,,38641.40527878342,24472.84924135018,2286.889887715308,332.10604390175746,564.8559725651824,544.53025,2050.0,8.537,9.44,4933000.0,54.7,45.84,0,1.0,1.0,1.0,1.0,1.0,1.0,1.0,1.0,1.0,1.0,1.0,1.0,1.0,1.0
6.713240695762572,5.54,,38641.40527878342,24472.84924135018,2286.889887715308,332.10604390175746,564.8559725651824,544.53025,2050.0,8.537,9.44,4933000.0,54.7,45.84,0,1.0,1.0,1.0,1.0,1.0,1.0,1.0,1.0,1.0,1.0,1.0,1.0,1.0,1.0
6.713240695762572,5.54,,38641.40527878342,24472.84924135018,2286.889887715308,332.10604390175746,564.8559725651824,544.53025,2050.0,8.537,9.44,4933000.0,54.7,45.84,0,1.0,1.0,1.0,1.0,1.0,1.0,1.0,1.0,1.0,1.0,1.0,1.0,1.0,1.0
6.713240695762572,5.54,,38641.40527878342,24472.84924135018,2286.889887715308,332.10604390175746,564.8559725651824,544.53025,2050.0,8.537,9.44,4933000.0,54.7,45.84,0,1.0,1.0,1.0,1.0,1.0,1.0,1.0,1.0,1.0,1.0,1.0,1.0,1.0,1.0
6.713240695762572,5.54,,38641.40527878342,24472.84924135018,2286.889887715308,332.10604390175746,564.8559725651824,544.53025,2050.0,8.537,9.44,4933000.0,54.7,45.84,0,1.0,1.0,1.0,1.0,1.0,1.0,1.0,1.0,1.0,1.0,1.0,1.0,1.0,1.0
6.713240695762572,5.54,,38641.40527878342,24472.84924135018,2286.889887715308,332.10604390175746,564.8559725651824,544.53025,2050.0,8.537,9.44,4933000.0,54.7,45.84,0,1.0,1.0,1.0,1.0,1.0,1.0,1.0,1.0,1.0,1.0,1.0,1.0,1.0,1.0
6.713240695762572,5.54,,38641.40527878342,24472.84924135018,2286.889887715308,332.10604390175746,564.8559725651824,544.53025,2050.0,8.537,9.44,4933000.0,54.7,45.84,0,1.0,1.0,1.0,1.0,1.0,1.0,1.0,1.0,1.0,1.0,1.0,1.0,1.0,1.0
6.713240695762572,5.54,,38641.40527878342,24472.84924135018,2286.889887715308,332.10604390175746,564.8559725651824,544.53025,2050.0,8.537,9.44,4933000.0,54.7,45.84,0,1.0,1.0,1.0,1.0,1.0,1.0,1.0,1.0,1.0,1.0,1.0,1.0,1.0,1.0
6.713240695762572,5.54,,38641.40527878342,24472.84924135018,2286.889887715308,332.10604390175746,564.8559725651824,544.53025,2050.0,8.537,9.44,4933000.0,54.7,45.84,0,1.0,1.0,1.0,1.0,1.0,1.0,1.0,1.0,1.0,1.0,1.0,1.0,1.0,1.0
6.713240695762572,5.54,,38641.40527878342,24472.84924135018,2286.889887715308,332.10604390175746,564.8559725651824,544.53025,2050.0,8.537,9.44,4933000.0,54.7,45.84,0,1.0,1.0,1.0,1.0,1.0,1.0,1.0,1.0,1.0,1.0,1.0,1.0,1.0,1.0
6.713240695762572,5.54,,38641.40527878342,24472.84924135018,2286.889887715308,332.10604390175746,564.8559725651824,544.53025,2050.0,8.537,9.44,4933000.0,54.7,45.84,0,1.0,1.0,1.0,1.0,1.0,1.0,1.0,1.0,1.0,1.0,1.0,1.0,1.0,1.0
7.712221755315833,5.54,,1636.0,105.0,23207.805598214287,561.7582148878164,642.7144397217857,31.770439526353194,2050.0,8.537,9.44,4933000.0,54.7,45.84,1,1.0,1.0,0.0,0.0,1.0,1.0,1.0,1.0,1.0,1.0,1.0,1.0,1.0,1.0
7.1,5.54,,948578.604854092,20775.069406175895,229350.125,2591.933829365079,9343.380958333331,3348.75,2050.0,8.537,9.44,4933000.0,54.7,45.84,0,0.0,1.0,1.0,1.0,1.0,1.0,1.0,1.0,1.0,1.0,1.0,1.0,1.0,1.0
7.1,5.54,,948578.604854092,20775.069406175895,229350.125,2591.933829365079,9343.380958333331,3348.75,2050.0,8.537,9.44,4933000.0,54.7,45.84,0,0.0,1.0,1.0,1.0,1.0,1.0,1.0,1.0,1.0,1.0,1.0,1.0,1.0,1.0
7.1,5.54,,948578.604854092,20775.069406175895,229350.125,2591.933829365079,9343.380958333331,3348.75,2050.0,8.537,9.44,4933000.0,54.7,45.84,0,0.0,1.0,1.0,1.0,1.0,1.0,1.0,1.0,1.0,1.0,1.0,1.0,1.0,1.0
7.1,5.54,,948578.604854092,20775.069406175895,229350.125,2591.933829365079,9343.380958333331,3348.75,2050.0,8.537,9.44,4933000.0,54.7,45.84,0,0.0,1.0,1.0,1.0,1.0,1.0,1.0,1.0,1.0,1.0,1.0,1.0,1.0,1.0
7.1,5.54,,948578.604854092,20775.069406175895,229350.125,2591.933829365079,9343.380958333331,3348.75,2050.0,8.537,9.44,4933000.0,54.7,45.84,0,0.0,1.0,1.0,1.0,1.0,1.0,1.0,1.0,1.0,1.0,1.0,1.0,1.0,1.0
6.713240695762572,5.54,,38641.40527878342,24472.84924135018,2286.889887715308,332.10604390175746,564.8559725651824,544.53025,2050.0,8.537,9.44,4933000.0,54.7,45.84,0,1.0,1.0,1.0,1.0,1.0,1.0,1.0,1.0,1.0,1.0,1.0,1.0,1.0,1.0
6.713240695762572,5.54,,38641.40527878342,24472.84924135018,2286.889887715308,332.10604390175746,564.8559725651824,544.53025,2050.0,8.537,9.44,4933000.0,54.7,45.84,0,1.0,1.0,1.0,1.0,1.0,1.0,1.0,1.0,1.0,1.0,1.0,1.0,1.0,1.0
6.713240695762572,5.54,,38641.40527878342,24472.84924135018,2286.889887715308,332.10604390175746,564.8559725651824,544.53025,2050.0,8.537,9.44,4933000.0,54.7,45.84,0,1.0,1.0,1.0,1.0,1.0,1.0,1.0,1.0,1.0,1.0,1.0,1.0,1.0,1.0
6.713240695762572,5.54,,38641.40527878342,24472.84924135018,2286.889887715308,332.10604390175746,564.8559725651824,544.53025,2050.0,8.537,9.44,4933000.0,54.7,45.84,0,1.0,1.0,1.0,1.0,1.0,1.0,1.0,1.0,1.0,1.0,1.0,1.0,1.0,1.0
6.713240695762572,5.54,,38641.40527878342,24472.84924135018,2286.889887715308,332.10604390175746,564.8559725651824,544.53025,2050.0,8.537,9.44,4933000.0,54.7,45.84,0,1.0,1.0,1.0,1.0,1.0,1.0,1.0,1.0,1.0,1.0,1.0,1.0,1.0,1.0
6.713240695762572,5.54,,38641.40527878342,24472.84924135018,2286.889887715308,332.10604390175746,564.8559725651824,544.53025,2050.0,8.537,9.44,4933000.0,54.7,45.84,0,1.0,1.0,1.0,1.0,1.0,1.0,1.0,1.0,1.0,1.0,1.0,1.0,1.0,1.0
6.713240695762572,5.54,,38641.40527878342,24472.84924135018,2286.889887715308,332.10604390175746,564.8559725651824,544.53025,2050.0,8.537,9.44,4933000.0,54.7,45.84,0,1.0,1.0,1.0,1.0,1.0,1.0,1.0,1.0,1.0,1.0,1.0,1.0,1.0,1.0
6.713240695762572,5.54,,38641.40527878342,24472.84924135018,2286.889887715308,332.10604390175746,564.8559725651824,544.53025,2050.0,8.537,9.44,4933000.0,54.7,45.84,0,1.0,1.0,1.0,1.0,1.0,1.0,1.0,1.0,1.0,1.0,1.0,1.0,1.0,1.0
6.713240695762572,5.54,,38641.40527878342,24472.84924135018,2286.889887715308,332.10604390175746,564.8559725651824,544.53025,2050.0,8.537,9.44,4933000.0,54.7,45.84,0,1.0,1.0,1.0,1.0,1.0,1.0,1.0,1.0,1.0,1.0,1.0,1.0,1.0,1.0
6.713240695762572,5.54,,38641.40527878342,24472.84924135018,2286.889887715308,332.10604390175746,564.8559725651824,544.53025,2050.0,8.537,9.44,4933000.0,54.7,45.84,0,1.0,1.0,1.0,1.0,1.0,1.0,1.0,1.0,1.0,1.0,1.0,1.0,1.0,1.0
6.713240695762572,5.54,,38641.40527878342,24472.84924135018,2286.889887715308,332.10604390175746,564.8559725651824,544.53025,2050.0,8.537,9.44,4933000.0,54.7,45.84,0,1.0,1.0,1.0,1.0,1.0,1.0,1.0,1.0,1.0,1.0,1.0,1.0,1.0,1.0
6.713240695762572,5.54,,38641.40527878342,24472.84924135018,2286.889887715308,332.10604390175746,564.8559725651824,544.53025,2050.0,8.537,9.44,4933000.0,54.7,45.84,0,1.0,1.0,1.0,1.0,1.0,1.0,1.0,1.0,1.0,1.0,1.0,1.0,1.0,1.0
6.713240695762572,5.54,,38641.40527878342,24472.84924135018,2286.889887715308,332.10604390175746,564.8559725651824,544.53025,2050.0,8.537,9.44,4933000.0,54.7,45.84,0,1.0,1.0,1.0,1.0,1.0,1.0,1.0,1.0,1.0,1.0,1.0,1.0,1.0,1.0
6.713240695762572,5.54,,38641.40527878342,24472.84924135018,2286.889887715308,332.10604390175746,564.8559725651824,544.53025,2050.0,8.537,9.44,4933000.0,54.7,45.84,0,1.0,1.0,1.0,1.0,1.0,1.0,1.0,1.0,1.0,1.0,1.0,1.0,1.0,1.0
5.110296550778675,5.54,,1027.543136654311,19.2,889.6574181910566,294.26823262546833,153.18137220593317,19.328239583333335,2050.0,8.537,9.44,4933000.0,54.7,45.84,0,1.0,1.0,1.0,0.0,1.0,1.0,1.0,1.0,1.0,1.0,1.0,1.0,1.0,1.0
6.713240695762572,5.54,,38641.40527878342,24472.84924135018,2286.889887715308,332.10604390175746,564.8559725651824,544.53025,2050.0,8.537,9.44,4933000.0,54.7,45.84,0,1.0,1.0,1.0,1.0,1.0,1.0,1.0,1.0,1.0,1.0,1.0,1.0,1.0,1.0
5.74,5.54,,1027.543136654311,219.6812853784296,565.6390390243902,282.18163284709135,191.0,18.158573630013542,2050.0,8.537,9.44,4933000.0,54.7,45.84,0,0.0,1.0,1.0,1.0,1.0,1.0,0.0,1.0,1.0,1.0,1.0,1.0,1.0,1.0
6.701915096599717,5.54,,21401.314886714863,24801.807574683517,2027.7337705660473,311.7059113657832,167.5,544.53025,2050.0,8.537,9.44,4933000.0,54.7,45.84,0,1.0,1.0,1.0,1.0,1.0,1.0,0.0,1.0,1.0,1.0,1.0,1.0,1.0,1.0
6.701915096599717,5.54,,21732.534886714864,25254.45634341478,172.11287625264532,288.8798107459688,131.0,541.0244386338776,2050.0,8.537,9.44,4933000.0,54.7,45.84,0,1.0,1.0,1.0,1.0,1.0,1.0,0.0,1.0,1.0,1.0,1.0,1.0,1.0,1.0
6.701915096599717,5.54,,21732.534886714864,25254.45634341478,172.11287625264532,288.8798107459688,131.1,541.0244386338776,2050.0,8.537,9.44,4933000.0,54.7,45.84,0,1.0,1.0,1.0,1.0,1.0,1.0,0.0,1.0,1.0,1.0,1.0,1.0,1.0,1.0
6.7148317632663845,5.54,,21324.618220048196,25254.45634341478,1959.426562961063,307.0249472662964,41.3,539.3452500000001,2050.0,8.537,9.44,4933000.0,54.7,45.84,0,1.0,1.0,1.0,1.0,1.0,1.0,0.0,1.0,1.0,1.0,1.0,1.0,1.0,1.0
6.713240695762572,5.54,,38641.40527878342,24472.84924135018,2286.889887715308,332.10604390175746,564.8559725651824,544.53025,2050.0,8.537,9.44,4933000.0,54.7,45.84,0,1.0,1.0,1.0,1.0,1.0,1.0,1.0,1.0,1.0,1.0,1.0,1.0,1.0,1.0
6.713240695762572,5.54,,38641.40527878342,24472.84924135018,2286.889887715308,332.10604390175746,564.8559725651824,544.53025,2050.0,8.537,9.44,4933000.0,54.7,45.84,0,1.0,1.0,1.0,1.0,1.0,1.0,1.0,1.0,1.0,1.0,1.0,1.0,1.0,1.0
6.713240695762572,5.54,,38641.40527878342,24472.84924135018,2286.889887715308,332.10604390175746,564.8559725651824,544.53025,2050.0,8.537,9.44,4933000.0,54.7,45.84,0,1.0,1.0,1.0,1.0,1.0,1.0,1.0,1.0,1.0,1.0,1.0,1.0,1.0,1.0
6.713240695762572,5.54,,38641.40527878342,24472.84924135018,2286.889887715308,332.10604390175746,564.8559725651824,544.53025,2050.0,8.537,9.44,4933000.0,54.7,45.84,0,1.0,1.0,1.0,1.0,1.0,1.0,1.0,1.0,1.0,1.0,1.0,1.0,1.0,1.0
6.713240695762572,5.54,,38641.40527878342,24472.84924135018,2286.889887715308,332.10604390175746,564.8559725651824,544.53025,2050.0,8.537,9.44,4933000.0,54.7,45.84,0,1.0,1.0,1.0,1.0,1.0,1.0,1.0,1.0,1.0,1.0,1.0,1.0,1.0,1.0
6.713240695762572,5.54,,38641.40527878342,24472.84924135018,2286.889887715308,332.10604390175746,564.8559725651824,544.53025,2050.0,8.537,9.44,4933000.0,54.7,45.84,0,1.0,1.0,1.0,1.0,1.0,1.0,1.0,1.0,1.0,1.0,1.0,1.0,1.0,1.0
6.9,5.54,2.52,905980.3299865609,218340.7568371212,1395370.0,451380.0,510445.18375,6635.8,2050.0,8.537,9.44,4933000.0,54.7,45.84,1,0.0,1.0,1.0,1.0,0.0,0.0,1.0,1.0,1.0,1.0,1.0,1.0,1.0,1.0
6.8,5.54,1.3,43237.96973929067,24801.807574683517,2202.7218131617365,332.10604390175746,418.73144525638,544.53025,2050.0,8.537,9.44,4933000.0,54.7,45.84,0,0.0,1.0,1.0,1.0,1.0,1.0,1.0,1.0,1.0,1.0,1.0,1.0,1.0,1.0
6.8,5.54,1.3,43237.96973929067,24801.807574683517,2202.7218131617365,332.10604390175746,418.73144525638,544.53025,2050.0,8.537,9.44,4933000.0,54.7,45.84,0,0.0,1.0,1.0,1.0,1.0,1.0,1.0,1.0,1.0,1.0,1.0,1.0,1.0,1.0
6.8,5.54,1.3,43237.96973929067,24801.807574683517,2202.7218131617365,332.10604390175746,418.73144525638,544.53025,2050.0,8.537,9.44,4933000.0,54.7,45.84,0,0.0,1.0,1.0,1.0,1.0,1.0,1.0,1.0,1.0,1.0,1.0,1.0,1.0,1.0
6.8,5.54,1.3,43237.96973929067,24801.807574683517,2202.7218131617365,332.10604390175746,418.73144525638,544.53025,2050.0,8.537,9.44,4933000.0,54.7,45.84,0,0.0,1.0,1.0,1.0,1.0,1.0,1.0,1.0,1.0,1.0,1.0,1.0,1.0,1.0
6.8,5.54,1.3,43237.96973929067,24801.807574683517,2202.7218131617365,332.10604390175746,418.73144525638,544.53025,2050.0,8.537,9.44,4933000.0,54.7,45.84,0,0.0,1.0,1.0,1.0,1.0,1.0,1.0,1.0,1.0,1.0,1.0,1.0,1.0,1.0
5.7,5.54,,1027.543136654311,219.6812853784296,396.18104971738654,177.17772311364067,175.9892488917532,28.048311888268778,2050.0,8.537,9.44,4933000.0,54.7,45.84,0,0.0,1.0,1.0,1.0,1.0,1.0,1.0,1.0,1.0,1.0,1.0,1.0,1.0,1.0
6.3,5.54,,950.2670603764088,219.6812853784296,243.1233444424215,66.81395071696456,132.7568782858654,18.960441211732757,2050.0,8.537,9.44,4933000.0,54.7,45.84,0,0.0,1.0,1.0,1.0,1.0,1.0,1.0,1.0,1.0,1.0,1.0,1.0,1.0,1.0
6.713240695762572,5.54,,38641.40527878342,24472.84924135018,2286.889887715308,332.10604390175746,564.8559725651824,544.53025,2050.0,8.537,9.44,4933000.0,54.7,45.84,0,1.0,1.0,1.0,1.0,1.0,1.0,1.0,1.0,1.0,1.0,1.0,1.0,1.0,1.0
6.713240695762572,5.54,,38641.40527878342,24472.84924135018,2286.889887715308,332.10604390175746,564.8559725651824,544.53025,2050.0,8.537,9.44,4933000.0,54.7,45.84,0,1.0,1.0,1.0,1.0,1.0,1.0,1.0,1.0,1.0,1.0,1.0,1.0,1.0,1.0
6.713240695762572,5.54,,38641.40527878342,24472.84924135018,2286.889887715308,332.10604390175746,564.8559725651824,544.53025,2050.0,8.537,9.44,4933000.0,54.7,45.84,0,1.0,1.0,1.0,1.0,1.0,1.0,1.0,1.0,1.0,1.0,1.0,1.0,1.0,1.0
6.713240695762572,5.54,,38641.40527878342,24472.84924135018,2286.889887715308,332.10604390175746,564.8559725651824,544.53025,2050.0,8.537,9.44,4933000.0,54.7,45.84,0,1.0,1.0,1.0,1.0,1.0,1.0,1.0,1.0,1.0,1.0,1.0,1.0,1.0,1.0
6.713240695762572,5.54,,38641.40527878342,24472.84924135018,2286.889887715308,332.10604390175746,564.8559725651824,544.53025,2050.0,8.537,9.44,4933000.0,54.7,45.84,0,1.0,1.0,1.0,1.0,1.0,1.0,1.0,1.0,1.0,1.0,1.0,1.0,1.0,1.0
6.713240695762572,5.54,,38641.40527878342,24472.84924135018,2286.889887715308,332.10604390175746,564.8559725651824,544.53025,2050.0,8.537,9.44,4933000.0,54.7,45.84,0,1.0,1.0,1.0,1.0,1.0,1.0,1.0,1.0,1.0,1.0,1.0,1.0,1.0,1.0
6.713240695762572,5.54,,38641.40527878342,24472.84924135018,2286.889887715308,332.10604390175746,564.8559725651824,544.53025,2050.0,8.537,9.44,4933000.0,54.7,45.84,0,1.0,1.0,1.0,1.0,1.0,1.0,1.0,1.0,1.0,1.0,1.0,1.0,1.0,1.0
6.713240695762572,5.54,,38641.40527878342,24472.84924135018,2286.889887715308,332.10604390175746,564.8559725651824,544.53025,2050.0,8.537,9.44,4933000.0,54.7,45.84,0,1.0,1.0,1.0,1.0,1.0,1.0,1.0,1.0,1.0,1.0,1.0,1.0,1.0,1.0
6.713240695762572,5.54,,38641.40527878342,24472.84924135018,2286.889887715308,332.10604390175746,564.8559725651824,544.53025,2050.0,8.537,9.44,4933000.0,54.7,45.84,0,1.0,1.0,1.0,1.0,1.0,1.0,1.0,1.0,1.0,1.0,1.0,1.0,1.0,1.0
6.713240695762572,5.54,,38641.40527878342,24472.84924135018,2286.889887715308,332.10604390175746,564.8559725651824,544.53025,2050.0,8.537,9.44,4933000.0,54.7,45.84,0,1.0,1.0,1.0,1.0,1.0,1.0,1.0,1.0,1.0,1.0,1.0,1.0,1.0,1.0
6.713240695762572,5.54,,38641.40527878342,24472.84924135018,2286.889887715308,332.10604390175746,564.8559725651824,544.53025,2050.0,8.537,9.44,4933000.0,54.7,45.84,0,1.0,1.0,1.0,1.0,1.0,1.0,1.0,1.0,1.0,1.0,1.0,1.0,1.0,1.0
6.713240695762572,5.54,,38641.40527878342,24472.84924135018,2286.889887715308,332.10604390175746,564.8559725651824,544.53025,2050.0,8.537,9.44,4933000.0,54.7,45.84,0,1.0,1.0,1.0,1.0,1.0,1.0,1.0,1.0,1.0,1.0,1.0,1.0,1.0,1.0
6.713240695762572,5.54,,38641.40527878342,24472.84924135018,2286.889887715308,332.10604390175746,564.8559725651824,544.53025,2050.0,8.537,9.44,4933000.0,54.7,45.84,0,1.0,1.0,1.0,1.0,1.0,1.0,1.0,1.0,1.0,1.0,1.0,1.0,1.0,1.0
6.713240695762572,5.54,,38641.40527878342,24472.84924135018,2286.889887715308,332.10604390175746,564.8559725651824,544.53025,2050.0,8.537,9.44,4933000.0,54.7,45.84,0,1.0,1.0,1.0,1.0,1.0,1.0,1.0,1.0,1.0,1.0,1.0,1.0,1.0,1.0
6.713240695762572,5.54,,38641.40527878342,24472.84924135018,2286.889887715308,332.10604390175746,564.8559725651824,544.53025,2050.0,8.537,9.44,4933000.0,54.7,45.84,0,1.0,1.0,1.0,1.0,1.0,1.0,1.0,1.0,1.0,1.0,1.0,1.0,1.0,1.0
6.713240695762572,5.54,,38641.40527878342,24472.84924135018,2286.889887715308,332.10604390175746,564.8559725651824,544.53025,2050.0,8.537,9.44,4933000.0,54.7,45.84,0,1.0,1.0,1.0,1.0,1.0,1.0,1.0,1.0,1.0,1.0,1.0,1.0,1.0,1.0
6.713240695762572,5.54,,38641.40527878342,24472.84924135018,2286.889887715308,332.10604390175746,564.8559725651824,544.53025,2050.0,8.537,9.44,4933000.0,54.7,45.84,0,1.0,1.0,1.0,1.0,1.0,1.0,1.0,1.0,1.0,1.0,1.0,1.0,1.0,1.0
6.713240695762572,5.54,,38641.40527878342,24472.84924135018,2286.889887715308,332.10604390175746,564.8559725651824,544.53025,2050.0,8.537,9.44,4933000.0,54.7,45.84,0,1.0,1.0,1.0,1.0,1.0,1.0,1.0,1.0,1.0,1.0,1.0,1.0,1.0,1.0
6.713240695762572,5.54,,38641.40527878342,24472.84924135018,2286.889887715308,332.10604390175746,564.8559725651824,544.53025,2050.0,8.537,9.44,4933000.0,54.7,45.84,0,1.0,1.0,1.0,1.0,1.0,1.0,1.0,1.0,1.0,1.0,1.0,1.0,1.0,1.0
6.713240695762572,5.54,,38641.40527878342,24472.84924135018,2286.889887715308,332.10604390175746,564.8559725651824,544.53025,2050.0,8.537,9.44,4933000.0,54.7,45.84,0,1.0,1.0,1.0,1.0,1.0,1.0,1.0,1.0,1.0,1.0,1.0,1.0,1.0,1.0
6.713240695762572,5.54,,38641.40527878342,24472.84924135018,2286.889887715308,332.10604390175746,564.8559725651824,544.53025,2050.0,8.537,9.44,4933000.0,54.7,45.84,0,1.0,1.0,1.0,1.0,1.0,1.0,1.0,1.0,1.0,1.0,1.0,1.0,1.0,1.0
6.92302803030303,5.54,,376280.24846138223,22089.80924135018,21359.2,18114.8375,17800.0,687.75,2050.0,8.537,9.44,4933000.0,54.7,45.84,1,1.0,1.0,1.0,1.0,1.0,1.0,0.0,1.0,1.0,1.0,1.0,1.0,1.0,1.0
6.8,5.54,,43237.96973929067,24801.807574683517,2202.7218131617365,332.10604390175746,418.73144525638,544.53025,2050.0,8.537,9.44,4933000.0,54.7,45.84,0,0.0,1.0,1.0,1.0,1.0,1.0,1.0,1.0,1.0,1.0,1.0,1.0,1.0,1.0
7.3,5.54,,1206665.747711235,17635.05837896609,229350.125,2601.0088293650792,9335.953458333332,3074.825,2050.0,8.537,9.44,4933000.0,54.7,45.84,0,0.0,1.0,1.0,1.0,1.0,1.0,1.0,1.0,1.0,1.0,1.0,1.0,1.0,1.0
6.713240695762572,5.54,,38641.40527878342,24472.84924135018,2286.889887715308,332.10604390175746,564.8559725651824,544.53025,2050.0,8.537,9.44,4933000.0,54.7,45.84,0,1.0,1.0,1.0,1.0,1.0,1.0,1.0,1.0,1.0,1.0,1.0,1.0,1.0,1.0
6.713240695762572,5.54,,38641.40527878342,24472.84924135018,2286.889887715308,332.10604390175746,564.8559725651824,544.53025,2050.0,8.537,9.44,4933000.0,54.7,45.84,0,1.0,1.0,1.0,1.0,1.0,1.0,1.0,1.0,1.0,1.0,1.0,1.0,1.0,1.0
6.713240695762572,5.54,,38641.40527878342,24472.84924135018,2286.889887715308,332.10604390175746,564.8559725651824,544.53025,2050.0,8.537,9.44,4933000.0,54.7,45.84,0,1.0,1.0,1.0,1.0,1.0,1.0,1.0,1.0,1.0,1.0,1.0,1.0,1.0,1.0
7.186539456514312,5.54,,886323.4133198943,201760.83376019815,953849.575,466871.4166666666,1000000.0,6872.8,2050.0,8.537,9.44,4933000.0,54.7,45.84,1,1.0,1.0,1.0,1.0,1.0,1.0,0.0,1.0,1.0,1.0,1.0,1.0,1.0,1.0
6.713240695762572,5.54,,38641.40527878342,24472.84924135018,2286.889887715308,332.10604390175746,564.8559725651824,544.53025,2050.0,8.537,9.44,4933000.0,54.7,45.84,0,1.0,1.0,1.0,1.0,1.0,1.0,1.0,1.0,1.0,1.0,1.0,1.0,1.0,1.0
6.713240695762572,5.54,,38641.40527878342,24472.84924135018,2286.889887715308,332.10604390175746,564.8559725651824,544.53025,2050.0,8.537,9.44,4933000.0,54.7,45.84,0,1.0,1.0,1.0,1.0,1.0,1.0,1.0,1.0,1.0,1.0,1.0,1.0,1.0,1.0
6.713240695762572,5.54,,38641.40527878342,24472.84924135018,2286.889887715308,332.10604390175746,564.8559725651824,544.53025,2050.0,8.537,9.44,4933000.0,54.7,45.84,0,1.0,1.0,1.0,1.0,1.0,1.0,1.0,1.0,1.0,1.0,1.0,1.0,1.0,1.0
6.713240695762572,5.54,,38641.40527878342,24472.84924135018,2286.889887715308,332.10604390175746,564.8559725651824,544.53025,2050.0,8.537,9.44,4933000.0,54.7,45.84,0,1.0,1.0,1.0,1.0,1.0,1.0,1.0,1.0,1.0,1.0,1.0,1.0,1.0,1.0
6.713240695762572,5.54,,38641.40527878342,24472.84924135018,2286.889887715308,332.10604390175746,564.8559725651824,544.53025,2050.0,8.537,9.44,4933000.0,54.7,45.84,0,1.0,1.0,1.0,1.0,1.0,1.0,1.0,1.0,1.0,1.0,1.0,1.0,1.0,1.0
6.713240695762572,5.54,2.1,38641.40527878342,24472.84924135018,2286.889887715308,332.10604390175746,564.8559725651824,544.53025,2050.0,8.537,9.44,4933000.0,54.7,45.84,0,1.0,1.0,1.0,1.0,1.0,1.0,1.0,1.0,1.0,1.0,1.0,1.0,1.0,1.0
6.713240695762572,5.54,0.44,38641.40527878342,24472.84924135018,2286.889887715308,332.10604390175746,564.8559725651824,544.53025,2050.0,8.537,9.44,4933000.0,54.7,45.84,0,1.0,1.0,1.0,1.0,1.0,1.0,1.0,1.0,1.0,1.0,1.0,1.0,1.0,1.0
6.713240695762572,5.54,3.1,38641.40527878342,24472.84924135018,2286.889887715308,332.10604390175746,564.8559725651824,544.53025,2050.0,8.537,9.44,4933000.0,54.7,45.84,0,1.0,1.0,1.0,1.0,1.0,1.0,1.0,1.0,1.0,1.0,1.0,1.0,1.0,1.0
6.6,5.54,0.69,3075.0,219.6812853784296,316.91826217564034,100.99795870867716,242.82776742726833,27.654159203570952,2050.0,8.537,9.44,4933000.0,54.7,45.84,1,0.0,1.0,0.0,1.0,1.0,1.0,1.0,1.0,1.0,1.0,1.0,1.0,1.0,1.0
6.019879841959144,5.54,,1027.543136654311,2000.0,112.1312865768288,86.92609873596399,45.22569423870903,5.566131075325011,2050.0,8.537,9.44,4933000.0,54.7,45.84,0,1.0,1.0,1.0,0.0,1.0,1.0,1.0,1.0,1.0,1.0,1.0,1.0,1.0,1.0
6.9,5.54,4.3,346347.3178374557,22089.80924135018,21021.275,20011.925,15868.275999999998,687.75,2050.0,8.537,9.44,26300000.0,54.7,45.84,0,0.0,1.0,1.0,1.0,1.0,1.0,1.0,1.0,1.0,1.0,1.0,0.0,1.0,1.0
6.713240695762572,5.54,,38641.40527878342,24472.84924135018,2286.889887715308,332.10604390175746,564.8559725651824,544.53025,2050.0,8.537,9.44,4933000.0,54.7,45.84,0,1.0,1.0,1.0,1.0,1.0,1.0,1.0,1.0,1.0,1.0,1.0,1.0,1.0,1.0
8.68,5.54,2.001,1000000000.0,221388216.6666667,439569.575,31124.8,66594.3305,3998.375,2050.0,8.537,9.44,4933000.0,54.7,45.84,0,0.0,1.0,1.0,1.0,1.0,1.0,1.0,1.0,1.0,1.0,1.0,1.0,1.0,1.0
6.713240695762572,5.54,,38641.40527878342,24472.84924135018,2286.889887715308,332.10604390175746,564.8559725651824,544.53025,2050.0,8.537,9.44,4933000.0,54.7,45.84,0,1.0,1.0,1.0,1.0,1.0,1.0,1.0,1.0,1.0,1.0,1.0,1.0,1.0,1.0
6.43,5.54,1.445,42899.88351429066,18590.80924135018,2286.889887715308,331.9345439017575,561.2659725651823,540.78025,2050.0,8.537,9.44,4933000.0,54.7,45.84,0,0.0,1.0,1.0,1.0,1.0,1.0,1.0,1.0,1.0,1.0,1.0,1.0,1.0,1.0
6.713240695762572,5.54,,38641.40527878342,24472.84924135018,2286.889887715308,332.10604390175746,564.8559725651824,544.53025,2050.0,8.537,9.44,4933000.0,54.7,45.84,0,1.0,1.0,1.0,1.0,1.0,1.0,1.0,1.0,1.0,1.0,1.0,1.0,1.0,1.0
6.713240695762572,5.54,,38641.40527878342,24472.84924135018,2286.889887715308,332.10604390175746,564.8559725651824,544.53025,2050.0,8.537,9.44,4933000.0,54.7,45.84,0,1.0,1.0,1.0,1.0,1.0,1.0,1.0,1.0,1.0,1.0,1.0,1.0,1.0,1.0
6.713240695762572,5.54,,38641.40527878342,24472.84924135018,2286.889887715308,332.10604390175746,564.8559725651824,544.53025,2050.0,8.537,9.44,4933000.0,54.7,45.84,0,1.0,1.0,1.0,1.0,1.0,1.0,1.0,1.0,1.0,1.0,1.0,1.0,1.0,1.0
6.713240695762572,5.54,,38641.40527878342,24472.84924135018,2286.889887715308,332.10604390175746,564.8559725651824,544.53025,2050.0,8.537,9.44,4933000.0,54.7,45.84,0,1.0,1.0,1.0,1.0,1.0,1.0,1.0,1.0,1.0,1.0,1.0,1.0,1.0,1.0
6.713240695762572,5.54,,38641.40527878342,24472.84924135018,2286.889887715308,332.10604390175746,564.8559725651824,544.53025,2050.0,8.537,9.44,4933000.0,54.7,45.84,0,1.0,1.0,1.0,1.0,1.0,1.0,1.0,1.0,1.0,1.0,1.0,1.0,1.0,1.0
6.99,5.54,,1083000.0,29855.67569279832,229350.125,2461.849107142857,9267.271708333334,3497.75,2050.0,8.537,9.44,4933000.0,54.7,45.84,1,0.0,1.0,0.0,1.0,1.0,1.0,1.0,1.0,1.0,1.0,1.0,1.0,1.0,1.0
7.1,5.54,,6248000.0,327460.36243264575,552488.575,49608.275,64180.2655,4946.375,2050.0,8.537,9.44,4933000.0,54.7,45.84,1,0.0,1.0,0.0,1.0,1.0,1.0,1.0,1.0,1.0,1.0,1.0,1.0,1.0,1.0
7.191027168021039,5.54,,817306.2636956591,21170.90273950923,411347.325,16580.0,29052.276249999988,5310.0,2050.0,8.537,9.44,4933000.0,54.7,45.84,1,1.0,1.0,1.0,1.0,1.0,0.0,1.0,0.0,1.0,1.0,1.0,1.0,1.0,1.0
6.400845833333331,5.54,,21042.969141616828,19372.41634341478,8787.143291666667,700.0,3232.8050340812365,540.0,2050.0,8.537,9.44,4933000.0,54.7,45.84,1,1.0,1.0,1.0,1.0,1.0,0.0,1.0,0.0,1.0,1.0,1.0,1.0,1.0,1.0
6.526931369617225,5.54,,219200.0,24040.423790040124,12099.447000000002,589.7637657368971,5129.248500000001,568.5,2050.0,8.537,9.44,4933000.0,54.7,45.84,1,1.0,1.0,0.0,1.0,1.0,1.0,1.0,1.0,1.0,1.0,1.0,1.0,1.0,1.0
7.921020039682544,5.54,,78476100.0,7334479.166666666,615092.575,688705.9916666667,105528.0005,4738.375,2050.0,8.537,9.44,4933000.0,54.7,45.84,1,1.0,1.0,0.0,1.0,1.0,1.0,1.0,1.0,1.0,1.0,1.0,1.0,1.0,1.0
7.240797789847646,5.54,,6981400.0,259394.85821078432,728011.575,707163.7166666667,114811.22375000003,5093.875,2050.0,8.537,9.44,4933000.0,54.7,45.84,1,1.0,1.0,0.0,1.0,1.0,1.0,1.0,1.0,1.0,1.0,1.0,1.0,1.0,1.0
7.349501033769672,5.54,,2571900.0,83511.07362745098,586862.825,343812.775,92045.07425000003,5093.875,2050.0,8.537,9.44,4933000.0,54.7,45.84,1,1.0,1.0,0.0,1.0,1.0,1.0,1.0,1.0,1.0,1.0,1.0,1.0,1.0,1.0
7.349501033769672,5.54,,2493200.0,83511.07362745098,586862.825,343812.775,92045.07425000003,5093.875,2050.0,8.537,9.44,4933000.0,54.7,45.84,1,1.0,1.0,0.0,1.0,1.0,1.0,1.0,1.0,1.0,1.0,1.0,1.0,1.0,1.0
7.466888618789945,5.54,,2099300.0,107394.12263502674,411339.825,170341.075,41153.91049999998,5093.875,2050.0,8.537,9.44,4933000.0,54.7,45.84,1,1.0,1.0,0.0,1.0,1.0,1.0,1.0,1.0,1.0,1.0,1.0,1.0,1.0,1.0
7.466888618789945,5.54,,2046000.0,107394.12263502674,411339.825,170341.075,41153.91049999998,5093.875,2050.0,8.537,9.44,4933000.0,54.7,45.84,1,1.0,1.0,0.0,1.0,1.0,1.0,1.0,1.0,1.0,1.0,1.0,1.0,1.0,1.0
7.362024429491596,5.54,,1854400.0,88519.12263502674,586862.825,255048.8,41470.19549999999,5093.875,2050.0,8.537,9.44,4933000.0,54.7,45.84,1,1.0,1.0,0.0,1.0,1.0,1.0,1.0,1.0,1.0,1.0,1.0,1.0,1.0,1.0
7.421056235954992,5.54,,375300.0,19684.585541567107,226282.05,38277.65,31824.792749999982,4199.95,2050.0,8.537,9.44,4933000.0,54.7,45.84,1,1.0,1.0,0.0,1.0,1.0,1.0,1.0,1.0,1.0,1.0,1.0,1.0,1.0,1.0
7.432480478379235,5.54,,320300.0,19888.57512490044,228023.825,29043.1,31312.416499999985,4199.95,2050.0,8.537,9.44,4933000.0,54.7,45.84,1,1.0,1.0,0.0,1.0,1.0,1.0,1.0,1.0,1.0,1.0,1.0,1.0,1.0,1.0
6.526931369617225,5.54,,228300.0,24040.423790040124,12099.447000000002,589.7637657368971,5129.248500000001,568.5,2050.0,8.537,9.44,4933000.0,54.7,45.84,1,1.0,1.0,0.0,1.0,1.0,1.0,1.0,1.0,1.0,1.0,1.0,1.0,1.0,1.0
7.425152514019034,5.54,,181500.0,17692.53743509025,25483.732,589.5922657368972,5120.238125000002,543.225,2050.0,8.537,9.44,4933000.0,54.7,45.84,1,1.0,1.0,0.0,1.0,1.0,1.0,1.0,1.0,1.0,1.0,1.0,1.0,1.0,1.0
6.713240695762572,5.54,,38641.40527878342,24472.84924135018,2286.889887715308,332.10604390175746,564.8559725651824,544.53025,2050.0,8.537,9.44,4933000.0,54.7,45.84,0,1.0,1.0,1.0,1.0,1.0,1.0,1.0,1.0,1.0,1.0,1.0,1.0,1.0,1.0
6.713240695762572,5.54,,38641.40527878342,24472.84924135018,2286.889887715308,332.10604390175746,564.8559725651824,544.53025,2050.0,8.537,9.44,4933000.0,54.7,45.84,0,1.0,1.0,1.0,1.0,1.0,1.0,1.0,1.0,1.0,1.0,1.0,1.0,1.0,1.0
6.713240695762572,5.54,,38641.40527878342,24472.84924135018,2286.889887715308,332.10604390175746,564.8559725651824,544.53025,2050.0,8.537,9.44,4933000.0,54.7,45.84,0,1.0,1.0,1.0,1.0,1.0,1.0,1.0,1.0,1.0,1.0,1.0,1.0,1.0,1.0
6.713240695762572,5.54,,38641.40527878342,24472.84924135018,2286.889887715308,332.10604390175746,564.8559725651824,544.53025,2050.0,8.537,9.44,4933000.0,54.7,45.84,0,1.0,1.0,1.0,1.0,1.0,1.0,1.0,1.0,1.0,1.0,1.0,1.0,1.0,1.0
4.5,5.54,2.8,1027.543136654311,776.1030894118326,1303.5331217625242,330.9124330756785,177.91801381387535,12.944641379942734,2050.0,8.537,9.44,4933000.0,54.7,45.84,0,0.0,1.0,1.0,1.0,1.0,1.0,1.0,1.0,1.0,1.0,1.0,1.0,1.0,1.0
4.8,5.54,2.5,1027.543136654311,803.4328444167227,101.84937602346182,68.03059065502846,130.1427505725275,19.033516556698775,2050.0,8.537,9.44,4933000.0,54.7,45.84,0,0.0,1.0,1.0,1.0,1.0,1.0,1.0,1.0,1.0,1.0,1.0,1.0,1.0,1.0
5.1,5.54,2.2,1027.543136654311,201.0349243524495,1126.4048166666666,448.0649591303454,318.9453785854975,22.36293742987109,2050.0,8.537,9.44,4933000.0,54.7,45.84,0,0.0,1.0,1.0,1.0,1.0,1.0,1.0,1.0,1.0,1.0,1.0,1.0,1.0,1.0
4.6,5.54,2.7,1027.543136654311,776.1030894118326,1303.5331217625242,330.9124330756785,177.91801381387535,12.125191089515988,2050.0,8.537,9.44,4933000.0,54.7,45.84,0,0.0,1.0,1.0,1.0,1.0,1.0,1.0,1.0,1.0,1.0,1.0,1.0,1.0,1.0
4.9,5.54,2.4,1027.543136654311,803.4328444167227,101.84937602346182,68.03059065502846,130.1427505725275,19.033516556698775,2050.0,8.537,9.44,4933000.0,54.7,45.84,0,0.0,1.0,1.0,1.0,1.0,1.0,1.0,1.0,1.0,1.0,1.0,1.0,1.0,1.0
5.2,5.54,2.1,1027.543136654311,219.6812853784296,426.26345752074906,175.5532821872094,168.37778149591983,19.601957276277524,2050.0,8.537,9.44,4933000.0,54.7,45.84,0,0.0,1.0,1.0,1.0,1.0,1.0,1.0,1.0,1.0,1.0,1.0,1.0,1.0,1.0
6.0,5.54,3.2,950.2670603764088,219.6812853784296,236.82572390670717,71.7876655035647,132.7568782858654,19.007676019841597,2050.0,8.537,9.44,4933000.0,54.7,45.84,0,0.0,1.0,1.0,1.0,1.0,1.0,1.0,1.0,1.0,1.0,1.0,1.0,1.0,1.0
6.1,5.54,3,950.2670603764088,219.6812853784296,236.82572390670717,71.02732389774852,132.7568782858654,19.15126791267152,2050.0,8.537,9.44,4933000.0,54.7,45.84,0,0.0,1.0,1.0,1.0,1.0,1.0,1.0,1.0,1.0,1.0,1.0,1.0,1.0,1.0
6.2,5.54,2.8,950.2670603764088,219.6812853784296,265.784168665617,62.12660067671096,132.7568782858654,18.575756709162995,2050.0,8.537,9.44,4933000.0,54.7,45.84,0,0.0,1.0,1.0,1.0,1.0,1.0,1.0,1.0,1.0,1.0,1.0,1.0,1.0,1.0
5.7,5.54,2.9,1027.543136654311,219.6812853784296,396.18104971738654,177.17772311364067,175.9892488917532,28.048311888268778,2050.0,8.537,9.44,4933000.0,54.7,45.84,0,0.0,1.0,1.0,1.0,1.0,1.0,1.0,1.0,1.0,1.0,1.0,1.0,1.0,1.0
5.9,5.54,2.7,989.5876664931608,219.6812853784296,240.88475277719257,98.98300513393993,163.2317311983008,19.522366412894023,2050.0,8.537,9.44,4933000.0,54.7,45.84,0,0.0,1.0,1.0,1.0,1.0,1.0,1.0,1.0,1.0,1.0,1.0,1.0,1.0,1.0
6.0,5.54,2.5,950.2670603764088,219.6812853784296,236.82572390670717,71.7876655035647,132.7568782858654,19.007676019841597,2050.0,8.537,9.44,4933000.0,54.7,45.84,0,0.0,1.0,1.0,1.0,1.0,1.0,1.0,1.0,1.0,1.0,1.0,1.0,1.0,1.0
7.311989372742239,5.54,,497500.0,80138.37089910192,527088.05,2631942.083333333,221284.4825,6097.375,2050.0,8.537,9.44,4933000.0,54.7,45.84,1,1.0,1.0,0.0,1.0,1.0,1.0,1.0,1.0,1.0,1.0,1.0,1.0,1.0,1.0
7.288031659472918,5.54,,690300.0,80588.37089910192,586862.825,1774753.125,221503.82750000004,6488.3,2050.0,8.537,9.44,4933000.0,54.7,45.84,1,1.0,1.0,0.0,1.0,1.0,1.0,1.0,1.0,1.0,1.0,1.0,1.0,1.0,1.0
6.526931369617225,5.54,,217790.0,24040.423790040124,12099.447000000002,589.7637657368971,5129.248500000001,568.5,2050.0,8.537,9.44,4933000.0,54.7,45.84,1,1.0,1.0,0.0,1.0,1.0,1.0,1.0,1.0,1.0,1.0,1.0,1.0,1.0,1.0
7.432480478379235,5.54,,318200.0,19888.57512490044,228023.825,29043.1,31312.416499999985,4199.95,2050.0,8.537,9.44,4933000.0,54.7,45.84,1,1.0,1.0,0.0,1.0,1.0,1.0,1.0,1.0,1.0,1.0,1.0,1.0,1.0,1.0
7.432480478379235,5.54,,318400.0,19888.57512490044,228023.825,29043.1,31312.416499999985,4199.95,2050.0,8.537,9.44,4933000.0,54.7,45.84,1,1.0,1.0,0.0,1.0,1.0,1.0,1.0,1.0,1.0,1.0,1.0,1.0,1.0,1.0
6.6818952772921545,5.54,,129500.0,29870.505699111447,2376.346687715308,334.1205869074151,2069.756819120671,564.75,2050.0,8.537,9.44,4933000.0,54.7,45.84,1,1.0,1.0,0.0,1.0,1.0,1.0,1.0,1.0,1.0,1.0,1.0,1.0,1.0,1.0
7.376303943941731,5.54,,1228000.0,30348.206844705324,411339.825,124134.0,295482.63999999996,7020.3,2050.0,8.537,9.44,4933000.0,54.7,45.84,1,1.0,1.0,0.0,1.0,1.0,1.0,1.0,1.0,1.0,1.0,1.0,1.0,1.0,1.0
7.421056235954992,5.54,,360000.0,19684.585541567107,226282.05,38290.65,31824.792749999982,4199.95,2050.0,8.537,9.44,4933000.0,54.7,45.84,1,1.0,1.0,0.0,1.0,1.0,1.0,1.0,1.0,1.0,1.0,1.0,1.0,1.0,1.0
7.3421745305460036,5.54,,1082600.0,28626.47289809638,411339.825,123749.75,296082.63999999996,7020.3,2050.0,8.537,9.44,4933000.0,54.7,45.84,1,1.0,1.0,0.0,1.0,1.0,1.0,1.0,1.0,1.0,1.0,1.0,1.0,1.0,1.0
7.353296488315126,5.54,,1989000.0,88724.12263502674,586862.825,255048.8,41470.19549999999,5093.875,2050.0,8.537,9.44,4933000.0,54.7,45.84,1,1.0,1.0,0.0,1.0,1.0,1.0,1.0,1.0,1.0,1.0,1.0,1.0,1.0,1.0
7.384053943941732,5.54,,1285000.0,43003.04270329118,411339.825,123749.75,295482.63999999996,7020.3,2050.0,8.537,9.44,4933000.0,54.7,45.84,1,1.0,1.0,0.0,1.0,1.0,1.0,1.0,1.0,1.0,1.0,1.0,1.0,1.0,1.0
7.334424530546004,5.54,,1026000.0,25632.141130419608,411339.825,123749.75,295496.57749999996,7020.3,2050.0,8.537,9.44,4933000.0,54.7,45.84,1,1.0,1.0,0.0,1.0,1.0,1.0,1.0,1.0,1.0,1.0,1.0,1.0,1.0,1.0
7.265673244671255,5.54,,811000.0,59102.23832424621,812700.825,368756.87500000006,825369.7787499999,7020.3,2050.0,8.537,9.44,4933000.0,54.7,45.84,1,1.0,1.0,0.0,1.0,1.0,1.0,1.0,1.0,1.0,1.0,1.0,1.0,1.0,1.0
7.288031659472918,5.54,,673000.0,80588.37089910192,586862.825,1774753.125,221503.82750000004,6488.3,2050.0,8.537,9.44,4933000.0,54.7,45.84,1,1.0,1.0,0.0,1.0,1.0,1.0,1.0,1.0,1.0,1.0,1.0,1.0,1.0,1.0
7.311989372742239,5.54,,538000.0,71682.99762825512,527088.05,2631942.083333333,221284.4825,6097.375,2050.0,8.537,9.44,4933000.0,54.7,45.84,1,1.0,1.0,0.0,1.0,1.0,1.0,1.0,1.0,1.0,1.0,1.0,1.0,1.0,1.0
7.311989372742239,5.54,,523000.0,80138.37089910192,527088.05,2631942.083333333,221284.4825,6097.375,2050.0,8.537,9.44,4933000.0,54.7,45.84,1,1.0,1.0,0.0,1.0,1.0,1.0,1.0,1.0,1.0,1.0,1.0,1.0,1.0,1.0
7.4648842367340915,5.54,,1490000.0,114686.24763502672,411339.825,170341.075,40299.78424999998,5093.875,2050.0,8.537,9.44,4933000.0,54.7,45.84,1,1.0,1.0,0.0,1.0,1.0,1.0,1.0,1.0,1.0,1.0,1.0,1.0,1.0,1.0
7.288031659472918,5.54,,708000.0,80588.37089910192,586862.825,1774753.125,221503.82750000004,6488.3,2050.0,8.537,9.44,4933000.0,54.7,45.84,1,1.0,1.0,0.0,1.0,1.0,1.0,1.0,1.0,1.0,1.0,1.0,1.0,1.0,1.0
7.323052134712671,5.54,,904000.0,28074.564113491193,411339.825,115655.25,295496.57749999996,7020.3,2050.0,8.537,9.44,4933000.0,54.7,45.84,1,1.0,1.0,0.0,1.0,1.0,1.0,1.0,1.0,1.0,1.0,1.0,1.0,1.0,1.0
7.288031659472918,5.54,,699000.0,80588.37089910192,586862.825,1774753.125,221503.82750000004,6488.3,2050.0,8.537,9.44,4933000.0,54.7,45.84,1,1.0,1.0,0.0,1.0,1.0,1.0,1.0,1.0,1.0,1.0,1.0,1.0,1.0,1.0
6.691089663114665,5.54,,142000.0,29870.505699111447,3462.50925,518.9372535740818,2833.4397060254337,564.75,2050.0,8.537,9.44,4933000.0,54.7,45.84,1,1.0,1.0,0.0,1.0,1.0,1.0,1.0,1.0,1.0,1.0,1.0,1.0,1.0,1.0
7.421056235954992,5.54,,382000.0,19684.585541567107,226282.05,38277.65,31824.792749999982,4199.95,2050.0,8.537,9.44,4933000.0,54.7,45.84,1,1.0,1.0,0.0,1.0,1.0,1.0,1.0,1.0,1.0,1.0,1.0,1.0,1.0,1.0
7.427056235954993,5.54,,422800.0,19684.585541567107,226282.05,38182.15,32311.540249999984,4199.95,2050.0,8.537,9.44,4933000.0,54.7,45.84,1,1.0,1.0,0.0,1.0,1.0,1.0,1.0,1.0,1.0,1.0,1.0,1.0,1.0,1.0
7.329674530546003,5.54,,932000.0,25558.314113491193,411339.825,125192.75,295496.57749999996,7020.3,2050.0,8.537,9.44,4933000.0,54.7,45.84,1,1.0,1.0,0.0,1.0,1.0,1.0,1.0,1.0,1.0,1.0,1.0,1.0,1.0,1.0
7.334424530546004,5.54,,1004100.0,25632.141130419608,411339.825,123749.75,295496.57749999996,7020.3,2050.0,8.537,9.44,4933000.0,54.7,45.84,1,1.0,1.0,0.0,1.0,1.0,1.0,1.0,1.0,1.0,1.0,1.0,1.0,1.0,1.0
7.432480478379235,5.54,,321800.0,19888.57512490044,228023.825,29043.1,31312.416499999985,4199.95,2050.0,8.537,9.44,4933000.0,54.7,45.84,1,1.0,1.0,0.0,1.0,1.0,1.0,1.0,1.0,1.0,1.0,1.0,1.0,1.0,1.0
7.311989372742239,5.54,,622400.0,80588.37089910192,527088.05,1774753.125,221284.4825,6488.3,2050.0,8.537,9.44,4933000.0,54.7,45.84,1,1.0,1.0,0.0,1.0,1.0,1.0,1.0,1.0,1.0,1.0,1.0,1.0,1.0,1.0
7.347950556952765,5.54,,460800.0,80138.37089910192,527088.05,2631942.083333333,221284.4825,6097.375,2050.0,8.537,9.44,4933000.0,54.7,45.84,1,1.0,1.0,0.0,1.0,1.0,1.0,1.0,1.0,1.0,1.0,1.0,1.0,1.0,1.0
6.526931369617225,5.54,,219200.0,24040.423790040124,12099.447000000002,589.7637657368971,5129.248500000001,568.5,2050.0,8.537,9.44,4933000.0,54.7,45.84,1,1.0,1.0,0.0,1.0,1.0,1.0,1.0,1.0,1.0,1.0,1.0,1.0,1.0,1.0
7.424711337548445,5.54,,195300.0,17692.53743509025,25483.732,589.5922657368972,5274.282625000002,663.975,2050.0,8.537,9.44,4933000.0,54.7,45.84,1,1.0,1.0,0.0,1.0,1.0,1.0,1.0,1.0,1.0,1.0,1.0,1.0,1.0,1.0
7.311989372742239,5.54,,489600.0,80138.37089910192,527088.05,2631942.083333333,221284.4825,6097.375,2050.0,8.537,9.44,4933000.0,54.7,45.84,1,1.0,1.0,0.0,1.0,1.0,1.0,1.0,1.0,1.0,1.0,1.0,1.0,1.0,1.0
7.342668013928225,5.54,,1295800.0,98336.31651281498,496029.075,233132.55,295482.63999999996,7020.3,2050.0,8.537,9.44,4933000.0,54.7,45.84,1,1.0,1.0,0.0,1.0,1.0,1.0,1.0,1.0,1.0,1.0,1.0,1.0,1.0,1.0
7.384053943941732,5.54,,1258600.0,43003.04270329118,411339.825,123749.75,295482.63999999996,7020.3,2050.0,8.537,9.44,4933000.0,54.7,45.84,1,1.0,1.0,0.0,1.0,1.0,1.0,1.0,1.0,1.0,1.0,1.0,1.0,1.0,1.0
7.311989372742239,5.54,,624700.0,80588.37089910192,527088.05,1774753.125,221284.4825,6488.3,2050.0,8.537,9.44,4933000.0,54.7,45.84,1,1.0,1.0,0.0,1.0,1.0,1.0,1.0,1.0,1.0,1.0,1.0,1.0,1.0,1.0
7.334424530546004,5.54,,1003900.0,25632.141130419608,411339.825,123749.75,295496.57749999996,7020.3,2050.0,8.537,9.44,4933000.0,54.7,45.84,1,1.0,1.0,0.0,1.0,1.0,1.0,1.0,1.0,1.0,1.0,1.0,1.0,1.0,1.0
7.311989372742239,5.54,,481800.0,80138.37089910192,527088.05,2631942.083333333,221284.4825,6097.375,2050.0,8.537,9.44,4933000.0,54.7,45.84,1,1.0,1.0,0.0,1.0,1.0,1.0,1.0,1.0,1.0,1.0,1.0,1.0,1.0,1.0
7.347950556952765,5.54,,435100.0,80138.37089910192,527088.05,2631942.083333333,221284.4825,6097.375,2050.0,8.537,9.44,4933000.0,54.7,45.84,1,1.0,1.0,0.0,1.0,1.0,1.0,1.0,1.0,1.0,1.0,1.0,1.0,1.0,1.0
7.484887343078863,5.54,,289100.0,19888.57512490044,223521.8175,29043.1,30192.731499999983,4199.95,2050.0,8.537,9.44,4933000.0,54.7,45.84,1,1.0,1.0,0.0,1.0,1.0,1.0,1.0,1.0,1.0,1.0,1.0,1.0,1.0,1.0
7.425152514019034,5.54,,175700.0,17692.53743509025,25483.732,589.5922657368972,5120.238125000002,543.225,2050.0,8.537,9.44,4933000.0,54.7,45.84,1,1.0,1.0,0.0,1.0,1.0,1.0,1.0,1.0,1.0,1.0,1.0,1.0,1.0,1.0
7.484887343078863,5.54,,296100.0,19888.57512490044,223521.8175,29043.1,30192.731499999983,4199.95,2050.0,8.537,9.44,4933000.0,54.7,45.84,1,1.0,1.0,0.0,1.0,1.0,1.0,1.0,1.0,1.0,1.0,1.0,1.0,1.0,1.0
6.526931369617225,5.54,,229300.0,24040.423790040124,12099.447000000002,589.7637657368971,5129.248500000001,568.5,2050.0,8.537,9.44,4933000.0,54.7,45.84,1,1.0,1.0,0.0,1.0,1.0,1.0,1.0,1.0,1.0,1.0,1.0,1.0,1.0,1.0
7.4355567920939,5.54,,286000.0,17621.53743509025,26085.6585,589.5922657368972,5545.086000000001,937.15,2050.0,8.537,9.44,4933000.0,54.7,45.84,1,1.0,1.0,0.0,1.0,1.0,1.0,1.0,1.0,1.0,1.0,1.0,1.0,1.0,1.0
7.243812619671256,5.54,,772900.0,72915.60538773828,812700.825,511443.0416666667,825369.7787499999,7020.3,2050.0,8.537,9.44,4933000.0,54.7,45.84,1,1.0,1.0,0.0,1.0,1.0,1.0,1.0,1.0,1.0,1.0,1.0,1.0,1.0,1.0
7.423461337548444,5.54,,259900.0,17621.53743509025,29738.258500000004,589.5922657368972,5545.086000000001,937.15,2050.0,8.537,9.44,4933000.0,54.7,45.84,1,1.0,1.0,0.0,1.0,1.0,1.0,1.0,1.0,1.0,1.0,1.0,1.0,1.0,1.0
7.412230478379234,5.54,,323300.0,19888.57512490044,228023.825,38454.15,31824.792749999982,4199.95,2050.0,8.537,9.44,4933000.0,54.7,45.84,1,1.0,1.0,0.0,1.0,1.0,1.0,1.0,1.0,1.0,1.0,1.0,1.0,1.0,1.0
7.311989372742239,5.54,,602500.0,71682.99762825512,527088.05,2805177.5,221284.4825,6363.375,2050.0,8.537,9.44,4933000.0,54.7,45.84,1,1.0,1.0,0.0,1.0,1.0,1.0,1.0,1.0,1.0,1.0,1.0,1.0,1.0,1.0
4.7,5.54,2.1,35400.0,10369.49773621108,694.8825968769386,118.95454073586257,237.22975936305335,50.427900821317074,2050.0,8.537,9.44,4933000.0,54.7,45.84,1,0.0,1.0,0.0,1.0,1.0,1.0,1.0,1.0,1.0,1.0,1.0,1.0,1.0,1.0
6.23,5.54,1.23,31100.0,10485.84148621108,118.52422933577832,112.42783684932868,241.41548459937175,48.83876081819495,2050.0,8.537,9.44,4933000.0,54.7,45.84,1,0.0,1.0,0.0,1.0,1.0,1.0,1.0,1.0,1.0,1.0,1.0,1.0,1.0,1.0
6.35,5.54,2.92,33600.0,10485.84148621108,78.45191730741274,112.42783684932868,246.28720634479504,48.83876081819495,2050.0,8.537,9.44,4933000.0,54.7,45.84,1,0.0,1.0,0.0,1.0,1.0,1.0,1.0,1.0,1.0,1.0,1.0,1.0,1.0,1.0
7.52,5.54,0.532,169000.0,18763.133255103567,27272.63199999999,615.9922657368971,4991.338125000001,562.5,2050.0,8.537,9.44,4933000.0,54.7,45.84,1,0.0,1.0,0.0,1.0,1.0,1.0,1.0,1.0,1.0,1.0,1.0,1.0,1.0,1.0
6.5047387426900585,5.54,0.317,758.3672181071645,1667.640569424486,101.30274495013025,4.43,44.83398810203367,0.58,2050.0,8.537,9.44,4933000.0,54.7,45.84,0,1.0,1.0,1.0,1.0,1.0,0.0,1.0,0.0,1.0,1.0,1.0,1.0,1.0,1.0
6.5047387426900585,5.54,0.584,758.3672181071645,1667.640569424486,101.30274495013025,1.56,44.83398810203367,1.48,2050.0,8.537,9.44,4933000.0,54.7,45.84,0,1.0,1.0,1.0,1.0,1.0,0.0,1.0,0.0,1.0,1.0,1.0,1.0,1.0,1.0
6.5047387426900585,5.54,0.614,758.3672181071645,1667.640569424486,101.30274495013025,2.19,44.83398810203367,0.94,2050.0,8.537,9.44,4933000.0,54.7,45.84,0,1.0,1.0,1.0,1.0,1.0,0.0,1.0,0.0,1.0,1.0,1.0,1.0,1.0,1.0
6.5047387426900585,5.54,0.65,758.3672181071645,1667.640569424486,101.30274495013025,2.72,44.83398810203367,1.34,2050.0,8.537,9.44,4933000.0,54.7,45.84,0,1.0,1.0,1.0,1.0,1.0,0.0,1.0,0.0,1.0,1.0,1.0,1.0,1.0,1.0
6.604900507395941,5.54,0.558,758.3672181071645,1667.640569424486,106.62523597857428,8.06,44.83398810203367,2.52,2050.0,8.537,9.44,4933000.0,54.7,45.84,0,1.0,1.0,1.0,1.0,1.0,0.0,1.0,0.0,1.0,1.0,1.0,1.0,1.0,1.0
6.520663742690057,5.54,0.552,758.3672181071645,1667.640569424486,101.9603985732819,10.94,44.83398810203367,1.79,2050.0,8.537,9.44,4933000.0,54.7,45.84,0,1.0,1.0,1.0,1.0,1.0,0.0,1.0,0.0,1.0,1.0,1.0,1.0,1.0,1.0
6.5047387426900585,5.54,0.929,758.3672181071645,1667.640569424486,99.69490088044486,6.67,44.83398810203367,1.85,2050.0,8.537,9.44,4933000.0,54.7,45.84,0,1.0,1.0,1.0,1.0,1.0,0.0,1.0,0.0,1.0,1.0,1.0,1.0,1.0,1.0
6.5047387426900585,5.54,0.831,758.3672181071645,1667.640569424486,101.30274495013025,3.04,44.83398810203367,1.04,2050.0,8.537,9.44,4933000.0,54.7,45.84,0,1.0,1.0,1.0,1.0,1.0,0.0,1.0,0.0,1.0,1.0,1.0,1.0,1.0,1.0
6.5047387426900585,5.54,0.844,758.3672181071645,1667.640569424486,101.30274495013025,5.97,44.83398810203367,1.58,2050.0,8.537,9.44,4933000.0,54.7,45.84,0,1.0,1.0,1.0,1.0,1.0,0.0,1.0,0.0,1.0,1.0,1.0,1.0,1.0,1.0
6.5047387426900585,5.54,0.296,758.3672181071645,1667.640569424486,101.30274495013025,1.06,44.83398810203367,1.13,2050.0,8.537,9.44,4933000.0,54.7,45.84,0,1.0,1.0,1.0,1.0,1.0,0.0,1.0,0.0,1.0,1.0,1.0,1.0,1.0,1.0
6.5047387426900585,5.54,0.634,758.3672181071645,1667.640569424486,101.30274495013025,3.68,44.83398810203367,0.79,2050.0,8.537,9.44,4933000.0,54.7,45.84,0,1.0,1.0,1.0,1.0,1.0,0.0,1.0,0.0,1.0,1.0,1.0,1.0,1.0,1.0
6.5047387426900585,5.54,0.86,758.3672181071645,1667.640569424486,101.30274495013025,2.2,44.83398810203367,0.57,2050.0,8.537,9.44,4933000.0,54.7,45.84,0,1.0,1.0,1.0,1.0,1.0,0.0,1.0,0.0,1.0,1.0,1.0,1.0,1.0,1.0
6.5047387426900585,5.54,0.79,758.3672181071645,1667.640569424486,101.30274495013025,3.28,44.83398810203367,0.63,2050.0,8.537,9.44,4933000.0,54.7,45.84,0,1.0,1.0,1.0,1.0,1.0,0.0,1.0,0.0,1.0,1.0,1.0,1.0,1.0,1.0
6.5047387426900585,5.54,0.677,758.3672181071645,1667.640569424486,101.30274495013025,3.1,44.83398810203367,0.8,2050.0,8.537,9.44,4933000.0,54.7,45.84,0,1.0,1.0,1.0,1.0,1.0,0.0,1.0,0.0,1.0,1.0,1.0,1.0,1.0,1.0
6.5047387426900585,5.54,0.736,758.3672181071645,1667.640569424486,101.30274495013025,1.85,44.83398810203367,0.75,2050.0,8.537,9.44,4933000.0,54.7,45.84,0,1.0,1.0,1.0,1.0,1.0,0.0,1.0,0.0,1.0,1.0,1.0,1.0,1.0,1.0
6.5047387426900585,5.54,0.675,758.3672181071645,1667.640569424486,101.30274495013025,3.1,44.83398810203367,0.7,2050.0,8.537,9.44,4933000.0,54.7,45.84,0,1.0,1.0,1.0,1.0,1.0,0.0,1.0,0.0,1.0,1.0,1.0,1.0,1.0,1.0
7.425614052480571,5.54,,173111.2,17692.53743509025,25483.732,589.5922657368972,5120.238125000002,543.225,2050.0,8.537,9.44,4933000.0,54.7,45.84,1,1.0,1.0,0.0,1.0,1.0,1.0,1.0,1.0,1.0,1.0,1.0,1.0,1.0,1.0
6.5327496092229085,5.54,,116925.7,30274.03979002054,286.5062342878447,267.3381853922636,1261.4242668887932,566.25,2050.0,8.537,9.44,4933000.0,54.7,45.84,1,1.0,1.0,0.0,1.0,1.0,1.0,1.0,1.0,1.0,1.0,1.0,1.0,1.0,1.0
6.837264759962238,5.54,,116.73,1667.640569424486,104.36750726041244,13.441373939160297,47.39849624471043,5.62995441690365,2050.0,8.537,9.44,4933000.0,54.7,45.84,0,1.0,1.0,0.0,1.0,1.0,1.0,1.0,1.0,1.0,1.0,1.0,1.0,1.0,1.0
6.837264759962238,5.54,,74.02,1667.640569424486,104.36750726041244,13.441373939160297,47.39849624471043,5.62995441690365,2050.0,8.537,9.44,4933000.0,54.7,45.84,0,1.0,1.0,0.0,1.0,1.0,1.0,1.0,1.0,1.0,1.0,1.0,1.0,1.0,1.0
7.59416186011209,5.54,,25480.98,18295.8415884369,25071.06275,586.4779861662768,1169.7018540525935,542.28025,2050.0,8.537,9.44,4933000.0,54.7,45.84,1,1.0,1.0,0.0,1.0,1.0,1.0,1.0,1.0,1.0,1.0,1.0,1.0,1.0,1.0
6.119877727978542,5.54,,15956.62,5447.031387603149,129.7186054253405,116.03193801181928,59.16451051252271,49.1916974854234,2050.0,8.537,9.44,4933000.0,54.7,45.84,1,1.0,1.0,0.0,1.0,1.0,1.0,1.0,1.0,1.0,1.0,1.0,1.0,1.0,1.0
6.837264759962238,5.54,,47.61,1667.640569424486,104.36750726041244,13.441373939160297,47.39849624471043,5.62995441690365,2050.0,8.537,9.44,4933000.0,54.7,45.84,0,1.0,1.0,0.0,1.0,1.0,1.0,1.0,1.0,1.0,1.0,1.0,1.0,1.0,1.0
6.837264759962238,5.54,,60.3,1667.640569424486,104.36750726041244,13.441373939160297,47.39849624471043,5.62995441690365,2050.0,8.537,9.44,4933000.0,54.7,45.84,0,1.0,1.0,0.0,1.0,1.0,1.0,1.0,1.0,1.0,1.0,1.0,1.0,1.0,1.0
5.996822846378766,5.54,,950.2670603764088,1620.694422732843,115.6,114.5,64.05269302350933,1.1,2050.0,8.537,9.44,4933000.0,54.7,45.84,0,1.0,1.0,1.0,1.0,0.0,0.0,1.0,0.0,1.0,1.0,1.0,1.0,1.0,1.0
7.213701034305403,5.54,,925100.0262070072,84174.94809263821,812700.825,805500.0,716469.7787499999,7020.3,2050.0,8.537,9.44,4933000.0,54.7,45.84,1,1.0,1.0,1.0,1.0,1.0,0.0,1.0,1.0,1.0,1.0,1.0,1.0,1.0,1.0
7.279565287376386,5.54,,601279.7254782418,84117.94809263822,526840.125,3388500.0,220845.79250000004,6363.375,2050.0,8.537,9.44,4933000.0,54.7,45.84,1,1.0,1.0,1.0,1.0,1.0,0.0,1.0,1.0,1.0,1.0,1.0,1.0,1.0,1.0
7.279565287376386,5.54,,613379.452368998,84117.94809263822,526840.125,1547500.0,220845.79250000004,6363.375,2050.0,8.537,9.44,4933000.0,54.7,45.84,1,1.0,1.0,1.0,1.0,1.0,0.0,1.0,1.0,1.0,1.0,1.0,1.0,1.0,1.0
7.279565287376386,5.54,,601279.7254782418,84117.94809263822,526840.125,3713000.0,220845.79250000004,6363.375,2050.0,8.537,9.44,4933000.0,54.7,45.84,1,1.0,1.0,1.0,1.0,1.0,0.0,1.0,1.0,1.0,1.0,1.0,1.0,1.0,1.0
7.213701034305403,5.54,,925100.0262070072,84174.94809263821,812700.825,738500.0,716469.7787499999,7020.3,2050.0,8.537,9.44,4933000.0,54.7,45.84,1,1.0,1.0,1.0,1.0,1.0,0.0,1.0,1.0,1.0,1.0,1.0,1.0,1.0,1.0
7.173527168021039,5.54,,825994.942600088,22427.304525223513,411339.825,44500.0,34671.491499999975,5183.375,2050.0,8.537,9.44,4933000.0,54.7,45.84,1,1.0,1.0,1.0,1.0,1.0,0.0,1.0,1.0,1.0,1.0,1.0,1.0,1.0,1.0
7.235061659305401,5.54,,874714.8119212929,63871.96665414616,812700.825,286000.0,792508.1525000001,7020.3,2050.0,8.537,9.44,4933000.0,54.7,45.84,1,1.0,1.0,1.0,1.0,1.0,0.0,1.0,1.0,1.0,1.0,1.0,1.0,1.0,1.0
7.213701034305403,5.54,,892741.3119212929,78460.3337176382,812700.825,424000.0,825369.7787499999,7020.3,2050.0,8.537,9.44,4933000.0,54.7,45.84,1,1.0,1.0,1.0,1.0,1.0,0.0,1.0,1.0,1.0,1.0,1.0,1.0,1.0,1.0
6.837264759962238,5.54,,220.0,1667.640569424486,104.36750726041244,13.441373939160297,47.39849624471043,5.62995441690365,2050.0,8.537,9.44,4933000.0,54.7,45.84,0,1.0,1.0,0.0,1.0,1.0,1.0,1.0,1.0,1.0,1.0,1.0,1.0,1.0,1.0
5.6279045787545785,5.54,,778.317554748448,219.6812853784296,265.26170209389755,140.3362284606986,2.49,14.9861090775097,2050.0,0.4,9.44,4933000.0,54.7,45.84,0,1.0,1.0,1.0,1.0,1.0,1.0,0.0,1.0,1.0,0.0,1.0,1.0,1.0,1.0
5.110296550778675,5.54,,1027.543136654311,1.31,889.6574181910566,294.26823262546833,153.18137220593317,19.328239583333335,2050.0,8.537,9.44,4933000.0,54.7,45.84,0,1.0,1.0,1.0,0.0,1.0,1.0,1.0,1.0,1.0,1.0,1.0,1.0,1.0,1.0
6.713240695762572,5.54,,38641.40527878342,24472.84924135018,2286.889887715308,332.10604390175746,564.8559725651824,544.53025,2050.0,8.537,9.44,4933000.0,54.7,45.84,0,1.0,1.0,1.0,1.0,1.0,1.0,1.0,1.0,1.0,1.0,1.0,1.0,1.0,1.0
6.713240695762572,5.54,,38641.40527878342,24472.84924135018,2286.889887715308,332.10604390175746,564.8559725651824,544.53025,2050.0,8.537,9.44,4933000.0,54.7,45.84,0,1.0,1.0,1.0,1.0,1.0,1.0,1.0,1.0,1.0,1.0,1.0,1.0,1.0,1.0
5.151480157986738,5.54,,1027.543136654311,201.0349243524495,1554.2437916666663,334.25024080476885,260.56682741843196,24.3083192565883,2050.0,8.537,9.44,4933000.0,11.15,19.15,0,1.0,1.0,1.0,1.0,1.0,1.0,1.0,1.0,1.0,1.0,1.0,1.0,0.0,0.0
5.151480157986738,5.54,,1027.543136654311,201.0349243524495,1671.8518,341.7735817558027,260.56682741843196,24.3083192565883,2050.0,8.537,9.44,4933000.0,48.8,178.2,0,1.0,1.0,1.0,1.0,1.0,1.0,1.0,1.0,1.0,1.0,1.0,1.0,0.0,0.0
6.701915096599717,5.54,,21732.534886714864,25254.45634341478,1980.7216610888145,303.2725472662964,152.87,544.53025,2050.0,8.537,9.44,4933000.0,54.7,45.84,0,1.0,1.0,1.0,1.0,1.0,1.0,0.0,1.0,1.0,1.0,1.0,1.0,1.0,1.0
6.699167129120044,5.54,,21324.618220048196,25254.45634341478,1953.277081788025,307.0249472662964,16.2,539.3452500000001,2050.0,8.537,9.44,4933000.0,54.7,45.84,0,1.0,1.0,1.0,1.0,1.0,1.0,0.0,1.0,1.0,1.0,1.0,1.0,1.0,1.0
6.4852009615384585,5.54,,7310.0,219.6812853784296,3511.276885714285,572.2718595459494,834.9675385764033,24.768170129543073,2050.0,8.537,9.44,4933000.0,54.7,45.84,1,1.0,1.0,0.0,1.0,1.0,1.0,1.0,1.0,1.0,1.0,1.0,1.0,1.0,1.0
6.724385933857808,5.54,,38641.40527878342,24472.84924135018,2286.889887715308,332.10604390175746,564.8559725651824,544.53025,2050.0,8.537,87.0,4933000.0,54.7,45.84,0,1.0,1.0,1.0,1.0,1.0,1.0,1.0,1.0,1.0,1.0,0.0,1.0,1.0,1.0
6.724385933857808,5.54,,38641.40527878342,24472.84924135018,2286.889887715308,332.10604390175746,564.8559725651824,544.53025,2050.0,8.537,44.0,4933000.0,54.7,45.84,0,1.0,1.0,1.0,1.0,1.0,1.0,1.0,1.0,1.0,1.0,0.0,1.0,1.0,1.0
6.724385933857808,5.54,,38641.40527878342,24472.84924135018,2286.889887715308,332.10604390175746,564.8559725651824,544.53025,2050.0,8.537,26.0,4933000.0,54.7,45.84,0,1.0,1.0,1.0,1.0,1.0,1.0,1.0,1.0,1.0,1.0,0.0,1.0,1.0,1.0
6.722307886904761,5.54,,38641.40527878342,24472.84924135018,2286.889887715308,332.10604390175746,564.8559725651824,544.53025,2050.0,8.537,2.4,4933000.0,54.7,45.84,0,1.0,1.0,1.0,1.0,1.0,1.0,1.0,1.0,1.0,1.0,0.0,1.0,1.0,1.0
6.724391220238094,5.54,,38641.40527878342,24472.84924135018,2286.889887715308,332.10604390175746,564.8559725651824,544.53025,2050.0,8.537,1.7,4933000.0,54.7,45.84,0,1.0,1.0,1.0,1.0,1.0,1.0,1.0,1.0,1.0,1.0,0.0,1.0,1.0,1.0
6.724385933857808,5.54,,38641.40527878342,24472.84924135018,2286.889887715308,332.10604390175746,564.8559725651824,544.53025,2050.0,8.537,108.0,4933000.0,54.7,45.84,0,1.0,1.0,1.0,1.0,1.0,1.0,1.0,1.0,1.0,1.0,0.0,1.0,1.0,1.0
6.724385933857808,5.54,,38641.40527878342,24472.84924135018,2286.889887715308,332.10604390175746,564.8559725651824,544.53025,2050.0,8.537,73.0,4933000.0,54.7,45.84,0,1.0,1.0,1.0,1.0,1.0,1.0,1.0,1.0,1.0,1.0,0.0,1.0,1.0,1.0
6.724385933857808,5.54,,38641.40527878342,24472.84924135018,2286.889887715308,332.10604390175746,564.8559725651824,544.53025,2050.0,8.537,63.0,4933000.0,54.7,45.84,0,1.0,1.0,1.0,1.0,1.0,1.0,1.0,1.0,1.0,1.0,0.0,1.0,1.0,1.0
6.724385933857808,5.54,,38641.40527878342,24472.84924135018,2286.889887715308,332.10604390175746,564.8559725651824,544.53025,2050.0,8.537,58.0,4933000.0,54.7,45.84,0,1.0,1.0,1.0,1.0,1.0,1.0,1.0,1.0,1.0,1.0,0.0,1.0,1.0,1.0
6.724385933857808,5.54,,38641.40527878342,24472.84924135018,2286.889887715308,332.10604390175746,564.8559725651824,544.53025,2050.0,8.537,47.0,4933000.0,54.7,45.84,0,1.0,1.0,1.0,1.0,1.0,1.0,1.0,1.0,1.0,1.0,0.0,1.0,1.0,1.0
6.724385933857808,5.54,,38641.40527878342,24472.84924135018,2286.889887715308,332.10604390175746,564.8559725651824,544.53025,2050.0,8.537,43.0,4933000.0,54.7,45.84,0,1.0,1.0,1.0,1.0,1.0,1.0,1.0,1.0,1.0,1.0,0.0,1.0,1.0,1.0
6.724385933857808,5.54,,38641.40527878342,24472.84924135018,2286.889887715308,332.10604390175746,564.8559725651824,544.53025,2050.0,8.537,146.0,4933000.0,54.7,45.84,0,1.0,1.0,1.0,1.0,1.0,1.0,1.0,1.0,1.0,1.0,0.0,1.0,1.0,1.0
6.724385933857808,5.54,,38641.40527878342,24472.84924135018,2286.889887715308,332.10604390175746,564.8559725651824,544.53025,2050.0,8.537,115.0,4933000.0,54.7,45.84,0,1.0,1.0,1.0,1.0,1.0,1.0,1.0,1.0,1.0,1.0,0.0,1.0,1.0,1.0
6.724385933857808,5.54,,38641.40527878342,24472.84924135018,2286.889887715308,332.10604390175746,564.8559725651824,544.53025,2050.0,8.537,106.0,4933000.0,54.7,45.84,0,1.0,1.0,1.0,1.0,1.0,1.0,1.0,1.0,1.0,1.0,0.0,1.0,1.0,1.0
6.699167129120044,5.54,,21324.618220048196,25254.45634341478,1947.2423513548188,307.0249472662964,0.637,539.3452500000001,2050.0,8.537,9.44,4933000.0,54.7,45.84,0,1.0,1.0,1.0,1.0,1.0,1.0,0.0,1.0,1.0,1.0,1.0,1.0,1.0,1.0
5.677209411102362,5.54,,1027.543136654311,8257.672145693457,1824.704884611427,361.0,244.5667109780324,150.0,2050.0,8.537,9.44,4933000.0,54.7,45.84,0,1.0,1.0,1.0,1.0,1.0,0.0,1.0,0.0,1.0,1.0,1.0,1.0,1.0,1.0
6.280339667570228,5.54,,950.2670603764088,219.6812853784296,470.9697207199762,26.0,132.7568782858654,16.0,2050.0,8.537,9.44,4933000.0,54.7,45.84,0,1.0,1.0,1.0,1.0,1.0,0.0,1.0,0.0,1.0,1.0,1.0,1.0,1.0,1.0
6.60438249269006,5.54,,758.3672181071645,1667.640569424486,102.4862305620782,2.7,44.83398810203367,4.04,2050.0,8.537,9.44,4933000.0,54.7,45.84,0,1.0,1.0,1.0,1.0,1.0,0.0,1.0,0.0,1.0,1.0,1.0,1.0,1.0,1.0
5.7230629757122,5.54,,950.2670603764088,871.271104608871,102.15373903790191,62.83622462624301,147.56888853351796,11.55312120667402,2050.0,40.5,9.44,4933000.0,54.7,45.84,0,1.0,1.0,1.0,1.0,1.0,1.0,1.0,1.0,1.0,0.0,1.0,1.0,1.0,1.0
5.2110925595238085,5.54,,1027.543136654311,1518.8561625406946,134.0542006078985,84.06855783251535,45.22569423870903,6.2971601211970505,820.0,8.537,9.44,4933000.0,54.7,45.84,0,1.0,1.0,1.0,1.0,1.0,1.0,1.0,1.0,0.0,1.0,1.0,1.0,1.0,1.0
5.2110925595238085,5.54,,1027.543136654311,1518.8561625406946,134.0542006078985,84.06855783251535,45.22569423870903,6.2971601211970505,940.0,8.537,9.44,4933000.0,54.7,45.84,0,1.0,1.0,1.0,1.0,1.0,1.0,1.0,1.0,0.0,1.0,1.0,1.0,1.0,1.0
6.268471599057526,5.54,,758.3672181071645,2360.0,105.28955657484046,18.852230885086275,46.52,4.133785305247135,2050.0,8.537,9.44,4933000.0,54.7,45.84,0,1.0,1.0,1.0,0.0,1.0,1.0,0.0,1.0,1.0,1.0,1.0,1.0,1.0,1.0
7.8,5.54,,1706571.522790172,121418.52998148146,284944.7778554332,191.0,2.6,3230.25,2050.0,8.537,9.44,4933000.0,54.7,45.84,0,0.0,1.0,1.0,1.0,1.0,0.0,0.0,1.0,1.0,1.0,1.0,1.0,1.0,1.0
5.629202678571427,5.54,,2760.0,1581.100787540695,148.4853296097139,82.90619998807507,45.22569423870903,7.030772072842562,2050.0,8.537,9.44,4933000.0,54.7,45.84,1,1.0,1.0,0.0,1.0,1.0,1.0,1.0,1.0,1.0,1.0,1.0,1.0,1.0,1.0
6.415135957792208,5.54,,2000.0,1682.9390477328427,63.08487522370304,77.27963859110187,51.45433060462972,7.449298617710275,2050.0,8.537,9.44,4933000.0,54.7,45.84,1,1.0,1.0,0.0,1.0,1.0,1.0,1.0,1.0,1.0,1.0,1.0,1.0,1.0,1.0
6.460365124458875,5.54,,2230.0,1682.9390477328427,63.08487522370304,71.25023867046443,51.45433060462972,6.009195085097611,2050.0,8.537,9.44,4933000.0,54.7,45.84,1,1.0,1.0,0.0,1.0,1.0,1.0,1.0,1.0,1.0,1.0,1.0,1.0,1.0,1.0
5.597184520139634,5.54,,300092.3903115539,9304.53532368905,21241.423499999997,4004.3518333333327,11923.820666666668,97.41726767984332,2050.0,25478.84,9.44,4933000.0,54.7,45.84,0,1.0,1.0,1.0,1.0,1.0,1.0,1.0,1.0,1.0,0.0,1.0,1.0,1.0,1.0
5.2110925595238085,5.54,,1027.543136654311,1518.8561625406946,134.0542006078985,84.06855783251535,45.22569423870903,6.2971601211970505,618.0,8.537,9.44,4933000.0,54.7,45.84,0,1.0,1.0,1.0,1.0,1.0,1.0,1.0,1.0,0.0,1.0,1.0,1.0,1.0,1.0
5.2110925595238085,5.54,,1027.543136654311,1518.8561625406946,134.0542006078985,84.06855783251535,45.22569423870903,6.2971601211970505,560.0,8.537,9.44,4933000.0,54.7,45.84,0,1.0,1.0,1.0,1.0,1.0,1.0,1.0,1.0,0.0,1.0,1.0,1.0,1.0,1.0
6.3,5.54,,950.2670603764088,219.6812853784296,240.5,160.7,205.4523669045061,39.8,2050.0,8.537,9.44,4933000.0,54.7,45.84,0,0.0,1.0,1.0,1.0,0.0,0.0,1.0,0.0,1.0,1.0,1.0,1.0,1.0,1.0
6.3,5.54,,950.2670603764088,247.0110403833195,122.6,67.7,188.17939419657944,24.8,2050.0,8.537,9.44,4933000.0,54.7,45.84,0,0.0,1.0,1.0,1.0,0.0,0.0,1.0,0.0,1.0,1.0,1.0,1.0,1.0,1.0
6.3,5.54,,950.2670603764088,1620.694422732843,41.2,4.8,70.28132938943003,10.4,2050.0,8.537,9.44,4933000.0,54.7,45.84,0,0.0,1.0,1.0,1.0,0.0,0.0,1.0,0.0,1.0,1.0,1.0,1.0,1.0,1.0
6.3,5.54,,950.2670603764088,247.0110403833195,53.7,16.7,145.91635444386628,14.1,2050.0,8.537,9.44,4933000.0,54.7,45.84,0,0.0,1.0,1.0,1.0,0.0,0.0,1.0,0.0,1.0,1.0,1.0,1.0,1.0,1.0
6.713240695762572,5.54,2.23,38641.40527878342,24472.84924135018,2286.889887715308,332.10604390175746,564.8559725651824,544.53025,2050.0,8.537,9.44,4933000.0,54.7,45.84,0,1.0,1.0,1.0,1.0,1.0,1.0,1.0,1.0,1.0,1.0,1.0,1.0,1.0,1.0
6.713240695762572,5.54,2.23,38641.40527878342,24472.84924135018,2286.889887715308,332.10604390175746,564.8559725651824,544.53025,2050.0,8.537,9.44,4933000.0,54.7,45.84,0,1.0,1.0,1.0,1.0,1.0,1.0,1.0,1.0,1.0,1.0,1.0,1.0,1.0,1.0
7.88,5.54,,34825653.01136364,1163842.275,439569.575,31211.35,66155.64050000001,4501.375,1565.0,8.537,9.44,4933000.0,54.7,45.84,0,0.0,1.0,1.0,1.0,1.0,1.0,1.0,1.0,0.0,1.0,1.0,1.0,1.0,1.0
7.88,5.54,,34825653.01136364,1163842.275,439569.575,31211.35,66155.64050000001,4501.375,2663.0,8.537,9.44,4933000.0,54.7,45.84,0,0.0,1.0,1.0,1.0,1.0,1.0,1.0,1.0,0.0,1.0,1.0,1.0,1.0,1.0
7.88,5.54,,34825653.01136364,1163842.275,439569.575,31211.35,66155.64050000001,4501.375,4467.0,8.537,9.44,4933000.0,54.7,45.84,0,0.0,1.0,1.0,1.0,1.0,1.0,1.0,1.0,0.0,1.0,1.0,1.0,1.0,1.0
7.4,5.54,1.46,5216273.668688358,85149.76484391534,496029.075,233854.05,152550.01000000004,6783.3,2050.0,8.537,9.44,4933000.0,54.7,45.84,0,0.0,1.0,1.0,1.0,1.0,1.0,1.0,1.0,0.0,1.0,1.0,1.0,1.0,1.0
7.4,5.54,1.46,5216273.668688358,85149.76484391534,496029.075,233854.05,152550.01000000004,6783.3,2450.0,8.537,9.44,4933000.0,54.7,45.84,0,0.0,1.0,1.0,1.0,1.0,1.0,1.0,1.0,0.0,1.0,1.0,1.0,1.0,1.0
7.4,5.54,1.46,5216273.668688358,85149.76484391534,496029.075,233854.05,152550.01000000004,6783.3,1420.0,8.537,9.44,4933000.0,54.7,45.84,0,0.0,1.0,1.0,1.0,1.0,1.0,1.0,1.0,0.0,1.0,1.0,1.0,1.0,1.0
7.4,5.54,1.46,5216273.668688358,85149.76484391534,496029.075,233854.05,152550.01000000004,6783.3,930.0,8.537,9.44,4933000.0,54.7,45.84,0,0.0,1.0,1.0,1.0,1.0,1.0,1.0,1.0,0.0,1.0,1.0,1.0,1.0,1.0
6.720972222222223,5.54,,415.0,1667.640569424486,112.32332905527636,40.75405913091942,46.041581624213,5.837615580811436,2050.0,8.537,9.44,4933000.0,54.7,45.84,0,1.0,1.0,0.0,1.0,1.0,1.0,1.0,1.0,1.0,1.0,1.0,1.0,1.0,1.0
6.837264759962238,5.54,,332.0,1667.640569424486,104.36750726041244,13.441373939160297,47.39849624471043,5.947605926443679,2050.0,8.537,9.44,4933000.0,54.7,45.84,0,1.0,1.0,0.0,1.0,1.0,1.0,1.0,1.0,1.0,1.0,1.0,1.0,1.0,1.0
5.110296550778675,5.54,,1027.543136654311,55.0,889.6574181910566,294.26823262546833,153.18137220593317,19.328239583333335,2050.0,8.537,9.44,4933000.0,54.7,45.84,0,1.0,1.0,1.0,0.0,1.0,1.0,1.0,1.0,1.0,1.0,1.0,1.0,1.0,1.0
5.1122704441391935,5.54,1.68,1027.543136654311,1518.8561625406946,98.01386087878448,140.79,49.292633935367,10.35,2050.0,8.537,9.44,4933000.0,54.7,45.84,0,1.0,1.0,1.0,1.0,1.0,0.0,1.0,0.0,1.0,1.0,1.0,1.0,1.0,1.0
6.684509576023392,5.54,1.65,778.317554748448,1667.640569424486,114.58105777343818,38.66,40.7670484053757,5.25,2050.0,8.537,9.44,4933000.0,54.7,45.84,0,1.0,1.0,1.0,1.0,1.0,0.0,1.0,0.0,1.0,1.0,1.0,1.0,1.0,1.0
6.5047387426900585,5.54,0.6,758.3672181071645,1667.640569424486,101.30274495013025,5.59,44.83398810203367,1.51,2050.0,8.537,9.44,4933000.0,54.7,45.84,0,1.0,1.0,1.0,1.0,1.0,0.0,1.0,0.0,1.0,1.0,1.0,1.0,1.0,1.0
6.5047387426900585,5.54,0.51,758.3672181071645,1667.640569424486,101.30274495013025,0.82,44.83398810203367,0.99,2050.0,8.537,9.44,4933000.0,54.7,45.84,0,1.0,1.0,1.0,1.0,1.0,0.0,1.0,0.0,1.0,1.0,1.0,1.0,1.0,1.0
3.4560000000000004,5.54,,296421.06029261445,14897.875581732023,22642.501999999997,2178.0,8407.327664880955,430.7639999999999,2050.0,8.537,9.44,4933000.0,54.7,45.84,1,1.0,1.0,1.0,1.0,1.0,0.0,1.0,1.0,1.0,1.0,1.0,1.0,1.0,1.0
5.571150961538461,5.54,,7050.0,321.0,3496.020052380952,557.1150194950975,729.0838606954467,10.465752842568875,2050.0,8.537,9.44,4933000.0,54.7,45.84,1,1.0,1.0,0.0,0.0,1.0,1.0,1.0,1.0,1.0,1.0,1.0,1.0,1.0,1.0
7.712221755315833,5.54,,2400.0,186.0,23208.967848214284,564.9693120273791,754.0222853025937,32.81395720619645,2050.0,8.537,9.44,4933000.0,54.7,45.84,1,1.0,1.0,0.0,0.0,1.0,1.0,1.0,1.0,1.0,1.0,1.0,1.0,1.0,1.0
7.712221755315833,5.54,,2520.0,161.0,23208.967848214284,564.9693120273791,796.9042186359271,32.81395720619645,2050.0,8.537,9.44,4933000.0,54.7,45.84,1,1.0,1.0,0.0,0.0,1.0,1.0,1.0,1.0,1.0,1.0,1.0,1.0,1.0,1.0
7.712221755315833,5.54,,1530.0,93.2,23207.805598214287,561.7582148878164,642.7144397217857,30.030439526353195,2050.0,8.537,9.44,4933000.0,54.7,45.84,1,1.0,1.0,0.0,0.0,1.0,1.0,1.0,1.0,1.0,1.0,1.0,1.0,1.0,1.0
7.712221755315833,5.54,,2950.0,184.0,23208.967848214284,564.9693120273791,796.9042186359271,32.81395720619645,2050.0,8.537,9.44,4933000.0,54.7,45.84,1,1.0,1.0,0.0,0.0,1.0,1.0,1.0,1.0,1.0,1.0,1.0,1.0,1.0,1.0
6.699167129120044,5.54,,21324.618220048196,25254.45634341478,1953.277081788025,307.0249472662964,4.8,539.3452500000001,2050.0,8.537,9.44,4933000.0,54.7,45.84,0,1.0,1.0,1.0,1.0,1.0,1.0,0.0,1.0,1.0,1.0,1.0,1.0,1.0,1.0
6.699167129120044,5.54,,21324.618220048196,25254.45634341478,1953.277081788025,307.0249472662964,3.32,539.3452500000001,2050.0,8.537,9.44,4933000.0,54.7,45.84,0,1.0,1.0,1.0,1.0,1.0,1.0,0.0,1.0,1.0,1.0,1.0,1.0,1.0,1.0
8.06,5.54,1.31,233589320.41666663,101518654.16666666,439569.575,31211.35,66594.3305,4501.375,1369300.0,8.537,9.44,4933000.0,54.7,45.84,0,0.0,1.0,1.0,1.0,1.0,1.0,1.0,1.0,0.0,1.0,1.0,1.0,1.0,1.0
5.779317798030142,5.54,,778.317554748448,1565.8023092323376,166.33146571513612,61.405779973826554,41.29380146093125,4.39745695170101,899100.0,8.537,9.44,4933000.0,54.7,45.84,0,1.0,1.0,1.0,1.0,1.0,1.0,1.0,1.0,0.0,1.0,1.0,1.0,1.0,1.0
5.779317798030142,5.54,,778.317554748448,1565.8023092323376,166.33146571513612,61.405779973826554,41.29380146093125,4.39745695170101,1244600.0,8.537,9.44,4933000.0,54.7,45.84,0,1.0,1.0,1.0,1.0,1.0,1.0,1.0,1.0,0.0,1.0,1.0,1.0,1.0,1.0
5.779317798030142,5.54,,778.317554748448,1565.8023092323376,166.33146571513612,61.405779973826554,41.29380146093125,4.39745695170101,1554300.0,8.537,9.44,4933000.0,54.7,45.84,0,1.0,1.0,1.0,1.0,1.0,1.0,1.0,1.0,0.0,1.0,1.0,1.0,1.0,1.0
5.779317798030142,5.54,,778.317554748448,1565.8023092323376,166.33146571513612,61.405779973826554,41.29380146093125,4.39745695170101,1324200.0,8.537,9.44,4933000.0,54.7,45.84,0,1.0,1.0,1.0,1.0,1.0,1.0,1.0,1.0,0.0,1.0,1.0,1.0,1.0,1.0
5.779317798030142,5.54,,778.317554748448,1565.8023092323376,166.33146571513612,61.405779973826554,41.29380146093125,4.39745695170101,1989300.0,8.537,9.44,4933000.0,54.7,45.84,0,1.0,1.0,1.0,1.0,1.0,1.0,1.0,1.0,0.0,1.0,1.0,1.0,1.0,1.0
5.779317798030142,5.54,,778.317554748448,1565.8023092323376,166.33146571513612,61.405779973826554,41.29380146093125,4.39745695170101,1167200.0,8.537,9.44,4933000.0,54.7,45.84,0,1.0,1.0,1.0,1.0,1.0,1.0,1.0,1.0,0.0,1.0,1.0,1.0,1.0,1.0
5.779317798030142,5.54,,778.317554748448,1565.8023092323376,166.33146571513612,61.405779973826554,41.29380146093125,4.39745695170101,749500.0,8.537,9.44,4933000.0,54.7,45.84,0,1.0,1.0,1.0,1.0,1.0,1.0,1.0,1.0,0.0,1.0,1.0,1.0,1.0,1.0
5.779317798030142,5.54,,778.317554748448,1565.8023092323376,166.33146571513612,61.405779973826554,41.29380146093125,4.39745695170101,1511800.0,8.537,9.44,4933000.0,54.7,45.84,0,1.0,1.0,1.0,1.0,1.0,1.0,1.0,1.0,0.0,1.0,1.0,1.0,1.0,1.0
5.779317798030142,5.54,,778.317554748448,1565.8023092323376,166.33146571513612,61.405779973826554,41.29380146093125,4.39745695170101,1113600.0,8.537,9.44,4933000.0,54.7,45.84,0,1.0,1.0,1.0,1.0,1.0,1.0,1.0,1.0,0.0,1.0,1.0,1.0,1.0,1.0
6.713240695762572,5.54,,38641.40527878342,24472.84924135018,2286.889887715308,332.10604390175746,564.8559725651824,544.53025,2050.0,8.537,9.44,4933000.0,54.7,45.84,0,1.0,1.0,1.0,1.0,1.0,1.0,1.0,1.0,1.0,1.0,1.0,1.0,1.0,1.0
6.713240695762572,5.54,,38641.40527878342,24472.84924135018,2286.889887715308,332.10604390175746,564.8559725651824,544.53025,2050.0,8.537,9.44,4933000.0,54.7,45.84,0,1.0,1.0,1.0,1.0,1.0,1.0,1.0,1.0,1.0,1.0,1.0,1.0,1.0,1.0
6.713240695762572,5.54,,38641.40527878342,24472.84924135018,2286.889887715308,332.10604390175746,564.8559725651824,544.53025,2050.0,8.537,9.44,4933000.0,54.7,45.84,0,1.0,1.0,1.0,1.0,1.0,1.0,1.0,1.0,1.0,1.0,1.0,1.0,1.0,1.0
6.713240695762572,5.54,,38641.40527878342,24472.84924135018,2286.889887715308,332.10604390175746,564.8559725651824,544.53025,2050.0,8.537,9.44,4933000.0,54.7,45.84,0,1.0,1.0,1.0,1.0,1.0,1.0,1.0,1.0,1.0,1.0,1.0,1.0,1.0,1.0
6.713240695762572,5.54,,38641.40527878342,24472.84924135018,2286.889887715308,332.10604390175746,564.8559725651824,544.53025,2050.0,8.537,9.44,4933000.0,54.7,45.84,0,1.0,1.0,1.0,1.0,1.0,1.0,1.0,1.0,1.0,1.0,1.0,1.0,1.0,1.0
6.713240695762572,5.54,,38641.40527878342,24472.84924135018,2286.889887715308,332.10604390175746,564.8559725651824,544.53025,2050.0,8.537,9.44,4933000.0,54.7,45.84,0,1.0,1.0,1.0,1.0,1.0,1.0,1.0,1.0,1.0,1.0,1.0,1.0,1.0,1.0
6.713240695762572,5.54,,38641.40527878342,24472.84924135018,2286.889887715308,332.10604390175746,564.8559725651824,544.53025,2050.0,8.537,9.44,4933000.0,54.7,45.84,0,1.0,1.0,1.0,1.0,1.0,1.0,1.0,1.0,1.0,1.0,1.0,1.0,1.0,1.0
6.713240695762572,5.54,,38641.40527878342,24472.84924135018,2286.889887715308,332.10604390175746,564.8559725651824,544.53025,2050.0,8.537,9.44,4933000.0,54.7,45.84,0,1.0,1.0,1.0,1.0,1.0,1.0,1.0,1.0,1.0,1.0,1.0,1.0,1.0,1.0
6.713240695762572,5.54,,38641.40527878342,24472.84924135018,2286.889887715308,332.10604390175746,564.8559725651824,544.53025,2050.0,8.537,9.44,4933000.0,54.7,45.84,0,1.0,1.0,1.0,1.0,1.0,1.0,1.0,1.0,1.0,1.0,1.0,1.0,1.0,1.0
6.713240695762572,5.54,,38641.40527878342,24472.84924135018,2286.889887715308,332.10604390175746,564.8559725651824,544.53025,2050.0,8.537,9.44,4933000.0,54.7,45.84,0,1.0,1.0,1.0,1.0,1.0,1.0,1.0,1.0,1.0,1.0,1.0,1.0,1.0,1.0
6.713240695762572,5.54,,38641.40527878342,24472.84924135018,2286.889887715308,332.10604390175746,564.8559725651824,544.53025,2050.0,8.537,9.44,4933000.0,54.7,45.84,0,1.0,1.0,1.0,1.0,1.0,1.0,1.0,1.0,1.0,1.0,1.0,1.0,1.0,1.0
6.713240695762572,5.54,,38641.40527878342,24472.84924135018,2286.889887715308,332.10604390175746,564.8559725651824,544.53025,2050.0,8.537,9.44,4933000.0,54.7,45.84,0,1.0,1.0,1.0,1.0,1.0,1.0,1.0,1.0,1.0,1.0,1.0,1.0,1.0,1.0
6.713240695762572,5.54,,38641.40527878342,24472.84924135018,2286.889887715308,332.10604390175746,564.8559725651824,544.53025,2050.0,8.537,9.44,4933000.0,54.7,45.84,0,1.0,1.0,1.0,1.0,1.0,1.0,1.0,1.0,1.0,1.0,1.0,1.0,1.0,1.0
6.713240695762572,5.54,,38641.40527878342,24472.84924135018,2286.889887715308,332.10604390175746,564.8559725651824,544.53025,2050.0,8.537,9.44,4933000.0,54.7,45.84,0,1.0,1.0,1.0,1.0,1.0,1.0,1.0,1.0,1.0,1.0,1.0,1.0,1.0,1.0
5.110296550778675,5.54,,1027.543136654311,13.53,889.6574181910566,294.26823262546833,153.18137220593317,19.328239583333335,2050.0,8.537,9.44,4933000.0,54.7,45.84,0,1.0,1.0,1.0,0.0,1.0,1.0,1.0,1.0,1.0,1.0,1.0,1.0,1.0,1.0
4.8,5.54,0.22,1027.543136654311,803.4328444167227,101.84937602346182,68.03059065502846,130.1427505725275,19.033516556698775,2050.0,8.537,9.44,4933000.0,54.7,45.84,0,0.0,1.0,1.0,1.0,1.0,1.0,1.0,1.0,1.0,1.0,1.0,1.0,1.0,1.0
5.110296550778675,5.54,,1027.543136654311,6.42,889.6574181910566,294.26823262546833,153.18137220593317,19.328239583333335,2050.0,8.537,9.44,4933000.0,54.7,45.84,0,1.0,1.0,1.0,0.0,1.0,1.0,1.0,1.0,1.0,1.0,1.0,1.0,1.0,1.0
5.110296550778675,5.54,,1027.543136654311,1.7,889.6574181910566,294.26823262546833,153.18137220593317,19.328239583333335,2050.0,8.537,9.44,4933000.0,54.7,45.84,0,1.0,1.0,1.0,0.0,1.0,1.0,1.0,1.0,1.0,1.0,1.0,1.0,1.0,1.0
5.110296550778675,5.54,,1027.543136654311,26.0,889.6574181910566,294.26823262546833,153.18137220593317,19.328239583333335,2050.0,8.537,9.44,4933000.0,54.7,45.84,0,1.0,1.0,1.0,0.0,1.0,1.0,1.0,1.0,1.0,1.0,1.0,1.0,1.0,1.0
6.713240695762572,5.54,,38641.40527878342,24472.84924135018,2286.889887715308,332.10604390175746,564.8559725651824,544.53025,2050.0,8.537,9.44,4933000.0,54.7,45.84,0,1.0,1.0,1.0,1.0,1.0,1.0,1.0,1.0,1.0,1.0,1.0,1.0,1.0,1.0
5.110296550778675,5.54,,1027.543136654311,19.0,889.6574181910566,294.26823262546833,153.18137220593317,19.328239583333335,2050.0,8.537,9.44,4933000.0,54.7,45.84,0,1.0,1.0,1.0,0.0,1.0,1.0,1.0,1.0,1.0,1.0,1.0,1.0,1.0,1.0
6.837264759962238,5.54,,200.0,1667.640569424486,104.36750726041244,13.441373939160297,47.39849624471043,5.62995441690365,2050.0,8.537,9.44,4933000.0,54.7,45.84,0,1.0,1.0,0.0,1.0,1.0,1.0,1.0,1.0,1.0,1.0,1.0,1.0,1.0,1.0
5.868815455691271,5.54,,3778.78174001895,247.0110403833195,132.7235653846124,169.7306292942164,288.6544141092016,21.949746470516867,2050.0,149.0,9.44,4933000.0,54.7,45.84,0,1.0,1.0,1.0,1.0,1.0,1.0,1.0,1.0,1.0,0.0,1.0,1.0,1.0,1.0
5.6900629757122,5.54,,950.2670603764088,871.271104608871,97.741421476541,62.83622462624301,132.60293418995175,11.39935279914595,2050.0,0.698,9.44,4933000.0,54.7,45.84,0,1.0,1.0,1.0,1.0,1.0,1.0,1.0,1.0,1.0,0.0,1.0,1.0,1.0,1.0
5.6900629757122,5.54,,950.2670603764088,871.271104608871,97.741421476541,62.83622462624301,132.60293418995175,11.39935279914595,2050.0,0.316,9.44,4933000.0,54.7,45.84,0,1.0,1.0,1.0,1.0,1.0,1.0,1.0,1.0,1.0,0.0,1.0,1.0,1.0,1.0
5.6900629757122,5.54,,950.2670603764088,871.271104608871,97.741421476541,62.83622462624301,132.60293418995175,11.39935279914595,2050.0,0.076,9.44,4933000.0,54.7,45.84,0,1.0,1.0,1.0,1.0,1.0,1.0,1.0,1.0,1.0,0.0,1.0,1.0,1.0,1.0
5.6900629757122,5.54,,950.2670603764088,871.271104608871,97.741421476541,62.83622462624301,132.60293418995175,11.39935279914595,2050.0,1.135,9.44,4933000.0,54.7,45.84,0,1.0,1.0,1.0,1.0,1.0,1.0,1.0,1.0,1.0,0.0,1.0,1.0,1.0,1.0
5.6900629757122,5.54,,950.2670603764088,871.271104608871,97.741421476541,62.83622462624301,132.60293418995175,11.39935279914595,2050.0,0.4,9.44,4933000.0,54.7,45.84,0,1.0,1.0,1.0,1.0,1.0,1.0,1.0,1.0,1.0,0.0,1.0,1.0,1.0,1.0
5.6900629757122,5.54,,950.2670603764088,871.271104608871,97.741421476541,62.83622462624301,132.60293418995175,11.39935279914595,2050.0,0.237,9.44,4933000.0,54.7,45.84,0,1.0,1.0,1.0,1.0,1.0,1.0,1.0,1.0,1.0,0.0,1.0,1.0,1.0,1.0
5.6900629757122,5.54,,950.2670603764088,871.271104608871,97.741421476541,62.83622462624301,132.60293418995175,11.39935279914595,2050.0,0.171,9.44,4933000.0,54.7,45.84,0,1.0,1.0,1.0,1.0,1.0,1.0,1.0,1.0,1.0,0.0,1.0,1.0,1.0,1.0
5.6900629757122,5.54,,950.2670603764088,871.271104608871,97.741421476541,62.83622462624301,132.60293418995175,11.39935279914595,2050.0,0.42,9.44,4933000.0,54.7,45.84,0,1.0,1.0,1.0,1.0,1.0,1.0,1.0,1.0,1.0,0.0,1.0,1.0,1.0,1.0
5.6900629757122,5.54,,950.2670603764088,871.271104608871,97.741421476541,62.83622462624301,132.60293418995175,11.39935279914595,2050.0,0.33,9.44,4933000.0,54.7,45.84,0,1.0,1.0,1.0,1.0,1.0,1.0,1.0,1.0,1.0,0.0,1.0,1.0,1.0,1.0
5.6900629757122,5.54,,950.2670603764088,871.271104608871,97.741421476541,62.83622462624301,132.60293418995175,11.39935279914595,2050.0,1.029,9.44,4933000.0,54.7,45.84,0,1.0,1.0,1.0,1.0,1.0,1.0,1.0,1.0,1.0,0.0,1.0,1.0,1.0,1.0
5.6900629757122,5.54,,950.2670603764088,871.271104608871,97.741421476541,62.83622462624301,132.60293418995175,11.39935279914595,2050.0,0.729,9.44,4933000.0,54.7,45.84,0,1.0,1.0,1.0,1.0,1.0,1.0,1.0,1.0,1.0,0.0,1.0,1.0,1.0,1.0
5.6900629757122,5.54,,950.2670603764088,871.271104608871,97.741421476541,62.83622462624301,132.60293418995175,11.39935279914595,2050.0,0.368,9.44,4933000.0,54.7,45.84,0,1.0,1.0,1.0,1.0,1.0,1.0,1.0,1.0,1.0,0.0,1.0,1.0,1.0,1.0
5.6900629757122,5.54,,950.2670603764088,871.271104608871,97.741421476541,62.83622462624301,132.60293418995175,11.39935279914595,2050.0,0.243,9.44,4933000.0,54.7,45.84,0,1.0,1.0,1.0,1.0,1.0,1.0,1.0,1.0,1.0,0.0,1.0,1.0,1.0,1.0
5.6900629757122,5.54,,950.2670603764088,871.271104608871,97.741421476541,62.83622462624301,132.60293418995175,11.39935279914595,2050.0,0.738,9.44,4933000.0,54.7,45.84,0,1.0,1.0,1.0,1.0,1.0,1.0,1.0,1.0,1.0,0.0,1.0,1.0,1.0,1.0
5.7230629757122,5.54,,950.2670603764088,871.271104608871,102.15373903790191,62.83622462624301,147.56888853351796,11.55312120667402,2050.0,15.946,9.44,4933000.0,54.7,45.84,0,1.0,1.0,1.0,1.0,1.0,1.0,1.0,1.0,1.0,0.0,1.0,1.0,1.0,1.0
5.6900629757122,5.54,,950.2670603764088,871.271104608871,97.741421476541,62.83622462624301,132.60293418995175,11.39935279914595,2050.0,0.486,9.44,4933000.0,54.7,45.84,0,1.0,1.0,1.0,1.0,1.0,1.0,1.0,1.0,1.0,0.0,1.0,1.0,1.0,1.0
5.6900629757122,5.54,,950.2670603764088,871.271104608871,97.741421476541,62.83622462624301,132.60293418995175,11.39935279914595,2050.0,8.537,9.44,4933000.0,54.7,45.84,0,1.0,1.0,1.0,1.0,1.0,1.0,1.0,1.0,1.0,0.0,1.0,1.0,1.0,1.0
5.6900629757122,5.54,,950.2670603764088,871.271104608871,97.741421476541,62.83622462624301,132.60293418995175,11.39935279914595,2050.0,0.778,9.44,4933000.0,54.7,45.84,0,1.0,1.0,1.0,1.0,1.0,1.0,1.0,1.0,1.0,0.0,1.0,1.0,1.0,1.0
5.6900629757122,5.54,,950.2670603764088,871.271104608871,97.741421476541,62.83622462624301,132.60293418995175,11.39935279914595,2050.0,7.556,9.44,4933000.0,54.7,45.84,0,1.0,1.0,1.0,1.0,1.0,1.0,1.0,1.0,1.0,0.0,1.0,1.0,1.0,1.0
5.6900629757122,5.54,,950.2670603764088,871.271104608871,97.741421476541,62.83622462624301,132.60293418995175,11.39935279914595,2050.0,0.42,9.44,4933000.0,54.7,45.84,0,1.0,1.0,1.0,1.0,1.0,1.0,1.0,1.0,1.0,0.0,1.0,1.0,1.0,1.0
5.6900629757122,5.54,,950.2670603764088,871.271104608871,97.741421476541,62.83622462624301,132.60293418995175,11.39935279914595,2050.0,0.899,9.44,4933000.0,54.7,45.84,0,1.0,1.0,1.0,1.0,1.0,1.0,1.0,1.0,1.0,0.0,1.0,1.0,1.0,1.0
5.6900629757122,5.54,,950.2670603764088,871.271104608871,97.741421476541,62.83622462624301,132.60293418995175,11.39935279914595,2050.0,0.379,9.44,4933000.0,54.7,45.84,0,1.0,1.0,1.0,1.0,1.0,1.0,1.0,1.0,1.0,0.0,1.0,1.0,1.0,1.0
5.110296550778675,5.54,19.64,1027.543136654311,22.0,889.6574181910566,294.26823262546833,153.18137220593317,19.328239583333335,2050.0,8.537,9.44,4933000.0,54.7,45.84,0,1.0,1.0,1.0,0.0,1.0,1.0,1.0,1.0,1.0,1.0,1.0,1.0,1.0,1.0
4.972561698457793,5.54,19.64,1027.543136654311,1350.0,97.75191069919046,69.72275590570015,51.45433060462972,10.523112910692,2050.0,8.537,9.44,4933000.0,54.7,45.84,0,1.0,1.0,1.0,0.0,1.0,1.0,1.0,1.0,1.0,1.0,1.0,1.0,1.0,1.0
6.592151561273671,5.54,19.64,12635.878016229792,5280.0,139.48758136382872,86.89837576278849,59.16451051252271,44.65183606298679,2050.0,8.537,9.44,4933000.0,54.7,45.84,0,1.0,1.0,1.0,0.0,1.0,1.0,1.0,1.0,1.0,1.0,1.0,1.0,1.0,1.0
6.323151740620489,5.54,19.64,21042.969141616828,7400.0,76.85173553687055,98.75618272749357,65.39314687844339,46.73986185370258,2050.0,8.537,9.44,4933000.0,54.7,45.84,1,1.0,1.0,1.0,0.0,1.0,1.0,1.0,1.0,1.0,1.0,1.0,1.0,1.0,1.0
7.294547439096377,5.54,19.64,299904.11236701894,15160.0,30569.640999999996,3393.336388888888,14342.598125000004,870.07475,2050.0,8.537,9.44,4933000.0,54.7,45.84,1,1.0,1.0,1.0,0.0,1.0,1.0,1.0,1.0,1.0,1.0,1.0,1.0,1.0,1.0
4.869716100673224,5.54,0.349,1027.543136654311,590.0,99.14976689656744,70.40268550868934,130.1427505725275,11.749131020973252,2050.0,8.537,9.44,4933000.0,54.7,45.84,0,1.0,1.0,1.0,0.0,1.0,1.0,1.0,1.0,1.0,1.0,1.0,1.0,1.0,1.0
6.568302751749863,5.54,0.349,2943.2200096562997,3920.0,132.1984031543355,83.23292400113853,45.22569423870903,5.083904089379906,2050.0,8.537,9.44,4933000.0,54.7,45.84,0,1.0,1.0,1.0,0.0,1.0,1.0,1.0,1.0,1.0,1.0,1.0,1.0,1.0,1.0
6.3985306212509325,5.54,0.349,778.317554748448,3170.0,139.09527691553018,115.09717731342124,41.29380146093125,5.698523957163374,2050.0,8.537,9.44,4933000.0,54.7,45.84,0,1.0,1.0,1.0,0.0,1.0,1.0,1.0,1.0,1.0,1.0,1.0,1.0,1.0,1.0
5.981270788239536,5.54,0.349,21042.969141616828,8490.0,131.39242014066085,103.278680670363,59.16451051252271,60.18361586618596,2050.0,8.537,9.44,4933000.0,54.7,45.84,1,1.0,1.0,1.0,0.0,1.0,1.0,1.0,1.0,1.0,1.0,1.0,1.0,1.0,1.0
6.180851666666666,5.54,0.349,21042.969141616828,16500.0,4103.823568533171,413.49251651125826,972.6694864930698,476.59204512253143,2050.0,8.537,9.44,4933000.0,54.7,45.84,1,1.0,1.0,1.0,0.0,1.0,1.0,1.0,1.0,1.0,1.0,1.0,1.0,1.0,1.0
4.914561698457793,5.54,1.15,1027.543136654311,1340.0,97.75191069919046,69.72275590570015,116.3119238366272,10.523112910692,2050.0,8.537,9.44,4933000.0,54.7,45.84,0,1.0,1.0,1.0,0.0,1.0,1.0,1.0,1.0,1.0,1.0,1.0,1.0,1.0,1.0
6.115670111845507,5.54,1.15,1027.543136654311,1780.0,112.1312865768288,86.92609873596399,45.22569423870903,5.452644302941017,2050.0,8.537,9.44,4933000.0,54.7,45.84,0,1.0,1.0,1.0,0.0,1.0,1.0,1.0,1.0,1.0,1.0,1.0,1.0,1.0,1.0
6.475252843473155,5.54,1.15,778.317554748448,2270.0,139.09527691553018,78.77517432734409,41.29380146093125,5.032988374629197,2050.0,8.537,9.44,4933000.0,54.7,45.84,0,1.0,1.0,1.0,0.0,1.0,1.0,1.0,1.0,1.0,1.0,1.0,1.0,1.0,1.0
6.592151561273671,5.54,1.15,20635.052474950156,5610.0,139.48758136382872,90.08269464838862,59.16451051252271,44.65183606298679,2050.0,8.537,9.44,4933000.0,54.7,45.84,1,1.0,1.0,1.0,0.0,1.0,1.0,1.0,1.0,1.0,1.0,1.0,1.0,1.0,1.0
7.159114452765297,5.54,1.15,550581.3680860363,10790.0,158247.55,13614.4375,22217.316,1840.1970176798425,2050.0,8.537,9.44,4933000.0,54.7,45.84,1,1.0,1.0,1.0,0.0,1.0,1.0,1.0,1.0,1.0,1.0,1.0,1.0,1.0,1.0
6.713240695762572,5.54,,38641.40527878342,24472.84924135018,2286.889887715308,332.10604390175746,564.8559725651824,544.53025,2050.0,8.537,9.44,4933000.0,54.7,45.84,0,1.0,1.0,1.0,1.0,1.0,1.0,1.0,1.0,1.0,1.0,1.0,1.0,1.0,1.0
5.2110925595238085,5.54,,1027.543136654311,1518.8561625406946,134.0542006078985,84.06855783251535,45.22569423870903,6.2971601211970505,999.0,8.537,9.44,4933000.0,54.7,45.84,0,1.0,1.0,1.0,1.0,1.0,1.0,1.0,1.0,0.0,1.0,1.0,1.0,1.0,1.0
5.2110925595238085,5.54,,1027.543136654311,1518.8561625406946,134.0542006078985,84.06855783251535,45.22569423870903,6.2971601211970505,1800.0,8.537,9.44,4933000.0,54.7,45.84,0,1.0,1.0,1.0,1.0,1.0,1.0,1.0,1.0,0.0,1.0,1.0,1.0,1.0,1.0
5.2110925595238085,5.54,,1027.543136654311,1518.8561625406946,134.0542006078985,84.06855783251535,45.22569423870903,6.2971601211970505,1230.0,8.537,9.44,4933000.0,54.7,45.84,0,1.0,1.0,1.0,1.0,1.0,1.0,1.0,1.0,0.0,1.0,1.0,1.0,1.0,1.0
6.82,5.54,18.7882,43237.96973929067,24801.807574683517,2202.7218131617365,332.10604390175746,418.73144525638,544.53025,2050.0,8.537,9.44,4933000.0,54.7,45.84,0,0.0,1.0,1.0,1.0,1.0,1.0,1.0,1.0,1.0,1.0,1.0,1.0,1.0,1.0
7.22,5.54,4.0049,315637.0313385379,9825.064128544323,45016.6795,14989.64375,19638.37875,84.52951767984331,2050.0,8.537,9.44,4933000.0,54.7,45.84,0,0.0,1.0,1.0,1.0,1.0,1.0,1.0,1.0,1.0,1.0,1.0,1.0,1.0,1.0
7.79,5.54,4.0635,1868433.504180868,121418.52998148146,286483.65,22390.6875,34550.94049999998,3562.3,2050.0,8.537,9.44,4933000.0,54.7,45.84,0,0.0,1.0,1.0,1.0,1.0,1.0,1.0,1.0,1.0,1.0,1.0,1.0,1.0,1.0
7.85,5.54,6.8908,23825105.25418087,733752.2931250001,371172.9,22338.6875,64717.60925,3443.8,2050.0,8.537,9.44,4933000.0,54.7,45.84,0,0.0,1.0,1.0,1.0,1.0,1.0,1.0,1.0,1.0,1.0,1.0,1.0,1.0,1.0
7.78,5.54,0.5069,1868433.504180868,121418.52998148146,286483.65,22390.6875,34550.94049999998,3562.3,2050.0,8.537,9.44,4933000.0,54.7,45.84,0,0.0,1.0,1.0,1.0,1.0,1.0,1.0,1.0,1.0,1.0,1.0,1.0,1.0,1.0
7.75,5.54,0.6465,1868433.504180868,121418.52998148146,286483.65,22390.6875,34550.94049999998,3562.3,2050.0,8.537,9.44,4933000.0,54.7,45.84,0,0.0,1.0,1.0,1.0,1.0,1.0,1.0,1.0,1.0,1.0,1.0,1.0,1.0,1.0
8.79,5.54,0.6034,1000000000.0,221388216.6666667,439569.575,31124.8,66594.3305,3998.375,2050.0,8.537,9.44,4933000.0,54.7,45.84,0,0.0,1.0,1.0,1.0,1.0,1.0,1.0,1.0,1.0,1.0,1.0,1.0,1.0,1.0
7.9,5.54,0.8568,224089320.41666663,101518654.16666666,439569.575,31211.35,66594.3305,4501.375,2050.0,8.537,9.44,4933000.0,54.7,45.84,0,0.0,1.0,1.0,1.0,1.0,1.0,1.0,1.0,1.0,1.0,1.0,1.0,1.0,1.0
8.56,5.54,0.6465,1000000000.0,221388216.6666667,439569.575,31124.8,66594.3305,3998.375,2050.0,8.537,9.44,4933000.0,54.7,45.84,0,0.0,1.0,1.0,1.0,1.0,1.0,1.0,1.0,1.0,1.0,1.0,1.0,1.0,1.0
7.78,5.54,1.7792,1868433.504180868,121418.52998148146,286483.65,22390.6875,34550.94049999998,3562.3,2050.0,8.537,9.44,4933000.0,54.7,45.84,0,0.0,1.0,1.0,1.0,1.0,1.0,1.0,1.0,1.0,1.0,1.0,1.0,1.0,1.0
8.4,5.54,0.3931,1000000000.0,221388216.6666667,439569.575,31124.8,66594.3305,3998.375,2050.0,8.537,9.44,4933000.0,54.7,45.84,0,0.0,1.0,1.0,1.0,1.0,1.0,1.0,1.0,1.0,1.0,1.0,1.0,1.0,1.0
8.38,5.54,0.2638,1000000000.0,221388216.6666667,439569.575,31124.8,66594.3305,3998.375,2050.0,8.537,9.44,4933000.0,54.7,45.84,0,0.0,1.0,1.0,1.0,1.0,1.0,1.0,1.0,1.0,1.0,1.0,1.0,1.0,1.0
8.62,5.54,0.2034,1000000000.0,221388216.6666667,439569.575,31124.8,66594.3305,3998.375,2050.0,8.537,9.44,4933000.0,54.7,45.84,0,0.0,1.0,1.0,1.0,1.0,1.0,1.0,1.0,1.0,1.0,1.0,1.0,1.0,1.0
7.14,5.54,0.2689,978843.604854092,21170.90273950923,229350.125,2591.933829365079,9343.380958333331,3054.5,2050.0,8.537,9.44,4933000.0,54.7,45.84,0,0.0,1.0,1.0,1.0,1.0,1.0,1.0,1.0,1.0,1.0,1.0,1.0,1.0,1.0
7.42,5.54,0.4086,262024.04506086092,9579.034961877658,36255.695,603.4256750581742,5582.327750000001,219.3079015197649,2050.0,8.537,9.44,4933000.0,54.7,45.84,0,0.0,1.0,1.0,1.0,1.0,1.0,1.0,1.0,1.0,1.0,1.0,1.0,1.0,1.0
7.69,5.54,0.6086,14078653.011363637,578078.9797916666,552488.575,31263.35,65155.85549999999,4856.875,2050.0,8.537,9.44,4933000.0,54.7,45.84,0,0.0,1.0,1.0,1.0,1.0,1.0,1.0,1.0,1.0,1.0,1.0,1.0,1.0,1.0
8.2,5.54,0.5275,483535120.4166666,101518654.16666666,439569.575,31569.075,66594.3305,4501.375,2050.0,8.537,9.44,4933000.0,54.7,45.84,0,0.0,1.0,1.0,1.0,1.0,1.0,1.0,1.0,1.0,1.0,1.0,1.0,1.0,1.0
8.6,5.54,0.2327,1000000000.0,221388216.6666667,439569.575,31124.8,66594.3305,3998.375,2050.0,8.537,9.44,4933000.0,54.7,45.84,0,0.0,1.0,1.0,1.0,1.0,1.0,1.0,1.0,1.0,1.0,1.0,1.0,1.0,1.0
7.99,5.54,0.5224,224089320.41666663,101518654.16666666,439569.575,31211.35,66594.3305,4501.375,2050.0,8.537,9.44,4933000.0,54.7,45.84,0,0.0,1.0,1.0,1.0,1.0,1.0,1.0,1.0,1.0,1.0,1.0,1.0,1.0,1.0
8.19,5.54,0.9068,483535120.4166666,101518654.16666666,439569.575,31569.075,66594.3305,4501.375,2050.0,8.537,9.44,4933000.0,54.7,45.84,0,0.0,1.0,1.0,1.0,1.0,1.0,1.0,1.0,1.0,1.0,1.0,1.0,1.0,1.0
6.325975212906955,5.54,,248973.06743745576,9315.566276070003,131.0,85.2,1888.4918814086436,108.523741477539,2050.0,8.537,9.44,4933000.0,54.7,45.84,0,1.0,1.0,1.0,1.0,0.0,0.0,1.0,1.0,1.0,1.0,1.0,1.0,1.0,1.0
6.603789122008453,5.54,,950.2670603764088,1620.694422732843,47.8,20.9,70.28132938943003,4.226600246177728,2050.0,8.537,9.44,4933000.0,54.7,45.84,0,1.0,1.0,1.0,1.0,0.0,0.0,1.0,1.0,1.0,1.0,1.0,1.0,1.0,1.0
6.271895833333334,5.54,,21042.969141616828,18240.97862119256,9.67,261.4591172503768,95.7152931270814,518.6769067245789,2050.0,8.537,9.44,4933000.0,54.7,45.84,0,1.0,1.0,1.0,1.0,0.0,1.0,1.0,1.0,1.0,1.0,1.0,1.0,1.0,1.0
6.271895833333334,5.54,,21042.969141616828,18240.97862119256,6.22,261.4591172503768,95.7152931270814,518.6769067245789,2050.0,8.537,9.44,4933000.0,54.7,45.84,0,1.0,1.0,1.0,1.0,0.0,1.0,1.0,1.0,1.0,1.0,1.0,1.0,1.0,1.0
6.271895833333334,5.54,,21042.969141616828,18240.97862119256,3.44,261.4591172503768,95.7152931270814,518.6769067245789,2050.0,8.537,9.44,4933000.0,54.7,45.84,0,1.0,1.0,1.0,1.0,0.0,1.0,1.0,1.0,1.0,1.0,1.0,1.0,1.0,1.0
6.271895833333334,5.54,,21042.969141616828,18240.97862119256,0.883,261.4591172503768,95.7152931270814,518.6769067245789,2050.0,8.537,9.44,4933000.0,54.7,45.84,0,1.0,1.0,1.0,1.0,0.0,1.0,1.0,1.0,1.0,1.0,1.0,1.0,1.0,1.0
6.271895833333334,5.54,,21042.969141616828,18240.97862119256,0.092,261.4591172503768,95.7152931270814,518.6769067245789,2050.0,8.537,9.44,4933000.0,54.7,45.84,0,1.0,1.0,1.0,1.0,0.0,1.0,1.0,1.0,1.0,1.0,1.0,1.0,1.0,1.0
6.54399299105607,5.54,,950.2670603764088,1620.694422732843,32.6,19.7,70.28132938943003,0.926,2050.0,8.537,9.44,4933000.0,54.7,45.84,0,1.0,1.0,1.0,1.0,0.0,0.0,1.0,0.0,1.0,1.0,1.0,1.0,1.0,1.0
5.669755057440142,5.54,,1027.543136654311,219.6812853784296,283.6505642740507,122.19383485855325,163.2317311983008,20.22914247059325,2050.0,8.537,9.44,4933000.0,590000.0,45.84,0,1.0,1.0,1.0,1.0,1.0,1.0,1.0,1.0,1.0,1.0,1.0,1.0,0.0,1.0
5.669755057440142,5.54,,1027.543136654311,219.6812853784296,283.6505642740507,122.19383485855325,163.2317311983008,20.22914247059325,2050.0,8.537,9.44,4933000.0,400000.0,45.84,0,1.0,1.0,1.0,1.0,1.0,1.0,1.0,1.0,1.0,1.0,1.0,1.0,0.0,1.0
6.127492012259503,5.54,,20369.46624995016,6125.163235643198,413.7640276618413,221.38785272061108,400.8466811508201,100.61876210032187,2050.0,1056.0,9.44,4933000.0,54.7,45.84,0,1.0,1.0,1.0,1.0,1.0,1.0,1.0,1.0,1.0,0.0,1.0,1.0,1.0,1.0
5.868815455691271,5.54,,3778.78174001895,247.0110403833195,214.45486538461245,169.7306292942164,288.6544141092016,21.949746470516867,2050.0,251.9,9.44,4933000.0,54.7,45.84,0,1.0,1.0,1.0,1.0,1.0,1.0,1.0,1.0,1.0,0.0,1.0,1.0,1.0,1.0
5.2110925595238085,5.54,1.63,1027.543136654311,1518.8561625406946,134.0542006078985,84.06855783251535,45.22569423870903,6.2971601211970505,197.0,8.537,9.44,4933000.0,54.7,45.84,0,1.0,1.0,1.0,1.0,1.0,1.0,1.0,1.0,0.0,1.0,1.0,1.0,1.0,1.0
5.2110925595238085,5.54,1.65,1027.543136654311,1518.8561625406946,134.0542006078985,84.06855783251535,45.22569423870903,6.2971601211970505,827.0,8.537,9.44,4933000.0,54.7,45.84,0,1.0,1.0,1.0,1.0,1.0,1.0,1.0,1.0,0.0,1.0,1.0,1.0,1.0,1.0
5.2110925595238085,5.54,1.41,1027.543136654311,1518.8561625406946,134.0542006078985,84.06855783251535,45.22569423870903,6.2971601211970505,286.0,8.537,9.44,4933000.0,54.7,45.84,0,1.0,1.0,1.0,1.0,1.0,1.0,1.0,1.0,0.0,1.0,1.0,1.0,1.0,1.0
5.2110925595238085,5.54,1.71,1027.543136654311,1518.8561625406946,134.0542006078985,84.06855783251535,45.22569423870903,6.2971601211970505,247.0,8.537,9.44,4933000.0,54.7,45.84,0,1.0,1.0,1.0,1.0,1.0,1.0,1.0,1.0,0.0,1.0,1.0,1.0,1.0,1.0
5.2110925595238085,5.54,1.76,1027.543136654311,1518.8561625406946,134.0542006078985,84.06855783251535,45.22569423870903,6.2971601211970505,788.0,8.537,9.44,4933000.0,54.7,45.84,0,1.0,1.0,1.0,1.0,1.0,1.0,1.0,1.0,0.0,1.0,1.0,1.0,1.0,1.0
5.2110925595238085,5.54,,1027.543136654311,1518.8561625406946,134.0542006078985,84.06855783251535,45.22569423870903,6.2971601211970505,903.0,8.537,9.44,4933000.0,54.7,45.84,0,1.0,1.0,1.0,1.0,1.0,1.0,1.0,1.0,0.0,1.0,1.0,1.0,1.0,1.0
5.2110925595238085,5.54,,1027.543136654311,1518.8561625406946,134.0542006078985,84.06855783251535,45.22569423870903,6.2971601211970505,910.0,8.537,9.44,4933000.0,54.7,45.84,0,1.0,1.0,1.0,1.0,1.0,1.0,1.0,1.0,0.0,1.0,1.0,1.0,1.0,1.0
5.2110925595238085,5.54,,1027.543136654311,1518.8561625406946,134.0542006078985,84.06855783251535,45.22569423870903,6.2971601211970505,842.0,8.537,9.44,4933000.0,54.7,45.84,0,1.0,1.0,1.0,1.0,1.0,1.0,1.0,1.0,0.0,1.0,1.0,1.0,1.0,1.0
5.2110925595238085,5.54,,1027.543136654311,1518.8561625406946,134.0542006078985,84.06855783251535,45.22569423870903,6.2971601211970505,1130.0,8.537,9.44,4933000.0,54.7,45.84,0,1.0,1.0,1.0,1.0,1.0,1.0,1.0,1.0,0.0,1.0,1.0,1.0,1.0,1.0
5.2110925595238085,5.54,,1027.543136654311,1518.8561625406946,134.0542006078985,84.06855783251535,45.22569423870903,6.2971601211970505,782.0,8.537,9.44,4933000.0,54.7,45.84,0,1.0,1.0,1.0,1.0,1.0,1.0,1.0,1.0,0.0,1.0,1.0,1.0,1.0,1.0
5.2110925595238085,5.54,,1027.543136654311,1518.8561625406946,134.0542006078985,84.06855783251535,45.22569423870903,6.2971601211970505,965.0,8.537,9.44,4933000.0,54.7,45.84,0,1.0,1.0,1.0,1.0,1.0,1.0,1.0,1.0,0.0,1.0,1.0,1.0,1.0,1.0
5.2110925595238085,5.54,,1027.543136654311,1518.8561625406946,134.0542006078985,84.06855783251535,45.22569423870903,6.2971601211970505,760.0,8.537,9.44,4933000.0,54.7,45.84,0,1.0,1.0,1.0,1.0,1.0,1.0,1.0,1.0,0.0,1.0,1.0,1.0,1.0,1.0
5.2110925595238085,5.54,,1027.543136654311,1518.8561625406946,134.0542006078985,84.06855783251535,45.22569423870903,6.2971601211970505,1151.0,8.537,9.44,4933000.0,54.7,45.84,0,1.0,1.0,1.0,1.0,1.0,1.0,1.0,1.0,0.0,1.0,1.0,1.0,1.0,1.0
5.2110925595238085,5.54,,1027.543136654311,1518.8561625406946,134.0542006078985,84.06855783251535,45.22569423870903,6.2971601211970505,717.0,8.537,9.44,4933000.0,54.7,45.84,0,1.0,1.0,1.0,1.0,1.0,1.0,1.0,1.0,0.0,1.0,1.0,1.0,1.0,1.0
5.2110925595238085,5.54,,1027.543136654311,1518.8561625406946,134.0542006078985,84.06855783251535,45.22569423870903,6.2971601211970505,1330.0,8.537,9.44,4933000.0,54.7,45.84,0,1.0,1.0,1.0,1.0,1.0,1.0,1.0,1.0,0.0,1.0,1.0,1.0,1.0,1.0
5.2110925595238085,5.54,,1027.543136654311,1518.8561625406946,134.0542006078985,84.06855783251535,45.22569423870903,6.2971601211970505,651.0,8.537,9.44,4933000.0,54.7,45.84,0,1.0,1.0,1.0,1.0,1.0,1.0,1.0,1.0,0.0,1.0,1.0,1.0,1.0,1.0
5.2110925595238085,5.54,,1027.543136654311,1518.8561625406946,134.0542006078985,84.06855783251535,45.22569423870903,6.2971601211970505,918.0,8.537,9.44,4933000.0,54.7,45.84,0,1.0,1.0,1.0,1.0,1.0,1.0,1.0,1.0,0.0,1.0,1.0,1.0,1.0,1.0
5.2110925595238085,5.54,,1027.543136654311,1518.8561625406946,134.0542006078985,84.06855783251535,45.22569423870903,6.2971601211970505,896.0,8.537,9.44,4933000.0,54.7,45.84,0,1.0,1.0,1.0,1.0,1.0,1.0,1.0,1.0,0.0,1.0,1.0,1.0,1.0,1.0
6.724385933857808,5.54,,38641.40527878342,24472.84924135018,2286.889887715308,332.10604390175746,564.8559725651824,544.53025,2050.0,8.537,25.9,4933000.0,54.7,45.84,0,1.0,1.0,1.0,1.0,1.0,1.0,1.0,1.0,1.0,1.0,0.0,1.0,1.0,1.0
6.757532632999807,5.54,,493.2,1667.640569424486,104.36750726041244,12.740995215870532,47.39849624471043,6.001087970433774,2050.0,8.537,9.44,4933000.0,54.7,45.84,0,1.0,1.0,0.0,1.0,1.0,1.0,1.0,1.0,1.0,1.0,1.0,1.0,1.0,1.0
5.43014763986014,5.54,,1027.543136654311,1.72,486.4634748659998,2.84,144.3476644199877,0.63,2050.0,8.537,9.44,4933000.0,54.7,45.84,0,1.0,1.0,1.0,0.0,1.0,0.0,1.0,0.0,1.0,1.0,1.0,1.0,1.0,1.0
7.329464827116853,5.54,,286964.91047053307,14000.0,32170.5365,1332.6206927780509,5824.618750000001,770.5897499999999,2050.0,8.537,9.44,4933000.0,54.7,45.84,1,1.0,1.0,1.0,0.0,1.0,1.0,1.0,1.0,1.0,1.0,1.0,1.0,1.0,1.0
7.237052345198068,5.54,,355538.094272744,9335.0,156456.4,3572.5871031746037,14614.050375000004,1996.8235176798423,2050.0,8.537,9.44,4933000.0,54.7,45.84,1,1.0,1.0,1.0,0.0,1.0,1.0,1.0,1.0,1.0,1.0,1.0,1.0,1.0,1.0
5.110296550778675,5.54,,1027.543136654311,6.05,889.6574181910566,294.26823262546833,153.18137220593317,19.328239583333335,2050.0,8.537,9.44,4933000.0,54.7,45.84,0,1.0,1.0,1.0,0.0,1.0,1.0,1.0,1.0,1.0,1.0,1.0,1.0,1.0,1.0
5.110296550778675,5.54,,1027.543136654311,3.32,889.6574181910566,294.26823262546833,153.18137220593317,19.328239583333335,2050.0,8.537,9.44,4933000.0,54.7,45.84,0,1.0,1.0,1.0,0.0,1.0,1.0,1.0,1.0,1.0,1.0,1.0,1.0,1.0,1.0
5.127857829410173,5.54,,1027.543136654311,1503.0,134.0542006078985,85.8462142390335,45.22569423870903,6.484845489076131,2050.0,8.537,9.44,4933000.0,54.7,45.84,0,1.0,1.0,1.0,0.0,1.0,1.0,1.0,1.0,1.0,1.0,1.0,1.0,1.0,1.0
4.857022809568904,5.54,,1027.543136654311,1202.0,97.75191069919046,69.72275590570015,116.3119238366272,10.597796412014912,2050.0,8.537,9.44,4933000.0,54.7,45.84,0,1.0,1.0,1.0,0.0,1.0,1.0,1.0,1.0,1.0,1.0,1.0,1.0,1.0,1.0
5.110296550778675,5.54,,1027.543136654311,31.47,889.6574181910566,294.26823262546833,153.18137220593317,19.328239583333335,2050.0,8.537,9.44,4933000.0,54.7,45.84,0,1.0,1.0,1.0,0.0,1.0,1.0,1.0,1.0,1.0,1.0,1.0,1.0,1.0,1.0
5.110296550778675,5.54,,1027.543136654311,34.44,889.6574181910566,294.26823262546833,153.18137220593317,19.328239583333335,2050.0,8.537,9.44,4933000.0,54.7,45.84,0,1.0,1.0,1.0,0.0,1.0,1.0,1.0,1.0,1.0,1.0,1.0,1.0,1.0,1.0
5.110296550778675,5.54,,1027.543136654311,2.71,889.6574181910566,294.26823262546833,153.18137220593317,19.328239583333335,2050.0,8.537,9.44,4933000.0,54.7,45.84,0,1.0,1.0,1.0,0.0,1.0,1.0,1.0,1.0,1.0,1.0,1.0,1.0,1.0,1.0
5.110296550778675,5.54,,1027.543136654311,2.12,889.6574181910566,294.26823262546833,153.18137220593317,19.328239583333335,2050.0,8.537,9.44,4933000.0,54.7,45.84,0,1.0,1.0,1.0,0.0,1.0,1.0,1.0,1.0,1.0,1.0,1.0,1.0,1.0,1.0
5.110296550778675,5.54,,1027.543136654311,13.32,889.6574181910566,294.26823262546833,153.18137220593317,19.328239583333335,2050.0,8.537,9.44,4933000.0,54.7,45.84,0,1.0,1.0,1.0,0.0,1.0,1.0,1.0,1.0,1.0,1.0,1.0,1.0,1.0,1.0
5.110296550778675,5.54,,1027.543136654311,49.83,889.6574181910566,294.26823262546833,153.18137220593317,19.328239583333335,2050.0,8.537,9.44,4933000.0,54.7,45.84,0,1.0,1.0,1.0,0.0,1.0,1.0,1.0,1.0,1.0,1.0,1.0,1.0,1.0,1.0
5.110296550778675,5.54,,1027.543136654311,19.44,889.6574181910566,294.26823262546833,153.18137220593317,19.328239583333335,2050.0,8.537,9.44,4933000.0,54.7,45.84,0,1.0,1.0,1.0,0.0,1.0,1.0,1.0,1.0,1.0,1.0,1.0,1.0,1.0,1.0
5.110296550778675,5.54,,1027.543136654311,101.5,889.6574181910566,294.26823262546833,171.2791872974187,21.068239583333337,2050.0,8.537,9.44,4933000.0,54.7,45.84,0,1.0,1.0,1.0,0.0,1.0,1.0,1.0,1.0,1.0,1.0,1.0,1.0,1.0,1.0
4.910635148292272,5.54,,1027.543136654311,522.9,99.14976689656744,71.53602815502846,130.1427505725275,13.346480273726216,2050.0,8.537,9.44,4933000.0,54.7,45.84,0,1.0,1.0,1.0,0.0,1.0,1.0,1.0,1.0,1.0,1.0,1.0,1.0,1.0,1.0
4.967238963227336,5.54,,1027.543136654311,421.9,112.7134235244844,166.54883659331313,173.37512117841524,23.535909519654968,2050.0,8.537,9.44,4933000.0,54.7,45.84,0,1.0,1.0,1.0,0.0,1.0,1.0,1.0,1.0,1.0,1.0,1.0,1.0,1.0,1.0
4.86322983624321,5.54,,1027.543136654311,364.8,98.19493582616144,166.15357231028017,135.28880087014653,16.662264455190527,2050.0,8.537,9.44,4933000.0,54.7,45.84,0,1.0,1.0,1.0,0.0,1.0,1.0,1.0,1.0,1.0,1.0,1.0,1.0,1.0,1.0
4.929402184728058,5.54,,1027.543136654311,312.1,112.7134235244844,166.15357231028017,173.37512117841524,23.535909519654968,2050.0,8.537,9.44,4933000.0,54.7,45.84,0,1.0,1.0,1.0,0.0,1.0,1.0,1.0,1.0,1.0,1.0,1.0,1.0,1.0,1.0
4.893257767339891,5.54,,1027.543136654311,561.3,99.14976689656744,70.40268550868934,130.1427505725275,11.749131020973252,2050.0,8.537,9.44,4933000.0,54.7,45.84,0,1.0,1.0,1.0,0.0,1.0,1.0,1.0,1.0,1.0,1.0,1.0,1.0,1.0,1.0
4.967238963227336,5.54,,1027.543136654311,421.2,112.7134235244844,166.54883659331313,173.37512117841524,23.535909519654968,2050.0,8.537,9.44,4933000.0,54.7,45.84,0,1.0,1.0,1.0,0.0,1.0,1.0,1.0,1.0,1.0,1.0,1.0,1.0,1.0,1.0
5.110296550778675,5.54,,1027.543136654311,56.85,889.6574181910566,294.26823262546833,153.18137220593317,19.328239583333335,2050.0,8.537,9.44,4933000.0,54.7,45.84,0,1.0,1.0,1.0,0.0,1.0,1.0,1.0,1.0,1.0,1.0,1.0,1.0,1.0,1.0
5.110546550778674,5.54,,1027.543136654311,121.2,1508.4603973577234,312.84930723805917,168.2018493188587,22.66523958333334,2050.0,8.537,9.44,4933000.0,54.7,45.84,0,1.0,1.0,1.0,0.0,1.0,1.0,1.0,1.0,1.0,1.0,1.0,1.0,1.0,1.0
5.110296550778675,5.54,,1027.543136654311,5.87,889.6574181910566,294.26823262546833,153.18137220593317,19.328239583333335,2050.0,8.537,9.44,4933000.0,54.7,45.84,0,1.0,1.0,1.0,0.0,1.0,1.0,1.0,1.0,1.0,1.0,1.0,1.0,1.0,1.0
5.110296550778675,5.54,,1027.543136654311,5.21,889.6574181910566,294.26823262546833,153.18137220593317,19.328239583333335,2050.0,8.537,9.44,4933000.0,54.7,45.84,0,1.0,1.0,1.0,0.0,1.0,1.0,1.0,1.0,1.0,1.0,1.0,1.0,1.0,1.0
5.196153055020047,5.54,,1027.543136654311,215.2,570.6440177621354,255.1896374012485,175.9892488917532,28.400678169623184,2050.0,8.537,9.44,4933000.0,54.7,45.84,0,1.0,1.0,1.0,0.0,1.0,1.0,1.0,1.0,1.0,1.0,1.0,1.0,1.0,1.0
5.196153055020047,5.54,,1027.543136654311,231.1,157.5992070145964,255.1896374012485,173.37512117841524,28.400678169623184,2050.0,8.537,9.44,4933000.0,54.7,45.84,0,1.0,1.0,1.0,0.0,1.0,1.0,1.0,1.0,1.0,1.0,1.0,1.0,1.0,1.0
6.713240695762572,5.54,,38641.40527878342,24472.84924135018,2286.889887715308,332.10604390175746,564.8559725651824,544.53025,2050.0,8.537,9.44,4933000.0,54.7,45.84,0,1.0,1.0,1.0,1.0,1.0,1.0,1.0,1.0,1.0,1.0,1.0,1.0,1.0,1.0
6.713240695762572,5.54,,38641.40527878342,24472.84924135018,2286.889887715308,332.10604390175746,564.8559725651824,544.53025,2050.0,8.537,9.44,4933000.0,54.7,45.84,0,1.0,1.0,1.0,1.0,1.0,1.0,1.0,1.0,1.0,1.0,1.0,1.0,1.0,1.0
6.713240695762572,5.54,,38641.40527878342,24472.84924135018,2286.889887715308,332.10604390175746,564.8559725651824,544.53025,2050.0,8.537,9.44,4933000.0,54.7,45.84,0,1.0,1.0,1.0,1.0,1.0,1.0,1.0,1.0,1.0,1.0,1.0,1.0,1.0,1.0
6.713240695762572,5.54,,38641.40527878342,24472.84924135018,2286.889887715308,332.10604390175746,564.8559725651824,544.53025,2050.0,8.537,9.44,4933000.0,54.7,45.84,0,1.0,1.0,1.0,1.0,1.0,1.0,1.0,1.0,1.0,1.0,1.0,1.0,1.0,1.0
6.713240695762572,5.54,,38641.40527878342,24472.84924135018,2286.889887715308,332.10604390175746,564.8559725651824,544.53025,2050.0,8.537,9.44,4933000.0,54.7,45.84,0,1.0,1.0,1.0,1.0,1.0,1.0,1.0,1.0,1.0,1.0,1.0,1.0,1.0,1.0
6.713240695762572,5.54,,38641.40527878342,24472.84924135018,2286.889887715308,332.10604390175746,564.8559725651824,544.53025,2050.0,8.537,9.44,4933000.0,54.7,45.84,0,1.0,1.0,1.0,1.0,1.0,1.0,1.0,1.0,1.0,1.0,1.0,1.0,1.0,1.0
6.713240695762572,5.54,,38641.40527878342,24472.84924135018,2286.889887715308,332.10604390175746,564.8559725651824,544.53025,2050.0,8.537,9.44,4933000.0,54.7,45.84,0,1.0,1.0,1.0,1.0,1.0,1.0,1.0,1.0,1.0,1.0,1.0,1.0,1.0,1.0
6.713240695762572,5.54,,38641.40527878342,24472.84924135018,2286.889887715308,332.10604390175746,564.8559725651824,544.53025,2050.0,8.537,9.44,4933000.0,54.7,45.84,0,1.0,1.0,1.0,1.0,1.0,1.0,1.0,1.0,1.0,1.0,1.0,1.0,1.0,1.0
6.713240695762572,5.54,,38641.40527878342,24472.84924135018,2286.889887715308,332.10604390175746,564.8559725651824,544.53025,2050.0,8.537,9.44,4933000.0,54.7,45.84,0,1.0,1.0,1.0,1.0,1.0,1.0,1.0,1.0,1.0,1.0,1.0,1.0,1.0,1.0
6.713240695762572,5.54,,38641.40527878342,24472.84924135018,2286.889887715308,332.10604390175746,564.8559725651824,544.53025,2050.0,8.537,9.44,4933000.0,54.7,45.84,0,1.0,1.0,1.0,1.0,1.0,1.0,1.0,1.0,1.0,1.0,1.0,1.0,1.0,1.0
6.713240695762572,5.54,,38641.40527878342,24472.84924135018,2286.889887715308,332.10604390175746,564.8559725651824,544.53025,2050.0,8.537,9.44,4933000.0,54.7,45.84,0,1.0,1.0,1.0,1.0,1.0,1.0,1.0,1.0,1.0,1.0,1.0,1.0,1.0,1.0
6.713240695762572,5.54,,38641.40527878342,24472.84924135018,2286.889887715308,332.10604390175746,564.8559725651824,544.53025,2050.0,8.537,9.44,4933000.0,54.7,45.84,0,1.0,1.0,1.0,1.0,1.0,1.0,1.0,1.0,1.0,1.0,1.0,1.0,1.0,1.0
6.713240695762572,5.54,,38641.40527878342,24472.84924135018,2286.889887715308,332.10604390175746,564.8559725651824,544.53025,2050.0,8.537,9.44,4933000.0,54.7,45.84,0,1.0,1.0,1.0,1.0,1.0,1.0,1.0,1.0,1.0,1.0,1.0,1.0,1.0,1.0
6.713240695762572,5.54,,38641.40527878342,24472.84924135018,2286.889887715308,332.10604390175746,564.8559725651824,544.53025,2050.0,8.537,9.44,4933000.0,54.7,45.84,0,1.0,1.0,1.0,1.0,1.0,1.0,1.0,1.0,1.0,1.0,1.0,1.0,1.0,1.0
6.713240695762572,5.54,,38641.40527878342,24472.84924135018,2286.889887715308,332.10604390175746,564.8559725651824,544.53025,2050.0,8.537,9.44,4933000.0,54.7,45.84,0,1.0,1.0,1.0,1.0,1.0,1.0,1.0,1.0,1.0,1.0,1.0,1.0,1.0,1.0
6.713240695762572,5.54,,38641.40527878342,24472.84924135018,2286.889887715308,332.10604390175746,564.8559725651824,544.53025,2050.0,8.537,9.44,4933000.0,54.7,45.84,0,1.0,1.0,1.0,1.0,1.0,1.0,1.0,1.0,1.0,1.0,1.0,1.0,1.0,1.0
6.713240695762572,5.54,,38641.40527878342,24472.84924135018,2286.889887715308,332.10604390175746,564.8559725651824,544.53025,2050.0,8.537,9.44,4933000.0,54.7,45.84,0,1.0,1.0,1.0,1.0,1.0,1.0,1.0,1.0,1.0,1.0,1.0,1.0,1.0,1.0
6.713240695762572,5.54,,38641.40527878342,24472.84924135018,2286.889887715308,332.10604390175746,564.8559725651824,544.53025,2050.0,8.537,9.44,4933000.0,54.7,45.84,0,1.0,1.0,1.0,1.0,1.0,1.0,1.0,1.0,1.0,1.0,1.0,1.0,1.0,1.0
6.713240695762572,5.54,,38641.40527878342,24472.84924135018,2286.889887715308,332.10604390175746,564.8559725651824,544.53025,2050.0,8.537,9.44,4933000.0,54.7,45.84,0,1.0,1.0,1.0,1.0,1.0,1.0,1.0,1.0,1.0,1.0,1.0,1.0,1.0,1.0
6.713240695762572,5.54,,38641.40527878342,24472.84924135018,2286.889887715308,332.10604390175746,564.8559725651824,544.53025,2050.0,8.537,9.44,4933000.0,54.7,45.84,0,1.0,1.0,1.0,1.0,1.0,1.0,1.0,1.0,1.0,1.0,1.0,1.0,1.0,1.0
6.713240695762572,5.54,,38641.40527878342,24472.84924135018,2286.889887715308,332.10604390175746,564.8559725651824,544.53025,2050.0,8.537,9.44,4933000.0,54.7,45.84,0,1.0,1.0,1.0,1.0,1.0,1.0,1.0,1.0,1.0,1.0,1.0,1.0,1.0,1.0
6.281005817134794,5.54,,950.2670603764088,219.6812853784296,266.18,61.61174264437297,200.30631660688704,33.64346724775655,2050.0,8.537,9.44,4933000.0,54.7,45.84,0,1.0,1.0,1.0,1.0,0.0,1.0,1.0,1.0,1.0,1.0,1.0,1.0,1.0,1.0
6.257333333333333,5.54,,21042.969141616828,18240.97862119256,73.67,262.3983672503768,95.7152931270814,518.6769067245789,2050.0,8.537,9.44,4933000.0,54.7,45.84,0,1.0,1.0,1.0,1.0,0.0,1.0,1.0,1.0,1.0,1.0,1.0,1.0,1.0,1.0
6.271895833333334,5.54,,21042.969141616828,18240.97862119256,47.69,261.4591172503768,95.7152931270814,518.6769067245789,2050.0,8.537,9.44,4933000.0,54.7,45.84,0,1.0,1.0,1.0,1.0,0.0,1.0,1.0,1.0,1.0,1.0,1.0,1.0,1.0,1.0
6.106154960707778,5.54,,285145.5532579825,15350.52435046329,5824.568313839292,113.0,1382.9240837219136,478.3997499999999,2050.0,8.537,9.44,4933000.0,54.7,45.84,0,1.0,1.0,1.0,1.0,1.0,0.0,1.0,1.0,1.0,1.0,1.0,1.0,1.0,1.0
7.696981513613093,5.54,,274.0,5.7,21216.1428125,488.18204354756034,24.2,17.95948414486498,2050.0,8.537,9.44,4933000.0,54.7,45.84,0,1.0,1.0,0.0,0.0,1.0,1.0,0.0,1.0,1.0,1.0,1.0,1.0,1.0,1.0
7.696981513613093,5.54,,244.4,6.6,21216.1428125,488.18204354756034,10.8,17.726324237695888,2050.0,8.537,9.44,4933000.0,54.7,45.84,0,1.0,1.0,0.0,0.0,1.0,1.0,0.0,1.0,1.0,1.0,1.0,1.0,1.0,1.0
5.11207602813853,5.54,,778.317554748448,5.7,585.6758765243902,281.6502232883858,24.2,19.234897168985533,2050.0,8.537,9.44,4933000.0,54.7,45.84,0,1.0,1.0,1.0,0.0,1.0,1.0,0.0,1.0,1.0,1.0,1.0,1.0,1.0,1.0
5.11207602813853,5.54,,778.317554748448,6.6,585.6758765243902,281.6502232883858,10.8,19.234897168985533,2050.0,8.537,9.44,4933000.0,54.7,45.84,0,1.0,1.0,1.0,0.0,1.0,1.0,0.0,1.0,1.0,1.0,1.0,1.0,1.0,1.0
5.11207602813853,5.54,,778.317554748448,6.4,585.6758765243902,281.6502232883858,38.9,19.234897168985533,2050.0,8.537,9.44,4933000.0,54.7,45.84,0,1.0,1.0,1.0,0.0,1.0,1.0,0.0,1.0,1.0,1.0,1.0,1.0,1.0,1.0
5.11207602813853,5.54,,778.317554748448,5.7,585.6758765243902,281.6502232883858,24.2,19.234897168985533,2050.0,8.537,9.44,4933000.0,54.7,45.84,0,1.0,1.0,1.0,0.0,1.0,1.0,0.0,1.0,1.0,1.0,1.0,1.0,1.0,1.0
5.11207602813853,5.54,,778.317554748448,6.6,585.6758765243902,281.6502232883858,10.8,19.234897168985533,2050.0,8.537,9.44,4933000.0,54.7,45.84,0,1.0,1.0,1.0,0.0,1.0,1.0,0.0,1.0,1.0,1.0,1.0,1.0,1.0,1.0
6.713240695762572,5.54,,38641.40527878342,24472.84924135018,2286.889887715308,332.10604390175746,564.8559725651824,544.53025,2050.0,8.537,9.44,4933000.0,54.7,45.84,0,1.0,1.0,1.0,1.0,1.0,1.0,1.0,1.0,1.0,1.0,1.0,1.0,1.0,1.0
6.713240695762572,5.54,,38641.40527878342,24472.84924135018,2286.889887715308,332.10604390175746,564.8559725651824,544.53025,2050.0,8.537,9.44,4933000.0,54.7,45.84,0,1.0,1.0,1.0,1.0,1.0,1.0,1.0,1.0,1.0,1.0,1.0,1.0,1.0,1.0
6.713240695762572,5.54,,38641.40527878342,24472.84924135018,2286.889887715308,332.10604390175746,564.8559725651824,544.53025,2050.0,8.537,9.44,4933000.0,54.7,45.84,0,1.0,1.0,1.0,1.0,1.0,1.0,1.0,1.0,1.0,1.0,1.0,1.0,1.0,1.0
6.713240695762572,5.54,,38641.40527878342,24472.84924135018,2286.889887715308,332.10604390175746,564.8559725651824,544.53025,2050.0,8.537,9.44,4933000.0,54.7,45.84,0,1.0,1.0,1.0,1.0,1.0,1.0,1.0,1.0,1.0,1.0,1.0,1.0,1.0,1.0
6.713240695762572,5.54,,38641.40527878342,24472.84924135018,2286.889887715308,332.10604390175746,564.8559725651824,544.53025,2050.0,8.537,9.44,4933000.0,54.7,45.84,0,1.0,1.0,1.0,1.0,1.0,1.0,1.0,1.0,1.0,1.0,1.0,1.0,1.0,1.0
6.713240695762572,5.54,,38641.40527878342,24472.84924135018,2286.889887715308,332.10604390175746,564.8559725651824,544.53025,2050.0,8.537,9.44,4933000.0,54.7,45.84,0,1.0,1.0,1.0,1.0,1.0,1.0,1.0,1.0,1.0,1.0,1.0,1.0,1.0,1.0
6.713240695762572,5.54,,38641.40527878342,24472.84924135018,2286.889887715308,332.10604390175746,564.8559725651824,544.53025,2050.0,8.537,9.44,4933000.0,54.7,45.84,0,1.0,1.0,1.0,1.0,1.0,1.0,1.0,1.0,1.0,1.0,1.0,1.0,1.0,1.0
6.713240695762572,5.54,,38641.40527878342,24472.84924135018,2286.889887715308,332.10604390175746,564.8559725651824,544.53025,2050.0,8.537,9.44,4933000.0,54.7,45.84,0,1.0,1.0,1.0,1.0,1.0,1.0,1.0,1.0,1.0,1.0,1.0,1.0,1.0,1.0
6.1335867580874694,5.54,,989.5876664931608,219.6812853784296,473.0408620243239,29.61,132.7568782858654,14.51,2050.0,8.537,9.44,4933000.0,54.7,45.84,0,1.0,1.0,1.0,1.0,1.0,0.0,1.0,0.0,1.0,1.0,1.0,1.0,1.0,1.0
6.127492012259503,5.54,,20369.46624995016,6125.163235643198,413.7640276618413,221.38785272061108,400.8466811508201,100.61876210032187,2050.0,883.0,9.44,4933000.0,54.7,45.84,0,1.0,1.0,1.0,1.0,1.0,1.0,1.0,1.0,1.0,0.0,1.0,1.0,1.0,1.0
5.910307586312037,5.54,,778.317554748448,1667.640569424486,165.65858551741408,119.0,40.7670484053757,8.95,2050.0,8.537,9.44,4933000.0,47.8,45.84,0,1.0,1.0,1.0,1.0,1.0,0.0,1.0,0.0,1.0,1.0,1.0,1.0,0.0,1.0
6.502538742690058,5.54,,758.3672181071645,1667.640569424486,107.08470862254296,8.71,44.83398810203367,0.47,2050.0,8.537,9.44,4933000.0,13.6,45.84,0,1.0,1.0,1.0,1.0,1.0,0.0,1.0,0.0,1.0,1.0,1.0,1.0,0.0,1.0
6.638263888888891,5.54,6.92,201.0,1667.640569424486,96.21354908710045,2.85,46.99568477129639,0.4,2050.0,8.537,9.44,4933000.0,54.7,45.84,0,1.0,1.0,0.0,1.0,1.0,0.0,1.0,0.0,1.0,1.0,1.0,1.0,1.0,1.0
6.73288888888889,5.54,,271.0,1667.640569424486,106.62523597857428,9.73,46.87174318915488,5.69,2050.0,8.537,9.44,4933000.0,54.7,45.84,0,1.0,1.0,0.0,1.0,1.0,0.0,1.0,0.0,1.0,1.0,1.0,1.0,1.0,1.0
6.72063888888889,5.54,,260.0,1667.640569424486,106.62523597857428,11.4,46.87174318915488,2.65,2050.0,8.537,9.44,4933000.0,54.7,45.84,0,1.0,1.0,0.0,1.0,1.0,0.0,1.0,0.0,1.0,1.0,1.0,1.0,1.0,1.0
6.638263888888891,5.54,,253.0,1667.640569424486,100.35255450359654,7.18,44.83398810203367,1.44,2050.0,8.537,9.44,4933000.0,54.7,45.84,0,1.0,1.0,0.0,1.0,1.0,0.0,1.0,0.0,1.0,1.0,1.0,1.0,1.0,1.0
6.59213249269006,5.54,,758.3672181071645,1667.640569424486,106.58417536573828,0.36,44.83398810203367,3.23,2050.0,8.537,9.44,4933000.0,54.7,45.84,0,1.0,1.0,1.0,1.0,1.0,0.0,1.0,0.0,1.0,1.0,1.0,1.0,1.0,1.0
5.859768700866103,5.54,,285145.5532579825,15350.52435046329,10862.001,407.44,2051.8588030492424,478.3997499999999,2050.0,8.537,9.44,4933000.0,54.7,45.84,1,1.0,1.0,1.0,1.0,1.0,0.0,1.0,1.0,1.0,1.0,1.0,1.0,1.0,1.0
6.9,5.54,4.3,346347.3178374557,22089.80924135018,21021.275,20011.925,15868.275999999998,687.75,2050.0,8.537,9.44,4933000.0,54.7,45.84,0,0.0,1.0,1.0,1.0,1.0,1.0,1.0,1.0,1.0,1.0,1.0,1.0,1.0,1.0
5.779317798030142,5.54,,778.317554748448,1565.8023092323376,166.33146571513612,61.405779973826554,41.29380146093125,4.39745695170101,6748.0,8.537,9.44,4933000.0,54.7,45.84,0,1.0,1.0,1.0,1.0,1.0,1.0,1.0,1.0,0.0,1.0,1.0,1.0,1.0,1.0
7.712221755315833,5.54,,1888.0,159.0,23207.805598214287,564.9693120273791,642.7144397217857,32.81395720619645,2050.0,8.537,9.44,4933000.0,54.7,45.84,1,1.0,1.0,0.0,0.0,1.0,1.0,1.0,1.0,1.0,1.0,1.0,1.0,1.0,1.0
7.712221755315833,5.54,,1632.0,139.0,23207.805598214287,564.9693120273791,642.7144397217857,32.81395720619645,2050.0,8.537,9.44,4933000.0,54.7,45.84,1,1.0,1.0,0.0,0.0,1.0,1.0,1.0,1.0,1.0,1.0,1.0,1.0,1.0,1.0
7.712221755315833,5.54,,227.0,22.0,23073.086479166665,544.1066325957588,385.7381897217853,30.429689526353194,2050.0,8.537,9.44,4933000.0,54.7,45.84,0,1.0,1.0,0.0,0.0,1.0,1.0,1.0,1.0,1.0,1.0,1.0,1.0,1.0,1.0
6.7535847163331395,5.54,,822.85,1667.640569424486,112.32332905527636,44.062430751516274,46.041581624213,5.937479224744466,2050.0,8.537,9.44,4933000.0,54.7,45.84,1,1.0,1.0,0.0,1.0,1.0,1.0,1.0,1.0,1.0,1.0,1.0,1.0,1.0,1.0
6.757532632999807,5.54,,346.5,1667.640569424486,104.36750726041244,12.740995215870532,47.39849624471043,5.947605926443679,2050.0,8.537,9.44,4933000.0,54.7,45.84,0,1.0,1.0,0.0,1.0,1.0,1.0,1.0,1.0,1.0,1.0,1.0,1.0,1.0,1.0
6.837264759962238,5.54,,227.175,1667.640569424486,104.36750726041244,13.441373939160297,47.39849624471043,5.62995441690365,2050.0,8.537,9.44,4933000.0,54.7,45.84,0,1.0,1.0,0.0,1.0,1.0,1.0,1.0,1.0,1.0,1.0,1.0,1.0,1.0,1.0
6.713240695762572,5.54,,38641.40527878342,24472.84924135018,2286.889887715308,332.10604390175746,564.8559725651824,544.53025,2050.0,8.537,9.44,4933000.0,54.7,45.84,0,1.0,1.0,1.0,1.0,1.0,1.0,1.0,1.0,1.0,1.0,1.0,1.0,1.0,1.0
6.14,5.54,1.48,21042.969141616828,8960.408934800162,59.3,126.84002281740403,92.12813150067144,76.80553863943474,782.0,12.4,9.44,4933000.0,54.7,45.84,0,0.0,1.0,1.0,1.0,0.0,1.0,1.0,1.0,0.0,0.0,1.0,1.0,1.0,1.0
4.62,5.54,2.38,1027.543136654311,776.1030894118326,1303.5331217625242,330.9124330756785,177.91801381387535,12.125191089515988,2050.0,8.537,9.44,4933000.0,54.7,45.84,0,0.0,1.0,1.0,1.0,1.0,1.0,1.0,1.0,1.0,1.0,1.0,1.0,1.0,1.0
4.7,5.54,2.1,1027.543136654311,803.4328444167227,101.84937602346182,68.03059065502846,160.61760348496287,19.880762610293782,2050.0,8.537,9.44,4933000.0,54.7,45.84,0,0.0,1.0,1.0,1.0,1.0,1.0,1.0,1.0,1.0,1.0,1.0,1.0,1.0,1.0
6.23,5.54,1.23,950.2670603764088,219.6812853784296,265.784168665617,62.12660067671096,132.7568782858654,18.553756709162997,2050.0,8.537,9.44,4933000.0,54.7,45.84,0,0.0,1.0,1.0,1.0,1.0,1.0,1.0,1.0,1.0,1.0,1.0,1.0,1.0,1.0
6.35,5.54,2.92,950.2670603764088,247.0110403833195,85.19266073599479,67.16962989858945,130.1427505725275,18.97460512128872,2050.0,8.537,9.44,4933000.0,54.7,45.84,0,0.0,1.0,1.0,1.0,1.0,1.0,1.0,1.0,1.0,1.0,1.0,1.0,1.0,1.0
7.52,5.54,0.532,282736.04910689674,9579.034961877658,31952.9995,603.4256750581742,5582.327750000001,219.3079015197649,2050.0,8.537,9.44,4933000.0,54.7,45.84,0,0.0,1.0,1.0,1.0,1.0,1.0,1.0,1.0,1.0,1.0,1.0,1.0,1.0,1.0
7.781243467875049,5.54,,990.0,219.6812853784296,23327.923979166662,557.6147345459494,651.9339501384522,25.16742012954307,2050.0,8.537,9.44,4933000.0,54.7,45.84,1,1.0,1.0,0.0,1.0,1.0,1.0,1.0,1.0,1.0,1.0,1.0,1.0,1.0,1.0
6.837264759962238,5.54,,30.0,1667.640569424486,104.36750726041244,13.441373939160297,47.39849624471043,5.62995441690365,2050.0,8.537,9.44,4933000.0,54.7,45.84,0,1.0,1.0,0.0,1.0,1.0,1.0,1.0,1.0,1.0,1.0,1.0,1.0,1.0,1.0
6.837264759962238,5.54,,0.0,1667.640569424486,104.36750726041244,13.441373939160297,47.39849624471043,5.62995441690365,2050.0,8.537,9.44,4933000.0,54.7,45.84,0,1.0,1.0,0.0,1.0,1.0,1.0,1.0,1.0,1.0,1.0,1.0,1.0,1.0,1.0
6.837264759962238,5.54,,30.0,1667.640569424486,104.36750726041244,13.441373939160297,47.39849624471043,5.62995441690365,2050.0,8.537,9.44,4933000.0,54.7,45.84,0,1.0,1.0,0.0,1.0,1.0,1.0,1.0,1.0,1.0,1.0,1.0,1.0,1.0,1.0
6.837264759962238,5.54,,70.0,1667.640569424486,104.36750726041244,13.441373939160297,47.39849624471043,5.62995441690365,2050.0,8.537,9.44,4933000.0,54.7,45.84,0,1.0,1.0,0.0,1.0,1.0,1.0,1.0,1.0,1.0,1.0,1.0,1.0,1.0,1.0
6.837264759962238,5.54,,110.0,1667.640569424486,104.36750726041244,13.441373939160297,47.39849624471043,5.62995441690365,2050.0,8.537,9.44,4933000.0,54.7,45.84,0,1.0,1.0,0.0,1.0,1.0,1.0,1.0,1.0,1.0,1.0,1.0,1.0,1.0,1.0
6.837264759962238,5.54,,40.0,1667.640569424486,104.36750726041244,13.441373939160297,47.39849624471043,5.62995441690365,2050.0,8.537,9.44,4933000.0,54.7,45.84,0,1.0,1.0,0.0,1.0,1.0,1.0,1.0,1.0,1.0,1.0,1.0,1.0,1.0,1.0
5.79997868532938,5.54,,950.2670603764088,871.271104608871,72.46968850158503,30.07,130.1427505725275,11.21,2050.0,8.537,9.44,4933000.0,54.7,45.84,0,1.0,1.0,1.0,1.0,1.0,0.0,1.0,0.0,1.0,1.0,1.0,1.0,1.0,1.0
6.662957492690059,5.54,,758.3672181071645,1667.640569424486,106.62523597857428,16.58,44.83398810203367,5.31,2050.0,8.537,9.44,4933000.0,54.7,45.84,0,1.0,1.0,1.0,1.0,1.0,0.0,1.0,0.0,1.0,1.0,1.0,1.0,1.0,1.0
6.5047387426900585,5.54,,758.3672181071645,1667.640569424486,101.30274495013025,0.7,44.83398810203367,0.54,2050.0,8.537,9.44,4933000.0,54.7,45.84,0,1.0,1.0,1.0,1.0,1.0,0.0,1.0,0.0,1.0,1.0,1.0,1.0,1.0,1.0
4.8,5.54,0.2175,1027.543136654311,803.4328444167227,101.84937602346182,68.03059065502846,130.1427505725275,19.033516556698775,2050.0,8.537,9.44,4933000.0,54.7,45.84,0,0.0,1.0,1.0,1.0,1.0,1.0,1.0,1.0,1.0,1.0,1.0,1.0,1.0,1.0
6.713240695762572,5.54,,38641.40527878342,24472.84924135018,2286.889887715308,332.10604390175746,564.8559725651824,544.53025,2050.0,8.537,9.44,4933000.0,54.7,45.84,0,1.0,1.0,1.0,1.0,1.0,1.0,1.0,1.0,1.0,1.0,1.0,1.0,1.0,1.0
6.713240695762572,5.54,,38641.40527878342,24472.84924135018,2286.889887715308,332.10604390175746,564.8559725651824,544.53025,2050.0,8.537,9.44,4933000.0,54.7,45.84,0,1.0,1.0,1.0,1.0,1.0,1.0,1.0,1.0,1.0,1.0,1.0,1.0,1.0,1.0
6.713240695762572,5.54,,38641.40527878342,24472.84924135018,2286.889887715308,332.10604390175746,564.8559725651824,544.53025,2050.0,8.537,9.44,4933000.0,54.7,45.84,0,1.0,1.0,1.0,1.0,1.0,1.0,1.0,1.0,1.0,1.0,1.0,1.0,1.0,1.0
6.713240695762572,5.54,,38641.40527878342,24472.84924135018,2286.889887715308,332.10604390175746,564.8559725651824,544.53025,2050.0,8.537,9.44,4933000.0,54.7,45.84,0,1.0,1.0,1.0,1.0,1.0,1.0,1.0,1.0,1.0,1.0,1.0,1.0,1.0,1.0
6.713240695762572,5.54,,38641.40527878342,24472.84924135018,2286.889887715308,332.10604390175746,564.8559725651824,544.53025,2050.0,8.537,9.44,4933000.0,54.7,45.84,0,1.0,1.0,1.0,1.0,1.0,1.0,1.0,1.0,1.0,1.0,1.0,1.0,1.0,1.0
6.713240695762572,5.54,,38641.40527878342,24472.84924135018,2286.889887715308,332.10604390175746,564.8559725651824,544.53025,2050.0,8.537,9.44,4933000.0,54.7,45.84,0,1.0,1.0,1.0,1.0,1.0,1.0,1.0,1.0,1.0,1.0,1.0,1.0,1.0,1.0
6.713240695762572,5.54,,38641.40527878342,24472.84924135018,2286.889887715308,332.10604390175746,564.8559725651824,544.53025,2050.0,8.537,9.44,4933000.0,54.7,45.84,0,1.0,1.0,1.0,1.0,1.0,1.0,1.0,1.0,1.0,1.0,1.0,1.0,1.0,1.0
6.713240695762572,5.54,,38641.40527878342,24472.84924135018,2286.889887715308,332.10604390175746,564.8559725651824,544.53025,2050.0,8.537,9.44,4933000.0,54.7,45.84,0,1.0,1.0,1.0,1.0,1.0,1.0,1.0,1.0,1.0,1.0,1.0,1.0,1.0,1.0
6.713240695762572,5.54,,38641.40527878342,24472.84924135018,2286.889887715308,332.10604390175746,564.8559725651824,544.53025,2050.0,8.537,9.44,4933000.0,54.7,45.84,0,1.0,1.0,1.0,1.0,1.0,1.0,1.0,1.0,1.0,1.0,1.0,1.0,1.0,1.0
6.713240695762572,5.54,,38641.40527878342,24472.84924135018,2286.889887715308,332.10604390175746,564.8559725651824,544.53025,2050.0,8.537,9.44,4933000.0,54.7,45.84,0,1.0,1.0,1.0,1.0,1.0,1.0,1.0,1.0,1.0,1.0,1.0,1.0,1.0,1.0
6.713240695762572,5.54,,38641.40527878342,24472.84924135018,2286.889887715308,332.10604390175746,564.8559725651824,544.53025,2050.0,8.537,9.44,4933000.0,54.7,45.84,0,1.0,1.0,1.0,1.0,1.0,1.0,1.0,1.0,1.0,1.0,1.0,1.0,1.0,1.0
6.713240695762572,5.54,,38641.40527878342,24472.84924135018,2286.889887715308,332.10604390175746,564.8559725651824,544.53025,2050.0,8.537,9.44,4933000.0,54.7,45.84,0,1.0,1.0,1.0,1.0,1.0,1.0,1.0,1.0,1.0,1.0,1.0,1.0,1.0,1.0
6.713240695762572,5.54,,38641.40527878342,24472.84924135018,2286.889887715308,332.10604390175746,564.8559725651824,544.53025,2050.0,8.537,9.44,4933000.0,54.7,45.84,0,1.0,1.0,1.0,1.0,1.0,1.0,1.0,1.0,1.0,1.0,1.0,1.0,1.0,1.0
6.713240695762572,5.54,,38641.40527878342,24472.84924135018,2286.889887715308,332.10604390175746,564.8559725651824,544.53025,2050.0,8.537,9.44,4933000.0,54.7,45.84,0,1.0,1.0,1.0,1.0,1.0,1.0,1.0,1.0,1.0,1.0,1.0,1.0,1.0,1.0
6.713240695762572,5.54,,38641.40527878342,24472.84924135018,2286.889887715308,332.10604390175746,564.8559725651824,544.53025,2050.0,8.537,9.44,4933000.0,54.7,45.84,0,1.0,1.0,1.0,1.0,1.0,1.0,1.0,1.0,1.0,1.0,1.0,1.0,1.0,1.0
6.713240695762572,5.54,,38641.40527878342,24472.84924135018,2286.889887715308,332.10604390175746,564.8559725651824,544.53025,2050.0,8.537,9.44,4933000.0,54.7,45.84,0,1.0,1.0,1.0,1.0,1.0,1.0,1.0,1.0,1.0,1.0,1.0,1.0,1.0,1.0
6.713240695762572,5.54,,38641.40527878342,24472.84924135018,2286.889887715308,332.10604390175746,564.8559725651824,544.53025,2050.0,8.537,9.44,4933000.0,54.7,45.84,0,1.0,1.0,1.0,1.0,1.0,1.0,1.0,1.0,1.0,1.0,1.0,1.0,1.0,1.0
6.713240695762572,5.54,,38641.40527878342,24472.84924135018,2286.889887715308,332.10604390175746,564.8559725651824,544.53025,2050.0,8.537,9.44,4933000.0,54.7,45.84,0,1.0,1.0,1.0,1.0,1.0,1.0,1.0,1.0,1.0,1.0,1.0,1.0,1.0,1.0
6.713240695762572,5.54,,38641.40527878342,24472.84924135018,2286.889887715308,332.10604390175746,564.8559725651824,544.53025,2050.0,8.537,9.44,4933000.0,54.7,45.84,0,1.0,1.0,1.0,1.0,1.0,1.0,1.0,1.0,1.0,1.0,1.0,1.0,1.0,1.0
6.713240695762572,5.54,,38641.40527878342,24472.84924135018,2286.889887715308,332.10604390175746,564.8559725651824,544.53025,2050.0,8.537,9.44,4933000.0,54.7,45.84,0,1.0,1.0,1.0,1.0,1.0,1.0,1.0,1.0,1.0,1.0,1.0,1.0,1.0,1.0
6.713240695762572,5.54,,38641.40527878342,24472.84924135018,2286.889887715308,332.10604390175746,564.8559725651824,544.53025,2050.0,8.537,9.44,4933000.0,54.7,45.84,0,1.0,1.0,1.0,1.0,1.0,1.0,1.0,1.0,1.0,1.0,1.0,1.0,1.0,1.0
6.713240695762572,5.54,,38641.40527878342,24472.84924135018,2286.889887715308,332.10604390175746,564.8559725651824,544.53025,2050.0,8.537,9.44,4933000.0,54.7,45.84,0,1.0,1.0,1.0,1.0,1.0,1.0,1.0,1.0,1.0,1.0,1.0,1.0,1.0,1.0
6.713240695762572,5.54,,38641.40527878342,24472.84924135018,2286.889887715308,332.10604390175746,564.8559725651824,544.53025,2050.0,8.537,9.44,4933000.0,54.7,45.84,0,1.0,1.0,1.0,1.0,1.0,1.0,1.0,1.0,1.0,1.0,1.0,1.0,1.0,1.0
6.713240695762572,5.54,,38641.40527878342,24472.84924135018,2286.889887715308,332.10604390175746,564.8559725651824,544.53025,2050.0,8.537,9.44,4933000.0,54.7,45.84,0,1.0,1.0,1.0,1.0,1.0,1.0,1.0,1.0,1.0,1.0,1.0,1.0,1.0,1.0
6.713240695762572,5.54,,38641.40527878342,24472.84924135018,2286.889887715308,332.10604390175746,564.8559725651824,544.53025,2050.0,8.537,9.44,4933000.0,54.7,45.84,0,1.0,1.0,1.0,1.0,1.0,1.0,1.0,1.0,1.0,1.0,1.0,1.0,1.0,1.0
6.713240695762572,5.54,,38641.40527878342,24472.84924135018,2286.889887715308,332.10604390175746,564.8559725651824,544.53025,2050.0,8.537,9.44,4933000.0,54.7,45.84,0,1.0,1.0,1.0,1.0,1.0,1.0,1.0,1.0,1.0,1.0,1.0,1.0,1.0,1.0
6.713240695762572,5.54,,38641.40527878342,24472.84924135018,2286.889887715308,332.10604390175746,564.8559725651824,544.53025,2050.0,8.537,9.44,4933000.0,54.7,45.84,0,1.0,1.0,1.0,1.0,1.0,1.0,1.0,1.0,1.0,1.0,1.0,1.0,1.0,1.0
6.713240695762572,5.54,,38641.40527878342,24472.84924135018,2286.889887715308,332.10604390175746,564.8559725651824,544.53025,2050.0,8.537,9.44,4933000.0,54.7,45.84,0,1.0,1.0,1.0,1.0,1.0,1.0,1.0,1.0,1.0,1.0,1.0,1.0,1.0,1.0
6.713240695762572,5.54,,38641.40527878342,24472.84924135018,2286.889887715308,332.10604390175746,564.8559725651824,544.53025,2050.0,8.537,9.44,4933000.0,54.7,45.84,0,1.0,1.0,1.0,1.0,1.0,1.0,1.0,1.0,1.0,1.0,1.0,1.0,1.0,1.0
6.713240695762572,5.54,,38641.40527878342,24472.84924135018,2286.889887715308,332.10604390175746,564.8559725651824,544.53025,2050.0,8.537,9.44,4933000.0,54.7,45.84,0,1.0,1.0,1.0,1.0,1.0,1.0,1.0,1.0,1.0,1.0,1.0,1.0,1.0,1.0
6.713240695762572,5.54,,38641.40527878342,24472.84924135018,2286.889887715308,332.10604390175746,564.8559725651824,544.53025,2050.0,8.537,9.44,4933000.0,54.7,45.84,0,1.0,1.0,1.0,1.0,1.0,1.0,1.0,1.0,1.0,1.0,1.0,1.0,1.0,1.0
6.758282632999807,5.54,,690.3,1667.640569424486,104.36750726041244,11.30206905390373,47.39849624471043,5.812138243902128,2050.0,8.537,9.44,4933000.0,54.7,45.84,1,1.0,1.0,0.0,1.0,1.0,1.0,1.0,1.0,1.0,1.0,1.0,1.0,1.0,1.0
6.757532632999807,5.54,,497.5,1667.640569424486,104.36750726041244,12.407406557819462,47.39849624471043,5.946826396750153,2050.0,8.537,9.44,4933000.0,54.7,45.84,0,1.0,1.0,0.0,1.0,1.0,1.0,1.0,1.0,1.0,1.0,1.0,1.0,1.0,1.0
6.757532632999807,5.54,,356.47,1667.640569424486,104.36750726041244,12.740995215870532,47.39849624471043,5.972596231286924,2050.0,8.537,9.44,4933000.0,54.7,45.84,0,1.0,1.0,0.0,1.0,1.0,1.0,1.0,1.0,1.0,1.0,1.0,1.0,1.0,1.0
6.837264759962238,5.54,,318.4,1667.640569424486,104.36750726041244,13.441373939160297,47.39849624471043,5.947605926443679,2050.0,8.537,9.44,4933000.0,54.7,45.84,0,1.0,1.0,0.0,1.0,1.0,1.0,1.0,1.0,1.0,1.0,1.0,1.0,1.0,1.0
6.837264759962238,5.54,,318.2,1667.640569424486,104.36750726041244,13.441373939160297,47.39849624471043,5.947605926443679,2050.0,8.537,9.44,4933000.0,54.7,45.84,0,1.0,1.0,0.0,1.0,1.0,1.0,1.0,1.0,1.0,1.0,1.0,1.0,1.0,1.0
6.837264759962238,5.54,,217.79,1667.640569424486,104.36750726041244,13.441373939160297,47.39849624471043,5.62995441690365,2050.0,8.537,9.44,4933000.0,54.7,45.84,0,1.0,1.0,0.0,1.0,1.0,1.0,1.0,1.0,1.0,1.0,1.0,1.0,1.0,1.0
6.837264759962238,5.54,,129.5,1667.640569424486,104.36750726041244,13.441373939160297,47.39849624471043,5.62995441690365,2050.0,8.537,9.44,4933000.0,54.7,45.84,0,1.0,1.0,0.0,1.0,1.0,1.0,1.0,1.0,1.0,1.0,1.0,1.0,1.0,1.0
6.379961646141096,5.54,,778.317554748448,1667.640569424486,141.35300563369202,88.8,40.7670484053757,3.2,2050.0,8.537,9.44,4933000.0,54.7,45.84,0,1.0,1.0,1.0,1.0,1.0,0.0,1.0,0.0,1.0,1.0,1.0,1.0,1.0,1.0
6.684509576023392,5.54,,778.317554748448,1667.640569424486,114.58105777343818,40.5,40.7670484053757,7.2,2050.0,8.537,9.44,4933000.0,54.7,45.84,0,1.0,1.0,1.0,1.0,1.0,0.0,1.0,0.0,1.0,1.0,1.0,1.0,1.0,1.0
6.278158704964624,5.54,,778.317554748448,1667.640569424486,129.29620065592212,114.5,40.7670484053757,1.1,2050.0,8.537,9.44,4933000.0,54.7,45.84,0,1.0,1.0,1.0,1.0,1.0,0.0,1.0,0.0,1.0,1.0,1.0,1.0,1.0,1.0
7.93,5.54,0.244,224089320.41666663,101518654.16666666,439569.575,31211.35,66594.3305,4501.375,2050.0,8.537,9.44,4933000.0,54.7,45.84,0,0.0,1.0,1.0,1.0,1.0,1.0,1.0,1.0,1.0,1.0,1.0,1.0,1.0,1.0
6.713240695762572,5.54,,38641.40527878342,24472.84924135018,2286.889887715308,332.10604390175746,564.8559725651824,544.53025,2050.0,8.537,9.44,4933000.0,54.7,45.84,0,1.0,1.0,1.0,1.0,1.0,1.0,1.0,1.0,1.0,1.0,1.0,1.0,1.0,1.0
6.713240695762572,5.54,,38641.40527878342,24472.84924135018,2286.889887715308,332.10604390175746,564.8559725651824,544.53025,2050.0,8.537,9.44,4933000.0,54.7,45.84,0,1.0,1.0,1.0,1.0,1.0,1.0,1.0,1.0,1.0,1.0,1.0,1.0,1.0,1.0
7.86,5.54,0.232,23825105.25418087,733752.2931250001,371172.9,22338.6875,64717.60925,3443.8,2050.0,8.537,9.44,4933000.0,54.7,45.84,0,0.0,1.0,1.0,1.0,1.0,1.0,1.0,1.0,1.0,1.0,1.0,1.0,1.0,1.0
6.713240695762572,5.54,,38641.40527878342,24472.84924135018,2286.889887715308,332.10604390175746,564.8559725651824,544.53025,2050.0,8.537,9.44,4933000.0,54.7,45.84,0,1.0,1.0,1.0,1.0,1.0,1.0,1.0,1.0,1.0,1.0,1.0,1.0,1.0,1.0
6.713240695762572,5.54,,38641.40527878342,24472.84924135018,2286.889887715308,332.10604390175746,564.8559725651824,544.53025,2050.0,8.537,9.44,4933000.0,54.7,45.84,0,1.0,1.0,1.0,1.0,1.0,1.0,1.0,1.0,1.0,1.0,1.0,1.0,1.0,1.0
7.09,5.54,0.223,2184974.038502981,306354.270635582,552488.575,50971.775,61887.664249999994,4946.375,2050.0,8.537,9.44,4933000.0,54.7,45.84,0,0.0,1.0,1.0,1.0,1.0,1.0,1.0,1.0,1.0,1.0,1.0,1.0,1.0,1.0
6.713240695762572,5.54,,38641.40527878342,24472.84924135018,2286.889887715308,332.10604390175746,564.8559725651824,544.53025,2050.0,8.537,9.44,4933000.0,54.7,45.84,0,1.0,1.0,1.0,1.0,1.0,1.0,1.0,1.0,1.0,1.0,1.0,1.0,1.0,1.0
6.713240695762572,5.54,,38641.40527878342,24472.84924135018,2286.889887715308,332.10604390175746,564.8559725651824,544.53025,2050.0,8.537,9.44,4933000.0,54.7,45.84,0,1.0,1.0,1.0,1.0,1.0,1.0,1.0,1.0,1.0,1.0,1.0,1.0,1.0,1.0
6.53,5.54,0.221,225015.3729130664,27160.349241350184,2286.889887715308,302.2182939017574,1957.2635602412645,568.5,2050.0,8.537,9.44,4933000.0,54.7,45.84,0,0.0,1.0,1.0,1.0,1.0,1.0,1.0,1.0,1.0,1.0,1.0,1.0,1.0,1.0
6.713240695762572,5.54,,38641.40527878342,24472.84924135018,2286.889887715308,332.10604390175746,564.8559725651824,544.53025,2050.0,8.537,9.44,4933000.0,54.7,45.84,0,1.0,1.0,1.0,1.0,1.0,1.0,1.0,1.0,1.0,1.0,1.0,1.0,1.0,1.0
6.713240695762572,5.54,,38641.40527878342,24472.84924135018,2286.889887715308,332.10604390175746,564.8559725651824,544.53025,2050.0,8.537,9.44,4933000.0,54.7,45.84,0,1.0,1.0,1.0,1.0,1.0,1.0,1.0,1.0,1.0,1.0,1.0,1.0,1.0,1.0
5.941713267064623,5.54,1.5,3778.78174001895,3.0,839.5411890243904,292.78643900397026,241.33200613055288,21.889644167938503,2050.0,8.537,9.44,4933000.0,45.0,8.6,0,1.0,1.0,1.0,0.0,1.0,1.0,1.0,1.0,1.0,1.0,1.0,1.0,0.0,0.0
6.713240695762572,5.54,1.5,38641.40527878342,24472.84924135018,2286.889887715308,332.10604390175746,564.8559725651824,544.53025,2050.0,8.537,9.44,4933000.0,54.7,45.84,0,1.0,1.0,1.0,1.0,1.0,1.0,1.0,1.0,1.0,1.0,1.0,1.0,1.0,1.0
6.713240695762572,5.54,2.1,38641.40527878342,24472.84924135018,2286.889887715308,332.10604390175746,564.8559725651824,544.53025,2050.0,8.537,9.44,4933000.0,54.7,45.84,0,1.0,1.0,1.0,1.0,1.0,1.0,1.0,1.0,1.0,1.0,1.0,1.0,1.0,1.0
6.713240695762572,5.54,0.8,38641.40527878342,24472.84924135018,2286.889887715308,332.10604390175746,564.8559725651824,544.53025,2050.0,8.537,9.44,4933000.0,54.7,45.84,0,1.0,1.0,1.0,1.0,1.0,1.0,1.0,1.0,1.0,1.0,1.0,1.0,1.0,1.0
5.203506531613113,5.54,4.5,1027.543136654311,201.0349243524495,580.8380177621353,274.3461760771296,187.58003502587547,28.63920705516392,2050.0,8.537,9.44,4933000.0,1400.0,45.84,0,1.0,1.0,1.0,1.0,1.0,1.0,1.0,1.0,1.0,1.0,1.0,1.0,0.0,1.0
6.2,5.54,2.175,20635.052474950156,6163.007089963301,276.0,63.5933844669605,3.16,45.4548936015898,2050.0,8.537,9.44,4933000.0,54.7,45.84,0,0.0,1.0,1.0,1.0,0.0,1.0,0.0,1.0,1.0,1.0,1.0,1.0,1.0,1.0
5.203506531613113,5.54,,1027.543136654311,201.0349243524495,580.8380177621353,274.3461760771296,187.58003502587547,28.63920705516392,2050.0,8.537,9.44,4933000.0,590.0,45.84,0,1.0,1.0,1.0,1.0,1.0,1.0,1.0,1.0,1.0,1.0,1.0,1.0,0.0,1.0
5.203506531613113,5.54,,1027.543136654311,201.0349243524495,580.8380177621353,274.3461760771296,187.58003502587547,28.63920705516392,2050.0,8.537,9.44,4933000.0,400.0,45.84,0,1.0,1.0,1.0,1.0,1.0,1.0,1.0,1.0,1.0,1.0,1.0,1.0,0.0,1.0
6.713240695762572,5.54,,38641.40527878342,24472.84924135018,2286.889887715308,332.10604390175746,564.8559725651824,544.53025,2050.0,8.537,9.44,4933000.0,54.7,45.84,0,1.0,1.0,1.0,1.0,1.0,1.0,1.0,1.0,1.0,1.0,1.0,1.0,1.0,1.0
6.713240695762572,5.54,,38641.40527878342,24472.84924135018,2286.889887715308,332.10604390175746,564.8559725651824,544.53025,2050.0,8.537,9.44,4933000.0,54.7,45.84,0,1.0,1.0,1.0,1.0,1.0,1.0,1.0,1.0,1.0,1.0,1.0,1.0,1.0,1.0
6.713240695762572,5.54,,38641.40527878342,24472.84924135018,2286.889887715308,332.10604390175746,564.8559725651824,544.53025,2050.0,8.537,9.44,4933000.0,54.7,45.84,0,1.0,1.0,1.0,1.0,1.0,1.0,1.0,1.0,1.0,1.0,1.0,1.0,1.0,1.0
6.713240695762572,5.54,,38641.40527878342,24472.84924135018,2286.889887715308,332.10604390175746,564.8559725651824,544.53025,2050.0,8.537,9.44,4933000.0,54.7,45.84,0,1.0,1.0,1.0,1.0,1.0,1.0,1.0,1.0,1.0,1.0,1.0,1.0,1.0,1.0
5.19455915761628,5.54,0.66,1027.543136654311,67.4,1851.2731333333336,345.68858838964167,226.22312093529703,19.525944256588296,2050.0,8.537,9.44,4933000.0,1279.61,582.49,0,1.0,1.0,1.0,0.0,1.0,1.0,1.0,1.0,1.0,1.0,1.0,1.0,0.0,0.0
5.6474225590585885,5.54,,950.2670603764088,20.4,1752.375275,361.1339785272797,188.34832055731667,16.7142067565883,2050.0,8.537,9.44,4933000.0,486.9,103.5,0,1.0,1.0,1.0,0.0,1.0,1.0,1.0,1.0,1.0,1.0,1.0,1.0,0.0,0.0
5.19455915761628,5.54,,1027.543136654311,48.3,1851.2731333333336,345.68858838964167,226.22312093529703,19.525944256588296,2050.0,8.537,9.44,4933000.0,288.5,118.8,0,1.0,1.0,1.0,0.0,1.0,1.0,1.0,1.0,1.0,1.0,1.0,1.0,0.0,0.0
6.271895833333334,5.54,,21042.969141616828,18240.97862119256,0.604,261.4591172503768,95.7152931270814,518.6769067245789,2050.0,8.537,9.44,4933000.0,54.7,45.84,0,1.0,1.0,1.0,1.0,0.0,1.0,1.0,1.0,1.0,1.0,1.0,1.0,1.0,1.0
8.31,5.54,,1000000000.0,128276779.16666669,439569.575,31124.8,66594.3305,3998.375,2050.0,8.537,9.44,4933000.0,54.7,45.84,0,0.0,1.0,1.0,1.0,1.0,1.0,1.0,1.0,1.0,1.0,1.0,1.0,1.0,1.0
5.110296550778675,5.54,,1027.543136654311,32.4,889.6574181910566,294.26823262546833,153.18137220593317,19.328239583333335,2050.0,8.537,9.44,4933000.0,54.7,45.84,0,1.0,1.0,1.0,0.0,1.0,1.0,1.0,1.0,1.0,1.0,1.0,1.0,1.0,1.0
5.19455915761628,5.54,,1027.543136654311,55.0,1851.2731333333336,345.68858838964167,226.22312093529703,19.525944256588296,2050.0,8.537,9.44,4933000.0,730.0,326.0,0,1.0,1.0,1.0,0.0,1.0,1.0,1.0,1.0,1.0,1.0,1.0,1.0,0.0,0.0
6.713240695762572,5.54,,38641.40527878342,24472.84924135018,2286.889887715308,332.10604390175746,564.8559725651824,544.53025,2050.0,8.537,9.44,4933000.0,54.7,45.84,0,1.0,1.0,1.0,1.0,1.0,1.0,1.0,1.0,1.0,1.0,1.0,1.0,1.0,1.0
6.713240695762572,5.54,,38641.40527878342,24472.84924135018,2286.889887715308,332.10604390175746,564.8559725651824,544.53025,2050.0,8.537,9.44,4933000.0,54.7,45.84,0,1.0,1.0,1.0,1.0,1.0,1.0,1.0,1.0,1.0,1.0,1.0,1.0,1.0,1.0
6.713240695762572,5.54,1.52,38641.40527878342,24472.84924135018,2286.889887715308,332.10604390175746,564.8559725651824,544.53025,2050.0,8.537,9.44,4933000.0,54.7,45.84,0,1.0,1.0,1.0,1.0,1.0,1.0,1.0,1.0,1.0,1.0,1.0,1.0,1.0,1.0
6.713240695762572,5.54,0.933,38641.40527878342,24472.84924135018,2286.889887715308,332.10604390175746,564.8559725651824,544.53025,2050.0,8.537,9.44,4933000.0,54.7,45.84,0,1.0,1.0,1.0,1.0,1.0,1.0,1.0,1.0,1.0,1.0,1.0,1.0,1.0,1.0
6.713240695762572,5.54,2.85,38641.40527878342,24472.84924135018,2286.889887715308,332.10604390175746,564.8559725651824,544.53025,2050.0,8.537,9.44,4933000.0,54.7,45.84,0,1.0,1.0,1.0,1.0,1.0,1.0,1.0,1.0,1.0,1.0,1.0,1.0,1.0,1.0
5.941713267064623,5.54,,3778.78174001895,7.51,839.5411890243904,292.78643900397026,241.33200613055288,21.889644167938503,2050.0,8.537,9.44,4933000.0,27.79,5.44,0,1.0,1.0,1.0,0.0,1.0,1.0,1.0,1.0,1.0,1.0,1.0,1.0,0.0,0.0
7.45,5.54,,252537.15112146703,9579.034961877658,34117.5315,603.4256750581742,5582.327750000001,219.3079015197649,1015.0,8.537,9.44,4933000.0,54.7,45.84,0,0.0,1.0,1.0,1.0,1.0,1.0,1.0,1.0,0.0,1.0,1.0,1.0,1.0,1.0
6.118269790037281,5.54,,20369.46624995016,6125.163235643198,413.7640276618413,221.38785272061108,397.2216811508201,100.61876210032187,2050.0,1195.1,9.44,4933000.0,54.7,45.84,0,1.0,1.0,1.0,1.0,1.0,1.0,1.0,1.0,1.0,0.0,1.0,1.0,1.0,1.0
5.7230629757122,5.54,,950.2670603764088,871.271104608871,102.15373903790191,62.83622462624301,147.56888853351796,11.55312120667402,2050.0,27.9,9.44,4933000.0,54.7,45.84,0,1.0,1.0,1.0,1.0,1.0,1.0,1.0,1.0,1.0,0.0,1.0,1.0,1.0,1.0
5.891815455691271,5.54,,3778.78174001895,247.0110403833195,130.59602391995662,182.22807132743657,283.63891410920155,21.949746470516867,2050.0,131.1,9.44,4933000.0,54.7,45.84,0,1.0,1.0,1.0,1.0,1.0,1.0,1.0,1.0,1.0,0.0,1.0,1.0,1.0,1.0
6.118269790037281,5.54,,20369.46624995016,6125.163235643198,413.7640276618413,221.38785272061108,397.2216811508201,100.61876210032187,2050.0,1889.1,9.44,4933000.0,54.7,45.84,0,1.0,1.0,1.0,1.0,1.0,1.0,1.0,1.0,1.0,0.0,1.0,1.0,1.0,1.0
6.118269790037281,5.54,,20369.46624995016,6125.163235643198,413.7640276618413,221.38785272061108,397.2216811508201,100.61876210032187,2050.0,3128.4,9.44,4933000.0,54.7,45.84,0,1.0,1.0,1.0,1.0,1.0,1.0,1.0,1.0,1.0,0.0,1.0,1.0,1.0,1.0
5.0679050310800315,5.54,,989.5876664931608,776.1030894118326,156.92697523708642,186.8389286806352,152.71493883113703,12.56520545191976,2050.0,64.4,9.44,4933000.0,54.7,45.84,0,1.0,1.0,1.0,1.0,1.0,1.0,1.0,1.0,1.0,0.0,1.0,1.0,1.0,1.0
6.7052325757575755,5.54,,389308.4399649255,27707.849241350184,20763.325,3379.9738888888883,10447.89,568.5,2050.0,8.537,9.44,4933000.0,54.7,45.84,1,1.0,1.0,1.0,1.0,1.0,1.0,0.0,1.0,1.0,1.0,1.0,1.0,1.0,1.0
6.713240695762572,5.54,,38641.40527878342,24472.84924135018,2286.889887715308,332.10604390175746,564.8559725651824,544.53025,2050.0,8.537,9.44,4933000.0,54.7,45.84,0,1.0,1.0,1.0,1.0,1.0,1.0,1.0,1.0,1.0,1.0,1.0,1.0,1.0,1.0
6.713240695762572,5.54,,38641.40527878342,24472.84924135018,2286.889887715308,332.10604390175746,564.8559725651824,544.53025,2050.0,8.537,9.44,4933000.0,54.7,45.84,0,1.0,1.0,1.0,1.0,1.0,1.0,1.0,1.0,1.0,1.0,1.0,1.0,1.0,1.0
6.837264759962238,5.54,,140.0,1667.640569424486,104.36750726041244,13.441373939160297,47.39849624471043,5.62995441690365,2050.0,8.537,9.44,4933000.0,54.7,45.84,0,1.0,1.0,0.0,1.0,1.0,1.0,1.0,1.0,1.0,1.0,1.0,1.0,1.0,1.0
6.58,5.54,1.799,225015.3729130664,27160.349241350184,2286.889887715308,302.2182939017574,1957.2635602412645,568.5,2050.0,8.537,9.44,4933000.0,54.7,45.84,0,0.0,1.0,1.0,1.0,1.0,1.0,1.0,1.0,1.0,1.0,1.0,1.0,1.0,1.0
6.5047387426900585,5.54,6.92,758.3672181071645,1667.640569424486,101.30274495013025,2.85,44.83398810203367,0.4,2050.0,8.537,9.44,4933000.0,54.7,45.84,0,1.0,1.0,1.0,1.0,1.0,0.0,1.0,0.0,1.0,1.0,1.0,1.0,1.0,1.0
6.5047387426900585,5.54,,758.3672181071645,1667.640569424486,105.44175036662634,7.18,44.83398810203367,1.44,2050.0,8.537,9.44,4933000.0,54.7,45.84,0,1.0,1.0,1.0,1.0,1.0,0.0,1.0,0.0,1.0,1.0,1.0,1.0,1.0,1.0
6.662957492690059,5.54,,758.3672181071645,1667.640569424486,106.62523597857428,9.73,44.83398810203367,5.69,2050.0,8.537,9.44,4933000.0,54.7,45.84,0,1.0,1.0,1.0,1.0,1.0,0.0,1.0,0.0,1.0,1.0,1.0,1.0,1.0,1.0
6.6425824926900585,5.54,,758.3672181071645,1667.640569424486,106.62523597857428,11.4,44.83398810203367,2.65,2050.0,8.537,9.44,4933000.0,54.7,45.84,0,1.0,1.0,1.0,1.0,1.0,0.0,1.0,0.0,1.0,1.0,1.0,1.0,1.0,1.0
5.910307586312037,5.54,,778.317554748448,1667.640569424486,165.65858551741408,119.0,40.7670484053757,8.95,2050.0,8.537,9.44,4933000.0,47.8,45.84,0,1.0,1.0,1.0,1.0,1.0,0.0,1.0,0.0,1.0,1.0,1.0,1.0,0.0,1.0
6.502538742690058,5.54,,758.3672181071645,1667.640569424486,107.08470862254296,8.71,44.83398810203367,0.47,2050.0,8.537,9.44,4933000.0,13.6,45.84,0,1.0,1.0,1.0,1.0,1.0,0.0,1.0,0.0,1.0,1.0,1.0,1.0,0.0,1.0
6.757532632999807,5.54,,527.0,1667.640569424486,104.36750726041244,12.407406557819462,47.39849624471043,5.946826396750153,2050.0,8.537,9.44,4933000.0,54.7,45.84,0,1.0,1.0,0.0,1.0,1.0,1.0,1.0,1.0,1.0,1.0,1.0,1.0,1.0,1.0
6.757532632999807,5.54,,625.0,1667.640569424486,104.36750726041244,11.30206905390373,47.39849624471043,5.911490210094597,2050.0,8.537,9.44,4933000.0,54.7,45.84,1,1.0,1.0,0.0,1.0,1.0,1.0,1.0,1.0,1.0,1.0,1.0,1.0,1.0,1.0
6.713240695762572,5.54,,38641.40527878342,24472.84924135018,2286.889887715308,332.10604390175746,564.8559725651824,544.53025,2050.0,8.537,9.44,4933000.0,54.7,45.84,0,1.0,1.0,1.0,1.0,1.0,1.0,1.0,1.0,1.0,1.0,1.0,1.0,1.0,1.0
6.713240695762572,5.54,,38641.40527878342,24472.84924135018,2286.889887715308,332.10604390175746,564.8559725651824,544.53025,2050.0,8.537,9.44,4933000.0,54.7,45.84,0,1.0,1.0,1.0,1.0,1.0,1.0,1.0,1.0,1.0,1.0,1.0,1.0,1.0,1.0
6.713240695762572,5.54,,38641.40527878342,24472.84924135018,2286.889887715308,332.10604390175746,564.8559725651824,544.53025,2050.0,8.537,9.44,4933000.0,54.7,45.84,0,1.0,1.0,1.0,1.0,1.0,1.0,1.0,1.0,1.0,1.0,1.0,1.0,1.0,1.0
6.713240695762572,5.54,,38641.40527878342,24472.84924135018,2286.889887715308,332.10604390175746,564.8559725651824,544.53025,2050.0,8.537,9.44,4933000.0,54.7,45.84,0,1.0,1.0,1.0,1.0,1.0,1.0,1.0,1.0,1.0,1.0,1.0,1.0,1.0,1.0
6.724391220238094,5.54,,38641.40527878342,24472.84924135018,2286.889887715308,332.10604390175746,564.8559725651824,544.53025,2050.0,8.537,1.319,4933000.0,54.7,45.84,0,1.0,1.0,1.0,1.0,1.0,1.0,1.0,1.0,1.0,1.0,0.0,1.0,1.0,1.0
6.726141220238096,5.54,,38641.40527878342,24472.84924135018,2286.889887715308,332.10604390175746,564.8559725651824,544.53025,2050.0,8.537,1.283,4933000.0,54.7,45.84,0,1.0,1.0,1.0,1.0,1.0,1.0,1.0,1.0,1.0,1.0,0.0,1.0,1.0,1.0
6.713240695762572,5.54,,38641.40527878342,24472.84924135018,2286.889887715308,332.10604390175746,564.8559725651824,544.53025,2050.0,8.537,9.44,4933000.0,54.7,45.84,0,1.0,1.0,1.0,1.0,1.0,1.0,1.0,1.0,1.0,1.0,1.0,1.0,1.0,1.0
6.713240695762572,5.54,,38641.40527878342,24472.84924135018,2286.889887715308,332.10604390175746,564.8559725651824,544.53025,2050.0,8.537,9.44,4933000.0,54.7,45.84,0,1.0,1.0,1.0,1.0,1.0,1.0,1.0,1.0,1.0,1.0,1.0,1.0,1.0,1.0
6.702459576023392,5.54,,758.3672181071645,1667.640569424486,107.55045514010077,24.3,47.03651818915488,6.9,2050.0,8.537,9.44,4933000.0,54.7,45.84,0,1.0,1.0,1.0,1.0,1.0,0.0,1.0,0.0,1.0,1.0,1.0,1.0,1.0,1.0
5.635172559058588,5.54,,950.2670603764088,11.38,1752.375275,361.1339785272797,188.34832055731667,16.7142067565883,2050.0,8.537,9.44,4933000.0,162.85,61.35,0,1.0,1.0,1.0,0.0,1.0,1.0,1.0,1.0,1.0,1.0,1.0,1.0,0.0,0.0
5.203506531613113,5.54,,1027.543136654311,201.0349243524495,580.8380177621353,274.3461760771296,187.58003502587547,28.63920705516392,2050.0,8.537,9.44,4933000.0,174.2,53.38,0,1.0,1.0,1.0,1.0,1.0,1.0,1.0,1.0,1.0,1.0,1.0,1.0,0.0,0.0
6.713240695762572,5.54,,38641.40527878342,24472.84924135018,2286.889887715308,332.10604390175746,564.8559725651824,544.53025,2050.0,8.537,9.44,4933000.0,54.7,45.84,0,1.0,1.0,1.0,1.0,1.0,1.0,1.0,1.0,1.0,1.0,1.0,1.0,1.0,1.0
6.713240695762572,5.54,,38641.40527878342,24472.84924135018,2286.889887715308,332.10604390175746,564.8559725651824,544.53025,2050.0,8.537,9.44,4933000.0,54.7,45.84,0,1.0,1.0,1.0,1.0,1.0,1.0,1.0,1.0,1.0,1.0,1.0,1.0,1.0,1.0
6.713240695762572,5.54,,38641.40527878342,24472.84924135018,2286.889887715308,332.10604390175746,564.8559725651824,544.53025,2050.0,8.537,9.44,4933000.0,54.7,45.84,0,1.0,1.0,1.0,1.0,1.0,1.0,1.0,1.0,1.0,1.0,1.0,1.0,1.0,1.0
5.110296550778675,5.54,,1027.543136654311,42.0,889.6574181910566,294.26823262546833,153.18137220593317,19.328239583333335,2050.0,8.537,9.44,4933000.0,54.7,45.84,0,1.0,1.0,1.0,0.0,1.0,1.0,1.0,1.0,1.0,1.0,1.0,1.0,1.0,1.0
5.110296550778675,5.54,,1027.543136654311,47.0,889.6574181910566,294.26823262546833,153.18137220593317,19.328239583333335,2050.0,8.537,9.44,4933000.0,54.7,45.84,0,1.0,1.0,1.0,0.0,1.0,1.0,1.0,1.0,1.0,1.0,1.0,1.0,1.0,1.0
5.110296550778675,5.54,,1027.543136654311,13.0,889.6574181910566,294.26823262546833,153.18137220593317,19.328239583333335,2050.0,8.537,9.44,4933000.0,54.7,45.84,0,1.0,1.0,1.0,0.0,1.0,1.0,1.0,1.0,1.0,1.0,1.0,1.0,1.0,1.0
5.110296550778675,5.54,,1027.543136654311,11.0,889.6574181910566,294.26823262546833,153.18137220593317,19.328239583333335,2050.0,8.537,9.44,4933000.0,54.7,45.84,0,1.0,1.0,1.0,0.0,1.0,1.0,1.0,1.0,1.0,1.0,1.0,1.0,1.0,1.0
6.69,5.54,2.32,950.2670603764088,25.1,575.1715958333334,270.8165821285713,197.09282972284515,33.12042184650994,2050.0,8.537,9.44,4933000.0,116.9,33.37,0,0.0,1.0,1.0,0.0,1.0,1.0,1.0,1.0,1.0,1.0,1.0,1.0,0.0,0.0
8.68,5.54,,1000000000.0,221388216.6666667,439569.575,31124.8,66594.3305,3998.375,2050.0,8.537,9.44,4933000.0,54.7,45.84,0,0.0,1.0,1.0,1.0,1.0,1.0,1.0,1.0,1.0,1.0,1.0,1.0,1.0,1.0
6.84,5.54,0.85,774.0,1667.640569424486,112.32332905527636,44.062430751516274,46.041581624213,5.937479224744466,2050.0,8.537,9.44,4933000.0,54.7,45.84,1,0.0,1.0,0.0,1.0,1.0,1.0,1.0,1.0,1.0,1.0,1.0,1.0,1.0,1.0
6.84,5.54,0.85,573.0,1667.640569424486,104.36750726041244,11.30206905390373,47.39849624471043,5.959375230791633,2050.0,8.537,9.44,4933000.0,54.7,45.84,1,0.0,1.0,0.0,1.0,1.0,1.0,1.0,1.0,1.0,1.0,1.0,1.0,1.0,1.0
6.84,5.54,0.85,98.0,1667.640569424486,104.36750726041244,11.655420321026716,47.39849624471043,5.359599171184039,2050.0,8.537,9.44,4933000.0,54.7,45.84,0,0.0,1.0,0.0,1.0,1.0,1.0,1.0,1.0,1.0,1.0,1.0,1.0,1.0,1.0
6.84,5.54,0.85,179.0,1667.640569424486,104.36750726041244,11.655420321026716,47.39849624471043,5.359599171184039,2050.0,8.537,9.44,4933000.0,54.7,45.84,0,0.0,1.0,0.0,1.0,1.0,1.0,1.0,1.0,1.0,1.0,1.0,1.0,1.0,1.0
6.84,5.54,0.85,569.0,1667.640569424486,104.36750726041244,11.30206905390373,47.39849624471043,5.959375230791633,2050.0,8.537,9.44,4933000.0,54.7,45.84,1,0.0,1.0,0.0,1.0,1.0,1.0,1.0,1.0,1.0,1.0,1.0,1.0,1.0,1.0
6.84,5.54,0.85,637.0,1667.640569424486,104.36750726041244,11.30206905390373,47.39849624471043,5.911490210094597,2050.0,8.537,9.44,4933000.0,54.7,45.84,1,0.0,1.0,0.0,1.0,1.0,1.0,1.0,1.0,1.0,1.0,1.0,1.0,1.0,1.0
6.84,5.54,0.85,1495.0,1667.640569424486,132.1984031543355,60.99253530898763,49.97347440199078,5.443584923113062,2050.0,8.537,9.44,4933000.0,54.7,45.84,1,0.0,1.0,0.0,1.0,1.0,1.0,1.0,1.0,1.0,1.0,1.0,1.0,1.0,1.0
6.84,5.54,0.85,1277.0,1667.640569424486,132.1984031543355,60.99253530898763,49.97347440199078,5.443584923113062,2050.0,8.537,9.44,4933000.0,54.7,45.84,1,0.0,1.0,0.0,1.0,1.0,1.0,1.0,1.0,1.0,1.0,1.0,1.0,1.0,1.0
6.84,5.54,0.85,266.0,1667.640569424486,104.36750726041244,11.655420321026716,47.39849624471043,5.59275907835313,2050.0,8.537,9.44,4933000.0,54.7,45.84,0,0.0,1.0,0.0,1.0,1.0,1.0,1.0,1.0,1.0,1.0,1.0,1.0,1.0,1.0
6.84,5.54,0.85,93.0,1667.640569424486,104.36750726041244,11.655420321026716,47.39849624471043,5.359599171184039,2050.0,8.537,9.44,4933000.0,54.7,45.84,0,0.0,1.0,0.0,1.0,1.0,1.0,1.0,1.0,1.0,1.0,1.0,1.0,1.0,1.0
6.84,5.54,0.85,468.0,1667.640569424486,104.36750726041244,12.740995215870532,47.39849624471043,6.001087970433774,2050.0,8.537,9.44,4933000.0,54.7,45.84,0,0.0,1.0,0.0,1.0,1.0,1.0,1.0,1.0,1.0,1.0,1.0,1.0,1.0,1.0
6.84,5.54,0.85,217.0,1667.640569424486,104.36750726041244,11.655420321026716,47.39849624471043,5.359599171184039,2050.0,8.537,9.44,4933000.0,54.7,45.84,0,0.0,1.0,0.0,1.0,1.0,1.0,1.0,1.0,1.0,1.0,1.0,1.0,1.0,1.0
6.84,5.54,0.85,164.0,1667.640569424486,104.36750726041244,11.655420321026716,47.39849624471043,5.359599171184039,2050.0,8.537,9.44,4933000.0,54.7,45.84,0,0.0,1.0,0.0,1.0,1.0,1.0,1.0,1.0,1.0,1.0,1.0,1.0,1.0,1.0
6.84,5.54,0.85,263.0,1667.640569424486,104.36750726041244,11.655420321026716,47.39849624471043,5.359599171184039,2050.0,8.537,9.44,4933000.0,54.7,45.84,0,0.0,1.0,0.0,1.0,1.0,1.0,1.0,1.0,1.0,1.0,1.0,1.0,1.0,1.0
6.84,5.54,0.85,437.0,1667.640569424486,104.36750726041244,12.740995215870532,47.39849624471043,6.001087970433774,2050.0,8.537,9.44,4933000.0,54.7,45.84,0,0.0,1.0,0.0,1.0,1.0,1.0,1.0,1.0,1.0,1.0,1.0,1.0,1.0,1.0
6.84,5.54,0.85,350.0,1667.640569424486,104.36750726041244,12.689387702367547,47.39849624471043,5.677250680724067,2050.0,8.537,9.44,4933000.0,54.7,45.84,0,0.0,1.0,0.0,1.0,1.0,1.0,1.0,1.0,1.0,1.0,1.0,1.0,1.0,1.0
7.32,5.54,,2165306.508397852,84253.1697962963,586862.825,255048.8,41495.66049999998,4856.875,2050.0,8.537,9.44,4933000.0,54.7,45.84,0,0.0,1.0,1.0,1.0,1.0,1.0,1.0,1.0,1.0,1.0,1.0,1.0,1.0,1.0
7.32,5.54,,2165306.508397852,84253.1697962963,586862.825,255048.8,41495.66049999998,4856.875,2050.0,8.537,9.44,4933000.0,54.7,45.84,0,0.0,1.0,1.0,1.0,1.0,1.0,1.0,1.0,1.0,1.0,1.0,1.0,1.0,1.0
7.32,5.54,,2165306.508397852,84253.1697962963,586862.825,255048.8,41495.66049999998,4856.875,2050.0,8.537,9.44,4933000.0,54.7,45.84,0,0.0,1.0,1.0,1.0,1.0,1.0,1.0,1.0,1.0,1.0,1.0,1.0,1.0,1.0
7.32,5.54,,2165306.508397852,84253.1697962963,586862.825,255048.8,41495.66049999998,4856.875,2050.0,8.537,9.44,4933000.0,54.7,45.84,0,0.0,1.0,1.0,1.0,1.0,1.0,1.0,1.0,1.0,1.0,1.0,1.0,1.0,1.0
7.32,5.54,,2165306.508397852,84253.1697962963,586862.825,255048.8,41495.66049999998,4856.875,2050.0,8.537,9.44,4933000.0,54.7,45.84,0,0.0,1.0,1.0,1.0,1.0,1.0,1.0,1.0,1.0,1.0,1.0,1.0,1.0,1.0
7.32,5.54,,2165306.508397852,84253.1697962963,586862.825,255048.8,41495.66049999998,4856.875,2050.0,8.537,9.44,4933000.0,54.7,45.84,0,0.0,1.0,1.0,1.0,1.0,1.0,1.0,1.0,1.0,1.0,1.0,1.0,1.0,1.0
7.32,5.54,,2165306.508397852,84253.1697962963,586862.825,255048.8,41495.66049999998,4856.875,2050.0,8.537,9.44,4933000.0,54.7,45.84,0,0.0,1.0,1.0,1.0,1.0,1.0,1.0,1.0,1.0,1.0,1.0,1.0,1.0,1.0
7.32,5.54,,2165306.508397852,84253.1697962963,586862.825,255048.8,41495.66049999998,4856.875,2050.0,8.537,9.44,4933000.0,54.7,45.84,0,0.0,1.0,1.0,1.0,1.0,1.0,1.0,1.0,1.0,1.0,1.0,1.0,1.0,1.0
7.32,5.54,,2165306.508397852,84253.1697962963,586862.825,255048.8,41495.66049999998,4856.875,2050.0,8.537,9.44,4933000.0,54.7,45.84,0,0.0,1.0,1.0,1.0,1.0,1.0,1.0,1.0,1.0,1.0,1.0,1.0,1.0,1.0
7.32,5.54,,2165306.508397852,84253.1697962963,586862.825,255048.8,41495.66049999998,4856.875,2050.0,8.537,9.44,4933000.0,54.7,45.84,0,0.0,1.0,1.0,1.0,1.0,1.0,1.0,1.0,1.0,1.0,1.0,1.0,1.0,1.0
6.717216977813853,5.54,,38641.40527878342,24472.84924135018,2286.889887715308,332.10604390175746,564.8559725651824,544.53025,2050.0,8.537,6.09,4933000.0,54.7,45.84,0,1.0,1.0,1.0,1.0,1.0,1.0,1.0,1.0,1.0,1.0,0.0,1.0,1.0,1.0
6.716133644480519,5.54,,38641.40527878342,24472.84924135018,2286.889887715308,332.10604390175746,564.8559725651824,544.53025,2050.0,8.537,4.73,4933000.0,54.7,45.84,0,1.0,1.0,1.0,1.0,1.0,1.0,1.0,1.0,1.0,1.0,0.0,1.0,1.0,1.0
6.717216977813853,5.54,,38641.40527878342,24472.84924135018,2286.889887715308,332.10604390175746,564.8559725651824,544.53025,2050.0,8.537,5.78,4933000.0,54.7,45.84,0,1.0,1.0,1.0,1.0,1.0,1.0,1.0,1.0,1.0,1.0,0.0,1.0,1.0,1.0
6.724385933857808,5.54,,38641.40527878342,24472.84924135018,2286.889887715308,332.10604390175746,564.8559725651824,544.53025,2050.0,8.537,438.0,4933000.0,54.7,45.84,0,1.0,1.0,1.0,1.0,1.0,1.0,1.0,1.0,1.0,1.0,0.0,1.0,1.0,1.0
6.486071391658736,5.54,0.76,778.317554748448,1667.640569424486,141.74866764138363,63.6,40.7670484053757,3.9,2050.0,8.537,9.44,4933000.0,54.7,45.84,0,1.0,1.0,1.0,1.0,1.0,0.0,1.0,0.0,1.0,1.0,1.0,1.0,1.0,1.0
6.713240695762572,5.54,,38641.40527878342,24472.84924135018,2286.889887715308,332.10604390175746,564.8559725651824,544.53025,2050.0,8.537,9.44,4933000.0,54.7,45.84,0,1.0,1.0,1.0,1.0,1.0,1.0,1.0,1.0,1.0,1.0,1.0,1.0,1.0,1.0
5.110296550778675,5.54,,1027.543136654311,59.43,889.6574181910566,294.26823262546833,153.18137220593317,19.328239583333335,2050.0,8.537,9.44,4933000.0,54.7,45.84,0,1.0,1.0,1.0,0.0,1.0,1.0,1.0,1.0,1.0,1.0,1.0,1.0,1.0,1.0
5.755002601951711,5.54,,950.2670603764088,871.271104608871,134.0,62.11343254999124,145.91635444386628,8.883703013909344,946.0,8.537,9.44,4933000.0,54.7,45.84,0,1.0,1.0,1.0,1.0,0.0,1.0,1.0,1.0,0.0,1.0,1.0,1.0,1.0,1.0
6.434322774246998,5.54,,950.2670603764088,1620.694422732843,11.6,53.3931713928902,70.28132938943003,6.190841020324002,601.0,8.537,9.44,4933000.0,54.7,45.84,0,1.0,1.0,1.0,1.0,0.0,1.0,1.0,1.0,0.0,1.0,1.0,1.0,1.0,1.0
6.713240695762572,5.54,,38641.40527878342,24472.84924135018,2286.889887715308,332.10604390175746,564.8559725651824,544.53025,2050.0,8.537,9.44,4933000.0,54.7,45.84,0,1.0,1.0,1.0,1.0,1.0,1.0,1.0,1.0,1.0,1.0,1.0,1.0,1.0,1.0
6.544245074389404,5.54,,950.2670603764088,1667.640569424486,106.62523597857428,8.06,49.292633935367,2.605235793938861,2050.0,8.537,9.44,4933000.0,54.7,45.84,0,1.0,1.0,1.0,1.0,1.0,0.0,1.0,1.0,1.0,1.0,1.0,1.0,1.0,1.0
6.713240695762572,5.54,3.37,38641.40527878342,24472.84924135018,2286.889887715308,332.10604390175746,564.8559725651824,544.53025,2050.0,8.537,9.44,4933000.0,54.7,45.84,0,1.0,1.0,1.0,1.0,1.0,1.0,1.0,1.0,1.0,1.0,1.0,1.0,1.0,1.0
6.713240695762572,5.54,,38641.40527878342,24472.84924135018,2286.889887715308,332.10604390175746,564.8559725651824,544.53025,2050.0,8.537,9.44,4933000.0,54.7,45.84,0,1.0,1.0,1.0,1.0,1.0,1.0,1.0,1.0,1.0,1.0,1.0,1.0,1.0,1.0
6.713240695762572,5.54,,38641.40527878342,24472.84924135018,2286.889887715308,332.10604390175746,564.8559725651824,544.53025,2050.0,8.537,9.44,4933000.0,54.7,45.84,0,1.0,1.0,1.0,1.0,1.0,1.0,1.0,1.0,1.0,1.0,1.0,1.0,1.0,1.0
6.713240695762572,5.54,,38641.40527878342,24472.84924135018,2286.889887715308,332.10604390175746,564.8559725651824,544.53025,2050.0,8.537,9.44,4933000.0,54.7,45.84,0,1.0,1.0,1.0,1.0,1.0,1.0,1.0,1.0,1.0,1.0,1.0,1.0,1.0,1.0
6.713240695762572,5.54,,38641.40527878342,24472.84924135018,2286.889887715308,332.10604390175746,564.8559725651824,544.53025,2050.0,8.537,9.44,4933000.0,54.7,45.84,0,1.0,1.0,1.0,1.0,1.0,1.0,1.0,1.0,1.0,1.0,1.0,1.0,1.0,1.0
7.72417156038406,5.54,,316.96,16.34,21254.711479166665,530.1350931682651,386.07318972178535,30.429689526353194,2050.0,8.537,9.44,4933000.0,238.85,78.11,0,1.0,1.0,0.0,0.0,1.0,1.0,1.0,1.0,1.0,1.0,1.0,1.0,0.0,0.0
6.713240695762572,5.54,,38641.40527878342,24472.84924135018,2286.889887715308,332.10604390175746,564.8559725651824,544.53025,2050.0,8.537,9.44,4933000.0,54.7,45.84,0,1.0,1.0,1.0,1.0,1.0,1.0,1.0,1.0,1.0,1.0,1.0,1.0,1.0,1.0
6.713240695762572,5.54,,38641.40527878342,24472.84924135018,2286.889887715308,332.10604390175746,564.8559725651824,544.53025,2050.0,8.537,9.44,4933000.0,54.7,45.84,0,1.0,1.0,1.0,1.0,1.0,1.0,1.0,1.0,1.0,1.0,1.0,1.0,1.0,1.0
5.891815455691271,5.54,,3778.78174001895,247.0110403833195,130.59602391995662,182.22807132743657,288.6544141092016,21.949746470516867,2050.0,143.54,9.44,4933000.0,54.7,45.84,0,1.0,1.0,1.0,1.0,1.0,1.0,1.0,1.0,1.0,0.0,1.0,1.0,1.0,1.0
5.169705944781644,5.54,,3599.443103655314,266.36664368115896,280.26856353763594,272.2966155737223,246.87646091429565,14.97369306607782,2050.0,116.15,9.44,4933000.0,54.7,45.84,0,1.0,1.0,1.0,1.0,1.0,1.0,1.0,1.0,1.0,0.0,1.0,1.0,1.0,1.0
5.868815455691271,5.54,,3778.78174001895,247.0110403833195,132.7235653846124,169.7306292942164,288.6544141092016,21.949746470516867,2050.0,161.51,9.44,4933000.0,54.7,45.84,0,1.0,1.0,1.0,1.0,1.0,1.0,1.0,1.0,1.0,0.0,1.0,1.0,1.0,1.0
5.891815455691271,5.54,,3778.78174001895,247.0110403833195,212.32732391995663,180.31140346127944,301.3054641092016,21.949746470516867,2050.0,277.73,9.44,4933000.0,54.7,45.84,0,1.0,1.0,1.0,1.0,1.0,1.0,1.0,1.0,1.0,0.0,1.0,1.0,1.0,1.0
5.755121501749863,5.54,,3843.771894780856,1598.1140477328431,415.9985788500268,288.234493766166,219.94158106651625,7.983395339614748,2050.0,326.0,9.44,4933000.0,54.7,45.84,0,1.0,1.0,1.0,1.0,1.0,1.0,1.0,1.0,1.0,0.0,1.0,1.0,1.0,1.0
5.098762011599511,5.54,,950.2670603764088,1535.8694227328428,1120.3988041666669,1641.0,4280.884785164152,5.37,2050.0,8.537,9.44,4933000.0,54.7,45.84,1,1.0,1.0,1.0,1.0,1.0,0.0,1.0,0.0,1.0,1.0,1.0,1.0,1.0,1.0
4.550141462735912,5.54,,1027.543136654311,776.1030894118326,6773.599054166667,807.195,2223.8101855383024,12.075,2050.0,8.537,9.44,4933000.0,54.7,45.84,1,1.0,1.0,1.0,1.0,1.0,0.0,1.0,0.0,1.0,1.0,1.0,1.0,1.0,1.0
6.32840174062049,5.54,,21042.969141616828,7510.0,76.85173553687055,109.53355105117154,65.39314687844339,46.86961185370258,2050.0,8.537,9.44,4933000.0,27790.0,5440.0,1,1.0,1.0,1.0,0.0,1.0,1.0,1.0,1.0,1.0,1.0,1.0,1.0,0.0,0.0
6.3,5.54,0.245,950.2670603764088,219.6812853784296,240.5,160.7,205.4523669045061,39.8,2050.0,8.537,9.44,4933000.0,54.7,45.84,0,0.0,1.0,1.0,1.0,0.0,0.0,1.0,0.0,1.0,1.0,1.0,1.0,1.0,1.0
6.3,5.54,0.245,950.2670603764088,247.0110403833195,122.6,67.7,188.17939419657944,24.8,2050.0,8.537,9.44,4933000.0,54.7,45.84,0,0.0,1.0,1.0,1.0,0.0,0.0,1.0,0.0,1.0,1.0,1.0,1.0,1.0,1.0
6.519078464022911,5.54,,950.2670603764088,1620.694422732843,41.2,4.8,70.28132938943003,10.4,2050.0,8.537,9.44,4933000.0,54.7,45.84,0,1.0,1.0,1.0,1.0,0.0,0.0,1.0,0.0,1.0,1.0,1.0,1.0,1.0,1.0
6.276418335772891,5.54,,950.2670603764088,247.0110403833195,53.7,16.7,145.91635444386628,14.1,2050.0,8.537,9.44,4933000.0,54.7,45.84,0,1.0,1.0,1.0,1.0,0.0,0.0,1.0,0.0,1.0,1.0,1.0,1.0,1.0,1.0
6.713240695762572,5.54,2.23,38641.40527878342,24472.84924135018,2286.889887715308,332.10604390175746,564.8559725651824,544.53025,2050.0,8.537,9.44,4933000.0,54.7,45.84,0,1.0,1.0,1.0,1.0,1.0,1.0,1.0,1.0,1.0,1.0,1.0,1.0,1.0,1.0
6.713240695762572,5.54,2.23,38641.40527878342,24472.84924135018,2286.889887715308,332.10604390175746,564.8559725651824,544.53025,2050.0,8.537,9.44,4933000.0,54.7,45.84,0,1.0,1.0,1.0,1.0,1.0,1.0,1.0,1.0,1.0,1.0,1.0,1.0,1.0,1.0
5.203506531613113,5.54,2.23,1027.543136654311,201.0349243524495,580.8380177621353,274.3461760771296,187.58003502587547,28.63920705516392,2050.0,8.537,9.44,4933000.0,312.6,93.2,0,1.0,1.0,1.0,1.0,1.0,1.0,1.0,1.0,1.0,1.0,1.0,1.0,0.0,0.0
7.712221755315833,5.54,,38.89,1.42,21254.711479166665,529.6690931682651,386.1631897217854,30.429689526353194,2050.0,8.537,9.44,4933000.0,54.7,45.84,0,1.0,1.0,0.0,0.0,1.0,1.0,1.0,1.0,1.0,1.0,1.0,1.0,1.0,1.0
7.712221755315833,5.54,,39.59,1.42,21254.711479166665,529.6690931682651,386.1631897217854,30.429689526353194,2050.0,8.537,9.44,4933000.0,54.7,45.84,0,1.0,1.0,0.0,0.0,1.0,1.0,1.0,1.0,1.0,1.0,1.0,1.0,1.0,1.0
7.712221755315833,5.54,,31.08,1.23,21254.711479166665,529.6690931682651,386.1631897217854,30.429689526353194,2050.0,8.537,9.44,4933000.0,54.7,45.84,0,1.0,1.0,0.0,0.0,1.0,1.0,1.0,1.0,1.0,1.0,1.0,1.0,1.0,1.0
7.712221755315833,5.54,,42.29,1.64,21254.711479166665,529.6690931682651,386.1631897217854,30.429689526353194,2050.0,8.537,9.44,4933000.0,54.7,45.84,0,1.0,1.0,0.0,0.0,1.0,1.0,1.0,1.0,1.0,1.0,1.0,1.0,1.0,1.0
6.713240695762572,5.54,,38641.40527878342,24472.84924135018,2286.889887715308,332.10604390175746,564.8559725651824,544.53025,2050.0,8.537,9.44,4933000.0,54.7,45.84,0,1.0,1.0,1.0,1.0,1.0,1.0,1.0,1.0,1.0,1.0,1.0,1.0,1.0,1.0
6.5047387426900585,5.54,,758.3672181071645,1667.640569424486,110.36111608946707,0.36,40.7670484053757,0.23,2050.0,8.537,9.44,4933000.0,54.7,45.84,0,1.0,1.0,1.0,1.0,1.0,0.0,1.0,0.0,1.0,1.0,1.0,1.0,1.0,1.0
6.713240695762572,5.54,,38641.40527878342,24472.84924135018,2286.889887715308,332.10604390175746,564.8559725651824,544.53025,2050.0,8.537,9.44,4933000.0,54.7,45.84,0,1.0,1.0,1.0,1.0,1.0,1.0,1.0,1.0,1.0,1.0,1.0,1.0,1.0,1.0
6.713240695762572,5.54,,38641.40527878342,24472.84924135018,2286.889887715308,332.10604390175746,564.8559725651824,544.53025,2050.0,8.537,9.44,4933000.0,54.7,45.84,0,1.0,1.0,1.0,1.0,1.0,1.0,1.0,1.0,1.0,1.0,1.0,1.0,1.0,1.0
6.713240695762572,5.54,,38641.40527878342,24472.84924135018,2286.889887715308,332.10604390175746,564.8559725651824,544.53025,2050.0,8.537,9.44,4933000.0,54.7,45.84,0,1.0,1.0,1.0,1.0,1.0,1.0,1.0,1.0,1.0,1.0,1.0,1.0,1.0,1.0
6.713240695762572,5.54,,38641.40527878342,24472.84924135018,2286.889887715308,332.10604390175746,564.8559725651824,544.53025,2050.0,8.537,9.44,4933000.0,54.7,45.84,0,1.0,1.0,1.0,1.0,1.0,1.0,1.0,1.0,1.0,1.0,1.0,1.0,1.0,1.0
6.713240695762572,5.54,,38641.40527878342,24472.84924135018,2286.889887715308,332.10604390175746,564.8559725651824,544.53025,2050.0,8.537,9.44,4933000.0,54.7,45.84,0,1.0,1.0,1.0,1.0,1.0,1.0,1.0,1.0,1.0,1.0,1.0,1.0,1.0,1.0
6.713240695762572,5.54,,38641.40527878342,24472.84924135018,2286.889887715308,332.10604390175746,564.8559725651824,544.53025,2050.0,8.537,9.44,4933000.0,54.7,45.84,0,1.0,1.0,1.0,1.0,1.0,1.0,1.0,1.0,1.0,1.0,1.0,1.0,1.0,1.0
6.794861363636363,5.54,,376280.24846138223,22089.80924135018,20647.55,8366.122500000001,12244.37,568.5,2050.0,8.537,9.44,4933000.0,54.7,45.84,1,1.0,1.0,1.0,1.0,1.0,1.0,0.0,1.0,1.0,1.0,1.0,1.0,1.0,1.0
7.5,5.54,,282736.04910689674,9579.034961877658,31952.9995,603.4256750581742,5582.327750000001,219.3079015197649,2050.0,8.537,9.44,4933000.0,54.7,45.84,0,0.0,1.0,1.0,1.0,1.0,1.0,1.0,1.0,1.0,1.0,1.0,1.0,1.0,1.0
7.5,5.54,,282736.04910689674,9579.034961877658,31952.9995,603.4256750581742,5582.327750000001,219.3079015197649,2050.0,8.537,9.44,4933000.0,54.7,45.84,0,0.0,1.0,1.0,1.0,1.0,1.0,1.0,1.0,1.0,1.0,1.0,1.0,1.0,1.0
7.5,5.54,,282736.04910689674,9579.034961877658,31952.9995,603.4256750581742,5582.327750000001,219.3079015197649,2050.0,8.537,9.44,4933000.0,54.7,45.84,0,0.0,1.0,1.0,1.0,1.0,1.0,1.0,1.0,1.0,1.0,1.0,1.0,1.0,1.0
7.5,5.54,,282736.04910689674,9579.034961877658,31952.9995,603.4256750581742,5582.327750000001,219.3079015197649,2050.0,8.537,9.44,4933000.0,54.7,45.84,0,0.0,1.0,1.0,1.0,1.0,1.0,1.0,1.0,1.0,1.0,1.0,1.0,1.0,1.0
7.5,5.54,,282736.04910689674,9579.034961877658,31952.9995,603.4256750581742,5582.327750000001,219.3079015197649,2050.0,8.537,9.44,4933000.0,54.7,45.84,0,0.0,1.0,1.0,1.0,1.0,1.0,1.0,1.0,1.0,1.0,1.0,1.0,1.0,1.0
7.5,5.54,,282736.04910689674,9579.034961877658,31952.9995,603.4256750581742,5582.327750000001,219.3079015197649,2050.0,8.537,9.44,4933000.0,54.7,45.84,0,0.0,1.0,1.0,1.0,1.0,1.0,1.0,1.0,1.0,1.0,1.0,1.0,1.0,1.0
6.713240695762572,5.54,,38641.40527878342,24472.84924135018,2286.889887715308,332.10604390175746,564.8559725651824,544.53025,2050.0,8.537,9.44,4933000.0,54.7,45.84,0,1.0,1.0,1.0,1.0,1.0,1.0,1.0,1.0,1.0,1.0,1.0,1.0,1.0,1.0
6.713240695762572,5.54,,38641.40527878342,24472.84924135018,2286.889887715308,332.10604390175746,564.8559725651824,544.53025,2050.0,8.537,9.44,4933000.0,54.7,45.84,0,1.0,1.0,1.0,1.0,1.0,1.0,1.0,1.0,1.0,1.0,1.0,1.0,1.0,1.0
6.713240695762572,5.54,,38641.40527878342,24472.84924135018,2286.889887715308,332.10604390175746,564.8559725651824,544.53025,2050.0,8.537,9.44,4933000.0,54.7,45.84,0,1.0,1.0,1.0,1.0,1.0,1.0,1.0,1.0,1.0,1.0,1.0,1.0,1.0,1.0
5.912416666666666,5.54,,410395.7057414449,16349.61215834985,25377.875,13307.9125,17426.404666666665,502.75,2050.0,72000.0,9.44,4933000.0,54.7,45.84,0,1.0,1.0,1.0,1.0,1.0,1.0,1.0,1.0,1.0,0.0,1.0,1.0,1.0,1.0
5.597184520139634,5.54,,300092.3903115539,9304.53532368905,21241.423499999997,4004.3518333333327,11923.820666666668,97.41726767984332,2050.0,9645.0,9.44,4933000.0,54.7,45.84,0,1.0,1.0,1.0,1.0,1.0,1.0,1.0,1.0,1.0,0.0,1.0,1.0,1.0,1.0
6.713240695762572,5.54,,38641.40527878342,24472.84924135018,2286.889887715308,332.10604390175746,564.8559725651824,544.53025,2050.0,8.537,9.44,4933000.0,54.7,45.84,0,1.0,1.0,1.0,1.0,1.0,1.0,1.0,1.0,1.0,1.0,1.0,1.0,1.0,1.0
6.713240695762572,5.54,,38641.40527878342,24472.84924135018,2286.889887715308,332.10604390175746,564.8559725651824,544.53025,2050.0,8.537,9.44,4933000.0,54.7,45.84,0,1.0,1.0,1.0,1.0,1.0,1.0,1.0,1.0,1.0,1.0,1.0,1.0,1.0,1.0
6.684509576023392,5.54,1.65,778.317554748448,1667.640569424486,114.58105777343818,38.66,40.7670484053757,5.25,2050.0,8.537,9.44,4933000.0,54.7,45.84,0,1.0,1.0,1.0,1.0,1.0,0.0,1.0,0.0,1.0,1.0,1.0,1.0,1.0,1.0
6.5047387426900585,5.54,0.51,758.3672181071645,1667.640569424486,101.30274495013025,0.82,44.83398810203367,0.99,2050.0,8.537,9.44,4933000.0,54.7,45.84,0,1.0,1.0,1.0,1.0,1.0,0.0,1.0,0.0,1.0,1.0,1.0,1.0,1.0,1.0
5.571150961538461,5.54,,7050.0,321.0,3496.020052380952,557.1150194950975,729.0838606954467,10.465752842568875,2050.0,8.537,9.44,4933000.0,54.7,45.84,1,1.0,1.0,0.0,0.0,1.0,1.0,1.0,1.0,1.0,1.0,1.0,1.0,1.0,1.0
7.712221755315833,5.54,,2400.0,186.0,23208.967848214284,564.9693120273791,754.0222853025937,32.81395720619645,2050.0,8.537,9.44,4933000.0,54.7,45.84,1,1.0,1.0,0.0,0.0,1.0,1.0,1.0,1.0,1.0,1.0,1.0,1.0,1.0,1.0
7.712221755315833,5.54,,2520.0,161.0,23208.967848214284,564.9693120273791,796.9042186359271,32.81395720619645,2050.0,8.537,9.44,4933000.0,54.7,45.84,1,1.0,1.0,0.0,0.0,1.0,1.0,1.0,1.0,1.0,1.0,1.0,1.0,1.0,1.0
7.712221755315833,5.54,,1530.0,93.2,23207.805598214287,561.7582148878164,642.7144397217857,30.030439526353195,2050.0,8.537,9.44,4933000.0,54.7,45.84,1,1.0,1.0,0.0,0.0,1.0,1.0,1.0,1.0,1.0,1.0,1.0,1.0,1.0,1.0
7.712221755315833,5.54,,2950.0,184.0,23208.967848214284,564.9693120273791,796.9042186359271,32.81395720619645,2050.0,8.537,9.44,4933000.0,54.7,45.84,1,1.0,1.0,0.0,0.0,1.0,1.0,1.0,1.0,1.0,1.0,1.0,1.0,1.0,1.0
6.699167129120044,5.54,5.33,21324.618220048196,25254.45634341478,1953.277081788025,307.0249472662964,3.057,539.3452500000001,2050.0,8.537,9.44,4933000.0,54.7,45.84,0,1.0,1.0,1.0,1.0,1.0,1.0,0.0,1.0,1.0,1.0,1.0,1.0,1.0,1.0
6.9,5.54,4.3,346347.3178374557,22089.80924135018,21021.275,20011.925,15868.275999999998,687.75,2050.0,8.537,9.44,4933000.0,54.7,45.84,0,0.0,1.0,1.0,1.0,1.0,1.0,1.0,1.0,1.0,1.0,1.0,1.0,1.0,1.0
6.713240695762572,5.54,,38641.40527878342,24472.84924135018,2286.889887715308,332.10604390175746,564.8559725651824,544.53025,2050.0,8.537,9.44,4933000.0,54.7,45.84,0,1.0,1.0,1.0,1.0,1.0,1.0,1.0,1.0,1.0,1.0,1.0,1.0,1.0,1.0
6.794133986928104,5.54,,345.0,1667.640569424486,104.36750726041244,11.989008979077786,47.39849624471043,5.677250680724067,10800.0,8.537,9.44,4933000.0,54.7,45.84,0,1.0,1.0,0.0,1.0,1.0,1.0,1.0,1.0,0.0,1.0,1.0,1.0,1.0,1.0
6.794133986928104,5.54,,156.0,1667.640569424486,104.36750726041244,12.689387702367547,47.39849624471043,5.359599171184039,8990.0,8.537,9.44,4933000.0,54.7,45.84,0,1.0,1.0,0.0,1.0,1.0,1.0,1.0,1.0,0.0,1.0,1.0,1.0,1.0,1.0
6.794133986928104,5.54,,217.0,1667.640569424486,104.36750726041244,12.689387702367547,47.39849624471043,5.359599171184039,11600.0,8.537,9.44,4933000.0,54.7,45.84,0,1.0,1.0,0.0,1.0,1.0,1.0,1.0,1.0,0.0,1.0,1.0,1.0,1.0,1.0
6.794133986928104,5.54,,83.0,1667.640569424486,104.36750726041244,12.689387702367547,47.39849624471043,5.359599171184039,8280.0,8.537,9.44,4933000.0,54.7,45.84,0,1.0,1.0,0.0,1.0,1.0,1.0,1.0,1.0,0.0,1.0,1.0,1.0,1.0,1.0
6.790383986928106,5.54,,72.2,1667.640569424486,104.36750726041244,13.441373939160297,47.39849624471043,5.62995441690365,5200.0,8.537,9.44,4933000.0,54.7,45.84,0,1.0,1.0,0.0,1.0,1.0,1.0,1.0,1.0,0.0,1.0,1.0,1.0,1.0,1.0
5.6279045787545785,5.54,10.65,778.317554748448,219.6812853784296,265.26170209389755,140.3362284606986,0.163,14.9861090775097,2050.0,0.026,9.44,4933000.0,54.7,45.84,0,1.0,1.0,1.0,1.0,1.0,1.0,0.0,1.0,1.0,0.0,1.0,1.0,1.0,1.0
6.837264759962238,5.54,,51.0,1667.640569424486,104.36750726041244,13.441373939160297,47.39849624471043,5.62995441690365,2050.0,8.537,9.44,4933000.0,54.7,45.84,0,1.0,1.0,0.0,1.0,1.0,1.0,1.0,1.0,1.0,1.0,1.0,1.0,1.0,1.0
6.837264759962238,5.54,,251.0,1667.640569424486,104.36750726041244,13.441373939160297,47.39849624471043,5.62995441690365,2050.0,8.537,9.44,4933000.0,54.7,45.84,0,1.0,1.0,0.0,1.0,1.0,1.0,1.0,1.0,1.0,1.0,1.0,1.0,1.0,1.0
6.837264759962238,5.54,,252.3,1667.640569424486,104.36750726041244,13.441373939160297,47.39849624471043,5.62995441690365,2050.0,8.537,9.44,4933000.0,54.7,45.84,0,1.0,1.0,0.0,1.0,1.0,1.0,1.0,1.0,1.0,1.0,1.0,1.0,1.0,1.0
6.757532632999807,5.54,,434.6,1667.640569424486,104.36750726041244,12.740995215870532,47.39849624471043,6.001087970433774,2050.0,8.537,9.44,4933000.0,54.7,45.84,0,1.0,1.0,0.0,1.0,1.0,1.0,1.0,1.0,1.0,1.0,1.0,1.0,1.0,1.0
6.757532632999807,5.54,,529.0,1667.640569424486,104.36750726041244,12.407406557819462,47.39849624471043,5.946826396750153,2050.0,8.537,9.44,4933000.0,54.7,45.84,0,1.0,1.0,0.0,1.0,1.0,1.0,1.0,1.0,1.0,1.0,1.0,1.0,1.0,1.0
6.837264759962238,5.54,,131.1,1667.640569424486,104.36750726041244,13.441373939160297,47.39849624471043,5.62995441690365,2050.0,8.537,9.44,4933000.0,54.7,45.84,0,1.0,1.0,0.0,1.0,1.0,1.0,1.0,1.0,1.0,1.0,1.0,1.0,1.0,1.0
6.713240695762572,5.54,,38641.40527878342,24472.84924135018,2286.889887715308,332.10604390175746,564.8559725651824,544.53025,2050.0,8.537,9.44,4933000.0,54.7,45.84,0,1.0,1.0,1.0,1.0,1.0,1.0,1.0,1.0,1.0,1.0,1.0,1.0,1.0,1.0
6.713240695762572,5.54,,38641.40527878342,24472.84924135018,2286.889887715308,332.10604390175746,564.8559725651824,544.53025,2050.0,8.537,9.44,4933000.0,54.7,45.84,0,1.0,1.0,1.0,1.0,1.0,1.0,1.0,1.0,1.0,1.0,1.0,1.0,1.0,1.0
6.713240695762572,5.54,,38641.40527878342,24472.84924135018,2286.889887715308,332.10604390175746,564.8559725651824,544.53025,2050.0,8.537,9.44,4933000.0,54.7,45.84,0,1.0,1.0,1.0,1.0,1.0,1.0,1.0,1.0,1.0,1.0,1.0,1.0,1.0,1.0
6.713240695762572,5.54,,38641.40527878342,24472.84924135018,2286.889887715308,332.10604390175746,564.8559725651824,544.53025,2050.0,8.537,9.44,4933000.0,54.7,45.84,0,1.0,1.0,1.0,1.0,1.0,1.0,1.0,1.0,1.0,1.0,1.0,1.0,1.0,1.0
6.713240695762572,5.54,,38641.40527878342,24472.84924135018,2286.889887715308,332.10604390175746,564.8559725651824,544.53025,2050.0,8.537,9.44,4933000.0,54.7,45.84,0,1.0,1.0,1.0,1.0,1.0,1.0,1.0,1.0,1.0,1.0,1.0,1.0,1.0,1.0
6.713240695762572,5.54,,38641.40527878342,24472.84924135018,2286.889887715308,332.10604390175746,564.8559725651824,544.53025,2050.0,8.537,9.44,4933000.0,54.7,45.84,0,1.0,1.0,1.0,1.0,1.0,1.0,1.0,1.0,1.0,1.0,1.0,1.0,1.0,1.0
6.713240695762572,5.54,,38641.40527878342,24472.84924135018,2286.889887715308,332.10604390175746,564.8559725651824,544.53025,2050.0,8.537,9.44,4933000.0,54.7,45.84,0,1.0,1.0,1.0,1.0,1.0,1.0,1.0,1.0,1.0,1.0,1.0,1.0,1.0,1.0
6.325975212906955,5.54,,248973.06743745576,9315.566276070003,131.0,85.2,1888.4918814086436,108.523741477539,2050.0,8.537,9.44,4933000.0,54.7,45.84,0,1.0,1.0,1.0,1.0,0.0,0.0,1.0,1.0,1.0,1.0,1.0,1.0,1.0,1.0
6.603789122008453,5.54,,950.2670603764088,1620.694422732843,47.8,20.9,70.28132938943003,4.226600246177728,2050.0,8.537,9.44,4933000.0,54.7,45.84,0,1.0,1.0,1.0,1.0,0.0,0.0,1.0,1.0,1.0,1.0,1.0,1.0,1.0,1.0
6.271895833333334,5.54,,21042.969141616828,18240.97862119256,9.67,261.4591172503768,95.7152931270814,518.6769067245789,2050.0,8.537,9.44,4933000.0,54.7,45.84,0,1.0,1.0,1.0,1.0,0.0,1.0,1.0,1.0,1.0,1.0,1.0,1.0,1.0,1.0
6.271895833333334,5.54,,21042.969141616828,18240.97862119256,6.22,261.4591172503768,95.7152931270814,518.6769067245789,2050.0,8.537,9.44,4933000.0,54.7,45.84,0,1.0,1.0,1.0,1.0,0.0,1.0,1.0,1.0,1.0,1.0,1.0,1.0,1.0,1.0
6.271895833333334,5.54,,21042.969141616828,18240.97862119256,3.44,261.4591172503768,95.7152931270814,518.6769067245789,2050.0,8.537,9.44,4933000.0,54.7,45.84,0,1.0,1.0,1.0,1.0,0.0,1.0,1.0,1.0,1.0,1.0,1.0,1.0,1.0,1.0
6.271895833333334,5.54,,21042.969141616828,18240.97862119256,0.883,261.4591172503768,95.7152931270814,518.6769067245789,2050.0,8.537,9.44,4933000.0,54.7,45.84,0,1.0,1.0,1.0,1.0,0.0,1.0,1.0,1.0,1.0,1.0,1.0,1.0,1.0,1.0
6.271895833333334,5.54,,21042.969141616828,18240.97862119256,0.092,261.4591172503768,95.7152931270814,518.6769067245789,2050.0,8.537,9.44,4933000.0,54.7,45.84,0,1.0,1.0,1.0,1.0,0.0,1.0,1.0,1.0,1.0,1.0,1.0,1.0,1.0,1.0
6.271895833333334,5.54,,21042.969141616828,18240.97862119256,0.0,261.4591172503768,95.7152931270814,518.6769067245789,2050.0,8.537,9.44,4933000.0,54.7,45.84,0,1.0,1.0,1.0,1.0,0.0,1.0,1.0,1.0,1.0,1.0,1.0,1.0,1.0,1.0
6.692193883913215,5.54,,950.2670603764088,1620.694422732843,32.6,19.7,70.28132938943003,5.00232488155678,2050.0,8.537,9.44,4933000.0,54.7,45.84,0,1.0,1.0,1.0,1.0,0.0,0.0,1.0,1.0,1.0,1.0,1.0,1.0,1.0,1.0
6.69151388888889,5.54,,42.4,1667.640569424486,103.15835262647616,4.75,44.83398810203367,7.03,2050.0,8.537,9.44,4933000.0,54.7,45.84,0,1.0,1.0,0.0,1.0,1.0,0.0,1.0,0.0,1.0,1.0,1.0,1.0,1.0,1.0
6.716750000000002,5.54,,71.6,1620.694422732843,22.9,47.73286998719257,68.38719169877348,6.489633665515863,2050.0,8.537,9.44,4933000.0,54.7,45.84,0,1.0,1.0,0.0,1.0,0.0,1.0,1.0,1.0,1.0,1.0,1.0,1.0,1.0,1.0
6.716750000000002,5.54,,29.0,1620.694422732843,6.61,47.73286998719257,68.38719169877348,6.489633665515863,2050.0,8.537,9.44,4933000.0,54.7,45.84,0,1.0,1.0,0.0,1.0,0.0,1.0,1.0,1.0,1.0,1.0,1.0,1.0,1.0,1.0
5.2110925595238085,5.54,,1027.543136654311,1518.8561625406946,134.0542006078985,84.06855783251535,45.22569423870903,6.2971601211970505,197.0,8.537,9.44,4933000.0,54.7,45.84,0,1.0,1.0,1.0,1.0,1.0,1.0,1.0,1.0,0.0,1.0,1.0,1.0,1.0,1.0
6.713240695762572,5.54,,38641.40527878342,24472.84924135018,2286.889887715308,332.10604390175746,564.8559725651824,544.53025,2050.0,8.537,9.44,4933000.0,54.7,45.84,0,1.0,1.0,1.0,1.0,1.0,1.0,1.0,1.0,1.0,1.0,1.0,1.0,1.0,1.0
6.713240695762572,5.54,,38641.40527878342,24472.84924135018,2286.889887715308,332.10604390175746,564.8559725651824,544.53025,2050.0,8.537,9.44,4933000.0,54.7,45.84,0,1.0,1.0,1.0,1.0,1.0,1.0,1.0,1.0,1.0,1.0,1.0,1.0,1.0,1.0
6.713240695762572,5.54,,38641.40527878342,24472.84924135018,2286.889887715308,332.10604390175746,564.8559725651824,544.53025,2050.0,8.537,9.44,4933000.0,54.7,45.84,0,1.0,1.0,1.0,1.0,1.0,1.0,1.0,1.0,1.0,1.0,1.0,1.0,1.0,1.0
6.713240695762572,5.54,,38641.40527878342,24472.84924135018,2286.889887715308,332.10604390175746,564.8559725651824,544.53025,2050.0,8.537,9.44,4933000.0,54.7,45.84,0,1.0,1.0,1.0,1.0,1.0,1.0,1.0,1.0,1.0,1.0,1.0,1.0,1.0,1.0
6.713240695762572,5.54,,38641.40527878342,24472.84924135018,2286.889887715308,332.10604390175746,564.8559725651824,544.53025,2050.0,8.537,9.44,4933000.0,54.7,45.84,0,1.0,1.0,1.0,1.0,1.0,1.0,1.0,1.0,1.0,1.0,1.0,1.0,1.0,1.0
6.713240695762572,5.54,,38641.40527878342,24472.84924135018,2286.889887715308,332.10604390175746,564.8559725651824,544.53025,2050.0,8.537,9.44,4933000.0,54.7,45.84,0,1.0,1.0,1.0,1.0,1.0,1.0,1.0,1.0,1.0,1.0,1.0,1.0,1.0,1.0
6.713240695762572,5.54,,38641.40527878342,24472.84924135018,2286.889887715308,332.10604390175746,564.8559725651824,544.53025,2050.0,8.537,9.44,4933000.0,54.7,45.84,0,1.0,1.0,1.0,1.0,1.0,1.0,1.0,1.0,1.0,1.0,1.0,1.0,1.0,1.0
6.713240695762572,5.54,,38641.40527878342,24472.84924135018,2286.889887715308,332.10604390175746,564.8559725651824,544.53025,2050.0,8.537,9.44,4933000.0,54.7,45.84,0,1.0,1.0,1.0,1.0,1.0,1.0,1.0,1.0,1.0,1.0,1.0,1.0,1.0,1.0
6.713240695762572,5.54,,38641.40527878342,24472.84924135018,2286.889887715308,332.10604390175746,564.8559725651824,544.53025,2050.0,8.537,9.44,4933000.0,54.7,45.84,0,1.0,1.0,1.0,1.0,1.0,1.0,1.0,1.0,1.0,1.0,1.0,1.0,1.0,1.0
6.713240695762572,5.54,,38641.40527878342,24472.84924135018,2286.889887715308,332.10604390175746,564.8559725651824,544.53025,2050.0,8.537,9.44,4933000.0,54.7,45.84,0,1.0,1.0,1.0,1.0,1.0,1.0,1.0,1.0,1.0,1.0,1.0,1.0,1.0,1.0
6.757532632999807,5.54,,460.0,1667.640569424486,104.36750726041244,12.740995215870532,47.39849624471043,6.001087970433774,2050.0,8.537,9.44,4933000.0,54.7,45.84,0,1.0,1.0,0.0,1.0,1.0,1.0,1.0,1.0,1.0,1.0,1.0,1.0,1.0,1.0
6.3758859577922085,5.54,,1228.0,1620.694422732843,63.08487522370304,70.17035417353394,51.45433060462972,5.881890234763863,2050.0,8.537,9.44,4933000.0,54.7,45.84,1,1.0,1.0,0.0,1.0,1.0,1.0,1.0,1.0,1.0,1.0,1.0,1.0,1.0,1.0
6.757532632999807,5.54,,360.0,1667.640569424486,104.36750726041244,12.740995215870532,47.39849624471043,5.972596231286924,2050.0,8.537,9.44,4933000.0,54.7,45.84,0,1.0,1.0,0.0,1.0,1.0,1.0,1.0,1.0,1.0,1.0,1.0,1.0,1.0,1.0
7.781243467875049,5.54,,1082.6,219.6812853784296,23327.923979166662,557.6147345459494,651.9339501384522,24.768170129543073,2050.0,8.537,9.44,4933000.0,54.7,45.84,1,1.0,1.0,0.0,1.0,1.0,1.0,1.0,1.0,1.0,1.0,1.0,1.0,1.0,1.0
6.415135957792208,5.54,,1989.0,1682.9390477328427,63.08487522370304,77.27963859110187,51.45433060462972,7.449298617710275,2050.0,8.537,9.44,4933000.0,54.7,45.84,1,1.0,1.0,0.0,1.0,1.0,1.0,1.0,1.0,1.0,1.0,1.0,1.0,1.0,1.0
6.569260237319848,5.54,,1285.0,1667.640569424486,130.2678751934937,58.89081932153215,45.22569423870903,7.444143147972616,2050.0,8.537,9.44,4933000.0,54.7,45.84,1,1.0,1.0,0.0,1.0,1.0,1.0,1.0,1.0,1.0,1.0,1.0,1.0,1.0,1.0
7.781243467875049,5.54,,1026.0,219.6812853784296,23327.923979166662,557.6147345459494,651.9339501384522,24.768170129543073,2050.0,8.537,9.44,4933000.0,54.7,45.84,1,1.0,1.0,0.0,1.0,1.0,1.0,1.0,1.0,1.0,1.0,1.0,1.0,1.0,1.0
6.761834716333139,5.54,,811.0,1667.640569424486,112.32332905527636,44.062430751516274,46.041581624213,5.937479224744466,2050.0,8.537,9.44,4933000.0,54.7,45.84,1,1.0,1.0,0.0,1.0,1.0,1.0,1.0,1.0,1.0,1.0,1.0,1.0,1.0,1.0
6.758282632999807,5.54,,673.0,1667.640569424486,104.36750726041244,11.30206905390373,47.39849624471043,5.812138243902128,2050.0,8.537,9.44,4933000.0,54.7,45.84,1,1.0,1.0,0.0,1.0,1.0,1.0,1.0,1.0,1.0,1.0,1.0,1.0,1.0,1.0
6.757532632999807,5.54,,538.0,1667.640569424486,104.36750726041244,12.407406557819462,47.39849624471043,5.946826396750153,2050.0,8.537,9.44,4933000.0,54.7,45.84,0,1.0,1.0,0.0,1.0,1.0,1.0,1.0,1.0,1.0,1.0,1.0,1.0,1.0,1.0
6.757532632999807,5.54,,523.0,1667.640569424486,104.36750726041244,12.407406557819462,47.39849624471043,5.946826396750153,2050.0,8.537,9.44,4933000.0,54.7,45.84,0,1.0,1.0,0.0,1.0,1.0,1.0,1.0,1.0,1.0,1.0,1.0,1.0,1.0,1.0
6.569260237319848,5.54,,1490.0,1667.640569424486,130.2678751934937,58.89081932153215,45.22569423870903,7.444143147972616,2050.0,8.537,9.44,4933000.0,54.7,45.84,1,1.0,1.0,0.0,1.0,1.0,1.0,1.0,1.0,1.0,1.0,1.0,1.0,1.0,1.0
6.758282632999807,5.54,,708.0,1667.640569424486,104.36750726041244,11.30206905390373,47.39849624471043,5.812138243902128,2050.0,8.537,9.44,4933000.0,54.7,45.84,1,1.0,1.0,0.0,1.0,1.0,1.0,1.0,1.0,1.0,1.0,1.0,1.0,1.0,1.0
6.722511186921375,5.54,,904.0,1667.640569424486,112.32332905527636,39.029679180860725,49.97347440199078,5.834386892132474,2050.0,8.537,9.44,4933000.0,54.7,45.84,1,1.0,1.0,0.0,1.0,1.0,1.0,1.0,1.0,1.0,1.0,1.0,1.0,1.0,1.0
6.758282632999807,5.54,,699.0,1667.640569424486,104.36750726041244,11.30206905390373,47.39849624471043,5.812138243902128,2050.0,8.537,9.44,4933000.0,54.7,45.84,1,1.0,1.0,0.0,1.0,1.0,1.0,1.0,1.0,1.0,1.0,1.0,1.0,1.0,1.0
6.837264759962238,5.54,,142.0,1667.640569424486,104.36750726041244,13.441373939160297,47.39849624471043,5.62995441690365,2050.0,8.537,9.44,4933000.0,54.7,45.84,0,1.0,1.0,0.0,1.0,1.0,1.0,1.0,1.0,1.0,1.0,1.0,1.0,1.0,1.0
6.757532632999807,5.54,,382.0,1667.640569424486,104.36750726041244,12.740995215870532,47.39849624471043,5.932494741782916,2050.0,8.537,9.44,4933000.0,54.7,45.84,0,1.0,1.0,0.0,1.0,1.0,1.0,1.0,1.0,1.0,1.0,1.0,1.0,1.0,1.0
7.781243467875049,5.54,,932.0,219.6812853784296,23327.923979166662,557.6147345459494,651.9339501384522,25.040902449699814,2050.0,8.537,9.44,4933000.0,54.7,45.84,1,1.0,1.0,0.0,1.0,1.0,1.0,1.0,1.0,1.0,1.0,1.0,1.0,1.0,1.0
7.781243467875049,5.54,,1004.1,219.6812853784296,23327.923979166662,557.6147345459494,651.9339501384522,25.16742012954307,2050.0,8.537,9.44,4933000.0,54.7,45.84,1,1.0,1.0,0.0,1.0,1.0,1.0,1.0,1.0,1.0,1.0,1.0,1.0,1.0,1.0
6.837264759962238,5.54,,321.8,1667.640569424486,104.36750726041244,13.441373939160297,47.39849624471043,5.947605926443679,2050.0,8.537,9.44,4933000.0,54.7,45.84,0,1.0,1.0,0.0,1.0,1.0,1.0,1.0,1.0,1.0,1.0,1.0,1.0,1.0,1.0
6.757532632999807,5.54,,622.4,1667.640569424486,104.36750726041244,11.30206905390373,47.39849624471043,5.911490210094597,2050.0,8.537,9.44,4933000.0,54.7,45.84,1,1.0,1.0,0.0,1.0,1.0,1.0,1.0,1.0,1.0,1.0,1.0,1.0,1.0,1.0
6.757532632999807,5.54,,460.8,1667.640569424486,104.36750726041244,12.740995215870532,47.39849624471043,6.001087970433774,2050.0,8.537,9.44,4933000.0,54.7,45.84,0,1.0,1.0,0.0,1.0,1.0,1.0,1.0,1.0,1.0,1.0,1.0,1.0,1.0,1.0
6.837264759962238,5.54,,219.2,1667.640569424486,104.36750726041244,13.441373939160297,47.39849624471043,5.62995441690365,2050.0,8.537,9.44,4933000.0,54.7,45.84,0,1.0,1.0,0.0,1.0,1.0,1.0,1.0,1.0,1.0,1.0,1.0,1.0,1.0,1.0
6.837264759962238,5.54,,195.3,1667.640569424486,104.36750726041244,13.441373939160297,47.39849624471043,5.62995441690365,2050.0,8.537,9.44,4933000.0,54.7,45.84,0,1.0,1.0,0.0,1.0,1.0,1.0,1.0,1.0,1.0,1.0,1.0,1.0,1.0,1.0
6.757532632999807,5.54,,489.6,1667.640569424486,104.36750726041244,12.740995215870532,47.39849624471043,6.001087970433774,2050.0,8.537,9.44,4933000.0,54.7,45.84,0,1.0,1.0,0.0,1.0,1.0,1.0,1.0,1.0,1.0,1.0,1.0,1.0,1.0,1.0
6.569260237319848,5.54,,1295.8,1667.640569424486,130.2678751934937,58.89081932153215,45.22569423870903,7.444143147972616,2050.0,8.537,9.44,4933000.0,54.7,45.84,1,1.0,1.0,0.0,1.0,1.0,1.0,1.0,1.0,1.0,1.0,1.0,1.0,1.0,1.0
6.3758859577922085,5.54,,1258.6,1620.694422732843,63.08487522370304,70.17035417353394,51.45433060462972,5.881890234763863,2050.0,8.537,9.44,4933000.0,54.7,45.84,1,1.0,1.0,0.0,1.0,1.0,1.0,1.0,1.0,1.0,1.0,1.0,1.0,1.0,1.0
6.757532632999807,5.54,,624.7,1667.640569424486,104.36750726041244,11.30206905390373,47.39849624471043,5.911490210094597,2050.0,8.537,9.44,4933000.0,54.7,45.84,1,1.0,1.0,0.0,1.0,1.0,1.0,1.0,1.0,1.0,1.0,1.0,1.0,1.0,1.0
7.781243467875049,5.54,,1003.9,219.6812853784296,23327.923979166662,557.6147345459494,651.9339501384522,25.16742012954307,2050.0,8.537,9.44,4933000.0,54.7,45.84,1,1.0,1.0,0.0,1.0,1.0,1.0,1.0,1.0,1.0,1.0,1.0,1.0,1.0,1.0
6.757532632999807,5.54,,481.8,1667.640569424486,104.36750726041244,12.740995215870532,47.39849624471043,6.001087970433774,2050.0,8.537,9.44,4933000.0,54.7,45.84,0,1.0,1.0,0.0,1.0,1.0,1.0,1.0,1.0,1.0,1.0,1.0,1.0,1.0,1.0
6.757532632999807,5.54,,435.1,1667.640569424486,104.36750726041244,12.740995215870532,47.39849624471043,6.001087970433774,2050.0,8.537,9.44,4933000.0,54.7,45.84,0,1.0,1.0,0.0,1.0,1.0,1.0,1.0,1.0,1.0,1.0,1.0,1.0,1.0,1.0
6.837264759962238,5.54,,289.1,1667.640569424486,104.36750726041244,13.441373939160297,47.39849624471043,5.947605926443679,2050.0,8.537,9.44,4933000.0,54.7,45.84,0,1.0,1.0,0.0,1.0,1.0,1.0,1.0,1.0,1.0,1.0,1.0,1.0,1.0,1.0
6.837264759962238,5.54,,175.7,1667.640569424486,104.36750726041244,13.441373939160297,47.39849624471043,5.62995441690365,2050.0,8.537,9.44,4933000.0,54.7,45.84,0,1.0,1.0,0.0,1.0,1.0,1.0,1.0,1.0,1.0,1.0,1.0,1.0,1.0,1.0
6.837264759962238,5.54,,296.1,1667.640569424486,104.36750726041244,13.441373939160297,47.39849624471043,5.947605926443679,2050.0,8.537,9.44,4933000.0,54.7,45.84,0,1.0,1.0,0.0,1.0,1.0,1.0,1.0,1.0,1.0,1.0,1.0,1.0,1.0,1.0
6.837264759962238,5.54,,229.3,1667.640569424486,104.36750726041244,13.441373939160297,47.39849624471043,5.62995441690365,2050.0,8.537,9.44,4933000.0,54.7,45.84,0,1.0,1.0,0.0,1.0,1.0,1.0,1.0,1.0,1.0,1.0,1.0,1.0,1.0,1.0
6.837264759962238,5.54,,286.0,1667.640569424486,104.36750726041244,13.441373939160297,47.39849624471043,5.947605926443679,2050.0,8.537,9.44,4933000.0,54.7,45.84,0,1.0,1.0,0.0,1.0,1.0,1.0,1.0,1.0,1.0,1.0,1.0,1.0,1.0,1.0
6.761834716333139,5.54,,772.9,1667.640569424486,112.32332905527636,44.062430751516274,46.041581624213,5.937479224744466,2050.0,8.537,9.44,4933000.0,54.7,45.84,1,1.0,1.0,0.0,1.0,1.0,1.0,1.0,1.0,1.0,1.0,1.0,1.0,1.0,1.0
6.837264759962238,5.54,,259.9,1667.640569424486,104.36750726041244,13.441373939160297,47.39849624471043,5.62995441690365,2050.0,8.537,9.44,4933000.0,54.7,45.84,0,1.0,1.0,0.0,1.0,1.0,1.0,1.0,1.0,1.0,1.0,1.0,1.0,1.0,1.0
6.837264759962238,5.54,,323.3,1667.640569424486,104.36750726041244,13.441373939160297,47.39849624471043,5.947605926443679,2050.0,8.537,9.44,4933000.0,54.7,45.84,0,1.0,1.0,0.0,1.0,1.0,1.0,1.0,1.0,1.0,1.0,1.0,1.0,1.0,1.0
6.757532632999807,5.54,,602.5,1667.640569424486,104.36750726041244,11.30206905390373,47.39849624471043,5.959375230791633,2050.0,8.537,9.44,4933000.0,54.7,45.84,1,1.0,1.0,0.0,1.0,1.0,1.0,1.0,1.0,1.0,1.0,1.0,1.0,1.0,1.0
7.67,5.54,2.2,7047392.291666667,32.4,411339.825,122283.75,153153.24175000004,6435.723562500001,2050.0,8.537,9.44,4933000.0,272.29,124.4,0,0.0,1.0,1.0,0.0,1.0,1.0,1.0,1.0,1.0,1.0,1.0,1.0,0.0,0.0
6.837264759962238,5.54,,377.8685395161939,1667.640569424486,104.36750726041244,13.441373939160297,47.39849624471043,5.932494741782916,2050.0,8.537,9.44,4933000.0,54.7,45.84,0,1.0,1.0,0.0,1.0,1.0,1.0,1.0,1.0,1.0,1.0,1.0,1.0,1.0,1.0
6.757532632999807,5.54,,473.92827790618986,1667.640569424486,104.36750726041244,12.740995215870532,47.39849624471043,6.001087970433774,2050.0,8.537,9.44,4933000.0,54.7,45.84,0,1.0,1.0,0.0,1.0,1.0,1.0,1.0,1.0,1.0,1.0,1.0,1.0,1.0,1.0
6.757532632999807,5.54,,481.8108012572651,1667.640569424486,104.36750726041244,12.740995215870532,47.39849624471043,6.001087970433774,2050.0,8.537,9.44,4933000.0,54.7,45.84,0,1.0,1.0,0.0,1.0,1.0,1.0,1.0,1.0,1.0,1.0,1.0,1.0,1.0,1.0
6.757532632999807,5.54,,495.7903101659007,1667.640569424486,104.36750726041244,12.407406557819462,47.39849624471043,5.946826396750153,2050.0,8.537,9.44,4933000.0,54.7,45.84,0,1.0,1.0,0.0,1.0,1.0,1.0,1.0,1.0,1.0,1.0,1.0,1.0,1.0,1.0
6.757532632999807,5.54,,491.8774111187438,1667.640569424486,104.36750726041244,12.740995215870532,47.39849624471043,6.001087970433774,2050.0,8.537,9.44,4933000.0,54.7,45.84,0,1.0,1.0,0.0,1.0,1.0,1.0,1.0,1.0,1.0,1.0,1.0,1.0,1.0,1.0
6.757532632999807,5.54,,498.19873840357303,1667.640569424486,104.36750726041244,12.407406557819462,47.39849624471043,5.946826396750153,2050.0,8.537,9.44,4933000.0,54.7,45.84,0,1.0,1.0,0.0,1.0,1.0,1.0,1.0,1.0,1.0,1.0,1.0,1.0,1.0,1.0
6.757532632999807,5.54,,436.811081968953,1667.640569424486,104.36750726041244,12.740995215870532,47.39849624471043,6.001087970433774,2050.0,8.537,9.44,4933000.0,54.7,45.84,0,1.0,1.0,0.0,1.0,1.0,1.0,1.0,1.0,1.0,1.0,1.0,1.0,1.0,1.0
6.758282632999807,5.54,,706.7653965144665,1667.640569424486,104.36750726041244,11.30206905390373,47.39849624471043,5.812138243902128,2050.0,8.537,9.44,4933000.0,54.7,45.84,1,1.0,1.0,0.0,1.0,1.0,1.0,1.0,1.0,1.0,1.0,1.0,1.0,1.0,1.0
6.757532632999807,5.54,,559.9085424571593,1667.640569424486,104.36750726041244,11.30206905390373,47.39849624471043,5.959375230791633,2050.0,8.537,9.44,4933000.0,54.7,45.84,1,1.0,1.0,0.0,1.0,1.0,1.0,1.0,1.0,1.0,1.0,1.0,1.0,1.0,1.0
6.757532632999807,5.54,,509.054152449123,1667.640569424486,104.36750726041244,12.407406557819462,47.39849624471043,5.946826396750153,2050.0,8.537,9.44,4933000.0,54.7,45.84,0,1.0,1.0,0.0,1.0,1.0,1.0,1.0,1.0,1.0,1.0,1.0,1.0,1.0,1.0
6.757532632999807,5.54,,457.5454265359351,1667.640569424486,104.36750726041244,12.740995215870532,47.39849624471043,6.001087970433774,2050.0,8.537,9.44,4933000.0,54.7,45.84,0,1.0,1.0,0.0,1.0,1.0,1.0,1.0,1.0,1.0,1.0,1.0,1.0,1.0,1.0
6.761834716333139,5.54,,773.1519205252386,1667.640569424486,112.32332905527636,44.062430751516274,46.041581624213,5.937479224744466,2050.0,8.537,9.44,4933000.0,54.7,45.84,1,1.0,1.0,0.0,1.0,1.0,1.0,1.0,1.0,1.0,1.0,1.0,1.0,1.0,1.0
6.837264759962238,5.54,,333.7100821127668,1667.640569424486,104.36750726041244,13.441373939160297,47.39849624471043,5.947605926443679,2050.0,8.537,9.44,4933000.0,54.7,45.84,0,1.0,1.0,0.0,1.0,1.0,1.0,1.0,1.0,1.0,1.0,1.0,1.0,1.0,1.0
6.837264759962238,5.54,,291.8917312509883,1667.640569424486,104.36750726041244,13.441373939160297,47.39849624471043,5.947605926443679,2050.0,8.537,9.44,4933000.0,54.7,45.84,0,1.0,1.0,0.0,1.0,1.0,1.0,1.0,1.0,1.0,1.0,1.0,1.0,1.0,1.0
6.837264759962238,5.54,,327.9485292385913,1667.640569424486,104.36750726041244,13.441373939160297,47.39849624471043,5.947605926443679,2050.0,8.537,9.44,4933000.0,54.7,45.84,0,1.0,1.0,0.0,1.0,1.0,1.0,1.0,1.0,1.0,1.0,1.0,1.0,1.0,1.0
6.757532632999807,5.54,,455.8427446019551,1667.640569424486,104.36750726041244,12.740995215870532,47.39849624471043,6.001087970433774,2050.0,8.537,9.44,4933000.0,54.7,45.84,0,1.0,1.0,0.0,1.0,1.0,1.0,1.0,1.0,1.0,1.0,1.0,1.0,1.0,1.0
6.7535847163331395,5.54,,833.8417679886195,1667.640569424486,112.32332905527636,44.062430751516274,46.041581624213,5.937479224744466,2050.0,8.537,9.44,4933000.0,54.7,45.84,1,1.0,1.0,0.0,1.0,1.0,1.0,1.0,1.0,1.0,1.0,1.0,1.0,1.0,1.0
6.757532632999807,5.54,,440.2033805849206,1667.640569424486,104.36750726041244,12.740995215870532,47.39849624471043,6.001087970433774,2050.0,8.537,9.44,4933000.0,54.7,45.84,0,1.0,1.0,0.0,1.0,1.0,1.0,1.0,1.0,1.0,1.0,1.0,1.0,1.0,1.0
6.7535847163331395,5.54,,832.6896016543303,1667.640569424486,112.32332905527636,44.062430751516274,46.041581624213,5.937479224744466,2050.0,8.537,9.44,4933000.0,54.7,45.84,1,1.0,1.0,0.0,1.0,1.0,1.0,1.0,1.0,1.0,1.0,1.0,1.0,1.0,1.0
6.720972222222223,5.54,,405.7154926221991,1667.640569424486,112.32332905527636,40.75405913091942,46.041581624213,5.837615580811436,2050.0,8.537,9.44,4933000.0,54.7,45.84,0,1.0,1.0,0.0,1.0,1.0,1.0,1.0,1.0,1.0,1.0,1.0,1.0,1.0,1.0
6.837264759962238,5.54,,307.3073925622917,1667.640569424486,104.36750726041244,13.441373939160297,47.39849624471043,5.947605926443679,2050.0,8.537,9.44,4933000.0,54.7,45.84,0,1.0,1.0,0.0,1.0,1.0,1.0,1.0,1.0,1.0,1.0,1.0,1.0,1.0,1.0
6.837264759962238,5.54,,306.37685908078635,1667.640569424486,104.36750726041244,13.441373939160297,47.39849624471043,5.947605926443679,2050.0,8.537,9.44,4933000.0,54.7,45.84,0,1.0,1.0,0.0,1.0,1.0,1.0,1.0,1.0,1.0,1.0,1.0,1.0,1.0,1.0
6.837264759962238,5.54,,192.86031409700033,1667.640569424486,104.36750726041244,13.441373939160297,47.39849624471043,5.62995441690365,2050.0,8.537,9.44,4933000.0,54.7,45.84,0,1.0,1.0,0.0,1.0,1.0,1.0,1.0,1.0,1.0,1.0,1.0,1.0,1.0,1.0
7.781243467875049,5.54,,997.5765938261112,219.6812853784296,23327.923979166662,557.6147345459494,651.9339501384522,25.16742012954307,2050.0,8.537,9.44,4933000.0,54.7,45.84,1,1.0,1.0,0.0,1.0,1.0,1.0,1.0,1.0,1.0,1.0,1.0,1.0,1.0,1.0
6.757532632999807,5.54,,351.4882808136385,1667.640569424486,104.36750726041244,12.740995215870532,47.39849624471043,5.972596231286924,2050.0,8.537,9.44,4933000.0,54.7,45.84,0,1.0,1.0,0.0,1.0,1.0,1.0,1.0,1.0,1.0,1.0,1.0,1.0,1.0,1.0
6.837264759962238,5.54,,310.70020198862454,1667.640569424486,104.36750726041244,13.441373939160297,47.39849624471043,5.947605926443679,2050.0,8.537,9.44,4933000.0,54.7,45.84,0,1.0,1.0,0.0,1.0,1.0,1.0,1.0,1.0,1.0,1.0,1.0,1.0,1.0,1.0
6.757532632999807,5.54,,630.0,1667.640569424486,104.36750726041244,11.30206905390373,47.39849624471043,5.911490210094597,2050.0,8.537,9.44,4933000.0,54.7,45.84,1,1.0,1.0,0.0,1.0,1.0,1.0,1.0,1.0,1.0,1.0,1.0,1.0,1.0,1.0
7.712221755315833,5.54,,1888.0,159.0,23207.805598214287,564.9693120273791,642.7144397217857,32.81395720619645,2050.0,8.537,9.44,4933000.0,54.7,45.84,1,1.0,1.0,0.0,0.0,1.0,1.0,1.0,1.0,1.0,1.0,1.0,1.0,1.0,1.0
7.712221755315833,5.54,,1632.0,139.0,23207.805598214287,564.9693120273791,642.7144397217857,32.81395720619645,2050.0,8.537,9.44,4933000.0,54.7,45.84,1,1.0,1.0,0.0,0.0,1.0,1.0,1.0,1.0,1.0,1.0,1.0,1.0,1.0,1.0
7.712221755315833,5.54,,227.0,22.0,23073.086479166665,544.1066325957588,385.7381897217853,30.429689526353194,2050.0,8.537,9.44,4933000.0,54.7,45.84,0,1.0,1.0,0.0,0.0,1.0,1.0,1.0,1.0,1.0,1.0,1.0,1.0,1.0,1.0
6.281005817134794,5.54,,950.2670603764088,219.6812853784296,266.18,61.61174264437297,200.30631660688704,33.64346724775655,2050.0,8.537,9.44,4933000.0,54.7,45.84,0,1.0,1.0,1.0,1.0,0.0,1.0,1.0,1.0,1.0,1.0,1.0,1.0,1.0,1.0
6.257333333333333,5.54,,21042.969141616828,18240.97862119256,73.67,262.3983672503768,95.7152931270814,518.6769067245789,2050.0,8.537,9.44,4933000.0,54.7,45.84,0,1.0,1.0,1.0,1.0,0.0,1.0,1.0,1.0,1.0,1.0,1.0,1.0,1.0,1.0
6.271895833333334,5.54,,21042.969141616828,18240.97862119256,47.69,261.4591172503768,95.7152931270814,518.6769067245789,2050.0,8.537,9.44,4933000.0,54.7,45.84,0,1.0,1.0,1.0,1.0,0.0,1.0,1.0,1.0,1.0,1.0,1.0,1.0,1.0,1.0
5.859768700866103,5.54,,285145.5532579825,15350.52435046329,10862.001,407.44,2051.8588030492424,478.3997499999999,2050.0,8.537,9.44,4933000.0,54.7,45.84,1,1.0,1.0,1.0,1.0,1.0,0.0,1.0,1.0,1.0,1.0,1.0,1.0,1.0,1.0
7.466888618789945,5.54,,2184000.0,107394.12263502674,411339.825,170341.075,41153.91049999998,5093.875,2050.0,8.537,9.44,4933000.0,54.7,45.84,1,1.0,1.0,0.0,1.0,1.0,1.0,1.0,1.0,1.0,1.0,1.0,1.0,1.0,1.0
6.713240695762572,5.54,,38641.40527878342,24472.84924135018,2286.889887715308,332.10604390175746,564.8559725651824,544.53025,2050.0,8.537,9.44,4933000.0,54.7,45.84,0,1.0,1.0,1.0,1.0,1.0,1.0,1.0,1.0,1.0,1.0,1.0,1.0,1.0,1.0
7.5,5.54,,282736.04910689674,9579.034961877658,31952.9995,603.4256750581742,5582.327750000001,219.3079015197649,2050.0,8.537,9.44,4933000.0,54.7,45.84,0,0.0,1.0,1.0,1.0,1.0,1.0,1.0,1.0,1.0,1.0,1.0,1.0,1.0,1.0
7.5,5.54,,282736.04910689674,9579.034961877658,31952.9995,603.4256750581742,5582.327750000001,219.3079015197649,2050.0,8.537,9.44,4933000.0,54.7,45.84,0,0.0,1.0,1.0,1.0,1.0,1.0,1.0,1.0,1.0,1.0,1.0,1.0,1.0,1.0
6.713240695762572,5.54,,38641.40527878342,24472.84924135018,2286.889887715308,332.10604390175746,564.8559725651824,544.53025,2050.0,8.537,9.44,4933000.0,54.7,45.84,0,1.0,1.0,1.0,1.0,1.0,1.0,1.0,1.0,1.0,1.0,1.0,1.0,1.0,1.0
6.713240695762572,5.54,,38641.40527878342,24472.84924135018,2286.889887715308,332.10604390175746,564.8559725651824,544.53025,2050.0,8.537,9.44,4933000.0,54.7,45.84,0,1.0,1.0,1.0,1.0,1.0,1.0,1.0,1.0,1.0,1.0,1.0,1.0,1.0,1.0
6.263412003661111,5.54,0.76,950.2670603764088,1620.694422732843,67.5,63.6,70.28132938943003,3.9,2050.0,8.537,9.44,4933000.0,54.7,45.84,0,1.0,1.0,1.0,1.0,0.0,0.0,1.0,0.0,1.0,1.0,1.0,1.0,1.0,1.0
6.457663742690057,5.54,,758.3672181071645,1667.640569424486,99.0190349302422,5.531415384880356,44.83398810203367,0.65,2050.0,8.537,9.44,4933000.0,54.7,45.84,0,1.0,1.0,1.0,1.0,1.0,1.0,1.0,0.0,1.0,1.0,1.0,1.0,1.0,1.0
7.88,5.54,0.99,34825653.01136364,1163842.275,439569.575,31211.35,66155.64050000001,4501.375,2988.0,8.537,9.44,4933000.0,54.7,45.84,0,0.0,1.0,1.0,1.0,1.0,1.0,1.0,1.0,0.0,1.0,1.0,1.0,1.0,1.0
7.88,5.54,0.99,34825653.01136364,1163842.275,439569.575,31211.35,66155.64050000001,4501.375,1782.0,8.537,9.44,4933000.0,54.7,45.84,0,0.0,1.0,1.0,1.0,1.0,1.0,1.0,1.0,0.0,1.0,1.0,1.0,1.0,1.0
5.2110925595238085,5.54,,1027.543136654311,1518.8561625406946,134.0542006078985,84.06855783251535,45.22569423870903,6.2971601211970505,2521.0,8.537,9.44,4933000.0,54.7,45.84,0,1.0,1.0,1.0,1.0,1.0,1.0,1.0,1.0,0.0,1.0,1.0,1.0,1.0,1.0
5.2110925595238085,5.54,,1027.543136654311,1518.8561625406946,134.0542006078985,84.06855783251535,45.22569423870903,6.2971601211970505,2092.0,8.537,9.44,4933000.0,54.7,45.84,0,1.0,1.0,1.0,1.0,1.0,1.0,1.0,1.0,0.0,1.0,1.0,1.0,1.0,1.0
5.2110925595238085,5.54,,1027.543136654311,1518.8561625406946,134.0542006078985,84.06855783251535,45.22569423870903,6.2971601211970505,1555.0,8.537,9.44,4933000.0,54.7,45.84,0,1.0,1.0,1.0,1.0,1.0,1.0,1.0,1.0,0.0,1.0,1.0,1.0,1.0,1.0
5.217842559523808,5.54,,1027.543136654311,1518.8561625406946,134.0542006078985,84.06855783251535,45.22569423870903,6.2971601211970505,5566.0,8.537,9.44,4933000.0,54.7,45.84,0,1.0,1.0,1.0,1.0,1.0,1.0,1.0,1.0,0.0,1.0,1.0,1.0,1.0,1.0
6.094679767677882,5.54,,950.2670603764088,219.6812853784296,236.82572390670717,71.02732389774852,132.7568782858654,16.80381159884418,5055.0,8.537,9.44,4933000.0,54.7,45.84,0,1.0,1.0,1.0,1.0,1.0,1.0,1.0,1.0,0.0,1.0,1.0,1.0,1.0,1.0
5.447494765319598,5.54,,291739.19672389154,9199.243657022384,18681.643,2947.84431332478,6902.9,108.69867500000002,2050.0,8.537,9.44,4933000.0,54.7,45.84,1,1.0,1.0,1.0,1.0,1.0,1.0,0.0,1.0,1.0,1.0,1.0,1.0,1.0,1.0
5.941713267064623,5.54,,3778.78174001895,5.0,839.5411890243904,292.78643900397026,241.33200613055288,21.889644167938503,2050.0,8.537,9.44,4933000.0,10.56,5.44,0,1.0,1.0,1.0,0.0,1.0,1.0,1.0,1.0,1.0,1.0,1.0,1.0,0.0,0.0
4.906884663360537,5.54,,1027.543136654311,270.0,151.25970105915903,243.57591493504097,173.37512117841524,23.535909519654968,2050.0,8.537,9.44,4933000.0,2718.8,1165.2,0,1.0,1.0,1.0,0.0,1.0,1.0,1.0,1.0,1.0,1.0,1.0,1.0,0.0,0.0
7.225962075561931,5.54,5.325,7050000.0,321000.0,728011.575,707163.7166666667,115127.50875000004,5093.875,2050.0,8.537,9.44,4933000.0,54.7,45.84,1,1.0,1.0,0.0,0.0,1.0,1.0,1.0,1.0,1.0,1.0,1.0,1.0,1.0,1.0
7.172762808162662,5.54,5.325,2400000.0,186000.0,728011.575,707163.7166666667,126569.47375000003,4946.375,2050.0,8.537,9.44,4933000.0,54.7,45.84,1,1.0,1.0,0.0,0.0,1.0,1.0,1.0,1.0,1.0,1.0,1.0,1.0,1.0,1.0
7.3123939409187955,5.54,5.325,2520000.0,161000.0,728011.575,707163.7166666667,114357.84750000006,5093.875,2050.0,8.537,9.44,4933000.0,54.7,45.84,1,1.0,1.0,0.0,0.0,1.0,1.0,1.0,1.0,1.0,1.0,1.0,1.0,1.0,1.0
7.291847630567148,5.54,5.325,1530000.0,93200.0,586862.825,255048.8,40616.069249999986,5093.875,2050.0,8.537,9.44,4933000.0,54.7,45.84,1,1.0,1.0,0.0,0.0,1.0,1.0,1.0,1.0,1.0,1.0,1.0,1.0,1.0,1.0
7.172762808162662,5.54,5.325,2950000.0,184000.0,728011.575,707163.7166666667,126569.47375000003,4946.375,2050.0,8.537,9.44,4933000.0,54.7,45.84,1,1.0,1.0,0.0,0.0,1.0,1.0,1.0,1.0,1.0,1.0,1.0,1.0,1.0,1.0
5.6279045787545785,5.54,,778.317554748448,219.6812853784296,265.26170209389755,140.3362284606986,0.1856,14.9861090775097,2050.0,0.0111,9.44,4933000.0,54.7,45.84,0,1.0,1.0,1.0,1.0,1.0,1.0,0.0,1.0,1.0,0.0,1.0,1.0,1.0,1.0
6.713240695762572,5.54,,38641.40527878342,24472.84924135018,2286.889887715308,332.10604390175746,564.8559725651824,544.53025,2050.0,8.537,9.44,4933000.0,54.7,45.84,0,1.0,1.0,1.0,1.0,1.0,1.0,1.0,1.0,1.0,1.0,1.0,1.0,1.0,1.0
6.837264759962238,5.54,,6.04,1667.640569424486,104.36750726041244,13.441373939160297,47.39849624471043,5.62995441690365,2050.0,8.537,9.44,4933000.0,54.7,45.84,0,1.0,1.0,0.0,1.0,1.0,1.0,1.0,1.0,1.0,1.0,1.0,1.0,1.0,1.0
6.837264759962238,5.54,,67.7,1667.640569424486,104.36750726041244,13.441373939160297,47.39849624471043,5.62995441690365,2050.0,8.537,9.44,4933000.0,54.7,45.84,0,1.0,1.0,0.0,1.0,1.0,1.0,1.0,1.0,1.0,1.0,1.0,1.0,1.0,1.0
7.712221755315833,5.54,,25.8,1.31,21254.711479166665,529.6690931682651,386.1631897217854,30.429689526353194,2050.0,8.537,9.44,4933000.0,54.7,45.84,0,1.0,1.0,0.0,0.0,1.0,1.0,1.0,1.0,1.0,1.0,1.0,1.0,1.0,1.0
6.859602995256357,5.54,,30.3,1667.640569424486,104.36750726041244,12.689387702367547,47.39849624471043,5.665727923215989,2050.0,8.537,9.44,4933000.0,11.15,19.15,0,1.0,1.0,0.0,1.0,1.0,1.0,1.0,1.0,1.0,1.0,1.0,1.0,0.0,0.0
6.599737103174604,5.54,,227.0,1667.640569424486,132.1984031543355,61.25015073942454,41.29380146093125,6.029028469890704,2050.0,8.537,9.44,4933000.0,48.8,178.2,0,1.0,1.0,0.0,1.0,1.0,1.0,1.0,1.0,1.0,1.0,1.0,1.0,0.0,0.0
6.713240695762572,5.54,,38641.40527878342,24472.84924135018,2286.889887715308,332.10604390175746,564.8559725651824,544.53025,2050.0,8.537,9.44,4933000.0,54.7,45.84,0,1.0,1.0,1.0,1.0,1.0,1.0,1.0,1.0,1.0,1.0,1.0,1.0,1.0,1.0
6.757532632999807,5.54,,572.25,1667.640569424486,104.36750726041244,11.30206905390373,47.39849624471043,5.959375230791633,2050.0,8.537,9.44,4933000.0,54.7,45.84,1,1.0,1.0,0.0,1.0,1.0,1.0,1.0,1.0,1.0,1.0,1.0,1.0,1.0,1.0
5.2110925595238085,5.54,,1027.543136654311,1518.8561625406946,134.0542006078985,84.06855783251535,45.22569423870903,6.2971601211970505,0.15,8.537,9.44,4933000.0,54.7,45.84,0,1.0,1.0,1.0,1.0,1.0,1.0,1.0,1.0,0.0,1.0,1.0,1.0,1.0,1.0
7.93,5.54,0.244,35140578.01136364,691000.0,439569.575,31211.35,65813.89050000001,4501.375,2050.0,8.537,9.44,4933000.0,54.7,45.84,1,0.0,1.0,1.0,0.0,1.0,1.0,1.0,1.0,1.0,1.0,1.0,1.0,1.0,1.0
7.86,5.54,0.232,26943498.844696976,335000.0,439569.575,31159.35,65813.89050000001,4501.375,2050.0,8.537,9.44,4933000.0,54.7,45.84,1,0.0,1.0,1.0,0.0,1.0,1.0,1.0,1.0,1.0,1.0,1.0,1.0,1.0,1.0
7.09,5.54,0.223,11560328.011363637,840000.0,552488.575,49387.275,62668.10425,4946.375,2050.0,8.537,9.44,4933000.0,54.7,45.84,1,0.0,1.0,1.0,0.0,1.0,1.0,1.0,1.0,1.0,1.0,1.0,1.0,1.0,1.0
6.53,5.54,0.221,4495928.333333334,483000.0,533913.05,49335.275,62670.39725,4946.375,2050.0,8.537,9.44,4933000.0,54.7,45.84,1,0.0,1.0,1.0,0.0,1.0,1.0,1.0,1.0,1.0,1.0,1.0,1.0,1.0,1.0
7.077878742228597,5.54,,1482133.579590924,481000.0,953849.575,656301.2750000001,571381.405,6872.8,2050.0,8.537,9.44,4933000.0,54.7,45.84,1,1.0,1.0,1.0,0.0,1.0,1.0,1.0,1.0,1.0,1.0,1.0,1.0,1.0,1.0
7.319527388353714,5.54,,902084.8995836306,128000.0,953849.575,534075.25,716469.7787499999,7020.3,2050.0,8.537,9.44,4933000.0,54.7,45.84,1,1.0,1.0,1.0,0.0,1.0,1.0,1.0,1.0,1.0,1.0,1.0,1.0,1.0,1.0
7.128753742228598,5.54,,1482133.579590924,306000.0,953849.575,673024.4416666667,571381.405,6872.8,2050.0,8.537,9.44,4933000.0,54.7,45.84,1,1.0,1.0,1.0,0.0,1.0,1.0,1.0,1.0,1.0,1.0,1.0,1.0,1.0,1.0
7.319527388353714,5.54,,888502.2942722753,146000.0,953849.575,500688.5,825369.7787499999,7020.3,2050.0,8.537,9.44,4933000.0,54.7,45.84,1,1.0,1.0,1.0,0.0,1.0,1.0,1.0,1.0,1.0,1.0,1.0,1.0,1.0,1.0
7.19140566530552,5.54,,1607161.2911184377,209000.0,953849.575,898155.4416666667,571381.405,6872.8,2050.0,8.537,9.44,4933000.0,54.7,45.84,1,1.0,1.0,1.0,0.0,1.0,1.0,1.0,1.0,1.0,1.0,1.0,1.0,1.0,1.0
7.19140566530552,5.54,,1607161.2911184377,206000.0,953849.575,898155.4416666667,728681.405,6872.8,2050.0,8.537,9.44,4933000.0,54.7,45.84,1,1.0,1.0,1.0,0.0,1.0,1.0,1.0,1.0,1.0,1.0,1.0,1.0,1.0,1.0
7.211462075561931,5.54,,6895543.445512821,533000.0,953849.575,913010.2166666666,571381.405,7020.3,2050.0,8.537,9.44,4933000.0,54.7,45.84,1,1.0,1.0,1.0,0.0,1.0,1.0,1.0,1.0,1.0,1.0,1.0,1.0,1.0,1.0
7.077878742228597,5.54,,1482133.579590924,337000.0,953849.575,673024.4416666667,571381.405,6872.8,2050.0,8.537,9.44,4933000.0,54.7,45.84,1,1.0,1.0,1.0,0.0,1.0,1.0,1.0,1.0,1.0,1.0,1.0,1.0,1.0,1.0
6.837264759962238,5.54,,56.2,1667.640569424486,104.36750726041244,13.441373939160297,47.39849624471043,5.62995441690365,2050.0,8.537,9.44,4933000.0,54.7,45.84,0,1.0,1.0,0.0,1.0,1.0,1.0,1.0,1.0,1.0,1.0,1.0,1.0,1.0,1.0
6.837264759962238,5.54,,80.4,1667.640569424486,104.36750726041244,13.441373939160297,47.39849624471043,5.62995441690365,2050.0,8.537,9.44,4933000.0,54.7,45.84,0,1.0,1.0,0.0,1.0,1.0,1.0,1.0,1.0,1.0,1.0,1.0,1.0,1.0,1.0
6.837264759962238,5.54,,80.4,1667.640569424486,104.36750726041244,13.441373939160297,47.39849624471043,5.62995441690365,2050.0,8.537,9.44,4933000.0,54.7,45.84,0,1.0,1.0,0.0,1.0,1.0,1.0,1.0,1.0,1.0,1.0,1.0,1.0,1.0,1.0
7.712221755315833,5.54,,350.2,7.4,21254.711479166665,529.6690931682651,386.07318972178535,30.429689526353194,2050.0,8.537,9.44,4933000.0,54.7,45.84,0,1.0,1.0,0.0,0.0,1.0,1.0,1.0,1.0,1.0,1.0,1.0,1.0,1.0,1.0
7.854083333333335,5.54,,26400000.0,2360000.0,615092.575,688705.9916666667,48030.0,4738.375,2050.0,8.537,9.44,4933000.0,54.7,45.84,1,1.0,1.0,0.0,0.0,1.0,1.0,0.0,1.0,1.0,1.0,1.0,1.0,1.0,1.0
6.294208333333334,5.54,,21042.969141616828,18240.97862119256,1.0,270.03756731122724,95.7152931270814,518.5364999999999,167.0,1.0,9.44,4933000.0,54.7,45.84,0,1.0,1.0,1.0,1.0,0.0,1.0,1.0,1.0,0.0,0.0,1.0,1.0,1.0,1.0
5.813461434119691,5.54,,25528.245981426404,8863.677684800161,3520.0,443.731781041646,1118.993268918447,105.58405357142858,9370.0,382.0,9.44,4933000.0,54.7,45.84,1,1.0,1.0,1.0,1.0,0.0,1.0,1.0,1.0,0.0,0.0,1.0,1.0,1.0,1.0
6.713240695762572,5.54,,38641.40527878342,24472.84924135018,2286.889887715308,332.10604390175746,564.8559725651824,544.53025,2050.0,8.537,9.44,4933000.0,54.7,45.84,0,1.0,1.0,1.0,1.0,1.0,1.0,1.0,1.0,1.0,1.0,1.0,1.0,1.0,1.0
5.2110925595238085,5.54,,1027.543136654311,1518.8561625406946,134.0542006078985,84.06855783251535,45.22569423870903,6.2971601211970505,2110.0,8.537,9.44,4933000.0,54.7,45.84,0,1.0,1.0,1.0,1.0,1.0,1.0,1.0,1.0,0.0,1.0,1.0,1.0,1.0,1.0
5.779317798030142,5.54,,778.317554748448,1565.8023092323376,166.33146571513612,61.405779973826554,41.29380146093125,4.39745695170101,21800.0,8.537,9.44,4933000.0,54.7,45.84,0,1.0,1.0,1.0,1.0,1.0,1.0,1.0,1.0,0.0,1.0,1.0,1.0,1.0,1.0
5.2110925595238085,5.54,,1027.543136654311,1518.8561625406946,134.0542006078985,84.06855783251535,45.22569423870903,6.2971601211970505,190.0,8.537,9.44,4933000.0,54.7,45.84,0,1.0,1.0,1.0,1.0,1.0,1.0,1.0,1.0,0.0,1.0,1.0,1.0,1.0,1.0
5.2110925595238085,5.54,,1027.543136654311,1518.8561625406946,134.0542006078985,84.06855783251535,45.22569423870903,6.2971601211970505,1450.0,8.537,9.44,4933000.0,54.7,45.84,0,1.0,1.0,1.0,1.0,1.0,1.0,1.0,1.0,0.0,1.0,1.0,1.0,1.0,1.0
5.779317798030142,5.54,,778.317554748448,1565.8023092323376,166.33146571513612,61.405779973826554,41.29380146093125,4.39745695170101,31100.0,8.537,9.44,4933000.0,54.7,45.84,0,1.0,1.0,1.0,1.0,1.0,1.0,1.0,1.0,0.0,1.0,1.0,1.0,1.0,1.0
5.2110925595238085,5.54,,1027.543136654311,1518.8561625406946,134.0542006078985,84.06855783251535,45.22569423870903,6.2971601211970505,1640.0,8.537,9.44,4933000.0,54.7,45.84,0,1.0,1.0,1.0,1.0,1.0,1.0,1.0,1.0,0.0,1.0,1.0,1.0,1.0,1.0
5.2110925595238085,5.54,,1027.543136654311,1518.8561625406946,134.0542006078985,84.06855783251535,45.22569423870903,6.2971601211970505,38.0,8.537,9.44,4933000.0,54.7,45.84,0,1.0,1.0,1.0,1.0,1.0,1.0,1.0,1.0,0.0,1.0,1.0,1.0,1.0,1.0
5.2110925595238085,5.54,,1027.543136654311,1518.8561625406946,134.0542006078985,84.06855783251535,45.22569423870903,6.2971601211970505,7.0,8.537,9.44,4933000.0,54.7,45.84,0,1.0,1.0,1.0,1.0,1.0,1.0,1.0,1.0,0.0,1.0,1.0,1.0,1.0,1.0
6.713240695762572,5.54,,38641.40527878342,24472.84924135018,2286.889887715308,332.10604390175746,564.8559725651824,544.53025,2050.0,8.537,9.44,4933000.0,54.7,45.84,0,1.0,1.0,1.0,1.0,1.0,1.0,1.0,1.0,1.0,1.0,1.0,1.0,1.0,1.0
6.713240695762572,5.54,,38641.40527878342,24472.84924135018,2286.889887715308,332.10604390175746,564.8559725651824,544.53025,2050.0,8.537,9.44,4933000.0,54.7,45.84,0,1.0,1.0,1.0,1.0,1.0,1.0,1.0,1.0,1.0,1.0,1.0,1.0,1.0,1.0
6.713240695762572,5.54,,38641.40527878342,24472.84924135018,2286.889887715308,332.10604390175746,564.8559725651824,544.53025,2050.0,8.537,9.44,4933000.0,54.7,45.84,0,1.0,1.0,1.0,1.0,1.0,1.0,1.0,1.0,1.0,1.0,1.0,1.0,1.0,1.0
6.713240695762572,5.54,,38641.40527878342,24472.84924135018,2286.889887715308,332.10604390175746,564.8559725651824,544.53025,2050.0,8.537,9.44,4933000.0,54.7,45.84,0,1.0,1.0,1.0,1.0,1.0,1.0,1.0,1.0,1.0,1.0,1.0,1.0,1.0,1.0
6.713240695762572,5.54,,38641.40527878342,24472.84924135018,2286.889887715308,332.10604390175746,564.8559725651824,544.53025,2050.0,8.537,9.44,4933000.0,54.7,45.84,0,1.0,1.0,1.0,1.0,1.0,1.0,1.0,1.0,1.0,1.0,1.0,1.0,1.0,1.0
6.713240695762572,5.54,,38641.40527878342,24472.84924135018,2286.889887715308,332.10604390175746,564.8559725651824,544.53025,2050.0,8.537,9.44,4933000.0,54.7,45.84,0,1.0,1.0,1.0,1.0,1.0,1.0,1.0,1.0,1.0,1.0,1.0,1.0,1.0,1.0
6.271895833333334,5.54,,21042.969141616828,18240.97862119256,2.4,261.4591172503768,95.7152931270814,518.6769067245789,2050.0,8.537,9.44,4933000.0,54.7,45.84,0,1.0,1.0,1.0,1.0,0.0,1.0,1.0,1.0,1.0,1.0,1.0,1.0,1.0,1.0
5.65,5.54,,21042.969141616828,8893.127684800162,42.8,137.73741316341506,88.39686510768816,74.38578536255801,2050.0,8.537,9.44,4933000.0,54.7,45.84,0,0.0,1.0,1.0,1.0,0.0,1.0,1.0,1.0,1.0,1.0,1.0,1.0,1.0,1.0
6.281005817134794,5.54,,950.2670603764088,219.6812853784296,294.0,61.61174264437297,200.30631660688704,33.64346724775655,2050.0,8.537,9.44,4933000.0,54.7,45.84,0,1.0,1.0,1.0,1.0,0.0,1.0,1.0,1.0,1.0,1.0,1.0,1.0,1.0,1.0
6.271895833333334,5.54,,21042.969141616828,18240.97862119256,2.72,261.4591172503768,95.7152931270814,518.6769067245789,2050.0,8.537,9.44,4933000.0,54.7,45.84,0,1.0,1.0,1.0,1.0,0.0,1.0,1.0,1.0,1.0,1.0,1.0,1.0,1.0,1.0
5.65,5.54,,21042.969141616828,8761.826641125608,273.0,120.70447416920516,82.16822874176746,46.79224099578031,2050.0,8.537,9.44,4933000.0,54.7,45.84,0,0.0,1.0,1.0,1.0,0.0,1.0,1.0,1.0,1.0,1.0,1.0,1.0,1.0,1.0
5.65,5.54,,21042.969141616828,8893.127684800162,29.5,137.73741316341506,88.39686510768816,74.52082061380459,2050.0,8.537,9.44,4933000.0,54.7,45.84,0,0.0,1.0,1.0,1.0,0.0,1.0,1.0,1.0,1.0,1.0,1.0,1.0,1.0,1.0
5.565640192151919,5.54,,1027.543136654311,219.6812853784296,472.0,192.5717070950886,195.9395722075364,27.303912783673884,2050.0,8.537,9.44,4933000.0,54.7,45.84,1,1.0,1.0,1.0,1.0,0.0,1.0,1.0,1.0,1.0,1.0,1.0,1.0,1.0,1.0
6.271895833333334,5.54,,21042.969141616828,18240.97862119256,2.47,261.4591172503768,95.7152931270814,518.6769067245789,2050.0,8.537,9.44,4933000.0,54.7,45.84,0,1.0,1.0,1.0,1.0,0.0,1.0,1.0,1.0,1.0,1.0,1.0,1.0,1.0,1.0
5.65,5.54,,21042.969141616828,8893.127684800162,115.0,124.7044976771742,82.16822874176746,74.38578536255801,2050.0,8.537,9.44,4933000.0,54.7,45.84,0,0.0,1.0,1.0,1.0,0.0,1.0,1.0,1.0,1.0,1.0,1.0,1.0,1.0,1.0
5.65,5.54,,21042.969141616828,8893.127684800162,37.7,137.73741316341506,88.39686510768816,74.52082061380459,2050.0,8.537,9.44,4933000.0,54.7,45.84,0,0.0,1.0,1.0,1.0,0.0,1.0,1.0,1.0,1.0,1.0,1.0,1.0,1.0,1.0
6.257333333333333,5.54,,21042.969141616828,18240.97862119256,80.0,248.98336725037672,95.7152931270814,518.6769067245789,2050.0,8.537,9.44,4933000.0,54.7,45.84,0,1.0,1.0,1.0,1.0,0.0,1.0,1.0,1.0,1.0,1.0,1.0,1.0,1.0,1.0
6.132355160705907,5.54,,950.2670603764088,219.6812853784296,216.0,80.4189589494072,200.30631660688704,35.1983548014385,2050.0,8.537,9.44,4933000.0,54.7,45.84,0,1.0,1.0,1.0,1.0,0.0,1.0,1.0,1.0,1.0,1.0,1.0,1.0,1.0,1.0
6.271895833333334,5.54,,21042.969141616828,18240.97862119256,9.5,261.4591172503768,95.7152931270814,518.6769067245789,2050.0,8.537,9.44,4933000.0,54.7,45.84,0,1.0,1.0,1.0,1.0,0.0,1.0,1.0,1.0,1.0,1.0,1.0,1.0,1.0,1.0
6.271895833333334,5.54,,21042.969141616828,18240.97862119256,4.4,261.4591172503768,95.7152931270814,518.6769067245789,2050.0,8.537,9.44,4933000.0,54.7,45.84,0,1.0,1.0,1.0,1.0,0.0,1.0,1.0,1.0,1.0,1.0,1.0,1.0,1.0,1.0
6.271895833333334,5.54,,21042.969141616828,18240.97862119256,3.78,261.4591172503768,95.7152931270814,518.6769067245789,2050.0,8.537,9.44,4933000.0,54.7,45.84,0,1.0,1.0,1.0,1.0,0.0,1.0,1.0,1.0,1.0,1.0,1.0,1.0,1.0,1.0
6.271895833333334,5.54,,21042.969141616828,18240.97862119256,1.07,261.4591172503768,95.7152931270814,518.6769067245789,2050.0,8.537,9.44,4933000.0,54.7,45.84,0,1.0,1.0,1.0,1.0,0.0,1.0,1.0,1.0,1.0,1.0,1.0,1.0,1.0,1.0
4.815703365124459,5.54,,1027.543136654311,973.0,99.14976689656744,68.65275207534671,130.1427505725275,11.249265283572878,2050.0,8.537,9.44,4933000.0,54.7,45.84,0,1.0,1.0,1.0,0.0,1.0,1.0,1.0,1.0,1.0,1.0,1.0,1.0,1.0,1.0
6.147851666666666,5.54,,21042.969141616828,16100.0,4103.823568533171,413.49251651125826,972.6694864930698,476.59204512253143,2050.0,8.537,9.44,4933000.0,54.7,45.84,1,1.0,1.0,1.0,0.0,1.0,1.0,1.0,1.0,1.0,1.0,1.0,1.0,1.0,1.0
6.592151561273671,5.54,,20635.052474950156,5550.0,139.48758136382872,90.08269464838862,59.16451051252271,44.65183606298679,2050.0,8.537,9.44,4933000.0,54.7,45.84,1,1.0,1.0,1.0,0.0,1.0,1.0,1.0,1.0,1.0,1.0,1.0,1.0,1.0,1.0
6.595427751749862,5.54,,2943.2200096562997,4760.0,132.1984031543355,83.23292400113853,45.22569423870903,5.133988864359412,2050.0,8.537,9.44,4933000.0,54.7,45.84,0,1.0,1.0,1.0,0.0,1.0,1.0,1.0,1.0,1.0,1.0,1.0,1.0,1.0,1.0
6.3985306212509325,5.54,,778.317554748448,2980.0,139.09527691553018,115.09717731342124,41.29380146093125,5.698523957163374,2050.0,8.537,9.44,4933000.0,54.7,45.84,0,1.0,1.0,1.0,0.0,1.0,1.0,1.0,1.0,1.0,1.0,1.0,1.0,1.0,1.0
5.127857829410173,5.54,,1027.543136654311,1550.0,134.0542006078985,85.8462142390335,45.22569423870903,5.215264126576748,2050.0,8.537,9.44,4933000.0,54.7,45.84,0,1.0,1.0,1.0,0.0,1.0,1.0,1.0,1.0,1.0,1.0,1.0,1.0,1.0,1.0
5.094796550778674,5.54,,1027.543136654311,128.0,1508.4603973577234,312.84930723805917,168.2018493188587,22.66523958333334,2050.0,8.537,9.44,4933000.0,54.7,45.84,0,1.0,1.0,1.0,0.0,1.0,1.0,1.0,1.0,1.0,1.0,1.0,1.0,1.0,1.0
6.757532632999807,5.54,,456.0,1667.640569424486,104.36750726041244,12.740995215870532,47.39849624471043,6.001087970433774,2050.0,8.537,9.44,4933000.0,54.7,45.84,0,1.0,1.0,0.0,1.0,1.0,1.0,1.0,1.0,1.0,1.0,1.0,1.0,1.0,1.0
6.757532632999807,5.54,,456.0,1667.640569424486,104.36750726041244,12.740995215870532,47.39849624471043,6.001087970433774,2050.0,8.537,9.44,4933000.0,54.7,45.84,0,1.0,1.0,0.0,1.0,1.0,1.0,1.0,1.0,1.0,1.0,1.0,1.0,1.0,1.0
6.757532632999807,5.54,,456.0,1667.640569424486,104.36750726041244,12.740995215870532,47.39849624471043,6.001087970433774,2050.0,8.537,9.44,4933000.0,54.7,45.84,0,1.0,1.0,0.0,1.0,1.0,1.0,1.0,1.0,1.0,1.0,1.0,1.0,1.0,1.0
6.757532632999807,5.54,,456.0,1667.640569424486,104.36750726041244,12.740995215870532,47.39849624471043,6.001087970433774,2050.0,8.537,9.44,4933000.0,54.7,45.84,0,1.0,1.0,0.0,1.0,1.0,1.0,1.0,1.0,1.0,1.0,1.0,1.0,1.0,1.0
6.757532632999807,5.54,,503.0,1667.640569424486,104.36750726041244,12.407406557819462,47.39849624471043,5.946826396750153,2050.0,8.537,9.44,4933000.0,54.7,45.84,0,1.0,1.0,0.0,1.0,1.0,1.0,1.0,1.0,1.0,1.0,1.0,1.0,1.0,1.0
6.757532632999807,5.54,,503.0,1667.640569424486,104.36750726041244,12.407406557819462,47.39849624471043,5.946826396750153,2050.0,8.537,9.44,4933000.0,54.7,45.84,0,1.0,1.0,0.0,1.0,1.0,1.0,1.0,1.0,1.0,1.0,1.0,1.0,1.0,1.0
6.757532632999807,5.54,,503.0,1667.640569424486,104.36750726041244,12.407406557819462,47.39849624471043,5.946826396750153,2050.0,8.537,9.44,4933000.0,54.7,45.84,0,1.0,1.0,0.0,1.0,1.0,1.0,1.0,1.0,1.0,1.0,1.0,1.0,1.0,1.0
6.757532632999807,5.54,,503.0,1667.640569424486,104.36750726041244,12.407406557819462,47.39849624471043,5.946826396750153,2050.0,8.537,9.44,4933000.0,54.7,45.84,0,1.0,1.0,0.0,1.0,1.0,1.0,1.0,1.0,1.0,1.0,1.0,1.0,1.0,1.0
6.757532632999807,5.54,,598.0,1667.640569424486,104.36750726041244,11.30206905390373,47.39849624471043,5.959375230791633,2050.0,8.537,9.44,4933000.0,54.7,45.84,1,1.0,1.0,0.0,1.0,1.0,1.0,1.0,1.0,1.0,1.0,1.0,1.0,1.0,1.0
6.757532632999807,5.54,,598.0,1667.640569424486,104.36750726041244,11.30206905390373,47.39849624471043,5.959375230791633,2050.0,8.537,9.44,4933000.0,54.7,45.84,1,1.0,1.0,0.0,1.0,1.0,1.0,1.0,1.0,1.0,1.0,1.0,1.0,1.0,1.0
6.757532632999807,5.54,,598.0,1667.640569424486,104.36750726041244,11.30206905390373,47.39849624471043,5.959375230791633,2050.0,8.537,9.44,4933000.0,54.7,45.84,1,1.0,1.0,0.0,1.0,1.0,1.0,1.0,1.0,1.0,1.0,1.0,1.0,1.0,1.0
6.757532632999807,5.54,,598.0,1667.640569424486,104.36750726041244,11.30206905390373,47.39849624471043,5.959375230791633,2050.0,8.537,9.44,4933000.0,54.7,45.84,1,1.0,1.0,0.0,1.0,1.0,1.0,1.0,1.0,1.0,1.0,1.0,1.0,1.0,1.0
6.7461576329998065,5.54,,747.0,1667.640569424486,104.36750726041244,11.30206905390373,47.39849624471043,5.812138243902128,2050.0,8.537,9.44,4933000.0,54.7,45.84,1,1.0,1.0,0.0,1.0,1.0,1.0,1.0,1.0,1.0,1.0,1.0,1.0,1.0,1.0
6.7461576329998065,5.54,,747.0,1667.640569424486,104.36750726041244,11.30206905390373,47.39849624471043,5.812138243902128,2050.0,8.537,9.44,4933000.0,54.7,45.84,1,1.0,1.0,0.0,1.0,1.0,1.0,1.0,1.0,1.0,1.0,1.0,1.0,1.0,1.0
6.7461576329998065,5.54,,747.0,1667.640569424486,104.36750726041244,11.30206905390373,47.39849624471043,5.812138243902128,2050.0,8.537,9.44,4933000.0,54.7,45.84,1,1.0,1.0,0.0,1.0,1.0,1.0,1.0,1.0,1.0,1.0,1.0,1.0,1.0,1.0
6.7461576329998065,5.54,,747.0,1667.640569424486,104.36750726041244,11.30206905390373,47.39849624471043,5.812138243902128,2050.0,8.537,9.44,4933000.0,54.7,45.84,1,1.0,1.0,0.0,1.0,1.0,1.0,1.0,1.0,1.0,1.0,1.0,1.0,1.0,1.0
5.19455915761628,5.54,,1027.543136654311,39.8,1851.2731333333336,345.68858838964167,226.22312093529703,19.525944256588296,2050.0,8.537,9.44,4933000.0,223.5,223.5,0,1.0,1.0,1.0,0.0,1.0,1.0,1.0,1.0,1.0,1.0,1.0,1.0,0.0,0.0
5.19455915761628,5.54,,1027.543136654311,48.7,1851.2731333333336,345.68858838964167,226.22312093529703,19.525944256588296,2050.0,8.537,9.44,4933000.0,312.0,312.0,0,1.0,1.0,1.0,0.0,1.0,1.0,1.0,1.0,1.0,1.0,1.0,1.0,0.0,0.0
5.6548392257252535,5.54,,950.2670603764088,14.0,1752.375275,361.1339785272797,188.34832055731667,16.7142067565883,2050.0,8.537,9.44,4933000.0,213.3,497.7,0,1.0,1.0,1.0,0.0,1.0,1.0,1.0,1.0,1.0,1.0,1.0,1.0,0.0,0.0
5.667089225725254,5.54,,950.2670603764088,14.1,1752.375275,361.1339785272797,188.34832055731667,16.7142067565883,2050.0,8.537,9.44,4933000.0,251.3,466.7,0,1.0,1.0,1.0,0.0,1.0,1.0,1.0,1.0,1.0,1.0,1.0,1.0,0.0,0.0
6.726141220238096,5.54,,38641.40527878342,24472.84924135018,2286.889887715308,332.10604390175746,564.8559725651824,544.53025,2050.0,8.537,1.1,4933000.0,54.7,45.84,0,1.0,1.0,1.0,1.0,1.0,1.0,1.0,1.0,1.0,1.0,0.0,1.0,1.0,1.0
6.724391220238094,5.54,,38641.40527878342,24472.84924135018,2286.889887715308,332.10604390175746,564.8559725651824,544.53025,2050.0,8.537,1.3,4933000.0,54.7,45.84,0,1.0,1.0,1.0,1.0,1.0,1.0,1.0,1.0,1.0,1.0,0.0,1.0,1.0,1.0
6.724391220238094,5.54,,38641.40527878342,24472.84924135018,2286.889887715308,332.10604390175746,564.8559725651824,544.53025,2050.0,8.537,1.55,4933000.0,54.7,45.84,0,1.0,1.0,1.0,1.0,1.0,1.0,1.0,1.0,1.0,1.0,0.0,1.0,1.0,1.0
6.726141220238096,5.54,,38641.40527878342,24472.84924135018,2286.889887715308,332.10604390175746,564.8559725651824,544.53025,2050.0,8.537,0.912,4933000.0,54.7,45.84,0,1.0,1.0,1.0,1.0,1.0,1.0,1.0,1.0,1.0,1.0,0.0,1.0,1.0,1.0
6.724391220238094,5.54,,38641.40527878342,24472.84924135018,2286.889887715308,332.10604390175746,564.8559725651824,544.53025,2050.0,8.537,1.309,4933000.0,54.7,45.84,0,1.0,1.0,1.0,1.0,1.0,1.0,1.0,1.0,1.0,1.0,0.0,1.0,1.0,1.0
6.713240695762572,5.54,,38641.40527878342,24472.84924135018,2286.889887715308,332.10604390175746,564.8559725651824,544.53025,2050.0,8.537,9.44,4933000.0,54.7,45.84,0,1.0,1.0,1.0,1.0,1.0,1.0,1.0,1.0,1.0,1.0,1.0,1.0,1.0,1.0
6.713240695762572,5.54,,38641.40527878342,24472.84924135018,2286.889887715308,332.10604390175746,564.8559725651824,544.53025,2050.0,8.537,9.44,4933000.0,54.7,45.84,0,1.0,1.0,1.0,1.0,1.0,1.0,1.0,1.0,1.0,1.0,1.0,1.0,1.0,1.0
6.713240695762572,5.54,,38641.40527878342,24472.84924135018,2286.889887715308,332.10604390175746,564.8559725651824,544.53025,2050.0,8.537,9.44,4933000.0,54.7,45.84,0,1.0,1.0,1.0,1.0,1.0,1.0,1.0,1.0,1.0,1.0,1.0,1.0,1.0,1.0
7.314012075561932,5.54,,13044922.708333332,973000.0,953849.575,931467.9416666668,571381.405,7020.3,2050.0,8.537,9.44,4933000.0,54.7,45.84,1,1.0,1.0,1.0,0.0,1.0,1.0,1.0,1.0,1.0,1.0,1.0,1.0,1.0,1.0
7.920117063492069,5.54,,66711916.58928572,16100000.0,953849.575,913010.2166666666,571381.405,6901.8,2050.0,8.537,9.44,4933000.0,54.7,45.84,1,1.0,1.0,1.0,0.0,1.0,1.0,1.0,1.0,1.0,1.0,1.0,1.0,1.0,1.0
7.920117063492069,5.54,,66711916.58928572,5550000.0,953849.575,913010.2166666666,571381.405,6901.8,2050.0,8.537,9.44,4933000.0,54.7,45.84,1,1.0,1.0,1.0,0.0,1.0,1.0,1.0,1.0,1.0,1.0,1.0,1.0,1.0,1.0
7.920117063492069,5.54,,66711916.58928572,4760000.0,953849.575,913010.2166666666,571381.405,6901.8,2050.0,8.537,9.44,4933000.0,54.7,45.84,1,1.0,1.0,1.0,0.0,1.0,1.0,1.0,1.0,1.0,1.0,1.0,1.0,1.0,1.0
7.881927777777781,5.54,,34168478.375,3380000.0,953849.575,913010.2166666666,571381.405,6901.8,2050.0,8.537,9.44,4933000.0,54.7,45.84,1,1.0,1.0,1.0,0.0,1.0,1.0,1.0,1.0,1.0,1.0,1.0,1.0,1.0,1.0
7.831861111111114,5.54,,22635375.0,2380000.0,953849.575,913010.2166666666,571381.405,6901.8,2050.0,8.537,9.44,4933000.0,54.7,45.84,1,1.0,1.0,1.0,0.0,1.0,1.0,1.0,1.0,1.0,1.0,1.0,1.0,1.0,1.0
7.831861111111114,5.54,,22635375.0,2080000.0,953849.575,913010.2166666666,571381.405,6901.8,2050.0,8.537,9.44,4933000.0,54.7,45.84,1,1.0,1.0,1.0,0.0,1.0,1.0,1.0,1.0,1.0,1.0,1.0,1.0,1.0,1.0
7.362173718694706,5.54,,2052600.0,97300.0,586862.825,255048.8,41128.44549999999,5093.875,2050.0,8.537,9.44,4933000.0,1623700.0,429000.0,1,1.0,1.0,0.0,0.0,1.0,1.0,1.0,1.0,1.0,1.0,1.0,1.0,0.0,0.0
7.356132605696421,5.54,,6408000.0,42000.0,411339.825,146026.75,42520.412999999986,5093.875,2050.0,8.537,9.44,4933000.0,54.7,45.84,1,1.0,1.0,0.0,0.0,1.0,1.0,1.0,1.0,1.0,1.0,1.0,1.0,1.0,1.0
7.338290548515429,5.54,,3735000.0,47000.0,411339.825,146026.75,42520.412999999986,5093.875,2050.0,8.537,9.44,4933000.0,54.7,45.84,1,1.0,1.0,0.0,0.0,1.0,1.0,1.0,1.0,1.0,1.0,1.0,1.0,1.0,1.0
7.250217838058726,5.54,,1252000.0,13000.0,812700.825,561245.75,585598.6305,6735.025,2050.0,8.537,9.44,4933000.0,54.7,45.84,1,1.0,1.0,0.0,0.0,1.0,1.0,1.0,1.0,1.0,1.0,1.0,1.0,1.0,1.0
7.233266301124987,5.54,,847000.0,11000.0,812700.825,355390.62500000006,682105.59925,6672.6222676798425,2050.0,8.537,9.44,4933000.0,54.7,45.84,1,1.0,1.0,0.0,0.0,1.0,1.0,1.0,1.0,1.0,1.0,1.0,1.0,1.0,1.0
7.412715861940638,5.54,,6408000.0,45065.57987745098,411339.825,146026.75,42862.162999999986,5093.875,2050.0,8.537,9.44,4933000.0,54.7,45.84,1,1.0,1.0,0.0,1.0,1.0,1.0,1.0,1.0,1.0,1.0,1.0,1.0,1.0,1.0
7.3908211731807,5.54,,3592000.0,57406.10404411764,411339.825,165751.75,42862.162999999986,5093.875,2050.0,8.537,9.44,4933000.0,54.7,45.84,1,1.0,1.0,0.0,1.0,1.0,1.0,1.0,1.0,1.0,1.0,1.0,1.0,1.0,1.0
7.384053943941732,5.54,,1211000.0,31437.1336123821,411339.825,123749.75,295482.63999999996,7020.3,2050.0,8.537,9.44,4933000.0,54.7,45.84,1,1.0,1.0,0.0,1.0,1.0,1.0,1.0,1.0,1.0,1.0,1.0,1.0,1.0,1.0
7.265673244671255,5.54,,828000.0,59102.23832424621,812700.825,368756.87500000006,825369.7787499999,7020.3,2050.0,8.537,9.44,4933000.0,54.7,45.84,1,1.0,1.0,0.0,1.0,1.0,1.0,1.0,1.0,1.0,1.0,1.0,1.0,1.0,1.0
7.921020039682544,5.54,,71368000.0,7334479.166666666,615092.575,688705.9916666667,105528.0005,4738.375,2050.0,8.537,9.44,4933000.0,54.7,45.84,1,1.0,1.0,0.0,1.0,1.0,1.0,1.0,1.0,1.0,1.0,1.0,1.0,1.0,1.0
7.86361408730159,5.54,,25815000.0,1504151.9058333333,615092.575,688705.9916666667,105528.0005,4738.375,2050.0,8.537,9.44,4933000.0,54.7,45.84,1,1.0,1.0,0.0,1.0,1.0,1.0,1.0,1.0,1.0,1.0,1.0,1.0,1.0,1.0
7.364137075561933,5.54,,14388000.0,1055751.2975,728011.575,688705.9916666667,116639.67000000004,5093.875,2050.0,8.537,9.44,4933000.0,54.7,45.84,1,1.0,1.0,0.0,1.0,1.0,1.0,1.0,1.0,1.0,1.0,1.0,1.0,1.0,1.0
7.412715861940638,5.54,,6255000.0,45065.57987745098,411339.825,146026.75,42862.162999999986,5093.875,2050.0,8.537,9.44,4933000.0,54.7,45.84,1,1.0,1.0,0.0,1.0,1.0,1.0,1.0,1.0,1.0,1.0,1.0,1.0,1.0,1.0
6.69,5.54,1.29,950.2670603764088,1620.694422732843,65.5,34.2,70.28132938943003,4.52,2050.0,8.537,9.44,4933000.0,54.7,45.84,0,0.0,1.0,1.0,1.0,0.0,0.0,1.0,0.0,1.0,1.0,1.0,1.0,1.0,1.0
5.110296550778675,5.54,,1027.543136654311,25.1,889.6574181910566,294.26823262546833,153.18137220593317,19.328239583333335,2050.0,8.537,9.44,4933000.0,54.7,45.84,0,1.0,1.0,1.0,0.0,1.0,1.0,1.0,1.0,1.0,1.0,1.0,1.0,1.0,1.0
5.110296550778675,5.54,,1027.543136654311,5.23,889.6574181910566,294.26823262546833,153.18137220593317,19.328239583333335,2050.0,8.537,9.44,4933000.0,54.7,45.84,0,1.0,1.0,1.0,0.0,1.0,1.0,1.0,1.0,1.0,1.0,1.0,1.0,1.0,1.0
4.894751226551227,5.54,,1027.543136654311,664.0,99.14976689656744,70.84441874201339,130.1427505725275,11.339895269464034,2050.0,8.537,9.44,4933000.0,54.7,45.84,0,1.0,1.0,1.0,0.0,1.0,1.0,1.0,1.0,1.0,1.0,1.0,1.0,1.0,1.0
6.713240695762572,5.54,,38641.40527878342,24472.84924135018,2286.889887715308,332.10604390175746,564.8559725651824,544.53025,2050.0,8.537,9.44,4933000.0,54.7,45.84,0,1.0,1.0,1.0,1.0,1.0,1.0,1.0,1.0,1.0,1.0,1.0,1.0,1.0,1.0
6.713240695762572,5.54,,38641.40527878342,24472.84924135018,2286.889887715308,332.10604390175746,564.8559725651824,544.53025,2050.0,8.537,9.44,4933000.0,54.7,45.84,0,1.0,1.0,1.0,1.0,1.0,1.0,1.0,1.0,1.0,1.0,1.0,1.0,1.0,1.0
6.713240695762572,5.54,,38641.40527878342,24472.84924135018,2286.889887715308,332.10604390175746,564.8559725651824,544.53025,2050.0,8.537,9.44,4933000.0,54.7,45.84,0,1.0,1.0,1.0,1.0,1.0,1.0,1.0,1.0,1.0,1.0,1.0,1.0,1.0,1.0
6.286505817134794,5.54,,950.2670603764088,247.0110403833195,145.0,61.61174264437297,197.69218889354912,31.459830419225604,2050.0,8.537,9.44,4933000.0,54.7,45.84,0,1.0,1.0,1.0,1.0,0.0,1.0,1.0,1.0,1.0,1.0,1.0,1.0,1.0,1.0
6.297713158404635,5.54,,950.2670603764088,219.6812853784296,198.0,65.74020706710813,200.30631660688704,34.147267247756545,2050.0,8.537,9.44,4933000.0,54.7,45.84,0,1.0,1.0,1.0,1.0,0.0,1.0,1.0,1.0,1.0,1.0,1.0,1.0,1.0,1.0
6.297713158404635,5.54,,950.2670603764088,219.6812853784296,176.0,65.74020706710813,200.30631660688704,34.73469224775655,2050.0,8.537,9.44,4933000.0,54.7,45.84,0,1.0,1.0,1.0,1.0,0.0,1.0,1.0,1.0,1.0,1.0,1.0,1.0,1.0,1.0
6.297713158404635,5.54,,950.2670603764088,247.0110403833195,157.0,65.74020706710813,197.69218889354912,31.4148304192256,2050.0,8.537,9.44,4933000.0,54.7,45.84,0,1.0,1.0,1.0,1.0,0.0,1.0,1.0,1.0,1.0,1.0,1.0,1.0,1.0,1.0
6.297713158404635,5.54,,950.2670603764088,247.0110403833195,154.0,65.74020706710813,197.69218889354912,31.4148304192256,2050.0,8.537,9.44,4933000.0,54.7,45.84,0,1.0,1.0,1.0,1.0,0.0,1.0,1.0,1.0,1.0,1.0,1.0,1.0,1.0,1.0
5.74650260195171,5.54,,950.2670603764088,871.271104608871,142.0,62.11343254999124,145.91635444386628,5.413945151361391,2050.0,8.537,9.44,4933000.0,54.7,45.84,0,1.0,1.0,1.0,1.0,0.0,1.0,1.0,1.0,1.0,1.0,1.0,1.0,1.0,1.0
5.74650260195171,5.54,,950.2670603764088,871.271104608871,138.0,62.11343254999124,145.91635444386628,5.413945151361391,2050.0,8.537,9.44,4933000.0,54.7,45.84,0,1.0,1.0,1.0,1.0,0.0,1.0,1.0,1.0,1.0,1.0,1.0,1.0,1.0,1.0
5.723946309045532,5.54,,950.2670603764088,871.271104608871,123.0,60.36349911664862,145.91635444386628,9.378731183295404,2050.0,8.537,9.44,4933000.0,54.7,45.84,0,1.0,1.0,1.0,1.0,0.0,1.0,1.0,1.0,1.0,1.0,1.0,1.0,1.0,1.0
5.723946309045532,5.54,,950.2670603764088,871.271104608871,121.0,60.36349911664862,145.91635444386628,9.378731183295404,2050.0,8.537,9.44,4933000.0,54.7,45.84,0,1.0,1.0,1.0,1.0,0.0,1.0,1.0,1.0,1.0,1.0,1.0,1.0,1.0,1.0
5.723946309045532,5.54,,950.2670603764088,871.271104608871,117.0,60.36349911664862,145.91635444386628,9.378731183295404,2050.0,8.537,9.44,4933000.0,54.7,45.84,0,1.0,1.0,1.0,1.0,0.0,1.0,1.0,1.0,1.0,1.0,1.0,1.0,1.0,1.0
6.722307886904761,5.54,,38641.40527878342,24472.84924135018,2286.889887715308,332.10604390175746,564.8559725651824,544.53025,2050.0,8.537,2.59,4933000.0,54.7,45.84,0,1.0,1.0,1.0,1.0,1.0,1.0,1.0,1.0,1.0,1.0,0.0,1.0,1.0,1.0
6.724385933857808,5.54,,38641.40527878342,24472.84924135018,2286.889887715308,332.10604390175746,564.8559725651824,544.53025,2050.0,8.537,436.0,4933000.0,54.7,45.84,0,1.0,1.0,1.0,1.0,1.0,1.0,1.0,1.0,1.0,1.0,0.0,1.0,1.0,1.0
6.716133644480519,5.54,,38641.40527878342,24472.84924135018,2286.889887715308,332.10604390175746,564.8559725651824,544.53025,2050.0,8.537,4.73,4933000.0,54.7,45.84,0,1.0,1.0,1.0,1.0,1.0,1.0,1.0,1.0,1.0,1.0,0.0,1.0,1.0,1.0
6.717216977813853,5.54,,38641.40527878342,24472.84924135018,2286.889887715308,332.10604390175746,564.8559725651824,544.53025,2050.0,8.537,6.09,4933000.0,54.7,45.84,0,1.0,1.0,1.0,1.0,1.0,1.0,1.0,1.0,1.0,1.0,0.0,1.0,1.0,1.0
6.717216977813853,5.54,,38641.40527878342,24472.84924135018,2286.889887715308,332.10604390175746,564.8559725651824,544.53025,2050.0,8.537,5.78,4933000.0,54.7,45.84,0,1.0,1.0,1.0,1.0,1.0,1.0,1.0,1.0,1.0,1.0,0.0,1.0,1.0,1.0
6.724385933857808,5.54,,38641.40527878342,24472.84924135018,2286.889887715308,332.10604390175746,564.8559725651824,544.53025,2050.0,8.537,80.0,4933000.0,54.7,45.84,0,1.0,1.0,1.0,1.0,1.0,1.0,1.0,1.0,1.0,1.0,0.0,1.0,1.0,1.0
6.724385933857808,5.54,,38641.40527878342,24472.84924135018,2286.889887715308,332.10604390175746,564.8559725651824,544.53025,2050.0,8.537,20.4,4933000.0,54.7,45.84,0,1.0,1.0,1.0,1.0,1.0,1.0,1.0,1.0,1.0,1.0,0.0,1.0,1.0,1.0
6.724385933857808,5.54,,38641.40527878342,24472.84924135018,2286.889887715308,332.10604390175746,564.8559725651824,544.53025,2050.0,8.537,552.0,4933000.0,54.7,45.84,0,1.0,1.0,1.0,1.0,1.0,1.0,1.0,1.0,1.0,1.0,0.0,1.0,1.0,1.0
6.724385933857808,5.54,,38641.40527878342,24472.84924135018,2286.889887715308,332.10604390175746,564.8559725651824,544.53025,2050.0,8.537,301.0,4933000.0,54.7,45.84,0,1.0,1.0,1.0,1.0,1.0,1.0,1.0,1.0,1.0,1.0,0.0,1.0,1.0,1.0
6.724385933857808,5.54,,38641.40527878342,24472.84924135018,2286.889887715308,332.10604390175746,564.8559725651824,544.53025,2050.0,8.537,37.2,4933000.0,54.7,45.84,0,1.0,1.0,1.0,1.0,1.0,1.0,1.0,1.0,1.0,1.0,0.0,1.0,1.0,1.0
6.724385933857808,5.54,,38641.40527878342,24472.84924135018,2286.889887715308,332.10604390175746,564.8559725651824,544.53025,2050.0,8.537,36.7,4933000.0,54.7,45.84,0,1.0,1.0,1.0,1.0,1.0,1.0,1.0,1.0,1.0,1.0,0.0,1.0,1.0,1.0
6.486071391658736,5.54,0.76,778.317554748448,1667.640569424486,141.74866764138363,63.6,40.7670484053757,3.9,2050.0,8.537,9.44,4933000.0,54.7,45.84,0,1.0,1.0,1.0,1.0,1.0,0.0,1.0,0.0,1.0,1.0,1.0,1.0,1.0,1.0
5.2110925595238085,5.54,,1027.543136654311,1518.8561625406946,134.0542006078985,84.06855783251535,45.22569423870903,6.2971601211970505,2120.0,8.537,9.44,4933000.0,54.7,45.84,0,1.0,1.0,1.0,1.0,1.0,1.0,1.0,1.0,0.0,1.0,1.0,1.0,1.0,1.0
6.0254367656509285,5.54,,950.2670603764088,247.0110403833195,134.0,120.0,145.91635444386628,14.4,946.0,8.537,9.44,4933000.0,54.7,45.84,0,1.0,1.0,1.0,1.0,0.0,0.0,1.0,0.0,0.0,1.0,1.0,1.0,1.0,1.0
9.23,9.23,2.082,1000000000.0,221388216.6666667,439569.575,31124.8,66594.3305,3998.375,2050.0,8.537,9.44,4933000.0,54.7,45.84,0,0.0,0.0,1.0,1.0,1.0,1.0,1.0,1.0,1.0,1.0,1.0,1.0,1.0,1.0
6.281005817134794,5.54,,950.2670603764088,219.6812853784296,266.18,61.61174264437297,200.30631660688704,33.64346724775655,2050.0,8.537,9.44,4933000.0,54.7,45.84,0,1.0,1.0,1.0,1.0,0.0,1.0,1.0,1.0,1.0,1.0,1.0,1.0,1.0,1.0
6.257333333333333,5.54,,21042.969141616828,18240.97862119256,73.67,262.3983672503768,95.7152931270814,518.6769067245789,2050.0,8.537,9.44,4933000.0,54.7,45.84,0,1.0,1.0,1.0,1.0,0.0,1.0,1.0,1.0,1.0,1.0,1.0,1.0,1.0,1.0
6.271895833333334,5.54,,21042.969141616828,18240.97862119256,47.69,261.4591172503768,95.7152931270814,518.6769067245789,2050.0,8.537,9.44,4933000.0,54.7,45.84,0,1.0,1.0,1.0,1.0,0.0,1.0,1.0,1.0,1.0,1.0,1.0,1.0,1.0,1.0
5.859768700866103,5.54,,285145.5532579825,15350.52435046329,10862.001,407.44,2051.8588030492424,478.3997499999999,2050.0,8.537,9.44,4933000.0,54.7,45.84,1,1.0,1.0,1.0,1.0,1.0,0.0,1.0,1.0,1.0,1.0,1.0,1.0,1.0,1.0
6.286870521348511,5.54,,285145.5532579825,15350.52435046329,4971.628308736683,96.48,1382.9240837219136,478.3997499999999,2050.0,8.537,9.44,4933000.0,54.7,45.84,0,1.0,1.0,1.0,1.0,1.0,0.0,1.0,1.0,1.0,1.0,1.0,1.0,1.0,1.0
6.7148317632663845,5.54,,21324.618220048196,25254.45634341478,1953.277081788025,307.0249472662964,30.21,539.3452500000001,2050.0,8.537,9.44,4933000.0,54.7,45.84,0,1.0,1.0,1.0,1.0,1.0,1.0,0.0,1.0,1.0,1.0,1.0,1.0,1.0,1.0
6.7148317632663845,5.54,,21324.618220048196,25254.45634341478,1959.426562961063,307.0249472662964,38.51,539.3452500000001,2050.0,8.537,9.44,4933000.0,54.7,45.84,0,1.0,1.0,1.0,1.0,1.0,1.0,0.0,1.0,1.0,1.0,1.0,1.0,1.0,1.0
6.718581763266384,5.54,,21732.534886714864,25254.45634341478,1925.6403484417556,306.9999472662964,82.16,539.4702546367367,2050.0,8.537,9.44,4933000.0,54.7,45.84,0,1.0,1.0,1.0,1.0,1.0,1.0,0.0,1.0,1.0,1.0,1.0,1.0,1.0,1.0
6.701915096599717,5.54,,21732.534886714864,25254.45634341478,773.2902086989054,292.5681555996297,111.05,541.0244386338776,2050.0,8.537,9.44,4933000.0,54.7,45.84,0,1.0,1.0,1.0,1.0,1.0,1.0,0.0,1.0,1.0,1.0,1.0,1.0,1.0,1.0
6.718581763266384,5.54,,21324.618220048196,25254.45634341478,1959.426562961063,307.0249472662964,48.59,539.3452500000001,2050.0,8.537,9.44,4933000.0,54.7,45.84,0,1.0,1.0,1.0,1.0,1.0,1.0,0.0,1.0,1.0,1.0,1.0,1.0,1.0,1.0
6.718581763266384,5.54,,21324.618220048196,25254.45634341478,1959.426562961063,307.0249472662964,51.64,539.3452500000001,2050.0,8.537,9.44,4933000.0,54.7,45.84,0,1.0,1.0,1.0,1.0,1.0,1.0,0.0,1.0,1.0,1.0,1.0,1.0,1.0,1.0
6.718581763266384,5.54,,21324.618220048196,25254.45634341478,1959.426562961063,307.0249472662964,52.26,539.3452500000001,2050.0,8.537,9.44,4933000.0,54.7,45.84,0,1.0,1.0,1.0,1.0,1.0,1.0,0.0,1.0,1.0,1.0,1.0,1.0,1.0,1.0
6.718581763266384,5.54,,21324.618220048196,25254.45634341478,1959.426562961063,307.0249472662964,53.65,539.3452500000001,2050.0,8.537,9.44,4933000.0,54.7,45.84,0,1.0,1.0,1.0,1.0,1.0,1.0,0.0,1.0,1.0,1.0,1.0,1.0,1.0,1.0
6.718581763266384,5.54,,21732.534886714864,25254.45634341478,1925.6403484417556,306.9999472662964,82.27,539.4702546367367,2050.0,8.537,9.44,4933000.0,54.7,45.84,0,1.0,1.0,1.0,1.0,1.0,1.0,0.0,1.0,1.0,1.0,1.0,1.0,1.0,1.0
6.718581763266384,5.54,,21324.618220048196,25254.45634341478,1959.426562961063,306.9999472662964,65.44,539.4702546367367,2050.0,8.537,9.44,4933000.0,54.7,45.84,0,1.0,1.0,1.0,1.0,1.0,1.0,0.0,1.0,1.0,1.0,1.0,1.0,1.0,1.0
6.718581763266384,5.54,,21324.618220048196,25254.45634341478,1959.426562961063,307.0249472662964,51.12,539.3452500000001,2050.0,8.537,9.44,4933000.0,54.7,45.84,0,1.0,1.0,1.0,1.0,1.0,1.0,0.0,1.0,1.0,1.0,1.0,1.0,1.0,1.0
6.7148317632663845,5.54,,21324.618220048196,25254.45634341478,1953.277081788025,307.0249472662964,28.68,539.3452500000001,2050.0,8.537,9.44,4933000.0,54.7,45.84,0,1.0,1.0,1.0,1.0,1.0,1.0,0.0,1.0,1.0,1.0,1.0,1.0,1.0,1.0
6.699167129120044,5.54,,21324.618220048196,25254.45634341478,1953.277081788025,307.0249472662964,23.87,539.3452500000001,2050.0,8.537,9.44,4933000.0,54.7,45.84,0,1.0,1.0,1.0,1.0,1.0,1.0,0.0,1.0,1.0,1.0,1.0,1.0,1.0,1.0
6.718581763266384,5.54,,21324.618220048196,25254.45634341478,1925.6403484417556,306.9999472662964,74.52,539.4702546367367,2050.0,8.537,9.44,4933000.0,54.7,45.84,0,1.0,1.0,1.0,1.0,1.0,1.0,0.0,1.0,1.0,1.0,1.0,1.0,1.0,1.0
6.718581763266384,5.54,,21324.618220048196,25254.45634341478,1959.426562961063,306.9999472662964,62.33,539.3452500000001,2050.0,8.537,9.44,4933000.0,54.7,45.84,0,1.0,1.0,1.0,1.0,1.0,1.0,0.0,1.0,1.0,1.0,1.0,1.0,1.0,1.0
6.718581763266384,5.54,,21324.618220048196,25254.45634341478,1959.426562961063,307.0249472662964,51.09,539.3452500000001,2050.0,8.537,9.44,4933000.0,54.7,45.84,0,1.0,1.0,1.0,1.0,1.0,1.0,0.0,1.0,1.0,1.0,1.0,1.0,1.0,1.0
6.713240695762572,5.54,,38641.40527878342,24472.84924135018,2286.889887715308,332.10604390175746,564.8559725651824,544.53025,2050.0,8.537,9.44,4933000.0,54.7,45.84,0,1.0,1.0,1.0,1.0,1.0,1.0,1.0,1.0,1.0,1.0,1.0,1.0,1.0,1.0
6.699167129120044,5.54,,21324.618220048196,25254.45634341478,1953.277081788025,307.0249472662964,1.73,539.3452500000001,2050.0,8.537,9.44,4933000.0,54.7,45.84,0,1.0,1.0,1.0,1.0,1.0,1.0,0.0,1.0,1.0,1.0,1.0,1.0,1.0,1.0
7.712221755315833,5.54,,350.2,7.4,21254.711479166665,529.6690931682651,386.07318972178535,30.429689526353194,2050.0,8.537,9.44,4933000.0,54.7,45.84,0,1.0,1.0,0.0,0.0,1.0,1.0,1.0,1.0,1.0,1.0,1.0,1.0,1.0,1.0
5.417481655844156,5.54,,5514.078083528873,1598.1140477328431,2352.0,2339.0,4904.047551515153,2.88,2050.0,8.537,9.44,4933000.0,54.7,45.84,1,1.0,1.0,1.0,1.0,0.0,0.0,1.0,0.0,1.0,1.0,1.0,1.0,1.0,1.0
6.561776324389404,5.54,,950.2670603764088,1620.694422732843,23.6,22.8,70.28132938943003,0.0,2050.0,8.537,9.44,4933000.0,54.7,45.84,0,1.0,1.0,1.0,1.0,0.0,0.0,1.0,0.0,1.0,1.0,1.0,1.0,1.0,1.0
5.127955753968254,5.54,,950.2670603764088,1569.8694227328428,663.7,661.0,1473.5019696697962,1.64,2050.0,8.537,9.44,4933000.0,54.7,45.84,1,1.0,1.0,1.0,1.0,0.0,0.0,1.0,0.0,1.0,1.0,1.0,1.0,1.0,1.0
4.634826992753623,5.54,,365110.1145407524,9262.01449035572,14412.0,14329.0,13680.569999999998,34.9,2050.0,8.537,9.44,4933000.0,54.7,45.84,1,1.0,1.0,1.0,1.0,0.0,0.0,1.0,0.0,1.0,1.0,1.0,1.0,1.0,1.0
4.351999999999999,5.54,,316342.5157135379,13950.691553954244,34173.0,33748.0,25483.353499999994,313.0,2050.0,8.537,9.44,4933000.0,54.7,45.84,1,1.0,1.0,1.0,1.0,0.0,0.0,1.0,0.0,1.0,1.0,1.0,1.0,1.0,1.0
6.758282632999807,5.54,,716.0,1667.640569424486,104.36750726041244,11.30206905390373,47.39849624471043,5.812138243902128,2050.0,8.537,9.44,4933000.0,54.7,45.84,1,1.0,1.0,0.0,1.0,1.0,1.0,1.0,1.0,1.0,1.0,1.0,1.0,1.0,1.0
5.693373981724796,5.54,,10500.0,5185.9193640353205,3689.682875,588.0643595459494,2053.669731997902,110.74289175842192,2050.0,8.537,9.44,4933000.0,54.7,45.84,1,1.0,1.0,0.0,1.0,1.0,1.0,1.0,1.0,1.0,1.0,1.0,1.0,1.0,1.0
6.4852009615384585,5.54,,5410.0,219.6812853784296,3511.276885714285,572.2718595459494,834.9675385764033,24.768170129543073,2050.0,8.537,9.44,4933000.0,54.7,45.84,1,1.0,1.0,0.0,1.0,1.0,1.0,1.0,1.0,1.0,1.0,1.0,1.0,1.0,1.0
7.781243467875049,5.54,,964.0,219.6812853784296,23327.923979166662,557.6147345459494,651.9339501384522,25.040902449699814,2050.0,8.537,9.44,4933000.0,54.7,45.84,1,1.0,1.0,0.0,1.0,1.0,1.0,1.0,1.0,1.0,1.0,1.0,1.0,1.0,1.0
6.757532632999807,5.54,,613.0,1667.640569424486,104.36750726041244,11.30206905390373,47.39849624471043,5.911490210094597,2050.0,8.537,9.44,4933000.0,54.7,45.84,1,1.0,1.0,0.0,1.0,1.0,1.0,1.0,1.0,1.0,1.0,1.0,1.0,1.0,1.0
6.458874999999999,5.54,,16900.0,18483.825997629196,5037.524916666671,586.4779861662768,1162.686413576403,542.28025,2050.0,8.537,9.44,4933000.0,54.7,45.84,1,1.0,1.0,0.0,1.0,1.0,1.0,1.0,1.0,1.0,1.0,1.0,1.0,1.0,1.0
6.837264759962238,5.54,,208.0,1667.640569424486,104.36750726041244,13.441373939160297,47.39849624471043,5.62995441690365,2050.0,8.537,9.44,4933000.0,54.7,45.84,0,1.0,1.0,0.0,1.0,1.0,1.0,1.0,1.0,1.0,1.0,1.0,1.0,1.0,1.0
6.837264759962238,5.54,,0.0,1667.640569424486,104.36750726041244,13.441373939160297,47.39849624471043,5.62995441690365,2050.0,8.537,9.44,4933000.0,54.7,45.84,0,1.0,1.0,0.0,1.0,1.0,1.0,1.0,1.0,1.0,1.0,1.0,1.0,1.0,1.0
6.572984829059829,5.54,,34600.0,24497.262034295865,5173.493750000003,586.6494861662767,1233.945372168357,546.03025,2050.0,8.537,9.44,4933000.0,54.7,45.84,1,1.0,1.0,0.0,1.0,1.0,1.0,1.0,1.0,1.0,1.0,1.0,1.0,1.0,1.0
6.543484829059828,5.54,,29700.0,24443.727943386773,5167.107750000003,586.6494861662767,1192.5539969097365,546.03025,2050.0,8.537,9.44,4933000.0,54.7,45.84,1,1.0,1.0,0.0,1.0,1.0,1.0,1.0,1.0,1.0,1.0,1.0,1.0,1.0,1.0
6.489296130952381,5.54,,15100.0,5589.1935502793685,145.13154363423837,57.268720531888675,59.16451051252271,49.155121619491645,2050.0,8.537,9.44,4933000.0,54.7,45.84,1,1.0,1.0,0.0,1.0,1.0,1.0,1.0,1.0,1.0,1.0,1.0,1.0,1.0,1.0
6.4852009615384585,5.54,,6000.0,219.6812853784296,3511.276885714285,572.2718595459494,834.9675385764033,24.768170129543073,2050.0,8.537,9.44,4933000.0,54.7,45.84,1,1.0,1.0,0.0,1.0,1.0,1.0,1.0,1.0,1.0,1.0,1.0,1.0,1.0,1.0
6.439847103863907,5.54,,3060.0,1628.0469342323377,139.09527691553018,82.90619998807507,45.22569423870903,7.629484243102849,2050.0,8.537,9.44,4933000.0,54.7,45.84,1,1.0,1.0,0.0,1.0,1.0,1.0,1.0,1.0,1.0,1.0,1.0,1.0,1.0,1.0
5.629202678571427,5.54,,2630.0,1581.100787540695,148.4853296097139,82.90619998807507,45.22569423870903,7.030772072842562,2050.0,8.537,9.44,4933000.0,54.7,45.84,1,1.0,1.0,0.0,1.0,1.0,1.0,1.0,1.0,1.0,1.0,1.0,1.0,1.0,1.0
6.439847103863907,5.54,,3160.0,1628.0469342323377,139.09527691553018,82.90619998807507,45.22569423870903,7.629484243102849,2050.0,8.537,9.44,4933000.0,54.7,45.84,1,1.0,1.0,0.0,1.0,1.0,1.0,1.0,1.0,1.0,1.0,1.0,1.0,1.0,1.0
6.699167129120044,5.54,,21324.618220048196,25254.45634341478,1953.277081788025,307.0249472662964,4.02,539.3452500000001,2050.0,8.537,9.44,4933000.0,54.7,45.84,0,1.0,1.0,1.0,1.0,1.0,1.0,0.0,1.0,1.0,1.0,1.0,1.0,1.0,1.0
6.713240695762572,5.54,2.85,38641.40527878342,24472.84924135018,2286.889887715308,332.10604390175746,564.8559725651824,544.53025,2050.0,8.537,9.44,4933000.0,54.7,45.84,0,1.0,1.0,1.0,1.0,1.0,1.0,1.0,1.0,1.0,1.0,1.0,1.0,1.0,1.0
6.713240695762572,5.54,0.933,38641.40527878342,24472.84924135018,2286.889887715308,332.10604390175746,564.8559725651824,544.53025,2050.0,8.537,9.44,4933000.0,54.7,45.84,0,1.0,1.0,1.0,1.0,1.0,1.0,1.0,1.0,1.0,1.0,1.0,1.0,1.0,1.0
6.713240695762572,5.54,1.52,38641.40527878342,24472.84924135018,2286.889887715308,332.10604390175746,564.8559725651824,544.53025,2050.0,8.537,9.44,4933000.0,54.7,45.84,0,1.0,1.0,1.0,1.0,1.0,1.0,1.0,1.0,1.0,1.0,1.0,1.0,1.0,1.0
5.859768700866103,5.54,,285145.5532579825,15350.52435046329,10862.001,407.44,2051.8588030492424,478.3997499999999,2050.0,8.537,9.44,4933000.0,54.7,45.84,1,1.0,1.0,1.0,1.0,1.0,0.0,1.0,1.0,1.0,1.0,1.0,1.0,1.0,1.0
6.713240695762572,5.54,,38641.40527878342,24472.84924135018,2286.889887715308,332.10604390175746,564.8559725651824,544.53025,2050.0,8.537,9.44,4933000.0,54.7,45.84,0,1.0,1.0,1.0,1.0,1.0,1.0,1.0,1.0,1.0,1.0,1.0,1.0,1.0,1.0
6.757532632999807,5.54,,527.0,1667.640569424486,104.36750726041244,12.407406557819462,47.39849624471043,5.946826396750153,2050.0,8.537,9.44,4933000.0,54.7,45.84,0,1.0,1.0,0.0,1.0,1.0,1.0,1.0,1.0,1.0,1.0,1.0,1.0,1.0,1.0
6.757532632999807,5.54,,625.0,1667.640569424486,104.36750726041244,11.30206905390373,47.39849624471043,5.911490210094597,2050.0,8.537,9.44,4933000.0,54.7,45.84,1,1.0,1.0,0.0,1.0,1.0,1.0,1.0,1.0,1.0,1.0,1.0,1.0,1.0,1.0
6.713240695762572,5.54,,38641.40527878342,24472.84924135018,2286.889887715308,332.10604390175746,564.8559725651824,544.53025,2050.0,8.537,9.44,4933000.0,54.7,45.84,0,1.0,1.0,1.0,1.0,1.0,1.0,1.0,1.0,1.0,1.0,1.0,1.0,1.0,1.0
5.629202678571427,5.54,,2713.8,1581.100787540695,148.4853296097139,82.90619998807507,45.22569423870903,7.030772072842562,2050.0,8.537,9.44,4933000.0,54.7,45.84,1,1.0,1.0,0.0,1.0,1.0,1.0,1.0,1.0,1.0,1.0,1.0,1.0,1.0,1.0
6.439847103863907,5.54,,4020.1,1628.0469342323377,139.09527691553018,82.90619998807507,45.22569423870903,7.629484243102849,2050.0,8.537,9.44,4933000.0,54.7,45.84,1,1.0,1.0,0.0,1.0,1.0,1.0,1.0,1.0,1.0,1.0,1.0,1.0,1.0,1.0
6.439847103863907,5.54,,3169.1,1628.0469342323377,139.09527691553018,82.90619998807507,45.22569423870903,7.629484243102849,2050.0,8.537,9.44,4933000.0,54.7,45.84,1,1.0,1.0,0.0,1.0,1.0,1.0,1.0,1.0,1.0,1.0,1.0,1.0,1.0,1.0
6.460365124458875,5.54,,2244.9,1682.9390477328427,63.08487522370304,71.25023867046443,51.45433060462972,6.009195085097611,2050.0,8.537,9.44,4933000.0,54.7,45.84,1,1.0,1.0,0.0,1.0,1.0,1.0,1.0,1.0,1.0,1.0,1.0,1.0,1.0,1.0
6.569260237319848,5.54,,1421.1,1667.640569424486,130.2678751934937,58.89081932153215,45.22569423870903,7.444143147972616,2050.0,8.537,9.44,4933000.0,54.7,45.84,1,1.0,1.0,0.0,1.0,1.0,1.0,1.0,1.0,1.0,1.0,1.0,1.0,1.0,1.0
6.713240695762572,5.54,,38641.40527878342,24472.84924135018,2286.889887715308,332.10604390175746,564.8559725651824,544.53025,2050.0,8.537,9.44,4933000.0,54.7,45.84,0,1.0,1.0,1.0,1.0,1.0,1.0,1.0,1.0,1.0,1.0,1.0,1.0,1.0,1.0
6.713240695762572,5.54,,38641.40527878342,24472.84924135018,2286.889887715308,332.10604390175746,564.8559725651824,544.53025,2050.0,8.537,9.44,4933000.0,54.7,45.84,0,1.0,1.0,1.0,1.0,1.0,1.0,1.0,1.0,1.0,1.0,1.0,1.0,1.0,1.0
6.713240695762572,5.54,,38641.40527878342,24472.84924135018,2286.889887715308,332.10604390175746,564.8559725651824,544.53025,2050.0,8.537,9.44,4933000.0,54.7,45.84,0,1.0,1.0,1.0,1.0,1.0,1.0,1.0,1.0,1.0,1.0,1.0,1.0,1.0,1.0
6.713240695762572,5.54,,38641.40527878342,24472.84924135018,2286.889887715308,332.10604390175746,564.8559725651824,544.53025,2050.0,8.537,9.44,4933000.0,54.7,45.84,0,1.0,1.0,1.0,1.0,1.0,1.0,1.0,1.0,1.0,1.0,1.0,1.0,1.0,1.0
6.713240695762572,5.54,,38641.40527878342,24472.84924135018,2286.889887715308,332.10604390175746,564.8559725651824,544.53025,2050.0,8.537,9.44,4933000.0,54.7,45.84,0,1.0,1.0,1.0,1.0,1.0,1.0,1.0,1.0,1.0,1.0,1.0,1.0,1.0,1.0
6.713240695762572,5.54,,38641.40527878342,24472.84924135018,2286.889887715308,332.10604390175746,564.8559725651824,544.53025,2050.0,8.537,9.44,4933000.0,54.7,45.84,0,1.0,1.0,1.0,1.0,1.0,1.0,1.0,1.0,1.0,1.0,1.0,1.0,1.0,1.0
6.713240695762572,5.54,,38641.40527878342,24472.84924135018,2286.889887715308,332.10604390175746,564.8559725651824,544.53025,2050.0,8.537,9.44,4933000.0,54.7,45.84,0,1.0,1.0,1.0,1.0,1.0,1.0,1.0,1.0,1.0,1.0,1.0,1.0,1.0,1.0
6.713240695762572,5.54,,38641.40527878342,24472.84924135018,2286.889887715308,332.10604390175746,564.8559725651824,544.53025,2050.0,8.537,9.44,4933000.0,54.7,45.84,0,1.0,1.0,1.0,1.0,1.0,1.0,1.0,1.0,1.0,1.0,1.0,1.0,1.0,1.0
6.713240695762572,5.54,,38641.40527878342,24472.84924135018,2286.889887715308,332.10604390175746,564.8559725651824,544.53025,2050.0,8.537,9.44,4933000.0,54.7,45.84,0,1.0,1.0,1.0,1.0,1.0,1.0,1.0,1.0,1.0,1.0,1.0,1.0,1.0,1.0
5.110296550778675,5.54,,1027.543136654311,34.22,889.6574181910566,294.26823262546833,153.18137220593317,19.328239583333335,2050.0,8.537,9.44,4933000.0,54.7,45.84,0,1.0,1.0,1.0,0.0,1.0,1.0,1.0,1.0,1.0,1.0,1.0,1.0,1.0,1.0
5.110296550778675,5.54,,1027.543136654311,28.97,889.6574181910566,294.26823262546833,153.18137220593317,19.328239583333335,2050.0,8.537,9.44,4933000.0,54.7,45.84,0,1.0,1.0,1.0,0.0,1.0,1.0,1.0,1.0,1.0,1.0,1.0,1.0,1.0,1.0
6.713240695762572,5.54,,38641.40527878342,24472.84924135018,2286.889887715308,332.10604390175746,564.8559725651824,544.53025,2050.0,8.537,9.44,4933000.0,54.7,45.84,0,1.0,1.0,1.0,1.0,1.0,1.0,1.0,1.0,1.0,1.0,1.0,1.0,1.0,1.0
6.718581763266384,5.54,,21324.618220048196,25254.45634341478,1959.426562961063,306.9999472662964,62.33,539.3452500000001,2050.0,8.537,9.44,4933000.0,54.7,45.84,0,1.0,1.0,1.0,1.0,1.0,1.0,0.0,1.0,1.0,1.0,1.0,1.0,1.0,1.0
5.6548392257252535,5.54,,950.2670603764088,4.76,1752.375275,361.1339785272797,188.77332055731668,16.7142067565883,2050.0,8.537,9.44,4933000.0,100.95,202.7,0,1.0,1.0,1.0,0.0,1.0,1.0,1.0,1.0,1.0,1.0,1.0,1.0,0.0,0.0
6.713240695762572,5.54,,38641.40527878342,24472.84924135018,2286.889887715308,332.10604390175746,564.8559725651824,544.53025,2050.0,8.537,9.44,4933000.0,54.7,45.84,0,1.0,1.0,1.0,1.0,1.0,1.0,1.0,1.0,1.0,1.0,1.0,1.0,1.0,1.0
6.713240695762572,5.54,,38641.40527878342,24472.84924135018,2286.889887715308,332.10604390175746,564.8559725651824,544.53025,2050.0,8.537,9.44,4933000.0,54.7,45.84,0,1.0,1.0,1.0,1.0,1.0,1.0,1.0,1.0,1.0,1.0,1.0,1.0,1.0,1.0
6.713240695762572,5.54,,38641.40527878342,24472.84924135018,2286.889887715308,332.10604390175746,564.8559725651824,544.53025,2050.0,8.537,9.44,4933000.0,54.7,45.84,0,1.0,1.0,1.0,1.0,1.0,1.0,1.0,1.0,1.0,1.0,1.0,1.0,1.0,1.0
6.713240695762572,5.54,,38641.40527878342,24472.84924135018,2286.889887715308,332.10604390175746,564.8559725651824,544.53025,2050.0,8.537,9.44,4933000.0,54.7,45.84,0,1.0,1.0,1.0,1.0,1.0,1.0,1.0,1.0,1.0,1.0,1.0,1.0,1.0,1.0
6.713240695762572,5.54,,38641.40527878342,24472.84924135018,2286.889887715308,332.10604390175746,564.8559725651824,544.53025,2050.0,8.537,9.44,4933000.0,54.7,45.84,0,1.0,1.0,1.0,1.0,1.0,1.0,1.0,1.0,1.0,1.0,1.0,1.0,1.0,1.0
8.89,5.54,,1000000000.0,221388216.6666667,439569.575,31124.8,66594.3305,3998.375,2050.0,8.537,9.44,4933000.0,54.7,45.84,0,0.0,1.0,1.0,1.0,1.0,1.0,1.0,1.0,1.0,1.0,1.0,1.0,1.0,1.0
8.66,5.54,,1000000000.0,221388216.6666667,439569.575,31124.8,66594.3305,3998.375,2050.0,8.537,9.44,4933000.0,54.7,45.84,0,0.0,1.0,1.0,1.0,1.0,1.0,1.0,1.0,1.0,1.0,1.0,1.0,1.0,1.0
8.55,5.54,,1000000000.0,221388216.6666667,439569.575,31124.8,66594.3305,3998.375,2050.0,8.537,9.44,4933000.0,54.7,45.84,0,0.0,1.0,1.0,1.0,1.0,1.0,1.0,1.0,1.0,1.0,1.0,1.0,1.0,1.0
8.91,5.54,,1000000000.0,221388216.6666667,439569.575,31124.8,66594.3305,3998.375,2050.0,8.537,9.44,4933000.0,54.7,45.84,0,0.0,1.0,1.0,1.0,1.0,1.0,1.0,1.0,1.0,1.0,1.0,1.0,1.0,1.0
6.713240695762572,5.54,,38641.40527878342,24472.84924135018,2286.889887715308,332.10604390175746,564.8559725651824,544.53025,2050.0,8.537,9.44,4933000.0,54.7,45.84,0,1.0,1.0,1.0,1.0,1.0,1.0,1.0,1.0,1.0,1.0,1.0,1.0,1.0,1.0
6.78556590909091,5.54,,390135.3389232588,27707.849241350184,23562.775,24256.1875,27534.95,922.375,2050.0,8.537,9.44,4933000.0,54.7,45.84,1,1.0,1.0,1.0,1.0,1.0,1.0,0.0,1.0,1.0,1.0,1.0,1.0,1.0,1.0
7.336951697051553,5.54,,1763479.2470317674,213149.8324398148,552488.575,169711.525,39256.2,5093.875,2050.0,8.537,9.44,4933000.0,54.7,45.84,1,1.0,1.0,1.0,1.0,1.0,1.0,0.0,1.0,1.0,1.0,1.0,1.0,1.0,1.0
6.794861363636363,5.54,,376280.24846138223,22089.80924135018,20647.55,8366.122500000001,12244.37,568.5,2050.0,8.537,9.44,4933000.0,54.7,45.84,1,1.0,1.0,1.0,1.0,1.0,1.0,0.0,1.0,1.0,1.0,1.0,1.0,1.0,1.0
6.919028030303029,5.54,,376280.24846138223,22089.80924135018,21359.2,18114.8375,18890.42,687.75,2050.0,8.537,9.44,4933000.0,54.7,45.84,1,1.0,1.0,1.0,1.0,1.0,1.0,0.0,1.0,1.0,1.0,1.0,1.0,1.0,1.0
6.7862363636363625,5.54,,376280.24846138223,22089.80924135018,20834.5,8366.122500000001,13628.99,568.5,2050.0,8.537,9.44,4933000.0,54.7,45.84,1,1.0,1.0,1.0,1.0,1.0,1.0,0.0,1.0,1.0,1.0,1.0,1.0,1.0,1.0
6.7052325757575755,5.54,,389308.4399649255,27707.849241350184,20763.325,3330.7238888888883,10293.03,568.5,2050.0,8.537,9.44,4933000.0,54.7,45.84,1,1.0,1.0,1.0,1.0,1.0,1.0,0.0,1.0,1.0,1.0,1.0,1.0,1.0,1.0
5.447494765319598,5.54,,291739.19672389154,9199.243657022384,18406.1295,2947.84431332478,6802.95,108.69867500000002,2050.0,8.537,9.44,4933000.0,54.7,45.84,1,1.0,1.0,1.0,1.0,1.0,1.0,0.0,1.0,1.0,1.0,1.0,1.0,1.0,1.0
5.347963515319597,5.54,,210316.4082828187,9199.243657022384,8604.495750000006,621.3220549572026,6071.05,108.69867500000002,2050.0,8.537,9.44,4933000.0,54.7,45.84,1,1.0,1.0,1.0,1.0,1.0,1.0,0.0,1.0,1.0,1.0,1.0,1.0,1.0,1.0
5.4187842390038075,5.54,,302787.34066328546,9199.243657022384,19527.029,3074.43706332478,7481.71,101.53887500000005,2050.0,8.537,9.44,4933000.0,54.7,45.84,1,1.0,1.0,1.0,1.0,1.0,1.0,0.0,1.0,1.0,1.0,1.0,1.0,1.0,1.0
6.78556590909091,5.54,,390135.3389232588,27707.849241350184,23562.775,24256.1875,27534.95,922.375,2050.0,8.537,9.44,4933000.0,54.7,45.84,1,1.0,1.0,1.0,1.0,1.0,1.0,0.0,1.0,1.0,1.0,1.0,1.0,1.0,1.0
7.336951697051553,5.54,,1763479.2470317674,213149.8324398148,552488.575,169711.525,39256.2,5093.875,2050.0,8.537,9.44,4933000.0,54.7,45.84,1,1.0,1.0,1.0,1.0,1.0,1.0,0.0,1.0,1.0,1.0,1.0,1.0,1.0,1.0
6.794861363636363,5.54,,376280.24846138223,22089.80924135018,20647.55,8366.122500000001,12244.37,568.5,2050.0,8.537,9.44,4933000.0,54.7,45.84,1,1.0,1.0,1.0,1.0,1.0,1.0,0.0,1.0,1.0,1.0,1.0,1.0,1.0,1.0
6.919028030303029,5.54,,376280.24846138223,22089.80924135018,21359.2,18114.8375,18890.42,687.75,2050.0,8.537,9.44,4933000.0,54.7,45.84,1,1.0,1.0,1.0,1.0,1.0,1.0,0.0,1.0,1.0,1.0,1.0,1.0,1.0,1.0
6.7862363636363625,5.54,,376280.24846138223,22089.80924135018,20834.5,8366.122500000001,13628.99,568.5,2050.0,8.537,9.44,4933000.0,54.7,45.84,1,1.0,1.0,1.0,1.0,1.0,1.0,0.0,1.0,1.0,1.0,1.0,1.0,1.0,1.0
6.7052325757575755,5.54,,389308.4399649255,27707.849241350184,20763.325,3330.7238888888883,10293.03,568.5,2050.0,8.537,9.44,4933000.0,54.7,45.84,1,1.0,1.0,1.0,1.0,1.0,1.0,0.0,1.0,1.0,1.0,1.0,1.0,1.0,1.0
5.447494765319598,5.54,,291739.19672389154,9199.243657022384,18406.1295,2947.84431332478,6802.95,108.69867500000002,2050.0,8.537,9.44,4933000.0,54.7,45.84,1,1.0,1.0,1.0,1.0,1.0,1.0,0.0,1.0,1.0,1.0,1.0,1.0,1.0,1.0
5.347963515319597,5.54,,210316.4082828187,9199.243657022384,8604.495750000006,621.3220549572026,6071.05,108.69867500000002,2050.0,8.537,9.44,4933000.0,54.7,45.84,1,1.0,1.0,1.0,1.0,1.0,1.0,0.0,1.0,1.0,1.0,1.0,1.0,1.0,1.0
5.4187842390038075,5.54,,302787.34066328546,9199.243657022384,19527.029,3074.43706332478,7481.71,101.53887500000005,2050.0,8.537,9.44,4933000.0,54.7,45.84,1,1.0,1.0,1.0,1.0,1.0,1.0,0.0,1.0,1.0,1.0,1.0,1.0,1.0,1.0
5.941713267064623,5.54,,3778.78174001895,0.54,839.5411890243904,292.78643900397026,241.33200613055288,21.889644167938503,2050.0,8.537,9.44,4933000.0,48.8,24.6,0,1.0,1.0,1.0,0.0,1.0,1.0,1.0,1.0,1.0,1.0,1.0,1.0,0.0,0.0
5.635172559058588,5.54,,950.2670603764088,8.24,1752.375275,361.1339785272797,188.34832055731667,16.7142067565883,2050.0,8.537,9.44,4933000.0,155.0,29.3,0,1.0,1.0,1.0,0.0,1.0,1.0,1.0,1.0,1.0,1.0,1.0,1.0,0.0,0.0
5.941713267064623,5.54,,3778.78174001895,1.22,839.5411890243904,292.78643900397026,241.33200613055288,21.889644167938503,2050.0,8.537,9.44,4933000.0,40.3,16.1,0,1.0,1.0,1.0,0.0,1.0,1.0,1.0,1.0,1.0,1.0,1.0,1.0,0.0,0.0
7.329464827116853,5.54,,286964.91047053307,14000.0,32170.5365,1332.6206927780509,5824.618750000001,770.5897499999999,2050.0,8.537,9.44,4933000.0,54.7,45.84,1,1.0,1.0,1.0,0.0,1.0,1.0,1.0,1.0,1.0,1.0,1.0,1.0,1.0,1.0
5.110296550778675,5.54,,1027.543136654311,6.05,889.6574181910566,294.26823262546833,153.18137220593317,19.328239583333335,2050.0,8.537,9.44,4933000.0,54.7,45.84,0,1.0,1.0,1.0,0.0,1.0,1.0,1.0,1.0,1.0,1.0,1.0,1.0,1.0,1.0
5.127857829410173,5.54,,1027.543136654311,1503.0,134.0542006078985,85.8462142390335,45.22569423870903,6.484845489076131,2050.0,8.537,9.44,4933000.0,54.7,45.84,0,1.0,1.0,1.0,0.0,1.0,1.0,1.0,1.0,1.0,1.0,1.0,1.0,1.0,1.0
5.110296550778675,5.54,,1027.543136654311,31.47,889.6574181910566,294.26823262546833,153.18137220593317,19.328239583333335,2050.0,8.537,9.44,4933000.0,54.7,45.84,0,1.0,1.0,1.0,0.0,1.0,1.0,1.0,1.0,1.0,1.0,1.0,1.0,1.0,1.0
5.110296550778675,5.54,,1027.543136654311,2.71,889.6574181910566,294.26823262546833,153.18137220593317,19.328239583333335,2050.0,8.537,9.44,4933000.0,54.7,45.84,0,1.0,1.0,1.0,0.0,1.0,1.0,1.0,1.0,1.0,1.0,1.0,1.0,1.0,1.0
5.110296550778675,5.54,,1027.543136654311,13.32,889.6574181910566,294.26823262546833,153.18137220593317,19.328239583333335,2050.0,8.537,9.44,4933000.0,54.7,45.84,0,1.0,1.0,1.0,0.0,1.0,1.0,1.0,1.0,1.0,1.0,1.0,1.0,1.0,1.0
5.110296550778675,5.54,,1027.543136654311,19.44,889.6574181910566,294.26823262546833,153.18137220593317,19.328239583333335,2050.0,8.537,9.44,4933000.0,54.7,45.84,0,1.0,1.0,1.0,0.0,1.0,1.0,1.0,1.0,1.0,1.0,1.0,1.0,1.0,1.0
4.910635148292272,5.54,,1027.543136654311,522.9,99.14976689656744,71.53602815502846,130.1427505725275,13.346480273726216,2050.0,8.537,9.44,4933000.0,54.7,45.84,0,1.0,1.0,1.0,0.0,1.0,1.0,1.0,1.0,1.0,1.0,1.0,1.0,1.0,1.0
4.86322983624321,5.54,,1027.543136654311,364.8,98.19493582616144,166.15357231028017,135.28880087014653,16.662264455190527,2050.0,8.537,9.44,4933000.0,54.7,45.84,0,1.0,1.0,1.0,0.0,1.0,1.0,1.0,1.0,1.0,1.0,1.0,1.0,1.0,1.0
4.893257767339891,5.54,,1027.543136654311,561.3,99.14976689656744,70.40268550868934,130.1427505725275,11.749131020973252,2050.0,8.537,9.44,4933000.0,54.7,45.84,0,1.0,1.0,1.0,0.0,1.0,1.0,1.0,1.0,1.0,1.0,1.0,1.0,1.0,1.0
5.110296550778675,5.54,,1027.543136654311,56.85,889.6574181910566,294.26823262546833,153.18137220593317,19.328239583333335,2050.0,8.537,9.44,4933000.0,54.7,45.84,0,1.0,1.0,1.0,0.0,1.0,1.0,1.0,1.0,1.0,1.0,1.0,1.0,1.0,1.0
5.110296550778675,5.54,,1027.543136654311,5.87,889.6574181910566,294.26823262546833,153.18137220593317,19.328239583333335,2050.0,8.537,9.44,4933000.0,54.7,45.84,0,1.0,1.0,1.0,0.0,1.0,1.0,1.0,1.0,1.0,1.0,1.0,1.0,1.0,1.0
5.196153055020047,5.54,,1027.543136654311,215.2,570.6440177621354,255.1896374012485,175.9892488917532,28.400678169623184,2050.0,8.537,9.44,4933000.0,54.7,45.84,0,1.0,1.0,1.0,0.0,1.0,1.0,1.0,1.0,1.0,1.0,1.0,1.0,1.0,1.0
7.237052345198068,5.54,,355538.094272744,9335.0,156456.4,3572.5871031746037,14614.050375000004,1996.8235176798423,2050.0,8.537,9.44,4933000.0,54.7,45.84,1,1.0,1.0,1.0,0.0,1.0,1.0,1.0,1.0,1.0,1.0,1.0,1.0,1.0,1.0
5.110296550778675,5.54,,1027.543136654311,3.32,889.6574181910566,294.26823262546833,153.18137220593317,19.328239583333335,2050.0,8.537,9.44,4933000.0,54.7,45.84,0,1.0,1.0,1.0,0.0,1.0,1.0,1.0,1.0,1.0,1.0,1.0,1.0,1.0,1.0
4.857022809568904,5.54,,1027.543136654311,1202.0,97.75191069919046,69.72275590570015,116.3119238366272,10.597796412014912,2050.0,8.537,9.44,4933000.0,54.7,45.84,0,1.0,1.0,1.0,0.0,1.0,1.0,1.0,1.0,1.0,1.0,1.0,1.0,1.0,1.0
5.110296550778675,5.54,,1027.543136654311,34.44,889.6574181910566,294.26823262546833,153.18137220593317,19.328239583333335,2050.0,8.537,9.44,4933000.0,54.7,45.84,0,1.0,1.0,1.0,0.0,1.0,1.0,1.0,1.0,1.0,1.0,1.0,1.0,1.0,1.0
5.110296550778675,5.54,,1027.543136654311,2.12,889.6574181910566,294.26823262546833,153.18137220593317,19.328239583333335,2050.0,8.537,9.44,4933000.0,54.7,45.84,0,1.0,1.0,1.0,0.0,1.0,1.0,1.0,1.0,1.0,1.0,1.0,1.0,1.0,1.0
5.110296550778675,5.54,,1027.543136654311,49.83,889.6574181910566,294.26823262546833,153.18137220593317,19.328239583333335,2050.0,8.537,9.44,4933000.0,54.7,45.84,0,1.0,1.0,1.0,0.0,1.0,1.0,1.0,1.0,1.0,1.0,1.0,1.0,1.0,1.0
5.110296550778675,5.54,,1027.543136654311,101.5,889.6574181910566,294.26823262546833,171.2791872974187,21.068239583333337,2050.0,8.537,9.44,4933000.0,54.7,45.84,0,1.0,1.0,1.0,0.0,1.0,1.0,1.0,1.0,1.0,1.0,1.0,1.0,1.0,1.0
4.967238963227336,5.54,,1027.543136654311,421.9,112.7134235244844,166.54883659331313,173.37512117841524,23.535909519654968,2050.0,8.537,9.44,4933000.0,54.7,45.84,0,1.0,1.0,1.0,0.0,1.0,1.0,1.0,1.0,1.0,1.0,1.0,1.0,1.0,1.0
4.929402184728058,5.54,,1027.543136654311,312.1,112.7134235244844,166.15357231028017,173.37512117841524,23.535909519654968,2050.0,8.537,9.44,4933000.0,54.7,45.84,0,1.0,1.0,1.0,0.0,1.0,1.0,1.0,1.0,1.0,1.0,1.0,1.0,1.0,1.0
4.967238963227336,5.54,,1027.543136654311,421.2,112.7134235244844,166.54883659331313,173.37512117841524,23.535909519654968,2050.0,8.537,9.44,4933000.0,54.7,45.84,0,1.0,1.0,1.0,0.0,1.0,1.0,1.0,1.0,1.0,1.0,1.0,1.0,1.0,1.0
5.110546550778674,5.54,,1027.543136654311,121.2,1508.4603973577234,312.84930723805917,168.2018493188587,22.66523958333334,2050.0,8.537,9.44,4933000.0,54.7,45.84,0,1.0,1.0,1.0,0.0,1.0,1.0,1.0,1.0,1.0,1.0,1.0,1.0,1.0,1.0
5.110296550778675,5.54,,1027.543136654311,5.21,889.6574181910566,294.26823262546833,153.18137220593317,19.328239583333335,2050.0,8.537,9.44,4933000.0,54.7,45.84,0,1.0,1.0,1.0,0.0,1.0,1.0,1.0,1.0,1.0,1.0,1.0,1.0,1.0,1.0
5.196153055020047,5.54,,1027.543136654311,231.1,157.5992070145964,255.1896374012485,173.37512117841524,28.400678169623184,2050.0,8.537,9.44,4933000.0,54.7,45.84,0,1.0,1.0,1.0,0.0,1.0,1.0,1.0,1.0,1.0,1.0,1.0,1.0,1.0,1.0
5.904117792052693,5.54,,274097.40931858856,15245.232683796625,290.0,170.0,1284.7454317062625,457.38949999999994,2050.0,8.537,9.44,4933000.0,54.7,45.84,0,1.0,1.0,1.0,1.0,0.0,0.0,1.0,1.0,1.0,1.0,1.0,1.0,1.0,1.0
6.713240695762572,5.54,,38641.40527878342,24472.84924135018,2286.889887715308,332.10604390175746,564.8559725651824,544.53025,2050.0,8.537,9.44,4933000.0,54.7,45.84,0,1.0,1.0,1.0,1.0,1.0,1.0,1.0,1.0,1.0,1.0,1.0,1.0,1.0,1.0
6.713240695762572,5.54,,38641.40527878342,24472.84924135018,2286.889887715308,332.10604390175746,564.8559725651824,544.53025,2050.0,8.537,9.44,4933000.0,54.7,45.84,0,1.0,1.0,1.0,1.0,1.0,1.0,1.0,1.0,1.0,1.0,1.0,1.0,1.0,1.0
6.713240695762572,5.54,,38641.40527878342,24472.84924135018,2286.889887715308,332.10604390175746,564.8559725651824,544.53025,2050.0,8.537,9.44,4933000.0,54.7,45.84,0,1.0,1.0,1.0,1.0,1.0,1.0,1.0,1.0,1.0,1.0,1.0,1.0,1.0,1.0
6.713240695762572,5.54,,38641.40527878342,24472.84924135018,2286.889887715308,332.10604390175746,564.8559725651824,544.53025,2050.0,8.537,9.44,3000.0,54.7,45.84,0,1.0,1.0,1.0,1.0,1.0,1.0,1.0,1.0,1.0,1.0,1.0,0.0,1.0,1.0
6.713240695762572,5.54,,38641.40527878342,24472.84924135018,2286.889887715308,332.10604390175746,564.8559725651824,544.53025,2050.0,8.537,9.44,41000.0,54.7,45.84,0,1.0,1.0,1.0,1.0,1.0,1.0,1.0,1.0,1.0,1.0,1.0,0.0,1.0,1.0
6.713240695762572,5.54,,38641.40527878342,24472.84924135018,2286.889887715308,332.10604390175746,564.8559725651824,544.53025,2050.0,8.537,9.44,91000.0,54.7,45.84,0,1.0,1.0,1.0,1.0,1.0,1.0,1.0,1.0,1.0,1.0,1.0,0.0,1.0,1.0
6.713240695762572,5.54,,38641.40527878342,24472.84924135018,2286.889887715308,332.10604390175746,564.8559725651824,544.53025,2050.0,8.537,9.44,4933000.0,54.7,45.84,0,1.0,1.0,1.0,1.0,1.0,1.0,1.0,1.0,1.0,1.0,1.0,1.0,1.0,1.0
6.713240695762572,5.54,,38641.40527878342,24472.84924135018,2286.889887715308,332.10604390175746,564.8559725651824,544.53025,2050.0,8.537,9.44,4933000.0,54.7,45.84,0,1.0,1.0,1.0,1.0,1.0,1.0,1.0,1.0,1.0,1.0,1.0,1.0,1.0,1.0
6.713240695762572,5.54,,38641.40527878342,24472.84924135018,2286.889887715308,332.10604390175746,564.8559725651824,544.53025,2050.0,8.537,9.44,4933000.0,54.7,45.84,0,1.0,1.0,1.0,1.0,1.0,1.0,1.0,1.0,1.0,1.0,1.0,1.0,1.0,1.0
6.713240695762572,5.54,,38641.40527878342,24472.84924135018,2286.889887715308,332.10604390175746,564.8559725651824,544.53025,2050.0,8.537,9.44,4933000.0,54.7,45.84,0,1.0,1.0,1.0,1.0,1.0,1.0,1.0,1.0,1.0,1.0,1.0,1.0,1.0,1.0
6.713240695762572,5.54,,38641.40527878342,24472.84924135018,2286.889887715308,332.10604390175746,564.8559725651824,544.53025,2050.0,8.537,9.44,4933000.0,54.7,45.84,0,1.0,1.0,1.0,1.0,1.0,1.0,1.0,1.0,1.0,1.0,1.0,1.0,1.0,1.0
6.713240695762572,5.54,,38641.40527878342,24472.84924135018,2286.889887715308,332.10604390175746,564.8559725651824,544.53025,2050.0,8.537,9.44,4933000.0,54.7,45.84,0,1.0,1.0,1.0,1.0,1.0,1.0,1.0,1.0,1.0,1.0,1.0,1.0,1.0,1.0
6.713240695762572,5.54,,38641.40527878342,24472.84924135018,2286.889887715308,332.10604390175746,564.8559725651824,544.53025,2050.0,8.537,9.44,4933000.0,54.7,45.84,0,1.0,1.0,1.0,1.0,1.0,1.0,1.0,1.0,1.0,1.0,1.0,1.0,1.0,1.0
6.713240695762572,5.54,,38641.40527878342,24472.84924135018,2286.889887715308,332.10604390175746,564.8559725651824,544.53025,2050.0,8.537,9.44,4933000.0,54.7,45.84,0,1.0,1.0,1.0,1.0,1.0,1.0,1.0,1.0,1.0,1.0,1.0,1.0,1.0,1.0
6.713240695762572,5.54,,38641.40527878342,24472.84924135018,2286.889887715308,332.10604390175746,564.8559725651824,544.53025,2050.0,8.537,9.44,4933000.0,54.7,45.84,0,1.0,1.0,1.0,1.0,1.0,1.0,1.0,1.0,1.0,1.0,1.0,1.0,1.0,1.0
6.713240695762572,5.54,,38641.40527878342,24472.84924135018,2286.889887715308,332.10604390175746,564.8559725651824,544.53025,2050.0,8.537,9.44,4933000.0,54.7,45.84,0,1.0,1.0,1.0,1.0,1.0,1.0,1.0,1.0,1.0,1.0,1.0,1.0,1.0,1.0
6.713240695762572,5.54,,38641.40527878342,24472.84924135018,2286.889887715308,332.10604390175746,564.8559725651824,544.53025,2050.0,8.537,9.44,4933000.0,54.7,45.84,0,1.0,1.0,1.0,1.0,1.0,1.0,1.0,1.0,1.0,1.0,1.0,1.0,1.0,1.0
6.713240695762572,5.54,,38641.40527878342,24472.84924135018,2286.889887715308,332.10604390175746,564.8559725651824,544.53025,2050.0,8.537,9.44,4933000.0,54.7,45.84,0,1.0,1.0,1.0,1.0,1.0,1.0,1.0,1.0,1.0,1.0,1.0,1.0,1.0,1.0
6.713240695762572,5.54,,38641.40527878342,24472.84924135018,2286.889887715308,332.10604390175746,564.8559725651824,544.53025,2050.0,8.537,9.44,4933000.0,54.7,45.84,0,1.0,1.0,1.0,1.0,1.0,1.0,1.0,1.0,1.0,1.0,1.0,1.0,1.0,1.0
6.713240695762572,5.54,,38641.40527878342,24472.84924135018,2286.889887715308,332.10604390175746,564.8559725651824,544.53025,2050.0,8.537,9.44,4933000.0,54.7,45.84,0,1.0,1.0,1.0,1.0,1.0,1.0,1.0,1.0,1.0,1.0,1.0,1.0,1.0,1.0
6.713240695762572,5.54,,38641.40527878342,24472.84924135018,2286.889887715308,332.10604390175746,564.8559725651824,544.53025,2050.0,8.537,9.44,4933000.0,54.7,45.84,0,1.0,1.0,1.0,1.0,1.0,1.0,1.0,1.0,1.0,1.0,1.0,1.0,1.0,1.0
6.569260237319848,5.54,,1295.0,1667.640569424486,130.2678751934937,58.89081932153215,45.22569423870903,7.444143147972616,2050.0,8.537,9.44,4933000.0,54.7,45.84,1,1.0,1.0,0.0,1.0,1.0,1.0,1.0,1.0,1.0,1.0,1.0,1.0,1.0,1.0
5.629202678571427,5.54,,3000.95,1581.100787540695,148.4853296097139,82.90619998807507,45.22569423870903,7.030772072842562,2050.0,8.537,9.44,4933000.0,54.7,45.84,1,1.0,1.0,0.0,1.0,1.0,1.0,1.0,1.0,1.0,1.0,1.0,1.0,1.0,1.0
5.110296550778675,5.54,,1027.543136654311,4.01,889.6574181910566,294.26823262546833,153.18137220593317,19.328239583333335,2050.0,8.537,9.44,4933000.0,54.7,45.84,0,1.0,1.0,1.0,0.0,1.0,1.0,1.0,1.0,1.0,1.0,1.0,1.0,1.0,1.0
5.110296550778675,5.54,,1027.543136654311,8.25,889.6574181910566,294.26823262546833,153.18137220593317,19.328239583333335,2050.0,8.537,9.44,4933000.0,54.7,45.84,0,1.0,1.0,1.0,0.0,1.0,1.0,1.0,1.0,1.0,1.0,1.0,1.0,1.0,1.0
5.110296550778675,5.54,,1027.543136654311,7.74,889.6574181910566,294.26823262546833,153.18137220593317,19.328239583333335,2050.0,8.537,9.44,4933000.0,54.7,45.84,0,1.0,1.0,1.0,0.0,1.0,1.0,1.0,1.0,1.0,1.0,1.0,1.0,1.0,1.0
5.110296550778675,5.54,,1027.543136654311,8.79,889.6574181910566,294.26823262546833,153.18137220593317,19.328239583333335,2050.0,8.537,9.44,4933000.0,54.7,45.84,0,1.0,1.0,1.0,0.0,1.0,1.0,1.0,1.0,1.0,1.0,1.0,1.0,1.0,1.0
5.110296550778675,5.54,,1027.543136654311,9.72,889.6574181910566,294.26823262546833,153.18137220593317,19.328239583333335,2050.0,8.537,9.44,4933000.0,54.7,45.84,0,1.0,1.0,1.0,0.0,1.0,1.0,1.0,1.0,1.0,1.0,1.0,1.0,1.0,1.0
5.110296550778675,5.54,,1027.543136654311,17.97,889.6574181910566,294.26823262546833,153.18137220593317,19.328239583333335,2050.0,8.537,9.44,4933000.0,54.7,45.84,0,1.0,1.0,1.0,0.0,1.0,1.0,1.0,1.0,1.0,1.0,1.0,1.0,1.0,1.0
5.110296550778675,5.54,,1027.543136654311,10.89,889.6574181910566,294.26823262546833,153.18137220593317,19.328239583333335,2050.0,8.537,9.44,4933000.0,54.7,45.84,0,1.0,1.0,1.0,0.0,1.0,1.0,1.0,1.0,1.0,1.0,1.0,1.0,1.0,1.0
5.110296550778675,5.54,,1027.543136654311,34.83,889.6574181910566,294.26823262546833,153.18137220593317,19.328239583333335,2050.0,8.537,9.44,4933000.0,54.7,45.84,0,1.0,1.0,1.0,0.0,1.0,1.0,1.0,1.0,1.0,1.0,1.0,1.0,1.0,1.0
6.713240695762572,5.54,,38641.40527878342,24472.84924135018,2286.889887715308,332.10604390175746,564.8559725651824,544.53025,2050.0,8.537,9.44,4933000.0,54.7,45.84,0,1.0,1.0,1.0,1.0,1.0,1.0,1.0,1.0,1.0,1.0,1.0,1.0,1.0,1.0
6.713240695762572,5.54,,38641.40527878342,24472.84924135018,2286.889887715308,332.10604390175746,564.8559725651824,544.53025,2050.0,8.537,9.44,4933000.0,54.7,45.84,0,1.0,1.0,1.0,1.0,1.0,1.0,1.0,1.0,1.0,1.0,1.0,1.0,1.0,1.0
6.713240695762572,5.54,,38641.40527878342,24472.84924135018,2286.889887715308,332.10604390175746,564.8559725651824,544.53025,2050.0,8.537,9.44,4933000.0,54.7,45.84,0,1.0,1.0,1.0,1.0,1.0,1.0,1.0,1.0,1.0,1.0,1.0,1.0,1.0,1.0
6.713240695762572,5.54,,38641.40527878342,24472.84924135018,2286.889887715308,332.10604390175746,564.8559725651824,544.53025,2050.0,8.537,9.44,4933000.0,54.7,45.84,0,1.0,1.0,1.0,1.0,1.0,1.0,1.0,1.0,1.0,1.0,1.0,1.0,1.0,1.0
6.713240695762572,5.54,,38641.40527878342,24472.84924135018,2286.889887715308,332.10604390175746,564.8559725651824,544.53025,2050.0,8.537,9.44,4933000.0,54.7,45.84,0,1.0,1.0,1.0,1.0,1.0,1.0,1.0,1.0,1.0,1.0,1.0,1.0,1.0,1.0
6.713240695762572,5.54,,38641.40527878342,24472.84924135018,2286.889887715308,332.10604390175746,564.8559725651824,544.53025,2050.0,8.537,9.44,4933000.0,54.7,45.84,0,1.0,1.0,1.0,1.0,1.0,1.0,1.0,1.0,1.0,1.0,1.0,1.0,1.0,1.0
6.713240695762572,5.54,,38641.40527878342,24472.84924135018,2286.889887715308,332.10604390175746,564.8559725651824,544.53025,2050.0,8.537,9.44,4933000.0,54.7,45.84,0,1.0,1.0,1.0,1.0,1.0,1.0,1.0,1.0,1.0,1.0,1.0,1.0,1.0,1.0
6.713240695762572,5.54,,38641.40527878342,24472.84924135018,2286.889887715308,332.10604390175746,564.8559725651824,544.53025,2050.0,8.537,9.44,4933000.0,54.7,45.84,0,1.0,1.0,1.0,1.0,1.0,1.0,1.0,1.0,1.0,1.0,1.0,1.0,1.0,1.0
6.713240695762572,5.54,,38641.40527878342,24472.84924135018,2286.889887715308,332.10604390175746,564.8559725651824,544.53025,2050.0,8.537,9.44,4933000.0,54.7,45.84,0,1.0,1.0,1.0,1.0,1.0,1.0,1.0,1.0,1.0,1.0,1.0,1.0,1.0,1.0
6.713240695762572,5.54,,38641.40527878342,24472.84924135018,2286.889887715308,332.10604390175746,564.8559725651824,544.53025,2050.0,8.537,9.44,4933000.0,54.7,45.84,0,1.0,1.0,1.0,1.0,1.0,1.0,1.0,1.0,1.0,1.0,1.0,1.0,1.0,1.0
6.713240695762572,5.54,,38641.40527878342,24472.84924135018,2286.889887715308,332.10604390175746,564.8559725651824,544.53025,2050.0,8.537,9.44,4933000.0,54.7,45.84,0,1.0,1.0,1.0,1.0,1.0,1.0,1.0,1.0,1.0,1.0,1.0,1.0,1.0,1.0
5.110296550778675,5.54,,1027.543136654311,2.5,889.6574181910566,294.26823262546833,153.18137220593317,19.328239583333335,2050.0,8.537,9.44,4933000.0,54.7,45.84,0,1.0,1.0,1.0,0.0,1.0,1.0,1.0,1.0,1.0,1.0,1.0,1.0,1.0,1.0
5.110296550778675,5.54,,1027.543136654311,2.5,889.6574181910566,294.26823262546833,153.18137220593317,19.328239583333335,2050.0,8.537,9.44,4933000.0,54.7,45.84,0,1.0,1.0,1.0,0.0,1.0,1.0,1.0,1.0,1.0,1.0,1.0,1.0,1.0,1.0
6.713240695762572,5.54,,38641.40527878342,24472.84924135018,2286.889887715308,332.10604390175746,564.8559725651824,544.53025,2050.0,8.537,9.44,4933000.0,54.7,45.84,0,1.0,1.0,1.0,1.0,1.0,1.0,1.0,1.0,1.0,1.0,1.0,1.0,1.0,1.0
6.713240695762572,5.54,,38641.40527878342,24472.84924135018,2286.889887715308,332.10604390175746,564.8559725651824,544.53025,2050.0,8.537,9.44,4933000.0,54.7,45.84,0,1.0,1.0,1.0,1.0,1.0,1.0,1.0,1.0,1.0,1.0,1.0,1.0,1.0,1.0
6.713240695762572,5.54,,38641.40527878342,24472.84924135018,2286.889887715308,332.10604390175746,564.8559725651824,544.53025,2050.0,8.537,9.44,4933000.0,54.7,45.84,0,1.0,1.0,1.0,1.0,1.0,1.0,1.0,1.0,1.0,1.0,1.0,1.0,1.0,1.0
6.713240695762572,5.54,,38641.40527878342,24472.84924135018,2286.889887715308,332.10604390175746,564.8559725651824,544.53025,2050.0,8.537,9.44,4933000.0,54.7,45.84,0,1.0,1.0,1.0,1.0,1.0,1.0,1.0,1.0,1.0,1.0,1.0,1.0,1.0,1.0
6.713240695762572,5.54,,38641.40527878342,24472.84924135018,2286.889887715308,332.10604390175746,564.8559725651824,544.53025,2050.0,8.537,9.44,4933000.0,54.7,45.84,0,1.0,1.0,1.0,1.0,1.0,1.0,1.0,1.0,1.0,1.0,1.0,1.0,1.0,1.0
6.713240695762572,5.54,,38641.40527878342,24472.84924135018,2286.889887715308,332.10604390175746,564.8559725651824,544.53025,2050.0,8.537,9.44,4933000.0,54.7,45.84,0,1.0,1.0,1.0,1.0,1.0,1.0,1.0,1.0,1.0,1.0,1.0,1.0,1.0,1.0
6.713240695762572,5.54,,38641.40527878342,24472.84924135018,2286.889887715308,332.10604390175746,564.8559725651824,544.53025,2050.0,8.537,9.44,4933000.0,54.7,45.84,0,1.0,1.0,1.0,1.0,1.0,1.0,1.0,1.0,1.0,1.0,1.0,1.0,1.0,1.0
6.713240695762572,5.54,,38641.40527878342,24472.84924135018,2286.889887715308,332.10604390175746,564.8559725651824,544.53025,2050.0,8.537,9.44,4933000.0,54.7,45.84,0,1.0,1.0,1.0,1.0,1.0,1.0,1.0,1.0,1.0,1.0,1.0,1.0,1.0,1.0
6.713240695762572,5.54,,38641.40527878342,24472.84924135018,2286.889887715308,332.10604390175746,564.8559725651824,544.53025,2050.0,8.537,9.44,4933000.0,54.7,45.84,0,1.0,1.0,1.0,1.0,1.0,1.0,1.0,1.0,1.0,1.0,1.0,1.0,1.0,1.0
6.713240695762572,5.54,,38641.40527878342,24472.84924135018,2286.889887715308,332.10604390175746,564.8559725651824,544.53025,2050.0,8.537,9.44,4933000.0,54.7,45.84,0,1.0,1.0,1.0,1.0,1.0,1.0,1.0,1.0,1.0,1.0,1.0,1.0,1.0,1.0
6.713240695762572,5.54,,38641.40527878342,24472.84924135018,2286.889887715308,332.10604390175746,564.8559725651824,544.53025,2050.0,8.537,9.44,4933000.0,54.7,45.84,0,1.0,1.0,1.0,1.0,1.0,1.0,1.0,1.0,1.0,1.0,1.0,1.0,1.0,1.0
6.713240695762572,5.54,,38641.40527878342,24472.84924135018,2286.889887715308,332.10604390175746,564.8559725651824,544.53025,2050.0,8.537,9.44,4933000.0,54.7,45.84,0,1.0,1.0,1.0,1.0,1.0,1.0,1.0,1.0,1.0,1.0,1.0,1.0,1.0,1.0
6.713240695762572,5.54,,38641.40527878342,24472.84924135018,2286.889887715308,332.10604390175746,564.8559725651824,544.53025,2050.0,8.537,9.44,4933000.0,54.7,45.84,0,1.0,1.0,1.0,1.0,1.0,1.0,1.0,1.0,1.0,1.0,1.0,1.0,1.0,1.0
6.713240695762572,5.54,,38641.40527878342,24472.84924135018,2286.889887715308,332.10604390175746,564.8559725651824,544.53025,2050.0,8.537,9.44,4933000.0,54.7,45.84,0,1.0,1.0,1.0,1.0,1.0,1.0,1.0,1.0,1.0,1.0,1.0,1.0,1.0,1.0
6.713240695762572,5.54,,38641.40527878342,24472.84924135018,2286.889887715308,332.10604390175746,564.8559725651824,544.53025,2050.0,8.537,9.44,4933000.0,54.7,45.84,0,1.0,1.0,1.0,1.0,1.0,1.0,1.0,1.0,1.0,1.0,1.0,1.0,1.0,1.0
6.713240695762572,5.54,,38641.40527878342,24472.84924135018,2286.889887715308,332.10604390175746,564.8559725651824,544.53025,2050.0,8.537,9.44,4933000.0,54.7,45.84,0,1.0,1.0,1.0,1.0,1.0,1.0,1.0,1.0,1.0,1.0,1.0,1.0,1.0,1.0
6.713240695762572,5.54,,38641.40527878342,24472.84924135018,2286.889887715308,332.10604390175746,564.8559725651824,544.53025,2050.0,8.537,9.44,4933000.0,54.7,45.84,0,1.0,1.0,1.0,1.0,1.0,1.0,1.0,1.0,1.0,1.0,1.0,1.0,1.0,1.0
6.713240695762572,5.54,,38641.40527878342,24472.84924135018,2286.889887715308,332.10604390175746,564.8559725651824,544.53025,2050.0,8.537,9.44,4933000.0,54.7,45.84,0,1.0,1.0,1.0,1.0,1.0,1.0,1.0,1.0,1.0,1.0,1.0,1.0,1.0,1.0
6.713240695762572,5.54,,38641.40527878342,24472.84924135018,2286.889887715308,332.10604390175746,564.8559725651824,544.53025,2050.0,8.537,9.44,4933000.0,54.7,45.84,0,1.0,1.0,1.0,1.0,1.0,1.0,1.0,1.0,1.0,1.0,1.0,1.0,1.0,1.0
6.8,5.54,,43237.96973929067,24801.807574683517,2202.7218131617365,332.10604390175746,418.73144525638,544.53025,2050.0,8.537,9.44,4933000.0,54.7,45.84,0,0.0,1.0,1.0,1.0,1.0,1.0,1.0,1.0,1.0,1.0,1.0,1.0,1.0,1.0
7.58,5.54,,14107903.011363637,577378.9797916666,552488.575,31263.35,65813.89050000001,4856.875,2050.0,8.537,9.44,4933000.0,54.7,45.84,0,0.0,1.0,1.0,1.0,1.0,1.0,1.0,1.0,1.0,1.0,1.0,1.0,1.0,1.0
8.45,5.54,4.015,1000000000.0,221379316.6666667,265872.4,14500.0,51893.124999999985,570.0,2050.0,8.537,9.44,4933000.0,54.7,45.84,1,0.0,1.0,1.0,1.0,1.0,0.0,1.0,0.0,1.0,1.0,1.0,1.0,1.0,1.0
6.633103274593763,5.54,4.015,366947.63309877773,27160.349241350184,13268.15,9150.0,12201.173928571428,570.0,2050.0,8.537,9.44,4933000.0,54.7,45.84,1,1.0,1.0,1.0,1.0,1.0,0.0,1.0,0.0,1.0,1.0,1.0,1.0,1.0,1.0
7.293736009627571,5.54,4.015,355544.2711743411,21819.49749828116,40195.1,20400.0,20547.118249999996,570.0,2050.0,8.537,9.44,4933000.0,54.7,45.84,1,1.0,1.0,1.0,1.0,1.0,0.0,1.0,0.0,1.0,1.0,1.0,1.0,1.0,1.0
6.654454545454544,5.54,4.015,360117.6543588649,22409.744145465673,21313.775,17100.0,17772.345500000003,570.0,2050.0,8.537,9.44,4933000.0,54.7,45.84,1,1.0,1.0,1.0,1.0,1.0,0.0,1.0,0.0,1.0,1.0,1.0,1.0,1.0,1.0
6.371432343228667,5.54,4.015,130882.33502749931,27941.956343414786,54.73546201173633,190.0,1214.302619919267,570.0,2050.0,8.537,9.44,4933000.0,54.7,45.84,0,1.0,1.0,1.0,1.0,1.0,0.0,1.0,0.0,1.0,1.0,1.0,1.0,1.0,1.0
6.895,5.54,2.485,950.2670603764088,219.6812853784296,524.021927045979,29.3,132.7568782858654,16.6,2050.0,8.537,9.44,4933000.0,54.7,45.84,0,0.0,1.0,1.0,1.0,1.0,0.0,1.0,0.0,1.0,1.0,1.0,1.0,1.0,1.0
5.651901437417072,5.54,2.485,989.5876664931608,219.6812853784296,5429.5301125000005,615.0,2132.5651855383026,16.6,2050.0,8.537,9.44,4933000.0,54.7,45.84,1,1.0,1.0,1.0,1.0,1.0,0.0,1.0,0.0,1.0,1.0,1.0,1.0,1.0,1.0
5.525384461124692,5.54,2.485,1027.543136654311,219.6812853784296,258.1307734277774,122.0,132.7568782858654,16.6,2050.0,8.537,9.44,4933000.0,54.7,45.84,0,1.0,1.0,1.0,1.0,1.0,0.0,1.0,0.0,1.0,1.0,1.0,1.0,1.0,1.0
5.407556683748558,5.54,2.485,1027.543136654311,219.6812853784296,1468.3769650660563,331.0,190.660513589861,16.6,2050.0,8.537,9.44,4933000.0,54.7,45.84,0,1.0,1.0,1.0,1.0,1.0,0.0,1.0,0.0,1.0,1.0,1.0,1.0,1.0,1.0
6.220265896950869,5.54,2.485,950.2670603764088,219.6812853784296,270.1180274318508,55.4,132.7568782858654,16.6,2050.0,8.537,9.44,4933000.0,54.7,45.84,0,1.0,1.0,1.0,1.0,1.0,0.0,1.0,0.0,1.0,1.0,1.0,1.0,1.0,1.0
7.42,5.54,,262024.04506086092,9579.034961877658,36316.6145,603.4256750581742,5582.327750000001,219.3079015197649,322000.0,8.537,9.44,4933000.0,54.7,45.84,0,0.0,1.0,1.0,1.0,1.0,1.0,1.0,1.0,0.0,1.0,1.0,1.0,1.0,1.0
7.42,5.54,,262024.04506086092,9579.034961877658,36316.6145,603.4256750581742,5582.327750000001,219.3079015197649,216000.0,8.537,9.44,4933000.0,54.7,45.84,0,0.0,1.0,1.0,1.0,1.0,1.0,1.0,1.0,0.0,1.0,1.0,1.0,1.0,1.0
7.42,5.54,,262024.04506086092,9579.034961877658,36316.6145,603.4256750581742,5582.327750000001,219.3079015197649,181000.0,8.537,9.44,4933000.0,54.7,45.84,0,0.0,1.0,1.0,1.0,1.0,1.0,1.0,1.0,0.0,1.0,1.0,1.0,1.0,1.0
7.42,5.54,,262024.04506086092,9579.034961877658,36316.6145,603.4256750581742,5582.327750000001,219.3079015197649,169000.0,8.537,9.44,4933000.0,54.7,45.84,0,0.0,1.0,1.0,1.0,1.0,1.0,1.0,1.0,0.0,1.0,1.0,1.0,1.0,1.0
7.42,5.54,,262024.04506086092,9579.034961877658,36316.6145,603.4256750581742,5582.327750000001,219.3079015197649,159000.0,8.537,9.44,4933000.0,54.7,45.84,0,0.0,1.0,1.0,1.0,1.0,1.0,1.0,1.0,0.0,1.0,1.0,1.0,1.0,1.0
7.42,5.54,,262024.04506086092,9579.034961877658,36320.045,603.4256750581742,5582.327750000001,219.3079015197649,2420.0,8.537,9.44,4933000.0,54.7,45.84,0,0.0,1.0,1.0,1.0,1.0,1.0,1.0,1.0,0.0,1.0,1.0,1.0,1.0,1.0
7.42,5.54,,262024.04506086092,9579.034961877658,36320.045,603.4256750581742,5582.327750000001,219.3079015197649,2440.0,8.537,9.44,4933000.0,54.7,45.84,0,0.0,1.0,1.0,1.0,1.0,1.0,1.0,1.0,0.0,1.0,1.0,1.0,1.0,1.0
7.42,5.54,,262024.04506086092,9579.034961877658,36320.045,603.4256750581742,5582.327750000001,219.3079015197649,2770.0,8.537,9.44,4933000.0,54.7,45.84,0,0.0,1.0,1.0,1.0,1.0,1.0,1.0,1.0,0.0,1.0,1.0,1.0,1.0,1.0
7.42,5.54,,262024.04506086092,9579.034961877658,36320.045,603.4256750581742,5582.327750000001,219.3079015197649,2820.0,8.537,9.44,4933000.0,54.7,45.84,0,0.0,1.0,1.0,1.0,1.0,1.0,1.0,1.0,0.0,1.0,1.0,1.0,1.0,1.0
7.42,5.54,,262024.04506086092,9579.034961877658,36320.045,603.4256750581742,5582.327750000001,219.3079015197649,1670.0,8.537,9.44,4933000.0,54.7,45.84,0,0.0,1.0,1.0,1.0,1.0,1.0,1.0,1.0,0.0,1.0,1.0,1.0,1.0,1.0
7.42,5.54,,262024.04506086092,9579.034961877658,36316.6145,603.4256750581742,5582.327750000001,219.3079015197649,80053.0,8.537,9.44,4933000.0,54.7,45.84,0,0.0,1.0,1.0,1.0,1.0,1.0,1.0,1.0,0.0,1.0,1.0,1.0,1.0,1.0
7.42,5.54,,262024.04506086092,9579.034961877658,36316.6145,603.4256750581742,5582.327750000001,219.3079015197649,20196.0,8.537,9.44,4933000.0,54.7,45.84,0,0.0,1.0,1.0,1.0,1.0,1.0,1.0,1.0,0.0,1.0,1.0,1.0,1.0,1.0
7.42,5.54,,262024.04506086092,9579.034961877658,36316.6145,603.4256750581742,5582.327750000001,219.3079015197649,33400.0,8.537,9.44,4933000.0,54.7,45.84,0,0.0,1.0,1.0,1.0,1.0,1.0,1.0,1.0,0.0,1.0,1.0,1.0,1.0,1.0
7.07,5.54,1.415,11260028.011363637,724287.1325000001,552488.575,50971.775,63009.85425,4946.375,990.0,8.537,9.44,4933000.0,54.7,45.84,0,0.0,1.0,1.0,1.0,1.0,1.0,1.0,1.0,0.0,1.0,1.0,1.0,1.0,1.0
5.2110925595238085,5.54,,1027.543136654311,1518.8561625406946,134.0542006078985,84.06855783251535,45.22569423870903,6.2971601211970505,1600.0,8.537,9.44,4933000.0,54.7,45.84,0,1.0,1.0,1.0,1.0,1.0,1.0,1.0,1.0,0.0,1.0,1.0,1.0,1.0,1.0
5.2110925595238085,5.54,,1027.543136654311,1518.8561625406946,134.0542006078985,84.06855783251535,45.22569423870903,6.2971601211970505,1330.0,8.537,9.44,4933000.0,54.7,45.84,0,1.0,1.0,1.0,1.0,1.0,1.0,1.0,1.0,0.0,1.0,1.0,1.0,1.0,1.0
5.2110925595238085,5.54,,1027.543136654311,1518.8561625406946,134.0542006078985,84.06855783251535,45.22569423870903,6.2971601211970505,1180.0,8.537,9.44,4933000.0,54.7,45.84,0,1.0,1.0,1.0,1.0,1.0,1.0,1.0,1.0,0.0,1.0,1.0,1.0,1.0,1.0
5.2110925595238085,5.54,,1027.543136654311,1518.8561625406946,134.0542006078985,84.06855783251535,45.22569423870903,6.2971601211970505,1040.0,8.537,9.44,4933000.0,54.7,45.84,0,1.0,1.0,1.0,1.0,1.0,1.0,1.0,1.0,0.0,1.0,1.0,1.0,1.0,1.0
5.2110925595238085,5.54,,1027.543136654311,1518.8561625406946,134.0542006078985,84.06855783251535,45.22569423870903,6.2971601211970505,670.0,8.537,9.44,4933000.0,54.7,45.84,0,1.0,1.0,1.0,1.0,1.0,1.0,1.0,1.0,0.0,1.0,1.0,1.0,1.0,1.0
5.2110925595238085,5.54,,1027.543136654311,1518.8561625406946,134.0542006078985,84.06855783251535,45.22569423870903,6.2971601211970505,540.0,8.537,9.44,4933000.0,54.7,45.84,0,1.0,1.0,1.0,1.0,1.0,1.0,1.0,1.0,0.0,1.0,1.0,1.0,1.0,1.0
5.2110925595238085,5.54,,1027.543136654311,1518.8561625406946,134.0542006078985,84.06855783251535,45.22569423870903,6.2971601211970505,620.0,8.537,9.44,4933000.0,54.7,45.84,0,1.0,1.0,1.0,1.0,1.0,1.0,1.0,1.0,0.0,1.0,1.0,1.0,1.0,1.0
7.5,5.54,,282736.04910689674,9579.034961877658,31952.9995,603.4256750581742,5582.327750000001,219.3079015197649,2050.0,8.537,9.44,4933000.0,54.7,45.84,0,0.0,1.0,1.0,1.0,1.0,1.0,1.0,1.0,1.0,1.0,1.0,1.0,1.0,1.0
6.741722222222224,5.54,,487.0,1667.640569424486,107.55045514010077,24.3,46.87174318915488,6.9,2050.0,8.537,9.44,4933000.0,54.7,45.84,0,1.0,1.0,0.0,1.0,1.0,0.0,1.0,0.0,1.0,1.0,1.0,1.0,1.0,1.0
6.4852009615384585,5.54,,5300.0,219.6812853784296,3511.276885714285,572.2718595459494,834.9675385764033,24.768170129543073,2050.0,8.537,9.44,4933000.0,54.7,45.84,1,1.0,1.0,0.0,1.0,1.0,1.0,1.0,1.0,1.0,1.0,1.0,1.0,1.0,1.0
6.439847103863907,5.54,,4300.0,1628.0469342323377,139.09527691553018,82.90619998807507,45.22569423870903,7.629484243102849,2050.0,8.537,9.44,4933000.0,54.7,45.84,1,1.0,1.0,0.0,1.0,1.0,1.0,1.0,1.0,1.0,1.0,1.0,1.0,1.0,1.0
