DOI,Source,Latitude,Longitude,Province,Pollution_Type,SoilpH,pH,OC_pct,Sum_PAH_ngg,BaP_ngg,SumOCP_ngg,SumDDTs_ngg,SumPCB_ngg,SumHCHs_ngg,SumPAE_ugkg,SumPBDE_ngg,SumPFAS_ngg,TPH_ngg,HMWPAH_ngg,LMWPAH_ngg,标签,id_DOI,id_Source,split_source,is_synthetic,SoilpH__missing,pH__missing,Sum_PAH_ngg__missing,BaP_ngg__missing,SumOCP_ngg__missing,SumDDTs_ngg__missing,SumPCB_ngg__missing,SumHCHs_ngg__missing,SumPAE_ugkg__missing,SumPBDE_ngg__missing,SumPFAS_ngg__missing,TPH_ngg__missing,HMWPAH_ngg__missing,LMWPAH_ngg__missing
10.1038/s41598-017-02999-0,Syed2017_SciRep_ChineseForestPAH,24.53416388888889,101.03071666666666,云南,OP,7.712221755315833,5.54,19.05,159.89501001370428,1.172698380410067,21254.711479166668,529.6690931682649,386.1631897217854,30.429689526353183,2050.0,8.537,9.44,4933000.0,54.7,45.84,0,10.1038/s41598-017-02999-0,Syed2017_SciRep_ChineseForestPAH,real_model_ready,False,1.0,1.0,0.0,0.0,1.0,1.0,1.0,1.0,1.0,1.0,1.0,1.0,1.0,1.0
10.1038/s41598-017-02999-0,Syed2017_SciRep_ChineseForestPAH,24.50260555555555,100.99224166666669,云南,OP,7.712221755315833,5.54,19.05,87.90447525507145,0.6180403909377244,21254.711479166668,529.6690931682649,386.1631897217854,30.429689526353183,2050.0,8.537,9.44,4933000.0,54.7,45.84,0,10.1038/s41598-017-02999-0,Syed2017_SciRep_ChineseForestPAH,real_model_ready,False,1.0,1.0,0.0,0.0,1.0,1.0,1.0,1.0,1.0,1.0,1.0,1.0,1.0,1.0
10.1038/s41598-017-02999-0,Syed2017_SciRep_ChineseForestPAH,33.858333333333334,107.46661111111112,陕西,OP,7.712221755315833,5.54,19.05,113.23669409691604,1.7343943832036088,21254.711479166668,529.6690931682649,386.1631897217854,30.429689526353183,2050.0,8.537,9.44,4933000.0,54.7,45.84,0,10.1038/s41598-017-02999-0,Syed2017_SciRep_ChineseForestPAH,real_model_ready,False,1.0,1.0,0.0,0.0,1.0,1.0,1.0,1.0,1.0,1.0,1.0,1.0,1.0,1.0
10.1038/s41598-017-02999-0,Syed2017_SciRep_ChineseForestPAH,33.879444444444445,107.41061111111112,陕西,OP,7.712221755315833,5.54,19.05,260.47822120678484,4.615902343208686,21254.711479166668,529.6690931682649,386.4981897217854,30.429689526353183,2050.0,8.537,9.44,4933000.0,54.7,45.84,0,10.1038/s41598-017-02999-0,Syed2017_SciRep_ChineseForestPAH,real_model_ready,False,1.0,1.0,0.0,0.0,1.0,1.0,1.0,1.0,1.0,1.0,1.0,1.0,1.0,1.0
10.1038/s41598-017-02999-0,Syed2017_SciRep_ChineseForestPAH,33.911722222222224,107.43411111111112,陕西,OP,7.712221755315833,5.54,19.05,302.8611681544139,5.137097972636481,21254.711479166668,529.6690931682649,386.4981897217854,30.429689526353183,2050.0,8.537,9.44,4933000.0,54.7,45.84,0,10.1038/s41598-017-02999-0,Syed2017_SciRep_ChineseForestPAH,real_model_ready,False,1.0,1.0,0.0,0.0,1.0,1.0,1.0,1.0,1.0,1.0,1.0,1.0,1.0,1.0
10.1038/s41598-017-02999-0,Syed2017_SciRep_ChineseForestPAH,33.89480555555556,107.41533333333334,陕西,OP,7.712221755315833,5.54,19.05,157.6479451015449,4.5453137088350655,21254.711479166668,529.6690931682649,386.1631897217854,30.429689526353183,2050.0,8.537,9.44,4933000.0,54.7,45.84,0,10.1038/s41598-017-02999-0,Syed2017_SciRep_ChineseForestPAH,real_model_ready,False,1.0,1.0,0.0,0.0,1.0,1.0,1.0,1.0,1.0,1.0,1.0,1.0,1.0,1.0
10.1038/s41598-017-02999-0,Syed2017_SciRep_ChineseForestPAH,40.815416666666664,117.60605555555556,内蒙古,OP,7.712221755315833,5.54,19.05,143.12565788369247,2.591628845319708,21254.711479166668,529.6690931682649,386.1631897217854,30.429689526353183,2050.0,8.537,9.44,4933000.0,54.7,45.84,0,10.1038/s41598-017-02999-0,Syed2017_SciRep_ChineseForestPAH,real_model_ready,False,1.0,1.0,0.0,0.0,1.0,1.0,1.0,1.0,1.0,1.0,1.0,1.0,1.0,1.0
10.1038/s41598-017-02999-0,Syed2017_SciRep_ChineseForestPAH,40.821583333333336,117.61291666666666,内蒙古,OP,7.712221755315833,5.54,19.05,100.009414757122,3.839964560746729,21254.711479166668,529.6690931682649,386.1631897217854,30.429689526353183,2050.0,8.537,9.44,4933000.0,54.7,45.84,0,10.1038/s41598-017-02999-0,Syed2017_SciRep_ChineseForestPAH,real_model_ready,False,1.0,1.0,0.0,0.0,1.0,1.0,1.0,1.0,1.0,1.0,1.0,1.0,1.0,1.0
10.1038/s41598-017-02999-0,Syed2017_SciRep_ChineseForestPAH,40.828388888888895,117.60952777777776,内蒙古,OP,7.712221755315833,5.54,19.05,121.51874087716908,0.1338027618948792,21254.711479166668,529.6690931682649,386.1631897217854,30.429689526353183,2050.0,8.537,9.44,4933000.0,54.7,45.84,0,10.1038/s41598-017-02999-0,Syed2017_SciRep_ChineseForestPAH,real_model_ready,False,1.0,1.0,0.0,0.0,1.0,1.0,1.0,1.0,1.0,1.0,1.0,1.0,1.0,1.0
10.1038/s41598-017-02999-0,Syed2017_SciRep_ChineseForestPAH,40.831027777777784,117.59697222222222,内蒙古,OP,7.712221755315833,5.54,19.05,295.96716450631243,8.015459157454224,21254.711479166668,529.6690931682649,386.0731897217854,30.429689526353183,2050.0,8.537,9.44,4933000.0,54.7,45.84,0,10.1038/s41598-017-02999-0,Syed2017_SciRep_ChineseForestPAH,real_model_ready,False,1.0,1.0,0.0,0.0,1.0,1.0,1.0,1.0,1.0,1.0,1.0,1.0,1.0,1.0
10.1038/s41598-017-02999-0,Syed2017_SciRep_ChineseForestPAH,42.140166666666666,128.13019444444444,吉林,OP,7.712221755315833,5.54,19.05,75.61497911464505,1.659538149970112,21254.711479166668,529.6690931682649,386.1631897217854,30.429689526353183,2050.0,8.537,9.44,4933000.0,54.7,45.84,0,10.1038/s41598-017-02999-0,Syed2017_SciRep_ChineseForestPAH,real_model_ready,False,1.0,1.0,0.0,0.0,1.0,1.0,1.0,1.0,1.0,1.0,1.0,1.0,1.0,1.0
10.1038/s41598-017-02999-0,Syed2017_SciRep_ChineseForestPAH,42.07508333333334,128.06577777777778,吉林,OP,7.712221755315833,5.54,19.05,213.3380516958734,5.253968376514729,21254.711479166668,529.6690931682649,386.1631897217854,30.429689526353183,2050.0,8.537,9.44,4933000.0,54.7,45.84,0,10.1038/s41598-017-02999-0,Syed2017_SciRep_ChineseForestPAH,real_model_ready,False,1.0,1.0,0.0,0.0,1.0,1.0,1.0,1.0,1.0,1.0,1.0,1.0,1.0,1.0
10.1038/s41598-017-02999-0,Syed2017_SciRep_ChineseForestPAH,42.05744444444444,128.06702777777778,吉林,OP,7.712221755315833,5.54,19.05,154.6853772770534,1.8130229221005945,21254.711479166668,529.6690931682649,386.1631897217854,30.429689526353183,2050.0,8.537,9.44,4933000.0,54.7,45.84,0,10.1038/s41598-017-02999-0,Syed2017_SciRep_ChineseForestPAH,real_model_ready,False,1.0,1.0,0.0,0.0,1.0,1.0,1.0,1.0,1.0,1.0,1.0,1.0,1.0,1.0
10.1038/s41598-017-02999-0,Syed2017_SciRep_ChineseForestPAH,42.25655555555556,127.88697222222224,吉林,OP,7.712221755315833,5.54,19.05,237.92286058272396,5.160029544970821,21254.711479166668,529.6690931682649,386.1631897217854,30.429689526353183,2050.0,8.537,9.44,4933000.0,54.7,45.84,0,10.1038/s41598-017-02999-0,Syed2017_SciRep_ChineseForestPAH,real_model_ready,False,1.0,1.0,0.0,0.0,1.0,1.0,1.0,1.0,1.0,1.0,1.0,1.0,1.0,1.0
10.1038/s41598-017-02999-0,Syed2017_SciRep_ChineseForestPAH,31.085483333333332,115.77723333333331,湖北,OP,7.712221755315833,5.54,19.05,79.35720867096398,1.2532430864500017,21254.711479166668,529.6690931682649,386.1631897217854,30.429689526353183,2050.0,8.537,9.44,4933000.0,54.7,45.84,0,10.1038/s41598-017-02999-0,Syed2017_SciRep_ChineseForestPAH,real_model_ready,False,1.0,1.0,0.0,0.0,1.0,1.0,1.0,1.0,1.0,1.0,1.0,1.0,1.0,1.0
10.1038/s41598-017-02999-0,Syed2017_SciRep_ChineseForestPAH,31.097666666666665,115.77105,湖北,OP,7.712221755315833,5.54,19.05,261.75977265683474,6.379663333542156,21254.711479166668,529.6690931682649,386.0731897217854,30.429689526353183,2050.0,8.537,9.44,4933000.0,54.7,45.84,0,10.1038/s41598-017-02999-0,Syed2017_SciRep_ChineseForestPAH,real_model_ready,False,1.0,1.0,0.0,0.0,1.0,1.0,1.0,1.0,1.0,1.0,1.0,1.0,1.0,1.0
10.1038/s41598-017-02999-0,Syed2017_SciRep_ChineseForestPAH,23.168438333333334,112.53864333333333,广东,OP,7.712221755315833,5.54,19.05,24.623531786378624,0.1339998313185481,21254.711479166668,529.6690931682649,386.1631897217854,30.429689526353183,2050.0,8.537,9.44,4933000.0,54.7,45.84,0,10.1038/s41598-017-02999-0,Syed2017_SciRep_ChineseForestPAH,real_model_ready,False,1.0,1.0,0.0,0.0,1.0,1.0,1.0,1.0,1.0,1.0,1.0,1.0,1.0,1.0
10.1038/s41598-017-02999-0,Syed2017_SciRep_ChineseForestPAH,23.172165,112.53102166666666,广东,OP,7.712221755315833,5.54,19.05,62.24124748879762,0.8616337088235959,21254.711479166668,529.6690931682649,386.1631897217854,30.429689526353183,2050.0,8.537,9.44,4933000.0,54.7,45.84,0,10.1038/s41598-017-02999-0,Syed2017_SciRep_ChineseForestPAH,real_model_ready,False,1.0,1.0,0.0,0.0,1.0,1.0,1.0,1.0,1.0,1.0,1.0,1.0,1.0,1.0
10.1038/s41598-017-02999-0,Syed2017_SciRep_ChineseForestPAH,23.177246666666665,112.52394166666669,广东,OP,7.712221755315833,5.54,19.05,55.99376903551689,0.8507005850329198,21254.711479166668,529.6690931682649,386.1631897217854,30.429689526353183,2050.0,8.537,9.44,4933000.0,54.7,45.84,0,10.1038/s41598-017-02999-0,Syed2017_SciRep_ChineseForestPAH,real_model_ready,False,1.0,1.0,0.0,0.0,1.0,1.0,1.0,1.0,1.0,1.0,1.0,1.0,1.0,1.0
10.1038/s41598-017-02999-0,Syed2017_SciRep_ChineseForestPAH,51.837472222222225,123.60994444444444,黑龙江,OP,7.712221755315833,5.54,19.05,250.66471400863844,1.4478011200962029,21254.711479166668,529.6690931682649,386.1631897217854,30.429689526353183,2050.0,8.537,9.44,4933000.0,54.7,45.84,0,10.1038/s41598-017-02999-0,Syed2017_SciRep_ChineseForestPAH,real_model_ready,False,1.0,1.0,0.0,0.0,1.0,1.0,1.0,1.0,1.0,1.0,1.0,1.0,1.0,1.0
10.1038/s41598-017-02999-0,Syed2017_SciRep_ChineseForestPAH,52.94925,122.96244444444444,黑龙江,OP,7.712221755315833,5.54,19.05,161.2712050098756,0.8706471115979725,21254.711479166668,529.6690931682649,386.1631897217854,30.429689526353183,2050.0,8.537,9.44,4933000.0,54.7,45.84,0,10.1038/s41598-017-02999-0,Syed2017_SciRep_ChineseForestPAH,real_model_ready,False,1.0,1.0,0.0,0.0,1.0,1.0,1.0,1.0,1.0,1.0,1.0,1.0,1.0,1.0
10.1038/s41598-017-02999-0,Syed2017_SciRep_ChineseForestPAH,49.54091666666667,123.51427777777778,黑龙江,OP,7.712221755315833,5.54,19.05,191.29455454366231,2.063128796904095,21254.711479166668,529.6690931682649,386.1631897217854,30.429689526353183,2050.0,8.537,9.44,4933000.0,54.7,45.84,0,10.1038/s41598-017-02999-0,Syed2017_SciRep_ChineseForestPAH,real_model_ready,False,1.0,1.0,0.0,0.0,1.0,1.0,1.0,1.0,1.0,1.0,1.0,1.0,1.0,1.0
10.1038/s41598-017-02999-0,Syed2017_SciRep_ChineseForestPAH,25.64313888888889,118.22175,福建,OP,7.712221755315833,5.54,19.05,97.49052380965094,1.4388706001078198,21254.711479166668,529.6690931682649,386.1631897217854,30.429689526353183,2050.0,8.537,9.44,4933000.0,54.7,45.84,0,10.1038/s41598-017-02999-0,Syed2017_SciRep_ChineseForestPAH,real_model_ready,False,1.0,1.0,0.0,0.0,1.0,1.0,1.0,1.0,1.0,1.0,1.0,1.0,1.0,1.0
10.1038/s41598-017-02999-0,Syed2017_SciRep_ChineseForestPAH,25.649413888888887,118.22413888888887,福建,OP,7.712221755315833,5.54,19.05,164.76939686476254,1.6867896933127964,21254.711479166668,529.6690931682649,386.1631897217854,30.429689526353183,2050.0,8.537,9.44,4933000.0,54.7,45.84,0,10.1038/s41598-017-02999-0,Syed2017_SciRep_ChineseForestPAH,real_model_ready,False,1.0,1.0,0.0,0.0,1.0,1.0,1.0,1.0,1.0,1.0,1.0,1.0,1.0,1.0
10.1038/s41598-017-02999-0,Syed2017_SciRep_ChineseForestPAH,27.9072,108.7021,湖南,OP,7.712221755315833,5.54,19.05,138.34183823221417,4.967188601134721,21254.711479166668,529.6690931682649,386.1631897217854,30.429689526353183,2050.0,8.537,9.44,4933000.0,54.7,45.84,0,10.1038/s41598-017-02999-0,Syed2017_SciRep_ChineseForestPAH,real_model_ready,False,1.0,1.0,0.0,0.0,1.0,1.0,1.0,1.0,1.0,1.0,1.0,1.0,1.0,1.0
10.1038/s41598-017-02999-0,Syed2017_SciRep_ChineseForestPAH,27.895516666666666,108.71501944444444,湖南,OP,7.712221755315833,5.54,19.05,495.22975475301166,12.609474333053225,21254.711479166668,529.6690931682649,386.0731897217854,30.429689526353183,2050.0,8.537,9.44,4933000.0,54.7,45.84,0,10.1038/s41598-017-02999-0,Syed2017_SciRep_ChineseForestPAH,real_model_ready,False,1.0,1.0,0.0,0.0,1.0,1.0,1.0,1.0,1.0,1.0,1.0,1.0,1.0,1.0
10.1038/s41598-017-02999-0,Syed2017_SciRep_ChineseForestPAH,37.88802777777778,111.44225,内蒙古,OP,7.712221755315833,5.54,19.05,193.03299494531973,4.414961644906563,21254.711479166668,529.6690931682649,386.1631897217854,30.429689526353183,2050.0,8.537,9.44,4933000.0,54.7,45.84,0,10.1038/s41598-017-02999-0,Syed2017_SciRep_ChineseForestPAH,real_model_ready,False,1.0,1.0,0.0,0.0,1.0,1.0,1.0,1.0,1.0,1.0,1.0,1.0,1.0,1.0
10.1038/s41598-017-02999-0,Syed2017_SciRep_ChineseForestPAH,37.88516666666666,111.42744444444445,内蒙古,OP,7.712221755315833,5.54,19.05,501.97054788009274,14.457701962545707,21254.711479166668,529.6690931682649,386.0731897217854,30.429689526353183,2050.0,8.537,9.44,4933000.0,54.7,45.84,0,10.1038/s41598-017-02999-0,Syed2017_SciRep_ChineseForestPAH,real_model_ready,False,1.0,1.0,0.0,0.0,1.0,1.0,1.0,1.0,1.0,1.0,1.0,1.0,1.0,1.0
10.1038/s41598-017-02999-0,Syed2017_SciRep_ChineseForestPAH,37.89811111111111,111.429,内蒙古,OP,7.712221755315833,5.54,19.05,717.1133240558532,23.571798674915023,21254.711479166668,529.6690931682649,385.4681897217854,30.429689526353183,2050.0,8.537,9.44,4933000.0,54.7,45.84,1,10.1038/s41598-017-02999-0,Syed2017_SciRep_ChineseForestPAH,real_model_ready,False,1.0,1.0,0.0,0.0,1.0,1.0,1.0,1.0,1.0,1.0,1.0,1.0,1.0,1.0
10.1038/s41598-017-02999-0,Syed2017_SciRep_ChineseForestPAH,29.603383,102.07085,四川,OP,7.712221755315833,5.54,19.05,111.0134311564386,7.71452667879625,23073.086479166668,544.1066325957588,385.7381897217854,30.429689526353183,2050.0,8.537,9.44,4933000.0,54.7,45.84,0,10.1038/s41598-017-02999-0,Syed2017_SciRep_ChineseForestPAH,real_model_ready,False,1.0,1.0,0.0,0.0,1.0,1.0,1.0,1.0,1.0,1.0,1.0,1.0,1.0,1.0
10.1038/s41598-017-02999-0,Syed2017_SciRep_ChineseForestPAH,29.58575,102.025433,四川,OP,7.712221755315833,5.54,19.05,232.566564313263,6.403354800854857,21254.711479166668,529.6690931682649,385.7381897217854,30.429689526353183,2050.0,8.537,9.44,4933000.0,54.7,45.84,0,10.1038/s41598-017-02999-0,Syed2017_SciRep_ChineseForestPAH,real_model_ready,False,1.0,1.0,0.0,0.0,1.0,1.0,1.0,1.0,1.0,1.0,1.0,1.0,1.0,1.0
10.1038/s41598-017-02999-0,Syed2017_SciRep_ChineseForestPAH,29.572555555555557,102.00097222222222,四川,OP,7.712221755315833,5.54,19.05,150.83302695680194,6.483460156025547,21254.711479166668,529.6690931682649,385.7381897217854,30.429689526353183,2050.0,8.537,9.44,4933000.0,54.7,45.84,0,10.1038/s41598-017-02999-0,Syed2017_SciRep_ChineseForestPAH,real_model_ready,False,1.0,1.0,0.0,0.0,1.0,1.0,1.0,1.0,1.0,1.0,1.0,1.0,1.0,1.0
10.1038/s41598-017-02999-0,Syed2017_SciRep_ChineseForestPAH,29.573417,101.988817,四川,OP,7.712221755315833,5.54,19.05,87.47896914773813,2.2810047258836903,21254.711479166668,529.6690931682649,386.1631897217854,30.429689526353183,2050.0,8.537,9.44,4933000.0,54.7,45.84,0,10.1038/s41598-017-02999-0,Syed2017_SciRep_ChineseForestPAH,real_model_ready,False,1.0,1.0,0.0,0.0,1.0,1.0,1.0,1.0,1.0,1.0,1.0,1.0,1.0,1.0
10.1038/s41598-017-02999-0,Syed2017_SciRep_ChineseForestPAH,44.191111111111105,118.70666666666666,内蒙古,OP,7.712221755315833,5.54,19.05,215.18317686421207,2.488451178805105,21254.711479166668,529.6690931682649,386.1631897217854,30.429689526353183,2050.0,8.537,9.44,4933000.0,54.7,45.84,0,10.1038/s41598-017-02999-0,Syed2017_SciRep_ChineseForestPAH,real_model_ready,False,1.0,1.0,0.0,0.0,1.0,1.0,1.0,1.0,1.0,1.0,1.0,1.0,1.0,1.0
10.1038/s41598-017-02999-0,Syed2017_SciRep_ChineseForestPAH,44.19725,118.71813888888887,内蒙古,OP,7.712221755315833,5.54,19.05,47.12718993565387,0.4595235250414046,21254.711479166668,529.6690931682649,386.1631897217854,30.429689526353183,2050.0,8.537,9.44,4933000.0,54.7,45.84,0,10.1038/s41598-017-02999-0,Syed2017_SciRep_ChineseForestPAH,real_model_ready,False,1.0,1.0,0.0,0.0,1.0,1.0,1.0,1.0,1.0,1.0,1.0,1.0,1.0,1.0
10.1038/s41598-017-02999-0,Syed2017_SciRep_ChineseForestPAH,44.26869444444444,118.41411111111113,内蒙古,OP,7.712221755315833,5.54,19.05,110.35947265345736,2.078222916997803,21254.711479166668,529.6690931682649,386.1631897217854,30.429689526353183,2050.0,8.537,9.44,4933000.0,54.7,45.84,0,10.1038/s41598-017-02999-0,Syed2017_SciRep_ChineseForestPAH,real_model_ready,False,1.0,1.0,0.0,0.0,1.0,1.0,1.0,1.0,1.0,1.0,1.0,1.0,1.0,1.0
10.1038/s41598-017-02999-0,Syed2017_SciRep_ChineseForestPAH,33.68697222222222,105.68211111111113,陕西,OP,7.712221755315833,5.54,19.05,177.63615520840074,3.3633786546729016,21254.711479166668,529.6690931682649,386.1631897217854,30.429689526353183,2050.0,8.537,9.44,4933000.0,54.7,45.84,0,10.1038/s41598-017-02999-0,Syed2017_SciRep_ChineseForestPAH,real_model_ready,False,1.0,1.0,0.0,0.0,1.0,1.0,1.0,1.0,1.0,1.0,1.0,1.0,1.0,1.0
10.1038/s41598-017-02999-0,Syed2017_SciRep_ChineseForestPAH,37.215,114.62025,内蒙古,OP,7.712221755315833,5.54,19.05,92.34586687608598,0.2051877203313315,21254.711479166668,529.6690931682649,386.1631897217854,30.429689526353183,2050.0,8.537,9.44,4933000.0,54.7,45.84,0,10.1038/s41598-017-02999-0,Syed2017_SciRep_ChineseForestPAH,real_model_ready,False,1.0,1.0,0.0,0.0,1.0,1.0,1.0,1.0,1.0,1.0,1.0,1.0,1.0,1.0
10.1038/s41598-017-02999-0,Syed2017_SciRep_ChineseForestPAH,34.693,114.57821666666666,河南,OP,7.712221755315833,5.54,19.05,712.3322923137607,69.12460341828792,21254.711479166668,529.6690931682649,385.4681897217854,30.429689526353183,2050.0,8.537,9.44,4933000.0,54.7,45.84,1,10.1038/s41598-017-02999-0,Syed2017_SciRep_ChineseForestPAH,real_model_ready,False,1.0,1.0,0.0,0.0,1.0,1.0,1.0,1.0,1.0,1.0,1.0,1.0,1.0,1.0
10.1038/s41598-017-02999-0,Syed2017_SciRep_ChineseForestPAH,33.989,114.56648333333334,河南,OP,7.712221755315833,5.54,19.05,426.5948996200112,5.939417607025542,21254.711479166668,529.6690931682649,386.4981897217854,30.429689526353183,2050.0,8.537,9.44,4933000.0,54.7,45.84,0,10.1038/s41598-017-02999-0,Syed2017_SciRep_ChineseForestPAH,real_model_ready,False,1.0,1.0,0.0,0.0,1.0,1.0,1.0,1.0,1.0,1.0,1.0,1.0,1.0,1.0
10.1038/s41598-017-02999-0,Syed2017_SciRep_ChineseForestPAH,26.50510277777778,114.16770833333334,江西,OP,7.712221755315833,5.54,19.05,394.55842817671055,10.15142112996238,21254.711479166668,529.6690931682649,386.0731897217854,30.429689526353183,2050.0,8.537,9.44,4933000.0,54.7,45.84,0,10.1038/s41598-017-02999-0,Syed2017_SciRep_ChineseForestPAH,real_model_ready,False,1.0,1.0,0.0,0.0,1.0,1.0,1.0,1.0,1.0,1.0,1.0,1.0,1.0,1.0
10.1038/s41598-017-02999-0,Syed2017_SciRep_ChineseForestPAH,26.577491666666667,114.14164722222225,江西,OP,7.712221755315833,5.54,19.05,104.13706265530683,1.6942218585213251,21254.711479166668,529.6690931682649,386.1631897217854,30.429689526353183,2050.0,8.537,9.44,4933000.0,54.7,45.84,0,10.1038/s41598-017-02999-0,Syed2017_SciRep_ChineseForestPAH,real_model_ready,False,1.0,1.0,0.0,0.0,1.0,1.0,1.0,1.0,1.0,1.0,1.0,1.0,1.0,1.0
10.1038/s41598-017-02999-0,Syed2017_SciRep_ChineseForestPAH,26.380558333333333,108.19937222222222,四川,OP,7.712221755315833,5.54,19.05,223.98993845776397,7.923129489661133,23073.086479166668,544.1066325957588,385.7381897217854,30.429689526353183,2050.0,8.537,9.44,4933000.0,54.7,45.84,0,10.1038/s41598-017-02999-0,Syed2017_SciRep_ChineseForestPAH,real_model_ready,False,1.0,1.0,0.0,0.0,1.0,1.0,1.0,1.0,1.0,1.0,1.0,1.0,1.0,1.0
10.1038/s41598-017-02999-0,Syed2017_SciRep_ChineseForestPAH,26.375641666666667,108.1988,四川,OP,7.712221755315833,5.54,19.05,184.04881426936117,5.390137622067404,21254.711479166668,529.6690931682649,386.1631897217854,30.429689526353183,2050.0,8.537,9.44,4933000.0,54.7,45.84,0,10.1038/s41598-017-02999-0,Syed2017_SciRep_ChineseForestPAH,real_model_ready,False,1.0,1.0,0.0,0.0,1.0,1.0,1.0,1.0,1.0,1.0,1.0,1.0,1.0,1.0
10.1038/s41598-017-02999-0,Syed2017_SciRep_ChineseForestPAH,26.370841666666667,108.18102222222224,四川,OP,7.712221755315833,5.54,19.05,242.99919689392036,4.388522846171662,21254.711479166668,529.6690931682649,386.1631897217854,30.429689526353183,2050.0,8.537,9.44,4933000.0,54.7,45.84,0,10.1038/s41598-017-02999-0,Syed2017_SciRep_ChineseForestPAH,real_model_ready,False,1.0,1.0,0.0,0.0,1.0,1.0,1.0,1.0,1.0,1.0,1.0,1.0,1.0,1.0
10.1038/s41598-017-02999-0,Syed2017_SciRep_ChineseForestPAH,27.583022222222223,102.39274722222224,四川,OP,7.712221755315833,5.54,19.05,520.7086949662535,25.588230851906097,21254.711479166668,529.6690931682649,386.0731897217854,30.429689526353183,2050.0,8.537,9.44,4933000.0,54.7,45.84,0,10.1038/s41598-017-02999-0,Syed2017_SciRep_ChineseForestPAH,real_model_ready,False,1.0,1.0,0.0,0.0,1.0,1.0,1.0,1.0,1.0,1.0,1.0,1.0,1.0,1.0
10.1038/s41598-017-02999-0,Syed2017_SciRep_ChineseForestPAH,27.572325,102.36735555555556,四川,OP,7.712221755315833,5.54,19.05,709.1927218596541,22.360972331081303,21254.711479166668,529.6690931682649,385.4681897217854,30.429689526353183,2050.0,8.537,9.44,4933000.0,54.7,45.84,1,10.1038/s41598-017-02999-0,Syed2017_SciRep_ChineseForestPAH,real_model_ready,False,1.0,1.0,0.0,0.0,1.0,1.0,1.0,1.0,1.0,1.0,1.0,1.0,1.0,1.0
10.1038/s41598-017-02999-0,Syed2017_SciRep_ChineseForestPAH,27.573833333333333,102.42442222222223,四川,OP,7.712221755315833,5.54,19.05,276.55374103157897,16.70291109131143,21254.711479166668,529.6690931682649,386.0731897217854,30.429689526353183,2050.0,8.537,9.44,4933000.0,54.7,45.84,0,10.1038/s41598-017-02999-0,Syed2017_SciRep_ChineseForestPAH,real_model_ready,False,1.0,1.0,0.0,0.0,1.0,1.0,1.0,1.0,1.0,1.0,1.0,1.0,1.0,1.0
10.1038/s41598-017-02999-0,Syed2017_SciRep_ChineseForestPAH,27.888166666666667,119.19277777777778,浙江,OP,7.712221755315833,5.54,19.05,78.32810988637426,1.3733797031830184,21254.711479166668,529.6690931682649,386.1631897217854,30.429689526353183,2050.0,8.537,9.44,4933000.0,54.7,45.84,0,10.1038/s41598-017-02999-0,Syed2017_SciRep_ChineseForestPAH,real_model_ready,False,1.0,1.0,0.0,0.0,1.0,1.0,1.0,1.0,1.0,1.0,1.0,1.0,1.0,1.0
10.1038/s41598-017-02999-0,Syed2017_SciRep_ChineseForestPAH,27.86938888888889,119.18666666666668,浙江,OP,7.712221755315833,5.54,19.05,40.414400235966326,1.2734822974072515,21254.711479166668,529.6690931682649,386.1631897217854,30.429689526353183,2050.0,8.537,9.44,4933000.0,54.7,45.84,0,10.1038/s41598-017-02999-0,Syed2017_SciRep_ChineseForestPAH,real_model_ready,False,1.0,1.0,0.0,0.0,1.0,1.0,1.0,1.0,1.0,1.0,1.0,1.0,1.0,1.0
10.1038/s41598-017-02999-0,Syed2017_SciRep_ChineseForestPAH,27.922222222222224,119.20594444444444,浙江,OP,7.712221755315833,5.54,19.05,55.16998066853208,1.179407079583804,21254.711479166668,529.6690931682649,386.1631897217854,30.429689526353183,2050.0,8.537,9.44,4933000.0,54.7,45.84,0,10.1038/s41598-017-02999-0,Syed2017_SciRep_ChineseForestPAH,real_model_ready,False,1.0,1.0,0.0,0.0,1.0,1.0,1.0,1.0,1.0,1.0,1.0,1.0,1.0,1.0
10.1038/s41598-017-02999-0,Syed2017_SciRep_ChineseForestPAH,27.974777777777778,119.14211111111112,浙江,OP,7.712221755315833,5.54,19.05,142.51530925758223,1.501568453442881,21254.711479166668,529.6690931682649,386.1631897217854,30.429689526353183,2050.0,8.537,9.44,4933000.0,54.7,45.84,0,10.1038/s41598-017-02999-0,Syed2017_SciRep_ChineseForestPAH,real_model_ready,False,1.0,1.0,0.0,0.0,1.0,1.0,1.0,1.0,1.0,1.0,1.0,1.0,1.0,1.0
10.1038/s41598-017-02999-0,Syed2017_SciRep_ChineseForestPAH,45.38969444444445,127.68025,黑龙江,OP,7.712221755315833,5.54,19.05,721.1540491824078,24.45601708217131,21254.711479166668,529.6690931682649,385.4681897217854,30.429689526353183,2050.0,8.537,9.44,4933000.0,54.7,45.84,1,10.1038/s41598-017-02999-0,Syed2017_SciRep_ChineseForestPAH,real_model_ready,False,1.0,1.0,0.0,0.0,1.0,1.0,1.0,1.0,1.0,1.0,1.0,1.0,1.0,1.0
10.1038/s41598-017-02999-0,Syed2017_SciRep_ChineseForestPAH,24.91410833333333,113.01476944444444,湖南,OP,7.712221755315833,5.54,19.05,216.2001765181357,2.5853841015408356,21254.711479166668,529.6690931682649,386.1631897217854,30.429689526353183,2050.0,8.537,9.44,4933000.0,54.7,45.84,0,10.1038/s41598-017-02999-0,Syed2017_SciRep_ChineseForestPAH,real_model_ready,False,1.0,1.0,0.0,0.0,1.0,1.0,1.0,1.0,1.0,1.0,1.0,1.0,1.0,1.0
10.1038/s41598-017-02999-0,Syed2017_SciRep_ChineseForestPAH,24.947944444444445,112.9931888888889,湖南,OP,7.712221755315833,5.54,19.05,62.35889549770765,1.007645783693524,21254.711479166668,529.6690931682649,386.1631897217854,30.429689526353183,2050.0,8.537,9.44,4933000.0,54.7,45.84,0,10.1038/s41598-017-02999-0,Syed2017_SciRep_ChineseForestPAH,real_model_ready,False,1.0,1.0,0.0,0.0,1.0,1.0,1.0,1.0,1.0,1.0,1.0,1.0,1.0,1.0
10.1038/s41598-017-02999-0,Syed2017_SciRep_ChineseForestPAH,24.916605555555556,113.01375,湖南,OP,7.712221755315833,5.54,19.05,150.5632366709013,1.470697855098488,21254.711479166668,529.6690931682649,386.1631897217854,30.429689526353183,2050.0,8.537,9.44,4933000.0,54.7,45.84,0,10.1038/s41598-017-02999-0,Syed2017_SciRep_ChineseForestPAH,real_model_ready,False,1.0,1.0,0.0,0.0,1.0,1.0,1.0,1.0,1.0,1.0,1.0,1.0,1.0,1.0
10.1038/s41598-017-02999-0,Syed2017_SciRep_ChineseForestPAH,42.44033333333333,117.51197222222224,内蒙古,OP,7.712221755315833,5.54,19.05,168.21771592184322,5.98818559828821,21254.711479166668,529.6690931682649,386.1631897217854,30.429689526353183,2050.0,8.537,9.44,4933000.0,54.7,45.84,0,10.1038/s41598-017-02999-0,Syed2017_SciRep_ChineseForestPAH,real_model_ready,False,1.0,1.0,0.0,0.0,1.0,1.0,1.0,1.0,1.0,1.0,1.0,1.0,1.0,1.0
10.1038/s41598-017-02999-0,Syed2017_SciRep_ChineseForestPAH,42.334500000000006,117.47794444444445,内蒙古,OP,7.712221755315833,5.54,19.05,94.98175976428476,3.1442402834949497,21254.711479166668,529.6690931682649,386.1631897217854,30.429689526353183,2050.0,8.537,9.44,4933000.0,54.7,45.84,0,10.1038/s41598-017-02999-0,Syed2017_SciRep_ChineseForestPAH,real_model_ready,False,1.0,1.0,0.0,0.0,1.0,1.0,1.0,1.0,1.0,1.0,1.0,1.0,1.0,1.0
10.1038/s41598-017-02999-0,Syed2017_SciRep_ChineseForestPAH,31.460083333333333,110.28446666666666,重庆,OP,7.712221755315833,5.54,19.05,203.65686563623476,8.93113426961407,23073.086479166668,544.1066325957588,385.7381897217854,30.429689526353183,2050.0,8.537,9.44,4933000.0,54.7,45.84,0,10.1038/s41598-017-02999-0,Syed2017_SciRep_ChineseForestPAH,real_model_ready,False,1.0,1.0,0.0,0.0,1.0,1.0,1.0,1.0,1.0,1.0,1.0,1.0,1.0,1.0
10.1038/s41598-017-02999-0,Syed2017_SciRep_ChineseForestPAH,31.763716666666667,110.48833333333332,河南,OP,7.712221755315833,5.54,19.05,53.916410604275825,1.942456501192653,21254.711479166668,529.6690931682649,386.1631897217854,30.429689526353183,2050.0,8.537,9.44,4933000.0,54.7,45.84,0,10.1038/s41598-017-02999-0,Syed2017_SciRep_ChineseForestPAH,real_model_ready,False,1.0,1.0,0.0,0.0,1.0,1.0,1.0,1.0,1.0,1.0,1.0,1.0,1.0,1.0
10.1038/s41598-017-02999-0,Syed2017_SciRep_ChineseForestPAH,31.673483333333333,110.42438333333334,河南,OP,7.712221755315833,5.54,19.05,167.9731547465794,6.12285862571238,21254.711479166668,529.6690931682649,386.1631897217854,30.429689526353183,2050.0,8.537,9.44,4933000.0,54.7,45.84,0,10.1038/s41598-017-02999-0,Syed2017_SciRep_ChineseForestPAH,real_model_ready,False,1.0,1.0,0.0,0.0,1.0,1.0,1.0,1.0,1.0,1.0,1.0,1.0,1.0,1.0
10.1038/s41598-017-02999-0,Syed2017_SciRep_ChineseForestPAH,31.441666666666663,110.2983,重庆,OP,7.712221755315833,5.54,19.05,80.74494730122129,2.3420629617913855,21254.711479166668,529.6690931682649,386.1631897217854,30.429689526353183,2050.0,8.537,9.44,4933000.0,54.7,45.84,0,10.1038/s41598-017-02999-0,Syed2017_SciRep_ChineseForestPAH,real_model_ready,False,1.0,1.0,0.0,0.0,1.0,1.0,1.0,1.0,1.0,1.0,1.0,1.0,1.0,1.0
10.1038/s41598-017-02999-0,Syed2017_SciRep_ChineseForestPAH,21.87996111111111,107.9184027777778,广西,OP,7.712221755315833,5.54,19.05,60.2459580647691,1.395739506838387,21254.711479166668,529.6690931682649,386.1631897217854,30.429689526353183,2050.0,8.537,9.44,4933000.0,54.7,45.84,0,10.1038/s41598-017-02999-0,Syed2017_SciRep_ChineseForestPAH,real_model_ready,False,1.0,1.0,0.0,0.0,1.0,1.0,1.0,1.0,1.0,1.0,1.0,1.0,1.0,1.0
10.1038/s41598-017-02999-0,Syed2017_SciRep_ChineseForestPAH,21.899991666666665,107.90620555555556,广西,OP,7.712221755315833,5.54,19.05,72.0684489485418,1.3877216561642085,21254.711479166668,529.6690931682649,386.1631897217854,30.429689526353183,2050.0,8.537,9.44,4933000.0,54.7,45.84,0,10.1038/s41598-017-02999-0,Syed2017_SciRep_ChineseForestPAH,real_model_ready,False,1.0,1.0,0.0,0.0,1.0,1.0,1.0,1.0,1.0,1.0,1.0,1.0,1.0,1.0
10.1038/s41598-017-02999-0,Syed2017_SciRep_ChineseForestPAH,21.896416666666667,107.90499166666667,广西,OP,7.712221755315833,5.54,19.05,69.02643082600281,0.8690186548494665,21254.711479166668,529.6690931682649,386.1631897217854,30.429689526353183,2050.0,8.537,9.44,4933000.0,54.7,45.84,0,10.1038/s41598-017-02999-0,Syed2017_SciRep_ChineseForestPAH,real_model_ready,False,1.0,1.0,0.0,0.0,1.0,1.0,1.0,1.0,1.0,1.0,1.0,1.0,1.0,1.0
10.1038/s41598-017-02999-0,Syed2017_SciRep_ChineseForestPAH,38.73469444444444,105.91241666666669,宁夏,OP,7.712221755315833,5.54,19.05,419.41394417095296,13.227575264653632,21254.711479166668,529.6690931682649,386.0731897217854,30.429689526353183,2050.0,8.537,9.44,4933000.0,54.7,45.84,0,10.1038/s41598-017-02999-0,Syed2017_SciRep_ChineseForestPAH,real_model_ready,False,1.0,1.0,0.0,0.0,1.0,1.0,1.0,1.0,1.0,1.0,1.0,1.0,1.0,1.0
10.1038/s41598-017-02999-0,Syed2017_SciRep_ChineseForestPAH,38.74630555555556,105.91708333333334,宁夏,OP,7.712221755315833,5.54,19.05,409.3705912969033,17.07284528394209,21254.711479166668,529.6690931682649,386.0731897217854,30.429689526353183,2050.0,8.537,9.44,4933000.0,54.7,45.84,0,10.1038/s41598-017-02999-0,Syed2017_SciRep_ChineseForestPAH,real_model_ready,False,1.0,1.0,0.0,0.0,1.0,1.0,1.0,1.0,1.0,1.0,1.0,1.0,1.0,1.0
10.1038/s41598-017-02999-0,Syed2017_SciRep_ChineseForestPAH,30.58277,119.70706166666666,安徽,OP,7.712221755315833,5.54,19.05,681.7230920321468,61.97376378132309,21254.711479166668,529.6690931682649,385.4681897217854,30.429689526353183,2050.0,8.537,9.44,4933000.0,54.7,45.84,1,10.1038/s41598-017-02999-0,Syed2017_SciRep_ChineseForestPAH,real_model_ready,False,1.0,1.0,0.0,0.0,1.0,1.0,1.0,1.0,1.0,1.0,1.0,1.0,1.0,1.0
10.1038/s41598-017-02999-0,Syed2017_SciRep_ChineseForestPAH,30.363833333333336,119.42966666666668,安徽,OP,7.712221755315833,5.54,19.05,40.64736106521576,1.3413515137187009,21254.711479166668,529.6690931682649,386.1631897217854,30.429689526353183,2050.0,8.537,9.44,4933000.0,54.7,45.84,0,10.1038/s41598-017-02999-0,Syed2017_SciRep_ChineseForestPAH,real_model_ready,False,1.0,1.0,0.0,0.0,1.0,1.0,1.0,1.0,1.0,1.0,1.0,1.0,1.0,1.0
10.1038/s41598-017-02999-0,Syed2017_SciRep_ChineseForestPAH,36.75025,117.61269444444444,河北,OP,7.712221755315833,5.54,19.05,115.11022225745856,5.293907122043636,21254.711479166668,529.6690931682649,386.1631897217854,30.429689526353183,2050.0,8.537,9.44,4933000.0,54.7,45.84,0,10.1038/s41598-017-02999-0,Syed2017_SciRep_ChineseForestPAH,real_model_ready,False,1.0,1.0,0.0,0.0,1.0,1.0,1.0,1.0,1.0,1.0,1.0,1.0,1.0,1.0
10.1038/s41598-017-02999-0,Syed2017_SciRep_ChineseForestPAH,36.24513888888889,117.1086111111111,河北,OP,7.712221755315833,5.54,19.05,126.82115275715108,5.573663211917341,21254.711479166668,529.6690931682649,386.1631897217854,30.429689526353183,2050.0,8.537,9.44,4933000.0,54.7,45.84,0,10.1038/s41598-017-02999-0,Syed2017_SciRep_ChineseForestPAH,real_model_ready,False,1.0,1.0,0.0,0.0,1.0,1.0,1.0,1.0,1.0,1.0,1.0,1.0,1.0,1.0
10.1038/s41598-017-02999-0,Syed2017_SciRep_ChineseForestPAH,27.461672222222223,114.17393611111112,江西,OP,7.712221755315833,5.54,19.05,128.65756387187923,3.8145731378210614,21254.711479166668,529.6690931682649,386.1631897217854,30.429689526353183,2050.0,8.537,9.44,4933000.0,54.7,45.84,0,10.1038/s41598-017-02999-0,Syed2017_SciRep_ChineseForestPAH,real_model_ready,False,1.0,1.0,0.0,0.0,1.0,1.0,1.0,1.0,1.0,1.0,1.0,1.0,1.0,1.0
10.1038/s41598-017-02999-0,Syed2017_SciRep_ChineseForestPAH,38.719722222222224,113.83788888888888,内蒙古,OP,7.712221755315833,5.54,19.05,475.61977670835427,27.673898380327675,21254.711479166668,529.6690931682649,386.0731897217854,30.429689526353183,2050.0,8.537,9.44,4933000.0,54.7,45.84,0,10.1038/s41598-017-02999-0,Syed2017_SciRep_ChineseForestPAH,real_model_ready,False,1.0,1.0,0.0,0.0,1.0,1.0,1.0,1.0,1.0,1.0,1.0,1.0,1.0,1.0
10.1038/s41598-017-02999-0,Syed2017_SciRep_ChineseForestPAH,38.71555555555556,113.83913888888888,内蒙古,OP,7.712221755315833,5.54,19.05,346.4140453757308,14.622670957525324,21254.711479166668,529.6690931682649,386.0731897217854,30.429689526353183,2050.0,8.537,9.44,4933000.0,54.7,45.84,0,10.1038/s41598-017-02999-0,Syed2017_SciRep_ChineseForestPAH,real_model_ready,False,1.0,1.0,0.0,0.0,1.0,1.0,1.0,1.0,1.0,1.0,1.0,1.0,1.0,1.0
10.1038/s41598-017-02999-0,Syed2017_SciRep_ChineseForestPAH,38.72002777777778,113.84288888888888,内蒙古,OP,7.712221755315833,5.54,19.05,371.14691057337143,22.708374058588976,21254.711479166668,529.6690931682649,386.0731897217854,30.429689526353183,2050.0,8.537,9.44,4933000.0,54.7,45.84,0,10.1038/s41598-017-02999-0,Syed2017_SciRep_ChineseForestPAH,real_model_ready,False,1.0,1.0,0.0,0.0,1.0,1.0,1.0,1.0,1.0,1.0,1.0,1.0,1.0,1.0
10.1038/s41598-017-02999-0,Syed2017_SciRep_ChineseForestPAH,38.73261111111111,113.84822222222222,内蒙古,OP,7.712221755315833,5.54,19.05,506.5214237808512,29.284070216284377,21254.711479166668,529.6690931682649,386.0731897217854,30.429689526353183,2050.0,8.537,9.44,4933000.0,54.7,45.84,0,10.1038/s41598-017-02999-0,Syed2017_SciRep_ChineseForestPAH,real_model_ready,False,1.0,1.0,0.0,0.0,1.0,1.0,1.0,1.0,1.0,1.0,1.0,1.0,1.0,1.0
10.1038/s41598-017-02999-0,Syed2017_SciRep_ChineseForestPAH,46.63283333333333,128.46599999999998,黑龙江,OP,7.712221755315833,5.54,19.05,153.1711783128381,4.334006996879008,21254.711479166668,529.6690931682649,386.1631897217854,30.429689526353183,2050.0,8.537,9.44,4933000.0,54.7,45.84,0,10.1038/s41598-017-02999-0,Syed2017_SciRep_ChineseForestPAH,real_model_ready,False,1.0,1.0,0.0,0.0,1.0,1.0,1.0,1.0,1.0,1.0,1.0,1.0,1.0,1.0
10.1038/s41598-017-02999-0,Syed2017_SciRep_ChineseForestPAH,46.62997222222222,128.52108333333334,黑龙江,OP,7.712221755315833,5.54,19.05,193.2011107466163,8.732090619396748,23073.086479166668,544.1066325957588,385.7381897217854,30.429689526353183,2050.0,8.537,9.44,4933000.0,54.7,45.84,0,10.1038/s41598-017-02999-0,Syed2017_SciRep_ChineseForestPAH,real_model_ready,False,1.0,1.0,0.0,0.0,1.0,1.0,1.0,1.0,1.0,1.0,1.0,1.0,1.0,1.0
10.1038/s41598-017-02999-0,Syed2017_ForestPAH_ByType,31.826241440826905,110.20064201045558,湖北,PAH,5.629202678571428,5.54,19.05,2418.5062528180083,1581.1007875406947,148.48532960971392,82.90619998807506,45.225694238709025,7.030772072842562,2050.0,8.537,9.44,4933000.0,54.7,45.84,1,10.1038/s41598-017-02999-0,Syed2017_ForestPAH_ByType,real_model_ready,False,1.0,1.0,0.0,1.0,1.0,1.0,1.0,1.0,1.0,1.0,1.0,1.0,1.0,1.0
10.1038/s41598-017-02999-0,Syed2017_ForestPAH_ByType,29.685238585333636,104.19504042108989,四川,PAH,6.439847103863906,5.54,19.05,3645.681934758481,1628.0469342323377,139.09527691553018,82.90619998807506,45.225694238709025,7.629484243102851,2050.0,8.537,9.44,4933000.0,54.7,45.84,1,10.1038/s41598-017-02999-0,Syed2017_ForestPAH_ByType,real_model_ready,False,1.0,1.0,0.0,1.0,1.0,1.0,1.0,1.0,1.0,1.0,1.0,1.0,1.0,1.0
10.1038/s41598-017-02999-0,Syed2017_ForestPAH_ByType,30.330105251845104,104.07035327508773,四川,PAH,6.7461576329998065,5.54,19.05,751.0,1667.6405694244859,104.36750726041245,11.302069053903734,47.398496244710415,5.812138243902128,2050.0,8.537,9.44,4933000.0,54.7,45.84,1,10.1038/s41598-017-02999-0,Syed2017_ForestPAH_ByType,real_model_ready,False,1.0,1.0,0.0,1.0,1.0,1.0,1.0,1.0,1.0,1.0,1.0,1.0,1.0,1.0
10.1038/s41598-017-02999-0,Syed2017_ForestPAH_ByType,32.388292059232555,109.23983410512946,湖北,PAH,5.629202678571428,5.54,19.05,2456.406979013909,1581.1007875406947,148.48532960971392,82.90619998807506,45.225694238709025,7.030772072842562,2050.0,8.537,9.44,4933000.0,54.7,45.84,1,10.1038/s41598-017-02999-0,Syed2017_ForestPAH_ByType,real_model_ready,False,1.0,1.0,0.0,1.0,1.0,1.0,1.0,1.0,1.0,1.0,1.0,1.0,1.0,1.0
10.1038/s41598-017-02999-0,Syed2017_ForestPAH_ByType,32.763586755025464,110.50251331952003,河南,PAH,5.629202678571428,5.54,19.05,2429.3622150765777,1581.1007875406947,148.48532960971392,82.90619998807506,45.225694238709025,7.030772072842562,2050.0,8.537,9.44,4933000.0,54.7,45.84,1,10.1038/s41598-017-02999-0,Syed2017_ForestPAH_ByType,real_model_ready,False,1.0,1.0,0.0,1.0,1.0,1.0,1.0,1.0,1.0,1.0,1.0,1.0,1.0,1.0
10.1038/s41598-017-02999-0,Syed2017_ForestPAH_ByType,33.07863547314808,109.34233655177307,湖北,PAH,5.629202678571428,5.54,19.05,2913.5279357495474,1581.1007875406947,148.48532960971392,82.90619998807506,45.225694238709025,7.030772072842562,2050.0,8.537,9.44,4933000.0,54.7,45.84,1,10.1038/s41598-017-02999-0,Syed2017_ForestPAH_ByType,real_model_ready,False,1.0,1.0,0.0,1.0,1.0,1.0,1.0,1.0,1.0,1.0,1.0,1.0,1.0,1.0
10.1038/s41598-017-02999-0,Syed2017_ForestPAH_ByType,32.7832605612961,109.13401857735028,湖北,PAH,6.569260237319848,5.54,19.05,1521.2717460379154,1667.6405694244859,130.2678751934937,58.89081932153216,45.225694238709025,7.444143147972616,2050.0,8.537,9.44,4933000.0,54.7,45.84,1,10.1038/s41598-017-02999-0,Syed2017_ForestPAH_ByType,real_model_ready,False,1.0,1.0,0.0,1.0,1.0,1.0,1.0,1.0,1.0,1.0,1.0,1.0,1.0,1.0
10.1038/s41598-017-02999-0,Syed2017_ForestPAH_ByType,29.301086870477064,110.552216639275,湖北,PAH,6.439847103863906,5.54,19.05,3085.673326540775,1628.0469342323377,139.09527691553018,82.90619998807506,45.225694238709025,7.629484243102851,2050.0,8.537,9.44,4933000.0,54.7,45.84,1,10.1038/s41598-017-02999-0,Syed2017_ForestPAH_ByType,real_model_ready,False,1.0,1.0,0.0,1.0,1.0,1.0,1.0,1.0,1.0,1.0,1.0,1.0,1.0,1.0
10.1038/s41598-017-02999-0,Syed2017_ForestPAH_ByType,33.45735473236754,111.9369762280405,河南,PAH,5.629202678571428,5.54,19.05,2610.8326681878452,1581.1007875406947,148.48532960971392,82.90619998807506,45.225694238709025,7.030772072842562,2050.0,8.537,9.44,4933000.0,54.7,45.84,1,10.1038/s41598-017-02999-0,Syed2017_ForestPAH_ByType,real_model_ready,False,1.0,1.0,0.0,1.0,1.0,1.0,1.0,1.0,1.0,1.0,1.0,1.0,1.0,1.0
10.1038/s41598-017-02999-0,Syed2017_ForestPAH_ByType,29.06308031218859,111.73254206571042,湖北,PAH,6.439847103863906,5.54,19.05,3744.725408498516,1628.0469342323377,139.09527691553018,82.90619998807506,45.225694238709025,7.629484243102851,2050.0,8.537,9.44,4933000.0,54.7,45.84,1,10.1038/s41598-017-02999-0,Syed2017_ForestPAH_ByType,real_model_ready,False,1.0,1.0,0.0,1.0,1.0,1.0,1.0,1.0,1.0,1.0,1.0,1.0,1.0,1.0
10.1038/s41598-017-02999-0,Syed2017_ForestPAH_ByType,31.324511088334425,111.22163079032958,湖北,PAH,6.439847103863906,5.54,19.05,3503.9239898244095,1628.0469342323377,139.09527691553018,82.90619998807506,45.225694238709025,7.629484243102851,2050.0,8.537,9.44,4933000.0,54.7,45.84,1,10.1038/s41598-017-02999-0,Syed2017_ForestPAH_ByType,real_model_ready,False,1.0,1.0,0.0,1.0,1.0,1.0,1.0,1.0,1.0,1.0,1.0,1.0,1.0,1.0
10.1038/s41598-017-02999-0,Syed2017_ForestPAH_ByType,30.75879681770394,109.73132738984992,湖北,PAH,5.629202678571428,5.54,19.05,2443.6443155639968,1581.1007875406947,148.48532960971392,82.90619998807506,45.225694238709025,7.030772072842562,2050.0,8.537,9.44,4933000.0,54.7,45.84,1,10.1038/s41598-017-02999-0,Syed2017_ForestPAH_ByType,real_model_ready,False,1.0,1.0,0.0,1.0,1.0,1.0,1.0,1.0,1.0,1.0,1.0,1.0,1.0,1.0
10.1038/s41598-017-02999-0,Syed2017_ForestPAH_ByType,32.79777208265629,109.5332511471636,湖北,PAH,6.569260237319848,5.54,19.05,1481.4850723348866,1667.6405694244859,130.2678751934937,58.89081932153216,45.225694238709025,7.444143147972616,2050.0,8.537,9.44,4933000.0,54.7,45.84,1,10.1038/s41598-017-02999-0,Syed2017_ForestPAH_ByType,real_model_ready,False,1.0,1.0,0.0,1.0,1.0,1.0,1.0,1.0,1.0,1.0,1.0,1.0,1.0,1.0
10.1038/s41598-017-02999-0,Syed2017_ForestPAH_ByType,32.72906916278713,107.2199112297692,四川,PAH,6.375885957792208,5.54,19.05,1832.514865309758,1620.694422732843,63.084875223703065,76.19975409417137,51.4543306046297,7.112398677156962,2050.0,8.537,9.44,4933000.0,54.7,45.84,1,10.1038/s41598-017-02999-0,Syed2017_ForestPAH_ByType,real_model_ready,False,1.0,1.0,0.0,1.0,1.0,1.0,1.0,1.0,1.0,1.0,1.0,1.0,1.0,1.0
10.1038/s41598-017-02999-0,Syed2017_ForestPAH_ByType,31.416055734281557,106.89813229785425,重庆,PAH,5.629202678571428,5.54,19.05,2954.1047861957913,1581.1007875406947,148.48532960971392,82.90619998807506,45.225694238709025,7.030772072842562,2050.0,8.537,9.44,4933000.0,54.7,45.84,1,10.1038/s41598-017-02999-0,Syed2017_ForestPAH_ByType,real_model_ready,False,1.0,1.0,0.0,1.0,1.0,1.0,1.0,1.0,1.0,1.0,1.0,1.0,1.0,1.0
10.1038/s41598-017-02999-0,Syed2017_ForestPAH_ByType,31.66932941092221,104.29237794892796,四川,PAH,6.569260237319848,5.54,19.05,1292.936804514664,1667.6405694244859,130.2678751934937,58.89081932153216,45.225694238709025,7.444143147972616,2050.0,8.537,9.44,4933000.0,54.7,45.84,1,10.1038/s41598-017-02999-0,Syed2017_ForestPAH_ByType,real_model_ready,False,1.0,1.0,0.0,1.0,1.0,1.0,1.0,1.0,1.0,1.0,1.0,1.0,1.0,1.0
10.1038/s41598-017-02999-0,Syed2017_ForestPAH_ByType,34.973815039042165,107.36104613549628,陕西,PAH,6.460365124458873,5.54,19.05,2221.171208130924,1682.939047732843,63.084875223703065,71.25023867046441,51.4543306046297,6.00919508509761,2050.0,8.537,9.44,4933000.0,54.7,45.84,1,10.1038/s41598-017-02999-0,Syed2017_ForestPAH_ByType,real_model_ready,False,1.0,1.0,0.0,1.0,1.0,1.0,1.0,1.0,1.0,1.0,1.0,1.0,1.0,1.0
10.1038/s41598-017-02999-0,Syed2017_ForestPAH_ByType,31.5214726554093,109.07187917480856,湖北,PAH,6.415135957792207,5.54,19.05,1996.3149804426464,1682.939047732843,63.084875223703065,77.27963859110186,51.4543306046297,7.449298617710275,2050.0,8.537,9.44,4933000.0,54.7,45.84,1,10.1038/s41598-017-02999-0,Syed2017_ForestPAH_ByType,real_model_ready,False,1.0,1.0,0.0,1.0,1.0,1.0,1.0,1.0,1.0,1.0,1.0,1.0,1.0,1.0
10.1038/s41598-017-02999-0,Syed2017_ForestPAH_ByType,29.737370194709207,106.00490900097222,重庆,PAH,5.629202678571428,5.54,19.05,2395.602414286299,1581.1007875406947,148.48532960971392,82.90619998807506,45.225694238709025,7.030772072842562,2050.0,8.537,9.44,4933000.0,54.7,45.84,1,10.1038/s41598-017-02999-0,Syed2017_ForestPAH_ByType,real_model_ready,False,1.0,1.0,0.0,1.0,1.0,1.0,1.0,1.0,1.0,1.0,1.0,1.0,1.0,1.0
10.1038/s41598-017-02999-0,Syed2017_ForestPAH_ByType,33.89219818282744,111.46812594457197,河南,PAH,6.375885957792208,5.54,19.05,1692.572607850576,1620.694422732843,63.084875223703065,76.19975409417137,51.4543306046297,7.112398677156962,2050.0,8.537,9.44,4933000.0,54.7,45.84,1,10.1038/s41598-017-02999-0,Syed2017_ForestPAH_ByType,real_model_ready,False,1.0,1.0,0.0,1.0,1.0,1.0,1.0,1.0,1.0,1.0,1.0,1.0,1.0,1.0
10.1038/s41598-017-02999-0,Syed2017_ForestPAH_ByType,30.803978721351967,113.88029688564114,湖北,PAH,6.375885957792208,5.54,19.05,1182.7295382905486,1620.694422732843,63.084875223703065,70.17035417353392,51.4543306046297,5.881890234763863,2050.0,8.537,9.44,4933000.0,54.7,45.84,1,10.1038/s41598-017-02999-0,Syed2017_ForestPAH_ByType,real_model_ready,False,1.0,1.0,0.0,1.0,1.0,1.0,1.0,1.0,1.0,1.0,1.0,1.0,1.0,1.0
10.1038/s41598-017-02999-0,Syed2017_ForestPAH_ByType,31.601129218850566,110.05651604967773,湖北,PAH,6.460365124458873,5.54,19.05,2095.9867404716624,1682.939047732843,63.084875223703065,71.25023867046441,51.4543306046297,6.00919508509761,2050.0,8.537,9.44,4933000.0,54.7,45.84,1,10.1038/s41598-017-02999-0,Syed2017_ForestPAH_ByType,real_model_ready,False,1.0,1.0,0.0,1.0,1.0,1.0,1.0,1.0,1.0,1.0,1.0,1.0,1.0,1.0
10.1038/s41598-017-02999-0,Syed2017_ForestPAH_ByType,32.982959979459515,115.72077402611843,安徽,PAH,7.781243467875049,5.54,19.05,964.6319464964552,219.68128537842955,23327.92397916667,557.6147345459492,651.9339501384522,25.040902449699807,2050.0,8.537,9.44,4933000.0,54.7,45.84,1,10.1038/s41598-017-02999-0,Syed2017_ForestPAH_ByType,real_model_ready,False,1.0,1.0,0.0,1.0,1.0,1.0,1.0,1.0,1.0,1.0,1.0,1.0,1.0,1.0
10.1038/s41598-017-02999-0,Syed2017_ForestPAH_ByType,30.24957366291787,109.541559217521,湖北,PAH,6.569260237319848,5.54,19.05,1379.1570757458258,1667.6405694244859,130.2678751934937,58.89081932153216,45.225694238709025,7.444143147972616,2050.0,8.537,9.44,4933000.0,54.7,45.84,1,10.1038/s41598-017-02999-0,Syed2017_ForestPAH_ByType,real_model_ready,False,1.0,1.0,0.0,1.0,1.0,1.0,1.0,1.0,1.0,1.0,1.0,1.0,1.0,1.0
10.1038/s41598-017-02999-0,Syed2017_ForestPAH_ByType,29.401218326468573,108.32650159748654,湖北,PAH,6.569260237319848,5.54,19.05,1533.0774169375136,1667.6405694244859,130.2678751934937,58.89081932153216,45.225694238709025,7.444143147972616,2050.0,8.537,9.44,4933000.0,54.7,45.84,1,10.1038/s41598-017-02999-0,Syed2017_ForestPAH_ByType,real_model_ready,False,1.0,1.0,0.0,1.0,1.0,1.0,1.0,1.0,1.0,1.0,1.0,1.0,1.0,1.0
10.1038/s41598-017-02999-0,Syed2017_ForestPAH_ByType,27.045988606032687,109.95513539296908,湖南,PAH,6.375885957792208,5.54,19.05,1970.1114036504232,1620.694422732843,63.084875223703065,76.19975409417137,51.4543306046297,7.112398677156962,2050.0,8.537,9.44,4933000.0,54.7,45.84,1,10.1038/s41598-017-02999-0,Syed2017_ForestPAH_ByType,real_model_ready,False,1.0,1.0,0.0,1.0,1.0,1.0,1.0,1.0,1.0,1.0,1.0,1.0,1.0,1.0
10.1038/s41598-017-02999-0,Syed2017_ForestPAH_ByType,30.596130632148423,108.38818915062414,湖北,PAH,6.7461576329998065,5.54,19.05,749.0621909802774,1667.6405694244859,104.36750726041245,11.302069053903734,47.398496244710415,5.812138243902128,2050.0,8.537,9.44,4933000.0,54.7,45.84,1,10.1038/s41598-017-02999-0,Syed2017_ForestPAH_ByType,real_model_ready,False,1.0,1.0,0.0,1.0,1.0,1.0,1.0,1.0,1.0,1.0,1.0,1.0,1.0,1.0
10.1038/s41598-017-02999-0,Syed2017_ForestPAH_ByType,32.17633500997569,112.67764387866862,河南,PAH,5.629202678571428,5.54,19.05,2756.910602967014,1581.1007875406947,148.48532960971392,82.90619998807506,45.225694238709025,7.030772072842562,2050.0,8.537,9.44,4933000.0,54.7,45.84,1,10.1038/s41598-017-02999-0,Syed2017_ForestPAH_ByType,real_model_ready,False,1.0,1.0,0.0,1.0,1.0,1.0,1.0,1.0,1.0,1.0,1.0,1.0,1.0,1.0
10.1038/s41598-017-02999-0,Syed2017_ForestPAH_ByType,30.9054069728332,112.18373358528888,湖北,PAH,6.569260237319848,5.54,19.05,1316.5356715843252,1667.6405694244859,130.2678751934937,58.89081932153216,45.225694238709025,7.444143147972616,2050.0,8.537,9.44,4933000.0,54.7,45.84,1,10.1038/s41598-017-02999-0,Syed2017_ForestPAH_ByType,real_model_ready,False,1.0,1.0,0.0,1.0,1.0,1.0,1.0,1.0,1.0,1.0,1.0,1.0,1.0,1.0
10.1038/s41598-017-02999-0,Syed2017_ForestPAH_ByType,30.302508720638247,115.81790690996678,安徽,PAH,6.761834716333139,5.54,19.05,773.9593160666478,1667.6405694244859,112.32332905527635,44.06243075151629,46.04158162421299,5.937479224744466,2050.0,8.537,9.44,4933000.0,54.7,45.84,1,10.1038/s41598-017-02999-0,Syed2017_ForestPAH_ByType,real_model_ready,False,1.0,1.0,0.0,1.0,1.0,1.0,1.0,1.0,1.0,1.0,1.0,1.0,1.0,1.0
10.1038/s41598-017-02999-0,Syed2017_ForestPAH_ByType,32.285035719833864,111.56864481736704,河南,PAH,6.460365124458873,5.54,19.05,2296.7831589800808,1682.939047732843,63.084875223703065,71.25023867046441,51.4543306046297,6.00919508509761,2050.0,8.537,9.44,4933000.0,54.7,45.84,1,10.1038/s41598-017-02999-0,Syed2017_ForestPAH_ByType,real_model_ready,False,1.0,1.0,0.0,1.0,1.0,1.0,1.0,1.0,1.0,1.0,1.0,1.0,1.0,1.0
10.1038/s41598-017-02999-0,Syed2017_ForestPAH_ByType,31.683436116854914,114.39746566250184,河南,PAH,6.758282632999807,5.54,19.05,703.2528886499271,1667.6405694244859,104.36750726041245,11.302069053903734,47.398496244710415,5.812138243902128,2050.0,8.537,9.44,4933000.0,54.7,45.84,1,10.1038/s41598-017-02999-0,Syed2017_ForestPAH_ByType,real_model_ready,False,1.0,1.0,0.0,1.0,1.0,1.0,1.0,1.0,1.0,1.0,1.0,1.0,1.0,1.0
10.1038/s41598-017-02999-0,Syed2017_ForestPAH_ByType,32.17504799773298,115.90177444059265,安徽,PAH,6.460365124458873,5.54,19.05,2369.7174356841942,1682.939047732843,63.084875223703065,71.25023867046441,51.4543306046297,6.00919508509761,2050.0,8.537,9.44,4933000.0,54.7,45.84,1,10.1038/s41598-017-02999-0,Syed2017_ForestPAH_ByType,real_model_ready,False,1.0,1.0,0.0,1.0,1.0,1.0,1.0,1.0,1.0,1.0,1.0,1.0,1.0,1.0
10.1038/s41598-017-02999-0,Syed2017_ForestPAH_ByType,28.06122576602398,112.20589873634012,湖南,PAH,7.781243467875049,5.54,19.05,1042.1381432741507,219.68128537842955,23327.92397916667,557.6147345459492,651.9339501384522,24.76817012954307,2050.0,8.537,9.44,4933000.0,54.7,45.84,1,10.1038/s41598-017-02999-0,Syed2017_ForestPAH_ByType,real_model_ready,False,1.0,1.0,0.0,1.0,1.0,1.0,1.0,1.0,1.0,1.0,1.0,1.0,1.0,1.0
10.1038/s41598-017-02999-0,Syed2017_ForestPAH_ByType,28.74999483959003,114.43870853670413,江西,PAH,5.629202678571428,5.54,19.05,2985.6682902720354,1581.1007875406947,148.48532960971392,82.90619998807506,45.225694238709025,7.030772072842562,2050.0,8.537,9.44,4933000.0,54.7,45.84,1,10.1038/s41598-017-02999-0,Syed2017_ForestPAH_ByType,real_model_ready,False,1.0,1.0,0.0,1.0,1.0,1.0,1.0,1.0,1.0,1.0,1.0,1.0,1.0,1.0
10.1038/s41598-017-02999-0,Syed2017_ForestPAH_ByType,35.413093985050494,108.08370202923108,陕西,PAH,6.569260237319848,5.54,19.05,1489.4274528091223,1667.6405694244859,130.2678751934937,58.89081932153216,45.225694238709025,7.444143147972616,2050.0,8.537,9.44,4933000.0,54.7,45.84,1,10.1038/s41598-017-02999-0,Syed2017_ForestPAH_ByType,real_model_ready,False,1.0,1.0,0.0,1.0,1.0,1.0,1.0,1.0,1.0,1.0,1.0,1.0,1.0,1.0
10.1038/s41598-017-02999-0,Syed2017_ForestPAH_ByType,35.35612290024074,104.09656600864211,甘肃,PAH,6.83726475996224,5.54,19.05,72.0,1667.6405694244859,104.36750726041245,13.441373939160295,47.398496244710415,5.62995441690365,2050.0,8.537,9.44,4933000.0,54.7,45.84,0,10.1038/s41598-017-02999-0,Syed2017_ForestPAH_ByType,real_model_ready,False,1.0,1.0,0.0,1.0,1.0,1.0,1.0,1.0,1.0,1.0,1.0,1.0,1.0,1.0
10.1038/s41598-017-02999-0,Syed2017_ForestPAH_ByType,31.644030164914476,105.66579936361784,重庆,PAH,5.629202678571428,5.54,19.05,2579.941837625046,1581.1007875406947,148.48532960971392,82.90619998807506,45.225694238709025,7.030772072842562,2050.0,8.537,9.44,4933000.0,54.7,45.84,1,10.1038/s41598-017-02999-0,Syed2017_ForestPAH_ByType,real_model_ready,False,1.0,1.0,0.0,1.0,1.0,1.0,1.0,1.0,1.0,1.0,1.0,1.0,1.0,1.0
10.1038/s41598-017-02999-0,Syed2017_ForestPAH_ByType,32.32488371746018,107.75002048740696,四川,PAH,6.375885957792208,5.54,19.05,1911.4045019347795,1620.694422732843,63.084875223703065,76.19975409417137,51.4543306046297,7.112398677156962,2050.0,8.537,9.44,4933000.0,54.7,45.84,1,10.1038/s41598-017-02999-0,Syed2017_ForestPAH_ByType,real_model_ready,False,1.0,1.0,0.0,1.0,1.0,1.0,1.0,1.0,1.0,1.0,1.0,1.0,1.0,1.0
10.1038/s41598-017-02999-0,Syed2017_ForestPAH_ByType,33.20529057384468,107.40144755627608,四川,PAH,6.569260237319848,5.54,19.05,1497.8499800948814,1667.6405694244859,130.2678751934937,58.89081932153216,45.225694238709025,7.444143147972616,2050.0,8.537,9.44,4933000.0,54.7,45.84,1,10.1038/s41598-017-02999-0,Syed2017_ForestPAH_ByType,real_model_ready,False,1.0,1.0,0.0,1.0,1.0,1.0,1.0,1.0,1.0,1.0,1.0,1.0,1.0,1.0
10.1038/s41598-017-02999-0,Syed2017_ForestPAH_ByType,35.704177715106034,108.57767241233576,陕西,PAH,6.375885957792208,5.54,19.05,1688.116108614012,1620.694422732843,63.084875223703065,76.19975409417137,51.4543306046297,7.112398677156962,2050.0,8.537,9.44,4933000.0,54.7,45.84,1,10.1038/s41598-017-02999-0,Syed2017_ForestPAH_ByType,real_model_ready,False,1.0,1.0,0.0,1.0,1.0,1.0,1.0,1.0,1.0,1.0,1.0,1.0,1.0,1.0
10.1038/s41598-017-02999-0,Syed2017_ForestPAH_ByType,32.421209591663754,103.5393881671383,四川,PAH,6.569260237319848,5.54,19.05,1338.3409635512498,1667.6405694244859,130.2678751934937,58.89081932153216,45.225694238709025,7.444143147972616,2050.0,8.537,9.44,4933000.0,54.7,45.84,1,10.1038/s41598-017-02999-0,Syed2017_ForestPAH_ByType,real_model_ready,False,1.0,1.0,0.0,1.0,1.0,1.0,1.0,1.0,1.0,1.0,1.0,1.0,1.0,1.0
10.1038/s41598-017-02999-0,Syed2017_ForestPAH_ByType,30.184664342093377,106.87072320337762,重庆,PAH,6.375885957792208,5.54,19.05,1263.4159014776728,1620.694422732843,63.084875223703065,70.17035417353392,51.4543306046297,5.881890234763863,2050.0,8.537,9.44,4933000.0,54.7,45.84,1,10.1038/s41598-017-02999-0,Syed2017_ForestPAH_ByType,real_model_ready,False,1.0,1.0,0.0,1.0,1.0,1.0,1.0,1.0,1.0,1.0,1.0,1.0,1.0,1.0
10.1038/s41598-017-02999-0,Syed2017_ForestPAH_ByType,33.665725624672596,105.63535042757584,四川,PAH,6.375885957792208,5.54,19.05,1786.872528376558,1620.694422732843,63.084875223703065,76.19975409417137,51.4543306046297,7.112398677156962,2050.0,8.537,9.44,4933000.0,54.7,45.84,1,10.1038/s41598-017-02999-0,Syed2017_ForestPAH_ByType,real_model_ready,False,1.0,1.0,0.0,1.0,1.0,1.0,1.0,1.0,1.0,1.0,1.0,1.0,1.0,1.0
10.1038/s41598-017-02999-0,Syed2017_ForestPAH_ByType,34.26500145216683,103.93585251342216,四川,PAH,6.375885957792208,5.54,19.05,1792.2780393156354,1620.694422732843,63.084875223703065,76.19975409417137,51.4543306046297,7.112398677156962,2050.0,8.537,9.44,4933000.0,54.7,45.84,1,10.1038/s41598-017-02999-0,Syed2017_ForestPAH_ByType,real_model_ready,False,1.0,1.0,0.0,1.0,1.0,1.0,1.0,1.0,1.0,1.0,1.0,1.0,1.0,1.0
10.1038/s41598-017-02999-0,Syed2017_ForestPAH_ByType,49.73078292475288,128.13082400522478,黑龙江,PAH,6.569260237319848,5.54,19.05,1580.6269850410786,1667.6405694244859,130.2678751934937,58.89081932153216,45.225694238709025,7.444143147972616,2050.0,8.537,9.44,4933000.0,54.7,45.84,1,10.1038/s41598-017-02999-0,Syed2017_ForestPAH_ByType,real_model_ready,False,1.0,1.0,0.0,1.0,1.0,1.0,1.0,1.0,1.0,1.0,1.0,1.0,1.0,1.0
10.1038/s41598-017-02999-0,Syed2017_ForestPAH_ByType,49.760632296125785,121.45234221497095,内蒙古,PAH,6.757532632999807,5.54,19.05,627.9856570503266,1667.6405694244859,104.36750726041245,11.302069053903734,47.398496244710415,5.911490210094598,2050.0,8.537,9.44,4933000.0,54.7,45.84,1,10.1038/s41598-017-02999-0,Syed2017_ForestPAH_ByType,real_model_ready,False,1.0,1.0,0.0,1.0,1.0,1.0,1.0,1.0,1.0,1.0,1.0,1.0,1.0,1.0
10.1038/s41598-017-02999-0,Syed2017_ForestPAH_ByType,46.13495298663334,124.81790418689272,内蒙古,PAH,5.629202678571428,5.54,19.05,2587.0,1581.1007875406947,148.48532960971392,82.90619998807506,45.225694238709025,7.030772072842562,2050.0,8.537,9.44,4933000.0,54.7,45.84,1,10.1038/s41598-017-02999-0,Syed2017_ForestPAH_ByType,real_model_ready,False,1.0,1.0,0.0,1.0,1.0,1.0,1.0,1.0,1.0,1.0,1.0,1.0,1.0,1.0
10.1038/s41598-017-02999-0,Syed2017_ForestPAH_ByType,47.36535435060045,121.44160471775795,内蒙古,PAH,6.375885957792208,5.54,19.05,1262.3179323225618,1620.694422732843,63.084875223703065,70.17035417353392,51.4543306046297,5.881890234763863,2050.0,8.537,9.44,4933000.0,54.7,45.84,1,10.1038/s41598-017-02999-0,Syed2017_ForestPAH_ByType,real_model_ready,False,1.0,1.0,0.0,1.0,1.0,1.0,1.0,1.0,1.0,1.0,1.0,1.0,1.0,1.0
10.1038/s41598-017-02999-0,Syed2017_ForestPAH_ByType,46.17250674174216,121.7433829656841,内蒙古,PAH,6.375885957792208,5.54,19.05,1897.667358343817,1620.694422732843,63.084875223703065,76.19975409417137,51.4543306046297,7.112398677156962,2050.0,8.537,9.44,4933000.0,54.7,45.84,1,10.1038/s41598-017-02999-0,Syed2017_ForestPAH_ByType,real_model_ready,False,1.0,1.0,0.0,1.0,1.0,1.0,1.0,1.0,1.0,1.0,1.0,1.0,1.0,1.0
10.1038/s41598-017-02999-0,Syed2017_ForestPAH_ByType,47.91397660594438,121.47710388735346,内蒙古,PAH,6.375885957792208,5.54,19.05,1709.553874860314,1620.694422732843,63.084875223703065,76.19975409417137,51.4543306046297,7.112398677156962,2050.0,8.537,9.44,4933000.0,54.7,45.84,1,10.1038/s41598-017-02999-0,Syed2017_ForestPAH_ByType,real_model_ready,False,1.0,1.0,0.0,1.0,1.0,1.0,1.0,1.0,1.0,1.0,1.0,1.0,1.0,1.0
10.1038/s41598-017-02999-0,Syed2017_ForestPAH_ByType,45.27838456090828,124.7692070384035,内蒙古,PAH,5.629202678571428,5.54,19.05,2510.896849475026,1581.1007875406947,148.48532960971392,82.90619998807506,45.225694238709025,7.030772072842562,2050.0,8.537,9.44,4933000.0,54.7,45.84,1,10.1038/s41598-017-02999-0,Syed2017_ForestPAH_ByType,real_model_ready,False,1.0,1.0,0.0,1.0,1.0,1.0,1.0,1.0,1.0,1.0,1.0,1.0,1.0,1.0
10.1038/s41598-017-02999-0,Syed2017_ForestPAH_ByType,45.49858956270564,122.7469270935219,内蒙古,PAH,6.375885957792208,5.54,19.05,1753.9517182849834,1620.694422732843,63.084875223703065,76.19975409417137,51.4543306046297,7.112398677156962,2050.0,8.537,9.44,4933000.0,54.7,45.84,1,10.1038/s41598-017-02999-0,Syed2017_ForestPAH_ByType,real_model_ready,False,1.0,1.0,0.0,1.0,1.0,1.0,1.0,1.0,1.0,1.0,1.0,1.0,1.0,1.0
10.1038/s41598-017-02999-0,Syed2017_ForestPAH_ByType,48.05656935844064,125.26124755555207,内蒙古,PAH,6.415135957792207,5.54,19.05,2040.762462894589,1682.939047732843,63.084875223703065,77.27963859110186,51.4543306046297,7.449298617710275,2050.0,8.537,9.44,4933000.0,54.7,45.84,1,10.1038/s41598-017-02999-0,Syed2017_ForestPAH_ByType,real_model_ready,False,1.0,1.0,0.0,1.0,1.0,1.0,1.0,1.0,1.0,1.0,1.0,1.0,1.0,1.0
10.1038/s41598-017-02999-0,Syed2017_ForestPAH_ByType,48.24162098285867,123.7519023527428,内蒙古,PAH,6.375885957792208,5.54,19.05,1943.601032872472,1620.694422732843,63.084875223703065,76.19975409417137,51.4543306046297,7.112398677156962,2050.0,8.537,9.44,4933000.0,54.7,45.84,1,10.1038/s41598-017-02999-0,Syed2017_ForestPAH_ByType,real_model_ready,False,1.0,1.0,0.0,1.0,1.0,1.0,1.0,1.0,1.0,1.0,1.0,1.0,1.0,1.0
10.1038/s41598-017-02999-0,Syed2017_ForestPAH_ByType,47.0899783907109,120.37632205960522,内蒙古,PAH,6.757532632999807,5.54,19.05,621.6532255441484,1667.6405694244859,104.36750726041245,11.302069053903734,47.398496244710415,5.911490210094598,2050.0,8.537,9.44,4933000.0,54.7,45.84,1,10.1038/s41598-017-02999-0,Syed2017_ForestPAH_ByType,real_model_ready,False,1.0,1.0,0.0,1.0,1.0,1.0,1.0,1.0,1.0,1.0,1.0,1.0,1.0,1.0
10.1038/s41598-017-02999-0,Syed2017_ForestPAH_ByType,51.98438621914619,124.9846374314596,内蒙古,PAH,6.375885957792208,5.54,19.05,1940.914658729454,1620.694422732843,63.084875223703065,76.19975409417137,51.4543306046297,7.112398677156962,2050.0,8.537,9.44,4933000.0,54.7,45.84,1,10.1038/s41598-017-02999-0,Syed2017_ForestPAH_ByType,real_model_ready,False,1.0,1.0,0.0,1.0,1.0,1.0,1.0,1.0,1.0,1.0,1.0,1.0,1.0,1.0
10.1038/s41598-017-02999-0,Syed2017_ForestPAH_ByType,49.30247811737739,118.56849871268608,内蒙古,PAH,6.439847103863906,5.54,19.05,3687.23942675684,1628.0469342323377,139.09527691553018,82.90619998807506,45.225694238709025,7.629484243102851,2050.0,8.537,9.44,4933000.0,54.7,45.84,1,10.1038/s41598-017-02999-0,Syed2017_ForestPAH_ByType,real_model_ready,False,1.0,1.0,0.0,1.0,1.0,1.0,1.0,1.0,1.0,1.0,1.0,1.0,1.0,1.0
10.1038/s41598-017-02999-0,Syed2017_ForestPAH_ByType,47.819201403427435,125.61796480360148,内蒙古,PAH,6.375885957792208,5.54,19.05,1698.0969084039916,1620.694422732843,63.084875223703065,76.19975409417137,51.4543306046297,7.112398677156962,2050.0,8.537,9.44,4933000.0,54.7,45.84,1,10.1038/s41598-017-02999-0,Syed2017_ForestPAH_ByType,real_model_ready,False,1.0,1.0,0.0,1.0,1.0,1.0,1.0,1.0,1.0,1.0,1.0,1.0,1.0,1.0
10.1038/s41598-017-02999-0,Syed2017_ForestPAH_ByType,52.008268119638,120.16826965986724,内蒙古,PAH,5.629202678571428,5.54,19.05,2516.6740401114394,1581.1007875406947,148.48532960971392,82.90619998807506,45.225694238709025,7.030772072842562,2050.0,8.537,9.44,4933000.0,54.7,45.84,1,10.1038/s41598-017-02999-0,Syed2017_ForestPAH_ByType,real_model_ready,False,1.0,1.0,0.0,1.0,1.0,1.0,1.0,1.0,1.0,1.0,1.0,1.0,1.0,1.0
10.1038/s41598-017-02999-0,Syed2017_ForestPAH_ByType,47.6449875160866,121.38111825373596,内蒙古,PAH,6.460365124458873,5.54,19.05,2287.0578229214393,1682.939047732843,63.084875223703065,71.25023867046441,51.4543306046297,6.00919508509761,2050.0,8.537,9.44,4933000.0,54.7,45.84,1,10.1038/s41598-017-02999-0,Syed2017_ForestPAH_ByType,real_model_ready,False,1.0,1.0,0.0,1.0,1.0,1.0,1.0,1.0,1.0,1.0,1.0,1.0,1.0,1.0
10.1038/s41598-017-02999-0,Syed2017_ForestPAH_ByType,22.356660614725545,99.61851710307684,云南,PAH,6.83726475996224,5.54,19.05,204.53074130775872,1667.6405694244859,104.36750726041245,13.441373939160295,47.398496244710415,5.62995441690365,2050.0,8.537,9.44,4933000.0,54.7,45.84,0,10.1038/s41598-017-02999-0,Syed2017_ForestPAH_ByType,real_model_ready,False,1.0,1.0,0.0,1.0,1.0,1.0,1.0,1.0,1.0,1.0,1.0,1.0,1.0,1.0
10.1038/s41598-017-02999-0,Syed2017_ForestPAH_ByType,26.47081793815208,100.3616550697254,四川,PAH,6.83726475996224,5.54,19.05,50.0,1667.6405694244859,104.36750726041245,13.441373939160295,47.398496244710415,5.62995441690365,2050.0,8.537,9.44,4933000.0,54.7,45.84,0,10.1038/s41598-017-02999-0,Syed2017_ForestPAH_ByType,real_model_ready,False,1.0,1.0,0.0,1.0,1.0,1.0,1.0,1.0,1.0,1.0,1.0,1.0,1.0,1.0
10.1038/s41598-017-02999-0,Syed2017_ForestPAH_ByType,24.09244861436709,104.66876888014058,广西,PAH,6.83726475996224,5.54,19.05,155.60731642233813,1667.6405694244859,104.36750726041245,13.441373939160295,47.398496244710415,5.62995441690365,2050.0,8.537,9.44,4933000.0,54.7,45.84,0,10.1038/s41598-017-02999-0,Syed2017_ForestPAH_ByType,real_model_ready,False,1.0,1.0,0.0,1.0,1.0,1.0,1.0,1.0,1.0,1.0,1.0,1.0,1.0,1.0
10.1038/s41598-017-02999-0,Syed2017_ForestPAH_ByType,25.253814467896547,99.39936365565288,云南,PAH,6.83726475996224,5.54,19.05,125.89091045683324,1667.6405694244859,104.36750726041245,13.441373939160295,47.398496244710415,5.62995441690365,2050.0,8.537,9.44,4933000.0,54.7,45.84,0,10.1038/s41598-017-02999-0,Syed2017_ForestPAH_ByType,real_model_ready,False,1.0,1.0,0.0,1.0,1.0,1.0,1.0,1.0,1.0,1.0,1.0,1.0,1.0,1.0
10.1038/s41598-017-02999-0,Syed2017_ForestPAH_ByType,25.149593750041028,103.08026988368924,云南,PAH,6.83726475996224,5.54,19.05,91.2261492855609,1667.6405694244859,104.36750726041245,13.441373939160295,47.398496244710415,5.62995441690365,2050.0,8.537,9.44,4933000.0,54.7,45.84,0,10.1038/s41598-017-02999-0,Syed2017_ForestPAH_ByType,real_model_ready,False,1.0,1.0,0.0,1.0,1.0,1.0,1.0,1.0,1.0,1.0,1.0,1.0,1.0,1.0
10.1038/s41598-017-02999-0,Syed2017_ForestPAH_ActualGPS,24.534164,101.030717,广西,PAH,7.712221755315833,5.54,,158.32,1.173,21254.711479166668,529.6690931682649,386.1631897217854,30.429689526353183,2050.0,8.537,9.44,4933000.0,54.7,45.84,0,10.1038/s41598-017-02999-0,Syed2017_ForestPAH_ActualGPS,real_model_ready,False,1.0,1.0,0.0,0.0,1.0,1.0,1.0,1.0,1.0,1.0,1.0,1.0,1.0,1.0
10.1038/s41598-017-02999-0,Syed2017_ForestPAH_ActualGPS,24.534164,101.030717,广西,PAH,7.712221755315833,5.54,,226.14,3.531,21254.711479166668,529.6690931682649,386.1631897217854,30.429689526353183,2050.0,8.537,9.44,4933000.0,54.7,45.84,0,10.1038/s41598-017-02999-0,Syed2017_ForestPAH_ActualGPS,real_model_ready,False,1.0,1.0,0.0,0.0,1.0,1.0,1.0,1.0,1.0,1.0,1.0,1.0,1.0,1.0
10.1038/s41598-017-02999-0,Syed2017_ForestPAH_ActualGPS,24.502606,100.992242,广西,PAH,7.712221755315833,5.54,,87.33,0.618,21254.711479166668,529.6690931682649,386.1631897217854,30.429689526353183,2050.0,8.537,9.44,4933000.0,54.7,45.84,0,10.1038/s41598-017-02999-0,Syed2017_ForestPAH_ActualGPS,real_model_ready,False,1.0,1.0,0.0,0.0,1.0,1.0,1.0,1.0,1.0,1.0,1.0,1.0,1.0,1.0
10.1038/s41598-017-02999-0,Syed2017_ForestPAH_ActualGPS,33.858333,107.466611,湖北,PAH,7.712221755315833,5.54,,110.64,1.734,21254.711479166668,529.6690931682649,386.1631897217854,30.429689526353183,2050.0,8.537,9.44,4933000.0,54.7,45.84,0,10.1038/s41598-017-02999-0,Syed2017_ForestPAH_ActualGPS,real_model_ready,False,1.0,1.0,0.0,0.0,1.0,1.0,1.0,1.0,1.0,1.0,1.0,1.0,1.0,1.0
10.1038/s41598-017-02999-0,Syed2017_ForestPAH_ActualGPS,33.858333,107.466611,湖北,PAH,7.712221755315833,5.54,,91.96,3.117,21254.711479166668,529.6690931682649,386.1631897217854,30.429689526353183,2050.0,8.537,9.44,4933000.0,54.7,45.84,0,10.1038/s41598-017-02999-0,Syed2017_ForestPAH_ActualGPS,real_model_ready,False,1.0,1.0,0.0,0.0,1.0,1.0,1.0,1.0,1.0,1.0,1.0,1.0,1.0,1.0
10.1038/s41598-017-02999-0,Syed2017_ForestPAH_ActualGPS,33.879444,107.410611,湖北,PAH,7.712221755315833,5.54,,252.96,4.616,21254.711479166668,529.6690931682649,386.1631897217854,30.429689526353183,2050.0,8.537,9.44,4933000.0,54.7,45.84,0,10.1038/s41598-017-02999-0,Syed2017_ForestPAH_ActualGPS,real_model_ready,False,1.0,1.0,0.0,0.0,1.0,1.0,1.0,1.0,1.0,1.0,1.0,1.0,1.0,1.0
10.1038/s41598-017-02999-0,Syed2017_ForestPAH_ActualGPS,33.879444,107.410611,湖北,PAH,7.712221755315833,5.54,,823.29,20.209,21254.711479166668,529.6690931682649,385.4681897217854,30.429689526353183,2050.0,8.537,9.44,4933000.0,54.7,45.84,1,10.1038/s41598-017-02999-0,Syed2017_ForestPAH_ActualGPS,real_model_ready,False,1.0,1.0,0.0,0.0,1.0,1.0,1.0,1.0,1.0,1.0,1.0,1.0,1.0,1.0
10.1038/s41598-017-02999-0,Syed2017_ForestPAH_ActualGPS,33.911722,107.434111,湖北,PAH,7.712221755315833,5.54,,291.32,5.137,21254.711479166668,529.6690931682649,386.4981897217854,30.429689526353183,2050.0,8.537,9.44,4933000.0,54.7,45.84,0,10.1038/s41598-017-02999-0,Syed2017_ForestPAH_ActualGPS,real_model_ready,False,1.0,1.0,0.0,0.0,1.0,1.0,1.0,1.0,1.0,1.0,1.0,1.0,1.0,1.0
10.1038/s41598-017-02999-0,Syed2017_ForestPAH_ActualGPS,33.911722,107.434111,湖北,PAH,7.712221755315833,5.54,,423.05,10.013,21254.711479166668,529.6690931682649,386.0731897217854,30.429689526353183,2050.0,8.537,9.44,4933000.0,54.7,45.84,0,10.1038/s41598-017-02999-0,Syed2017_ForestPAH_ActualGPS,real_model_ready,False,1.0,1.0,0.0,0.0,1.0,1.0,1.0,1.0,1.0,1.0,1.0,1.0,1.0,1.0
10.1038/s41598-017-02999-0,Syed2017_ForestPAH_ActualGPS,33.894806,107.415333,湖北,PAH,7.712221755315833,5.54,,150.47,4.545,21254.711479166668,529.6690931682649,386.1631897217854,30.429689526353183,2050.0,8.537,9.44,4933000.0,54.7,45.84,0,10.1038/s41598-017-02999-0,Syed2017_ForestPAH_ActualGPS,real_model_ready,False,1.0,1.0,0.0,0.0,1.0,1.0,1.0,1.0,1.0,1.0,1.0,1.0,1.0,1.0
10.1038/s41598-017-02999-0,Syed2017_ForestPAH_ActualGPS,40.815417,117.606056,内蒙古,PAH,7.712221755315833,5.54,,140.29,2.592,21254.711479166668,529.6690931682649,386.1631897217854,30.429689526353183,2050.0,8.537,9.44,4933000.0,54.7,45.84,0,10.1038/s41598-017-02999-0,Syed2017_ForestPAH_ActualGPS,real_model_ready,False,1.0,1.0,0.0,0.0,1.0,1.0,1.0,1.0,1.0,1.0,1.0,1.0,1.0,1.0
10.1038/s41598-017-02999-0,Syed2017_ForestPAH_ActualGPS,40.815417,117.606056,内蒙古,PAH,7.712221755315833,5.54,,475.18,22.138,21254.711479166668,529.6690931682649,386.0731897217854,30.429689526353183,2050.0,8.537,9.44,4933000.0,54.7,45.84,0,10.1038/s41598-017-02999-0,Syed2017_ForestPAH_ActualGPS,real_model_ready,False,1.0,1.0,0.0,0.0,1.0,1.0,1.0,1.0,1.0,1.0,1.0,1.0,1.0,1.0
10.1038/s41598-017-02999-0,Syed2017_ForestPAH_ActualGPS,40.821583,117.612917,内蒙古,PAH,7.712221755315833,5.54,,96.79,3.84,21254.711479166668,529.6690931682649,386.1631897217854,30.429689526353183,2050.0,8.537,9.44,4933000.0,54.7,45.84,0,10.1038/s41598-017-02999-0,Syed2017_ForestPAH_ActualGPS,real_model_ready,False,1.0,1.0,0.0,0.0,1.0,1.0,1.0,1.0,1.0,1.0,1.0,1.0,1.0,1.0
10.1038/s41598-017-02999-0,Syed2017_ForestPAH_ActualGPS,40.821583,117.612917,内蒙古,PAH,7.712221755315833,5.54,,448.81,14.523,21254.711479166668,529.6690931682649,386.0731897217854,30.429689526353183,2050.0,8.537,9.44,4933000.0,54.7,45.84,0,10.1038/s41598-017-02999-0,Syed2017_ForestPAH_ActualGPS,real_model_ready,False,1.0,1.0,0.0,0.0,1.0,1.0,1.0,1.0,1.0,1.0,1.0,1.0,1.0,1.0
10.1038/s41598-017-02999-0,Syed2017_ForestPAH_ActualGPS,40.828389,117.609528,内蒙古,PAH,7.712221755315833,5.54,,121.29,0.134,21254.711479166668,529.6690931682649,386.1631897217854,30.429689526353183,2050.0,8.537,9.44,4933000.0,54.7,45.84,0,10.1038/s41598-017-02999-0,Syed2017_ForestPAH_ActualGPS,real_model_ready,False,1.0,1.0,0.0,0.0,1.0,1.0,1.0,1.0,1.0,1.0,1.0,1.0,1.0,1.0
10.1038/s41598-017-02999-0,Syed2017_ForestPAH_ActualGPS,40.828389,117.609528,内蒙古,PAH,7.712221755315833,5.54,,413.01,10.002,21254.711479166668,529.6690931682649,386.0731897217854,30.429689526353183,2050.0,8.537,9.44,4933000.0,54.7,45.84,0,10.1038/s41598-017-02999-0,Syed2017_ForestPAH_ActualGPS,real_model_ready,False,1.0,1.0,0.0,0.0,1.0,1.0,1.0,1.0,1.0,1.0,1.0,1.0,1.0,1.0
10.1038/s41598-017-02999-0,Syed2017_ForestPAH_ActualGPS,40.831028,117.596972,内蒙古,PAH,7.712221755315833,5.54,,284.43,8.015,21254.711479166668,529.6690931682649,386.0731897217854,30.429689526353183,2050.0,8.537,9.44,4933000.0,54.7,45.84,0,10.1038/s41598-017-02999-0,Syed2017_ForestPAH_ActualGPS,real_model_ready,False,1.0,1.0,0.0,0.0,1.0,1.0,1.0,1.0,1.0,1.0,1.0,1.0,1.0,1.0
10.1038/s41598-017-02999-0,Syed2017_ForestPAH_ActualGPS,40.831028,117.596972,内蒙古,PAH,7.712221755315833,5.54,,412.32,14.531,21254.711479166668,529.6690931682649,386.0731897217854,30.429689526353183,2050.0,8.537,9.44,4933000.0,54.7,45.84,0,10.1038/s41598-017-02999-0,Syed2017_ForestPAH_ActualGPS,real_model_ready,False,1.0,1.0,0.0,0.0,1.0,1.0,1.0,1.0,1.0,1.0,1.0,1.0,1.0,1.0
10.1038/s41598-017-02999-0,Syed2017_ForestPAH_ActualGPS,42.140167,128.130194,吉林,PAH,7.712221755315833,5.54,,74.54,1.66,21254.711479166668,529.6690931682649,386.1631897217854,30.429689526353183,2050.0,8.537,9.44,4933000.0,54.7,45.84,0,10.1038/s41598-017-02999-0,Syed2017_ForestPAH_ActualGPS,real_model_ready,False,1.0,1.0,0.0,0.0,1.0,1.0,1.0,1.0,1.0,1.0,1.0,1.0,1.0,1.0
10.1038/s41598-017-02999-0,Syed2017_ForestPAH_ActualGPS,42.140167,128.130194,吉林,PAH,7.712221755315833,5.54,,261.85,9.821,21254.711479166668,529.6690931682649,386.0731897217854,30.429689526353183,2050.0,8.537,9.44,4933000.0,54.7,45.84,0,10.1038/s41598-017-02999-0,Syed2017_ForestPAH_ActualGPS,real_model_ready,False,1.0,1.0,0.0,0.0,1.0,1.0,1.0,1.0,1.0,1.0,1.0,1.0,1.0,1.0
10.1038/s41598-017-02999-0,Syed2017_ForestPAH_ActualGPS,42.075083,128.065778,吉林,PAH,7.712221755315833,5.54,,208.15,5.254,21254.711479166668,529.6690931682649,386.1631897217854,30.429689526353183,2050.0,8.537,9.44,4933000.0,54.7,45.84,0,10.1038/s41598-017-02999-0,Syed2017_ForestPAH_ActualGPS,real_model_ready,False,1.0,1.0,0.0,0.0,1.0,1.0,1.0,1.0,1.0,1.0,1.0,1.0,1.0,1.0
10.1038/s41598-017-02999-0,Syed2017_ForestPAH_ActualGPS,42.075083,128.065778,吉林,PAH,7.712221755315833,5.54,,653.89,19.987,21254.711479166668,529.6690931682649,385.4681897217854,30.429689526353183,2050.0,8.537,9.44,4933000.0,54.7,45.84,1,10.1038/s41598-017-02999-0,Syed2017_ForestPAH_ActualGPS,real_model_ready,False,1.0,1.0,0.0,0.0,1.0,1.0,1.0,1.0,1.0,1.0,1.0,1.0,1.0,1.0
10.1038/s41598-017-02999-0,Syed2017_ForestPAH_ActualGPS,42.057444,128.067028,吉林,PAH,7.712221755315833,5.54,,153.03,1.813,21254.711479166668,529.6690931682649,386.1631897217854,30.429689526353183,2050.0,8.537,9.44,4933000.0,54.7,45.84,0,10.1038/s41598-017-02999-0,Syed2017_ForestPAH_ActualGPS,real_model_ready,False,1.0,1.0,0.0,0.0,1.0,1.0,1.0,1.0,1.0,1.0,1.0,1.0,1.0,1.0
10.1038/s41598-017-02999-0,Syed2017_ForestPAH_ActualGPS,42.057444,128.067028,吉林,PAH,7.712221755315833,5.54,,397.9,14.232,21254.711479166668,529.6690931682649,386.0731897217854,30.429689526353183,2050.0,8.537,9.44,4933000.0,54.7,45.84,0,10.1038/s41598-017-02999-0,Syed2017_ForestPAH_ActualGPS,real_model_ready,False,1.0,1.0,0.0,0.0,1.0,1.0,1.0,1.0,1.0,1.0,1.0,1.0,1.0,1.0
10.1038/s41598-017-02999-0,Syed2017_ForestPAH_ActualGPS,42.256556,127.886972,吉林,PAH,7.712221755315833,5.54,,230.22,5.16,21254.711479166668,529.6690931682649,386.1631897217854,30.429689526353183,2050.0,8.537,9.44,4933000.0,54.7,45.84,0,10.1038/s41598-017-02999-0,Syed2017_ForestPAH_ActualGPS,real_model_ready,False,1.0,1.0,0.0,0.0,1.0,1.0,1.0,1.0,1.0,1.0,1.0,1.0,1.0,1.0
10.1038/s41598-017-02999-0,Syed2017_ForestPAH_ActualGPS,42.256556,127.886972,吉林,PAH,7.712221755315833,5.54,,456.96,9.453,21254.711479166668,529.6690931682649,386.0731897217854,30.429689526353183,2050.0,8.537,9.44,4933000.0,54.7,45.84,0,10.1038/s41598-017-02999-0,Syed2017_ForestPAH_ActualGPS,real_model_ready,False,1.0,1.0,0.0,0.0,1.0,1.0,1.0,1.0,1.0,1.0,1.0,1.0,1.0,1.0
10.1038/s41598-017-02999-0,Syed2017_ForestPAH_ActualGPS,42.256556,127.886972,吉林,PAH,7.712221755315833,5.54,,140.16,3.012,21254.711479166668,529.6690931682649,386.1631897217854,30.429689526353183,2050.0,8.537,9.44,4933000.0,54.7,45.84,0,10.1038/s41598-017-02999-0,Syed2017_ForestPAH_ActualGPS,real_model_ready,False,1.0,1.0,0.0,0.0,1.0,1.0,1.0,1.0,1.0,1.0,1.0,1.0,1.0,1.0
10.1038/s41598-017-02999-0,Syed2017_ForestPAH_ActualGPS,31.085483,115.777233,浙江,PAH,7.712221755315833,5.54,,77.58,1.253,21254.711479166668,529.6690931682649,386.1631897217854,30.429689526353183,2050.0,8.537,9.44,4933000.0,54.7,45.84,0,10.1038/s41598-017-02999-0,Syed2017_ForestPAH_ActualGPS,real_model_ready,False,1.0,1.0,0.0,0.0,1.0,1.0,1.0,1.0,1.0,1.0,1.0,1.0,1.0,1.0
10.1038/s41598-017-02999-0,Syed2017_ForestPAH_ActualGPS,31.097667,115.77105,浙江,PAH,7.712221755315833,5.54,,253.64,6.38,21254.711479166668,529.6690931682649,385.7381897217854,30.429689526353183,2050.0,8.537,9.44,4933000.0,54.7,45.84,0,10.1038/s41598-017-02999-0,Syed2017_ForestPAH_ActualGPS,real_model_ready,False,1.0,1.0,0.0,0.0,1.0,1.0,1.0,1.0,1.0,1.0,1.0,1.0,1.0,1.0
10.1038/s41598-017-02999-0,Syed2017_ForestPAH_ActualGPS,23.168438,112.538643,广东,PAH,7.712221755315833,5.54,,24.39,0.134,21254.711479166668,529.6690931682649,386.1631897217854,30.429689526353183,2050.0,8.537,9.44,4933000.0,54.7,45.84,0,10.1038/s41598-017-02999-0,Syed2017_ForestPAH_ActualGPS,real_model_ready,False,1.0,1.0,0.0,0.0,1.0,1.0,1.0,1.0,1.0,1.0,1.0,1.0,1.0,1.0
10.1038/s41598-017-02999-0,Syed2017_ForestPAH_ActualGPS,23.168438,112.538643,广东,PAH,7.712221755315833,5.54,,62.1,1.065,21254.711479166668,529.6690931682649,386.1631897217854,30.429689526353183,2050.0,8.537,9.44,4933000.0,54.7,45.84,0,10.1038/s41598-017-02999-0,Syed2017_ForestPAH_ActualGPS,real_model_ready,False,1.0,1.0,0.0,0.0,1.0,1.0,1.0,1.0,1.0,1.0,1.0,1.0,1.0,1.0
10.1038/s41598-017-02999-0,Syed2017_ForestPAH_ActualGPS,23.172165,112.531022,广东,PAH,7.712221755315833,5.54,,60.85,0.862,21254.711479166668,529.6690931682649,386.1631897217854,30.429689526353183,2050.0,8.537,9.44,4933000.0,54.7,45.84,0,10.1038/s41598-017-02999-0,Syed2017_ForestPAH_ActualGPS,real_model_ready,False,1.0,1.0,0.0,0.0,1.0,1.0,1.0,1.0,1.0,1.0,1.0,1.0,1.0,1.0
10.1038/s41598-017-02999-0,Syed2017_ForestPAH_ActualGPS,23.172165,112.531022,广东,PAH,7.712221755315833,5.54,,125.06,1.725,21254.711479166668,529.6690931682649,386.1631897217854,30.429689526353183,2050.0,8.537,9.44,4933000.0,54.7,45.84,0,10.1038/s41598-017-02999-0,Syed2017_ForestPAH_ActualGPS,real_model_ready,False,1.0,1.0,0.0,0.0,1.0,1.0,1.0,1.0,1.0,1.0,1.0,1.0,1.0,1.0
10.1038/s41598-017-02999-0,Syed2017_ForestPAH_ActualGPS,23.177247,112.523942,广东,PAH,7.712221755315833,5.54,,54.93,0.851,21254.711479166668,529.6690931682649,386.1631897217854,30.429689526353183,2050.0,8.537,9.44,4933000.0,54.7,45.84,0,10.1038/s41598-017-02999-0,Syed2017_ForestPAH_ActualGPS,real_model_ready,False,1.0,1.0,0.0,0.0,1.0,1.0,1.0,1.0,1.0,1.0,1.0,1.0,1.0,1.0
10.1038/s41598-017-02999-0,Syed2017_ForestPAH_ActualGPS,23.177247,112.523942,广东,PAH,7.712221755315833,5.54,,133.32,2.047,21254.711479166668,529.6690931682649,386.1631897217854,30.429689526353183,2050.0,8.537,9.44,4933000.0,54.7,45.84,0,10.1038/s41598-017-02999-0,Syed2017_ForestPAH_ActualGPS,real_model_ready,False,1.0,1.0,0.0,0.0,1.0,1.0,1.0,1.0,1.0,1.0,1.0,1.0,1.0,1.0
10.1038/s41598-017-02999-0,Syed2017_ForestPAH_ActualGPS,51.837472,123.609944,黑龙江,PAH,7.712221755315833,5.54,,248.54,1.448,21254.711479166668,529.6690931682649,386.1631897217854,30.429689526353183,2050.0,8.537,9.44,4933000.0,54.7,45.84,0,10.1038/s41598-017-02999-0,Syed2017_ForestPAH_ActualGPS,real_model_ready,False,1.0,1.0,0.0,0.0,1.0,1.0,1.0,1.0,1.0,1.0,1.0,1.0,1.0,1.0
10.1038/s41598-017-02999-0,Syed2017_ForestPAH_ActualGPS,52.94925,122.962444,黑龙江,PAH,7.712221755315833,5.54,,160.17,0.871,21254.711479166668,529.6690931682649,386.1631897217854,30.429689526353183,2050.0,8.537,9.44,4933000.0,54.7,45.84,0,10.1038/s41598-017-02999-0,Syed2017_ForestPAH_ActualGPS,real_model_ready,False,1.0,1.0,0.0,0.0,1.0,1.0,1.0,1.0,1.0,1.0,1.0,1.0,1.0,1.0
10.1038/s41598-017-02999-0,Syed2017_ForestPAH_ActualGPS,49.540917,123.514278,黑龙江,PAH,7.712221755315833,5.54,,189.15,2.063,21254.711479166668,529.6690931682649,386.1631897217854,30.429689526353183,2050.0,8.537,9.44,4933000.0,54.7,45.84,0,10.1038/s41598-017-02999-0,Syed2017_ForestPAH_ActualGPS,real_model_ready,False,1.0,1.0,0.0,0.0,1.0,1.0,1.0,1.0,1.0,1.0,1.0,1.0,1.0,1.0
10.1038/s41598-017-02999-0,Syed2017_ForestPAH_ActualGPS,49.540917,123.514278,黑龙江,PAH,7.712221755315833,5.54,,331.96,3.294,21254.711479166668,529.6690931682649,386.4981897217854,30.429689526353183,2050.0,8.537,9.44,4933000.0,54.7,45.84,0,10.1038/s41598-017-02999-0,Syed2017_ForestPAH_ActualGPS,real_model_ready,False,1.0,1.0,0.0,0.0,1.0,1.0,1.0,1.0,1.0,1.0,1.0,1.0,1.0,1.0
10.1038/s41598-017-02999-0,Syed2017_ForestPAH_ActualGPS,25.643139,118.22175,广东,PAH,7.712221755315833,5.54,,95.46,1.439,21254.711479166668,529.6690931682649,386.1631897217854,30.429689526353183,2050.0,8.537,9.44,4933000.0,54.7,45.84,0,10.1038/s41598-017-02999-0,Syed2017_ForestPAH_ActualGPS,real_model_ready,False,1.0,1.0,0.0,0.0,1.0,1.0,1.0,1.0,1.0,1.0,1.0,1.0,1.0,1.0
10.1038/s41598-017-02999-0,Syed2017_ForestPAH_ActualGPS,25.643139,118.22175,广东,PAH,7.712221755315833,5.54,,225.72,1.82,21254.711479166668,529.6690931682649,386.1631897217854,30.429689526353183,2050.0,8.537,9.44,4933000.0,54.7,45.84,0,10.1038/s41598-017-02999-0,Syed2017_ForestPAH_ActualGPS,real_model_ready,False,1.0,1.0,0.0,0.0,1.0,1.0,1.0,1.0,1.0,1.0,1.0,1.0,1.0,1.0
10.1038/s41598-017-02999-0,Syed2017_ForestPAH_ActualGPS,25.649414,118.224139,广东,PAH,7.712221755315833,5.54,,161.95,1.687,21254.711479166668,529.6690931682649,386.1631897217854,30.429689526353183,2050.0,8.537,9.44,4933000.0,54.7,45.84,0,10.1038/s41598-017-02999-0,Syed2017_ForestPAH_ActualGPS,real_model_ready,False,1.0,1.0,0.0,0.0,1.0,1.0,1.0,1.0,1.0,1.0,1.0,1.0,1.0,1.0
10.1038/s41598-017-02999-0,Syed2017_ForestPAH_ActualGPS,25.649414,118.224139,广东,PAH,7.712221755315833,5.54,,126.64,0.937,21254.711479166668,529.6690931682649,386.1631897217854,30.429689526353183,2050.0,8.537,9.44,4933000.0,54.7,45.84,0,10.1038/s41598-017-02999-0,Syed2017_ForestPAH_ActualGPS,real_model_ready,False,1.0,1.0,0.0,0.0,1.0,1.0,1.0,1.0,1.0,1.0,1.0,1.0,1.0,1.0
10.1038/s41598-017-02999-0,Syed2017_ForestPAH_ActualGPS,27.9072,108.7021,广西,PAH,7.712221755315833,5.54,,132.61,4.967,21254.711479166668,529.6690931682649,386.1631897217854,30.429689526353183,2050.0,8.537,9.44,4933000.0,54.7,45.84,0,10.1038/s41598-017-02999-0,Syed2017_ForestPAH_ActualGPS,real_model_ready,False,1.0,1.0,0.0,0.0,1.0,1.0,1.0,1.0,1.0,1.0,1.0,1.0,1.0,1.0
10.1038/s41598-017-02999-0,Syed2017_ForestPAH_ActualGPS,27.9072,108.7021,广西,PAH,7.712221755315833,5.54,,305.65,5.012,21254.711479166668,529.6690931682649,386.4981897217854,30.429689526353183,2050.0,8.537,9.44,4933000.0,54.7,45.84,0,10.1038/s41598-017-02999-0,Syed2017_ForestPAH_ActualGPS,real_model_ready,False,1.0,1.0,0.0,0.0,1.0,1.0,1.0,1.0,1.0,1.0,1.0,1.0,1.0,1.0
10.1038/s41598-017-02999-0,Syed2017_ForestPAH_ActualGPS,27.895517,108.715019,广西,PAH,7.712221755315833,5.54,,469.98,12.609,21254.711479166668,529.6690931682649,386.0731897217854,30.429689526353183,2050.0,8.537,9.44,4933000.0,54.7,45.84,0,10.1038/s41598-017-02999-0,Syed2017_ForestPAH_ActualGPS,real_model_ready,False,1.0,1.0,0.0,0.0,1.0,1.0,1.0,1.0,1.0,1.0,1.0,1.0,1.0,1.0
10.1038/s41598-017-02999-0,Syed2017_ForestPAH_ActualGPS,27.895517,108.715019,广西,PAH,7.712221755315833,5.54,,616.9,22.535,21254.711479166668,529.6690931682649,385.4681897217854,30.429689526353183,2050.0,8.537,9.44,4933000.0,54.7,45.84,1,10.1038/s41598-017-02999-0,Syed2017_ForestPAH_ActualGPS,real_model_ready,False,1.0,1.0,0.0,0.0,1.0,1.0,1.0,1.0,1.0,1.0,1.0,1.0,1.0,1.0
10.1038/s41598-017-02999-0,Syed2017_ForestPAH_ActualGPS,37.888028,111.44225,山西,PAH,7.712221755315833,5.54,,185.66,4.415,21254.711479166668,529.6690931682649,386.1631897217854,30.429689526353183,2050.0,8.537,9.44,4933000.0,54.7,45.84,0,10.1038/s41598-017-02999-0,Syed2017_ForestPAH_ActualGPS,real_model_ready,False,1.0,1.0,0.0,0.0,1.0,1.0,1.0,1.0,1.0,1.0,1.0,1.0,1.0,1.0
10.1038/s41598-017-02999-0,Syed2017_ForestPAH_ActualGPS,37.888028,111.44225,山西,PAH,7.712221755315833,5.54,,838.11,24.365,21254.711479166668,529.6690931682649,385.4681897217854,30.429689526353183,2050.0,8.537,9.44,4933000.0,54.7,45.84,1,10.1038/s41598-017-02999-0,Syed2017_ForestPAH_ActualGPS,real_model_ready,False,1.0,1.0,0.0,0.0,1.0,1.0,1.0,1.0,1.0,1.0,1.0,1.0,1.0,1.0
10.1038/s41598-017-02999-0,Syed2017_ForestPAH_ActualGPS,37.885167,111.427444,山西,PAH,7.712221755315833,5.54,,478.31,14.458,21254.711479166668,529.6690931682649,386.0731897217854,30.429689526353183,2050.0,8.537,9.44,4933000.0,54.7,45.84,0,10.1038/s41598-017-02999-0,Syed2017_ForestPAH_ActualGPS,real_model_ready,False,1.0,1.0,0.0,0.0,1.0,1.0,1.0,1.0,1.0,1.0,1.0,1.0,1.0,1.0
10.1038/s41598-017-02999-0,Syed2017_ForestPAH_ActualGPS,37.885167,111.427444,山西,PAH,7.712221755315833,5.54,,363.56,9.552,21254.711479166668,529.6690931682649,386.0731897217854,30.429689526353183,2050.0,8.537,9.44,4933000.0,54.7,45.84,0,10.1038/s41598-017-02999-0,Syed2017_ForestPAH_ActualGPS,real_model_ready,False,1.0,1.0,0.0,0.0,1.0,1.0,1.0,1.0,1.0,1.0,1.0,1.0,1.0,1.0
10.1038/s41598-017-02999-0,Syed2017_ForestPAH_ActualGPS,37.898111,111.429,山西,PAH,7.712221755315833,5.54,,668.59,23.572,21254.711479166668,529.6690931682649,385.4681897217854,30.429689526353183,2050.0,8.537,9.44,4933000.0,54.7,45.84,1,10.1038/s41598-017-02999-0,Syed2017_ForestPAH_ActualGPS,real_model_ready,False,1.0,1.0,0.0,0.0,1.0,1.0,1.0,1.0,1.0,1.0,1.0,1.0,1.0,1.0
10.1038/s41598-017-02999-0,Syed2017_ForestPAH_ActualGPS,37.898111,111.429,山西,PAH,7.712221755315833,5.54,,415.31,20.874,21254.711479166668,529.6690931682649,386.0731897217854,30.429689526353183,2050.0,8.537,9.44,4933000.0,54.7,45.84,0,10.1038/s41598-017-02999-0,Syed2017_ForestPAH_ActualGPS,real_model_ready,False,1.0,1.0,0.0,0.0,1.0,1.0,1.0,1.0,1.0,1.0,1.0,1.0,1.0,1.0
10.1038/s41598-017-02999-0,Syed2017_ForestPAH_ActualGPS,29.603383,102.07085,四川,PAH,7.712221755315833,5.54,,103.81,7.715,23073.086479166668,544.1066325957588,385.7381897217854,30.429689526353183,2050.0,8.537,9.44,4933000.0,54.7,45.84,0,10.1038/s41598-017-02999-0,Syed2017_ForestPAH_ActualGPS,real_model_ready,False,1.0,1.0,0.0,0.0,1.0,1.0,1.0,1.0,1.0,1.0,1.0,1.0,1.0,1.0
10.1038/s41598-017-02999-0,Syed2017_ForestPAH_ActualGPS,29.58575,102.025433,四川,PAH,7.712221755315833,5.54,,219.05,6.403,21254.711479166668,529.6690931682649,385.7381897217854,30.429689526353183,2050.0,8.537,9.44,4933000.0,54.7,45.84,0,10.1038/s41598-017-02999-0,Syed2017_ForestPAH_ActualGPS,real_model_ready,False,1.0,1.0,0.0,0.0,1.0,1.0,1.0,1.0,1.0,1.0,1.0,1.0,1.0,1.0
10.1038/s41598-017-02999-0,Syed2017_ForestPAH_ActualGPS,29.58575,102.025433,四川,PAH,7.712221755315833,5.54,,96.41,3.433,21254.711479166668,529.6690931682649,386.1631897217854,30.429689526353183,2050.0,8.537,9.44,4933000.0,54.7,45.84,0,10.1038/s41598-017-02999-0,Syed2017_ForestPAH_ActualGPS,real_model_ready,False,1.0,1.0,0.0,0.0,1.0,1.0,1.0,1.0,1.0,1.0,1.0,1.0,1.0,1.0
10.1038/s41598-017-02999-0,Syed2017_ForestPAH_ActualGPS,29.572556,102.000972,四川,PAH,7.712221755315833,5.54,,140.24,6.483,21254.711479166668,529.6690931682649,385.7381897217854,30.429689526353183,2050.0,8.537,9.44,4933000.0,54.7,45.84,0,10.1038/s41598-017-02999-0,Syed2017_ForestPAH_ActualGPS,real_model_ready,False,1.0,1.0,0.0,0.0,1.0,1.0,1.0,1.0,1.0,1.0,1.0,1.0,1.0,1.0
10.1038/s41598-017-02999-0,Syed2017_ForestPAH_ActualGPS,29.572556,102.000972,四川,PAH,7.712221755315833,5.54,,110.87,5.381,21254.711479166668,529.6690931682649,386.1631897217854,30.429689526353183,2050.0,8.537,9.44,4933000.0,54.7,45.84,0,10.1038/s41598-017-02999-0,Syed2017_ForestPAH_ActualGPS,real_model_ready,False,1.0,1.0,0.0,0.0,1.0,1.0,1.0,1.0,1.0,1.0,1.0,1.0,1.0,1.0
10.1038/s41598-017-02999-0,Syed2017_ForestPAH_ActualGPS,29.573417,101.988817,四川,PAH,7.712221755315833,5.54,,82.82,2.281,21254.711479166668,529.6690931682649,386.1631897217854,30.429689526353183,2050.0,8.537,9.44,4933000.0,54.7,45.84,0,10.1038/s41598-017-02999-0,Syed2017_ForestPAH_ActualGPS,real_model_ready,False,1.0,1.0,0.0,0.0,1.0,1.0,1.0,1.0,1.0,1.0,1.0,1.0,1.0,1.0
10.1038/s41598-017-02999-0,Syed2017_ForestPAH_ActualGPS,29.573417,101.988817,四川,PAH,7.712221755315833,5.54,,63.82,2.303,21254.711479166668,529.6690931682649,386.1631897217854,30.429689526353183,2050.0,8.537,9.44,4933000.0,54.7,45.84,0,10.1038/s41598-017-02999-0,Syed2017_ForestPAH_ActualGPS,real_model_ready,False,1.0,1.0,0.0,0.0,1.0,1.0,1.0,1.0,1.0,1.0,1.0,1.0,1.0,1.0
10.1038/s41598-017-02999-0,Syed2017_ForestPAH_ActualGPS,44.191111,118.706667,吉林,PAH,7.712221755315833,5.54,,211.84,2.488,21254.711479166668,529.6690931682649,386.1631897217854,30.429689526353183,2050.0,8.537,9.44,4933000.0,54.7,45.84,0,10.1038/s41598-017-02999-0,Syed2017_ForestPAH_ActualGPS,real_model_ready,False,1.0,1.0,0.0,0.0,1.0,1.0,1.0,1.0,1.0,1.0,1.0,1.0,1.0,1.0
10.1038/s41598-017-02999-0,Syed2017_ForestPAH_ActualGPS,44.191111,118.706667,吉林,PAH,7.712221755315833,5.54,,107.37,1.019,21254.711479166668,529.6690931682649,386.1631897217854,30.429689526353183,2050.0,8.537,9.44,4933000.0,54.7,45.84,0,10.1038/s41598-017-02999-0,Syed2017_ForestPAH_ActualGPS,real_model_ready,False,1.0,1.0,0.0,0.0,1.0,1.0,1.0,1.0,1.0,1.0,1.0,1.0,1.0,1.0
10.1038/s41598-017-02999-0,Syed2017_ForestPAH_ActualGPS,44.191111,118.706667,吉林,PAH,7.712221755315833,5.54,,227.52,5.25,21254.711479166668,529.6690931682649,386.1631897217854,30.429689526353183,2050.0,8.537,9.44,4933000.0,54.7,45.84,0,10.1038/s41598-017-02999-0,Syed2017_ForestPAH_ActualGPS,real_model_ready,False,1.0,1.0,0.0,0.0,1.0,1.0,1.0,1.0,1.0,1.0,1.0,1.0,1.0,1.0
10.1038/s41598-017-02999-0,Syed2017_ForestPAH_ActualGPS,44.19725,118.718139,吉林,PAH,7.712221755315833,5.54,,46.31,0.46,21254.711479166668,529.6690931682649,386.1631897217854,30.429689526353183,2050.0,8.537,9.44,4933000.0,54.7,45.84,0,10.1038/s41598-017-02999-0,Syed2017_ForestPAH_ActualGPS,real_model_ready,False,1.0,1.0,0.0,0.0,1.0,1.0,1.0,1.0,1.0,1.0,1.0,1.0,1.0,1.0
10.1038/s41598-017-02999-0,Syed2017_ForestPAH_ActualGPS,44.19725,118.718139,吉林,PAH,7.712221755315833,5.54,,127.49,3.252,21254.711479166668,529.6690931682649,386.1631897217854,30.429689526353183,2050.0,8.537,9.44,4933000.0,54.7,45.84,0,10.1038/s41598-017-02999-0,Syed2017_ForestPAH_ActualGPS,real_model_ready,False,1.0,1.0,0.0,0.0,1.0,1.0,1.0,1.0,1.0,1.0,1.0,1.0,1.0,1.0
10.1038/s41598-017-02999-0,Syed2017_ForestPAH_ActualGPS,44.268694,118.414111,吉林,PAH,7.712221755315833,5.54,,107.63,2.078,21254.711479166668,529.6690931682649,386.1631897217854,30.429689526353183,2050.0,8.537,9.44,4933000.0,54.7,45.84,0,10.1038/s41598-017-02999-0,Syed2017_ForestPAH_ActualGPS,real_model_ready,False,1.0,1.0,0.0,0.0,1.0,1.0,1.0,1.0,1.0,1.0,1.0,1.0,1.0,1.0
10.1038/s41598-017-02999-0,Syed2017_ForestPAH_ActualGPS,44.268694,118.414111,吉林,PAH,7.712221755315833,5.54,,433.32,14.909,21254.711479166668,529.6690931682649,386.0731897217854,30.429689526353183,2050.0,8.537,9.44,4933000.0,54.7,45.84,0,10.1038/s41598-017-02999-0,Syed2017_ForestPAH_ActualGPS,real_model_ready,False,1.0,1.0,0.0,0.0,1.0,1.0,1.0,1.0,1.0,1.0,1.0,1.0,1.0,1.0
10.1038/s41598-017-02999-0,Syed2017_ForestPAH_ActualGPS,33.686972,105.682111,湖南,PAH,7.712221755315833,5.54,,171.35,3.363,21254.711479166668,529.6690931682649,386.1631897217854,30.429689526353183,2050.0,8.537,9.44,4933000.0,54.7,45.84,0,10.1038/s41598-017-02999-0,Syed2017_ForestPAH_ActualGPS,real_model_ready,False,1.0,1.0,0.0,0.0,1.0,1.0,1.0,1.0,1.0,1.0,1.0,1.0,1.0,1.0
10.1038/s41598-017-02999-0,Syed2017_ForestPAH_ActualGPS,33.686972,105.682111,湖南,PAH,7.712221755315833,5.54,,204.08,45.032,23073.086479166668,544.1066325957588,385.7381897217854,30.429689526353183,2050.0,8.537,9.44,4933000.0,54.7,45.84,0,10.1038/s41598-017-02999-0,Syed2017_ForestPAH_ActualGPS,real_model_ready,False,1.0,1.0,0.0,0.0,1.0,1.0,1.0,1.0,1.0,1.0,1.0,1.0,1.0,1.0
10.1038/s41598-017-02999-0,Syed2017_ForestPAH_ActualGPS,37.215,114.62025,山西,PAH,7.712221755315833,5.54,,88.43,0.205,21254.711479166668,529.6690931682649,386.1631897217854,30.429689526353183,2050.0,8.537,9.44,4933000.0,54.7,45.84,0,10.1038/s41598-017-02999-0,Syed2017_ForestPAH_ActualGPS,real_model_ready,False,1.0,1.0,0.0,0.0,1.0,1.0,1.0,1.0,1.0,1.0,1.0,1.0,1.0,1.0
10.1038/s41598-017-02999-0,Syed2017_ForestPAH_ActualGPS,34.693,114.578217,湖北,PAH,7.712221755315833,5.54,,641.82,69.125,21254.711479166668,529.6690931682649,385.4681897217854,30.429689526353183,2050.0,8.537,9.44,4933000.0,54.7,45.84,1,10.1038/s41598-017-02999-0,Syed2017_ForestPAH_ActualGPS,real_model_ready,False,1.0,1.0,0.0,0.0,1.0,1.0,1.0,1.0,1.0,1.0,1.0,1.0,1.0,1.0
10.1038/s41598-017-02999-0,Syed2017_ForestPAH_ActualGPS,33.989,114.566483,湖北,PAH,7.712221755315833,5.54,,413.6,5.939,21254.711479166668,529.6690931682649,386.4981897217854,30.429689526353183,2050.0,8.537,9.44,4933000.0,54.7,45.84,0,10.1038/s41598-017-02999-0,Syed2017_ForestPAH_ActualGPS,real_model_ready,False,1.0,1.0,0.0,0.0,1.0,1.0,1.0,1.0,1.0,1.0,1.0,1.0,1.0,1.0
10.1038/s41598-017-02999-0,Syed2017_ForestPAH_ActualGPS,33.989,114.566483,湖北,PAH,7.712221755315833,5.54,,131.94,2.439,21254.711479166668,529.6690931682649,386.1631897217854,30.429689526353183,2050.0,8.537,9.44,4933000.0,54.7,45.84,0,10.1038/s41598-017-02999-0,Syed2017_ForestPAH_ActualGPS,real_model_ready,False,1.0,1.0,0.0,0.0,1.0,1.0,1.0,1.0,1.0,1.0,1.0,1.0,1.0,1.0
10.1038/s41598-017-02999-0,Syed2017_ForestPAH_ActualGPS,26.505103,114.167708,广东,PAH,7.712221755315833,5.54,,378.49,10.151,21254.711479166668,529.6690931682649,386.0731897217854,30.429689526353183,2050.0,8.537,9.44,4933000.0,54.7,45.84,0,10.1038/s41598-017-02999-0,Syed2017_ForestPAH_ActualGPS,real_model_ready,False,1.0,1.0,0.0,0.0,1.0,1.0,1.0,1.0,1.0,1.0,1.0,1.0,1.0,1.0
10.1038/s41598-017-02999-0,Syed2017_ForestPAH_ActualGPS,26.577492,114.141647,广东,PAH,7.712221755315833,5.54,,101.19,1.694,21254.711479166668,529.6690931682649,386.1631897217854,30.429689526353183,2050.0,8.537,9.44,4933000.0,54.7,45.84,0,10.1038/s41598-017-02999-0,Syed2017_ForestPAH_ActualGPS,real_model_ready,False,1.0,1.0,0.0,0.0,1.0,1.0,1.0,1.0,1.0,1.0,1.0,1.0,1.0,1.0
10.1038/s41598-017-02999-0,Syed2017_ForestPAH_ActualGPS,26.577492,114.141647,广东,PAH,7.712221755315833,5.54,,132.75,1.936,21254.711479166668,529.6690931682649,386.1631897217854,30.429689526353183,2050.0,8.537,9.44,4933000.0,54.7,45.84,0,10.1038/s41598-017-02999-0,Syed2017_ForestPAH_ActualGPS,real_model_ready,False,1.0,1.0,0.0,0.0,1.0,1.0,1.0,1.0,1.0,1.0,1.0,1.0,1.0,1.0
10.1038/s41598-017-02999-0,Syed2017_ForestPAH_ActualGPS,26.380558,108.199372,广西,PAH,7.712221755315833,5.54,,209.04,7.923,23073.086479166668,544.1066325957588,385.7381897217854,30.429689526353183,2050.0,8.537,9.44,4933000.0,54.7,45.84,0,10.1038/s41598-017-02999-0,Syed2017_ForestPAH_ActualGPS,real_model_ready,False,1.0,1.0,0.0,0.0,1.0,1.0,1.0,1.0,1.0,1.0,1.0,1.0,1.0,1.0
10.1038/s41598-017-02999-0,Syed2017_ForestPAH_ActualGPS,26.380558,108.199372,广西,PAH,7.712221755315833,5.54,,100.48,4.343,21254.711479166668,529.6690931682649,386.1631897217854,30.429689526353183,2050.0,8.537,9.44,4933000.0,54.7,45.84,0,10.1038/s41598-017-02999-0,Syed2017_ForestPAH_ActualGPS,real_model_ready,False,1.0,1.0,0.0,0.0,1.0,1.0,1.0,1.0,1.0,1.0,1.0,1.0,1.0,1.0
10.1038/s41598-017-02999-0,Syed2017_ForestPAH_ActualGPS,26.375642,108.1988,广西,PAH,7.712221755315833,5.54,,179.1,5.39,21254.711479166668,529.6690931682649,386.1631897217854,30.429689526353183,2050.0,8.537,9.44,4933000.0,54.7,45.84,0,10.1038/s41598-017-02999-0,Syed2017_ForestPAH_ActualGPS,real_model_ready,False,1.0,1.0,0.0,0.0,1.0,1.0,1.0,1.0,1.0,1.0,1.0,1.0,1.0,1.0
10.1038/s41598-017-02999-0,Syed2017_ForestPAH_ActualGPS,26.375642,108.1988,广西,PAH,7.712221755315833,5.54,,158.78,6.838,23073.086479166668,544.1066325957588,385.7381897217854,30.429689526353183,2050.0,8.537,9.44,4933000.0,54.7,45.84,0,10.1038/s41598-017-02999-0,Syed2017_ForestPAH_ActualGPS,real_model_ready,False,1.0,1.0,0.0,0.0,1.0,1.0,1.0,1.0,1.0,1.0,1.0,1.0,1.0,1.0
10.1038/s41598-017-02999-0,Syed2017_ForestPAH_ActualGPS,26.370842,108.181022,广西,PAH,7.712221755315833,5.54,,233.3,4.389,21254.711479166668,529.6690931682649,386.1631897217854,30.429689526353183,2050.0,8.537,9.44,4933000.0,54.7,45.84,0,10.1038/s41598-017-02999-0,Syed2017_ForestPAH_ActualGPS,real_model_ready,False,1.0,1.0,0.0,0.0,1.0,1.0,1.0,1.0,1.0,1.0,1.0,1.0,1.0,1.0
10.1038/s41598-017-02999-0,Syed2017_ForestPAH_ActualGPS,26.370842,108.181022,广西,PAH,7.712221755315833,5.54,,166.13,5.192,21254.711479166668,529.6690931682649,386.1631897217854,30.429689526353183,2050.0,8.537,9.44,4933000.0,54.7,45.84,0,10.1038/s41598-017-02999-0,Syed2017_ForestPAH_ActualGPS,real_model_ready,False,1.0,1.0,0.0,0.0,1.0,1.0,1.0,1.0,1.0,1.0,1.0,1.0,1.0,1.0
10.1038/s41598-017-02999-0,Syed2017_ForestPAH_ActualGPS,27.583022,102.392747,贵州,PAH,7.712221755315833,5.54,,497.63,25.588,21254.711479166668,529.6690931682649,386.0731897217854,30.429689526353183,2050.0,8.537,9.44,4933000.0,54.7,45.84,0,10.1038/s41598-017-02999-0,Syed2017_ForestPAH_ActualGPS,real_model_ready,False,1.0,1.0,0.0,0.0,1.0,1.0,1.0,1.0,1.0,1.0,1.0,1.0,1.0,1.0
10.1038/s41598-017-02999-0,Syed2017_ForestPAH_ActualGPS,27.583022,102.392747,贵州,PAH,7.712221755315833,5.54,,829.86,49.326,21254.711479166668,529.6690931682649,385.4681897217854,30.429689526353183,2050.0,8.537,9.44,4933000.0,54.7,45.84,1,10.1038/s41598-017-02999-0,Syed2017_ForestPAH_ActualGPS,real_model_ready,False,1.0,1.0,0.0,0.0,1.0,1.0,1.0,1.0,1.0,1.0,1.0,1.0,1.0,1.0
10.1038/s41598-017-02999-0,Syed2017_ForestPAH_ActualGPS,27.572325,102.367356,贵州,PAH,7.712221755315833,5.54,,688.7,22.361,21254.711479166668,529.6690931682649,385.4681897217854,30.429689526353183,2050.0,8.537,9.44,4933000.0,54.7,45.84,1,10.1038/s41598-017-02999-0,Syed2017_ForestPAH_ActualGPS,real_model_ready,False,1.0,1.0,0.0,0.0,1.0,1.0,1.0,1.0,1.0,1.0,1.0,1.0,1.0,1.0
10.1038/s41598-017-02999-0,Syed2017_ForestPAH_ActualGPS,27.572325,102.367356,贵州,PAH,7.712221755315833,5.54,,224.42,0.552,21254.711479166668,529.6690931682649,386.1631897217854,30.429689526353183,2050.0,8.537,9.44,4933000.0,54.7,45.84,0,10.1038/s41598-017-02999-0,Syed2017_ForestPAH_ActualGPS,real_model_ready,False,1.0,1.0,0.0,0.0,1.0,1.0,1.0,1.0,1.0,1.0,1.0,1.0,1.0,1.0
10.1038/s41598-017-02999-0,Syed2017_ForestPAH_ActualGPS,27.573833,102.424422,贵州,PAH,7.712221755315833,5.54,,255.23,16.703,23073.086479166668,544.1066325957588,385.7381897217854,30.429689526353183,2050.0,8.537,9.44,4933000.0,54.7,45.84,0,10.1038/s41598-017-02999-0,Syed2017_ForestPAH_ActualGPS,real_model_ready,False,1.0,1.0,0.0,0.0,1.0,1.0,1.0,1.0,1.0,1.0,1.0,1.0,1.0,1.0
10.1038/s41598-017-02999-0,Syed2017_ForestPAH_ActualGPS,27.573833,102.424422,贵州,PAH,7.712221755315833,5.54,,31.88,0.482,21254.711479166668,529.6690931682649,386.1631897217854,30.429689526353183,2050.0,8.537,9.44,4933000.0,54.7,45.84,0,10.1038/s41598-017-02999-0,Syed2017_ForestPAH_ActualGPS,real_model_ready,False,1.0,1.0,0.0,0.0,1.0,1.0,1.0,1.0,1.0,1.0,1.0,1.0,1.0,1.0
10.1038/s41598-017-02999-0,Syed2017_ForestPAH_ActualGPS,27.888167,119.192778,广东,PAH,7.712221755315833,5.54,,75.63,1.373,21254.711479166668,529.6690931682649,386.1631897217854,30.429689526353183,2050.0,8.537,9.44,4933000.0,54.7,45.84,0,10.1038/s41598-017-02999-0,Syed2017_ForestPAH_ActualGPS,real_model_ready,False,1.0,1.0,0.0,0.0,1.0,1.0,1.0,1.0,1.0,1.0,1.0,1.0,1.0,1.0
10.1038/s41598-017-02999-0,Syed2017_ForestPAH_ActualGPS,27.888167,119.192778,广东,PAH,7.712221755315833,5.54,,23.31,0.849,21254.711479166668,529.6690931682649,386.1631897217854,30.429689526353183,2050.0,8.537,9.44,4933000.0,54.7,45.84,0,10.1038/s41598-017-02999-0,Syed2017_ForestPAH_ActualGPS,real_model_ready,False,1.0,1.0,0.0,0.0,1.0,1.0,1.0,1.0,1.0,1.0,1.0,1.0,1.0,1.0
10.1038/s41598-017-02999-0,Syed2017_ForestPAH_ActualGPS,27.869389,119.186667,广东,PAH,7.712221755315833,5.54,,37.2,1.273,21254.711479166668,529.6690931682649,386.1631897217854,30.429689526353183,2050.0,8.537,9.44,4933000.0,54.7,45.84,0,10.1038/s41598-017-02999-0,Syed2017_ForestPAH_ActualGPS,real_model_ready,False,1.0,1.0,0.0,0.0,1.0,1.0,1.0,1.0,1.0,1.0,1.0,1.0,1.0,1.0
10.1038/s41598-017-02999-0,Syed2017_ForestPAH_ActualGPS,27.869389,119.186667,广东,PAH,7.712221755315833,5.54,,131.68,3.182,21254.711479166668,529.6690931682649,386.1631897217854,30.429689526353183,2050.0,8.537,9.44,4933000.0,54.7,45.84,0,10.1038/s41598-017-02999-0,Syed2017_ForestPAH_ActualGPS,real_model_ready,False,1.0,1.0,0.0,0.0,1.0,1.0,1.0,1.0,1.0,1.0,1.0,1.0,1.0,1.0
10.1038/s41598-017-02999-0,Syed2017_ForestPAH_ActualGPS,27.922222,119.205944,广东,PAH,7.712221755315833,5.54,,52.37,1.179,21254.711479166668,529.6690931682649,386.1631897217854,30.429689526353183,2050.0,8.537,9.44,4933000.0,54.7,45.84,0,10.1038/s41598-017-02999-0,Syed2017_ForestPAH_ActualGPS,real_model_ready,False,1.0,1.0,0.0,0.0,1.0,1.0,1.0,1.0,1.0,1.0,1.0,1.0,1.0,1.0
10.1038/s41598-017-02999-0,Syed2017_ForestPAH_ActualGPS,27.974778,119.142111,广东,PAH,7.712221755315833,5.54,,136.98,1.502,21254.711479166668,529.6690931682649,386.1631897217854,30.429689526353183,2050.0,8.537,9.44,4933000.0,54.7,45.84,0,10.1038/s41598-017-02999-0,Syed2017_ForestPAH_ActualGPS,real_model_ready,False,1.0,1.0,0.0,0.0,1.0,1.0,1.0,1.0,1.0,1.0,1.0,1.0,1.0,1.0
10.1038/s41598-017-02999-0,Syed2017_ForestPAH_ActualGPS,45.389694,127.68025,吉林,PAH,7.712221755315833,5.54,,699.05,24.456,21254.711479166668,529.6690931682649,385.4681897217854,30.429689526353183,2050.0,8.537,9.44,4933000.0,54.7,45.84,1,10.1038/s41598-017-02999-0,Syed2017_ForestPAH_ActualGPS,real_model_ready,False,1.0,1.0,0.0,0.0,1.0,1.0,1.0,1.0,1.0,1.0,1.0,1.0,1.0,1.0
10.1038/s41598-017-02999-0,Syed2017_ForestPAH_ActualGPS,45.389694,127.68025,吉林,PAH,7.712221755315833,5.54,,249.66,11.579,23073.086479166668,544.1066325957588,385.7381897217854,30.429689526353183,2050.0,8.537,9.44,4933000.0,54.7,45.84,0,10.1038/s41598-017-02999-0,Syed2017_ForestPAH_ActualGPS,real_model_ready,False,1.0,1.0,0.0,0.0,1.0,1.0,1.0,1.0,1.0,1.0,1.0,1.0,1.0,1.0
10.1038/s41598-017-02999-0,Syed2017_ForestPAH_ActualGPS,24.914108,113.014769,广东,PAH,7.712221755315833,5.54,,211.89,2.585,21254.711479166668,529.6690931682649,386.1631897217854,30.429689526353183,2050.0,8.537,9.44,4933000.0,54.7,45.84,0,10.1038/s41598-017-02999-0,Syed2017_ForestPAH_ActualGPS,real_model_ready,False,1.0,1.0,0.0,0.0,1.0,1.0,1.0,1.0,1.0,1.0,1.0,1.0,1.0,1.0
10.1038/s41598-017-02999-0,Syed2017_ForestPAH_ActualGPS,24.914108,113.014769,广东,PAH,7.712221755315833,5.54,,68.06,1.205,21254.711479166668,529.6690931682649,386.1631897217854,30.429689526353183,2050.0,8.537,9.44,4933000.0,54.7,45.84,0,10.1038/s41598-017-02999-0,Syed2017_ForestPAH_ActualGPS,real_model_ready,False,1.0,1.0,0.0,0.0,1.0,1.0,1.0,1.0,1.0,1.0,1.0,1.0,1.0,1.0
10.1038/s41598-017-02999-0,Syed2017_ForestPAH_ActualGPS,24.947944,112.993189,广东,PAH,7.712221755315833,5.54,,60.58,1.008,21254.711479166668,529.6690931682649,386.1631897217854,30.429689526353183,2050.0,8.537,9.44,4933000.0,54.7,45.84,0,10.1038/s41598-017-02999-0,Syed2017_ForestPAH_ActualGPS,real_model_ready,False,1.0,1.0,0.0,0.0,1.0,1.0,1.0,1.0,1.0,1.0,1.0,1.0,1.0,1.0
10.1038/s41598-017-02999-0,Syed2017_ForestPAH_ActualGPS,24.916606,113.01375,广东,PAH,7.712221755315833,5.54,,147.76,1.471,21254.711479166668,529.6690931682649,386.1631897217854,30.429689526353183,2050.0,8.537,9.44,4933000.0,54.7,45.84,0,10.1038/s41598-017-02999-0,Syed2017_ForestPAH_ActualGPS,real_model_ready,False,1.0,1.0,0.0,0.0,1.0,1.0,1.0,1.0,1.0,1.0,1.0,1.0,1.0,1.0
10.1038/s41598-017-02999-0,Syed2017_ForestPAH_ActualGPS,24.916606,113.01375,广东,PAH,7.712221755315833,5.54,,108.24,1.067,21254.711479166668,529.6690931682649,386.1631897217854,30.429689526353183,2050.0,8.537,9.44,4933000.0,54.7,45.84,0,10.1038/s41598-017-02999-0,Syed2017_ForestPAH_ActualGPS,real_model_ready,False,1.0,1.0,0.0,0.0,1.0,1.0,1.0,1.0,1.0,1.0,1.0,1.0,1.0,1.0
10.1038/s41598-017-02999-0,Syed2017_ForestPAH_ActualGPS,42.440333,117.511972,吉林,PAH,7.712221755315833,5.54,,157.69,5.988,21254.711479166668,529.6690931682649,386.1631897217854,30.429689526353183,2050.0,8.537,9.44,4933000.0,54.7,45.84,0,10.1038/s41598-017-02999-0,Syed2017_ForestPAH_ActualGPS,real_model_ready,False,1.0,1.0,0.0,0.0,1.0,1.0,1.0,1.0,1.0,1.0,1.0,1.0,1.0,1.0
10.1038/s41598-017-02999-0,Syed2017_ForestPAH_ActualGPS,42.440333,117.511972,吉林,PAH,7.712221755315833,5.54,,97.07,5.782,21254.711479166668,529.6690931682649,386.1631897217854,30.429689526353183,2050.0,8.537,9.44,4933000.0,54.7,45.84,0,10.1038/s41598-017-02999-0,Syed2017_ForestPAH_ActualGPS,real_model_ready,False,1.0,1.0,0.0,0.0,1.0,1.0,1.0,1.0,1.0,1.0,1.0,1.0,1.0,1.0
10.1038/s41598-017-02999-0,Syed2017_ForestPAH_ActualGPS,42.3345,117.477944,吉林,PAH,7.712221755315833,5.54,,90.38,3.144,21254.711479166668,529.6690931682649,386.1631897217854,30.429689526353183,2050.0,8.537,9.44,4933000.0,54.7,45.84,0,10.1038/s41598-017-02999-0,Syed2017_ForestPAH_ActualGPS,real_model_ready,False,1.0,1.0,0.0,0.0,1.0,1.0,1.0,1.0,1.0,1.0,1.0,1.0,1.0,1.0
10.1038/s41598-017-02999-0,Syed2017_ForestPAH_ActualGPS,42.3345,117.477944,吉林,PAH,7.712221755315833,5.54,,267.86,18.948,21254.711479166668,529.6690931682649,386.0731897217854,30.429689526353183,2050.0,8.537,9.44,4933000.0,54.7,45.84,0,10.1038/s41598-017-02999-0,Syed2017_ForestPAH_ActualGPS,real_model_ready,False,1.0,1.0,0.0,0.0,1.0,1.0,1.0,1.0,1.0,1.0,1.0,1.0,1.0,1.0
10.1038/s41598-017-02999-0,Syed2017_ForestPAH_ActualGPS,31.460083,110.284467,湖南,PAH,7.712221755315833,5.54,,187.94,8.931,23073.086479166668,544.1066325957588,385.7381897217854,30.429689526353183,2050.0,8.537,9.44,4933000.0,54.7,45.84,0,10.1038/s41598-017-02999-0,Syed2017_ForestPAH_ActualGPS,real_model_ready,False,1.0,1.0,0.0,0.0,1.0,1.0,1.0,1.0,1.0,1.0,1.0,1.0,1.0,1.0
10.1038/s41598-017-02999-0,Syed2017_ForestPAH_ActualGPS,31.460083,110.284467,湖南,PAH,7.712221755315833,5.54,,219.33,13.392,23073.086479166668,544.1066325957588,385.7381897217854,30.429689526353183,2050.0,8.537,9.44,4933000.0,54.7,45.84,0,10.1038/s41598-017-02999-0,Syed2017_ForestPAH_ActualGPS,real_model_ready,False,1.0,1.0,0.0,0.0,1.0,1.0,1.0,1.0,1.0,1.0,1.0,1.0,1.0,1.0
10.1038/s41598-017-02999-0,Syed2017_ForestPAH_ActualGPS,31.763717,110.488333,湖南,PAH,7.712221755315833,5.54,,51.72,1.942,21254.711479166668,529.6690931682649,386.1631897217854,30.429689526353183,2050.0,8.537,9.44,4933000.0,54.7,45.84,0,10.1038/s41598-017-02999-0,Syed2017_ForestPAH_ActualGPS,real_model_ready,False,1.0,1.0,0.0,0.0,1.0,1.0,1.0,1.0,1.0,1.0,1.0,1.0,1.0,1.0
10.1038/s41598-017-02999-0,Syed2017_ForestPAH_ActualGPS,31.763717,110.488333,湖南,PAH,7.712221755315833,5.54,,167.19,10.943,23073.086479166668,544.1066325957588,385.7381897217854,30.429689526353183,2050.0,8.537,9.44,4933000.0,54.7,45.84,0,10.1038/s41598-017-02999-0,Syed2017_ForestPAH_ActualGPS,real_model_ready,False,1.0,1.0,0.0,0.0,1.0,1.0,1.0,1.0,1.0,1.0,1.0,1.0,1.0,1.0
10.1038/s41598-017-02999-0,Syed2017_ForestPAH_ActualGPS,31.673483,110.424383,湖南,PAH,7.712221755315833,5.54,,160.3,6.123,21254.711479166668,529.6690931682649,386.1631897217854,30.429689526353183,2050.0,8.537,9.44,4933000.0,54.7,45.84,0,10.1038/s41598-017-02999-0,Syed2017_ForestPAH_ActualGPS,real_model_ready,False,1.0,1.0,0.0,0.0,1.0,1.0,1.0,1.0,1.0,1.0,1.0,1.0,1.0,1.0
10.1038/s41598-017-02999-0,Syed2017_ForestPAH_ActualGPS,31.673483,110.424383,湖南,PAH,7.712221755315833,5.54,,502.49,24.256,21254.711479166668,529.6690931682649,386.0731897217854,30.429689526353183,2050.0,8.537,9.44,4933000.0,54.7,45.84,0,10.1038/s41598-017-02999-0,Syed2017_ForestPAH_ActualGPS,real_model_ready,False,1.0,1.0,0.0,0.0,1.0,1.0,1.0,1.0,1.0,1.0,1.0,1.0,1.0,1.0
10.1038/s41598-017-02999-0,Syed2017_ForestPAH_ActualGPS,31.441667,110.2983,湖南,PAH,7.712221755315833,5.54,,76.37,2.342,21254.711479166668,529.6690931682649,386.1631897217854,30.429689526353183,2050.0,8.537,9.44,4933000.0,54.7,45.84,0,10.1038/s41598-017-02999-0,Syed2017_ForestPAH_ActualGPS,real_model_ready,False,1.0,1.0,0.0,0.0,1.0,1.0,1.0,1.0,1.0,1.0,1.0,1.0,1.0,1.0
10.1038/s41598-017-02999-0,Syed2017_ForestPAH_ActualGPS,31.441667,110.2983,湖南,PAH,7.712221755315833,5.54,,152.28,3.937,21254.711479166668,529.6690931682649,386.1631897217854,30.429689526353183,2050.0,8.537,9.44,4933000.0,54.7,45.84,0,10.1038/s41598-017-02999-0,Syed2017_ForestPAH_ActualGPS,real_model_ready,False,1.0,1.0,0.0,0.0,1.0,1.0,1.0,1.0,1.0,1.0,1.0,1.0,1.0,1.0
10.1038/s41598-017-02999-0,Syed2017_ForestPAH_ActualGPS,21.879961,107.918403,海南,PAH,7.712221755315833,5.54,,58.06,1.396,21254.711479166668,529.6690931682649,386.1631897217854,30.429689526353183,2050.0,8.537,9.44,4933000.0,54.7,45.84,0,10.1038/s41598-017-02999-0,Syed2017_ForestPAH_ActualGPS,real_model_ready,False,1.0,1.0,0.0,0.0,1.0,1.0,1.0,1.0,1.0,1.0,1.0,1.0,1.0,1.0
10.1038/s41598-017-02999-0,Syed2017_ForestPAH_ActualGPS,21.879961,107.918403,海南,PAH,7.712221755315833,5.54,,163.38,4.252,21254.711479166668,529.6690931682649,386.1631897217854,30.429689526353183,2050.0,8.537,9.44,4933000.0,54.7,45.84,0,10.1038/s41598-017-02999-0,Syed2017_ForestPAH_ActualGPS,real_model_ready,False,1.0,1.0,0.0,0.0,1.0,1.0,1.0,1.0,1.0,1.0,1.0,1.0,1.0,1.0
10.1038/s41598-017-02999-0,Syed2017_ForestPAH_ActualGPS,21.899992,107.906206,海南,PAH,7.712221755315833,5.54,,68.29,1.388,21254.711479166668,529.6690931682649,386.1631897217854,30.429689526353183,2050.0,8.537,9.44,4933000.0,54.7,45.84,0,10.1038/s41598-017-02999-0,Syed2017_ForestPAH_ActualGPS,real_model_ready,False,1.0,1.0,0.0,0.0,1.0,1.0,1.0,1.0,1.0,1.0,1.0,1.0,1.0,1.0
10.1038/s41598-017-02999-0,Syed2017_ForestPAH_ActualGPS,21.899992,107.906206,海南,PAH,7.712221755315833,5.54,,129.47,2.94,21254.711479166668,529.6690931682649,386.1631897217854,30.429689526353183,2050.0,8.537,9.44,4933000.0,54.7,45.84,0,10.1038/s41598-017-02999-0,Syed2017_ForestPAH_ActualGPS,real_model_ready,False,1.0,1.0,0.0,0.0,1.0,1.0,1.0,1.0,1.0,1.0,1.0,1.0,1.0,1.0
10.1038/s41598-017-02999-0,Syed2017_ForestPAH_ActualGPS,21.896417,107.904992,海南,PAH,7.712221755315833,5.54,,66.98,0.869,21254.711479166668,529.6690931682649,386.1631897217854,30.429689526353183,2050.0,8.537,9.44,4933000.0,54.7,45.84,0,10.1038/s41598-017-02999-0,Syed2017_ForestPAH_ActualGPS,real_model_ready,False,1.0,1.0,0.0,0.0,1.0,1.0,1.0,1.0,1.0,1.0,1.0,1.0,1.0,1.0
10.1038/s41598-017-02999-0,Syed2017_ForestPAH_ActualGPS,21.896417,107.904992,海南,PAH,7.712221755315833,5.54,,76.05,1.398,21254.711479166668,529.6690931682649,386.1631897217854,30.429689526353183,2050.0,8.537,9.44,4933000.0,54.7,45.84,0,10.1038/s41598-017-02999-0,Syed2017_ForestPAH_ActualGPS,real_model_ready,False,1.0,1.0,0.0,0.0,1.0,1.0,1.0,1.0,1.0,1.0,1.0,1.0,1.0,1.0
10.1038/s41598-017-02999-0,Syed2017_ForestPAH_ActualGPS,38.734694,105.912417,山西,PAH,7.712221755315833,5.54,,388.01,13.228,21254.711479166668,529.6690931682649,386.0731897217854,30.429689526353183,2050.0,8.537,9.44,4933000.0,54.7,45.84,0,10.1038/s41598-017-02999-0,Syed2017_ForestPAH_ActualGPS,real_model_ready,False,1.0,1.0,0.0,0.0,1.0,1.0,1.0,1.0,1.0,1.0,1.0,1.0,1.0,1.0
10.1038/s41598-017-02999-0,Syed2017_ForestPAH_ActualGPS,38.746306,105.917083,山西,PAH,7.712221755315833,5.54,,382.34,17.073,21254.711479166668,529.6690931682649,386.0731897217854,30.429689526353183,2050.0,8.537,9.44,4933000.0,54.7,45.84,0,10.1038/s41598-017-02999-0,Syed2017_ForestPAH_ActualGPS,real_model_ready,False,1.0,1.0,0.0,0.0,1.0,1.0,1.0,1.0,1.0,1.0,1.0,1.0,1.0,1.0
10.1038/s41598-017-02999-0,Syed2017_ForestPAH_ActualGPS,38.746306,105.917083,山西,PAH,7.712221755315833,5.54,,361.56,11.097,21254.711479166668,529.6690931682649,386.0731897217854,30.429689526353183,2050.0,8.537,9.44,4933000.0,54.7,45.84,0,10.1038/s41598-017-02999-0,Syed2017_ForestPAH_ActualGPS,real_model_ready,False,1.0,1.0,0.0,0.0,1.0,1.0,1.0,1.0,1.0,1.0,1.0,1.0,1.0,1.0
10.1038/s41598-017-02999-0,Syed2017_ForestPAH_ActualGPS,30.58277,119.707062,浙江,PAH,7.712221755315833,5.54,,647.12,61.974,21254.711479166668,529.6690931682649,385.4681897217854,30.429689526353183,2050.0,8.537,9.44,4933000.0,54.7,45.84,1,10.1038/s41598-017-02999-0,Syed2017_ForestPAH_ActualGPS,real_model_ready,False,1.0,1.0,0.0,0.0,1.0,1.0,1.0,1.0,1.0,1.0,1.0,1.0,1.0,1.0
10.1038/s41598-017-02999-0,Syed2017_ForestPAH_ActualGPS,30.58277,119.707062,浙江,PAH,7.712221755315833,5.54,,219.66,17.044,23073.086479166668,544.1066325957588,385.7381897217854,30.429689526353183,2050.0,8.537,9.44,4933000.0,54.7,45.84,0,10.1038/s41598-017-02999-0,Syed2017_ForestPAH_ActualGPS,real_model_ready,False,1.0,1.0,0.0,0.0,1.0,1.0,1.0,1.0,1.0,1.0,1.0,1.0,1.0,1.0
10.1038/s41598-017-02999-0,Syed2017_ForestPAH_ActualGPS,30.363833,119.429667,浙江,PAH,7.712221755315833,5.54,,39.29,1.341,21254.711479166668,529.6690931682649,386.1631897217854,30.429689526353183,2050.0,8.537,9.44,4933000.0,54.7,45.84,0,10.1038/s41598-017-02999-0,Syed2017_ForestPAH_ActualGPS,real_model_ready,False,1.0,1.0,0.0,0.0,1.0,1.0,1.0,1.0,1.0,1.0,1.0,1.0,1.0,1.0
10.1038/s41598-017-02999-0,Syed2017_ForestPAH_ActualGPS,30.363833,119.429667,浙江,PAH,7.712221755315833,5.54,,64.42,3.405,21254.711479166668,529.6690931682649,386.1631897217854,30.429689526353183,2050.0,8.537,9.44,4933000.0,54.7,45.84,0,10.1038/s41598-017-02999-0,Syed2017_ForestPAH_ActualGPS,real_model_ready,False,1.0,1.0,0.0,0.0,1.0,1.0,1.0,1.0,1.0,1.0,1.0,1.0,1.0,1.0
10.1038/s41598-017-02999-0,Syed2017_ForestPAH_ActualGPS,36.75025,117.612694,山东,PAH,7.712221755315833,5.54,,107.72,5.294,21254.711479166668,529.6690931682649,386.1631897217854,30.429689526353183,2050.0,8.537,9.44,4933000.0,54.7,45.84,0,10.1038/s41598-017-02999-0,Syed2017_ForestPAH_ActualGPS,real_model_ready,False,1.0,1.0,0.0,0.0,1.0,1.0,1.0,1.0,1.0,1.0,1.0,1.0,1.0,1.0
10.1038/s41598-017-02999-0,Syed2017_ForestPAH_ActualGPS,36.75025,117.612694,山东,PAH,7.712221755315833,5.54,,85.76,3.476,21254.711479166668,529.6690931682649,386.1631897217854,30.429689526353183,2050.0,8.537,9.44,4933000.0,54.7,45.84,0,10.1038/s41598-017-02999-0,Syed2017_ForestPAH_ActualGPS,real_model_ready,False,1.0,1.0,0.0,0.0,1.0,1.0,1.0,1.0,1.0,1.0,1.0,1.0,1.0,1.0
10.1038/s41598-017-02999-0,Syed2017_ForestPAH_ActualGPS,36.245139,117.108611,山东,PAH,7.712221755315833,5.54,,117.12,5.574,21254.711479166668,529.6690931682649,386.1631897217854,30.429689526353183,2050.0,8.537,9.44,4933000.0,54.7,45.84,0,10.1038/s41598-017-02999-0,Syed2017_ForestPAH_ActualGPS,real_model_ready,False,1.0,1.0,0.0,0.0,1.0,1.0,1.0,1.0,1.0,1.0,1.0,1.0,1.0,1.0
10.1038/s41598-017-02999-0,Syed2017_ForestPAH_ActualGPS,27.461672,114.173936,广东,PAH,7.712221755315833,5.54,,120.86,3.815,21254.711479166668,529.6690931682649,386.1631897217854,30.429689526353183,2050.0,8.537,9.44,4933000.0,54.7,45.84,0,10.1038/s41598-017-02999-0,Syed2017_ForestPAH_ActualGPS,real_model_ready,False,1.0,1.0,0.0,0.0,1.0,1.0,1.0,1.0,1.0,1.0,1.0,1.0,1.0,1.0
10.1038/s41598-017-02999-0,Syed2017_ForestPAH_ActualGPS,27.461672,114.173936,广东,PAH,7.712221755315833,5.54,,153.7,4.759,21254.711479166668,529.6690931682649,386.1631897217854,30.429689526353183,2050.0,8.537,9.44,4933000.0,54.7,45.84,0,10.1038/s41598-017-02999-0,Syed2017_ForestPAH_ActualGPS,real_model_ready,False,1.0,1.0,0.0,0.0,1.0,1.0,1.0,1.0,1.0,1.0,1.0,1.0,1.0,1.0
10.1038/s41598-017-02999-0,Syed2017_ForestPAH_ActualGPS,38.719722,113.837889,山西,PAH,7.712221755315833,5.54,,439.95,27.674,21254.711479166668,529.6690931682649,386.0731897217854,30.429689526353183,2050.0,8.537,9.44,4933000.0,54.7,45.84,0,10.1038/s41598-017-02999-0,Syed2017_ForestPAH_ActualGPS,real_model_ready,False,1.0,1.0,0.0,0.0,1.0,1.0,1.0,1.0,1.0,1.0,1.0,1.0,1.0,1.0
10.1038/s41598-017-02999-0,Syed2017_ForestPAH_ActualGPS,38.719722,113.837889,山西,PAH,7.712221755315833,5.54,,101.15,2.325,21254.711479166668,529.6690931682649,386.1631897217854,30.429689526353183,2050.0,8.537,9.44,4933000.0,54.7,45.84,0,10.1038/s41598-017-02999-0,Syed2017_ForestPAH_ActualGPS,real_model_ready,False,1.0,1.0,0.0,0.0,1.0,1.0,1.0,1.0,1.0,1.0,1.0,1.0,1.0,1.0
10.1038/s41598-017-02999-0,Syed2017_ForestPAH_ActualGPS,38.719722,113.837889,山西,PAH,7.712221755315833,5.54,,381.32,19.718,21254.711479166668,529.6690931682649,386.0731897217854,30.429689526353183,2050.0,8.537,9.44,4933000.0,54.7,45.84,0,10.1038/s41598-017-02999-0,Syed2017_ForestPAH_ActualGPS,real_model_ready,False,1.0,1.0,0.0,0.0,1.0,1.0,1.0,1.0,1.0,1.0,1.0,1.0,1.0,1.0
10.1038/s41598-017-02999-0,Syed2017_ForestPAH_ActualGPS,38.715556,113.839139,山西,PAH,7.712221755315833,5.54,,319.05,14.623,21254.711479166668,529.6690931682649,386.0731897217854,30.429689526353183,2050.0,8.537,9.44,4933000.0,54.7,45.84,0,10.1038/s41598-017-02999-0,Syed2017_ForestPAH_ActualGPS,real_model_ready,False,1.0,1.0,0.0,0.0,1.0,1.0,1.0,1.0,1.0,1.0,1.0,1.0,1.0,1.0
10.1038/s41598-017-02999-0,Syed2017_ForestPAH_ActualGPS,38.715556,113.839139,山西,PAH,7.712221755315833,5.54,,333.93,23.688,21254.711479166668,529.6690931682649,386.0731897217854,30.429689526353183,2050.0,8.537,9.44,4933000.0,54.7,45.84,0,10.1038/s41598-017-02999-0,Syed2017_ForestPAH_ActualGPS,real_model_ready,False,1.0,1.0,0.0,0.0,1.0,1.0,1.0,1.0,1.0,1.0,1.0,1.0,1.0,1.0
10.1038/s41598-017-02999-0,Syed2017_ForestPAH_ActualGPS,38.720028,113.842889,山西,PAH,7.712221755315833,5.54,,336.18,22.708,21254.711479166668,529.6690931682649,386.0731897217854,30.429689526353183,2050.0,8.537,9.44,4933000.0,54.7,45.84,0,10.1038/s41598-017-02999-0,Syed2017_ForestPAH_ActualGPS,real_model_ready,False,1.0,1.0,0.0,0.0,1.0,1.0,1.0,1.0,1.0,1.0,1.0,1.0,1.0,1.0
10.1038/s41598-017-02999-0,Syed2017_ForestPAH_ActualGPS,38.720028,113.842889,山西,PAH,7.712221755315833,5.54,,286.99,27.634,21254.711479166668,529.6690931682649,386.0731897217854,30.429689526353183,2050.0,8.537,9.44,4933000.0,54.7,45.84,0,10.1038/s41598-017-02999-0,Syed2017_ForestPAH_ActualGPS,real_model_ready,False,1.0,1.0,0.0,0.0,1.0,1.0,1.0,1.0,1.0,1.0,1.0,1.0,1.0,1.0
10.1038/s41598-017-02999-0,Syed2017_ForestPAH_ActualGPS,38.732611,113.848222,山西,PAH,7.712221755315833,5.54,,490.21,29.284,21254.711479166668,529.6690931682649,386.0731897217854,30.429689526353183,2050.0,8.537,9.44,4933000.0,54.7,45.84,0,10.1038/s41598-017-02999-0,Syed2017_ForestPAH_ActualGPS,real_model_ready,False,1.0,1.0,0.0,0.0,1.0,1.0,1.0,1.0,1.0,1.0,1.0,1.0,1.0,1.0
10.1038/s41598-017-02999-0,Syed2017_ForestPAH_ActualGPS,46.632833,128.466,吉林,PAH,7.712221755315833,5.54,,148.27,4.334,21254.711479166668,529.6690931682649,386.1631897217854,30.429689526353183,2050.0,8.537,9.44,4933000.0,54.7,45.84,0,10.1038/s41598-017-02999-0,Syed2017_ForestPAH_ActualGPS,real_model_ready,False,1.0,1.0,0.0,0.0,1.0,1.0,1.0,1.0,1.0,1.0,1.0,1.0,1.0,1.0
10.1038/s41598-017-02999-0,Syed2017_ForestPAH_ActualGPS,46.632833,128.466,吉林,PAH,7.712221755315833,5.54,,400.26,19.409,21254.711479166668,529.6690931682649,386.0731897217854,30.429689526353183,2050.0,8.537,9.44,4933000.0,54.7,45.84,0,10.1038/s41598-017-02999-0,Syed2017_ForestPAH_ActualGPS,real_model_ready,False,1.0,1.0,0.0,0.0,1.0,1.0,1.0,1.0,1.0,1.0,1.0,1.0,1.0,1.0
10.1038/s41598-017-02999-0,Syed2017_ForestPAH_ActualGPS,46.629972,128.521083,吉林,PAH,7.712221755315833,5.54,,182.63,8.732,23073.086479166668,544.1066325957588,385.7381897217854,30.429689526353183,2050.0,8.537,9.44,4933000.0,54.7,45.84,0,10.1038/s41598-017-02999-0,Syed2017_ForestPAH_ActualGPS,real_model_ready,False,1.0,1.0,0.0,0.0,1.0,1.0,1.0,1.0,1.0,1.0,1.0,1.0,1.0,1.0
10.1038/s41598-017-02999-0,Syed2017_ForestPAH_ActualGPS,46.629972,128.521083,吉林,PAH,7.712221755315833,5.54,,315.97,16.637,21254.711479166668,529.6690931682649,386.0731897217854,30.429689526353183,2050.0,8.537,9.44,4933000.0,54.7,45.84,0,10.1038/s41598-017-02999-0,Syed2017_ForestPAH_ActualGPS,real_model_ready,False,1.0,1.0,0.0,0.0,1.0,1.0,1.0,1.0,1.0,1.0,1.0,1.0,1.0,1.0
10.1038/s41598-017-02999-0,Syed2017_ForestPAH_ActualGPS,46.629972,128.521083,吉林,PAH,7.712221755315833,5.54,,6.76,0.03,21254.711479166668,529.6690931682649,386.1631897217854,30.429689526353183,2050.0,8.537,9.44,4933000.0,54.7,45.84,0,10.1038/s41598-017-02999-0,Syed2017_ForestPAH_ActualGPS,real_model_ready,False,1.0,1.0,0.0,0.0,1.0,1.0,1.0,1.0,1.0,1.0,1.0,1.0,1.0,1.0
10.1038/s41598-017-02999-0,"Polycyclic aromatic hydrocarbons (PAHs) in chinese forest soils: profile composition, spatial variations and source apportionment",,,,OP,5.441139949633699,5.54,11.4,168000.0,7400.0,17008.041982297094,220.06658063099889,2603.4668781103546,107.13476391445211,2050.0,8.537,9.44,4933000.0,54.7,45.84,1,10.1038/s41598-017-02999-0,"Polycyclic aromatic hydrocarbons (PAHs) in chinese forest soils: profile composition, spatial variations and source apportionment",real_model_ready,False,1.0,1.0,0.0,0.0,1.0,1.0,1.0,1.0,1.0,1.0,1.0,1.0,1.0,1.0
10.1038/s41598-017-02999-0,"Polycyclic aromatic hydrocarbons (PAHs) in chinese forest soils: profile composition, spatial variations and source apportionment",,,,OP,5.87270431731176,5.54,26.7,222000.0,10500.0,12273.717999999997,477.9870422748719,3180.3857197159095,108.75165151976489,2050.0,8.537,9.44,4933000.0,54.7,45.84,1,10.1038/s41598-017-02999-0,"Polycyclic aromatic hydrocarbons (PAHs) in chinese forest soils: profile composition, spatial variations and source apportionment",real_model_ready,False,1.0,1.0,0.0,0.0,1.0,1.0,1.0,1.0,1.0,1.0,1.0,1.0,1.0,1.0
10.1038/s41598-017-02999-0,SI1_sheet:Sheet1,,,,PAH,5.110296550778675,5.54,27.20761775970459,1027.5431366543112,3.531153834366086,889.657418191057,294.2682326254684,153.18137220593314,19.328239583333335,2050.0,8.537,9.44,4933000.0,54.7,45.84,0,10.1038/s41598-017-02999-0,SI1_sheet:Sheet1,real_model_ready,False,1.0,1.0,1.0,0.0,1.0,1.0,1.0,1.0,1.0,1.0,1.0,1.0,1.0,1.0
10.1038/s41598-017-02999-0,SI1_sheet:Sheet1,,,,PAH,5.110296550778675,5.54,18.785144805908203,1027.5431366543112,3.1167842463006012,889.657418191057,294.2682326254684,153.18137220593314,19.328239583333335,2050.0,8.537,9.44,4933000.0,54.7,45.84,0,10.1038/s41598-017-02999-0,SI1_sheet:Sheet1,real_model_ready,False,1.0,1.0,1.0,0.0,1.0,1.0,1.0,1.0,1.0,1.0,1.0,1.0,1.0,1.0
10.1038/s41598-017-02999-0,SI1_sheet:Sheet1,,,,PAH,5.110296550778675,5.54,24.018115043640137,1027.5431366543112,20.208920270034863,889.657418191057,294.2682326254684,153.18137220593314,19.328239583333335,2050.0,8.537,9.44,4933000.0,54.7,45.84,0,10.1038/s41598-017-02999-0,SI1_sheet:Sheet1,real_model_ready,False,1.0,1.0,1.0,0.0,1.0,1.0,1.0,1.0,1.0,1.0,1.0,1.0,1.0,1.0
10.1038/s41598-017-02999-0,SI1_sheet:Sheet1,,,,PAH,5.110296550778675,5.54,33.11628532409668,1027.5431366543112,10.013447656088331,889.657418191057,294.2682326254684,153.18137220593314,19.328239583333335,2050.0,8.537,9.44,4933000.0,54.7,45.84,0,10.1038/s41598-017-02999-0,SI1_sheet:Sheet1,real_model_ready,False,1.0,1.0,1.0,0.0,1.0,1.0,1.0,1.0,1.0,1.0,1.0,1.0,1.0,1.0
10.1038/s41598-017-02999-0,SI1_sheet:Sheet1,,,,PAH,5.110296550778675,5.54,23.530420303344727,1027.5431366543112,22.138049208192857,889.657418191057,294.2682326254684,153.18137220593314,19.328239583333335,2050.0,8.537,9.44,4933000.0,54.7,45.84,0,10.1038/s41598-017-02999-0,SI1_sheet:Sheet1,real_model_ready,False,1.0,1.0,1.0,0.0,1.0,1.0,1.0,1.0,1.0,1.0,1.0,1.0,1.0,1.0
10.1038/s41598-017-02999-0,SI1_sheet:Sheet1,,,,PAH,5.110296550778675,5.54,31.62697410583496,1027.5431366543112,14.522874083077957,889.657418191057,294.2682326254684,153.18137220593314,19.328239583333335,2050.0,8.537,9.44,4933000.0,54.7,45.84,0,10.1038/s41598-017-02999-0,SI1_sheet:Sheet1,real_model_ready,False,1.0,1.0,1.0,0.0,1.0,1.0,1.0,1.0,1.0,1.0,1.0,1.0,1.0,1.0
10.1038/s41598-017-02999-0,SI1_sheet:Sheet1,,,,PAH,5.110296550778675,5.54,41.886587142944336,1027.5431366543112,10.002157423709711,889.657418191057,294.2682326254684,153.18137220593314,19.328239583333335,2050.0,8.537,9.44,4933000.0,54.7,45.84,0,10.1038/s41598-017-02999-0,SI1_sheet:Sheet1,real_model_ready,False,1.0,1.0,1.0,0.0,1.0,1.0,1.0,1.0,1.0,1.0,1.0,1.0,1.0,1.0
10.1038/s41598-017-02999-0,SI1_sheet:Sheet1,,,,PAH,5.110296550778675,5.54,28.08459758758545,1027.5431366543112,14.530892712623473,889.657418191057,294.2682326254684,153.18137220593314,19.328239583333335,2050.0,8.537,9.44,4933000.0,54.7,45.84,0,10.1038/s41598-017-02999-0,SI1_sheet:Sheet1,real_model_ready,False,1.0,1.0,1.0,0.0,1.0,1.0,1.0,1.0,1.0,1.0,1.0,1.0,1.0,1.0
10.1038/s41598-017-02999-0,SI1_sheet:Sheet1,,,,PAH,5.110296550778675,5.54,17.170090436935425,1027.5431366543112,9.821417963296192,889.657418191057,294.2682326254684,153.18137220593314,19.328239583333335,2050.0,8.537,9.44,4933000.0,54.7,45.84,0,10.1038/s41598-017-02999-0,SI1_sheet:Sheet1,real_model_ready,False,1.0,1.0,1.0,0.0,1.0,1.0,1.0,1.0,1.0,1.0,1.0,1.0,1.0,1.0
10.1038/s41598-017-02999-0,SI1_sheet:Sheet1,,,,PAH,5.110296550778675,5.54,27.96712875366211,1027.5431366543112,19.986682840939267,889.657418191057,294.2682326254684,153.18137220593314,19.328239583333335,2050.0,8.537,9.44,4933000.0,54.7,45.84,0,10.1038/s41598-017-02999-0,SI1_sheet:Sheet1,real_model_ready,False,1.0,1.0,1.0,0.0,1.0,1.0,1.0,1.0,1.0,1.0,1.0,1.0,1.0,1.0
10.1038/s41598-017-02999-0,SI1_sheet:Sheet1,,,,PAH,5.110296550778675,5.54,25.015448570251465,1027.5431366543112,14.231864308480471,889.657418191057,294.2682326254684,153.18137220593314,19.328239583333335,2050.0,8.537,9.44,4933000.0,54.7,45.84,0,10.1038/s41598-017-02999-0,SI1_sheet:Sheet1,real_model_ready,False,1.0,1.0,1.0,0.0,1.0,1.0,1.0,1.0,1.0,1.0,1.0,1.0,1.0,1.0
10.1038/s41598-017-02999-0,SI1_sheet:Sheet1,,,,PAH,5.110296550778675,5.54,28.97359848022461,1027.5431366543112,9.452790925109596,889.657418191057,294.2682326254684,153.18137220593314,19.328239583333335,2050.0,8.537,9.44,4933000.0,54.7,45.84,0,10.1038/s41598-017-02999-0,SI1_sheet:Sheet1,real_model_ready,False,1.0,1.0,1.0,0.0,1.0,1.0,1.0,1.0,1.0,1.0,1.0,1.0,1.0,1.0
10.1038/s41598-017-02999-0,SI1_sheet:Sheet1,,,,PAH,5.110296550778675,5.54,7.400262117385864,1027.5431366543112,3.012258714162619,889.657418191057,294.2682326254684,153.18137220593314,19.328239583333335,2050.0,8.537,9.44,4933000.0,54.7,45.84,0,10.1038/s41598-017-02999-0,SI1_sheet:Sheet1,real_model_ready,False,1.0,1.0,1.0,0.0,1.0,1.0,1.0,1.0,1.0,1.0,1.0,1.0,1.0,1.0
10.1038/s41598-017-02999-0,SI1_sheet:Sheet1,,,,PAH,5.110296550778675,5.54,4.343012094497681,1027.5431366543112,1.065255971317178,889.657418191057,294.2682326254684,153.18137220593314,19.328239583333335,2050.0,8.537,9.44,4933000.0,54.7,45.84,0,10.1038/s41598-017-02999-0,SI1_sheet:Sheet1,real_model_ready,False,1.0,1.0,1.0,0.0,1.0,1.0,1.0,1.0,1.0,1.0,1.0,1.0,1.0,1.0
10.1038/s41598-017-02999-0,SI1_sheet:Sheet1,,,,PAH,5.110296550778675,5.54,6.948652744293213,1027.5431366543112,1.7251748869944437,889.657418191057,294.2682326254684,153.18137220593314,19.328239583333335,2050.0,8.537,9.44,4933000.0,54.7,45.84,0,10.1038/s41598-017-02999-0,SI1_sheet:Sheet1,real_model_ready,False,1.0,1.0,1.0,0.0,1.0,1.0,1.0,1.0,1.0,1.0,1.0,1.0,1.0,1.0
10.1038/s41598-017-02999-0,SI1_sheet:Sheet1,,,,PAH,5.110296550778675,5.54,6.31030011177063,1027.5431366543112,2.0467740354374904,889.657418191057,294.2682326254684,153.18137220593314,19.328239583333335,2050.0,8.537,9.44,4933000.0,54.7,45.84,0,10.1038/s41598-017-02999-0,SI1_sheet:Sheet1,real_model_ready,False,1.0,1.0,1.0,0.0,1.0,1.0,1.0,1.0,1.0,1.0,1.0,1.0,1.0,1.0
10.1038/s41598-017-02999-0,SI1_sheet:Sheet1,,,,PAH,5.110296550778675,5.54,37.28255653381348,1027.5431366543112,3.293994922831331,889.657418191057,294.2682326254684,153.18137220593314,19.328239583333335,2050.0,8.537,9.44,4933000.0,54.7,45.84,0,10.1038/s41598-017-02999-0,SI1_sheet:Sheet1,real_model_ready,False,1.0,1.0,1.0,0.0,1.0,1.0,1.0,1.0,1.0,1.0,1.0,1.0,1.0,1.0
10.1038/s41598-017-02999-0,SI1_sheet:Sheet1,,,,PAH,5.110296550778675,5.54,32.6507625579834,1027.5431366543112,1.820342740213326,889.657418191057,294.2682326254684,153.18137220593314,19.328239583333335,2050.0,8.537,9.44,4933000.0,54.7,45.84,0,10.1038/s41598-017-02999-0,SI1_sheet:Sheet1,real_model_ready,False,1.0,1.0,1.0,0.0,1.0,1.0,1.0,1.0,1.0,1.0,1.0,1.0,1.0,1.0
10.1038/s41598-017-02999-0,SI1_sheet:Sheet1,,,,PAH,5.110296550778675,5.54,42.117393493652344,1027.5431366543112,0.9369670340750188,889.657418191057,294.2682326254684,153.18137220593314,19.328239583333335,2050.0,8.537,9.44,4933000.0,54.7,45.84,0,10.1038/s41598-017-02999-0,SI1_sheet:Sheet1,real_model_ready,False,1.0,1.0,1.0,0.0,1.0,1.0,1.0,1.0,1.0,1.0,1.0,1.0,1.0,1.0
10.1038/s41598-017-02999-0,SI1_sheet:Sheet1,,,,PAH,5.110296550778675,5.54,39.30778694152832,1027.5431366543112,5.01187764690814,889.657418191057,294.2682326254684,153.18137220593314,19.328239583333335,2050.0,8.537,9.44,4933000.0,54.7,45.84,0,10.1038/s41598-017-02999-0,SI1_sheet:Sheet1,real_model_ready,False,1.0,1.0,1.0,0.0,1.0,1.0,1.0,1.0,1.0,1.0,1.0,1.0,1.0,1.0
10.1038/s41598-017-02999-0,SI1_sheet:Sheet1,,,,PAH,5.110296550778675,5.54,42.79267692565918,1027.5431366543112,22.534553096400497,889.657418191057,294.2682326254684,153.18137220593314,19.328239583333335,2050.0,8.537,9.44,4933000.0,54.7,45.84,0,10.1038/s41598-017-02999-0,SI1_sheet:Sheet1,real_model_ready,False,1.0,1.0,1.0,0.0,1.0,1.0,1.0,1.0,1.0,1.0,1.0,1.0,1.0,1.0
10.1038/s41598-017-02999-0,SI1_sheet:Sheet1,,,,PAH,5.110296550778675,5.54,28.09895420074463,1027.5431366543112,24.364772668641148,889.657418191057,294.2682326254684,153.18137220593314,19.328239583333335,2050.0,8.537,9.44,4933000.0,54.7,45.84,0,10.1038/s41598-017-02999-0,SI1_sheet:Sheet1,real_model_ready,False,1.0,1.0,1.0,0.0,1.0,1.0,1.0,1.0,1.0,1.0,1.0,1.0,1.0,1.0
10.1038/s41598-017-02999-0,SI1_sheet:Sheet1,,,,PAH,5.110296550778675,5.54,33.11587333679199,1027.5431366543112,9.552270633439663,889.657418191057,294.2682326254684,153.18137220593314,19.328239583333335,2050.0,8.537,9.44,4933000.0,54.7,45.84,0,10.1038/s41598-017-02999-0,SI1_sheet:Sheet1,real_model_ready,False,1.0,1.0,1.0,0.0,1.0,1.0,1.0,1.0,1.0,1.0,1.0,1.0,1.0,1.0
10.1038/s41598-017-02999-0,SI1_sheet:Sheet1,,,,PAH,5.110296550778675,5.54,29.57033348083496,1027.5431366543112,20.87401995799994,889.657418191057,294.2682326254684,153.18137220593314,19.328239583333335,2050.0,8.537,9.44,4933000.0,54.7,45.84,0,10.1038/s41598-017-02999-0,SI1_sheet:Sheet1,real_model_ready,False,1.0,1.0,1.0,0.0,1.0,1.0,1.0,1.0,1.0,1.0,1.0,1.0,1.0,1.0
10.1038/s41598-017-02999-0,SI1_sheet:Sheet1,,,,PAH,5.110296550778675,5.54,25.277749061584473,1027.5431366543112,3.432563430298033,889.657418191057,294.2682326254684,153.18137220593314,19.328239583333335,2050.0,8.537,9.44,4933000.0,54.7,45.84,0,10.1038/s41598-017-02999-0,SI1_sheet:Sheet1,real_model_ready,False,1.0,1.0,1.0,0.0,1.0,1.0,1.0,1.0,1.0,1.0,1.0,1.0,1.0,1.0
10.1038/s41598-017-02999-0,SI1_sheet:Sheet1,,,,PAH,5.110296550778675,5.54,30.13501262664795,1027.5431366543112,5.3807076101710285,889.657418191057,294.2682326254684,153.18137220593314,19.328239583333335,2050.0,8.537,9.44,4933000.0,54.7,45.84,0,10.1038/s41598-017-02999-0,SI1_sheet:Sheet1,real_model_ready,False,1.0,1.0,1.0,0.0,1.0,1.0,1.0,1.0,1.0,1.0,1.0,1.0,1.0,1.0
10.1038/s41598-017-02999-0,SI1_sheet:Sheet1,,,,PAH,5.110296550778675,5.54,25.943413734436035,1027.5431366543112,2.3032667439848953,889.657418191057,294.2682326254684,153.18137220593314,19.328239583333335,2050.0,8.537,9.44,4933000.0,54.7,45.84,0,10.1038/s41598-017-02999-0,SI1_sheet:Sheet1,real_model_ready,False,1.0,1.0,1.0,0.0,1.0,1.0,1.0,1.0,1.0,1.0,1.0,1.0,1.0,1.0
10.1038/s41598-017-02999-0,SI1_sheet:Sheet1,,,,PAH,5.110296550778675,5.54,9.503305435180664,1027.5431366543112,1.0193631274418995,889.657418191057,294.2682326254684,153.18137220593314,19.328239583333335,2050.0,8.537,9.44,4933000.0,54.7,45.84,0,10.1038/s41598-017-02999-0,SI1_sheet:Sheet1,real_model_ready,False,1.0,1.0,1.0,0.0,1.0,1.0,1.0,1.0,1.0,1.0,1.0,1.0,1.0,1.0
10.1038/s41598-017-02999-0,SI1_sheet:Sheet1,,,,PAH,5.110296550778675,5.54,31.241416931152344,1027.5431366543112,5.250293739763063,889.657418191057,294.2682326254684,153.18137220593314,19.328239583333335,2050.0,8.537,9.44,4933000.0,54.7,45.84,0,10.1038/s41598-017-02999-0,SI1_sheet:Sheet1,real_model_ready,False,1.0,1.0,1.0,0.0,1.0,1.0,1.0,1.0,1.0,1.0,1.0,1.0,1.0,1.0
10.1038/s41598-017-02999-0,SI1_sheet:Sheet1,,,,PAH,5.110296550778675,5.54,26.676735877990723,1027.5431366543112,3.251531412016213,889.657418191057,294.2682326254684,153.18137220593314,19.328239583333335,2050.0,8.537,9.44,4933000.0,54.7,45.84,0,10.1038/s41598-017-02999-0,SI1_sheet:Sheet1,real_model_ready,False,1.0,1.0,1.0,0.0,1.0,1.0,1.0,1.0,1.0,1.0,1.0,1.0,1.0,1.0
10.1038/s41598-017-02999-0,SI1_sheet:Sheet1,,,,PAH,5.110296550778675,5.54,24.182852745056152,1027.5431366543112,14.909222804188142,889.657418191057,294.2682326254684,153.18137220593314,19.328239583333335,2050.0,8.537,9.44,4933000.0,54.7,45.84,0,10.1038/s41598-017-02999-0,SI1_sheet:Sheet1,real_model_ready,False,1.0,1.0,1.0,0.0,1.0,1.0,1.0,1.0,1.0,1.0,1.0,1.0,1.0,1.0
10.1038/s41598-017-02999-0,SI1_sheet:Sheet1,,,,PAH,5.110296550778675,5.54,36.3618049621582,1027.5431366543112,45.032268081671496,889.657418191057,294.2682326254684,153.18137220593314,19.328239583333335,2050.0,8.537,9.44,4933000.0,54.7,45.84,0,10.1038/s41598-017-02999-0,SI1_sheet:Sheet1,real_model_ready,False,1.0,1.0,1.0,0.0,1.0,1.0,1.0,1.0,1.0,1.0,1.0,1.0,1.0,1.0
10.1038/s41598-017-02999-0,SI1_sheet:Sheet1,,,,PAH,5.110296550778675,5.54,15.96159553527832,1027.5431366543112,2.438942473972307,889.657418191057,294.2682326254684,153.18137220593314,19.328239583333335,2050.0,8.537,9.44,4933000.0,54.7,45.84,0,10.1038/s41598-017-02999-0,SI1_sheet:Sheet1,real_model_ready,False,1.0,1.0,1.0,0.0,1.0,1.0,1.0,1.0,1.0,1.0,1.0,1.0,1.0,1.0
10.1038/s41598-017-02999-0,SI1_sheet:Sheet1,,,,PAH,5.110296550778675,5.54,21.141716815531257,1027.5431366543112,1.9363765255902128,889.657418191057,294.2682326254684,153.18137220593314,19.328239583333335,2050.0,8.537,9.44,4933000.0,54.7,45.84,0,10.1038/s41598-017-02999-0,SI1_sheet:Sheet1,real_model_ready,False,1.0,1.0,1.0,0.0,1.0,1.0,1.0,1.0,1.0,1.0,1.0,1.0,1.0,1.0
10.1038/s41598-017-02999-0,SI1_sheet:Sheet1,,,,PAH,5.110296550778675,5.54,29.651397705078125,1027.5431366543112,4.34337225490437,889.657418191057,294.2682326254684,153.18137220593314,19.328239583333335,2050.0,8.537,9.44,4933000.0,54.7,45.84,0,10.1038/s41598-017-02999-0,SI1_sheet:Sheet1,real_model_ready,False,1.0,1.0,1.0,0.0,1.0,1.0,1.0,1.0,1.0,1.0,1.0,1.0,1.0,1.0
10.1038/s41598-017-02999-0,SI1_sheet:Sheet1,,,,PAH,5.110296550778675,5.54,37.17579078674317,1027.5431366543112,6.837929878361897,889.657418191057,294.2682326254684,153.18137220593314,19.328239583333335,2050.0,8.537,9.44,4933000.0,54.7,45.84,0,10.1038/s41598-017-02999-0,SI1_sheet:Sheet1,real_model_ready,False,1.0,1.0,1.0,0.0,1.0,1.0,1.0,1.0,1.0,1.0,1.0,1.0,1.0,1.0
10.1038/s41598-017-02999-0,SI1_sheet:Sheet1,,,,PAH,5.110296550778675,5.54,44.610948944091795,1027.5431366543112,5.1920239935910795,889.657418191057,294.2682326254684,153.18137220593314,19.328239583333335,2050.0,8.537,9.44,4933000.0,54.7,45.84,0,10.1038/s41598-017-02999-0,SI1_sheet:Sheet1,real_model_ready,False,1.0,1.0,1.0,0.0,1.0,1.0,1.0,1.0,1.0,1.0,1.0,1.0,1.0,1.0
10.1038/s41598-017-02999-0,SI1_sheet:Sheet1,,,,PAH,5.110296550778675,5.54,38.14200973510742,1027.5431366543112,49.32576488118908,889.657418191057,294.2682326254684,153.18137220593314,19.328239583333335,2050.0,8.537,9.44,4933000.0,54.7,45.84,0,10.1038/s41598-017-02999-0,SI1_sheet:Sheet1,real_model_ready,False,1.0,1.0,1.0,0.0,1.0,1.0,1.0,1.0,1.0,1.0,1.0,1.0,1.0,1.0
10.1038/s41598-017-02999-0,SI1_sheet:Sheet1,,,,PAH,5.110296550778675,5.54,44.237430572509766,1027.5431366543112,0.5521273042602107,889.657418191057,294.2682326254684,153.18137220593314,19.328239583333335,2050.0,8.537,9.44,4933000.0,54.7,45.84,0,10.1038/s41598-017-02999-0,SI1_sheet:Sheet1,real_model_ready,False,1.0,1.0,1.0,0.0,1.0,1.0,1.0,1.0,1.0,1.0,1.0,1.0,1.0,1.0
10.1038/s41598-017-02999-0,SI1_sheet:Sheet1,,,,PAH,5.110296550778675,5.54,2.39222800731659,1027.5431366543112,0.4818040371392019,889.657418191057,294.2682326254684,153.18137220593314,19.328239583333335,2050.0,8.537,9.44,4933000.0,54.7,45.84,0,10.1038/s41598-017-02999-0,SI1_sheet:Sheet1,real_model_ready,False,1.0,1.0,1.0,0.0,1.0,1.0,1.0,1.0,1.0,1.0,1.0,1.0,1.0,1.0
10.1038/s41598-017-02999-0,SI1_sheet:Sheet1,,,,PAH,5.110296550778675,5.54,3.994364857673645,1027.5431366543112,0.848622951081479,889.657418191057,294.2682326254684,153.18137220593314,19.328239583333335,2050.0,8.537,9.44,4933000.0,54.7,45.84,0,10.1038/s41598-017-02999-0,SI1_sheet:Sheet1,real_model_ready,False,1.0,1.0,1.0,0.0,1.0,1.0,1.0,1.0,1.0,1.0,1.0,1.0,1.0,1.0
10.1038/s41598-017-02999-0,SI1_sheet:Sheet1,,,,PAH,5.110296550778675,5.54,5.229257345199585,1027.5431366543112,3.1818882503251413,889.657418191057,294.2682326254684,153.18137220593314,19.328239583333335,2050.0,8.537,9.44,4933000.0,54.7,45.84,0,10.1038/s41598-017-02999-0,SI1_sheet:Sheet1,real_model_ready,False,1.0,1.0,1.0,0.0,1.0,1.0,1.0,1.0,1.0,1.0,1.0,1.0,1.0,1.0
10.1038/s41598-017-02999-0,SI1_sheet:Sheet1,,,,PAH,5.110296550778675,5.54,21.48506259918213,1027.5431366543112,11.579150457374704,889.657418191057,294.2682326254684,153.18137220593314,19.328239583333335,2050.0,8.537,9.44,4933000.0,54.7,45.84,0,10.1038/s41598-017-02999-0,SI1_sheet:Sheet1,real_model_ready,False,1.0,1.0,1.0,0.0,1.0,1.0,1.0,1.0,1.0,1.0,1.0,1.0,1.0,1.0
10.1038/s41598-017-02999-0,SI1_sheet:Sheet1,,,,PAH,5.110296550778675,5.54,42.578376388549806,1027.5431366543112,1.2046986027178983,889.657418191057,294.2682326254684,153.18137220593314,19.328239583333335,2050.0,8.537,9.44,4933000.0,54.7,45.84,0,10.1038/s41598-017-02999-0,SI1_sheet:Sheet1,real_model_ready,False,1.0,1.0,1.0,0.0,1.0,1.0,1.0,1.0,1.0,1.0,1.0,1.0,1.0,1.0
10.1038/s41598-017-02999-0,SI1_sheet:Sheet1,,,,PAH,5.110296550778675,5.54,38.70761489868164,1027.5431366543112,1.0672966206416412,889.657418191057,294.2682326254684,153.18137220593314,19.328239583333335,2050.0,8.537,9.44,4933000.0,54.7,45.84,0,10.1038/s41598-017-02999-0,SI1_sheet:Sheet1,real_model_ready,False,1.0,1.0,1.0,0.0,1.0,1.0,1.0,1.0,1.0,1.0,1.0,1.0,1.0,1.0
10.1038/s41598-017-02999-0,SI1_sheet:Sheet1,,,,PAH,5.110296550778675,5.54,32.174593925476074,1027.5431366543112,5.782126214173028,889.657418191057,294.2682326254684,153.18137220593314,19.328239583333335,2050.0,8.537,9.44,4933000.0,54.7,45.84,0,10.1038/s41598-017-02999-0,SI1_sheet:Sheet1,real_model_ready,False,1.0,1.0,1.0,0.0,1.0,1.0,1.0,1.0,1.0,1.0,1.0,1.0,1.0,1.0
10.1038/s41598-017-02999-0,SI1_sheet:Sheet1,,,,PAH,5.110296550778675,5.54,19.61052417755127,1027.5431366543112,18.94776638777021,889.657418191057,294.2682326254684,153.18137220593314,19.328239583333335,2050.0,8.537,9.44,4933000.0,54.7,45.84,0,10.1038/s41598-017-02999-0,SI1_sheet:Sheet1,real_model_ready,False,1.0,1.0,1.0,0.0,1.0,1.0,1.0,1.0,1.0,1.0,1.0,1.0,1.0,1.0
10.1038/s41598-017-02999-0,SI1_sheet:Sheet1,,,,PAH,5.110296550778675,5.54,24.401999473571777,1027.5431366543112,13.392005841904018,889.657418191057,294.2682326254684,153.18137220593314,19.328239583333335,2050.0,8.537,9.44,4933000.0,54.7,45.84,0,10.1038/s41598-017-02999-0,SI1_sheet:Sheet1,real_model_ready,False,1.0,1.0,1.0,0.0,1.0,1.0,1.0,1.0,1.0,1.0,1.0,1.0,1.0,1.0
10.1038/s41598-017-02999-0,SI1_sheet:Sheet1,,,,PAH,5.110296550778675,5.54,37.67722129821777,1027.5431366543112,10.94256354758854,889.657418191057,294.2682326254684,153.18137220593314,19.328239583333335,2050.0,8.537,9.44,4933000.0,54.7,45.84,0,10.1038/s41598-017-02999-0,SI1_sheet:Sheet1,real_model_ready,False,1.0,1.0,1.0,0.0,1.0,1.0,1.0,1.0,1.0,1.0,1.0,1.0,1.0,1.0
10.1038/s41598-017-02999-0,SI1_sheet:Sheet1,,,,PAH,5.110296550778675,5.54,31.15252113342285,1027.5431366543112,24.256279703944816,889.657418191057,294.2682326254684,153.18137220593314,19.328239583333335,2050.0,8.537,9.44,4933000.0,54.7,45.84,0,10.1038/s41598-017-02999-0,SI1_sheet:Sheet1,real_model_ready,False,1.0,1.0,1.0,0.0,1.0,1.0,1.0,1.0,1.0,1.0,1.0,1.0,1.0,1.0
10.1038/s41598-017-02999-0,SI1_sheet:Sheet1,,,,PAH,5.110296550778675,5.54,34.65235614776611,1027.5431366543112,3.937347563389061,889.657418191057,294.2682326254684,153.18137220593314,19.328239583333335,2050.0,8.537,9.44,4933000.0,54.7,45.84,0,10.1038/s41598-017-02999-0,SI1_sheet:Sheet1,real_model_ready,False,1.0,1.0,1.0,0.0,1.0,1.0,1.0,1.0,1.0,1.0,1.0,1.0,1.0,1.0
10.1038/s41598-017-02999-0,SI1_sheet:Sheet1,,,,PAH,5.110296550778675,5.54,16.144585609436035,1027.5431366543112,4.251878081832356,889.657418191057,294.2682326254684,153.18137220593314,19.328239583333335,2050.0,8.537,9.44,4933000.0,54.7,45.84,0,10.1038/s41598-017-02999-0,SI1_sheet:Sheet1,real_model_ready,False,1.0,1.0,1.0,0.0,1.0,1.0,1.0,1.0,1.0,1.0,1.0,1.0,1.0,1.0
10.1038/s41598-017-02999-0,SI1_sheet:Sheet1,,,,PAH,5.110296550778675,5.54,40.95779609680176,1027.5431366543112,2.9397856069858017,889.657418191057,294.2682326254684,153.18137220593314,19.328239583333335,2050.0,8.537,9.44,4933000.0,54.7,45.84,0,10.1038/s41598-017-02999-0,SI1_sheet:Sheet1,real_model_ready,False,1.0,1.0,1.0,0.0,1.0,1.0,1.0,1.0,1.0,1.0,1.0,1.0,1.0,1.0
10.1038/s41598-017-02999-0,SI1_sheet:Sheet1,,,,PAH,5.110296550778675,5.54,15.526678085327148,1027.5431366543112,1.3977624626219405,889.657418191057,294.2682326254684,153.18137220593314,19.328239583333335,2050.0,8.537,9.44,4933000.0,54.7,45.84,0,10.1038/s41598-017-02999-0,SI1_sheet:Sheet1,real_model_ready,False,1.0,1.0,1.0,0.0,1.0,1.0,1.0,1.0,1.0,1.0,1.0,1.0,1.0,1.0
10.1038/s41598-017-02999-0,SI1_sheet:Sheet1,,,,PAH,5.110296550778675,5.54,18.46900749206543,1027.5431366543112,11.096771218527063,889.657418191057,294.2682326254684,153.18137220593314,19.328239583333335,2050.0,8.537,9.44,4933000.0,54.7,45.84,0,10.1038/s41598-017-02999-0,SI1_sheet:Sheet1,real_model_ready,False,1.0,1.0,1.0,0.0,1.0,1.0,1.0,1.0,1.0,1.0,1.0,1.0,1.0,1.0
10.1038/s41598-017-02999-0,SI1_sheet:Sheet1,,,,PAH,5.110296550778675,5.54,12.694390773773192,1027.5431366543112,17.043761355501225,889.657418191057,294.2682326254684,153.18137220593314,19.328239583333335,2050.0,8.537,9.44,4933000.0,54.7,45.84,0,10.1038/s41598-017-02999-0,SI1_sheet:Sheet1,real_model_ready,False,1.0,1.0,1.0,0.0,1.0,1.0,1.0,1.0,1.0,1.0,1.0,1.0,1.0,1.0
10.1038/s41598-017-02999-0,SI1_sheet:Sheet1,,,,PAH,5.110296550778675,5.54,5.164010286331177,1027.5431366543112,3.404845357161733,889.657418191057,294.2682326254684,153.18137220593314,19.328239583333335,2050.0,8.537,9.44,4933000.0,54.7,45.84,0,10.1038/s41598-017-02999-0,SI1_sheet:Sheet1,real_model_ready,False,1.0,1.0,1.0,0.0,1.0,1.0,1.0,1.0,1.0,1.0,1.0,1.0,1.0,1.0
10.1038/s41598-017-02999-0,SI1_sheet:Sheet1,,,,PAH,5.110296550778675,5.54,10.051438331604004,1027.5431366543112,3.4757639310030104,889.657418191057,294.2682326254684,153.18137220593314,19.328239583333335,2050.0,8.537,9.44,4933000.0,54.7,45.84,0,10.1038/s41598-017-02999-0,SI1_sheet:Sheet1,real_model_ready,False,1.0,1.0,1.0,0.0,1.0,1.0,1.0,1.0,1.0,1.0,1.0,1.0,1.0,1.0
10.1038/s41598-017-02999-0,SI1_sheet:Sheet1,,,,PAH,5.110296550778675,5.54,27.41338703632355,1027.5431366543112,4.75949783958391,889.657418191057,294.2682326254684,153.18137220593314,19.328239583333335,2050.0,8.537,9.44,4933000.0,54.7,45.84,0,10.1038/s41598-017-02999-0,SI1_sheet:Sheet1,real_model_ready,False,1.0,1.0,1.0,0.0,1.0,1.0,1.0,1.0,1.0,1.0,1.0,1.0,1.0,1.0
10.1038/s41598-017-02999-0,SI1_sheet:Sheet1,,,,PAH,5.110296550778675,5.54,,1027.5431366543112,2.32521292007922,889.657418191057,294.2682326254684,153.18137220593314,19.328239583333335,2050.0,8.537,9.44,4933000.0,54.7,45.84,0,10.1038/s41598-017-02999-0,SI1_sheet:Sheet1,real_model_ready,False,1.0,1.0,1.0,0.0,1.0,1.0,1.0,1.0,1.0,1.0,1.0,1.0,1.0,1.0
10.1038/s41598-017-02999-0,SI1_sheet:Sheet1,,,,PAH,5.110296550778675,5.54,28.023051261901855,1027.5431366543112,19.71793682304887,889.657418191057,294.2682326254684,153.18137220593314,19.328239583333335,2050.0,8.537,9.44,4933000.0,54.7,45.84,0,10.1038/s41598-017-02999-0,SI1_sheet:Sheet1,real_model_ready,False,1.0,1.0,1.0,0.0,1.0,1.0,1.0,1.0,1.0,1.0,1.0,1.0,1.0,1.0
10.1038/s41598-017-02999-0,SI1_sheet:Sheet1,,,,PAH,5.110296550778675,5.54,30.400588989257812,1027.5431366543112,23.687741379592712,889.657418191057,294.2682326254684,153.18137220593314,19.328239583333335,2050.0,8.537,9.44,4933000.0,54.7,45.84,0,10.1038/s41598-017-02999-0,SI1_sheet:Sheet1,real_model_ready,False,1.0,1.0,1.0,0.0,1.0,1.0,1.0,1.0,1.0,1.0,1.0,1.0,1.0,1.0
10.1038/s41598-017-02999-0,SI1_sheet:Sheet1,,,,PAH,5.110296550778675,5.54,37.40334510803223,1027.5431366543112,27.63426521435173,889.657418191057,294.2682326254684,153.18137220593314,19.328239583333335,2050.0,8.537,9.44,4933000.0,54.7,45.84,0,10.1038/s41598-017-02999-0,SI1_sheet:Sheet1,real_model_ready,False,1.0,1.0,1.0,0.0,1.0,1.0,1.0,1.0,1.0,1.0,1.0,1.0,1.0,1.0
10.1038/s41598-017-02999-0,SI1_sheet:Sheet1,,,,PAH,5.110296550778675,5.54,37.14273643493652,1027.5431366543112,19.409298291186147,889.657418191057,294.2682326254684,153.18137220593314,19.328239583333335,2050.0,8.537,9.44,4933000.0,54.7,45.84,0,10.1038/s41598-017-02999-0,SI1_sheet:Sheet1,real_model_ready,False,1.0,1.0,1.0,0.0,1.0,1.0,1.0,1.0,1.0,1.0,1.0,1.0,1.0,1.0
10.1038/s41598-017-02999-0,SI1_sheet:Sheet1,,,,PAH,5.110296550778675,5.54,36.256059646606445,1027.5431366543112,16.63741753038574,889.657418191057,294.2682326254684,153.18137220593314,19.328239583333335,2050.0,8.537,9.44,4933000.0,54.7,45.84,0,10.1038/s41598-017-02999-0,SI1_sheet:Sheet1,real_model_ready,False,1.0,1.0,1.0,0.0,1.0,1.0,1.0,1.0,1.0,1.0,1.0,1.0,1.0,1.0
10.1038/s41598-017-02999-0,SI1_sheet:Sheet1,,,,PAH,5.110296550778675,5.54,,1027.5431366543112,0.03,889.657418191057,294.2682326254684,153.18137220593314,19.328239583333335,2050.0,8.537,9.44,4933000.0,54.7,45.84,0,10.1038/s41598-017-02999-0,SI1_sheet:Sheet1,real_model_ready,False,1.0,1.0,1.0,0.0,1.0,1.0,1.0,1.0,1.0,1.0,1.0,1.0,1.0,1.0
10.1021/es103740v,Spatial and Vertical Distribution of Short Chain Chlorinated Paraffins in Soils from Wastewater Irrigated Farmlands,,,Beijing,OP,6.6014282207550625,5.54,,151133.00240432553,27160.349241350184,2581.5891337937396,336.71494847237784,1450.0,564.75,2050.0,8.537,9.44,4933000.0,54.7,45.84,1,10.1021/es103740v,Spatial and Vertical Distribution of Short Chain Chlorinated Paraffins in Soils from Wastewater Irrigated Farmlands,real_model_ready,False,1.0,1.0,1.0,1.0,1.0,1.0,0.0,1.0,1.0,1.0,1.0,1.0,1.0,1.0
10.1021/es103740v,Spatial and Vertical Distribution of Short Chain Chlorinated Paraffins in Soils from Wastewater Irrigated Farmlands,,,Beijing,OP,6.713240695762572,5.54,,38641.405278783415,24472.84924135018,2722.3391337937396,335.74044847237786,945.2,544.53025,2050.0,8.537,9.44,4933000.0,54.7,45.84,1,10.1021/es103740v,Spatial and Vertical Distribution of Short Chain Chlorinated Paraffins in Soils from Wastewater Irrigated Farmlands,real_model_ready,False,1.0,1.0,1.0,1.0,1.0,1.0,0.0,1.0,1.0,1.0,1.0,1.0,1.0,1.0
10.1021/es103740v,Spatial and Vertical Distribution of Short Chain Chlorinated Paraffins in Soils from Wastewater Irrigated Farmlands,,,Beijing,OP,6.830347654763517,5.54,,38641.405278783415,24472.84924135018,2607.6403837937396,335.74044847237786,846.0,544.53025,2050.0,8.537,9.44,4933000.0,54.7,45.84,1,10.1021/es103740v,Spatial and Vertical Distribution of Short Chain Chlorinated Paraffins in Soils from Wastewater Irrigated Farmlands,real_model_ready,False,1.0,1.0,1.0,1.0,1.0,1.0,0.0,1.0,1.0,1.0,1.0,1.0,1.0,1.0
10.1021/es103740v,Spatial and Vertical Distribution of Short Chain Chlorinated Paraffins in Soils from Wastewater Irrigated Farmlands,,,Beijing,OP,6.805442548437098,5.54,,39342.408170450086,24801.807574683517,2364.9463925735013,335.74044847237786,423.0,544.53025,2050.0,8.537,9.44,4933000.0,54.7,45.84,1,10.1021/es103740v,Spatial and Vertical Distribution of Short Chain Chlorinated Paraffins in Soils from Wastewater Irrigated Farmlands,real_model_ready,False,1.0,1.0,1.0,1.0,1.0,1.0,0.0,1.0,1.0,1.0,1.0,1.0,1.0,1.0
10.1021/es103740v,Spatial and Vertical Distribution of Short Chain Chlorinated Paraffins in Soils from Wastewater Irrigated Farmlands,,,Beijing,OP,6.805442548437098,5.54,,39342.408170450086,24801.807574683517,2364.9463925735013,335.74044847237786,423.0,544.53025,2050.0,8.537,9.44,4933000.0,54.7,45.84,1,10.1021/es103740v,Spatial and Vertical Distribution of Short Chain Chlorinated Paraffins in Soils from Wastewater Irrigated Farmlands,real_model_ready,False,1.0,1.0,1.0,1.0,1.0,1.0,0.0,1.0,1.0,1.0,1.0,1.0,1.0,1.0
10.1021/es103740v,Spatial and Vertical Distribution of Short Chain Chlorinated Paraffins in Soils from Wastewater Irrigated Farmlands,,,Beijing,OP,6.805442548437098,5.54,,39342.408170450086,24801.807574683517,2364.9463925735013,335.74044847237786,423.0,544.53025,2050.0,8.537,9.44,4933000.0,54.7,45.84,1,10.1021/es103740v,Spatial and Vertical Distribution of Short Chain Chlorinated Paraffins in Soils from Wastewater Irrigated Farmlands,real_model_ready,False,1.0,1.0,1.0,1.0,1.0,1.0,0.0,1.0,1.0,1.0,1.0,1.0,1.0,1.0
10.1021/es103740v,Spatial and Vertical Distribution of Short Chain Chlorinated Paraffins in Soils from Wastewater Irrigated Farmlands,,,Beijing,OP,6.805442548437098,5.54,,39342.408170450086,24801.807574683517,2364.9463925735013,335.74044847237786,423.0,544.53025,2050.0,8.537,9.44,4933000.0,54.7,45.84,1,10.1021/es103740v,Spatial and Vertical Distribution of Short Chain Chlorinated Paraffins in Soils from Wastewater Irrigated Farmlands,real_model_ready,False,1.0,1.0,1.0,1.0,1.0,1.0,0.0,1.0,1.0,1.0,1.0,1.0,1.0,1.0
10.1021/es103740v,Spatial and Vertical Distribution of Short Chain Chlorinated Paraffins in Soils from Wastewater Irrigated Farmlands,,,Beijing,OP,6.805442548437098,5.54,,39342.408170450086,24801.807574683517,2364.9463925735013,335.74044847237786,423.0,544.53025,2050.0,8.537,9.44,4933000.0,54.7,45.84,1,10.1021/es103740v,Spatial and Vertical Distribution of Short Chain Chlorinated Paraffins in Soils from Wastewater Irrigated Farmlands,real_model_ready,False,1.0,1.0,1.0,1.0,1.0,1.0,0.0,1.0,1.0,1.0,1.0,1.0,1.0,1.0
10.1021/es103740v,Spatial and Vertical Distribution of Short Chain Chlorinated Paraffins in Soils from Wastewater Irrigated Farmlands,,,Beijing,OP,6.5802650779775815,5.54,,21401.314886714867,24801.807574683517,2731.6879841443106,365.23747338531257,225.7,544.53025,2050.0,8.537,9.44,4933000.0,54.7,45.84,1,10.1021/es103740v,Spatial and Vertical Distribution of Short Chain Chlorinated Paraffins in Soils from Wastewater Irrigated Farmlands,real_model_ready,False,1.0,1.0,1.0,1.0,1.0,1.0,0.0,1.0,1.0,1.0,1.0,1.0,1.0,1.0
10.1021/es103740v,Spatial and Vertical Distribution of Short Chain Chlorinated Paraffins in Soils from Wastewater Irrigated Farmlands,,,Beijing,OP,6.5802650779775815,5.54,,21401.314886714867,24801.807574683517,2731.6879841443106,365.23747338531257,225.7,544.53025,2050.0,8.537,9.44,4933000.0,54.7,45.84,1,10.1021/es103740v,Spatial and Vertical Distribution of Short Chain Chlorinated Paraffins in Soils from Wastewater Irrigated Farmlands,real_model_ready,False,1.0,1.0,1.0,1.0,1.0,1.0,0.0,1.0,1.0,1.0,1.0,1.0,1.0,1.0
10.1021/es103740v,Spatial and Vertical Distribution of Short Chain Chlorinated Paraffins in Soils from Wastewater Irrigated Farmlands,,,Beijing,OP,6.5802650779775815,5.54,,21401.314886714867,24801.807574683517,2731.6879841443106,365.23747338531257,225.7,544.53025,2050.0,8.537,9.44,4933000.0,54.7,45.84,1,10.1021/es103740v,Spatial and Vertical Distribution of Short Chain Chlorinated Paraffins in Soils from Wastewater Irrigated Farmlands,real_model_ready,False,1.0,1.0,1.0,1.0,1.0,1.0,0.0,1.0,1.0,1.0,1.0,1.0,1.0,1.0
10.1021/es103740v,Spatial and Vertical Distribution of Short Chain Chlorinated Paraffins in Soils from Wastewater Irrigated Farmlands,,,Beijing,OP,6.5802650779775815,5.54,,21401.314886714867,24801.807574683517,2731.6879841443106,365.23747338531257,225.7,544.53025,2050.0,8.537,9.44,4933000.0,54.7,45.84,1,10.1021/es103740v,Spatial and Vertical Distribution of Short Chain Chlorinated Paraffins in Soils from Wastewater Irrigated Farmlands,real_model_ready,False,1.0,1.0,1.0,1.0,1.0,1.0,0.0,1.0,1.0,1.0,1.0,1.0,1.0,1.0
10.1021/es103740v,Spatial and Vertical Distribution of Short Chain Chlorinated Paraffins in Soils from Wastewater Irrigated Farmlands,,,Beijing,OP,6.5802650779775815,5.54,,21401.314886714867,24801.807574683517,2731.6879841443106,365.23747338531257,225.7,544.53025,2050.0,8.537,9.44,4933000.0,54.7,45.84,1,10.1021/es103740v,Spatial and Vertical Distribution of Short Chain Chlorinated Paraffins in Soils from Wastewater Irrigated Farmlands,real_model_ready,False,1.0,1.0,1.0,1.0,1.0,1.0,0.0,1.0,1.0,1.0,1.0,1.0,1.0,1.0
10.1038/srep33245,PAH contamination in Beijing's topsoil: A unique indicator of the megacity's evolving energy consumption and overall environmental quality,,,Beijing,OP,6.713240695762572,5.54,,38641.405278783415,24472.84924135018,2286.8898877153088,332.1060439017575,564.8559725651822,544.53025,2050.0,8.537,9.44,4933000.0,54.7,45.84,0,10.1038/srep33245,PAH contamination in Beijing's topsoil: A unique indicator of the megacity's evolving energy consumption and overall environmental quality,real_model_ready,False,1.0,1.0,1.0,1.0,1.0,1.0,1.0,1.0,1.0,1.0,1.0,1.0,1.0,1.0
10.1038/srep33245,PAH contamination in Beijing's topsoil: A unique indicator of the megacity's evolving energy consumption and overall environmental quality,,,Beijing,OP,6.713240695762572,5.54,,38641.405278783415,24472.84924135018,2286.8898877153088,332.1060439017575,564.8559725651822,544.53025,2050.0,8.537,9.44,4933000.0,54.7,45.84,0,10.1038/srep33245,PAH contamination in Beijing's topsoil: A unique indicator of the megacity's evolving energy consumption and overall environmental quality,real_model_ready,False,1.0,1.0,1.0,1.0,1.0,1.0,1.0,1.0,1.0,1.0,1.0,1.0,1.0,1.0
10.1038/srep33245,PAH contamination in Beijing's topsoil: A unique indicator of the megacity's evolving energy consumption and overall environmental quality,,,Beijing,OP,6.713240695762572,5.54,,38641.405278783415,24472.84924135018,2286.8898877153088,332.1060439017575,564.8559725651822,544.53025,2050.0,8.537,9.44,4933000.0,54.7,45.84,0,10.1038/srep33245,PAH contamination in Beijing's topsoil: A unique indicator of the megacity's evolving energy consumption and overall environmental quality,real_model_ready,False,1.0,1.0,1.0,1.0,1.0,1.0,1.0,1.0,1.0,1.0,1.0,1.0,1.0,1.0
10.1038/srep33245,PAH contamination in Beijing's topsoil: A unique indicator of the megacity's evolving energy consumption and overall environmental quality,,,Beijing,OP,6.713240695762572,5.54,,38641.405278783415,24472.84924135018,2286.8898877153088,332.1060439017575,564.8559725651822,544.53025,2050.0,8.537,9.44,4933000.0,54.7,45.84,0,10.1038/srep33245,PAH contamination in Beijing's topsoil: A unique indicator of the megacity's evolving energy consumption and overall environmental quality,real_model_ready,False,1.0,1.0,1.0,1.0,1.0,1.0,1.0,1.0,1.0,1.0,1.0,1.0,1.0,1.0
10.1038/s41598-017-02999-0,"Polycyclic aromatic hydrocarbons (PAH) in Chinese forest soils: profile composition, spatial variations and source apportionment",,,,OP,6.83726475996224,5.54,,222.0,1667.6405694244859,104.36750726041245,13.441373939160295,47.398496244710415,5.62995441690365,2050.0,8.537,9.44,4933000.0,54.7,45.84,0,10.1038/s41598-017-02999-0,"Polycyclic aromatic hydrocarbons (PAH) in Chinese forest soils: profile composition, spatial variations and source apportionment",real_model_ready,False,1.0,1.0,0.0,1.0,1.0,1.0,1.0,1.0,1.0,1.0,1.0,1.0,1.0,1.0
10.1038/s41598-017-02999-0,"Polycyclic aromatic hydrocarbons (PAH) in Chinese forest soils: profile composition, spatial variations and source apportionment",,,,OP,6.83726475996224,5.54,,168.0,1667.6405694244859,104.36750726041245,13.441373939160295,47.398496244710415,5.62995441690365,2050.0,8.537,9.44,4933000.0,54.7,45.84,0,10.1038/s41598-017-02999-0,"Polycyclic aromatic hydrocarbons (PAH) in Chinese forest soils: profile composition, spatial variations and source apportionment",real_model_ready,False,1.0,1.0,0.0,1.0,1.0,1.0,1.0,1.0,1.0,1.0,1.0,1.0,1.0,1.0
10.1038/s41598-017-02999-0,"Polycyclic aromatic hydrocarbons (PAH) in Chinese forest soils: profile composition, spatial variations and source apportionment",,,,OP,5.635172559058588,5.54,20.5,950.2670603764091,12.0,1752.3752750000003,361.1339785272797,188.34832055731664,16.714206756588297,2050.0,8.537,9.44,4933000.0,124.0,107.0,0,10.1038/s41598-017-02999-0,"Polycyclic aromatic hydrocarbons (PAH) in Chinese forest soils: profile composition, spatial variations and source apportionment",real_model_ready,False,1.0,1.0,1.0,0.0,1.0,1.0,1.0,1.0,1.0,1.0,1.0,1.0,0.0,0.0
10.1038/s41598-017-02999-0,"Polycyclic aromatic hydrocarbons (PAH) in Chinese forest soils: profile composition, spatial variations and source apportionment",,,,OP,5.635172559058588,5.54,21.5,950.2670603764091,10.0,1752.3752750000003,361.1339785272797,188.34832055731664,16.714206756588297,2050.0,8.537,9.44,4933000.0,125.0,131.0,0,10.1038/s41598-017-02999-0,"Polycyclic aromatic hydrocarbons (PAH) in Chinese forest soils: profile composition, spatial variations and source apportionment",real_model_ready,False,1.0,1.0,1.0,0.0,1.0,1.0,1.0,1.0,1.0,1.0,1.0,1.0,0.0,0.0
10.1038/s41598-017-02999-0,"Polycyclic aromatic hydrocarbons (PAH) in Chinese forest soils: profile composition, spatial variations and source apportionment",,,,OP,5.619089225725255,5.54,15.2,950.2670603764091,6.2,1752.3752750000003,362.7566814119123,188.34832055731664,16.714206756588297,2050.0,8.537,9.44,4933000.0,71.1,90.0,0,10.1038/s41598-017-02999-0,"Polycyclic aromatic hydrocarbons (PAH) in Chinese forest soils: profile composition, spatial variations and source apportionment",real_model_ready,False,1.0,1.0,1.0,0.0,1.0,1.0,1.0,1.0,1.0,1.0,1.0,1.0,0.0,0.0
10.1038/s41598-017-02999-0,"Polycyclic aromatic hydrocarbons (PAH) in Chinese forest soils: profile composition, spatial variations and source apportionment",,,,OP,6.460365124458873,5.54,,2163.0,1682.939047732843,63.084875223703065,71.25023867046441,51.4543306046297,6.00919508509761,2050.0,8.537,9.44,4933000.0,54.7,45.84,1,10.1038/s41598-017-02999-0,"Polycyclic aromatic hydrocarbons (PAH) in Chinese forest soils: profile composition, spatial variations and source apportionment",real_model_ready,False,1.0,1.0,0.0,1.0,1.0,1.0,1.0,1.0,1.0,1.0,1.0,1.0,1.0,1.0
10.1038/s41598-017-02999-0,"Polycyclic aromatic hydrocarbons (PAH) in Chinese forest soils: profile composition, spatial variations and source apportionment",,,,OP,6.569260237319848,5.54,,1509.0,1667.6405694244859,130.2678751934937,58.89081932153216,45.225694238709025,7.444143147972616,2050.0,8.537,9.44,4933000.0,54.7,45.84,1,10.1038/s41598-017-02999-0,"Polycyclic aromatic hydrocarbons (PAH) in Chinese forest soils: profile composition, spatial variations and source apportionment",real_model_ready,False,1.0,1.0,0.0,1.0,1.0,1.0,1.0,1.0,1.0,1.0,1.0,1.0,1.0,1.0
10.1038/s41598-017-02999-0,"Polycyclic aromatic hydrocarbons (PAH) in Chinese forest soils: profile composition, spatial variations and source apportionment",,,,OP,6.569260237319848,5.54,,1566.0,1667.6405694244859,130.2678751934937,58.89081932153216,45.225694238709025,7.444143147972616,2050.0,8.537,9.44,4933000.0,54.7,45.84,1,10.1038/s41598-017-02999-0,"Polycyclic aromatic hydrocarbons (PAH) in Chinese forest soils: profile composition, spatial variations and source apportionment",real_model_ready,False,1.0,1.0,0.0,1.0,1.0,1.0,1.0,1.0,1.0,1.0,1.0,1.0,1.0,1.0
10.1038/s41598-017-02999-0,"Polycyclic aromatic hydrocarbons (PAH) in Chinese forest soils: profile composition, spatial variations and source apportionment",,,,OP,6.375885957792208,5.54,,1600.0,1620.694422732843,63.084875223703065,76.19975409417137,51.4543306046297,7.112398677156962,2050.0,8.537,9.44,4933000.0,54.7,45.84,1,10.1038/s41598-017-02999-0,"Polycyclic aromatic hydrocarbons (PAH) in Chinese forest soils: profile composition, spatial variations and source apportionment",real_model_ready,False,1.0,1.0,0.0,1.0,1.0,1.0,1.0,1.0,1.0,1.0,1.0,1.0,1.0,1.0
10.1038/s41598-017-02999-0,"Polycyclic aromatic hydrocarbons (PAH) in Chinese forest soils: profile composition, spatial variations and source apportionment",,,,OP,6.375885957792208,5.54,,1763.0,1620.694422732843,63.084875223703065,76.19975409417137,51.4543306046297,7.112398677156962,2050.0,8.537,9.44,4933000.0,54.7,45.84,1,10.1038/s41598-017-02999-0,"Polycyclic aromatic hydrocarbons (PAH) in Chinese forest soils: profile composition, spatial variations and source apportionment",real_model_ready,False,1.0,1.0,0.0,1.0,1.0,1.0,1.0,1.0,1.0,1.0,1.0,1.0,1.0,1.0
10.1038/s41598-017-02999-0,"Polycyclic aromatic hydrocarbons (PAH) in Chinese forest soils: profile composition, spatial variations and source apportionment",,,,OP,6.83726475996224,5.54,,143.0,1667.6405694244859,104.36750726041245,13.441373939160295,47.398496244710415,5.62995441690365,2050.0,8.537,9.44,4933000.0,54.7,45.84,0,10.1038/s41598-017-02999-0,"Polycyclic aromatic hydrocarbons (PAH) in Chinese forest soils: profile composition, spatial variations and source apportionment",real_model_ready,False,1.0,1.0,0.0,1.0,1.0,1.0,1.0,1.0,1.0,1.0,1.0,1.0,1.0,1.0
10.1038/s41598-017-02999-0,"Polycyclic aromatic hydrocarbons (PAH) in Chinese forest soils: profile composition, spatial variations and source apportionment",,,,OP,6.7535847163331395,5.54,,831.0,1667.6405694244859,112.32332905527635,44.06243075151629,46.04158162421299,5.937479224744466,2050.0,8.537,9.44,4933000.0,54.7,45.84,1,10.1038/s41598-017-02999-0,"Polycyclic aromatic hydrocarbons (PAH) in Chinese forest soils: profile composition, spatial variations and source apportionment",real_model_ready,False,1.0,1.0,0.0,1.0,1.0,1.0,1.0,1.0,1.0,1.0,1.0,1.0,1.0,1.0
10.1038/s41598-017-02999-0,"Polycyclic aromatic hydrocarbons (PAH) in Chinese forest soils: profile composition, spatial variations and source apportionment",,,,OP,6.460365124458873,5.54,,2356.0,1682.939047732843,63.084875223703065,71.25023867046441,51.4543306046297,6.00919508509761,2050.0,8.537,9.44,4933000.0,54.7,45.84,1,10.1038/s41598-017-02999-0,"Polycyclic aromatic hydrocarbons (PAH) in Chinese forest soils: profile composition, spatial variations and source apportionment",real_model_ready,False,1.0,1.0,0.0,1.0,1.0,1.0,1.0,1.0,1.0,1.0,1.0,1.0,1.0,1.0
10.1038/s41598-017-02999-0,"Polycyclic aromatic hydrocarbons (PAHs) in Chinese forest soils: profile composition, spatial variations and source apportionment",,,,OP,7.72417156038406,5.54,11.4,168.0,7.4,23073.086479166668,544.5726325957587,385.7381897217854,30.429689526353183,2050.0,8.537,9.44,4933000.0,89.5,50.1,0,10.1038/s41598-017-02999-0,"Polycyclic aromatic hydrocarbons (PAHs) in Chinese forest soils: profile composition, spatial variations and source apportionment",real_model_ready,False,1.0,1.0,0.0,0.0,1.0,1.0,1.0,1.0,1.0,1.0,1.0,1.0,0.0,0.0
10.1038/s41598-017-02999-0,"Polycyclic aromatic hydrocarbons (PAHs) in Chinese forest soils: profile composition, spatial variations and source apportionment",,,,OP,7.72417156038406,5.54,26.7,222.0,10.5,23073.086479166668,544.5726325957587,385.7381897217854,30.429689526353183,2050.0,8.537,9.44,4933000.0,114.4,66.5,0,10.1038/s41598-017-02999-0,"Polycyclic aromatic hydrocarbons (PAHs) in Chinese forest soils: profile composition, spatial variations and source apportionment",real_model_ready,False,1.0,1.0,0.0,0.0,1.0,1.0,1.0,1.0,1.0,1.0,1.0,1.0,0.0,0.0
10.1038/s41598-017-02999-0_si1,"Polycyclic aromatic hydrocarbons (PAH) in Chinese forest soils: profile composition, spatial variations and source apportionment",,,,OP,5.635172559058588,5.54,20.5,950.2670603764091,12.0,1752.3752750000003,361.1339785272797,188.34832055731664,16.714206756588297,2050.0,8.537,9.44,4933000.0,124.0,107.0,0,10.1038/s41598-017-02999-0_si1,"Polycyclic aromatic hydrocarbons (PAH) in Chinese forest soils: profile composition, spatial variations and source apportionment",real_model_ready,False,1.0,1.0,1.0,0.0,1.0,1.0,1.0,1.0,1.0,1.0,1.0,1.0,0.0,0.0
10.1038/s41598-017-02999-0_si1,"Polycyclic aromatic hydrocarbons (PAH) in Chinese forest soils: profile composition, spatial variations and source apportionment",,,,OP,5.635172559058588,5.54,21.5,950.2670603764091,10.0,1752.3752750000003,361.1339785272797,188.34832055731664,16.714206756588297,2050.0,8.537,9.44,4933000.0,125.0,131.0,0,10.1038/s41598-017-02999-0_si1,"Polycyclic aromatic hydrocarbons (PAH) in Chinese forest soils: profile composition, spatial variations and source apportionment",real_model_ready,False,1.0,1.0,1.0,0.0,1.0,1.0,1.0,1.0,1.0,1.0,1.0,1.0,0.0,0.0
10.1038/s41598-017-02999-0_si1,"Polycyclic aromatic hydrocarbons (PAH) in Chinese forest soils: profile composition, spatial variations and source apportionment",,,,OP,5.619089225725255,5.54,15.2,950.2670603764091,6.2,1752.3752750000003,362.7566814119123,188.34832055731664,16.714206756588297,2050.0,8.537,9.44,4933000.0,71.1,90.0,0,10.1038/s41598-017-02999-0_si1,"Polycyclic aromatic hydrocarbons (PAH) in Chinese forest soils: profile composition, spatial variations and source apportionment",real_model_ready,False,1.0,1.0,1.0,0.0,1.0,1.0,1.0,1.0,1.0,1.0,1.0,1.0,0.0,0.0
10.1038/s41598-017-02999-0_si1,"Polycyclic aromatic hydrocarbons (PAH) in Chinese forest soils: profile composition, spatial variations and source apportionment",,,,OP,6.460365124458873,5.54,,2163.0,1682.939047732843,63.084875223703065,71.25023867046441,51.4543306046297,6.00919508509761,2050.0,8.537,9.44,4933000.0,54.7,45.84,1,10.1038/s41598-017-02999-0_si1,"Polycyclic aromatic hydrocarbons (PAH) in Chinese forest soils: profile composition, spatial variations and source apportionment",real_model_ready,False,1.0,1.0,0.0,1.0,1.0,1.0,1.0,1.0,1.0,1.0,1.0,1.0,1.0,1.0
10.1038/s41598-017-02999-0_si1,"Polycyclic aromatic hydrocarbons (PAH) in Chinese forest soils: profile composition, spatial variations and source apportionment",,,,OP,6.569260237319848,5.54,,1509.0,1667.6405694244859,130.2678751934937,58.89081932153216,45.225694238709025,7.444143147972616,2050.0,8.537,9.44,4933000.0,54.7,45.84,1,10.1038/s41598-017-02999-0_si1,"Polycyclic aromatic hydrocarbons (PAH) in Chinese forest soils: profile composition, spatial variations and source apportionment",real_model_ready,False,1.0,1.0,0.0,1.0,1.0,1.0,1.0,1.0,1.0,1.0,1.0,1.0,1.0,1.0
10.1038/s41598-017-02999-0_si1,"Polycyclic aromatic hydrocarbons (PAH) in Chinese forest soils: profile composition, spatial variations and source apportionment",,,,OP,6.569260237319848,5.54,,1566.0,1667.6405694244859,130.2678751934937,58.89081932153216,45.225694238709025,7.444143147972616,2050.0,8.537,9.44,4933000.0,54.7,45.84,1,10.1038/s41598-017-02999-0_si1,"Polycyclic aromatic hydrocarbons (PAH) in Chinese forest soils: profile composition, spatial variations and source apportionment",real_model_ready,False,1.0,1.0,0.0,1.0,1.0,1.0,1.0,1.0,1.0,1.0,1.0,1.0,1.0,1.0
10.1038/s41598-017-02999-0_si1,"Polycyclic aromatic hydrocarbons (PAH) in Chinese forest soils: profile composition, spatial variations and source apportionment",,,,OP,6.375885957792208,5.54,,1600.0,1620.694422732843,63.084875223703065,76.19975409417137,51.4543306046297,7.112398677156962,2050.0,8.537,9.44,4933000.0,54.7,45.84,1,10.1038/s41598-017-02999-0_si1,"Polycyclic aromatic hydrocarbons (PAH) in Chinese forest soils: profile composition, spatial variations and source apportionment",real_model_ready,False,1.0,1.0,0.0,1.0,1.0,1.0,1.0,1.0,1.0,1.0,1.0,1.0,1.0,1.0
10.1038/s41598-017-02999-0_si1,"Polycyclic aromatic hydrocarbons (PAH) in Chinese forest soils: profile composition, spatial variations and source apportionment",,,,OP,6.375885957792208,5.54,,1763.0,1620.694422732843,63.084875223703065,76.19975409417137,51.4543306046297,7.112398677156962,2050.0,8.537,9.44,4933000.0,54.7,45.84,1,10.1038/s41598-017-02999-0_si1,"Polycyclic aromatic hydrocarbons (PAH) in Chinese forest soils: profile composition, spatial variations and source apportionment",real_model_ready,False,1.0,1.0,0.0,1.0,1.0,1.0,1.0,1.0,1.0,1.0,1.0,1.0,1.0,1.0
10.1038/s41598-017-02999-0_si1,"Polycyclic aromatic hydrocarbons (PAH) in Chinese forest soils: profile composition, spatial variations and source apportionment",,,,OP,6.83726475996224,5.54,,143.0,1667.6405694244859,104.36750726041245,13.441373939160295,47.398496244710415,5.62995441690365,2050.0,8.537,9.44,4933000.0,54.7,45.84,0,10.1038/s41598-017-02999-0_si1,"Polycyclic aromatic hydrocarbons (PAH) in Chinese forest soils: profile composition, spatial variations and source apportionment",real_model_ready,False,1.0,1.0,0.0,1.0,1.0,1.0,1.0,1.0,1.0,1.0,1.0,1.0,1.0,1.0
10.1038/s41598-017-02999-0_si1,"Polycyclic aromatic hydrocarbons (PAH) in Chinese forest soils: profile composition, spatial variations and source apportionment",,,,OP,6.7535847163331395,5.54,,831.0,1667.6405694244859,112.32332905527635,44.06243075151629,46.04158162421299,5.937479224744466,2050.0,8.537,9.44,4933000.0,54.7,45.84,1,10.1038/s41598-017-02999-0_si1,"Polycyclic aromatic hydrocarbons (PAH) in Chinese forest soils: profile composition, spatial variations and source apportionment",real_model_ready,False,1.0,1.0,0.0,1.0,1.0,1.0,1.0,1.0,1.0,1.0,1.0,1.0,1.0,1.0
10.1038/s41598-017-02999-0_si1,"Polycyclic aromatic hydrocarbons (PAH) in Chinese forest soils: profile composition, spatial variations and source apportionment",,,,OP,6.460365124458873,5.54,,2356.0,1682.939047732843,63.084875223703065,71.25023867046441,51.4543306046297,6.00919508509761,2050.0,8.537,9.44,4933000.0,54.7,45.84,1,10.1038/s41598-017-02999-0_si1,"Polycyclic aromatic hydrocarbons (PAH) in Chinese forest soils: profile composition, spatial variations and source apportionment",real_model_ready,False,1.0,1.0,0.0,1.0,1.0,1.0,1.0,1.0,1.0,1.0,1.0,1.0,1.0,1.0
10.1038/s41598-017-02999-0_si1,"Polycyclic aromatic hydrocarbons (PAH) in Chinese forest soils: profile composition, spatial variations and source apportionment",,,,OP,6.83726475996224,5.54,,222.0,1667.6405694244859,104.36750726041245,13.441373939160295,47.398496244710415,5.62995441690365,2050.0,8.537,9.44,4933000.0,54.7,45.84,0,10.1038/s41598-017-02999-0_si1,"Polycyclic aromatic hydrocarbons (PAH) in Chinese forest soils: profile composition, spatial variations and source apportionment",real_model_ready,False,1.0,1.0,0.0,1.0,1.0,1.0,1.0,1.0,1.0,1.0,1.0,1.0,1.0,1.0
10.1038/s41598-017-02999-0_si1,"Polycyclic aromatic hydrocarbons (PAH) in Chinese forest soils: profile composition, spatial variations and source apportionment",,,,OP,6.83726475996224,5.54,,168.0,1667.6405694244859,104.36750726041245,13.441373939160295,47.398496244710415,5.62995441690365,2050.0,8.537,9.44,4933000.0,54.7,45.84,0,10.1038/s41598-017-02999-0_si1,"Polycyclic aromatic hydrocarbons (PAH) in Chinese forest soils: profile composition, spatial variations and source apportionment",real_model_ready,False,1.0,1.0,0.0,1.0,1.0,1.0,1.0,1.0,1.0,1.0,1.0,1.0,1.0,1.0
10.1038/srep33245,SI_phase7_10.1038_srep33245,,,Beijing,OP,6.713240695762572,5.54,,38641.405278783415,24472.84924135018,2286.8898877153088,332.1060439017575,564.8559725651822,544.53025,2050.0,8.537,9.44,4933000.0,54.7,45.84,0,10.1038/srep33245,SI_phase7_10.1038_srep33245,real_model_ready,False,1.0,1.0,1.0,1.0,1.0,1.0,1.0,1.0,1.0,1.0,1.0,1.0,1.0,1.0
10.1038/srep33245,SI_phase7_10.1038_srep33245,,,Beijing,OP,6.713240695762572,5.54,,38641.405278783415,24472.84924135018,2286.8898877153088,332.1060439017575,564.8559725651822,544.53025,2050.0,8.537,9.44,4933000.0,54.7,45.84,0,10.1038/srep33245,SI_phase7_10.1038_srep33245,real_model_ready,False,1.0,1.0,1.0,1.0,1.0,1.0,1.0,1.0,1.0,1.0,1.0,1.0,1.0,1.0
10.1038/srep33245,SI_phase7_10.1038_srep33245,,,Beijing,OP,6.713240695762572,5.54,,38641.405278783415,24472.84924135018,2286.8898877153088,332.1060439017575,564.8559725651822,544.53025,2050.0,8.537,9.44,4933000.0,54.7,45.84,0,10.1038/srep33245,SI_phase7_10.1038_srep33245,real_model_ready,False,1.0,1.0,1.0,1.0,1.0,1.0,1.0,1.0,1.0,1.0,1.0,1.0,1.0,1.0
10.1038/srep33245,SI_phase7_10.1038_srep33245,,,Beijing,OP,6.713240695762572,5.54,,38641.405278783415,24472.84924135018,2286.8898877153088,332.1060439017575,564.8559725651822,544.53025,2050.0,8.537,9.44,4933000.0,54.7,45.84,0,10.1038/srep33245,SI_phase7_10.1038_srep33245,real_model_ready,False,1.0,1.0,1.0,1.0,1.0,1.0,1.0,1.0,1.0,1.0,1.0,1.0,1.0,1.0
10.1038/srep33245,SI_phase7_10.1038_srep33245,,,Beijing,OP,6.713240695762572,5.54,,38641.405278783415,24472.84924135018,2286.8898877153088,332.1060439017575,564.8559725651822,544.53025,2050.0,8.537,9.44,4933000.0,54.7,45.84,0,10.1038/srep33245,SI_phase7_10.1038_srep33245,real_model_ready,False,1.0,1.0,1.0,1.0,1.0,1.0,1.0,1.0,1.0,1.0,1.0,1.0,1.0,1.0
10.1038/srep33245,SI_phase7_10.1038_srep33245,,,Beijing,OP,6.713240695762572,5.54,,38641.405278783415,24472.84924135018,2286.8898877153088,332.1060439017575,564.8559725651822,544.53025,2050.0,8.537,9.44,4933000.0,54.7,45.84,0,10.1038/srep33245,SI_phase7_10.1038_srep33245,real_model_ready,False,1.0,1.0,1.0,1.0,1.0,1.0,1.0,1.0,1.0,1.0,1.0,1.0,1.0,1.0
10.1038/srep33245,PAH contamination in Beijing's topsoil: A unique indicator of the megacity's evolving energy consumption and overall environmental quality,,,Beijing,OP,6.713240695762572,5.54,,38641.405278783415,24472.84924135018,2286.8898877153088,332.1060439017575,564.8559725651822,544.53025,2050.0,8.537,9.44,4933000.0,54.7,45.84,0,10.1038/srep33245,PAH contamination in Beijing's topsoil: A unique indicator of the megacity's evolving energy consumption and overall environmental quality,real_model_ready,False,1.0,1.0,1.0,1.0,1.0,1.0,1.0,1.0,1.0,1.0,1.0,1.0,1.0,1.0
10.1038/srep33245,PAH contamination in Beijing's topsoil: A unique indicator of the megacity's evolving energy consumption and overall environmental quality,,,Beijing,OP,6.713240695762572,5.54,,38641.405278783415,24472.84924135018,2286.8898877153088,332.1060439017575,564.8559725651822,544.53025,2050.0,8.537,9.44,4933000.0,54.7,45.84,0,10.1038/srep33245,PAH contamination in Beijing's topsoil: A unique indicator of the megacity's evolving energy consumption and overall environmental quality,real_model_ready,False,1.0,1.0,1.0,1.0,1.0,1.0,1.0,1.0,1.0,1.0,1.0,1.0,1.0,1.0
10.1038/srep33245,PAH contamination in Beijing's topsoil: A unique indicator of the megacity's evolving energy consumption and overall environmental quality,,,Beijing,OP,6.713240695762572,5.54,,38641.405278783415,24472.84924135018,2286.8898877153088,332.1060439017575,564.8559725651822,544.53025,2050.0,8.537,9.44,4933000.0,54.7,45.84,0,10.1038/srep33245,PAH contamination in Beijing's topsoil: A unique indicator of the megacity's evolving energy consumption and overall environmental quality,real_model_ready,False,1.0,1.0,1.0,1.0,1.0,1.0,1.0,1.0,1.0,1.0,1.0,1.0,1.0,1.0
10.1038/srep33245,PAH contamination in Beijing's topsoil: A unique indicator of the megacity's evolving energy consumption and overall environmental quality,,,Beijing,OP,6.713240695762572,5.54,,38641.405278783415,24472.84924135018,2286.8898877153088,332.1060439017575,564.8559725651822,544.53025,2050.0,8.537,9.44,4933000.0,54.7,45.84,0,10.1038/srep33245,PAH contamination in Beijing's topsoil: A unique indicator of the megacity's evolving energy consumption and overall environmental quality,real_model_ready,False,1.0,1.0,1.0,1.0,1.0,1.0,1.0,1.0,1.0,1.0,1.0,1.0,1.0,1.0
10.1038/srep33245,PAH contamination in Beijing's topsoil: A unique indicator of the megacity's evolving energy consumption and overall environmental quality,,,Beijing,OP,6.713240695762572,5.54,,38641.405278783415,24472.84924135018,2286.8898877153088,332.1060439017575,564.8559725651822,544.53025,2050.0,8.537,9.44,4933000.0,54.7,45.84,0,10.1038/srep33245,PAH contamination in Beijing's topsoil: A unique indicator of the megacity's evolving energy consumption and overall environmental quality,real_model_ready,False,1.0,1.0,1.0,1.0,1.0,1.0,1.0,1.0,1.0,1.0,1.0,1.0,1.0,1.0
10.1038/srep33245,PAH contamination in Beijing's topsoil: A unique indicator of the megacity's evolving energy consumption and overall environmental quality,,,Beijing,OP,6.713240695762572,5.54,,38641.405278783415,24472.84924135018,2286.8898877153088,332.1060439017575,564.8559725651822,544.53025,2050.0,8.537,9.44,4933000.0,54.7,45.84,0,10.1038/srep33245,PAH contamination in Beijing's topsoil: A unique indicator of the megacity's evolving energy consumption and overall environmental quality,real_model_ready,False,1.0,1.0,1.0,1.0,1.0,1.0,1.0,1.0,1.0,1.0,1.0,1.0,1.0,1.0
10.1007/s11270-023-06242-7/LibGen,p8_10.1007_s11270-023-06242-7_LibGen,36.555,101.506,Qinghai,OP,6.31663957420961,5.54,,348748.946344318,27612.99801008145,3060.5,152.7,1127.7991061690143,2506.3,2050.0,8.537,9.44,4933000.0,54.7,45.84,1,10.1007/s11270-023-06242-7/LibGen,p8_10.1007_s11270-023-06242-7_LibGen,real_model_ready,False,1.0,1.0,1.0,1.0,0.0,0.0,1.0,0.0,1.0,1.0,1.0,1.0,1.0,1.0
10.1038/s41598-017-02999-0,"Polycyclic aromatic hydrocarbons (PAHs) in Chinese forest soils: profile composition, spatial variations and source apportionment",,,,OP,7.72417156038406,5.54,11.4,168.0,7.4,23073.086479166668,544.5726325957587,385.7381897217854,30.429689526353183,2050.0,8.537,9.44,4933000.0,89.5,50.1,0,10.1038/s41598-017-02999-0,"Polycyclic aromatic hydrocarbons (PAHs) in Chinese forest soils: profile composition, spatial variations and source apportionment",real_model_ready,False,1.0,1.0,0.0,0.0,1.0,1.0,1.0,1.0,1.0,1.0,1.0,1.0,0.0,0.0
10.1038/s41598-017-02999-0,"Polycyclic aromatic hydrocarbons (PAHs) in Chinese forest soils: profile composition, spatial variations and source apportionment",,,,OP,7.72417156038406,5.54,26.7,222.0,10.5,23073.086479166668,544.5726325957587,385.7381897217854,30.429689526353183,2050.0,8.537,9.44,4933000.0,114.4,66.5,0,10.1038/s41598-017-02999-0,"Polycyclic aromatic hydrocarbons (PAHs) in Chinese forest soils: profile composition, spatial variations and source apportionment",real_model_ready,False,1.0,1.0,0.0,0.0,1.0,1.0,1.0,1.0,1.0,1.0,1.0,1.0,0.0,0.0
10.1038/srep33245,PAH contamination in Beijing's topsoil: A unique indicator of the megacity's evolving energy consumption and overall environmental quality,,,Beijing,OP,6.713240695762572,5.54,,38641.405278783415,24472.84924135018,2286.8898877153088,332.1060439017575,564.8559725651822,544.53025,2050.0,8.537,9.44,4933000.0,54.7,45.84,0,10.1038/srep33245,PAH contamination in Beijing's topsoil: A unique indicator of the megacity's evolving energy consumption and overall environmental quality,real_model_ready,False,1.0,1.0,1.0,1.0,1.0,1.0,1.0,1.0,1.0,1.0,1.0,1.0,1.0,1.0
10.1038/srep33245,PAH contamination in Beijing's topsoil: A unique indicator of the megacity's evolving energy consumption and overall environmental quality,,,Beijing,OP,6.713240695762572,5.54,,38641.405278783415,24472.84924135018,2286.8898877153088,332.1060439017575,564.8559725651822,544.53025,2050.0,8.537,9.44,4933000.0,54.7,45.84,0,10.1038/srep33245,PAH contamination in Beijing's topsoil: A unique indicator of the megacity's evolving energy consumption and overall environmental quality,real_model_ready,False,1.0,1.0,1.0,1.0,1.0,1.0,1.0,1.0,1.0,1.0,1.0,1.0,1.0,1.0
10.1038/srep33245,PAH contamination in Beijing's topsoil: A unique indicator of the megacity's evolving energy consumption and overall environmental quality,,,Beijing,OP,6.713240695762572,5.54,,38641.405278783415,24472.84924135018,2286.8898877153088,332.1060439017575,564.8559725651822,544.53025,2050.0,8.537,9.44,4933000.0,54.7,45.84,0,10.1038/srep33245,PAH contamination in Beijing's topsoil: A unique indicator of the megacity's evolving energy consumption and overall environmental quality,real_model_ready,False,1.0,1.0,1.0,1.0,1.0,1.0,1.0,1.0,1.0,1.0,1.0,1.0,1.0,1.0
10.1038/srep33245,PAH contamination in Beijing's topsoil: A unique indicator of the megacity's evolving energy consumption and overall environmental quality,,,Beijing,OP,6.713240695762572,5.54,,38641.405278783415,24472.84924135018,2286.8898877153088,332.1060439017575,564.8559725651822,544.53025,2050.0,8.537,9.44,4933000.0,54.7,45.84,0,10.1038/srep33245,PAH contamination in Beijing's topsoil: A unique indicator of the megacity's evolving energy consumption and overall environmental quality,real_model_ready,False,1.0,1.0,1.0,1.0,1.0,1.0,1.0,1.0,1.0,1.0,1.0,1.0,1.0,1.0
10.1038/s41598-017-02999-0,p8_s41598-017-02999-0__2_,,,,OP,7.72417156038406,5.54,11.4,168.0,7.4,23073.086479166668,544.5726325957587,385.7381897217854,30.429689526353183,2050.0,8.537,9.44,4933000.0,89.5,50.1,0,10.1038/s41598-017-02999-0,p8_s41598-017-02999-0__2_,real_model_ready,False,1.0,1.0,0.0,0.0,1.0,1.0,1.0,1.0,1.0,1.0,1.0,1.0,0.0,0.0
10.1038/s41598-017-02999-0,p8_s41598-017-02999-0__2_,,,,OP,7.72417156038406,5.54,26.7,222.0,10.5,23073.086479166668,544.5726325957587,385.7381897217854,30.429689526353183,2050.0,8.537,9.44,4933000.0,114.4,66.5,0,10.1038/s41598-017-02999-0,p8_s41598-017-02999-0__2_,real_model_ready,False,1.0,1.0,0.0,0.0,1.0,1.0,1.0,1.0,1.0,1.0,1.0,1.0,0.0,0.0
10.1038/srep33245,p8_srep33245,,,Beijing,OP,6.713240695762572,5.54,,38641.405278783415,24472.84924135018,2286.8898877153088,332.1060439017575,564.8559725651822,544.53025,2050.0,8.537,9.44,4933000.0,54.7,45.84,0,10.1038/srep33245,p8_srep33245,real_model_ready,False,1.0,1.0,1.0,1.0,1.0,1.0,1.0,1.0,1.0,1.0,1.0,1.0,1.0,1.0
10.1038/srep33245,p8_srep33245,,,Beijing,OP,6.713240695762572,5.54,,38641.405278783415,24472.84924135018,2286.8898877153088,332.1060439017575,564.8559725651822,544.53025,2050.0,8.537,9.44,4933000.0,54.7,45.84,0,10.1038/srep33245,p8_srep33245,real_model_ready,False,1.0,1.0,1.0,1.0,1.0,1.0,1.0,1.0,1.0,1.0,1.0,1.0,1.0,1.0
10.1038/s41598-017-02999-0,"Polycyclic aromatic hydrocarbons (PAHs) in Chinese forest soils: profile composition, spatial variations and source apportionment",53.0,122.0,Heilongjiang,OP,5.635172559058588,5.54,11.4,950.2670603764091,7.4,1752.3752750000003,361.1339785272797,188.34832055731664,16.714206756588297,2050.0,8.537,9.44,4933000.0,89.5,50.1,0,10.1038/s41598-017-02999-0,"Polycyclic aromatic hydrocarbons (PAHs) in Chinese forest soils: profile composition, spatial variations and source apportionment",real_model_ready,False,1.0,1.0,1.0,0.0,1.0,1.0,1.0,1.0,1.0,1.0,1.0,1.0,0.0,0.0
10.1038/s41598-017-02999-0,"Polycyclic aromatic hydrocarbons (PAHs) in Chinese forest soils: profile composition, spatial variations and source apportionment",53.0,122.0,Heilongjiang,OP,5.635172559058588,5.54,26.7,950.2670603764091,10.5,1752.3752750000003,361.1339785272797,188.34832055731664,16.714206756588297,2050.0,8.537,9.44,4933000.0,114.4,66.5,0,10.1038/s41598-017-02999-0,"Polycyclic aromatic hydrocarbons (PAHs) in Chinese forest soils: profile composition, spatial variations and source apportionment",real_model_ready,False,1.0,1.0,1.0,0.0,1.0,1.0,1.0,1.0,1.0,1.0,1.0,1.0,0.0,0.0
10.1038/s41598-017-02999-0,SI_phase7_41598_2017_2999_MOESM1_ESM,,,,OP,7.72417156038406,5.54,20.5,276.0,12.0,21254.711479166668,530.1350931682648,386.0731897217854,30.429689526353183,2050.0,8.537,9.44,4933000.0,124.0,107.0,0,10.1038/s41598-017-02999-0,SI_phase7_41598_2017_2999_MOESM1_ESM,real_model_ready,False,1.0,1.0,0.0,0.0,1.0,1.0,1.0,1.0,1.0,1.0,1.0,1.0,0.0,0.0
10.1038/s41598-017-02999-0,p7new_41598_2017_2999_MOESM1_ESM,,,,OP,5.635172559058588,5.54,20.5,950.2670603764091,12.0,1752.3752750000003,361.1339785272797,188.34832055731664,16.714206756588297,2050.0,8.537,9.44,4933000.0,124.0,107.0,0,10.1038/s41598-017-02999-0,p7new_41598_2017_2999_MOESM1_ESM,real_model_ready,False,1.0,1.0,1.0,0.0,1.0,1.0,1.0,1.0,1.0,1.0,1.0,1.0,0.0,0.0
10.1038/s41598-017-02999-0,"Polycyclic aromatic hydrocarbons (PAHs) in Chinese forest soils: profile composition, spatial variations and source apportionment",,,,OP,7.72417156038406,5.54,11.4,168.0,7.4,23073.086479166668,544.5726325957587,385.7381897217854,30.429689526353183,2050.0,8.537,9.44,4933000.0,89.5,50.1,0,10.1038/s41598-017-02999-0,"Polycyclic aromatic hydrocarbons (PAHs) in Chinese forest soils: profile composition, spatial variations and source apportionment",real_model_ready,False,1.0,1.0,0.0,0.0,1.0,1.0,1.0,1.0,1.0,1.0,1.0,1.0,0.0,0.0
10.1038/s41598-017-02999-0,"Polycyclic aromatic hydrocarbons (PAHs) in Chinese forest soils: profile composition, spatial variations and source apportionment",,,,OP,7.72417156038406,5.54,26.7,222.0,10.5,23073.086479166668,544.5726325957587,385.7381897217854,30.429689526353183,2050.0,8.537,9.44,4933000.0,114.4,66.5,0,10.1038/s41598-017-02999-0,"Polycyclic aromatic hydrocarbons (PAHs) in Chinese forest soils: profile composition, spatial variations and source apportionment",real_model_ready,False,1.0,1.0,0.0,0.0,1.0,1.0,1.0,1.0,1.0,1.0,1.0,1.0,0.0,0.0
10.1038/s41598-017-02999-0,"Polycyclic aromatic hydrocarbons (PAHs) in Chinese forest soils: profile composition, spatial variations and source apportionment",,,,OP,6.757532632999807,5.54,,590.0,1667.6405694244859,104.36750726041245,11.302069053903734,47.398496244710415,5.9593752307916334,2050.0,8.537,9.44,4933000.0,54.7,45.84,1,10.1038/s41598-017-02999-0,"Polycyclic aromatic hydrocarbons (PAHs) in Chinese forest soils: profile composition, spatial variations and source apportionment",real_model_ready,False,1.0,1.0,0.0,1.0,1.0,1.0,1.0,1.0,1.0,1.0,1.0,1.0,1.0,1.0
10.1038/s41598-017-02999-0,"Polycyclic aromatic hydrocarbons (PAHs) in Chinese forest soils: profile composition, spatial variations and source apportionment",,,,OP,6.375885957792208,5.54,,1913.0,1620.694422732843,63.084875223703065,76.19975409417137,51.4543306046297,7.112398677156962,2050.0,8.537,9.44,4933000.0,54.7,45.84,1,10.1038/s41598-017-02999-0,"Polycyclic aromatic hydrocarbons (PAHs) in Chinese forest soils: profile composition, spatial variations and source apportionment",real_model_ready,False,1.0,1.0,0.0,1.0,1.0,1.0,1.0,1.0,1.0,1.0,1.0,1.0,1.0,1.0
10.1038/s41598-017-02999-0,"Polycyclic aromatic hydrocarbons (PAHs) in Chinese forest soils: profile composition, spatial variations and source apportionment",,,,OP,6.439847103863906,5.54,,4539.0,1628.0469342323377,139.09527691553018,82.90619998807506,45.225694238709025,7.629484243102851,2050.0,8.537,9.44,4933000.0,54.7,45.84,1,10.1038/s41598-017-02999-0,"Polycyclic aromatic hydrocarbons (PAHs) in Chinese forest soils: profile composition, spatial variations and source apportionment",real_model_ready,False,1.0,1.0,0.0,1.0,1.0,1.0,1.0,1.0,1.0,1.0,1.0,1.0,1.0,1.0
