column,dtype
DOI,"DOI                         object
Source                      object
Year                       float64
Journal                     object
Country                     object
                            ...   
VegetationType              object
extraction_notes_inline    float64
Latitude                   float64
Longitude                  float64
site_id                      int64
Length: 720, dtype: object"
Source,"DOI                         object
Source                      object
Year                       float64
Journal                     object
Country                     object
                            ...   
VegetationType              object
extraction_notes_inline    float64
Latitude                   float64
Longitude                  float64
site_id                      int64
Length: 720, dtype: object"
Year,"DOI                         object
Source                      object
Year                       float64
Journal                     object
Country                     object
                            ...   
VegetationType              object
extraction_notes_inline    float64
Latitude                   float64
Longitude                  float64
site_id                      int64
Length: 720, dtype: object"
Journal,"DOI                         object
Source                      object
Year                       float64
Journal                     object
Country                     object
                            ...   
VegetationType              object
extraction_notes_inline    float64
Latitude                   float64
Longitude                  float64
site_id                      int64
Length: 720, dtype: object"
Country,"DOI                         object
Source                      object
Year                       float64
Journal                     object
Country                     object
                            ...   
VegetationType              object
extraction_notes_inline    float64
Latitude                   float64
Longitude                  float64
site_id                      int64
Length: 720, dtype: object"
Province,"DOI                         object
Source                      object
Year                       float64
Journal                     object
Country                     object
                            ...   
VegetationType              object
extraction_notes_inline    float64
Latitude                   float64
Longitude                  float64
site_id                      int64
Length: 720, dtype: object"
City,"DOI                         object
Source                      object
Year                       float64
Journal                     object
Country                     object
                            ...   
VegetationType              object
extraction_notes_inline    float64
Latitude                   float64
Longitude                  float64
site_id                      int64
Length: 720, dtype: object"
SiteDescription,"DOI                         object
Source                      object
Year                       float64
Journal                     object
Country                     object
                            ...   
VegetationType              object
extraction_notes_inline    float64
Latitude                   float64
Longitude                  float64
site_id                      int64
Length: 720, dtype: object"
SamplingYear,"DOI                         object
Source                      object
Year                       float64
Journal                     object
Country                     object
                            ...   
VegetationType              object
extraction_notes_inline    float64
Latitude                   float64
Longitude                  float64
site_id                      int64
Length: 720, dtype: object"
SamplingDepth,"DOI                         object
Source                      object
Year                       float64
Journal                     object
Country                     object
                            ...   
VegetationType              object
extraction_notes_inline    float64
Latitude                   float64
Longitude                  float64
site_id                      int64
Length: 720, dtype: object"
LandUseType,"DOI                         object
Source                      object
Year                       float64
Journal                     object
Country                     object
                            ...   
VegetationType              object
extraction_notes_inline    float64
Latitude                   float64
Longitude                  float64
site_id                      int64
Length: 720, dtype: object"
LandUse,"DOI                         object
Source                      object
Year                       float64
Journal                     object
Country                     object
                            ...   
VegetationType              object
extraction_notes_inline    float64
Latitude                   float64
Longitude                  float64
site_id                      int64
Length: 720, dtype: object"
Pollution_Type,"DOI                         object
Source                      object
Year                       float64
Journal                     object
Country                     object
                            ...   
VegetationType              object
extraction_notes_inline    float64
Latitude                   float64
Longitude                  float64
site_id                      int64
Length: 720, dtype: object"
SampleID,"DOI                         object
Source                      object
Year                       float64
Journal                     object
Country                     object
                            ...   
VegetationType              object
extraction_notes_inline    float64
Latitude                   float64
Longitude                  float64
site_id                      int64
Length: 720, dtype: object"
SoilpH,"DOI                         object
Source                      object
Year                       float64
Journal                     object
Country                     object
                            ...   
VegetationType              object
extraction_notes_inline    float64
Latitude                   float64
Longitude                  float64
site_id                      int64
Length: 720, dtype: object"
pH,"DOI                         object
Source                      object
Year                       float64
Journal                     object
Country                     object
                            ...   
VegetationType              object
extraction_notes_inline    float64
Latitude                   float64
Longitude                  float64
site_id                      int64
Length: 720, dtype: object"
pH_merged,"DOI                         object
Source                      object
Year                       float64
Journal                     object
Country                     object
                            ...   
VegetationType              object
extraction_notes_inline    float64
Latitude                   float64
Longitude                  float64
site_id                      int64
Length: 720, dtype: object"
OC_pct,"DOI                         object
Source                      object
Year                       float64
Journal                     object
Country                     object
                            ...   
VegetationType              object
extraction_notes_inline    float64
Latitude                   float64
Longitude                  float64
site_id                      int64
Length: 720, dtype: object"
SoilBD_gcm3,"DOI                         object
Source                      object
Year                       float64
Journal                     object
Country                     object
                            ...   
VegetationType              object
extraction_notes_inline    float64
Latitude                   float64
Longitude                  float64
site_id                      int64
Length: 720, dtype: object"
CEC_cmolkg,"DOI                         object
Source                      object
Year                       float64
Journal                     object
Country                     object
                            ...   
VegetationType              object
extraction_notes_inline    float64
Latitude                   float64
Longitude                  float64
site_id                      int64
Length: 720, dtype: object"
Sand_pct,"DOI                         object
Source                      object
Year                       float64
Journal                     object
Country                     object
                            ...   
VegetationType              object
extraction_notes_inline    float64
Latitude                   float64
Longitude                  float64
site_id                      int64
Length: 720, dtype: object"
Silt_pct,"DOI                         object
Source                      object
Year                       float64
Journal                     object
Country                     object
                            ...   
VegetationType              object
extraction_notes_inline    float64
Latitude                   float64
Longitude                  float64
site_id                      int64
Length: 720, dtype: object"
Clay_pct,"DOI                         object
Source                      object
Year                       float64
Journal                     object
Country                     object
                            ...   
VegetationType              object
extraction_notes_inline    float64
Latitude                   float64
Longitude                  float64
site_id                      int64
Length: 720, dtype: object"
SoilTexture,"DOI                         object
Source                      object
Year                       float64
Journal                     object
Country                     object
                            ...   
VegetationType              object
extraction_notes_inline    float64
Latitude                   float64
Longitude                  float64
site_id                      int64
Length: 720, dtype: object"
SoilType,"DOI                         object
Source                      object
Year                       float64
Journal                     object
Country                     object
                            ...   
VegetationType              object
extraction_notes_inline    float64
Latitude                   float64
Longitude                  float64
site_id                      int64
Length: 720, dtype: object"
Cd_mgkg,"DOI                         object
Source                      object
Year                       float64
Journal                     object
Country                     object
                            ...   
VegetationType              object
extraction_notes_inline    float64
Latitude                   float64
Longitude                  float64
site_id                      int64
Length: 720, dtype: object"
Pb_mgkg,"DOI                         object
Source                      object
Year                       float64
Journal                     object
Country                     object
                            ...   
VegetationType              object
extraction_notes_inline    float64
Latitude                   float64
Longitude                  float64
site_id                      int64
Length: 720, dtype: object"
As_mgkg,"DOI                         object
Source                      object
Year                       float64
Journal                     object
Country                     object
                            ...   
VegetationType              object
extraction_notes_inline    float64
Latitude                   float64
Longitude                  float64
site_id                      int64
Length: 720, dtype: object"
Cu_mgkg,"DOI                         object
Source                      object
Year                       float64
Journal                     object
Country                     object
                            ...   
VegetationType              object
extraction_notes_inline    float64
Latitude                   float64
Longitude                  float64
site_id                      int64
Length: 720, dtype: object"
Zn_mgkg,"DOI                         object
Source                      object
Year                       float64
Journal                     object
Country                     object
                            ...   
VegetationType              object
extraction_notes_inline    float64
Latitude                   float64
Longitude                  float64
site_id                      int64
Length: 720, dtype: object"
Ni_mgkg,"DOI                         object
Source                      object
Year                       float64
Journal                     object
Country                     object
                            ...   
VegetationType              object
extraction_notes_inline    float64
Latitude                   float64
Longitude                  float64
site_id                      int64
Length: 720, dtype: object"
Cr_mgkg,"DOI                         object
Source                      object
Year                       float64
Journal                     object
Country                     object
                            ...   
VegetationType              object
extraction_notes_inline    float64
Latitude                   float64
Longitude                  float64
site_id                      int64
Length: 720, dtype: object"
Hg_mgkg,"DOI                         object
Source                      object
Year                       float64
Journal                     object
Country                     object
                            ...   
VegetationType              object
extraction_notes_inline    float64
Latitude                   float64
Longitude                  float64
site_id                      int64
Length: 720, dtype: object"
A_HCH_ngg,"DOI                         object
Source                      object
Year                       float64
Journal                     object
Country                     object
                            ...   
VegetationType              object
extraction_notes_inline    float64
Latitude                   float64
Longitude                  float64
site_id                      int64
Length: 720, dtype: object"
Ace_mgkg,"DOI                         object
Source                      object
Year                       float64
Journal                     object
Country                     object
                            ...   
VegetationType              object
extraction_notes_inline    float64
Latitude                   float64
Longitude                  float64
site_id                      int64
Length: 720, dtype: object"
Ace_ngg,"DOI                         object
Source                      object
Year                       float64
Journal                     object
Country                     object
                            ...   
VegetationType              object
extraction_notes_inline    float64
Latitude                   float64
Longitude                  float64
site_id                      int64
Length: 720, dtype: object"
Acy_mgkg,"DOI                         object
Source                      object
Year                       float64
Journal                     object
Country                     object
                            ...   
VegetationType              object
extraction_notes_inline    float64
Latitude                   float64
Longitude                  float64
site_id                      int64
Length: 720, dtype: object"
Acy_ngg,"DOI                         object
Source                      object
Year                       float64
Journal                     object
Country                     object
                            ...   
VegetationType              object
extraction_notes_inline    float64
Latitude                   float64
Longitude                  float64
site_id                      int64
Length: 720, dtype: object"
Al_mgkg,"DOI                         object
Source                      object
Year                       float64
Journal                     object
Country                     object
                            ...   
VegetationType              object
extraction_notes_inline    float64
Latitude                   float64
Longitude                  float64
site_id                      int64
Length: 720, dtype: object"
Altitude_m,"DOI                         object
Source                      object
Year                       float64
Journal                     object
Country                     object
                            ...   
VegetationType              object
extraction_notes_inline    float64
Latitude                   float64
Longitude                  float64
site_id                      int64
Length: 720, dtype: object"
Ant_mgkg,"DOI                         object
Source                      object
Year                       float64
Journal                     object
Country                     object
                            ...   
VegetationType              object
extraction_notes_inline    float64
Latitude                   float64
Longitude                  float64
site_id                      int64
Length: 720, dtype: object"
Ant_ngg,"DOI                         object
Source                      object
Year                       float64
Journal                     object
Country                     object
                            ...   
VegetationType              object
extraction_notes_inline    float64
Latitude                   float64
Longitude                  float64
site_id                      int64
Length: 720, dtype: object"
AntiDP_ngg,"DOI                         object
Source                      object
Year                       float64
Journal                     object
Country                     object
                            ...   
VegetationType              object
extraction_notes_inline    float64
Latitude                   float64
Longitude                  float64
site_id                      int64
Length: 720, dtype: object"
BDE209_ngg,"DOI                         object
Source                      object
Year                       float64
Journal                     object
Country                     object
                            ...   
VegetationType              object
extraction_notes_inline    float64
Latitude                   float64
Longitude                  float64
site_id                      int64
Length: 720, dtype: object"
B_HCH_ngg,"DOI                         object
Source                      object
Year                       float64
Journal                     object
Country                     object
                            ...   
VegetationType              object
extraction_notes_inline    float64
Latitude                   float64
Longitude                  float64
site_id                      int64
Length: 720, dtype: object"
BaA_mgkg,"DOI                         object
Source                      object
Year                       float64
Journal                     object
Country                     object
                            ...   
VegetationType              object
extraction_notes_inline    float64
Latitude                   float64
Longitude                  float64
site_id                      int64
Length: 720, dtype: object"
BaA_ngg,"DOI                         object
Source                      object
Year                       float64
Journal                     object
Country                     object
                            ...   
VegetationType              object
extraction_notes_inline    float64
Latitude                   float64
Longitude                  float64
site_id                      int64
Length: 720, dtype: object"
BaP_mgkg,"DOI                         object
Source                      object
Year                       float64
Journal                     object
Country                     object
                            ...   
VegetationType              object
extraction_notes_inline    float64
Latitude                   float64
Longitude                  float64
site_id                      int64
Length: 720, dtype: object"
BaP_ngg,"DOI                         object
Source                      object
Year                       float64
Journal                     object
Country                     object
                            ...   
VegetationType              object
extraction_notes_inline    float64
Latitude                   float64
Longitude                  float64
site_id                      int64
Length: 720, dtype: object"
BaPeq_ngg,"DOI                         object
Source                      object
Year                       float64
Journal                     object
Country                     object
                            ...   
VegetationType              object
extraction_notes_inline    float64
Latitude                   float64
Longitude                  float64
site_id                      int64
Length: 720, dtype: object"
Ba_mgkg,"DOI                         object
Source                      object
Year                       float64
Journal                     object
Country                     object
                            ...   
VegetationType              object
extraction_notes_inline    float64
Latitude                   float64
Longitude                  float64
site_id                      int64
Length: 720, dtype: object"
BbF_mgkg,"DOI                         object
Source                      object
Year                       float64
Journal                     object
Country                     object
                            ...   
VegetationType              object
extraction_notes_inline    float64
Latitude                   float64
Longitude                  float64
site_id                      int64
Length: 720, dtype: object"
BbF_ngg,"DOI                         object
Source                      object
Year                       float64
Journal                     object
Country                     object
                            ...   
VegetationType              object
extraction_notes_inline    float64
Latitude                   float64
Longitude                  float64
site_id                      int64
Length: 720, dtype: object"
BghiP_mgkg,"DOI                         object
Source                      object
Year                       float64
Journal                     object
Country                     object
                            ...   
VegetationType              object
extraction_notes_inline    float64
Latitude                   float64
Longitude                  float64
site_id                      int64
Length: 720, dtype: object"
BghiP_ngg,"DOI                         object
Source                      object
Year                       float64
Journal                     object
Country                     object
                            ...   
VegetationType              object
extraction_notes_inline    float64
Latitude                   float64
Longitude                  float64
site_id                      int64
Length: 720, dtype: object"
BkF_mgkg,"DOI                         object
Source                      object
Year                       float64
Journal                     object
Country                     object
                            ...   
VegetationType              object
extraction_notes_inline    float64
Latitude                   float64
Longitude                  float64
site_id                      int64
Length: 720, dtype: object"
BkF_ngg,"DOI                         object
Source                      object
Year                       float64
Journal                     object
Country                     object
                            ...   
VegetationType              object
extraction_notes_inline    float64
Latitude                   float64
Longitude                  float64
site_id                      int64
Length: 720, dtype: object"
Ca_mgkg,"DOI                         object
Source                      object
Year                       float64
Journal                     object
Country                     object
                            ...   
VegetationType              object
extraction_notes_inline    float64
Latitude                   float64
Longitude                  float64
site_id                      int64
Length: 720, dtype: object"
Chr_mgkg,"DOI                         object
Source                      object
Year                       float64
Journal                     object
Country                     object
                            ...   
VegetationType              object
extraction_notes_inline    float64
Latitude                   float64
Longitude                  float64
site_id                      int64
Length: 720, dtype: object"
Chr_ngg,"DOI                         object
Source                      object
Year                       float64
Journal                     object
Country                     object
                            ...   
VegetationType              object
extraction_notes_inline    float64
Latitude                   float64
Longitude                  float64
site_id                      int64
Length: 720, dtype: object"
Co_mgkg,"DOI                         object
Source                      object
Year                       float64
Journal                     object
Country                     object
                            ...   
VegetationType              object
extraction_notes_inline    float64
Latitude                   float64
Longitude                  float64
site_id                      int64
Length: 720, dtype: object"
Comments,"DOI                         object
Source                      object
Year                       float64
Journal                     object
Country                     object
                            ...   
VegetationType              object
extraction_notes_inline    float64
Latitude                   float64
Longitude                  float64
site_id                      int64
Length: 720, dtype: object"
DBDPE_ngg,"DOI                         object
Source                      object
Year                       float64
Journal                     object
Country                     object
                            ...   
VegetationType              object
extraction_notes_inline    float64
Latitude                   float64
Longitude                  float64
site_id                      int64
Length: 720, dtype: object"
D_HCH_ngg,"DOI                         object
Source                      object
Year                       float64
Journal                     object
Country                     object
                            ...   
VegetationType              object
extraction_notes_inline    float64
Latitude                   float64
Longitude                  float64
site_id                      int64
Length: 720, dtype: object"
DahA_mgkg,"DOI                         object
Source                      object
Year                       float64
Journal                     object
Country                     object
                            ...   
VegetationType              object
extraction_notes_inline    float64
Latitude                   float64
Longitude                  float64
site_id                      int64
Length: 720, dtype: object"
DahA_ngg,"DOI                         object
Source                      object
Year                       float64
Journal                     object
Country                     object
                            ...   
VegetationType              object
extraction_notes_inline    float64
Latitude                   float64
Longitude                  float64
site_id                      int64
Length: 720, dtype: object"
EC_mScm,"DOI                         object
Source                      object
Year                       float64
Journal                     object
Country                     object
                            ...   
VegetationType              object
extraction_notes_inline    float64
Latitude                   float64
Longitude                  float64
site_id                      int64
Length: 720, dtype: object"
Elevation_m,"DOI                         object
Source                      object
Year                       float64
Journal                     object
Country                     object
                            ...   
VegetationType              object
extraction_notes_inline    float64
Latitude                   float64
Longitude                  float64
site_id                      int64
Length: 720, dtype: object"
Fe_mgkg,"DOI                         object
Source                      object
Year                       float64
Journal                     object
Country                     object
                            ...   
VegetationType              object
extraction_notes_inline    float64
Latitude                   float64
Longitude                  float64
site_id                      int64
Length: 720, dtype: object"
Flt_mgkg,"DOI                         object
Source                      object
Year                       float64
Journal                     object
Country                     object
                            ...   
VegetationType              object
extraction_notes_inline    float64
Latitude                   float64
Longitude                  float64
site_id                      int64
Length: 720, dtype: object"
Flt_ngg,"DOI                         object
Source                      object
Year                       float64
Journal                     object
Country                     object
                            ...   
VegetationType              object
extraction_notes_inline    float64
Latitude                   float64
Longitude                  float64
site_id                      int64
Length: 720, dtype: object"
Flu_mgkg,"DOI                         object
Source                      object
Year                       float64
Journal                     object
Country                     object
                            ...   
VegetationType              object
extraction_notes_inline    float64
Latitude                   float64
Longitude                  float64
site_id                      int64
Length: 720, dtype: object"
Flu_ngg,"DOI                         object
Source                      object
Year                       float64
Journal                     object
Country                     object
                            ...   
VegetationType              object
extraction_notes_inline    float64
Latitude                   float64
Longitude                  float64
site_id                      int64
Length: 720, dtype: object"
G_HCH_ngg,"DOI                         object
Source                      object
Year                       float64
Journal                     object
Country                     object
                            ...   
VegetationType              object
extraction_notes_inline    float64
Latitude                   float64
Longitude                  float64
site_id                      int64
Length: 720, dtype: object"
Ga_mgkg,"DOI                         object
Source                      object
Year                       float64
Journal                     object
Country                     object
                            ...   
VegetationType              object
extraction_notes_inline    float64
Latitude                   float64
Longitude                  float64
site_id                      int64
Length: 720, dtype: object"
Glucosinolate_umol_g,"DOI                         object
Source                      object
Year                       float64
Journal                     object
Country                     object
                            ...   
VegetationType              object
extraction_notes_inline    float64
Latitude                   float64
Longitude                  float64
site_id                      int64
Length: 720, dtype: object"
HBB_ngg,"DOI                         object
Source                      object
Year                       float64
Journal                     object
Country                     object
                            ...   
VegetationType              object
extraction_notes_inline    float64
Latitude                   float64
Longitude                  float64
site_id                      int64
Length: 720, dtype: object"
HMWPAH_ngg,"DOI                         object
Source                      object
Year                       float64
Journal                     object
Country                     object
                            ...   
VegetationType              object
extraction_notes_inline    float64
Latitude                   float64
Longitude                  float64
site_id                      int64
Length: 720, dtype: object"
Ind_mgkg,"DOI                         object
Source                      object
Year                       float64
Journal                     object
Country                     object
                            ...   
VegetationType              object
extraction_notes_inline    float64
Latitude                   float64
Longitude                  float64
site_id                      int64
Length: 720, dtype: object"
Ind_ngg,"DOI                         object
Source                      object
Year                       float64
Journal                     object
Country                     object
                            ...   
VegetationType              object
extraction_notes_inline    float64
Latitude                   float64
Longitude                  float64
site_id                      int64
Length: 720, dtype: object"
K_mgkg,"DOI                         object
Source                      object
Year                       float64
Journal                     object
Country                     object
                            ...   
VegetationType              object
extraction_notes_inline    float64
Latitude                   float64
Longitude                  float64
site_id                      int64
Length: 720, dtype: object"
LMWPAH_ngg,"DOI                         object
Source                      object
Year                       float64
Journal                     object
Country                     object
                            ...   
VegetationType              object
extraction_notes_inline    float64
Latitude                   float64
Longitude                  float64
site_id                      int64
Length: 720, dtype: object"
MAP_mm,"DOI                         object
Source                      object
Year                       float64
Journal                     object
Country                     object
                            ...   
VegetationType              object
extraction_notes_inline    float64
Latitude                   float64
Longitude                  float64
site_id                      int64
Length: 720, dtype: object"
Mg_mgkg,"DOI                         object
Source                      object
Year                       float64
Journal                     object
Country                     object
                            ...   
VegetationType              object
extraction_notes_inline    float64
Latitude                   float64
Longitude                  float64
site_id                      int64
Length: 720, dtype: object"
Mn_mgkg,"DOI                         object
Source                      object
Year                       float64
Journal                     object
Country                     object
                            ...   
VegetationType              object
extraction_notes_inline    float64
Latitude                   float64
Longitude                  float64
site_id                      int64
Length: 720, dtype: object"
Nap_mgkg,"DOI                         object
Source                      object
Year                       float64
Journal                     object
Country                     object
                            ...   
VegetationType              object
extraction_notes_inline    float64
Latitude                   float64
Longitude                  float64
site_id                      int64
Length: 720, dtype: object"
Nap_ngg,"DOI                         object
Source                      object
Year                       float64
Journal                     object
Country                     object
                            ...   
VegetationType              object
extraction_notes_inline    float64
Latitude                   float64
Longitude                  float64
site_id                      int64
Length: 720, dtype: object"
Note,"DOI                         object
Source                      object
Year                       float64
Journal                     object
Country                     object
                            ...   
VegetationType              object
extraction_notes_inline    float64
Latitude                   float64
Longitude                  float64
site_id                      int64
Length: 720, dtype: object"
Notes,"DOI                         object
Source                      object
Year                       float64
Journal                     object
Country                     object
                            ...   
VegetationType              object
extraction_notes_inline    float64
Latitude                   float64
Longitude                  float64
site_id                      int64
Length: 720, dtype: object"
PBEB_ngg,"DOI                         object
Source                      object
Year                       float64
Journal                     object
Country                     object
                            ...   
VegetationType              object
extraction_notes_inline    float64
Latitude                   float64
Longitude                  float64
site_id                      int64
Length: 720, dtype: object"
PCB101_ugkg,"DOI                         object
Source                      object
Year                       float64
Journal                     object
Country                     object
                            ...   
VegetationType              object
extraction_notes_inline    float64
Latitude                   float64
Longitude                  float64
site_id                      int64
Length: 720, dtype: object"
PCB118_ugkg,"DOI                         object
Source                      object
Year                       float64
Journal                     object
Country                     object
                            ...   
VegetationType              object
extraction_notes_inline    float64
Latitude                   float64
Longitude                  float64
site_id                      int64
Length: 720, dtype: object"
PCB138_ugkg,"DOI                         object
Source                      object
Year                       float64
Journal                     object
Country                     object
                            ...   
VegetationType              object
extraction_notes_inline    float64
Latitude                   float64
Longitude                  float64
site_id                      int64
Length: 720, dtype: object"
PCB153_ugkg,"DOI                         object
Source                      object
Year                       float64
Journal                     object
Country                     object
                            ...   
VegetationType              object
extraction_notes_inline    float64
Latitude                   float64
Longitude                  float64
site_id                      int64
Length: 720, dtype: object"
PCB180_ugkg,"DOI                         object
Source                      object
Year                       float64
Journal                     object
Country                     object
                            ...   
VegetationType              object
extraction_notes_inline    float64
Latitude                   float64
Longitude                  float64
site_id                      int64
Length: 720, dtype: object"
PCB28_ugkg,"DOI                         object
Source                      object
Year                       float64
Journal                     object
Country                     object
                            ...   
VegetationType              object
extraction_notes_inline    float64
Latitude                   float64
Longitude                  float64
site_id                      int64
Length: 720, dtype: object"
PCB52_ugkg,"DOI                         object
Source                      object
Year                       float64
Journal                     object
Country                     object
                            ...   
VegetationType              object
extraction_notes_inline    float64
Latitude                   float64
Longitude                  float64
site_id                      int64
Length: 720, dtype: object"
P_mgkg,"DOI                         object
Source                      object
Year                       float64
Journal                     object
Country                     object
                            ...   
VegetationType              object
extraction_notes_inline    float64
Latitude                   float64
Longitude                  float64
site_id                      int64
Length: 720, dtype: object"
Phe_mgkg,"DOI                         object
Source                      object
Year                       float64
Journal                     object
Country                     object
                            ...   
VegetationType              object
extraction_notes_inline    float64
Latitude                   float64
Longitude                  float64
site_id                      int64
Length: 720, dtype: object"
Phe_ngg,"DOI                         object
Source                      object
Year                       float64
Journal                     object
Country                     object
                            ...   
VegetationType              object
extraction_notes_inline    float64
Latitude                   float64
Longitude                  float64
site_id                      int64
Length: 720, dtype: object"
Pyr_mgkg,"DOI                         object
Source                      object
Year                       float64
Journal                     object
Country                     object
                            ...   
VegetationType              object
extraction_notes_inline    float64
Latitude                   float64
Longitude                  float64
site_id                      int64
Length: 720, dtype: object"
Pyr_ngg,"DOI                         object
Source                      object
Year                       float64
Journal                     object
Country                     object
                            ...   
VegetationType              object
extraction_notes_inline    float64
Latitude                   float64
Longitude                  float64
site_id                      int64
Length: 720, dtype: object"
References,"DOI                         object
Source                      object
Year                       float64
Journal                     object
Country                     object
                            ...   
VegetationType              object
extraction_notes_inline    float64
Latitude                   float64
Longitude                  float64
site_id                      int64
Length: 720, dtype: object"
Region,"DOI                         object
Source                      object
Year                       float64
Journal                     object
Country                     object
                            ...   
VegetationType              object
extraction_notes_inline    float64
Latitude                   float64
Longitude                  float64
site_id                      int64
Length: 720, dtype: object"
Sb_mgkg,"DOI                         object
Source                      object
Year                       float64
Journal                     object
Country                     object
                            ...   
VegetationType              object
extraction_notes_inline    float64
Latitude                   float64
Longitude                  float64
site_id                      int64
Length: 720, dtype: object"
Se_mgkg,"DOI                         object
Source                      object
Year                       float64
Journal                     object
Country                     object
                            ...   
VegetationType              object
extraction_notes_inline    float64
Latitude                   float64
Longitude                  float64
site_id                      int64
Length: 720, dtype: object"
SiltClay_ratio,"DOI                         object
Source                      object
Year                       float64
Journal                     object
Country                     object
                            ...   
VegetationType              object
extraction_notes_inline    float64
Latitude                   float64
Longitude                  float64
site_id                      int64
Length: 720, dtype: object"
Sn_mgkg,"DOI                         object
Source                      object
Year                       float64
Journal                     object
Country                     object
                            ...   
VegetationType              object
extraction_notes_inline    float64
Latitude                   float64
Longitude                  float64
site_id                      int64
Length: 720, dtype: object"
SoilSource,"DOI                         object
Source                      object
Year                       float64
Journal                     object
Country                     object
                            ...   
VegetationType              object
extraction_notes_inline    float64
Latitude                   float64
Longitude                  float64
site_id                      int64
Length: 720, dtype: object"
Sr_mgkg,"DOI                         object
Source                      object
Year                       float64
Journal                     object
Country                     object
                            ...   
VegetationType              object
extraction_notes_inline    float64
Latitude                   float64
Longitude                  float64
site_id                      int64
Length: 720, dtype: object"
SumAntibiotics_ugkg,"DOI                         object
Source                      object
Year                       float64
Journal                     object
Country                     object
                            ...   
VegetationType              object
extraction_notes_inline    float64
Latitude                   float64
Longitude                  float64
site_id                      int64
Length: 720, dtype: object"
SumDDTs_ngg,"DOI                         object
Source                      object
Year                       float64
Journal                     object
Country                     object
                            ...   
VegetationType              object
extraction_notes_inline    float64
Latitude                   float64
Longitude                  float64
site_id                      int64
Length: 720, dtype: object"
SumHCHs_ngg,"DOI                         object
Source                      object
Year                       float64
Journal                     object
Country                     object
                            ...   
VegetationType              object
extraction_notes_inline    float64
Latitude                   float64
Longitude                  float64
site_id                      int64
Length: 720, dtype: object"
SumOCP_ngg,"DOI                         object
Source                      object
Year                       float64
Journal                     object
Country                     object
                            ...   
VegetationType              object
extraction_notes_inline    float64
Latitude                   float64
Longitude                  float64
site_id                      int64
Length: 720, dtype: object"
SumPAE_ugkg,"DOI                         object
Source                      object
Year                       float64
Journal                     object
Country                     object
                            ...   
VegetationType              object
extraction_notes_inline    float64
Latitude                   float64
Longitude                  float64
site_id                      int64
Length: 720, dtype: object"
SumPBDE_ngg,"DOI                         object
Source                      object
Year                       float64
Journal                     object
Country                     object
                            ...   
VegetationType              object
extraction_notes_inline    float64
Latitude                   float64
Longitude                  float64
site_id                      int64
Length: 720, dtype: object"
SumPCB_ngg,"DOI                         object
Source                      object
Year                       float64
Journal                     object
Country                     object
                            ...   
VegetationType              object
extraction_notes_inline    float64
Latitude                   float64
Longitude                  float64
site_id                      int64
Length: 720, dtype: object"
SumPFAS_ngg,"DOI                         object
Source                      object
Year                       float64
Journal                     object
Country                     object
                            ...   
VegetationType              object
extraction_notes_inline    float64
Latitude                   float64
Longitude                  float64
site_id                      int64
Length: 720, dtype: object"
Sum_PAH_mgkg,"DOI                         object
Source                      object
Year                       float64
Journal                     object
Country                     object
                            ...   
VegetationType              object
extraction_notes_inline    float64
Latitude                   float64
Longitude                  float64
site_id                      int64
Length: 720, dtype: object"
Sum_PAH_ngg,"DOI                         object
Source                      object
Year                       float64
Journal                     object
Country                     object
                            ...   
VegetationType              object
extraction_notes_inline    float64
Latitude                   float64
Longitude                  float64
site_id                      int64
Length: 720, dtype: object"
SynDP_ngg,"DOI                         object
Source                      object
Year                       float64
Journal                     object
Country                     object
                            ...   
VegetationType              object
extraction_notes_inline    float64
Latitude                   float64
Longitude                  float64
site_id                      int64
Length: 720, dtype: object"
TBB_ngg,"DOI                         object
Source                      object
Year                       float64
Journal                     object
Country                     object
                            ...   
VegetationType              object
extraction_notes_inline    float64
Latitude                   float64
Longitude                  float64
site_id                      int64
Length: 720, dtype: object"
TBE_ngg,"DOI                         object
Source                      object
Year                       float64
Journal                     object
Country                     object
                            ...   
VegetationType              object
extraction_notes_inline    float64
Latitude                   float64
Longitude                  float64
site_id                      int64
Length: 720, dtype: object"
TBPH_ngg,"DOI                         object
Source                      object
Year                       float64
Journal                     object
Country                     object
                            ...   
VegetationType              object
extraction_notes_inline    float64
Latitude                   float64
Longitude                  float64
site_id                      int64
Length: 720, dtype: object"
TN_gkg,"DOI                         object
Source                      object
Year                       float64
Journal                     object
Country                     object
                            ...   
VegetationType              object
extraction_notes_inline    float64
Latitude                   float64
Longitude                  float64
site_id                      int64
Length: 720, dtype: object"
TPH_ngg,"DOI                         object
Source                      object
Year                       float64
Journal                     object
Country                     object
                            ...   
VegetationType              object
extraction_notes_inline    float64
Latitude                   float64
Longitude                  float64
site_id                      int64
Length: 720, dtype: object"
TP_gkg,"DOI                         object
Source                      object
Year                       float64
Journal                     object
Country                     object
                            ...   
VegetationType              object
extraction_notes_inline    float64
Latitude                   float64
Longitude                  float64
site_id                      int64
Length: 720, dtype: object"
TotalPCB_ugg,"DOI                         object
Source                      object
Year                       float64
Journal                     object
Country                     object
                            ...   
VegetationType              object
extraction_notes_inline    float64
Latitude                   float64
Longitude                  float64
site_id                      int64
Length: 720, dtype: object"
TotalPHC_mgkg,"DOI                         object
Source                      object
Year                       float64
Journal                     object
Country                     object
                            ...   
VegetationType              object
extraction_notes_inline    float64
Latitude                   float64
Longitude                  float64
site_id                      int64
Length: 720, dtype: object"
Treatment,"DOI                         object
Source                      object
Year                       float64
Journal                     object
Country                     object
                            ...   
VegetationType              object
extraction_notes_inline    float64
Latitude                   float64
Longitude                  float64
site_id                      int64
Length: 720, dtype: object"
V_mgkg,"DOI                         object
Source                      object
Year                       float64
Journal                     object
Country                     object
                            ...   
VegetationType              object
extraction_notes_inline    float64
Latitude                   float64
Longitude                  float64
site_id                      int64
Length: 720, dtype: object"
WaterSolubleSalt_gkg,"DOI                         object
Source                      object
Year                       float64
Journal                     object
Country                     object
                            ...   
VegetationType              object
extraction_notes_inline    float64
Latitude                   float64
Longitude                  float64
site_id                      int64
Length: 720, dtype: object"
extraction_notes,"DOI                         object
Source                      object
Year                       float64
Journal                     object
Country                     object
                            ...   
VegetationType              object
extraction_notes_inline    float64
Latitude                   float64
Longitude                  float64
site_id                      int64
Length: 720, dtype: object"
o_p_DDT_ngg,"DOI                         object
Source                      object
Year                       float64
Journal                     object
Country                     object
                            ...   
VegetationType              object
extraction_notes_inline    float64
Latitude                   float64
Longitude                  float64
site_id                      int64
Length: 720, dtype: object"
p_p_DDD_ngg,"DOI                         object
Source                      object
Year                       float64
Journal                     object
Country                     object
                            ...   
VegetationType              object
extraction_notes_inline    float64
Latitude                   float64
Longitude                  float64
site_id                      int64
Length: 720, dtype: object"
p_p_DDE_ngg,"DOI                         object
Source                      object
Year                       float64
Journal                     object
Country                     object
                            ...   
VegetationType              object
extraction_notes_inline    float64
Latitude                   float64
Longitude                  float64
site_id                      int64
Length: 720, dtype: object"
p_p_DDT_ngg,"DOI                         object
Source                      object
Year                       float64
Journal                     object
Country                     object
                            ...   
VegetationType              object
extraction_notes_inline    float64
Latitude                   float64
Longitude                  float64
site_id                      int64
Length: 720, dtype: object"
ANT_ngg_median,"DOI                         object
Source                      object
Year                       float64
Journal                     object
Country                     object
                            ...   
VegetationType              object
extraction_notes_inline    float64
Latitude                   float64
Longitude                  float64
site_id                      int64
Length: 720, dtype: object"
As_mgkg_median,"DOI                         object
Source                      object
Year                       float64
Journal                     object
Country                     object
                            ...   
VegetationType              object
extraction_notes_inline    float64
Latitude                   float64
Longitude                  float64
site_id                      int64
Length: 720, dtype: object"
As_residual_pct,"DOI                         object
Source                      object
Year                       float64
Journal                     object
Country                     object
                            ...   
VegetationType              object
extraction_notes_inline    float64
Latitude                   float64
Longitude                  float64
site_id                      int64
Length: 720, dtype: object"
BaA_ngg_median,"DOI                         object
Source                      object
Year                       float64
Journal                     object
Country                     object
                            ...   
VegetationType              object
extraction_notes_inline    float64
Latitude                   float64
Longitude                  float64
site_id                      int64
Length: 720, dtype: object"
BaP_ngg_median,"DOI                         object
Source                      object
Year                       float64
Journal                     object
Country                     object
                            ...   
VegetationType              object
extraction_notes_inline    float64
Latitude                   float64
Longitude                  float64
site_id                      int64
Length: 720, dtype: object"
BbF_ngg_median,"DOI                         object
Source                      object
Year                       float64
Journal                     object
Country                     object
                            ...   
VegetationType              object
extraction_notes_inline    float64
Latitude                   float64
Longitude                  float64
site_id                      int64
Length: 720, dtype: object"
BghiP_ngg_median,"DOI                         object
Source                      object
Year                       float64
Journal                     object
Country                     object
                            ...   
VegetationType              object
extraction_notes_inline    float64
Latitude                   float64
Longitude                  float64
site_id                      int64
Length: 720, dtype: object"
BkF_ngg_median,"DOI                         object
Source                      object
Year                       float64
Journal                     object
Country                     object
                            ...   
VegetationType              object
extraction_notes_inline    float64
Latitude                   float64
Longitude                  float64
site_id                      int64
Length: 720, dtype: object"
Co_mgkg_median,"DOI                         object
Source                      object
Year                       float64
Journal                     object
Country                     object
                            ...   
VegetationType              object
extraction_notes_inline    float64
Latitude                   float64
Longitude                  float64
site_id                      int64
Length: 720, dtype: object"
Cr_mgkg_median,"DOI                         object
Source                      object
Year                       float64
Journal                     object
Country                     object
                            ...   
VegetationType              object
extraction_notes_inline    float64
Latitude                   float64
Longitude                  float64
site_id                      int64
Length: 720, dtype: object"
Cu_mgkg_median,"DOI                         object
Source                      object
Year                       float64
Journal                     object
Country                     object
                            ...   
VegetationType              object
extraction_notes_inline    float64
Latitude                   float64
Longitude                  float64
site_id                      int64
Length: 720, dtype: object"
FLT_ngg_median,"DOI                         object
Source                      object
Year                       float64
Journal                     object
Country                     object
                            ...   
VegetationType              object
extraction_notes_inline    float64
Latitude                   float64
Longitude                  float64
site_id                      int64
Length: 720, dtype: object"
FLU_ngg_median,"DOI                         object
Source                      object
Year                       float64
Journal                     object
Country                     object
                            ...   
VegetationType              object
extraction_notes_inline    float64
Latitude                   float64
Longitude                  float64
site_id                      int64
Length: 720, dtype: object"
NAP_ngg_median,"DOI                         object
Source                      object
Year                       float64
Journal                     object
Country                     object
                            ...   
VegetationType              object
extraction_notes_inline    float64
Latitude                   float64
Longitude                  float64
site_id                      int64
Length: 720, dtype: object"
Ni_mgkg_median,"DOI                         object
Source                      object
Year                       float64
Journal                     object
Country                     object
                            ...   
VegetationType              object
extraction_notes_inline    float64
Latitude                   float64
Longitude                  float64
site_id                      int64
Length: 720, dtype: object"
PHE_ngg_median,"DOI                         object
Source                      object
Year                       float64
Journal                     object
Country                     object
                            ...   
VegetationType              object
extraction_notes_inline    float64
Latitude                   float64
Longitude                  float64
site_id                      int64
Length: 720, dtype: object"
PYR_ngg_median,"DOI                         object
Source                      object
Year                       float64
Journal                     object
Country                     object
                            ...   
VegetationType              object
extraction_notes_inline    float64
Latitude                   float64
Longitude                  float64
site_id                      int64
Length: 720, dtype: object"
Pb_mgkg_median,"DOI                         object
Source                      object
Year                       float64
Journal                     object
Country                     object
                            ...   
VegetationType              object
extraction_notes_inline    float64
Latitude                   float64
Longitude                  float64
site_id                      int64
Length: 720, dtype: object"
Sr_mgkg_median,"DOI                         object
Source                      object
Year                       float64
Journal                     object
Country                     object
                            ...   
VegetationType              object
extraction_notes_inline    float64
Latitude                   float64
Longitude                  float64
site_id                      int64
Length: 720, dtype: object"
Sum_PAH_ngg_max,"DOI                         object
Source                      object
Year                       float64
Journal                     object
Country                     object
                            ...   
VegetationType              object
extraction_notes_inline    float64
Latitude                   float64
Longitude                  float64
site_id                      int64
Length: 720, dtype: object"
Sum_PAH_ngg_median,"DOI                         object
Source                      object
Year                       float64
Journal                     object
Country                     object
                            ...   
VegetationType              object
extraction_notes_inline    float64
Latitude                   float64
Longitude                  float64
site_id                      int64
Length: 720, dtype: object"
Sum_PAH_ngg_min,"DOI                         object
Source                      object
Year                       float64
Journal                     object
Country                     object
                            ...   
VegetationType              object
extraction_notes_inline    float64
Latitude                   float64
Longitude                  float64
site_id                      int64
Length: 720, dtype: object"
Sum_PAH_range_mgkg,"DOI                         object
Source                      object
Year                       float64
Journal                     object
Country                     object
                            ...   
VegetationType              object
extraction_notes_inline    float64
Latitude                   float64
Longitude                  float64
site_id                      int64
Length: 720, dtype: object"
V_mgkg_median,"DOI                         object
Source                      object
Year                       float64
Journal                     object
Country                     object
                            ...   
VegetationType              object
extraction_notes_inline    float64
Latitude                   float64
Longitude                  float64
site_id                      int64
Length: 720, dtype: object"
Zn_mgkg_median,"DOI                         object
Source                      object
Year                       float64
Journal                     object
Country                     object
                            ...   
VegetationType              object
extraction_notes_inline    float64
Latitude                   float64
Longitude                  float64
site_id                      int64
Length: 720, dtype: object"
AOX_mgkg,"DOI                         object
Source                      object
Year                       float64
Journal                     object
Country                     object
                            ...   
VegetationType              object
extraction_notes_inline    float64
Latitude                   float64
Longitude                  float64
site_id                      int64
Length: 720, dtype: object"
BC_ugg,"DOI                         object
Source                      object
Year                       float64
Journal                     object
Country                     object
                            ...   
VegetationType              object
extraction_notes_inline    float64
Latitude                   float64
Longitude                  float64
site_id                      int64
Length: 720, dtype: object"
BGP_ngg,"DOI                         object
Source                      object
Year                       float64
Journal                     object
Country                     object
                            ...   
VegetationType              object
extraction_notes_inline    float64
Latitude                   float64
Longitude                  float64
site_id                      int64
Length: 720, dtype: object"
BaPeq_range_ngg_max,"DOI                         object
Source                      object
Year                       float64
Journal                     object
Country                     object
                            ...   
VegetationType              object
extraction_notes_inline    float64
Latitude                   float64
Longitude                  float64
site_id                      int64
Length: 720, dtype: object"
BaPeq_range_ngg_min,"DOI                         object
Source                      object
Year                       float64
Journal                     object
Country                     object
                            ...   
VegetationType              object
extraction_notes_inline    float64
Latitude                   float64
Longitude                  float64
site_id                      int64
Length: 720, dtype: object"
Benz_a_anthracene_ngg,"DOI                         object
Source                      object
Year                       float64
Journal                     object
Country                     object
                            ...   
VegetationType              object
extraction_notes_inline    float64
Latitude                   float64
Longitude                  float64
site_id                      int64
Length: 720, dtype: object"
Benz_a_pyrene_ngg,"DOI                         object
Source                      object
Year                       float64
Journal                     object
Country                     object
                            ...   
VegetationType              object
extraction_notes_inline    float64
Latitude                   float64
Longitude                  float64
site_id                      int64
Length: 720, dtype: object"
Benz_b_fluoranthene_ngg,"DOI                         object
Source                      object
Year                       float64
Journal                     object
Country                     object
                            ...   
VegetationType              object
extraction_notes_inline    float64
Latitude                   float64
Longitude                  float64
site_id                      int64
Length: 720, dtype: object"
Benz_e_pyrene_ngg,"DOI                         object
Source                      object
Year                       float64
Journal                     object
Country                     object
                            ...   
VegetationType              object
extraction_notes_inline    float64
Latitude                   float64
Longitude                  float64
site_id                      int64
Length: 720, dtype: object"
Benz_ghi_perylene_ngg,"DOI                         object
Source                      object
Year                       float64
Journal                     object
Country                     object
                            ...   
VegetationType              object
extraction_notes_inline    float64
Latitude                   float64
Longitude                  float64
site_id                      int64
Length: 720, dtype: object"
Benz_k_fluoranthene_ngg,"DOI                         object
Source                      object
Year                       float64
Journal                     object
Country                     object
                            ...   
VegetationType              object
extraction_notes_inline    float64
Latitude                   float64
Longitude                  float64
site_id                      int64
Length: 720, dtype: object"
CN_ratio,"DOI                         object
Source                      object
Year                       float64
Journal                     object
Country                     object
                            ...   
VegetationType              object
extraction_notes_inline    float64
Latitude                   float64
Longitude                  float64
site_id                      int64
Length: 720, dtype: object"
Cd_Pi,"DOI                         object
Source                      object
Year                       float64
Journal                     object
Country                     object
                            ...   
VegetationType              object
extraction_notes_inline    float64
Latitude                   float64
Longitude                  float64
site_id                      int64
Length: 720, dtype: object"
Cl_content_gkg,"DOI                         object
Source                      object
Year                       float64
Journal                     object
Country                     object
                            ...   
VegetationType              object
extraction_notes_inline    float64
Latitude                   float64
Longitude                  float64
site_id                      int64
Length: 720, dtype: object"
Climate,"DOI                         object
Source                      object
Year                       float64
Journal                     object
Country                     object
                            ...   
VegetationType              object
extraction_notes_inline    float64
Latitude                   float64
Longitude                  float64
site_id                      int64
Length: 720, dtype: object"
Cr_Pi,"DOI                         object
Source                      object
Year                       float64
Journal                     object
Country                     object
                            ...   
VegetationType              object
extraction_notes_inline    float64
Latitude                   float64
Longitude                  float64
site_id                      int64
Length: 720, dtype: object"
Cu_Pi,"DOI                         object
Source                      object
Year                       float64
Journal                     object
Country                     object
                            ...   
VegetationType              object
extraction_notes_inline    float64
Latitude                   float64
Longitude                  float64
site_id                      int64
Length: 720, dtype: object"
DEHP_mgkg,"DOI                         object
Source                      object
Year                       float64
Journal                     object
Country                     object
                            ...   
VegetationType              object
extraction_notes_inline    float64
Latitude                   float64
Longitude                  float64
site_id                      int64
Length: 720, dtype: object"
Elevation_m_max,"DOI                         object
Source                      object
Year                       float64
Journal                     object
Country                     object
                            ...   
VegetationType              object
extraction_notes_inline    float64
Latitude                   float64
Longitude                  float64
site_id                      int64
Length: 720, dtype: object"
Elevation_m_min,"DOI                         object
Source                      object
Year                       float64
Journal                     object
Country                     object
                            ...   
VegetationType              object
extraction_notes_inline    float64
Latitude                   float64
Longitude                  float64
site_id                      int64
Length: 720, dtype: object"
HMW_PAH_pct,"DOI                         object
Source                      object
Year                       float64
Journal                     object
Country                     object
                            ...   
VegetationType              object
extraction_notes_inline    float64
Latitude                   float64
Longitude                  float64
site_id                      int64
Length: 720, dtype: object"
ICP_ngg,"DOI                         object
Source                      object
Year                       float64
Journal                     object
Country                     object
                            ...   
VegetationType              object
extraction_notes_inline    float64
Latitude                   float64
Longitude                  float64
site_id                      int64
Length: 720, dtype: object"
LAS_mgkg,"DOI                         object
Source                      object
Year                       float64
Journal                     object
Country                     object
                            ...   
VegetationType              object
extraction_notes_inline    float64
Latitude                   float64
Longitude                  float64
site_id                      int64
Length: 720, dtype: object"
LMW_PAH_pct,"DOI                         object
Source                      object
Year                       float64
Journal                     object
Country                     object
                            ...   
VegetationType              object
extraction_notes_inline    float64
Latitude                   float64
Longitude                  float64
site_id                      int64
Length: 720, dtype: object"
LandUse_enc,"DOI                         object
Source                      object
Year                       float64
Journal                     object
Country                     object
                            ...   
VegetationType              object
extraction_notes_inline    float64
Latitude                   float64
Longitude                  float64
site_id                      int64
Length: 720, dtype: object"
Latitude_range,"DOI                         object
Source                      object
Year                       float64
Journal                     object
Country                     object
                            ...   
VegetationType              object
extraction_notes_inline    float64
Latitude                   float64
Longitude                  float64
site_id                      int64
Length: 720, dtype: object"
Location,"DOI                         object
Source                      object
Year                       float64
Journal                     object
Country                     object
                            ...   
VegetationType              object
extraction_notes_inline    float64
Latitude                   float64
Longitude                  float64
site_id                      int64
Length: 720, dtype: object"
Longitude_range,"DOI                         object
Source                      object
Year                       float64
Journal                     object
Country                     object
                            ...   
VegetationType              object
extraction_notes_inline    float64
Latitude                   float64
Longitude                  float64
site_id                      int64
Length: 720, dtype: object"
Mo_mgkg,"DOI                         object
Source                      object
Year                       float64
Journal                     object
Country                     object
                            ...   
VegetationType              object
extraction_notes_inline    float64
Latitude                   float64
Longitude                  float64
site_id                      int64
Length: 720, dtype: object"
NPE_mgkg,"DOI                         object
Source                      object
Year                       float64
Journal                     object
Country                     object
                            ...   
VegetationType              object
extraction_notes_inline    float64
Latitude                   float64
Longitude                  float64
site_id                      int64
Length: 720, dtype: object"
PAH_compounds_detected,"DOI                         object
Source                      object
Year                       float64
Journal                     object
Country                     object
                            ...   
VegetationType              object
extraction_notes_inline    float64
Latitude                   float64
Longitude                  float64
site_id                      int64
Length: 720, dtype: object"
PAH_mgkg,"DOI                         object
Source                      object
Year                       float64
Journal                     object
Country                     object
                            ...   
VegetationType              object
extraction_notes_inline    float64
Latitude                   float64
Longitude                  float64
site_id                      int64
Length: 720, dtype: object"
PCB_mgkg,"DOI                         object
Source                      object
Year                       float64
Journal                     object
Country                     object
                            ...   
VegetationType              object
extraction_notes_inline    float64
Latitude                   float64
Longitude                  float64
site_id                      int64
Length: 720, dtype: object"
PCDD_F_ngTEkg,"DOI                         object
Source                      object
Year                       float64
Journal                     object
Country                     object
                            ...   
VegetationType              object
extraction_notes_inline    float64
Latitude                   float64
Longitude                  float64
site_id                      int64
Length: 720, dtype: object"
PCDD_Fs_I_TEQ_ngm3,"DOI                         object
Source                      object
Year                       float64
Journal                     object
Country                     object
                            ...   
VegetationType              object
extraction_notes_inline    float64
Latitude                   float64
Longitude                  float64
site_id                      int64
Length: 720, dtype: object"
PCDD_Fs_I_TEQ_ugg,"DOI                         object
Source                      object
Year                       float64
Journal                     object
Country                     object
                            ...   
VegetationType              object
extraction_notes_inline    float64
Latitude                   float64
Longitude                  float64
site_id                      int64
Length: 720, dtype: object"
PCN14,"DOI                         object
Source                      object
Year                       float64
Journal                     object
Country                     object
                            ...   
VegetationType              object
extraction_notes_inline    float64
Latitude                   float64
Longitude                  float64
site_id                      int64
Length: 720, dtype: object"
PCN19,"DOI                         object
Source                      object
Year                       float64
Journal                     object
Country                     object
                            ...   
VegetationType              object
extraction_notes_inline    float64
Latitude                   float64
Longitude                  float64
site_id                      int64
Length: 720, dtype: object"
PCN24,"DOI                         object
Source                      object
Year                       float64
Journal                     object
Country                     object
                            ...   
VegetationType              object
extraction_notes_inline    float64
Latitude                   float64
Longitude                  float64
site_id                      int64
Length: 720, dtype: object"
Pb_Pi,"DOI                         object
Source                      object
Year                       float64
Journal                     object
Country                     object
                            ...   
VegetationType              object
extraction_notes_inline    float64
Latitude                   float64
Longitude                  float64
site_id                      int64
Length: 720, dtype: object"
Perylene_ngg,"DOI                         object
Source                      object
Year                       float64
Journal                     object
Country                     object
                            ...   
VegetationType              object
extraction_notes_inline    float64
Latitude                   float64
Longitude                  float64
site_id                      int64
Length: 720, dtype: object"
Plants,"DOI                         object
Source                      object
Year                       float64
Journal                     object
Country                     object
                            ...   
VegetationType              object
extraction_notes_inline    float64
Latitude                   float64
Longitude                  float64
site_id                      int64
Length: 720, dtype: object"
Pollutant,"DOI                         object
Source                      object
Year                       float64
Journal                     object
Country                     object
                            ...   
VegetationType              object
extraction_notes_inline    float64
Latitude                   float64
Longitude                  float64
site_id                      int64
Length: 720, dtype: object"
SampleType,"DOI                         object
Source                      object
Year                       float64
Journal                     object
Country                     object
                            ...   
VegetationType              object
extraction_notes_inline    float64
Latitude                   float64
Longitude                  float64
site_id                      int64
Length: 720, dtype: object"
SamplingLocation,"DOI                         object
Source                      object
Year                       float64
Journal                     object
Country                     object
                            ...   
VegetationType              object
extraction_notes_inline    float64
Latitude                   float64
Longitude                  float64
site_id                      int64
Length: 720, dtype: object"
SoilMoisture_pct,"DOI                         object
Source                      object
Year                       float64
Journal                     object
Country                     object
                            ...   
VegetationType              object
extraction_notes_inline    float64
Latitude                   float64
Longitude                  float64
site_id                      int64
Length: 720, dtype: object"
SoilOrganicMatter_pct,"DOI                         object
Source                      object
Year                       float64
Journal                     object
Country                     object
                            ...   
VegetationType              object
extraction_notes_inline    float64
Latitude                   float64
Longitude                  float64
site_id                      int64
Length: 720, dtype: object"
SumOPAH_ngg,"DOI                         object
Source                      object
Year                       float64
Journal                     object
Country                     object
                            ...   
VegetationType              object
extraction_notes_inline    float64
Latitude                   float64
Longitude                  float64
site_id                      int64
Length: 720, dtype: object"
Sum_PAH_range_ngg_max,"DOI                         object
Source                      object
Year                       float64
Journal                     object
Country                     object
                            ...   
VegetationType              object
extraction_notes_inline    float64
Latitude                   float64
Longitude                  float64
site_id                      int64
Length: 720, dtype: object"
Sum_PAH_range_ngg_min,"DOI                         object
Source                      object
Year                       float64
Journal                     object
Country                     object
                            ...   
VegetationType              object
extraction_notes_inline    float64
Latitude                   float64
Longitude                  float64
site_id                      int64
Length: 720, dtype: object"
TPHs_mgkg,"DOI                         object
Source                      object
Year                       float64
Journal                     object
Country                     object
                            ...   
VegetationType              object
extraction_notes_inline    float64
Latitude                   float64
Longitude                  float64
site_id                      int64
Length: 720, dtype: object"
Temperature_C,"DOI                         object
Source                      object
Year                       float64
Journal                     object
Country                     object
                            ...   
VegetationType              object
extraction_notes_inline    float64
Latitude                   float64
Longitude                  float64
site_id                      int64
Length: 720, dtype: object"
TotalNitrogen_pct,"DOI                         object
Source                      object
Year                       float64
Journal                     object
Country                     object
                            ...   
VegetationType              object
extraction_notes_inline    float64
Latitude                   float64
Longitude                  float64
site_id                      int64
Length: 720, dtype: object"
TotalPCB_ngg,"DOI                         object
Source                      object
Year                       float64
Journal                     object
Country                     object
                            ...   
VegetationType              object
extraction_notes_inline    float64
Latitude                   float64
Longitude                  float64
site_id                      int64
Length: 720, dtype: object"
ValidationSite,"DOI                         object
Source                      object
Year                       float64
Journal                     object
Country                     object
                            ...   
VegetationType              object
extraction_notes_inline    float64
Latitude                   float64
Longitude                  float64
site_id                      int64
Length: 720, dtype: object"
Zn_Pi,"DOI                         object
Source                      object
Year                       float64
Journal                     object
Country                     object
                            ...   
VegetationType              object
extraction_notes_inline    float64
Latitude                   float64
Longitude                  float64
site_id                      int64
Length: 720, dtype: object"
five_six_ring_PAH_pct,"DOI                         object
Source                      object
Year                       float64
Journal                     object
Country                     object
                            ...   
VegetationType              object
extraction_notes_inline    float64
Latitude                   float64
Longitude                  float64
site_id                      int64
Length: 720, dtype: object"
four_ring_PAH_pct,"DOI                         object
Source                      object
Year                       float64
Journal                     object
Country                     object
                            ...   
VegetationType              object
extraction_notes_inline    float64
Latitude                   float64
Longitude                  float64
site_id                      int64
Length: 720, dtype: object"
zotero_key,"DOI                         object
Source                      object
Year                       float64
Journal                     object
Country                     object
                            ...   
VegetationType              object
extraction_notes_inline    float64
Latitude                   float64
Longitude                  float64
site_id                      int64
Length: 720, dtype: object"
source,"DOI                         object
Source                      object
Year                       float64
Journal                     object
Country                     object
                            ...   
VegetationType              object
extraction_notes_inline    float64
Latitude                   float64
Longitude                  float64
site_id                      int64
Length: 720, dtype: object"
Glyphosate_ngL,"DOI                         object
Source                      object
Year                       float64
Journal                     object
Country                     object
                            ...   
VegetationType              object
extraction_notes_inline    float64
Latitude                   float64
Longitude                  float64
site_id                      int64
Length: 720, dtype: object"
AMPA_ngL,"DOI                         object
Source                      object
Year                       float64
Journal                     object
Country                     object
                            ...   
VegetationType              object
extraction_notes_inline    float64
Latitude                   float64
Longitude                  float64
site_id                      int64
Length: 720, dtype: object"
Sum16PAH_ngg,"DOI                         object
Source                      object
Year                       float64
Journal                     object
Country                     object
                            ...   
VegetationType              object
extraction_notes_inline    float64
Latitude                   float64
Longitude                  float64
site_id                      int64
Length: 720, dtype: object"
Extraction_Notes,"DOI                         object
Source                      object
Year                       float64
Journal                     object
Country                     object
                            ...   
VegetationType              object
extraction_notes_inline    float64
Latitude                   float64
Longitude                  float64
site_id                      int64
Length: 720, dtype: object"
I_TEQ_ngkg,"DOI                         object
Source                      object
Year                       float64
Journal                     object
Country                     object
                            ...   
VegetationType              object
extraction_notes_inline    float64
Latitude                   float64
Longitude                  float64
site_id                      int64
Length: 720, dtype: object"
WHO_TEQ_ngkg,"DOI                         object
Source                      object
Year                       float64
Journal                     object
Country                     object
                            ...   
VegetationType              object
extraction_notes_inline    float64
Latitude                   float64
Longitude                  float64
site_id                      int64
Length: 720, dtype: object"
PCB28_ngg,"DOI                         object
Source                      object
Year                       float64
Journal                     object
Country                     object
                            ...   
VegetationType              object
extraction_notes_inline    float64
Latitude                   float64
Longitude                  float64
site_id                      int64
Length: 720, dtype: object"
PCB52_ngg,"DOI                         object
Source                      object
Year                       float64
Journal                     object
Country                     object
                            ...   
VegetationType              object
extraction_notes_inline    float64
Latitude                   float64
Longitude                  float64
site_id                      int64
Length: 720, dtype: object"
PCB101_ngg,"DOI                         object
Source                      object
Year                       float64
Journal                     object
Country                     object
                            ...   
VegetationType              object
extraction_notes_inline    float64
Latitude                   float64
Longitude                  float64
site_id                      int64
Length: 720, dtype: object"
PCB118_ngg,"DOI                         object
Source                      object
Year                       float64
Journal                     object
Country                     object
                            ...   
VegetationType              object
extraction_notes_inline    float64
Latitude                   float64
Longitude                  float64
site_id                      int64
Length: 720, dtype: object"
PCB153_ngg,"DOI                         object
Source                      object
Year                       float64
Journal                     object
Country                     object
                            ...   
VegetationType              object
extraction_notes_inline    float64
Latitude                   float64
Longitude                  float64
site_id                      int64
Length: 720, dtype: object"
PCB138_ngg,"DOI                         object
Source                      object
Year                       float64
Journal                     object
Country                     object
                            ...   
VegetationType              object
extraction_notes_inline    float64
Latitude                   float64
Longitude                  float64
site_id                      int64
Length: 720, dtype: object"
PCB180_ngg,"DOI                         object
Source                      object
Year                       float64
Journal                     object
Country                     object
                            ...   
VegetationType              object
extraction_notes_inline    float64
Latitude                   float64
Longitude                  float64
site_id                      int64
Length: 720, dtype: object"
SumPCNs_ngg,"DOI                         object
Source                      object
Year                       float64
Journal                     object
Country                     object
                            ...   
VegetationType              object
extraction_notes_inline    float64
Latitude                   float64
Longitude                  float64
site_id                      int64
Length: 720, dtype: object"
Sum7PAH_ngg,"DOI                         object
Source                      object
Year                       float64
Journal                     object
Country                     object
                            ...   
VegetationType              object
extraction_notes_inline    float64
Latitude                   float64
Longitude                  float64
site_id                      int64
Length: 720, dtype: object"
Cd_spiked_mgkg,"DOI                         object
Source                      object
Year                       float64
Journal                     object
Country                     object
                            ...   
VegetationType              object
extraction_notes_inline    float64
Latitude                   float64
Longitude                  float64
site_id                      int64
Length: 720, dtype: object"
Cd_spiked_mgkg_2,"DOI                         object
Source                      object
Year                       float64
Journal                     object
Country                     object
                            ...   
VegetationType              object
extraction_notes_inline    float64
Latitude                   float64
Longitude                  float64
site_id                      int64
Length: 720, dtype: object"
Spiked_Phe_mgkg,"DOI                         object
Source                      object
Year                       float64
Journal                     object
Country                     object
                            ...   
VegetationType              object
extraction_notes_inline    float64
Latitude                   float64
Longitude                  float64
site_id                      int64
Length: 720, dtype: object"
PAHs_mgkg,"DOI                         object
Source                      object
Year                       float64
Journal                     object
Country                     object
                            ...   
VegetationType              object
extraction_notes_inline    float64
Latitude                   float64
Longitude                  float64
site_id                      int64
Length: 720, dtype: object"
C10C40_TPH_mgkg,"DOI                         object
Source                      object
Year                       float64
Journal                     object
Country                     object
                            ...   
VegetationType              object
extraction_notes_inline    float64
Latitude                   float64
Longitude                  float64
site_id                      int64
Length: 720, dtype: object"
C5C10_TPH_mgkg,"DOI                         object
Source                      object
Year                       float64
Journal                     object
Country                     object
                            ...   
VegetationType              object
extraction_notes_inline    float64
Latitude                   float64
Longitude                  float64
site_id                      int64
Length: 720, dtype: object"
SampleCount,"DOI                         object
Source                      object
Year                       float64
Journal                     object
Country                     object
                            ...   
VegetationType              object
extraction_notes_inline    float64
Latitude                   float64
Longitude                  float64
site_id                      int64
Length: 720, dtype: object"
S_mgkg,"DOI                         object
Source                      object
Year                       float64
Journal                     object
Country                     object
                            ...   
VegetationType              object
extraction_notes_inline    float64
Latitude                   float64
Longitude                  float64
site_id                      int64
Length: 720, dtype: object"
Na_mgkg,"DOI                         object
Source                      object
Year                       float64
Journal                     object
Country                     object
                            ...   
VegetationType              object
extraction_notes_inline    float64
Latitude                   float64
Longitude                  float64
site_id                      int64
Length: 720, dtype: object"
DMP_ugkg,"DOI                         object
Source                      object
Year                       float64
Journal                     object
Country                     object
                            ...   
VegetationType              object
extraction_notes_inline    float64
Latitude                   float64
Longitude                  float64
site_id                      int64
Length: 720, dtype: object"
DEP_ugkg,"DOI                         object
Source                      object
Year                       float64
Journal                     object
Country                     object
                            ...   
VegetationType              object
extraction_notes_inline    float64
Latitude                   float64
Longitude                  float64
site_id                      int64
Length: 720, dtype: object"
DBP_ugkg,"DOI                         object
Source                      object
Year                       float64
Journal                     object
Country                     object
                            ...   
VegetationType              object
extraction_notes_inline    float64
Latitude                   float64
Longitude                  float64
site_id                      int64
Length: 720, dtype: object"
BBP_ugkg,"DOI                         object
Source                      object
Year                       float64
Journal                     object
Country                     object
                            ...   
VegetationType              object
extraction_notes_inline    float64
Latitude                   float64
Longitude                  float64
site_id                      int64
Length: 720, dtype: object"
DEHP_ugkg,"DOI                         object
Source                      object
Year                       float64
Journal                     object
Country                     object
                            ...   
VegetationType              object
extraction_notes_inline    float64
Latitude                   float64
Longitude                  float64
site_id                      int64
Length: 720, dtype: object"
DNOP_ugkg,"DOI                         object
Source                      object
Year                       float64
Journal                     object
Country                     object
                            ...   
VegetationType              object
extraction_notes_inline    float64
Latitude                   float64
Longitude                  float64
site_id                      int64
Length: 720, dtype: object"
DiBP_ugkg,"DOI                         object
Source                      object
Year                       float64
Journal                     object
Country                     object
                            ...   
VegetationType              object
extraction_notes_inline    float64
Latitude                   float64
Longitude                  float64
site_id                      int64
Length: 720, dtype: object"
BMPP_ugkg,"DOI                         object
Source                      object
Year                       float64
Journal                     object
Country                     object
                            ...   
VegetationType              object
extraction_notes_inline    float64
Latitude                   float64
Longitude                  float64
site_id                      int64
Length: 720, dtype: object"
DEEP_ugkg,"DOI                         object
Source                      object
Year                       float64
Journal                     object
Country                     object
                            ...   
VegetationType              object
extraction_notes_inline    float64
Latitude                   float64
Longitude                  float64
site_id                      int64
Length: 720, dtype: object"
DHXP_ugkg,"DOI                         object
Source                      object
Year                       float64
Journal                     object
Country                     object
                            ...   
VegetationType              object
extraction_notes_inline    float64
Latitude                   float64
Longitude                  float64
site_id                      int64
Length: 720, dtype: object"
DBEP_ugkg,"DOI                         object
Source                      object
Year                       float64
Journal                     object
Country                     object
                            ...   
VegetationType              object
extraction_notes_inline    float64
Latitude                   float64
Longitude                  float64
site_id                      int64
Length: 720, dtype: object"
Sum6PAE_ugkg,"DOI                         object
Source                      object
Year                       float64
Journal                     object
Country                     object
                            ...   
VegetationType              object
extraction_notes_inline    float64
Latitude                   float64
Longitude                  float64
site_id                      int64
Length: 720, dtype: object"
BDE28_ngg,"DOI                         object
Source                      object
Year                       float64
Journal                     object
Country                     object
                            ...   
VegetationType              object
extraction_notes_inline    float64
Latitude                   float64
Longitude                  float64
site_id                      int64
Length: 720, dtype: object"
BDE47_ngg,"DOI                         object
Source                      object
Year                       float64
Journal                     object
Country                     object
                            ...   
VegetationType              object
extraction_notes_inline    float64
Latitude                   float64
Longitude                  float64
site_id                      int64
Length: 720, dtype: object"
BDE99_ngg,"DOI                         object
Source                      object
Year                       float64
Journal                     object
Country                     object
                            ...   
VegetationType              object
extraction_notes_inline    float64
Latitude                   float64
Longitude                  float64
site_id                      int64
Length: 720, dtype: object"
BDE100_ngg,"DOI                         object
Source                      object
Year                       float64
Journal                     object
Country                     object
                            ...   
VegetationType              object
extraction_notes_inline    float64
Latitude                   float64
Longitude                  float64
site_id                      int64
Length: 720, dtype: object"
BDE153_ngg,"DOI                         object
Source                      object
Year                       float64
Journal                     object
Country                     object
                            ...   
VegetationType              object
extraction_notes_inline    float64
Latitude                   float64
Longitude                  float64
site_id                      int64
Length: 720, dtype: object"
BDE154_ngg,"DOI                         object
Source                      object
Year                       float64
Journal                     object
Country                     object
                            ...   
VegetationType              object
extraction_notes_inline    float64
Latitude                   float64
Longitude                  float64
site_id                      int64
Length: 720, dtype: object"
BDE138_ngg,"DOI                         object
Source                      object
Year                       float64
Journal                     object
Country                     object
                            ...   
VegetationType              object
extraction_notes_inline    float64
Latitude                   float64
Longitude                  float64
site_id                      int64
Length: 720, dtype: object"
BDE183_ngg,"DOI                         object
Source                      object
Year                       float64
Journal                     object
Country                     object
                            ...   
VegetationType              object
extraction_notes_inline    float64
Latitude                   float64
Longitude                  float64
site_id                      int64
Length: 720, dtype: object"
BDE190_ngg,"DOI                         object
Source                      object
Year                       float64
Journal                     object
Country                     object
                            ...   
VegetationType              object
extraction_notes_inline    float64
Latitude                   float64
Longitude                  float64
site_id                      int64
Length: 720, dtype: object"
BDE206_ngg,"DOI                         object
Source                      object
Year                       float64
Journal                     object
Country                     object
                            ...   
VegetationType              object
extraction_notes_inline    float64
Latitude                   float64
Longitude                  float64
site_id                      int64
Length: 720, dtype: object"
BDE207_ngg,"DOI                         object
Source                      object
Year                       float64
Journal                     object
Country                     object
                            ...   
VegetationType              object
extraction_notes_inline    float64
Latitude                   float64
Longitude                  float64
site_id                      int64
Length: 720, dtype: object"
BDE208_ngg,"DOI                         object
Source                      object
Year                       float64
Journal                     object
Country                     object
                            ...   
VegetationType              object
extraction_notes_inline    float64
Latitude                   float64
Longitude                  float64
site_id                      int64
Length: 720, dtype: object"
Org_Matter_gkg,"DOI                         object
Source                      object
Year                       float64
Journal                     object
Country                     object
                            ...   
VegetationType              object
extraction_notes_inline    float64
Latitude                   float64
Longitude                  float64
site_id                      int64
Length: 720, dtype: object"
Olsen_P_mgkg,"DOI                         object
Source                      object
Year                       float64
Journal                     object
Country                     object
                            ...   
VegetationType              object
extraction_notes_inline    float64
Latitude                   float64
Longitude                  float64
site_id                      int64
Length: 720, dtype: object"
NH4OAc_K_mgkg,"DOI                         object
Source                      object
Year                       float64
Journal                     object
Country                     object
                            ...   
VegetationType              object
extraction_notes_inline    float64
Latitude                   float64
Longitude                  float64
site_id                      int64
Length: 720, dtype: object"
Alk_hydrolyzable_N_mgkg,"DOI                         object
Source                      object
Year                       float64
Journal                     object
Country                     object
                            ...   
VegetationType              object
extraction_notes_inline    float64
Latitude                   float64
Longitude                  float64
site_id                      int64
Length: 720, dtype: object"
DTPA_Fe_mgkg,"DOI                         object
Source                      object
Year                       float64
Journal                     object
Country                     object
                            ...   
VegetationType              object
extraction_notes_inline    float64
Latitude                   float64
Longitude                  float64
site_id                      int64
Length: 720, dtype: object"
DTPA_Mn_mgkg,"DOI                         object
Source                      object
Year                       float64
Journal                     object
Country                     object
                            ...   
VegetationType              object
extraction_notes_inline    float64
Latitude                   float64
Longitude                  float64
site_id                      int64
Length: 720, dtype: object"
DTPA_Cu_mgkg,"DOI                         object
Source                      object
Year                       float64
Journal                     object
Country                     object
                            ...   
VegetationType              object
extraction_notes_inline    float64
Latitude                   float64
Longitude                  float64
site_id                      int64
Length: 720, dtype: object"
HCB_ngg,"DOI                         object
Source                      object
Year                       float64
Journal                     object
Country                     object
                            ...   
VegetationType              object
extraction_notes_inline    float64
Latitude                   float64
Longitude                  float64
site_id                      int64
Length: 720, dtype: object"
SamplingDate,"DOI                         object
Source                      object
Year                       float64
Journal                     object
Country                     object
                            ...   
VegetationType              object
extraction_notes_inline    float64
Latitude                   float64
Longitude                  float64
site_id                      int64
Length: 720, dtype: object"
N_mgkg,"DOI                         object
Source                      object
Year                       float64
Journal                     object
Country                     object
                            ...   
VegetationType              object
extraction_notes_inline    float64
Latitude                   float64
Longitude                  float64
site_id                      int64
Length: 720, dtype: object"
SampingDepth,"DOI                         object
Source                      object
Year                       float64
Journal                     object
Country                     object
                            ...   
VegetationType              object
extraction_notes_inline    float64
Latitude                   float64
Longitude                  float64
site_id                      int64
Length: 720, dtype: object"
Ti_mgkg,"DOI                         object
Source                      object
Year                       float64
Journal                     object
Country                     object
                            ...   
VegetationType              object
extraction_notes_inline    float64
Latitude                   float64
Longitude                  float64
site_id                      int64
Length: 720, dtype: object"
Comment_SamplingID,"DOI                         object
Source                      object
Year                       float64
Journal                     object
Country                     object
                            ...   
VegetationType              object
extraction_notes_inline    float64
Latitude                   float64
Longitude                  float64
site_id                      int64
Length: 720, dtype: object"
Comment_DataRepresentation,"DOI                         object
Source                      object
Year                       float64
Journal                     object
Country                     object
                            ...   
VegetationType              object
extraction_notes_inline    float64
Latitude                   float64
Longitude                  float64
site_id                      int64
Length: 720, dtype: object"
pH_in_Results,"DOI                         object
Source                      object
Year                       float64
Journal                     object
Country                     object
                            ...   
VegetationType              object
extraction_notes_inline    float64
Latitude                   float64
Longitude                  float64
site_id                      int64
Length: 720, dtype: object"
SumPCB_mgkg,"DOI                         object
Source                      object
Year                       float64
Journal                     object
Country                     object
                            ...   
VegetationType              object
extraction_notes_inline    float64
Latitude                   float64
Longitude                  float64
site_id                      int64
Length: 720, dtype: object"
BDE209_mgkg,"DOI                         object
Source                      object
Year                       float64
Journal                     object
Country                     object
                            ...   
VegetationType              object
extraction_notes_inline    float64
Latitude                   float64
Longitude                  float64
site_id                      int64
Length: 720, dtype: object"
SumPBDE_mgkg,"DOI                         object
Source                      object
Year                       float64
Journal                     object
Country                     object
                            ...   
VegetationType              object
extraction_notes_inline    float64
Latitude                   float64
Longitude                  float64
site_id                      int64
Length: 720, dtype: object"
Extraction_Notes_Additional,"DOI                         object
Source                      object
Year                       float64
Journal                     object
Country                     object
                            ...   
VegetationType              object
extraction_notes_inline    float64
Latitude                   float64
Longitude                  float64
site_id                      int64
Length: 720, dtype: object"
Si_mgkg,"DOI                         object
Source                      object
Year                       float64
Journal                     object
Country                     object
                            ...   
VegetationType              object
extraction_notes_inline    float64
Latitude                   float64
Longitude                  float64
site_id                      int64
Length: 720, dtype: object"
Cl_mgkg,"DOI                         object
Source                      object
Year                       float64
Journal                     object
Country                     object
                            ...   
VegetationType              object
extraction_notes_inline    float64
Latitude                   float64
Longitude                  float64
site_id                      int64
Length: 720, dtype: object"
Zr_mgkg,"DOI                         object
Source                      object
Year                       float64
Journal                     object
Country                     object
                            ...   
VegetationType              object
extraction_notes_inline    float64
Latitude                   float64
Longitude                  float64
site_id                      int64
Length: 720, dtype: object"
Nb_mgkg,"DOI                         object
Source                      object
Year                       float64
Journal                     object
Country                     object
                            ...   
VegetationType              object
extraction_notes_inline    float64
Latitude                   float64
Longitude                  float64
site_id                      int64
Length: 720, dtype: object"
Ag_mgkg,"DOI                         object
Source                      object
Year                       float64
Journal                     object
Country                     object
                            ...   
VegetationType              object
extraction_notes_inline    float64
Latitude                   float64
Longitude                  float64
site_id                      int64
Length: 720, dtype: object"
Ta_mgkg,"DOI                         object
Source                      object
Year                       float64
Journal                     object
Country                     object
                            ...   
VegetationType              object
extraction_notes_inline    float64
Latitude                   float64
Longitude                  float64
site_id                      int64
Length: 720, dtype: object"
Rb_mgkg,"DOI                         object
Source                      object
Year                       float64
Journal                     object
Country                     object
                            ...   
VegetationType              object
extraction_notes_inline    float64
Latitude                   float64
Longitude                  float64
site_id                      int64
Length: 720, dtype: object"
Be_mgkg,"DOI                         object
Source                      object
Year                       float64
Journal                     object
Country                     object
                            ...   
VegetationType              object
extraction_notes_inline    float64
Latitude                   float64
Longitude                  float64
site_id                      int64
Length: 720, dtype: object"
DIBP_ugkg,"DOI                         object
Source                      object
Year                       float64
Journal                     object
Country                     object
                            ...   
VegetationType              object
extraction_notes_inline    float64
Latitude                   float64
Longitude                  float64
site_id                      int64
Length: 720, dtype: object"
extraction_note,"DOI                         object
Source                      object
Year                       float64
Journal                     object
Country                     object
                            ...   
VegetationType              object
extraction_notes_inline    float64
Latitude                   float64
Longitude                  float64
site_id                      int64
Length: 720, dtype: object"
PCDD/Fs_pg_TEQ_g,"DOI                         object
Source                      object
Year                       float64
Journal                     object
Country                     object
                            ...   
VegetationType              object
extraction_notes_inline    float64
Latitude                   float64
Longitude                  float64
site_id                      int64
Length: 720, dtype: object"
SOC_pct,"DOI                         object
Source                      object
Year                       float64
Journal                     object
Country                     object
                            ...   
VegetationType              object
extraction_notes_inline    float64
Latitude                   float64
Longitude                  float64
site_id                      int64
Length: 720, dtype: object"
NO3_N_mgkg,"DOI                         object
Source                      object
Year                       float64
Journal                     object
Country                     object
                            ...   
VegetationType              object
extraction_notes_inline    float64
Latitude                   float64
Longitude                  float64
site_id                      int64
Length: 720, dtype: object"
Fe_gkg,"DOI                         object
Source                      object
Year                       float64
Journal                     object
Country                     object
                            ...   
VegetationType              object
extraction_notes_inline    float64
Latitude                   float64
Longitude                  float64
site_id                      int64
Length: 720, dtype: object"
o_p_DDE_ngg,"DOI                         object
Source                      object
Year                       float64
Journal                     object
Country                     object
                            ...   
VegetationType              object
extraction_notes_inline    float64
Latitude                   float64
Longitude                  float64
site_id                      int64
Length: 720, dtype: object"
o_p_DDD_ngg,"DOI                         object
Source                      object
Year                       float64
Journal                     object
Country                     object
                            ...   
VegetationType              object
extraction_notes_inline    float64
Latitude                   float64
Longitude                  float64
site_id                      int64
Length: 720, dtype: object"
extraction_notes_row,"DOI                         object
Source                      object
Year                       float64
Journal                     object
Country                     object
                            ...   
VegetationType              object
extraction_notes_inline    float64
Latitude                   float64
Longitude                  float64
site_id                      int64
Length: 720, dtype: object"
ExtractionNote_AP,"DOI                         object
Source                      object
Year                       float64
Journal                     object
Country                     object
                            ...   
VegetationType              object
extraction_notes_inline    float64
Latitude                   float64
Longitude                  float64
site_id                      int64
Length: 720, dtype: object"
ExtractionNote_DTPA_Cd,"DOI                         object
Source                      object
Year                       float64
Journal                     object
Country                     object
                            ...   
VegetationType              object
extraction_notes_inline    float64
Latitude                   float64
Longitude                  float64
site_id                      int64
Length: 720, dtype: object"
WaterContent_pct,"DOI                         object
Source                      object
Year                       float64
Journal                     object
Country                     object
                            ...   
VegetationType              object
extraction_notes_inline    float64
Latitude                   float64
Longitude                  float64
site_id                      int64
Length: 720, dtype: object"
TK_gkg,"DOI                         object
Source                      object
Year                       float64
Journal                     object
Country                     object
                            ...   
VegetationType              object
extraction_notes_inline    float64
Latitude                   float64
Longitude                  float64
site_id                      int64
Length: 720, dtype: object"
SOC_gkg,"DOI                         object
Source                      object
Year                       float64
Journal                     object
Country                     object
                            ...   
VegetationType              object
extraction_notes_inline    float64
Latitude                   float64
Longitude                  float64
site_id                      int64
Length: 720, dtype: object"
AK_mgkg,"DOI                         object
Source                      object
Year                       float64
Journal                     object
Country                     object
                            ...   
VegetationType              object
extraction_notes_inline    float64
Latitude                   float64
Longitude                  float64
site_id                      int64
Length: 720, dtype: object"
AN_mgkg,"DOI                         object
Source                      object
Year                       float64
Journal                     object
Country                     object
                            ...   
VegetationType              object
extraction_notes_inline    float64
Latitude                   float64
Longitude                  float64
site_id                      int64
Length: 720, dtype: object"
Ce_mgkg,"DOI                         object
Source                      object
Year                       float64
Journal                     object
Country                     object
                            ...   
VegetationType              object
extraction_notes_inline    float64
Latitude                   float64
Longitude                  float64
site_id                      int64
Length: 720, dtype: object"
La_mgkg,"DOI                         object
Source                      object
Year                       float64
Journal                     object
Country                     object
                            ...   
VegetationType              object
extraction_notes_inline    float64
Latitude                   float64
Longitude                  float64
site_id                      int64
Length: 720, dtype: object"
Li_mgkg,"DOI                         object
Source                      object
Year                       float64
Journal                     object
Country                     object
                            ...   
VegetationType              object
extraction_notes_inline    float64
Latitude                   float64
Longitude                  float64
site_id                      int64
Length: 720, dtype: object"
Sc_mgkg,"DOI                         object
Source                      object
Year                       float64
Journal                     object
Country                     object
                            ...   
VegetationType              object
extraction_notes_inline    float64
Latitude                   float64
Longitude                  float64
site_id                      int64
Length: 720, dtype: object"
Th_mgkg,"DOI                         object
Source                      object
Year                       float64
Journal                     object
Country                     object
                            ...   
VegetationType              object
extraction_notes_inline    float64
Latitude                   float64
Longitude                  float64
site_id                      int64
Length: 720, dtype: object"
Sum_PCB_mgkg,"DOI                         object
Source                      object
Year                       float64
Journal                     object
Country                     object
                            ...   
VegetationType              object
extraction_notes_inline    float64
Latitude                   float64
Longitude                  float64
site_id                      int64
Length: 720, dtype: object"
Tl_mgkg,"DOI                         object
Source                      object
Year                       float64
Journal                     object
Country                     object
                            ...   
VegetationType              object
extraction_notes_inline    float64
Latitude                   float64
Longitude                  float64
site_id                      int64
Length: 720, dtype: object"
Cd_treatment_mgkg,"DOI                         object
Source                      object
Year                       float64
Journal                     object
Country                     object
                            ...   
VegetationType              object
extraction_notes_inline    float64
Latitude                   float64
Longitude                  float64
site_id                      int64
Length: 720, dtype: object"
O3_treatment,"DOI                         object
Source                      object
Year                       float64
Journal                     object
Country                     object
                            ...   
VegetationType              object
extraction_notes_inline    float64
Latitude                   float64
Longitude                  float64
site_id                      int64
Length: 720, dtype: object"
Bi_mgkg,"DOI                         object
Source                      object
Year                       float64
Journal                     object
Country                     object
                            ...   
VegetationType              object
extraction_notes_inline    float64
Latitude                   float64
Longitude                  float64
site_id                      int64
Length: 720, dtype: object"
U_mgkg,"DOI                         object
Source                      object
Year                       float64
Journal                     object
Country                     object
                            ...   
VegetationType              object
extraction_notes_inline    float64
Latitude                   float64
Longitude                  float64
site_id                      int64
Length: 720, dtype: object"
AcPy_ngg,"DOI                         object
Source                      object
Year                       float64
Journal                     object
Country                     object
                            ...   
VegetationType              object
extraction_notes_inline    float64
Latitude                   float64
Longitude                  float64
site_id                      int64
Length: 720, dtype: object"
Acp_ngg,"DOI                         object
Source                      object
Year                       float64
Journal                     object
Country                     object
                            ...   
VegetationType              object
extraction_notes_inline    float64
Latitude                   float64
Longitude                  float64
site_id                      int64
Length: 720, dtype: object"
SiteID,"DOI                         object
Source                      object
Year                       float64
Journal                     object
Country                     object
                            ...   
VegetationType              object
extraction_notes_inline    float64
Latitude                   float64
Longitude                  float64
site_id                      int64
Length: 720, dtype: object"
B_mgkg,"DOI                         object
Source                      object
Year                       float64
Journal                     object
Country                     object
                            ...   
VegetationType              object
extraction_notes_inline    float64
Latitude                   float64
Longitude                  float64
site_id                      int64
Length: 720, dtype: object"
Sum16PAH_mgkg,"DOI                         object
Source                      object
Year                       float64
Journal                     object
Country                     object
                            ...   
VegetationType              object
extraction_notes_inline    float64
Latitude                   float64
Longitude                  float64
site_id                      int64
Length: 720, dtype: object"
ParticlePorosity_pct,"DOI                         object
Source                      object
Year                       float64
Journal                     object
Country                     object
                            ...   
VegetationType              object
extraction_notes_inline    float64
Latitude                   float64
Longitude                  float64
site_id                      int64
Length: 720, dtype: object"
C_N_ratio,"DOI                         object
Source                      object
Year                       float64
Journal                     object
Country                     object
                            ...   
VegetationType              object
extraction_notes_inline    float64
Latitude                   float64
Longitude                  float64
site_id                      int64
Length: 720, dtype: object"
Sum15PAH_ngg,"DOI                         object
Source                      object
Year                       float64
Journal                     object
Country                     object
                            ...   
VegetationType              object
extraction_notes_inline    float64
Latitude                   float64
Longitude                  float64
site_id                      int64
Length: 720, dtype: object"
ChloroalkanesC10_13_ngg,"DOI                         object
Source                      object
Year                       float64
Journal                     object
Country                     object
                            ...   
VegetationType              object
extraction_notes_inline    float64
Latitude                   float64
Longitude                  float64
site_id                      int64
Length: 720, dtype: object"
PAH4_mgkg,"DOI                         object
Source                      object
Year                       float64
Journal                     object
Country                     object
                            ...   
VegetationType              object
extraction_notes_inline    float64
Latitude                   float64
Longitude                  float64
site_id                      int64
Length: 720, dtype: object"
SoilOrganicMatter_mgg,"DOI                         object
Source                      object
Year                       float64
Journal                     object
Country                     object
                            ...   
VegetationType              object
extraction_notes_inline    float64
Latitude                   float64
Longitude                  float64
site_id                      int64
Length: 720, dtype: object"
Sum_PAH_range_ngg,"DOI                         object
Source                      object
Year                       float64
Journal                     object
Country                     object
                            ...   
VegetationType              object
extraction_notes_inline    float64
Latitude                   float64
Longitude                  float64
site_id                      int64
Length: 720, dtype: object"
TotalDioxins_TEQ_ngkg,"DOI                         object
Source                      object
Year                       float64
Journal                     object
Country                     object
                            ...   
VegetationType              object
extraction_notes_inline    float64
Latitude                   float64
Longitude                  float64
site_id                      int64
Length: 720, dtype: object"
Cl_pct,"DOI                         object
Source                      object
Year                       float64
Journal                     object
Country                     object
                            ...   
VegetationType              object
extraction_notes_inline    float64
Latitude                   float64
Longitude                  float64
site_id                      int64
Length: 720, dtype: object"
S_pct,"DOI                         object
Source                      object
Year                       float64
Journal                     object
Country                     object
                            ...   
VegetationType              object
extraction_notes_inline    float64
Latitude                   float64
Longitude                  float64
site_id                      int64
Length: 720, dtype: object"
Si_pct,"DOI                         object
Source                      object
Year                       float64
Journal                     object
Country                     object
                            ...   
VegetationType              object
extraction_notes_inline    float64
Latitude                   float64
Longitude                  float64
site_id                      int64
Length: 720, dtype: object"
Br_pct,"DOI                         object
Source                      object
Year                       float64
Journal                     object
Country                     object
                            ...   
VegetationType              object
extraction_notes_inline    float64
Latitude                   float64
Longitude                  float64
site_id                      int64
Length: 720, dtype: object"
P_pct,"DOI                         object
Source                      object
Year                       float64
Journal                     object
Country                     object
                            ...   
VegetationType              object
extraction_notes_inline    float64
Latitude                   float64
Longitude                  float64
site_id                      int64
Length: 720, dtype: object"
Sn_pct,"DOI                         object
Source                      object
Year                       float64
Journal                     object
Country                     object
                            ...   
VegetationType              object
extraction_notes_inline    float64
Latitude                   float64
Longitude                  float64
site_id                      int64
Length: 720, dtype: object"
PeCBz_ngkg,"DOI                         object
Source                      object
Year                       float64
Journal                     object
Country                     object
                            ...   
VegetationType              object
extraction_notes_inline    float64
Latitude                   float64
Longitude                  float64
site_id                      int64
Length: 720, dtype: object"
HxCBz_ngkg,"DOI                         object
Source                      object
Year                       float64
Journal                     object
Country                     object
                            ...   
VegetationType              object
extraction_notes_inline    float64
Latitude                   float64
Longitude                  float64
site_id                      int64
Length: 720, dtype: object"
Methomyl_mgkg,"DOI                         object
Source                      object
Year                       float64
Journal                     object
Country                     object
                            ...   
VegetationType              object
extraction_notes_inline    float64
Latitude                   float64
Longitude                  float64
site_id                      int64
Length: 720, dtype: object"
Triazophos_mgkg,"DOI                         object
Source                      object
Year                       float64
Journal                     object
Country                     object
                            ...   
VegetationType              object
extraction_notes_inline    float64
Latitude                   float64
Longitude                  float64
site_id                      int64
Length: 720, dtype: object"
Aldrin_mgkg,"DOI                         object
Source                      object
Year                       float64
Journal                     object
Country                     object
                            ...   
VegetationType              object
extraction_notes_inline    float64
Latitude                   float64
Longitude                  float64
site_id                      int64
Length: 720, dtype: object"
Dieldrin_mgkg,"DOI                         object
Source                      object
Year                       float64
Journal                     object
Country                     object
                            ...   
VegetationType              object
extraction_notes_inline    float64
Latitude                   float64
Longitude                  float64
site_id                      int64
Length: 720, dtype: object"
Endrinketone_mgkg,"DOI                         object
Source                      object
Year                       float64
Journal                     object
Country                     object
                            ...   
VegetationType              object
extraction_notes_inline    float64
Latitude                   float64
Longitude                  float64
site_id                      int64
Length: 720, dtype: object"
ExtractableK_mgkg,"DOI                         object
Source                      object
Year                       float64
Journal                     object
Country                     object
                            ...   
VegetationType              object
extraction_notes_inline    float64
Latitude                   float64
Longitude                  float64
site_id                      int64
Length: 720, dtype: object"
ExtractableCa_mgkg,"DOI                         object
Source                      object
Year                       float64
Journal                     object
Country                     object
                            ...   
VegetationType              object
extraction_notes_inline    float64
Latitude                   float64
Longitude                  float64
site_id                      int64
Length: 720, dtype: object"
ExtractableMg_mgkg,"DOI                         object
Source                      object
Year                       float64
Journal                     object
Country                     object
                            ...   
VegetationType              object
extraction_notes_inline    float64
Latitude                   float64
Longitude                  float64
site_id                      int64
Length: 720, dtype: object"
OlsenP_ugg,"DOI                         object
Source                      object
Year                       float64
Journal                     object
Country                     object
                            ...   
VegetationType              object
extraction_notes_inline    float64
Latitude                   float64
Longitude                  float64
site_id                      int64
Length: 720, dtype: object"
SulphateS_mgg,"DOI                         object
Source                      object
Year                       float64
Journal                     object
Country                     object
                            ...   
VegetationType              object
extraction_notes_inline    float64
Latitude                   float64
Longitude                  float64
site_id                      int64
Length: 720, dtype: object"
WaterSolubleAs_mgL,"DOI                         object
Source                      object
Year                       float64
Journal                     object
Country                     object
                            ...   
VegetationType              object
extraction_notes_inline    float64
Latitude                   float64
Longitude                  float64
site_id                      int64
Length: 720, dtype: object"
Heptachlor_ngg,"DOI                         object
Source                      object
Year                       float64
Journal                     object
Country                     object
                            ...   
VegetationType              object
extraction_notes_inline    float64
Latitude                   float64
Longitude                  float64
site_id                      int64
Length: 720, dtype: object"
EndrinCHO_ngg,"DOI                         object
Source                      object
Year                       float64
Journal                     object
Country                     object
                            ...   
VegetationType              object
extraction_notes_inline    float64
Latitude                   float64
Longitude                  float64
site_id                      int64
Length: 720, dtype: object"
EndosulfanII_ngg,"DOI                         object
Source                      object
Year                       float64
Journal                     object
Country                     object
                            ...   
VegetationType              object
extraction_notes_inline    float64
Latitude                   float64
Longitude                  float64
site_id                      int64
Length: 720, dtype: object"
NH4_N_mgkg,"DOI                         object
Source                      object
Year                       float64
Journal                     object
Country                     object
                            ...   
VegetationType              object
extraction_notes_inline    float64
Latitude                   float64
Longitude                  float64
site_id                      int64
Length: 720, dtype: object"
P2O5_mgkg,"DOI                         object
Source                      object
Year                       float64
Journal                     object
Country                     object
                            ...   
VegetationType              object
extraction_notes_inline    float64
Latitude                   float64
Longitude                  float64
site_id                      int64
Length: 720, dtype: object"
Heptachlor_mgkg,"DOI                         object
Source                      object
Year                       float64
Journal                     object
Country                     object
                            ...   
VegetationType              object
extraction_notes_inline    float64
Latitude                   float64
Longitude                  float64
site_id                      int64
Length: 720, dtype: object"
Endrin_mgkg,"DOI                         object
Source                      object
Year                       float64
Journal                     object
Country                     object
                            ...   
VegetationType              object
extraction_notes_inline    float64
Latitude                   float64
Longitude                  float64
site_id                      int64
Length: 720, dtype: object"
EndosulfanII_mgkg,"DOI                         object
Source                      object
Year                       float64
Journal                     object
Country                     object
                            ...   
VegetationType              object
extraction_notes_inline    float64
Latitude                   float64
Longitude                  float64
site_id                      int64
Length: 720, dtype: object"
TotalOCP_mgkg,"DOI                         object
Source                      object
Year                       float64
Journal                     object
Country                     object
                            ...   
VegetationType              object
extraction_notes_inline    float64
Latitude                   float64
Longitude                  float64
site_id                      int64
Length: 720, dtype: object"
D_BHC_mgkg,"DOI                         object
Source                      object
Year                       float64
Journal                     object
Country                     object
                            ...   
VegetationType              object
extraction_notes_inline    float64
Latitude                   float64
Longitude                  float64
site_id                      int64
Length: 720, dtype: object"
Moisture_pct,"DOI                         object
Source                      object
Year                       float64
Journal                     object
Country                     object
                            ...   
VegetationType              object
extraction_notes_inline    float64
Latitude                   float64
Longitude                  float64
site_id                      int64
Length: 720, dtype: object"
SoilRespiration_mgCO2g,"DOI                         object
Source                      object
Year                       float64
Journal                     object
Country                     object
                            ...   
VegetationType              object
extraction_notes_inline    float64
Latitude                   float64
Longitude                  float64
site_id                      int64
Length: 720, dtype: object"
Chloride_mgL,"DOI                         object
Source                      object
Year                       float64
Journal                     object
Country                     object
                            ...   
VegetationType              object
extraction_notes_inline    float64
Latitude                   float64
Longitude                  float64
site_id                      int64
Length: 720, dtype: object"
TotalHardness_mgL,"DOI                         object
Source                      object
Year                       float64
Journal                     object
Country                     object
                            ...   
VegetationType              object
extraction_notes_inline    float64
Latitude                   float64
Longitude                  float64
site_id                      int64
Length: 720, dtype: object"
Isopropylamine_mgkg,"DOI                         object
Source                      object
Year                       float64
Journal                     object
Country                     object
                            ...   
VegetationType              object
extraction_notes_inline    float64
Latitude                   float64
Longitude                  float64
site_id                      int64
Length: 720, dtype: object"
HCB_mgkg,"DOI                         object
Source                      object
Year                       float64
Journal                     object
Country                     object
                            ...   
VegetationType              object
extraction_notes_inline    float64
Latitude                   float64
Longitude                  float64
site_id                      int64
Length: 720, dtype: object"
Endosulfan_mgkg,"DOI                         object
Source                      object
Year                       float64
Journal                     object
Country                     object
                            ...   
VegetationType              object
extraction_notes_inline    float64
Latitude                   float64
Longitude                  float64
site_id                      int64
Length: 720, dtype: object"
DDT_mgkg,"DOI                         object
Source                      object
Year                       float64
Journal                     object
Country                     object
                            ...   
VegetationType              object
extraction_notes_inline    float64
Latitude                   float64
Longitude                  float64
site_id                      int64
Length: 720, dtype: object"
t-nonachlor_mgkg,"DOI                         object
Source                      object
Year                       float64
Journal                     object
Country                     object
                            ...   
VegetationType              object
extraction_notes_inline    float64
Latitude                   float64
Longitude                  float64
site_id                      int64
Length: 720, dtype: object"
Carbofuran_mgkg,"DOI                         object
Source                      object
Year                       float64
Journal                     object
Country                     object
                            ...   
VegetationType              object
extraction_notes_inline    float64
Latitude                   float64
Longitude                  float64
site_id                      int64
Length: 720, dtype: object"
Dichlorvos_mgkg,"DOI                         object
Source                      object
Year                       float64
Journal                     object
Country                     object
                            ...   
VegetationType              object
extraction_notes_inline    float64
Latitude                   float64
Longitude                  float64
site_id                      int64
Length: 720, dtype: object"
g-chlordane_mgkg,"DOI                         object
Source                      object
Year                       float64
Journal                     object
Country                     object
                            ...   
VegetationType              object
extraction_notes_inline    float64
Latitude                   float64
Longitude                  float64
site_id                      int64
Length: 720, dtype: object"
Lindane_mgkg,"DOI                         object
Source                      object
Year                       float64
Journal                     object
Country                     object
                            ...   
VegetationType              object
extraction_notes_inline    float64
Latitude                   float64
Longitude                  float64
site_id                      int64
Length: 720, dtype: object"
DichloroBiphenyl_mgkg,"DOI                         object
Source                      object
Year                       float64
Journal                     object
Country                     object
                            ...   
VegetationType              object
extraction_notes_inline    float64
Latitude                   float64
Longitude                  float64
site_id                      int64
Length: 720, dtype: object"
Chlorpyrifos_mgkg,"DOI                         object
Source                      object
Year                       float64
Journal                     object
Country                     object
                            ...   
VegetationType              object
extraction_notes_inline    float64
Latitude                   float64
Longitude                  float64
site_id                      int64
Length: 720, dtype: object"
Profenofos_mgkg,"DOI                         object
Source                      object
Year                       float64
Journal                     object
Country                     object
                            ...   
VegetationType              object
extraction_notes_inline    float64
Latitude                   float64
Longitude                  float64
site_id                      int64
Length: 720, dtype: object"
Gravel_pct,"DOI                         object
Source                      object
Year                       float64
Journal                     object
Country                     object
                            ...   
VegetationType              object
extraction_notes_inline    float64
Latitude                   float64
Longitude                  float64
site_id                      int64
Length: 720, dtype: object"
TOC_pct,"DOI                         object
Source                      object
Year                       float64
Journal                     object
Country                     object
                            ...   
VegetationType              object
extraction_notes_inline    float64
Latitude                   float64
Longitude                  float64
site_id                      int64
Length: 720, dtype: object"
Ptot_mgkg,"DOI                         object
Source                      object
Year                       float64
Journal                     object
Country                     object
                            ...   
VegetationType              object
extraction_notes_inline    float64
Latitude                   float64
Longitude                  float64
site_id                      int64
Length: 720, dtype: object"
Ntot_mgkg,"DOI                         object
Source                      object
Year                       float64
Journal                     object
Country                     object
                            ...   
VegetationType              object
extraction_notes_inline    float64
Latitude                   float64
Longitude                  float64
site_id                      int64
Length: 720, dtype: object"
Region_category,"DOI                         object
Source                      object
Year                       float64
Journal                     object
Country                     object
                            ...   
VegetationType              object
extraction_notes_inline    float64
Latitude                   float64
Longitude                  float64
site_id                      int64
Length: 720, dtype: object"
Is_China,"DOI                         object
Source                      object
Year                       float64
Journal                     object
Country                     object
                            ...   
VegetationType              object
extraction_notes_inline    float64
Latitude                   float64
Longitude                  float64
site_id                      int64
Length: 720, dtype: object"
Region_Flag,"DOI                         object
Source                      object
Year                       float64
Journal                     object
Country                     object
                            ...   
VegetationType              object
extraction_notes_inline    float64
Latitude                   float64
Longitude                  float64
site_id                      int64
Length: 720, dtype: object"
PCB77_ngg,"DOI                         object
Source                      object
Year                       float64
Journal                     object
Country                     object
                            ...   
VegetationType              object
extraction_notes_inline    float64
Latitude                   float64
Longitude                  float64
site_id                      int64
Length: 720, dtype: object"
PCB81_ngg,"DOI                         object
Source                      object
Year                       float64
Journal                     object
Country                     object
                            ...   
VegetationType              object
extraction_notes_inline    float64
Latitude                   float64
Longitude                  float64
site_id                      int64
Length: 720, dtype: object"
PCB105_ngg,"DOI                         object
Source                      object
Year                       float64
Journal                     object
Country                     object
                            ...   
VegetationType              object
extraction_notes_inline    float64
Latitude                   float64
Longitude                  float64
site_id                      int64
Length: 720, dtype: object"
PCB114_ngg,"DOI                         object
Source                      object
Year                       float64
Journal                     object
Country                     object
                            ...   
VegetationType              object
extraction_notes_inline    float64
Latitude                   float64
Longitude                  float64
site_id                      int64
Length: 720, dtype: object"
PCB123_ngg,"DOI                         object
Source                      object
Year                       float64
Journal                     object
Country                     object
                            ...   
VegetationType              object
extraction_notes_inline    float64
Latitude                   float64
Longitude                  float64
site_id                      int64
Length: 720, dtype: object"
PCB126_ngg,"DOI                         object
Source                      object
Year                       float64
Journal                     object
Country                     object
                            ...   
VegetationType              object
extraction_notes_inline    float64
Latitude                   float64
Longitude                  float64
site_id                      int64
Length: 720, dtype: object"
PCB156_ngg,"DOI                         object
Source                      object
Year                       float64
Journal                     object
Country                     object
                            ...   
VegetationType              object
extraction_notes_inline    float64
Latitude                   float64
Longitude                  float64
site_id                      int64
Length: 720, dtype: object"
PCB157_ngg,"DOI                         object
Source                      object
Year                       float64
Journal                     object
Country                     object
                            ...   
VegetationType              object
extraction_notes_inline    float64
Latitude                   float64
Longitude                  float64
site_id                      int64
Length: 720, dtype: object"
PCB167_ngg,"DOI                         object
Source                      object
Year                       float64
Journal                     object
Country                     object
                            ...   
VegetationType              object
extraction_notes_inline    float64
Latitude                   float64
Longitude                  float64
site_id                      int64
Length: 720, dtype: object"
PCB169_ngg,"DOI                         object
Source                      object
Year                       float64
Journal                     object
Country                     object
                            ...   
VegetationType              object
extraction_notes_inline    float64
Latitude                   float64
Longitude                  float64
site_id                      int64
Length: 720, dtype: object"
PCB189_ngg,"DOI                         object
Source                      object
Year                       float64
Journal                     object
Country                     object
                            ...   
VegetationType              object
extraction_notes_inline    float64
Latitude                   float64
Longitude                  float64
site_id                      int64
Length: 720, dtype: object"
SumPAE_ngg,"DOI                         object
Source                      object
Year                       float64
Journal                     object
Country                     object
                            ...   
VegetationType              object
extraction_notes_inline    float64
Latitude                   float64
Longitude                  float64
site_id                      int64
Length: 720, dtype: object"
SumPBB_ngg,"DOI                         object
Source                      object
Year                       float64
Journal                     object
Country                     object
                            ...   
VegetationType              object
extraction_notes_inline    float64
Latitude                   float64
Longitude                  float64
site_id                      int64
Length: 720, dtype: object"
PBDE209_ngg,"DOI                         object
Source                      object
Year                       float64
Journal                     object
Country                     object
                            ...   
VegetationType              object
extraction_notes_inline    float64
Latitude                   float64
Longitude                  float64
site_id                      int64
Length: 720, dtype: object"
PCDD_Fs_Total_pg_g,"DOI                         object
Source                      object
Year                       float64
Journal                     object
Country                     object
                            ...   
VegetationType              object
extraction_notes_inline    float64
Latitude                   float64
Longitude                  float64
site_id                      int64
Length: 720, dtype: object"
PCNs_Total_pg_g,"DOI                         object
Source                      object
Year                       float64
Journal                     object
Country                     object
                            ...   
VegetationType              object
extraction_notes_inline    float64
Latitude                   float64
Longitude                  float64
site_id                      int64
Length: 720, dtype: object"
Sum47PAH_ngg,"DOI                         object
Source                      object
Year                       float64
Journal                     object
Country                     object
                            ...   
VegetationType              object
extraction_notes_inline    float64
Latitude                   float64
Longitude                  float64
site_id                      int64
Length: 720, dtype: object"
Sum26alkylPAH_ngg,"DOI                         object
Source                      object
Year                       float64
Journal                     object
Country                     object
                            ...   
VegetationType              object
extraction_notes_inline    float64
Latitude                   float64
Longitude                  float64
site_id                      int64
Length: 720, dtype: object"
DMEP_ugkg,"DOI                         object
Source                      object
Year                       float64
Journal                     object
Country                     object
                            ...   
VegetationType              object
extraction_notes_inline    float64
Latitude                   float64
Longitude                  float64
site_id                      int64
Length: 720, dtype: object"
DPP_ugkg,"DOI                         object
Source                      object
Year                       float64
Journal                     object
Country                     object
                            ...   
VegetationType              object
extraction_notes_inline    float64
Latitude                   float64
Longitude                  float64
site_id                      int64
Length: 720, dtype: object"
DPHP_ugkg,"DOI                         object
Source                      object
Year                       float64
Journal                     object
Country                     object
                            ...   
VegetationType              object
extraction_notes_inline    float64
Latitude                   float64
Longitude                  float64
site_id                      int64
Length: 720, dtype: object"
DNP_ugkg,"DOI                         object
Source                      object
Year                       float64
Journal                     object
Country                     object
                            ...   
VegetationType              object
extraction_notes_inline    float64
Latitude                   float64
Longitude                  float64
site_id                      int64
Length: 720, dtype: object"
DCHP_ugkg,"DOI                         object
Source                      object
Year                       float64
Journal                     object
Country                     object
                            ...   
VegetationType              object
extraction_notes_inline    float64
Latitude                   float64
Longitude                  float64
site_id                      int64
Length: 720, dtype: object"
PFBA_ngg,"DOI                         object
Source                      object
Year                       float64
Journal                     object
Country                     object
                            ...   
VegetationType              object
extraction_notes_inline    float64
Latitude                   float64
Longitude                  float64
site_id                      int64
Length: 720, dtype: object"
PFPeA_ngg,"DOI                         object
Source                      object
Year                       float64
Journal                     object
Country                     object
                            ...   
VegetationType              object
extraction_notes_inline    float64
Latitude                   float64
Longitude                  float64
site_id                      int64
Length: 720, dtype: object"
PFHxA_ngg,"DOI                         object
Source                      object
Year                       float64
Journal                     object
Country                     object
                            ...   
VegetationType              object
extraction_notes_inline    float64
Latitude                   float64
Longitude                  float64
site_id                      int64
Length: 720, dtype: object"
PFHpA_ngg,"DOI                         object
Source                      object
Year                       float64
Journal                     object
Country                     object
                            ...   
VegetationType              object
extraction_notes_inline    float64
Latitude                   float64
Longitude                  float64
site_id                      int64
Length: 720, dtype: object"
PFOA_ngg,"DOI                         object
Source                      object
Year                       float64
Journal                     object
Country                     object
                            ...   
VegetationType              object
extraction_notes_inline    float64
Latitude                   float64
Longitude                  float64
site_id                      int64
Length: 720, dtype: object"
PFNA_ngg,"DOI                         object
Source                      object
Year                       float64
Journal                     object
Country                     object
                            ...   
VegetationType              object
extraction_notes_inline    float64
Latitude                   float64
Longitude                  float64
site_id                      int64
Length: 720, dtype: object"
PFDA_ngg,"DOI                         object
Source                      object
Year                       float64
Journal                     object
Country                     object
                            ...   
VegetationType              object
extraction_notes_inline    float64
Latitude                   float64
Longitude                  float64
site_id                      int64
Length: 720, dtype: object"
PFBS_ngg,"DOI                         object
Source                      object
Year                       float64
Journal                     object
Country                     object
                            ...   
VegetationType              object
extraction_notes_inline    float64
Latitude                   float64
Longitude                  float64
site_id                      int64
Length: 720, dtype: object"
PFHxS_ngg,"DOI                         object
Source                      object
Year                       float64
Journal                     object
Country                     object
                            ...   
VegetationType              object
extraction_notes_inline    float64
Latitude                   float64
Longitude                  float64
site_id                      int64
Length: 720, dtype: object"
PFOS_ngg,"DOI                         object
Source                      object
Year                       float64
Journal                     object
Country                     object
                            ...   
VegetationType              object
extraction_notes_inline    float64
Latitude                   float64
Longitude                  float64
site_id                      int64
Length: 720, dtype: object"
RAP_mgkg,"DOI                         object
Source                      object
Year                       float64
Journal                     object
Country                     object
                            ...   
VegetationType              object
extraction_notes_inline    float64
Latitude                   float64
Longitude                  float64
site_id                      int64
Length: 720, dtype: object"
SOM_gkg,"DOI                         object
Source                      object
Year                       float64
Journal                     object
Country                     object
                            ...   
VegetationType              object
extraction_notes_inline    float64
Latitude                   float64
Longitude                  float64
site_id                      int64
Length: 720, dtype: object"
BAF,"DOI                         object
Source                      object
Year                       float64
Journal                     object
Country                     object
                            ...   
VegetationType              object
extraction_notes_inline    float64
Latitude                   float64
Longitude                  float64
site_id                      int64
Length: 720, dtype: object"
c_HCH_ngg,"DOI                         object
Source                      object
Year                       float64
Journal                     object
Country                     object
                            ...   
VegetationType              object
extraction_notes_inline    float64
Latitude                   float64
Longitude                  float64
site_id                      int64
Length: 720, dtype: object"
In_mgkg,"DOI                         object
Source                      object
Year                       float64
Journal                     object
Country                     object
                            ...   
VegetationType              object
extraction_notes_inline    float64
Latitude                   float64
Longitude                  float64
site_id                      int64
Length: 720, dtype: object"
Cs_mgkg,"DOI                         object
Source                      object
Year                       float64
Journal                     object
Country                     object
                            ...   
VegetationType              object
extraction_notes_inline    float64
Latitude                   float64
Longitude                  float64
site_id                      int64
Length: 720, dtype: object"
DOP_ugkg,"DOI                         object
Source                      object
Year                       float64
Journal                     object
Country                     object
                            ...   
VegetationType              object
extraction_notes_inline    float64
Latitude                   float64
Longitude                  float64
site_id                      int64
Length: 720, dtype: object"
A_HCH_pct_total,"DOI                         object
Source                      object
Year                       float64
Journal                     object
Country                     object
                            ...   
VegetationType              object
extraction_notes_inline    float64
Latitude                   float64
Longitude                  float64
site_id                      int64
Length: 720, dtype: object"
D_HCH_pct_total,"DOI                         object
Source                      object
Year                       float64
Journal                     object
Country                     object
                            ...   
VegetationType              object
extraction_notes_inline    float64
Latitude                   float64
Longitude                  float64
site_id                      int64
Length: 720, dtype: object"
Province_City,"DOI                         object
Source                      object
Year                       float64
Journal                     object
Country                     object
                            ...   
VegetationType              object
extraction_notes_inline    float64
Latitude                   float64
Longitude                  float64
site_id                      int64
Length: 720, dtype: object"
BgP_ngg,"DOI                         object
Source                      object
Year                       float64
Journal                     object
Country                     object
                            ...   
VegetationType              object
extraction_notes_inline    float64
Latitude                   float64
Longitude                  float64
site_id                      int64
Length: 720, dtype: object"
InP_ngg,"DOI                         object
Source                      object
Year                       float64
Journal                     object
Country                     object
                            ...   
VegetationType              object
extraction_notes_inline    float64
Latitude                   float64
Longitude                  float64
site_id                      int64
Length: 720, dtype: object"
HCBD_ngg,"DOI                         object
Source                      object
Year                       float64
Journal                     object
Country                     object
                            ...   
VegetationType              object
extraction_notes_inline    float64
Latitude                   float64
Longitude                  float64
site_id                      int64
Length: 720, dtype: object"
CaO_pct,"DOI                         object
Source                      object
Year                       float64
Journal                     object
Country                     object
                            ...   
VegetationType              object
extraction_notes_inline    float64
Latitude                   float64
Longitude                  float64
site_id                      int64
Length: 720, dtype: object"
SiO2_pct,"DOI                         object
Source                      object
Year                       float64
Journal                     object
Country                     object
                            ...   
VegetationType              object
extraction_notes_inline    float64
Latitude                   float64
Longitude                  float64
site_id                      int64
Length: 720, dtype: object"
Al2O3_pct,"DOI                         object
Source                      object
Year                       float64
Journal                     object
Country                     object
                            ...   
VegetationType              object
extraction_notes_inline    float64
Latitude                   float64
Longitude                  float64
site_id                      int64
Length: 720, dtype: object"
Fe2O3_pct,"DOI                         object
Source                      object
Year                       float64
Journal                     object
Country                     object
                            ...   
VegetationType              object
extraction_notes_inline    float64
Latitude                   float64
Longitude                  float64
site_id                      int64
Length: 720, dtype: object"
MgO_pct,"DOI                         object
Source                      object
Year                       float64
Journal                     object
Country                     object
                            ...   
VegetationType              object
extraction_notes_inline    float64
Latitude                   float64
Longitude                  float64
site_id                      int64
Length: 720, dtype: object"
K2O_pct,"DOI                         object
Source                      object
Year                       float64
Journal                     object
Country                     object
                            ...   
VegetationType              object
extraction_notes_inline    float64
Latitude                   float64
Longitude                  float64
site_id                      int64
Length: 720, dtype: object"
Na2O_pct,"DOI                         object
Source                      object
Year                       float64
Journal                     object
Country                     object
                            ...   
VegetationType              object
extraction_notes_inline    float64
Latitude                   float64
Longitude                  float64
site_id                      int64
Length: 720, dtype: object"
DiBP_mgkg,"DOI                         object
Source                      object
Year                       float64
Journal                     object
Country                     object
                            ...   
VegetationType              object
extraction_notes_inline    float64
Latitude                   float64
Longitude                  float64
site_id                      int64
Length: 720, dtype: object"
DnBP_mgkg,"DOI                         object
Source                      object
Year                       float64
Journal                     object
Country                     object
                            ...   
VegetationType              object
extraction_notes_inline    float64
Latitude                   float64
Longitude                  float64
site_id                      int64
Length: 720, dtype: object"
DEP_mgkg,"DOI                         object
Source                      object
Year                       float64
Journal                     object
Country                     object
                            ...   
VegetationType              object
extraction_notes_inline    float64
Latitude                   float64
Longitude                  float64
site_id                      int64
Length: 720, dtype: object"
BBP_mgkg,"DOI                         object
Source                      object
Year                       float64
Journal                     object
Country                     object
                            ...   
VegetationType              object
extraction_notes_inline    float64
Latitude                   float64
Longitude                  float64
site_id                      int64
Length: 720, dtype: object"
DMP_mgkg,"DOI                         object
Source                      object
Year                       float64
Journal                     object
Country                     object
                            ...   
VegetationType              object
extraction_notes_inline    float64
Latitude                   float64
Longitude                  float64
site_id                      int64
Length: 720, dtype: object"
DnOP_mgkg,"DOI                         object
Source                      object
Year                       float64
Journal                     object
Country                     object
                            ...   
VegetationType              object
extraction_notes_inline    float64
Latitude                   float64
Longitude                  float64
site_id                      int64
Length: 720, dtype: object"
TownOrTownship,"DOI                         object
Source                      object
Year                       float64
Journal                     object
Country                     object
                            ...   
VegetationType              object
extraction_notes_inline    float64
Latitude                   float64
Longitude                  float64
site_id                      int64
Length: 720, dtype: object"
Self_defined_SoilDensity_gcm3,"DOI                         object
Source                      object
Year                       float64
Journal                     object
Country                     object
                            ...   
VegetationType              object
extraction_notes_inline    float64
Latitude                   float64
Longitude                  float64
site_id                      int64
Length: 720, dtype: object"
Self_defined_WC_pct,"DOI                         object
Source                      object
Year                       float64
Journal                     object
Country                     object
                            ...   
VegetationType              object
extraction_notes_inline    float64
Latitude                   float64
Longitude                  float64
site_id                      int64
Length: 720, dtype: object"
Self_defined_TVN_pct,"DOI                         object
Source                      object
Year                       float64
Journal                     object
Country                     object
                            ...   
VegetationType              object
extraction_notes_inline    float64
Latitude                   float64
Longitude                  float64
site_id                      int64
Length: 720, dtype: object"
Self_defined_SOM_gkg,"DOI                         object
Source                      object
Year                       float64
Journal                     object
Country                     object
                            ...   
VegetationType              object
extraction_notes_inline    float64
Latitude                   float64
Longitude                  float64
site_id                      int64
Length: 720, dtype: object"
Self_defined_TK_pct,"DOI                         object
Source                      object
Year                       float64
Journal                     object
Country                     object
                            ...   
VegetationType              object
extraction_notes_inline    float64
Latitude                   float64
Longitude                  float64
site_id                      int64
Length: 720, dtype: object"
Self_defined_AN_mgkg,"DOI                         object
Source                      object
Year                       float64
Journal                     object
Country                     object
                            ...   
VegetationType              object
extraction_notes_inline    float64
Latitude                   float64
Longitude                  float64
site_id                      int64
Length: 720, dtype: object"
Self_defined_AP_mgkg,"DOI                         object
Source                      object
Year                       float64
Journal                     object
Country                     object
                            ...   
VegetationType              object
extraction_notes_inline    float64
Latitude                   float64
Longitude                  float64
site_id                      int64
Length: 720, dtype: object"
Number_of_Samples,"DOI                         object
Source                      object
Year                       float64
Journal                     object
Country                     object
                            ...   
VegetationType              object
extraction_notes_inline    float64
Latitude                   float64
Longitude                  float64
site_id                      int64
Length: 720, dtype: object"
PBT_ngg,"DOI                         object
Source                      object
Year                       float64
Journal                     object
Country                     object
                            ...   
VegetationType              object
extraction_notes_inline    float64
Latitude                   float64
Longitude                  float64
site_id                      int64
Length: 720, dtype: object"
TTHQ,"DOI                         object
Source                      object
Year                       float64
Journal                     object
Country                     object
                            ...   
VegetationType              object
extraction_notes_inline    float64
Latitude                   float64
Longitude                  float64
site_id                      int64
Length: 720, dtype: object"
ExtractionNote,"DOI                         object
Source                      object
Year                       float64
Journal                     object
Country                     object
                            ...   
VegetationType              object
extraction_notes_inline    float64
Latitude                   float64
Longitude                  float64
site_id                      int64
Length: 720, dtype: object"
Mineral,"DOI                         object
Source                      object
Year                       float64
Journal                     object
Country                     object
                            ...   
VegetationType              object
extraction_notes_inline    float64
Latitude                   float64
Longitude                  float64
site_id                      int64
Length: 720, dtype: object"
SumPFAAs_ngg,"DOI                         object
Source                      object
Year                       float64
Journal                     object
Country                     object
                            ...   
VegetationType              object
extraction_notes_inline    float64
Latitude                   float64
Longitude                  float64
site_id                      int64
Length: 720, dtype: object"
SumAlternatives_ngg,"DOI                         object
Source                      object
Year                       float64
Journal                     object
Country                     object
                            ...   
VegetationType              object
extraction_notes_inline    float64
Latitude                   float64
Longitude                  float64
site_id                      int64
Length: 720, dtype: object"
SumPFAS_max_ngg,"DOI                         object
Source                      object
Year                       float64
Journal                     object
Country                     object
                            ...   
VegetationType              object
extraction_notes_inline    float64
Latitude                   float64
Longitude                  float64
site_id                      int64
Length: 720, dtype: object"
PFUnDA_ngg,"DOI                         object
Source                      object
Year                       float64
Journal                     object
Country                     object
                            ...   
VegetationType              object
extraction_notes_inline    float64
Latitude                   float64
Longitude                  float64
site_id                      int64
Length: 720, dtype: object"
PFDoDA_ngg,"DOI                         object
Source                      object
Year                       float64
Journal                     object
Country                     object
                            ...   
VegetationType              object
extraction_notes_inline    float64
Latitude                   float64
Longitude                  float64
site_id                      int64
Length: 720, dtype: object"
HFPO_DA_ngg,"DOI                         object
Source                      object
Year                       float64
Journal                     object
Country                     object
                            ...   
VegetationType              object
extraction_notes_inline    float64
Latitude                   float64
Longitude                  float64
site_id                      int64
Length: 720, dtype: object"
F53B_ngg,"DOI                         object
Source                      object
Year                       float64
Journal                     object
Country                     object
                            ...   
VegetationType              object
extraction_notes_inline    float64
Latitude                   float64
Longitude                  float64
site_id                      int64
Length: 720, dtype: object"
6_2FTS_ngg,"DOI                         object
Source                      object
Year                       float64
Journal                     object
Country                     object
                            ...   
VegetationType              object
extraction_notes_inline    float64
Latitude                   float64
Longitude                  float64
site_id                      int64
Length: 720, dtype: object"
3-ClFlu_ngg,"DOI                         object
Source                      object
Year                       float64
Journal                     object
Country                     object
                            ...   
VegetationType              object
extraction_notes_inline    float64
Latitude                   float64
Longitude                  float64
site_id                      int64
Length: 720, dtype: object"
8-ClFlu_ngg,"DOI                         object
Source                      object
Year                       float64
Journal                     object
Country                     object
                            ...   
VegetationType              object
extraction_notes_inline    float64
Latitude                   float64
Longitude                  float64
site_id                      int64
Length: 720, dtype: object"
1-ClPyr_ngg,"DOI                         object
Source                      object
Year                       float64
Journal                     object
Country                     object
                            ...   
VegetationType              object
extraction_notes_inline    float64
Latitude                   float64
Longitude                  float64
site_id                      int64
Length: 720, dtype: object"
7-ClBaA_ngg,"DOI                         object
Source                      object
Year                       float64
Journal                     object
Country                     object
                            ...   
VegetationType              object
extraction_notes_inline    float64
Latitude                   float64
Longitude                  float64
site_id                      int64
Length: 720, dtype: object"
6-ClBaP_ngg,"DOI                         object
Source                      object
Year                       float64
Journal                     object
Country                     object
                            ...   
VegetationType              object
extraction_notes_inline    float64
Latitude                   float64
Longitude                  float64
site_id                      int64
Length: 720, dtype: object"
"3,9-Cl2Phe_ngg","DOI                         object
Source                      object
Year                       float64
Journal                     object
Country                     object
                            ...   
VegetationType              object
extraction_notes_inline    float64
Latitude                   float64
Longitude                  float64
site_id                      int64
Length: 720, dtype: object"
9-ClPhe_ngg,"DOI                         object
Source                      object
Year                       float64
Journal                     object
Country                     object
                            ...   
VegetationType              object
extraction_notes_inline    float64
Latitude                   float64
Longitude                  float64
site_id                      int64
Length: 720, dtype: object"
"9,10-Cl2Phe_ngg","DOI                         object
Source                      object
Year                       float64
Journal                     object
Country                     object
                            ...   
VegetationType              object
extraction_notes_inline    float64
Latitude                   float64
Longitude                  float64
site_id                      int64
Length: 720, dtype: object"
"9,10-Cl2Ant_1,9-Cl2Phe_ngg","DOI                         object
Source                      object
Year                       float64
Journal                     object
Country                     object
                            ...   
VegetationType              object
extraction_notes_inline    float64
Latitude                   float64
Longitude                  float64
site_id                      int64
Length: 720, dtype: object"
9-ClAnt_ngg,"DOI                         object
Source                      object
Year                       float64
Journal                     object
Country                     object
                            ...   
VegetationType              object
extraction_notes_inline    float64
Latitude                   float64
Longitude                  float64
site_id                      int64
Length: 720, dtype: object"
p_p_DDE_min,"DOI                         object
Source                      object
Year                       float64
Journal                     object
Country                     object
                            ...   
VegetationType              object
extraction_notes_inline    float64
Latitude                   float64
Longitude                  float64
site_id                      int64
Length: 720, dtype: object"
p_p_DDE_max,"DOI                         object
Source                      object
Year                       float64
Journal                     object
Country                     object
                            ...   
VegetationType              object
extraction_notes_inline    float64
Latitude                   float64
Longitude                  float64
site_id                      int64
Length: 720, dtype: object"
p_p_DDD_max,"DOI                         object
Source                      object
Year                       float64
Journal                     object
Country                     object
                            ...   
VegetationType              object
extraction_notes_inline    float64
Latitude                   float64
Longitude                  float64
site_id                      int64
Length: 720, dtype: object"
o_p_DDT_max,"DOI                         object
Source                      object
Year                       float64
Journal                     object
Country                     object
                            ...   
VegetationType              object
extraction_notes_inline    float64
Latitude                   float64
Longitude                  float64
site_id                      int64
Length: 720, dtype: object"
p_p_DDT_min,"DOI                         object
Source                      object
Year                       float64
Journal                     object
Country                     object
                            ...   
VegetationType              object
extraction_notes_inline    float64
Latitude                   float64
Longitude                  float64
site_id                      int64
Length: 720, dtype: object"
p_p_DDT_max,"DOI                         object
Source                      object
Year                       float64
Journal                     object
Country                     object
                            ...   
VegetationType              object
extraction_notes_inline    float64
Latitude                   float64
Longitude                  float64
site_id                      int64
Length: 720, dtype: object"
o_p_DDE_max,"DOI                         object
Source                      object
Year                       float64
Journal                     object
Country                     object
                            ...   
VegetationType              object
extraction_notes_inline    float64
Latitude                   float64
Longitude                  float64
site_id                      int64
Length: 720, dtype: object"
o_p_DDD_max,"DOI                         object
Source                      object
Year                       float64
Journal                     object
Country                     object
                            ...   
VegetationType              object
extraction_notes_inline    float64
Latitude                   float64
Longitude                  float64
site_id                      int64
Length: 720, dtype: object"
SumDDTs_min,"DOI                         object
Source                      object
Year                       float64
Journal                     object
Country                     object
                            ...   
VegetationType              object
extraction_notes_inline    float64
Latitude                   float64
Longitude                  float64
site_id                      int64
Length: 720, dtype: object"
SumDDTs_max,"DOI                         object
Source                      object
Year                       float64
Journal                     object
Country                     object
                            ...   
VegetationType              object
extraction_notes_inline    float64
Latitude                   float64
Longitude                  float64
site_id                      int64
Length: 720, dtype: object"
OCP_SumHCH_ngg,"DOI                         object
Source                      object
Year                       float64
Journal                     object
Country                     object
                            ...   
VegetationType              object
extraction_notes_inline    float64
Latitude                   float64
Longitude                  float64
site_id                      int64
Length: 720, dtype: object"
OCP_SumDDT_ngg,"DOI                         object
Source                      object
Year                       float64
Journal                     object
Country                     object
                            ...   
VegetationType              object
extraction_notes_inline    float64
Latitude                   float64
Longitude                  float64
site_id                      int64
Length: 720, dtype: object"
SumAntibiotics_SA_ngg,"DOI                         object
Source                      object
Year                       float64
Journal                     object
Country                     object
                            ...   
VegetationType              object
extraction_notes_inline    float64
Latitude                   float64
Longitude                  float64
site_id                      int64
Length: 720, dtype: object"
SumAntibiotics_QU_ngg,"DOI                         object
Source                      object
Year                       float64
Journal                     object
Country                     object
                            ...   
VegetationType              object
extraction_notes_inline    float64
Latitude                   float64
Longitude                  float64
site_id                      int64
Length: 720, dtype: object"
SumAntibiotics_TC_ngg,"DOI                         object
Source                      object
Year                       float64
Journal                     object
Country                     object
                            ...   
VegetationType              object
extraction_notes_inline    float64
Latitude                   float64
Longitude                  float64
site_id                      int64
Length: 720, dtype: object"
SumPAE_DEHP_ngg,"DOI                         object
Source                      object
Year                       float64
Journal                     object
Country                     object
                            ...   
VegetationType              object
extraction_notes_inline    float64
Latitude                   float64
Longitude                  float64
site_id                      int64
Length: 720, dtype: object"
SumPAE_DnBP_ngg,"DOI                         object
Source                      object
Year                       float64
Journal                     object
Country                     object
                            ...   
VegetationType              object
extraction_notes_inline    float64
Latitude                   float64
Longitude                  float64
site_id                      int64
Length: 720, dtype: object"
Endrin aldehyde_mgkg,"DOI                         object
Source                      object
Year                       float64
Journal                     object
Country                     object
                            ...   
VegetationType              object
extraction_notes_inline    float64
Latitude                   float64
Longitude                  float64
site_id                      int64
Length: 720, dtype: object"
Endosulfan_II_mgkg,"DOI                         object
Source                      object
Year                       float64
Journal                     object
Country                     object
                            ...   
VegetationType              object
extraction_notes_inline    float64
Latitude                   float64
Longitude                  float64
site_id                      int64
Length: 720, dtype: object"
TC_gkg,"DOI                         object
Source                      object
Year                       float64
Journal                     object
Country                     object
                            ...   
VegetationType              object
extraction_notes_inline    float64
Latitude                   float64
Longitude                  float64
site_id                      int64
Length: 720, dtype: object"
TS_gkg,"DOI                         object
Source                      object
Year                       float64
Journal                     object
Country                     object
                            ...   
VegetationType              object
extraction_notes_inline    float64
Latitude                   float64
Longitude                  float64
site_id                      int64
Length: 720, dtype: object"
NumberSamples,"DOI                         object
Source                      object
Year                       float64
Journal                     object
Country                     object
                            ...   
VegetationType              object
extraction_notes_inline    float64
Latitude                   float64
Longitude                  float64
site_id                      int64
Length: 720, dtype: object"
Lake,"DOI                         object
Source                      object
Year                       float64
Journal                     object
Country                     object
                            ...   
VegetationType              object
extraction_notes_inline    float64
Latitude                   float64
Longitude                  float64
site_id                      int64
Length: 720, dtype: object"
Sum_ngg_APAH,"DOI                         object
Source                      object
Year                       float64
Journal                     object
Country                     object
                            ...   
VegetationType              object
extraction_notes_inline    float64
Latitude                   float64
Longitude                  float64
site_id                      int64
Length: 720, dtype: object"
Sea,"DOI                         object
Source                      object
Year                       float64
Journal                     object
Country                     object
                            ...   
VegetationType              object
extraction_notes_inline    float64
Latitude                   float64
Longitude                  float64
site_id                      int64
Length: 720, dtype: object"
Aldrin_ngg,"DOI                         object
Source                      object
Year                       float64
Journal                     object
Country                     object
                            ...   
VegetationType              object
extraction_notes_inline    float64
Latitude                   float64
Longitude                  float64
site_id                      int64
Length: 720, dtype: object"
Endrin_ngg,"DOI                         object
Source                      object
Year                       float64
Journal                     object
Country                     object
                            ...   
VegetationType              object
extraction_notes_inline    float64
Latitude                   float64
Longitude                  float64
site_id                      int64
Length: 720, dtype: object"
Endosulfan_I_ngg,"DOI                         object
Source                      object
Year                       float64
Journal                     object
Country                     object
                            ...   
VegetationType              object
extraction_notes_inline    float64
Latitude                   float64
Longitude                  float64
site_id                      int64
Length: 720, dtype: object"
Endosulfan_II_ngg,"DOI                         object
Source                      object
Year                       float64
Journal                     object
Country                     object
                            ...   
VegetationType              object
extraction_notes_inline    float64
Latitude                   float64
Longitude                  float64
site_id                      int64
Length: 720, dtype: object"
Methoxychlor_ngg,"DOI                         object
Source                      object
Year                       float64
Journal                     object
Country                     object
                            ...   
VegetationType              object
extraction_notes_inline    float64
Latitude                   float64
Longitude                  float64
site_id                      int64
Length: 720, dtype: object"
Heptachlor_epoxide_ngg,"DOI                         object
Source                      object
Year                       float64
Journal                     object
Country                     object
                            ...   
VegetationType              object
extraction_notes_inline    float64
Latitude                   float64
Longitude                  float64
site_id                      int64
Length: 720, dtype: object"
Mapping_mm,"DOI                         object
Source                      object
Year                       float64
Journal                     object
Country                     object
                            ...   
VegetationType              object
extraction_notes_inline    float64
Latitude                   float64
Longitude                  float64
site_id                      int64
Length: 720, dtype: object"
Species,"DOI                         object
Source                      object
Year                       float64
Journal                     object
Country                     object
                            ...   
VegetationType              object
extraction_notes_inline    float64
Latitude                   float64
Longitude                  float64
site_id                      int64
Length: 720, dtype: object"
TOC_gkg,"DOI                         object
Source                      object
Year                       float64
Journal                     object
Country                     object
                            ...   
VegetationType              object
extraction_notes_inline    float64
Latitude                   float64
Longitude                  float64
site_id                      int64
Length: 720, dtype: object"
SumHCH_ngg,"DOI                         object
Source                      object
Year                       float64
Journal                     object
Country                     object
                            ...   
VegetationType              object
extraction_notes_inline    float64
Latitude                   float64
Longitude                  float64
site_id                      int64
Length: 720, dtype: object"
SumDDT_ngg,"DOI                         object
Source                      object
Year                       float64
Journal                     object
Country                     object
                            ...   
VegetationType              object
extraction_notes_inline    float64
Latitude                   float64
Longitude                  float64
site_id                      int64
Length: 720, dtype: object"
Any_ngg,"DOI                         object
Source                      object
Year                       float64
Journal                     object
Country                     object
                            ...   
VegetationType              object
extraction_notes_inline    float64
Latitude                   float64
Longitude                  float64
site_id                      int64
Length: 720, dtype: object"
IcdP_ngg,"DOI                         object
Source                      object
Year                       float64
Journal                     object
Country                     object
                            ...   
VegetationType              object
extraction_notes_inline    float64
Latitude                   float64
Longitude                  float64
site_id                      int64
Length: 720, dtype: object"
NH4_mgkg,"DOI                         object
Source                      object
Year                       float64
Journal                     object
Country                     object
                            ...   
VegetationType              object
extraction_notes_inline    float64
Latitude                   float64
Longitude                  float64
site_id                      int64
Length: 720, dtype: object"
Saltness_mgkg,"DOI                         object
Source                      object
Year                       float64
Journal                     object
Country                     object
                            ...   
VegetationType              object
extraction_notes_inline    float64
Latitude                   float64
Longitude                  float64
site_id                      int64
Length: 720, dtype: object"
Phase7Prefix,"DOI                         object
Source                      object
Year                       float64
Journal                     object
Country                     object
                            ...   
VegetationType              object
extraction_notes_inline    float64
Latitude                   float64
Longitude                  float64
site_id                      int64
Length: 720, dtype: object"
ExtractionMethod,"DOI                         object
Source                      object
Year                       float64
Journal                     object
Country                     object
                            ...   
VegetationType              object
extraction_notes_inline    float64
Latitude                   float64
Longitude                  float64
site_id                      int64
Length: 720, dtype: object"
Phase7RawJson,"DOI                         object
Source                      object
Year                       float64
Journal                     object
Country                     object
                            ...   
VegetationType              object
extraction_notes_inline    float64
Latitude                   float64
Longitude                  float64
site_id                      int64
Length: 720, dtype: object"
EmissionSource,"DOI                         object
Source                      object
Year                       float64
Journal                     object
Country                     object
                            ...   
VegetationType              object
extraction_notes_inline    float64
Latitude                   float64
Longitude                  float64
site_id                      int64
Length: 720, dtype: object"
DataQualityFlag,"DOI                         object
Source                      object
Year                       float64
Journal                     object
Country                     object
                            ...   
VegetationType              object
extraction_notes_inline    float64
Latitude                   float64
Longitude                  float64
site_id                      int64
Length: 720, dtype: object"
SumPAH_ngg,"DOI                         object
Source                      object
Year                       float64
Journal                     object
Country                     object
                            ...   
VegetationType              object
extraction_notes_inline    float64
Latitude                   float64
Longitude                  float64
site_id                      int64
Length: 720, dtype: object"
Slope_pct,"DOI                         object
Source                      object
Year                       float64
Journal                     object
Country                     object
                            ...   
VegetationType              object
extraction_notes_inline    float64
Latitude                   float64
Longitude                  float64
site_id                      int64
Length: 720, dtype: object"
OM_gkg,"DOI                         object
Source                      object
Year                       float64
Journal                     object
Country                     object
                            ...   
VegetationType              object
extraction_notes_inline    float64
Latitude                   float64
Longitude                  float64
site_id                      int64
Length: 720, dtype: object"
extraction_notes_summary,"DOI                         object
Source                      object
Year                       float64
Journal                     object
Country                     object
                            ...   
VegetationType              object
extraction_notes_inline    float64
Latitude                   float64
Longitude                  float64
site_id                      int64
Length: 720, dtype: object"
Dieldrin_ngg,"DOI                         object
Source                      object
Year                       float64
Journal                     object
Country                     object
                            ...   
VegetationType              object
extraction_notes_inline    float64
Latitude                   float64
Longitude                  float64
site_id                      int64
Length: 720, dtype: object"
SumDRINs_ngg,"DOI                         object
Source                      object
Year                       float64
Journal                     object
Country                     object
                            ...   
VegetationType              object
extraction_notes_inline    float64
Latitude                   float64
Longitude                  float64
site_id                      int64
Length: 720, dtype: object"
CisChlordane_ngg,"DOI                         object
Source                      object
Year                       float64
Journal                     object
Country                     object
                            ...   
VegetationType              object
extraction_notes_inline    float64
Latitude                   float64
Longitude                  float64
site_id                      int64
Length: 720, dtype: object"
TransChlordane_ngg,"DOI                         object
Source                      object
Year                       float64
Journal                     object
Country                     object
                            ...   
VegetationType              object
extraction_notes_inline    float64
Latitude                   float64
Longitude                  float64
site_id                      int64
Length: 720, dtype: object"
SumChlordanes_ngg,"DOI                         object
Source                      object
Year                       float64
Journal                     object
Country                     object
                            ...   
VegetationType              object
extraction_notes_inline    float64
Latitude                   float64
Longitude                  float64
site_id                      int64
Length: 720, dtype: object"
AlphaEndosulfan_ngg,"DOI                         object
Source                      object
Year                       float64
Journal                     object
Country                     object
                            ...   
VegetationType              object
extraction_notes_inline    float64
Latitude                   float64
Longitude                  float64
site_id                      int64
Length: 720, dtype: object"
BetaEndosulfan_ngg,"DOI                         object
Source                      object
Year                       float64
Journal                     object
Country                     object
                            ...   
VegetationType              object
extraction_notes_inline    float64
Latitude                   float64
Longitude                  float64
site_id                      int64
Length: 720, dtype: object"
SumEndosulfans_ngg,"DOI                         object
Source                      object
Year                       float64
Journal                     object
Country                     object
                            ...   
VegetationType              object
extraction_notes_inline    float64
Latitude                   float64
Longitude                  float64
site_id                      int64
Length: 720, dtype: object"
PCB66_ngg,"DOI                         object
Source                      object
Year                       float64
Journal                     object
Country                     object
                            ...   
VegetationType              object
extraction_notes_inline    float64
Latitude                   float64
Longitude                  float64
site_id                      int64
Length: 720, dtype: object"
PCB70_ngg,"DOI                         object
Source                      object
Year                       float64
Journal                     object
Country                     object
                            ...   
VegetationType              object
extraction_notes_inline    float64
Latitude                   float64
Longitude                  float64
site_id                      int64
Length: 720, dtype: object"
PCB74_ngg,"DOI                         object
Source                      object
Year                       float64
Journal                     object
Country                     object
                            ...   
VegetationType              object
extraction_notes_inline    float64
Latitude                   float64
Longitude                  float64
site_id                      int64
Length: 720, dtype: object"
PCB87_ngg,"DOI                         object
Source                      object
Year                       float64
Journal                     object
Country                     object
                            ...   
VegetationType              object
extraction_notes_inline    float64
Latitude                   float64
Longitude                  float64
site_id                      int64
Length: 720, dtype: object"
PCB99_ngg,"DOI                         object
Source                      object
Year                       float64
Journal                     object
Country                     object
                            ...   
VegetationType              object
extraction_notes_inline    float64
Latitude                   float64
Longitude                  float64
site_id                      int64
Length: 720, dtype: object"
PCB141_ngg,"DOI                         object
Source                      object
Year                       float64
Journal                     object
Country                     object
                            ...   
VegetationType              object
extraction_notes_inline    float64
Latitude                   float64
Longitude                  float64
site_id                      int64
Length: 720, dtype: object"
PCB185_ngg,"DOI                         object
Source                      object
Year                       float64
Journal                     object
Country                     object
                            ...   
VegetationType              object
extraction_notes_inline    float64
Latitude                   float64
Longitude                  float64
site_id                      int64
Length: 720, dtype: object"
PCB194_ngg,"DOI                         object
Source                      object
Year                       float64
Journal                     object
Country                     object
                            ...   
VegetationType              object
extraction_notes_inline    float64
Latitude                   float64
Longitude                  float64
site_id                      int64
Length: 720, dtype: object"
PCB44_ngg,"DOI                         object
Source                      object
Year                       float64
Journal                     object
Country                     object
                            ...   
VegetationType              object
extraction_notes_inline    float64
Latitude                   float64
Longitude                  float64
site_id                      int64
Length: 720, dtype: object"
TPH_mgkg,"DOI                         object
Source                      object
Year                       float64
Journal                     object
Country                     object
                            ...   
VegetationType              object
extraction_notes_inline    float64
Latitude                   float64
Longitude                  float64
site_id                      int64
Length: 720, dtype: object"
THg_ngg_midpoint,"DOI                         object
Source                      object
Year                       float64
Journal                     object
Country                     object
                            ...   
VegetationType              object
extraction_notes_inline    float64
Latitude                   float64
Longitude                  float64
site_id                      int64
Length: 720, dtype: object"
PM25_bound,"DOI                         object
Source                      object
Year                       float64
Journal                     object
Country                     object
                            ...   
VegetationType              object
extraction_notes_inline    float64
Latitude                   float64
Longitude                  float64
site_id                      int64
Length: 720, dtype: object"
Season,"DOI                         object
Source                      object
Year                       float64
Journal                     object
Country                     object
                            ...   
VegetationType              object
extraction_notes_inline    float64
Latitude                   float64
Longitude                  float64
site_id                      int64
Length: 720, dtype: object"
PM25_concentration_ugm3,"DOI                         object
Source                      object
Year                       float64
Journal                     object
Country                     object
                            ...   
VegetationType              object
extraction_notes_inline    float64
Latitude                   float64
Longitude                  float64
site_id                      int64
Length: 720, dtype: object"
PAH_volume_concentration_ngm3,"DOI                         object
Source                      object
Year                       float64
Journal                     object
Country                     object
                            ...   
VegetationType              object
extraction_notes_inline    float64
Latitude                   float64
Longitude                  float64
site_id                      int64
Length: 720, dtype: object"
PAH_mass_content_ugg,"DOI                         object
Source                      object
Year                       float64
Journal                     object
Country                     object
                            ...   
VegetationType              object
extraction_notes_inline    float64
Latitude                   float64
Longitude                  float64
site_id                      int64
Length: 720, dtype: object"
W_mgkg,"DOI                         object
Source                      object
Year                       float64
Journal                     object
Country                     object
                            ...   
VegetationType              object
extraction_notes_inline    float64
Latitude                   float64
Longitude                  float64
site_id                      int64
Length: 720, dtype: object"
OM_pct,"DOI                         object
Source                      object
Year                       float64
Journal                     object
Country                     object
                            ...   
VegetationType              object
extraction_notes_inline    float64
Latitude                   float64
Longitude                  float64
site_id                      int64
Length: 720, dtype: object"
extraction_notes_group_summary,"DOI                         object
Source                      object
Year                       float64
Journal                     object
Country                     object
                            ...   
VegetationType              object
extraction_notes_inline    float64
Latitude                   float64
Longitude                  float64
site_id                      int64
Length: 720, dtype: object"
C/N,"DOI                         object
Source                      object
Year                       float64
Journal                     object
Country                     object
                            ...   
VegetationType              object
extraction_notes_inline    float64
Latitude                   float64
Longitude                  float64
site_id                      int64
Length: 720, dtype: object"
SampleSize,"DOI                         object
Source                      object
Year                       float64
Journal                     object
Country                     object
                            ...   
VegetationType              object
extraction_notes_inline    float64
Latitude                   float64
Longitude                  float64
site_id                      int64
Length: 720, dtype: object"
extraction_notes_hint,"DOI                         object
Source                      object
Year                       float64
Journal                     object
Country                     object
                            ...   
VegetationType              object
extraction_notes_inline    float64
Latitude                   float64
Longitude                  float64
site_id                      int64
Length: 720, dtype: object"
MeanValues,"DOI                         object
Source                      object
Year                       float64
Journal                     object
Country                     object
                            ...   
VegetationType              object
extraction_notes_inline    float64
Latitude                   float64
Longitude                  float64
site_id                      int64
Length: 720, dtype: object"
SumcPAH_ngg,"DOI                         object
Source                      object
Year                       float64
Journal                     object
Country                     object
                            ...   
VegetationType              object
extraction_notes_inline    float64
Latitude                   float64
Longitude                  float64
site_id                      int64
Length: 720, dtype: object"
ILCR,"DOI                         object
Source                      object
Year                       float64
Journal                     object
Country                     object
                            ...   
VegetationType              object
extraction_notes_inline    float64
Latitude                   float64
Longitude                  float64
site_id                      int64
Length: 720, dtype: object"
District,"DOI                         object
Source                      object
Year                       float64
Journal                     object
Country                     object
                            ...   
VegetationType              object
extraction_notes_inline    float64
Latitude                   float64
Longitude                  float64
site_id                      int64
Length: 720, dtype: object"
State,"DOI                         object
Source                      object
Year                       float64
Journal                     object
Country                     object
                            ...   
VegetationType              object
extraction_notes_inline    float64
Latitude                   float64
Longitude                  float64
site_id                      int64
Length: 720, dtype: object"
Prefecture,"DOI                         object
Source                      object
Year                       float64
Journal                     object
Country                     object
                            ...   
VegetationType              object
extraction_notes_inline    float64
Latitude                   float64
Longitude                  float64
site_id                      int64
Length: 720, dtype: object"
DTPA_Pb_mgkg,"DOI                         object
Source                      object
Year                       float64
Journal                     object
Country                     object
                            ...   
VegetationType              object
extraction_notes_inline    float64
Latitude                   float64
Longitude                  float64
site_id                      int64
Length: 720, dtype: object"
Distance_m,"DOI                         object
Source                      object
Year                       float64
Journal                     object
Country                     object
                            ...   
VegetationType              object
extraction_notes_inline    float64
Latitude                   float64
Longitude                  float64
site_id                      int64
Length: 720, dtype: object"
Y_mgkg,"DOI                         object
Source                      object
Year                       float64
Journal                     object
Country                     object
                            ...   
VegetationType              object
extraction_notes_inline    float64
Latitude                   float64
Longitude                  float64
site_id                      int64
Length: 720, dtype: object"
Group,"DOI                         object
Source                      object
Year                       float64
Journal                     object
Country                     object
                            ...   
VegetationType              object
extraction_notes_inline    float64
Latitude                   float64
Longitude                  float64
site_id                      int64
Length: 720, dtype: object"
SoilDepth,"DOI                         object
Source                      object
Year                       float64
Journal                     object
Country                     object
                            ...   
VegetationType              object
extraction_notes_inline    float64
Latitude                   float64
Longitude                  float64
site_id                      int64
Length: 720, dtype: object"
PublicationYear,"DOI                         object
Source                      object
Year                       float64
Journal                     object
Country                     object
                            ...   
VegetationType              object
extraction_notes_inline    float64
Latitude                   float64
Longitude                  float64
site_id                      int64
Length: 720, dtype: object"
HousingEstate,"DOI                         object
Source                      object
Year                       float64
Journal                     object
Country                     object
                            ...   
VegetationType              object
extraction_notes_inline    float64
Latitude                   float64
Longitude                  float64
site_id                      int64
Length: 720, dtype: object"
Flo_ngg,"DOI                         object
Source                      object
Year                       float64
Journal                     object
Country                     object
                            ...   
VegetationType              object
extraction_notes_inline    float64
Latitude                   float64
Longitude                  float64
site_id                      int64
Length: 720, dtype: object"
p_H,"DOI                         object
Source                      object
Year                       float64
Journal                     object
Country                     object
                            ...   
VegetationType              object
extraction_notes_inline    float64
Latitude                   float64
Longitude                  float64
site_id                      int64
Length: 720, dtype: object"
Depth_cm,"DOI                         object
Source                      object
Year                       float64
Journal                     object
Country                     object
                            ...   
VegetationType              object
extraction_notes_inline    float64
Latitude                   float64
Longitude                  float64
site_id                      int64
Length: 720, dtype: object"
Month,"DOI                         object
Source                      object
Year                       float64
Journal                     object
Country                     object
                            ...   
VegetationType              object
extraction_notes_inline    float64
Latitude                   float64
Longitude                  float64
site_id                      int64
Length: 720, dtype: object"
OrgMatter_gkg,"DOI                         object
Source                      object
Year                       float64
Journal                     object
Country                     object
                            ...   
VegetationType              object
extraction_notes_inline    float64
Latitude                   float64
Longitude                  float64
site_id                      int64
Length: 720, dtype: object"
SiltClay_pct,"DOI                         object
Source                      object
Year                       float64
Journal                     object
Country                     object
                            ...   
VegetationType              object
extraction_notes_inline    float64
Latitude                   float64
Longitude                  float64
site_id                      int64
Length: 720, dtype: object"
BOD_mgL,"DOI                         object
Source                      object
Year                       float64
Journal                     object
Country                     object
                            ...   
VegetationType              object
extraction_notes_inline    float64
Latitude                   float64
Longitude                  float64
site_id                      int64
Length: 720, dtype: object"
COD_mgL,"DOI                         object
Source                      object
Year                       float64
Journal                     object
Country                     object
                            ...   
VegetationType              object
extraction_notes_inline    float64
Latitude                   float64
Longitude                  float64
site_id                      int64
Length: 720, dtype: object"
ExtractionSeason,"DOI                         object
Source                      object
Year                       float64
Journal                     object
Country                     object
                            ...   
VegetationType              object
extraction_notes_inline    float64
Latitude                   float64
Longitude                  float64
site_id                      int64
Length: 720, dtype: object"
Station,"DOI                         object
Source                      object
Year                       float64
Journal                     object
Country                     object
                            ...   
VegetationType              object
extraction_notes_inline    float64
Latitude                   float64
Longitude                  float64
site_id                      int64
Length: 720, dtype: object"
SumDDTs_mgkg,"DOI                         object
Source                      object
Year                       float64
Journal                     object
Country                     object
                            ...   
VegetationType              object
extraction_notes_inline    float64
Latitude                   float64
Longitude                  float64
site_id                      int64
Length: 720, dtype: object"
SumHCHs_mgkg,"DOI                         object
Source                      object
Year                       float64
Journal                     object
Country                     object
                            ...   
VegetationType              object
extraction_notes_inline    float64
Latitude                   float64
Longitude                  float64
site_id                      int64
Length: 720, dtype: object"
SaltContent_pct,"DOI                         object
Source                      object
Year                       float64
Journal                     object
Country                     object
                            ...   
VegetationType              object
extraction_notes_inline    float64
Latitude                   float64
Longitude                  float64
site_id                      int64
Length: 720, dtype: object"
DBP_mgkg,"DOI                         object
Source                      object
Year                       float64
Journal                     object
Country                     object
                            ...   
VegetationType              object
extraction_notes_inline    float64
Latitude                   float64
Longitude                  float64
site_id                      int64
Length: 720, dtype: object"
DNOP_mgkg,"DOI                         object
Source                      object
Year                       float64
Journal                     object
Country                     object
                            ...   
VegetationType              object
extraction_notes_inline    float64
Latitude                   float64
Longitude                  float64
site_id                      int64
Length: 720, dtype: object"
SumPAE_mgkg,"DOI                         object
Source                      object
Year                       float64
Journal                     object
Country                     object
                            ...   
VegetationType              object
extraction_notes_inline    float64
Latitude                   float64
Longitude                  float64
site_id                      int64
Length: 720, dtype: object"
Dep_mgkg,"DOI                         object
Source                      object
Year                       float64
Journal                     object
Country                     object
                            ...   
VegetationType              object
extraction_notes_inline    float64
Latitude                   float64
Longitude                  float64
site_id                      int64
Length: 720, dtype: object"
SamplingDepth_note,"DOI                         object
Source                      object
Year                       float64
Journal                     object
Country                     object
                            ...   
VegetationType              object
extraction_notes_inline    float64
Latitude                   float64
Longitude                  float64
site_id                      int64
Length: 720, dtype: object"
Heptachlor_endo_epoxide_ngg,"DOI                         object
Source                      object
Year                       float64
Journal                     object
Country                     object
                            ...   
VegetationType              object
extraction_notes_inline    float64
Latitude                   float64
Longitude                  float64
site_id                      int64
Length: 720, dtype: object"
A_Endosulfan_ngg,"DOI                         object
Source                      object
Year                       float64
Journal                     object
Country                     object
                            ...   
VegetationType              object
extraction_notes_inline    float64
Latitude                   float64
Longitude                  float64
site_id                      int64
Length: 720, dtype: object"
B_Endosulfan_ngg,"DOI                         object
Source                      object
Year                       float64
Journal                     object
Country                     object
                            ...   
VegetationType              object
extraction_notes_inline    float64
Latitude                   float64
Longitude                  float64
site_id                      int64
Length: 720, dtype: object"
Endosulfan_sulfate_ngg,"DOI                         object
Source                      object
Year                       float64
Journal                     object
Country                     object
                            ...   
VegetationType              object
extraction_notes_inline    float64
Latitude                   float64
Longitude                  float64
site_id                      int64
Length: 720, dtype: object"
Endrin_ketone_ngg,"DOI                         object
Source                      object
Year                       float64
Journal                     object
Country                     object
                            ...   
VegetationType              object
extraction_notes_inline    float64
Latitude                   float64
Longitude                  float64
site_id                      int64
Length: 720, dtype: object"
HumusType,"DOI                         object
Source                      object
Year                       float64
Journal                     object
Country                     object
                            ...   
VegetationType              object
extraction_notes_inline    float64
Latitude                   float64
Longitude                  float64
site_id                      int64
Length: 720, dtype: object"
MeanAnnualTemperature_C,"DOI                         object
Source                      object
Year                       float64
Journal                     object
Country                     object
                            ...   
VegetationType              object
extraction_notes_inline    float64
Latitude                   float64
Longitude                  float64
site_id                      int64
Length: 720, dtype: object"
C_pct,"DOI                         object
Source                      object
Year                       float64
Journal                     object
Country                     object
                            ...   
VegetationType              object
extraction_notes_inline    float64
Latitude                   float64
Longitude                  float64
site_id                      int64
Length: 720, dtype: object"
N_pct,"DOI                         object
Source                      object
Year                       float64
Journal                     object
Country                     object
                            ...   
VegetationType              object
extraction_notes_inline    float64
Latitude                   float64
Longitude                  float64
site_id                      int64
Length: 720, dtype: object"
Y_cmolkg,"DOI                         object
Source                      object
Year                       float64
Journal                     object
Country                     object
                            ...   
VegetationType              object
extraction_notes_inline    float64
Latitude                   float64
Longitude                  float64
site_id                      int64
Length: 720, dtype: object"
Ca_cmolkg,"DOI                         object
Source                      object
Year                       float64
Journal                     object
Country                     object
                            ...   
VegetationType              object
extraction_notes_inline    float64
Latitude                   float64
Longitude                  float64
site_id                      int64
Length: 720, dtype: object"
K_cmolkg,"DOI                         object
Source                      object
Year                       float64
Journal                     object
Country                     object
                            ...   
VegetationType              object
extraction_notes_inline    float64
Latitude                   float64
Longitude                  float64
site_id                      int64
Length: 720, dtype: object"
Mg_cmolkg,"DOI                         object
Source                      object
Year                       float64
Journal                     object
Country                     object
                            ...   
VegetationType              object
extraction_notes_inline    float64
Latitude                   float64
Longitude                  float64
site_id                      int64
Length: 720, dtype: object"
Na_cmolkg,"DOI                         object
Source                      object
Year                       float64
Journal                     object
Country                     object
                            ...   
VegetationType              object
extraction_notes_inline    float64
Latitude                   float64
Longitude                  float64
site_id                      int64
Length: 720, dtype: object"
BC_cmolkg,"DOI                         object
Source                      object
Year                       float64
Journal                     object
Country                     object
                            ...   
VegetationType              object
extraction_notes_inline    float64
Latitude                   float64
Longitude                  float64
site_id                      int64
Length: 720, dtype: object"
DHA_umolTPF_kgh,"DOI                         object
Source                      object
Year                       float64
Journal                     object
Country                     object
                            ...   
VegetationType              object
extraction_notes_inline    float64
Latitude                   float64
Longitude                  float64
site_id                      int64
Length: 720, dtype: object"
pHKCl,"DOI                         object
Source                      object
Year                       float64
Journal                     object
Country                     object
                            ...   
VegetationType              object
extraction_notes_inline    float64
Latitude                   float64
Longitude                  float64
site_id                      int64
Length: 720, dtype: object"
Sum_PAH_ugg,"DOI                         object
Source                      object
Year                       float64
Journal                     object
Country                     object
                            ...   
VegetationType              object
extraction_notes_inline    float64
Latitude                   float64
Longitude                  float64
site_id                      int64
Length: 720, dtype: object"
TSS_mgkg,"DOI                         object
Source                      object
Year                       float64
Journal                     object
Country                     object
                            ...   
VegetationType              object
extraction_notes_inline    float64
Latitude                   float64
Longitude                  float64
site_id                      int64
Length: 720, dtype: object"
LOI_mgkg,"DOI                         object
Source                      object
Year                       float64
Journal                     object
Country                     object
                            ...   
VegetationType              object
extraction_notes_inline    float64
Latitude                   float64
Longitude                  float64
site_id                      int64
Length: 720, dtype: object"
BTBPE_ngg,"DOI                         object
Source                      object
Year                       float64
Journal                     object
Country                     object
                            ...   
VegetationType              object
extraction_notes_inline    float64
Latitude                   float64
Longitude                  float64
site_id                      int64
Length: 720, dtype: object"
Sum7PAH_mgkg,"DOI                         object
Source                      object
Year                       float64
Journal                     object
Country                     object
                            ...   
VegetationType              object
extraction_notes_inline    float64
Latitude                   float64
Longitude                  float64
site_id                      int64
Length: 720, dtype: object"
SumBPAH_mgkg,"DOI                         object
Source                      object
Year                       float64
Journal                     object
Country                     object
                            ...   
VegetationType              object
extraction_notes_inline    float64
Latitude                   float64
Longitude                  float64
site_id                      int64
Length: 720, dtype: object"
TC_ngg,"DOI                         object
Source                      object
Year                       float64
Journal                     object
Country                     object
                            ...   
VegetationType              object
extraction_notes_inline    float64
Latitude                   float64
Longitude                  float64
site_id                      int64
Length: 720, dtype: object"
CC_ngg,"DOI                         object
Source                      object
Year                       float64
Journal                     object
Country                     object
                            ...   
VegetationType              object
extraction_notes_inline    float64
Latitude                   float64
Longitude                  float64
site_id                      int64
Length: 720, dtype: object"
EndosulfanSulfate_ngg,"DOI                         object
Source                      object
Year                       float64
Journal                     object
Country                     object
                            ...   
VegetationType              object
extraction_notes_inline    float64
Latitude                   float64
Longitude                  float64
site_id                      int64
Length: 720, dtype: object"
IP_mgkg,"DOI                         object
Source                      object
Year                       float64
Journal                     object
Country                     object
                            ...   
VegetationType              object
extraction_notes_inline    float64
Latitude                   float64
Longitude                  float64
site_id                      int64
Length: 720, dtype: object"
DOC_mgkg,"DOI                         object
Source                      object
Year                       float64
Journal                     object
Country                     object
                            ...   
VegetationType              object
extraction_notes_inline    float64
Latitude                   float64
Longitude                  float64
site_id                      int64
Length: 720, dtype: object"
LocationDetails,"DOI                         object
Source                      object
Year                       float64
Journal                     object
Country                     object
                            ...   
VegetationType              object
extraction_notes_inline    float64
Latitude                   float64
Longitude                  float64
site_id                      int64
Length: 720, dtype: object"
WaterDepth_m,"DOI                         object
Source                      object
Year                       float64
Journal                     object
Country                     object
                            ...   
VegetationType              object
extraction_notes_inline    float64
Latitude                   float64
Longitude                  float64
site_id                      int64
Length: 720, dtype: object"
SumDDTs_ngg_range_min,"DOI                         object
Source                      object
Year                       float64
Journal                     object
Country                     object
                            ...   
VegetationType              object
extraction_notes_inline    float64
Latitude                   float64
Longitude                  float64
site_id                      int64
Length: 720, dtype: object"
SumDDTs_ngg_range_max,"DOI                         object
Source                      object
Year                       float64
Journal                     object
Country                     object
                            ...   
VegetationType              object
extraction_notes_inline    float64
Latitude                   float64
Longitude                  float64
site_id                      int64
Length: 720, dtype: object"
SumDDTs_ngg_average,"DOI                         object
Source                      object
Year                       float64
Journal                     object
Country                     object
                            ...   
VegetationType              object
extraction_notes_inline    float64
Latitude                   float64
Longitude                  float64
site_id                      int64
Length: 720, dtype: object"
SumHCHs_ngg_range_min,"DOI                         object
Source                      object
Year                       float64
Journal                     object
Country                     object
                            ...   
VegetationType              object
extraction_notes_inline    float64
Latitude                   float64
Longitude                  float64
site_id                      int64
Length: 720, dtype: object"
SumHCHs_ngg_range_max,"DOI                         object
Source                      object
Year                       float64
Journal                     object
Country                     object
                            ...   
VegetationType              object
extraction_notes_inline    float64
Latitude                   float64
Longitude                  float64
site_id                      int64
Length: 720, dtype: object"
SumHCHs_ngg_average,"DOI                         object
Source                      object
Year                       float64
Journal                     object
Country                     object
                            ...   
VegetationType              object
extraction_notes_inline    float64
Latitude                   float64
Longitude                  float64
site_id                      int64
Length: 720, dtype: object"
DDT_inventory_ng_cm2,"DOI                         object
Source                      object
Year                       float64
Journal                     object
Country                     object
                            ...   
VegetationType              object
extraction_notes_inline    float64
Latitude                   float64
Longitude                  float64
site_id                      int64
Length: 720, dtype: object"
HCH_inventory_ng_cm2,"DOI                         object
Source                      object
Year                       float64
Journal                     object
Country                     object
                            ...   
VegetationType              object
extraction_notes_inline    float64
Latitude                   float64
Longitude                  float64
site_id                      int64
Length: 720, dtype: object"
DnHP_ugkg,"DOI                         object
Source                      object
Year                       float64
Journal                     object
Country                     object
                            ...   
VegetationType              object
extraction_notes_inline    float64
Latitude                   float64
Longitude                  float64
site_id                      int64
Length: 720, dtype: object"
Available_N_mgkg,"DOI                         object
Source                      object
Year                       float64
Journal                     object
Country                     object
                            ...   
VegetationType              object
extraction_notes_inline    float64
Latitude                   float64
Longitude                  float64
site_id                      int64
Length: 720, dtype: object"
Available_P_mgkg,"DOI                         object
Source                      object
Year                       float64
Journal                     object
Country                     object
                            ...   
VegetationType              object
extraction_notes_inline    float64
Latitude                   float64
Longitude                  float64
site_id                      int64
Length: 720, dtype: object"
Available_K_mgkg,"DOI                         object
Source                      object
Year                       float64
Journal                     object
Country                     object
                            ...   
VegetationType              object
extraction_notes_inline    float64
Latitude                   float64
Longitude                  float64
site_id                      int64
Length: 720, dtype: object"
SumOPEs_ngg,"DOI                         object
Source                      object
Year                       float64
Journal                     object
Country                     object
                            ...   
VegetationType              object
extraction_notes_inline    float64
Latitude                   float64
Longitude                  float64
site_id                      int64
Length: 720, dtype: object"
Benzene_ugkg,"DOI                         object
Source                      object
Year                       float64
Journal                     object
Country                     object
                            ...   
VegetationType              object
extraction_notes_inline    float64
Latitude                   float64
Longitude                  float64
site_id                      int64
Length: 720, dtype: object"
C10_40_mgkg,"DOI                         object
Source                      object
Year                       float64
Journal                     object
Country                     object
                            ...   
VegetationType              object
extraction_notes_inline    float64
Latitude                   float64
Longitude                  float64
site_id                      int64
Length: 720, dtype: object"
DCM_ugkg,"DOI                         object
Source                      object
Year                       float64
Journal                     object
Country                     object
                            ...   
VegetationType              object
extraction_notes_inline    float64
Latitude                   float64
Longitude                  float64
site_id                      int64
Length: 720, dtype: object"
6_OH_BDE_47_ngg,"DOI                         object
Source                      object
Year                       float64
Journal                     object
Country                     object
                            ...   
VegetationType              object
extraction_notes_inline    float64
Latitude                   float64
Longitude                  float64
site_id                      int64
Length: 720, dtype: object"
NA_ngg,"DOI                         object
Source                      object
Year                       float64
Journal                     object
Country                     object
                            ...   
VegetationType              object
extraction_notes_inline    float64
Latitude                   float64
Longitude                  float64
site_id                      int64
Length: 720, dtype: object"
PCB149_ngg,"DOI                         object
Source                      object
Year                       float64
Journal                     object
Country                     object
                            ...   
VegetationType              object
extraction_notes_inline    float64
Latitude                   float64
Longitude                  float64
site_id                      int64
Length: 720, dtype: object"
PCB170_ngg,"DOI                         object
Source                      object
Year                       float64
Journal                     object
Country                     object
                            ...   
VegetationType              object
extraction_notes_inline    float64
Latitude                   float64
Longitude                  float64
site_id                      int64
Length: 720, dtype: object"
PCB31_ngg,"DOI                         object
Source                      object
Year                       float64
Journal                     object
Country                     object
                            ...   
VegetationType              object
extraction_notes_inline    float64
Latitude                   float64
Longitude                  float64
site_id                      int64
Length: 720, dtype: object"
PCB18_ngg,"DOI                         object
Source                      object
Year                       float64
Journal                     object
Country                     object
                            ...   
VegetationType              object
extraction_notes_inline    float64
Latitude                   float64
Longitude                  float64
site_id                      int64
Length: 720, dtype: object"
PCB20_ngg,"DOI                         object
Source                      object
Year                       float64
Journal                     object
Country                     object
                            ...   
VegetationType              object
extraction_notes_inline    float64
Latitude                   float64
Longitude                  float64
site_id                      int64
Length: 720, dtype: object"
DnBP_ugkg,"DOI                         object
Source                      object
Year                       float64
Journal                     object
Country                     object
                            ...   
VegetationType              object
extraction_notes_inline    float64
Latitude                   float64
Longitude                  float64
site_id                      int64
Length: 720, dtype: object"
MnBP_ugkg,"DOI                         object
Source                      object
Year                       float64
Journal                     object
Country                     object
                            ...   
VegetationType              object
extraction_notes_inline    float64
Latitude                   float64
Longitude                  float64
site_id                      int64
Length: 720, dtype: object"
MEHP_ugkg,"DOI                         object
Source                      object
Year                       float64
Journal                     object
Country                     object
                            ...   
VegetationType              object
extraction_notes_inline    float64
Latitude                   float64
Longitude                  float64
site_id                      int64
Length: 720, dtype: object"
Extraction_note,"DOI                         object
Source                      object
Year                       float64
Journal                     object
Country                     object
                            ...   
VegetationType              object
extraction_notes_inline    float64
Latitude                   float64
Longitude                  float64
site_id                      int64
Length: 720, dtype: object"
TCA_mgkg,"DOI                         object
Source                      object
Year                       float64
Journal                     object
Country                     object
                            ...   
VegetationType              object
extraction_notes_inline    float64
Latitude                   float64
Longitude                  float64
site_id                      int64
Length: 720, dtype: object"
Xyl_ngg,"DOI                         object
Source                      object
Year                       float64
Journal                     object
Country                     object
                            ...   
VegetationType              object
extraction_notes_inline    float64
Latitude                   float64
Longitude                  float64
site_id                      int64
Length: 720, dtype: object"
OC_pct_calculated_by,"DOI                         object
Source                      object
Year                       float64
Journal                     object
Country                     object
                            ...   
VegetationType              object
extraction_notes_inline    float64
Latitude                   float64
Longitude                  float64
site_id                      int64
Length: 720, dtype: object"
FOSA_ngg,"DOI                         object
Source                      object
Year                       float64
Journal                     object
Country                     object
                            ...   
VegetationType              object
extraction_notes_inline    float64
Latitude                   float64
Longitude                  float64
site_id                      int64
Length: 720, dtype: object"
Total_Bicyclic_Aromatics_mgkg,"DOI                         object
Source                      object
Year                       float64
Journal                     object
Country                     object
                            ...   
VegetationType              object
extraction_notes_inline    float64
Latitude                   float64
Longitude                  float64
site_id                      int64
Length: 720, dtype: object"
Total_Tricyclic_Aromatics_mgkg,"DOI                         object
Source                      object
Year                       float64
Journal                     object
Country                     object
                            ...   
VegetationType              object
extraction_notes_inline    float64
Latitude                   float64
Longitude                  float64
site_id                      int64
Length: 720, dtype: object"
Total_Tetracyclic_Aromatics_mgkg,"DOI                         object
Source                      object
Year                       float64
Journal                     object
Country                     object
                            ...   
VegetationType              object
extraction_notes_inline    float64
Latitude                   float64
Longitude                  float64
site_id                      int64
Length: 720, dtype: object"
Total_Pentacyclic_Aromatics_mgkg,"DOI                         object
Source                      object
Year                       float64
Journal                     object
Country                     object
                            ...   
VegetationType              object
extraction_notes_inline    float64
Latitude                   float64
Longitude                  float64
site_id                      int64
Length: 720, dtype: object"
ANAPs_ngg,"DOI                         object
Source                      object
Year                       float64
Journal                     object
Country                     object
                            ...   
VegetationType              object
extraction_notes_inline    float64
Latitude                   float64
Longitude                  float64
site_id                      int64
Length: 720, dtype: object"
APHEs_ngg,"DOI                         object
Source                      object
Year                       float64
Journal                     object
Country                     object
                            ...   
VegetationType              object
extraction_notes_inline    float64
Latitude                   float64
Longitude                  float64
site_id                      int64
Length: 720, dtype: object"
2MANT_ngg,"DOI                         object
Source                      object
Year                       float64
Journal                     object
Country                     object
                            ...   
VegetationType              object
extraction_notes_inline    float64
Latitude                   float64
Longitude                  float64
site_id                      int64
Length: 720, dtype: object"
C1FLU_ngg,"DOI                         object
Source                      object
Year                       float64
Journal                     object
Country                     object
                            ...   
VegetationType              object
extraction_notes_inline    float64
Latitude                   float64
Longitude                  float64
site_id                      int64
Length: 720, dtype: object"
C1FLA_ngg,"DOI                         object
Source                      object
Year                       float64
Journal                     object
Country                     object
                            ...   
VegetationType              object
extraction_notes_inline    float64
Latitude                   float64
Longitude                  float64
site_id                      int64
Length: 720, dtype: object"
C1PYR_ngg,"DOI                         object
Source                      object
Year                       float64
Journal                     object
Country                     object
                            ...   
VegetationType              object
extraction_notes_inline    float64
Latitude                   float64
Longitude                  float64
site_id                      int64
Length: 720, dtype: object"
7MBaP_ngg,"DOI                         object
Source                      object
Year                       float64
Journal                     object
Country                     object
                            ...   
VegetationType              object
extraction_notes_inline    float64
Latitude                   float64
Longitude                  float64
site_id                      int64
Length: 720, dtype: object"
SumAPAH_ngg,"DOI                         object
Source                      object
Year                       float64
Journal                     object
Country                     object
                            ...   
VegetationType              object
extraction_notes_inline    float64
Latitude                   float64
Longitude                  float64
site_id                      int64
Length: 720, dtype: object"
Sum_ngg,"DOI                         object
Source                      object
Year                       float64
Journal                     object
Country                     object
                            ...   
VegetationType              object
extraction_notes_inline    float64
Latitude                   float64
Longitude                  float64
site_id                      int64
Length: 720, dtype: object"
TFA_ngg,"DOI                         object
Source                      object
Year                       float64
Journal                     object
Country                     object
                            ...   
VegetationType              object
extraction_notes_inline    float64
Latitude                   float64
Longitude                  float64
site_id                      int64
Length: 720, dtype: object"
HFIP_ngg,"DOI                         object
Source                      object
Year                       float64
Journal                     object
Country                     object
                            ...   
VegetationType              object
extraction_notes_inline    float64
Latitude                   float64
Longitude                  float64
site_id                      int64
Length: 720, dtype: object"
NTf2_ngg,"DOI                         object
Source                      object
Year                       float64
Journal                     object
Country                     object
                            ...   
VegetationType              object
extraction_notes_inline    float64
Latitude                   float64
Longitude                  float64
site_id                      int64
Length: 720, dtype: object"
6:2 FTAB_ngg,"DOI                         object
Source                      object
Year                       float64
Journal                     object
Country                     object
                            ...   
VegetationType              object
extraction_notes_inline    float64
Latitude                   float64
Longitude                  float64
site_id                      int64
Length: 720, dtype: object"
R_HCH_ngg,"DOI                         object
Source                      object
Year                       float64
Journal                     object
Country                     object
                            ...   
VegetationType              object
extraction_notes_inline    float64
Latitude                   float64
Longitude                  float64
site_id                      int64
Length: 720, dtype: object"
SumPBDD_F_ngg,"DOI                         object
Source                      object
Year                       float64
Journal                     object
Country                     object
                            ...   
VegetationType              object
extraction_notes_inline    float64
Latitude                   float64
Longitude                  float64
site_id                      int64
Length: 720, dtype: object"
Tph_mgkg,"DOI                         object
Source                      object
Year                       float64
Journal                     object
Country                     object
                            ...   
VegetationType              object
extraction_notes_inline    float64
Latitude                   float64
Longitude                  float64
site_id                      int64
Length: 720, dtype: object"
TotalTSS_mgl,"DOI                         object
Source                      object
Year                       float64
Journal                     object
Country                     object
                            ...   
VegetationType              object
extraction_notes_inline    float64
Latitude                   float64
Longitude                  float64
site_id                      int64
Length: 720, dtype: object"
LOI_mgl,"DOI                         object
Source                      object
Year                       float64
Journal                     object
Country                     object
                            ...   
VegetationType              object
extraction_notes_inline    float64
Latitude                   float64
Longitude                  float64
site_id                      int64
Length: 720, dtype: object"
Conductivity_mScm,"DOI                         object
Source                      object
Year                       float64
Journal                     object
Country                     object
                            ...   
VegetationType              object
extraction_notes_inline    float64
Latitude                   float64
Longitude                  float64
site_id                      int64
Length: 720, dtype: object"
Chloride_mgl,"DOI                         object
Source                      object
Year                       float64
Journal                     object
Country                     object
                            ...   
VegetationType              object
extraction_notes_inline    float64
Latitude                   float64
Longitude                  float64
site_id                      int64
Length: 720, dtype: object"
Pb_total_ugl,"DOI                         object
Source                      object
Year                       float64
Journal                     object
Country                     object
                            ...   
VegetationType              object
extraction_notes_inline    float64
Latitude                   float64
Longitude                  float64
site_id                      int64
Length: 720, dtype: object"
Cu_total_ugl,"DOI                         object
Source                      object
Year                       float64
Journal                     object
Country                     object
                            ...   
VegetationType              object
extraction_notes_inline    float64
Latitude                   float64
Longitude                  float64
site_id                      int64
Length: 720, dtype: object"
Zn_total_ugl,"DOI                         object
Source                      object
Year                       float64
Journal                     object
Country                     object
                            ...   
VegetationType              object
extraction_notes_inline    float64
Latitude                   float64
Longitude                  float64
site_id                      int64
Length: 720, dtype: object"
Cd_total_ugl,"DOI                         object
Source                      object
Year                       float64
Journal                     object
Country                     object
                            ...   
VegetationType              object
extraction_notes_inline    float64
Latitude                   float64
Longitude                  float64
site_id                      int64
Length: 720, dtype: object"
Pb_dissolved_ugl,"DOI                         object
Source                      object
Year                       float64
Journal                     object
Country                     object
                            ...   
VegetationType              object
extraction_notes_inline    float64
Latitude                   float64
Longitude                  float64
site_id                      int64
Length: 720, dtype: object"
Cu_dissolved_ugl,"DOI                         object
Source                      object
Year                       float64
Journal                     object
Country                     object
                            ...   
VegetationType              object
extraction_notes_inline    float64
Latitude                   float64
Longitude                  float64
site_id                      int64
Length: 720, dtype: object"
Zn_dissolved_ugl,"DOI                         object
Source                      object
Year                       float64
Journal                     object
Country                     object
                            ...   
VegetationType              object
extraction_notes_inline    float64
Latitude                   float64
Longitude                  float64
site_id                      int64
Length: 720, dtype: object"
Cd_dissolved_ugl,"DOI                         object
Source                      object
Year                       float64
Journal                     object
Country                     object
                            ...   
VegetationType              object
extraction_notes_inline    float64
Latitude                   float64
Longitude                  float64
site_id                      int64
Length: 720, dtype: object"
Cu_trulydissolved_ugl,"DOI                         object
Source                      object
Year                       float64
Journal                     object
Country                     object
                            ...   
VegetationType              object
extraction_notes_inline    float64
Latitude                   float64
Longitude                  float64
site_id                      int64
Length: 720, dtype: object"
Zn_trulydissolved_ugl,"DOI                         object
Source                      object
Year                       float64
Journal                     object
Country                     object
                            ...   
VegetationType              object
extraction_notes_inline    float64
Latitude                   float64
Longitude                  float64
site_id                      int64
Length: 720, dtype: object"
Cd_trulydissolved_ugl,"DOI                         object
Source                      object
Year                       float64
Journal                     object
Country                     object
                            ...   
VegetationType              object
extraction_notes_inline    float64
Latitude                   float64
Longitude                  float64
site_id                      int64
Length: 720, dtype: object"
SumCarc_ngg,"DOI                         object
Source                      object
Year                       float64
Journal                     object
Country                     object
                            ...   
VegetationType              object
extraction_notes_inline    float64
Latitude                   float64
Longitude                  float64
site_id                      int64
Length: 720, dtype: object"
SumLMWPAH_ngg,"DOI                         object
Source                      object
Year                       float64
Journal                     object
Country                     object
                            ...   
VegetationType              object
extraction_notes_inline    float64
Latitude                   float64
Longitude                  float64
site_id                      int64
Length: 720, dtype: object"
SumMMWPAH_ngg,"DOI                         object
Source                      object
Year                       float64
Journal                     object
Country                     object
                            ...   
VegetationType              object
extraction_notes_inline    float64
Latitude                   float64
Longitude                  float64
site_id                      int64
Length: 720, dtype: object"
SumHMWPAH_ngg,"DOI                         object
Source                      object
Year                       float64
Journal                     object
Country                     object
                            ...   
VegetationType              object
extraction_notes_inline    float64
Latitude                   float64
Longitude                  float64
site_id                      int64
Length: 720, dtype: object"
BDE197_ngg,"DOI                         object
Source                      object
Year                       float64
Journal                     object
Country                     object
                            ...   
VegetationType              object
extraction_notes_inline    float64
Latitude                   float64
Longitude                  float64
site_id                      int64
Length: 720, dtype: object"
BDE7_ngg,"DOI                         object
Source                      object
Year                       float64
Journal                     object
Country                     object
                            ...   
VegetationType              object
extraction_notes_inline    float64
Latitude                   float64
Longitude                  float64
site_id                      int64
Length: 720, dtype: object"
BDE15_ngg,"DOI                         object
Source                      object
Year                       float64
Journal                     object
Country                     object
                            ...   
VegetationType              object
extraction_notes_inline    float64
Latitude                   float64
Longitude                  float64
site_id                      int64
Length: 720, dtype: object"
BDE28_33_ngg,"DOI                         object
Source                      object
Year                       float64
Journal                     object
Country                     object
                            ...   
VegetationType              object
extraction_notes_inline    float64
Latitude                   float64
Longitude                  float64
site_id                      int64
Length: 720, dtype: object"
BDE49_ngg,"DOI                         object
Source                      object
Year                       float64
Journal                     object
Country                     object
                            ...   
VegetationType              object
extraction_notes_inline    float64
Latitude                   float64
Longitude                  float64
site_id                      int64
Length: 720, dtype: object"
BDE66_ngg,"DOI                         object
Source                      object
Year                       float64
Journal                     object
Country                     object
                            ...   
VegetationType              object
extraction_notes_inline    float64
Latitude                   float64
Longitude                  float64
site_id                      int64
Length: 720, dtype: object"
BDE77_ngg,"DOI                         object
Source                      object
Year                       float64
Journal                     object
Country                     object
                            ...   
VegetationType              object
extraction_notes_inline    float64
Latitude                   float64
Longitude                  float64
site_id                      int64
Length: 720, dtype: object"
BDE85_ngg,"DOI                         object
Source                      object
Year                       float64
Journal                     object
Country                     object
                            ...   
VegetationType              object
extraction_notes_inline    float64
Latitude                   float64
Longitude                  float64
site_id                      int64
Length: 720, dtype: object"
BDE119_ngg,"DOI                         object
Source                      object
Year                       float64
Journal                     object
Country                     object
                            ...   
VegetationType              object
extraction_notes_inline    float64
Latitude                   float64
Longitude                  float64
site_id                      int64
Length: 720, dtype: object"
e_waste_activity,"DOI                         object
Source                      object
Year                       float64
Journal                     object
Country                     object
                            ...   
VegetationType              object
extraction_notes_inline    float64
Latitude                   float64
Longitude                  float64
site_id                      int64
Length: 720, dtype: object"
BDE203_ngg,"DOI                         object
Source                      object
Year                       float64
Journal                     object
Country                     object
                            ...   
VegetationType              object
extraction_notes_inline    float64
Latitude                   float64
Longitude                  float64
site_id                      int64
Length: 720, dtype: object"
BDE3_ngg,"DOI                         object
Source                      object
Year                       float64
Journal                     object
Country                     object
                            ...   
VegetationType              object
extraction_notes_inline    float64
Latitude                   float64
Longitude                  float64
site_id                      int64
Length: 720, dtype: object"
BDE71_ngg,"DOI                         object
Source                      object
Year                       float64
Journal                     object
Country                     object
                            ...   
VegetationType              object
extraction_notes_inline    float64
Latitude                   float64
Longitude                  float64
site_id                      int64
Length: 720, dtype: object"
BDE126_ngg,"DOI                         object
Source                      object
Year                       float64
Journal                     object
Country                     object
                            ...   
VegetationType              object
extraction_notes_inline    float64
Latitude                   float64
Longitude                  float64
site_id                      int64
Length: 720, dtype: object"
AnnualTemp_C,"DOI                         object
Source                      object
Year                       float64
Journal                     object
Country                     object
                            ...   
VegetationType              object
extraction_notes_inline    float64
Latitude                   float64
Longitude                  float64
site_id                      int64
Length: 720, dtype: object"
MMWPAH_ngg,"DOI                         object
Source                      object
Year                       float64
Journal                     object
Country                     object
                            ...   
VegetationType              object
extraction_notes_inline    float64
Latitude                   float64
Longitude                  float64
site_id                      int64
Length: 720, dtype: object"
Cr_max_mgkg,"DOI                         object
Source                      object
Year                       float64
Journal                     object
Country                     object
                            ...   
VegetationType              object
extraction_notes_inline    float64
Latitude                   float64
Longitude                  float64
site_id                      int64
Length: 720, dtype: object"
Ni_max_mgkg,"DOI                         object
Source                      object
Year                       float64
Journal                     object
Country                     object
                            ...   
VegetationType              object
extraction_notes_inline    float64
Latitude                   float64
Longitude                  float64
site_id                      int64
Length: 720, dtype: object"
Cu_max_mgkg,"DOI                         object
Source                      object
Year                       float64
Journal                     object
Country                     object
                            ...   
VegetationType              object
extraction_notes_inline    float64
Latitude                   float64
Longitude                  float64
site_id                      int64
Length: 720, dtype: object"
Zn_max_mgkg,"DOI                         object
Source                      object
Year                       float64
Journal                     object
Country                     object
                            ...   
VegetationType              object
extraction_notes_inline    float64
Latitude                   float64
Longitude                  float64
site_id                      int64
Length: 720, dtype: object"
As_max_mgkg,"DOI                         object
Source                      object
Year                       float64
Journal                     object
Country                     object
                            ...   
VegetationType              object
extraction_notes_inline    float64
Latitude                   float64
Longitude                  float64
site_id                      int64
Length: 720, dtype: object"
Cd_max_mgkg,"DOI                         object
Source                      object
Year                       float64
Journal                     object
Country                     object
                            ...   
VegetationType              object
extraction_notes_inline    float64
Latitude                   float64
Longitude                  float64
site_id                      int64
Length: 720, dtype: object"
Hg_max_mgkg,"DOI                         object
Source                      object
Year                       float64
Journal                     object
Country                     object
                            ...   
VegetationType              object
extraction_notes_inline    float64
Latitude                   float64
Longitude                  float64
site_id                      int64
Length: 720, dtype: object"
Pb_max_mgkg,"DOI                         object
Source                      object
Year                       float64
Journal                     object
Country                     object
                            ...   
VegetationType              object
extraction_notes_inline    float64
Latitude                   float64
Longitude                  float64
site_id                      int64
Length: 720, dtype: object"
extraction_notes_field,"DOI                         object
Source                      object
Year                       float64
Journal                     object
Country                     object
                            ...   
VegetationType              object
extraction_notes_inline    float64
Latitude                   float64
Longitude                  float64
site_id                      int64
Length: 720, dtype: object"
BackgroundSOC_gkg,"DOI                         object
Source                      object
Year                       float64
Journal                     object
Country                     object
                            ...   
VegetationType              object
extraction_notes_inline    float64
Latitude                   float64
Longitude                  float64
site_id                      int64
Length: 720, dtype: object"
VegetationType,"DOI                         object
Source                      object
Year                       float64
Journal                     object
Country                     object
                            ...   
VegetationType              object
extraction_notes_inline    float64
Latitude                   float64
Longitude                  float64
site_id                      int64
Length: 720, dtype: object"
extraction_notes_inline,"DOI                         object
Source                      object
Year                       float64
Journal                     object
Country                     object
                            ...   
VegetationType              object
extraction_notes_inline    float64
Latitude                   float64
Longitude                  float64
site_id                      int64
Length: 720, dtype: object"
Latitude,"DOI                         object
Source                      object
Year                       float64
Journal                     object
Country                     object
                            ...   
VegetationType              object
extraction_notes_inline    float64
Latitude                   float64
Longitude                  float64
site_id                      int64
Length: 720, dtype: object"
Longitude,"DOI                         object
Source                      object
Year                       float64
Journal                     object
Country                     object
                            ...   
VegetationType              object
extraction_notes_inline    float64
Latitude                   float64
Longitude                  float64
site_id                      int64
Length: 720, dtype: object"
site_id,"DOI                         object
Source                      object
Year                       float64
Journal                     object
Country                     object
                            ...   
VegetationType              object
extraction_notes_inline    float64
Latitude                   float64
Longitude                  float64
site_id                      int64
Length: 720, dtype: object"
